Timestamp,Exchange,Symbol,LTP,Open,High,Low,Close,Volume,VWAP,Best_Bid,Bid_Qty,Best_Ask,Ask_Qty,OI
2026-04-13T04:24:31.793,NC,DIVISLAB,6116.5,5931.0,6130.0,5931.0,5952.5,334871,6060.34,,,6116.5,36,
2026-04-13T09:00:03.710,NC,DIVISLAB,6120.0,6099.5,,,6116.5,6,,6116.5,3,6099.5,1,
2026-04-13T09:00:11.014,NC,DIVISLAB,6120.0,5700.0,,,6116.5,107,,6239.0,4,5658.0,1,
2026-04-13T09:00:18.028,NC,DIVISLAB,6120.0,5980.0,,,6116.5,127,,6239.0,20,5529.0,2,
2026-04-13T09:00:35.359,NC,DIVISLAB,6120.0,6000.0,,,6116.5,146,,6422.0,2,5529.0,2,
2026-04-13T09:00:42.267,NC,DIVISLAB,6120.0,6001.0,,,6116.5,146,,6422.0,2,5529.0,2,
2026-04-13T09:00:57.303,NC,DIVISLAB,6120.0,6011.5,,,6116.5,146,,6422.0,2,5529.0,2,
2026-04-13T09:01:04.597,NC,DIVISLAB,6120.0,6001.5,,,6116.5,150,,6451.5,1,5529.0,2,
2026-04-13T09:01:18.612,NC,DIVISLAB,6120.0,5992.0,,,6116.5,192,,6451.5,1,5529.0,2,
2026-04-13T09:01:38.137,NC,DIVISLAB,6120.0,6001.5,,,6116.5,209,,6451.5,1,5529.0,3,
2026-04-13T09:02:02.158,NC,DIVISLAB,6120.0,6014.0,,,6116.5,209,,6451.5,1,5529.0,3,
2026-04-13T09:02:08.076,NC,DIVISLAB,6120.0,6026.5,,,6116.5,209,,6451.5,1,5529.0,3,
2026-04-13T09:02:13.773,NC,DIVISLAB,6120.0,6022.0,,,6116.5,258,,6451.5,1,5529.0,3,
2026-04-13T09:02:18.983,NC,DIVISLAB,6120.0,6031.5,,,6116.5,258,,6451.5,1,5529.0,3,
2026-04-13T09:02:48.810,NC,DIVISLAB,6120.0,6011.5,,,6116.5,291,,6451.5,1,5529.0,3,
2026-04-13T09:02:53.713,NC,DIVISLAB,6120.0,6012.0,,,6116.5,291,,6451.5,1,5529.0,3,
2026-04-13T09:03:13.043,NC,DIVISLAB,6120.0,6003.0,,,6116.5,304,,6480.0,1,5529.0,4,
2026-04-13T09:03:17.662,NC,DIVISLAB,6120.0,6011.5,,,6116.5,304,,6480.0,1,5529.0,4,
2026-04-13T09:03:33.972,NC,DIVISLAB,6120.0,6032.0,,,6116.5,324,,6480.0,1,5529.0,4,
2026-04-13T09:03:56.415,NC,DIVISLAB,6120.0,6000.0,,,6116.5,504,,6480.0,1,5529.0,4,
2026-04-13T09:03:59.911,NC,DIVISLAB,6120.0,6001.0,,,6116.5,504,,6480.0,1,5529.0,4,
2026-04-13T09:04:07.625,NC,DIVISLAB,6120.0,5992.0,,,6116.5,540,,6480.0,1,5529.0,4,
2026-04-13T09:04:11.520,NC,DIVISLAB,6120.0,5994.5,,,6116.5,547,,6480.0,1,5529.0,7,
2026-04-13T09:04:15.622,NC,DIVISLAB,6120.0,5981.5,,,6116.5,578,,6480.0,1,5529.0,7,
2026-04-13T09:04:19.527,NC,DIVISLAB,6120.0,5991.5,,,6116.5,578,,6480.0,1,5529.0,7,
2026-04-13T09:04:23.330,NC,DIVISLAB,6120.0,5955.5,,,6116.5,712,,6480.0,1,5529.0,7,
2026-04-13T09:04:26.935,NC,DIVISLAB,6120.0,5970.5,,,6116.5,714,,6480.0,1,5529.0,9,
2026-04-13T09:05:13.098,NC,DIVISLAB,6120.0,5955.5,,,6116.5,737,,6480.0,1,5529.0,9,
2026-04-13T09:05:38.223,NC,DIVISLAB,6120.0,5955.0,,,6116.5,737,,6480.0,1,5529.0,9,
2026-04-13T09:07:01.812,NC,DIVISLAB,6120.0,5979.0,,,6116.5,848,,6728.0,4,5529.0,10,
2026-04-13T09:07:07.413,NC,DIVISLAB,6120.0,5997.0,,,6116.5,868,,6480.0,1,5529.0,10,
2026-04-13T09:07:12.519,NC,DIVISLAB,6120.0,6002.5,,,6116.5,891,,6480.0,1,5529.0,10,
2026-04-13T09:07:17.219,NC,DIVISLAB,6120.0,6009.0,,,6116.5,899,,6480.0,1,5529.0,10,
2026-04-13T09:07:25.425,NC,DIVISLAB,6120.0,6001.0,,,6116.5,1003,,6480.0,1,5529.0,10,
2026-04-13T09:07:30.335,NC,DIVISLAB,6009.0,6009.0,6009.0,6009.0,6116.5,1042,6009.0,6009.0,10,6010.0,5,
2026-04-13T09:15:04.916,NC,DIVISLAB,6010.0,6009.0,6020.0,6001.0,6116.5,1680,6007.59,6001.0,54,6019.5,27,
2026-04-13T09:15:20.033,NC,DIVISLAB,6008.5,6009.0,6020.0,5992.5,6116.5,2917,6005.24,6001.0,5,6009.0,36,
2026-04-13T09:15:31.673,NC,DIVISLAB,5990.5,6009.0,6020.0,5990.0,6116.5,3819,6002.86,5991.5,14,5998.5,85,
2026-04-13T09:15:42.541,NC,DIVISLAB,5981.0,6009.0,6020.0,5974.0,6116.5,4696,5999.41,5974.0,6,5981.0,65,
2026-04-13T09:15:52.882,NC,DIVISLAB,5984.0,6009.0,6020.0,5970.0,6116.5,5055,5997.86,5981.0,8,5986.5,12,
2026-04-13T09:16:02.498,NC,DIVISLAB,5976.5,6009.0,6020.0,5970.0,6116.5,5502,5996.52,5976.0,16,5984.0,60,
2026-04-13T09:16:12.008,NC,DIVISLAB,5976.5,6009.0,6020.0,5970.0,6116.5,6277,5994.1,5976.5,5,5981.0,24,
2026-04-13T09:16:21.207,NC,DIVISLAB,5981.5,6009.0,6020.0,5970.0,6116.5,6973,5992.34,5978.5,35,5983.5,8,
2026-04-13T09:16:30.522,NC,DIVISLAB,5975.0,6009.0,6020.0,5970.0,6116.5,7781,5990.81,5975.0,193,5980.5,104,
2026-04-13T09:16:39.433,NC,DIVISLAB,5980.5,6009.0,6020.0,5970.0,6116.5,8095,5990.34,5975.0,157,5980.0,74,
2026-04-13T09:16:48.337,NC,DIVISLAB,5980.0,6009.0,6020.0,5970.0,6116.5,8758,5989.31,5976.5,46,5980.0,74,
2026-04-13T09:16:57.349,NC,DIVISLAB,5976.0,6009.0,6020.0,5970.0,6116.5,9044,5988.88,5975.5,49,5980.0,44,
2026-04-13T09:17:06.387,NC,DIVISLAB,5982.0,6009.0,6020.0,5970.0,6116.5,9233,5988.7,5981.0,100,5983.5,2,
2026-04-13T09:17:15.674,NC,DIVISLAB,5986.5,6009.0,6020.0,5970.0,6116.5,9390,5988.65,5984.0,80,5991.5,47,
2026-04-13T09:17:25.009,NC,DIVISLAB,5991.5,6009.0,6020.0,5970.0,6116.5,9545,5988.69,5984.0,9,5989.0,27,
2026-04-13T09:17:34.426,NC,DIVISLAB,5996.0,6009.0,6020.0,5970.0,6116.5,11757,5989.41,5995.0,3119,5997.0,16,
2026-04-13T09:17:43.996,NC,DIVISLAB,5995.0,6009.0,6020.0,5970.0,6116.5,15362,5990.45,5991.0,11,5995.0,44,
2026-04-13T09:17:53.103,NC,DIVISLAB,5990.0,6009.0,6020.0,5970.0,6116.5,15432,5990.45,5985.5,70,5990.0,17,
2026-04-13T09:18:02.322,NC,DIVISLAB,5983.0,6009.0,6020.0,5970.0,6116.5,15609,5990.37,5983.0,125,5987.0,28,
2026-04-13T09:18:11.731,NC,DIVISLAB,5982.0,6009.0,6020.0,5970.0,6116.5,15851,5990.31,5983.0,11,5987.0,50,
2026-04-13T09:18:20.848,NC,DIVISLAB,5987.0,6009.0,6020.0,5970.0,6116.5,16483,5990.12,5987.5,10,5992.5,55,
2026-04-13T09:18:29.553,NC,DIVISLAB,5991.5,6009.0,6020.0,5970.0,6116.5,16531,5990.12,5987.5,1,5988.0,8,
2026-04-13T09:18:38.662,NC,DIVISLAB,5989.0,6009.0,6020.0,5970.0,6116.5,17095,5990.16,5988.5,23,5989.5,1,
2026-04-13T09:18:47.684,NC,DIVISLAB,5986.0,6009.0,6020.0,5970.0,6116.5,17386,5990.17,5987.0,40,5991.0,5,
2026-04-13T09:18:56.631,NC,DIVISLAB,5989.0,6009.0,6020.0,5970.0,6116.5,17427,5990.16,5989.0,47,5991.0,2,
2026-04-13T09:19:05.423,NC,DIVISLAB,5985.0,6009.0,6020.0,5970.0,6116.5,17714,5990.09,5982.5,39,5987.5,20,
2026-04-13T09:19:14.222,NC,DIVISLAB,5987.5,6009.0,6020.0,5970.0,6116.5,17836,5990.08,5986.5,8,5990.5,17,
2026-04-13T09:19:22.964,NC,DIVISLAB,5985.5,6009.0,6020.0,5970.0,6116.5,17935,5990.06,5984.0,32,5987.5,10,
2026-04-13T09:19:31.556,NC,DIVISLAB,5984.0,6009.0,6020.0,5970.0,6116.5,18055,5990.03,5982.5,5,5986.0,8,
2026-04-13T09:19:40.582,NC,DIVISLAB,5985.0,6009.0,6020.0,5970.0,6116.5,18258,5989.93,5982.5,40,5986.0,3,
2026-04-13T09:19:49.690,NC,DIVISLAB,5986.0,6009.0,6020.0,5970.0,6116.5,18421,5989.86,5982.5,15,5986.0,18,
2026-04-13T09:19:58.319,NC,DIVISLAB,5982.5,6009.0,6020.0,5970.0,6116.5,19029,5989.47,5982.5,12,5986.0,11,
2026-04-13T09:20:06.909,NC,DIVISLAB,5981.5,6009.0,6020.0,5970.0,6116.5,19263,5989.38,5982.0,7,5986.0,10,
2026-04-13T09:20:15.841,NC,DIVISLAB,5990.5,6009.0,6020.0,5970.0,6116.5,19377,5989.36,5987.5,31,5990.5,4,
2026-04-13T09:20:25.055,NC,DIVISLAB,5998.5,6009.0,6020.0,5970.0,6116.5,19703,5989.47,5994.5,28,5998.0,19,
2026-04-13T09:20:33.875,NC,DIVISLAB,5998.0,6009.0,6020.0,5970.0,6116.5,19917,5989.56,5994.5,47,5998.0,5,
2026-04-13T09:20:42.758,NC,DIVISLAB,5998.0,6009.0,6020.0,5970.0,6116.5,20062,5989.63,5996.5,8,5999.0,5,
2026-04-13T09:20:51.483,NC,DIVISLAB,6002.0,6009.0,6020.0,5970.0,6116.5,20112,5989.66,5996.0,35,6000.5,15,
2026-04-13T09:20:59.996,NC,DIVISLAB,6000.5,6009.0,6020.0,5970.0,6116.5,20259,5989.72,5998.5,16,6003.0,21,
2026-04-13T09:21:08.407,NC,DIVISLAB,6003.0,6009.0,6020.0,5970.0,6116.5,20320,5989.75,6000.0,26,6005.0,64,
2026-04-13T09:21:16.939,NC,DIVISLAB,6011.0,6009.0,6020.0,5970.0,6116.5,20593,5989.97,6007.0,40,6012.0,28,
2026-04-13T09:21:25.671,NC,DIVISLAB,6011.5,6009.0,6020.0,5970.0,6116.5,20682,5990.05,6008.0,35,6012.0,3,
2026-04-13T09:21:34.386,NC,DIVISLAB,6008.0,6009.0,6020.0,5970.0,6116.5,20763,5990.13,6007.0,18,6011.0,48,
2026-04-13T09:21:43.092,NC,DIVISLAB,6008.0,6009.0,6020.0,5970.0,6116.5,20779,5990.14,6008.0,5,6011.0,17,
2026-04-13T09:21:51.705,NC,DIVISLAB,6012.5,6009.0,6020.0,5970.0,6116.5,20904,5990.27,6008.0,19,6011.0,1,
2026-04-13T09:22:00.437,NC,DIVISLAB,6011.0,6009.0,6020.0,5970.0,6116.5,20910,5990.28,6008.0,12,6011.0,3,
2026-04-13T09:22:08.874,NC,DIVISLAB,6008.0,6009.0,6020.0,5970.0,6116.5,20920,5990.28,6008.0,2,6011.0,54,
2026-04-13T09:22:17.150,NC,DIVISLAB,6011.0,6009.0,6020.0,5970.0,6116.5,20967,5990.33,6011.0,74,6014.0,8,
2026-04-13T09:22:25.599,NC,DIVISLAB,6011.0,6009.0,6020.0,5970.0,6116.5,20970,5990.33,6011.0,82,6014.0,28,
2026-04-13T09:22:33.900,NC,DIVISLAB,6011.0,6009.0,6020.0,5970.0,6116.5,21075,5990.45,6011.5,15,6014.0,1,
2026-04-13T09:22:42.087,NC,DIVISLAB,6014.0,6009.0,6020.0,5970.0,6116.5,21086,5990.46,6014.0,99,6016.0,2,
2026-04-13T09:22:50.503,NC,DIVISLAB,6017.0,6009.0,6020.0,5970.0,6116.5,21101,5990.48,6017.0,102,6018.0,25,
2026-04-13T09:22:59.309,NC,DIVISLAB,6018.0,6009.0,6022.0,5970.0,6116.5,21598,5991.15,6020.0,21,6023.0,55,
2026-04-13T09:23:07.743,NC,DIVISLAB,6017.0,6009.0,6022.0,5970.0,6116.5,21754,5991.35,6017.0,20,6019.0,22,
2026-04-13T09:23:16.039,NC,DIVISLAB,6014.0,6009.0,6022.0,5970.0,6116.5,22117,5991.73,6011.5,18,6014.0,3,
2026-04-13T09:23:24.169,NC,DIVISLAB,6014.0,6009.0,6022.0,5970.0,6116.5,22303,5991.9,6010.0,12,6014.0,38,
2026-04-13T09:23:32.760,NC,DIVISLAB,6014.0,6009.0,6022.0,5970.0,6116.5,22330,5991.92,6012.0,35,6014.0,2,
2026-04-13T09:23:41.386,NC,DIVISLAB,6013.0,6009.0,6022.0,5970.0,6116.5,22380,5991.97,6011.5,14,6014.0,2,
2026-04-13T09:23:49.588,NC,DIVISLAB,6014.0,6009.0,6022.0,5970.0,6116.5,22389,5991.98,6012.5,32,6015.5,6,
2026-04-13T09:23:57.893,NC,DIVISLAB,6015.5,6009.0,6022.0,5970.0,6116.5,22393,5991.98,6010.5,11,6014.0,7,
2026-04-13T09:24:05.815,NC,DIVISLAB,6010.0,6009.0,6022.0,5970.0,6116.5,22541,5992.11,6008.5,10,6012.5,28,
2026-04-13T09:24:13.926,NC,DIVISLAB,6012.5,6009.0,6022.0,5970.0,6116.5,22552,5992.12,6008.5,1,6011.0,7,
2026-04-13T09:24:22.031,NC,DIVISLAB,6012.0,6009.0,6022.0,5970.0,6116.5,22635,5992.19,6012.0,10,6014.0,92,
2026-04-13T09:24:38.271,NC,DIVISLAB,6015.5,6009.0,6022.0,5970.0,6116.5,22799,5992.35,6015.0,22,6017.0,5,
2026-04-13T09:24:46.377,NC,DIVISLAB,6015.5,6009.0,6022.0,5970.0,6116.5,23169,5992.76,6015.0,57,6020.0,12,
2026-04-13T09:24:54.279,NC,DIVISLAB,6017.0,6009.0,6022.0,5970.0,6116.5,23176,5992.77,6017.0,36,6020.0,4,
2026-04-13T09:25:02.345,NC,DIVISLAB,6022.0,6009.0,6025.0,5970.0,6116.5,23291,5992.91,6021.5,3,6025.0,25,
2026-04-13T09:25:10.238,NC,DIVISLAB,6025.0,6009.0,6025.0,5970.0,6116.5,23339,5992.97,6020.5,102,6027.0,18,
2026-04-13T09:25:18.144,NC,DIVISLAB,6029.5,6009.0,6029.5,5970.0,6116.5,23489,5993.2,6025.0,3,6029.0,17,
2026-04-13T09:25:26.363,NC,DIVISLAB,6029.0,6009.0,6030.0,5970.0,6116.5,23602,5993.37,6027.0,27,6028.5,34,
2026-04-13T09:25:34.579,NC,DIVISLAB,6027.5,6009.0,6030.0,5970.0,6116.5,23673,5993.48,6029.5,32,6032.5,7,
2026-04-13T09:25:50.466,NC,DIVISLAB,6029.5,6009.0,6030.0,5970.0,6116.5,23698,5993.52,6029.5,16,6032.5,30,
2026-04-13T09:25:58.457,NC,DIVISLAB,6032.5,6009.0,6032.5,5970.0,6116.5,23748,5993.6,6029.5,54,6031.5,9,
2026-04-13T09:26:06.406,NC,DIVISLAB,6034.5,6009.0,6034.5,5970.0,6116.5,23950,5993.94,6030.0,3,6032.5,4,
2026-04-13T09:26:14.218,NC,DIVISLAB,6032.5,6009.0,6035.5,5970.0,6116.5,23991,5994.0,6031.5,7,6032.5,1,
2026-04-13T09:26:21.919,NC,DIVISLAB,6030.0,6009.0,6035.5,5970.0,6116.5,24035,5994.07,6030.0,14,6032.5,6,
2026-04-13T09:26:29.732,NC,DIVISLAB,6028.0,6009.0,6035.5,5970.0,6116.5,24301,5994.46,6028.0,23,6030.5,33,
2026-04-13T09:26:37.436,NC,DIVISLAB,6028.0,6009.0,6035.5,5970.0,6116.5,24334,5994.5,6027.5,1,6029.5,10,
2026-04-13T09:26:45.363,NC,DIVISLAB,6029.5,6009.0,6035.5,5970.0,6116.5,24416,5994.62,6027.0,21,6029.5,15,
2026-04-13T09:26:53.090,NC,DIVISLAB,6028.5,6009.0,6035.5,5970.0,6116.5,24667,5994.95,6028.0,5,6030.5,3,
2026-04-13T09:27:01.004,NC,DIVISLAB,6032.0,6009.0,6035.5,5970.0,6116.5,24710,5995.02,6032.0,2,6035.5,42,
2026-04-13T09:27:09.010,NC,DIVISLAB,6030.5,6009.0,6035.5,5970.0,6116.5,24762,5995.09,6032.0,32,6035.5,3,
2026-04-13T09:27:16.913,NC,DIVISLAB,6033.0,6009.0,6035.5,5970.0,6116.5,24774,5995.11,6031.0,8,6035.5,31,
2026-04-13T09:27:24.918,NC,DIVISLAB,6030.5,6009.0,6035.5,5970.0,6116.5,24807,5995.16,6030.5,3,6033.5,19,
2026-04-13T09:27:32.726,NC,DIVISLAB,6030.0,6009.0,6035.5,5970.0,6116.5,25162,5995.66,6029.5,5,6030.0,100,
2026-04-13T09:27:40.668,NC,DIVISLAB,6025.5,6009.0,6035.5,5970.0,6116.5,25230,5995.75,6024.5,10,6029.0,26,
2026-04-13T09:27:48.635,NC,DIVISLAB,6024.0,6009.0,6035.5,5970.0,6116.5,25376,5995.91,6021.0,21,6024.0,5,
2026-04-13T09:27:56.549,NC,DIVISLAB,6023.5,6009.0,6035.5,5970.0,6116.5,25402,5995.94,6021.0,41,6023.5,5,
2026-04-13T09:28:04.176,NC,DIVISLAB,6024.0,6009.0,6035.5,5970.0,6116.5,25524,5996.07,6021.5,9,6023.5,1,
2026-04-13T09:28:12.078,NC,DIVISLAB,6023.5,6009.0,6035.5,5970.0,6116.5,25589,5996.14,6022.5,44,6026.0,10,
2026-04-13T09:28:20.084,NC,DIVISLAB,6026.0,6009.0,6035.5,5970.0,6116.5,25634,5996.19,6025.0,105,6027.0,1,
2026-04-13T09:28:27.883,NC,DIVISLAB,6025.0,6009.0,6035.5,5970.0,6116.5,25769,5996.35,6024.0,5,6026.0,11,
2026-04-13T09:28:35.501,NC,DIVISLAB,6028.5,6009.0,6035.5,5970.0,6116.5,25801,5996.38,6024.5,18,6026.0,3,
2026-04-13T09:28:43.103,NC,DIVISLAB,6024.5,6009.0,6035.5,5970.0,6116.5,25803,5996.38,6025.0,24,6026.0,4,
2026-04-13T09:28:50.610,NC,DIVISLAB,6026.0,6009.0,6035.5,5970.0,6116.5,25805,5996.39,6025.0,16,6026.0,2,
2026-04-13T09:29:05.741,NC,DIVISLAB,6026.0,6009.0,6035.5,5970.0,6116.5,25806,5996.39,6025.0,16,6026.0,54,
2026-04-13T09:29:13.469,NC,DIVISLAB,6025.0,6009.0,6035.5,5970.0,6116.5,25822,5996.41,6024.0,55,6026.0,72,
2026-04-13T09:29:21.467,NC,DIVISLAB,6024.0,6009.0,6035.5,5970.0,6116.5,25825,5996.41,6024.0,52,6025.5,16,
2026-04-13T09:29:29.378,NC,DIVISLAB,6026.0,6009.0,6035.5,5970.0,6116.5,25963,5996.57,6026.0,13,6028.5,7,
2026-04-13T09:29:37.394,NC,DIVISLAB,6026.5,6009.0,6035.5,5970.0,6116.5,25989,5996.6,6025.5,1,6027.5,7,
2026-04-13T09:29:53.917,NC,DIVISLAB,6028.5,6009.0,6035.5,5970.0,6116.5,25991,5996.6,6027.5,1013,6028.5,4,
2026-04-13T09:30:01.532,NC,DIVISLAB,6027.5,6009.0,6035.5,5970.0,6116.5,26683,5997.4,6027.5,326,6028.5,1,
2026-04-13T09:30:09.362,NC,DIVISLAB,6025.5,6009.0,6035.5,5970.0,6116.5,27158,5997.92,6025.5,15,6026.5,23,
2026-04-13T09:30:17.460,NC,DIVISLAB,6022.0,6009.0,6035.5,5970.0,6116.5,27251,5998.0,6020.0,10,6022.0,98,
2026-04-13T09:30:25.666,NC,DIVISLAB,6016.5,6009.0,6035.5,5970.0,6116.5,27345,5998.07,6016.5,69,6019.5,7,
2026-04-13T09:30:34.087,NC,DIVISLAB,6017.0,6009.0,6035.5,5970.0,6116.5,27558,5998.22,6017.0,71,6019.5,2,
2026-04-13T09:30:42.095,NC,DIVISLAB,6021.5,6009.0,6035.5,5970.0,6116.5,27647,5998.28,6017.5,37,6021.0,17,
2026-04-13T09:30:50.237,NC,DIVISLAB,6017.5,6009.0,6035.5,5970.0,6116.5,27673,5998.3,6017.5,45,6020.5,2,
2026-04-13T09:30:58.249,NC,DIVISLAB,6017.5,6009.0,6035.5,5970.0,6116.5,27682,5998.31,6017.0,69,6019.5,12,
2026-04-13T09:31:06.419,NC,DIVISLAB,6019.5,6009.0,6035.5,5970.0,6116.5,27915,5998.49,6017.0,38,6020.0,12,
2026-04-13T09:31:14.594,NC,DIVISLAB,6021.0,6009.0,6035.5,5970.0,6116.5,27918,5998.49,6017.5,72,6021.0,7,
2026-04-13T09:31:22.694,NC,DIVISLAB,6016.0,6009.0,6035.5,5970.0,6116.5,28163,5998.66,6018.0,1,6020.5,15,
2026-04-13T09:31:30.699,NC,DIVISLAB,6017.5,6009.0,6035.5,5970.0,6116.5,28181,5998.67,6018.5,43,6021.5,7,
2026-04-13T09:31:38.837,NC,DIVISLAB,6020.0,6009.0,6035.5,5970.0,6116.5,28232,5998.71,6019.0,60,6021.5,1,
2026-04-13T09:31:46.831,NC,DIVISLAB,6020.0,6009.0,6035.5,5970.0,6116.5,28247,5998.72,6020.0,73,6022.0,4,
2026-04-13T09:31:54.944,NC,DIVISLAB,6020.0,6009.0,6035.5,5970.0,6116.5,28283,5998.75,6020.0,10,6022.0,4,
2026-04-13T09:32:03.255,NC,DIVISLAB,6019.5,6009.0,6035.5,5970.0,6116.5,28406,5998.83,6017.0,64,6019.5,5,
2026-04-13T09:32:18.871,NC,DIVISLAB,6019.5,6009.0,6035.5,5970.0,6116.5,28464,5998.87,6017.5,52,6019.5,53,
2026-04-13T09:32:26.476,NC,DIVISLAB,6017.0,6009.0,6035.5,5970.0,6116.5,28575,5998.95,6016.0,25,6020.0,10,
2026-04-13T09:32:34.297,NC,DIVISLAB,6020.0,6009.0,6035.5,5970.0,6116.5,28701,5999.04,6016.5,19,6020.0,23,
2026-04-13T09:32:41.827,NC,DIVISLAB,6020.0,6009.0,6035.5,5970.0,6116.5,28770,5999.09,6016.5,52,6020.0,4,
2026-04-13T09:32:49.040,NC,DIVISLAB,6017.5,6009.0,6035.5,5970.0,6116.5,28801,5999.11,6017.0,14,6020.0,107,
2026-04-13T09:32:56.635,NC,DIVISLAB,6019.5,6009.0,6035.5,5970.0,6116.5,29169,5999.36,6017.0,6,6018.5,100,
2026-04-13T09:33:04.245,NC,DIVISLAB,6015.5,6009.0,6035.5,5970.0,6116.5,29280,5999.43,6015.5,29,6018.0,7,
2026-04-13T09:33:11.959,NC,DIVISLAB,6030.0,6009.0,6035.5,5970.0,6116.5,30064,6000.06,6029.0,1,6030.0,196,
2026-04-13T09:33:19.574,NC,DIVISLAB,6030.0,6009.0,6035.5,5970.0,6116.5,30280,6000.26,6028.0,38,6030.0,146,
2026-04-13T09:33:34.579,NC,DIVISLAB,6028.0,6009.0,6035.5,5970.0,6116.5,30354,6000.32,6027.5,6,6030.0,123,
2026-04-13T09:33:42.079,NC,DIVISLAB,6025.5,6009.0,6035.5,5970.0,6116.5,30475,6000.41,6021.5,20,6025.0,5,
2026-04-13T09:33:49.660,NC,DIVISLAB,6025.0,6009.0,6035.5,5970.0,6116.5,30488,6000.42,6022.5,19,6025.0,1,
2026-04-13T09:33:57.155,NC,DIVISLAB,6021.0,6009.0,6035.5,5970.0,6116.5,30497,6000.43,6019.5,12,6021.5,100,
2026-04-13T09:34:04.827,NC,DIVISLAB,6018.5,6009.0,6035.5,5970.0,6116.5,30607,6000.49,6018.5,15,6021.0,7,
2026-04-13T09:34:12.580,NC,DIVISLAB,6021.0,6009.0,6035.5,5970.0,6116.5,30621,6000.5,6019.0,12,6021.0,3,
2026-04-13T09:34:20.289,NC,DIVISLAB,6023.5,6009.0,6035.5,5970.0,6116.5,30667,6000.53,6018.0,42,6022.0,17,
2026-04-13T09:34:27.673,NC,DIVISLAB,6022.0,6009.0,6035.5,5970.0,6116.5,30718,6000.57,6018.0,10,6021.5,24,
2026-04-13T09:34:42.901,NC,DIVISLAB,6018.5,6009.0,6035.5,5970.0,6116.5,30827,6000.62,6015.5,49,6018.5,1,
2026-04-13T09:34:50.420,NC,DIVISLAB,6020.0,6009.0,6035.5,5970.0,6116.5,31052,6000.75,6017.5,21,6020.0,13,
2026-04-13T09:34:57.964,NC,DIVISLAB,6017.5,6009.0,6035.5,5970.0,6116.5,31082,6000.77,6015.5,38,6018.5,200,
2026-04-13T09:35:05.598,NC,DIVISLAB,6018.5,6009.0,6035.5,5970.0,6116.5,31335,6000.89,6015.5,28,6018.5,35,
2026-04-13T09:35:13.097,NC,DIVISLAB,6018.5,6009.0,6035.5,5970.0,6116.5,31346,6000.9,6014.0,16,6016.5,28,
2026-04-13T09:35:20.811,NC,DIVISLAB,6016.5,6009.0,6035.5,5970.0,6116.5,31376,6000.91,6013.5,20,6016.5,4,
2026-04-13T09:35:28.339,NC,DIVISLAB,6016.5,6009.0,6035.5,5970.0,6116.5,31395,6000.92,6013.0,46,6016.5,20,
2026-04-13T09:35:35.929,NC,DIVISLAB,6023.0,6009.0,6035.5,5970.0,6116.5,31955,6001.25,6019.5,16,6023.5,36,
2026-04-13T09:35:43.648,NC,DIVISLAB,6017.0,6009.0,6035.5,5970.0,6116.5,32068,6001.3,6013.0,51,6017.0,27,
2026-04-13T09:35:51.171,NC,DIVISLAB,6013.0,6009.0,6035.5,5970.0,6116.5,32396,6001.4,6009.5,38,6014.0,31,
2026-04-13T09:35:58.569,NC,DIVISLAB,6005.5,6009.0,6035.5,5970.0,6116.5,32528,6001.43,6003.0,18,6007.5,35,
2026-04-13T09:36:06.269,NC,DIVISLAB,6004.5,6009.0,6035.5,5970.0,6116.5,32607,6001.43,6001.0,52,6004.5,24,
2026-04-13T09:36:13.992,NC,DIVISLAB,6001.0,6009.0,6035.5,5970.0,6116.5,32857,6001.42,5998.5,5,5999.0,21,
2026-04-13T09:36:21.712,NC,DIVISLAB,5999.5,6009.0,6035.5,5970.0,6116.5,32954,6001.4,5996.5,5,5999.5,17,
2026-04-13T09:36:29.106,NC,DIVISLAB,6000.5,6009.0,6035.5,5970.0,6116.5,32969,6001.4,6000.0,19,6003.5,28,
2026-04-13T09:36:36.469,NC,DIVISLAB,6003.5,6009.0,6035.5,5970.0,6116.5,32976,6001.4,6001.0,64,6003.5,17,
2026-04-13T09:36:43.798,NC,DIVISLAB,6003.5,6009.0,6035.5,5970.0,6116.5,33207,6001.4,6000.5,25,6003.5,37,
2026-04-13T09:36:51.204,NC,DIVISLAB,6000.5,6009.0,6035.5,5970.0,6116.5,33402,6001.39,5998.0,12,6000.5,18,
2026-04-13T09:36:58.727,NC,DIVISLAB,5999.5,6009.0,6035.5,5970.0,6116.5,33476,6001.39,5995.5,7,5999.5,33,
2026-04-13T09:37:06.035,NC,DIVISLAB,5999.5,6009.0,6035.5,5970.0,6116.5,33581,6001.38,5999.5,1,6002.0,40,
2026-04-13T09:37:13.253,NC,DIVISLAB,6002.0,6009.0,6035.5,5970.0,6116.5,33584,6001.38,5998.5,30,6002.0,38,
2026-04-13T09:37:20.772,NC,DIVISLAB,6002.5,6009.0,6035.5,5970.0,6116.5,33606,6001.38,6000.0,2,6002.5,34,
2026-04-13T09:37:28.484,NC,DIVISLAB,6000.0,6009.0,6035.5,5970.0,6116.5,33619,6001.38,5997.5,31,6001.5,34,
2026-04-13T09:37:36.192,NC,DIVISLAB,5996.5,6009.0,6035.5,5970.0,6116.5,33695,6001.37,5996.0,12,5996.5,95,
2026-04-13T09:37:43.786,NC,DIVISLAB,5996.0,6009.0,6035.5,5970.0,6116.5,33805,6001.35,5994.5,7,5996.5,23,
2026-04-13T09:37:51.101,NC,DIVISLAB,5994.5,6009.0,6035.5,5970.0,6116.5,33808,6001.35,5994.0,12,5996.0,98,
2026-04-13T09:37:58.728,NC,DIVISLAB,5994.0,6009.0,6035.5,5970.0,6116.5,33932,6001.32,5992.0,15,5994.0,7,
2026-04-13T09:38:05.822,NC,DIVISLAB,5992.0,6009.0,6035.5,5970.0,6116.5,33944,6001.32,5991.5,23,5992.0,8,
2026-04-13T09:38:13.237,NC,DIVISLAB,5992.0,6009.0,6035.5,5970.0,6116.5,34046,6001.29,5990.0,74,5992.0,3,
2026-04-13T09:38:20.546,NC,DIVISLAB,5991.0,6009.0,6035.5,5970.0,6116.5,34125,6001.26,5988.0,16,5991.5,13,
2026-04-13T09:38:27.857,NC,DIVISLAB,5990.0,6009.0,6035.5,5970.0,6116.5,34140,6001.26,5988.5,33,5990.0,8,
2026-04-13T09:38:35.265,NC,DIVISLAB,5988.0,6009.0,6035.5,5970.0,6116.5,34164,6001.25,5986.5,25,5990.0,29,
2026-04-13T09:38:42.676,NC,DIVISLAB,5987.5,6009.0,6035.5,5970.0,6116.5,34255,6001.21,5985.0,67,5987.5,16,
2026-04-13T09:38:50.085,NC,DIVISLAB,5987.0,6009.0,6035.5,5970.0,6116.5,34259,6001.21,5985.0,67,5987.0,18,
2026-04-13T09:38:57.299,NC,DIVISLAB,5985.0,6009.0,6035.5,5970.0,6116.5,34363,6001.16,5984.0,1,5985.0,36,
2026-04-13T09:39:04.311,NC,DIVISLAB,5985.0,6009.0,6035.5,5970.0,6116.5,34366,6001.16,5983.5,12,5985.0,12,
2026-04-13T09:39:11.623,NC,DIVISLAB,5985.0,6009.0,6035.5,5970.0,6116.5,34402,6001.15,5983.5,2,5985.0,1,
2026-04-13T09:39:19.122,NC,DIVISLAB,5985.0,6009.0,6035.5,5970.0,6116.5,34406,6001.14,5983.0,17,5985.0,105,
2026-04-13T09:39:26.533,NC,DIVISLAB,5983.0,6009.0,6035.5,5970.0,6116.5,34411,6001.14,5982.5,100,5983.0,11,
2026-04-13T09:39:33.744,NC,DIVISLAB,5983.0,6009.0,6035.5,5970.0,6116.5,34486,6001.1,5982.5,35,5983.0,2,
2026-04-13T09:39:40.962,NC,DIVISLAB,5983.0,6009.0,6035.5,5970.0,6116.5,34538,6001.07,5981.5,12,5983.0,2,
2026-04-13T09:39:48.178,NC,DIVISLAB,5983.0,6009.0,6035.5,5970.0,6116.5,34546,6001.07,5981.5,5,5983.0,22,
2026-04-13T09:39:55.593,NC,DIVISLAB,5983.0,6009.0,6035.5,5970.0,6116.5,34557,6001.06,5981.5,6,5983.0,11,
2026-04-13T09:40:02.801,NC,DIVISLAB,5983.0,6009.0,6035.5,5970.0,6116.5,34559,6001.06,5981.5,6,5983.0,9,
2026-04-13T09:40:09.981,NC,DIVISLAB,5983.0,6009.0,6035.5,5970.0,6116.5,34612,6001.03,5981.5,6,5983.0,2,
2026-04-13T09:40:16.862,NC,DIVISLAB,5983.0,6009.0,6035.5,5970.0,6116.5,34619,6001.03,5981.5,6,5983.0,3,
2026-04-13T09:40:24.273,NC,DIVISLAB,5983.0,6009.0,6035.5,5970.0,6116.5,34635,6001.02,5982.0,22,5984.5,6,
2026-04-13T09:40:31.985,NC,DIVISLAB,5984.5,6009.0,6035.5,5970.0,6116.5,34651,6001.01,5981.0,100,5984.0,29,
2026-04-13T09:40:46.501,NC,DIVISLAB,5983.0,6009.0,6035.5,5970.0,6116.5,34652,6001.01,5982.0,23,5984.0,4,
2026-04-13T09:40:53.542,NC,DIVISLAB,5981.5,6009.0,6035.5,5970.0,6116.5,35068,6000.77,5980.0,6,5981.5,98,
2026-04-13T09:41:01.338,NC,DIVISLAB,5984.5,6009.0,6035.5,5970.0,6116.5,35300,6000.65,5982.5,42,5984.5,79,
2026-04-13T09:41:09.234,NC,DIVISLAB,5984.5,6009.0,6035.5,5970.0,6116.5,35588,6000.51,5981.0,13,5984.5,26,
2026-04-13T09:41:16.833,NC,DIVISLAB,5983.5,6009.0,6035.5,5970.0,6116.5,35599,6000.5,5981.5,14,5984.5,17,
2026-04-13T09:41:24.860,NC,DIVISLAB,5981.5,6009.0,6035.5,5970.0,6116.5,35612,6000.5,5981.5,33,5984.5,15,
2026-04-13T09:41:32.953,NC,DIVISLAB,5985.0,6009.0,6035.5,5970.0,6116.5,35629,6000.49,5982.0,68,5984.5,3,
2026-04-13T09:41:40.621,NC,DIVISLAB,5985.0,6009.0,6035.5,5970.0,6116.5,35643,6000.48,5983.0,59,5985.0,35,
2026-04-13T09:41:47.974,NC,DIVISLAB,5985.0,6009.0,6035.5,5970.0,6116.5,35646,6000.48,5983.5,39,5985.0,38,
2026-04-13T09:41:55.383,NC,DIVISLAB,5985.0,6009.0,6035.5,5970.0,6116.5,35648,6000.48,5983.5,32,5984.0,25,
2026-04-13T09:42:02.698,NC,DIVISLAB,5989.5,6009.0,6035.5,5970.0,6116.5,35790,6000.43,5985.5,3,5989.5,29,
2026-04-13T09:42:10.310,NC,DIVISLAB,5989.5,6009.0,6035.5,5970.0,6116.5,35834,6000.42,5987.5,19,5989.5,7,
2026-04-13T09:42:18.116,NC,DIVISLAB,5991.5,6009.0,6035.5,5970.0,6116.5,35934,6000.39,5988.5,13,5991.0,3,
2026-04-13T09:42:33.462,NC,DIVISLAB,5992.5,6009.0,6035.5,5970.0,6116.5,35988,6000.38,5992.0,15,5994.5,6,
2026-04-13T09:42:40.979,NC,DIVISLAB,5994.5,6009.0,6035.5,5970.0,6116.5,35989,6000.38,5991.5,69,5994.5,6,
2026-04-13T09:42:48.269,NC,DIVISLAB,5990.5,6009.0,6035.5,5970.0,6116.5,36057,6000.36,5990.5,19,5993.5,6,
2026-04-13T09:42:55.558,NC,DIVISLAB,5993.5,6009.0,6035.5,5970.0,6116.5,36063,6000.36,5990.0,12,5992.5,11,
2026-04-13T09:43:10.076,NC,DIVISLAB,5993.5,6009.0,6035.5,5970.0,6116.5,36074,6000.36,5990.0,21,5992.5,5,
2026-04-13T09:43:17.297,NC,DIVISLAB,5992.5,6009.0,6035.5,5970.0,6116.5,36075,6000.36,5991.0,51,5993.5,5,
2026-04-13T09:43:24.415,NC,DIVISLAB,5994.0,6009.0,6035.5,5970.0,6116.5,36078,6000.36,5994.0,20,5996.0,14,
2026-04-13T09:43:31.618,NC,DIVISLAB,5996.0,6009.0,6035.5,5970.0,6116.5,36111,6000.35,5994.0,4,5996.0,12,
2026-04-13T09:43:38.834,NC,DIVISLAB,5994.0,6009.0,6035.5,5970.0,6116.5,36135,6000.35,5994.0,14,5996.5,9,
2026-04-13T09:43:45.945,NC,DIVISLAB,5993.0,6009.0,6035.5,5970.0,6116.5,36212,6000.33,5992.0,13,5993.0,95,
2026-04-13T09:43:52.955,NC,DIVISLAB,5993.0,6009.0,6035.5,5970.0,6116.5,36261,6000.32,5989.0,25,5993.0,106,
2026-04-13T09:43:59.856,NC,DIVISLAB,5993.0,6009.0,6035.5,5970.0,6116.5,36266,6000.32,5991.0,24,5993.0,101,
2026-04-13T09:44:07.083,NC,DIVISLAB,5993.0,6009.0,6035.5,5970.0,6116.5,36384,6000.29,5990.5,26,5993.0,4,
2026-04-13T09:44:28.902,NC,DIVISLAB,5990.0,6009.0,6035.5,5970.0,6116.5,36390,6000.29,5988.5,8,5990.0,3,
2026-04-13T09:44:43.781,NC,DIVISLAB,5990.0,6009.0,6035.5,5970.0,6116.5,36391,6000.29,5987.5,10,5990.0,23,
2026-04-13T09:44:50.694,NC,DIVISLAB,5990.0,6009.0,6035.5,5970.0,6116.5,36397,6000.28,5990.0,18,5990.5,6,
2026-04-13T09:44:57.727,NC,DIVISLAB,5990.0,6009.0,6035.5,5970.0,6116.5,36399,6000.28,5990.0,19,5990.5,1,
2026-04-13T09:45:04.436,NC,DIVISLAB,5991.5,6009.0,6035.5,5970.0,6116.5,36412,6000.28,5990.0,24,5992.5,8,
2026-04-13T09:45:11.555,NC,DIVISLAB,5994.0,6009.0,6035.5,5970.0,6116.5,36428,6000.28,5990.0,35,5993.5,10,
2026-04-13T09:45:18.547,NC,DIVISLAB,5994.0,6009.0,6035.5,5970.0,6116.5,36564,6000.25,5990.5,26,5994.0,5,
2026-04-13T09:45:25.366,NC,DIVISLAB,5993.5,6009.0,6035.5,5970.0,6116.5,36588,6000.24,5990.0,6,5993.5,35,
2026-04-13T09:45:32.603,NC,DIVISLAB,5993.0,6009.0,6035.5,5970.0,6116.5,36605,6000.24,5990.0,29,5992.5,17,
2026-04-13T09:45:39.786,NC,DIVISLAB,5988.0,6009.0,6035.5,5970.0,6116.5,36637,6000.23,5987.0,55,5990.5,22,
2026-04-13T09:45:47.103,NC,DIVISLAB,5989.5,6009.0,6035.5,5970.0,6116.5,36664,6000.22,5987.0,43,5989.0,1,
2026-04-13T09:45:54.208,NC,DIVISLAB,5989.5,6009.0,6035.5,5970.0,6116.5,36666,6000.22,5987.0,43,5988.5,97,
2026-04-13T09:46:01.042,NC,DIVISLAB,5988.5,6009.0,6035.5,5970.0,6116.5,36812,6000.17,5986.5,36,5988.5,11,
2026-04-13T09:46:08.049,NC,DIVISLAB,5990.0,6009.0,6035.5,5970.0,6116.5,36837,6000.16,5988.5,50,5990.0,6,
2026-04-13T09:46:15.070,NC,DIVISLAB,5990.0,6009.0,6035.5,5970.0,6116.5,36839,6000.16,5988.5,49,5990.0,19,
2026-04-13T09:46:29.151,NC,DIVISLAB,5989.0,6009.0,6035.5,5970.0,6116.5,36840,6000.16,5989.0,48,5990.0,6,
2026-04-13T09:46:35.961,NC,DIVISLAB,5989.5,6009.0,6035.5,5970.0,6116.5,36896,6000.14,5988.0,21,5989.5,10,
2026-04-13T09:46:42.772,NC,DIVISLAB,5989.0,6009.0,6035.5,5970.0,6116.5,36920,6000.13,5987.0,59,5989.0,41,
2026-04-13T09:46:49.471,NC,DIVISLAB,5989.0,6009.0,6035.5,5970.0,6116.5,36925,6000.13,5987.0,82,5989.0,14,
2026-04-13T09:46:56.098,NC,DIVISLAB,5987.0,6009.0,6035.5,5970.0,6116.5,36926,6000.13,5987.0,108,5989.0,1,
2026-04-13T09:47:02.501,NC,DIVISLAB,5990.0,6009.0,6035.5,5970.0,6116.5,36931,6000.13,5987.0,109,5990.0,11,
2026-04-13T09:47:09.004,NC,DIVISLAB,5989.5,6009.0,6035.5,5970.0,6116.5,36932,6000.13,5987.0,104,5989.0,10,
2026-04-13T09:47:15.798,NC,DIVISLAB,5989.0,6009.0,6035.5,5970.0,6116.5,36934,6000.13,5987.0,113,5989.0,1,
2026-04-13T09:47:22.717,NC,DIVISLAB,5989.0,6009.0,6035.5,5970.0,6116.5,37042,6000.09,5987.0,35,5990.0,17,
2026-04-13T09:47:29.850,NC,DIVISLAB,5990.0,6009.0,6035.5,5970.0,6116.5,37045,6000.09,5989.0,5,5990.0,7,
2026-04-13T09:47:44.503,NC,DIVISLAB,5989.0,6009.0,6035.5,5970.0,6116.5,37080,6000.08,5988.5,20,5989.0,98,
2026-04-13T09:47:51.907,NC,DIVISLAB,5989.0,6009.0,6035.5,5970.0,6116.5,37134,6000.06,5988.0,10,5989.0,114,
2026-04-13T09:47:59.015,NC,DIVISLAB,5989.0,6009.0,6035.5,5970.0,6116.5,37167,6000.05,5987.0,19,5989.0,106,
2026-04-13T09:48:05.930,NC,DIVISLAB,5988.0,6009.0,6035.5,5970.0,6116.5,37263,6000.02,5986.5,1,5988.0,13,
2026-04-13T09:48:12.969,NC,DIVISLAB,5986.5,6009.0,6035.5,5970.0,6116.5,37264,6000.02,5985.0,44,5988.0,1,
2026-04-13T09:48:20.169,NC,DIVISLAB,5986.5,6009.0,6035.5,5970.0,6116.5,37266,6000.02,5986.5,5,5988.0,5,
2026-04-13T09:48:27.715,NC,DIVISLAB,5989.0,6009.0,6035.5,5970.0,6116.5,37355,5999.98,5985.5,27,5988.0,8,
2026-04-13T09:48:34.508,NC,DIVISLAB,5988.0,6009.0,6035.5,5970.0,6116.5,37371,5999.98,5985.5,7,5988.0,17,
2026-04-13T09:48:48.748,NC,DIVISLAB,5988.0,6009.0,6035.5,5970.0,6116.5,37374,5999.97,5986.5,12,5990.0,21,
2026-04-13T09:48:55.539,NC,DIVISLAB,5990.0,6009.0,6035.5,5970.0,6116.5,37375,5999.97,5988.0,1,5989.5,7,
2026-04-13T09:49:02.474,NC,DIVISLAB,5990.5,6009.0,6035.5,5970.0,6116.5,37395,5999.97,5990.0,12,5993.5,74,
2026-04-13T09:49:09.167,NC,DIVISLAB,5993.0,6009.0,6035.5,5970.0,6116.5,37409,5999.97,5990.0,10,5993.5,66,
2026-04-13T09:49:16.159,NC,DIVISLAB,5992.0,6009.0,6035.5,5970.0,6116.5,37410,5999.97,5990.0,4,5992.5,3,
2026-04-13T09:49:30.078,NC,DIVISLAB,5992.5,6009.0,6035.5,5970.0,6116.5,37411,5999.97,5990.0,10,5993.0,7,
2026-04-13T09:49:36.986,NC,DIVISLAB,5998.0,6009.0,6035.5,5970.0,6116.5,37547,5999.95,5996.0,8,5999.5,55,
2026-04-13T09:49:50.902,NC,DIVISLAB,6000.0,6009.0,6035.5,5970.0,6116.5,37574,5999.94,5997.5,7,6000.0,19,
2026-04-13T09:50:04.229,NC,DIVISLAB,6000.0,6009.0,6035.5,5970.0,6116.5,37599,5999.94,6000.0,7,6002.0,30,
2026-04-13T09:50:17.827,NC,DIVISLAB,6000.5,6009.0,6035.5,5970.0,6116.5,37600,5999.94,6000.5,40,6002.0,26,
2026-04-13T09:50:24.748,NC,DIVISLAB,6005.5,6009.0,6035.5,5970.0,6116.5,37709,5999.95,6002.5,16,6006.0,26,
2026-04-13T09:50:31.557,NC,DIVISLAB,6002.5,6009.0,6035.5,5970.0,6116.5,37841,5999.97,6001.0,14,6002.5,91,
2026-04-13T09:50:38.046,NC,DIVISLAB,6002.5,6009.0,6035.5,5970.0,6116.5,37945,5999.98,6001.0,4,6002.5,115,
2026-04-13T09:50:44.954,NC,DIVISLAB,6002.5,6009.0,6035.5,5970.0,6116.5,37982,5999.98,6000.0,55,6002.5,109,
2026-04-13T09:50:58.775,NC,DIVISLAB,6002.5,6009.0,6035.5,5970.0,6116.5,37988,5999.98,6000.0,55,6002.5,103,
2026-04-13T09:51:05.270,NC,DIVISLAB,6000.0,6009.0,6035.5,5970.0,6116.5,38256,5999.98,5997.0,61,6000.5,5,
2026-04-13T09:51:12.100,NC,DIVISLAB,5998.5,6009.0,6035.5,5970.0,6116.5,38290,5999.98,5996.0,40,5998.5,99,
2026-04-13T09:51:18.787,NC,DIVISLAB,5998.5,6009.0,6035.5,5970.0,6116.5,38397,5999.97,5997.0,14,5998.5,18,
2026-04-13T09:51:25.499,NC,DIVISLAB,6000.0,6009.0,6035.5,5970.0,6116.5,38419,5999.97,5997.0,46,6000.0,6,
2026-04-13T09:51:31.910,NC,DIVISLAB,6000.0,6009.0,6035.5,5970.0,6116.5,38420,5999.97,5997.0,45,6000.0,1,
2026-04-13T09:51:38.676,NC,DIVISLAB,6000.0,6009.0,6035.5,5970.0,6116.5,38422,5999.97,6000.5,5,6001.5,7,
2026-04-13T09:51:52.114,NC,DIVISLAB,6002.5,6009.0,6035.5,5970.0,6116.5,38428,5999.97,6000.5,5,6002.5,80,
2026-04-13T09:51:58.821,NC,DIVISLAB,6002.5,6009.0,6035.5,5970.0,6116.5,38434,5999.97,6001.0,105,6002.5,74,
2026-04-13T09:52:05.713,NC,DIVISLAB,6003.0,6009.0,6035.5,5970.0,6116.5,38569,5999.99,6003.0,26,6006.0,102,
2026-04-13T09:52:12.331,NC,DIVISLAB,6006.0,6009.0,6035.5,5970.0,6116.5,38589,5999.99,6002.5,64,6006.0,119,
2026-04-13T09:52:19.160,NC,DIVISLAB,6006.0,6009.0,6035.5,5970.0,6116.5,38694,5999.99,6003.0,9,6006.0,30,
2026-04-13T09:52:26.252,NC,DIVISLAB,6006.0,6009.0,6035.5,5970.0,6116.5,38696,5999.99,6003.5,14,6006.0,6,
2026-04-13T09:52:33.075,NC,DIVISLAB,6006.0,6009.0,6035.5,5970.0,6116.5,38697,5999.99,6003.5,43,6006.0,1,
2026-04-13T09:52:59.019,NC,DIVISLAB,6007.0,6009.0,6035.5,5970.0,6116.5,38700,5999.99,6003.5,37,6006.5,48,
2026-04-13T09:53:05.509,NC,DIVISLAB,6006.5,6009.0,6035.5,5970.0,6116.5,38703,5999.99,6003.5,48,6006.5,30,
2026-04-13T09:53:11.919,NC,DIVISLAB,6006.5,6009.0,6035.5,5970.0,6116.5,38802,6000.01,6003.5,57,6006.5,1,
2026-04-13T09:53:18.265,NC,DIVISLAB,6007.0,6009.0,6035.5,5970.0,6116.5,38839,6000.02,6003.5,36,6007.0,28,
2026-04-13T09:53:24.734,NC,DIVISLAB,6010.0,6009.0,6035.5,5970.0,6116.5,38855,6000.02,6007.5,21,6010.0,23,
2026-04-13T09:53:31.344,NC,DIVISLAB,6012.0,6009.0,6035.5,5970.0,6116.5,39100,6000.1,6008.5,19,6011.0,2,
2026-04-13T09:53:37.851,NC,DIVISLAB,6012.5,6009.0,6035.5,5970.0,6116.5,39151,6000.11,6010.0,16,6012.5,5,
2026-04-13T09:53:44.457,NC,DIVISLAB,6015.0,6009.0,6035.5,5970.0,6116.5,39304,6000.16,6012.5,24,6015.0,75,
2026-04-13T09:53:50.961,NC,DIVISLAB,6015.0,6009.0,6035.5,5970.0,6116.5,39347,6000.18,6012.5,47,6015.0,63,
2026-04-13T09:53:57.664,NC,DIVISLAB,6017.5,6009.0,6035.5,5970.0,6116.5,39507,6000.23,6013.5,25,6016.5,5,
2026-04-13T09:54:04.163,NC,DIVISLAB,6016.5,6009.0,6035.5,5970.0,6116.5,39525,6000.24,6013.5,43,6016.5,12,
2026-04-13T09:54:10.593,NC,DIVISLAB,6017.0,6009.0,6035.5,5970.0,6116.5,39545,6000.25,6014.5,50,6017.0,3,
2026-04-13T09:54:17.784,NC,DIVISLAB,6015.5,6009.0,6035.5,5970.0,6116.5,39552,6000.25,6015.5,19,6018.0,5,
2026-04-13T09:54:24.593,NC,DIVISLAB,6015.5,6009.0,6035.5,5970.0,6116.5,39555,6000.25,6015.5,25,6018.0,1,
2026-04-13T09:54:31.616,NC,DIVISLAB,6015.5,6009.0,6035.5,5970.0,6116.5,39668,6000.3,6015.5,2,6018.5,40,
2026-04-13T09:54:39.034,NC,DIVISLAB,6014.5,6009.0,6035.5,5970.0,6116.5,39752,6000.33,6014.0,42,6014.5,69,
2026-04-13T09:54:45.845,NC,DIVISLAB,6013.5,6009.0,6035.5,5970.0,6116.5,39842,6000.36,6011.5,10,6013.5,28,
2026-04-13T09:54:52.540,NC,DIVISLAB,6009.5,6009.0,6035.5,5970.0,6116.5,40084,6000.42,6007.0,40,6009.5,49,
2026-04-13T09:54:59.563,NC,DIVISLAB,6009.5,6009.0,6035.5,5970.0,6116.5,40167,6000.43,6007.0,43,6009.5,3,
2026-04-13T09:55:13.577,NC,DIVISLAB,6009.5,6009.0,6035.5,5970.0,6116.5,40185,6000.43,6007.5,47,6011.0,5,
2026-04-13T09:55:19.990,NC,DIVISLAB,6011.0,6009.0,6035.5,5970.0,6116.5,40228,6000.44,6009.5,50,6011.5,37,
2026-04-13T09:55:26.697,NC,DIVISLAB,6011.5,6009.0,6035.5,5970.0,6116.5,40267,6000.45,6009.5,15,6011.0,5,
2026-04-13T09:55:47.632,NC,DIVISLAB,6012.0,6009.0,6035.5,5970.0,6116.5,40276,6000.45,6011.0,28,6012.0,2,
2026-04-13T09:55:54.541,NC,DIVISLAB,6010.5,6009.0,6035.5,5970.0,6116.5,40322,6000.46,6007.0,16,6010.5,31,
2026-04-13T09:56:01.543,NC,DIVISLAB,6010.5,6009.0,6035.5,5970.0,6116.5,40324,6000.46,6007.0,30,6010.5,23,
2026-04-13T09:56:08.276,NC,DIVISLAB,6004.0,6009.0,6035.5,5970.0,6116.5,40326,6000.46,6004.0,80,6009.5,74,
2026-04-13T09:56:21.569,NC,DIVISLAB,6008.5,6009.0,6035.5,5970.0,6116.5,40381,6000.47,6005.0,16,6007.5,8,
2026-04-13T09:56:27.881,NC,DIVISLAB,6008.0,6009.0,6035.5,5970.0,6116.5,40395,6000.48,6004.0,40,6007.5,5,
2026-04-13T09:56:34.480,NC,DIVISLAB,6009.5,6009.0,6035.5,5970.0,6116.5,40480,6000.49,6008.0,19,6009.5,2,
2026-04-13T09:56:41.288,NC,DIVISLAB,6010.5,6009.0,6035.5,5970.0,6116.5,40507,6000.5,6008.0,21,6011.0,17,
2026-04-13T09:56:48.103,NC,DIVISLAB,6011.0,6009.0,6035.5,5970.0,6116.5,40510,6000.5,6011.0,10,6011.5,7,
2026-04-13T09:56:54.825,NC,DIVISLAB,6014.0,6009.0,6035.5,5970.0,6116.5,40554,6000.51,6011.5,22,6014.0,56,
2026-04-13T09:57:01.431,NC,DIVISLAB,6014.0,6009.0,6035.5,5970.0,6116.5,40616,6000.53,6012.5,32,6015.0,25,
2026-04-13T09:57:07.736,NC,DIVISLAB,6015.0,6009.0,6035.5,5970.0,6116.5,40631,6000.54,6012.5,67,6015.0,11,
2026-04-13T09:57:47.499,NC,DIVISLAB,6015.0,6009.0,6035.5,5970.0,6116.5,40636,6000.54,6012.5,57,6015.0,76,
2026-04-13T09:57:54.051,NC,DIVISLAB,6015.0,6009.0,6035.5,5970.0,6116.5,40655,6000.55,6013.5,55,6015.0,51,
2026-04-13T09:58:00.745,NC,DIVISLAB,6015.0,6009.0,6035.5,5970.0,6116.5,40662,6000.55,6013.5,54,6015.0,50,
2026-04-13T09:58:14.763,NC,DIVISLAB,6014.5,6009.0,6035.5,5970.0,6116.5,40676,6000.55,6013.5,76,6014.5,2,
2026-04-13T09:58:21.968,NC,DIVISLAB,6014.5,6009.0,6035.5,5970.0,6116.5,40777,6000.59,6014.5,42,6015.0,103,
2026-04-13T09:58:29.072,NC,DIVISLAB,6018.0,6009.0,6035.5,5970.0,6116.5,41352,6000.82,6018.0,27,6021.0,21,
2026-04-13T09:58:36.079,NC,DIVISLAB,6021.5,6009.0,6035.5,5970.0,6116.5,41520,6000.9,6018.5,5,6021.5,8,
2026-04-13T09:58:49.401,NC,DIVISLAB,6022.0,6009.0,6035.5,5970.0,6116.5,41636,6000.96,6021.5,6,6022.5,35,
2026-04-13T09:58:56.444,NC,DIVISLAB,6022.5,6009.0,6035.5,5970.0,6116.5,41643,6000.96,6021.5,6,6022.5,11,
2026-04-13T09:59:03.023,NC,DIVISLAB,6022.0,6009.0,6035.5,5970.0,6116.5,41669,6000.98,6021.5,3,6022.0,27,
2026-04-13T09:59:09.924,NC,DIVISLAB,6022.0,6009.0,6035.5,5970.0,6116.5,41674,6000.98,6020.0,87,6022.0,65,
2026-04-13T09:59:16.949,NC,DIVISLAB,6024.0,6009.0,6035.5,5970.0,6116.5,41790,6001.03,6022.0,8,6024.0,6,
2026-04-13T09:59:23.848,NC,DIVISLAB,6024.5,6009.0,6035.5,5970.0,6116.5,41804,6001.04,6022.0,43,6024.0,7,
2026-04-13T09:59:30.350,NC,DIVISLAB,6024.0,6009.0,6035.5,5970.0,6116.5,41819,6001.05,6022.0,39,6024.0,6,
2026-04-13T09:59:36.665,NC,DIVISLAB,6022.0,6009.0,6035.5,5970.0,6116.5,41857,6001.07,6022.0,37,6022.5,164,
2026-04-13T09:59:43.078,NC,DIVISLAB,6025.0,6009.0,6035.5,5970.0,6116.5,42066,6001.18,6023.5,19,6025.0,36,
2026-04-13T09:59:49.670,NC,DIVISLAB,6023.5,6009.0,6035.5,5970.0,6116.5,42084,6001.19,6023.5,38,6025.0,30,
2026-04-13T09:59:56.491,NC,DIVISLAB,6025.0,6009.0,6035.5,5970.0,6116.5,42091,6001.19,6023.5,46,6025.0,34,
2026-04-13T10:00:02.788,NC,DIVISLAB,6023.5,6009.0,6035.5,5970.0,6116.5,42092,6001.19,6023.5,29,6025.0,36,
2026-04-13T10:00:09.109,NC,DIVISLAB,6022.5,6009.0,6035.5,5970.0,6116.5,42380,6001.34,6022.0,19,6023.5,12,
2026-04-13T10:00:15.605,NC,DIVISLAB,6022.5,6009.0,6035.5,5970.0,6116.5,42619,6001.46,6020.5,10,6022.5,30,
2026-04-13T10:00:21.916,NC,DIVISLAB,6024.0,6009.0,6035.5,5970.0,6116.5,42841,6001.56,6021.0,72,6024.0,18,
2026-04-13T10:00:28.440,NC,DIVISLAB,6023.5,6009.0,6035.5,5970.0,6116.5,42923,6001.59,6020.0,72,6023.5,37,
2026-04-13T10:00:34.931,NC,DIVISLAB,6020.0,6009.0,6035.5,5970.0,6116.5,42982,6001.62,6020.0,25,6021.5,50,
2026-04-13T10:00:41.637,NC,DIVISLAB,6020.0,6009.0,6035.5,5970.0,6116.5,43085,6001.66,6020.0,11,6021.5,19,
2026-04-13T10:00:48.643,NC,DIVISLAB,6020.0,6009.0,6035.5,5970.0,6116.5,43098,6001.67,6020.0,4,6021.5,30,
2026-04-13T10:00:55.662,NC,DIVISLAB,6021.0,6009.0,6035.5,5970.0,6116.5,43102,6001.67,6019.5,11,6021.0,105,
2026-04-13T10:01:02.360,NC,DIVISLAB,6021.0,6009.0,6035.5,5970.0,6116.5,43114,6001.68,6019.5,1,6021.0,143,
2026-04-13T10:01:09.066,NC,DIVISLAB,6018.5,6009.0,6035.5,5970.0,6116.5,43142,6001.69,6017.5,11,6018.5,98,
2026-04-13T10:01:15.877,NC,DIVISLAB,6017.0,6009.0,6035.5,5970.0,6116.5,43266,6001.73,6013.5,31,6016.5,7,
2026-04-13T10:01:22.806,NC,DIVISLAB,6017.0,6009.0,6035.5,5970.0,6116.5,43271,6001.73,6014.0,22,6016.5,98,
2026-04-13T10:01:29.512,NC,DIVISLAB,6019.5,6009.0,6035.5,5970.0,6116.5,43397,6001.77,6016.0,25,6019.5,5,
2026-04-13T10:01:36.214,NC,DIVISLAB,6019.0,6009.0,6035.5,5970.0,6116.5,43424,6001.78,6016.5,16,6019.0,8,
2026-04-13T10:01:48.936,NC,DIVISLAB,6020.0,6009.0,6035.5,5970.0,6116.5,43431,6001.78,6017.5,51,6019.5,2,
2026-04-13T10:01:55.646,NC,DIVISLAB,6017.5,6009.0,6035.5,5970.0,6116.5,43432,6001.78,6015.5,36,6017.5,199,
2026-04-13T10:02:02.355,NC,DIVISLAB,6017.5,6009.0,6035.5,5970.0,6116.5,43454,6001.79,6015.5,52,6017.5,196,
2026-04-13T10:02:08.669,NC,DIVISLAB,6023.5,6009.0,6035.5,5970.0,6116.5,43963,6001.99,6020.5,10,6023.5,34,
2026-04-13T10:02:15.292,NC,DIVISLAB,6023.5,6009.0,6035.5,5970.0,6116.5,44034,6002.02,6021.0,35,6023.5,5,
2026-04-13T10:02:21.734,NC,DIVISLAB,6023.5,6009.0,6035.5,5970.0,6116.5,44037,6002.02,6021.0,83,6023.5,2,
2026-04-13T10:02:41.635,NC,DIVISLAB,6023.5,6009.0,6035.5,5970.0,6116.5,44048,6002.03,6021.0,81,6023.5,3,
2026-04-13T10:02:42.734,NC,DIVISLAB,6023.5,6009.0,6035.5,5970.0,6116.5,44049,6002.03,6021.0,81,6023.5,2,
2026-04-13T10:02:46.040,NC,DIVISLAB,6023.0,6009.0,6035.5,5970.0,6116.5,44156,6002.07,6020.0,38,6023.0,9,
2026-04-13T10:02:49.358,NC,DIVISLAB,6023.0,6009.0,6035.5,5970.0,6116.5,44167,6002.08,6021.0,1,6023.5,41,
2026-04-13T10:03:29.799,NC,DIVISLAB,6023.0,6009.0,6035.5,5970.0,6116.5,44168,6002.08,6020.5,49,6023.0,2,
2026-04-13T10:03:33.197,NC,DIVISLAB,6020.0,6009.0,6035.5,5970.0,6116.5,44768,6002.32,6020.5,40,6023.0,123,
2026-04-13T10:03:34.299,NC,DIVISLAB,6023.0,6009.0,6035.5,5970.0,6116.5,44813,6002.34,6020.5,47,6023.0,78,
2026-04-13T10:03:35.316,NC,DIVISLAB,6023.0,6009.0,6035.5,5970.0,6116.5,44827,6002.35,6021.5,14,6023.0,65,
2026-04-13T10:03:36.505,NC,DIVISLAB,6023.0,6009.0,6035.5,5970.0,6116.5,44837,6002.35,6021.5,5,6023.0,64,
2026-04-13T10:03:49.827,NC,DIVISLAB,6023.0,6009.0,6035.5,5970.0,6116.5,44880,6002.37,6021.5,14,6023.0,61,
2026-04-13T10:03:56.048,NC,DIVISLAB,6021.5,6009.0,6035.5,5970.0,6116.5,44896,6002.38,6021.0,19,6021.5,3,
2026-04-13T10:04:02.349,NC,DIVISLAB,6021.0,6009.0,6035.5,5970.0,6116.5,44917,6002.38,6020.5,86,6021.0,6,
2026-04-13T10:04:08.865,NC,DIVISLAB,6022.0,6009.0,6035.5,5970.0,6116.5,44984,6002.41,6020.0,117,6021.0,600,
2026-04-13T10:04:15.364,NC,DIVISLAB,6021.0,6009.0,6035.5,5970.0,6116.5,45110,6002.46,6019.5,39,6021.0,681,
2026-04-13T10:04:21.572,NC,DIVISLAB,6021.0,6009.0,6035.5,5970.0,6116.5,45125,6002.47,6019.5,26,6021.0,679,
2026-04-13T10:04:27.781,NC,DIVISLAB,6021.0,6009.0,6035.5,5970.0,6116.5,45184,6002.49,6019.5,26,6021.0,620,
2026-04-13T10:04:34.090,NC,DIVISLAB,6020.5,6009.0,6035.5,5970.0,6116.5,45220,6002.5,6018.5,12,6020.5,38,
2026-04-13T10:04:40.342,NC,DIVISLAB,6021.0,6009.0,6035.5,5970.0,6116.5,45221,6002.51,6018.0,72,6020.5,7,
2026-04-13T10:04:59.079,NC,DIVISLAB,6021.0,6009.0,6035.5,5970.0,6116.5,45236,6002.51,6018.5,28,6021.0,588,
2026-04-13T10:05:25.071,NC,DIVISLAB,6021.0,6009.0,6035.5,5970.0,6116.5,45238,6002.51,6018.5,42,6021.0,608,
2026-04-13T10:05:31.326,NC,DIVISLAB,6021.0,6009.0,6035.5,5970.0,6116.5,45249,6002.52,6017.5,100,6020.0,600,
2026-04-13T10:06:02.089,NC,DIVISLAB,6019.0,6009.0,6035.5,5970.0,6116.5,45250,6002.52,6016.0,78,6019.0,2,
2026-04-13T10:06:14.586,NC,DIVISLAB,6016.0,6009.0,6035.5,5970.0,6116.5,45253,6002.52,6016.0,7,6017.0,28,
2026-04-13T10:06:20.685,NC,DIVISLAB,6017.0,6009.0,6035.5,5970.0,6116.5,45254,6002.52,6015.0,50,6017.0,47,
2026-04-13T10:06:33.215,NC,DIVISLAB,6018.5,6009.0,6035.5,5970.0,6116.5,45296,6002.53,6015.0,34,6017.0,2,
2026-04-13T10:06:39.421,NC,DIVISLAB,6015.0,6009.0,6035.5,5970.0,6116.5,45298,6002.53,6015.0,30,6017.0,1,
2026-04-13T10:06:45.517,NC,DIVISLAB,6017.0,6009.0,6035.5,5970.0,6116.5,45302,6002.53,6015.0,44,6017.5,27,
2026-04-13T10:06:51.624,NC,DIVISLAB,6017.5,6009.0,6035.5,5970.0,6116.5,45906,6002.7,6017.5,4,6019.5,44,
2026-04-13T10:06:57.426,NC,DIVISLAB,6019.5,6009.0,6035.5,5970.0,6116.5,45953,6002.72,6016.5,24,6019.5,37,
2026-04-13T10:07:03.337,NC,DIVISLAB,6019.5,6009.0,6035.5,5970.0,6116.5,45971,6002.72,6018.5,20,6019.5,3,
2026-04-13T10:07:09.644,NC,DIVISLAB,6021.0,6009.0,6035.5,5970.0,6116.5,46033,6002.75,6018.5,23,6021.0,568,
2026-04-13T10:07:16.156,NC,DIVISLAB,6021.0,6009.0,6035.5,5970.0,6116.5,46038,6002.75,6019.0,49,6021.0,568,
2026-04-13T10:07:22.692,NC,DIVISLAB,6025.0,6009.0,6035.5,5970.0,6116.5,46649,6002.99,6023.0,33,6025.0,1102,
2026-04-13T10:07:29.053,NC,DIVISLAB,6024.0,6009.0,6035.5,5970.0,6116.5,46720,6003.02,6024.0,42,6025.0,1145,
2026-04-13T10:07:35.056,NC,DIVISLAB,6028.5,6009.0,6035.5,5970.0,6116.5,48031,6003.63,6027.0,57,6029.0,1,
2026-04-13T10:07:41.376,NC,DIVISLAB,6029.0,6009.0,6035.5,5970.0,6116.5,48337,6003.78,6027.0,16,6029.0,2,
2026-04-13T10:07:47.774,NC,DIVISLAB,6030.0,6009.0,6035.5,5970.0,6116.5,48348,6003.79,6027.5,4,6029.0,1,
2026-04-13T10:07:54.580,NC,DIVISLAB,6029.0,6009.0,6035.5,5970.0,6116.5,48350,6003.79,6029.0,98,6030.0,352,
2026-04-13T10:08:00.990,NC,DIVISLAB,6030.0,6009.0,6035.5,5970.0,6116.5,48496,6003.87,6029.0,65,6030.0,321,
2026-04-13T10:08:07.695,NC,DIVISLAB,6029.0,6009.0,6035.5,5970.0,6116.5,48848,6004.06,6029.0,82,6030.0,25,
2026-04-13T10:08:14.606,NC,DIVISLAB,6030.0,6009.0,6035.5,5970.0,6116.5,48931,6004.1,6029.5,5,6030.0,8,
2026-04-13T10:08:21.206,NC,DIVISLAB,6029.0,6009.0,6035.5,5970.0,6116.5,49128,6004.2,6027.5,35,6029.0,34,
2026-04-13T10:08:27.615,NC,DIVISLAB,6029.0,6009.0,6035.5,5970.0,6116.5,49201,6004.24,6027.0,18,6028.5,17,
2026-04-13T10:08:33.906,NC,DIVISLAB,6027.0,6009.0,6035.5,5970.0,6116.5,49213,6004.24,6027.0,6,6028.5,1,
2026-04-13T10:08:47.213,NC,DIVISLAB,6027.0,6009.0,6035.5,5970.0,6116.5,49247,6004.26,6025.0,1,6027.0,582,
2026-04-13T10:08:53.913,NC,DIVISLAB,6027.0,6009.0,6035.5,5970.0,6116.5,49249,6004.26,6025.0,2,6027.0,642,
2026-04-13T10:09:00.420,NC,DIVISLAB,6025.0,6009.0,6035.5,5970.0,6116.5,49254,6004.26,6025.0,6,6027.0,641,
2026-04-13T10:09:13.531,NC,DIVISLAB,6025.0,6009.0,6035.5,5970.0,6116.5,49269,6004.27,6025.0,13,6027.0,640,
2026-04-13T10:09:20.035,NC,DIVISLAB,6027.0,6009.0,6035.5,5970.0,6116.5,49350,6004.3,6025.0,14,6027.0,634,
2026-04-13T10:09:26.547,NC,DIVISLAB,6027.0,6009.0,6035.5,5970.0,6116.5,49361,6004.31,6025.0,10,6027.0,632,
2026-04-13T10:09:51.886,NC,DIVISLAB,6027.0,6009.0,6035.5,5970.0,6116.5,49373,6004.31,6025.0,14,6027.0,636,
2026-04-13T10:10:04.696,NC,DIVISLAB,6025.5,6009.0,6035.5,5970.0,6116.5,49374,6004.31,6024.5,50,6027.0,636,
2026-04-13T10:10:11.220,NC,DIVISLAB,6024.5,6009.0,6035.5,5970.0,6116.5,49379,6004.31,6024.5,18,6026.5,13,
2026-04-13T10:10:17.808,NC,DIVISLAB,6024.5,6009.0,6035.5,5970.0,6116.5,49381,6004.31,6024.5,16,6026.5,1,
2026-04-13T10:10:24.221,NC,DIVISLAB,6030.0,6009.0,6035.5,5970.0,6116.5,50086,6004.64,6028.0,13,6030.0,23,
2026-04-13T10:10:30.831,NC,DIVISLAB,6029.0,6009.0,6035.5,5970.0,6116.5,50150,6004.67,6029.0,16,6030.5,2,
2026-04-13T10:10:38.042,NC,DIVISLAB,6029.0,6009.0,6035.5,5970.0,6116.5,50219,6004.7,6029.0,2,6030.5,70,
2026-04-13T10:10:44.631,NC,DIVISLAB,6029.0,6009.0,6035.5,5970.0,6116.5,50222,6004.71,6028.0,38,6029.0,597,
2026-04-13T10:10:51.066,NC,DIVISLAB,6029.0,6009.0,6035.5,5970.0,6116.5,50230,6004.71,6028.0,41,6029.0,659,
2026-04-13T10:10:57.338,NC,DIVISLAB,6029.0,6009.0,6035.5,5970.0,6116.5,50291,6004.74,6027.0,3,6029.0,671,
2026-04-13T10:11:03.446,NC,DIVISLAB,6029.0,6009.0,6035.5,5970.0,6116.5,50295,6004.74,6027.0,13,6028.5,18,
2026-04-13T10:11:10.059,NC,DIVISLAB,6028.5,6009.0,6035.5,5970.0,6116.5,50304,6004.74,6027.0,5,6029.0,660,
2026-04-13T10:11:23.190,NC,DIVISLAB,6024.0,6009.0,6035.5,5970.0,6116.5,50305,6004.74,6024.0,20,6026.5,89,
2026-04-13T10:11:42.222,NC,DIVISLAB,6024.0,6009.0,6035.5,5970.0,6116.5,50402,6004.78,6023.5,13,6024.0,496,
2026-04-13T10:11:48.519,NC,DIVISLAB,6032.5,6009.0,6035.5,5970.0,6116.5,51191,6005.09,6029.5,24,6032.0,8,
2026-04-13T10:11:54.834,NC,DIVISLAB,6033.0,6009.0,6035.5,5970.0,6116.5,51293,6005.15,6032.0,3,6033.0,12,
2026-04-13T10:12:01.047,NC,DIVISLAB,6034.0,6009.0,6035.5,5970.0,6116.5,51341,6005.17,6033.0,7,6034.0,8,
2026-04-13T10:12:07.347,NC,DIVISLAB,6034.5,6009.0,6035.5,5970.0,6116.5,51358,6005.18,6034.0,10,6034.5,10,
2026-04-13T10:12:13.773,NC,DIVISLAB,6036.5,6009.0,6038.5,5970.0,6116.5,51579,6005.31,6034.5,3,6037.0,15,
2026-04-13T10:12:20.368,NC,DIVISLAB,6037.0,6009.0,6038.5,5970.0,6116.5,51580,6005.31,6037.0,8,6037.5,7,
2026-04-13T10:12:26.583,NC,DIVISLAB,6038.5,6009.0,6038.5,5970.0,6116.5,51596,6005.32,6037.5,11,6038.5,15,
2026-04-13T10:12:32.800,NC,DIVISLAB,6034.0,6009.0,6038.5,5970.0,6116.5,51874,6005.48,6030.5,14,6034.0,52,
2026-04-13T10:12:39.223,NC,DIVISLAB,6034.0,6009.0,6038.5,5970.0,6116.5,51897,6005.5,6034.0,26,6037.0,14,
2026-04-13T10:12:45.626,NC,DIVISLAB,6037.5,6009.0,6038.5,5970.0,6116.5,51957,6005.53,6037.0,6,6037.5,6,
2026-04-13T10:12:52.030,NC,DIVISLAB,6037.5,6009.0,6038.5,5970.0,6116.5,51963,6005.53,6037.5,9,6038.5,14,
2026-04-13T10:12:58.427,NC,DIVISLAB,6043.5,6009.0,6043.5,5970.0,6116.5,52183,6005.68,6041.0,1,6043.0,7,
2026-04-13T10:13:04.738,NC,DIVISLAB,6040.5,6009.0,6043.5,5970.0,6116.5,52381,6005.82,6041.5,60,6043.5,7,
2026-04-13T10:13:11.138,NC,DIVISLAB,6043.5,6009.0,6045.0,5970.0,6116.5,52606,6005.97,6043.5,3,6044.5,42,
2026-04-13T10:13:17.545,NC,DIVISLAB,6040.5,6009.0,6045.0,5970.0,6116.5,52709,6006.04,6037.5,23,6040.5,12,
2026-04-13T10:13:29.805,NC,DIVISLAB,6045.0,6009.0,6048.0,5970.0,6116.5,52879,6006.17,6043.5,13,6047.5,66,
2026-04-13T10:13:35.968,NC,DIVISLAB,6046.0,6009.0,6048.0,5970.0,6116.5,53100,6006.33,6043.5,18,6046.0,9,
2026-04-13T10:13:41.998,NC,DIVISLAB,6047.5,6009.0,6048.0,5970.0,6116.5,53434,6006.57,6043.0,29,6046.0,5,
2026-04-13T10:13:48.294,NC,DIVISLAB,6047.0,6009.0,6048.0,5970.0,6116.5,53441,6006.58,6046.0,3,6046.5,11,
2026-04-13T10:13:54.691,NC,DIVISLAB,6043.5,6009.0,6048.0,5970.0,6116.5,53521,6006.64,6044.5,16,6047.0,20,
2026-04-13T10:14:00.894,NC,DIVISLAB,6045.5,6009.0,6048.5,5970.0,6116.5,53611,6006.7,6045.0,21,6047.0,12,
2026-04-13T10:14:07.504,NC,DIVISLAB,6042.5,6009.0,6048.5,5970.0,6116.5,54317,6007.13,6038.0,27,6041.5,12,
2026-04-13T10:14:14.120,NC,DIVISLAB,6036.5,6009.0,6048.5,5970.0,6116.5,54508,6007.24,6033.0,12,6036.5,24,
2026-04-13T10:14:20.833,NC,DIVISLAB,6037.0,6009.0,6048.5,5970.0,6116.5,54510,6007.24,6034.0,33,6037.0,12,
2026-04-13T10:14:27.449,NC,DIVISLAB,6037.5,6009.0,6048.5,5970.0,6116.5,54512,6007.24,6036.5,18,6038.0,5,
2026-04-13T10:14:33.750,NC,DIVISLAB,6038.0,6009.0,6048.5,5970.0,6116.5,54608,6007.29,6035.5,20,6036.5,12,
2026-04-13T10:14:40.145,NC,DIVISLAB,6039.0,6009.0,6048.5,5970.0,6116.5,54621,6007.3,6035.5,37,6037.5,11,
2026-04-13T10:14:46.557,NC,DIVISLAB,6035.5,6009.0,6048.5,5970.0,6116.5,54730,6007.36,6034.0,37,6035.5,39,
2026-04-13T10:14:52.963,NC,DIVISLAB,6034.5,6009.0,6048.5,5970.0,6116.5,54774,6007.38,6030.5,34,6034.0,25,
2026-04-13T10:14:59.493,NC,DIVISLAB,6031.5,6009.0,6048.5,5970.0,6116.5,54784,6007.38,6031.5,28,6034.5,9,
2026-04-13T10:15:05.984,NC,DIVISLAB,6030.0,6009.0,6048.5,5970.0,6116.5,54844,6007.41,6027.0,20,6029.5,7,
2026-04-13T10:15:12.890,NC,DIVISLAB,6027.0,6009.0,6048.5,5970.0,6116.5,54845,6007.41,6027.0,17,6029.0,17,
2026-04-13T10:15:19.598,NC,DIVISLAB,6028.0,6009.0,6048.5,5970.0,6116.5,54864,6007.42,6025.5,11,6028.5,27,
2026-04-13T10:15:25.924,NC,DIVISLAB,6025.0,6009.0,6048.5,5970.0,6116.5,54891,6007.43,6024.0,60,6026.0,38,
2026-04-13T10:15:32.011,NC,DIVISLAB,6024.0,6009.0,6048.5,5970.0,6116.5,55441,6007.59,6023.0,1,6025.0,26,
2026-04-13T10:15:38.326,NC,DIVISLAB,6025.0,6009.0,6048.5,5970.0,6116.5,55479,6007.6,6025.0,8,6028.0,32,
2026-04-13T10:15:44.741,NC,DIVISLAB,6029.5,6009.0,6048.5,5970.0,6116.5,55554,6007.63,6026.5,20,6028.0,7,
2026-04-13T10:15:51.143,NC,DIVISLAB,6028.0,6009.0,6048.5,5970.0,6116.5,55569,6007.64,6027.0,14,6030.0,11,
2026-04-13T10:16:03.557,NC,DIVISLAB,6029.0,6009.0,6048.5,5970.0,6116.5,55587,6007.64,6027.0,6,6029.0,40,
2026-04-13T10:16:10.262,NC,DIVISLAB,6027.0,6009.0,6048.5,5970.0,6116.5,55593,6007.64,6026.5,20,6029.0,20,
2026-04-13T10:16:16.678,NC,DIVISLAB,6030.0,6009.0,6048.5,5970.0,6116.5,55636,6007.66,6029.0,36,6030.0,7,
2026-04-13T10:16:23.593,NC,DIVISLAB,6030.0,6009.0,6048.5,5970.0,6116.5,55698,6007.69,6030.0,9,6032.0,33,
2026-04-13T10:16:36.724,NC,DIVISLAB,6030.0,6009.0,6048.5,5970.0,6116.5,55707,6007.69,6030.0,22,6032.0,5,
2026-04-13T10:16:43.131,NC,DIVISLAB,6032.0,6009.0,6048.5,5970.0,6116.5,55739,6007.7,6030.0,6,6032.0,29,
2026-04-13T10:16:55.767,NC,DIVISLAB,6032.5,6009.0,6048.5,5970.0,6116.5,55740,6007.7,6030.0,6,6032.5,43,
2026-04-13T10:17:02.410,NC,DIVISLAB,6032.5,6009.0,6048.5,5970.0,6116.5,55848,6007.75,6030.0,1,6032.0,78,
2026-04-13T10:17:08.775,NC,DIVISLAB,6030.0,6009.0,6048.5,5970.0,6116.5,55849,6007.75,6029.0,42,6029.5,78,
2026-04-13T10:17:15.314,NC,DIVISLAB,6028.5,6009.0,6048.5,5970.0,6116.5,55898,6007.77,6028.0,19,6028.5,70,
2026-04-13T10:17:27.798,NC,DIVISLAB,6026.0,6009.0,6048.5,5970.0,6116.5,56068,6007.82,6025.0,20,6026.0,16,
2026-04-13T10:17:33.918,NC,DIVISLAB,6027.0,6009.0,6048.5,5970.0,6116.5,56209,6007.87,6025.0,2,6027.5,4,
2026-04-13T10:17:40.198,NC,DIVISLAB,6027.5,6009.0,6048.5,5970.0,6116.5,56215,6007.87,6025.0,54,6028.5,15,
2026-04-13T10:17:46.412,NC,DIVISLAB,6028.5,6009.0,6048.5,5970.0,6116.5,56219,6007.87,6025.5,9,6028.5,17,
2026-04-13T10:17:59.528,NC,DIVISLAB,6028.5,6009.0,6048.5,5970.0,6116.5,56220,6007.87,6025.5,17,6028.5,84,
2026-04-13T10:18:06.235,NC,DIVISLAB,6028.5,6009.0,6048.5,5970.0,6116.5,56223,6007.87,6025.5,63,6028.5,13,
2026-04-13T10:18:26.253,NC,DIVISLAB,6032.5,6009.0,6048.5,5970.0,6116.5,56290,6007.9,6032.0,18,6034.0,48,
2026-04-13T10:18:32.872,NC,DIVISLAB,6034.0,6009.0,6048.5,5970.0,6116.5,56321,6007.91,6033.0,3,6034.0,41,
2026-04-13T10:18:39.477,NC,DIVISLAB,6039.0,6009.0,6048.5,5970.0,6116.5,56921,6008.19,6034.5,32,6039.0,24,
2026-04-13T10:18:45.689,NC,DIVISLAB,6039.5,6009.0,6048.5,5970.0,6116.5,56998,6008.23,6036.0,1,6039.0,31,
2026-04-13T10:18:58.108,NC,DIVISLAB,6039.0,6009.0,6048.5,5970.0,6116.5,57013,6008.24,6036.5,18,6039.0,30,
2026-04-13T10:19:04.313,NC,DIVISLAB,6039.0,6009.0,6048.5,5970.0,6116.5,57015,6008.24,6036.5,17,6039.0,6,
2026-04-13T10:19:11.021,NC,DIVISLAB,6035.0,6009.0,6048.5,5970.0,6116.5,57092,6008.28,6033.0,12,6035.0,94,
2026-04-13T10:19:17.627,NC,DIVISLAB,6035.0,6009.0,6048.5,5970.0,6116.5,57179,6008.32,6032.5,10,6033.0,9,
2026-04-13T10:19:24.039,NC,DIVISLAB,6035.0,6009.0,6048.5,5970.0,6116.5,57260,6008.35,6032.5,29,6035.0,18,
2026-04-13T10:19:36.147,NC,DIVISLAB,6035.0,6009.0,6048.5,5970.0,6116.5,57264,6008.35,6035.0,35,6036.0,2,
2026-04-13T10:19:42.159,NC,DIVISLAB,6036.0,6009.0,6048.5,5970.0,6116.5,57286,6008.36,6035.5,22,6038.5,11,
2026-04-13T10:19:48.464,NC,DIVISLAB,6035.5,6009.0,6048.5,5970.0,6116.5,57312,6008.38,6035.0,24,6035.5,5,
2026-04-13T10:19:54.597,NC,DIVISLAB,6040.5,6009.0,6048.5,5970.0,6116.5,57386,6008.41,6038.5,28,6042.0,25,
2026-04-13T10:20:00.591,NC,DIVISLAB,6038.5,6009.0,6048.5,5970.0,6116.5,57388,6008.41,6038.5,26,6040.0,10,
2026-04-13T10:20:06.810,NC,DIVISLAB,6041.5,6009.0,6048.5,5970.0,6116.5,57434,6008.44,6038.5,34,6042.0,18,
2026-04-13T10:20:19.420,NC,DIVISLAB,6044.0,6009.0,6048.5,5970.0,6116.5,57444,6008.45,6041.5,11,6043.5,5,
2026-04-13T10:20:25.830,NC,DIVISLAB,6041.5,6009.0,6048.5,5970.0,6116.5,57451,6008.45,6041.5,23,6044.0,9,
2026-04-13T10:20:31.950,NC,DIVISLAB,6045.0,6009.0,6048.5,5970.0,6116.5,57461,6008.46,6043.5,31,6045.0,4,
2026-04-13T10:20:38.671,NC,DIVISLAB,6045.0,6009.0,6048.5,5970.0,6116.5,57483,6008.47,6042.0,4,6043.5,19,
2026-04-13T10:20:45.362,NC,DIVISLAB,6043.5,6009.0,6048.5,5970.0,6116.5,57484,6008.47,6041.0,21,6043.5,18,
2026-04-13T10:20:51.875,NC,DIVISLAB,6043.5,6009.0,6048.5,5970.0,6116.5,57486,6008.47,6042.0,17,6043.5,16,
2026-04-13T10:20:57.880,NC,DIVISLAB,6045.0,6009.0,6048.5,5970.0,6116.5,57515,6008.49,6043.5,1,6045.0,14,
2026-04-13T10:21:03.982,NC,DIVISLAB,6045.0,6009.0,6048.5,5970.0,6116.5,57561,6008.52,6045.0,10,6047.5,23,
2026-04-13T10:21:10.391,NC,DIVISLAB,6044.0,6009.0,6048.5,5970.0,6116.5,57569,6008.52,6044.0,21,6047.0,15,
2026-04-13T10:21:16.608,NC,DIVISLAB,6047.0,6009.0,6048.5,5970.0,6116.5,57570,6008.53,6044.0,19,6047.5,16,
2026-04-13T10:21:28.841,NC,DIVISLAB,6045.0,6009.0,6048.5,5970.0,6116.5,57578,6008.53,6043.5,38,6045.0,45,
2026-04-13T10:21:35.023,NC,DIVISLAB,6047.0,6009.0,6050.0,5970.0,6116.5,57810,6008.68,6047.0,35,6050.0,26,
2026-04-13T10:21:41.628,NC,DIVISLAB,6048.5,6009.0,6052.0,5970.0,6116.5,57905,6008.75,6048.5,16,6050.0,31,
2026-04-13T10:21:47.932,NC,DIVISLAB,6050.0,6009.0,6052.0,5970.0,6116.5,58013,6008.83,6048.5,5,6050.0,15,
2026-04-13T10:21:54.136,NC,DIVISLAB,6050.0,6009.0,6052.0,5970.0,6116.5,58017,6008.83,6048.5,20,6050.0,40,
2026-04-13T10:22:00.255,NC,DIVISLAB,6048.5,6009.0,6052.0,5970.0,6116.5,58038,6008.85,6048.0,18,6050.0,18,
2026-04-13T10:22:06.349,NC,DIVISLAB,6050.0,6009.0,6052.0,5970.0,6116.5,58076,6008.87,6047.0,56,6050.0,24,
2026-04-13T10:22:12.552,NC,DIVISLAB,6047.0,6009.0,6052.0,5970.0,6116.5,58081,6008.87,6047.0,35,6049.5,46,
2026-04-13T10:22:24.770,NC,DIVISLAB,6048.5,6009.0,6052.0,5970.0,6116.5,58091,6008.88,6047.0,28,6048.5,15,
2026-04-13T10:22:30.886,NC,DIVISLAB,6048.5,6009.0,6052.0,5970.0,6116.5,58121,6008.9,6046.5,24,6047.5,7,
2026-04-13T10:22:36.993,NC,DIVISLAB,6048.0,6009.0,6052.0,5970.0,6116.5,58148,6008.92,6046.0,19,6048.0,14,
2026-04-13T10:22:43.516,NC,DIVISLAB,6048.0,6009.0,6052.0,5970.0,6116.5,58182,6008.94,6048.0,6,6048.5,6,
2026-04-13T10:23:01.746,NC,DIVISLAB,6049.0,6009.0,6052.0,5970.0,6116.5,58203,6008.95,6047.5,8,6049.0,27,
2026-04-13T10:23:14.037,NC,DIVISLAB,6049.0,6009.0,6052.0,5970.0,6116.5,58212,6008.96,6047.0,29,6049.0,61,
2026-04-13T10:23:20.479,NC,DIVISLAB,6049.0,6009.0,6052.0,5970.0,6116.5,58414,6009.1,6047.0,33,6049.0,56,
2026-04-13T10:23:27.057,NC,DIVISLAB,6049.0,6009.0,6052.0,5970.0,6116.5,58707,6009.3,6048.0,11,6049.0,5,
2026-04-13T10:23:33.164,NC,DIVISLAB,6049.0,6009.0,6052.0,5970.0,6116.5,58722,6009.31,6049.0,3,6050.0,9,
2026-04-13T10:23:39.363,NC,DIVISLAB,6050.0,6009.0,6052.0,5970.0,6116.5,58729,6009.32,6049.0,23,6050.0,1,
2026-04-13T10:23:45.678,NC,DIVISLAB,6050.0,6009.0,6052.0,5970.0,6116.5,58746,6009.33,6049.0,30,6050.5,10,
2026-04-13T10:23:51.787,NC,DIVISLAB,6050.5,6009.0,6052.0,5970.0,6116.5,58768,6009.34,6049.0,9,6050.5,9,
2026-04-13T10:24:04.426,NC,DIVISLAB,6051.5,6009.0,6052.0,5970.0,6116.5,58825,6009.38,6051.0,85,6051.5,5,
2026-04-13T10:24:10.746,NC,DIVISLAB,6052.5,6009.0,6052.5,5970.0,6116.5,58848,6009.4,6051.0,84,6053.0,28,
2026-04-13T10:24:16.820,NC,DIVISLAB,6054.5,6009.0,6054.5,5970.0,6116.5,58861,6009.41,6052.0,27,6054.5,12,
2026-04-13T10:24:23.199,NC,DIVISLAB,6054.5,6009.0,6054.5,5970.0,6116.5,58863,6009.41,6052.0,27,6054.5,23,
2026-04-13T10:24:29.409,NC,DIVISLAB,6051.0,6009.0,6054.5,5970.0,6116.5,58943,6009.47,6051.0,54,6053.5,7,
2026-04-13T10:24:35.433,NC,DIVISLAB,6054.0,6009.0,6054.5,5970.0,6116.5,58953,6009.47,6051.0,54,6053.0,58,
2026-04-13T10:24:41.924,NC,DIVISLAB,6052.0,6009.0,6054.5,5970.0,6116.5,59039,6009.53,6050.0,49,6052.0,46,
2026-04-13T10:24:48.529,NC,DIVISLAB,6052.0,6009.0,6054.5,5970.0,6116.5,59052,6009.54,6050.0,37,6052.0,8,
2026-04-13T10:24:54.838,NC,DIVISLAB,6050.0,6009.0,6054.5,5970.0,6116.5,59064,6009.55,6050.0,36,6052.0,20,
2026-04-13T10:25:00.944,NC,DIVISLAB,6050.0,6009.0,6054.5,5970.0,6116.5,59065,6009.55,6050.0,41,6052.0,1,
2026-04-13T10:25:14.168,NC,DIVISLAB,6050.0,6009.0,6054.5,5970.0,6116.5,59070,6009.56,6050.0,64,6052.0,1,
2026-04-13T10:25:28.088,NC,DIVISLAB,6052.0,6009.0,6054.5,5970.0,6116.5,59074,6009.56,6050.0,290,6052.0,28,
2026-04-13T10:25:41.210,NC,DIVISLAB,6054.0,6009.0,6054.5,5970.0,6116.5,59079,6009.56,6052.0,201,6054.0,7,
2026-04-13T10:25:47.611,NC,DIVISLAB,6054.0,6009.0,6054.5,5970.0,6116.5,59086,6009.57,6052.0,245,6054.0,5,
2026-04-13T10:25:53.739,NC,DIVISLAB,6056.0,6009.0,6056.0,5970.0,6116.5,59126,6009.6,6055.0,183,6056.0,15,
2026-04-13T10:25:59.930,NC,DIVISLAB,6055.0,6009.0,6056.0,5970.0,6116.5,59127,6009.6,6055.0,268,6056.0,6,
2026-04-13T10:26:06.041,NC,DIVISLAB,6055.0,6009.0,6056.0,5970.0,6116.5,59131,6009.6,6055.0,265,6056.0,5,
2026-04-13T10:26:12.260,NC,DIVISLAB,6055.0,6009.0,6057.0,5970.0,6116.5,59317,6009.75,6055.0,92,6056.5,23,
2026-04-13T10:26:18.645,NC,DIVISLAB,6056.5,6009.0,6057.0,5970.0,6116.5,59337,6009.77,6055.0,86,6057.0,49,
2026-04-13T10:26:24.951,NC,DIVISLAB,6057.0,6009.0,6057.0,5970.0,6116.5,59347,6009.77,6055.0,77,6057.0,14,
2026-04-13T10:26:31.452,NC,DIVISLAB,6056.5,6009.0,6057.0,5970.0,6116.5,59470,6009.87,6055.0,68,6057.5,7,
2026-04-13T10:26:43.460,NC,DIVISLAB,6057.5,6009.0,6058.0,5970.0,6116.5,59489,6009.88,6055.5,20,6057.0,6,
2026-04-13T10:26:49.772,NC,DIVISLAB,6055.5,6009.0,6058.0,5970.0,6116.5,59496,6009.89,6055.5,23,6057.0,6,
2026-04-13T10:26:55.981,NC,DIVISLAB,6058.5,6009.0,6058.5,5970.0,6116.5,59604,6009.98,6057.0,25,6058.5,6,
2026-04-13T10:27:08.593,NC,DIVISLAB,6059.5,6009.0,6059.5,5970.0,6116.5,59877,6010.2,6058.5,10,6060.0,29,
2026-04-13T10:27:15.298,NC,DIVISLAB,6060.0,6009.0,6060.0,5970.0,6116.5,59986,6010.29,6058.5,25,6060.0,20,
2026-04-13T10:27:21.712,NC,DIVISLAB,6060.0,6009.0,6060.0,5970.0,6116.5,60004,6010.3,6058.5,8,6060.0,384,
2026-04-13T10:27:27.913,NC,DIVISLAB,6060.0,6009.0,6060.0,5970.0,6116.5,60005,6010.3,6058.5,36,6060.0,434,
2026-04-13T10:27:34.315,NC,DIVISLAB,6060.0,6009.0,6060.0,5970.0,6116.5,60030,6010.32,6058.5,48,6060.0,432,
2026-04-13T10:27:40.625,NC,DIVISLAB,6060.0,6009.0,6060.0,5970.0,6116.5,60045,6010.33,6058.5,44,6060.0,421,
2026-04-13T10:27:59.951,NC,DIVISLAB,6063.0,6009.0,6064.0,5970.0,6116.5,60618,6010.81,6060.0,84,6063.0,29,
2026-04-13T10:28:06.351,NC,DIVISLAB,6063.0,6009.0,6065.0,5970.0,6116.5,60715,6010.89,6061.5,77,6064.0,20,
2026-04-13T10:28:12.668,NC,DIVISLAB,6063.0,6009.0,6065.0,5970.0,6116.5,60781,6010.95,6062.5,28,6063.0,4,
2026-04-13T10:28:18.775,NC,DIVISLAB,6068.0,6009.0,6068.0,5970.0,6116.5,60818,6010.98,6064.5,33,6067.5,20,
2026-04-13T10:28:31.194,NC,DIVISLAB,6067.0,6009.0,6068.0,5970.0,6116.5,60903,6011.06,6064.5,96,6067.5,19,
2026-04-13T10:28:37.184,NC,DIVISLAB,6065.5,6009.0,6068.0,5970.0,6116.5,60924,6011.08,6065.0,91,6065.5,29,
2026-04-13T10:28:39.292,NC,DIVISLAB,6065.5,6009.0,6068.0,5970.0,6116.5,60958,6011.11,6065.5,7,6068.0,198,
2026-04-13T10:28:40.287,NC,DIVISLAB,6068.0,6009.0,6068.0,5970.0,6116.5,60959,6011.11,6065.5,7,6068.0,197,
2026-04-13T10:28:42.191,NC,DIVISLAB,6065.5,6009.0,6068.0,5970.0,6116.5,60961,6011.11,6065.5,50,6068.0,218,
2026-04-13T10:28:43.190,NC,DIVISLAB,6065.5,6009.0,6068.0,5970.0,6116.5,60962,6011.11,6065.5,42,6068.0,218,
2026-04-13T10:28:44.193,NC,DIVISLAB,6067.5,6009.0,6068.0,5970.0,6116.5,60987,6011.14,6065.5,38,6068.0,237,
2026-04-13T10:28:45.202,NC,DIVISLAB,6068.0,6009.0,6068.0,5970.0,6116.5,60989,6011.14,6065.5,38,6068.0,235,
2026-04-13T10:28:47.306,NC,DIVISLAB,6068.0,6009.0,6068.0,5970.0,6116.5,61012,6011.16,6065.5,16,6068.0,213,
2026-04-13T10:28:54.804,NC,DIVISLAB,6068.0,6009.0,6068.0,5970.0,6116.5,61262,6011.39,6065.5,16,6066.0,1,
2026-04-13T10:28:55.800,NC,DIVISLAB,6068.5,6009.0,6068.5,5970.0,6116.5,61280,6011.41,6065.5,41,6068.5,33,
2026-04-13T10:28:56.802,NC,DIVISLAB,6068.5,6009.0,6068.5,5970.0,6116.5,61301,6011.43,6067.0,20,6068.5,3,
2026-04-13T10:28:57.801,NC,DIVISLAB,6068.5,6009.0,6068.5,5970.0,6116.5,61303,6011.43,6067.0,20,6068.5,1,
2026-04-13T10:28:58.903,NC,DIVISLAB,6068.5,6009.0,6068.5,5970.0,6116.5,61318,6011.44,6067.0,6,6069.0,155,
2026-04-13T10:29:02.012,NC,DIVISLAB,6068.0,6009.0,6068.5,5970.0,6116.5,61322,6011.44,6068.0,96,6069.0,143,
2026-04-13T10:29:04.242,NC,DIVISLAB,6068.0,6009.0,6069.0,5970.0,6116.5,61329,6011.45,6068.0,147,6069.0,132,
2026-04-13T10:29:05.323,NC,DIVISLAB,6069.0,6009.0,6069.0,5970.0,6116.5,61330,6011.45,6068.0,157,6069.0,127,
2026-04-13T10:29:08.426,NC,DIVISLAB,6068.0,6009.0,6069.0,5970.0,6116.5,61340,6011.46,6068.0,147,6069.0,131,
2026-04-13T10:29:10.625,NC,DIVISLAB,6069.0,6009.0,6069.0,5970.0,6116.5,61359,6011.48,6068.0,147,6069.0,112,
2026-04-13T10:29:12.634,NC,DIVISLAB,6067.5,6009.0,6069.0,5970.0,6116.5,61572,6011.67,6065.5,27,6067.5,47,
2026-04-13T10:29:13.737,NC,DIVISLAB,6067.0,6009.0,6069.0,5970.0,6116.5,61588,6011.69,6065.5,27,6067.0,19,
2026-04-13T10:29:14.835,NC,DIVISLAB,6065.5,6009.0,6069.0,5970.0,6116.5,61632,6011.73,6063.5,11,6065.5,6,
2026-04-13T10:29:18.044,NC,DIVISLAB,6063.5,6009.0,6069.0,5970.0,6116.5,61639,6011.73,6063.5,4,6065.0,33,
2026-04-13T10:29:22.461,NC,DIVISLAB,6059.5,6009.0,6069.0,5970.0,6116.5,61739,6011.81,6060.0,51,6064.0,34,
2026-04-13T10:29:23.455,NC,DIVISLAB,6064.5,6009.0,6069.0,5970.0,6116.5,61747,6011.82,6060.0,73,6064.0,6,
2026-04-13T10:29:45.698,NC,DIVISLAB,6063.0,6009.0,6069.0,5970.0,6116.5,61802,6011.86,6060.5,52,6063.0,1,
2026-04-13T10:29:57.018,NC,DIVISLAB,6060.5,6009.0,6069.0,5970.0,6116.5,61853,6011.9,6060.5,41,6063.0,11,
2026-04-13T10:30:02.735,NC,DIVISLAB,6063.0,6009.0,6069.0,5970.0,6116.5,61858,6011.91,6060.5,187,6063.0,27,
2026-04-13T10:30:09.249,NC,DIVISLAB,6063.5,6009.0,6069.0,5970.0,6116.5,61879,6011.92,6060.5,257,6063.5,28,
2026-04-13T10:30:16.052,NC,DIVISLAB,6063.5,6009.0,6069.0,5970.0,6116.5,61880,6011.92,6063.5,2,6064.5,13,
2026-04-13T10:30:22.475,NC,DIVISLAB,6065.0,6009.0,6069.0,5970.0,6116.5,61891,6011.93,6064.5,5,6066.5,34,
2026-04-13T10:30:28.876,NC,DIVISLAB,6066.5,6009.0,6069.0,5970.0,6116.5,61892,6011.93,6064.5,17,6066.5,7,
2026-04-13T10:30:35.174,NC,DIVISLAB,6067.0,6009.0,6069.0,5970.0,6116.5,61905,6011.95,6066.5,19,6067.0,26,
2026-04-13T10:30:41.387,NC,DIVISLAB,6067.0,6009.0,6069.0,5970.0,6116.5,61925,6011.96,6066.5,20,6067.0,23,
2026-04-13T10:30:47.395,NC,DIVISLAB,6067.0,6009.0,6069.0,5970.0,6116.5,61940,6011.98,6066.5,6,6067.0,6,
2026-04-13T10:30:53.502,NC,DIVISLAB,6067.5,6009.0,6069.0,5970.0,6116.5,61943,6011.98,6066.0,15,6067.5,20,
2026-04-13T10:31:05.613,NC,DIVISLAB,6068.0,6009.0,6069.0,5970.0,6116.5,61973,6012.0,6065.5,23,6067.5,1,
2026-04-13T10:31:12.017,NC,DIVISLAB,6067.5,6009.0,6069.0,5970.0,6116.5,61974,6012.01,6066.5,23,6068.0,3,
2026-04-13T10:31:18.225,NC,DIVISLAB,6068.0,6009.0,6069.0,5970.0,6116.5,61977,6012.01,6066.5,69,6068.5,1,
2026-04-13T10:31:30.544,NC,DIVISLAB,6066.5,6009.0,6069.0,5970.0,6116.5,61979,6012.01,6066.5,110,6068.5,11,
2026-04-13T10:31:36.537,NC,DIVISLAB,6070.0,6009.0,6070.0,5970.0,6116.5,62093,6012.11,6069.0,33,6070.5,13,
2026-04-13T10:31:42.345,NC,DIVISLAB,6071.0,6009.0,6071.0,5970.0,6116.5,62100,6012.12,6070.0,6,6071.0,29,
2026-04-13T10:31:47.954,NC,DIVISLAB,6071.0,6009.0,6071.0,5970.0,6116.5,62180,6012.2,6069.0,18,6071.0,60,
2026-04-13T10:31:53.660,NC,DIVISLAB,6071.0,6009.0,6071.0,5970.0,6116.5,62200,6012.21,6069.0,25,6071.0,66,
2026-04-13T10:31:59.984,NC,DIVISLAB,6070.0,6009.0,6071.0,5970.0,6116.5,62202,6012.22,6069.0,25,6070.0,8,
2026-04-13T10:32:06.280,NC,DIVISLAB,6072.0,6009.0,6072.5,5970.0,6116.5,62552,6012.54,6069.0,42,6072.0,7,
2026-04-13T10:32:12.488,NC,DIVISLAB,6073.0,6009.0,6073.0,5970.0,6116.5,62574,6012.57,6070.5,42,6072.5,9,
2026-04-13T10:32:18.398,NC,DIVISLAB,6072.0,6009.0,6073.0,5970.0,6116.5,62664,6012.65,6071.0,1,6072.0,13,
2026-04-13T10:32:29.718,NC,DIVISLAB,6072.0,6009.0,6073.0,5970.0,6116.5,62677,6012.66,6071.0,11,6072.0,3,
2026-04-13T10:32:35.625,NC,DIVISLAB,6072.0,6009.0,6073.0,5970.0,6116.5,62678,6012.66,6071.5,22,6072.0,2,
2026-04-13T10:32:41.432,NC,DIVISLAB,6072.0,6009.0,6073.0,5970.0,6116.5,62704,6012.69,6071.0,9,6071.5,3,
2026-04-13T10:32:53.039,NC,DIVISLAB,6070.5,6009.0,6073.0,5970.0,6116.5,62821,6012.79,6069.5,22,6070.5,8,
2026-04-13T10:32:59.146,NC,DIVISLAB,6070.5,6009.0,6073.0,5970.0,6116.5,62861,6012.83,6069.5,2,6070.5,21,
2026-04-13T10:33:04.762,NC,DIVISLAB,6070.0,6009.0,6073.0,5970.0,6116.5,62959,6012.92,6067.0,3,6069.0,3,
2026-04-13T10:33:10.469,NC,DIVISLAB,6070.5,6009.0,6073.0,5970.0,6116.5,62969,6012.92,6066.5,11,6070.0,26,
2026-04-13T10:33:16.072,NC,DIVISLAB,6069.5,6009.0,6073.0,5970.0,6116.5,62970,6012.93,6069.5,4,6070.0,25,
2026-04-13T10:33:21.978,NC,DIVISLAB,6069.5,6009.0,6073.0,5970.0,6116.5,62975,6012.93,6066.0,5,6069.5,36,
2026-04-13T10:33:28.011,NC,DIVISLAB,6069.0,6009.0,6073.0,5970.0,6116.5,62991,6012.94,6065.5,26,6068.5,10,
2026-04-13T10:33:33.612,NC,DIVISLAB,6069.0,6009.0,6073.0,5970.0,6116.5,63012,6012.96,6065.5,10,6068.5,35,
2026-04-13T10:33:39.733,NC,DIVISLAB,6067.0,6009.0,6073.0,5970.0,6116.5,63014,6012.96,6065.0,12,6067.0,16,
2026-04-13T10:33:45.921,NC,DIVISLAB,6063.5,6009.0,6073.0,5970.0,6116.5,63016,6012.97,6061.5,11,6064.0,55,
2026-04-13T10:33:58.573,NC,DIVISLAB,6061.5,6009.0,6073.0,5970.0,6116.5,63023,6012.97,6061.5,4,6063.5,47,
2026-04-13T10:34:04.538,NC,DIVISLAB,6062.5,6009.0,6073.0,5970.0,6116.5,63047,6012.99,6059.0,22,6062.5,15,
2026-04-13T10:34:10.646,NC,DIVISLAB,6062.5,6009.0,6073.0,5970.0,6116.5,63048,6012.99,6058.0,24,6062.5,39,
2026-04-13T10:34:29.799,NC,DIVISLAB,6057.5,6009.0,6073.0,5970.0,6116.5,63050,6012.99,6057.5,8,6060.5,42,
2026-04-13T10:34:35.794,NC,DIVISLAB,6060.5,6009.0,6073.0,5970.0,6116.5,63051,6012.99,6057.5,8,6060.5,29,
2026-04-13T10:35:23.074,NC,DIVISLAB,6062.0,6009.0,6073.0,5970.0,6116.5,63062,6013.0,6058.5,37,6062.0,27,
2026-04-13T10:35:28.469,NC,DIVISLAB,6058.0,6009.0,6073.0,5970.0,6116.5,63063,6013.0,6058.0,18,6061.0,11,
2026-04-13T10:35:56.508,NC,DIVISLAB,6061.0,6009.0,6073.0,5970.0,6116.5,63074,6013.01,6057.5,12,6058.0,100,
2026-04-13T10:36:02.310,NC,DIVISLAB,6057.5,6009.0,6073.0,5970.0,6116.5,63087,6013.02,6057.0,126,6057.5,3,
2026-04-13T10:36:08.003,NC,DIVISLAB,6058.0,6009.0,6073.0,5970.0,6116.5,63286,6013.16,6056.0,55,6058.0,19,
2026-04-13T10:36:13.935,NC,DIVISLAB,6052.0,6009.0,6073.0,5970.0,6116.5,63406,6013.24,6050.0,8,6052.0,28,
2026-04-13T10:36:19.829,NC,DIVISLAB,6052.0,6009.0,6073.0,5970.0,6116.5,63407,6013.24,6050.0,9,6052.0,41,
2026-04-13T10:36:26.130,NC,DIVISLAB,6051.5,6009.0,6073.0,5970.0,6116.5,63495,6013.28,6048.0,30,6051.5,9,
2026-04-13T10:36:31.846,NC,DIVISLAB,6051.5,6009.0,6073.0,5970.0,6116.5,63496,6013.29,6047.5,9,6051.0,42,
2026-04-13T10:36:37.549,NC,DIVISLAB,6051.0,6009.0,6073.0,5970.0,6116.5,63530,6013.3,6047.5,13,6051.0,58,
2026-04-13T10:36:43.268,NC,DIVISLAB,6051.0,6009.0,6073.0,5970.0,6116.5,63541,6013.31,6048.0,32,6051.0,13,
2026-04-13T10:36:54.973,NC,DIVISLAB,6052.5,6009.0,6073.0,5970.0,6116.5,63802,6013.47,6049.0,6,6051.5,39,
2026-04-13T10:37:13.430,NC,DIVISLAB,6051.0,6009.0,6073.0,5970.0,6116.5,63809,6013.47,6049.0,40,6051.0,3,
2026-04-13T10:37:19.536,NC,DIVISLAB,6051.0,6009.0,6073.0,5970.0,6116.5,63839,6013.49,6049.0,29,6051.0,3,
2026-04-13T10:37:25.289,NC,DIVISLAB,6049.0,6009.0,6073.0,5970.0,6116.5,63840,6013.49,6049.0,6,6051.0,3,
2026-04-13T10:37:30.756,NC,DIVISLAB,6052.0,6009.0,6073.0,5970.0,6116.5,63873,6013.51,6049.5,11,6052.0,53,
2026-04-13T10:37:36.360,NC,DIVISLAB,6049.5,6009.0,6073.0,5970.0,6116.5,63880,6013.51,6049.5,40,6052.0,53,
2026-04-13T10:37:42.068,NC,DIVISLAB,6052.0,6009.0,6073.0,5970.0,6116.5,63881,6013.51,6050.0,26,6052.0,52,
2026-04-13T10:37:47.888,NC,DIVISLAB,6055.0,6009.0,6073.0,5970.0,6116.5,64059,6013.63,6052.5,15,6055.0,13,
2026-04-13T10:37:53.597,NC,DIVISLAB,6055.0,6009.0,6073.0,5970.0,6116.5,64080,6013.64,6053.0,7,6055.5,8,
2026-04-13T10:37:59.710,NC,DIVISLAB,6058.5,6009.0,6073.0,5970.0,6116.5,64201,6013.72,6055.5,16,6058.5,97,
2026-04-13T10:38:05.406,NC,DIVISLAB,6053.0,6009.0,6073.0,5970.0,6116.5,64444,6013.88,6051.0,11,6053.0,83,
2026-04-13T10:38:11.216,NC,DIVISLAB,6056.0,6009.0,6073.0,5970.0,6116.5,64559,6013.95,6051.0,39,6052.5,96,
2026-04-13T10:38:17.120,NC,DIVISLAB,6055.5,6009.0,6073.0,5970.0,6116.5,64765,6014.07,6052.0,29,6055.5,14,
2026-04-13T10:38:23.223,NC,DIVISLAB,6056.0,6009.0,6073.0,5970.0,6116.5,64808,6014.1,6056.0,2,6056.5,10,
2026-04-13T10:38:29.246,NC,DIVISLAB,6059.0,6009.0,6073.0,5970.0,6116.5,64826,6014.11,6056.0,36,6057.5,3,
2026-04-13T10:38:34.842,NC,DIVISLAB,6059.0,6009.0,6073.0,5970.0,6116.5,64829,6014.11,6056.5,33,6059.0,43,
2026-04-13T10:38:37.063,NC,DIVISLAB,6059.0,6009.0,6073.0,5970.0,6116.5,64848,6014.12,6056.5,33,6059.0,46,
2026-04-13T10:38:41.256,NC,DIVISLAB,6059.0,6009.0,6073.0,5970.0,6116.5,64849,6014.12,6056.5,33,6059.0,45,
2026-04-13T10:38:47.264,NC,DIVISLAB,6056.5,6009.0,6073.0,5970.0,6116.5,64852,6014.13,6056.5,30,6058.5,8,
2026-04-13T10:38:52.574,NC,DIVISLAB,6054.0,6009.0,6073.0,5970.0,6116.5,64919,6014.17,6054.0,35,6056.0,1,
2026-04-13T10:38:53.577,NC,DIVISLAB,6056.0,6009.0,6073.0,5970.0,6116.5,64924,6014.17,6054.0,35,6056.5,100,
2026-04-13T10:38:55.682,NC,DIVISLAB,6054.0,6009.0,6073.0,5970.0,6116.5,64952,6014.19,6054.0,7,6056.0,11,
2026-04-13T10:38:56.784,NC,DIVISLAB,6056.0,6009.0,6073.0,5970.0,6116.5,64954,6014.19,6054.0,7,6056.0,9,
2026-04-13T10:39:06.009,NC,DIVISLAB,6055.5,6009.0,6073.0,5970.0,6116.5,64958,6014.19,6054.0,4,6055.5,112,
2026-04-13T10:39:12.310,NC,DIVISLAB,6057.0,6009.0,6073.0,5970.0,6116.5,65079,6014.27,6056.5,11,6060.0,15,
2026-04-13T10:39:13.417,NC,DIVISLAB,6060.0,6009.0,6073.0,5970.0,6116.5,65088,6014.28,6056.5,20,6060.5,36,
2026-04-13T10:39:18.819,NC,DIVISLAB,6060.5,6009.0,6073.0,5970.0,6116.5,65131,6014.31,6056.5,26,6060.5,4,
2026-04-13T10:39:26.035,NC,DIVISLAB,6057.0,6009.0,6073.0,5970.0,6116.5,65147,6014.32,6054.5,10,6059.0,51,
2026-04-13T10:39:27.038,NC,DIVISLAB,6058.0,6009.0,6073.0,5970.0,6116.5,65148,6014.32,6056.0,10,6059.0,25,
2026-04-13T10:39:30.934,NC,DIVISLAB,6057.5,6009.0,6073.0,5970.0,6116.5,65154,6014.32,6057.5,12,6060.5,16,
2026-04-13T10:39:33.936,NC,DIVISLAB,6060.5,6009.0,6073.0,5970.0,6116.5,65159,6014.33,6057.5,12,6060.5,11,
2026-04-13T10:39:34.950,NC,DIVISLAB,6060.5,6009.0,6073.0,5970.0,6116.5,65160,6014.33,6057.5,12,6060.5,5,
2026-04-13T10:39:55.472,NC,DIVISLAB,6056.5,6009.0,6073.0,5970.0,6116.5,65161,6014.33,6056.5,17,6059.5,10,
2026-04-13T10:40:24.924,NC,DIVISLAB,6056.5,6009.0,6073.0,5970.0,6116.5,65163,6014.33,6055.5,23,6058.5,5,
2026-04-13T10:40:36.447,NC,DIVISLAB,6058.5,6009.0,6073.0,5970.0,6116.5,65174,6014.34,6055.5,23,6058.5,22,
2026-04-13T10:40:53.084,NC,DIVISLAB,6052.0,6009.0,6073.0,5970.0,6116.5,65275,6014.4,6052.0,63,6053.0,119,
2026-04-13T10:40:58.888,NC,DIVISLAB,6052.5,6009.0,6073.0,5970.0,6116.5,65469,6014.5,6048.5,53,6052.5,2,
2026-04-13T10:41:04.679,NC,DIVISLAB,6055.0,6009.0,6073.0,5970.0,6116.5,65562,6014.55,6051.5,11,6054.0,7,
2026-04-13T10:41:10.392,NC,DIVISLAB,6050.5,6009.0,6073.0,5970.0,6116.5,65717,6014.63,6047.5,31,6050.5,6,
2026-04-13T10:41:16.107,NC,DIVISLAB,6050.5,6009.0,6073.0,5970.0,6116.5,65719,6014.63,6047.5,33,6050.5,1,
2026-04-13T10:41:22.111,NC,DIVISLAB,6050.5,6009.0,6073.0,5970.0,6116.5,65721,6014.63,6047.5,36,6050.5,82,
2026-04-13T10:41:27.740,NC,DIVISLAB,6050.5,6009.0,6073.0,5970.0,6116.5,65922,6014.73,6048.5,31,6052.0,13,
2026-04-13T10:41:33.231,NC,DIVISLAB,6052.5,6009.0,6073.0,5970.0,6116.5,66053,6014.8,6049.5,34,6053.0,11,
2026-04-13T10:41:39.336,NC,DIVISLAB,6052.5,6009.0,6073.0,5970.0,6116.5,66090,6014.82,6051.0,38,6053.5,49,
2026-04-13T10:41:46.454,NC,DIVISLAB,6043.0,6009.0,6073.0,5970.0,6116.5,66488,6015.01,6041.0,10,6043.0,2,
2026-04-13T10:41:53.444,NC,DIVISLAB,6033.0,6009.0,6073.0,5970.0,6116.5,66798,6015.11,6032.5,8,6036.5,31,
2026-04-13T10:42:00.460,NC,DIVISLAB,6040.5,6009.0,6073.0,5970.0,6116.5,67160,6015.21,6038.5,13,6041.5,3,
2026-04-13T10:42:07.071,NC,DIVISLAB,6040.5,6009.0,6073.0,5970.0,6116.5,67221,6015.23,6036.0,11,6039.5,35,
2026-04-13T10:42:13.680,NC,DIVISLAB,6036.0,6009.0,6073.0,5970.0,6116.5,67222,6015.23,6036.0,18,6039.0,30,
2026-04-13T10:42:20.186,NC,DIVISLAB,6039.0,6009.0,6073.0,5970.0,6116.5,67223,6015.23,6036.0,32,6039.0,7,
2026-04-13T10:42:32.403,NC,DIVISLAB,6040.5,6009.0,6073.0,5970.0,6116.5,67294,6015.26,6037.5,11,6040.5,14,
2026-04-13T10:42:44.162,NC,DIVISLAB,6041.0,6009.0,6073.0,5970.0,6116.5,67348,6015.28,6037.5,35,6041.0,36,
2026-04-13T10:43:13.328,NC,DIVISLAB,6044.5,6009.0,6073.0,5970.0,6116.5,67373,6015.29,6041.0,5,6044.5,35,
2026-04-13T10:43:25.340,NC,DIVISLAB,6045.5,6009.0,6073.0,5970.0,6116.5,67394,6015.3,6042.0,1,6044.5,10,
2026-04-13T10:43:48.857,NC,DIVISLAB,6045.5,6009.0,6073.0,5970.0,6116.5,67481,6015.34,6042.5,15,6045.5,33,
2026-04-13T10:43:59.581,NC,DIVISLAB,6047.5,6009.0,6073.0,5970.0,6116.5,67488,6015.34,6045.0,24,6046.0,7,
2026-04-13T10:44:05.283,NC,DIVISLAB,6048.0,6009.0,6073.0,5970.0,6116.5,67522,6015.36,6045.0,23,6048.0,60,
2026-04-13T10:44:11.386,NC,DIVISLAB,6048.0,6009.0,6073.0,5970.0,6116.5,67677,6015.43,6043.0,67,6048.0,24,
2026-04-13T10:44:46.137,NC,DIVISLAB,6047.0,6009.0,6073.0,5970.0,6116.5,67679,6015.43,6046.0,12,6048.5,21,
2026-04-13T10:44:51.761,NC,DIVISLAB,6048.5,6009.0,6073.0,5970.0,6116.5,67689,6015.43,6046.0,7,6049.0,22,
2026-04-13T10:45:22.102,NC,DIVISLAB,6051.5,6009.0,6073.0,5970.0,6116.5,67719,6015.45,6049.0,18,6051.5,8,
2026-04-13T10:45:28.112,NC,DIVISLAB,6051.5,6009.0,6073.0,5970.0,6116.5,67754,6015.46,6048.0,38,6051.0,42,
2026-04-13T10:45:34.430,NC,DIVISLAB,6051.0,6009.0,6073.0,5970.0,6116.5,67833,6015.5,6048.5,14,6051.0,10,
2026-04-13T10:45:40.635,NC,DIVISLAB,6053.5,6009.0,6073.0,5970.0,6116.5,68073,6015.62,6050.0,42,6053.0,7,
2026-04-13T10:45:46.244,NC,DIVISLAB,6053.0,6009.0,6073.0,5970.0,6116.5,68127,6015.65,6050.5,10,6053.0,29,
2026-04-13T10:45:51.862,NC,DIVISLAB,6053.0,6009.0,6073.0,5970.0,6116.5,68135,6015.65,6051.5,14,6053.0,16,
2026-04-13T10:45:57.356,NC,DIVISLAB,6053.0,6009.0,6073.0,5970.0,6116.5,68145,6015.66,6051.5,5,6053.0,21,
2026-04-13T10:46:09.379,NC,DIVISLAB,6052.0,6009.0,6073.0,5970.0,6116.5,68193,6015.68,6051.5,5,6052.0,55,
2026-04-13T10:46:27.482,NC,DIVISLAB,6055.0,6009.0,6073.0,5970.0,6116.5,68277,6015.73,6052.0,30,6055.0,114,
2026-04-13T10:46:33.498,NC,DIVISLAB,6052.0,6009.0,6073.0,5970.0,6116.5,68319,6015.75,6050.5,51,6054.0,22,
2026-04-13T10:46:50.716,NC,DIVISLAB,6053.5,6009.0,6073.0,5970.0,6116.5,68360,6015.77,6050.5,35,6053.5,13,
2026-04-13T10:47:03.142,NC,DIVISLAB,6054.0,6009.0,6073.0,5970.0,6116.5,68489,6015.84,6050.0,22,6053.0,18,
2026-04-13T10:47:09.481,NC,DIVISLAB,6053.5,6009.0,6073.0,5970.0,6116.5,68508,6015.85,6050.5,15,6053.5,9,
2026-04-13T10:47:22.164,NC,DIVISLAB,6056.0,6009.0,6073.0,5970.0,6116.5,68687,6015.95,6052.5,35,6056.0,27,
2026-04-13T10:47:28.373,NC,DIVISLAB,6055.0,6009.0,6073.0,5970.0,6116.5,68712,6015.96,6052.5,26,6055.0,43,
2026-04-13T10:47:40.883,NC,DIVISLAB,6055.0,6009.0,6073.0,5970.0,6116.5,68713,6015.96,6052.5,32,6055.0,40,
2026-04-13T10:47:58.610,NC,DIVISLAB,6055.0,6009.0,6073.0,5970.0,6116.5,68719,6015.97,6053.0,29,6055.5,6,
2026-04-13T10:48:10.832,NC,DIVISLAB,6057.0,6009.0,6073.0,5970.0,6116.5,68739,6015.98,6054.5,9,6055.5,1,
2026-04-13T10:48:29.053,NC,DIVISLAB,6054.5,6009.0,6073.0,5970.0,6116.5,68784,6016.0,6054.5,11,6056.0,39,
2026-04-13T10:48:34.858,NC,DIVISLAB,6056.0,6009.0,6073.0,5970.0,6116.5,68786,6016.01,6054.5,29,6056.0,29,
2026-04-13T10:48:52.872,NC,DIVISLAB,6056.0,6009.0,6073.0,5970.0,6116.5,68796,6016.01,6054.5,30,6056.0,23,
2026-04-13T10:49:11.016,NC,DIVISLAB,6056.0,6009.0,6073.0,5970.0,6116.5,68829,6016.03,6054.0,19,6056.0,39,
2026-04-13T10:49:17.716,NC,DIVISLAB,6054.0,6009.0,6073.0,5970.0,6116.5,68836,6016.03,6054.0,12,6055.0,28,
2026-04-13T10:49:24.222,NC,DIVISLAB,6055.0,6009.0,6073.0,5970.0,6116.5,68838,6016.04,6054.0,33,6055.0,1,
2026-04-13T10:49:30.430,NC,DIVISLAB,6055.0,6009.0,6073.0,5970.0,6116.5,68840,6016.04,6054.0,32,6055.5,5,
2026-04-13T10:50:00.574,NC,DIVISLAB,6056.5,6009.0,6073.0,5970.0,6116.5,68841,6016.04,6055.0,10,6057.0,15,
2026-04-13T10:50:06.575,NC,DIVISLAB,6057.5,6009.0,6073.0,5970.0,6116.5,68843,6016.04,6055.0,9,6057.5,8,
2026-04-13T10:50:18.621,NC,DIVISLAB,6060.0,6009.0,6073.0,5970.0,6116.5,68894,6016.07,6058.5,1,6060.0,112,
2026-04-13T10:50:30.846,NC,DIVISLAB,6060.0,6009.0,6073.0,5970.0,6116.5,68904,6016.08,6058.5,28,6060.0,124,
2026-04-13T10:50:43.251,NC,DIVISLAB,6060.0,6009.0,6073.0,5970.0,6116.5,68910,6016.08,6058.5,25,6060.0,123,
2026-04-13T10:50:49.182,NC,DIVISLAB,6058.5,6009.0,6073.0,5970.0,6116.5,68911,6016.08,6058.5,19,6060.0,123,
2026-04-13T10:51:01.175,NC,DIVISLAB,6060.0,6009.0,6073.0,5970.0,6116.5,68935,6016.1,6058.5,11,6060.0,119,
2026-04-13T10:51:07.083,NC,DIVISLAB,6058.5,6009.0,6073.0,5970.0,6116.5,68938,6016.1,6058.5,8,6060.0,119,
2026-04-13T10:51:12.989,NC,DIVISLAB,6060.0,6009.0,6073.0,5970.0,6116.5,68961,6016.11,6058.5,8,6060.0,136,
2026-04-13T10:51:54.042,NC,DIVISLAB,6060.0,6009.0,6073.0,5970.0,6116.5,69086,6016.19,6058.0,11,6060.0,89,
2026-04-13T10:51:59.756,NC,DIVISLAB,6058.0,6009.0,6073.0,5970.0,6116.5,69097,6016.2,6057.0,11,6058.0,2,
2026-04-13T10:52:05.548,NC,DIVISLAB,6057.5,6009.0,6073.0,5970.0,6116.5,69108,6016.2,6057.0,27,6059.5,6,
2026-04-13T10:52:11.564,NC,DIVISLAB,6059.5,6009.0,6073.0,5970.0,6116.5,69109,6016.2,6057.5,7,6060.0,93,
2026-04-13T10:52:17.561,NC,DIVISLAB,6060.0,6009.0,6073.0,5970.0,6116.5,69111,6016.2,6057.5,24,6060.0,85,
2026-04-13T10:52:23.790,NC,DIVISLAB,6065.5,6009.0,6073.0,5970.0,6116.5,69550,6016.48,6063.0,8,6065.5,14,
2026-04-13T10:52:30.078,NC,DIVISLAB,6064.0,6009.0,6073.0,5970.0,6116.5,69589,6016.51,6064.0,19,6066.0,6,
2026-04-13T10:52:35.900,NC,DIVISLAB,6065.0,6009.0,6073.0,5970.0,6116.5,69608,6016.52,6065.0,5,6067.0,9,
2026-04-13T10:52:41.798,NC,DIVISLAB,6066.0,6009.0,6073.0,5970.0,6116.5,69634,6016.54,6065.0,19,6066.5,9,
2026-04-13T10:52:47.810,NC,DIVISLAB,6066.5,6009.0,6073.0,5970.0,6116.5,69663,6016.56,6064.0,30,6066.5,13,
2026-04-13T10:52:53.505,NC,DIVISLAB,6065.5,6009.0,6073.0,5970.0,6116.5,69695,6016.58,6063.5,67,6064.0,21,
2026-04-13T10:52:59.122,NC,DIVISLAB,6065.0,6009.0,6073.0,5970.0,6116.5,69780,6016.64,6063.0,39,6065.5,6,
2026-04-13T10:53:10.623,NC,DIVISLAB,6066.0,6009.0,6073.0,5970.0,6116.5,69898,6016.72,6063.0,29,6065.5,21,
2026-04-13T10:53:16.264,NC,DIVISLAB,6062.5,6009.0,6073.0,5970.0,6116.5,69930,6016.74,6059.5,14,6062.5,4,
2026-04-13T10:53:33.450,NC,DIVISLAB,6061.0,6009.0,6073.0,5970.0,6116.5,69935,6016.75,6058.5,9,6061.0,12,
2026-04-13T10:53:39.457,NC,DIVISLAB,6061.0,6009.0,6073.0,5970.0,6116.5,69940,6016.75,6058.5,1,6061.0,10,
2026-04-13T10:53:51.484,NC,DIVISLAB,6061.0,6009.0,6073.0,5970.0,6116.5,69943,6016.75,6058.5,1,6061.0,26,
2026-04-13T10:54:27.736,NC,DIVISLAB,6061.0,6009.0,6073.0,5970.0,6116.5,69944,6016.75,6058.5,22,6061.0,6,
2026-04-13T10:54:33.850,NC,DIVISLAB,6060.5,6009.0,6073.0,5970.0,6116.5,69949,6016.76,6058.0,23,6060.5,2,
2026-04-13T10:54:46.457,NC,DIVISLAB,6060.5,6009.0,6073.0,5970.0,6116.5,69955,6016.76,6061.0,4,6062.0,6,
2026-04-13T10:55:04.281,NC,DIVISLAB,6063.5,6009.0,6073.0,5970.0,6116.5,69963,6016.77,6061.0,22,6064.0,22,
2026-04-13T10:55:29.013,NC,DIVISLAB,6064.5,6009.0,6073.0,5970.0,6116.5,70017,6016.8,6061.5,12,6065.0,34,
2026-04-13T10:55:34.936,NC,DIVISLAB,6065.0,6009.0,6073.0,5970.0,6116.5,70022,6016.8,6062.0,23,6065.0,16,
2026-04-13T10:56:12.677,NC,DIVISLAB,6066.5,6009.0,6073.0,5970.0,6116.5,70095,6016.86,6063.0,16,6066.5,14,
2026-04-13T10:56:18.575,NC,DIVISLAB,6066.0,6009.0,6073.0,5970.0,6116.5,70107,6016.86,6063.0,26,6065.0,1,
2026-04-13T10:56:24.490,NC,DIVISLAB,6063.0,6009.0,6073.0,5970.0,6116.5,70109,6016.86,6063.0,31,6065.0,1,
2026-04-13T10:56:30.605,NC,DIVISLAB,6067.5,6009.0,6073.0,5970.0,6116.5,70150,6016.89,6064.0,19,6067.0,9,
2026-04-13T10:56:36.696,NC,DIVISLAB,6064.0,6009.0,6073.0,5970.0,6116.5,70151,6016.89,6063.0,37,6066.5,22,
2026-04-13T10:56:42.909,NC,DIVISLAB,6066.5,6009.0,6073.0,5970.0,6116.5,70152,6016.89,6064.0,24,6066.5,3,
2026-04-13T10:57:13.281,NC,DIVISLAB,6067.5,6009.0,6073.0,5970.0,6116.5,70193,6016.92,6064.0,39,6067.0,9,
2026-04-13T10:57:19.396,NC,DIVISLAB,6067.0,6009.0,6073.0,5970.0,6116.5,70198,6016.93,6064.0,26,6067.0,11,
2026-04-13T10:57:31.228,NC,DIVISLAB,6067.0,6009.0,6073.0,5970.0,6116.5,70200,6016.93,6064.0,23,6067.0,12,
2026-04-13T10:57:43.058,NC,DIVISLAB,6064.0,6009.0,6073.0,5970.0,6116.5,70201,6016.93,6064.0,22,6067.0,10,
2026-04-13T10:57:48.644,NC,DIVISLAB,6065.0,6009.0,6073.0,5970.0,6116.5,70206,6016.93,6065.0,14,6067.5,3,
2026-04-13T10:57:54.357,NC,DIVISLAB,6067.5,6009.0,6073.0,5970.0,6116.5,70207,6016.93,6065.0,24,6068.0,27,
2026-04-13T10:58:11.969,NC,DIVISLAB,6068.0,6009.0,6073.0,5970.0,6116.5,70208,6016.93,6067.5,22,6068.0,2,
2026-04-13T10:58:24.204,NC,DIVISLAB,6068.5,6009.0,6073.0,5970.0,6116.5,70262,6016.97,6066.5,29,6068.5,11,
2026-04-13T10:58:30.603,NC,DIVISLAB,6068.5,6009.0,6073.0,5970.0,6116.5,70272,6016.98,6066.5,33,6068.5,23,
2026-04-13T10:58:42.722,NC,DIVISLAB,6066.0,6009.0,6073.0,5970.0,6116.5,70315,6017.01,6064.0,79,6066.0,83,
2026-04-13T10:58:48.218,NC,DIVISLAB,6064.0,6009.0,6073.0,5970.0,6116.5,70398,6017.07,6063.5,13,6066.0,14,
2026-04-13T10:58:53.632,NC,DIVISLAB,6066.0,6009.0,6073.0,5970.0,6116.5,70404,6017.07,6064.5,1,6067.0,27,
2026-04-13T10:58:59.403,NC,DIVISLAB,6064.0,6009.0,6073.0,5970.0,6116.5,70407,6017.07,6064.0,23,6067.5,39,
2026-04-13T10:59:17.019,NC,DIVISLAB,6063.0,6009.0,6073.0,5970.0,6116.5,70412,6017.08,6063.5,36,6066.5,24,
2026-04-13T10:59:59.179,NC,DIVISLAB,6063.0,6009.0,6073.0,5970.0,6116.5,70421,6017.08,6063.0,42,6066.5,20,
2026-04-13T11:00:04.785,NC,DIVISLAB,6066.0,6009.0,6073.0,5970.0,6116.5,70532,6017.15,6063.0,6,6066.0,49,
2026-04-13T11:00:10.991,NC,DIVISLAB,6066.0,6009.0,6073.0,5970.0,6116.5,70553,6017.17,6063.0,17,6066.0,49,
2026-04-13T11:00:17.136,NC,DIVISLAB,6066.0,6009.0,6073.0,5970.0,6116.5,70554,6017.17,6063.0,17,6066.0,43,
2026-04-13T11:00:45.956,NC,DIVISLAB,6066.0,6009.0,6073.0,5970.0,6116.5,70555,6017.17,6066.0,40,6067.0,10,
2026-04-13T11:00:51.554,NC,DIVISLAB,6067.0,6009.0,6073.0,5970.0,6116.5,70587,6017.19,6066.0,11,6067.0,9,
2026-04-13T11:01:02.377,NC,DIVISLAB,6064.5,6009.0,6073.0,5970.0,6116.5,70596,6017.2,6064.0,11,6066.0,15,
2026-04-13T11:01:07.880,NC,DIVISLAB,6064.5,6009.0,6073.0,5970.0,6116.5,70597,6017.2,6064.5,1,6066.0,29,
2026-04-13T11:01:13.803,NC,DIVISLAB,6066.0,6009.0,6073.0,5970.0,6116.5,70598,6017.2,6064.5,1,6066.0,31,
2026-04-13T11:01:25.305,NC,DIVISLAB,6069.0,6009.0,6073.0,5970.0,6116.5,70607,6017.21,6065.0,50,6068.0,2,
2026-04-13T11:01:31.145,NC,DIVISLAB,6068.0,6009.0,6073.0,5970.0,6116.5,70715,6017.28,6065.0,41,6068.0,11,
2026-04-13T11:01:48.574,NC,DIVISLAB,6068.0,6009.0,6073.0,5970.0,6116.5,70731,6017.29,6065.0,22,6068.0,38,
2026-04-13T11:01:54.234,NC,DIVISLAB,6067.5,6009.0,6073.0,5970.0,6116.5,70732,6017.29,6065.0,22,6067.5,10,
2026-04-13T11:02:12.246,NC,DIVISLAB,6069.0,6009.0,6073.0,5970.0,6116.5,70764,6017.31,6066.0,10,6068.5,12,
2026-04-13T11:02:29.865,NC,DIVISLAB,6067.5,6009.0,6073.0,5970.0,6116.5,70796,6017.34,6065.0,31,6067.5,1,
2026-04-13T11:03:28.839,NC,DIVISLAB,6068.5,6009.0,6073.0,5970.0,6116.5,70808,6017.34,6065.0,67,6068.5,35,
2026-04-13T11:03:45.481,NC,DIVISLAB,6068.0,6009.0,6073.0,5970.0,6116.5,70816,6017.35,6065.5,25,6068.0,15,
2026-04-13T11:03:56.504,NC,DIVISLAB,6065.5,6009.0,6073.0,5970.0,6116.5,70826,6017.36,6065.5,10,6068.0,17,
2026-04-13T11:04:07.620,NC,DIVISLAB,6069.0,6009.0,6073.0,5970.0,6116.5,70859,6017.38,6066.5,10,6069.0,166,
2026-04-13T11:04:41.140,NC,DIVISLAB,6071.5,6009.0,6073.0,5970.0,6116.5,71034,6017.51,6068.5,38,6071.5,95,
2026-04-13T11:04:46.252,NC,DIVISLAB,6071.5,6009.0,6073.0,5970.0,6116.5,71046,6017.52,6068.5,86,6071.5,121,
2026-04-13T11:04:51.657,NC,DIVISLAB,6071.0,6009.0,6073.0,5970.0,6116.5,71153,6017.59,6068.5,42,6071.0,7,
2026-04-13T11:05:02.276,NC,DIVISLAB,6071.0,6009.0,6073.0,5970.0,6116.5,71155,6017.6,6069.0,34,6070.0,9,
2026-04-13T11:05:07.976,NC,DIVISLAB,6070.0,6009.0,6073.0,5970.0,6116.5,71173,6017.61,6069.0,51,6070.0,7,
2026-04-13T11:05:13.590,NC,DIVISLAB,6070.0,6009.0,6073.0,5970.0,6116.5,71183,6017.62,6070.0,54,6072.0,38,
2026-04-13T11:05:19.298,NC,DIVISLAB,6072.0,6009.0,6073.0,5970.0,6116.5,71186,6017.62,6070.0,126,6072.0,37,
2026-04-13T11:05:24.818,NC,DIVISLAB,6068.0,6009.0,6073.0,5970.0,6116.5,73001,6018.91,6066.0,22,6068.0,10,
2026-04-13T11:05:30.123,NC,DIVISLAB,6067.5,6009.0,6073.0,5970.0,6116.5,73194,6019.04,6065.5,14,6067.5,50,
2026-04-13T11:05:35.221,NC,DIVISLAB,6065.5,6009.0,6073.0,5970.0,6116.5,73302,6019.1,6064.5,2,6067.5,34,
2026-04-13T11:05:40.338,NC,DIVISLAB,6067.5,6009.0,6073.0,5970.0,6116.5,73303,6019.1,6064.5,24,6067.5,33,
2026-04-13T11:05:45.524,NC,DIVISLAB,6067.5,6009.0,6073.0,5970.0,6116.5,73304,6019.11,6065.0,36,6067.5,24,
2026-04-13T11:06:06.854,NC,DIVISLAB,6067.5,6009.0,6073.0,5970.0,6116.5,73321,6019.12,6065.5,6,6067.5,12,
2026-04-13T11:06:12.762,NC,DIVISLAB,6065.5,6009.0,6073.0,5970.0,6116.5,73326,6019.12,6065.5,5,6067.5,34,
2026-04-13T11:06:18.664,NC,DIVISLAB,6066.5,6009.0,6073.0,5970.0,6116.5,73389,6019.16,6064.0,20,6066.5,39,
2026-04-13T11:06:40.285,NC,DIVISLAB,6066.5,6009.0,6073.0,5970.0,6116.5,73394,6019.16,6064.0,35,6067.5,55,
2026-04-13T11:06:45.890,NC,DIVISLAB,6065.0,6009.0,6073.0,5970.0,6116.5,73421,6019.18,6063.5,40,6065.0,560,
2026-04-13T11:06:51.194,NC,DIVISLAB,6065.0,6009.0,6073.0,5970.0,6116.5,73464,6019.2,6063.0,40,6064.5,26,
2026-04-13T11:06:56.504,NC,DIVISLAB,6064.5,6009.0,6073.0,5970.0,6116.5,73507,6019.23,6061.0,51,6063.0,28,
2026-04-13T11:07:01.809,NC,DIVISLAB,6061.0,6009.0,6073.0,5970.0,6116.5,73717,6019.35,6060.0,10,6061.0,30,
2026-04-13T11:07:07.124,NC,DIVISLAB,6061.0,6009.0,6073.0,5970.0,6116.5,73732,6019.36,6060.0,8,6061.0,53,
2026-04-13T11:07:23.827,NC,DIVISLAB,6061.0,6009.0,6073.0,5970.0,6116.5,73798,6019.4,6060.5,31,6064.0,24,
2026-04-13T11:07:29.237,NC,DIVISLAB,6064.0,6009.0,6073.0,5970.0,6116.5,73799,6019.4,6060.5,7,6063.5,28,
2026-04-13T11:07:34.345,NC,DIVISLAB,6060.5,6009.0,6073.0,5970.0,6116.5,73817,6019.41,6059.5,29,6060.5,42,
2026-04-13T11:07:36.951,NC,DIVISLAB,6060.5,6009.0,6073.0,5970.0,6116.5,73838,6019.42,6059.5,3,6060.5,47,
2026-04-13T11:07:43.058,NC,DIVISLAB,6060.5,6009.0,6073.0,5970.0,6116.5,73839,6019.42,6059.5,3,6060.5,46,
2026-04-13T11:07:54.688,NC,DIVISLAB,6060.5,6009.0,6073.0,5970.0,6116.5,73840,6019.42,6059.5,4,6060.5,45,
2026-04-13T11:08:21.812,NC,DIVISLAB,6063.5,6009.0,6073.0,5970.0,6116.5,73926,6019.47,6060.0,47,6064.0,9,
2026-04-13T11:08:22.811,NC,DIVISLAB,6063.0,6009.0,6073.0,5970.0,6116.5,73961,6019.49,6060.0,6,6063.0,29,
2026-04-13T11:08:48.848,NC,DIVISLAB,6063.0,6009.0,6073.0,5970.0,6116.5,73973,6019.49,6061.5,1,6063.0,30,
2026-04-13T11:08:59.198,NC,DIVISLAB,6061.0,6009.0,6073.0,5970.0,6116.5,73983,6019.5,6061.0,17,6063.0,30,
2026-04-13T11:09:04.307,NC,DIVISLAB,6063.0,6009.0,6073.0,5970.0,6116.5,73995,6019.51,6061.0,2,6063.0,30,
2026-04-13T11:09:15.765,NC,DIVISLAB,6063.0,6009.0,6073.0,5970.0,6116.5,74000,6019.51,6061.0,8,6063.0,25,
2026-04-13T11:09:32.376,NC,DIVISLAB,6061.0,6009.0,6073.0,5970.0,6116.5,74001,6019.51,6061.0,12,6063.0,20,
2026-04-13T11:09:37.583,NC,DIVISLAB,6061.0,6009.0,6073.0,5970.0,6116.5,74009,6019.51,6061.0,2,6063.0,20,
2026-04-13T11:09:59.514,NC,DIVISLAB,6062.5,6009.0,6073.0,5970.0,6116.5,74019,6019.52,6060.5,7,6062.5,5,
2026-04-13T11:10:05.022,NC,DIVISLAB,6060.5,6009.0,6073.0,5970.0,6116.5,74022,6019.52,6060.5,21,6062.5,1,
2026-04-13T11:10:10.535,NC,DIVISLAB,6060.5,6009.0,6073.0,5970.0,6116.5,74028,6019.53,6060.0,1,6060.5,8,
2026-04-13T11:10:15.960,NC,DIVISLAB,6060.5,6009.0,6073.0,5970.0,6116.5,74030,6019.53,6060.5,4,6061.5,10,
2026-04-13T11:10:21.167,NC,DIVISLAB,6061.5,6009.0,6073.0,5970.0,6116.5,74031,6019.53,6060.5,4,6061.5,9,
2026-04-13T11:10:31.762,NC,DIVISLAB,6061.5,6009.0,6073.0,5970.0,6116.5,74300,6019.67,6058.5,23,6061.5,16,
2026-04-13T11:10:47.580,NC,DIVISLAB,6060.0,6009.0,6073.0,5970.0,6116.5,74318,6019.68,6058.0,20,6060.0,55,
2026-04-13T11:10:53.603,NC,DIVISLAB,6059.5,6009.0,6073.0,5970.0,6116.5,74354,6019.7,6058.0,6,6059.5,41,
2026-04-13T11:10:58.995,NC,DIVISLAB,6050.5,6009.0,6073.0,5970.0,6116.5,74781,6019.87,6048.0,8,6051.5,29,
2026-04-13T11:11:04.704,NC,DIVISLAB,6053.0,6009.0,6073.0,5970.0,6116.5,74850,6019.9,6049.5,31,6051.5,7,
2026-04-13T11:11:10.408,NC,DIVISLAB,6051.0,6009.0,6073.0,5970.0,6116.5,75007,6019.97,6047.0,35,6051.0,31,
2026-04-13T11:11:16.124,NC,DIVISLAB,6051.0,6009.0,6073.0,5970.0,6116.5,75034,6019.98,6047.0,31,6051.0,40,
2026-04-13T11:11:21.724,NC,DIVISLAB,6050.5,6009.0,6073.0,5970.0,6116.5,75044,6019.98,6047.0,17,6050.5,8,
2026-04-13T11:11:27.024,NC,DIVISLAB,6054.0,6009.0,6073.0,5970.0,6116.5,75078,6019.99,6051.0,50,6054.0,66,
2026-04-13T11:11:38.238,NC,DIVISLAB,6055.0,6009.0,6073.0,5970.0,6116.5,75095,6020.0,6051.5,25,6054.5,11,
2026-04-13T11:12:11.178,NC,DIVISLAB,6054.5,6009.0,6073.0,5970.0,6116.5,75097,6020.0,6053.0,46,6056.5,7,
2026-04-13T11:12:28.117,NC,DIVISLAB,6053.5,6009.0,6073.0,5970.0,6116.5,75106,6020.01,6053.5,3,6056.5,8,
2026-04-13T11:12:44.454,NC,DIVISLAB,6053.5,6009.0,6073.0,5970.0,6116.5,75135,6020.02,6053.0,17,6053.5,71,
2026-04-13T11:12:49.972,NC,DIVISLAB,6053.5,6009.0,6073.0,5970.0,6116.5,75153,6020.03,6051.0,42,6053.5,82,
2026-04-13T11:12:55.574,NC,DIVISLAB,6053.5,6009.0,6073.0,5970.0,6116.5,75229,6020.06,6051.0,8,6053.5,16,
2026-04-13T11:13:28.614,NC,DIVISLAB,6056.5,6009.0,6073.0,5970.0,6116.5,75240,6020.06,6054.0,18,6057.0,15,
2026-04-13T11:13:34.511,NC,DIVISLAB,6059.0,6009.0,6073.0,5970.0,6116.5,75286,6020.09,6055.0,26,6058.0,4,
2026-04-13T11:14:04.542,NC,DIVISLAB,6060.0,6009.0,6073.0,5970.0,6116.5,75316,6020.1,6057.5,2,6060.0,20,
2026-04-13T11:14:10.259,NC,DIVISLAB,6057.5,6009.0,6073.0,5970.0,6116.5,75317,6020.1,6057.5,17,6060.0,18,
2026-04-13T11:14:20.760,NC,DIVISLAB,6059.5,6009.0,6073.0,5970.0,6116.5,75346,6020.12,6057.5,11,6060.0,31,
2026-04-13T11:14:30.881,NC,DIVISLAB,6060.0,6009.0,6073.0,5970.0,6116.5,75347,6020.12,6057.5,11,6060.0,36,
2026-04-13T11:14:36.067,NC,DIVISLAB,6060.0,6009.0,6073.0,5970.0,6116.5,75453,6020.17,6057.5,19,6060.0,67,
2026-04-13T11:14:41.183,NC,DIVISLAB,6060.0,6009.0,6073.0,5970.0,6116.5,75456,6020.17,6057.5,9,6060.0,64,
2026-04-13T11:14:46.196,NC,DIVISLAB,6060.0,6009.0,6073.0,5970.0,6116.5,75524,6020.21,6058.5,12,6060.0,10,
2026-04-13T11:14:51.501,NC,DIVISLAB,6058.5,6009.0,6073.0,5970.0,6116.5,75540,6020.22,6058.5,14,6060.0,2,
2026-04-13T11:14:57.229,NC,DIVISLAB,6060.0,6009.0,6073.0,5970.0,6116.5,75550,6020.22,6058.5,3,6059.5,15,
2026-04-13T11:15:08.410,NC,DIVISLAB,6060.0,6009.0,6073.0,5970.0,6116.5,75581,6020.24,6058.5,3,6060.0,2,
2026-04-13T11:15:30.270,NC,DIVISLAB,6060.0,6009.0,6073.0,5970.0,6116.5,75582,6020.24,6058.5,3,6060.0,3,
2026-04-13T11:15:41.586,NC,DIVISLAB,6060.0,6009.0,6073.0,5970.0,6116.5,75583,6020.24,6059.0,1,6060.0,3,
2026-04-13T11:16:02.805,NC,DIVISLAB,6060.0,6009.0,6073.0,5970.0,6116.5,75585,6020.24,6059.0,1,6060.0,2,
2026-04-13T11:16:23.537,NC,DIVISLAB,6060.0,6009.0,6073.0,5970.0,6116.5,75586,6020.24,6059.5,1,6060.0,1,
2026-04-13T11:16:40.083,NC,DIVISLAB,6060.0,6009.0,6073.0,5970.0,6116.5,75587,6020.24,6059.5,1,6060.0,2,
2026-04-13T11:16:45.198,NC,DIVISLAB,6060.0,6009.0,6073.0,5970.0,6116.5,75589,6020.24,6060.0,1,6061.0,36,
2026-04-13T11:16:55.526,NC,DIVISLAB,6061.0,6009.0,6073.0,5970.0,6116.5,75590,6020.24,6060.0,2,6061.0,35,
2026-04-13T11:17:05.647,NC,DIVISLAB,6061.0,6009.0,6073.0,5970.0,6116.5,75591,6020.24,6060.0,2,6061.0,34,
2026-04-13T11:17:10.958,NC,DIVISLAB,6061.0,6009.0,6073.0,5970.0,6116.5,75608,6020.25,6059.0,1,6061.0,21,
2026-04-13T11:17:36.388,NC,DIVISLAB,6061.0,6009.0,6073.0,5970.0,6116.5,75626,6020.26,6059.0,27,6061.0,2,
2026-04-13T11:17:41.701,NC,DIVISLAB,6068.5,6009.0,6073.0,5970.0,6116.5,76033,6020.49,6068.5,1,6069.0,16,
2026-04-13T11:17:46.876,NC,DIVISLAB,6067.5,6009.0,6073.0,5970.0,6116.5,76136,6020.56,6064.0,27,6067.5,8,
2026-04-13T11:17:56.556,NC,DIVISLAB,6067.5,6009.0,6073.0,5970.0,6116.5,76137,6020.56,6064.5,19,6067.0,200,
2026-04-13T11:18:16.398,NC,DIVISLAB,6067.0,6009.0,6073.0,5970.0,6116.5,76138,6020.56,6064.5,89,6067.0,239,
2026-04-13T11:18:21.490,NC,DIVISLAB,6067.0,6009.0,6073.0,5970.0,6116.5,76139,6020.56,6064.5,89,6067.0,238,
2026-04-13T11:18:46.730,NC,DIVISLAB,6067.0,6009.0,6073.0,5970.0,6116.5,76146,6020.56,6064.5,69,6067.0,321,
2026-04-13T11:18:47.724,NC,DIVISLAB,6067.0,6009.0,6073.0,5970.0,6116.5,76147,6020.56,6064.5,64,6067.0,320,
2026-04-13T11:18:53.932,NC,DIVISLAB,6067.0,6009.0,6073.0,5970.0,6116.5,76184,6020.59,6064.5,78,6067.0,285,
2026-04-13T11:18:55.035,NC,DIVISLAB,6066.5,6009.0,6073.0,5970.0,6116.5,76250,6020.62,6064.5,19,6066.5,14,
2026-04-13T11:18:56.138,NC,DIVISLAB,6066.5,6009.0,6073.0,5970.0,6116.5,76277,6020.64,6064.0,31,6066.5,34,
2026-04-13T11:18:57.237,NC,DIVISLAB,6064.5,6009.0,6073.0,5970.0,6116.5,76278,6020.64,6064.0,31,6064.5,14,
2026-04-13T11:18:59.142,NC,DIVISLAB,6064.5,6009.0,6073.0,5970.0,6116.5,76335,6020.67,6064.5,1,6065.5,31,
2026-04-13T11:19:00.144,NC,DIVISLAB,6065.5,6009.0,6073.0,5970.0,6116.5,76336,6020.67,6063.5,65,6065.5,30,
2026-04-13T11:19:01.155,NC,DIVISLAB,6063.0,6009.0,6073.0,5970.0,6116.5,76403,6020.71,6063.0,37,6065.0,43,
2026-04-13T11:19:02.156,NC,DIVISLAB,6065.0,6009.0,6073.0,5970.0,6116.5,76408,6020.71,6063.0,37,6063.5,2,
2026-04-13T11:19:04.242,NC,DIVISLAB,6063.0,6009.0,6073.0,5970.0,6116.5,76447,6020.74,6063.0,1,6064.5,29,
2026-04-13T11:19:05.144,NC,DIVISLAB,6064.5,6009.0,6073.0,5970.0,6116.5,76448,6020.74,6062.0,13,6064.0,10,
2026-04-13T11:19:06.153,NC,DIVISLAB,6062.0,6009.0,6073.0,5970.0,6116.5,76456,6020.74,6062.0,6,6064.0,19,
2026-04-13T11:19:07.149,NC,DIVISLAB,6062.0,6009.0,6073.0,5970.0,6116.5,76459,6020.74,6062.0,4,6064.0,37,
2026-04-13T11:19:09.059,NC,DIVISLAB,6064.0,6009.0,6073.0,5970.0,6116.5,76460,6020.74,6062.0,28,6064.0,6,
2026-04-13T11:19:12.058,NC,DIVISLAB,6065.0,6009.0,6073.0,5970.0,6116.5,76480,6020.75,6061.5,45,6064.0,1,
2026-04-13T11:19:32.385,NC,DIVISLAB,6064.0,6009.0,6073.0,5970.0,6116.5,76481,6020.75,6061.5,60,6064.5,8,
2026-04-13T11:19:48.206,NC,DIVISLAB,6064.5,6009.0,6073.0,5970.0,6116.5,76482,6020.75,6061.5,11,6064.5,30,
2026-04-13T11:20:07.634,NC,DIVISLAB,6064.5,6009.0,6073.0,5970.0,6116.5,76483,6020.75,6061.5,11,6064.5,17,
2026-04-13T11:20:12.740,NC,DIVISLAB,6064.5,6009.0,6073.0,5970.0,6116.5,76487,6020.76,6061.5,43,6064.5,14,
2026-04-13T11:20:26.865,NC,DIVISLAB,6065.0,6009.0,6073.0,5970.0,6116.5,76687,6020.87,6061.5,27,6064.5,11,
2026-04-13T11:20:27.975,NC,DIVISLAB,6065.0,6009.0,6073.0,5970.0,6116.5,76702,6020.88,6061.5,35,6065.0,16,
2026-04-13T11:20:28.860,NC,DIVISLAB,6065.0,6009.0,6073.0,5970.0,6116.5,76809,6020.94,6061.5,33,6065.0,17,
2026-04-13T11:20:42.697,NC,DIVISLAB,6064.0,6009.0,6073.0,5970.0,6116.5,76810,6020.94,6061.5,13,6064.0,19,
2026-04-13T11:20:52.901,NC,DIVISLAB,6063.0,6009.0,6073.0,5970.0,6116.5,76825,6020.95,6061.5,1,6063.0,19,
2026-04-13T11:21:18.835,NC,DIVISLAB,6063.5,6009.0,6073.0,5970.0,6116.5,76842,6020.95,6061.5,13,6063.5,20,
2026-04-13T11:21:24.034,NC,DIVISLAB,6061.5,6009.0,6073.0,5970.0,6116.5,76843,6020.95,6060.0,9,6061.5,15,
2026-04-13T11:21:34.052,NC,DIVISLAB,6063.0,6009.0,6073.0,5970.0,6116.5,76894,6020.98,6060.0,64,6063.0,16,
2026-04-13T11:21:55.175,NC,DIVISLAB,6063.5,6009.0,6073.0,5970.0,6116.5,76903,6020.99,6060.5,11,6063.5,11,
2026-04-13T11:22:16.302,NC,DIVISLAB,6063.0,6009.0,6073.0,5970.0,6116.5,76935,6021.0,6061.0,26,6063.0,1,
2026-04-13T11:22:22.427,NC,DIVISLAB,6064.5,6009.0,6073.0,5970.0,6116.5,76994,6021.04,6061.0,26,6064.5,21,
2026-04-13T11:22:32.832,NC,DIVISLAB,6064.5,6009.0,6073.0,5970.0,6116.5,76995,6021.04,6061.0,42,6064.5,8,
2026-04-13T11:22:43.139,NC,DIVISLAB,6062.0,6009.0,6073.0,5970.0,6116.5,76996,6021.04,6062.0,10,6064.5,8,
2026-04-13T11:23:04.379,NC,DIVISLAB,6065.0,6009.0,6073.0,5970.0,6116.5,76997,6021.04,6062.0,64,6065.0,45,
2026-04-13T11:23:14.772,NC,DIVISLAB,6064.5,6009.0,6073.0,5970.0,6116.5,77024,6021.05,6062.0,28,6065.0,55,
2026-04-13T11:23:29.890,NC,DIVISLAB,6065.0,6009.0,6073.0,5970.0,6116.5,77026,6021.05,6062.0,26,6064.5,7,
2026-04-13T11:23:41.103,NC,DIVISLAB,6064.5,6009.0,6073.0,5970.0,6116.5,77029,6021.06,6062.0,24,6064.5,45,
2026-04-13T11:23:46.518,NC,DIVISLAB,6064.5,6009.0,6073.0,5970.0,6116.5,77084,6021.09,6062.0,48,6065.0,7,
2026-04-13T11:23:51.641,NC,DIVISLAB,6065.0,6009.0,6073.0,5970.0,6116.5,77085,6021.09,6062.0,43,6065.0,23,
2026-04-13T11:24:02.035,NC,DIVISLAB,6062.0,6009.0,6073.0,5970.0,6116.5,77086,6021.09,6062.0,29,6064.5,8,
2026-04-13T11:24:18.561,NC,DIVISLAB,6064.5,6009.0,6073.0,5970.0,6116.5,77087,6021.09,6062.0,29,6064.5,7,
2026-04-13T11:24:28.680,NC,DIVISLAB,6062.5,6009.0,6073.0,5970.0,6116.5,77095,6021.09,6062.5,35,6064.5,1,
2026-04-13T11:24:33.782,NC,DIVISLAB,6064.5,6009.0,6073.0,5970.0,6116.5,77121,6021.11,6061.0,35,6064.5,11,
2026-04-13T11:24:38.789,NC,DIVISLAB,6064.5,6009.0,6073.0,5970.0,6116.5,77122,6021.11,6061.5,7,6064.5,7,
2026-04-13T11:24:49.204,NC,DIVISLAB,6064.5,6009.0,6073.0,5970.0,6116.5,77123,6021.11,6061.5,11,6064.5,38,
2026-04-13T11:24:54.126,NC,DIVISLAB,6064.5,6009.0,6073.0,5970.0,6116.5,77131,6021.11,6061.5,1,6064.5,33,
2026-04-13T11:24:59.222,NC,DIVISLAB,6064.5,6009.0,6073.0,5970.0,6116.5,77136,6021.12,6061.5,17,6064.5,22,
2026-04-13T11:25:04.233,NC,DIVISLAB,6064.5,6009.0,6073.0,5970.0,6116.5,77140,6021.12,6061.5,14,6064.5,18,
2026-04-13T11:25:09.336,NC,DIVISLAB,6065.5,6009.0,6073.0,5970.0,6116.5,77181,6021.14,6062.0,23,6064.5,15,
2026-04-13T11:25:14.735,NC,DIVISLAB,6064.5,6009.0,6073.0,5970.0,6116.5,77185,6021.14,6062.0,23,6064.5,11,
2026-04-13T11:25:24.950,NC,DIVISLAB,6062.0,6009.0,6073.0,5970.0,6116.5,77187,6021.14,6062.0,22,6064.5,10,
2026-04-13T11:25:30.151,NC,DIVISLAB,6063.5,6009.0,6073.0,5970.0,6116.5,77205,6021.15,6060.5,40,6063.5,8,
2026-04-13T11:25:41.464,NC,DIVISLAB,6064.5,6009.0,6073.0,5970.0,6116.5,77207,6021.16,6061.5,11,6064.5,28,
2026-04-13T11:25:47.273,NC,DIVISLAB,6061.5,6009.0,6073.0,5970.0,6116.5,77208,6021.16,6061.5,43,6064.5,18,
2026-04-13T11:25:57.989,NC,DIVISLAB,6064.5,6009.0,6073.0,5970.0,6116.5,77209,6021.16,6061.5,31,6064.5,33,
2026-04-13T11:26:03.297,NC,DIVISLAB,6064.5,6009.0,6073.0,5970.0,6116.5,77210,6021.16,6061.5,31,6064.0,15,
2026-04-13T11:26:18.602,NC,DIVISLAB,6064.0,6009.0,6073.0,5970.0,6116.5,77211,6021.16,6061.5,21,6064.0,10,
2026-04-13T11:26:33.725,NC,DIVISLAB,6065.0,6009.0,6073.0,5970.0,6116.5,77238,6021.17,6062.0,12,6065.0,3,
2026-04-13T11:26:38.831,NC,DIVISLAB,6065.0,6009.0,6073.0,5970.0,6116.5,77242,6021.17,6061.5,34,6064.5,17,
2026-04-13T11:26:49.153,NC,DIVISLAB,6061.5,6009.0,6073.0,5970.0,6116.5,77243,6021.18,6061.5,45,6064.5,15,
2026-04-13T11:27:04.576,NC,DIVISLAB,6061.0,6009.0,6073.0,5970.0,6116.5,77446,6021.28,6058.0,15,6061.0,14,
2026-04-13T11:27:10.186,NC,DIVISLAB,6061.0,6009.0,6073.0,5970.0,6116.5,77447,6021.28,6058.0,11,6061.0,24,
2026-04-13T11:27:15.912,NC,DIVISLAB,6058.5,6009.0,6073.0,5970.0,6116.5,77558,6021.33,6055.5,16,6058.5,1,
2026-04-13T11:27:48.754,NC,DIVISLAB,6058.5,6009.0,6073.0,5970.0,6116.5,77559,6021.33,6055.5,28,6058.5,33,
2026-04-13T11:28:09.981,NC,DIVISLAB,6058.5,6009.0,6073.0,5970.0,6116.5,77560,6021.33,6055.5,50,6058.5,4,
2026-04-13T11:28:15.267,NC,DIVISLAB,6055.5,6009.0,6073.0,5970.0,6116.5,77561,6021.33,6055.5,29,6058.5,5,
2026-04-13T11:28:20.776,NC,DIVISLAB,6058.5,6009.0,6073.0,5970.0,6116.5,77562,6021.33,6055.5,34,6058.5,2,
2026-04-13T11:28:26.083,NC,DIVISLAB,6058.5,6009.0,6073.0,5970.0,6116.5,77589,6021.34,6056.5,12,6059.5,22,
2026-04-13T11:28:36.694,NC,DIVISLAB,6056.5,6009.0,6073.0,5970.0,6116.5,77592,6021.34,6056.5,48,6059.5,1,
2026-04-13T11:28:46.505,NC,DIVISLAB,6056.5,6009.0,6073.0,5970.0,6116.5,77593,6021.34,6056.5,44,6059.5,17,
2026-04-13T11:28:56.589,NC,DIVISLAB,6059.5,6009.0,6073.0,5970.0,6116.5,77594,6021.34,6056.5,43,6059.5,3,
2026-04-13T11:29:12.147,NC,DIVISLAB,6063.0,6009.0,6073.0,5970.0,6116.5,77820,6021.46,6056.5,33,6060.0,23,
2026-04-13T11:29:17.745,NC,DIVISLAB,6059.5,6009.0,6073.0,5970.0,6116.5,77836,6021.47,6058.0,18,6060.0,10,
2026-04-13T11:29:23.453,NC,DIVISLAB,6058.5,6009.0,6073.0,5970.0,6116.5,77873,6021.48,6056.5,17,6058.5,12,
2026-04-13T11:29:28.754,NC,DIVISLAB,6057.5,6009.0,6073.0,5970.0,6116.5,77981,6021.53,6054.0,9,6057.5,22,
2026-04-13T11:29:34.170,NC,DIVISLAB,6054.5,6009.0,6073.0,5970.0,6116.5,77983,6021.53,6054.5,51,6057.5,1,
2026-04-13T11:30:04.687,NC,DIVISLAB,6057.5,6009.0,6073.0,5970.0,6116.5,77985,6021.53,6054.5,32,6057.5,23,
2026-04-13T11:30:25.729,NC,DIVISLAB,6057.5,6009.0,6073.0,5970.0,6116.5,77986,6021.53,6055.0,43,6057.5,1,
2026-04-13T11:30:41.644,NC,DIVISLAB,6057.5,6009.0,6073.0,5970.0,6116.5,78005,6021.54,6055.5,19,6057.5,1,
2026-04-13T11:30:46.848,NC,DIVISLAB,6057.5,6009.0,6073.0,5970.0,6116.5,78049,6021.56,6057.5,1,6058.5,45,
2026-04-13T11:30:52.250,NC,DIVISLAB,6058.5,6009.0,6073.0,5970.0,6116.5,78050,6021.56,6055.0,24,6057.5,3,
2026-04-13T11:30:57.255,NC,DIVISLAB,6055.0,6009.0,6073.0,5970.0,6116.5,78051,6021.56,6055.0,12,6057.5,4,
2026-04-13T11:31:02.495,NC,DIVISLAB,6057.5,6009.0,6073.0,5970.0,6116.5,78060,6021.56,6055.0,15,6057.5,4,
2026-04-13T11:31:54.833,NC,DIVISLAB,6055.0,6009.0,6073.0,5970.0,6116.5,78093,6021.58,6054.0,20,6055.0,101,
2026-04-13T11:32:00.636,NC,DIVISLAB,6054.0,6009.0,6073.0,5970.0,6116.5,78218,6021.63,6054.0,1,6054.5,13,
2026-04-13T11:32:06.547,NC,DIVISLAB,6054.5,6009.0,6073.0,5970.0,6116.5,78231,6021.63,6054.0,1,6054.5,24,
2026-04-13T11:32:12.443,NC,DIVISLAB,6054.5,6009.0,6073.0,5970.0,6116.5,78232,6021.64,6054.0,1,6054.5,9,
2026-04-13T11:32:18.157,NC,DIVISLAB,6054.0,6009.0,6073.0,5970.0,6116.5,78269,6021.65,6052.0,39,6054.5,112,
2026-04-13T11:32:23.569,NC,DIVISLAB,6052.0,6009.0,6073.0,5970.0,6116.5,78271,6021.65,6053.0,1,6054.5,122,
2026-04-13T11:32:28.560,NC,DIVISLAB,6054.5,6009.0,6073.0,5970.0,6116.5,78281,6021.66,6053.0,1,6054.5,113,
2026-04-13T11:32:39.086,NC,DIVISLAB,6054.5,6009.0,6073.0,5970.0,6116.5,78315,6021.67,6053.0,1,6054.5,79,
2026-04-13T11:32:44.333,NC,DIVISLAB,6054.5,6009.0,6073.0,5970.0,6116.5,78318,6021.67,6053.0,1,6054.5,64,
2026-04-13T11:33:28.462,NC,DIVISLAB,6056.5,6009.0,6073.0,5970.0,6116.5,78589,6021.78,6053.5,18,6056.5,10,
2026-04-13T11:33:33.167,NC,DIVISLAB,6057.0,6009.0,6073.0,5970.0,6116.5,78696,6021.82,6055.0,24,6056.0,1,
2026-04-13T11:33:38.087,NC,DIVISLAB,6058.5,6009.0,6073.0,5970.0,6116.5,78715,6021.83,6055.0,28,6058.0,20,
2026-04-13T11:33:43.087,NC,DIVISLAB,6055.0,6009.0,6073.0,5970.0,6116.5,78716,6021.83,6055.0,27,6057.0,6,
2026-04-13T11:33:47.988,NC,DIVISLAB,6056.0,6009.0,6073.0,5970.0,6116.5,78745,6021.84,6054.0,20,6056.0,14,
2026-04-13T11:33:52.890,NC,DIVISLAB,6054.0,6009.0,6073.0,5970.0,6116.5,78749,6021.84,6054.0,16,6056.0,116,
2026-04-13T11:34:08.124,NC,DIVISLAB,6055.0,6009.0,6073.0,5970.0,6116.5,78775,6021.85,6053.5,11,6055.0,14,
2026-04-13T11:34:13.816,NC,DIVISLAB,6053.5,6009.0,6073.0,5970.0,6116.5,78778,6021.86,6053.5,8,6055.0,22,
2026-04-13T11:34:39.265,NC,DIVISLAB,6053.5,6009.0,6073.0,5970.0,6116.5,78807,6021.87,6051.5,47,6054.0,8,
2026-04-13T11:34:44.363,NC,DIVISLAB,6054.0,6009.0,6073.0,5970.0,6116.5,78809,6021.87,6051.5,46,6054.0,7,
2026-04-13T11:34:49.369,NC,DIVISLAB,6054.0,6009.0,6073.0,5970.0,6116.5,78864,6021.89,6051.5,46,6054.0,4,
2026-04-13T11:34:54.163,NC,DIVISLAB,6054.0,6009.0,6073.0,5970.0,6116.5,78865,6021.89,6051.5,52,6054.0,2,
2026-04-13T11:35:08.482,NC,DIVISLAB,6051.5,6009.0,6073.0,5970.0,6116.5,78866,6021.89,6051.5,32,6054.0,132,
2026-04-13T11:36:18.470,NC,DIVISLAB,6051.5,6009.0,6073.0,5970.0,6116.5,78871,6021.89,6051.5,35,6053.5,1,
2026-04-13T11:36:29.274,NC,DIVISLAB,6051.5,6009.0,6073.0,5970.0,6116.5,78873,6021.89,6051.5,163,6053.5,2,
2026-04-13T11:36:34.779,NC,DIVISLAB,6054.0,6009.0,6073.0,5970.0,6116.5,78883,6021.9,6051.5,113,6053.5,1,
2026-04-13T11:36:40.099,NC,DIVISLAB,6054.0,6009.0,6073.0,5970.0,6116.5,78886,6021.9,6051.5,125,6054.0,102,
2026-04-13T11:36:45.293,NC,DIVISLAB,6054.0,6009.0,6073.0,5970.0,6116.5,78916,6021.91,6052.0,20,6054.0,72,
2026-04-13T11:36:50.710,NC,DIVISLAB,6052.0,6009.0,6073.0,5970.0,6116.5,78922,6021.91,6052.0,4,6054.0,72,
2026-04-13T11:37:11.601,NC,DIVISLAB,6054.0,6009.0,6073.0,5970.0,6116.5,78923,6021.91,6052.0,50,6054.0,72,
2026-04-13T11:37:21.689,NC,DIVISLAB,6054.0,6009.0,6073.0,5970.0,6116.5,78999,6021.95,6052.5,64,6054.0,96,
2026-04-13T11:37:32.218,NC,DIVISLAB,6056.0,6009.0,6073.0,5970.0,6116.5,79228,6022.04,6055.0,1,6057.5,38,
2026-04-13T11:37:37.909,NC,DIVISLAB,6057.0,6009.0,6073.0,5970.0,6116.5,79302,6022.07,6055.0,52,6057.5,7,
2026-04-13T11:37:43.118,NC,DIVISLAB,6057.5,6009.0,6073.0,5970.0,6116.5,79305,6022.07,6055.0,38,6057.5,8,
2026-04-13T11:37:53.026,NC,DIVISLAB,6055.0,6009.0,6073.0,5970.0,6116.5,79306,6022.07,6055.0,54,6057.5,9,
2026-04-13T11:38:03.342,NC,DIVISLAB,6055.0,6009.0,6073.0,5970.0,6116.5,79386,6022.11,6054.5,36,6055.0,79,
2026-04-13T11:38:08.634,NC,DIVISLAB,6054.5,6009.0,6073.0,5970.0,6116.5,79525,6022.16,6052.0,66,6054.5,2,
2026-04-13T11:38:19.251,NC,DIVISLAB,6055.0,6009.0,6073.0,5970.0,6116.5,79536,6022.17,6052.5,24,6055.0,6,
2026-04-13T11:38:45.486,NC,DIVISLAB,6052.5,6009.0,6073.0,5970.0,6116.5,79624,6022.2,6051.0,6,6052.5,45,
2026-04-13T11:38:50.884,NC,DIVISLAB,6048.0,6009.0,6073.0,5970.0,6116.5,79876,6022.28,6046.0,1,6048.0,13,
2026-04-13T11:39:15.535,NC,DIVISLAB,6050.0,6009.0,6073.0,5970.0,6116.5,79894,6022.29,6049.0,10,6052.0,3,
2026-04-13T11:39:20.748,NC,DIVISLAB,6051.0,6009.0,6073.0,5970.0,6116.5,79902,6022.29,6049.0,7,6052.0,3,
2026-04-13T11:39:25.759,NC,DIVISLAB,6052.0,6009.0,6073.0,5970.0,6116.5,79903,6022.29,6049.0,7,6052.0,2,
2026-04-13T11:39:35.476,NC,DIVISLAB,6052.0,6009.0,6073.0,5970.0,6116.5,79904,6022.29,6049.0,23,6051.5,7,
2026-04-13T11:39:50.082,NC,DIVISLAB,6049.0,6009.0,6073.0,5970.0,6116.5,79914,6022.29,6045.0,14,6048.0,103,
2026-04-13T11:39:51.182,NC,DIVISLAB,6048.0,6009.0,6073.0,5970.0,6116.5,79915,6022.29,6045.0,14,6048.0,127,
2026-04-13T11:39:55.391,NC,DIVISLAB,6049.5,6009.0,6073.0,5970.0,6116.5,80042,6022.33,6046.0,6,6049.5,4,
2026-04-13T11:39:56.397,NC,DIVISLAB,6049.5,6009.0,6073.0,5970.0,6116.5,80043,6022.33,6046.5,32,6049.5,1,
2026-04-13T11:39:58.398,NC,DIVISLAB,6049.0,6009.0,6073.0,5970.0,6116.5,80080,6022.34,6046.5,15,6049.0,2,
2026-04-13T11:40:07.624,NC,DIVISLAB,6050.5,6009.0,6073.0,5970.0,6116.5,80093,6022.35,6049.0,25,6050.5,1,
2026-04-13T11:40:38.382,NC,DIVISLAB,6049.0,6009.0,6073.0,5970.0,6116.5,80094,6022.35,6049.0,24,6050.5,1,
2026-04-13T11:40:53.900,NC,DIVISLAB,6050.5,6009.0,6073.0,5970.0,6116.5,80103,6022.35,6049.0,17,6051.0,7,
2026-04-13T11:41:16.232,NC,DIVISLAB,6050.0,6009.0,6073.0,5970.0,6116.5,80115,6022.35,6049.0,6,6050.0,99,
2026-04-13T11:41:41.348,NC,DIVISLAB,6050.0,6009.0,6073.0,5970.0,6116.5,80116,6022.35,6049.0,6,6050.0,110,
2026-04-13T11:42:01.377,NC,DIVISLAB,6049.0,6009.0,6073.0,5970.0,6116.5,80117,6022.35,6049.0,5,6050.0,110,
2026-04-13T11:42:27.127,NC,DIVISLAB,6049.0,6009.0,6073.0,5970.0,6116.5,80119,6022.35,6049.0,5,6050.0,111,
2026-04-13T11:42:42.644,NC,DIVISLAB,6050.0,6009.0,6073.0,5970.0,6116.5,80123,6022.36,6049.0,2,6050.0,110,
2026-04-13T11:42:47.852,NC,DIVISLAB,6049.0,6009.0,6073.0,5970.0,6116.5,80124,6022.36,6049.0,1,6050.0,110,
2026-04-13T11:43:28.123,NC,DIVISLAB,6049.0,6009.0,6073.0,5970.0,6116.5,80125,6022.36,6049.0,1,6050.0,111,
2026-04-13T11:43:47.015,NC,DIVISLAB,6050.0,6009.0,6073.0,5970.0,6116.5,80131,6022.36,6048.5,17,6050.0,110,
2026-04-13T11:43:51.827,NC,DIVISLAB,6050.0,6009.0,6073.0,5970.0,6116.5,80134,6022.36,6048.5,16,6050.0,108,
2026-04-13T11:43:56.555,NC,DIVISLAB,6050.0,6009.0,6073.0,5970.0,6116.5,80135,6022.36,6048.5,16,6049.0,1,
2026-04-13T11:44:01.191,NC,DIVISLAB,6048.5,6009.0,6073.0,5970.0,6116.5,80350,6022.43,6046.5,12,6048.5,94,
2026-04-13T11:44:06.162,NC,DIVISLAB,6048.0,6009.0,6073.0,5970.0,6116.5,80399,6022.44,6046.5,20,6048.0,1,
2026-04-13T11:44:11.069,NC,DIVISLAB,6047.5,6009.0,6073.0,5970.0,6116.5,80463,6022.46,6046.0,1,6047.5,8,
2026-04-13T11:44:31.190,NC,DIVISLAB,6046.0,6009.0,6073.0,5970.0,6116.5,80464,6022.46,6046.0,1,6047.5,103,
2026-04-13T11:44:40.710,NC,DIVISLAB,6047.5,6009.0,6073.0,5970.0,6116.5,80470,6022.46,6045.5,16,6047.5,117,
2026-04-13T11:44:45.508,NC,DIVISLAB,6045.5,6009.0,6073.0,5970.0,6116.5,80482,6022.47,6045.5,4,6047.5,117,
2026-04-13T11:44:50.306,NC,DIVISLAB,6045.5,6009.0,6073.0,5970.0,6116.5,80483,6022.47,6045.5,3,6047.5,117,
2026-04-13T11:45:05.435,NC,DIVISLAB,6047.5,6009.0,6073.0,5970.0,6116.5,80510,6022.48,6044.5,23,6047.0,5,
2026-04-13T11:45:25.268,NC,DIVISLAB,6047.0,6009.0,6073.0,5970.0,6116.5,80535,6022.48,6045.5,27,6047.0,17,
2026-04-13T11:46:12.316,NC,DIVISLAB,6045.5,6009.0,6073.0,5970.0,6116.5,80537,6022.48,6045.5,26,6047.0,107,
2026-04-13T11:46:22.430,NC,DIVISLAB,6045.5,6009.0,6073.0,5970.0,6116.5,80538,6022.48,6045.5,25,6046.5,101,
2026-04-13T11:46:31.835,NC,DIVISLAB,6053.0,6009.0,6073.0,5970.0,6116.5,81104,6022.67,6050.0,34,6053.5,2,
2026-04-13T11:46:36.556,NC,DIVISLAB,6053.0,6009.0,6073.0,5970.0,6116.5,81137,6022.68,6051.5,39,6052.5,2,
2026-04-13T11:46:41.447,NC,DIVISLAB,6052.0,6009.0,6073.0,5970.0,6116.5,81181,6022.69,6051.5,39,6053.5,13,
2026-04-13T11:46:46.145,NC,DIVISLAB,6051.0,6009.0,6073.0,5970.0,6116.5,81224,6022.71,6049.0,11,6052.0,9,
2026-04-13T11:46:59.861,NC,DIVISLAB,6051.0,6009.0,6073.0,5970.0,6116.5,81251,6022.72,6047.5,34,6051.0,15,
2026-04-13T11:47:36.621,NC,DIVISLAB,6046.5,6009.0,6073.0,5970.0,6116.5,81252,6022.72,6046.5,26,6049.0,20,
2026-04-13T11:48:01.084,NC,DIVISLAB,6049.0,6009.0,6073.0,5970.0,6116.5,81360,6022.75,6046.5,2,6049.0,14,
2026-04-13T11:48:06.244,NC,DIVISLAB,6046.5,6009.0,6073.0,5970.0,6116.5,81362,6022.75,6046.5,46,6049.0,15,
2026-04-13T11:48:27.366,NC,DIVISLAB,6049.0,6009.0,6073.0,5970.0,6116.5,81363,6022.75,6046.5,33,6049.0,15,
2026-04-13T11:48:56.789,NC,DIVISLAB,6046.5,6009.0,6073.0,5970.0,6116.5,81391,6022.76,6046.5,33,6049.0,13,
2026-04-13T11:49:16.106,NC,DIVISLAB,6049.0,6009.0,6073.0,5970.0,6116.5,81536,6022.81,6049.0,1,6050.0,103,
2026-04-13T11:49:21.021,NC,DIVISLAB,6050.0,6009.0,6073.0,5970.0,6116.5,81540,6022.81,6047.5,13,6050.0,100,
2026-04-13T11:49:30.432,NC,DIVISLAB,6054.5,6009.0,6073.0,5970.0,6116.5,81666,6022.85,6051.0,1,6053.5,32,
2026-04-13T11:49:35.329,NC,DIVISLAB,6053.5,6009.0,6073.0,5970.0,6116.5,81686,6022.86,6051.5,34,6053.5,4,
2026-04-13T11:49:38.033,NC,DIVISLAB,6051.5,6009.0,6073.0,5970.0,6116.5,81692,6022.86,6051.5,60,6053.5,2,
2026-04-13T11:49:47.941,NC,DIVISLAB,6050.0,6009.0,6073.0,5970.0,6116.5,81992,6022.96,6050.0,30,6052.5,7,
2026-04-13T11:49:48.958,NC,DIVISLAB,6051.0,6009.0,6073.0,5970.0,6116.5,82029,6022.97,6050.0,30,6052.5,41,
2026-04-13T11:49:49.942,NC,DIVISLAB,6052.5,6009.0,6073.0,5970.0,6116.5,82031,6022.98,6050.0,30,6052.5,38,
2026-04-13T11:49:50.949,NC,DIVISLAB,6052.0,6009.0,6073.0,5970.0,6116.5,82068,6022.99,6050.0,50,6052.0,6,
2026-04-13T11:49:52.055,NC,DIVISLAB,6052.0,6009.0,6073.0,5970.0,6116.5,82082,6022.99,6052.0,32,6055.0,42,
2026-04-13T11:49:52.950,NC,DIVISLAB,6055.0,6009.0,6073.0,5970.0,6116.5,82083,6022.99,6051.5,1,6053.5,100,
2026-04-13T11:50:00.230,NC,DIVISLAB,6055.0,6009.0,6073.0,5970.0,6116.5,82320,6023.08,6053.5,61,6055.0,24,
2026-04-13T11:50:01.269,NC,DIVISLAB,6057.0,6009.0,6073.0,5970.0,6116.5,82445,6023.12,6057.0,1,6058.0,25,
2026-04-13T11:50:02.584,NC,DIVISLAB,6057.0,6009.0,6073.0,5970.0,6116.5,82471,6023.13,6055.0,1,6057.0,36,
2026-04-13T11:50:03.192,NC,DIVISLAB,6057.0,6009.0,6073.0,5970.0,6116.5,82473,6023.14,6055.0,1,6057.0,45,
2026-04-13T11:50:04.272,NC,DIVISLAB,6057.0,6009.0,6073.0,5970.0,6116.5,82477,6023.14,6053.5,1,6055.5,7,
2026-04-13T11:50:05.267,NC,DIVISLAB,6055.5,6009.0,6073.0,5970.0,6116.5,82478,6023.14,6052.5,14,6055.5,5,
2026-04-13T11:50:07.168,NC,DIVISLAB,6054.0,6009.0,6073.0,5970.0,6116.5,82585,6023.17,6051.5,50,6055.0,17,
2026-04-13T11:50:08.166,NC,DIVISLAB,6055.0,6009.0,6073.0,5970.0,6116.5,82586,6023.18,6052.0,45,6055.0,10,
2026-04-13T11:50:09.166,NC,DIVISLAB,6055.0,6009.0,6073.0,5970.0,6116.5,82591,6023.18,6052.0,51,6055.0,13,
2026-04-13T11:50:18.976,NC,DIVISLAB,6053.0,6009.0,6073.0,5970.0,6116.5,82592,6023.18,6052.5,42,6055.5,119,
2026-04-13T11:50:40.616,NC,DIVISLAB,6055.5,6009.0,6073.0,5970.0,6116.5,82611,6023.18,6055.0,32,6055.5,117,
2026-04-13T11:50:42.712,NC,DIVISLAB,6055.0,6009.0,6073.0,5970.0,6116.5,82633,6023.19,6055.0,10,6055.5,117,
2026-04-13T11:50:43.815,NC,DIVISLAB,6055.5,6009.0,6073.0,5970.0,6116.5,82635,6023.19,6055.0,10,6055.5,115,
2026-04-13T11:50:58.526,NC,DIVISLAB,6055.5,6009.0,6073.0,5970.0,6116.5,82662,6023.2,6054.0,53,6055.5,88,
2026-04-13T11:51:00.475,NC,DIVISLAB,6055.5,6009.0,6073.0,5970.0,6116.5,82663,6023.21,6054.0,87,6055.5,87,
2026-04-13T11:51:05.641,NC,DIVISLAB,6055.5,6009.0,6073.0,5970.0,6116.5,82770,6023.25,6053.0,91,6055.5,80,
2026-04-13T11:51:06.638,NC,DIVISLAB,6055.5,6009.0,6073.0,5970.0,6116.5,82771,6023.25,6053.0,81,6055.5,79,
2026-04-13T11:51:18.949,NC,DIVISLAB,6055.5,6009.0,6073.0,5970.0,6116.5,82781,6023.25,6053.5,5,6055.5,73,
2026-04-13T11:51:43.698,NC,DIVISLAB,6053.5,6009.0,6073.0,5970.0,6116.5,82782,6023.25,6053.5,1,6055.5,73,
2026-04-13T11:51:54.508,NC,DIVISLAB,6057.0,6009.0,6073.0,5970.0,6116.5,82940,6023.31,6054.5,40,6057.0,95,
2026-04-13T11:51:59.611,NC,DIVISLAB,6057.0,6009.0,6073.0,5970.0,6116.5,82957,6023.32,6056.0,1,6057.0,94,
2026-04-13T11:52:10.252,NC,DIVISLAB,6057.0,6009.0,6073.0,5970.0,6116.5,82978,6023.32,6054.5,8,6057.0,111,
2026-04-13T11:52:45.806,NC,DIVISLAB,6054.0,6009.0,6073.0,5970.0,6116.5,83010,6023.34,6052.0,5,6054.0,1,
2026-04-13T11:52:50.920,NC,DIVISLAB,6054.0,6009.0,6073.0,5970.0,6116.5,83011,6023.34,6052.0,28,6054.5,105,
2026-04-13T11:52:56.150,NC,DIVISLAB,6052.0,6009.0,6073.0,5970.0,6116.5,83033,6023.34,6052.0,31,6054.5,103,
2026-04-13T11:53:01.224,NC,DIVISLAB,6054.5,6009.0,6073.0,5970.0,6116.5,83034,6023.34,6052.0,11,6054.0,105,
2026-04-13T11:53:06.555,NC,DIVISLAB,6051.0,6009.0,6073.0,5970.0,6116.5,83043,6023.35,6051.0,78,6054.0,155,
2026-04-13T11:53:46.270,NC,DIVISLAB,6054.0,6009.0,6073.0,5970.0,6116.5,83044,6023.35,6051.5,10,6054.0,47,
2026-04-13T11:54:05.505,NC,DIVISLAB,6056.0,6009.0,6073.0,5970.0,6116.5,83094,6023.37,6053.0,24,6056.0,97,
2026-04-13T11:54:10.615,NC,DIVISLAB,6056.0,6009.0,6073.0,5970.0,6116.5,83125,6023.38,6054.0,25,6056.0,16,
2026-04-13T11:54:15.814,NC,DIVISLAB,6056.0,6009.0,6073.0,5970.0,6116.5,83162,6023.39,6053.5,29,6056.5,81,
2026-04-13T11:54:20.826,NC,DIVISLAB,6056.5,6009.0,6073.0,5970.0,6116.5,83165,6023.39,6053.5,24,6056.5,108,
2026-04-13T11:54:30.431,NC,DIVISLAB,6053.5,6009.0,6073.0,5970.0,6116.5,83166,6023.39,6053.5,45,6056.5,61,
2026-04-13T11:54:35.152,NC,DIVISLAB,6056.5,6009.0,6073.0,5970.0,6116.5,83167,6023.39,6053.5,64,6056.5,14,
2026-04-13T11:54:45.355,NC,DIVISLAB,6057.0,6009.0,6073.0,5970.0,6116.5,83169,6023.39,6055.0,24,6057.0,97,
2026-04-13T11:54:50.059,NC,DIVISLAB,6057.0,6009.0,6073.0,5970.0,6116.5,83187,6023.4,6055.0,8,6057.0,101,
2026-04-13T11:55:00.167,NC,DIVISLAB,6057.0,6009.0,6073.0,5970.0,6116.5,83188,6023.4,6054.0,74,6057.0,94,
2026-04-13T11:55:10.976,NC,DIVISLAB,6057.0,6009.0,6073.0,5970.0,6116.5,83189,6023.4,6054.0,100,6057.0,93,
2026-04-13T11:55:21.595,NC,DIVISLAB,6057.0,6009.0,6073.0,5970.0,6116.5,83190,6023.4,6054.0,112,6057.0,95,
2026-04-13T11:55:31.910,NC,DIVISLAB,6057.0,6009.0,6073.0,5970.0,6116.5,83201,6023.41,6054.0,115,6057.0,82,
2026-04-13T11:55:46.527,NC,DIVISLAB,6057.0,6009.0,6073.0,5970.0,6116.5,83244,6023.42,6055.0,25,6057.0,39,
2026-04-13T11:55:51.432,NC,DIVISLAB,6054.0,6009.0,6073.0,5970.0,6116.5,83264,6023.43,6054.0,91,6057.0,37,
2026-04-13T11:56:01.250,NC,DIVISLAB,6057.0,6009.0,6073.0,5970.0,6116.5,83283,6023.44,6055.0,1,6057.0,10,
2026-04-13T11:56:11.455,NC,DIVISLAB,6057.0,6009.0,6073.0,5970.0,6116.5,83286,6023.44,6054.0,68,6057.0,61,
2026-04-13T11:56:25.971,NC,DIVISLAB,6057.0,6009.0,6073.0,5970.0,6116.5,83317,6023.45,6054.0,95,6057.0,36,
2026-04-13T11:56:30.790,NC,DIVISLAB,6057.0,6009.0,6073.0,5970.0,6116.5,83321,6023.45,6054.0,90,6057.0,41,
2026-04-13T11:56:35.384,NC,DIVISLAB,6057.0,6009.0,6073.0,5970.0,6116.5,83324,6023.46,6054.0,90,6057.0,17,
2026-04-13T11:56:40.199,NC,DIVISLAB,6059.0,6009.0,6073.0,5970.0,6116.5,83572,6023.56,6057.0,42,6059.0,12,
2026-04-13T11:56:45.100,NC,DIVISLAB,6059.0,6009.0,6073.0,5970.0,6116.5,83603,6023.57,6057.0,58,6059.0,10,
2026-04-13T11:56:50.006,NC,DIVISLAB,6058.0,6009.0,6073.0,5970.0,6116.5,83605,6023.57,6058.0,17,6059.0,10,
2026-04-13T11:57:00.419,NC,DIVISLAB,6059.0,6009.0,6073.0,5970.0,6116.5,83611,6023.57,6058.0,58,6059.0,4,
2026-04-13T11:57:05.635,NC,DIVISLAB,6059.0,6009.0,6073.0,5970.0,6116.5,83613,6023.58,6058.0,69,6059.0,52,
2026-04-13T11:57:10.630,NC,DIVISLAB,6058.0,6009.0,6073.0,5970.0,6116.5,83615,6023.58,6058.0,56,6059.0,61,
2026-04-13T11:57:15.443,NC,DIVISLAB,6058.0,6009.0,6073.0,5970.0,6116.5,83616,6023.58,6058.0,55,6059.0,62,
2026-04-13T11:57:20.243,NC,DIVISLAB,6058.0,6009.0,6073.0,5970.0,6116.5,83620,6023.58,6058.0,51,6059.0,63,
2026-04-13T11:57:24.950,NC,DIVISLAB,6059.0,6009.0,6073.0,5970.0,6116.5,83625,6023.58,6058.0,51,6059.0,58,
2026-04-13T11:57:34.983,NC,DIVISLAB,6059.0,6009.0,6073.0,5970.0,6116.5,83626,6023.58,6058.0,51,6059.0,57,
2026-04-13T11:57:41.276,NC,DIVISLAB,6059.0,6009.0,6073.0,5970.0,6116.5,83671,6023.6,6058.0,51,6059.0,22,
2026-04-13T11:57:47.493,NC,DIVISLAB,6059.0,6009.0,6073.0,5970.0,6116.5,83673,6023.6,6058.0,51,6059.0,11,
2026-04-13T11:57:53.192,NC,DIVISLAB,6059.0,6009.0,6073.0,5970.0,6116.5,83677,6023.6,6058.0,51,6059.0,8,
2026-04-13T11:57:58.210,NC,DIVISLAB,6058.0,6009.0,6073.0,5970.0,6116.5,83683,6023.6,6058.0,45,6059.0,8,
2026-04-13T11:58:08.411,NC,DIVISLAB,6059.0,6009.0,6073.0,5970.0,6116.5,83685,6023.61,6058.0,45,6059.0,6,
2026-04-13T11:58:18.311,NC,DIVISLAB,6054.0,6009.0,6073.0,5970.0,6116.5,84148,6023.78,6051.0,21,6054.0,2,
2026-04-13T11:58:23.518,NC,DIVISLAB,6054.0,6009.0,6073.0,5970.0,6116.5,84149,6023.78,6051.5,29,6054.0,5,
2026-04-13T11:58:33.725,NC,DIVISLAB,6054.0,6009.0,6073.0,5970.0,6116.5,84150,6023.78,6052.0,22,6054.0,1,
2026-04-13T11:58:38.743,NC,DIVISLAB,6052.0,6009.0,6073.0,5970.0,6116.5,84167,6023.78,6052.0,16,6054.0,1,
2026-04-13T11:58:57.998,NC,DIVISLAB,6054.0,6009.0,6073.0,5970.0,6116.5,84168,6023.78,6052.0,16,6054.0,1,
2026-04-13T11:59:12.426,NC,DIVISLAB,6054.0,6009.0,6073.0,5970.0,6116.5,84170,6023.78,6052.0,20,6054.0,1,
2026-04-13T11:59:17.448,NC,DIVISLAB,6054.0,6009.0,6073.0,5970.0,6116.5,84185,6023.79,6052.0,6,6054.0,16,
2026-04-13T11:59:23.141,NC,DIVISLAB,6053.5,6009.0,6073.0,5970.0,6116.5,84186,6023.79,6052.0,6,6054.0,27,
2026-04-13T11:59:29.968,NC,DIVISLAB,6054.0,6009.0,6073.0,5970.0,6116.5,84207,6023.8,6052.0,6,6054.0,15,
2026-04-13T11:59:40.665,NC,DIVISLAB,6054.5,6009.0,6073.0,5970.0,6116.5,84209,6023.8,6052.0,6,6055.0,21,
2026-04-13T11:59:45.768,NC,DIVISLAB,6054.5,6009.0,6073.0,5970.0,6116.5,84210,6023.8,6052.0,6,6054.5,18,
2026-04-13T11:59:55.793,NC,DIVISLAB,6054.5,6009.0,6073.0,5970.0,6116.5,84228,6023.8,6052.5,10,6055.0,15,
2026-04-13T12:00:01.205,NC,DIVISLAB,6052.5,6009.0,6073.0,5970.0,6116.5,84236,6023.81,6052.5,22,6055.5,13,
2026-04-13T12:00:06.716,NC,DIVISLAB,6055.5,6009.0,6073.0,5970.0,6116.5,84252,6023.81,6053.0,20,6056.0,26,
2026-04-13T12:00:12.016,NC,DIVISLAB,6056.0,6009.0,6073.0,5970.0,6116.5,84268,6023.82,6053.0,34,6056.0,9,
2026-04-13T12:00:17.017,NC,DIVISLAB,6056.0,6009.0,6073.0,5970.0,6116.5,84293,6023.83,6053.0,27,6056.0,22,
2026-04-13T12:00:21.724,NC,DIVISLAB,6059.0,6009.0,6073.0,5970.0,6116.5,84950,6024.09,6056.0,11,6059.0,24,
2026-04-13T12:00:26.630,NC,DIVISLAB,6061.0,6009.0,6073.0,5970.0,6116.5,84992,6024.11,6057.5,44,6059.0,6,
2026-04-13T12:00:31.334,NC,DIVISLAB,6060.5,6009.0,6073.0,5970.0,6116.5,85024,6024.12,6058.0,3,6060.5,38,
2026-04-13T12:00:35.942,NC,DIVISLAB,6060.5,6009.0,6073.0,5970.0,6116.5,85025,6024.12,6058.0,20,6060.5,11,
2026-04-13T12:00:38.245,NC,DIVISLAB,6060.0,6009.0,6073.0,5970.0,6116.5,85047,6024.13,6057.5,45,6060.0,21,
2026-04-13T12:00:41.241,NC,DIVISLAB,6057.5,6009.0,6073.0,5970.0,6116.5,85091,6024.15,6057.5,2,6060.0,44,
2026-04-13T12:00:42.243,NC,DIVISLAB,6060.0,6009.0,6073.0,5970.0,6116.5,85093,6024.15,6057.0,46,6060.0,19,
2026-04-13T12:00:44.246,NC,DIVISLAB,6059.5,6009.0,6073.0,5970.0,6116.5,85142,6024.17,6056.5,21,6059.5,7,
2026-04-13T12:00:45.247,NC,DIVISLAB,6059.5,6009.0,6073.0,5970.0,6116.5,85143,6024.17,6056.5,23,6059.5,16,
2026-04-13T12:00:47.259,NC,DIVISLAB,6060.0,6009.0,6073.0,5970.0,6116.5,85145,6024.17,6056.5,23,6060.0,39,
2026-04-13T12:00:56.261,NC,DIVISLAB,6060.0,6009.0,6073.0,5970.0,6116.5,85153,6024.17,6057.0,3,6060.0,20,
2026-04-13T12:00:59.271,NC,DIVISLAB,6060.0,6009.0,6073.0,5970.0,6116.5,85162,6024.18,6057.0,4,6060.0,19,
2026-04-13T12:01:12.206,NC,DIVISLAB,6059.0,6009.0,6073.0,5970.0,6116.5,85163,6024.18,6056.5,20,6059.0,37,
2026-04-13T12:01:20.092,NC,DIVISLAB,6059.0,6009.0,6073.0,5970.0,6116.5,85164,6024.18,6056.5,20,6059.0,39,
2026-04-13T12:01:22.901,NC,DIVISLAB,6056.5,6009.0,6073.0,5970.0,6116.5,85165,6024.18,6056.5,19,6059.0,34,
2026-04-13T12:01:44.228,NC,DIVISLAB,6059.0,6009.0,6073.0,5970.0,6116.5,85166,6024.18,6056.5,19,6059.0,8,
2026-04-13T12:01:52.762,NC,DIVISLAB,6059.0,6009.0,6073.0,5970.0,6116.5,85167,6024.18,6056.5,19,6059.0,31,
2026-04-13T12:01:55.860,NC,DIVISLAB,6057.0,6009.0,6073.0,5970.0,6116.5,85206,6024.19,6054.0,48,6057.0,25,
2026-04-13T12:02:02.008,NC,DIVISLAB,6057.0,6009.0,6073.0,5970.0,6116.5,85207,6024.19,6054.5,3,6057.0,7,
2026-04-13T12:02:06.032,NC,DIVISLAB,6057.0,6009.0,6073.0,5970.0,6116.5,85230,6024.2,6056.0,9,6057.0,1,
2026-04-13T12:02:08.084,NC,DIVISLAB,6057.0,6009.0,6073.0,5970.0,6116.5,85231,6024.2,6056.0,9,6057.5,3,
2026-04-13T12:02:20.197,NC,DIVISLAB,6057.5,6009.0,6073.0,5970.0,6116.5,85254,6024.21,6055.5,22,6058.5,3,
2026-04-13T12:02:32.227,NC,DIVISLAB,6059.0,6009.0,6073.0,5970.0,6116.5,85255,6024.21,6056.5,11,6059.0,29,
2026-04-13T12:02:33.322,NC,DIVISLAB,6059.0,6009.0,6073.0,5970.0,6116.5,85256,6024.21,6056.5,1,6059.0,28,
2026-04-13T12:02:45.936,NC,DIVISLAB,6057.5,6009.0,6073.0,5970.0,6116.5,85257,6024.21,6056.5,1,6059.0,25,
2026-04-13T12:02:56.455,NC,DIVISLAB,6059.0,6009.0,6073.0,5970.0,6116.5,85258,6024.21,6056.0,24,6059.0,24,
2026-04-13T12:03:19.899,NC,DIVISLAB,6059.0,6009.0,6073.0,5970.0,6116.5,85259,6024.21,6056.0,34,6059.0,24,
2026-04-13T12:03:24.098,NC,DIVISLAB,6056.0,6009.0,6073.0,5970.0,6116.5,85260,6024.21,6054.5,18,6058.0,16,
2026-04-13T12:03:25.503,NC,DIVISLAB,6054.5,6009.0,6073.0,5970.0,6116.5,85263,6024.21,6054.5,23,6058.0,16,
2026-04-13T12:03:42.623,NC,DIVISLAB,6057.5,6009.0,6073.0,5970.0,6116.5,85266,6024.22,6054.5,31,6057.5,9,
2026-04-13T12:03:47.632,NC,DIVISLAB,6057.5,6009.0,6073.0,5970.0,6116.5,85267,6024.22,6054.5,36,6057.5,8,
2026-04-13T12:04:08.884,NC,DIVISLAB,6062.5,6009.0,6073.0,5970.0,6116.5,85806,6024.44,6062.5,11,6065.0,35,
2026-04-13T12:04:14.174,NC,DIVISLAB,6065.0,6009.0,6073.0,5970.0,6116.5,85846,6024.46,6062.5,11,6065.0,18,
2026-04-13T12:04:19.199,NC,DIVISLAB,6065.0,6009.0,6073.0,5970.0,6116.5,85865,6024.47,6063.0,17,6065.0,24,
2026-04-13T12:04:24.499,NC,DIVISLAB,6065.0,6009.0,6073.0,5970.0,6116.5,85877,6024.48,6063.0,36,6065.0,23,
2026-04-13T12:04:29.608,NC,DIVISLAB,6065.0,6009.0,6073.0,5970.0,6116.5,85905,6024.49,6063.0,11,6065.0,20,
2026-04-13T12:04:34.702,NC,DIVISLAB,6065.0,6009.0,6073.0,5970.0,6116.5,85907,6024.49,6063.0,16,6065.0,19,
2026-04-13T12:04:39.912,NC,DIVISLAB,6065.0,6009.0,6073.0,5970.0,6116.5,85919,6024.49,6063.0,5,6065.0,18,
2026-04-13T12:04:49.417,NC,DIVISLAB,6065.0,6009.0,6073.0,5970.0,6116.5,85920,6024.5,6063.0,5,6065.0,21,
2026-04-13T12:04:59.035,NC,DIVISLAB,6065.0,6009.0,6073.0,5970.0,6116.5,85921,6024.5,6063.0,5,6065.0,78,
2026-04-13T12:05:20.072,NC,DIVISLAB,6065.0,6009.0,6073.0,5970.0,6116.5,85922,6024.5,6062.5,24,6065.0,78,
2026-04-13T12:05:24.972,NC,DIVISLAB,6065.0,6009.0,6073.0,5970.0,6116.5,85928,6024.5,6062.5,27,6065.0,72,
2026-04-13T12:05:35.191,NC,DIVISLAB,6062.5,6009.0,6073.0,5970.0,6116.5,85929,6024.5,6062.5,24,6065.0,122,
2026-04-13T12:05:44.703,NC,DIVISLAB,6065.0,6009.0,6073.0,5970.0,6116.5,85930,6024.5,6062.5,24,6065.0,121,
2026-04-13T12:05:49.400,NC,DIVISLAB,6065.0,6009.0,6073.0,5970.0,6116.5,85983,6024.52,6062.5,48,6065.0,93,
2026-04-13T12:06:08.320,NC,DIVISLAB,6065.0,6009.0,6073.0,5970.0,6116.5,85985,6024.53,6062.5,72,6065.0,91,
2026-04-13T12:06:18.024,NC,DIVISLAB,6065.0,6009.0,6073.0,5970.0,6116.5,86038,6024.55,6063.0,21,6065.0,55,
2026-04-13T12:06:22.527,NC,DIVISLAB,6065.0,6009.0,6073.0,5970.0,6116.5,86054,6024.56,6063.0,53,6065.0,53,
2026-04-13T12:06:27.429,NC,DIVISLAB,6065.0,6009.0,6073.0,5970.0,6116.5,86094,6024.58,6063.0,39,6065.0,50,
2026-04-13T12:06:32.446,NC,DIVISLAB,6065.0,6009.0,6073.0,5970.0,6116.5,86095,6024.58,6063.0,46,6065.0,49,
2026-04-13T12:06:37.365,NC,DIVISLAB,6065.0,6009.0,6073.0,5970.0,6116.5,86130,6024.59,6063.0,14,6065.0,47,
2026-04-13T12:06:42.476,NC,DIVISLAB,6065.0,6009.0,6073.0,5970.0,6116.5,86131,6024.59,6062.5,49,6065.0,46,
2026-04-13T12:06:47.357,NC,DIVISLAB,6060.0,6009.0,6073.0,5970.0,6116.5,86525,6024.76,6060.5,5,6064.0,28,
2026-04-13T12:06:52.361,NC,DIVISLAB,6060.0,6009.0,6073.0,5970.0,6116.5,86629,6024.8,6060.0,81,6063.0,30,
2026-04-13T12:06:57.075,NC,DIVISLAB,6062.0,6009.0,6073.0,5970.0,6116.5,86760,6024.86,6060.0,96,6062.0,77,
2026-04-13T12:07:01.769,NC,DIVISLAB,6062.0,6009.0,6073.0,5970.0,6116.5,86832,6024.89,6060.0,48,6062.0,86,
2026-04-13T12:07:06.465,NC,DIVISLAB,6062.0,6009.0,6073.0,5970.0,6116.5,86926,6024.93,6060.5,31,6062.0,93,
2026-04-13T12:07:11.488,NC,DIVISLAB,6062.0,6009.0,6073.0,5970.0,6116.5,86972,6024.95,6060.5,1,6062.0,103,
2026-04-13T12:07:16.290,NC,DIVISLAB,6060.5,6009.0,6073.0,5970.0,6116.5,86973,6024.95,6060.0,49,6062.0,103,
2026-04-13T12:07:21.089,NC,DIVISLAB,6062.0,6009.0,6073.0,5970.0,6116.5,87011,6024.96,6060.0,119,6062.0,100,
2026-04-13T12:07:25.504,NC,DIVISLAB,6065.0,6009.0,6073.0,5970.0,6116.5,87130,6025.01,6062.5,6,6065.0,24,
2026-04-13T12:07:34.930,NC,DIVISLAB,6064.5,6009.0,6073.0,5970.0,6116.5,87132,6025.01,6062.0,1,6064.5,6,
2026-04-13T12:07:44.560,NC,DIVISLAB,6064.0,6009.0,6073.0,5970.0,6116.5,87133,6025.01,6060.5,96,6064.0,17,
2026-04-13T12:07:54.766,NC,DIVISLAB,6064.0,6009.0,6073.0,5970.0,6116.5,87134,6025.01,6060.5,83,6064.0,12,
2026-04-13T12:08:09.311,NC,DIVISLAB,6063.5,6009.0,6073.0,5970.0,6116.5,87135,6025.01,6060.5,104,6064.0,35,
2026-04-13T12:08:19.308,NC,DIVISLAB,6063.5,6009.0,6073.0,5970.0,6116.5,87137,6025.01,6060.5,89,6063.5,1,
2026-04-13T12:08:33.526,NC,DIVISLAB,6063.5,6009.0,6073.0,5970.0,6116.5,87138,6025.01,6060.5,82,6063.5,1,
2026-04-13T12:08:38.131,NC,DIVISLAB,6063.5,6009.0,6073.0,5970.0,6116.5,87139,6025.02,6060.5,79,6064.0,24,
2026-04-13T12:08:47.473,NC,DIVISLAB,6064.0,6009.0,6073.0,5970.0,6116.5,87171,6025.03,6061.0,21,6064.0,13,
2026-04-13T12:08:52.476,NC,DIVISLAB,6064.0,6009.0,6073.0,5970.0,6116.5,87174,6025.03,6061.0,20,6064.0,12,
2026-04-13T12:08:57.067,NC,DIVISLAB,6064.0,6009.0,6073.0,5970.0,6116.5,87175,6025.03,6061.5,2,6064.0,11,
2026-04-13T12:09:21.615,NC,DIVISLAB,6064.0,6009.0,6073.0,5970.0,6116.5,87177,6025.03,6061.5,31,6064.0,131,
2026-04-13T12:09:30.416,NC,DIVISLAB,6064.0,6009.0,6073.0,5970.0,6116.5,87186,6025.04,6061.5,63,6064.0,21,
2026-04-13T12:09:43.938,NC,DIVISLAB,6064.5,6009.0,6073.0,5970.0,6116.5,87188,6025.04,6061.5,49,6064.5,9,
2026-04-13T12:09:57.058,NC,DIVISLAB,6061.5,6009.0,6073.0,5970.0,6116.5,87223,6025.05,6061.5,46,6064.0,12,
2026-04-13T12:10:01.459,NC,DIVISLAB,6064.0,6009.0,6073.0,5970.0,6116.5,87225,6025.05,6061.5,46,6064.0,10,
2026-04-13T12:10:10.969,NC,DIVISLAB,6064.0,6009.0,6073.0,5970.0,6116.5,87226,6025.05,6061.5,42,6064.0,9,
2026-04-13T12:10:29.389,NC,DIVISLAB,6064.5,6009.0,6073.0,5970.0,6116.5,87240,6025.06,6061.5,46,6064.5,12,
2026-04-13T12:10:34.302,NC,DIVISLAB,6064.5,6009.0,6073.0,5970.0,6116.5,87243,6025.06,6061.5,46,6064.5,115,
2026-04-13T12:10:45.203,NC,DIVISLAB,6061.5,6009.0,6073.0,5970.0,6116.5,87244,6025.06,6061.5,41,6064.5,147,
2026-04-13T12:10:51.912,NC,DIVISLAB,6064.5,6009.0,6073.0,5970.0,6116.5,87245,6025.06,6061.5,55,6064.5,18,
2026-04-13T12:10:54.912,NC,DIVISLAB,6064.5,6009.0,6073.0,5970.0,6116.5,87246,6025.06,6061.5,50,6064.5,19,
2026-04-13T12:11:03.924,NC,DIVISLAB,6061.5,6009.0,6073.0,5970.0,6116.5,87247,6025.06,6061.5,45,6064.5,31,
2026-04-13T12:11:10.943,NC,DIVISLAB,6063.5,6009.0,6073.0,5970.0,6116.5,87272,6025.07,6061.5,45,6063.5,16,
2026-04-13T12:11:11.935,NC,DIVISLAB,6063.5,6009.0,6073.0,5970.0,6116.5,87274,6025.08,6061.5,45,6063.5,14,
2026-04-13T12:11:18.946,NC,DIVISLAB,6064.0,6009.0,6073.0,5970.0,6116.5,87275,6025.08,6061.5,45,6063.5,92,
2026-04-13T12:11:44.475,NC,DIVISLAB,6064.0,6009.0,6073.0,5970.0,6116.5,87276,6025.08,6062.0,18,6064.0,91,
2026-04-13T12:11:49.280,NC,DIVISLAB,6062.0,6009.0,6073.0,5970.0,6116.5,87295,6025.08,6062.0,11,6064.0,24,
2026-04-13T12:11:54.181,NC,DIVISLAB,6064.0,6009.0,6073.0,5970.0,6116.5,87296,6025.08,6062.0,13,6064.0,94,
2026-04-13T12:11:58.890,NC,DIVISLAB,6064.0,6009.0,6073.0,5970.0,6116.5,87300,6025.09,6062.0,10,6064.0,109,
2026-04-13T12:12:03.607,NC,DIVISLAB,6064.0,6009.0,6073.0,5970.0,6116.5,87339,6025.1,6061.5,43,6063.0,54,
2026-04-13T12:12:08.308,NC,DIVISLAB,6061.5,6009.0,6073.0,5970.0,6116.5,87387,6025.12,6061.0,40,6061.5,152,
2026-04-13T12:12:13.010,NC,DIVISLAB,6060.5,6009.0,6073.0,5970.0,6116.5,87501,6025.17,6060.0,154,6060.5,41,
2026-04-13T12:12:17.914,NC,DIVISLAB,6061.5,6009.0,6073.0,5970.0,6116.5,87688,6025.24,6060.0,80,6061.5,52,
2026-04-13T12:12:22.631,NC,DIVISLAB,6061.5,6009.0,6073.0,5970.0,6116.5,87723,6025.26,6060.0,147,6061.5,60,
2026-04-13T12:12:27.227,NC,DIVISLAB,6061.5,6009.0,6073.0,5970.0,6116.5,87735,6025.26,6060.0,167,6061.5,49,
2026-04-13T12:12:32.232,NC,DIVISLAB,6061.5,6009.0,6073.0,5970.0,6116.5,87739,6025.27,6060.0,164,6061.5,48,
2026-04-13T12:12:37.537,NC,DIVISLAB,6063.5,6009.0,6073.0,5970.0,6116.5,87900,6025.33,6062.0,9,6063.5,3,
2026-04-13T12:12:42.344,NC,DIVISLAB,6064.0,6009.0,6073.0,5970.0,6116.5,87909,6025.33,6061.5,1,6064.0,31,
2026-04-13T12:12:56.857,NC,DIVISLAB,6063.0,6009.0,6073.0,5970.0,6116.5,87911,6025.33,6061.5,1,6063.5,8,
2026-04-13T12:13:11.382,NC,DIVISLAB,6063.5,6009.0,6073.0,5970.0,6116.5,87913,6025.34,6061.5,1,6063.5,1,
2026-04-13T12:13:16.375,NC,DIVISLAB,6062.0,6009.0,6073.0,5970.0,6116.5,87954,6025.35,6061.5,1,6062.0,60,
2026-04-13T12:13:21.483,NC,DIVISLAB,6062.0,6009.0,6073.0,5970.0,6116.5,88021,6025.38,6060.5,52,6062.0,104,
2026-04-13T12:13:26.289,NC,DIVISLAB,6062.0,6009.0,6073.0,5970.0,6116.5,88060,6025.4,6060.5,6,6062.0,101,
2026-04-13T12:13:45.215,NC,DIVISLAB,6062.0,6009.0,6073.0,5970.0,6116.5,88061,6025.4,6060.5,3,6062.0,101,
2026-04-13T12:13:49.921,NC,DIVISLAB,6060.5,6009.0,6073.0,5970.0,6116.5,88062,6025.4,6060.5,2,6062.0,101,
2026-04-13T12:13:54.346,NC,DIVISLAB,6062.0,6009.0,6073.0,5970.0,6116.5,88063,6025.4,6060.5,2,6062.0,100,
2026-04-13T12:14:08.171,NC,DIVISLAB,6062.0,6009.0,6073.0,5970.0,6116.5,88064,6025.4,6060.5,14,6062.0,99,
2026-04-13T12:14:12.804,NC,DIVISLAB,6062.0,6009.0,6073.0,5970.0,6116.5,88074,6025.4,6060.0,183,6062.0,98,
2026-04-13T12:14:17.282,NC,DIVISLAB,6062.0,6009.0,6073.0,5970.0,6116.5,88181,6025.44,6060.0,183,6062.0,91,
2026-04-13T12:14:26.392,NC,DIVISLAB,6064.0,6009.0,6073.0,5970.0,6116.5,88279,6025.48,6061.5,26,6064.0,33,
2026-04-13T12:14:31.491,NC,DIVISLAB,6064.0,6009.0,6073.0,5970.0,6116.5,88300,6025.49,6061.5,15,6064.0,62,
2026-04-13T12:14:50.714,NC,DIVISLAB,6064.0,6009.0,6073.0,5970.0,6116.5,88307,6025.5,6061.5,55,6064.0,50,
2026-04-13T12:14:55.429,NC,DIVISLAB,6064.0,6009.0,6073.0,5970.0,6116.5,88308,6025.5,6061.5,55,6064.0,49,
2026-04-13T12:14:59.926,NC,DIVISLAB,6064.0,6009.0,6073.0,5970.0,6116.5,88313,6025.5,6061.5,55,6064.0,44,
2026-04-13T12:15:14.552,NC,DIVISLAB,6061.5,6009.0,6073.0,5970.0,6116.5,88314,6025.5,6061.5,50,6064.0,153,
2026-04-13T12:15:20.047,NC,DIVISLAB,6064.0,6009.0,6073.0,5970.0,6116.5,88422,6025.55,6061.5,80,6064.0,52,
2026-04-13T12:15:25.954,NC,DIVISLAB,6064.0,6009.0,6073.0,5970.0,6116.5,88423,6025.55,6061.5,80,6064.0,51,
2026-04-13T12:15:30.866,NC,DIVISLAB,6064.0,6009.0,6073.0,5970.0,6116.5,88428,6025.55,6061.5,82,6064.0,46,
2026-04-13T12:15:35.779,NC,DIVISLAB,6064.0,6009.0,6073.0,5970.0,6116.5,88462,6025.56,6062.5,21,6064.0,12,
2026-04-13T12:15:40.975,NC,DIVISLAB,6064.0,6009.0,6073.0,5970.0,6116.5,88478,6025.57,6062.5,15,6064.0,5,
2026-04-13T12:15:46.686,NC,DIVISLAB,6064.0,6009.0,6073.0,5970.0,6116.5,88489,6025.57,6062.5,15,6065.0,45,
2026-04-13T12:15:52.697,NC,DIVISLAB,6062.5,6009.0,6073.0,5970.0,6116.5,88494,6025.58,6062.5,10,6065.0,51,
2026-04-13T12:16:07.725,NC,DIVISLAB,6065.0,6009.0,6073.0,5970.0,6116.5,88495,6025.58,6062.5,78,6065.0,35,
2026-04-13T12:16:21.942,NC,DIVISLAB,6065.0,6009.0,6073.0,5970.0,6116.5,88507,6025.58,6063.0,22,6065.0,23,
2026-04-13T12:16:26.654,NC,DIVISLAB,6065.0,6009.0,6073.0,5970.0,6116.5,88524,6025.59,6063.0,15,6065.0,16,
2026-04-13T12:16:31.055,NC,DIVISLAB,6065.0,6009.0,6073.0,5970.0,6116.5,88525,6025.59,6063.0,48,6065.0,15,
2026-04-13T12:16:35.758,NC,DIVISLAB,6065.0,6009.0,6073.0,5970.0,6116.5,88553,6025.6,6063.0,40,6065.0,13,
2026-04-13T12:16:41.470,NC,DIVISLAB,6063.0,6009.0,6073.0,5970.0,6116.5,88554,6025.6,6063.0,56,6065.0,11,
2026-04-13T12:16:46.667,NC,DIVISLAB,6063.0,6009.0,6073.0,5970.0,6116.5,88556,6025.6,6063.0,53,6065.0,11,
2026-04-13T12:16:51.379,NC,DIVISLAB,6065.0,6009.0,6073.0,5970.0,6116.5,88557,6025.6,6063.0,49,6065.0,10,
2026-04-13T12:16:56.383,NC,DIVISLAB,6065.0,6009.0,6073.0,5970.0,6116.5,88558,6025.6,6063.0,49,6065.0,9,
2026-04-13T12:17:01.096,NC,DIVISLAB,6065.0,6009.0,6073.0,5970.0,6116.5,88559,6025.6,6063.0,53,6065.0,9,
2026-04-13T12:17:05.701,NC,DIVISLAB,6065.5,6009.0,6073.0,5970.0,6116.5,88588,6025.62,6063.5,22,6065.5,96,
2026-04-13T12:17:15.106,NC,DIVISLAB,6065.5,6009.0,6073.0,5970.0,6116.5,88595,6025.62,6063.5,52,6065.5,96,
2026-04-13T12:17:20.010,NC,DIVISLAB,6067.5,6009.0,6073.0,5970.0,6116.5,88704,6025.67,6067.5,12,6068.5,17,
2026-04-13T12:17:24.914,NC,DIVISLAB,6069.0,6009.0,6073.0,5970.0,6116.5,88942,6025.78,6069.0,10,6069.5,5,
2026-04-13T12:17:29.526,NC,DIVISLAB,6071.0,6009.0,6073.0,5970.0,6116.5,89064,6025.84,6068.0,28,6071.0,18,
2026-04-13T12:17:38.940,NC,DIVISLAB,6071.0,6009.0,6073.0,5970.0,6116.5,89066,6025.84,6068.0,66,6071.0,10,
2026-04-13T12:17:43.863,NC,DIVISLAB,6071.0,6009.0,6073.0,5970.0,6116.5,89067,6025.84,6068.0,70,6071.5,21,
2026-04-13T12:17:53.255,NC,DIVISLAB,6071.5,6009.0,6073.0,5970.0,6116.5,89103,6025.86,6068.0,14,6071.5,27,
2026-04-13T12:18:02.907,NC,DIVISLAB,6071.5,6009.0,6073.0,5970.0,6116.5,89109,6025.86,6068.5,7,6071.5,36,
2026-04-13T12:18:07.812,NC,DIVISLAB,6071.5,6009.0,6073.0,5970.0,6116.5,89113,6025.86,6068.5,14,6071.5,48,
2026-04-13T12:18:12.824,NC,DIVISLAB,6071.5,6009.0,6073.0,5970.0,6116.5,89114,6025.86,6068.5,33,6071.5,47,
2026-04-13T12:18:32.039,NC,DIVISLAB,6071.5,6009.0,6073.0,5970.0,6116.5,89115,6025.86,6068.5,45,6071.5,7,
2026-04-13T12:18:36.759,NC,DIVISLAB,6070.5,6009.0,6073.0,5970.0,6116.5,89163,6025.89,6068.0,5,6070.0,23,
2026-04-13T12:18:46.279,NC,DIVISLAB,6068.0,6009.0,6073.0,5970.0,6116.5,89165,6025.89,6068.0,4,6069.5,5,
2026-04-13T12:18:55.384,NC,DIVISLAB,6066.0,6009.0,6073.0,5970.0,6116.5,89266,6025.93,6066.0,2,6069.0,42,
2026-04-13T12:18:59.986,NC,DIVISLAB,6069.0,6009.0,6073.0,5970.0,6116.5,89274,6025.94,6066.0,7,6069.0,27,
2026-04-13T12:19:04.703,NC,DIVISLAB,6069.0,6009.0,6073.0,5970.0,6116.5,89275,6025.94,6066.0,10,6069.0,15,
2026-04-13T12:19:09.302,NC,DIVISLAB,6069.5,6009.0,6073.0,5970.0,6116.5,89329,6025.96,6066.0,5,6069.5,11,
2026-04-13T12:19:13.815,NC,DIVISLAB,6069.5,6009.0,6073.0,5970.0,6116.5,89330,6025.96,6066.0,1,6069.0,12,
2026-04-13T12:19:18.416,NC,DIVISLAB,6069.0,6009.0,6073.0,5970.0,6116.5,89331,6025.96,6066.0,1,6069.0,12,
2026-04-13T12:19:22.836,NC,DIVISLAB,6066.0,6009.0,6073.0,5970.0,6116.5,89332,6025.96,6066.0,20,6069.0,12,
2026-04-13T12:19:27.434,NC,DIVISLAB,6066.0,6009.0,6073.0,5970.0,6116.5,89336,6025.97,6066.5,10,6069.0,1,
2026-04-13T12:19:42.459,NC,DIVISLAB,6069.0,6009.0,6073.0,5970.0,6116.5,89337,6025.97,6066.5,10,6070.0,48,
2026-04-13T12:19:52.669,NC,DIVISLAB,6070.0,6009.0,6073.0,5970.0,6116.5,89338,6025.97,6066.5,41,6070.0,22,
2026-04-13T12:20:08.289,NC,DIVISLAB,6070.0,6009.0,6073.0,5970.0,6116.5,89339,6025.97,6068.0,1,6070.0,23,
2026-04-13T12:20:33.029,NC,DIVISLAB,6070.0,6009.0,6073.0,5970.0,6116.5,89352,6025.97,6068.0,5,6070.0,18,
2026-04-13T12:20:42.835,NC,DIVISLAB,6070.0,6009.0,6073.0,5970.0,6116.5,89372,6025.98,6068.0,9,6070.0,13,
2026-04-13T12:20:47.462,NC,DIVISLAB,6068.0,6009.0,6073.0,5970.0,6116.5,89373,6025.98,6066.5,26,6070.0,13,
2026-04-13T12:20:56.655,NC,DIVISLAB,6070.0,6009.0,6073.0,5970.0,6116.5,89374,6025.98,6067.0,43,6070.0,28,
2026-04-13T12:21:20.288,NC,DIVISLAB,6070.0,6009.0,6073.0,5970.0,6116.5,89394,6025.99,6068.0,8,6070.0,24,
2026-04-13T12:21:38.213,NC,DIVISLAB,6067.5,6009.0,6073.0,5970.0,6116.5,89397,6026.0,6067.5,26,6069.5,21,
2026-04-13T12:21:43.733,NC,DIVISLAB,6069.5,6009.0,6073.0,5970.0,6116.5,89418,6026.01,6066.5,35,6069.5,13,
2026-04-13T12:22:06.815,NC,DIVISLAB,6069.5,6009.0,6073.0,5970.0,6116.5,89420,6026.01,6066.5,34,6069.5,3,
2026-04-13T12:22:11.617,NC,DIVISLAB,6069.5,6009.0,6073.0,5970.0,6116.5,89422,6026.01,6066.5,38,6069.5,3,
2026-04-13T12:22:20.926,NC,DIVISLAB,6069.0,6009.0,6073.0,5970.0,6116.5,89468,6026.03,6066.5,6,6069.0,7,
2026-04-13T12:22:25.462,NC,DIVISLAB,6069.0,6009.0,6073.0,5970.0,6116.5,89471,6026.03,6066.0,24,6069.0,7,
2026-04-13T12:22:30.036,NC,DIVISLAB,6069.0,6009.0,6073.0,5970.0,6116.5,89472,6026.03,6066.0,17,6069.0,6,
2026-04-13T12:22:39.152,NC,DIVISLAB,6069.0,6009.0,6073.0,5970.0,6116.5,89474,6026.03,6066.0,28,6069.0,4,
2026-04-13T12:22:52.460,NC,DIVISLAB,6068.5,6009.0,6073.0,5970.0,6116.5,89499,6026.04,6066.0,28,6068.5,6,
2026-04-13T12:22:57.179,NC,DIVISLAB,6068.5,6009.0,6073.0,5970.0,6116.5,89500,6026.04,6066.0,28,6068.5,13,
2026-04-13T12:23:07.277,NC,DIVISLAB,6068.0,6009.0,6073.0,5970.0,6116.5,89524,6026.05,6065.5,26,6068.0,11,
2026-04-13T12:23:12.485,NC,DIVISLAB,6068.0,6009.0,6073.0,5970.0,6116.5,89554,6026.07,6065.5,29,6068.5,10,
2026-04-13T12:23:17.999,NC,DIVISLAB,6068.5,6009.0,6073.0,5970.0,6116.5,89556,6026.07,6065.5,26,6068.0,18,
2026-04-13T12:23:31.829,NC,DIVISLAB,6065.5,6009.0,6073.0,5970.0,6116.5,89557,6026.07,6065.5,51,6068.0,21,
2026-04-13T12:23:41.045,NC,DIVISLAB,6068.0,6009.0,6073.0,5970.0,6116.5,89558,6026.07,6065.5,65,6068.0,2,
2026-04-13T12:24:04.958,NC,DIVISLAB,6068.0,6009.0,6073.0,5970.0,6116.5,89580,6026.08,6065.5,54,6068.0,1,
2026-04-13T12:24:14.161,NC,DIVISLAB,6068.5,6009.0,6073.0,5970.0,6116.5,89588,6026.08,6065.5,54,6068.5,12,
2026-04-13T12:24:18.683,NC,DIVISLAB,6069.0,6009.0,6073.0,5970.0,6116.5,89614,6026.1,6066.0,32,6068.5,10,
2026-04-13T12:24:23.091,NC,DIVISLAB,6068.5,6009.0,6073.0,5970.0,6116.5,89615,6026.1,6066.0,36,6068.5,9,
2026-04-13T12:24:32.899,NC,DIVISLAB,6068.5,6009.0,6073.0,5970.0,6116.5,89616,6026.1,6066.0,69,6068.5,4,
2026-04-13T12:24:52.253,NC,DIVISLAB,6069.0,6009.0,6073.0,5970.0,6116.5,89685,6026.13,6066.0,85,6069.0,4,
2026-04-13T12:24:56.947,NC,DIVISLAB,6066.0,6009.0,6073.0,5970.0,6116.5,89688,6026.13,6066.0,77,6069.0,7,
2026-04-13T12:25:10.876,NC,DIVISLAB,6069.5,6009.0,6073.0,5970.0,6116.5,89719,6026.15,6066.5,10,6069.5,80,
2026-04-13T12:25:20.395,NC,DIVISLAB,6069.5,6009.0,6073.0,5970.0,6116.5,89720,6026.15,6066.5,36,6069.5,96,
2026-04-13T12:25:34.318,NC,DIVISLAB,6066.0,6009.0,6073.0,5970.0,6116.5,89760,6026.17,6066.0,39,6068.5,25,
2026-04-13T12:25:43.033,NC,DIVISLAB,6068.5,6009.0,6073.0,5970.0,6116.5,89761,6026.17,6066.0,61,6068.5,20,
2026-04-13T12:26:05.387,NC,DIVISLAB,6068.5,6009.0,6073.0,5970.0,6116.5,89762,6026.17,6066.0,61,6068.0,48,
2026-04-13T12:26:09.974,NC,DIVISLAB,6066.0,6009.0,6073.0,5970.0,6116.5,89839,6026.2,6066.0,1,6067.0,62,
2026-04-13T12:26:14.561,NC,DIVISLAB,6067.0,6009.0,6073.0,5970.0,6116.5,89843,6026.2,6065.5,34,6067.0,72,
2026-04-13T12:26:19.363,NC,DIVISLAB,6067.0,6009.0,6073.0,5970.0,6116.5,89868,6026.21,6065.5,33,6067.0,60,
2026-04-13T12:26:28.090,NC,DIVISLAB,6067.0,6009.0,6073.0,5970.0,6116.5,89869,6026.21,6065.5,33,6067.0,59,
2026-04-13T12:26:32.378,NC,DIVISLAB,6067.0,6009.0,6073.0,5970.0,6116.5,89871,6026.21,6065.5,33,6067.0,57,
2026-04-13T12:26:36.683,NC,DIVISLAB,6067.0,6009.0,6073.0,5970.0,6116.5,89872,6026.22,6065.5,33,6067.0,56,
2026-04-13T12:26:41.095,NC,DIVISLAB,6067.0,6009.0,6073.0,5970.0,6116.5,89873,6026.22,6065.5,33,6067.0,55,
2026-04-13T12:26:54.208,NC,DIVISLAB,6067.0,6009.0,6073.0,5970.0,6116.5,89874,6026.22,6065.5,63,6067.0,54,
2026-04-13T12:27:00.119,NC,DIVISLAB,6067.0,6009.0,6073.0,5970.0,6116.5,89915,6026.23,6065.0,72,6067.0,48,
2026-04-13T12:27:20.355,NC,DIVISLAB,6067.0,6009.0,6073.0,5970.0,6116.5,89916,6026.23,6065.0,99,6067.0,52,
2026-04-13T12:27:29.949,NC,DIVISLAB,6067.5,6009.0,6073.0,5970.0,6116.5,89982,6026.26,6066.0,36,6067.0,2,
2026-04-13T12:27:34.652,NC,DIVISLAB,6069.0,6009.0,6073.0,5970.0,6116.5,89989,6026.27,6066.0,35,6069.0,25,
2026-04-13T12:27:44.568,NC,DIVISLAB,6069.0,6009.0,6073.0,5970.0,6116.5,89991,6026.27,6066.0,54,6069.0,10,
2026-04-13T12:27:49.272,NC,DIVISLAB,6069.0,6009.0,6073.0,5970.0,6116.5,90008,6026.28,6066.0,49,6069.0,2,
2026-04-13T12:27:53.687,NC,DIVISLAB,6069.0,6009.0,6073.0,5970.0,6116.5,90035,6026.29,6066.0,51,6069.0,6,
2026-04-13T12:28:08.203,NC,DIVISLAB,6069.5,6009.0,6073.0,5970.0,6116.5,90038,6026.29,6067.0,54,6070.0,120,
2026-04-13T12:28:18.311,NC,DIVISLAB,6068.5,6009.0,6073.0,5970.0,6116.5,90073,6026.31,6066.0,57,6068.5,65,
2026-04-13T12:28:31.429,NC,DIVISLAB,6068.5,6009.0,6073.0,5970.0,6116.5,90074,6026.31,6066.0,52,6068.5,87,
2026-04-13T12:28:54.162,NC,DIVISLAB,6068.5,6009.0,6073.0,5970.0,6116.5,90077,6026.31,6067.0,13,6068.5,72,
2026-04-13T12:28:59.377,NC,DIVISLAB,6068.5,6009.0,6073.0,5970.0,6116.5,90088,6026.31,6066.5,31,6068.5,70,
2026-04-13T12:29:04.472,NC,DIVISLAB,6066.5,6009.0,6073.0,5970.0,6116.5,90101,6026.32,6066.5,14,6068.5,70,
2026-04-13T12:29:17.887,NC,DIVISLAB,6068.5,6009.0,6073.0,5970.0,6116.5,90103,6026.32,6066.0,73,6068.5,68,
2026-04-13T12:29:40.624,NC,DIVISLAB,6069.0,6009.0,6073.0,5970.0,6116.5,90104,6026.32,6066.0,54,6069.0,39,
2026-04-13T12:29:45.032,NC,DIVISLAB,6069.0,6009.0,6073.0,5970.0,6116.5,90105,6026.32,6066.0,61,6069.0,35,
2026-04-13T12:29:54.640,NC,DIVISLAB,6069.0,6009.0,6073.0,5970.0,6116.5,90137,6026.34,6066.0,57,6069.0,1,
2026-04-13T12:29:59.067,NC,DIVISLAB,6068.5,6009.0,6073.0,5970.0,6116.5,90164,6026.35,6066.0,68,6069.0,48,
2026-04-13T12:30:04.171,NC,DIVISLAB,6069.0,6009.0,6073.0,5970.0,6116.5,90168,6026.35,6066.0,98,6069.0,43,
2026-04-13T12:30:20.890,NC,DIVISLAB,6068.0,6009.0,6073.0,5970.0,6116.5,90170,6026.35,6066.0,38,6068.0,6,
2026-04-13T12:30:25.900,NC,DIVISLAB,6066.0,6009.0,6073.0,5970.0,6116.5,90177,6026.36,6066.0,31,6068.0,1,
2026-04-13T12:30:30.992,NC,DIVISLAB,6067.5,6009.0,6073.0,5970.0,6116.5,90178,6026.36,6066.0,31,6067.5,35,
2026-04-13T12:30:35.907,NC,DIVISLAB,6066.0,6009.0,6073.0,5970.0,6116.5,90183,6026.36,6066.0,26,6067.5,5,
2026-04-13T12:30:41.011,NC,DIVISLAB,6067.5,6009.0,6073.0,5970.0,6116.5,90185,6026.36,6066.0,25,6068.0,40,
2026-04-13T12:30:50.022,NC,DIVISLAB,6068.0,6009.0,6073.0,5970.0,6116.5,90191,6026.36,6066.0,35,6068.0,34,
2026-04-13T12:30:54.621,NC,DIVISLAB,6066.0,6009.0,6073.0,5970.0,6116.5,90194,6026.36,6066.0,31,6068.0,33,
2026-04-13T12:30:59.353,NC,DIVISLAB,6068.0,6009.0,6073.0,5970.0,6116.5,90224,6026.38,6065.5,15,6068.0,114,
2026-04-13T12:31:09.338,NC,DIVISLAB,6068.0,6009.0,6073.0,5970.0,6116.5,90225,6026.38,6065.5,25,6068.5,121,
2026-04-13T12:31:18.545,NC,DIVISLAB,6068.5,6009.0,6073.0,5970.0,6116.5,90275,6026.4,6065.5,2,6068.5,134,
2026-04-13T12:31:22.748,NC,DIVISLAB,6065.5,6009.0,6073.0,5970.0,6116.5,90277,6026.4,6065.5,12,6068.5,131,
2026-04-13T12:31:40.178,NC,DIVISLAB,6068.5,6009.0,6073.0,5970.0,6116.5,90278,6026.4,6065.5,26,6068.5,116,
2026-04-13T12:31:49.697,NC,DIVISLAB,6066.0,6009.0,6073.0,5970.0,6116.5,90279,6026.4,6065.5,36,6068.5,107,
2026-04-13T12:32:07.846,NC,DIVISLAB,6068.5,6009.0,6073.0,5970.0,6116.5,90280,6026.4,6065.5,37,6068.5,108,
2026-04-13T12:32:25.843,NC,DIVISLAB,6068.0,6009.0,6073.0,5970.0,6116.5,90287,6026.4,6066.0,6,6068.0,111,
2026-04-13T12:32:30.044,NC,DIVISLAB,6068.0,6009.0,6073.0,5970.0,6116.5,90288,6026.4,6065.5,26,6067.5,92,
2026-04-13T12:32:34.251,NC,DIVISLAB,6067.5,6009.0,6073.0,5970.0,6116.5,90303,6026.41,6065.5,12,6067.5,106,
2026-04-13T12:32:43.662,NC,DIVISLAB,6067.5,6009.0,6073.0,5970.0,6116.5,90319,6026.42,6065.0,48,6067.5,117,
2026-04-13T12:32:53.261,NC,DIVISLAB,6067.5,6009.0,6073.0,5970.0,6116.5,90320,6026.42,6065.0,59,6067.5,105,
2026-04-13T12:33:15.006,NC,DIVISLAB,6065.0,6009.0,6073.0,5970.0,6116.5,90321,6026.42,6065.0,87,6067.5,105,
2026-04-13T12:33:19.402,NC,DIVISLAB,6067.5,6009.0,6073.0,5970.0,6116.5,90323,6026.42,6065.0,86,6067.5,103,
2026-04-13T12:33:23.913,NC,DIVISLAB,6067.5,6009.0,6073.0,5970.0,6116.5,90324,6026.42,6065.0,87,6067.5,102,
2026-04-13T12:33:42.794,NC,DIVISLAB,6067.5,6009.0,6073.0,5970.0,6116.5,90325,6026.42,6065.0,74,6067.5,108,
2026-04-13T12:33:52.896,NC,DIVISLAB,6067.0,6009.0,6073.0,5970.0,6116.5,90332,6026.42,6065.0,59,6067.0,100,
2026-04-13T12:33:58.200,NC,DIVISLAB,6067.0,6009.0,6073.0,5970.0,6116.5,90381,6026.45,6066.0,6,6067.0,51,
2026-04-13T12:34:03.610,NC,DIVISLAB,6067.0,6009.0,6073.0,5970.0,6116.5,90382,6026.45,6066.0,8,6067.0,50,
2026-04-13T12:34:18.130,NC,DIVISLAB,6068.0,6009.0,6073.0,5970.0,6116.5,90491,6026.5,6066.0,32,6067.0,4,
2026-04-13T12:34:23.031,NC,DIVISLAB,6068.0,6009.0,6073.0,5970.0,6116.5,90513,6026.51,6066.0,11,6068.0,84,
2026-04-13T12:34:27.630,NC,DIVISLAB,6068.0,6009.0,6073.0,5970.0,6116.5,90576,6026.53,6066.0,48,6068.0,22,
2026-04-13T12:34:32.239,NC,DIVISLAB,6068.0,6009.0,6073.0,5970.0,6116.5,90592,6026.54,6066.0,34,6068.0,8,
2026-04-13T12:34:37.442,NC,DIVISLAB,6067.0,6009.0,6073.0,5970.0,6116.5,90601,6026.55,6066.0,16,6068.0,1,
2026-04-13T12:34:42.259,NC,DIVISLAB,6068.0,6009.0,6073.0,5970.0,6116.5,90603,6026.55,6066.0,61,6069.5,128,
2026-04-13T12:34:55.956,NC,DIVISLAB,6069.0,6009.0,6073.0,5970.0,6116.5,90604,6026.55,6066.5,20,6069.0,3,
2026-04-13T12:35:16.048,NC,DIVISLAB,6069.0,6009.0,6073.0,5970.0,6116.5,90605,6026.55,6066.5,51,6069.0,3,
2026-04-13T12:35:38.519,NC,DIVISLAB,6065.0,6009.0,6073.0,5970.0,6116.5,90759,6026.61,6064.5,40,6065.0,46,
2026-04-13T12:35:42.923,NC,DIVISLAB,6064.0,6009.0,6073.0,5970.0,6116.5,90833,6026.64,6064.0,1,6065.0,10,
2026-04-13T12:35:47.325,NC,DIVISLAB,6065.0,6009.0,6073.0,5970.0,6116.5,90835,6026.65,6064.0,2,6065.5,12,
2026-04-13T12:36:01.239,NC,DIVISLAB,6064.0,6009.0,6073.0,5970.0,6116.5,90836,6026.65,6063.5,12,6065.5,3,
2026-04-13T12:36:05.953,NC,DIVISLAB,6065.5,6009.0,6073.0,5970.0,6116.5,90846,6026.65,6063.5,4,6066.0,36,
2026-04-13T12:36:20.166,NC,DIVISLAB,6063.5,6009.0,6073.0,5970.0,6116.5,90854,6026.65,6063.5,16,6065.0,4,
2026-04-13T12:36:24.889,NC,DIVISLAB,6065.0,6009.0,6073.0,5970.0,6116.5,90857,6026.65,6063.5,12,6065.0,3,
2026-04-13T12:36:30.084,NC,DIVISLAB,6065.0,6009.0,6073.0,5970.0,6116.5,90858,6026.65,6063.5,12,6065.0,2,
2026-04-13T12:36:35.195,NC,DIVISLAB,6065.0,6009.0,6073.0,5970.0,6116.5,90862,6026.66,6063.5,10,6065.5,19,
2026-04-13T12:36:40.419,NC,DIVISLAB,6063.5,6009.0,6073.0,5970.0,6116.5,90864,6026.66,6062.0,29,6064.5,3,
2026-04-13T12:36:55.122,NC,DIVISLAB,6066.0,6009.0,6073.0,5970.0,6116.5,90866,6026.66,6062.5,47,6065.5,1,
2026-04-13T12:37:18.063,NC,DIVISLAB,6066.0,6009.0,6073.0,5970.0,6116.5,90867,6026.66,6063.0,51,6066.0,104,
2026-04-13T12:37:22.954,NC,DIVISLAB,6063.0,6009.0,6073.0,5970.0,6116.5,90868,6026.66,6063.0,32,6065.5,2,
2026-04-13T12:37:42.175,NC,DIVISLAB,6065.5,6009.0,6073.0,5970.0,6116.5,90870,6026.66,6063.5,34,6066.0,103,
2026-04-13T12:37:51.387,NC,DIVISLAB,6066.0,6009.0,6073.0,5970.0,6116.5,90871,6026.66,6063.5,42,6066.0,102,
2026-04-13T12:38:05.203,NC,DIVISLAB,6066.0,6009.0,6073.0,5970.0,6116.5,90872,6026.66,6063.5,13,6066.0,101,
2026-04-13T12:38:25.136,NC,DIVISLAB,6069.0,6009.0,6073.0,5970.0,6116.5,90980,6026.71,6066.5,37,6070.0,89,
2026-04-13T12:38:29.933,NC,DIVISLAB,6069.0,6009.0,6073.0,5970.0,6116.5,91000,6026.72,6065.5,49,6069.0,6,
2026-04-13T12:38:44.359,NC,DIVISLAB,6065.5,6009.0,6073.0,5970.0,6116.5,91001,6026.72,6065.5,31,6069.0,43,
2026-04-13T12:38:53.872,NC,DIVISLAB,6069.0,6009.0,6073.0,5970.0,6116.5,91002,6026.72,6065.5,41,6069.0,19,
2026-04-13T12:39:16.925,NC,DIVISLAB,6069.5,6009.0,6073.0,5970.0,6116.5,91003,6026.72,6067.5,48,6069.5,19,
2026-04-13T12:39:21.731,NC,DIVISLAB,6067.5,6009.0,6073.0,5970.0,6116.5,91004,6026.72,6067.5,41,6070.0,88,
2026-04-13T12:39:27.131,NC,DIVISLAB,6067.5,6009.0,6073.0,5970.0,6116.5,91007,6026.72,6067.5,18,6069.5,12,
2026-04-13T12:39:37.244,NC,DIVISLAB,6070.0,6009.0,6073.0,5970.0,6116.5,91033,6026.73,6069.0,12,6070.0,94,
2026-04-13T12:39:42.062,NC,DIVISLAB,6069.0,6009.0,6073.0,5970.0,6116.5,91053,6026.74,6069.0,6,6070.0,97,
2026-04-13T12:39:50.881,NC,DIVISLAB,6070.0,6009.0,6073.0,5970.0,6116.5,91058,6026.74,6069.0,250,6070.0,84,
2026-04-13T12:40:05.077,NC,DIVISLAB,6070.0,6009.0,6073.0,5970.0,6116.5,91348,6026.88,6069.0,20,6070.0,216,
2026-04-13T12:40:09.987,NC,DIVISLAB,6070.0,6009.0,6073.0,5970.0,6116.5,91458,6026.93,6067.5,22,6070.0,105,
2026-04-13T12:40:24.427,NC,DIVISLAB,6070.0,6009.0,6073.0,5970.0,6116.5,91552,6026.97,6067.0,22,6070.0,34,
2026-04-13T12:40:29.716,NC,DIVISLAB,6070.0,6009.0,6073.0,5970.0,6116.5,91554,6026.97,6067.0,27,6070.0,31,
2026-04-13T12:40:40.034,NC,DIVISLAB,6070.0,6009.0,6073.0,5970.0,6116.5,91564,6026.98,6067.0,12,6070.0,37,
2026-04-13T12:40:54.264,NC,DIVISLAB,6069.5,6009.0,6073.0,5970.0,6116.5,91565,6026.98,6067.0,12,6069.5,130,
2026-04-13T12:41:08.977,NC,DIVISLAB,6069.5,6009.0,6073.0,5970.0,6116.5,91580,6026.98,6067.5,6,6069.5,121,
2026-04-13T12:41:18.591,NC,DIVISLAB,6069.5,6009.0,6073.0,5970.0,6116.5,91581,6026.99,6067.5,7,6069.5,133,
2026-04-13T12:41:31.810,NC,DIVISLAB,6067.5,6009.0,6073.0,5970.0,6116.5,91582,6026.99,6067.5,10,6069.5,119,
2026-04-13T12:41:36.330,NC,DIVISLAB,6067.5,6009.0,6073.0,5970.0,6116.5,91589,6026.99,6066.5,29,6069.5,124,
2026-04-13T12:41:40.730,NC,DIVISLAB,6067.5,6009.0,6073.0,5970.0,6116.5,91590,6026.99,6066.5,22,6069.5,124,
2026-04-13T12:42:03.156,NC,DIVISLAB,6069.5,6009.0,6073.0,5970.0,6116.5,91593,6026.99,6067.5,5,6069.5,116,
2026-04-13T12:42:08.361,NC,DIVISLAB,6069.5,6009.0,6073.0,5970.0,6116.5,91609,6027.0,6067.5,10,6069.5,101,
2026-04-13T12:42:13.094,NC,DIVISLAB,6069.5,6009.0,6073.0,5970.0,6116.5,91617,6027.0,6067.0,21,6069.5,99,
2026-04-13T12:42:22.377,NC,DIVISLAB,6069.5,6009.0,6073.0,5970.0,6116.5,91618,6027.0,6067.0,10,6069.0,1,
2026-04-13T12:42:27.081,NC,DIVISLAB,6069.0,6009.0,6073.0,5970.0,6116.5,91626,6027.01,6066.5,33,6069.0,1,
2026-04-13T12:42:51.440,NC,DIVISLAB,6069.0,6009.0,6073.0,5970.0,6116.5,91628,6027.01,6066.5,38,6069.5,102,
2026-04-13T12:42:55.728,NC,DIVISLAB,6066.5,6009.0,6073.0,5970.0,6116.5,91637,6027.01,6066.5,24,6069.5,102,
2026-04-13T12:43:09.012,NC,DIVISLAB,6069.5,6009.0,6073.0,5970.0,6116.5,91648,6027.02,6066.5,28,6069.5,91,
2026-04-13T12:43:13.929,NC,DIVISLAB,6066.5,6009.0,6073.0,5970.0,6116.5,91649,6027.02,6066.5,23,6069.5,96,
2026-04-13T12:43:18.816,NC,DIVISLAB,6069.5,6009.0,6073.0,5970.0,6116.5,91650,6027.02,6066.5,40,6069.5,90,
2026-04-13T12:43:41.448,NC,DIVISLAB,6069.5,6009.0,6073.0,5970.0,6116.5,91657,6027.02,6066.5,34,6069.0,1,
2026-04-13T12:44:02.384,NC,DIVISLAB,6069.5,6009.0,6073.0,5970.0,6116.5,91685,6027.03,6069.0,1,6069.5,3,
2026-04-13T12:44:06.896,NC,DIVISLAB,6069.5,6009.0,6073.0,5970.0,6116.5,91686,6027.03,6066.5,8,6069.5,8,
2026-04-13T12:44:16.206,NC,DIVISLAB,6069.0,6009.0,6073.0,5970.0,6116.5,91687,6027.03,6067.5,35,6069.5,2,
2026-04-13T12:44:20.600,NC,DIVISLAB,6069.5,6009.0,6073.0,5970.0,6116.5,91713,6027.04,6067.5,23,6070.0,45,
2026-04-13T12:44:29.134,NC,DIVISLAB,6070.0,6009.0,6073.0,5970.0,6116.5,91714,6027.04,6067.0,35,6070.0,49,
2026-04-13T12:44:37.424,NC,DIVISLAB,6069.5,6009.0,6073.0,5970.0,6116.5,91715,6027.05,6067.0,35,6070.0,109,
2026-04-13T12:44:50.853,NC,DIVISLAB,6070.0,6009.0,6073.0,5970.0,6116.5,91716,6027.05,6067.0,35,6070.0,104,
2026-04-13T12:45:17.288,NC,DIVISLAB,6069.5,6009.0,6073.0,5970.0,6116.5,91717,6027.05,6067.0,35,6069.5,81,
2026-04-13T12:45:34.613,NC,DIVISLAB,6067.0,6009.0,6073.0,5970.0,6116.5,91723,6027.05,6067.0,32,6069.0,30,
2026-04-13T12:45:38.924,NC,DIVISLAB,6067.0,6009.0,6073.0,5970.0,6116.5,91749,6027.06,6066.5,45,6068.5,2,
2026-04-13T12:45:43.316,NC,DIVISLAB,6068.5,6009.0,6073.0,5970.0,6116.5,91757,6027.06,6066.5,38,6068.5,25,
2026-04-13T12:46:02.747,NC,DIVISLAB,6068.0,6009.0,6073.0,5970.0,6116.5,91758,6027.06,6066.5,38,6068.0,80,
2026-04-13T12:46:17.674,NC,DIVISLAB,6061.5,6009.0,6073.0,5970.0,6116.5,91931,6027.13,6062.0,4,6065.0,41,
2026-04-13T12:46:22.478,NC,DIVISLAB,6065.0,6009.0,6073.0,5970.0,6116.5,91936,6027.14,6062.0,10,6065.0,41,
2026-04-13T12:46:27.088,NC,DIVISLAB,6065.0,6009.0,6073.0,5970.0,6116.5,91937,6027.14,6062.0,13,6064.5,102,
2026-04-13T12:46:36.586,NC,DIVISLAB,6064.5,6009.0,6073.0,5970.0,6116.5,92044,6027.18,6062.0,19,6064.5,8,
2026-04-13T12:46:41.204,NC,DIVISLAB,6064.5,6009.0,6073.0,5970.0,6116.5,92045,6027.18,6061.0,21,6064.0,40,
2026-04-13T12:46:45.695,NC,DIVISLAB,6066.0,6009.0,6073.0,5970.0,6116.5,92086,6027.19,6062.0,54,6066.0,18,
2026-04-13T12:46:50.527,NC,DIVISLAB,6066.0,6009.0,6073.0,5970.0,6116.5,92126,6027.21,6066.0,1,6066.5,5,
2026-04-13T12:46:59.725,NC,DIVISLAB,6068.0,6009.0,6073.0,5970.0,6116.5,92128,6027.21,6064.5,10,6067.0,2,
2026-04-13T12:47:04.928,NC,DIVISLAB,6064.5,6009.0,6073.0,5970.0,6116.5,92135,6027.21,6064.5,14,6066.0,95,
2026-04-13T12:47:09.844,NC,DIVISLAB,6068.5,6009.0,6073.0,5970.0,6116.5,92263,6027.27,6066.0,1,6068.5,5,
2026-04-13T12:47:14.468,NC,DIVISLAB,6068.5,6009.0,6073.0,5970.0,6116.5,92264,6027.27,6066.0,22,6068.5,5,
2026-04-13T12:47:24.161,NC,DIVISLAB,6068.0,6009.0,6073.0,5970.0,6116.5,92267,6027.27,6066.0,18,6068.5,10,
2026-04-13T12:47:33.583,NC,DIVISLAB,6068.5,6009.0,6073.0,5970.0,6116.5,92268,6027.27,6066.0,18,6068.5,9,
2026-04-13T12:47:38.083,NC,DIVISLAB,6068.5,6009.0,6073.0,5970.0,6116.5,92269,6027.27,6066.0,18,6068.5,6,
2026-04-13T12:47:42.706,NC,DIVISLAB,6068.5,6009.0,6073.0,5970.0,6116.5,92270,6027.27,6066.0,18,6068.5,11,
2026-04-13T12:48:01.622,NC,DIVISLAB,6068.5,6009.0,6073.0,5970.0,6116.5,92273,6027.27,6067.0,18,6070.0,50,
2026-04-13T12:48:25.458,NC,DIVISLAB,6070.0,6009.0,6073.0,5970.0,6116.5,92275,6027.27,6067.0,61,6070.0,47,
2026-04-13T12:48:47.397,NC,DIVISLAB,6067.0,6009.0,6073.0,5970.0,6116.5,92277,6027.27,6067.0,33,6069.5,40,
2026-04-13T12:48:51.987,NC,DIVISLAB,6067.0,6009.0,6073.0,5970.0,6116.5,92284,6027.28,6067.0,28,6069.0,9,
2026-04-13T12:48:56.594,NC,DIVISLAB,6060.0,6009.0,6073.0,5970.0,6116.5,93412,6027.73,6060.0,206,6063.5,50,
2026-04-13T12:49:05.709,NC,DIVISLAB,6062.0,6009.0,6073.0,5970.0,6116.5,93413,6027.73,6060.0,261,6062.0,3,
2026-04-13T12:49:10.811,NC,DIVISLAB,6062.5,6009.0,6073.0,5970.0,6116.5,93608,6027.79,6060.0,188,6063.0,10,
2026-04-13T12:49:15.933,NC,DIVISLAB,6063.0,6009.0,6073.0,5970.0,6116.5,93609,6027.8,6060.0,188,6063.0,3,
2026-04-13T12:49:34.144,NC,DIVISLAB,6063.5,6009.0,6073.0,5970.0,6116.5,93615,6027.8,6060.5,4,6063.0,2,
2026-04-13T12:49:38.656,NC,DIVISLAB,6063.0,6009.0,6073.0,5970.0,6116.5,93616,6027.8,6060.5,24,6062.5,101,
2026-04-13T12:49:43.056,NC,DIVISLAB,6062.5,6009.0,6073.0,5970.0,6116.5,93633,6027.8,6060.5,5,6062.5,117,
2026-04-13T12:49:51.571,NC,DIVISLAB,6060.5,6009.0,6073.0,5970.0,6116.5,93634,6027.8,6060.5,5,6062.5,117,
2026-04-13T12:50:01.681,NC,DIVISLAB,6062.5,6009.0,6073.0,5970.0,6116.5,93635,6027.8,6060.5,5,6062.5,116,
2026-04-13T12:50:11.011,NC,DIVISLAB,6062.5,6009.0,6073.0,5970.0,6116.5,93641,6027.81,6060.5,1,6062.5,115,
2026-04-13T12:50:15.808,NC,DIVISLAB,6060.5,6009.0,6073.0,5970.0,6116.5,93643,6027.81,6060.0,179,6062.5,117,
2026-04-13T12:50:25.730,NC,DIVISLAB,6062.5,6009.0,6073.0,5970.0,6116.5,93712,6027.83,6060.0,216,6062.5,116,
2026-04-13T12:50:34.942,NC,DIVISLAB,6062.5,6009.0,6073.0,5970.0,6116.5,93744,6027.84,6060.0,186,6062.5,119,
2026-04-13T12:50:52.855,NC,DIVISLAB,6062.5,6009.0,6073.0,5970.0,6116.5,93745,6027.84,6060.0,210,6062.5,118,
2026-04-13T12:51:12.498,NC,DIVISLAB,6060.0,6009.0,6073.0,5970.0,6116.5,93747,6027.84,6060.0,204,6062.0,99,
2026-04-13T12:51:17.723,NC,DIVISLAB,6062.0,6009.0,6073.0,5970.0,6116.5,93760,6027.85,6060.0,195,6062.0,112,
2026-04-13T12:51:22.409,NC,DIVISLAB,6060.0,6009.0,6073.0,5970.0,6116.5,93763,6027.85,6060.0,192,6062.0,115,
2026-04-13T12:51:26.924,NC,DIVISLAB,6061.0,6009.0,6073.0,5970.0,6116.5,93765,6027.85,6060.5,29,6062.0,22,
2026-04-13T12:51:31.228,NC,DIVISLAB,6062.0,6009.0,6073.0,5970.0,6116.5,93768,6027.85,6060.5,27,6063.0,114,
2026-04-13T12:51:40.343,NC,DIVISLAB,6063.0,6009.0,6073.0,5970.0,6116.5,93769,6027.85,6060.5,29,6063.0,114,
2026-04-13T12:51:49.768,NC,DIVISLAB,6063.0,6009.0,6073.0,5970.0,6116.5,93777,6027.85,6060.5,29,6063.0,105,
2026-04-13T12:51:54.559,NC,DIVISLAB,6066.0,6009.0,6073.0,5970.0,6116.5,93890,6027.9,6064.5,29,6067.5,18,
2026-04-13T12:51:59.162,NC,DIVISLAB,6068.0,6009.0,6073.0,5970.0,6116.5,93906,6027.9,6065.5,24,6068.0,7,
2026-04-13T12:52:03.569,NC,DIVISLAB,6068.0,6009.0,6073.0,5970.0,6116.5,93907,6027.9,6065.5,20,6068.0,1,
2026-04-13T12:52:26.598,NC,DIVISLAB,6068.0,6009.0,6073.0,5970.0,6116.5,93908,6027.9,6065.5,5,6068.0,1,
2026-04-13T12:52:35.520,NC,DIVISLAB,6065.5,6009.0,6073.0,5970.0,6116.5,93909,6027.9,6065.5,10,6068.0,1,
2026-04-13T12:52:49.358,NC,DIVISLAB,6068.0,6009.0,6073.0,5970.0,6116.5,93911,6027.91,6065.5,7,6068.5,7,
2026-04-13T12:53:16.861,NC,DIVISLAB,6068.5,6009.0,6073.0,5970.0,6116.5,93912,6027.91,6065.5,11,6068.0,1,
2026-04-13T12:53:38.682,NC,DIVISLAB,6065.5,6009.0,6073.0,5970.0,6116.5,93917,6027.91,6065.5,15,6068.0,1,
2026-04-13T12:53:51.598,NC,DIVISLAB,6068.0,6009.0,6073.0,5970.0,6116.5,93925,6027.91,6066.0,3,6068.0,1,
2026-04-13T12:54:00.416,NC,DIVISLAB,6066.0,6009.0,6073.0,5970.0,6116.5,93926,6027.91,6066.0,6,6068.0,1,
2026-04-13T12:54:05.121,NC,DIVISLAB,6068.0,6009.0,6073.0,5970.0,6116.5,93927,6027.91,6066.0,5,6068.5,25,
2026-04-13T12:54:24.552,NC,DIVISLAB,6068.0,6009.0,6073.0,5970.0,6116.5,93928,6027.91,6066.0,6,6068.5,25,
2026-04-13T12:54:28.856,NC,DIVISLAB,6068.5,6009.0,6073.0,5970.0,6116.5,93934,6027.91,6066.5,23,6068.5,19,
2026-04-13T12:54:33.071,NC,DIVISLAB,6066.5,6009.0,6073.0,5970.0,6116.5,93937,6027.92,6066.5,13,6068.5,19,
2026-04-13T12:54:42.771,NC,DIVISLAB,6068.5,6009.0,6073.0,5970.0,6116.5,93939,6027.92,6066.5,1,6068.0,1,
2026-04-13T12:54:52.787,NC,DIVISLAB,6066.5,6009.0,6073.0,5970.0,6116.5,93941,6027.92,6066.5,13,6068.5,21,
2026-04-13T12:55:16.626,NC,DIVISLAB,6068.5,6009.0,6073.0,5970.0,6116.5,93942,6027.92,6066.5,12,6068.5,11,
2026-04-13T12:55:21.627,NC,DIVISLAB,6066.5,6009.0,6073.0,5970.0,6116.5,93944,6027.92,6066.5,10,6068.5,11,
2026-04-13T12:55:37.865,NC,DIVISLAB,6069.5,6009.0,6073.0,5970.0,6116.5,93976,6027.93,6067.0,1,6069.5,1,
2026-04-13T12:55:53.768,NC,DIVISLAB,6068.0,6009.0,6073.0,5970.0,6116.5,93977,6027.93,6067.0,1,6069.0,1,
2026-04-13T12:56:03.890,NC,DIVISLAB,6067.0,6009.0,6073.0,5970.0,6116.5,93980,6027.93,6067.0,10,6069.5,12,
2026-04-13T12:56:24.849,NC,DIVISLAB,6068.5,6009.0,6073.0,5970.0,6116.5,93993,6027.94,6067.0,13,6068.5,18,
2026-04-13T12:56:29.737,NC,DIVISLAB,6068.5,6009.0,6073.0,5970.0,6116.5,93997,6027.94,6067.0,1,6068.5,14,
2026-04-13T12:56:40.345,NC,DIVISLAB,6069.0,6009.0,6073.0,5970.0,6116.5,94002,6027.94,6067.0,1,6069.0,9,
2026-04-13T12:56:45.243,NC,DIVISLAB,6067.0,6009.0,6073.0,5970.0,6116.5,94003,6027.94,6067.0,14,6069.0,11,
2026-04-13T12:56:50.157,NC,DIVISLAB,6069.0,6009.0,6073.0,5970.0,6116.5,94006,6027.95,6067.0,12,6069.0,105,
2026-04-13T12:56:59.899,NC,DIVISLAB,6068.5,6009.0,6073.0,5970.0,6116.5,94019,6027.95,6067.0,13,6068.0,5,
2026-04-13T12:57:05.509,NC,DIVISLAB,6067.5,6009.0,6073.0,5970.0,6116.5,94068,6027.97,6066.0,2,6067.5,16,
2026-04-13T12:57:11.204,NC,DIVISLAB,6064.0,6009.0,6073.0,5970.0,6116.5,94100,6027.98,6063.5,11,6065.5,13,
2026-04-13T12:57:17.724,NC,DIVISLAB,6063.0,6009.0,6073.0,5970.0,6116.5,94182,6028.01,6060.0,188,6063.0,114,
2026-04-13T12:57:24.351,NC,DIVISLAB,6063.0,6009.0,6073.0,5970.0,6116.5,94288,6028.05,6060.5,60,6063.0,18,
2026-04-13T12:57:36.738,NC,DIVISLAB,6063.0,6009.0,6073.0,5970.0,6116.5,94289,6028.05,6060.5,31,6063.0,6,
2026-04-13T12:57:48.854,NC,DIVISLAB,6063.5,6009.0,6073.0,5970.0,6116.5,94297,6028.05,6061.5,22,6064.0,100,
2026-04-13T12:57:55.052,NC,DIVISLAB,6069.0,6009.0,6073.0,5970.0,6116.5,94448,6028.11,6065.5,10,6069.0,14,
2026-04-13T12:58:01.479,NC,DIVISLAB,6068.5,6009.0,6073.0,5970.0,6116.5,94449,6028.11,6065.5,41,6068.5,5,
2026-04-13T12:58:07.496,NC,DIVISLAB,6065.5,6009.0,6073.0,5970.0,6116.5,94478,6028.12,6063.0,12,6065.5,73,
2026-04-13T12:58:13.612,NC,DIVISLAB,6065.5,6009.0,6073.0,5970.0,6116.5,94487,6028.13,6064.0,16,6065.5,76,
2026-04-13T12:58:19.511,NC,DIVISLAB,6065.5,6009.0,6073.0,5970.0,6116.5,94500,6028.13,6064.0,27,6065.5,74,
2026-04-13T12:58:25.032,NC,DIVISLAB,6070.0,6009.0,6073.0,5970.0,6116.5,94719,6028.22,6068.0,21,6070.0,13,
2026-04-13T12:58:30.633,NC,DIVISLAB,6070.5,6009.0,6073.0,5970.0,6116.5,94748,6028.24,6068.0,34,6070.5,72,
2026-04-13T12:58:41.847,NC,DIVISLAB,6071.0,6009.0,6073.0,5970.0,6116.5,94754,6028.24,6068.0,51,6070.5,5,
2026-04-13T12:58:52.336,NC,DIVISLAB,6070.0,6009.0,6073.0,5970.0,6116.5,94800,6028.26,6068.0,29,6071.0,13,
2026-04-13T12:59:14.073,NC,DIVISLAB,6070.5,6009.0,6073.0,5970.0,6116.5,94801,6028.26,6068.5,19,6071.0,3,
2026-04-13T12:59:29.281,NC,DIVISLAB,6068.5,6009.0,6073.0,5970.0,6116.5,94802,6028.26,6068.5,49,6071.0,2,
2026-04-13T12:59:38.795,NC,DIVISLAB,6071.0,6009.0,6073.0,5970.0,6116.5,94803,6028.26,6068.5,51,6071.0,2,
2026-04-13T12:59:49.251,NC,DIVISLAB,6071.0,6009.0,6073.0,5970.0,6116.5,94804,6028.26,6070.0,23,6071.0,1,
2026-04-13T12:59:54.338,NC,DIVISLAB,6072.0,6009.0,6073.0,5970.0,6116.5,94822,6028.27,6070.0,47,6072.0,66,
2026-04-13T12:59:59.332,NC,DIVISLAB,6072.0,6009.0,6073.0,5970.0,6116.5,94851,6028.28,6070.0,38,6072.0,55,
2026-04-13T13:00:04.541,NC,DIVISLAB,6072.0,6009.0,6073.0,5970.0,6116.5,94856,6028.28,6070.0,40,6072.0,50,
2026-04-13T13:00:10.147,NC,DIVISLAB,6072.0,6009.0,6073.0,5970.0,6116.5,94872,6028.29,6070.0,26,6072.0,48,
2026-04-13T13:00:20.675,NC,DIVISLAB,6071.5,6009.0,6073.0,5970.0,6116.5,94909,6028.31,6070.0,24,6071.5,15,
2026-04-13T13:00:25.762,NC,DIVISLAB,6071.5,6009.0,6073.0,5970.0,6116.5,94918,6028.31,6070.0,17,6071.5,15,
2026-04-13T13:00:40.685,NC,DIVISLAB,6071.5,6009.0,6073.0,5970.0,6116.5,94936,6028.32,6069.5,20,6071.5,63,
2026-04-13T13:00:46.090,NC,DIVISLAB,6071.5,6009.0,6073.0,5970.0,6116.5,94942,6028.32,6069.5,15,6071.5,74,
2026-04-13T13:00:51.718,NC,DIVISLAB,6071.5,6009.0,6073.0,5970.0,6116.5,94943,6028.32,6069.5,15,6071.5,22,
2026-04-13T13:00:57.309,NC,DIVISLAB,6071.0,6009.0,6073.0,5970.0,6116.5,94945,6028.32,6069.5,14,6071.5,11,
2026-04-13T13:01:02.538,NC,DIVISLAB,6069.5,6009.0,6073.0,5970.0,6116.5,95003,6028.35,6068.5,37,6070.0,590,
2026-04-13T13:01:08.422,NC,DIVISLAB,6069.5,6009.0,6073.0,5970.0,6116.5,95018,6028.36,6068.5,23,6069.5,2,
2026-04-13T13:01:13.939,NC,DIVISLAB,6068.5,6009.0,6073.0,5970.0,6116.5,95033,6028.36,6068.5,12,6069.5,54,
2026-04-13T13:01:18.933,NC,DIVISLAB,6069.5,6009.0,6073.0,5970.0,6116.5,95047,6028.37,6067.0,11,6069.5,66,
2026-04-13T13:01:23.861,NC,DIVISLAB,6069.5,6009.0,6073.0,5970.0,6116.5,95050,6028.37,6067.0,18,6069.5,57,
2026-04-13T13:01:28.869,NC,DIVISLAB,6069.5,6009.0,6073.0,5970.0,6116.5,95072,6028.38,6067.0,16,6069.0,21,
2026-04-13T13:01:33.763,NC,DIVISLAB,6069.0,6009.0,6073.0,5970.0,6116.5,95083,6028.38,6067.0,2,6069.0,21,
2026-04-13T13:01:38.884,NC,DIVISLAB,6065.0,6009.0,6073.0,5970.0,6116.5,99829,6030.12,6066.0,11,6069.0,34,
2026-04-13T13:01:49.582,NC,DIVISLAB,6068.5,6009.0,6073.0,5970.0,6116.5,99830,6030.12,6066.0,6,6068.5,7,
2026-04-13T13:02:03.804,NC,DIVISLAB,6068.0,6009.0,6073.0,5970.0,6116.5,99831,6030.12,6066.0,4,6067.5,4,
2026-04-13T13:02:18.642,NC,DIVISLAB,6064.0,6009.0,6073.0,5970.0,6116.5,99832,6030.12,6064.0,2,6066.5,6,
2026-04-13T13:02:23.344,NC,DIVISLAB,6066.5,6009.0,6073.0,5970.0,6116.5,99833,6030.12,6064.0,2,6066.5,13,
2026-04-13T13:02:32.965,NC,DIVISLAB,6066.5,6009.0,6073.0,5970.0,6116.5,99848,6030.13,6063.5,9,6066.5,2,
2026-04-13T13:02:37.758,NC,DIVISLAB,6066.5,6009.0,6073.0,5970.0,6116.5,99849,6030.13,6063.5,51,6066.5,10,
2026-04-13T13:02:42.672,NC,DIVISLAB,6066.5,6009.0,6073.0,5970.0,6116.5,99850,6030.13,6063.0,15,6065.5,13,
2026-04-13T13:02:48.491,NC,DIVISLAB,6065.5,6009.0,6073.0,5970.0,6116.5,99851,6030.13,6063.0,15,6065.5,18,
2026-04-13T13:03:04.118,NC,DIVISLAB,6062.5,6009.0,6073.0,5970.0,6116.5,99864,6030.14,6063.0,7,6065.5,18,
2026-04-13T13:03:09.309,NC,DIVISLAB,6062.5,6009.0,6073.0,5970.0,6116.5,99946,6030.16,6060.5,22,6062.5,17,
2026-04-13T13:03:15.420,NC,DIVISLAB,6060.0,6009.0,6073.0,5970.0,6116.5,99981,6030.17,6060.0,132,6062.5,7,
2026-04-13T13:03:38.575,NC,DIVISLAB,6060.0,6009.0,6073.0,5970.0,6116.5,99984,6030.17,6060.0,131,6062.5,9,
2026-04-13T13:04:00.891,NC,DIVISLAB,6062.5,6009.0,6073.0,5970.0,6116.5,99985,6030.17,6060.5,53,6062.5,1,
2026-04-13T13:04:07.298,NC,DIVISLAB,6060.5,6009.0,6073.0,5970.0,6116.5,100031,6030.19,6060.0,121,6060.5,20,
2026-04-13T13:04:13.319,NC,DIVISLAB,6063.0,6009.0,6073.0,5970.0,6116.5,100212,6030.24,6060.0,157,6062.5,5,
2026-04-13T13:04:24.531,NC,DIVISLAB,6062.5,6009.0,6073.0,5970.0,6116.5,100213,6030.24,6060.0,170,6062.5,113,
2026-04-13T13:04:30.024,NC,DIVISLAB,6060.0,6009.0,6073.0,5970.0,6116.5,100214,6030.24,6060.0,169,6062.5,126,
2026-04-13T13:04:45.358,NC,DIVISLAB,6062.5,6009.0,6073.0,5970.0,6116.5,100321,6030.27,6060.0,172,6062.5,122,
2026-04-13T13:04:50.250,NC,DIVISLAB,6062.5,6009.0,6073.0,5970.0,6116.5,100323,6030.28,6060.0,169,6062.5,125,
2026-04-13T13:04:55.263,NC,DIVISLAB,6062.5,6009.0,6073.0,5970.0,6116.5,100377,6030.29,6060.0,172,6062.0,100,
2026-04-13T13:05:00.188,NC,DIVISLAB,6062.0,6009.0,6073.0,5970.0,6116.5,100506,6030.33,6060.0,170,6062.0,111,
2026-04-13T13:05:05.189,NC,DIVISLAB,6060.0,6009.0,6073.0,5970.0,6116.5,100507,6030.33,6060.0,176,6062.0,111,
2026-04-13T13:05:10.184,NC,DIVISLAB,6064.5,6009.0,6073.0,5970.0,6116.5,101573,6030.66,6065.0,19,6069.0,38,
2026-04-13T13:05:15.302,NC,DIVISLAB,6069.0,6009.0,6073.0,5970.0,6116.5,101620,6030.68,6067.0,66,6069.0,7,
2026-04-13T13:05:20.410,NC,DIVISLAB,6067.0,6009.0,6073.0,5970.0,6116.5,101716,6030.71,6067.0,37,6070.5,5,
2026-04-13T13:05:25.410,NC,DIVISLAB,6070.5,6009.0,6073.0,5970.0,6116.5,101720,6030.71,6067.0,37,6070.5,1,
2026-04-13T13:05:35.518,NC,DIVISLAB,6070.0,6009.0,6073.0,5970.0,6116.5,101721,6030.71,6070.0,1,6071.0,12,
2026-04-13T13:05:41.120,NC,DIVISLAB,6071.0,6009.0,6073.0,5970.0,6116.5,101722,6030.71,6070.0,39,6071.5,2,
2026-04-13T13:05:46.323,NC,DIVISLAB,6071.5,6009.0,6073.0,5970.0,6116.5,101751,6030.72,6070.0,12,6071.5,6,
2026-04-13T13:05:51.342,NC,DIVISLAB,6071.5,6009.0,6073.0,5970.0,6116.5,101752,6030.72,6070.0,12,6071.5,1,
2026-04-13T13:06:00.960,NC,DIVISLAB,6071.5,6009.0,6073.0,5970.0,6116.5,101755,6030.73,6070.0,11,6072.0,56,
2026-04-13T13:06:06.070,NC,DIVISLAB,6070.0,6009.0,6073.0,5970.0,6116.5,101766,6030.73,6069.0,24,6071.5,111,
2026-04-13T13:06:26.493,NC,DIVISLAB,6071.5,6009.0,6073.0,5970.0,6116.5,101769,6030.73,6069.0,43,6071.5,123,
2026-04-13T13:06:46.931,NC,DIVISLAB,6071.5,6009.0,6073.0,5970.0,6116.5,101770,6030.73,6069.0,48,6071.5,127,
2026-04-13T13:07:06.157,NC,DIVISLAB,6071.5,6009.0,6073.0,5970.0,6116.5,101771,6030.73,6069.0,48,6071.5,122,
2026-04-13T13:07:11.066,NC,DIVISLAB,6071.5,6009.0,6073.0,5970.0,6116.5,101781,6030.74,6069.0,61,6071.5,112,
2026-04-13T13:07:15.618,NC,DIVISLAB,6071.5,6009.0,6073.0,5970.0,6116.5,101832,6030.76,6069.0,69,6071.5,61,
2026-04-13T13:07:39.235,NC,DIVISLAB,6071.5,6009.0,6073.0,5970.0,6116.5,101833,6030.76,6069.0,63,6071.5,6,
2026-04-13T13:07:48.949,NC,DIVISLAB,6069.0,6009.0,6073.0,5970.0,6116.5,101834,6030.76,6069.0,57,6071.5,9,
2026-04-13T13:07:57.972,NC,DIVISLAB,6076.5,6009.0,6077.0,5970.0,6116.5,102425,6031.01,6073.5,8,6076.5,20,
2026-04-13T13:08:02.765,NC,DIVISLAB,6075.0,6009.0,6077.0,5970.0,6116.5,102479,6031.03,6075.0,20,6076.0,5,
2026-04-13T13:08:07.666,NC,DIVISLAB,6075.5,6009.0,6077.5,5970.0,6116.5,102578,6031.07,6075.0,26,6075.5,95,
2026-04-13T13:08:12.187,NC,DIVISLAB,6075.5,6009.0,6077.5,5970.0,6116.5,102680,6031.11,6073.0,5,6075.0,25,
2026-04-13T13:08:21.084,NC,DIVISLAB,6076.0,6009.0,6077.5,5970.0,6116.5,102701,6031.12,6073.0,19,6075.5,11,
2026-04-13T13:08:25.690,NC,DIVISLAB,6075.5,6009.0,6077.5,5970.0,6116.5,102702,6031.12,6073.0,21,6076.0,58,
2026-04-13T13:08:30.194,NC,DIVISLAB,6076.0,6009.0,6077.5,5970.0,6116.5,102723,6031.13,6073.0,28,6076.0,37,
2026-04-13T13:08:35.200,NC,DIVISLAB,6076.0,6009.0,6077.5,5970.0,6116.5,102777,6031.15,6073.0,18,6076.0,33,
2026-04-13T13:08:44.912,NC,DIVISLAB,6076.0,6009.0,6077.5,5970.0,6116.5,102817,6031.17,6073.5,6,6076.0,5,
2026-04-13T13:08:49.517,NC,DIVISLAB,6076.0,6009.0,6077.5,5970.0,6116.5,102818,6031.17,6073.5,6,6076.0,1,
2026-04-13T13:08:58.721,NC,DIVISLAB,6076.0,6009.0,6077.5,5970.0,6116.5,102819,6031.17,6073.5,29,6076.0,44,
2026-04-13T13:09:13.759,NC,DIVISLAB,6076.0,6009.0,6077.5,5970.0,6116.5,102821,6031.17,6073.5,30,6076.0,52,
2026-04-13T13:09:23.705,NC,DIVISLAB,6078.0,6009.0,6078.0,5970.0,6116.5,103037,6031.27,6075.0,23,6078.0,6,
2026-04-13T13:09:37.983,NC,DIVISLAB,6078.0,6009.0,6078.0,5970.0,6116.5,103038,6031.27,6075.0,32,6078.0,66,
2026-04-13T13:09:42.786,NC,DIVISLAB,6076.5,6009.0,6078.0,5970.0,6116.5,103073,6031.29,6074.5,20,6076.0,44,
2026-04-13T13:09:47.693,NC,DIVISLAB,6076.0,6009.0,6078.0,5970.0,6116.5,103094,6031.29,6074.0,20,6076.0,51,
2026-04-13T13:09:52.310,NC,DIVISLAB,6076.0,6009.0,6078.0,5970.0,6116.5,103109,6031.3,6074.0,6,6076.0,55,
2026-04-13T13:10:01.707,NC,DIVISLAB,6074.0,6009.0,6078.0,5970.0,6116.5,103158,6031.32,6074.0,1,6076.0,44,
2026-04-13T13:10:07.110,NC,DIVISLAB,6075.5,6009.0,6078.0,5970.0,6116.5,103179,6031.33,6073.0,17,6075.5,39,
2026-04-13T13:10:22.835,NC,DIVISLAB,6075.5,6009.0,6078.0,5970.0,6116.5,103180,6031.33,6073.0,31,6076.0,51,
2026-04-13T13:10:32.854,NC,DIVISLAB,6073.0,6009.0,6078.0,5970.0,6116.5,103184,6031.33,6073.0,71,6076.0,4,
2026-04-13T13:10:37.671,NC,DIVISLAB,6073.0,6009.0,6078.0,5970.0,6116.5,103185,6031.33,6073.0,65,6076.0,9,
2026-04-13T13:10:47.165,NC,DIVISLAB,6076.0,6009.0,6078.0,5970.0,6116.5,103186,6031.33,6073.0,70,6076.0,5,
2026-04-13T13:11:11.201,NC,DIVISLAB,6076.0,6009.0,6078.0,5970.0,6116.5,103187,6031.33,6073.0,69,6076.0,2,
2026-04-13T13:11:16.307,NC,DIVISLAB,6077.5,6009.0,6078.0,5970.0,6116.5,103229,6031.35,6074.0,44,6076.5,4,
2026-04-13T13:11:21.612,NC,DIVISLAB,6079.0,6009.0,6079.0,5970.0,6116.5,103458,6031.45,6077.5,41,6080.0,41,
2026-04-13T13:11:26.118,NC,DIVISLAB,6080.0,6009.0,6080.0,5970.0,6116.5,103532,6031.49,6076.5,15,6077.5,28,
2026-04-13T13:11:30.724,NC,DIVISLAB,6079.0,6009.0,6080.0,5970.0,6116.5,103543,6031.49,6076.0,14,6076.5,10,
2026-04-13T13:11:35.020,NC,DIVISLAB,6079.0,6009.0,6080.0,5970.0,6116.5,103640,6031.53,6076.5,2,6079.0,24,
2026-04-13T13:11:40.024,NC,DIVISLAB,6079.0,6009.0,6080.0,5970.0,6116.5,103642,6031.54,6076.5,12,6079.5,25,
2026-04-13T13:11:54.256,NC,DIVISLAB,6079.0,6009.0,6080.0,5970.0,6116.5,103697,6031.56,6076.5,21,6079.0,14,
2026-04-13T13:11:58.948,NC,DIVISLAB,6076.5,6009.0,6080.0,5970.0,6116.5,103702,6031.56,6079.0,1,6080.0,36,
2026-04-13T13:12:03.875,NC,DIVISLAB,6080.0,6009.0,6080.0,5970.0,6116.5,103703,6031.56,6078.0,36,6080.0,45,
2026-04-13T13:12:09.262,NC,DIVISLAB,6080.0,6009.0,6080.0,5970.0,6116.5,103730,6031.58,6078.0,49,6080.0,43,
2026-04-13T13:12:14.685,NC,DIVISLAB,6080.0,6009.0,6080.0,5970.0,6116.5,103774,6031.6,6078.0,22,6080.0,40,
2026-04-13T13:12:19.982,NC,DIVISLAB,6080.0,6009.0,6080.0,5970.0,6116.5,103795,6031.6,6078.0,22,6080.0,19,
2026-04-13T13:12:25.180,NC,DIVISLAB,6080.0,6009.0,6080.0,5970.0,6116.5,103796,6031.61,6078.0,33,6080.0,12,
2026-04-13T13:12:30.107,NC,DIVISLAB,6080.0,6009.0,6080.0,5970.0,6116.5,103822,6031.62,6077.5,20,6080.0,56,
2026-04-13T13:12:35.506,NC,DIVISLAB,6080.0,6009.0,6080.0,5970.0,6116.5,103826,6031.62,6077.5,19,6080.0,35,
2026-04-13T13:12:40.905,NC,DIVISLAB,6080.0,6009.0,6080.0,5970.0,6116.5,103830,6031.62,6077.5,19,6080.0,62,
2026-04-13T13:12:50.319,NC,DIVISLAB,6080.0,6009.0,6080.0,5970.0,6116.5,103831,6031.62,6077.5,19,6080.0,65,
2026-04-13T13:13:03.930,NC,DIVISLAB,6080.0,6009.0,6080.0,5970.0,6116.5,103846,6031.63,6078.0,74,6080.0,10,
2026-04-13T13:13:08.334,NC,DIVISLAB,6080.0,6009.0,6080.0,5970.0,6116.5,103901,6031.65,6078.0,12,6080.0,12,
2026-04-13T13:13:12.846,NC,DIVISLAB,6080.5,6009.0,6082.5,5970.0,6116.5,103926,6031.66,6079.0,21,6080.5,5,
2026-04-13T13:13:17.145,NC,DIVISLAB,6081.5,6009.0,6082.5,5970.0,6116.5,103941,6031.67,6078.0,56,6081.5,38,
2026-04-13T13:13:21.650,NC,DIVISLAB,6081.5,6009.0,6082.5,5970.0,6116.5,103995,6031.7,6078.0,55,6081.0,7,
2026-04-13T13:13:31.862,NC,DIVISLAB,6081.0,6009.0,6082.5,5970.0,6116.5,104018,6031.71,6078.0,27,6081.0,7,
2026-04-13T13:13:37.203,NC,DIVISLAB,6081.0,6009.0,6082.5,5970.0,6116.5,104019,6031.71,6078.0,37,6081.0,1,
2026-04-13T13:13:52.522,NC,DIVISLAB,6081.0,6009.0,6082.5,5970.0,6116.5,104047,6031.72,6079.0,28,6081.0,51,
2026-04-13T13:13:57.829,NC,DIVISLAB,6080.0,6009.0,6082.5,5970.0,6116.5,104076,6031.73,6078.0,31,6080.0,60,
2026-04-13T13:14:02.737,NC,DIVISLAB,6080.0,6009.0,6082.5,5970.0,6116.5,104101,6031.75,6078.0,10,6080.0,60,
2026-04-13T13:14:07.458,NC,DIVISLAB,6079.0,6009.0,6082.5,5970.0,6116.5,104153,6031.77,6077.0,47,6079.0,65,
2026-04-13T13:14:12.047,NC,DIVISLAB,6079.0,6009.0,6082.5,5970.0,6116.5,104242,6031.81,6077.0,15,6079.0,55,
2026-04-13T13:14:22.363,NC,DIVISLAB,6079.0,6009.0,6082.5,5970.0,6116.5,104243,6031.81,6077.0,15,6079.0,121,
2026-04-13T13:14:27.166,NC,DIVISLAB,6079.0,6009.0,6082.5,5970.0,6116.5,104253,6031.81,6077.0,15,6079.0,112,
2026-04-13T13:14:31.574,NC,DIVISLAB,6077.0,6009.0,6082.5,5970.0,6116.5,104259,6031.82,6077.0,9,6079.0,7,
2026-04-13T13:14:36.278,NC,DIVISLAB,6079.0,6009.0,6082.5,5970.0,6116.5,104260,6031.82,6077.0,10,6079.0,1,
2026-04-13T13:14:40.985,NC,DIVISLAB,6077.0,6009.0,6082.5,5970.0,6116.5,104267,6031.82,6077.0,2,6079.0,1,
2026-04-13T13:14:45.395,NC,DIVISLAB,6077.0,6009.0,6082.5,5970.0,6116.5,104270,6031.82,6076.5,20,6077.0,1,
2026-04-13T13:14:49.694,NC,DIVISLAB,6079.5,6009.0,6082.5,5970.0,6116.5,104286,6031.83,6076.5,6,6079.5,38,
2026-04-13T13:15:12.744,NC,DIVISLAB,6079.0,6009.0,6082.5,5970.0,6116.5,104287,6031.83,6076.5,48,6079.0,267,
2026-04-13T13:15:37.071,NC,DIVISLAB,6079.0,6009.0,6082.5,5970.0,6116.5,104325,6031.85,6076.5,74,6079.0,205,
2026-04-13T13:15:41.678,NC,DIVISLAB,6079.0,6009.0,6082.5,5970.0,6116.5,104326,6031.85,6076.5,53,6079.0,209,
2026-04-13T13:15:51.885,NC,DIVISLAB,6077.0,6009.0,6082.5,5970.0,6116.5,104331,6031.85,6076.5,6,6079.0,233,
2026-04-13T13:16:02.332,NC,DIVISLAB,6076.5,6009.0,6082.5,5970.0,6116.5,104335,6031.85,6076.5,8,6079.0,219,
2026-04-13T13:16:06.905,NC,DIVISLAB,6079.0,6009.0,6082.5,5970.0,6116.5,104338,6031.85,6076.5,3,6079.0,233,
2026-04-13T13:16:21.931,NC,DIVISLAB,6078.5,6009.0,6082.5,5970.0,6116.5,104361,6031.86,6076.0,1,6078.5,20,
2026-04-13T13:16:26.831,NC,DIVISLAB,6078.5,6009.0,6082.5,5970.0,6116.5,104383,6031.87,6076.0,9,6078.5,17,
2026-04-13T13:16:45.451,NC,DIVISLAB,6078.5,6009.0,6082.5,5970.0,6116.5,104384,6031.87,6076.0,31,6078.5,3,
2026-04-13T13:16:54.766,NC,DIVISLAB,6076.0,6009.0,6082.5,5970.0,6116.5,104386,6031.87,6076.0,54,6078.5,8,
2026-04-13T13:17:03.676,NC,DIVISLAB,6078.5,6009.0,6082.5,5970.0,6116.5,104388,6031.87,6076.0,33,6078.5,23,
2026-04-13T13:17:13.199,NC,DIVISLAB,6078.5,6009.0,6082.5,5970.0,6116.5,104389,6031.87,6076.0,33,6078.5,22,
2026-04-13T13:17:22.194,NC,DIVISLAB,6079.0,6009.0,6082.5,5970.0,6116.5,104399,6031.88,6077.0,39,6079.0,200,
2026-04-13T13:17:26.710,NC,DIVISLAB,6079.0,6009.0,6082.5,5970.0,6116.5,104428,6031.89,6077.0,12,6079.0,202,
2026-04-13T13:17:31.216,NC,DIVISLAB,6077.0,6009.0,6082.5,5970.0,6116.5,104429,6031.89,6076.5,15,6079.0,202,
2026-04-13T13:17:36.033,NC,DIVISLAB,6079.0,6009.0,6082.5,5970.0,6116.5,104430,6031.89,6076.5,32,6079.0,197,
2026-04-13T13:17:54.478,NC,DIVISLAB,6078.5,6009.0,6082.5,5970.0,6116.5,104537,6031.94,6075.0,36,6078.5,14,
2026-04-13T13:17:59.167,NC,DIVISLAB,6078.5,6009.0,6082.5,5970.0,6116.5,104538,6031.94,6075.0,27,6078.5,13,
2026-04-13T13:18:22.918,NC,DIVISLAB,6078.0,6009.0,6082.5,5970.0,6116.5,104541,6031.94,6076.0,15,6078.0,99,
2026-04-13T13:18:27.517,NC,DIVISLAB,6076.0,6009.0,6082.5,5970.0,6116.5,104553,6031.94,6076.0,28,6078.0,113,
2026-04-13T13:18:32.131,NC,DIVISLAB,6078.0,6009.0,6082.5,5970.0,6116.5,104574,6031.95,6076.0,10,6078.0,111,
2026-04-13T13:18:36.641,NC,DIVISLAB,6078.0,6009.0,6082.5,5970.0,6116.5,104576,6031.95,6076.0,10,6078.0,109,
2026-04-13T13:18:46.239,NC,DIVISLAB,6078.0,6009.0,6082.5,5970.0,6116.5,104585,6031.96,6076.0,4,6078.0,107,
2026-04-13T13:18:50.838,NC,DIVISLAB,6076.0,6009.0,6082.5,5970.0,6116.5,104586,6031.96,6076.0,3,6078.0,107,
2026-04-13T13:19:09.385,NC,DIVISLAB,6078.0,6009.0,6082.5,5970.0,6116.5,104602,6031.96,6076.0,6,6078.0,105,
2026-04-13T13:19:19.818,NC,DIVISLAB,6077.5,6009.0,6082.5,5970.0,6116.5,104623,6031.97,6076.0,9,6077.5,19,
2026-04-13T13:19:29.810,NC,DIVISLAB,6077.5,6009.0,6082.5,5970.0,6116.5,104628,6031.97,6074.0,26,6077.5,11,
2026-04-13T13:19:34.429,NC,DIVISLAB,6077.5,6009.0,6082.5,5970.0,6116.5,104629,6031.98,6074.0,24,6077.5,12,
2026-04-13T13:19:38.926,NC,DIVISLAB,6077.0,6009.0,6082.5,5970.0,6116.5,104839,6032.07,6077.0,2,6077.5,13,
2026-04-13T13:19:43.332,NC,DIVISLAB,6077.5,6009.0,6082.5,5970.0,6116.5,104847,6032.07,6074.0,9,6076.5,6,
2026-04-13T13:19:47.936,NC,DIVISLAB,6076.5,6009.0,6082.5,5970.0,6116.5,104848,6032.07,6075.0,23,6077.5,9,
2026-04-13T13:19:52.549,NC,DIVISLAB,6077.5,6009.0,6082.5,5970.0,6116.5,104859,6032.07,6075.0,33,6077.5,1,
2026-04-13T13:19:56.942,NC,DIVISLAB,6077.5,6009.0,6082.5,5970.0,6116.5,104954,6032.12,6076.0,9,6078.0,14,
2026-04-13T13:20:01.465,NC,DIVISLAB,6078.0,6009.0,6082.5,5970.0,6116.5,104955,6032.12,6076.0,14,6079.0,184,
2026-04-13T13:20:10.954,NC,DIVISLAB,6078.5,6009.0,6082.5,5970.0,6116.5,104957,6032.12,6076.5,19,6078.5,1,
2026-04-13T13:20:15.965,NC,DIVISLAB,6078.5,6009.0,6082.5,5970.0,6116.5,104972,6032.12,6076.5,29,6079.0,183,
2026-04-13T13:20:25.177,NC,DIVISLAB,6079.0,6009.0,6082.5,5970.0,6116.5,104973,6032.12,6076.5,34,6079.0,193,
2026-04-13T13:20:34.597,NC,DIVISLAB,6079.0,6009.0,6082.5,5970.0,6116.5,105003,6032.14,6076.5,31,6079.0,153,
2026-04-13T13:20:39.393,NC,DIVISLAB,6079.0,6009.0,6082.5,5970.0,6116.5,105004,6032.14,6076.5,31,6079.0,152,
2026-04-13T13:20:48.412,NC,DIVISLAB,6079.0,6009.0,6082.5,5970.0,6116.5,105030,6032.15,6078.5,11,6079.0,149,
2026-04-13T13:20:53.317,NC,DIVISLAB,6079.0,6009.0,6082.5,5970.0,6116.5,105048,6032.16,6078.5,4,6079.0,138,
2026-04-13T13:20:58.330,NC,DIVISLAB,6079.0,6009.0,6082.5,5970.0,6116.5,105055,6032.16,6078.5,11,6079.0,137,
2026-04-13T13:21:07.737,NC,DIVISLAB,6079.0,6009.0,6082.5,5970.0,6116.5,105074,6032.17,6077.5,8,6079.0,136,
2026-04-13T13:21:12.666,NC,DIVISLAB,6079.0,6009.0,6082.5,5970.0,6116.5,105075,6032.17,6077.5,8,6079.0,135,
2026-04-13T13:21:22.359,NC,DIVISLAB,6079.0,6009.0,6082.5,5970.0,6116.5,105094,6032.18,6077.0,21,6079.0,143,
2026-04-13T13:21:26.775,NC,DIVISLAB,6083.5,6009.0,6083.5,5970.0,6116.5,105304,6032.27,6079.5,16,6082.5,1,
2026-04-13T13:21:31.074,NC,DIVISLAB,6082.5,6009.0,6083.5,5970.0,6116.5,105316,6032.28,6079.5,31,6082.5,5,
2026-04-13T13:21:35.482,NC,DIVISLAB,6082.5,6009.0,6083.5,5970.0,6116.5,105318,6032.28,6079.5,40,6082.5,3,
2026-04-13T13:21:39.991,NC,DIVISLAB,6079.5,6009.0,6083.5,5970.0,6116.5,105320,6032.28,6079.5,39,6082.5,2,
2026-04-13T13:21:59.238,NC,DIVISLAB,6082.0,6009.0,6083.5,5970.0,6116.5,105321,6032.28,6079.5,29,6082.0,1,
2026-04-13T13:22:21.454,NC,DIVISLAB,6082.0,6009.0,6083.5,5970.0,6116.5,105322,6032.28,6079.5,34,6082.0,1,
2026-04-13T13:22:25.757,NC,DIVISLAB,6079.5,6009.0,6083.5,5970.0,6116.5,105323,6032.28,6079.5,31,6082.0,2,
2026-04-13T13:22:44.291,NC,DIVISLAB,6083.0,6009.0,6083.5,5970.0,6116.5,105329,6032.28,6079.5,49,6082.5,9,
2026-04-13T13:22:48.812,NC,DIVISLAB,6082.5,6009.0,6083.5,5970.0,6116.5,105331,6032.28,6079.5,49,6082.5,27,
2026-04-13T13:23:01.419,NC,DIVISLAB,6079.5,6009.0,6083.5,5970.0,6116.5,105332,6032.28,6079.5,48,6082.5,12,
2026-04-13T13:23:06.516,NC,DIVISLAB,6083.0,6009.0,6083.5,5970.0,6116.5,105391,6032.31,6080.0,11,6083.0,26,
2026-04-13T13:23:11.525,NC,DIVISLAB,6083.0,6009.0,6083.5,5970.0,6116.5,105392,6032.31,6080.5,14,6083.0,16,
2026-04-13T13:23:16.921,NC,DIVISLAB,6083.0,6009.0,6083.5,5970.0,6116.5,105393,6032.31,6080.5,55,6083.0,24,
2026-04-13T13:23:36.058,NC,DIVISLAB,6082.5,6009.0,6083.5,5970.0,6116.5,105480,6032.35,6080.5,21,6082.5,19,
2026-04-13T13:23:40.552,NC,DIVISLAB,6082.5,6009.0,6083.5,5970.0,6116.5,105495,6032.36,6080.5,7,6082.5,18,
2026-04-13T13:23:58.380,NC,DIVISLAB,6082.0,6009.0,6083.5,5970.0,6116.5,105496,6032.36,6080.5,7,6082.0,16,
2026-04-13T13:24:02.586,NC,DIVISLAB,6080.5,6009.0,6083.5,5970.0,6116.5,105497,6032.36,6080.5,6,6082.0,18,
2026-04-13T13:24:06.997,NC,DIVISLAB,6082.0,6009.0,6083.5,5970.0,6116.5,105498,6032.36,6080.5,37,6082.0,17,
2026-04-13T13:24:11.696,NC,DIVISLAB,6082.0,6009.0,6083.5,5970.0,6116.5,105524,6032.37,6080.5,11,6082.0,16,
2026-04-13T13:24:21.008,NC,DIVISLAB,6081.5,6009.0,6083.5,5970.0,6116.5,105527,6032.37,6080.0,27,6081.5,98,
2026-04-13T13:24:25.515,NC,DIVISLAB,6081.5,6009.0,6083.5,5970.0,6116.5,105547,6032.38,6080.0,8,6081.5,118,
2026-04-13T13:24:29.921,NC,DIVISLAB,6081.5,6009.0,6083.5,5970.0,6116.5,105601,6032.41,6079.0,30,6081.5,114,
2026-04-13T13:24:48.843,NC,DIVISLAB,6081.5,6009.0,6083.5,5970.0,6116.5,105631,6032.42,6079.0,1,6081.5,122,
2026-04-13T13:24:57.947,NC,DIVISLAB,6078.5,6009.0,6083.5,5970.0,6116.5,105689,6032.45,6076.5,38,6078.5,19,
2026-04-13T13:25:02.551,NC,DIVISLAB,6078.5,6009.0,6083.5,5970.0,6116.5,105745,6032.47,6076.5,5,6078.5,6,
2026-04-13T13:25:06.871,NC,DIVISLAB,6078.5,6009.0,6083.5,5970.0,6116.5,105746,6032.47,6076.0,48,6079.0,8,
2026-04-13T13:25:11.668,NC,DIVISLAB,6079.0,6009.0,6083.5,5970.0,6116.5,105747,6032.47,6077.0,9,6079.0,1,
2026-04-13T13:25:21.492,NC,DIVISLAB,6079.0,6009.0,6083.5,5970.0,6116.5,105748,6032.47,6077.0,18,6080.0,8,
2026-04-13T13:25:30.885,NC,DIVISLAB,6077.0,6009.0,6083.5,5970.0,6116.5,105750,6032.47,6076.5,18,6079.5,9,
2026-04-13T13:25:35.293,NC,DIVISLAB,6079.5,6009.0,6083.5,5970.0,6116.5,105751,6032.47,6076.5,20,6079.5,5,
2026-04-13T13:25:49.741,NC,DIVISLAB,6076.5,6009.0,6083.5,5970.0,6116.5,105752,6032.47,6076.5,14,6079.5,12,
2026-04-13T13:25:58.450,NC,DIVISLAB,6079.5,6009.0,6083.5,5970.0,6116.5,105753,6032.47,6076.5,14,6079.5,19,
2026-04-13T13:26:21.559,NC,DIVISLAB,6080.5,6009.0,6083.5,5970.0,6116.5,105755,6032.47,6077.0,21,6079.5,1,
2026-04-13T13:26:44.084,NC,DIVISLAB,6079.5,6009.0,6083.5,5970.0,6116.5,105756,6032.47,6077.0,18,6079.5,1,
2026-04-13T13:26:48.697,NC,DIVISLAB,6079.5,6009.0,6083.5,5970.0,6116.5,105757,6032.48,6077.0,20,6080.5,12,
2026-04-13T13:27:07.211,NC,DIVISLAB,6077.0,6009.0,6083.5,5970.0,6116.5,105760,6032.48,6077.0,30,6080.0,1,
2026-04-13T13:27:12.040,NC,DIVISLAB,6077.0,6009.0,6083.5,5970.0,6116.5,105762,6032.48,6077.0,27,6080.0,2,
2026-04-13T13:27:20.931,NC,DIVISLAB,6080.0,6009.0,6083.5,5970.0,6116.5,105763,6032.48,6077.0,31,6080.0,2,
2026-04-13T13:27:25.325,NC,DIVISLAB,6080.0,6009.0,6083.5,5970.0,6116.5,105818,6032.5,6077.5,1,6080.0,10,
2026-04-13T13:27:34.335,NC,DIVISLAB,6080.0,6009.0,6083.5,5970.0,6116.5,105820,6032.5,6077.0,1,6080.0,11,
2026-04-13T13:27:59.869,NC,DIVISLAB,6080.0,6009.0,6083.5,5970.0,6116.5,105821,6032.5,6077.0,14,6080.0,1,
2026-04-13T13:28:21.499,NC,DIVISLAB,6080.0,6009.0,6083.5,5970.0,6116.5,105822,6032.5,6077.0,29,6080.0,1,
2026-04-13T13:28:34.519,NC,DIVISLAB,6077.0,6009.0,6083.5,5970.0,6116.5,105823,6032.5,6077.0,27,6080.0,23,
2026-04-13T13:28:39.333,NC,DIVISLAB,6081.0,6009.0,6083.5,5970.0,6116.5,105849,6032.51,6078.0,5,6081.0,23,
2026-04-13T13:28:43.726,NC,DIVISLAB,6081.0,6009.0,6083.5,5970.0,6116.5,105850,6032.52,6077.5,4,6080.5,5,
2026-04-13T13:28:56.758,NC,DIVISLAB,6081.0,6009.0,6083.5,5970.0,6116.5,105860,6032.52,6077.5,10,6081.0,21,
2026-04-13T13:29:10.453,NC,DIVISLAB,6081.0,6009.0,6083.5,5970.0,6116.5,105861,6032.52,6077.5,10,6080.5,4,
2026-04-13T13:29:27.799,NC,DIVISLAB,6077.5,6009.0,6083.5,5970.0,6116.5,105896,6032.54,6077.5,2,6080.5,21,
2026-04-13T13:29:31.900,NC,DIVISLAB,6080.5,6009.0,6083.5,5970.0,6116.5,105898,6032.54,6077.5,2,6080.5,33,
2026-04-13T13:29:36.210,NC,DIVISLAB,6080.5,6009.0,6083.5,5970.0,6116.5,105899,6032.54,6077.0,40,6080.5,36,
2026-04-13T13:29:58.843,NC,DIVISLAB,6080.5,6009.0,6083.5,5970.0,6116.5,105901,6032.54,6077.5,18,6080.5,19,
2026-04-13T13:30:22.694,NC,DIVISLAB,6080.5,6009.0,6083.5,5970.0,6116.5,105910,6032.54,6079.0,4,6081.5,5,
2026-04-13T13:30:27.195,NC,DIVISLAB,6082.5,6009.0,6083.5,5970.0,6116.5,105946,6032.56,6080.5,7,6082.5,11,
2026-04-13T13:30:40.320,NC,DIVISLAB,6082.5,6009.0,6083.5,5970.0,6116.5,105957,6032.56,6080.5,1,6082.5,6,
2026-04-13T13:30:44.616,NC,DIVISLAB,6082.5,6009.0,6083.5,5970.0,6116.5,105959,6032.56,6079.5,4,6082.0,1,
2026-04-13T13:30:49.132,NC,DIVISLAB,6082.5,6009.0,6083.5,5970.0,6116.5,105960,6032.57,6079.5,17,6083.0,18,
2026-04-13T13:31:08.003,NC,DIVISLAB,6088.0,6009.0,6088.0,5970.0,6116.5,106152,6032.66,6085.5,15,6089.0,8,
2026-04-13T13:31:13.267,NC,DIVISLAB,6089.5,6009.0,6092.0,5970.0,6116.5,106262,6032.72,6087.5,4,6090.0,15,
2026-04-13T13:31:18.089,NC,DIVISLAB,6091.5,6009.0,6094.0,5970.0,6116.5,106451,6032.83,6090.5,2,6093.5,27,
2026-04-13T13:31:23.101,NC,DIVISLAB,6091.5,6009.0,6094.0,5970.0,6116.5,106485,6032.84,6088.5,10,6091.5,10,
2026-04-13T13:31:27.605,NC,DIVISLAB,6088.5,6009.0,6094.0,5970.0,6116.5,106487,6032.85,6088.5,37,6091.5,35,
2026-04-13T13:31:32.307,NC,DIVISLAB,6091.5,6009.0,6094.0,5970.0,6116.5,106488,6032.85,6088.5,37,6091.5,31,
2026-04-13T13:31:45.916,NC,DIVISLAB,6092.5,6009.0,6094.0,5970.0,6116.5,106518,6032.86,6089.0,46,6092.5,3,
2026-04-13T13:31:50.420,NC,DIVISLAB,6093.5,6009.0,6094.0,5970.0,6116.5,106519,6032.86,6090.0,11,6093.5,28,
2026-04-13T13:31:55.152,NC,DIVISLAB,6093.5,6009.0,6094.0,5970.0,6116.5,106520,6032.86,6091.0,2,6093.5,5,
2026-04-13T13:32:00.354,NC,DIVISLAB,6093.5,6009.0,6094.0,5970.0,6116.5,106521,6032.86,6092.0,25,6094.5,6,
2026-04-13T13:32:05.748,NC,DIVISLAB,6095.0,6009.0,6095.0,5970.0,6116.5,106523,6032.87,6093.0,13,6095.0,24,
2026-04-13T13:32:10.855,NC,DIVISLAB,6095.0,6009.0,6095.0,5970.0,6116.5,106533,6032.87,6093.0,40,6095.0,23,
2026-04-13T13:32:15.657,NC,DIVISLAB,6095.0,6009.0,6095.0,5970.0,6116.5,106563,6032.89,6092.0,26,6093.0,27,
2026-04-13T13:32:20.290,NC,DIVISLAB,6093.0,6009.0,6095.0,5970.0,6116.5,106583,6032.9,6092.0,16,6095.0,28,
2026-04-13T13:32:24.775,NC,DIVISLAB,6095.0,6009.0,6095.0,5970.0,6116.5,106584,6032.9,6091.5,18,6095.0,111,
2026-04-13T13:32:45.623,NC,DIVISLAB,6095.0,6009.0,6095.0,5970.0,6116.5,106586,6032.9,6092.0,28,6095.0,22,
2026-04-13T13:32:56.023,NC,DIVISLAB,6095.0,6009.0,6095.0,5970.0,6116.5,106600,6032.91,6092.0,16,6095.0,35,
2026-04-13T13:33:06.437,NC,DIVISLAB,6098.0,6009.0,6098.0,5970.0,6116.5,106816,6033.04,6094.5,26,6098.5,110,
2026-04-13T13:33:11.742,NC,DIVISLAB,6098.5,6009.0,6098.5,5970.0,6116.5,107064,6033.19,6095.5,22,6098.5,129,
2026-04-13T13:33:25.978,NC,DIVISLAB,6102.0,6009.0,6102.0,5970.0,6116.5,107983,6033.76,6102.0,7,6104.0,50,
2026-04-13T13:33:30.955,NC,DIVISLAB,6103.5,6009.0,6105.0,5970.0,6116.5,108204,6033.9,6103.0,95,6103.5,32,
2026-04-13T13:33:36.062,NC,DIVISLAB,6104.0,6009.0,6108.0,5970.0,6116.5,108490,6034.09,6103.5,29,6106.5,17,
2026-04-13T13:33:41.168,NC,DIVISLAB,6106.5,6009.0,6108.0,5970.0,6116.5,108635,6034.18,6103.5,66,6106.5,14,
2026-04-13T13:33:46.284,NC,DIVISLAB,6106.5,6009.0,6108.0,5970.0,6116.5,108640,6034.19,6105.0,607,6107.0,4,
2026-04-13T13:33:51.693,NC,DIVISLAB,6107.0,6009.0,6108.0,5970.0,6116.5,109205,6034.55,6105.5,3,6107.0,248,
2026-04-13T13:33:56.411,NC,DIVISLAB,6107.0,6009.0,6109.0,5970.0,6116.5,114869,6038.22,6105.5,38,6107.5,155,
2026-04-13T13:34:01.217,NC,DIVISLAB,6106.0,6009.0,6109.0,5970.0,6116.5,115122,6038.36,6103.5,50,6105.5,100,
2026-04-13T13:34:06.220,NC,DIVISLAB,6103.5,6009.0,6109.0,5970.0,6116.5,115297,6038.46,6103.0,17,6103.5,70,
2026-04-13T13:34:11.240,NC,DIVISLAB,6103.5,6009.0,6109.0,5970.0,6116.5,115400,6038.52,6101.5,59,6103.5,8,
2026-04-13T13:34:16.142,NC,DIVISLAB,6102.5,6009.0,6109.0,5970.0,6116.5,115469,6038.56,6102.5,24,6106.0,33,
2026-04-13T13:34:21.052,NC,DIVISLAB,6106.0,6009.0,6109.0,5970.0,6116.5,115472,6038.56,6103.0,33,6106.0,35,
2026-04-13T13:34:25.651,NC,DIVISLAB,6103.0,6009.0,6109.0,5970.0,6116.5,115554,6038.61,6103.0,56,6107.0,20,
2026-04-13T13:34:30.447,NC,DIVISLAB,6107.0,6009.0,6109.0,5970.0,6116.5,115571,6038.62,6104.0,68,6107.0,8,
2026-04-13T13:34:39.475,NC,DIVISLAB,6109.0,6009.0,6109.0,5970.0,6116.5,115630,6038.65,6107.0,20,6108.5,12,
2026-04-13T13:34:44.291,NC,DIVISLAB,6108.5,6009.0,6109.0,5970.0,6116.5,115646,6038.66,6107.0,6,6108.5,41,
2026-04-13T13:34:54.305,NC,DIVISLAB,6107.0,6009.0,6109.0,5970.0,6116.5,115649,6038.66,6107.0,3,6108.5,44,
2026-04-13T13:34:58.918,NC,DIVISLAB,6108.0,6009.0,6109.0,5970.0,6116.5,115651,6038.66,6107.0,3,6108.5,21,
2026-04-13T13:35:03.721,NC,DIVISLAB,6106.0,6009.0,6109.0,5970.0,6116.5,115655,6038.67,6104.0,48,6107.5,2,
2026-04-13T13:35:08.422,NC,DIVISLAB,6106.5,6009.0,6109.0,5970.0,6116.5,115657,6038.67,6104.0,6,6107.0,7,
2026-04-13T13:35:18.140,NC,DIVISLAB,6106.5,6009.0,6109.0,5970.0,6116.5,115683,6038.68,6103.5,60,6106.5,5,
2026-04-13T13:35:22.843,NC,DIVISLAB,6107.0,6009.0,6109.0,5970.0,6116.5,115689,6038.69,6106.0,300,6108.0,22,
2026-04-13T13:35:27.673,NC,DIVISLAB,6108.0,6009.0,6109.0,5970.0,6116.5,115923,6038.82,6106.0,82,6108.0,6,
2026-04-13T13:35:32.573,NC,DIVISLAB,6108.5,6009.0,6109.0,5970.0,6116.5,115978,6038.85,6106.0,32,6108.0,1,
2026-04-13T13:35:42.674,NC,DIVISLAB,6108.0,6009.0,6109.0,5970.0,6116.5,115979,6038.85,6106.0,32,6107.0,1,
2026-04-13T13:35:52.491,NC,DIVISLAB,6107.5,6009.0,6109.0,5970.0,6116.5,115981,6038.85,6106.0,32,6108.0,1246,
2026-04-13T13:35:57.506,NC,DIVISLAB,6108.0,6009.0,6109.0,5970.0,6116.5,115988,6038.86,6106.0,27,6108.0,1244,
2026-04-13T13:36:12.445,NC,DIVISLAB,6106.0,6009.0,6109.0,5970.0,6116.5,115993,6038.86,6106.0,22,6108.0,1229,
2026-04-13T13:36:22.147,NC,DIVISLAB,6107.5,6009.0,6109.0,5970.0,6116.5,115996,6038.86,6106.0,21,6108.0,1233,
2026-04-13T13:36:47.710,NC,DIVISLAB,6107.5,6009.0,6109.0,5970.0,6116.5,116028,6038.88,6105.5,24,6108.0,1229,
2026-04-13T13:36:52.616,NC,DIVISLAB,6106.0,6009.0,6109.0,5970.0,6116.5,116067,6038.9,6105.5,20,6108.0,1217,
2026-04-13T13:37:06.932,NC,DIVISLAB,6108.0,6009.0,6109.0,5970.0,6116.5,116068,6038.91,6105.5,15,6108.0,1216,
2026-04-13T13:37:16.645,NC,DIVISLAB,6108.0,6009.0,6109.0,5970.0,6116.5,116071,6038.91,6105.5,10,6108.0,1213,
2026-04-13T13:37:25.670,NC,DIVISLAB,6109.5,6009.0,6111.0,5970.0,6116.5,117694,6039.86,6108.0,7,6110.5,2,
2026-04-13T13:37:30.180,NC,DIVISLAB,6111.5,6009.0,6112.5,5970.0,6116.5,117753,6039.9,6109.0,98,6111.5,17,
2026-04-13T13:37:34.674,NC,DIVISLAB,6113.5,6009.0,6113.5,5970.0,6116.5,117794,6039.93,6111.0,5,6113.5,17,
2026-04-13T13:37:39.368,NC,DIVISLAB,6114.0,6009.0,6114.5,5970.0,6116.5,117922,6040.0,6113.0,5,6114.0,30,
2026-04-13T13:37:44.072,NC,DIVISLAB,6113.5,6009.0,6114.5,5970.0,6116.5,118032,6040.07,6113.0,4,6113.5,13,
2026-04-13T13:37:48.679,NC,DIVISLAB,6113.5,6009.0,6114.5,5970.0,6116.5,118109,6040.12,6113.0,39,6113.5,97,
2026-04-13T13:37:53.299,NC,DIVISLAB,6113.0,6009.0,6114.5,5970.0,6116.5,118331,6040.26,6111.5,45,6113.0,11,
2026-04-13T13:37:57.785,NC,DIVISLAB,6113.0,6009.0,6114.5,5970.0,6116.5,118370,6040.28,6111.5,22,6113.0,95,
2026-04-13T13:38:06.802,NC,DIVISLAB,6113.0,6009.0,6115.0,5970.0,6116.5,118613,6040.43,6112.0,46,6113.0,11,
2026-04-13T13:38:11.212,NC,DIVISLAB,6114.5,6009.0,6115.0,5970.0,6116.5,118688,6040.47,6111.5,15,6114.5,24,
2026-04-13T13:38:15.724,NC,DIVISLAB,6112.0,6009.0,6115.0,5970.0,6116.5,118690,6040.48,6112.0,3,6114.5,10,
2026-04-13T13:38:20.028,NC,DIVISLAB,6111.5,6009.0,6115.0,5970.0,6116.5,118700,6040.48,6111.5,19,6114.5,22,
2026-04-13T13:38:29.332,NC,DIVISLAB,6116.0,6009.0,6116.0,5970.0,6116.5,118751,6040.51,6113.0,18,6116.5,67,
2026-04-13T13:38:33.735,NC,DIVISLAB,6115.5,6009.0,6116.0,5970.0,6116.5,118752,6040.51,6113.0,3,6115.5,43,
2026-04-13T13:39:16.572,NC,DIVISLAB,6112.5,6009.0,6116.0,5970.0,6116.5,118754,6040.51,6112.0,21,6115.0,25,
2026-04-13T13:39:21.578,NC,DIVISLAB,6112.0,6009.0,6116.0,5970.0,6116.5,118755,6040.52,6112.0,1,6114.0,7,
2026-04-13T13:39:26.982,NC,DIVISLAB,6114.0,6009.0,6116.0,5970.0,6116.5,118768,6040.52,6111.0,26,6113.5,11,
2026-04-13T13:39:37.013,NC,DIVISLAB,6113.5,6009.0,6116.0,5970.0,6116.5,118788,6040.54,6111.0,13,6113.5,7,
2026-04-13T13:39:42.103,NC,DIVISLAB,6113.5,6009.0,6116.0,5970.0,6116.5,118789,6040.54,6111.0,39,6114.0,22,
2026-04-13T13:39:51.920,NC,DIVISLAB,6113.5,6009.0,6116.0,5970.0,6116.5,118797,6040.54,6111.5,25,6113.5,6,
2026-04-13T13:39:56.532,NC,DIVISLAB,6113.5,6009.0,6116.0,5970.0,6116.5,118816,6040.55,6111.5,8,6113.5,26,
2026-04-13T13:40:01.433,NC,DIVISLAB,6113.5,6009.0,6116.0,5970.0,6116.5,118837,6040.56,6111.0,5,6113.5,49,
2026-04-13T13:40:11.455,NC,DIVISLAB,6113.5,6009.0,6116.0,5970.0,6116.5,118838,6040.57,6111.0,5,6113.5,25,
2026-04-13T13:40:30.168,NC,DIVISLAB,6111.0,6009.0,6116.0,5970.0,6116.5,118848,6040.57,6111.0,78,6113.5,1,
2026-04-13T13:40:34.689,NC,DIVISLAB,6113.5,6009.0,6116.0,5970.0,6116.5,118849,6040.57,6111.5,49,6113.5,1,
2026-04-13T13:40:37.783,NC,DIVISLAB,6113.5,6009.0,6116.0,5970.0,6116.5,118850,6040.57,6111.5,31,6114.5,32,
2026-04-13T13:40:38.783,NC,DIVISLAB,6114.0,6009.0,6116.0,5970.0,6116.5,118891,6040.6,6111.5,25,6114.0,4,
2026-04-13T13:40:46.802,NC,DIVISLAB,6111.0,6009.0,6116.0,5970.0,6116.5,118905,6040.61,6111.0,18,6113.5,37,
2026-04-13T13:40:47.803,NC,DIVISLAB,6113.5,6009.0,6116.0,5970.0,6116.5,118906,6040.61,6111.5,2,6113.5,22,
2026-04-13T13:40:48.823,NC,DIVISLAB,6113.5,6009.0,6116.0,5970.0,6116.5,118907,6040.61,6111.5,2,6113.5,21,
2026-04-13T13:40:50.806,NC,DIVISLAB,6111.5,6009.0,6116.0,5970.0,6116.5,118909,6040.61,6111.0,16,6113.5,32,
2026-04-13T13:40:51.807,NC,DIVISLAB,6111.0,6009.0,6116.0,5970.0,6116.5,118911,6040.61,6111.0,14,6113.5,32,
2026-04-13T13:40:54.818,NC,DIVISLAB,6111.0,6009.0,6116.0,5970.0,6116.5,118913,6040.61,6111.0,14,6113.5,37,
2026-04-13T13:40:59.125,NC,DIVISLAB,6111.0,6009.0,6116.0,5970.0,6116.5,118914,6040.61,6112.0,22,6114.5,32,
2026-04-13T13:41:03.428,NC,DIVISLAB,6115.0,6009.0,6116.0,5970.0,6116.5,118915,6040.61,6112.0,34,6115.0,39,
2026-04-13T13:41:07.735,NC,DIVISLAB,6115.0,6009.0,6116.0,5970.0,6116.5,118917,6040.61,6112.0,58,6115.0,8,
2026-04-13T13:41:30.671,NC,DIVISLAB,6112.5,6009.0,6116.0,5970.0,6116.5,118924,6040.62,6112.5,8,6115.0,9,
2026-04-13T13:41:31.675,NC,DIVISLAB,6115.0,6009.0,6116.0,5970.0,6116.5,118925,6040.62,6112.5,8,6115.0,8,
2026-04-13T13:41:38.886,NC,DIVISLAB,6115.0,6009.0,6116.0,5970.0,6116.5,118927,6040.62,6112.0,28,6115.0,33,
2026-04-13T13:41:54.515,NC,DIVISLAB,6112.5,6009.0,6116.0,5970.0,6116.5,118937,6040.62,6112.0,23,6115.0,44,
2026-04-13T13:41:59.630,NC,DIVISLAB,6112.0,6009.0,6116.0,5970.0,6116.5,118938,6040.63,6112.0,39,6115.0,45,
2026-04-13T13:42:09.734,NC,DIVISLAB,6112.5,6009.0,6116.0,5970.0,6116.5,118952,6040.63,6112.0,9,6112.5,57,
2026-04-13T13:42:20.174,NC,DIVISLAB,6113.0,6009.0,6116.0,5970.0,6116.5,119055,6040.7,6113.0,3,6115.0,37,
2026-04-13T13:42:25.561,NC,DIVISLAB,6113.0,6009.0,6116.0,5970.0,6116.5,119056,6040.7,6113.0,1,6115.0,43,
2026-04-13T13:42:34.784,NC,DIVISLAB,6113.0,6009.0,6116.0,5970.0,6116.5,119057,6040.7,6113.0,1,6115.0,44,
2026-04-13T13:42:39.184,NC,DIVISLAB,6113.0,6009.0,6116.0,5970.0,6116.5,119059,6040.7,6112.5,3,6113.0,9,
2026-04-13T13:42:48.906,NC,DIVISLAB,6112.0,6009.0,6116.0,5970.0,6116.5,119195,6040.78,6110.5,77,6112.0,36,
2026-04-13T13:42:53.723,NC,DIVISLAB,6104.0,6009.0,6116.0,5970.0,6116.5,119484,6040.94,6102.0,1,6104.0,56,
2026-04-13T13:42:58.732,NC,DIVISLAB,6098.0,6009.0,6116.0,5970.0,6116.5,119566,6040.98,6096.0,2,6098.0,44,
2026-04-13T13:43:03.733,NC,DIVISLAB,6098.5,6009.0,6116.0,5970.0,6116.5,120080,6041.23,6098.0,1,6101.5,170,
2026-04-13T13:43:08.545,NC,DIVISLAB,6098.0,6009.0,6116.0,5970.0,6116.5,120156,6041.26,6097.5,55,6101.0,45,
2026-04-13T13:43:13.847,NC,DIVISLAB,6099.0,6009.0,6116.0,5970.0,6116.5,120334,6041.35,6098.5,51,6099.0,90,
2026-04-13T13:43:18.766,NC,DIVISLAB,6097.5,6009.0,6116.0,5970.0,6116.5,120479,6041.42,6096.0,10,6097.5,46,
2026-04-13T13:43:23.509,NC,DIVISLAB,6098.5,6009.0,6116.0,5970.0,6116.5,120647,6041.5,6098.0,12,6101.5,145,
2026-04-13T13:43:28.183,NC,DIVISLAB,6098.0,6009.0,6116.0,5970.0,6116.5,120686,6041.52,6096.5,23,6098.0,62,
2026-04-13T13:43:32.786,NC,DIVISLAB,6098.0,6009.0,6116.0,5970.0,6116.5,120769,6041.55,6096.5,42,6098.0,7,
2026-04-13T13:43:37.487,NC,DIVISLAB,6099.5,6009.0,6116.0,5970.0,6116.5,120770,6041.55,6096.5,32,6099.5,17,
2026-04-13T13:43:45.696,NC,DIVISLAB,6096.5,6009.0,6116.0,5970.0,6116.5,120771,6041.55,6096.5,22,6099.5,13,
2026-04-13T13:43:50.803,NC,DIVISLAB,6099.5,6009.0,6116.0,5970.0,6116.5,120781,6041.56,6096.5,23,6099.5,51,
2026-04-13T13:43:51.806,NC,DIVISLAB,6099.5,6009.0,6116.0,5970.0,6116.5,120782,6041.56,6096.5,23,6099.5,50,
2026-04-13T13:43:52.814,NC,DIVISLAB,6096.5,6009.0,6116.0,5970.0,6116.5,120798,6041.57,6096.5,7,6099.5,45,
2026-04-13T13:43:58.820,NC,DIVISLAB,6096.5,6009.0,6116.0,5970.0,6116.5,120852,6041.59,6096.5,6,6099.0,44,
2026-04-13T13:43:59.719,NC,DIVISLAB,6099.0,6009.0,6116.0,5970.0,6116.5,120855,6041.59,6096.5,6,6099.0,39,
2026-04-13T13:44:05.123,NC,DIVISLAB,6100.0,6009.0,6116.0,5970.0,6116.5,121015,6041.67,6096.5,9,6100.0,31,
2026-04-13T13:44:06.327,NC,DIVISLAB,6100.0,6009.0,6116.0,5970.0,6116.5,121024,6041.67,6096.5,27,6100.0,9,
2026-04-13T13:44:07.225,NC,DIVISLAB,6099.0,6009.0,6116.0,5970.0,6116.5,121025,6041.67,6096.5,40,6100.0,3,
2026-04-13T13:44:15.540,NC,DIVISLAB,6100.0,6009.0,6116.0,5970.0,6116.5,121053,6041.69,6096.5,1,6100.0,107,
2026-04-13T13:44:37.497,NC,DIVISLAB,6100.0,6009.0,6116.0,5970.0,6116.5,121054,6041.69,6096.5,4,6100.0,132,
2026-04-13T13:44:41.778,NC,DIVISLAB,6100.0,6009.0,6116.0,5970.0,6116.5,121055,6041.69,6096.5,5,6099.0,167,
2026-04-13T13:44:46.077,NC,DIVISLAB,6099.0,6009.0,6116.0,5970.0,6116.5,121056,6041.69,6096.5,5,6099.0,192,
2026-04-13T13:44:54.682,NC,DIVISLAB,6099.0,6009.0,6116.0,5970.0,6116.5,121065,6041.69,6096.5,5,6099.0,183,
2026-04-13T13:45:08.694,NC,DIVISLAB,6096.5,6009.0,6116.0,5970.0,6116.5,121068,6041.69,6096.5,4,6099.0,200,
2026-04-13T13:45:13.399,NC,DIVISLAB,6095.0,6009.0,6116.0,5970.0,6116.5,121102,6041.71,6094.5,1,6096.5,194,
2026-04-13T13:45:19.010,NC,DIVISLAB,6095.5,6009.0,6116.0,5970.0,6116.5,121105,6041.71,6093.0,1,6095.5,163,
2026-04-13T13:45:24.315,NC,DIVISLAB,6093.0,6009.0,6116.0,5970.0,6116.5,121106,6041.71,6092.0,8,6095.5,185,
2026-04-13T13:45:34.121,NC,DIVISLAB,6095.5,6009.0,6116.0,5970.0,6116.5,121111,6041.71,6093.0,24,6095.5,158,
2026-04-13T13:45:39.328,NC,DIVISLAB,6095.5,6009.0,6116.0,5970.0,6116.5,121144,6041.73,6093.0,29,6095.5,157,
2026-04-13T13:45:44.431,NC,DIVISLAB,6093.0,6009.0,6116.0,5970.0,6116.5,121153,6041.73,6093.0,3,6095.0,222,
2026-04-13T13:45:49.440,NC,DIVISLAB,6095.0,6009.0,6116.0,5970.0,6116.5,121154,6041.73,6093.0,2,6095.0,289,
2026-04-13T13:45:53.845,NC,DIVISLAB,6093.0,6009.0,6116.0,5970.0,6116.5,121160,6041.73,6092.5,27,6093.0,122,
2026-04-13T13:45:57.957,NC,DIVISLAB,6093.0,6009.0,6116.0,5970.0,6116.5,121229,6041.76,6092.5,2,6093.0,157,
2026-04-13T13:46:02.372,NC,DIVISLAB,6092.5,6009.0,6116.0,5970.0,6116.5,121231,6041.76,6092.5,2,6093.0,158,
2026-04-13T13:46:07.399,NC,DIVISLAB,6094.5,6009.0,6116.0,5970.0,6116.5,121442,6041.85,6093.0,50,6094.5,71,
2026-04-13T13:46:11.964,NC,DIVISLAB,6094.5,6009.0,6116.0,5970.0,6116.5,121444,6041.85,6093.0,86,6094.5,83,
2026-04-13T13:46:16.568,NC,DIVISLAB,6095.0,6009.0,6116.0,5970.0,6116.5,121733,6041.98,6093.5,26,6094.5,9,
2026-04-13T13:46:20.979,NC,DIVISLAB,6096.0,6009.0,6116.0,5970.0,6116.5,121756,6041.99,6094.0,8,6096.0,10,
2026-04-13T13:46:29.988,NC,DIVISLAB,6094.5,6009.0,6116.0,5970.0,6116.5,121822,6042.02,6094.0,51,6094.5,42,
2026-04-13T13:46:34.312,NC,DIVISLAB,6094.5,6009.0,6116.0,5970.0,6116.5,121904,6042.05,6094.0,5,6094.5,3,
2026-04-13T13:46:42.714,NC,DIVISLAB,6097.0,6009.0,6116.0,5970.0,6116.5,122032,6042.11,6096.5,1,6097.0,38,
2026-04-13T13:46:47.615,NC,DIVISLAB,6097.0,6009.0,6116.0,5970.0,6116.5,122034,6042.11,6095.0,13,6097.0,66,
2026-04-13T13:46:52.425,NC,DIVISLAB,6097.0,6009.0,6116.0,5970.0,6116.5,122044,6042.12,6095.0,6,6097.0,45,
2026-04-13T13:47:01.557,NC,DIVISLAB,6097.0,6009.0,6116.0,5970.0,6116.5,122075,6042.13,6095.0,14,6097.0,24,
2026-04-13T13:47:06.262,NC,DIVISLAB,6097.5,6009.0,6116.0,5970.0,6116.5,122087,6042.13,6095.0,20,6097.5,133,
2026-04-13T13:47:11.055,NC,DIVISLAB,6097.5,6009.0,6116.0,5970.0,6116.5,122089,6042.14,6095.0,22,6097.5,131,
2026-04-13T13:47:28.420,NC,DIVISLAB,6097.5,6009.0,6116.0,5970.0,6116.5,122142,6042.16,6095.0,30,6097.5,68,
2026-04-13T13:47:32.885,NC,DIVISLAB,6097.5,6009.0,6116.0,5970.0,6116.5,122143,6042.16,6095.5,31,6097.5,77,
2026-04-13T13:47:37.494,NC,DIVISLAB,6097.5,6009.0,6116.0,5970.0,6116.5,122166,6042.17,6095.5,83,6097.5,75,
2026-04-13T13:47:41.794,NC,DIVISLAB,6097.5,6009.0,6116.0,5970.0,6116.5,122227,6042.2,6095.5,24,6097.5,73,
2026-04-13T13:47:51.103,NC,DIVISLAB,6095.5,6009.0,6116.0,5970.0,6116.5,122232,6042.2,6095.5,19,6097.5,75,
2026-04-13T13:47:56.119,NC,DIVISLAB,6095.5,6009.0,6116.0,5970.0,6116.5,122233,6042.2,6095.5,18,6097.5,65,
2026-04-13T13:48:10.022,NC,DIVISLAB,6097.5,6009.0,6116.0,5970.0,6116.5,122234,6042.2,6095.5,18,6097.5,83,
2026-04-13T13:48:14.728,NC,DIVISLAB,6097.5,6009.0,6116.0,5970.0,6116.5,122287,6042.22,6095.5,28,6097.5,9,
2026-04-13T13:48:19.833,NC,DIVISLAB,6097.5,6009.0,6116.0,5970.0,6116.5,122307,6042.23,6095.5,7,6098.0,45,
2026-04-13T13:48:37.753,NC,DIVISLAB,6098.0,6009.0,6116.0,5970.0,6116.5,122308,6042.23,6095.5,8,6098.0,36,
2026-04-13T13:48:47.158,NC,DIVISLAB,6098.0,6009.0,6116.0,5970.0,6116.5,122312,6042.24,6095.5,8,6098.0,123,
2026-04-13T13:49:11.489,NC,DIVISLAB,6098.0,6009.0,6116.0,5970.0,6116.5,122314,6042.24,6096.0,5,6098.0,110,
2026-04-13T13:49:20.584,NC,DIVISLAB,6096.0,6009.0,6116.0,5970.0,6116.5,122315,6042.24,6096.0,4,6098.0,137,
2026-04-13T13:49:24.989,NC,DIVISLAB,6098.0,6009.0,6116.0,5970.0,6116.5,122337,6042.25,6096.0,22,6098.0,141,
2026-04-13T13:49:29.496,NC,DIVISLAB,6098.0,6009.0,6116.0,5970.0,6116.5,122353,6042.25,6096.0,10,6098.0,147,
2026-04-13T13:49:38.214,NC,DIVISLAB,6098.0,6009.0,6116.0,5970.0,6116.5,122377,6042.26,6096.0,10,6098.0,122,
2026-04-13T13:49:47.520,NC,DIVISLAB,6098.0,6009.0,6116.0,5970.0,6116.5,122402,6042.28,6096.0,7,6098.0,120,
2026-04-13T13:49:52.543,NC,DIVISLAB,6098.0,6009.0,6116.0,5970.0,6116.5,122403,6042.28,6096.0,10,6098.0,119,
2026-04-13T13:49:57.441,NC,DIVISLAB,6096.0,6009.0,6116.0,5970.0,6116.5,122410,6042.28,6096.0,2,6098.0,119,
2026-04-13T13:50:02.259,NC,DIVISLAB,6096.0,6009.0,6116.0,5970.0,6116.5,122415,6042.28,6096.0,35,6098.0,119,
2026-04-13T13:50:07.362,NC,DIVISLAB,6098.0,6009.0,6116.0,5970.0,6116.5,122441,6042.29,6096.0,29,6098.0,119,
2026-04-13T13:50:12.450,NC,DIVISLAB,6098.0,6009.0,6116.0,5970.0,6116.5,122468,6042.3,6096.0,8,6098.0,124,
2026-04-13T13:50:31.473,NC,DIVISLAB,6096.0,6009.0,6116.0,5970.0,6116.5,122470,6042.31,6096.0,36,6097.5,97,
2026-04-13T13:50:40.295,NC,DIVISLAB,6096.0,6009.0,6116.0,5970.0,6116.5,122512,6042.32,6096.0,58,6097.5,94,
2026-04-13T13:50:44.892,NC,DIVISLAB,6096.0,6009.0,6116.0,5970.0,6116.5,122628,6042.37,6095.0,15,6096.0,24,
2026-04-13T13:50:49.698,NC,DIVISLAB,6095.0,6009.0,6116.0,5970.0,6116.5,122638,6042.38,6095.0,10,6096.0,25,
2026-04-13T13:50:59.209,NC,DIVISLAB,6097.5,6009.0,6116.0,5970.0,6116.5,122665,6042.39,6096.0,36,6097.5,17,
2026-04-13T13:51:03.823,NC,DIVISLAB,6098.0,6009.0,6116.0,5970.0,6116.5,122717,6042.41,6096.0,26,6098.0,24,
2026-04-13T13:51:08.758,NC,DIVISLAB,6098.0,6009.0,6116.0,5970.0,6116.5,122738,6042.42,6096.0,6,6098.0,16,
2026-04-13T13:51:13.650,NC,DIVISLAB,6098.0,6009.0,6116.0,5970.0,6116.5,122748,6042.43,6096.0,3,6098.0,15,
2026-04-13T13:51:23.359,NC,DIVISLAB,6098.0,6009.0,6116.0,5970.0,6116.5,122764,6042.43,6098.0,6,6099.0,3,
2026-04-13T13:51:32.389,NC,DIVISLAB,6099.0,6009.0,6116.0,5970.0,6116.5,122783,6042.44,6098.0,11,6099.5,97,
2026-04-13T13:51:37.292,NC,DIVISLAB,6099.5,6009.0,6116.0,5970.0,6116.5,122791,6042.45,6098.0,4,6099.5,96,
2026-04-13T13:51:46.003,NC,DIVISLAB,6099.5,6009.0,6116.0,5970.0,6116.5,122824,6042.46,6098.0,35,6099.5,93,
2026-04-13T13:52:04.680,NC,DIVISLAB,6098.0,6009.0,6116.0,5970.0,6116.5,122854,6042.47,6098.0,32,6099.5,91,
2026-04-13T13:52:09.586,NC,DIVISLAB,6099.5,6009.0,6116.0,5970.0,6116.5,122855,6042.48,6098.0,41,6099.5,90,
2026-04-13T13:52:14.300,NC,DIVISLAB,6099.5,6009.0,6116.0,5970.0,6116.5,122885,6042.49,6098.0,26,6099.5,88,
2026-04-13T13:52:18.812,NC,DIVISLAB,6099.5,6009.0,6116.0,5970.0,6116.5,122899,6042.5,6098.0,26,6099.5,23,
2026-04-13T13:52:24.955,NC,DIVISLAB,6100.5,6009.0,6116.0,5970.0,6116.5,122938,6042.51,6098.0,71,6101.5,31,
2026-04-13T13:52:38.046,NC,DIVISLAB,6101.5,6009.0,6116.0,5970.0,6116.5,122939,6042.51,6098.5,75,6101.5,25,
2026-04-13T13:52:56.202,NC,DIVISLAB,6101.5,6009.0,6116.0,5970.0,6116.5,122943,6042.52,6099.5,39,6101.5,2,
2026-04-13T13:53:01.705,NC,DIVISLAB,6101.5,6009.0,6116.0,5970.0,6116.5,122971,6042.53,6099.5,50,6101.5,1,
2026-04-13T13:53:07.026,NC,DIVISLAB,6101.5,6009.0,6116.0,5970.0,6116.5,123008,6042.55,6099.5,94,6101.5,1,
2026-04-13T13:53:11.916,NC,DIVISLAB,6101.5,6009.0,6116.0,5970.0,6116.5,123078,6042.58,6099.5,26,6101.5,9,
2026-04-13T13:53:26.553,NC,DIVISLAB,6100.0,6009.0,6116.0,5970.0,6116.5,123116,6042.6,6100.0,27,6101.5,3,
2026-04-13T13:53:31.772,NC,DIVISLAB,6101.5,6009.0,6116.0,5970.0,6116.5,123119,6042.6,6100.0,26,6101.5,3,
2026-04-13T13:53:42.055,NC,DIVISLAB,6101.5,6009.0,6116.0,5970.0,6116.5,123120,6042.6,6100.0,43,6101.5,6,
2026-04-13T13:53:46.865,NC,DIVISLAB,6101.5,6009.0,6116.0,5970.0,6116.5,123152,6042.61,6100.0,74,6101.5,3,
2026-04-13T13:53:51.567,NC,DIVISLAB,6101.5,6009.0,6116.0,5970.0,6116.5,123206,6042.64,6100.0,37,6101.5,22,
2026-04-13T13:53:56.476,NC,DIVISLAB,6101.5,6009.0,6116.0,5970.0,6116.5,123220,6042.64,6100.0,37,6102.0,70,
2026-04-13T13:54:01.890,NC,DIVISLAB,6102.0,6009.0,6116.0,5970.0,6116.5,123247,6042.66,6100.0,12,6102.0,61,
2026-04-13T13:54:07.099,NC,DIVISLAB,6102.0,6009.0,6116.0,5970.0,6116.5,123259,6042.66,6100.0,32,6102.0,49,
2026-04-13T13:54:12.224,NC,DIVISLAB,6102.0,6009.0,6116.0,5970.0,6116.5,123284,6042.67,6100.0,35,6102.0,46,
2026-04-13T13:54:17.005,NC,DIVISLAB,6102.0,6009.0,6116.0,5970.0,6116.5,123309,6042.69,6100.0,30,6102.0,45,
2026-04-13T13:54:21.405,NC,DIVISLAB,6102.0,6009.0,6116.0,5970.0,6116.5,123310,6042.69,6100.0,31,6102.0,44,
2026-04-13T13:54:26.008,NC,DIVISLAB,6102.0,6009.0,6116.0,5970.0,6116.5,123334,6042.7,6100.0,12,6102.0,41,
2026-04-13T13:54:35.274,NC,DIVISLAB,6100.0,6009.0,6116.0,5970.0,6116.5,123382,6042.72,6100.0,34,6102.0,12,
2026-04-13T13:54:40.233,NC,DIVISLAB,6102.0,6009.0,6116.0,5970.0,6116.5,123409,6042.73,6100.0,52,6102.0,1,
2026-04-13T13:54:45.033,NC,DIVISLAB,6102.0,6009.0,6116.0,5970.0,6116.5,123447,6042.75,6100.0,3,6102.5,29,
2026-04-13T13:54:49.942,NC,DIVISLAB,6099.5,6009.0,6116.0,5970.0,6116.5,123448,6042.75,6099.5,46,6102.5,50,
2026-04-13T13:54:54.747,NC,DIVISLAB,6102.5,6009.0,6116.0,5970.0,6116.5,123449,6042.75,6099.5,73,6102.0,1,
2026-04-13T13:55:10.262,NC,DIVISLAB,6102.0,6009.0,6116.0,5970.0,6116.5,123451,6042.75,6100.0,14,6102.0,2,
2026-04-13T13:55:15.091,NC,DIVISLAB,6100.0,6009.0,6116.0,5970.0,6116.5,123460,6042.76,6100.0,56,6102.0,2,
2026-04-13T13:55:19.903,NC,DIVISLAB,6102.5,6009.0,6116.0,5970.0,6116.5,123502,6042.78,6100.0,44,6102.5,4,
2026-04-13T13:55:29.695,NC,DIVISLAB,6100.5,6009.0,6116.0,5970.0,6116.5,123510,6042.78,6100.5,45,6102.5,2,
2026-04-13T13:55:34.698,NC,DIVISLAB,6102.5,6009.0,6116.0,5970.0,6116.5,123543,6042.8,6101.0,1,6103.0,21,
2026-04-13T13:55:40.103,NC,DIVISLAB,6103.0,6009.0,6116.0,5970.0,6116.5,123548,6042.8,6101.0,46,6103.0,9,
2026-04-13T13:55:45.218,NC,DIVISLAB,6103.0,6009.0,6116.0,5970.0,6116.5,123582,6042.81,6101.0,28,6103.0,7,
2026-04-13T13:55:55.328,NC,DIVISLAB,6101.5,6009.0,6116.0,5970.0,6116.5,123595,6042.82,6101.5,34,6103.0,7,
2026-04-13T13:56:00.034,NC,DIVISLAB,6104.5,6009.0,6116.0,5970.0,6116.5,123672,6042.86,6101.5,33,6104.5,132,
2026-04-13T13:56:09.750,NC,DIVISLAB,6107.0,6009.0,6116.0,5970.0,6116.5,124232,6043.14,6104.5,1,6107.0,31,
2026-04-13T13:56:14.870,NC,DIVISLAB,6104.5,6009.0,6116.0,5970.0,6116.5,124240,6043.14,6104.5,58,6107.0,5,
2026-04-13T13:56:20.163,NC,DIVISLAB,6107.5,6009.0,6116.0,5970.0,6116.5,124242,6043.14,6105.0,16,6107.5,105,
2026-04-13T13:56:30.097,NC,DIVISLAB,6109.0,6009.0,6116.0,5970.0,6116.5,124266,6043.15,6106.0,58,6109.0,2,
2026-04-13T13:56:34.590,NC,DIVISLAB,6109.0,6009.0,6116.0,5970.0,6116.5,124267,6043.16,6106.0,88,6109.0,25,
2026-04-13T13:56:38.112,NC,DIVISLAB,6109.0,6009.0,6116.0,5970.0,6116.5,124268,6043.16,6106.0,88,6109.0,35,
2026-04-13T13:56:40.095,NC,DIVISLAB,6109.0,6009.0,6116.0,5970.0,6116.5,124269,6043.16,6106.0,93,6109.0,35,
2026-04-13T13:57:02.832,NC,DIVISLAB,6106.5,6009.0,6116.0,5970.0,6116.5,124310,6043.18,6106.5,112,6107.5,100,
2026-04-13T13:57:03.828,NC,DIVISLAB,6107.5,6009.0,6116.0,5970.0,6116.5,124312,6043.18,6106.5,112,6107.5,99,
2026-04-13T13:57:05.834,NC,DIVISLAB,6106.5,6009.0,6116.0,5970.0,6116.5,124313,6043.18,6106.5,111,6107.5,220,
2026-04-13T13:57:06.746,NC,DIVISLAB,6105.5,6009.0,6116.0,5970.0,6116.5,124590,6043.32,6105.0,47,6105.5,83,
2026-04-13T13:57:07.753,NC,DIVISLAB,6104.5,6009.0,6116.0,5970.0,6116.5,124673,6043.36,6104.5,25,6105.5,1,
2026-04-13T13:57:08.744,NC,DIVISLAB,6106.5,6009.0,6116.0,5970.0,6116.5,124695,6043.37,6104.5,8,6106.5,27,
2026-04-13T13:57:11.844,NC,DIVISLAB,6104.5,6009.0,6116.0,5970.0,6116.5,125437,6043.76,6104.5,1,6107.0,13,
2026-04-13T13:57:12.939,NC,DIVISLAB,6107.0,6009.0,6116.0,5970.0,6116.5,125439,6043.76,6104.5,10,6107.0,11,
2026-04-13T13:57:14.940,NC,DIVISLAB,6107.0,6009.0,6116.0,5970.0,6116.5,125531,6043.8,6107.0,1,6108.0,31,
2026-04-13T13:57:16.048,NC,DIVISLAB,6108.0,6009.0,6116.0,5970.0,6116.5,125533,6043.8,6105.0,24,6108.0,46,
2026-04-13T13:57:17.147,NC,DIVISLAB,6105.0,6009.0,6116.0,5970.0,6116.5,125535,6043.8,6105.0,6,6108.0,56,
2026-04-13T13:57:22.154,NC,DIVISLAB,6105.0,6009.0,6116.0,5970.0,6116.5,125540,6043.81,6105.0,2,6108.0,71,
2026-04-13T13:57:33.286,NC,DIVISLAB,6107.5,6009.0,6116.0,5970.0,6116.5,125543,6043.81,6105.0,3,6107.5,16,
2026-04-13T13:57:34.274,NC,DIVISLAB,6107.5,6009.0,6116.0,5970.0,6116.5,125544,6043.81,6105.0,3,6108.0,91,
2026-04-13T13:57:35.178,NC,DIVISLAB,6105.0,6009.0,6116.0,5970.0,6116.5,125571,6043.82,6105.0,2,6108.0,95,
2026-04-13T13:57:37.787,NC,DIVISLAB,6105.0,6009.0,6116.0,5970.0,6116.5,125574,6043.82,6105.0,169,6108.0,169,
2026-04-13T13:57:47.501,NC,DIVISLAB,6108.0,6009.0,6116.0,5970.0,6116.5,125575,6043.83,6105.5,1,6108.0,170,
2026-04-13T13:57:52.500,NC,DIVISLAB,6105.5,6009.0,6116.0,5970.0,6116.5,125576,6043.83,6105.5,2,6108.0,157,
2026-04-13T13:58:09.128,NC,DIVISLAB,6108.0,6009.0,6116.0,5970.0,6116.5,125577,6043.83,6105.5,32,6108.0,131,
2026-04-13T13:58:14.618,NC,DIVISLAB,6108.0,6009.0,6116.0,5970.0,6116.5,125584,6043.83,6105.5,51,6108.0,124,
2026-04-13T13:58:39.248,NC,DIVISLAB,6108.0,6009.0,6116.0,5970.0,6116.5,125585,6043.83,6105.5,93,6108.0,8,
2026-04-13T13:58:48.754,NC,DIVISLAB,6108.5,6009.0,6116.0,5970.0,6116.5,125586,6043.83,6105.5,115,6108.5,139,
2026-04-13T13:58:53.850,NC,DIVISLAB,6107.0,6009.0,6116.0,5970.0,6116.5,125956,6044.01,6105.0,44,6106.5,100,
2026-04-13T13:58:58.860,NC,DIVISLAB,6105.0,6009.0,6116.0,5970.0,6116.5,125989,6044.03,6105.0,16,6106.0,28,
2026-04-13T13:59:03.964,NC,DIVISLAB,6106.0,6009.0,6116.0,5970.0,6116.5,126014,6044.04,6104.5,22,6106.0,27,
2026-04-13T13:59:08.768,NC,DIVISLAB,6106.0,6009.0,6116.0,5970.0,6116.5,126032,6044.05,6104.5,8,6106.0,129,
2026-04-13T13:59:13.889,NC,DIVISLAB,6106.0,6009.0,6116.0,5970.0,6116.5,126033,6044.05,6104.5,40,6106.0,115,
2026-04-13T13:59:18.995,NC,DIVISLAB,6106.0,6009.0,6116.0,5970.0,6116.5,126063,6044.06,6104.5,15,6106.0,113,
2026-04-13T13:59:24.009,NC,DIVISLAB,6104.5,6009.0,6116.0,5970.0,6116.5,126085,6044.07,6104.0,15,6104.5,3,
2026-04-13T13:59:34.402,NC,DIVISLAB,6104.0,6009.0,6116.0,5970.0,6116.5,126099,6044.08,6104.0,2,6105.5,126,
2026-04-13T13:59:39.410,NC,DIVISLAB,6105.0,6009.0,6116.0,5970.0,6116.5,126103,6044.08,6104.0,1,6105.0,98,
2026-04-13T13:59:53.551,NC,DIVISLAB,6104.5,6009.0,6116.0,5970.0,6116.5,126839,6044.41,6101.5,25,6104.5,62,
2026-04-13T13:59:58.236,NC,DIVISLAB,6104.0,6009.0,6116.0,5970.0,6116.5,126922,6044.45,6101.0,43,6104.0,61,
2026-04-13T14:00:03.056,NC,DIVISLAB,6104.0,6009.0,6116.0,5970.0,6116.5,126923,6044.45,6101.0,32,6104.0,80,
2026-04-13T14:00:08.540,NC,DIVISLAB,6105.0,6009.0,6116.0,5970.0,6116.5,127252,6044.6,6105.0,61,6107.5,12,
2026-04-13T14:00:14.241,NC,DIVISLAB,6108.5,6009.0,6116.0,5970.0,6116.5,127404,6044.68,6105.0,82,6107.0,100,
2026-04-13T14:00:19.250,NC,DIVISLAB,6105.0,6009.0,6116.0,5970.0,6116.5,128275,6045.09,6101.0,14,6104.0,109,
2026-04-13T14:00:24.368,NC,DIVISLAB,6104.0,6009.0,6116.0,5970.0,6116.5,128382,6045.13,6101.5,2,6104.0,19,
2026-04-13T14:00:34.871,NC,DIVISLAB,6103.5,6009.0,6116.0,5970.0,6116.5,128411,6045.15,6101.5,14,6103.5,216,
2026-04-13T14:00:40.166,NC,DIVISLAB,6103.5,6009.0,6116.0,5970.0,6116.5,128514,6045.19,6100.5,56,6103.5,113,
2026-04-13T14:01:01.711,NC,DIVISLAB,6105.5,6009.0,6116.0,5970.0,6116.5,128899,6045.37,6104.5,34,6106.5,1,
2026-04-13T14:01:07.018,NC,DIVISLAB,6107.0,6009.0,6116.0,5970.0,6116.5,128926,6045.38,6105.5,17,6107.0,99,
2026-04-13T14:01:12.312,NC,DIVISLAB,6105.5,6009.0,6116.0,5970.0,6116.5,128939,6045.39,6105.5,1,6107.0,118,
2026-04-13T14:01:17.531,NC,DIVISLAB,6105.5,6009.0,6116.0,5970.0,6116.5,128956,6045.39,6105.0,101,6105.5,84,
2026-04-13T14:01:22.430,NC,DIVISLAB,6105.5,6009.0,6116.0,5970.0,6116.5,129030,6045.43,6105.0,25,6105.5,97,
2026-04-13T14:01:27.235,NC,DIVISLAB,6105.5,6009.0,6116.0,5970.0,6116.5,129114,6045.47,6105.0,39,6105.5,13,
2026-04-13T14:01:31.879,NC,DIVISLAB,6107.0,6009.0,6116.0,5970.0,6116.5,129156,6045.49,6105.5,4,6107.0,105,
2026-04-13T14:01:41.250,NC,DIVISLAB,6105.5,6009.0,6116.0,5970.0,6116.5,129316,6045.56,6105.5,6,6107.0,111,
2026-04-13T14:01:46.152,NC,DIVISLAB,6105.5,6009.0,6116.0,5970.0,6116.5,129318,6045.56,6105.5,7,6107.0,110,
2026-04-13T14:01:55.873,NC,DIVISLAB,6105.5,6009.0,6116.0,5970.0,6116.5,129320,6045.56,6105.5,24,6107.0,96,
2026-04-13T14:02:00.874,NC,DIVISLAB,6107.0,6009.0,6116.0,5970.0,6116.5,129345,6045.57,6105.5,11,6107.0,93,
2026-04-13T14:02:11.201,NC,DIVISLAB,6107.0,6009.0,6116.0,5970.0,6116.5,129346,6045.57,6105.5,11,6107.0,93,
2026-04-13T14:02:36.833,NC,DIVISLAB,6107.0,6009.0,6116.0,5970.0,6116.5,129368,6045.59,6105.5,45,6107.0,92,
2026-04-13T14:02:41.845,NC,DIVISLAB,6107.0,6009.0,6116.0,5970.0,6116.5,129402,6045.6,6105.5,23,6107.0,89,
2026-04-13T14:03:07.490,NC,DIVISLAB,6107.0,6009.0,6116.0,5970.0,6116.5,129405,6045.6,6105.5,22,6107.0,87,
2026-04-13T14:03:18.501,NC,DIVISLAB,6107.0,6009.0,6116.0,5970.0,6116.5,129406,6045.6,6105.5,44,6107.0,110,
2026-04-13T14:03:23.719,NC,DIVISLAB,6107.0,6009.0,6116.0,5970.0,6116.5,129464,6045.63,6105.5,66,6107.0,82,
