Timestamp,Exchange,Symbol,LTP,Open,High,Low,Close,Volume,VWAP,Best_Bid,Bid_Qty,Best_Ask,Ask_Qty,OI
2026-04-13T04:24:31.793,NC,LTTS,3446.5,3382.5,3478.7,3355.1,3333.2,190179,3435.4,3446.5,94,,,
2026-04-13T09:00:05.017,NC,LTTS,3435.0,3446.5,,,3446.5,30,,3446.5,10,3429.3,111,
2026-04-13T09:00:12.221,NC,LTTS,3435.0,3430.0,,,3446.5,177,,3549.8,2,3200.0,3,
2026-04-13T09:00:25.542,NC,LTTS,3435.0,3421.0,,,3446.5,184,,3549.8,2,3200.0,3,
2026-04-13T09:00:58.588,NC,LTTS,3435.0,3430.0,,,3446.5,187,,3549.8,2,3200.0,3,
2026-04-13T09:01:32.925,NC,LTTS,3435.0,3410.5,,,3446.5,196,,3549.8,2,3200.0,13,
2026-04-13T09:01:39.333,NC,LTTS,3435.0,3421.0,,,3446.5,196,,3549.9,4,3200.0,13,
2026-04-13T09:01:57.256,NC,LTTS,3435.0,3380.0,,,3446.5,195,,3549.9,4,3200.0,13,
2026-04-13T09:02:03.165,NC,LTTS,3435.0,3386.8,,,3446.5,196,,3549.9,4,3200.0,13,
2026-04-13T09:02:09.066,NC,LTTS,3435.0,3393.6,,,3446.5,196,,3704.9,3,3200.0,13,
2026-04-13T09:02:14.693,NC,LTTS,3435.0,3397.0,,,3446.5,196,,3704.9,3,3200.0,13,
2026-04-13T09:02:34.597,NC,LTTS,3435.0,3410.5,,,3446.5,204,,3704.9,3,3200.0,13,
2026-04-13T09:02:39.503,NC,LTTS,3435.0,3417.4,,,3446.5,204,,3704.9,3,3200.0,13,
2026-04-13T09:02:44.604,NC,LTTS,3435.0,3421.0,,,3446.5,214,,3802.0,10,3200.0,13,
2026-04-13T09:03:53.296,NC,LTTS,3435.0,3410.0,,,3446.5,231,,3802.0,10,3200.0,13,
2026-04-13T09:04:24.032,NC,LTTS,3435.0,3397.0,,,3446.5,265,,3802.0,10,3200.0,13,
2026-04-13T09:04:59.275,NC,LTTS,3435.0,3410.0,,,3446.5,537,,3802.0,10,3200.0,13,
2026-04-13T09:05:02.784,NC,LTTS,3435.0,3397.0,,,3446.5,274,,3802.0,10,3200.0,13,
2026-04-13T09:05:06.486,NC,LTTS,3435.0,3394.0,,,3446.5,274,,3802.0,10,3200.0,13,
2026-04-13T09:05:38.814,NC,LTTS,3435.0,3395.0,,,3446.5,275,,3802.0,10,3200.0,13,
2026-04-13T09:06:24.964,NC,LTTS,3435.0,3391.0,,,3446.5,280,,3802.0,10,3200.0,13,
2026-04-13T09:06:28.465,NC,LTTS,3435.0,3395.0,,,3446.5,326,,4135.8,46,3200.0,13,
2026-04-13T09:07:31.634,NC,LTTS,3395.0,3395.0,3395.0,3395.0,3446.5,666,3395.0,3390.0,1,3395.0,29,
2026-04-13T09:15:06.738,NC,LTTS,3378.1,3395.0,3395.0,3378.0,3446.5,771,3393.29,3378.0,10,3388.7,2,
2026-04-13T09:15:21.830,NC,LTTS,3386.7,3395.0,3395.0,3374.1,3446.5,1226,3388.99,3374.5,6,3387.2,4,
2026-04-13T09:15:33.342,NC,LTTS,3376.5,3395.0,3395.0,3369.5,3446.5,1482,3386.19,3368.8,6,3376.2,6,
2026-04-13T09:15:44.143,NC,LTTS,3370.0,3395.0,3395.0,3366.3,3446.5,1617,3384.83,3366.0,1,3370.0,39,
2026-04-13T09:15:54.281,NC,LTTS,3370.0,3395.0,3395.0,3358.5,3446.5,1794,3382.86,3366.3,1,3370.0,8,
2026-04-13T09:16:03.912,NC,LTTS,3357.6,3395.0,3395.0,3357.6,3446.5,1871,3382.19,3357.3,1,3359.8,1,
2026-04-13T09:16:13.317,NC,LTTS,3350.0,3395.0,3395.0,3350.0,3446.5,2101,3378.98,3342.1,2,3346.9,6,
2026-04-13T09:16:22.613,NC,LTTS,3349.7,3395.0,3395.0,3342.1,3446.5,2332,3375.55,3349.5,6,3354.1,3,
2026-04-13T09:16:31.935,NC,LTTS,3353.1,3395.0,3395.0,3342.1,3446.5,2613,3373.08,3349.8,1,3354.9,5,
2026-04-13T09:16:40.826,NC,LTTS,3349.7,3395.0,3395.0,3342.1,3446.5,2689,3372.49,3345.1,1,3351.2,1,
2026-04-13T09:16:49.760,NC,LTTS,3345.7,3395.0,3395.0,3342.1,3446.5,2752,3371.94,3344.1,1,3349.9,1,
2026-04-13T09:16:58.859,NC,LTTS,3359.8,3395.0,3395.0,3342.1,3446.5,2973,3370.45,3354.9,1,3359.8,1,
2026-04-13T09:17:07.852,NC,LTTS,3361.0,3395.0,3395.0,3342.1,3446.5,3311,3369.03,3355.3,6,3361.1,1,
2026-04-13T09:17:17.177,NC,LTTS,3359.9,3395.0,3395.0,3342.1,3446.5,3485,3368.6,3356.4,2,3360.3,1,
2026-04-13T09:17:26.492,NC,LTTS,3369.2,3395.0,3395.0,3342.1,3446.5,3648,3368.48,3364.5,8,3369.1,1,
2026-04-13T09:17:35.914,NC,LTTS,3358.5,3395.0,3395.0,3342.1,3446.5,4021,3367.81,3356.4,2,3358.4,1,
2026-04-13T09:17:45.478,NC,LTTS,3356.5,3395.0,3395.0,3342.1,3446.5,4059,3367.73,3358.4,100,3361.2,1,
2026-04-13T09:17:54.429,NC,LTTS,3355.9,3395.0,3395.0,3342.1,3446.5,4214,3367.38,3356.4,1,3358.8,1,
2026-04-13T09:18:03.737,NC,LTTS,3356.4,3395.0,3395.0,3342.1,3446.5,4245,3367.3,3356.4,2,3358.9,1,
2026-04-13T09:18:13.669,NC,LTTS,3356.4,3395.0,3395.0,3342.1,3446.5,4295,3367.16,3356.4,6,3357.9,1,
2026-04-13T09:18:22.257,NC,LTTS,3353.7,3395.0,3395.0,3342.1,3446.5,4413,3366.81,3353.3,1,3357.2,1,
2026-04-13T09:18:30.955,NC,LTTS,3356.0,3395.0,3395.0,3342.1,3446.5,4507,3366.58,3357.3,6,3359.8,1,
2026-04-13T09:18:40.068,NC,LTTS,3365.0,3395.0,3395.0,3342.1,3446.5,4636,3366.51,3362.6,1,3365.0,20,
2026-04-13T09:18:49.079,NC,LTTS,3367.5,3395.0,3395.0,3342.1,3446.5,4922,3366.58,3364.3,2,3367.5,1,
2026-04-13T09:18:58.000,NC,LTTS,3368.9,3395.0,3395.0,3342.1,3446.5,4941,3366.59,3367.5,98,3368.9,95,
2026-04-13T09:19:06.893,NC,LTTS,3367.2,3395.0,3395.0,3342.1,3446.5,5101,3366.63,3364.5,3,3367.7,7,
2026-04-13T09:19:15.632,NC,LTTS,3367.2,3395.0,3395.0,3342.1,3446.5,5111,3366.63,3364.5,3,3367.2,17,
2026-04-13T09:19:24.266,NC,LTTS,3369.7,3395.0,3395.0,3342.1,3446.5,5218,3366.68,3366.8,2,3370.4,2,
2026-04-13T09:19:32.861,NC,LTTS,3365.9,3395.0,3395.0,3342.1,3446.5,5422,3366.66,3362.9,1,3365.9,6,
2026-04-13T09:19:41.994,NC,LTTS,3368.1,3395.0,3395.0,3342.1,3446.5,5453,3366.65,3364.8,1,3368.5,4,
2026-04-13T09:19:50.999,NC,LTTS,3362.6,3395.0,3395.0,3342.1,3446.5,5472,3366.65,3362.6,2,3366.8,1,
2026-04-13T09:19:59.607,NC,LTTS,3363.4,3395.0,3395.0,3342.1,3446.5,5503,3366.65,3364.1,1,3366.9,1,
2026-04-13T09:20:08.215,NC,LTTS,3367.8,3395.0,3395.0,3342.1,3446.5,5513,3366.65,3365.2,1,3367.9,1,
2026-04-13T09:20:17.262,NC,LTTS,3375.0,3395.0,3395.0,3342.1,3446.5,5586,3366.69,3372.6,1,3377.4,2,
2026-04-13T09:20:26.544,NC,LTTS,3375.1,3395.0,3395.0,3342.1,3446.5,5694,3366.85,3373.4,1,3377.3,1,
2026-04-13T09:20:35.243,NC,LTTS,3375.7,3395.0,3395.0,3342.1,3446.5,5708,3366.87,3372.4,1,3376.6,9,
2026-04-13T09:20:44.063,NC,LTTS,3376.7,3395.0,3395.0,3342.1,3446.5,5713,3366.88,3373.8,1,3377.3,1,
2026-04-13T09:20:52.775,NC,LTTS,3377.6,3395.0,3395.0,3342.1,3446.5,5736,3366.92,3374.4,1,3377.7,1,
2026-04-13T09:21:01.420,NC,LTTS,3374.5,3395.0,3395.0,3342.1,3446.5,5737,3366.92,3374.7,1,3377.6,1,
2026-04-13T09:21:09.807,NC,LTTS,3375.2,3395.0,3395.0,3342.1,3446.5,5846,3367.1,3373.2,1,3377.9,1,
2026-04-13T09:21:27.063,NC,LTTS,3378.1,3395.0,3395.0,3342.1,3446.5,6043,3367.4,3375.7,2,3378.8,7,
2026-04-13T09:21:35.679,NC,LTTS,3379.5,3395.0,3395.0,3342.1,3446.5,6107,3367.52,3375.3,1,3378.5,1,
2026-04-13T09:21:44.304,NC,LTTS,3375.0,3395.0,3395.0,3342.1,3446.5,6142,3367.58,3374.5,1,3377.5,4,
2026-04-13T09:21:53.007,NC,LTTS,3379.4,3395.0,3395.0,3342.1,3446.5,6209,3367.66,3375.4,6,3379.5,1,
2026-04-13T09:22:01.716,NC,LTTS,3375.0,3395.0,3395.0,3342.1,3446.5,6236,3367.7,3373.2,1,3375.0,4,
2026-04-13T09:22:10.143,NC,LTTS,3375.0,3395.0,3395.0,3342.1,3446.5,6250,3367.71,3373.2,2,3375.0,4,
2026-04-13T09:22:18.386,NC,LTTS,3370.6,3395.0,3395.0,3342.1,3446.5,6431,3367.86,3370.6,1,3374.8,1,
2026-04-13T09:22:26.859,NC,LTTS,3370.9,3395.0,3395.0,3342.1,3446.5,6434,3367.86,3370.7,1,3374.1,1,
2026-04-13T09:22:43.388,NC,LTTS,3369.9,3395.0,3395.0,3342.1,3446.5,6449,3367.86,3366.7,1,3370.3,1,
2026-04-13T09:23:00.618,NC,LTTS,3370.5,3395.0,3395.0,3342.1,3446.5,6454,3367.87,3367.0,1,3370.5,3,
2026-04-13T09:23:09.031,NC,LTTS,3368.2,3395.0,3395.0,3342.1,3446.5,6552,3367.85,3368.2,1,3371.9,1,
2026-04-13T09:23:17.243,NC,LTTS,3368.0,3395.0,3395.0,3342.1,3446.5,6556,3367.85,3367.5,3,3369.9,1,
2026-04-13T09:23:25.358,NC,LTTS,3368.0,3395.0,3395.0,3342.1,3446.5,6566,3367.85,3368.0,1,3369.9,1,
2026-04-13T09:23:34.116,NC,LTTS,3370.9,3395.0,3395.0,3342.1,3446.5,6601,3367.87,3371.1,1,3374.4,1,
2026-04-13T09:23:42.579,NC,LTTS,3375.0,3395.0,3395.0,3342.1,3446.5,6655,3367.93,3375.0,20,3376.9,1,
2026-04-13T09:23:50.896,NC,LTTS,3376.9,3395.0,3395.0,3342.1,3446.5,6656,3367.93,3375.5,1,3378.1,1,
2026-04-13T09:23:59.094,NC,LTTS,3374.6,3395.0,3395.0,3342.1,3446.5,6864,3368.14,3371.4,1,3374.6,1,
2026-04-13T09:24:07.115,NC,LTTS,3371.1,3395.0,3395.0,3342.1,3446.5,6908,3368.17,3368.0,2,3371.2,1,
2026-04-13T09:24:15.131,NC,LTTS,3371.2,3395.0,3395.0,3342.1,3446.5,6958,3368.19,3368.0,72,3370.7,1,
2026-04-13T09:24:23.232,NC,LTTS,3370.0,3395.0,3395.0,3342.1,3446.5,6999,3368.2,3368.0,72,3369.8,1,
2026-04-13T09:24:31.364,NC,LTTS,3367.3,3395.0,3395.0,3342.1,3446.5,7099,3368.19,3367.5,3,3369.7,3,
2026-04-13T09:24:39.509,NC,LTTS,3367.7,3395.0,3395.0,3342.1,3446.5,7276,3368.23,3367.8,2,3370.0,19,
2026-04-13T09:24:47.568,NC,LTTS,3370.0,3395.0,3395.0,3342.1,3446.5,7335,3368.23,3367.9,1,3370.0,1,
2026-04-13T09:25:03.530,NC,LTTS,3369.8,3395.0,3395.0,3342.1,3446.5,7338,3368.24,3367.9,2,3369.8,1,
2026-04-13T09:25:11.457,NC,LTTS,3369.8,3395.0,3395.0,3342.1,3446.5,7342,3368.24,3368.0,1,3369.8,13,
2026-04-13T09:25:19.343,NC,LTTS,3371.0,3395.0,3395.0,3342.1,3446.5,7372,3368.24,3369.2,1,3371.9,1,
2026-04-13T09:25:35.867,NC,LTTS,3371.9,3395.0,3395.0,3342.1,3446.5,7380,3368.25,3371.0,50,3371.9,2,
2026-04-13T09:25:43.845,NC,LTTS,3373.8,3395.0,3395.0,3342.1,3446.5,7383,3368.25,3372.0,1,3373.9,1,
2026-04-13T09:25:51.771,NC,LTTS,3373.8,3395.0,3395.0,3342.1,3446.5,7418,3368.27,3371.9,5,3373.7,2,
2026-04-13T09:26:07.519,NC,LTTS,3375.1,3395.0,3395.0,3342.1,3446.5,7513,3368.36,3375.2,1,3378.9,1,
2026-04-13T09:26:15.413,NC,LTTS,3378.7,3395.0,3395.0,3342.1,3446.5,7579,3368.43,3376.2,1,3378.8,1,
2026-04-13T09:26:23.116,NC,LTTS,3376.3,3395.0,3395.0,3342.1,3446.5,7581,3368.43,3376.3,4,3378.8,1,
2026-04-13T09:26:30.825,NC,LTTS,3376.2,3395.0,3395.0,3342.1,3446.5,7591,3368.44,3376.2,1,3378.3,1,
2026-04-13T09:26:38.635,NC,LTTS,3376.2,3395.0,3395.0,3342.1,3446.5,7593,3368.45,3376.3,1,3378.2,1,
2026-04-13T09:26:46.459,NC,LTTS,3376.2,3395.0,3395.0,3342.1,3446.5,7596,3368.45,3376.2,76,3378.3,1,
2026-04-13T09:26:54.283,NC,LTTS,3382.0,3395.0,3395.0,3342.1,3446.5,7665,3368.55,3379.8,1,3381.9,1,
2026-04-13T09:27:10.306,NC,LTTS,3380.1,3395.0,3395.0,3342.1,3446.5,7692,3368.59,3378.8,2,3381.2,2,
2026-04-13T09:27:18.212,NC,LTTS,3382.0,3395.0,3395.0,3342.1,3446.5,7729,3368.65,3380.1,1,3381.9,2,
2026-04-13T09:27:26.120,NC,LTTS,3386.6,3395.0,3395.0,3342.1,3446.5,8052,3369.21,3382.6,1,3386.5,1,
2026-04-13T09:27:33.952,NC,LTTS,3386.4,3395.0,3395.0,3342.1,3446.5,8066,3369.24,3384.0,1,3386.1,1,
2026-04-13T09:27:41.970,NC,LTTS,3387.0,3395.0,3395.0,3342.1,3446.5,8126,3369.37,3384.2,1,3386.4,8,
2026-04-13T09:27:57.653,NC,LTTS,3387.0,3395.0,3395.0,3342.1,3446.5,8153,3369.43,3384.4,1,3387.6,10,
2026-04-13T09:28:05.364,NC,LTTS,3386.9,3395.0,3395.0,3342.1,3446.5,8167,3369.46,3384.4,1,3386.9,1,
2026-04-13T09:28:13.277,NC,LTTS,3384.2,3395.0,3395.0,3342.1,3446.5,8228,3369.58,3384.0,2,3387.0,17,
2026-04-13T09:28:21.281,NC,LTTS,3386.9,3395.0,3395.0,3342.1,3446.5,8372,3369.87,3384.6,2,3386.8,6,
2026-04-13T09:28:36.691,NC,LTTS,3386.8,3395.0,3395.0,3342.1,3446.5,8409,3369.94,3384.8,1,3386.7,1,
2026-04-13T09:28:44.212,NC,LTTS,3386.9,3395.0,3395.0,3342.1,3446.5,8414,3369.95,3384.8,1,3386.7,1,
2026-04-13T09:28:51.734,NC,LTTS,3388.1,3395.0,3395.0,3342.1,3446.5,8551,3370.22,3387.5,1,3390.0,21,
2026-04-13T09:28:59.333,NC,LTTS,3380.1,3395.0,3395.0,3342.1,3446.5,9400,3371.55,3380.0,5,3381.6,4,
2026-04-13T09:29:06.843,NC,LTTS,3376.1,3395.0,3395.0,3342.1,3446.5,9712,3371.78,3375.4,3,3378.3,1,
2026-04-13T09:29:14.655,NC,LTTS,3378.7,3395.0,3395.0,3342.1,3446.5,9762,3371.82,3377.1,1,3378.7,3,
2026-04-13T09:29:22.577,NC,LTTS,3378.0,3395.0,3395.0,3342.1,3446.5,9782,3371.83,3376.3,1,3378.0,11,
2026-04-13T09:29:30.590,NC,LTTS,3378.0,3395.0,3395.0,3342.1,3446.5,9783,3371.83,3376.6,1,3378.7,1,
2026-04-13T09:30:02.659,NC,LTTS,3378.0,3395.0,3395.0,3342.1,3446.5,9807,3371.85,3378.0,2,3379.4,1,
2026-04-13T09:30:10.553,NC,LTTS,3375.8,3395.0,3395.0,3342.1,3446.5,9857,3371.87,3374.1,1,3375.8,1,
2026-04-13T09:30:18.662,NC,LTTS,3375.8,3395.0,3395.0,3342.1,3446.5,9873,3371.87,3372.3,1,3375.7,1,
2026-04-13T09:30:26.880,NC,LTTS,3371.2,3395.0,3395.0,3342.1,3446.5,9885,3371.87,3371.1,1,3374.4,6,
2026-04-13T09:30:35.280,NC,LTTS,3375.6,3395.0,3395.0,3342.1,3446.5,9900,3371.87,3372.5,1,3375.7,5,
2026-04-13T09:30:43.317,NC,LTTS,3374.4,3395.0,3395.0,3342.1,3446.5,9941,3371.89,3371.4,1,3375.6,5,
2026-04-13T09:30:51.308,NC,LTTS,3372.3,3395.0,3395.0,3342.1,3446.5,9956,3371.89,3372.4,1,3374.9,1,
2026-04-13T09:30:59.414,NC,LTTS,3367.2,3395.0,3395.0,3342.1,3446.5,10173,3371.83,3368.7,1,3372.2,1,
2026-04-13T09:31:07.526,NC,LTTS,3373.5,3395.0,3395.0,3342.1,3446.5,10177,3371.83,3370.7,1,3373.1,1,
2026-04-13T09:31:23.804,NC,LTTS,3372.8,3395.0,3395.0,3342.1,3446.5,10192,3371.83,3372.4,1,3374.9,1,
2026-04-13T09:31:31.801,NC,LTTS,3374.9,3395.0,3395.0,3342.1,3446.5,10193,3371.83,3372.7,4,3374.2,1,
2026-04-13T09:31:40.048,NC,LTTS,3374.3,3395.0,3395.0,3342.1,3446.5,10195,3371.83,3372.9,1,3374.9,1,
2026-04-13T09:31:48.030,NC,LTTS,3377.4,3395.0,3395.0,3342.1,3446.5,10262,3371.86,3375.0,1,3377.9,1,
2026-04-13T09:31:56.240,NC,LTTS,3368.0,3395.0,3395.0,3342.1,3446.5,10502,3371.85,3368.0,4,3370.6,1,
2026-04-13T09:32:04.473,NC,LTTS,3371.6,3395.0,3395.0,3342.1,3446.5,10540,3371.85,3369.3,1,3371.8,1,
2026-04-13T09:32:12.358,NC,LTTS,3368.7,3395.0,3395.0,3342.1,3446.5,10545,3371.84,3368.4,1,3371.8,3,
2026-04-13T09:32:35.390,NC,LTTS,3375.9,3395.0,3395.0,3342.1,3446.5,10573,3371.85,3376.0,19,3377.9,1,
2026-04-13T09:32:42.812,NC,LTTS,3374.5,3395.0,3395.0,3342.1,3446.5,10768,3371.92,3371.6,30,3374.7,2,
2026-04-13T09:32:57.735,NC,LTTS,3373.3,3395.0,3395.0,3342.1,3446.5,10769,3371.92,3372.6,1,3375.1,1,
2026-04-13T09:33:13.061,NC,LTTS,3385.2,3395.0,3395.0,3342.1,3446.5,10928,3371.99,3382.8,1,3385.9,11,
2026-04-13T09:33:20.661,NC,LTTS,3385.2,3395.0,3395.0,3342.1,3446.5,10932,3372.0,3383.7,1,3387.3,1,
2026-04-13T09:33:28.166,NC,LTTS,3385.2,3395.0,3395.0,3342.1,3446.5,10935,3372.0,3383.3,1,3387.1,8,
2026-04-13T09:33:35.683,NC,LTTS,3387.1,3395.0,3395.0,3342.1,3446.5,10952,3372.02,3384.2,1,3387.2,1,
2026-04-13T09:33:43.187,NC,LTTS,3384.3,3395.0,3395.0,3342.1,3446.5,10953,3372.02,3384.2,1,3387.1,1,
2026-04-13T09:33:50.748,NC,LTTS,3385.7,3395.0,3395.0,3342.1,3446.5,10955,3372.03,3383.6,1,3386.5,1,
2026-04-13T09:33:58.265,NC,LTTS,3386.8,3395.0,3395.0,3342.1,3446.5,10962,3372.04,3384.7,1,3387.1,31,
2026-04-13T09:34:05.940,NC,LTTS,3382.7,3395.0,3395.0,3342.1,3446.5,11002,3372.08,3381.9,1,3387.0,13,
2026-04-13T09:34:13.666,NC,LTTS,3385.7,3395.0,3395.0,3342.1,3446.5,11268,3372.34,3383.4,1,3386.3,1,
2026-04-13T09:34:21.343,NC,LTTS,3384.6,3395.0,3395.0,3342.1,3446.5,11389,3372.49,3384.2,1,3386.7,1,
2026-04-13T09:34:28.775,NC,LTTS,3385.6,3395.0,3395.0,3342.1,3446.5,11533,3372.68,3385.7,1,3388.4,1,
2026-04-13T09:34:36.375,NC,LTTS,3385.7,3395.0,3395.0,3342.1,3446.5,11539,3372.68,3385.7,1,3388.2,1,
2026-04-13T09:34:43.898,NC,LTTS,3388.3,3395.0,3395.0,3342.1,3446.5,11541,3372.69,3387.0,1,3388.2,2,
2026-04-13T09:34:51.503,NC,LTTS,3385.7,3395.0,3395.0,3342.1,3446.5,11545,3372.69,3385.8,1,3387.9,1,
2026-04-13T09:35:06.788,NC,LTTS,3385.9,3395.0,3395.0,3342.1,3446.5,11702,3372.86,3381.8,1,3385.8,8,
2026-04-13T09:35:21.919,NC,LTTS,3382.6,3395.0,3395.0,3342.1,3446.5,11713,3372.87,3382.7,1,3386.3,1,
2026-04-13T09:35:37.034,NC,LTTS,3383.0,3395.0,3395.0,3342.1,3446.5,11730,3372.89,3382.3,1,3385.2,1,
2026-04-13T09:35:44.748,NC,LTTS,3381.6,3395.0,3395.0,3342.1,3446.5,11739,3372.9,3381.4,1,3383.5,1,
2026-04-13T09:35:52.253,NC,LTTS,3383.0,3395.0,3395.0,3342.1,3446.5,11771,3372.92,3383.2,6,3385.9,6,
2026-04-13T09:35:59.666,NC,LTTS,3379.9,3395.0,3395.0,3342.1,3446.5,11828,3372.96,3378.1,1,3380.6,1,
2026-04-13T09:36:07.503,NC,LTTS,3383.1,3395.0,3395.0,3342.1,3446.5,11860,3372.99,3381.6,2,3383.5,1,
2026-04-13T09:36:15.182,NC,LTTS,3382.6,3395.0,3395.0,3342.1,3446.5,11862,3372.99,3378.1,2,3381.4,1,
2026-04-13T09:36:22.793,NC,LTTS,3383.0,3395.0,3395.0,3342.1,3446.5,11962,3373.07,3378.4,7,3382.6,7,
2026-04-13T09:36:30.209,NC,LTTS,3380.0,3395.0,3395.0,3342.1,3446.5,11978,3373.08,3379.7,2,3382.3,10,
2026-04-13T09:36:44.806,NC,LTTS,3378.0,3395.0,3395.0,3342.1,3446.5,12116,3373.14,3376.1,1,3378.2,4,
2026-04-13T09:36:52.329,NC,LTTS,3377.3,3395.0,3395.0,3342.1,3446.5,12122,3373.14,3375.0,3,3376.6,1,
2026-04-13T09:36:59.828,NC,LTTS,3376.1,3395.0,3395.0,3342.1,3446.5,12126,3373.14,3374.0,1,3375.7,1,
2026-04-13T09:37:14.355,NC,LTTS,3376.3,3395.0,3395.0,3342.1,3446.5,12137,3373.14,3374.0,2,3376.8,1,
2026-04-13T09:37:21.964,NC,LTTS,3373.4,3395.0,3395.0,3342.1,3446.5,12144,3373.14,3373.1,1,3376.1,1,
2026-04-13T09:37:29.581,NC,LTTS,3370.2,3395.0,3395.0,3342.1,3446.5,12235,3373.13,3368.1,1,3370.6,1,
2026-04-13T09:37:37.298,NC,LTTS,3369.3,3395.0,3395.0,3342.1,3446.5,12369,3373.08,3367.9,1,3370.7,1,
2026-04-13T09:37:44.799,NC,LTTS,3366.0,3395.0,3395.0,3342.1,3446.5,12484,3373.03,3365.0,63,3368.1,1,
2026-04-13T09:37:52.307,NC,LTTS,3367.0,3395.0,3395.0,3342.1,3446.5,12540,3372.99,3365.0,12,3367.5,1,
2026-04-13T09:37:59.716,NC,LTTS,3367.5,3395.0,3395.0,3342.1,3446.5,12546,3372.99,3365.0,8,3367.3,1,
2026-04-13T09:38:06.928,NC,LTTS,3367.1,3395.0,3395.0,3342.1,3446.5,12559,3372.98,3365.0,8,3367.1,5,
2026-04-13T09:38:14.351,NC,LTTS,3367.0,3395.0,3395.0,3342.1,3446.5,12560,3372.98,3365.0,29,3366.9,1,
2026-04-13T09:38:21.646,NC,LTTS,3365.9,3395.0,3395.0,3342.1,3446.5,12594,3372.96,3366.0,100,3366.4,1,
2026-04-13T09:38:28.958,NC,LTTS,3368.1,3395.0,3395.0,3342.1,3446.5,13019,3372.73,3365.4,6,3368.8,4,
2026-04-13T09:38:36.369,NC,LTTS,3367.8,3395.0,3395.0,3342.1,3446.5,13026,3372.72,3365.9,3,3366.4,1,
2026-04-13T09:38:51.195,NC,LTTS,3365.9,3395.0,3395.0,3342.1,3446.5,13027,3372.72,3365.9,2,3366.4,2,
2026-04-13T09:39:05.415,NC,LTTS,3365.9,3395.0,3395.0,3342.1,3446.5,13028,3372.72,3365.9,3,3366.4,2,
2026-04-13T09:39:20.226,NC,LTTS,3366.4,3395.0,3395.0,3342.1,3446.5,13029,3372.72,3365.9,3,3366.4,1,
2026-04-13T09:39:27.635,NC,LTTS,3366.4,3395.0,3395.0,3342.1,3446.5,13060,3372.71,3365.9,6,3366.4,1,
2026-04-13T09:39:34.851,NC,LTTS,3367.5,3395.0,3395.0,3342.1,3446.5,13062,3372.71,3365.9,6,3366.4,1,
2026-04-13T09:40:03.809,NC,LTTS,3366.4,3395.0,3395.0,3342.1,3446.5,13064,3372.71,3365.9,6,3366.4,1,
2026-04-13T09:40:10.967,NC,LTTS,3365.9,3395.0,3395.0,3342.1,3446.5,13074,3372.7,3365.0,1,3366.4,1,
2026-04-13T09:40:17.902,NC,LTTS,3366.4,3395.0,3395.0,3342.1,3446.5,13076,3372.7,3366.2,1,3367.8,2,
2026-04-13T09:40:25.479,NC,LTTS,3367.8,3395.0,3395.0,3342.1,3446.5,13078,3372.7,3368.3,1,3370.2,9,
2026-04-13T09:40:33.203,NC,LTTS,3371.5,3395.0,3395.0,3342.1,3446.5,13133,3372.69,3368.1,1,3370.4,1,
2026-04-13T09:40:40.601,NC,LTTS,3368.0,3395.0,3395.0,3342.1,3446.5,13143,3372.69,3368.1,1,3370.2,1,
2026-04-13T09:40:47.507,NC,LTTS,3366.9,3395.0,3395.0,3342.1,3446.5,13153,3372.69,3367.8,1,3369.6,1,
2026-04-13T09:41:02.617,NC,LTTS,3373.9,3395.0,3395.0,3342.1,3446.5,13179,3372.68,3372.9,1,3375.9,1,
2026-04-13T09:41:26.056,NC,LTTS,3376.4,3395.0,3395.0,3342.1,3446.5,13213,3372.7,3376.9,1,3380.2,1,
2026-04-13T09:41:41.685,NC,LTTS,3378.1,3395.0,3395.0,3342.1,3446.5,13215,3372.7,3378.2,1,3380.2,1,
2026-04-13T09:41:56.415,NC,LTTS,3384.5,3395.0,3395.0,3342.1,3446.5,13242,3372.72,3383.2,1,3386.5,1,
2026-04-13T09:42:03.888,NC,LTTS,3381.6,3395.0,3395.0,3342.1,3446.5,13357,3372.8,3380.0,2,3382.8,1,
2026-04-13T09:42:11.506,NC,LTTS,3383.5,3395.0,3395.0,3342.1,3446.5,13379,3372.82,3380.2,1,3383.8,1,
2026-04-13T09:42:19.317,NC,LTTS,3384.9,3395.0,3395.0,3342.1,3446.5,13431,3372.86,3381.7,1,3385.6,6,
2026-04-13T09:42:26.841,NC,LTTS,3384.6,3395.0,3395.0,3342.1,3446.5,13440,3372.87,3384.6,1,3386.7,1,
2026-04-13T09:42:42.147,NC,LTTS,3384.6,3395.0,3395.0,3342.1,3446.5,13446,3372.88,3382.5,1,3384.5,1,
2026-04-13T09:42:49.360,NC,LTTS,3380.7,3395.0,3395.0,3342.1,3446.5,13456,3372.88,3380.8,1,3384.0,1,
2026-04-13T09:43:03.772,NC,LTTS,3384.1,3395.0,3395.0,3342.1,3446.5,13461,3372.89,3380.9,1,3384.4,4,
2026-04-13T09:43:11.080,NC,LTTS,3384.4,3395.0,3395.0,3342.1,3446.5,13462,3372.89,3380.8,1,3384.2,2,
2026-04-13T09:43:18.295,NC,LTTS,3379.7,3395.0,3395.0,3342.1,3446.5,13478,3372.9,3380.6,1,3383.8,1,
2026-04-13T09:43:25.406,NC,LTTS,3383.9,3395.0,3395.0,3342.1,3446.5,13480,3372.9,3380.7,1,3383.8,1,
2026-04-13T09:43:39.841,NC,LTTS,3380.7,3395.0,3395.0,3342.1,3446.5,13482,3372.9,3380.9,1,3383.6,1,
2026-04-13T09:43:47.041,NC,LTTS,3380.9,3395.0,3395.0,3342.1,3446.5,13483,3372.9,3380.8,4,3383.6,1,
2026-04-13T09:44:00.953,NC,LTTS,3383.4,3395.0,3395.0,3342.1,3446.5,13485,3372.9,3380.9,1,3383.3,1,
2026-04-13T09:44:08.069,NC,LTTS,3377.2,3395.0,3395.0,3342.1,3446.5,13663,3372.98,3376.7,2,3380.2,1,
2026-04-13T09:44:15.466,NC,LTTS,3380.8,3395.0,3395.0,3342.1,3446.5,13673,3372.99,3377.9,2,3381.2,3,
2026-04-13T09:44:22.807,NC,LTTS,3381.9,3395.0,3395.0,3342.1,3446.5,13779,3373.05,3377.6,1,3380.7,1,
2026-04-13T09:44:37.481,NC,LTTS,3380.4,3395.0,3395.0,3342.1,3446.5,13781,3373.05,3377.6,1,3380.3,1,
2026-04-13T09:44:44.802,NC,LTTS,3380.3,3395.0,3395.0,3342.1,3446.5,13783,3373.05,3377.7,1,3379.9,1,
2026-04-13T09:44:51.698,NC,LTTS,3380.6,3395.0,3395.0,3342.1,3446.5,13811,3373.07,3377.7,1,3379.9,1,
2026-04-13T09:45:12.558,NC,LTTS,3377.6,3395.0,3395.0,3342.1,3446.5,13824,3373.07,3377.7,1,3379.8,1,
2026-04-13T09:45:19.548,NC,LTTS,3380.6,3395.0,3395.0,3342.1,3446.5,13833,3373.08,3377.7,1,3379.7,1,
2026-04-13T09:45:33.569,NC,LTTS,3379.7,3395.0,3395.0,3342.1,3446.5,13834,3373.08,3377.8,1,3379.6,1,
2026-04-13T09:45:40.986,NC,LTTS,3380.6,3395.0,3395.0,3342.1,3446.5,13864,3373.09,3377.8,1,3379.6,1,
2026-04-13T09:45:48.199,NC,LTTS,3379.6,3395.0,3395.0,3342.1,3446.5,13865,3373.09,3377.8,1,3379.6,1,
2026-04-13T09:45:55.203,NC,LTTS,3380.6,3395.0,3395.0,3342.1,3446.5,13870,3373.1,3377.8,1,3381.0,2,
2026-04-13T09:46:02.134,NC,LTTS,3379.6,3395.0,3395.0,3342.1,3446.5,13871,3373.1,3379.6,4,3381.0,4,
2026-04-13T09:46:09.130,NC,LTTS,3381.0,3395.0,3395.0,3342.1,3446.5,13875,3373.1,3379.6,5,3381.0,2,
2026-04-13T09:46:16.165,NC,LTTS,3381.0,3395.0,3395.0,3342.1,3446.5,13878,3373.1,3379.6,4,3381.0,2,
2026-04-13T09:46:23.148,NC,LTTS,3377.3,3395.0,3395.0,3342.1,3446.5,14001,3373.14,3377.2,11,3379.1,2,
2026-04-13T09:46:50.475,NC,LTTS,3379.8,3395.0,3395.0,3342.1,3446.5,14019,3373.15,3378.6,1,3382.2,2,
2026-04-13T09:47:16.804,NC,LTTS,3383.0,3395.0,3395.0,3342.1,3446.5,14021,3373.15,3379.9,1,3382.9,1,
2026-04-13T09:47:23.823,NC,LTTS,3382.7,3395.0,3395.0,3342.1,3446.5,14032,3373.16,3379.4,1,3382.7,17,
2026-04-13T09:47:31.029,NC,LTTS,3380.5,3395.0,3395.0,3342.1,3446.5,14225,3373.22,3376.4,6,3379.8,3,
2026-04-13T09:47:38.536,NC,LTTS,3379.7,3395.0,3395.0,3342.1,3446.5,14226,3373.22,3376.4,1,3379.7,1,
2026-04-13T09:47:45.600,NC,LTTS,3379.7,3395.0,3395.0,3342.1,3446.5,14232,3373.22,3376.4,2,3378.8,1,
2026-04-13T09:47:53.009,NC,LTTS,3378.8,3395.0,3395.0,3342.1,3446.5,14234,3373.22,3376.5,1,3378.8,3,
2026-04-13T09:47:59.925,NC,LTTS,3379.1,3395.0,3395.0,3342.1,3446.5,14242,3373.22,3376.5,1,3379.2,2,
2026-04-13T09:48:06.942,NC,LTTS,3375.6,3395.0,3395.0,3342.1,3446.5,14249,3373.23,3375.3,1,3378.2,1,
2026-04-13T09:48:14.071,NC,LTTS,3377.7,3395.0,3395.0,3342.1,3446.5,14252,3373.23,3375.4,1,3378.2,5,
2026-04-13T09:48:21.406,NC,LTTS,3378.2,3395.0,3395.0,3342.1,3446.5,14254,3373.23,3375.4,1,3378.2,13,
2026-04-13T09:48:35.510,NC,LTTS,3378.3,3395.0,3395.0,3342.1,3446.5,14261,3373.23,3377.7,1,3379.2,2,
2026-04-13T09:48:42.828,NC,LTTS,3379.2,3395.0,3395.0,3342.1,3446.5,14267,3373.23,3376.4,1,3379.2,11,
2026-04-13T09:48:49.732,NC,LTTS,3379.1,3395.0,3395.0,3342.1,3446.5,14270,3373.23,3376.4,1,3379.1,3,
2026-04-13T09:49:03.451,NC,LTTS,3378.4,3395.0,3395.0,3342.1,3446.5,14285,3373.24,3376.4,1,3378.3,1,
2026-04-13T09:49:10.156,NC,LTTS,3378.3,3395.0,3395.0,3342.1,3446.5,14286,3373.24,3376.8,1,3379.0,1,
2026-04-13T09:49:24.079,NC,LTTS,3379.2,3395.0,3395.0,3342.1,3446.5,14298,3373.24,3378.5,1,3380.0,5,
2026-04-13T09:49:31.079,NC,LTTS,3380.0,3395.0,3395.0,3342.1,3446.5,14385,3373.27,3378.2,3,3380.0,3,
2026-04-13T09:49:38.094,NC,LTTS,3378.2,3395.0,3395.0,3342.1,3446.5,14398,3373.28,3378.2,1,3381.3,1,
2026-04-13T09:49:45.102,NC,LTTS,3378.1,3395.0,3395.0,3342.1,3446.5,14401,3373.28,3377.9,1,3379.9,1,
2026-04-13T09:49:51.897,NC,LTTS,3375.0,3395.0,3395.0,3342.1,3446.5,14507,3373.3,3373.9,1,3375.8,4,
2026-04-13T09:49:58.510,NC,LTTS,3372.9,3395.0,3395.0,3342.1,3446.5,14511,3373.3,3372.1,6,3375.6,5,
2026-04-13T09:50:05.314,NC,LTTS,3375.8,3395.0,3395.0,3342.1,3446.5,14518,3373.3,3372.1,9,3375.6,1,
2026-04-13T09:50:12.037,NC,LTTS,3375.4,3395.0,3395.0,3342.1,3446.5,14527,3373.3,3372.4,1,3375.4,1,
2026-04-13T09:50:18.830,NC,LTTS,3372.9,3395.0,3395.0,3342.1,3446.5,14534,3373.3,3372.6,8,3375.5,1,
2026-04-13T09:50:25.750,NC,LTTS,3375.6,3395.0,3395.0,3342.1,3446.5,14791,3373.34,3373.9,1,3375.6,4,
2026-04-13T09:50:32.444,NC,LTTS,3375.6,3395.0,3395.0,3342.1,3446.5,14798,3373.34,3373.9,1,3375.6,1,
2026-04-13T09:50:39.052,NC,LTTS,3375.5,3395.0,3395.0,3342.1,3446.5,14804,3373.34,3373.0,1,3375.3,1,
2026-04-13T09:50:45.955,NC,LTTS,3374.7,3395.0,3395.0,3342.1,3446.5,14805,3373.34,3372.0,3,3373.7,1,
2026-04-13T09:50:52.885,NC,LTTS,3375.2,3395.0,3395.0,3342.1,3446.5,14836,3373.34,3372.4,1,3375.9,4,
2026-04-13T09:50:59.678,NC,LTTS,3373.7,3395.0,3395.0,3342.1,3446.5,14862,3373.33,3371.4,3,3373.6,1,
2026-04-13T09:51:06.188,NC,LTTS,3374.2,3395.0,3395.0,3342.1,3446.5,14868,3373.33,3371.2,1,3373.6,1,
2026-04-13T09:51:13.011,NC,LTTS,3373.4,3395.0,3395.0,3342.1,3446.5,14885,3373.33,3371.3,1,3373.5,1,
2026-04-13T09:51:19.698,NC,LTTS,3373.1,3395.0,3395.0,3342.1,3446.5,14891,3373.33,3370.7,1,3373.1,1,
2026-04-13T09:51:26.402,NC,LTTS,3373.0,3395.0,3395.0,3342.1,3446.5,14895,3373.33,3370.3,1,3373.0,2,
2026-04-13T09:51:32.811,NC,LTTS,3373.6,3395.0,3395.0,3342.1,3446.5,14922,3373.33,3373.3,1,3376.7,2,
2026-04-13T09:51:39.689,NC,LTTS,3376.6,3395.0,3395.0,3342.1,3446.5,14927,3373.33,3373.4,1,3376.7,1,
2026-04-13T09:51:46.389,NC,LTTS,3377.3,3395.0,3395.0,3342.1,3446.5,14937,3373.33,3374.4,1,3377.4,1,
2026-04-13T09:51:53.098,NC,LTTS,3377.4,3395.0,3395.0,3342.1,3446.5,14947,3373.33,3374.3,1,3377.4,2,
2026-04-13T09:51:59.812,NC,LTTS,3376.8,3395.0,3395.0,3342.1,3446.5,14952,3373.33,3376.9,1,3377.4,2,
2026-04-13T09:52:06.619,NC,LTTS,3379.2,3395.0,3395.0,3342.1,3446.5,15004,3373.35,3374.5,1,3377.3,1,
2026-04-13T09:52:13.330,NC,LTTS,3378.3,3395.0,3395.0,3342.1,3446.5,15009,3373.35,3375.1,1,3378.3,1,
2026-04-13T09:52:20.144,NC,LTTS,3376.5,3395.0,3395.0,3342.1,3446.5,15019,3373.36,3376.0,1,3379.9,1,
2026-04-13T09:52:27.241,NC,LTTS,3375.1,3395.0,3395.0,3342.1,3446.5,15034,3373.36,3374.9,1,3378.0,1,
2026-04-13T09:52:33.983,NC,LTTS,3377.7,3395.0,3395.0,3342.1,3446.5,15035,3373.36,3375.2,1,3377.9,1,
2026-04-13T09:52:40.490,NC,LTTS,3378.5,3395.0,3395.0,3342.1,3446.5,15040,3373.36,3375.2,1,3377.0,1,
2026-04-13T09:52:47.109,NC,LTTS,3375.1,3395.0,3395.0,3342.1,3446.5,15048,3373.36,3375.0,40,3377.8,1,
2026-04-13T09:52:53.503,NC,LTTS,3378.1,3395.0,3395.0,3342.1,3446.5,15054,3373.36,3375.2,1,3378.3,5,
2026-04-13T09:53:00.006,NC,LTTS,3378.2,3395.0,3395.0,3342.1,3446.5,15077,3373.37,3375.2,1,3378.3,5,
2026-04-13T09:53:06.412,NC,LTTS,3379.0,3395.0,3395.0,3342.1,3446.5,15093,3373.38,3376.1,1,3378.3,1,
2026-04-13T09:53:12.821,NC,LTTS,3378.3,3395.0,3395.0,3342.1,3446.5,15099,3373.38,3376.5,1,3378.3,1,
2026-04-13T09:53:19.230,NC,LTTS,3378.4,3395.0,3395.0,3342.1,3446.5,15105,3373.38,3376.4,3,3379.1,3,
2026-04-13T09:53:32.244,NC,LTTS,3379.4,3395.0,3395.0,3342.1,3446.5,15139,3373.39,3376.2,1,3378.3,1,
2026-04-13T09:53:38.953,NC,LTTS,3375.1,3395.0,3395.0,3342.1,3446.5,15143,3373.39,3375.3,1,3378.3,1,
2026-04-13T09:53:45.456,NC,LTTS,3378.4,3395.0,3395.0,3342.1,3446.5,15146,3373.39,3378.4,48,3380.7,1,
2026-04-13T09:53:52.058,NC,LTTS,3381.9,3395.0,3395.0,3342.1,3446.5,15154,3373.39,3378.9,1,3381.5,1,
2026-04-13T09:53:58.568,NC,LTTS,3375.7,3395.0,3395.0,3342.1,3446.5,15381,3373.47,3375.9,1,3378.1,1,
2026-04-13T09:54:05.089,NC,LTTS,3378.1,3395.0,3395.0,3342.1,3446.5,15382,3373.47,3375.9,1,3377.8,1,
2026-04-13T09:54:11.614,NC,LTTS,3377.3,3395.0,3395.0,3342.1,3446.5,15388,3373.47,3375.2,1,3377.7,1,
2026-04-13T09:54:18.794,NC,LTTS,3375.5,3395.0,3395.0,3342.1,3446.5,15392,3373.47,3375.5,1,3378.7,1,
2026-04-13T09:54:25.603,NC,LTTS,3378.8,3395.0,3395.0,3342.1,3446.5,15395,3373.48,3375.4,1,3378.8,1,
2026-04-13T09:54:32.824,NC,LTTS,3378.5,3395.0,3395.0,3342.1,3446.5,15400,3373.48,3375.6,1,3377.4,1,
2026-04-13T09:54:40.028,NC,LTTS,3377.4,3395.0,3395.0,3342.1,3446.5,15405,3373.48,3375.5,47,3377.3,1,
2026-04-13T09:54:46.835,NC,LTTS,3376.4,3395.0,3395.0,3342.1,3446.5,15460,3373.5,3376.4,1,3378.9,1,
2026-04-13T09:54:53.552,NC,LTTS,3378.7,3395.0,3395.0,3342.1,3446.5,15462,3373.5,3376.5,1,3379.5,1,
2026-04-13T09:55:00.653,NC,LTTS,3377.3,3395.0,3395.0,3342.1,3446.5,15469,3373.5,3377.7,1,3379.4,1,
2026-04-13T09:55:07.670,NC,LTTS,3377.1,3395.0,3395.0,3342.1,3446.5,15473,3373.5,3377.1,1,3379.4,1,
2026-04-13T09:55:14.582,NC,LTTS,3379.4,3395.0,3395.0,3342.1,3446.5,15474,3373.5,3376.7,1,3379.3,1,
2026-04-13T09:55:21.001,NC,LTTS,3379.3,3395.0,3395.0,3342.1,3446.5,15480,3373.5,3376.9,1,3379.4,1,
2026-04-13T09:55:27.707,NC,LTTS,3380.9,3395.0,3395.0,3342.1,3446.5,15499,3373.51,3377.4,1,3380.9,5,
2026-04-13T09:55:34.721,NC,LTTS,3380.9,3395.0,3395.0,3342.1,3446.5,15501,3373.51,3378.2,1,3380.8,1,
2026-04-13T09:55:41.831,NC,LTTS,3379.8,3395.0,3395.0,3342.1,3446.5,15506,3373.51,3376.9,3,3379.8,1,
2026-04-13T09:55:48.638,NC,LTTS,3376.9,3395.0,3395.0,3342.1,3446.5,15510,3373.51,3376.7,3,3378.8,1,
2026-04-13T09:55:55.553,NC,LTTS,3378.7,3395.0,3395.0,3342.1,3446.5,15512,3373.51,3376.7,1,3378.8,1,
2026-04-13T09:56:02.448,NC,LTTS,3378.7,3395.0,3395.0,3342.1,3446.5,15517,3373.51,3378.7,1,3378.8,1,
2026-04-13T09:56:09.258,NC,LTTS,3378.8,3395.0,3395.0,3342.1,3446.5,15522,3373.51,3377.6,4,3380.6,1,
2026-04-13T09:56:22.468,NC,LTTS,3378.8,3395.0,3395.0,3342.1,3446.5,15528,3373.52,3378.7,7,3380.8,1,
2026-04-13T09:56:28.813,NC,LTTS,3378.7,3395.0,3395.0,3342.1,3446.5,15532,3373.52,3378.7,3,3380.7,1,
2026-04-13T09:56:35.384,NC,LTTS,3378.1,3395.0,3395.0,3342.1,3446.5,15549,3373.52,3376.6,1,3379.5,1,
2026-04-13T09:56:42.291,NC,LTTS,3379.6,3395.0,3395.0,3342.1,3446.5,15555,3373.53,3376.7,1,3379.7,1,
2026-04-13T09:56:49.113,NC,LTTS,3379.2,3395.0,3395.0,3342.1,3446.5,15561,3373.53,3376.8,1,3379.2,1,
2026-04-13T09:57:02.442,NC,LTTS,3380.5,3395.0,3395.0,3342.1,3446.5,15567,3373.53,3377.1,1,3380.5,1,
2026-04-13T09:57:08.753,NC,LTTS,3377.2,3395.0,3395.0,3342.1,3446.5,15571,3373.53,3376.5,7,3379.4,1,
2026-04-13T09:57:15.444,NC,LTTS,3379.4,3395.0,3395.0,3342.1,3446.5,15572,3373.53,3376.5,1,3378.3,1,
2026-04-13T09:57:22.066,NC,LTTS,3378.4,3395.0,3395.0,3342.1,3446.5,15578,3373.53,3376.1,1,3377.9,1,
2026-04-13T09:57:28.769,NC,LTTS,3376.2,3395.0,3395.0,3342.1,3446.5,15582,3373.53,3376.2,6,3378.6,1,
2026-04-13T09:57:35.182,NC,LTTS,3378.6,3395.0,3395.0,3342.1,3446.5,15583,3373.53,3376.2,1,3378.0,1,
2026-04-13T09:57:41.779,NC,LTTS,3376.1,3395.0,3395.0,3342.1,3446.5,15592,3373.53,3376.2,11,3378.3,1,
2026-04-13T09:57:48.497,NC,LTTS,3376.2,3395.0,3395.0,3342.1,3446.5,15606,3373.54,3376.2,7,3378.0,1,
2026-04-13T09:57:54.941,NC,LTTS,3376.1,3395.0,3395.0,3342.1,3446.5,15620,3373.54,3376.1,10,3378.6,1,
2026-04-13T09:58:01.648,NC,LTTS,3380.8,3395.0,3395.0,3342.1,3446.5,15715,3373.57,3378.5,1,3380.8,1,
2026-04-13T09:58:08.551,NC,LTTS,3378.6,3395.0,3395.0,3342.1,3446.5,15722,3373.57,3378.2,1,3380.7,1,
2026-04-13T09:58:15.763,NC,LTTS,3378.6,3395.0,3395.0,3342.1,3446.5,15725,3373.58,3378.6,1,3380.8,1,
2026-04-13T09:58:22.966,NC,LTTS,3381.0,3395.0,3395.0,3342.1,3446.5,15731,3373.58,3379.0,1,3381.0,10,
2026-04-13T09:58:30.182,NC,LTTS,3381.0,3395.0,3395.0,3342.1,3446.5,15746,3373.58,3378.8,14,3380.4,1,
2026-04-13T09:58:37.183,NC,LTTS,3378.8,3395.0,3395.0,3342.1,3446.5,15750,3373.59,3378.8,10,3380.4,1,
2026-04-13T09:58:43.800,NC,LTTS,3380.4,3395.0,3395.0,3342.1,3446.5,15771,3373.6,3378.6,5,3380.4,2,
2026-04-13T09:58:50.406,NC,LTTS,3380.9,3395.0,3395.0,3342.1,3446.5,15782,3373.6,3378.6,1,3380.9,1,
2026-04-13T09:58:57.411,NC,LTTS,3378.6,3395.0,3395.0,3342.1,3446.5,15787,3373.6,3378.6,10,3380.0,1,
2026-04-13T09:59:04.027,NC,LTTS,3380.0,3395.0,3395.0,3342.1,3446.5,15808,3373.61,3380.2,4,3383.0,42,
2026-04-13T09:59:11.027,NC,LTTS,3382.6,3395.0,3395.0,3342.1,3446.5,15817,3373.62,3380.6,1,3382.8,1,
2026-04-13T09:59:18.047,NC,LTTS,3384.5,3395.0,3395.0,3342.1,3446.5,15913,3373.67,3381.7,1,3384.4,1,
2026-04-13T09:59:24.846,NC,LTTS,3384.5,3395.0,3395.0,3342.1,3446.5,15915,3373.68,3382.9,35,3384.6,46,
2026-04-13T09:59:31.254,NC,LTTS,3389.9,3395.0,3395.0,3342.1,3446.5,16073,3373.79,3386.8,1,3390.3,1,
2026-04-13T09:59:37.659,NC,LTTS,3387.0,3395.0,3395.0,3342.1,3446.5,16143,3373.85,3387.1,1,3389.5,1,
2026-04-13T09:59:44.067,NC,LTTS,3389.6,3395.0,3395.0,3342.1,3446.5,16146,3373.85,3387.3,1,3389.6,1,
2026-04-13T09:59:50.779,NC,LTTS,3389.6,3395.0,3395.0,3342.1,3446.5,16155,3373.86,3387.3,1,3390.0,1,
2026-04-13T09:59:57.409,NC,LTTS,3387.2,3395.0,3395.0,3342.1,3446.5,16163,3373.86,3387.2,1,3390.2,1,
2026-04-13T10:00:03.718,NC,LTTS,3390.5,3395.0,3395.0,3342.1,3446.5,16167,3373.87,3387.3,1,3389.8,1,
2026-04-13T10:00:10.102,NC,LTTS,3390.2,3395.0,3395.0,3342.1,3446.5,16184,3373.89,3387.6,1,3390.3,1,
2026-04-13T10:00:16.624,NC,LTTS,3390.6,3395.0,3395.0,3342.1,3446.5,16289,3373.97,3388.4,1,3392.6,25,
2026-04-13T10:00:22.916,NC,LTTS,3391.5,3395.0,3395.0,3342.1,3446.5,16299,3373.98,3388.5,1,3391.3,6,
2026-04-13T10:00:29.327,NC,LTTS,3389.7,3395.0,3395.0,3342.1,3446.5,16309,3373.99,3386.3,1,3389.0,1,
2026-04-13T10:00:35.926,NC,LTTS,3389.4,3395.0,3395.0,3342.1,3446.5,16353,3374.03,3386.3,1,3388.9,1,
2026-04-13T10:00:42.635,NC,LTTS,3388.9,3395.0,3395.0,3342.1,3446.5,16386,3374.06,3385.7,1,3389.4,6,
2026-04-13T10:00:49.747,NC,LTTS,3389.1,3395.0,3395.0,3342.1,3446.5,16398,3374.07,3386.2,1,3389.2,3,
2026-04-13T10:00:56.553,NC,LTTS,3388.6,3395.0,3395.0,3342.1,3446.5,16423,3374.09,3386.3,1,3388.6,1,
2026-04-13T10:01:03.283,NC,LTTS,3388.2,3395.0,3395.0,3342.1,3446.5,16632,3374.25,3386.2,1,3389.0,46,
2026-04-13T10:01:10.094,NC,LTTS,3388.4,3395.0,3395.0,3342.1,3446.5,16638,3374.25,3385.7,1,3388.4,1,
2026-04-13T10:01:16.983,NC,LTTS,3385.6,3395.0,3395.0,3342.1,3446.5,16642,3374.25,3385.3,21,3388.4,1,
2026-04-13T10:01:23.695,NC,LTTS,3388.4,3395.0,3395.0,3342.1,3446.5,16647,3374.26,3387.5,13,3389.0,46,
2026-04-13T10:01:30.513,NC,LTTS,3390.0,3395.0,3395.0,3342.1,3446.5,16711,3374.32,3388.1,2,3390.0,13,
2026-04-13T10:01:37.214,NC,LTTS,3387.5,3395.0,3395.0,3342.1,3446.5,16721,3374.32,3387.5,9,3388.0,24,
2026-04-13T10:01:43.528,NC,LTTS,3387.5,3395.0,3395.0,3342.1,3446.5,16735,3374.34,3386.2,13,3387.0,4,
2026-04-13T10:01:49.875,NC,LTTS,3388.0,3395.0,3395.0,3342.1,3446.5,16850,3374.42,3386.5,5,3388.0,14,
2026-04-13T10:01:56.663,NC,LTTS,3389.0,3395.0,3395.0,3342.1,3446.5,16922,3374.48,3386.6,9,3390.0,13,
2026-04-13T10:02:03.265,NC,LTTS,3390.0,3395.0,3395.0,3342.1,3446.5,16927,3374.49,3387.7,2,3389.9,6,
2026-04-13T10:02:09.576,NC,LTTS,3390.3,3395.0,3395.0,3342.1,3446.5,16952,3374.51,3387.7,7,3390.3,1,
2026-04-13T10:02:16.190,NC,LTTS,3390.3,3395.0,3395.0,3342.1,3446.5,16953,3374.51,3390.5,1,3392.8,3,
2026-04-13T10:02:22.704,NC,LTTS,3391.8,3395.0,3395.0,3342.1,3446.5,16973,3374.53,3391.8,1,3394.4,2,
2026-04-13T10:02:29.436,NC,LTTS,3403.7,3395.0,3403.7,3342.1,3446.5,17430,3375.11,3401.7,2,3403.9,1,
2026-04-13T10:02:42.134,NC,LTTS,3400.9,3395.0,3403.9,3342.1,3446.5,17491,3375.21,3400.3,48,3403.4,2,
2026-04-13T10:02:48.047,NC,LTTS,3400.3,3395.0,3403.9,3342.1,3446.5,17495,3375.21,3400.3,2,3402.7,12,
2026-04-13T10:02:54.060,NC,LTTS,3401.7,3395.0,3403.9,3342.1,3446.5,17503,3375.22,3400.8,3,3402.8,4,
2026-04-13T10:03:00.267,NC,LTTS,3400.7,3395.0,3403.9,3342.1,3446.5,17510,3375.23,3400.7,3,3402.8,3,
2026-04-13T10:03:06.680,NC,LTTS,3402.8,3395.0,3403.9,3342.1,3446.5,17515,3375.24,3400.7,3,3403.5,1,
2026-04-13T10:03:13.078,NC,LTTS,3403.5,3395.0,3403.9,3342.1,3446.5,17520,3375.25,3400.5,21,3403.7,1,
2026-04-13T10:03:19.397,NC,LTTS,3403.7,3395.0,3403.9,3342.1,3446.5,17526,3375.26,3401.2,1,3403.8,5,
2026-04-13T10:03:25.690,NC,LTTS,3400.6,3395.0,3403.9,3342.1,3446.5,17541,3375.28,3403.1,2,3404.7,1,
2026-04-13T10:03:31.803,NC,LTTS,3404.7,3395.0,3404.7,3342.1,3446.5,17548,3375.29,3402.6,1,3404.7,1,
2026-04-13T10:03:38.312,NC,LTTS,3404.1,3395.0,3409.2,3342.1,3446.5,17751,3375.67,3405.3,1,3407.8,1,
2026-04-13T10:03:44.628,NC,LTTS,3400.9,3395.0,3409.2,3342.1,3446.5,17909,3375.91,3401.4,1,3403.9,1,
2026-04-13T10:03:50.856,NC,LTTS,3403.9,3395.0,3409.2,3342.1,3446.5,17915,3375.92,3401.1,1,3403.7,1,
2026-04-13T10:03:57.044,NC,LTTS,3401.3,3395.0,3409.2,3342.1,3446.5,17930,3375.94,3400.6,1,3403.7,1,
2026-04-13T10:04:03.356,NC,LTTS,3403.9,3395.0,3409.2,3342.1,3446.5,17933,3375.95,3400.7,1,3403.1,1,
2026-04-13T10:04:09.860,NC,LTTS,3403.8,3395.0,3409.2,3342.1,3446.5,17938,3375.95,3401.3,1,3403.8,1,
2026-04-13T10:04:16.271,NC,LTTS,3401.7,3395.0,3409.2,3342.1,3446.5,18105,3376.2,3401.1,3,3404.1,1,
2026-04-13T10:04:22.375,NC,LTTS,3404.2,3395.0,3409.2,3342.1,3446.5,18111,3376.21,3401.9,1,3404.9,1,
2026-04-13T10:04:28.605,NC,LTTS,3401.1,3395.0,3409.2,3342.1,3446.5,18115,3376.22,3401.8,1,3404.5,1,
2026-04-13T10:04:34.991,NC,LTTS,3404.5,3395.0,3409.2,3342.1,3446.5,18116,3376.22,3400.5,1,3403.4,1,
2026-04-13T10:04:41.341,NC,LTTS,3404.6,3395.0,3409.2,3342.1,3446.5,18121,3376.23,3400.8,4,3403.1,1,
2026-04-13T10:04:47.568,NC,LTTS,3401.2,3395.0,3409.2,3342.1,3446.5,18130,3376.24,3400.8,5,3403.8,1,
2026-04-13T10:04:53.765,NC,LTTS,3403.7,3395.0,3409.2,3342.1,3446.5,18133,3376.24,3402.6,1,3404.9,1,
2026-04-13T10:05:00.088,NC,LTTS,3404.9,3395.0,3409.2,3342.1,3446.5,18139,3376.25,3402.7,1,3404.9,1,
2026-04-13T10:05:06.406,NC,LTTS,3406.5,3395.0,3409.2,3342.1,3446.5,18153,3376.27,3406.2,1,3408.7,1,
2026-04-13T10:05:12.704,NC,LTTS,3407.0,3395.0,3409.2,3342.1,3446.5,18168,3376.3,3404.6,8,3407.7,2,
2026-04-13T10:05:19.312,NC,LTTS,3406.0,3395.0,3409.2,3342.1,3446.5,18178,3376.32,3404.2,1,3406.0,17,
2026-04-13T10:05:32.252,NC,LTTS,3406.0,3395.0,3409.2,3342.1,3446.5,18184,3376.32,3403.6,4,3405.9,1,
2026-04-13T10:05:38.539,NC,LTTS,3403.2,3395.0,3409.2,3342.1,3446.5,18188,3376.33,3402.2,11,3405.3,1,
2026-04-13T10:05:44.640,NC,LTTS,3405.3,3395.0,3409.2,3342.1,3446.5,18189,3376.33,3405.3,2,3405.9,1,
2026-04-13T10:05:50.966,NC,LTTS,3405.8,3395.0,3409.2,3342.1,3446.5,18201,3376.35,3403.4,1,3405.0,3,
2026-04-13T10:05:57.061,NC,LTTS,3402.7,3395.0,3409.2,3342.1,3446.5,18208,3376.36,3402.7,15,3404.0,11,
2026-04-13T10:06:02.974,NC,LTTS,3404.0,3395.0,3409.2,3342.1,3446.5,18215,3376.37,3403.5,800,3404.0,4,
2026-04-13T10:06:09.086,NC,LTTS,3405.0,3395.0,3409.2,3342.1,3446.5,18225,3376.39,3403.5,804,3405.0,2,
2026-04-13T10:06:15.382,NC,LTTS,3406.0,3395.0,3409.2,3342.1,3446.5,18377,3376.63,3405.4,17,3408.5,2,
2026-04-13T10:06:21.584,NC,LTTS,3408.9,3395.0,3409.2,3342.1,3446.5,18529,3376.88,3405.3,1,3408.3,3,
2026-04-13T10:06:27.795,NC,LTTS,3406.0,3395.0,3409.2,3342.1,3446.5,18534,3376.89,3405.5,1,3407.8,1,
2026-04-13T10:06:40.317,NC,LTTS,3405.6,3395.0,3409.2,3342.1,3446.5,18539,3376.9,3407.0,1,3407.4,12,
2026-04-13T10:06:46.338,NC,LTTS,3408.9,3395.0,3409.2,3342.1,3446.5,18554,3376.92,3407.2,5,3409.0,15,
2026-04-13T10:06:52.421,NC,LTTS,3407.2,3395.0,3409.2,3342.1,3446.5,18558,3376.93,3407.0,1,3408.7,1,
2026-04-13T10:06:58.224,NC,LTTS,3407.1,3395.0,3409.2,3342.1,3446.5,18578,3376.96,3407.0,1,3408.9,1,
2026-04-13T10:07:10.641,NC,LTTS,3410.0,3395.0,3411.8,3342.1,3446.5,19053,3377.79,3410.0,99,3411.9,1,
2026-04-13T10:07:17.176,NC,LTTS,3412.5,3395.0,3417.9,3342.1,3446.5,19252,3378.17,3412.5,1,3415.3,1,
2026-04-13T10:07:23.648,NC,LTTS,3415.1,3395.0,3417.9,3342.1,3446.5,19278,3378.21,3412.5,4,3415.7,1,
2026-04-13T10:07:29.855,NC,LTTS,3413.5,3395.0,3417.9,3342.1,3446.5,19285,3378.23,3413.6,3,3415.8,3,
2026-04-13T10:07:35.983,NC,LTTS,3416.3,3395.0,3417.9,3342.1,3446.5,19292,3378.24,3416.3,4,3418.7,2,
2026-04-13T10:07:42.368,NC,LTTS,3421.5,3395.0,3421.5,3342.1,3446.5,19646,3378.98,3422.4,1,3424.8,1,
2026-04-13T10:07:48.777,NC,LTTS,3422.0,3395.0,3422.4,3342.1,3446.5,19760,3379.22,3422.0,31,3424.8,1,
2026-04-13T10:07:55.580,NC,LTTS,3423.8,3395.0,3425.0,3342.1,3446.5,19821,3379.36,3422.0,16,3424.9,1,
2026-04-13T10:08:01.989,NC,LTTS,3425.0,3395.0,3425.0,3342.1,3446.5,19922,3379.59,3423.4,1,3425.0,2,
2026-04-13T10:08:08.718,NC,LTTS,3425.4,3395.0,3428.0,3342.1,3446.5,19931,3379.61,3425.5,1,3428.0,1,
2026-04-13T10:08:15.703,NC,LTTS,3425.2,3395.0,3428.0,3342.1,3446.5,19934,3379.62,3424.4,1,3426.9,7,
2026-04-13T10:08:22.209,NC,LTTS,3418.4,3395.0,3428.0,3342.1,3446.5,20018,3379.8,3418.0,1,3421.4,1,
2026-04-13T10:08:28.614,NC,LTTS,3416.3,3395.0,3428.0,3342.1,3446.5,20163,3380.07,3416.2,13,3420.4,4,
2026-04-13T10:08:34.927,NC,LTTS,3416.2,3395.0,3428.0,3342.1,3446.5,20171,3380.08,3415.6,17,3419.4,5,
2026-04-13T10:08:41.498,NC,LTTS,3417.0,3395.0,3428.0,3342.1,3446.5,20205,3380.15,3417.0,1,3420.0,1,
2026-04-13T10:08:48.304,NC,LTTS,3418.6,3395.0,3428.0,3342.1,3446.5,20210,3380.16,3417.2,1,3420.2,4,
2026-04-13T10:09:01.320,NC,LTTS,3417.0,3395.0,3428.0,3342.1,3446.5,20265,3380.26,3416.9,2,3420.5,1,
2026-04-13T10:09:07.824,NC,LTTS,3417.1,3395.0,3428.0,3342.1,3446.5,20269,3380.26,3417.3,1,3420.2,1,
2026-04-13T10:09:14.533,NC,LTTS,3417.1,3395.0,3428.0,3342.1,3446.5,20273,3380.27,3417.0,1,3419.4,1,
2026-04-13T10:09:20.937,NC,LTTS,3417.3,3395.0,3428.0,3342.1,3446.5,20279,3380.28,3417.4,1,3420.4,1,
2026-04-13T10:09:27.548,NC,LTTS,3417.9,3395.0,3428.0,3342.1,3446.5,20313,3380.35,3417.2,8,3420.0,1,
2026-04-13T10:09:40.371,NC,LTTS,3418.4,3395.0,3428.0,3342.1,3446.5,20320,3380.36,3418.2,1,3420.9,1,
2026-04-13T10:09:46.480,NC,LTTS,3418.2,3395.0,3428.0,3342.1,3446.5,20321,3380.36,3417.9,1,3420.7,1,
2026-04-13T10:09:52.687,NC,LTTS,3420.8,3395.0,3428.0,3342.1,3446.5,20349,3380.42,3418.6,1,3420.9,100,
2026-04-13T10:09:59.095,NC,LTTS,3418.9,3395.0,3428.0,3342.1,3446.5,20407,3380.53,3418.9,3,3420.4,3,
2026-04-13T10:10:12.218,NC,LTTS,3420.4,3395.0,3428.0,3342.1,3446.5,20426,3380.57,3418.9,1,3420.4,3,
2026-04-13T10:10:18.809,NC,LTTS,3420.4,3395.0,3428.0,3342.1,3446.5,20431,3380.58,3418.4,1,3420.3,1,
2026-04-13T10:10:31.827,NC,LTTS,3421.0,3395.0,3428.0,3342.1,3446.5,20506,3380.72,3422.0,1,3424.9,1,
2026-04-13T10:10:39.126,NC,LTTS,3422.1,3395.0,3428.0,3342.1,3446.5,20510,3380.73,3422.0,1,3424.9,1,
2026-04-13T10:10:45.537,NC,LTTS,3423.9,3395.0,3428.0,3342.1,3446.5,20530,3380.77,3421.0,1,3424.0,1,
2026-04-13T10:10:52.039,NC,LTTS,3424.8,3395.0,3428.0,3342.1,3446.5,20544,3380.8,3420.5,1,3424.2,6,
2026-04-13T10:10:58.242,NC,LTTS,3420.2,3395.0,3428.0,3342.1,3446.5,20549,3380.81,3422.0,1,3424.4,1,
2026-04-13T10:11:04.366,NC,LTTS,3421.0,3395.0,3428.0,3342.1,3446.5,20550,3380.81,3420.1,1,3422.5,1,
2026-04-13T10:11:10.979,NC,LTTS,3422.6,3395.0,3428.0,3342.1,3446.5,20656,3381.03,3420.1,1,3422.7,4,
2026-04-13T10:11:17.472,NC,LTTS,3420.5,3395.0,3428.0,3342.1,3446.5,20738,3381.19,3420.5,3,3423.7,1,
2026-04-13T10:11:24.085,NC,LTTS,3420.5,3395.0,3428.0,3342.1,3446.5,20742,3381.2,3420.5,1,3422.6,1,
2026-04-13T10:11:30.685,NC,LTTS,3420.3,3395.0,3428.0,3342.1,3446.5,20746,3381.21,3420.2,1,3422.3,1,
2026-04-13T10:11:36.995,NC,LTTS,3417.1,3395.0,3428.0,3342.1,3446.5,20804,3381.31,3417.0,2,3419.5,8,
2026-04-13T10:11:43.114,NC,LTTS,3417.0,3395.0,3428.0,3342.1,3446.5,20806,3381.32,3416.0,100,3418.3,5,
2026-04-13T10:11:49.413,NC,LTTS,3416.0,3395.0,3428.0,3342.1,3446.5,20900,3381.47,3416.0,114,3419.1,2,
2026-04-13T10:11:55.727,NC,LTTS,3419.8,3395.0,3428.0,3342.1,3446.5,20905,3381.48,3418.3,1,3419.9,1,
2026-04-13T10:12:02.034,NC,LTTS,3419.9,3395.0,3428.0,3342.1,3446.5,20911,3381.49,3417.7,1,3420.1,1,
2026-04-13T10:12:08.246,NC,LTTS,3417.4,3395.0,3428.0,3342.1,3446.5,20915,3381.5,3416.9,1,3420.0,1,
2026-04-13T10:12:21.374,NC,LTTS,3418.6,3395.0,3428.0,3342.1,3446.5,20923,3381.51,3418.7,1,3421.4,1,
2026-04-13T10:12:27.384,NC,LTTS,3418.7,3395.0,3428.0,3342.1,3446.5,20927,3381.52,3418.3,5,3421.4,1,
2026-04-13T10:12:33.794,NC,LTTS,3419.5,3395.0,3428.0,3342.1,3446.5,20929,3381.52,3419.8,2,3421.8,1,
2026-04-13T10:12:40.208,NC,LTTS,3419.5,3395.0,3428.0,3342.1,3446.5,20933,3381.53,3419.4,10,3421.7,2,
2026-04-13T10:12:52.925,NC,LTTS,3419.2,3395.0,3428.0,3342.1,3446.5,20937,3381.54,3419.5,1,3421.5,1,
2026-04-13T10:12:59.342,NC,LTTS,3421.4,3395.0,3428.0,3342.1,3446.5,20943,3381.55,3419.7,1,3421.5,1,
2026-04-13T10:13:12.044,NC,LTTS,3420.0,3395.0,3428.0,3342.1,3446.5,20949,3381.56,3419.2,10,3421.4,1,
2026-04-13T10:13:18.552,NC,LTTS,3419.2,3395.0,3428.0,3342.1,3446.5,20956,3381.57,3416.9,15,3420.0,1,
2026-04-13T10:13:30.693,NC,LTTS,3417.3,3395.0,3428.0,3342.1,3446.5,20960,3381.58,3417.3,3,3420.0,1,
2026-04-13T10:13:36.772,NC,LTTS,3416.2,3395.0,3428.0,3342.1,3446.5,20989,3381.63,3416.1,10,3419.2,1,
2026-04-13T10:13:42.882,NC,LTTS,3419.3,3395.0,3428.0,3342.1,3446.5,20991,3381.63,3418.4,1,3419.9,1,
2026-04-13T10:13:49.206,NC,LTTS,3418.4,3395.0,3428.0,3342.1,3446.5,20995,3381.64,3417.4,8,3419.8,1,
2026-04-13T10:14:01.814,NC,LTTS,3420.2,3395.0,3428.0,3342.1,3446.5,21006,3381.66,3418.1,4,3420.8,1,
2026-04-13T10:14:08.406,NC,LTTS,3413.8,3395.0,3428.0,3342.1,3446.5,21407,3382.28,3412.9,1,3416.7,1,
2026-04-13T10:14:21.828,NC,LTTS,3420.6,3395.0,3428.0,3342.1,3446.5,21511,3382.45,3418.2,1,3420.8,2,
2026-04-13T10:14:28.429,NC,LTTS,3419.1,3395.0,3428.0,3342.1,3446.5,21516,3382.46,3418.2,1,3420.8,3,
2026-04-13T10:14:34.640,NC,LTTS,3419.3,3395.0,3428.0,3342.1,3446.5,21573,3382.55,3418.2,1,3420.7,1,
2026-04-13T10:14:41.050,NC,LTTS,3418.1,3395.0,3428.0,3342.1,3446.5,21577,3382.56,3418.1,1,3420.7,1,
2026-04-13T10:14:47.472,NC,LTTS,3418.4,3395.0,3428.0,3342.1,3446.5,21587,3382.58,3416.5,5,3420.8,2,
2026-04-13T10:15:00.374,NC,LTTS,3418.4,3395.0,3428.0,3342.1,3446.5,21603,3382.6,3417.0,3,3420.6,1,
2026-04-13T10:15:06.989,NC,LTTS,3416.6,3395.0,3428.0,3342.1,3446.5,21616,3382.62,3416.5,1,3419.8,1,
2026-04-13T10:15:13.893,NC,LTTS,3420.1,3395.0,3428.0,3342.1,3446.5,21651,3382.68,3418.4,3,3420.7,1,
2026-04-13T10:15:20.511,NC,LTTS,3420.7,3395.0,3428.0,3342.1,3446.5,21656,3382.69,3420.7,1,3420.8,2,
2026-04-13T10:15:26.956,NC,LTTS,3420.7,3395.0,3428.0,3342.1,3446.5,21673,3382.72,3420.7,2,3423.3,1,
2026-04-13T10:15:32.930,NC,LTTS,3424.8,3395.0,3428.0,3342.1,3446.5,21733,3382.84,3420.8,1,3424.9,8,
2026-04-13T10:15:39.227,NC,LTTS,3420.8,3395.0,3428.0,3342.1,3446.5,21737,3382.84,3420.7,2,3424.6,8,
2026-04-13T10:15:45.642,NC,LTTS,3420.8,3395.0,3428.0,3342.1,3446.5,21746,3382.86,3420.9,2,3423.6,2,
2026-04-13T10:15:52.047,NC,LTTS,3421.1,3395.0,3428.0,3342.1,3446.5,21770,3382.9,3420.7,2,3422.0,2,
2026-04-13T10:15:58.058,NC,LTTS,3420.7,3395.0,3428.0,3342.1,3446.5,21774,3382.91,3421.1,10,3422.0,2,
2026-04-13T10:16:11.178,NC,LTTS,3422.0,3395.0,3428.0,3342.1,3446.5,21780,3382.92,3421.1,6,3423.3,4,
2026-04-13T10:16:17.683,NC,LTTS,3421.1,3395.0,3428.0,3342.1,3446.5,21784,3382.93,3421.5,1,3424.2,1,
2026-04-13T10:16:24.603,NC,LTTS,3422.0,3395.0,3428.0,3342.1,3446.5,21786,3382.93,3421.3,1,3423.8,1,
2026-04-13T10:16:31.217,NC,LTTS,3421.1,3395.0,3428.0,3342.1,3446.5,21790,3382.94,3421.2,1,3423.3,4,
2026-04-13T10:16:37.736,NC,LTTS,3420.7,3395.0,3428.0,3342.1,3446.5,21794,3382.95,3420.4,16,3421.1,5,
2026-04-13T10:16:44.125,NC,LTTS,3420.8,3395.0,3428.0,3342.1,3446.5,21843,3383.03,3418.6,1,3421.1,5,
2026-04-13T10:16:50.359,NC,LTTS,3417.7,3395.0,3428.0,3342.1,3446.5,21848,3383.04,3417.3,1,3420.1,1,
2026-04-13T10:16:56.670,NC,LTTS,3420.2,3395.0,3428.0,3342.1,3446.5,21851,3383.04,3417.3,1,3420.5,3,
2026-04-13T10:17:03.272,NC,LTTS,3417.2,3395.0,3428.0,3342.1,3446.5,21856,3383.05,3417.4,1,3419.8,1,
2026-04-13T10:17:09.772,NC,LTTS,3416.7,3395.0,3428.0,3342.1,3446.5,21864,3383.06,3415.9,6,3419.6,1,
2026-04-13T10:17:16.295,NC,LTTS,3415.9,3395.0,3428.0,3342.1,3446.5,21884,3383.09,3415.8,17,3419.1,1,
2026-04-13T10:17:22.604,NC,LTTS,3415.8,3395.0,3428.0,3342.1,3446.5,21888,3383.1,3415.8,13,3418.5,1,
2026-04-13T10:17:28.688,NC,LTTS,3415.8,3395.0,3428.0,3342.1,3446.5,21892,3383.11,3415.8,9,3418.1,1,
2026-04-13T10:17:41.100,NC,LTTS,3415.0,3395.0,3428.0,3342.1,3446.5,21897,3383.11,3415.0,214,3415.9,2,
2026-04-13T10:17:47.320,NC,LTTS,3415.0,3395.0,3428.0,3342.1,3446.5,21901,3383.12,3415.0,10,3415.9,2,
2026-04-13T10:17:53.834,NC,LTTS,3417.1,3395.0,3428.0,3342.1,3446.5,21907,3383.13,3415.0,14,3416.7,3,
2026-04-13T10:18:00.531,NC,LTTS,3415.0,3395.0,3428.0,3342.1,3446.5,21911,3383.13,3415.0,10,3415.9,1,
2026-04-13T10:18:07.237,NC,LTTS,3415.1,3395.0,3428.0,3342.1,3446.5,21931,3383.16,3415.1,2,3417.3,3,
2026-04-13T10:18:14.140,NC,LTTS,3415.1,3395.0,3428.0,3342.1,3446.5,21945,3383.18,3415.0,6,3415.9,1,
2026-04-13T10:18:20.649,NC,LTTS,3415.2,3395.0,3428.0,3342.1,3446.5,21952,3383.19,3415.2,1,3417.6,3,
2026-04-13T10:18:27.278,NC,LTTS,3415.0,3395.0,3428.0,3342.1,3446.5,21956,3383.2,3415.1,3,3415.9,1,
2026-04-13T10:18:40.486,NC,LTTS,3416.6,3395.0,3428.0,3342.1,3446.5,22045,3383.33,3416.6,1,3419.6,1,
2026-04-13T10:18:46.697,NC,LTTS,3415.7,3395.0,3428.0,3342.1,3446.5,22069,3383.37,3415.3,5,3419.1,1,
2026-04-13T10:18:52.905,NC,LTTS,3420.7,3395.0,3428.0,3342.1,3446.5,22096,3383.41,3416.8,1,3420.5,1,
2026-04-13T10:18:58.907,NC,LTTS,3419.5,3395.0,3428.0,3342.1,3446.5,22117,3383.44,3416.3,1,3419.6,1,
2026-04-13T10:19:05.218,NC,LTTS,3419.6,3395.0,3428.0,3342.1,3446.5,22121,3383.45,3419.6,1,3421.1,4,
2026-04-13T10:19:11.924,NC,LTTS,3419.4,3395.0,3428.0,3342.1,3446.5,22125,3383.46,3419.6,1,3421.1,4,
2026-04-13T10:19:18.538,NC,LTTS,3419.6,3395.0,3428.0,3342.1,3446.5,22131,3383.47,3418.1,29,3419.6,3,
2026-04-13T10:19:24.940,NC,LTTS,3419.4,3395.0,3428.0,3342.1,3446.5,22148,3383.49,3416.4,1,3419.4,3,
2026-04-13T10:19:31.037,NC,LTTS,3416.5,3395.0,3428.0,3342.1,3446.5,22162,3383.51,3416.5,1,3419.3,1,
2026-04-13T10:19:37.061,NC,LTTS,3417.8,3395.0,3428.0,3342.1,3446.5,22166,3383.52,3417.1,1,3419.4,1,
2026-04-13T10:19:43.059,NC,LTTS,3416.2,3395.0,3428.0,3342.1,3446.5,22203,3383.58,3416.7,2,3419.4,1,
2026-04-13T10:19:49.381,NC,LTTS,3416.5,3395.0,3428.0,3342.1,3446.5,22207,3383.58,3416.3,21,3419.4,1,
2026-04-13T10:20:01.504,NC,LTTS,3417.0,3395.0,3428.0,3342.1,3446.5,22211,3383.59,3417.1,1,3419.3,3,
2026-04-13T10:20:07.701,NC,LTTS,3418.7,3395.0,3428.0,3342.1,3446.5,22238,3383.63,3418.8,1,3421.0,1,
2026-04-13T10:20:14.030,NC,LTTS,3418.6,3395.0,3428.0,3342.1,3446.5,22242,3383.64,3418.8,1,3421.0,1,
2026-04-13T10:20:20.322,NC,LTTS,3422.0,3395.0,3428.0,3342.1,3446.5,22265,3383.68,3421.8,1,3424.5,1,
2026-04-13T10:20:26.728,NC,LTTS,3422.6,3395.0,3428.0,3342.1,3446.5,22273,3383.69,3422.4,6,3424.4,1,
2026-04-13T10:20:32.946,NC,LTTS,3425.0,3395.0,3428.0,3342.1,3446.5,22359,3383.85,3422.8,1,3424.4,1,
2026-04-13T10:20:39.658,NC,LTTS,3422.7,3395.0,3428.0,3342.1,3446.5,22363,3383.86,3422.9,1,3424.4,1,
2026-04-13T10:20:52.778,NC,LTTS,3422.0,3395.0,3428.0,3342.1,3446.5,22367,3383.86,3421.9,1,3424.4,1,
2026-04-13T10:20:58.786,NC,LTTS,3421.8,3395.0,3428.0,3342.1,3446.5,22372,3383.87,3421.7,31,3424.3,1,
2026-04-13T10:21:04.799,NC,LTTS,3424.9,3395.0,3428.0,3342.1,3446.5,22387,3383.9,3421.8,2,3424.3,1,
2026-04-13T10:21:11.303,NC,LTTS,3421.7,3395.0,3428.0,3342.1,3446.5,22391,3383.91,3421.7,29,3424.2,2,
2026-04-13T10:21:17.505,NC,LTTS,3421.7,3395.0,3428.0,3342.1,3446.5,22395,3383.91,3421.7,25,3424.2,2,
2026-04-13T10:21:23.718,NC,LTTS,3421.7,3395.0,3428.0,3342.1,3446.5,22403,3383.93,3421.8,2,3424.2,2,
2026-04-13T10:21:29.637,NC,LTTS,3421.2,3395.0,3428.0,3342.1,3446.5,22412,3383.94,3421.2,29,3424.2,2,
2026-04-13T10:21:42.630,NC,LTTS,3421.3,3395.0,3428.0,3342.1,3446.5,22416,3383.95,3421.2,29,3424.2,2,
2026-04-13T10:21:48.847,NC,LTTS,3421.2,3395.0,3428.0,3342.1,3446.5,22420,3383.95,3421.2,25,3424.2,2,
2026-04-13T10:21:54.944,NC,LTTS,3424.9,3395.0,3428.0,3342.1,3446.5,22467,3384.04,3422.6,2,3424.9,2,
2026-04-13T10:22:01.058,NC,LTTS,3422.3,3395.0,3428.0,3342.1,3446.5,22471,3384.05,3421.9,3,3424.2,1,
2026-04-13T10:22:07.252,NC,LTTS,3422.1,3395.0,3428.0,3342.1,3446.5,22497,3384.09,3422.1,2,3424.2,1,
2026-04-13T10:22:13.364,NC,LTTS,3424.2,3395.0,3428.0,3342.1,3446.5,22517,3384.13,3423.1,15,3424.5,1,
2026-04-13T10:22:19.664,NC,LTTS,3424.4,3395.0,3428.0,3342.1,3446.5,22524,3384.14,3422.8,5,3424.5,1,
2026-04-13T10:22:31.677,NC,LTTS,3422.2,3395.0,3428.0,3342.1,3446.5,22528,3384.15,3422.8,1,3424.4,5,
2026-04-13T10:22:37.895,NC,LTTS,3422.9,3395.0,3428.0,3342.1,3446.5,22534,3384.16,3422.8,1,3424.4,3,
2026-04-13T10:22:50.423,NC,LTTS,3422.2,3395.0,3428.0,3342.1,3446.5,22563,3384.21,3422.6,2,3424.4,2,
2026-04-13T10:23:02.530,NC,LTTS,3422.6,3395.0,3428.0,3342.1,3446.5,22568,3384.21,3422.8,15,3424.5,4,
2026-04-13T10:23:08.733,NC,LTTS,3422.8,3395.0,3428.0,3342.1,3446.5,22572,3384.22,3422.8,11,3424.4,1,
2026-04-13T10:23:14.940,NC,LTTS,3424.5,3395.0,3428.0,3342.1,3446.5,22618,3384.3,3423.0,25,3424.4,1,
2026-04-13T10:23:21.453,NC,LTTS,3423.0,3395.0,3428.0,3342.1,3446.5,22622,3384.31,3423.0,37,3424.4,1,
2026-04-13T10:23:27.870,NC,LTTS,3423.1,3395.0,3428.0,3342.1,3446.5,22636,3384.33,3423.0,16,3425.0,977,
2026-04-13T10:23:34.069,NC,LTTS,3423.0,3395.0,3428.0,3342.1,3446.5,22646,3384.35,3422.6,1,3424.4,2,
2026-04-13T10:23:40.267,NC,LTTS,3422.4,3395.0,3428.0,3342.1,3446.5,22650,3384.36,3422.6,1,3424.4,2,
2026-04-13T10:23:52.690,NC,LTTS,3423.2,3395.0,3428.0,3342.1,3446.5,22660,3384.38,3422.8,2,3424.4,2,
2026-04-13T10:23:59.009,NC,LTTS,3422.8,3395.0,3428.0,3342.1,3446.5,22664,3384.38,3422.6,1,3424.4,3,
2026-04-13T10:24:11.626,NC,LTTS,3422.4,3395.0,3428.0,3342.1,3446.5,22668,3384.39,3422.4,2,3424.4,3,
2026-04-13T10:24:17.627,NC,LTTS,3422.6,3395.0,3428.0,3342.1,3446.5,22677,3384.41,3422.7,2,3424.4,1,
2026-04-13T10:24:30.233,NC,LTTS,3422.6,3395.0,3428.0,3342.1,3446.5,22681,3384.41,3422.9,1,3424.4,1,
2026-04-13T10:24:42.831,NC,LTTS,3422.7,3395.0,3428.0,3342.1,3446.5,22685,3384.42,3422.6,3,3424.4,1,
2026-04-13T10:24:49.440,NC,LTTS,3422.8,3395.0,3428.0,3342.1,3446.5,22691,3384.43,3422.6,17,3424.4,1,
2026-04-13T10:25:01.847,NC,LTTS,3422.6,3395.0,3428.0,3342.1,3446.5,22704,3384.45,3422.6,13,3424.4,1,
2026-04-13T10:25:08.250,NC,LTTS,3422.6,3395.0,3428.0,3342.1,3446.5,22708,3384.46,3422.4,1,3424.4,1,
2026-04-13T10:25:15.255,NC,LTTS,3427.0,3395.0,3428.0,3342.1,3446.5,23785,3386.3,3427.5,1,3429.0,52,
2026-04-13T10:25:22.169,NC,LTTS,3427.2,3395.0,3429.0,3342.1,3446.5,23933,3386.56,3427.1,1,3428.4,5,
2026-04-13T10:25:29.001,NC,LTTS,3426.1,3395.0,3429.0,3342.1,3446.5,23939,3386.57,3426.2,1,3427.8,5,
2026-04-13T10:25:42.108,NC,LTTS,3426.2,3395.0,3429.0,3342.1,3446.5,23943,3386.57,3426.1,10,3427.6,10,
2026-04-13T10:25:48.420,NC,LTTS,3426.1,3395.0,3429.0,3342.1,3446.5,23947,3386.58,3426.1,6,3427.6,10,
2026-04-13T10:25:54.628,NC,LTTS,3426.2,3395.0,3429.0,3342.1,3446.5,23957,3386.6,3426.1,6,3426.2,4,
2026-04-13T10:26:00.727,NC,LTTS,3426.1,3395.0,3429.0,3342.1,3446.5,23966,3386.61,3426.1,2,3427.6,10,
2026-04-13T10:26:06.847,NC,LTTS,3425.4,3395.0,3429.0,3342.1,3446.5,23970,3386.62,3425.0,2,3427.4,2,
2026-04-13T10:26:13.144,NC,LTTS,3426.2,3395.0,3429.0,3342.1,3446.5,23971,3386.62,3424.5,1,3426.2,52,
2026-04-13T10:26:19.545,NC,LTTS,3427.2,3395.0,3429.0,3342.1,3446.5,24056,3386.76,3427.0,1,3429.0,10,
2026-04-13T10:26:25.864,NC,LTTS,3427.4,3395.0,3429.0,3342.1,3446.5,24057,3386.76,3427.1,1,3429.0,10,
2026-04-13T10:26:32.269,NC,LTTS,3427.0,3395.0,3429.0,3342.1,3446.5,24061,3386.77,3425.7,4,3428.3,4,
2026-04-13T10:26:38.259,NC,LTTS,3425.7,3395.0,3429.0,3342.1,3446.5,24065,3386.77,3425.6,1,3427.7,1,
2026-04-13T10:26:44.363,NC,LTTS,3425.6,3395.0,3429.0,3342.1,3446.5,24070,3386.78,3426.6,1,3428.3,1,
2026-04-13T10:26:50.678,NC,LTTS,3426.1,3395.0,3429.0,3342.1,3446.5,24076,3386.79,3426.8,1,3428.8,1,
2026-04-13T10:26:56.782,NC,LTTS,3426.0,3395.0,3429.0,3342.1,3446.5,24082,3386.8,3426.1,1,3428.9,1,
2026-04-13T10:27:09.594,NC,LTTS,3429.0,3395.0,3429.0,3342.1,3446.5,24090,3386.82,3427.1,1,3428.9,1,
2026-04-13T10:27:16.206,NC,LTTS,3428.9,3395.0,3429.0,3342.1,3446.5,24091,3386.82,3427.2,1,3429.0,9,
2026-04-13T10:27:22.607,NC,LTTS,3426.6,3395.0,3429.0,3342.1,3446.5,24095,3386.82,3427.4,1,3429.0,9,
2026-04-13T10:27:28.817,NC,LTTS,3426.7,3395.0,3429.0,3342.1,3446.5,24120,3386.87,3426.6,8,3428.9,1,
2026-04-13T10:27:35.232,NC,LTTS,3428.9,3395.0,3429.0,3342.1,3446.5,24121,3386.87,3425.7,4,3428.8,3,
2026-04-13T10:27:41.526,NC,LTTS,3425.6,3395.0,3429.0,3342.1,3446.5,24140,3386.9,3425.7,1,3428.7,1,
2026-04-13T10:27:47.832,NC,LTTS,3425.8,3395.0,3429.0,3342.1,3446.5,24196,3387.0,3425.7,8,3428.9,2,
2026-04-13T10:28:00.845,NC,LTTS,3425.9,3395.0,3429.0,3342.1,3446.5,24200,3387.0,3425.8,3,3427.6,5,
2026-04-13T10:28:07.267,NC,LTTS,3424.9,3395.0,3429.0,3342.1,3446.5,24204,3387.01,3424.4,33,3427.2,4,
2026-04-13T10:28:19.667,NC,LTTS,3424.4,3395.0,3429.0,3342.1,3446.5,24208,3387.01,3424.4,30,3426.3,6,
2026-04-13T10:28:25.775,NC,LTTS,3426.3,3395.0,3429.0,3342.1,3446.5,24213,3387.02,3424.4,30,3426.2,1,
2026-04-13T10:28:32.079,NC,LTTS,3426.0,3395.0,3429.0,3342.1,3446.5,24222,3387.04,3424.7,1,3426.2,1,
2026-04-13T10:28:38.392,NC,LTTS,3424.4,3395.0,3429.0,3342.1,3446.5,24226,3387.04,3424.4,23,3426.0,5,
2026-04-13T10:28:51.299,NC,LTTS,3426.0,3395.0,3429.0,3342.1,3446.5,24237,3387.06,3425.7,3,3428.2,4,
2026-04-13T10:28:57.606,NC,LTTS,3424.6,3395.0,3429.0,3342.1,3446.5,24252,3387.09,3424.4,17,3427.3,14,
2026-04-13T10:29:10.434,NC,LTTS,3424.4,3395.0,3429.0,3342.1,3446.5,24256,3387.09,3424.0,1,3426.3,1,
2026-04-13T10:29:16.845,NC,LTTS,3423.9,3395.0,3429.0,3342.1,3446.5,24260,3387.1,3423.2,15,3426.0,12,
2026-04-13T10:29:28.974,NC,LTTS,3425.7,3395.0,3429.0,3342.1,3446.5,24269,3387.11,3425.7,1,3427.9,1,
2026-04-13T10:29:40.589,NC,LTTS,3427.8,3395.0,3429.0,3342.1,3446.5,24274,3387.12,3426.1,1,3427.8,1,
2026-04-13T10:29:46.504,NC,LTTS,3427.8,3395.0,3429.0,3342.1,3446.5,24275,3387.12,3426.1,2,3427.9,1,
2026-04-13T10:29:52.214,NC,LTTS,3428.0,3395.0,3429.0,3342.1,3446.5,24322,3387.2,3426.7,1,3428.9,1,
2026-04-13T10:29:57.827,NC,LTTS,3426.8,3395.0,3429.0,3342.1,3446.5,24327,3387.21,3426.8,1,3428.9,1,
2026-04-13T10:30:03.536,NC,LTTS,3428.9,3395.0,3429.0,3342.1,3446.5,24347,3387.24,3427.0,1,3428.9,1,
2026-04-13T10:30:10.149,NC,LTTS,3429.0,3395.0,3429.0,3342.1,3446.5,24361,3387.27,3426.7,1,3428.9,1,
2026-04-13T10:30:17.064,NC,LTTS,3426.1,3395.0,3429.0,3342.1,3446.5,24365,3387.27,3426.5,1,3428.8,1,
2026-04-13T10:30:29.769,NC,LTTS,3426.3,3395.0,3429.0,3342.1,3446.5,24369,3387.28,3426.2,1,3427.9,1,
2026-04-13T10:30:42.387,NC,LTTS,3425.5,3395.0,3429.0,3342.1,3446.5,24388,3387.31,3425.5,15,3427.8,1,
2026-04-13T10:30:48.295,NC,LTTS,3426.5,3395.0,3429.8,3342.1,3446.5,24479,3387.46,3426.5,1,3429.7,1,
2026-04-13T10:31:00.305,NC,LTTS,3427.9,3395.0,3429.8,3342.1,3446.5,24492,3387.49,3428.2,1,3429.9,1,
2026-04-13T10:31:12.917,NC,LTTS,3427.1,3395.0,3429.8,3342.1,3446.5,24496,3387.49,3427.1,1,3428.8,1,
2026-04-13T10:31:19.247,NC,LTTS,3427.9,3395.0,3429.8,3342.1,3446.5,24501,3387.5,3428.0,1,3429.6,1,
2026-04-13T10:31:31.467,NC,LTTS,3427.9,3395.0,3429.8,3342.1,3446.5,24505,3387.51,3427.9,26,3429.4,3,
2026-04-13T10:31:37.376,NC,LTTS,3427.9,3395.0,3430.0,3342.1,3446.5,24529,3387.55,3427.9,12,3429.1,5,
2026-04-13T10:31:43.146,NC,LTTS,3429.1,3395.0,3430.0,3342.1,3446.5,24530,3387.55,3427.9,12,3429.1,3,
2026-04-13T10:31:48.784,NC,LTTS,3427.9,3395.0,3430.0,3342.1,3446.5,24534,3387.56,3427.9,8,3429.1,3,
2026-04-13T10:32:00.877,NC,LTTS,3427.9,3395.0,3430.0,3342.1,3446.5,24538,3387.56,3427.9,5,3429.1,3,
2026-04-13T10:32:07.093,NC,LTTS,3429.1,3395.0,3430.0,3342.1,3446.5,24557,3387.59,3429.1,1,3430.0,53,
2026-04-13T10:32:13.298,NC,LTTS,3429.3,3395.0,3430.0,3342.1,3446.5,24605,3387.67,3427.7,1,3429.5,1,
2026-04-13T10:32:19.203,NC,LTTS,3427.9,3395.0,3430.0,3342.1,3446.5,24609,3387.68,3427.4,1,3429.5,1,
2026-04-13T10:32:30.518,NC,LTTS,3427.4,3395.0,3430.0,3342.1,3446.5,24613,3387.69,3427.3,1,3429.4,1,
2026-04-13T10:32:36.425,NC,LTTS,3429.4,3395.0,3430.0,3342.1,3446.5,24614,3387.69,3428.1,2,3429.6,1,
2026-04-13T10:32:42.334,NC,LTTS,3429.5,3395.0,3430.0,3342.1,3446.5,24619,3387.7,3428.1,1,3429.6,1,
2026-04-13T10:32:48.105,NC,LTTS,3428.5,3395.0,3430.0,3342.1,3446.5,24634,3387.72,3428.1,2,3429.6,1,
2026-04-13T10:32:59.958,NC,LTTS,3427.7,3395.0,3430.0,3342.1,3446.5,24639,3387.73,3427.3,1,3429.5,1,
2026-04-13T10:33:11.365,NC,LTTS,3427.3,3395.0,3430.0,3342.1,3446.5,24643,3387.74,3428.1,1,3429.6,1,
2026-04-13T10:33:16.967,NC,LTTS,3427.4,3395.0,3430.0,3342.1,3446.5,24647,3387.74,3427.6,4,3429.6,1,
2026-04-13T10:33:22.914,NC,LTTS,3427.6,3395.0,3430.0,3342.1,3446.5,24650,3387.75,3427.6,2,3429.5,1,
2026-04-13T10:33:28.784,NC,LTTS,3427.6,3395.0,3430.0,3342.1,3446.5,24654,3387.75,3428.1,1,3429.5,1,
2026-04-13T10:33:40.609,NC,LTTS,3426.6,3395.0,3430.0,3342.1,3446.5,24696,3387.82,3426.2,1,3427.0,4,
2026-04-13T10:33:46.814,NC,LTTS,3425.0,3395.0,3430.0,3342.1,3446.5,24700,3387.83,3425.0,2,3426.9,1,
2026-04-13T10:33:59.335,NC,LTTS,3424.6,3395.0,3430.0,3342.1,3446.5,24706,3387.84,3424.0,4,3425.7,4,
2026-04-13T10:34:11.445,NC,LTTS,3424.0,3395.0,3430.0,3342.1,3446.5,24710,3387.84,3424.0,1,3425.6,5,
2026-04-13T10:34:17.764,NC,LTTS,3423.4,3395.0,3430.0,3342.1,3446.5,24714,3387.85,3422.4,16,3425.3,4,
2026-04-13T10:34:24.382,NC,LTTS,3422.4,3395.0,3430.0,3342.1,3446.5,24722,3387.86,3422.5,1,3424.8,6,
2026-04-13T10:34:30.734,NC,LTTS,3421.3,3395.0,3430.0,3342.1,3446.5,24746,3387.89,3422.5,1,3424.2,1,
2026-04-13T10:34:42.509,NC,LTTS,3421.6,3395.0,3430.0,3342.1,3446.5,24750,3387.9,3421.7,5,3424.8,4,
2026-04-13T10:34:48.362,NC,LTTS,3423.1,3395.0,3430.0,3342.1,3446.5,24754,3387.9,3422.2,2,3425.0,1,
2026-04-13T10:34:54.224,NC,LTTS,3424.0,3395.0,3430.0,3342.1,3446.5,24767,3387.92,3422.2,1,3424.0,91,
2026-04-13T10:35:00.049,NC,LTTS,3421.6,3395.0,3430.0,3342.1,3446.5,24772,3387.93,3421.7,1,3423.8,1,
2026-04-13T10:35:12.048,NC,LTTS,3421.8,3395.0,3430.0,3342.1,3446.5,24776,3387.93,3422.5,4,3424.0,190,
2026-04-13T10:35:18.049,NC,LTTS,3425.5,3395.0,3430.0,3342.1,3446.5,25077,3388.37,3425.5,6,3426.8,3,
2026-04-13T10:35:29.292,NC,LTTS,3425.5,3395.0,3430.0,3342.1,3446.5,25083,3388.38,3425.2,1,3426.8,2,
2026-04-13T10:35:40.681,NC,LTTS,3425.3,3395.0,3430.0,3342.1,3446.5,25087,3388.39,3425.2,2,3426.7,1,
2026-04-13T10:35:51.799,NC,LTTS,3425.0,3395.0,3430.0,3342.1,3446.5,25091,3388.39,3425.2,1,3426.5,2,
2026-04-13T10:35:57.400,NC,LTTS,3424.4,3395.0,3430.0,3342.1,3446.5,25095,3388.4,3424.2,1,3426.3,1,
2026-04-13T10:36:03.107,NC,LTTS,3426.5,3395.0,3430.0,3342.1,3446.5,25105,3388.41,3425.2,2,3426.5,1,
2026-04-13T10:36:08.907,NC,LTTS,3423.9,3395.0,3430.0,3342.1,3446.5,25109,3388.42,3425.2,1,3426.5,1,
2026-04-13T10:36:20.730,NC,LTTS,3427.3,3395.0,3430.0,3342.1,3446.5,25120,3388.44,3425.9,1,3427.9,1,
2026-04-13T10:36:27.035,NC,LTTS,3425.7,3395.0,3430.0,3342.1,3446.5,25124,3388.44,3425.4,4,3427.8,1,
2026-04-13T10:36:38.456,NC,LTTS,3425.8,3395.0,3430.0,3342.1,3446.5,25128,3388.45,3425.4,1,3427.6,1,
2026-04-13T10:36:44.156,NC,LTTS,3427.6,3395.0,3430.0,3342.1,3446.5,25159,3388.49,3426.2,1,3428.8,4,
2026-04-13T10:36:49.868,NC,LTTS,3426.4,3395.0,3430.0,3342.1,3446.5,25163,3388.5,3426.3,1,3428.6,3,
2026-04-13T10:37:02.306,NC,LTTS,3425.4,3395.0,3430.0,3342.1,3446.5,25170,3388.51,3425.4,1,3427.1,1,
2026-04-13T10:37:08.313,NC,LTTS,3425.4,3395.0,3430.0,3342.1,3446.5,25174,3388.52,3425.6,1,3427.1,1,
2026-04-13T10:37:20.335,NC,LTTS,3425.4,3395.0,3430.0,3342.1,3446.5,25178,3388.52,3425.5,1,3427.1,1,
2026-04-13T10:37:31.616,NC,LTTS,3425.2,3395.0,3430.0,3342.1,3446.5,25182,3388.53,3425.5,2,3427.1,1,
2026-04-13T10:37:37.158,NC,LTTS,3425.6,3395.0,3430.0,3342.1,3446.5,25186,3388.53,3425.5,3,3427.1,1,
2026-04-13T10:37:48.603,NC,LTTS,3425.5,3395.0,3430.0,3342.1,3446.5,25190,3388.54,3425.4,1,3427.1,1,
2026-04-13T10:38:00.496,NC,LTTS,3427.1,3395.0,3430.0,3342.1,3446.5,25196,3388.55,3425.4,1,3427.9,1,
2026-04-13T10:38:12.013,NC,LTTS,3425.2,3395.0,3430.0,3342.1,3446.5,25200,3388.56,3425.4,3,3427.1,1,
2026-04-13T10:38:17.918,NC,LTTS,3425.1,3395.0,3430.0,3342.1,3446.5,25214,3388.58,3424.6,4,3427.1,1,
2026-04-13T10:38:30.035,NC,LTTS,3427.7,3395.0,3430.0,3342.1,3446.5,25229,3388.6,3426.0,1,3428.8,1,
2026-04-13T10:38:35.642,NC,LTTS,3427.6,3395.0,3430.0,3342.1,3446.5,25279,3388.68,3426.9,3,3429.3,1,
2026-04-13T10:38:41.449,NC,LTTS,3426.8,3395.0,3430.0,3342.1,3446.5,25283,3388.68,3426.9,1,3429.5,1,
2026-04-13T10:38:46.966,NC,LTTS,3426.9,3395.0,3430.0,3342.1,3446.5,25287,3388.69,3426.2,3,3429.2,1,
2026-04-13T10:38:52.378,NC,LTTS,3432.0,3395.0,3432.0,3342.1,3446.5,25483,3389.01,3431.3,1,3433.0,2,
2026-04-13T10:38:57.698,NC,LTTS,3431.1,3395.0,3432.0,3342.1,3446.5,25488,3389.01,3431.3,1,3433.0,2,
2026-04-13T10:39:09.535,NC,LTTS,3431.2,3395.0,3432.0,3342.1,3446.5,25492,3389.02,3430.9,1,3432.9,1,
2026-04-13T10:39:15.416,NC,LTTS,3431.0,3395.0,3434.6,3342.1,3446.5,25617,3389.23,3430.9,1,3433.9,1,
2026-04-13T10:39:21.227,NC,LTTS,3430.7,3395.0,3434.6,3342.1,3446.5,25621,3389.24,3430.1,1,3431.0,7,
2026-04-13T10:39:27.131,NC,LTTS,3429.8,3395.0,3434.6,3342.1,3446.5,25632,3389.25,3429.4,1,3432.5,1,
2026-04-13T10:39:39.155,NC,LTTS,3430.4,3395.0,3434.6,3342.1,3446.5,25638,3389.26,3429.7,1,3432.7,1,
2026-04-13T10:39:45.060,NC,LTTS,3432.7,3395.0,3434.6,3342.1,3446.5,25639,3389.26,3430.9,1,3432.8,1,
2026-04-13T10:39:50.876,NC,LTTS,3430.4,3395.0,3434.6,3342.1,3446.5,25643,3389.27,3430.9,1,3432.2,1,
2026-04-13T10:39:56.167,NC,LTTS,3430.1,3395.0,3434.6,3342.1,3446.5,25649,3389.28,3430.9,1,3432.2,1,
2026-04-13T10:40:01.574,NC,LTTS,3429.7,3395.0,3434.6,3342.1,3446.5,25653,3389.29,3430.9,1,3432.2,2,
2026-04-13T10:40:07.482,NC,LTTS,3430.4,3395.0,3434.6,3342.1,3446.5,25657,3389.29,3430.4,7,3432.0,2,
2026-04-13T10:40:19.714,NC,LTTS,3430.4,3395.0,3434.6,3342.1,3446.5,25661,3389.3,3430.4,3,3432.0,4,
2026-04-13T10:40:31.636,NC,LTTS,3430.4,3395.0,3434.6,3342.1,3446.5,25665,3389.31,3430.9,1,3431.0,10,
2026-04-13T10:40:37.244,NC,LTTS,3429.4,3395.0,3434.6,3342.1,3446.5,25670,3389.31,3429.4,30,3431.0,10,
2026-04-13T10:40:42.864,NC,LTTS,3431.0,3395.0,3434.6,3342.1,3446.5,25674,3389.32,3429.4,30,3431.0,6,
2026-04-13T10:40:48.271,NC,LTTS,3429.4,3395.0,3434.6,3342.1,3446.5,25678,3389.33,3429.4,27,3431.0,7,
2026-04-13T10:40:53.873,NC,LTTS,3429.4,3395.0,3434.6,3342.1,3446.5,25689,3389.34,3429.4,16,3431.0,7,
2026-04-13T10:40:59.671,NC,LTTS,3429.4,3395.0,3434.6,3342.1,3446.5,25694,3389.35,3429.4,11,3431.0,9,
2026-04-13T10:41:11.205,NC,LTTS,3429.4,3395.0,3434.6,3342.1,3446.5,25698,3389.36,3429.4,17,3430.0,20,
2026-04-13T10:41:16.908,NC,LTTS,3428.0,3395.0,3434.6,3342.1,3446.5,25720,3389.39,3428.1,4,3430.0,21,
2026-04-13T10:41:28.526,NC,LTTS,3428.1,3395.0,3434.6,3342.1,3446.5,25744,3389.43,3427.6,2,3430.0,1,
2026-04-13T10:41:40.333,NC,LTTS,3427.9,3395.0,3434.6,3342.1,3446.5,25753,3389.44,3427.9,17,3429.3,3,
2026-04-13T10:41:47.562,NC,LTTS,3423.7,3395.0,3434.6,3342.1,3446.5,25858,3389.59,3422.0,196,3423.7,3,
2026-04-13T10:41:54.543,NC,LTTS,3424.3,3395.0,3434.6,3342.1,3446.5,25868,3389.6,3422.0,198,3424.0,1,
2026-04-13T10:42:01.482,NC,LTTS,3423.7,3395.0,3434.6,3342.1,3446.5,26287,3390.13,3422.3,1,3425.3,2,
2026-04-13T10:42:07.984,NC,LTTS,3419.8,3395.0,3434.6,3342.1,3446.5,26498,3390.36,3420.0,1,3422.9,1,
2026-04-13T10:42:21.088,NC,LTTS,3420.5,3395.0,3434.6,3342.1,3446.5,26522,3390.39,3420.1,9,3423.1,1,
2026-04-13T10:42:27.292,NC,LTTS,3420.1,3395.0,3434.6,3342.1,3446.5,26526,3390.4,3420.0,7,3423.1,1,
2026-04-13T10:42:39.054,NC,LTTS,3420.0,3395.0,3434.6,3342.1,3446.5,26530,3390.4,3420.0,2,3422.4,1,
2026-04-13T10:42:50.679,NC,LTTS,3420.0,3395.0,3434.6,3342.1,3446.5,26534,3390.41,3419.2,1,3421.2,1,
2026-04-13T10:43:01.992,NC,LTTS,3417.0,3395.0,3434.6,3342.1,3446.5,26559,3390.43,3416.7,1,3420.2,1,
2026-04-13T10:43:08.008,NC,LTTS,3416.8,3395.0,3434.6,3342.1,3446.5,26563,3390.43,3416.8,13,3420.4,1,
2026-04-13T10:43:14.218,NC,LTTS,3418.7,3395.0,3434.6,3342.1,3446.5,26668,3390.55,3418.7,11,3422.2,1,
2026-04-13T10:43:20.334,NC,LTTS,3418.7,3395.0,3434.6,3342.1,3446.5,26673,3390.56,3418.0,13,3421.6,1,
2026-04-13T10:43:32.025,NC,LTTS,3417.4,3395.0,3434.6,3342.1,3446.5,26697,3390.58,3418.8,5,3421.6,2,
2026-04-13T10:43:37.878,NC,LTTS,3418.8,3395.0,3434.6,3342.1,3446.5,26703,3390.59,3418.8,7,3421.6,1,
2026-04-13T10:43:43.948,NC,LTTS,3421.0,3395.0,3434.6,3342.1,3446.5,26713,3390.6,3418.9,1,3421.0,1,
2026-04-13T10:43:49.557,NC,LTTS,3418.7,3395.0,3434.6,3342.1,3446.5,26765,3390.65,3417.9,1,3419.9,1,
2026-04-13T10:44:00.371,NC,LTTS,3417.4,3395.0,3434.6,3342.1,3446.5,26785,3390.67,3417.7,1,3420.0,2,
2026-04-13T10:44:06.080,NC,LTTS,3416.7,3395.0,3434.6,3342.1,3446.5,26789,3390.68,3417.8,1,3419.6,1,
2026-04-13T10:44:12.191,NC,LTTS,3416.7,3395.0,3434.6,3342.1,3446.5,26793,3390.68,3417.8,1,3418.9,1,
2026-04-13T10:44:18.196,NC,LTTS,3416.1,3395.0,3434.6,3342.1,3446.5,26804,3390.69,3416.0,16,3418.4,2,
2026-04-13T10:44:29.711,NC,LTTS,3416.0,3395.0,3434.6,3342.1,3446.5,26808,3390.69,3416.0,13,3418.3,3,
2026-04-13T10:44:35.120,NC,LTTS,3418.3,3395.0,3434.6,3342.1,3446.5,26811,3390.7,3416.1,15,3418.3,1,
2026-04-13T10:44:41.129,NC,LTTS,3416.1,3395.0,3434.6,3342.1,3446.5,26823,3390.71,3416.1,13,3418.3,2,
2026-04-13T10:44:46.945,NC,LTTS,3416.1,3395.0,3434.6,3342.1,3446.5,26827,3390.71,3416.1,4,3418.2,2,
2026-04-13T10:44:58.372,NC,LTTS,3418.3,3395.0,3434.6,3342.1,3446.5,26840,3390.73,3416.0,101,3418.7,5,
2026-04-13T10:45:10.596,NC,LTTS,3416.0,3395.0,3434.6,3342.1,3446.5,26844,3390.73,3416.0,100,3419.5,1,
2026-04-13T10:45:16.811,NC,LTTS,3416.4,3395.0,3434.6,3342.1,3446.5,26848,3390.73,3416.4,6,3419.7,2,
2026-04-13T10:45:22.835,NC,LTTS,3418.7,3395.0,3434.6,3342.1,3446.5,26849,3390.73,3418.1,3,3420.0,2,
2026-04-13T10:45:29.020,NC,LTTS,3417.6,3395.0,3434.6,3342.1,3446.5,26853,3390.74,3416.9,4,3419.5,1,
2026-04-13T10:45:35.339,NC,LTTS,3418.7,3395.0,3434.6,3342.1,3446.5,26866,3390.75,3418.7,2,3419.8,1,
2026-04-13T10:45:41.440,NC,LTTS,3416.3,3395.0,3434.6,3342.1,3446.5,26890,3390.77,3416.1,1,3417.8,7,
2026-04-13T10:45:46.949,NC,LTTS,3416.1,3395.0,3434.6,3342.1,3446.5,26894,3390.78,3416.1,4,3417.7,6,
2026-04-13T10:45:52.651,NC,LTTS,3419.0,3395.0,3434.6,3342.1,3446.5,26919,3390.8,3416.1,4,3418.1,1,
2026-04-13T10:45:58.152,NC,LTTS,3416.1,3395.0,3434.6,3342.1,3446.5,26923,3390.81,3416.1,4,3418.0,9,
2026-04-13T10:46:10.267,NC,LTTS,3416.1,3395.0,3434.6,3342.1,3446.5,26927,3390.81,3416.1,22,3419.0,3,
2026-04-13T10:46:22.377,NC,LTTS,3416.1,3395.0,3434.6,3342.1,3446.5,26931,3390.82,3416.1,20,3419.0,3,
2026-04-13T10:46:28.386,NC,LTTS,3416.1,3395.0,3434.6,3342.1,3446.5,26935,3390.82,3416.1,16,3419.0,3,
2026-04-13T10:46:40.100,NC,LTTS,3416.1,3395.0,3434.6,3342.1,3446.5,26939,3390.82,3416.1,26,3419.0,5,
2026-04-13T10:46:51.528,NC,LTTS,3416.1,3395.0,3434.6,3342.1,3446.5,26953,3390.84,3416.5,5,3419.9,3,
2026-04-13T10:46:57.730,NC,LTTS,3416.5,3395.0,3434.6,3342.1,3446.5,26958,3390.84,3416.5,11,3419.8,3,
2026-04-13T10:47:10.451,NC,LTTS,3419.6,3395.0,3434.6,3342.1,3446.5,26986,3390.87,3416.9,8,3420.5,7,
2026-04-13T10:47:16.955,NC,LTTS,3421.3,3395.0,3434.6,3342.1,3446.5,27058,3390.95,3420.5,3,3425.0,102,
2026-04-13T10:47:23.061,NC,LTTS,3421.8,3395.0,3434.6,3342.1,3446.5,27059,3390.95,3422.9,1,3424.8,1,
2026-04-13T10:47:29.274,NC,LTTS,3424.2,3395.0,3434.6,3342.1,3446.5,27066,3390.96,3420.3,2,3423.2,2,
2026-04-13T10:47:35.478,NC,LTTS,3422.9,3395.0,3434.6,3342.1,3446.5,27067,3390.96,3420.6,1,3422.9,9,
2026-04-13T10:47:41.783,NC,LTTS,3422.9,3395.0,3434.6,3342.1,3446.5,27080,3390.98,3422.8,1,3424.2,5,
2026-04-13T10:47:47.592,NC,LTTS,3421.5,3395.0,3434.6,3342.1,3446.5,27084,3390.98,3421.5,2,3424.0,2,
2026-04-13T10:47:59.510,NC,LTTS,3421.2,3395.0,3434.6,3342.1,3446.5,27119,3391.02,3422.8,1,3424.1,1,
2026-04-13T10:48:11.633,NC,LTTS,3421.2,3395.0,3434.6,3342.1,3446.5,27151,3391.06,3421.4,1,3424.5,1,
2026-04-13T10:48:18.038,NC,LTTS,3420.3,3395.0,3434.6,3342.1,3446.5,27155,3391.06,3420.5,1,3423.6,1,
2026-04-13T10:48:23.945,NC,LTTS,3419.0,3395.0,3434.6,3342.1,3446.5,27165,3391.07,3417.0,3,3419.5,1,
2026-04-13T10:48:29.854,NC,LTTS,3417.2,3395.0,3434.6,3342.1,3446.5,27176,3391.08,3416.1,1,3417.2,1,
2026-04-13T10:48:41.767,NC,LTTS,3416.0,3395.0,3434.6,3342.1,3446.5,27277,3391.17,3415.1,5,3416.7,5,
2026-04-13T10:48:47.868,NC,LTTS,3412.4,3395.0,3434.6,3342.1,3446.5,27371,3391.25,3412.9,7,3416.2,2,
2026-04-13T10:48:53.772,NC,LTTS,3416.4,3395.0,3434.6,3342.1,3446.5,27381,3391.26,3413.0,2,3416.1,2,
2026-04-13T10:48:59.490,NC,LTTS,3412.8,3395.0,3434.6,3342.1,3446.5,27386,3391.26,3412.1,1,3415.4,1,
2026-04-13T10:49:05.414,NC,LTTS,3415.4,3395.0,3434.6,3342.1,3446.5,27451,3391.32,3414.5,1,3417.6,1,
2026-04-13T10:49:12.020,NC,LTTS,3413.0,3395.0,3434.6,3342.1,3446.5,27465,3391.33,3413.7,1,3417.2,1,
2026-04-13T10:49:18.813,NC,LTTS,3413.6,3395.0,3434.6,3342.1,3446.5,27469,3391.34,3413.7,1,3416.6,1,
2026-04-13T10:49:31.237,NC,LTTS,3416.6,3395.0,3434.6,3342.1,3446.5,27474,3391.34,3414.3,1,3416.9,1,
2026-04-13T10:49:37.541,NC,LTTS,3414.2,3395.0,3434.6,3342.1,3446.5,27479,3391.35,3414.2,3,3417.0,1,
2026-04-13T10:49:43.552,NC,LTTS,3414.3,3395.0,3434.6,3342.1,3446.5,27481,3391.35,3414.3,1,3417.1,1,
2026-04-13T10:49:49.654,NC,LTTS,3414.2,3395.0,3434.6,3342.1,3446.5,27485,3391.35,3414.2,7,3417.1,1,
2026-04-13T10:50:01.375,NC,LTTS,3415.4,3395.0,3434.6,3342.1,3446.5,27498,3391.36,3414.3,8,3417.1,1,
2026-04-13T10:50:07.478,NC,LTTS,3414.6,3395.0,3434.6,3342.1,3446.5,27502,3391.37,3414.6,3,3417.0,1,
2026-04-13T10:50:13.124,NC,LTTS,3414.9,3395.0,3434.6,3342.1,3446.5,27521,3391.38,3414.6,3,3417.3,3,
2026-04-13T10:50:19.431,NC,LTTS,3414.3,3395.0,3434.6,3342.1,3446.5,27525,3391.39,3414.2,25,3417.2,5,
2026-04-13T10:50:31.882,NC,LTTS,3414.2,3395.0,3434.6,3342.1,3446.5,27529,3391.39,3414.3,1,3416.7,4,
2026-04-13T10:50:38.145,NC,LTTS,3416.7,3395.0,3434.6,3342.1,3446.5,27539,3391.4,3416.7,4,3418.4,2,
2026-04-13T10:50:50.069,NC,LTTS,3416.5,3395.0,3434.6,3342.1,3446.5,27564,3391.42,3415.7,1,3416.5,4,
2026-04-13T10:51:01.982,NC,LTTS,3414.2,3395.0,3434.6,3342.1,3446.5,27590,3391.44,3414.2,2,3415.4,2,
2026-04-13T10:51:07.987,NC,LTTS,3413.0,3395.0,3434.6,3342.1,3446.5,27594,3391.44,3413.1,3,3415.0,3,
2026-04-13T10:51:19.796,NC,LTTS,3414.7,3395.0,3434.6,3342.1,3446.5,27599,3391.45,3412.0,5,3414.7,1,
2026-04-13T10:51:31.607,NC,LTTS,3413.8,3395.0,3434.6,3342.1,3446.5,27611,3391.46,3414.2,1,3416.7,1,
2026-04-13T10:51:37.414,NC,LTTS,3413.8,3395.0,3434.6,3342.1,3446.5,27615,3391.46,3413.1,4,3415.6,5,
2026-04-13T10:51:49.023,NC,LTTS,3414.0,3395.0,3434.6,3342.1,3446.5,27632,3391.48,3413.4,1,3415.7,2,
2026-04-13T10:51:54.838,NC,LTTS,3413.1,3395.0,3434.6,3342.1,3446.5,27635,3391.48,3413.1,1,3415.7,2,
2026-04-13T10:52:00.554,NC,LTTS,3413.4,3395.0,3434.6,3342.1,3446.5,27651,3391.49,3413.1,2,3415.9,2,
2026-04-13T10:52:06.363,NC,LTTS,3413.4,3395.0,3434.6,3342.1,3446.5,27677,3391.51,3413.1,1,3416.1,6,
2026-04-13T10:52:12.358,NC,LTTS,3413.0,3395.0,3434.6,3342.1,3446.5,27681,3391.52,3413.1,1,3414.6,2,
2026-04-13T10:52:18.378,NC,LTTS,3413.1,3395.0,3434.6,3342.1,3446.5,27695,3391.53,3413.0,2,3414.0,2,
2026-04-13T10:52:24.766,NC,LTTS,3413.0,3395.0,3434.6,3342.1,3446.5,27697,3391.53,3412.4,2,3413.0,2,
2026-04-13T10:52:31.012,NC,LTTS,3411.0,3395.0,3434.6,3342.1,3446.5,27726,3391.55,3412.4,1,3413.7,3,
2026-04-13T10:52:36.702,NC,LTTS,3411.1,3395.0,3434.6,3342.1,3446.5,27733,3391.55,3411.1,3,3414.0,4,
2026-04-13T10:52:42.702,NC,LTTS,3414.0,3395.0,3434.6,3342.1,3446.5,27747,3391.57,3412.0,2,3413.9,1,
2026-04-13T10:52:48.639,NC,LTTS,3411.4,3395.0,3434.6,3342.1,3446.5,27751,3391.57,3411.4,2,3413.9,1,
2026-04-13T10:52:54.227,NC,LTTS,3411.0,3395.0,3434.6,3342.1,3446.5,27821,3391.62,3410.0,115,3411.3,90,
2026-04-13T10:52:59.826,NC,LTTS,3411.0,3395.0,3434.6,3342.1,3446.5,28016,3391.75,3410.1,8,3413.3,2,
2026-04-13T10:53:11.434,NC,LTTS,3410.0,3395.0,3434.6,3342.1,3446.5,28020,3391.76,3410.0,107,3412.0,1,
2026-04-13T10:53:17.047,NC,LTTS,3410.0,3395.0,3434.6,3342.1,3446.5,28024,3391.76,3410.0,127,3411.9,1,
2026-04-13T10:53:28.344,NC,LTTS,3410.0,3395.0,3434.6,3342.1,3446.5,28028,3391.76,3410.0,120,3411.8,1,
2026-04-13T10:53:34.259,NC,LTTS,3410.0,3395.0,3434.6,3342.1,3446.5,28048,3391.77,3410.0,100,3411.9,7,
2026-04-13T10:53:40.391,NC,LTTS,3410.0,3395.0,3434.6,3342.1,3446.5,28062,3391.78,3410.0,96,3411.9,1,
2026-04-13T10:53:52.380,NC,LTTS,3410.0,3395.0,3434.6,3342.1,3446.5,28066,3391.79,3410.0,92,3411.8,5,
2026-04-13T10:53:58.486,NC,LTTS,3410.0,3395.0,3434.6,3342.1,3446.5,28070,3391.79,3410.0,93,3411.8,5,
2026-04-13T10:54:10.622,NC,LTTS,3410.0,3395.0,3434.6,3342.1,3446.5,28074,3391.79,3410.0,89,3411.8,5,
2026-04-13T10:54:22.534,NC,LTTS,3410.0,3395.0,3434.6,3342.1,3446.5,28078,3391.79,3410.0,85,3411.8,5,
2026-04-13T10:54:28.528,NC,LTTS,3410.0,3395.0,3434.6,3342.1,3446.5,28082,3391.8,3410.0,81,3411.8,5,
2026-04-13T10:54:41.257,NC,LTTS,3410.0,3395.0,3434.6,3342.1,3446.5,28086,3391.8,3410.0,77,3411.8,5,
2026-04-13T10:54:47.354,NC,LTTS,3410.2,3395.0,3434.6,3342.1,3446.5,28090,3391.8,3410.2,3,3411.8,5,
2026-04-13T10:54:59.169,NC,LTTS,3413.3,3395.0,3434.6,3342.1,3446.5,28157,3391.85,3411.1,2,3414.0,4,
2026-04-13T10:55:05.195,NC,LTTS,3414.0,3395.0,3434.6,3342.1,3446.5,28168,3391.86,3412.2,1,3414.0,4,
2026-04-13T10:55:11.399,NC,LTTS,3413.1,3395.0,3434.6,3342.1,3446.5,28173,3391.86,3411.2,2,3413.1,1,
2026-04-13T10:55:17.501,NC,LTTS,3410.8,3395.0,3434.6,3342.1,3446.5,28177,3391.87,3410.8,1,3413.0,1,
2026-04-13T10:55:29.813,NC,LTTS,3410.8,3395.0,3434.6,3342.1,3446.5,28198,3391.88,3410.7,1,3412.8,1,
2026-04-13T10:55:42.045,NC,LTTS,3410.4,3395.0,3434.6,3342.1,3446.5,28202,3391.88,3410.8,3,3412.7,1,
2026-04-13T10:55:48.346,NC,LTTS,3410.0,3395.0,3434.6,3342.1,3446.5,28320,3391.96,3409.4,17,3411.9,4,
2026-04-13T10:56:01.160,NC,LTTS,3409.4,3395.0,3434.6,3342.1,3446.5,28324,3391.96,3409.4,13,3410.3,120,
2026-04-13T10:56:07.368,NC,LTTS,3409.4,3395.0,3434.6,3342.1,3446.5,28328,3391.96,3409.4,110,3410.3,125,
2026-04-13T10:56:19.483,NC,LTTS,3409.4,3395.0,3434.6,3342.1,3446.5,28332,3391.97,3409.4,106,3410.3,126,
2026-04-13T10:56:31.391,NC,LTTS,3409.4,3395.0,3434.6,3342.1,3446.5,28336,3391.97,3409.4,262,3410.3,126,
2026-04-13T10:56:37.599,NC,LTTS,3409.4,3395.0,3434.6,3342.1,3446.5,28340,3391.97,3409.4,258,3410.3,126,
2026-04-13T10:56:43.842,NC,LTTS,3409.4,3395.0,3434.6,3342.1,3446.5,28766,3392.22,3409.4,1,3410.0,11,
2026-04-13T10:56:49.620,NC,LTTS,3407.6,3395.0,3434.6,3342.1,3446.5,28791,3392.23,3408.0,2,3410.3,125,
2026-04-13T10:57:01.659,NC,LTTS,3410.3,3395.0,3434.6,3342.1,3446.5,28921,3392.31,3410.4,13,3413.7,3,
2026-04-13T10:57:08.074,NC,LTTS,3410.4,3395.0,3434.6,3342.1,3446.5,28925,3392.31,3410.1,1,3412.5,1,
2026-04-13T10:57:20.127,NC,LTTS,3411.3,3395.0,3434.6,3342.1,3446.5,28930,3392.32,3408.6,1,3411.4,1,
2026-04-13T10:57:32.123,NC,LTTS,3408.6,3395.0,3434.6,3342.1,3446.5,28936,3392.32,3409.4,1,3411.0,1,
2026-04-13T10:57:37.932,NC,LTTS,3409.5,3395.0,3434.6,3342.1,3446.5,28942,3392.32,3409.4,1,3411.6,6,
2026-04-13T10:57:49.447,NC,LTTS,3409.5,3395.0,3434.6,3342.1,3446.5,28946,3392.33,3409.5,16,3411.1,5,
2026-04-13T10:58:00.970,NC,LTTS,3410.3,3395.0,3434.6,3342.1,3446.5,29008,3392.36,3408.6,1,3411.9,1,
2026-04-13T10:58:06.774,NC,LTTS,3408.7,3395.0,3434.6,3342.1,3446.5,29012,3392.37,3408.7,6,3411.8,1,
2026-04-13T10:58:18.874,NC,LTTS,3410.0,3395.0,3434.6,3342.1,3446.5,29019,3392.37,3408.8,1,3411.4,1,
2026-04-13T10:58:31.510,NC,LTTS,3408.7,3395.0,3434.6,3342.1,3446.5,29023,3392.37,3408.9,1,3410.2,1,
2026-04-13T10:58:37.628,NC,LTTS,3407.9,3395.0,3434.6,3342.1,3446.5,29027,3392.37,3407.9,13,3410.1,1,
2026-04-13T10:58:43.470,NC,LTTS,3411.5,3395.0,3434.6,3342.1,3446.5,29057,3392.39,3410.1,5,3411.9,3,
2026-04-13T10:58:49.019,NC,LTTS,3410.1,3395.0,3434.6,3342.1,3446.5,29062,3392.4,3408.8,1,3411.7,1,
2026-04-13T10:58:54.438,NC,LTTS,3411.5,3395.0,3434.6,3342.1,3446.5,29064,3392.4,3410.1,1,3411.5,6,
2026-04-13T10:59:00.154,NC,LTTS,3408.8,3395.0,3434.6,3342.1,3446.5,29069,3392.4,3408.8,1,3411.4,4,
2026-04-13T10:59:05.914,NC,LTTS,3411.4,3395.0,3434.6,3342.1,3446.5,29073,3392.4,3409.7,1,3411.9,1,
2026-04-13T10:59:11.816,NC,LTTS,3411.9,3395.0,3434.6,3342.1,3446.5,29080,3392.41,3411.9,2,3412.3,2,
2026-04-13T10:59:18.045,NC,LTTS,3408.9,3395.0,3434.6,3342.1,3446.5,29086,3392.41,3408.9,1,3411.3,1,
2026-04-13T10:59:24.133,NC,LTTS,3411.0,3395.0,3434.6,3342.1,3446.5,29089,3392.41,3408.7,1,3410.7,1,
2026-04-13T10:59:30.543,NC,LTTS,3413.8,3395.0,3434.6,3342.1,3446.5,29195,3392.49,3410.2,1,3413.4,1,
2026-04-13T10:59:42.564,NC,LTTS,3410.1,3395.0,3434.6,3342.1,3446.5,29199,3392.49,3409.5,1,3411.5,1,
2026-04-13T10:59:48.459,NC,LTTS,3408.3,3395.0,3434.6,3342.1,3446.5,29203,3392.49,3408.2,1,3411.1,1,
2026-04-13T10:59:59.978,NC,LTTS,3409.6,3395.0,3434.6,3342.1,3446.5,29207,3392.5,3409.6,2,3411.2,1,
2026-04-13T11:00:11.795,NC,LTTS,3408.2,3395.0,3434.6,3342.1,3446.5,29249,3392.52,3408.1,8,3411.1,1,
2026-04-13T11:00:17.919,NC,LTTS,3408.4,3395.0,3434.6,3342.1,3446.5,29254,3392.52,3408.4,4,3411.1,1,
2026-04-13T11:00:29.433,NC,LTTS,3408.4,3395.0,3434.6,3342.1,3446.5,29258,3392.52,3408.1,1,3409.9,1,
2026-04-13T11:00:40.970,NC,LTTS,3409.1,3395.0,3434.6,3342.1,3446.5,29264,3392.53,3407.4,1,3410.4,1,
2026-04-13T11:00:46.770,NC,LTTS,3407.5,3395.0,3434.6,3342.1,3446.5,29269,3392.53,3407.5,1,3410.3,1,
2026-04-13T11:00:57.772,NC,LTTS,3408.4,3395.0,3434.6,3342.1,3446.5,29274,3392.53,3409.0,7,3410.9,1,
2026-04-13T11:01:03.198,NC,LTTS,3413.7,3395.0,3434.6,3342.1,3446.5,29333,3392.57,3411.8,1,3413.9,1,
2026-04-13T11:01:08.677,NC,LTTS,3409.0,3395.0,3434.6,3342.1,3446.5,29785,3392.9,3408.4,1,3410.8,1,
2026-04-13T11:01:20.395,NC,LTTS,3407.0,3395.0,3434.6,3342.1,3446.5,29789,3392.9,3407.0,3,3409.7,1,
2026-04-13T11:01:32.011,NC,LTTS,3406.3,3395.0,3434.6,3342.1,3446.5,29793,3392.9,3403.0,15,3406.9,1,
2026-04-13T11:01:37.835,NC,LTTS,3404.0,3395.0,3434.6,3342.1,3446.5,29797,3392.9,3404.0,1,3406.7,2,
2026-04-13T11:01:49.235,NC,LTTS,3403.0,3395.0,3434.6,3342.1,3446.5,29801,3392.9,3403.0,12,3404.9,1,
2026-04-13T11:02:00.940,NC,LTTS,3404.6,3395.0,3434.6,3342.1,3446.5,29806,3392.9,3403.0,9,3405.3,1,
2026-04-13T11:02:07.160,NC,LTTS,3403.0,3395.0,3434.6,3342.1,3446.5,29847,3392.92,3403.1,1,3405.9,1,
2026-04-13T11:02:13.161,NC,LTTS,3406.0,3395.0,3434.6,3342.1,3446.5,29853,3392.92,3403.1,1,3406.6,3,
2026-04-13T11:02:19.257,NC,LTTS,3403.0,3395.0,3434.6,3342.1,3446.5,29857,3392.93,3403.0,3,3406.1,1,
2026-04-13T11:02:24.975,NC,LTTS,3406.0,3395.0,3434.6,3342.1,3446.5,29859,3392.93,3403.1,1,3406.0,2,
2026-04-13T11:02:30.577,NC,LTTS,3403.0,3395.0,3434.6,3342.1,3446.5,29868,3392.93,3403.0,1,3406.3,1,
2026-04-13T11:02:36.372,NC,LTTS,3406.3,3395.0,3434.6,3342.1,3446.5,29869,3392.93,3403.5,1,3406.8,3,
2026-04-13T11:02:41.882,NC,LTTS,3403.4,3395.0,3434.6,3342.1,3446.5,29873,3392.93,3403.6,1,3406.2,1,
2026-04-13T11:02:46.985,NC,LTTS,3403.0,3395.0,3434.6,3342.1,3446.5,29877,3392.93,3403.1,1,3406.1,4,
2026-04-13T11:02:52.188,NC,LTTS,3406.9,3395.0,3434.6,3342.1,3446.5,29907,3392.95,3403.2,1,3407.2,2,
2026-04-13T11:02:57.690,NC,LTTS,3403.6,3395.0,3434.6,3342.1,3446.5,29912,3392.95,3403.3,1,3405.6,1,
2026-04-13T11:03:08.214,NC,LTTS,3403.0,3395.0,3434.6,3342.1,3446.5,29916,3392.95,3403.0,1,3404.5,1,
2026-04-13T11:03:19.228,NC,LTTS,3402.2,3395.0,3434.6,3342.1,3446.5,29930,3392.96,3403.6,1,3404.8,3,
2026-04-13T11:03:29.640,NC,LTTS,3402.2,3395.0,3434.6,3342.1,3446.5,29934,3392.96,3402.2,1,3404.1,1,
2026-04-13T11:03:35.052,NC,LTTS,3404.3,3395.0,3434.6,3342.1,3446.5,29935,3392.96,3402.3,1,3404.3,1,
2026-04-13T11:03:40.663,NC,LTTS,3402.1,3395.0,3434.6,3342.1,3446.5,29939,3392.96,3402.2,1,3404.2,1,
2026-04-13T11:03:46.286,NC,LTTS,3403.8,3395.0,3434.6,3342.1,3446.5,29941,3392.96,3402.1,1,3404.0,1,
2026-04-13T11:03:51.891,NC,LTTS,3402.0,3395.0,3434.6,3342.1,3446.5,29945,3392.96,3402.0,3,3403.8,1,
2026-04-13T11:03:57.292,NC,LTTS,3401.9,3395.0,3434.6,3342.1,3446.5,29949,3392.96,3401.1,1,3403.5,1,
2026-04-13T11:04:08.350,NC,LTTS,3401.0,3395.0,3434.6,3342.1,3446.5,29953,3392.96,3401.1,1,3403.4,1,
2026-04-13T11:04:13.836,NC,LTTS,3401.0,3395.0,3434.6,3342.1,3446.5,29955,3392.96,3401.2,1,3403.4,1,
2026-04-13T11:04:19.338,NC,LTTS,3401.0,3395.0,3434.6,3342.1,3446.5,29959,3392.96,3401.9,1,3403.9,1,
2026-04-13T11:04:30.745,NC,LTTS,3401.1,3395.0,3434.6,3342.1,3446.5,29963,3392.97,3401.0,2,3403.3,1,
2026-04-13T11:04:41.842,NC,LTTS,3403.4,3395.0,3434.6,3342.1,3446.5,29975,3392.97,3400.6,1,3403.3,1,
2026-04-13T11:04:46.968,NC,LTTS,3400.5,3395.0,3434.6,3342.1,3446.5,29979,3392.97,3400.5,13,3403.2,1,
2026-04-13T11:04:57.663,NC,LTTS,3398.2,3395.0,3434.6,3342.1,3446.5,34582,3393.93,3394.6,1,3396.3,1,
2026-04-13T11:05:03.081,NC,LTTS,3402.1,3395.0,3434.6,3342.1,3446.5,38769,3394.57,3402.2,1,3404.4,1,
2026-04-13T11:05:08.771,NC,LTTS,3403.7,3395.0,3434.6,3342.1,3446.5,38781,3394.57,3403.7,4,3404.4,1,
2026-04-13T11:05:14.483,NC,LTTS,3403.4,3395.0,3434.6,3342.1,3446.5,38790,3394.57,3402.3,5,3403.7,1,
2026-04-13T11:05:20.096,NC,LTTS,3406.3,3395.0,3434.6,3342.1,3446.5,38838,3394.58,3406.2,5,3407.7,2,
2026-04-13T11:05:25.618,NC,LTTS,3406.2,3395.0,3434.6,3342.1,3446.5,38842,3394.59,3404.4,1,3406.2,1,
2026-04-13T11:05:30.831,NC,LTTS,3404.4,3395.0,3434.6,3342.1,3446.5,38847,3394.59,3403.4,1,3404.4,1,
2026-04-13T11:05:35.929,NC,LTTS,3403.4,3395.0,3434.6,3342.1,3446.5,38851,3394.59,3402.3,2,3403.4,3,
2026-04-13T11:05:37.422,NC,LTTS,3402.3,3395.0,3434.6,3342.1,3446.5,38855,3394.59,3402.3,1,3403.4,3,
2026-04-13T11:05:38.426,NC,LTTS,3402.3,3395.0,3434.6,3342.1,3446.5,38865,3394.59,3402.2,17,3402.3,1,
2026-04-13T11:05:40.621,NC,LTTS,3402.3,3395.0,3434.6,3342.1,3446.5,38866,3394.59,3402.2,17,3402.3,1,
2026-04-13T11:05:42.856,NC,LTTS,3402.2,3395.0,3434.6,3342.1,3446.5,38877,3394.59,3402.2,6,3403.0,23,
2026-04-13T11:05:46.422,NC,LTTS,3403.0,3395.0,3434.6,3342.1,3446.5,38881,3394.59,3402.2,6,3403.0,19,
2026-04-13T11:05:47.525,NC,LTTS,3400.8,3395.0,3434.6,3342.1,3446.5,38930,3394.6,3400.9,1,3402.4,2,
2026-04-13T11:05:53.140,NC,LTTS,3400.6,3395.0,3434.6,3342.1,3446.5,38937,3394.6,3400.2,1,3400.6,1,
2026-04-13T11:05:55.233,NC,LTTS,3400.6,3395.0,3434.6,3342.1,3446.5,38938,3394.6,3400.2,1,3400.6,1,
2026-04-13T11:05:57.239,NC,LTTS,3400.2,3395.0,3434.6,3342.1,3446.5,38942,3394.6,3400.2,1,3400.6,1,
2026-04-13T11:05:58.238,NC,LTTS,3400.2,3395.0,3434.6,3342.1,3446.5,38943,3394.61,3400.3,1,3402.1,2,
2026-04-13T11:06:03.256,NC,LTTS,3400.3,3395.0,3434.6,3342.1,3446.5,38951,3394.61,3400.0,10,3400.3,1,
2026-04-13T11:06:05.693,NC,LTTS,3400.3,3395.0,3434.6,3342.1,3446.5,38957,3394.61,3400.1,20,3402.9,1,
2026-04-13T11:06:07.654,NC,LTTS,3400.1,3395.0,3434.6,3342.1,3446.5,38961,3394.61,3400.1,16,3402.8,3,
2026-04-13T11:06:13.254,NC,LTTS,3400.6,3395.0,3434.6,3342.1,3446.5,38974,3394.61,3400.7,1,3402.9,1,
2026-04-13T11:06:17.260,NC,LTTS,3400.4,3395.0,3434.6,3342.1,3446.5,38978,3394.61,3400.1,13,3402.6,3,
2026-04-13T11:06:22.770,NC,LTTS,3400.1,3395.0,3434.6,3342.1,3446.5,38987,3394.61,3400.1,1,3400.5,2,
2026-04-13T11:06:23.871,NC,LTTS,3400.0,3395.0,3434.6,3342.1,3446.5,38997,3394.61,3400.0,59,3400.5,2,
2026-04-13T11:06:24.974,NC,LTTS,3400.5,3395.0,3434.6,3342.1,3446.5,38999,3394.61,3400.0,60,3402.5,1,
2026-04-13T11:06:26.970,NC,LTTS,3400.1,3395.0,3434.6,3342.1,3446.5,39003,3394.61,3400.1,15,3402.3,3,
2026-04-13T11:06:32.775,NC,LTTS,3400.1,3395.0,3434.6,3342.1,3446.5,39012,3394.61,3400.1,1,3401.9,14,
2026-04-13T11:06:35.777,NC,LTTS,3401.8,3395.0,3434.6,3342.1,3446.5,39013,3394.62,3400.1,2,3401.8,15,
2026-04-13T11:06:41.106,NC,LTTS,3400.1,3395.0,3434.6,3342.1,3446.5,39017,3394.62,3400.1,2,3401.7,9,
2026-04-13T11:06:46.507,NC,LTTS,3400.1,3395.0,3434.6,3342.1,3446.5,39024,3394.62,3400.0,118,3400.1,1,
2026-04-13T11:06:51.810,NC,LTTS,3400.0,3395.0,3434.6,3342.1,3446.5,39031,3394.62,3400.1,1,3401.7,3,
2026-04-13T11:06:57.200,NC,LTTS,3400.0,3395.0,3434.6,3342.1,3446.5,39043,3394.62,3400.0,106,3400.1,1,
2026-04-13T11:07:02.508,NC,LTTS,3400.0,3395.0,3434.6,3342.1,3446.5,39045,3394.62,3400.0,104,3401.5,10,
2026-04-13T11:07:07.928,NC,LTTS,3400.0,3395.0,3434.6,3342.1,3446.5,39058,3394.62,3400.0,91,3401.5,10,
2026-04-13T11:07:13.226,NC,LTTS,3400.0,3395.0,3434.6,3342.1,3446.5,39067,3394.62,3400.0,82,3401.5,10,
2026-04-13T11:07:18.941,NC,LTTS,3400.1,3395.0,3434.6,3342.1,3446.5,39071,3394.62,3400.0,82,3401.5,10,
2026-04-13T11:07:24.639,NC,LTTS,3400.0,3395.0,3434.6,3342.1,3446.5,39080,3394.62,3400.0,73,3401.5,10,
2026-04-13T11:07:29.963,NC,LTTS,3400.2,3395.0,3434.6,3342.1,3446.5,39093,3394.63,3400.1,6,3401.8,7,
2026-04-13T11:07:35.065,NC,LTTS,3401.7,3395.0,3434.6,3342.1,3446.5,39103,3394.63,3400.0,74,3401.8,7,
2026-04-13T11:07:40.460,NC,LTTS,3400.0,3395.0,3434.6,3342.1,3446.5,39107,3394.63,3400.0,70,3401.7,2,
2026-04-13T11:07:45.558,NC,LTTS,3400.0,3395.0,3434.6,3342.1,3446.5,39116,3394.63,3400.0,61,3401.7,4,
2026-04-13T11:07:50.773,NC,LTTS,3400.0,3395.0,3434.6,3342.1,3446.5,39120,3394.63,3400.0,58,3401.8,17,
2026-04-13T11:07:56.188,NC,LTTS,3400.0,3395.0,3434.6,3342.1,3446.5,39129,3394.63,3400.0,49,3401.7,2,
2026-04-13T11:08:01.472,NC,LTTS,3400.0,3395.0,3434.6,3342.1,3446.5,39133,3394.63,3400.0,76,3401.5,1,
2026-04-13T11:08:06.986,NC,LTTS,3400.0,3395.0,3434.6,3342.1,3446.5,39146,3394.63,3400.0,61,3401.5,1,
2026-04-13T11:08:18.110,NC,LTTS,3400.1,3395.0,3434.6,3342.1,3446.5,39159,3394.64,3400.1,1,3401.5,1,
2026-04-13T11:08:23.631,NC,LTTS,3400.1,3395.0,3434.6,3342.1,3446.5,39165,3394.64,3400.0,52,3400.1,1,
2026-04-13T11:08:28.839,NC,LTTS,3400.0,3395.0,3434.6,3342.1,3446.5,39402,3394.66,3399.7,3,3401.5,1,
2026-04-13T11:08:33.731,NC,LTTS,3400.0,3395.0,3434.6,3342.1,3446.5,39411,3394.67,3399.6,3,3401.5,1,
2026-04-13T11:08:38.940,NC,LTTS,3400.1,3395.0,3434.6,3342.1,3446.5,39415,3394.67,3400.1,3,3401.5,1,
2026-04-13T11:08:44.146,NC,LTTS,3400.1,3395.0,3434.6,3342.1,3446.5,39424,3394.67,3400.3,1,3401.5,1,
2026-04-13T11:08:49.602,NC,LTTS,3400.3,3395.0,3434.6,3342.1,3446.5,39428,3394.67,3400.3,1,3401.5,1,
2026-04-13T11:08:54.902,NC,LTTS,3400.3,3395.0,3434.6,3342.1,3446.5,39432,3394.67,3400.1,5,3400.3,1,
2026-04-13T11:08:59.904,NC,LTTS,3399.7,3395.0,3434.6,3342.1,3446.5,39478,3394.67,3399.7,2,3400.8,2,
2026-04-13T11:09:05.121,NC,LTTS,3400.0,3395.0,3434.6,3342.1,3446.5,39502,3394.68,3398.8,3,3401.5,1,
2026-04-13T11:09:10.718,NC,LTTS,3399.6,3395.0,3434.6,3342.1,3446.5,39510,3394.68,3399.7,1,3401.8,3,
2026-04-13T11:09:16.573,NC,LTTS,3400.0,3395.0,3434.6,3342.1,3446.5,39519,3394.68,3399.7,5,3401.8,3,
2026-04-13T11:09:22.370,NC,LTTS,3402.2,3395.0,3434.6,3342.1,3446.5,39534,3394.68,3400.6,4,3402.2,5,
2026-04-13T11:09:27.870,NC,LTTS,3400.2,3395.0,3434.6,3342.1,3446.5,39542,3394.68,3399.7,1,3400.6,1,
2026-04-13T11:09:33.086,NC,LTTS,3400.0,3395.0,3434.6,3342.1,3446.5,39555,3394.69,3399.3,2,3400.0,1,
2026-04-13T11:09:38.297,NC,LTTS,3400.0,3395.0,3434.6,3342.1,3446.5,39561,3394.69,3400.4,1,3402.1,1,
2026-04-13T11:09:43.595,NC,LTTS,3400.4,3395.0,3434.6,3342.1,3446.5,39570,3394.69,3400.4,1,3402.1,1,
2026-04-13T11:09:48.994,NC,LTTS,3400.4,3395.0,3434.6,3342.1,3446.5,39576,3394.69,3400.4,1,3402.1,1,
2026-04-13T11:09:54.709,NC,LTTS,3400.4,3395.0,3434.6,3342.1,3446.5,39582,3394.69,3400.0,441,3400.4,1,
2026-04-13T11:10:00.210,NC,LTTS,3400.0,3395.0,3434.6,3342.1,3446.5,39589,3394.69,3400.4,5,3401.9,1,
2026-04-13T11:10:05.832,NC,LTTS,3400.4,3395.0,3434.6,3342.1,3446.5,39594,3394.69,3400.0,434,3400.4,1,
2026-04-13T11:10:11.243,NC,LTTS,3400.0,3395.0,3434.6,3342.1,3446.5,39602,3394.69,3400.1,1,3402.0,2,
2026-04-13T11:10:16.634,NC,LTTS,3400.0,3395.0,3434.6,3342.1,3446.5,39610,3394.69,3400.0,427,3400.1,1,
2026-04-13T11:10:21.959,NC,LTTS,3400.0,3395.0,3434.6,3342.1,3446.5,39616,3394.69,3400.0,421,3401.8,1,
2026-04-13T11:10:27.350,NC,LTTS,3400.0,3395.0,3434.6,3342.1,3446.5,39629,3394.7,3400.0,413,3401.7,1,
2026-04-13T11:10:37.363,NC,LTTS,3400.0,3395.0,3434.6,3342.1,3446.5,39652,3394.7,3400.0,396,3401.8,15,
2026-04-13T11:10:48.491,NC,LTTS,3400.0,3395.0,3434.6,3342.1,3446.5,39665,3394.7,3400.0,385,3401.7,2,
2026-04-13T11:10:54.309,NC,LTTS,3400.0,3395.0,3434.6,3342.1,3446.5,39674,3394.7,3400.0,376,3401.7,2,
2026-04-13T11:10:59.800,NC,LTTS,3401.3,3395.0,3434.6,3342.1,3446.5,39693,3394.7,3400.0,357,3401.3,2,
2026-04-13T11:11:05.509,NC,LTTS,3400.0,3395.0,3434.6,3342.1,3446.5,39702,3394.71,3400.0,348,3401.4,8,
2026-04-13T11:11:11.217,NC,LTTS,3400.0,3395.0,3434.6,3342.1,3446.5,39706,3394.71,3400.0,344,3401.4,8,
2026-04-13T11:11:17.030,NC,LTTS,3400.0,3395.0,3434.6,3342.1,3446.5,39721,3394.71,3400.0,329,3401.4,5,
2026-04-13T11:11:27.843,NC,LTTS,3400.0,3395.0,3434.6,3342.1,3446.5,39734,3394.71,3400.1,6,3401.4,5,
2026-04-13T11:11:33.337,NC,LTTS,3400.1,3395.0,3434.6,3342.1,3446.5,39740,3394.71,3400.0,321,3400.1,1,
2026-04-13T11:11:38.950,NC,LTTS,3400.0,3395.0,3434.6,3342.1,3446.5,39747,3394.71,3400.0,314,3400.1,10,
2026-04-13T11:11:44.352,NC,LTTS,3400.0,3395.0,3434.6,3342.1,3446.5,39756,3394.71,3400.0,305,3400.1,10,
2026-04-13T11:11:50.059,NC,LTTS,3400.0,3395.0,3434.6,3342.1,3446.5,39760,3394.71,3400.0,301,3400.1,10,
2026-04-13T11:11:55.658,NC,LTTS,3400.0,3395.0,3434.6,3342.1,3446.5,39769,3394.71,3400.0,292,3400.1,10,
2026-04-13T11:12:00.858,NC,LTTS,3400.0,3395.0,3434.6,3342.1,3446.5,39773,3394.72,3400.0,288,3400.1,10,
2026-04-13T11:12:06.179,NC,LTTS,3400.0,3395.0,3434.6,3342.1,3446.5,39782,3394.72,3400.0,279,3400.1,10,
2026-04-13T11:12:11.980,NC,LTTS,3400.0,3395.0,3434.6,3342.1,3446.5,39786,3394.72,3400.0,275,3400.1,10,
2026-04-13T11:12:18.188,NC,LTTS,3400.0,3395.0,3434.6,3342.1,3446.5,39800,3394.72,3400.0,262,3400.1,9,
2026-04-13T11:12:23.588,NC,LTTS,3400.0,3395.0,3434.6,3342.1,3446.5,39809,3394.72,3400.0,252,3400.1,9,
2026-04-13T11:12:28.818,NC,LTTS,3400.0,3395.0,3434.6,3342.1,3446.5,39813,3394.72,3400.0,248,3400.1,9,
2026-04-13T11:12:34.215,NC,LTTS,3400.9,3395.0,3434.6,3342.1,3446.5,40928,3394.87,3400.9,9,3402.2,6,
2026-04-13T11:12:39.733,NC,LTTS,3402.2,3395.0,3434.6,3342.1,3446.5,40933,3394.87,3400.9,8,3402.2,4,
2026-04-13T11:12:45.239,NC,LTTS,3400.9,3395.0,3434.6,3342.1,3446.5,40942,3394.87,3400.8,7,3402.2,4,
2026-04-13T11:12:50.754,NC,LTTS,3400.8,3395.0,3434.6,3342.1,3446.5,40946,3394.87,3400.8,3,3402.2,4,
2026-04-13T11:12:56.168,NC,LTTS,3400.8,3395.0,3434.6,3342.1,3446.5,40955,3394.87,3400.8,20,3402.2,4,
2026-04-13T11:13:01.756,NC,LTTS,3400.8,3395.0,3434.6,3342.1,3446.5,40960,3394.87,3400.8,13,3402.2,4,
2026-04-13T11:13:07.155,NC,LTTS,3400.8,3395.0,3434.6,3342.1,3446.5,40973,3394.87,3400.7,7,3402.2,4,
2026-04-13T11:13:12.797,NC,LTTS,3400.7,3395.0,3434.6,3342.1,3446.5,40982,3394.87,3400.5,21,3402.2,4,
2026-04-13T11:13:18.200,NC,LTTS,3400.9,3395.0,3434.6,3342.1,3446.5,40986,3394.87,3400.9,7,3402.2,4,
2026-04-13T11:13:23.807,NC,LTTS,3400.8,3395.0,3434.6,3342.1,3446.5,41011,3394.88,3400.1,3,3402.1,5,
2026-04-13T11:13:29.509,NC,LTTS,3400.2,3395.0,3434.6,3342.1,3446.5,41015,3394.88,3400.4,3,3402.1,1,
2026-04-13T11:13:35.224,NC,LTTS,3400.6,3395.0,3434.6,3342.1,3446.5,41024,3394.88,3400.6,6,3402.1,1,
2026-04-13T11:13:40.536,NC,LTTS,3400.6,3395.0,3434.6,3342.1,3446.5,41028,3394.88,3400.5,3,3402.2,4,
2026-04-13T11:13:45.558,NC,LTTS,3403.8,3395.0,3434.6,3342.1,3446.5,41064,3394.89,3402.2,11,3404.4,3,
2026-04-13T11:13:50.490,NC,LTTS,3402.5,3395.0,3434.6,3342.1,3446.5,41068,3394.89,3402.5,8,3404.1,1,
2026-04-13T11:13:55.330,NC,LTTS,3403.0,3395.0,3434.6,3342.1,3446.5,41081,3394.89,3401.2,1,3403.4,1,
2026-04-13T11:14:00.045,NC,LTTS,3401.2,3395.0,3434.6,3342.1,3446.5,41085,3394.89,3401.3,1,3403.3,1,
2026-04-13T11:14:05.349,NC,LTTS,3403.6,3395.0,3434.6,3342.1,3446.5,41099,3394.89,3401.9,9,3403.6,1,
2026-04-13T11:14:10.946,NC,LTTS,3401.9,3395.0,3434.6,3342.1,3446.5,41103,3394.89,3401.0,1,3402.5,2,
2026-04-13T11:14:16.254,NC,LTTS,3401.0,3395.0,3434.6,3342.1,3446.5,41112,3394.9,3401.0,1,3402.5,2,
2026-04-13T11:14:21.471,NC,LTTS,3404.0,3395.0,3434.6,3342.1,3446.5,41129,3394.9,3401.2,11,3402.9,1,
2026-04-13T11:14:26.474,NC,LTTS,3401.2,3395.0,3434.6,3342.1,3446.5,41138,3394.9,3401.1,19,3402.9,1,
2026-04-13T11:14:31.563,NC,LTTS,3402.7,3395.0,3434.6,3342.1,3446.5,41143,3394.9,3401.2,7,3403.3,1,
2026-04-13T11:14:36.776,NC,LTTS,3400.9,3395.0,3434.6,3342.1,3446.5,41156,3394.9,3400.9,12,3402.9,2,
2026-04-13T11:14:46.990,NC,LTTS,3400.9,3395.0,3434.6,3342.1,3446.5,41169,3394.9,3400.5,13,3402.6,4,
2026-04-13T11:14:52.203,NC,LTTS,3402.6,3395.0,3434.6,3342.1,3446.5,41184,3394.91,3401.4,2,3404.2,3,
2026-04-13T11:14:57.911,NC,LTTS,3401.1,3395.0,3434.6,3342.1,3446.5,41198,3394.91,3401.1,24,3403.4,3,
2026-04-13T11:15:03.606,NC,LTTS,3401.2,3395.0,3434.6,3342.1,3446.5,41207,3394.91,3401.4,4,3403.4,3,
2026-04-13T11:15:09.118,NC,LTTS,3401.4,3395.0,3434.6,3342.1,3446.5,41213,3394.91,3401.4,2,3403.4,2,
2026-04-13T11:15:14.553,NC,LTTS,3401.4,3395.0,3434.6,3342.1,3446.5,41223,3394.91,3401.2,7,3404.3,2,
2026-04-13T11:15:19.975,NC,LTTS,3401.2,3395.0,3434.6,3342.1,3446.5,41227,3394.91,3401.1,3,3404.3,2,
2026-04-13T11:15:25.581,NC,LTTS,3401.1,3395.0,3434.6,3342.1,3446.5,41236,3394.92,3401.4,3,3403.5,2,
2026-04-13T11:15:31.088,NC,LTTS,3401.3,3395.0,3434.6,3342.1,3446.5,41240,3394.92,3401.2,6,3403.5,2,
2026-04-13T11:15:36.782,NC,LTTS,3401.5,3395.0,3434.6,3342.1,3446.5,41253,3394.92,3401.5,2,3403.9,2,
2026-04-13T11:15:42.384,NC,LTTS,3401.3,3395.0,3434.6,3342.1,3446.5,41265,3394.92,3401.2,24,3403.8,2,
2026-04-13T11:15:47.504,NC,LTTS,3401.2,3395.0,3434.6,3342.1,3446.5,41278,3394.92,3401.0,8,3402.7,1,
2026-04-13T11:15:52.711,NC,LTTS,3401.0,3395.0,3434.6,3342.1,3446.5,41321,3394.93,3401.0,16,3404.3,2,
2026-04-13T11:15:58.206,NC,LTTS,3401.5,3395.0,3434.6,3342.1,3446.5,41365,3394.94,3401.7,1,3404.3,5,
2026-04-13T11:16:03.528,NC,LTTS,3402.0,3395.0,3434.6,3342.1,3446.5,41374,3394.94,3401.8,4,3404.3,5,
2026-04-13T11:16:08.424,NC,LTTS,3401.8,3395.0,3434.6,3342.1,3446.5,41378,3394.94,3401.6,10,3403.8,5,
2026-04-13T11:16:13.750,NC,LTTS,3402.0,3395.0,3434.6,3342.1,3446.5,41395,3394.94,3401.8,5,3404.3,5,
2026-04-13T11:16:19.143,NC,LTTS,3404.3,3395.0,3434.6,3342.1,3446.5,41404,3394.95,3402.0,4,3404.4,1,
2026-04-13T11:16:24.352,NC,LTTS,3402.0,3395.0,3434.6,3342.1,3446.5,41413,3394.95,3401.4,6,3404.3,2,
2026-04-13T11:16:29.768,NC,LTTS,3401.5,3395.0,3434.6,3342.1,3446.5,41417,3394.95,3401.4,1,3403.6,2,
2026-04-13T11:16:35.370,NC,LTTS,3401.4,3395.0,3434.6,3342.1,3446.5,41428,3394.95,3402.1,2,3404.2,2,
2026-04-13T11:16:40.786,NC,LTTS,3402.0,3395.0,3434.6,3342.1,3446.5,41432,3394.95,3402.2,1,3404.2,2,
2026-04-13T11:16:45.908,NC,LTTS,3402.2,3395.0,3434.6,3342.1,3446.5,41441,3394.95,3402.2,7,3404.3,3,
2026-04-13T11:16:51.223,NC,LTTS,3402.2,3395.0,3434.6,3342.1,3446.5,41445,3394.95,3402.2,3,3404.3,3,
2026-04-13T11:16:56.232,NC,LTTS,3402.2,3395.0,3434.6,3342.1,3446.5,41454,3394.95,3402.2,13,3404.3,3,
2026-04-13T11:17:01.041,NC,LTTS,3402.2,3395.0,3434.6,3342.1,3446.5,41459,3394.95,3402.3,1,3404.3,3,
2026-04-13T11:17:06.443,NC,LTTS,3402.3,3395.0,3434.6,3342.1,3446.5,41468,3394.96,3402.2,10,3404.3,3,
2026-04-13T11:17:11.654,NC,LTTS,3402.2,3395.0,3434.6,3342.1,3446.5,41472,3394.96,3402.4,3,3404.3,3,
2026-04-13T11:17:16.864,NC,LTTS,3402.5,3395.0,3434.6,3342.1,3446.5,41525,3394.97,3402.4,6,3404.4,1,
2026-04-13T11:17:27.084,NC,LTTS,3404.4,3395.0,3434.6,3342.1,3446.5,41539,3394.97,3404.4,5,3405.2,1,
2026-04-13T11:17:31.988,NC,LTTS,3404.4,3395.0,3434.6,3342.1,3446.5,41540,3394.97,3404.4,4,3405.5,5,
2026-04-13T11:17:37.193,NC,LTTS,3402.9,3395.0,3434.6,3342.1,3446.5,41562,3394.97,3403.0,18,3405.4,3,
2026-04-13T11:17:42.494,NC,LTTS,3405.5,3395.0,3434.6,3342.1,3446.5,41582,3394.98,3404.4,14,3405.5,5,
2026-04-13T11:17:47.452,NC,LTTS,3404.4,3395.0,3434.6,3342.1,3446.5,41595,3394.98,3404.4,1,3405.5,5,
2026-04-13T11:17:57.164,NC,LTTS,3403.1,3395.0,3434.6,3342.1,3446.5,41601,3394.98,3403.1,7,3404.4,1,
2026-04-13T11:18:02.064,NC,LTTS,3403.1,3395.0,3434.6,3342.1,3446.5,41608,3394.99,3403.0,10,3405.4,3,
2026-04-13T11:18:07.073,NC,LTTS,3403.0,3395.0,3434.6,3342.1,3446.5,41622,3394.99,3403.2,1,3405.5,5,
2026-04-13T11:18:17.208,NC,LTTS,3403.1,3395.0,3434.6,3342.1,3446.5,41649,3394.99,3403.2,3,3405.4,3,
2026-04-13T11:18:22.194,NC,LTTS,3405.4,3395.0,3434.6,3342.1,3446.5,41652,3394.99,3405.4,2,3405.5,5,
2026-04-13T11:18:26.800,NC,LTTS,3404.4,3395.0,3434.6,3342.1,3446.5,41658,3395.0,3404.4,9,3405.4,1,
2026-04-13T11:18:31.610,NC,LTTS,3405.5,3395.0,3434.6,3342.1,3446.5,41669,3395.0,3403.9,31,3405.5,3,
2026-04-13T11:18:36.602,NC,LTTS,3405.9,3395.0,3434.6,3342.1,3446.5,41697,3395.01,3404.0,1,3405.9,8,
2026-04-13T11:18:42.016,NC,LTTS,3405.5,3395.0,3434.6,3342.1,3446.5,41712,3395.01,3405.5,1,3405.9,1,
2026-04-13T11:18:47.128,NC,LTTS,3404.5,3395.0,3434.6,3342.1,3446.5,41722,3395.01,3404.5,6,3405.5,1,
2026-04-13T11:18:51.952,NC,LTTS,3406.9,3395.0,3434.6,3342.1,3446.5,41730,3395.01,3404.6,2,3406.5,1,
2026-04-13T11:18:56.938,NC,LTTS,3403.9,3395.0,3434.6,3342.1,3446.5,41747,3395.02,3403.9,13,3404.6,1,
2026-04-13T11:19:01.848,NC,LTTS,3406.6,3395.0,3434.6,3342.1,3446.5,41752,3395.02,3404.3,2,3406.6,1,
2026-04-13T11:19:06.860,NC,LTTS,3403.0,3395.0,3434.6,3342.1,3446.5,41758,3395.02,3403.0,25,3404.3,1,
2026-04-13T11:19:11.762,NC,LTTS,3403.0,3395.0,3434.6,3342.1,3446.5,41765,3395.02,3403.7,12,3405.2,1,
2026-04-13T11:19:16.762,NC,LTTS,3403.5,3395.0,3434.6,3342.1,3446.5,41778,3395.02,3403.3,1,3405.2,1,
2026-04-13T11:19:26.887,NC,LTTS,3405.4,3395.0,3434.6,3342.1,3446.5,41853,3395.04,3405.3,14,3408.6,2,
2026-04-13T11:19:31.783,NC,LTTS,3406.1,3395.0,3434.6,3342.1,3446.5,41856,3395.04,3405.3,2,3407.3,1,
2026-04-13T11:19:36.717,NC,LTTS,3404.2,3395.0,3434.6,3342.1,3446.5,41865,3395.05,3404.1,1,3405.3,1,
2026-04-13T11:19:41.602,NC,LTTS,3409.2,3395.0,3434.6,3342.1,3446.5,41919,3395.06,3405.4,2,3408.1,1,
2026-04-13T11:19:46.308,NC,LTTS,3405.4,3395.0,3434.6,3342.1,3446.5,41928,3395.07,3405.7,1,3407.8,1,
2026-04-13T11:19:51.110,NC,LTTS,3405.4,3395.0,3434.6,3342.1,3446.5,41932,3395.07,3405.4,1,3407.2,1,
2026-04-13T11:19:56.118,NC,LTTS,3405.4,3395.0,3434.6,3342.1,3446.5,41933,3395.07,3405.0,50,3405.4,1,
2026-04-13T11:20:01.030,NC,LTTS,3407.3,3395.0,3434.6,3342.1,3446.5,41946,3395.07,3405.4,1,3406.3,1,
2026-04-13T11:20:06.535,NC,LTTS,3405.5,3395.0,3434.6,3342.1,3446.5,41964,3395.07,3405.5,1,3407.3,1,
2026-04-13T11:20:11.855,NC,LTTS,3405.6,3395.0,3434.6,3342.1,3446.5,41972,3395.08,3405.6,5,3408.6,2,
2026-04-13T11:20:16.953,NC,LTTS,3405.2,3395.0,3434.6,3342.1,3446.5,41992,3395.08,3405.1,14,3407.7,1,
2026-04-13T11:20:27.664,NC,LTTS,3405.0,3395.0,3434.6,3342.1,3446.5,42005,3395.08,3405.0,40,3406.7,1,
2026-04-13T11:20:33.176,NC,LTTS,3405.0,3395.0,3434.6,3342.1,3446.5,42014,3395.09,3405.0,31,3406.7,1,
2026-04-13T11:20:38.286,NC,LTTS,3405.0,3395.0,3434.6,3342.1,3446.5,42018,3395.09,3405.0,28,3406.5,1,
2026-04-13T11:20:43.385,NC,LTTS,3405.0,3395.0,3434.6,3342.1,3446.5,42027,3395.09,3405.0,23,3406.5,1,
2026-04-13T11:20:48.323,NC,LTTS,3405.0,3395.0,3434.6,3342.1,3446.5,42031,3395.09,3405.0,19,3406.5,1,
2026-04-13T11:20:53.602,NC,LTTS,3405.0,3395.0,3434.6,3342.1,3446.5,42041,3395.09,3405.0,14,3406.8,2,
2026-04-13T11:20:58.526,NC,LTTS,3405.0,3395.0,3434.6,3342.1,3446.5,42046,3395.09,3405.0,9,3406.5,1,
2026-04-13T11:21:03.318,NC,LTTS,3405.0,3395.0,3434.6,3342.1,3446.5,42055,3395.1,3405.0,1,3406.4,2,
2026-04-13T11:21:08.720,NC,LTTS,3405.1,3395.0,3434.6,3342.1,3446.5,42062,3395.1,3405.1,3,3406.5,1,
2026-04-13T11:21:14.225,NC,LTTS,3405.1,3395.0,3434.6,3342.1,3446.5,42065,3395.1,3405.0,1,3405.1,1,
2026-04-13T11:21:19.550,NC,LTTS,3404.0,3395.0,3434.6,3342.1,3446.5,42069,3395.1,3403.9,35,3405.0,1,
2026-04-13T11:21:24.638,NC,LTTS,3405.1,3395.0,3434.6,3342.1,3446.5,42086,3395.1,3405.1,48,3406.7,4,
2026-04-13T11:21:29.851,NC,LTTS,3405.1,3395.0,3434.6,3342.1,3446.5,42090,3395.1,3405.1,44,3406.7,5,
2026-04-13T11:21:34.650,NC,LTTS,3405.1,3395.0,3434.6,3342.1,3446.5,42099,3395.11,3405.1,35,3406.7,5,
2026-04-13T11:21:39.967,NC,LTTS,3405.1,3395.0,3434.6,3342.1,3446.5,42103,3395.11,3405.1,31,3406.7,5,
2026-04-13T11:21:45.370,NC,LTTS,3405.1,3395.0,3434.6,3342.1,3446.5,42112,3395.11,3405.1,22,3406.7,5,
2026-04-13T11:21:50.678,NC,LTTS,3405.1,3395.0,3434.6,3342.1,3446.5,42116,3395.11,3405.1,18,3406.7,5,
2026-04-13T11:21:55.779,NC,LTTS,3405.1,3395.0,3434.6,3342.1,3446.5,42125,3395.11,3405.1,9,3406.6,2,
2026-04-13T11:22:00.684,NC,LTTS,3406.7,3395.0,3434.6,3342.1,3446.5,42132,3395.11,3406.6,4,3407.6,1,
2026-04-13T11:22:05.986,NC,LTTS,3405.5,3395.0,3434.6,3342.1,3446.5,42137,3395.12,3405.1,36,3406.6,1,
2026-04-13T11:22:11.096,NC,LTTS,3405.1,3395.0,3434.6,3342.1,3446.5,42148,3395.12,3405.2,4,3407.2,1,
2026-04-13T11:22:17.244,NC,LTTS,3405.9,3395.0,3434.6,3342.1,3446.5,42163,3395.12,3406.0,2,3407.5,1,
2026-04-13T11:22:23.224,NC,LTTS,3406.0,3395.0,3434.6,3342.1,3446.5,42167,3395.12,3405.5,2,3406.0,1,
2026-04-13T11:22:28.427,NC,LTTS,3405.6,3395.0,3434.6,3342.1,3446.5,42176,3395.13,3405.7,1,3407.5,1,
2026-04-13T11:22:33.529,NC,LTTS,3405.7,3395.0,3434.6,3342.1,3446.5,42178,3395.13,3405.2,1,3405.7,1,
2026-04-13T11:22:38.727,NC,LTTS,3405.7,3395.0,3434.6,3342.1,3446.5,42183,3395.13,3404.8,3,3405.2,1,
2026-04-13T11:22:43.839,NC,LTTS,3405.6,3395.0,3434.6,3342.1,3446.5,42198,3395.13,3404.7,1,3404.8,1,
2026-04-13T11:22:48.847,NC,LTTS,3403.9,3395.0,3434.6,3342.1,3446.5,42202,3395.13,3403.4,5,3404.7,1,
2026-04-13T11:22:54.167,NC,LTTS,3403.4,3395.0,3434.6,3342.1,3446.5,42209,3395.13,3402.1,3,3403.4,2,
2026-04-13T11:22:59.567,NC,LTTS,3402.7,3395.0,3434.6,3342.1,3446.5,42224,3395.14,3403.0,6,3405.1,2,
2026-04-13T11:23:05.063,NC,LTTS,3403.0,3395.0,3434.6,3342.1,3446.5,42233,3395.14,3403.5,3,3405.4,3,
2026-04-13T11:23:10.389,NC,LTTS,3403.4,3395.0,3434.6,3342.1,3446.5,42237,3395.14,3403.4,5,3405.2,3,
2026-04-13T11:23:15.470,NC,LTTS,3403.4,3395.0,3434.6,3342.1,3446.5,42246,3395.14,3403.7,1,3405.5,16,
2026-04-13T11:23:20.282,NC,LTTS,3403.6,3395.0,3434.6,3342.1,3446.5,42250,3395.14,3403.5,1,3405.5,16,
2026-04-13T11:23:25.385,NC,LTTS,3403.5,3395.0,3434.6,3342.1,3446.5,42259,3395.14,3403.4,3,3405.4,3,
2026-04-13T11:23:30.588,NC,LTTS,3403.4,3395.0,3434.6,3342.1,3446.5,42263,3395.14,3403.0,4,3405.4,3,
2026-04-13T11:23:36.095,NC,LTTS,3403.0,3395.0,3434.6,3342.1,3446.5,42272,3395.15,3402.9,14,3405.4,3,
2026-04-13T11:23:41.810,NC,LTTS,3405.4,3395.0,3434.6,3342.1,3446.5,42277,3395.15,3403.0,4,3405.2,1,
2026-04-13T11:23:47.222,NC,LTTS,3402.9,3395.0,3434.6,3342.1,3446.5,42290,3395.15,3403.1,1,3405.1,3,
2026-04-13T11:23:57.443,NC,LTTS,3402.7,3395.0,3434.6,3342.1,3446.5,42303,3395.15,3402.7,5,3405.1,3,
2026-04-13T11:24:02.746,NC,LTTS,3404.0,3395.0,3434.6,3342.1,3446.5,42315,3395.15,3404.0,9,3405.2,1,
2026-04-13T11:24:08.143,NC,LTTS,3403.6,3395.0,3434.6,3342.1,3446.5,42319,3395.16,3403.6,7,3405.0,4,
2026-04-13T11:24:13.852,NC,LTTS,3401.0,3395.0,3434.6,3342.1,3446.5,42456,3395.18,3401.0,34,3402.8,2,
2026-04-13T11:24:19.298,NC,LTTS,3401.4,3395.0,3434.6,3342.1,3446.5,42479,3395.18,3401.3,3,3403.1,3,
2026-04-13T11:24:24.368,NC,LTTS,3401.3,3395.0,3434.6,3342.1,3446.5,42488,3395.18,3401.7,3,3404.0,4,
2026-04-13T11:24:29.375,NC,LTTS,3404.0,3395.0,3434.6,3342.1,3446.5,42502,3395.19,3401.4,2,3403.6,2,
2026-04-13T11:24:34.481,NC,LTTS,3401.4,3395.0,3434.6,3342.1,3446.5,42511,3395.19,3401.8,2,3404.2,2,
2026-04-13T11:24:39.490,NC,LTTS,3402.5,3395.0,3434.6,3342.1,3446.5,42517,3395.19,3402.6,2,3404.9,2,
2026-04-13T11:24:44.594,NC,LTTS,3402.6,3395.0,3434.6,3342.1,3446.5,42570,3395.2,3401.8,2,3402.6,1,
2026-04-13T11:24:49.904,NC,LTTS,3401.8,3395.0,3434.6,3342.1,3446.5,42579,3395.2,3401.7,5,3404.9,2,
2026-04-13T11:24:54.816,NC,LTTS,3401.7,3395.0,3434.6,3342.1,3446.5,42588,3395.2,3401.4,1,3404.0,2,
2026-04-13T11:24:59.923,NC,LTTS,3401.2,3395.0,3434.6,3342.1,3446.5,42594,3395.2,3401.2,9,3403.8,4,
2026-04-13T11:25:04.831,NC,LTTS,3401.2,3395.0,3434.6,3342.1,3446.5,42603,3395.2,3401.1,16,3403.6,2,
2026-04-13T11:25:10.134,NC,LTTS,3401.1,3395.0,3434.6,3342.1,3446.5,42607,3395.2,3401.0,38,3403.4,2,
2026-04-13T11:25:15.444,NC,LTTS,3401.0,3395.0,3434.6,3342.1,3446.5,42616,3395.2,3401.0,29,3403.2,2,
2026-04-13T11:25:20.551,NC,LTTS,3401.0,3395.0,3434.6,3342.1,3446.5,42620,3395.2,3401.1,3,3403.0,2,
2026-04-13T11:25:25.652,NC,LTTS,3402.1,3395.0,3434.6,3342.1,3446.5,42630,3395.21,3401.0,21,3403.2,3,
2026-04-13T11:25:30.864,NC,LTTS,3401.0,3395.0,3434.6,3342.1,3446.5,42634,3395.21,3401.0,18,3403.2,3,
2026-04-13T11:25:36.279,NC,LTTS,3401.0,3395.0,3434.6,3342.1,3446.5,42644,3395.21,3401.0,15,3403.2,3,
2026-04-13T11:25:42.266,NC,LTTS,3401.0,3395.0,3434.6,3342.1,3446.5,42648,3395.21,3401.2,1,3403.5,3,
2026-04-13T11:25:48.079,NC,LTTS,3401.7,3395.0,3434.6,3342.1,3446.5,42663,3395.21,3401.0,10,3403.6,3,
2026-04-13T11:25:53.409,NC,LTTS,3401.2,3395.0,3434.6,3342.1,3446.5,42672,3395.21,3401.1,4,3403.3,2,
2026-04-13T11:25:58.690,NC,LTTS,3402.7,3395.0,3434.6,3342.1,3446.5,42676,3395.21,3401.1,6,3403.3,2,
2026-04-13T11:26:03.999,NC,LTTS,3401.3,3395.0,3434.6,3342.1,3446.5,42685,3395.21,3401.5,1,3403.0,4,
2026-04-13T11:26:09.105,NC,LTTS,3401.5,3395.0,3434.6,3342.1,3446.5,42689,3395.21,3401.4,4,3403.0,4,
2026-04-13T11:26:14.200,NC,LTTS,3401.4,3395.0,3434.6,3342.1,3446.5,42698,3395.22,3401.3,1,3403.0,4,
2026-04-13T11:26:19.210,NC,LTTS,3401.2,3395.0,3434.6,3342.1,3446.5,42702,3395.22,3401.3,1,3403.0,4,
2026-04-13T11:26:24.322,NC,LTTS,3401.3,3395.0,3434.6,3342.1,3446.5,42706,3395.22,3401.0,4,3401.3,1,
2026-04-13T11:26:29.534,NC,LTTS,3401.0,3395.0,3434.6,3342.1,3446.5,42715,3395.22,3401.2,1,3403.0,4,
2026-04-13T11:26:39.527,NC,LTTS,3401.0,3395.0,3434.6,3342.1,3446.5,42728,3395.22,3400.9,9,3403.0,4,
2026-04-13T11:26:44.551,NC,LTTS,3401.2,3395.0,3434.6,3342.1,3446.5,42741,3395.22,3400.9,14,3403.5,1,
2026-04-13T11:26:49.776,NC,LTTS,3400.9,3395.0,3434.6,3342.1,3446.5,42745,3395.22,3401.2,1,3403.0,1,
2026-04-13T11:26:54.761,NC,LTTS,3401.2,3395.0,3434.6,3342.1,3446.5,42754,3395.22,3401.2,4,3403.0,1,
2026-04-13T11:26:59.966,NC,LTTS,3401.2,3395.0,3434.6,3342.1,3446.5,42759,3395.22,3401.0,1,3402.9,2,
2026-04-13T11:27:05.176,NC,LTTS,3401.0,3395.0,3434.6,3342.1,3446.5,42761,3395.22,3400.9,1,3401.0,1,
2026-04-13T11:27:10.990,NC,LTTS,3400.5,3395.0,3434.6,3342.1,3446.5,42773,3395.23,3400.5,2,3400.9,2,
2026-04-13T11:27:16.730,NC,LTTS,3400.2,3395.0,3434.6,3342.1,3446.5,42788,3395.23,3400.2,1,3400.5,3,
2026-04-13T11:27:22.011,NC,LTTS,3400.2,3395.0,3434.6,3342.1,3446.5,42795,3395.23,3400.1,18,3400.2,1,
2026-04-13T11:27:27.420,NC,LTTS,3400.0,3395.0,3434.6,3342.1,3446.5,42814,3395.23,3400.0,228,3400.4,1,
2026-04-13T11:27:32.817,NC,LTTS,3400.3,3395.0,3434.6,3342.1,3446.5,42823,3395.23,3400.3,1,3400.4,1,
2026-04-13T11:27:38.331,NC,LTTS,3400.4,3395.0,3434.6,3342.1,3446.5,42828,3395.23,3400.3,1,3400.4,1,
2026-04-13T11:27:43.937,NC,LTTS,3400.3,3395.0,3434.6,3342.1,3446.5,42830,3395.23,3400.0,229,3400.3,1,
2026-04-13T11:27:49.542,NC,LTTS,3400.0,3395.0,3434.6,3342.1,3446.5,42942,3395.24,3400.0,559,3400.4,1,
2026-04-13T11:27:54.947,NC,LTTS,3400.3,3395.0,3434.6,3342.1,3446.5,42956,3395.25,3400.2,4,3402.2,5,
2026-04-13T11:28:00.083,NC,LTTS,3400.4,3395.0,3434.6,3342.1,3446.5,42964,3395.25,3400.2,23,3403.0,6,
2026-04-13T11:28:05.381,NC,LTTS,3400.2,3395.0,3434.6,3342.1,3446.5,42967,3395.25,3400.1,17,3400.2,1,
2026-04-13T11:28:10.662,NC,LTTS,3400.1,3395.0,3434.6,3342.1,3446.5,42979,3395.25,3400.0,567,3400.4,2,
2026-04-13T11:28:16.095,NC,LTTS,3400.0,3395.0,3434.6,3342.1,3446.5,42988,3395.25,3400.0,558,3400.4,2,
2026-04-13T11:28:21.482,NC,LTTS,3400.0,3395.0,3434.6,3342.1,3446.5,43095,3395.26,3400.0,454,3401.8,24,
2026-04-13T11:28:26.886,NC,LTTS,3400.0,3395.0,3434.6,3342.1,3446.5,43108,3395.26,3400.0,442,3401.6,7,
2026-04-13T11:28:37.305,NC,LTTS,3400.0,3395.0,3434.6,3342.1,3446.5,43121,3395.26,3400.0,432,3401.6,14,
2026-04-13T11:28:42.314,NC,LTTS,3400.0,3395.0,3434.6,3342.1,3446.5,43123,3395.26,3400.1,1,3401.6,14,
2026-04-13T11:28:47.247,NC,LTTS,3400.1,3395.0,3434.6,3342.1,3446.5,43137,3395.27,3400.0,484,3402.0,3,
2026-04-13T11:28:57.121,NC,LTTS,3400.0,3395.0,3434.6,3342.1,3446.5,43151,3395.27,3400.0,470,3402.0,3,
2026-04-13T11:29:07.755,NC,LTTS,3400.4,3395.0,3434.6,3342.1,3446.5,43166,3395.27,3400.2,14,3402.1,1,
2026-04-13T11:29:18.563,NC,LTTS,3400.0,3395.0,3434.6,3342.1,3446.5,43179,3395.27,3400.0,453,3400.4,1,
2026-04-13T11:29:24.250,NC,LTTS,3400.4,3395.0,3434.6,3342.1,3446.5,43190,3395.27,3400.0,444,3400.4,1,
2026-04-13T11:29:29.461,NC,LTTS,3400.0,3395.0,3434.6,3342.1,3446.5,43194,3395.27,3400.0,440,3400.4,3,
2026-04-13T11:29:34.869,NC,LTTS,3400.0,3395.0,3434.6,3342.1,3446.5,43204,3395.27,3400.0,431,3400.4,3,
2026-04-13T11:29:40.560,NC,LTTS,3400.0,3395.0,3434.6,3342.1,3446.5,43208,3395.27,3400.0,427,3400.4,3,
2026-04-13T11:29:45.671,NC,LTTS,3400.0,3395.0,3434.6,3342.1,3446.5,43217,3395.28,3400.0,418,3400.4,3,
2026-04-13T11:29:50.686,NC,LTTS,3400.4,3395.0,3434.6,3342.1,3446.5,43226,3395.28,3400.0,412,3402.0,6,
2026-04-13T11:29:55.680,NC,LTTS,3400.0,3395.0,3434.6,3342.1,3446.5,43235,3395.28,3400.0,403,3400.4,1,
2026-04-13T11:30:00.512,NC,LTTS,3400.0,3395.0,3434.6,3342.1,3446.5,43243,3395.28,3400.0,395,3400.4,1,
2026-04-13T11:30:05.510,NC,LTTS,3400.0,3395.0,3434.6,3342.1,3446.5,43252,3395.28,3400.0,386,3400.4,1,
2026-04-13T11:30:11.212,NC,LTTS,3400.4,3395.0,3434.6,3342.1,3446.5,43260,3395.28,3400.0,380,3402.0,5,
2026-04-13T11:30:16.218,NC,LTTS,3400.0,3395.0,3434.6,3342.1,3446.5,43269,3395.28,3400.1,10,3400.4,1,
2026-04-13T11:30:21.420,NC,LTTS,3400.1,3395.0,3434.6,3342.1,3446.5,43273,3395.28,3400.3,4,3400.4,1,
2026-04-13T11:30:26.326,NC,LTTS,3400.3,3395.0,3434.6,3342.1,3446.5,43282,3395.28,3400.3,1,3401.9,22,
2026-04-13T11:30:31.342,NC,LTTS,3400.4,3395.0,3434.6,3342.1,3446.5,43309,3395.29,3400.0,471,3400.4,6,
2026-04-13T11:30:37.039,NC,LTTS,3400.0,3395.0,3434.6,3342.1,3446.5,43322,3395.29,3400.0,458,3400.4,6,
2026-04-13T11:30:47.649,NC,LTTS,3400.1,3395.0,3434.6,3342.1,3446.5,43335,3395.29,3400.1,15,3400.4,6,
2026-04-13T11:30:53.051,NC,LTTS,3400.1,3395.0,3434.6,3342.1,3446.5,43351,3395.29,3400.1,6,3400.4,2,
2026-04-13T11:30:57.957,NC,LTTS,3400.1,3395.0,3434.6,3342.1,3446.5,43356,3395.29,3400.1,8,3400.4,2,
2026-04-13T11:31:03.262,NC,LTTS,3400.4,3395.0,3434.6,3342.1,3446.5,43376,3395.29,3400.1,9,3400.4,3,
2026-04-13T11:31:08.979,NC,LTTS,3400.0,3395.0,3434.6,3342.1,3446.5,43380,3395.29,3400.0,504,3400.4,3,
2026-04-13T11:31:14.406,NC,LTTS,3400.0,3395.0,3434.6,3342.1,3446.5,43389,3395.29,3400.0,495,3400.4,3,
2026-04-13T11:31:19.690,NC,LTTS,3400.0,3395.0,3434.6,3342.1,3446.5,43393,3395.29,3400.0,491,3400.4,5,
2026-04-13T11:31:24.995,NC,LTTS,3400.4,3395.0,3434.6,3342.1,3446.5,43407,3395.3,3400.0,482,3400.4,3,
2026-04-13T11:31:30.113,NC,LTTS,3400.0,3395.0,3434.6,3342.1,3446.5,43411,3395.3,3400.0,478,3400.4,3,
2026-04-13T11:31:34.909,NC,LTTS,3400.0,3395.0,3434.6,3342.1,3446.5,43420,3395.3,3400.0,463,3400.4,3,
2026-04-13T11:31:40.616,NC,LTTS,3400.4,3395.0,3434.6,3342.1,3446.5,43427,3395.3,3400.1,17,3400.4,1,
2026-04-13T11:31:45.628,NC,LTTS,3400.1,3395.0,3434.6,3342.1,3446.5,43436,3395.3,3400.0,459,3400.4,1,
2026-04-13T11:31:50.528,NC,LTTS,3400.0,3395.0,3434.6,3342.1,3446.5,43440,3395.3,3400.0,455,3400.4,1,
2026-04-13T11:31:55.632,NC,LTTS,3400.0,3395.0,3434.6,3342.1,3446.5,43449,3395.3,3400.0,721,3400.4,1,
2026-04-13T11:32:01.443,NC,LTTS,3400.0,3395.0,3434.6,3342.1,3446.5,43453,3395.3,3400.0,717,3400.4,1,
2026-04-13T11:32:07.353,NC,LTTS,3400.4,3395.0,3434.6,3342.1,3446.5,43467,3395.3,3400.0,704,3401.7,6,
2026-04-13T11:32:13.252,NC,LTTS,3400.1,3395.0,3434.6,3342.1,3446.5,43476,3395.3,3400.1,10,3401.8,20,
2026-04-13T11:32:18.850,NC,LTTS,3400.1,3395.0,3434.6,3342.1,3446.5,43481,3395.3,3400.3,1,3402.1,2,
2026-04-13T11:32:24.158,NC,LTTS,3402.2,3395.0,3434.6,3342.1,3446.5,43495,3395.31,3400.2,11,3402.2,14,
2026-04-13T11:32:29.261,NC,LTTS,3400.2,3395.0,3434.6,3342.1,3446.5,43500,3395.31,3400.2,22,3402.4,5,
2026-04-13T11:32:34.580,NC,LTTS,3400.2,3395.0,3434.6,3342.1,3446.5,43509,3395.31,3400.2,16,3401.8,12,
2026-04-13T11:32:39.799,NC,LTTS,3400.2,3395.0,3434.6,3342.1,3446.5,43513,3395.31,3400.2,287,3401.8,12,
2026-04-13T11:32:45.001,NC,LTTS,3400.2,3395.0,3434.6,3342.1,3446.5,43522,3395.31,3400.2,275,3401.8,12,
2026-04-13T11:32:50.209,NC,LTTS,3400.2,3395.0,3434.6,3342.1,3446.5,43626,3395.32,3400.2,175,3401.8,19,
2026-04-13T11:32:55.109,NC,LTTS,3400.2,3395.0,3434.6,3342.1,3446.5,43644,3395.32,3400.2,168,3401.8,10,
2026-04-13T11:32:59.724,NC,LTTS,3400.2,3395.0,3434.6,3342.1,3446.5,43649,3395.32,3400.2,163,3401.8,10,
2026-04-13T11:33:04.628,NC,LTTS,3400.2,3395.0,3434.6,3342.1,3446.5,43658,3395.33,3400.2,154,3401.8,10,
2026-04-13T11:33:09.646,NC,LTTS,3400.2,3395.0,3434.6,3342.1,3446.5,43662,3395.33,3400.2,150,3401.8,10,
2026-04-13T11:33:14.544,NC,LTTS,3400.2,3395.0,3434.6,3342.1,3446.5,43671,3395.33,3400.2,141,3401.8,10,
2026-04-13T11:33:19.355,NC,LTTS,3400.2,3395.0,3434.6,3342.1,3446.5,43675,3395.33,3400.2,137,3401.8,10,
2026-04-13T11:33:24.254,NC,LTTS,3400.9,3395.0,3434.6,3342.1,3446.5,44133,3395.43,3400.5,17,3401.8,3,
2026-04-13T11:33:29.077,NC,LTTS,3400.2,3395.0,3434.6,3342.1,3446.5,44151,3395.43,3400.2,120,3401.8,3,
2026-04-13T11:33:33.881,NC,LTTS,3400.2,3395.0,3434.6,3342.1,3446.5,44160,3395.43,3400.2,111,3401.8,3,
2026-04-13T11:33:38.771,NC,LTTS,3400.2,3395.0,3434.6,3342.1,3446.5,44164,3395.43,3400.2,107,3401.8,3,
2026-04-13T11:33:43.698,NC,LTTS,3400.2,3395.0,3434.6,3342.1,3446.5,44197,3395.43,3400.2,74,3401.8,3,
2026-04-13T11:33:48.700,NC,LTTS,3400.2,3395.0,3434.6,3342.1,3446.5,44201,3395.43,3400.2,70,3401.8,3,
2026-04-13T11:33:53.496,NC,LTTS,3400.2,3395.0,3434.6,3342.1,3446.5,44210,3395.43,3400.2,61,3401.3,2,
2026-04-13T11:33:58.115,NC,LTTS,3400.2,3395.0,3434.6,3342.1,3446.5,44214,3395.43,3400.2,57,3401.3,2,
2026-04-13T11:34:03.414,NC,LTTS,3400.7,3395.0,3434.6,3342.1,3446.5,44296,3395.45,3400.3,7,3402.1,1,
2026-04-13T11:34:08.916,NC,LTTS,3400.2,3395.0,3434.6,3342.1,3446.5,44301,3395.45,3400.2,54,3402.0,3,
2026-04-13T11:34:14.532,NC,LTTS,3400.3,3395.0,3434.6,3342.1,3446.5,44310,3395.45,3400.4,1,3402.0,3,
2026-04-13T11:34:19.831,NC,LTTS,3400.7,3395.0,3434.6,3342.1,3446.5,44320,3395.45,3400.2,54,3400.7,12,
2026-04-13T11:34:25.036,NC,LTTS,3400.7,3395.0,3434.6,3342.1,3446.5,44363,3395.45,3400.4,9,3400.7,3,
2026-04-13T11:34:30.248,NC,LTTS,3400.2,3395.0,3434.6,3342.1,3446.5,44374,3395.45,3400.4,1,3400.7,3,
2026-04-13T11:34:35.048,NC,LTTS,3400.4,3395.0,3434.6,3342.1,3446.5,44388,3395.46,3400.2,46,3400.4,1,
2026-04-13T11:34:39.957,NC,LTTS,3400.2,3395.0,3434.6,3342.1,3446.5,44399,3395.46,3400.2,35,3400.4,1,
2026-04-13T11:34:45.061,NC,LTTS,3400.2,3395.0,3434.6,3342.1,3446.5,44410,3395.46,3400.2,26,3400.4,1,
2026-04-13T11:34:49.967,NC,LTTS,3400.4,3395.0,3434.6,3342.1,3446.5,44417,3395.46,3400.2,51,3400.4,1,
2026-04-13T11:34:54.783,NC,LTTS,3400.2,3395.0,3434.6,3342.1,3446.5,44441,3395.46,3400.3,1,3401.9,3,
2026-04-13T11:34:59.669,NC,LTTS,3400.3,3395.0,3434.6,3342.1,3446.5,44446,3395.46,3400.2,15,3401.8,3,
2026-04-13T11:35:04.379,NC,LTTS,3400.2,3395.0,3434.6,3342.1,3446.5,44455,3395.46,3400.2,8,3400.4,5,
2026-04-13T11:35:09.181,NC,LTTS,3400.2,3395.0,3434.6,3342.1,3446.5,44459,3395.46,3400.2,11,3400.4,5,
2026-04-13T11:35:13.983,NC,LTTS,3400.2,3395.0,3434.6,3342.1,3446.5,44468,3395.46,3400.2,1,3400.4,5,
2026-04-13T11:35:18.686,NC,LTTS,3400.0,3395.0,3434.6,3342.1,3446.5,44472,3395.47,3400.0,381,3400.4,5,
2026-04-13T11:35:23.509,NC,LTTS,3400.0,3395.0,3434.6,3342.1,3446.5,44511,3395.47,3400.0,342,3400.2,10,
2026-04-13T11:35:28.397,NC,LTTS,3400.0,3395.0,3434.6,3342.1,3446.5,44515,3395.47,3400.0,338,3400.2,11,
2026-04-13T11:35:33.297,NC,LTTS,3400.0,3395.0,3434.6,3342.1,3446.5,44524,3395.47,3400.0,339,3400.2,11,
2026-04-13T11:35:38.005,NC,LTTS,3400.0,3395.0,3434.6,3342.1,3446.5,44528,3395.47,3400.0,335,3400.2,11,
2026-04-13T11:35:42.913,NC,LTTS,3400.0,3395.0,3434.6,3342.1,3446.5,44537,3395.47,3400.0,326,3400.2,11,
2026-04-13T11:35:47.715,NC,LTTS,3400.0,3395.0,3434.6,3342.1,3446.5,44541,3395.47,3400.0,312,3400.2,11,
2026-04-13T11:35:52.724,NC,LTTS,3400.0,3395.0,3434.6,3342.1,3446.5,44560,3395.47,3400.0,323,3400.2,1,
2026-04-13T11:35:57.327,NC,LTTS,3400.0,3395.0,3434.6,3342.1,3446.5,44564,3395.47,3400.0,321,3400.2,1,
2026-04-13T11:36:07.634,NC,LTTS,3400.0,3395.0,3434.6,3342.1,3446.5,44577,3395.48,3400.0,288,3400.4,6,
2026-04-13T11:36:13.355,NC,LTTS,3400.0,3395.0,3434.6,3342.1,3446.5,44586,3395.48,3400.0,279,3400.4,6,
2026-04-13T11:36:19.308,NC,LTTS,3400.0,3395.0,3434.6,3342.1,3446.5,44590,3395.48,3400.0,275,3400.4,6,
2026-04-13T11:36:24.666,NC,LTTS,3400.0,3395.0,3434.6,3342.1,3446.5,44626,3395.48,3400.0,240,3400.4,5,
2026-04-13T11:36:30.108,NC,LTTS,3400.0,3395.0,3434.6,3342.1,3446.5,44635,3395.48,3400.1,18,3400.4,1,
2026-04-13T11:36:35.581,NC,LTTS,3400.1,3395.0,3434.6,3342.1,3446.5,44647,3395.48,3400.1,9,3400.4,1,
2026-04-13T11:36:40.789,NC,LTTS,3400.1,3395.0,3434.6,3342.1,3446.5,44651,3395.48,3400.1,21,3400.4,1,
2026-04-13T11:36:46.094,NC,LTTS,3400.1,3395.0,3434.6,3342.1,3446.5,44660,3395.48,3400.1,12,3400.4,1,
2026-04-13T11:36:51.466,NC,LTTS,3400.1,3395.0,3434.6,3342.1,3446.5,44664,3395.48,3400.1,19,3400.4,1,
2026-04-13T11:36:56.682,NC,LTTS,3400.1,3395.0,3434.6,3342.1,3446.5,44673,3395.49,3400.2,100,3400.4,1,
2026-04-13T11:37:01.672,NC,LTTS,3400.2,3395.0,3434.6,3342.1,3446.5,44678,3395.49,3400.2,95,3400.4,1,
2026-04-13T11:37:07.083,NC,LTTS,3400.4,3395.0,3434.6,3342.1,3446.5,44694,3395.49,3400.5,79,3401.4,1,
2026-04-13T11:37:12.382,NC,LTTS,3400.6,3395.0,3434.6,3342.1,3446.5,44775,3395.5,3400.1,23,3400.6,1,
2026-04-13T11:37:17.426,NC,LTTS,3400.3,3395.0,3434.6,3342.1,3446.5,44797,3395.5,3400.1,29,3402.5,2,
2026-04-13T11:37:27.794,NC,LTTS,3400.0,3395.0,3434.6,3342.1,3446.5,44831,3395.5,3400.0,132,3400.8,1,
2026-04-13T11:37:33.017,NC,LTTS,3400.0,3395.0,3434.6,3342.1,3446.5,44840,3395.5,3400.0,123,3401.0,25,
2026-04-13T11:37:38.604,NC,LTTS,3400.0,3395.0,3434.6,3342.1,3446.5,44844,3395.5,3400.0,122,3401.0,25,
2026-04-13T11:37:43.812,NC,LTTS,3400.0,3395.0,3434.6,3342.1,3446.5,44853,3395.51,3400.0,113,3401.0,25,
2026-04-13T11:37:48.718,NC,LTTS,3400.0,3395.0,3434.6,3342.1,3446.5,44857,3395.51,3400.0,109,3401.0,25,
2026-04-13T11:37:53.627,NC,LTTS,3400.0,3395.0,3434.6,3342.1,3446.5,44866,3395.51,3400.0,100,3401.0,25,
2026-04-13T11:37:58.531,NC,LTTS,3400.0,3395.0,3434.6,3342.1,3446.5,44870,3395.51,3400.0,96,3401.0,25,
2026-04-13T11:38:04.042,NC,LTTS,3400.0,3395.0,3434.6,3342.1,3446.5,44879,3395.51,3400.0,88,3401.0,25,
2026-04-13T11:38:09.337,NC,LTTS,3400.0,3395.0,3434.6,3342.1,3446.5,44883,3395.51,3400.0,84,3401.0,25,
2026-04-13T11:38:14.541,NC,LTTS,3401.0,3395.0,3434.6,3342.1,3446.5,44895,3395.51,3400.0,72,3401.0,22,
2026-04-13T11:38:20.073,NC,LTTS,3400.0,3395.0,3434.6,3342.1,3446.5,44899,3395.51,3400.0,68,3401.0,22,
2026-04-13T11:38:25.655,NC,LTTS,3401.0,3395.0,3434.6,3342.1,3446.5,44910,3395.51,3400.2,6,3401.0,20,
2026-04-13T11:38:30.769,NC,LTTS,3400.2,3395.0,3434.6,3342.1,3446.5,44914,3395.51,3400.0,608,3401.0,20,
2026-04-13T11:38:35.968,NC,LTTS,3400.0,3395.0,3434.6,3342.1,3446.5,44923,3395.51,3400.0,596,3401.0,20,
2026-04-13T11:38:41.098,NC,LTTS,3400.0,3395.0,3434.6,3342.1,3446.5,44927,3395.51,3400.0,594,3401.0,20,
2026-04-13T11:38:46.194,NC,LTTS,3401.0,3395.0,3434.6,3342.1,3446.5,44950,3395.52,3400.0,597,3401.0,6,
2026-04-13T11:38:51.632,NC,LTTS,3400.0,3395.0,3434.6,3342.1,3446.5,44954,3395.52,3400.0,607,3401.0,6,
2026-04-13T11:38:56.610,NC,LTTS,3400.0,3395.0,3434.6,3342.1,3446.5,44963,3395.52,3400.1,21,3401.0,6,
2026-04-13T11:39:01.499,NC,LTTS,3400.1,3395.0,3434.6,3342.1,3446.5,44968,3395.52,3400.1,16,3401.0,6,
2026-04-13T11:39:06.737,NC,LTTS,3400.1,3395.0,3434.6,3342.1,3446.5,44981,3395.52,3400.1,18,3401.0,6,
2026-04-13T11:39:16.274,NC,LTTS,3401.0,3395.0,3434.6,3342.1,3446.5,44991,3395.52,3400.1,114,3401.0,5,
2026-04-13T11:39:21.453,NC,LTTS,3400.1,3395.0,3434.6,3342.1,3446.5,44995,3395.52,3400.1,111,3401.0,5,
2026-04-13T11:39:26.455,NC,LTTS,3400.1,3395.0,3434.6,3342.1,3446.5,45004,3395.52,3400.1,107,3401.0,5,
2026-04-13T11:39:31.372,NC,LTTS,3401.0,3395.0,3434.6,3342.1,3446.5,45009,3395.52,3400.1,105,3401.0,4,
2026-04-13T11:39:36.073,NC,LTTS,3400.1,3395.0,3434.6,3342.1,3446.5,45018,3395.52,3400.1,96,3401.0,4,
2026-04-13T11:39:41.481,NC,LTTS,3400.1,3395.0,3434.6,3342.1,3446.5,45022,3395.52,3400.1,90,3401.0,4,
2026-04-13T11:39:46.901,NC,LTTS,3400.1,3395.0,3434.6,3342.1,3446.5,45035,3395.52,3400.1,82,3401.0,4,
2026-04-13T11:39:52.187,NC,LTTS,3400.1,3395.0,3434.6,3342.1,3446.5,45093,3395.53,3400.1,18,3401.0,6,
2026-04-13T11:39:57.724,NC,LTTS,3400.1,3395.0,3434.6,3342.1,3446.5,45106,3395.53,3400.1,10,3401.0,4,
2026-04-13T11:40:03.181,NC,LTTS,3400.1,3395.0,3434.6,3342.1,3446.5,45115,3395.53,3400.1,12,3401.0,4,
2026-04-13T11:40:08.433,NC,LTTS,3400.1,3395.0,3434.6,3342.1,3446.5,45123,3395.53,3400.1,9,3401.7,7,
2026-04-13T11:40:13.938,NC,LTTS,3400.1,3395.0,3434.6,3342.1,3446.5,45132,3395.53,3400.0,534,3401.7,6,
2026-04-13T11:40:19.246,NC,LTTS,3400.0,3395.0,3434.6,3342.1,3446.5,45136,3395.53,3400.0,530,3401.7,6,
2026-04-13T11:40:24.156,NC,LTTS,3400.0,3395.0,3434.6,3342.1,3446.5,45145,3395.54,3400.0,521,3401.6,1,
2026-04-13T11:40:28.964,NC,LTTS,3400.0,3395.0,3434.6,3342.1,3446.5,45149,3395.54,3400.0,517,3401.6,4,
2026-04-13T11:40:33.980,NC,LTTS,3400.0,3395.0,3434.6,3342.1,3446.5,45158,3395.54,3400.0,509,3401.6,1,
2026-04-13T11:40:39.189,NC,LTTS,3400.0,3395.0,3434.6,3342.1,3446.5,45162,3395.54,3400.0,455,3401.6,3,
2026-04-13T11:40:44.097,NC,LTTS,3400.0,3395.0,3434.6,3342.1,3446.5,45171,3395.54,3400.0,461,3401.6,1,
2026-04-13T11:40:49.299,NC,LTTS,3400.1,3395.0,3434.6,3342.1,3446.5,45176,3395.54,3400.1,9,3401.6,1,
2026-04-13T11:40:54.700,NC,LTTS,3400.2,3395.0,3434.6,3342.1,3446.5,48292,3395.82,3398.0,2,3399.9,1,
2026-04-13T11:40:59.775,NC,LTTS,3399.9,3395.0,3434.6,3342.1,3446.5,48304,3395.82,3399.9,8,3400.4,1,
2026-04-13T11:41:05.426,NC,LTTS,3400.0,3395.0,3434.6,3342.1,3446.5,48313,3395.82,3399.0,1,3400.4,1,
2026-04-13T11:41:11.530,NC,LTTS,3398.9,3395.0,3434.6,3342.1,3446.5,48317,3395.82,3399.0,1,3400.4,1,
2026-04-13T11:41:17.044,NC,LTTS,3398.7,3395.0,3434.6,3342.1,3446.5,48427,3395.83,3398.9,2,3400.4,1,
2026-04-13T11:41:27.339,NC,LTTS,3399.0,3395.0,3434.6,3342.1,3446.5,48440,3395.83,3399.1,8,3400.4,1,
2026-04-13T11:41:37.049,NC,LTTS,3399.1,3395.0,3434.6,3342.1,3446.5,48453,3395.83,3399.1,3,3400.4,1,
2026-04-13T11:41:42.060,NC,LTTS,3401.4,3395.0,3434.6,3342.1,3446.5,48460,3395.83,3399.2,1,3401.6,1,
2026-04-13T11:41:46.956,NC,LTTS,3399.2,3395.0,3434.6,3342.1,3446.5,48473,3395.83,3399.1,1,3400.9,1,
2026-04-13T11:41:56.664,NC,LTTS,3399.3,3395.0,3434.6,3342.1,3446.5,48583,3395.85,3399.8,1,3402.0,11,
2026-04-13T11:42:02.085,NC,LTTS,3399.6,3395.0,3434.6,3342.1,3446.5,48587,3395.85,3399.6,3,3401.2,1,
2026-04-13T11:42:07.115,NC,LTTS,3399.4,3395.0,3434.6,3342.1,3446.5,48600,3395.85,3399.5,1,3401.3,1,
2026-04-13T11:42:17.518,NC,LTTS,3399.7,3395.0,3434.6,3342.1,3446.5,48613,3395.85,3399.5,2,3401.4,1,
2026-04-13T11:42:27.841,NC,LTTS,3399.2,3395.0,3434.6,3342.1,3446.5,48626,3395.85,3399.1,1,3400.7,1,
2026-04-13T11:42:38.348,NC,LTTS,3399.1,3395.0,3434.6,3342.1,3446.5,48639,3395.85,3399.1,2,3400.6,1,
2026-04-13T11:42:48.558,NC,LTTS,3399.1,3395.0,3434.6,3342.1,3446.5,48653,3395.85,3400.0,2,3401.2,1,
2026-04-13T11:42:53.563,NC,LTTS,3400.0,3395.0,3434.6,3342.1,3446.5,48662,3395.85,3399.1,5,3402.1,1,
2026-04-13T11:42:58.562,NC,LTTS,3399.1,3395.0,3434.6,3342.1,3446.5,48667,3395.85,3398.8,5,3400.3,1,
2026-04-13T11:43:03.464,NC,LTTS,3400.0,3395.0,3434.6,3342.1,3446.5,48676,3395.85,3398.6,5,3400.4,3,
2026-04-13T11:43:08.472,NC,LTTS,3398.6,3395.0,3434.6,3342.1,3446.5,48680,3395.85,3398.6,5,3400.2,1,
2026-04-13T11:43:13.681,NC,LTTS,3400.0,3395.0,3434.6,3342.1,3446.5,48689,3395.85,3398.6,5,3400.4,3,
2026-04-13T11:43:19.108,NC,LTTS,3398.6,3395.0,3434.6,3342.1,3446.5,48702,3395.86,3398.6,5,3400.3,1,
2026-04-13T11:43:23.998,NC,LTTS,3400.0,3395.0,3434.6,3342.1,3446.5,48734,3395.86,3398.3,4,3400.4,3,
2026-04-13T11:43:28.705,NC,LTTS,3398.7,3395.0,3434.6,3342.1,3446.5,48741,3395.86,3398.7,2,3400.4,3,
2026-04-13T11:43:33.613,NC,LTTS,3400.0,3395.0,3434.6,3342.1,3446.5,48751,3395.86,3398.7,2,3400.4,2,
2026-04-13T11:43:38.307,NC,LTTS,3398.4,3395.0,3434.6,3342.1,3446.5,48755,3395.86,3398.0,11,3400.3,1,
2026-04-13T11:43:47.720,NC,LTTS,3398.3,3395.0,3434.6,3342.1,3446.5,48794,3395.86,3398.3,20,3401.7,1,
2026-04-13T11:43:57.170,NC,LTTS,3398.2,3395.0,3434.6,3342.1,3446.5,48811,3395.86,3398.2,11,3401.7,1,
2026-04-13T11:44:06.767,NC,LTTS,3398.9,3395.0,3434.6,3342.1,3446.5,48824,3395.86,3398.9,4,3401.8,1,
2026-04-13T11:44:16.876,NC,LTTS,3398.9,3395.0,3434.6,3342.1,3446.5,48829,3395.87,3398.9,1,3400.0,1,
2026-04-13T11:44:22.377,NC,LTTS,3400.0,3395.0,3434.6,3342.1,3446.5,48837,3395.87,3398.4,15,3401.8,1,
2026-04-13T11:44:27.082,NC,LTTS,3399.4,3395.0,3434.6,3342.1,3446.5,48850,3395.87,3399.4,1,3402.1,1,
2026-04-13T11:44:36.409,NC,LTTS,3400.0,3395.0,3434.6,3342.1,3446.5,48859,3395.87,3399.8,1,3402.1,1,
2026-04-13T11:44:41.303,NC,LTTS,3399.6,3395.0,3434.6,3342.1,3446.5,48863,3395.87,3400.3,24,3403.8,3,
2026-04-13T11:44:46.205,NC,LTTS,3400.3,3395.0,3434.6,3342.1,3446.5,48872,3395.87,3400.3,14,3403.7,3,
2026-04-13T11:44:50.913,NC,LTTS,3400.3,3395.0,3434.6,3342.1,3446.5,48876,3395.87,3400.3,9,3403.5,3,
2026-04-13T11:44:55.915,NC,LTTS,3403.3,3395.0,3434.6,3342.1,3446.5,48886,3395.87,3401.4,1,3403.2,1,
2026-04-13T11:45:00.724,NC,LTTS,3401.1,3395.0,3434.6,3342.1,3446.5,48891,3395.87,3400.8,1,3403.1,2,
2026-04-13T11:45:06.125,NC,LTTS,3400.5,3395.0,3434.6,3342.1,3446.5,48906,3395.87,3400.5,2,3400.8,1,
2026-04-13T11:45:11.433,NC,LTTS,3400.0,3395.0,3434.6,3342.1,3446.5,48910,3395.87,3400.0,351,3400.8,1,
2026-04-13T11:45:16.364,NC,LTTS,3400.0,3395.0,3434.6,3342.1,3446.5,48919,3395.87,3400.0,342,3400.8,1,
2026-04-13T11:45:21.154,NC,LTTS,3400.0,3395.0,3434.6,3342.1,3446.5,48923,3395.87,3400.0,338,3400.8,1,
2026-04-13T11:45:25.967,NC,LTTS,3400.0,3395.0,3434.6,3342.1,3446.5,48932,3395.87,3400.0,330,3400.8,1,
2026-04-13T11:45:30.883,NC,LTTS,3400.0,3395.0,3434.6,3342.1,3446.5,48936,3395.87,3400.0,326,3400.8,1,
2026-04-13T11:45:35.784,NC,LTTS,3400.0,3395.0,3434.6,3342.1,3446.5,48945,3395.88,3400.0,317,3400.8,1,
2026-04-13T11:45:40.587,NC,LTTS,3400.0,3395.0,3434.6,3342.1,3446.5,48949,3395.88,3400.0,313,3400.8,1,
2026-04-13T11:45:45.694,NC,LTTS,3400.8,3395.0,3434.6,3342.1,3446.5,49873,3395.95,3400.1,23,3402.1,2,
2026-04-13T11:45:51.512,NC,LTTS,3402.2,3395.0,3434.6,3342.1,3446.5,49887,3395.95,3400.5,1,3402.4,1,
2026-04-13T11:45:56.918,NC,LTTS,3400.8,3395.0,3434.6,3342.1,3446.5,49900,3395.96,3400.6,24,3402.9,1,
2026-04-13T11:46:02.310,NC,LTTS,3400.6,3395.0,3434.6,3342.1,3446.5,49904,3395.96,3400.1,11,3402.2,2,
2026-04-13T11:46:07.916,NC,LTTS,3400.1,3395.0,3434.6,3342.1,3446.5,49917,3395.96,3400.3,2,3402.1,1,
2026-04-13T11:46:13.035,NC,LTTS,3400.3,3395.0,3434.6,3342.1,3446.5,49923,3395.96,3400.0,106,3400.3,1,
2026-04-13T11:46:18.136,NC,LTTS,3400.6,3395.0,3434.6,3342.1,3446.5,49940,3395.96,3401.2,17,3402.9,1,
2026-04-13T11:46:23.076,NC,LTTS,3401.2,3395.0,3434.6,3342.1,3446.5,49943,3395.96,3400.2,10,3401.2,3,
2026-04-13T11:46:27.737,NC,LTTS,3400.2,3395.0,3434.6,3342.1,3446.5,49956,3395.96,3400.0,105,3401.2,2,
2026-04-13T11:46:32.531,NC,LTTS,3400.4,3395.0,3434.6,3342.1,3446.5,49967,3395.96,3401.0,2,3403.1,1,
2026-04-13T11:46:37.240,NC,LTTS,3400.1,3395.0,3434.6,3342.1,3446.5,50005,3395.96,3400.0,101,3401.6,1,
2026-04-13T11:46:46.851,NC,LTTS,3400.0,3395.0,3434.6,3342.1,3446.5,50018,3395.97,3400.0,88,3401.5,1,
2026-04-13T11:46:56.053,NC,LTTS,3400.0,3395.0,3434.6,3342.1,3446.5,50027,3395.97,3400.0,79,3401.5,1,
2026-04-13T11:47:00.474,NC,LTTS,3400.0,3395.0,3434.6,3342.1,3446.5,50032,3395.97,3400.0,74,3401.5,1,
2026-04-13T11:47:05.170,NC,LTTS,3400.0,3395.0,3434.6,3342.1,3446.5,50041,3395.97,3400.0,65,3401.5,1,
2026-04-13T11:47:09.893,NC,LTTS,3400.0,3395.0,3434.6,3342.1,3446.5,50061,3395.97,3400.0,45,3401.5,1,
2026-04-13T11:47:14.491,NC,LTTS,3400.0,3395.0,3434.6,3342.1,3446.5,50070,3395.97,3400.0,36,3401.5,1,
2026-04-13T11:47:18.993,NC,LTTS,3400.0,3395.0,3434.6,3342.1,3446.5,50074,3395.97,3400.0,32,3401.5,1,
2026-04-13T11:47:23.499,NC,LTTS,3400.0,3395.0,3434.6,3342.1,3446.5,50083,3395.97,3400.0,23,3401.5,1,
2026-04-13T11:47:27.918,NC,LTTS,3400.0,3395.0,3434.6,3342.1,3446.5,50087,3395.97,3400.0,19,3401.5,1,
2026-04-13T11:47:37.227,NC,LTTS,3400.0,3395.0,3434.6,3342.1,3446.5,50100,3395.97,3400.0,6,3401.6,1,
2026-04-13T11:47:41.923,NC,LTTS,3400.0,3395.0,3434.6,3342.1,3446.5,50104,3395.97,3400.0,2,3401.4,1,
2026-04-13T11:47:46.522,NC,LTTS,3401.4,3395.0,3434.6,3342.1,3446.5,50114,3395.97,3400.0,352,3401.4,1,
2026-04-13T11:47:51.726,NC,LTTS,3402.8,3395.0,3434.6,3342.1,3446.5,50138,3395.98,3400.4,15,3402.7,1,
2026-04-13T11:47:56.730,NC,LTTS,3400.0,3395.0,3434.6,3342.1,3446.5,50155,3395.98,3400.0,341,3402.2,4,
2026-04-13T11:48:06.945,NC,LTTS,3400.0,3395.0,3434.6,3342.1,3446.5,50168,3395.98,3400.0,328,3402.2,4,
2026-04-13T11:48:17.753,NC,LTTS,3400.0,3395.0,3434.6,3342.1,3446.5,50181,3395.98,3400.0,315,3402.5,1,
2026-04-13T11:48:23.052,NC,LTTS,3400.1,3395.0,3434.6,3342.1,3446.5,50200,3395.98,3400.2,35,3402.5,1,
2026-04-13T11:48:28.171,NC,LTTS,3400.2,3395.0,3434.6,3342.1,3446.5,50212,3395.98,3400.2,31,3402.5,1,
2026-04-13T11:48:33.163,NC,LTTS,3400.2,3395.0,3434.6,3342.1,3446.5,50225,3395.98,3400.2,15,3402.4,5,
2026-04-13T11:48:38.066,NC,LTTS,3400.4,3395.0,3434.6,3342.1,3446.5,50267,3395.99,3400.4,2,3402.2,5,
2026-04-13T11:48:43.206,NC,LTTS,3400.7,3395.0,3434.6,3342.1,3446.5,50278,3395.99,3400.7,46,3402.9,1,
2026-04-13T11:48:47.991,NC,LTTS,3400.2,3395.0,3434.6,3342.1,3446.5,50326,3395.99,3400.2,28,3402.3,1,
2026-04-13T11:48:52.883,NC,LTTS,3400.2,3395.0,3434.6,3342.1,3446.5,50335,3395.99,3400.2,19,3402.3,1,
2026-04-13T11:48:57.486,NC,LTTS,3400.2,3395.0,3434.6,3342.1,3446.5,50340,3395.99,3400.2,15,3402.0,1,
2026-04-13T11:49:07.315,NC,LTTS,3400.2,3395.0,3434.6,3342.1,3446.5,50353,3395.99,3400.2,24,3401.9,2,
2026-04-13T11:49:12.025,NC,LTTS,3401.9,3395.0,3434.6,3342.1,3446.5,50354,3395.99,3400.4,11,3401.9,1,
2026-04-13T11:49:16.808,NC,LTTS,3400.4,3395.0,3434.6,3342.1,3446.5,50374,3396.0,3400.2,59,3400.4,1,
2026-04-13T11:49:21.715,NC,LTTS,3400.4,3395.0,3434.6,3342.1,3446.5,50378,3396.0,3400.2,20,3400.4,1,
2026-04-13T11:49:26.525,NC,LTTS,3400.2,3395.0,3434.6,3342.1,3446.5,50387,3396.0,3400.2,11,3400.4,1,
2026-04-13T11:49:31.147,NC,LTTS,3400.4,3395.0,3434.6,3342.1,3446.5,50393,3396.0,3400.2,8,3400.4,1,
2026-04-13T11:49:35.934,NC,LTTS,3400.2,3395.0,3434.6,3342.1,3446.5,50402,3396.0,3400.1,14,3400.4,1,
2026-04-13T11:49:40.535,NC,LTTS,3400.1,3395.0,3434.6,3342.1,3446.5,50408,3396.0,3400.1,9,3400.4,1,
2026-04-13T11:49:45.155,NC,LTTS,3400.4,3395.0,3434.6,3342.1,3446.5,50485,3396.01,3400.0,289,3400.4,1,
2026-04-13T11:49:50.454,NC,LTTS,3400.0,3395.0,3434.6,3342.1,3446.5,50489,3396.01,3400.0,285,3400.4,1,
2026-04-13T11:49:55.555,NC,LTTS,3400.4,3395.0,3434.6,3342.1,3446.5,50515,3396.01,3400.0,276,3401.9,7,
2026-04-13T11:50:00.305,NC,LTTS,3400.4,3395.0,3434.6,3342.1,3446.5,50523,3396.01,3400.4,2,3402.0,5,
2026-04-13T11:50:06.366,NC,LTTS,3400.5,3395.0,3434.6,3342.1,3446.5,50533,3396.01,3400.6,28,3402.3,1,
2026-04-13T11:50:12.474,NC,LTTS,3400.6,3395.0,3434.6,3342.1,3446.5,50559,3396.01,3400.4,2,3402.1,1,
2026-04-13T11:50:18.285,NC,LTTS,3402.1,3395.0,3434.6,3342.1,3446.5,50593,3396.02,3400.8,32,3403.3,1,
2026-04-13T11:50:24.891,NC,LTTS,3400.8,3395.0,3434.6,3342.1,3446.5,50632,3396.02,3400.1,36,3403.4,4,
2026-04-13T11:50:30.797,NC,LTTS,3400.1,3395.0,3434.6,3342.1,3446.5,50636,3396.02,3400.1,53,3403.4,4,
2026-04-13T11:50:36.409,NC,LTTS,3400.1,3395.0,3434.6,3342.1,3446.5,50645,3396.02,3400.1,44,3403.4,4,
2026-04-13T11:50:42.013,NC,LTTS,3400.8,3395.0,3434.6,3342.1,3446.5,50662,3396.02,3400.6,20,3402.9,5,
2026-04-13T11:50:47.524,NC,LTTS,3400.2,3395.0,3434.6,3342.1,3446.5,50675,3396.02,3400.2,24,3402.6,5,
2026-04-13T11:50:52.734,NC,LTTS,3400.2,3395.0,3434.6,3342.1,3446.5,50684,3396.02,3400.1,5,3402.6,7,
2026-04-13T11:50:57.831,NC,LTTS,3400.1,3395.0,3434.6,3342.1,3446.5,50689,3396.02,3400.1,27,3402.5,22,
2026-04-13T11:51:03.242,NC,LTTS,3400.1,3395.0,3434.6,3342.1,3446.5,50698,3396.03,3400.1,18,3402.4,1,
2026-04-13T11:51:08.742,NC,LTTS,3402.8,3395.0,3434.6,3342.1,3446.5,50722,3396.03,3400.3,11,3402.9,4,
2026-04-13T11:51:13.976,NC,LTTS,3400.6,3395.0,3434.6,3342.1,3446.5,50732,3396.03,3400.4,1,3402.8,5,
2026-04-13T11:51:19.272,NC,LTTS,3400.2,3395.0,3434.6,3342.1,3446.5,50737,3396.03,3400.2,52,3402.2,4,
2026-04-13T11:51:24.467,NC,LTTS,3400.2,3395.0,3434.6,3342.1,3446.5,50746,3396.03,3400.2,43,3402.1,4,
2026-04-13T11:51:29.471,NC,LTTS,3400.1,3395.0,3434.6,3342.1,3446.5,50851,3396.04,3400.1,40,3402.2,1,
2026-04-13T11:51:34.280,NC,LTTS,3402.2,3395.0,3434.6,3342.1,3446.5,50865,3396.04,3400.5,3,3402.7,5,
2026-04-13T11:51:39.296,NC,LTTS,3400.5,3395.0,3434.6,3342.1,3446.5,50869,3396.04,3400.3,52,3403.6,1,
2026-04-13T11:51:44.494,NC,LTTS,3400.6,3395.0,3434.6,3342.1,3446.5,50878,3396.04,3400.6,22,3403.1,3,
2026-04-13T11:51:49.910,NC,LTTS,3400.5,3395.0,3434.6,3342.1,3446.5,50882,3396.04,3400.1,5,3402.2,5,
2026-04-13T11:51:55.208,NC,LTTS,3400.1,3395.0,3434.6,3342.1,3446.5,50891,3396.04,3400.0,242,3402.5,8,
2026-04-13T11:52:00.319,NC,LTTS,3400.0,3395.0,3434.6,3342.1,3446.5,50895,3396.04,3400.0,238,3402.5,1,
2026-04-13T11:52:05.535,NC,LTTS,3400.9,3395.0,3434.6,3342.1,3446.5,50914,3396.05,3400.0,219,3402.7,1,
2026-04-13T11:52:10.945,NC,LTTS,3400.0,3395.0,3434.6,3342.1,3446.5,50918,3396.05,3400.0,215,3402.0,1,
2026-04-13T11:52:15.951,NC,LTTS,3402.0,3395.0,3434.6,3342.1,3446.5,50928,3396.05,3400.0,219,3402.3,3,
2026-04-13T11:52:20.959,NC,LTTS,3402.2,3395.0,3434.6,3342.1,3446.5,50936,3396.05,3402.3,1,3403.8,1,
2026-04-13T11:52:25.875,NC,LTTS,3400.8,3395.0,3434.6,3342.1,3446.5,50982,3396.05,3400.8,14,3402.3,1,
2026-04-13T11:52:30.790,NC,LTTS,3400.8,3395.0,3434.6,3342.1,3446.5,51003,3396.05,3401.0,2,3402.6,16,
2026-04-13T11:52:36.004,NC,LTTS,3401.0,3395.0,3434.6,3342.1,3446.5,51008,3396.05,3400.1,28,3401.0,2,
2026-04-13T11:52:41.322,NC,LTTS,3400.1,3395.0,3434.6,3342.1,3446.5,51016,3396.05,3400.1,20,3401.0,1,
2026-04-13T11:52:46.504,NC,LTTS,3401.0,3395.0,3434.6,3342.1,3446.5,51029,3396.06,3400.2,5,3401.0,1,
2026-04-13T11:52:51.611,NC,LTTS,3400.2,3395.0,3434.6,3342.1,3446.5,51033,3396.06,3400.1,11,3401.0,1,
2026-04-13T11:52:56.718,NC,LTTS,3400.1,3395.0,3434.6,3342.1,3446.5,51047,3396.06,3400.0,213,3401.0,1,
2026-04-13T11:53:07.235,NC,LTTS,3400.2,3395.0,3434.6,3342.1,3446.5,51064,3396.06,3400.1,1,3401.9,7,
2026-04-13T11:53:17.352,NC,LTTS,3400.1,3395.0,3434.6,3342.1,3446.5,51072,3396.06,3400.1,10,3401.0,1,
2026-04-13T11:53:22.059,NC,LTTS,3400.1,3395.0,3434.6,3342.1,3446.5,51077,3396.06,3400.3,8,3402.2,2,
2026-04-13T11:53:26.855,NC,LTTS,3400.4,3395.0,3434.6,3342.1,3446.5,51093,3396.06,3400.2,4,3402.1,4,
2026-04-13T11:53:36.368,NC,LTTS,3400.2,3395.0,3434.6,3342.1,3446.5,51105,3396.06,3400.4,1,3402.7,19,
2026-04-13T11:53:41.673,NC,LTTS,3400.3,3395.0,3434.6,3342.1,3446.5,51109,3396.06,3400.1,37,3402.3,3,
2026-04-13T11:53:46.975,NC,LTTS,3400.1,3395.0,3434.6,3342.1,3446.5,51122,3396.06,3400.1,27,3402.2,13,
2026-04-13T11:53:56.588,NC,LTTS,3400.1,3395.0,3434.6,3342.1,3446.5,51131,3396.06,3400.1,21,3401.9,3,
2026-04-13T11:54:01.207,NC,LTTS,3400.1,3395.0,3434.6,3342.1,3446.5,51135,3396.06,3400.1,17,3401.8,18,
2026-04-13T11:54:06.206,NC,LTTS,3400.1,3395.0,3434.6,3342.1,3446.5,51144,3396.07,3400.1,18,3401.8,16,
2026-04-13T11:54:11.417,NC,LTTS,3400.1,3395.0,3434.6,3342.1,3446.5,51148,3396.07,3400.1,31,3401.8,16,
2026-04-13T11:54:16.427,NC,LTTS,3400.1,3395.0,3434.6,3342.1,3446.5,51157,3396.07,3400.1,22,3401.8,16,
2026-04-13T11:54:21.418,NC,LTTS,3400.1,3395.0,3434.6,3342.1,3446.5,51161,3396.07,3400.1,41,3401.8,16,
2026-04-13T11:54:26.238,NC,LTTS,3400.6,3395.0,3434.6,3342.1,3446.5,51210,3396.07,3400.1,464,3401.8,4,
2026-04-13T11:54:31.028,NC,LTTS,3401.8,3395.0,3434.6,3342.1,3446.5,51218,3396.07,3400.1,581,3401.8,4,
2026-04-13T11:54:35.937,NC,LTTS,3400.1,3395.0,3434.6,3342.1,3446.5,51227,3396.07,3400.1,571,3401.8,4,
2026-04-13T11:54:40.970,NC,LTTS,3400.1,3395.0,3434.6,3342.1,3446.5,51231,3396.07,3400.1,567,3401.8,4,
2026-04-13T11:54:45.943,NC,LTTS,3401.8,3395.0,3434.6,3342.1,3446.5,51303,3396.08,3400.1,487,3401.8,4,
2026-04-13T11:54:50.659,NC,LTTS,3401.8,3395.0,3434.6,3342.1,3446.5,51308,3396.08,3400.2,19,3401.8,3,
2026-04-13T11:54:55.763,NC,LTTS,3400.8,3395.0,3434.6,3342.1,3446.5,51353,3396.08,3400.3,2,3402.3,8,
2026-04-13T11:55:00.806,NC,LTTS,3402.3,3395.0,3434.6,3342.1,3446.5,51359,3396.08,3400.3,9,3402.4,8,
2026-04-13T11:55:06.067,NC,LTTS,3400.6,3395.0,3434.6,3342.1,3446.5,51368,3396.09,3400.7,3,3402.4,4,
2026-04-13T11:55:11.699,NC,LTTS,3400.6,3395.0,3434.6,3342.1,3446.5,51374,3396.09,3400.7,1,3402.3,1,
2026-04-13T11:55:16.994,NC,LTTS,3400.2,3395.0,3434.6,3342.1,3446.5,51400,3396.09,3400.2,9,3402.7,3,
2026-04-13T11:55:27.711,NC,LTTS,3400.8,3395.0,3434.6,3342.1,3446.5,51415,3396.09,3400.8,16,3402.1,1,
2026-04-13T11:55:37.415,NC,LTTS,3400.7,3395.0,3434.6,3342.1,3446.5,51428,3396.09,3400.7,10,3402.1,2,
2026-04-13T11:55:47.229,NC,LTTS,3400.7,3395.0,3434.6,3342.1,3446.5,51443,3396.09,3400.7,6,3402.1,2,
2026-04-13T11:55:52.153,NC,LTTS,3400.7,3395.0,3434.6,3342.1,3446.5,51446,3396.09,3400.7,3,3402.0,5,
2026-04-13T11:55:57.041,NC,LTTS,3400.2,3395.0,3434.6,3342.1,3446.5,51459,3396.09,3400.2,14,3402.0,1,
2026-04-13T11:56:06.950,NC,LTTS,3400.2,3395.0,3434.6,3342.1,3446.5,51464,3396.09,3400.2,20,3401.0,2,
2026-04-13T11:56:12.164,NC,LTTS,3401.0,3395.0,3434.6,3342.1,3446.5,51474,3396.1,3400.2,82,3401.0,1,
2026-04-13T11:56:16.881,NC,LTTS,3400.2,3395.0,3434.6,3342.1,3446.5,51489,3396.1,3400.2,92,3401.0,1,
2026-04-13T11:56:21.766,NC,LTTS,3400.3,3395.0,3434.6,3342.1,3446.5,51617,3396.11,3400.2,83,3402.2,7,
2026-04-13T11:56:26.694,NC,LTTS,3400.2,3395.0,3434.6,3342.1,3446.5,51626,3396.11,3400.2,82,3401.6,2,
2026-04-13T11:56:31.475,NC,LTTS,3400.2,3395.0,3434.6,3342.1,3446.5,51630,3396.11,3400.2,78,3401.6,3,
2026-04-13T11:56:36.087,NC,LTTS,3400.2,3395.0,3434.6,3342.1,3446.5,51639,3396.11,3400.2,61,3401.6,1,
2026-04-13T11:56:40.824,NC,LTTS,3400.2,3395.0,3434.6,3342.1,3446.5,51647,3396.11,3400.2,62,3401.6,2,
2026-04-13T11:56:45.801,NC,LTTS,3400.2,3395.0,3434.6,3342.1,3446.5,51656,3396.11,3400.2,54,3401.6,2,
2026-04-13T11:56:50.703,NC,LTTS,3401.6,3395.0,3434.6,3342.1,3446.5,51663,3396.11,3400.2,66,3401.6,1,
2026-04-13T11:56:55.632,NC,LTTS,3400.2,3395.0,3434.6,3342.1,3446.5,51672,3396.11,3400.2,53,3401.6,1,
2026-04-13T11:57:01.125,NC,LTTS,3400.2,3395.0,3434.6,3342.1,3446.5,51677,3396.11,3400.2,47,3401.6,1,
2026-04-13T11:57:06.326,NC,LTTS,3400.2,3395.0,3434.6,3342.1,3446.5,51687,3396.11,3400.2,38,3401.6,1,
2026-04-13T11:57:11.352,NC,LTTS,3400.1,3395.0,3434.6,3342.1,3446.5,51791,3396.12,3400.1,327,3401.6,1,
2026-04-13T11:57:16.142,NC,LTTS,3400.1,3395.0,3434.6,3342.1,3446.5,51800,3396.12,3400.1,318,3401.6,1,
2026-04-13T11:57:20.945,NC,LTTS,3400.1,3395.0,3434.6,3342.1,3446.5,51804,3396.12,3400.1,314,3401.6,1,
2026-04-13T11:57:25.652,NC,LTTS,3400.1,3395.0,3434.6,3342.1,3446.5,51813,3396.12,3400.1,309,3401.6,1,
2026-04-13T11:57:30.362,NC,LTTS,3401.6,3395.0,3434.6,3342.1,3446.5,51818,3396.12,3400.1,305,3401.6,1,
2026-04-13T11:57:35.764,NC,LTTS,3400.1,3395.0,3434.6,3342.1,3446.5,51827,3396.13,3400.1,296,3401.6,1,
2026-04-13T11:57:42.275,NC,LTTS,3400.4,3395.0,3434.6,3342.1,3446.5,51846,3396.13,3400.2,17,3402.0,22,
2026-04-13T11:57:48.390,NC,LTTS,3400.2,3395.0,3434.6,3342.1,3446.5,51859,3396.13,3400.2,11,3401.8,2,
2026-04-13T11:57:53.895,NC,LTTS,3400.2,3395.0,3434.6,3342.1,3446.5,51868,3396.13,3400.2,10,3401.6,1,
2026-04-13T11:57:58.897,NC,LTTS,3400.3,3395.0,3434.6,3342.1,3446.5,51872,3396.13,3401.0,1,3401.6,2,
2026-04-13T11:58:03.906,NC,LTTS,3401.0,3395.0,3434.6,3342.1,3446.5,51876,3396.13,3400.3,23,3401.0,3,
2026-04-13T11:58:09.104,NC,LTTS,3400.3,3395.0,3434.6,3342.1,3446.5,51885,3396.13,3400.3,14,3401.0,2,
2026-04-13T11:58:14.105,NC,LTTS,3400.3,3395.0,3434.6,3342.1,3446.5,51894,3396.13,3400.2,11,3401.0,2,
2026-04-13T11:58:19.015,NC,LTTS,3400.2,3395.0,3434.6,3342.1,3446.5,51907,3396.13,3400.2,5,3401.0,2,
2026-04-13T11:58:24.418,NC,LTTS,3400.2,3395.0,3434.6,3342.1,3446.5,51916,3396.13,3400.2,24,3401.0,2,
2026-04-13T11:58:29.750,NC,LTTS,3401.0,3395.0,3434.6,3342.1,3446.5,51924,3396.13,3400.2,42,3401.0,2,
2026-04-13T11:58:34.345,NC,LTTS,3400.2,3395.0,3434.6,3342.1,3446.5,51933,3396.13,3400.2,33,3401.0,2,
2026-04-13T11:58:39.529,NC,LTTS,3400.2,3395.0,3434.6,3342.1,3446.5,51937,3396.13,3400.2,29,3401.0,2,
2026-04-13T11:58:44.671,NC,LTTS,3400.2,3395.0,3434.6,3342.1,3446.5,51946,3396.13,3400.2,11,3401.0,12,
2026-04-13T11:58:49.480,NC,LTTS,3400.2,3395.0,3434.6,3342.1,3446.5,51950,3396.14,3400.2,8,3401.0,12,
2026-04-13T11:58:54.196,NC,LTTS,3400.2,3395.0,3434.6,3342.1,3446.5,51960,3396.14,3400.1,291,3401.0,11,
2026-04-13T11:58:58.708,NC,LTTS,3400.1,3395.0,3434.6,3342.1,3446.5,51965,3396.14,3400.1,286,3401.0,11,
2026-04-13T11:59:03.422,NC,LTTS,3400.1,3395.0,3434.6,3342.1,3446.5,51974,3396.14,3400.1,277,3401.0,11,
2026-04-13T11:59:08.319,NC,LTTS,3400.1,3395.0,3434.6,3342.1,3446.5,51992,3396.14,3400.1,273,3401.0,2,
2026-04-13T11:59:13.119,NC,LTTS,3400.1,3395.0,3434.6,3342.1,3446.5,52002,3396.14,3400.1,264,3401.0,1,
2026-04-13T11:59:18.036,NC,LTTS,3400.1,3395.0,3434.6,3342.1,3446.5,52006,3396.14,3400.1,260,3401.0,1,
2026-04-13T11:59:24.153,NC,LTTS,3400.1,3395.0,3434.6,3342.1,3446.5,52201,3396.16,3400.1,251,3401.8,1,
2026-04-13T11:59:30.755,NC,LTTS,3400.1,3395.0,3434.6,3342.1,3446.5,52205,3396.16,3400.1,246,3402.0,9,
2026-04-13T11:59:36.299,NC,LTTS,3400.1,3395.0,3434.6,3342.1,3446.5,52215,3396.16,3400.1,338,3401.9,1,
2026-04-13T11:59:41.394,NC,LTTS,3400.1,3395.0,3434.6,3342.1,3446.5,52219,3396.16,3400.1,334,3401.8,1,
2026-04-13T11:59:46.484,NC,LTTS,3400.1,3395.0,3434.6,3342.1,3446.5,52228,3396.16,3400.1,324,3401.7,1,
2026-04-13T11:59:51.592,NC,LTTS,3400.1,3395.0,3434.6,3342.1,3446.5,52232,3396.16,3400.1,320,3401.7,1,
2026-04-13T11:59:56.588,NC,LTTS,3400.1,3395.0,3434.6,3342.1,3446.5,52241,3396.16,3400.2,10,3402.0,1,
2026-04-13T12:00:02.020,NC,LTTS,3400.2,3395.0,3434.6,3342.1,3446.5,52245,3396.16,3400.2,17,3402.0,1,
2026-04-13T12:00:07.413,NC,LTTS,3400.2,3395.0,3434.6,3342.1,3446.5,52261,3396.17,3400.2,10,3402.1,6,
2026-04-13T12:00:17.636,NC,LTTS,3400.2,3395.0,3434.6,3342.1,3446.5,52295,3396.17,3400.2,14,3402.1,6,
2026-04-13T12:00:22.332,NC,LTTS,3402.1,3395.0,3434.6,3342.1,3446.5,52298,3396.17,3400.2,19,3402.2,129,
2026-04-13T12:00:27.329,NC,LTTS,3400.3,3395.0,3434.6,3342.1,3446.5,52311,3396.17,3400.2,16,3402.1,1,
2026-04-13T12:00:36.641,NC,LTTS,3400.2,3395.0,3434.6,3342.1,3446.5,52320,3396.17,3400.2,8,3402.0,1,
2026-04-13T12:00:41.445,NC,LTTS,3400.2,3395.0,3434.6,3342.1,3446.5,52324,3396.17,3400.4,6,3402.1,1,
2026-04-13T12:00:46.153,NC,LTTS,3400.4,3395.0,3434.6,3342.1,3446.5,52353,3396.17,3400.4,10,3401.9,4,
2026-04-13T12:00:50.693,NC,LTTS,3402.1,3395.0,3434.6,3342.1,3446.5,52358,3396.17,3400.3,100,3402.1,14,
2026-04-13T12:00:55.266,NC,LTTS,3400.3,3395.0,3434.6,3342.1,3446.5,52367,3396.17,3400.3,93,3402.1,16,
2026-04-13T12:01:00.069,NC,LTTS,3400.3,3395.0,3434.6,3342.1,3446.5,52372,3396.18,3400.4,88,3402.2,129,
2026-04-13T12:01:05.185,NC,LTTS,3400.0,3395.0,3434.6,3342.1,3446.5,52692,3396.2,3400.0,207,3401.6,1,
2026-04-13T12:01:10.381,NC,LTTS,3400.0,3395.0,3434.6,3342.1,3446.5,52696,3396.2,3400.0,203,3401.6,1,
2026-04-13T12:01:15.495,NC,LTTS,3400.0,3395.0,3434.6,3342.1,3446.5,52705,3396.2,3400.0,194,3401.6,1,
2026-04-13T12:01:20.198,NC,LTTS,3400.0,3395.0,3434.6,3342.1,3446.5,52709,3396.2,3400.0,190,3401.6,1,
2026-04-13T12:01:24.712,NC,LTTS,3400.0,3395.0,3434.6,3342.1,3446.5,52718,3396.2,3400.0,181,3401.5,1,
2026-04-13T12:01:29.319,NC,LTTS,3400.0,3395.0,3434.6,3342.1,3446.5,52722,3396.2,3400.0,177,3401.5,1,
2026-04-13T12:01:33.717,NC,LTTS,3400.0,3395.0,3434.6,3342.1,3446.5,52731,3396.2,3400.0,168,3401.5,1,
2026-04-13T12:01:38.324,NC,LTTS,3400.0,3395.0,3434.6,3342.1,3446.5,52735,3396.2,3400.0,165,3401.5,1,
2026-04-13T12:01:43.261,NC,LTTS,3400.0,3395.0,3434.6,3342.1,3446.5,52744,3396.2,3400.0,156,3401.5,1,
2026-04-13T12:01:48.147,NC,LTTS,3400.0,3395.0,3434.6,3342.1,3446.5,52748,3396.2,3400.0,155,3401.5,1,
2026-04-13T12:01:52.860,NC,LTTS,3400.0,3395.0,3434.6,3342.1,3446.5,52757,3396.2,3400.0,146,3401.5,1,
2026-04-13T12:01:57.868,NC,LTTS,3401.5,3395.0,3434.6,3342.1,3446.5,52762,3396.2,3400.1,24,3401.7,10,
2026-04-13T12:02:02.976,NC,LTTS,3400.1,3395.0,3434.6,3342.1,3446.5,52771,3396.21,3400.1,19,3402.0,10,
2026-04-13T12:02:08.286,NC,LTTS,3400.1,3395.0,3434.6,3342.1,3446.5,52775,3396.21,3400.1,13,3401.7,1,
2026-04-13T12:02:13.591,NC,LTTS,3400.1,3395.0,3434.6,3342.1,3446.5,52784,3396.21,3400.1,5,3401.6,1,
2026-04-13T12:02:18.705,NC,LTTS,3400.1,3395.0,3434.6,3342.1,3446.5,52788,3396.21,3400.1,11,3401.8,2,
2026-04-13T12:02:24.305,NC,LTTS,3400.1,3395.0,3434.6,3342.1,3446.5,52797,3396.21,3400.1,7,3401.9,2,
2026-04-13T12:02:29.110,NC,LTTS,3401.8,3395.0,3434.6,3342.1,3446.5,52802,3396.21,3400.1,38,3401.7,1,
2026-04-13T12:02:33.625,NC,LTTS,3400.1,3395.0,3434.6,3342.1,3446.5,52811,3396.21,3400.1,37,3401.9,2,
2026-04-13T12:02:38.446,NC,LTTS,3400.1,3395.0,3434.6,3342.1,3446.5,52816,3396.21,3400.1,38,3401.9,5,
2026-04-13T12:02:42.840,NC,LTTS,3400.0,3395.0,3434.6,3342.1,3446.5,53036,3396.22,3400.0,336,3400.1,1,
2026-04-13T12:02:47.540,NC,LTTS,3400.0,3395.0,3434.6,3342.1,3446.5,53042,3396.22,3400.0,330,3400.1,1,
2026-04-13T12:02:52.350,NC,LTTS,3400.0,3395.0,3434.6,3342.1,3446.5,53076,3396.23,3400.0,296,3401.5,4,
2026-04-13T12:02:57.164,NC,LTTS,3400.0,3395.0,3434.6,3342.1,3446.5,53090,3396.23,3400.0,282,3401.5,4,
2026-04-13T12:03:01.783,NC,LTTS,3401.6,3395.0,3434.6,3342.1,3446.5,53100,3396.23,3400.0,298,3401.5,1,
2026-04-13T12:03:06.679,NC,LTTS,3400.0,3395.0,3434.6,3342.1,3446.5,53113,3396.23,3400.0,285,3401.7,4,
2026-04-13T12:03:17.192,NC,LTTS,3400.0,3395.0,3434.6,3342.1,3446.5,53126,3396.23,3400.0,272,3401.9,13,
2026-04-13T12:03:22.305,NC,LTTS,3401.8,3395.0,3434.6,3342.1,3446.5,53127,3396.23,3400.1,12,3401.8,3,
2026-04-13T12:03:27.804,NC,LTTS,3400.0,3395.0,3434.6,3342.1,3446.5,53140,3396.23,3400.0,271,3402.0,3,
2026-04-13T12:03:33.206,NC,LTTS,3400.1,3395.0,3434.6,3342.1,3446.5,53150,3396.23,3400.1,21,3402.1,9,
2026-04-13T12:03:38.116,NC,LTTS,3400.1,3395.0,3434.6,3342.1,3446.5,53154,3396.23,3400.1,34,3401.7,1,
2026-04-13T12:03:43.325,NC,LTTS,3400.1,3395.0,3434.6,3342.1,3446.5,53163,3396.23,3400.1,35,3401.7,1,
2026-04-13T12:03:48.332,NC,LTTS,3400.2,3395.0,3434.6,3342.1,3446.5,53167,3396.23,3400.2,27,3401.8,1,
2026-04-13T12:03:53.339,NC,LTTS,3400.2,3395.0,3434.6,3342.1,3446.5,53176,3396.23,3400.2,18,3402.1,12,
2026-04-13T12:03:58.954,NC,LTTS,3400.4,3395.0,3434.6,3342.1,3446.5,53207,3396.24,3400.2,1,3401.7,4,
2026-04-13T12:04:04.271,NC,LTTS,3400.4,3395.0,3434.6,3342.1,3446.5,53251,3396.24,3400.2,4,3401.9,2,
2026-04-13T12:04:09.741,NC,LTTS,3400.2,3395.0,3434.6,3342.1,3446.5,53280,3396.24,3400.2,11,3402.1,8,
2026-04-13T12:04:14.879,NC,LTTS,3400.3,3395.0,3434.6,3342.1,3446.5,53289,3396.24,3400.3,32,3402.1,5,
2026-04-13T12:04:20.006,NC,LTTS,3400.1,3395.0,3434.6,3342.1,3446.5,53307,3396.25,3400.1,10,3401.6,4,
2026-04-13T12:04:25.292,NC,LTTS,3400.1,3395.0,3434.6,3342.1,3446.5,53316,3396.25,3400.0,282,3401.6,4,
2026-04-13T12:04:30.295,NC,LTTS,3400.0,3395.0,3434.6,3342.1,3446.5,53320,3396.25,3400.0,278,3401.5,1,
2026-04-13T12:04:35.509,NC,LTTS,3400.0,3395.0,3434.6,3342.1,3446.5,53329,3396.25,3400.0,274,3401.5,1,
2026-04-13T12:04:40.516,NC,LTTS,3400.0,3395.0,3434.6,3342.1,3446.5,53333,3396.25,3400.0,270,3401.5,1,
2026-04-13T12:04:45.212,NC,LTTS,3400.1,3395.0,3434.6,3342.1,3446.5,53385,3396.25,3400.3,12,3402.2,115,
2026-04-13T12:04:50.022,NC,LTTS,3400.3,3395.0,3434.6,3342.1,3446.5,53389,3396.25,3400.3,2,3402.1,1,
2026-04-13T12:04:54.825,NC,LTTS,3400.3,3395.0,3434.6,3342.1,3446.5,53398,3396.25,3400.4,5,3402.1,1,
2026-04-13T12:04:59.634,NC,LTTS,3400.4,3395.0,3434.6,3342.1,3446.5,53403,3396.25,3400.3,21,3402.1,1,
2026-04-13T12:05:04.849,NC,LTTS,3402.1,3395.0,3434.6,3342.1,3446.5,53472,3396.26,3400.2,3,3402.1,2,
2026-04-13T12:05:10.358,NC,LTTS,3400.4,3395.0,3434.6,3342.1,3446.5,53477,3396.26,3400.2,3,3401.9,2,
2026-04-13T12:05:15.659,NC,LTTS,3400.5,3395.0,3434.6,3342.1,3446.5,53505,3396.26,3400.5,1,3401.9,3,
2026-04-13T12:05:20.667,NC,LTTS,3401.8,3395.0,3434.6,3342.1,3446.5,53510,3396.26,3400.0,251,3401.7,1,
2026-04-13T12:05:25.571,NC,LTTS,3400.0,3395.0,3434.6,3342.1,3446.5,53519,3396.27,3400.0,242,3401.8,12,
2026-04-13T12:05:30.799,NC,LTTS,3401.8,3395.0,3434.6,3342.1,3446.5,53524,3396.27,3400.0,238,3401.7,1,
2026-04-13T12:05:35.892,NC,LTTS,3400.0,3395.0,3434.6,3342.1,3446.5,53533,3396.27,3400.0,229,3401.7,2,
2026-04-13T12:05:40.792,NC,LTTS,3400.0,3395.0,3434.6,3342.1,3446.5,53537,3396.27,3400.0,225,3401.7,3,
2026-04-13T12:05:45.402,NC,LTTS,3400.0,3395.0,3434.6,3342.1,3446.5,53546,3396.27,3400.0,216,3401.7,3,
2026-04-13T12:05:49.998,NC,LTTS,3400.0,3395.0,3434.6,3342.1,3446.5,53550,3396.27,3400.0,212,3401.7,3,
2026-04-13T12:05:54.631,NC,LTTS,3400.0,3395.0,3434.6,3342.1,3446.5,53560,3396.27,3400.0,202,3401.7,3,
2026-04-13T12:05:59.312,NC,LTTS,3400.0,3395.0,3434.6,3342.1,3446.5,53564,3396.27,3400.0,198,3401.7,3,
2026-04-13T12:06:04.117,NC,LTTS,3400.0,3395.0,3434.6,3342.1,3446.5,53603,3396.27,3400.0,187,3401.7,4,
2026-04-13T12:06:09.015,NC,LTTS,3400.0,3395.0,3434.6,3342.1,3446.5,53607,3396.27,3400.0,183,3401.7,4,
2026-04-13T12:06:13.818,NC,LTTS,3400.0,3395.0,3434.6,3342.1,3446.5,53616,3396.27,3400.0,174,3401.6,1,
2026-04-13T12:06:18.623,NC,LTTS,3400.0,3395.0,3434.6,3342.1,3446.5,53620,3396.27,3400.0,170,3401.6,1,
2026-04-13T12:06:23.129,NC,LTTS,3400.1,3395.0,3434.6,3342.1,3446.5,53643,3396.28,3400.1,32,3401.6,1,
2026-04-13T12:06:28.135,NC,LTTS,3401.6,3395.0,3434.6,3342.1,3446.5,53650,3396.28,3400.2,8,3402.1,2,
2026-04-13T12:06:33.042,NC,LTTS,3400.2,3395.0,3434.6,3342.1,3446.5,53659,3396.28,3400.3,21,3402.1,3,
2026-04-13T12:06:38.062,NC,LTTS,3400.3,3395.0,3434.6,3342.1,3446.5,53673,3396.28,3400.2,30,3402.1,3,
2026-04-13T12:06:43.149,NC,LTTS,3400.2,3395.0,3434.6,3342.1,3446.5,53682,3396.28,3400.2,30,3402.1,2,
2026-04-13T12:06:48.057,NC,LTTS,3400.2,3395.0,3434.6,3342.1,3446.5,53686,3396.28,3400.1,51,3402.1,6,
2026-04-13T12:06:53.062,NC,LTTS,3400.1,3395.0,3434.6,3342.1,3446.5,53695,3396.28,3400.1,33,3402.1,5,
2026-04-13T12:06:57.565,NC,LTTS,3400.3,3395.0,3434.6,3342.1,3446.5,53700,3396.28,3400.2,15,3402.0,10,
2026-04-13T12:07:07.069,NC,LTTS,3400.2,3395.0,3434.6,3342.1,3446.5,53713,3396.28,3400.1,28,3401.8,1,
2026-04-13T12:07:16.891,NC,LTTS,3400.2,3395.0,3434.6,3342.1,3446.5,53726,3396.28,3400.1,19,3402.0,11,
2026-04-13T12:07:26.105,NC,LTTS,3402.1,3395.0,3434.6,3342.1,3446.5,53737,3396.28,3400.1,59,3402.1,7,
2026-04-13T12:07:30.718,NC,LTTS,3400.1,3395.0,3434.6,3342.1,3446.5,53798,3396.29,3400.1,27,3402.1,8,
2026-04-13T12:07:35.526,NC,LTTS,3400.2,3395.0,3434.6,3342.1,3446.5,53807,3396.29,3400.2,6,3402.1,8,
2026-04-13T12:07:40.530,NC,LTTS,3400.2,3395.0,3434.6,3342.1,3446.5,53811,3396.29,3400.1,53,3402.1,8,
2026-04-13T12:07:45.185,NC,LTTS,3402.1,3395.0,3434.6,3342.1,3446.5,53821,3396.29,3400.1,55,3402.2,106,
2026-04-13T12:07:50.257,NC,LTTS,3402.2,3395.0,3434.6,3342.1,3446.5,53875,3396.29,3400.0,166,3402.2,56,
2026-04-13T12:07:55.402,NC,LTTS,3402.1,3395.0,3434.6,3342.1,3446.5,53885,3396.3,3400.2,2,3402.2,56,
2026-04-13T12:08:00.187,NC,LTTS,3400.1,3395.0,3434.6,3342.1,3446.5,53889,3396.3,3400.1,16,3402.1,8,
2026-04-13T12:08:05.010,NC,LTTS,3400.4,3395.0,3434.6,3342.1,3446.5,53924,3396.3,3400.1,6,3401.8,11,
2026-04-13T12:08:10.014,NC,LTTS,3400.1,3395.0,3434.6,3342.1,3446.5,53928,3396.3,3400.1,5,3401.6,1,
2026-04-13T12:08:15.101,NC,LTTS,3400.1,3395.0,3434.6,3342.1,3446.5,53937,3396.3,3400.0,140,3401.6,3,
2026-04-13T12:08:20.006,NC,LTTS,3400.0,3395.0,3434.6,3342.1,3446.5,53941,3396.3,3400.0,136,3401.5,1,
2026-04-13T12:08:24.832,NC,LTTS,3400.0,3395.0,3434.6,3342.1,3446.5,53950,3396.3,3400.0,127,3401.5,1,
2026-04-13T12:08:29.629,NC,LTTS,3400.0,3395.0,3434.6,3342.1,3446.5,53970,3396.3,3400.0,107,3401.5,1,
2026-04-13T12:08:34.128,NC,LTTS,3400.0,3395.0,3434.6,3342.1,3446.5,53979,3396.3,3400.0,98,3401.5,1,
2026-04-13T12:08:38.751,NC,LTTS,3400.0,3395.0,3434.6,3342.1,3446.5,53983,3396.3,3400.0,94,3401.5,1,
2026-04-13T12:08:43.353,NC,LTTS,3400.0,3395.0,3434.6,3342.1,3446.5,53992,3396.3,3400.0,85,3401.5,1,
2026-04-13T12:08:48.061,NC,LTTS,3400.0,3395.0,3434.6,3342.1,3446.5,53996,3396.3,3400.0,81,3401.5,1,
2026-04-13T12:08:53.155,NC,LTTS,3400.0,3395.0,3434.6,3342.1,3446.5,54005,3396.3,3400.0,72,3401.4,2,
2026-04-13T12:08:57.683,NC,LTTS,3400.0,3395.0,3434.6,3342.1,3446.5,54010,3396.3,3400.0,67,3401.4,2,
2026-04-13T12:09:07.194,NC,LTTS,3400.0,3395.0,3434.6,3342.1,3446.5,54025,3396.31,3400.0,54,3401.4,1,
2026-04-13T12:09:12.394,NC,LTTS,3401.3,3395.0,3434.6,3342.1,3446.5,54027,3396.31,3400.0,54,3401.3,2,
2026-04-13T12:09:17.503,NC,LTTS,3400.0,3395.0,3434.6,3342.1,3446.5,54061,3396.31,3400.0,40,3401.6,2,
2026-04-13T12:09:26.613,NC,LTTS,3400.0,3395.0,3434.6,3342.1,3446.5,54070,3396.31,3400.0,31,3401.8,2,
2026-04-13T12:09:31.023,NC,LTTS,3400.0,3395.0,3434.6,3342.1,3446.5,54074,3396.31,3400.0,28,3401.6,2,
2026-04-13T12:09:35.539,NC,LTTS,3400.0,3395.0,3434.6,3342.1,3446.5,54085,3396.31,3400.0,18,3401.8,1,
2026-04-13T12:09:40.122,NC,LTTS,3400.0,3395.0,3434.6,3342.1,3446.5,54089,3396.31,3400.0,14,3401.8,1,
2026-04-13T12:09:44.528,NC,LTTS,3400.0,3395.0,3434.6,3342.1,3446.5,54098,3396.31,3400.0,372,3402.1,1,
2026-04-13T12:09:49.136,NC,LTTS,3400.0,3395.0,3434.6,3342.1,3446.5,54102,3396.31,3400.1,10,3402.1,1,
2026-04-13T12:09:53.444,NC,LTTS,3400.3,3395.0,3434.6,3342.1,3446.5,54111,3396.31,3400.3,6,3402.1,2,
2026-04-13T12:09:57.760,NC,LTTS,3400.3,3395.0,3434.6,3342.1,3446.5,54115,3396.31,3400.3,12,3402.1,4,
2026-04-13T12:10:06.781,NC,LTTS,3400.3,3395.0,3434.6,3342.1,3446.5,54129,3396.31,3400.3,3,3402.2,56,
2026-04-13T12:10:11.573,NC,LTTS,3400.4,3395.0,3434.6,3342.1,3446.5,54137,3396.31,3400.3,1,3401.9,6,
2026-04-13T12:10:16.179,NC,LTTS,3400.3,3395.0,3434.6,3342.1,3446.5,54139,3396.31,3400.0,377,3400.3,1,
2026-04-13T12:10:20.777,NC,LTTS,3400.4,3395.0,3434.6,3342.1,3446.5,54151,3396.32,3400.1,49,3402.1,3,
2026-04-13T12:10:25.086,NC,LTTS,3400.1,3395.0,3434.6,3342.1,3446.5,54166,3396.32,3400.1,30,3400.4,1,
2026-04-13T12:10:29.994,NC,LTTS,3400.1,3395.0,3434.6,3342.1,3446.5,54170,3396.32,3400.1,19,3400.4,2,
2026-04-13T12:10:34.893,NC,LTTS,3400.1,3395.0,3434.6,3342.1,3446.5,54242,3396.32,3400.0,370,3400.1,1,
2026-04-13T12:10:39.701,NC,LTTS,3400.0,3395.0,3434.6,3342.1,3446.5,54257,3396.32,3400.0,365,3400.4,1,
2026-04-13T12:10:44.303,NC,LTTS,3400.1,3395.0,3434.6,3342.1,3446.5,54287,3396.33,3400.1,17,3402.1,2,
2026-04-13T12:10:48.712,NC,LTTS,3402.2,3395.0,3434.6,3342.1,3446.5,54389,3396.34,3400.4,15,3402.2,15,
2026-04-13T12:10:53.912,NC,LTTS,3401.4,3395.0,3434.6,3342.1,3446.5,54601,3396.36,3400.4,5,3403.2,4,
2026-04-13T12:10:58.617,NC,LTTS,3404.9,3395.0,3434.6,3342.1,3446.5,54629,3396.36,3402.4,27,3405.0,3,
2026-04-13T12:11:03.427,NC,LTTS,3402.4,3395.0,3434.6,3342.1,3446.5,54664,3396.37,3401.4,2,3402.4,1,
2026-04-13T12:11:08.532,NC,LTTS,3404.6,3395.0,3434.6,3342.1,3446.5,54683,3396.37,3401.5,17,3404.6,2,
2026-04-13T12:11:13.149,NC,LTTS,3404.3,3395.0,3434.6,3342.1,3446.5,54701,3396.37,3401.7,10,3404.8,2,
2026-04-13T12:11:17.865,NC,LTTS,3404.5,3395.0,3434.6,3342.1,3446.5,54720,3396.37,3402.4,2,3405.0,1,
2026-04-13T12:11:22.158,NC,LTTS,3403.1,3395.0,3434.6,3342.1,3446.5,54738,3396.38,3402.1,3,3404.7,4,
2026-04-13T12:11:26.561,NC,LTTS,3405.9,3395.0,3434.6,3342.1,3446.5,54755,3396.38,3402.8,2,3406.1,2,
2026-04-13T12:11:30.964,NC,LTTS,3407.0,3395.0,3434.6,3342.1,3446.5,54774,3396.38,3404.6,2,3407.6,2,
2026-04-13T12:11:35.659,NC,LTTS,3407.4,3395.0,3434.6,3342.1,3446.5,54794,3396.38,3405.3,1,3407.4,1,
2026-04-13T12:11:36.997,NC,LTTS,3405.2,3395.0,3434.6,3342.1,3446.5,54799,3396.39,3404.7,1,3406.5,1,
2026-04-13T12:11:38.075,NC,LTTS,3406.5,3395.0,3434.6,3342.1,3446.5,54800,3396.39,3404.7,1,3406.5,1,
2026-04-13T12:11:39.073,NC,LTTS,3406.5,3395.0,3434.6,3342.1,3446.5,54802,3396.39,3404.9,1,3406.5,1,
2026-04-13T12:11:40.064,NC,LTTS,3406.5,3395.0,3434.6,3342.1,3446.5,54803,3396.39,3404.9,1,3406.5,1,
2026-04-13T12:11:41.064,NC,LTTS,3406.5,3395.0,3434.6,3342.1,3446.5,54804,3396.39,3404.9,1,3406.5,1,
2026-04-13T12:11:41.988,NC,LTTS,3406.5,3395.0,3434.6,3342.1,3446.5,54805,3396.39,3404.9,1,3406.5,1,
2026-04-13T12:11:43.067,NC,LTTS,3405.0,3395.0,3434.6,3342.1,3446.5,54815,3396.39,3405.1,3,3407.6,1,
2026-04-13T12:11:44.186,NC,LTTS,3407.6,3395.0,3434.6,3342.1,3446.5,54816,3396.39,3405.5,3,3408.4,1,
2026-04-13T12:11:45.075,NC,LTTS,3408.4,3395.0,3434.6,3342.1,3446.5,54817,3396.39,3405.7,1,3408.5,2,
2026-04-13T12:11:46.085,NC,LTTS,3408.5,3395.0,3434.6,3342.1,3446.5,54819,3396.39,3406.0,1,3408.6,2,
2026-04-13T12:11:47.085,NC,LTTS,3405.3,3395.0,3434.6,3342.1,3446.5,54855,3396.4,3404.6,1,3407.2,1,
2026-04-13T12:11:48.077,NC,LTTS,3405.2,3395.0,3434.6,3342.1,3446.5,54856,3396.4,3404.1,2,3405.2,1,
2026-04-13T12:11:49.090,NC,LTTS,3405.2,3395.0,3434.6,3342.1,3446.5,54857,3396.4,3404.2,1,3405.2,1,
2026-04-13T12:11:50.077,NC,LTTS,3405.2,3395.0,3434.6,3342.1,3446.5,54858,3396.4,3404.2,1,3405.2,1,
2026-04-13T12:11:51.180,NC,LTTS,3405.2,3395.0,3434.6,3342.1,3446.5,54859,3396.4,3404.4,1,3405.2,1,
2026-04-13T12:11:52.180,NC,LTTS,3405.2,3395.0,3434.6,3342.1,3446.5,54860,3396.4,3404.4,1,3405.2,1,
2026-04-13T12:11:53.209,NC,LTTS,3404.4,3395.0,3434.6,3342.1,3446.5,54863,3396.4,3403.6,2,3404.4,1,
2026-04-13T12:11:54.180,NC,LTTS,3404.4,3395.0,3434.6,3342.1,3446.5,54864,3396.4,3403.8,2,3404.4,1,
2026-04-13T12:11:55.183,NC,LTTS,3404.4,3395.0,3434.6,3342.1,3446.5,54866,3396.4,3403.6,2,3404.4,2,
2026-04-13T12:11:56.186,NC,LTTS,3404.4,3395.0,3434.6,3342.1,3446.5,54870,3396.4,3403.6,2,3404.4,1,
2026-04-13T12:11:57.206,NC,LTTS,3404.4,3395.0,3434.6,3342.1,3446.5,54878,3396.4,3403.7,1,3404.4,4,
2026-04-13T12:11:58.287,NC,LTTS,3403.7,3395.0,3434.6,3342.1,3446.5,54880,3396.4,3403.6,2,3404.4,3,
2026-04-13T12:11:59.293,NC,LTTS,3404.4,3395.0,3434.6,3342.1,3446.5,54883,3396.4,3403.6,2,3404.4,3,
2026-04-13T12:12:00.406,NC,LTTS,3404.4,3395.0,3434.6,3342.1,3446.5,54886,3396.4,3403.6,2,3404.4,3,
2026-04-13T12:12:01.294,NC,LTTS,3404.4,3395.0,3434.6,3342.1,3446.5,54889,3396.4,3403.4,1,3404.4,3,
2026-04-13T12:12:02.200,NC,LTTS,3404.4,3395.0,3434.6,3342.1,3446.5,54892,3396.4,3403.3,2,3404.4,3,
2026-04-13T12:12:03.298,NC,LTTS,3403.3,3395.0,3434.6,3342.1,3446.5,54898,3396.4,3402.9,52,3403.3,1,
2026-04-13T12:12:04.197,NC,LTTS,3401.6,3395.0,3434.6,3342.1,3446.5,54983,3396.41,3400.3,1,3403.2,2,
2026-04-13T12:12:05.309,NC,LTTS,3401.6,3395.0,3434.6,3342.1,3446.5,54988,3396.41,3400.4,8,3401.6,1,
2026-04-13T12:12:06.219,NC,LTTS,3401.6,3395.0,3434.6,3342.1,3446.5,54989,3396.41,3400.4,8,3401.6,1,
2026-04-13T12:12:07.209,NC,LTTS,3401.4,3395.0,3434.6,3342.1,3446.5,54998,3396.41,3400.3,5,3401.6,1,
2026-04-13T12:12:08.205,NC,LTTS,3403.2,3395.0,3434.6,3342.1,3446.5,55011,3396.41,3401.2,1,3403.8,8,
2026-04-13T12:12:09.230,NC,LTTS,3402.6,3395.0,3434.6,3342.1,3446.5,55012,3396.41,3401.0,1,3403.7,1,
2026-04-13T12:12:10.208,NC,LTTS,3403.7,3395.0,3434.6,3342.1,3446.5,55013,3396.41,3401.3,1,3403.9,6,
2026-04-13T12:12:11.214,NC,LTTS,3403.9,3395.0,3434.6,3342.1,3446.5,55019,3396.41,3401.4,6,3404.5,1,
2026-04-13T12:12:12.305,NC,LTTS,3404.6,3395.0,3434.6,3342.1,3446.5,55022,3396.42,3401.8,1,3405.6,4,
2026-04-13T12:12:13.207,NC,LTTS,3403.6,3395.0,3434.6,3342.1,3446.5,55032,3396.42,3401.8,1,3404.2,3,
2026-04-13T12:12:14.207,NC,LTTS,3404.1,3395.0,3434.6,3342.1,3446.5,55033,3396.42,3401.8,1,3404.4,1,
2026-04-13T12:12:15.211,NC,LTTS,3402.1,3395.0,3434.6,3342.1,3446.5,55038,3396.42,3402.1,4,3405.2,1,
2026-04-13T12:12:16.314,NC,LTTS,3403.7,3395.0,3434.6,3342.1,3446.5,55039,3396.42,3402.2,1,3404.6,1,
2026-04-13T12:12:17.213,NC,LTTS,3404.6,3395.0,3434.6,3342.1,3446.5,55044,3396.42,3402.4,1,3404.9,1,
2026-04-13T12:12:18.210,NC,LTTS,3404.9,3395.0,3434.6,3342.1,3446.5,55045,3396.42,3403.5,1,3405.5,1,
2026-04-13T12:12:19.310,NC,LTTS,3405.5,3395.0,3434.6,3342.1,3446.5,55046,3396.42,3403.6,1,3406.1,1,
2026-04-13T12:12:20.241,NC,LTTS,3406.1,3395.0,3434.6,3342.1,3446.5,55047,3396.42,3403.8,1,3406.4,4,
2026-04-13T12:12:21.115,NC,LTTS,3406.3,3395.0,3434.6,3342.1,3446.5,55048,3396.42,3404.2,1,3406.3,1,
2026-04-13T12:12:22.131,NC,LTTS,3406.3,3395.0,3434.6,3342.1,3446.5,55049,3396.42,3404.2,1,3406.4,3,
2026-04-13T12:12:23.157,NC,LTTS,3405.9,3395.0,3434.6,3342.1,3446.5,55062,3396.42,3403.7,2,3406.4,9,
2026-04-13T12:12:24.121,NC,LTTS,3406.2,3395.0,3434.6,3342.1,3446.5,55063,3396.42,3404.0,1,3406.3,1,
2026-04-13T12:12:25.135,NC,LTTS,3406.3,3395.0,3434.6,3342.1,3446.5,55064,3396.42,3404.2,1,3406.3,1,
2026-04-13T12:12:26.123,NC,LTTS,3406.3,3395.0,3434.6,3342.1,3446.5,55065,3396.42,3404.2,1,3406.3,1,
2026-04-13T12:12:27.164,NC,LTTS,3406.2,3395.0,3434.6,3342.1,3446.5,55070,3396.42,3404.3,1,3406.3,1,
2026-04-13T12:12:28.124,NC,LTTS,3405.3,3395.0,3434.6,3342.1,3446.5,55075,3396.42,3403.6,1,3406.0,1,
2026-04-13T12:12:29.126,NC,LTTS,3406.0,3395.0,3434.6,3342.1,3446.5,55076,3396.42,3403.8,1,3406.1,1,
2026-04-13T12:12:30.027,NC,LTTS,3406.1,3395.0,3434.6,3342.1,3446.5,55077,3396.42,3404.0,1,3406.1,1,
2026-04-13T12:12:31.028,NC,LTTS,3406.1,3395.0,3434.6,3342.1,3446.5,55078,3396.42,3404.2,1,3406.1,1,
2026-04-13T12:12:32.029,NC,LTTS,3406.1,3395.0,3434.6,3342.1,3446.5,55079,3396.42,3404.3,1,3406.1,1,
2026-04-13T12:12:33.136,NC,LTTS,3404.3,3395.0,3434.6,3342.1,3446.5,55088,3396.42,3403.0,3,3404.3,1,
2026-04-13T12:12:34.042,NC,LTTS,3404.3,3395.0,3434.6,3342.1,3446.5,55091,3396.42,3403.1,2,3405.9,4,
2026-04-13T12:12:35.035,NC,LTTS,3406.1,3395.0,3434.6,3342.1,3446.5,55102,3396.43,3404.1,10,3405.9,3,
2026-04-13T12:12:36.034,NC,LTTS,3405.9,3395.0,3434.6,3342.1,3446.5,55105,3396.43,3404.1,10,3405.9,3,
2026-04-13T12:12:36.935,NC,LTTS,3404.2,3395.0,3434.6,3342.1,3446.5,55116,3396.43,3403.0,1,3405.5,1,
2026-04-13T12:12:38.055,NC,LTTS,3405.5,3395.0,3434.6,3342.1,3446.5,55117,3396.43,3403.1,1,3405.6,1,
2026-04-13T12:12:39.136,NC,LTTS,3405.6,3395.0,3434.6,3342.1,3446.5,55118,3396.43,3403.5,1,3405.6,1,
2026-04-13T12:12:40.136,NC,LTTS,3405.6,3395.0,3434.6,3342.1,3446.5,55119,3396.43,3403.7,1,3406.5,1,
2026-04-13T12:12:41.141,NC,LTTS,3404.5,3395.0,3434.6,3342.1,3446.5,55124,3396.43,3403.0,1,3404.5,1,
2026-04-13T12:12:42.150,NC,LTTS,3404.5,3395.0,3434.6,3342.1,3446.5,55125,3396.43,3403.1,6,3406.3,7,
2026-04-13T12:12:43.143,NC,LTTS,3406.2,3395.0,3434.6,3342.1,3446.5,55135,3396.43,3403.1,6,3406.8,5,
2026-04-13T12:12:44.242,NC,LTTS,3406.8,3395.0,3434.6,3342.1,3446.5,55140,3396.43,3403.2,5,3406.8,1,
2026-04-13T12:12:45.143,NC,LTTS,3403.2,3395.0,3434.6,3342.1,3446.5,55144,3396.43,3402.5,1,3404.8,1,
2026-04-13T12:12:46.046,NC,LTTS,3404.8,3395.0,3434.6,3342.1,3446.5,55145,3396.43,3402.6,1,3405.4,3,
2026-04-13T12:12:47.170,NC,LTTS,3402.5,3395.0,3434.6,3342.1,3446.5,55152,3396.43,3402.6,1,3405.0,1,
2026-04-13T12:12:48.152,NC,LTTS,3404.7,3395.0,3434.6,3342.1,3446.5,55153,3396.43,3402.8,1,3405.2,1,
2026-04-13T12:12:49.245,NC,LTTS,3405.6,3395.0,3434.6,3342.1,3446.5,55155,3396.43,3403.2,4,3405.8,1,
2026-04-13T12:12:50.254,NC,LTTS,3405.8,3395.0,3434.6,3342.1,3446.5,55156,3396.43,3403.8,3,3406.6,1,
2026-04-13T12:12:51.251,NC,LTTS,3406.6,3395.0,3434.6,3342.1,3446.5,55157,3396.43,3404.2,3,3406.8,1,
2026-04-13T12:12:52.355,NC,LTTS,3405.2,3395.0,3434.6,3342.1,3446.5,55159,3396.44,3402.7,6,3406.3,2,
2026-04-13T12:12:53.457,NC,LTTS,3404.4,3395.0,3434.6,3342.1,3446.5,55169,3396.44,3402.6,1,3404.9,1,
2026-04-13T12:12:54.453,NC,LTTS,3404.9,3395.0,3434.6,3342.1,3446.5,55170,3396.44,3402.6,1,3405.0,1,
2026-04-13T12:12:55.558,NC,LTTS,3405.0,3395.0,3434.6,3342.1,3446.5,55172,3396.44,3402.8,3,3405.9,2,
2026-04-13T12:12:56.654,NC,LTTS,3405.9,3395.0,3434.6,3342.1,3446.5,55177,3396.44,3403.0,1,3406.0,4,
2026-04-13T12:12:57.658,NC,LTTS,3405.8,3395.0,3434.6,3342.1,3446.5,55183,3396.44,3402.9,1,3405.9,2,
2026-04-13T12:12:58.760,NC,LTTS,3405.9,3395.0,3434.6,3342.1,3446.5,55185,3396.44,3402.9,1,3405.9,1,
2026-04-13T12:12:59.859,NC,LTTS,3405.9,3395.0,3434.6,3342.1,3446.5,55186,3396.44,3403.0,1,3406.4,5,
2026-04-13T12:13:00.966,NC,LTTS,3406.4,3395.0,3434.6,3342.1,3446.5,55191,3396.44,3404.2,1,3406.8,1,
2026-04-13T12:13:01.983,NC,LTTS,3407.3,3395.0,3434.6,3342.1,3446.5,55199,3396.44,3404.4,5,3407.3,2,
2026-04-13T12:13:02.963,NC,LTTS,3402.4,3395.0,3434.6,3342.1,3446.5,55290,3396.46,3402.3,1,3403.7,2,
2026-04-13T12:13:03.962,NC,LTTS,3401.1,3395.0,3434.6,3342.1,3446.5,55308,3396.46,3400.6,1,3402.7,1,
2026-04-13T12:13:04.964,NC,LTTS,3402.7,3395.0,3434.6,3342.1,3446.5,55309,3396.46,3400.8,1,3403.5,2,
2026-04-13T12:13:05.964,NC,LTTS,3403.5,3395.0,3434.6,3342.1,3446.5,55310,3396.46,3402.2,1,3404.3,2,
2026-04-13T12:13:07.079,NC,LTTS,3401.1,3395.0,3434.6,3342.1,3446.5,55314,3396.46,3400.5,4,3403.2,1,
2026-04-13T12:13:08.172,NC,LTTS,3400.5,3395.0,3434.6,3342.1,3446.5,55324,3396.46,3400.5,2,3402.4,1,
2026-04-13T12:13:13.085,NC,LTTS,3400.5,3395.0,3434.6,3342.1,3446.5,55333,3396.46,3400.2,14,3402.4,1,
2026-04-13T12:13:17.178,NC,LTTS,3400.2,3395.0,3434.6,3342.1,3446.5,55337,3396.46,3400.4,2,3402.4,1,
2026-04-13T12:13:22.883,NC,LTTS,3400.4,3395.0,3434.6,3342.1,3446.5,55342,3396.46,3400.1,46,3400.4,1,
2026-04-13T12:13:27.496,NC,LTTS,3400.1,3395.0,3434.6,3342.1,3446.5,55346,3396.46,3400.1,30,3400.4,1,
2026-04-13T12:13:28.388,NC,LTTS,3400.1,3395.0,3434.6,3342.1,3446.5,55350,3396.46,3400.1,27,3402.5,2,
2026-04-13T12:13:33.295,NC,LTTS,3400.3,3395.0,3434.6,3342.1,3446.5,55359,3396.46,3400.1,45,3403.4,14,
2026-04-13T12:13:36.802,NC,LTTS,3400.1,3395.0,3434.6,3342.1,3446.5,55363,3396.46,3400.1,41,3403.2,4,
2026-04-13T12:13:39.417,NC,LTTS,3400.1,3395.0,3434.6,3342.1,3446.5,55364,3396.46,3400.1,32,3402.0,3,
2026-04-13T12:13:43.306,NC,LTTS,3400.1,3395.0,3434.6,3342.1,3446.5,55373,3396.46,3400.1,23,3402.0,3,
2026-04-13T12:13:46.917,NC,LTTS,3400.1,3395.0,3434.6,3342.1,3446.5,55377,3396.46,3400.1,44,3401.8,15,
2026-04-13T12:13:51.422,NC,LTTS,3400.1,3395.0,3434.6,3342.1,3446.5,55382,3396.46,3400.1,39,3401.8,12,
2026-04-13T12:13:53.426,NC,LTTS,3400.1,3395.0,3434.6,3342.1,3446.5,55391,3396.46,3400.1,31,3401.8,12,
2026-04-13T12:13:56.936,NC,LTTS,3400.1,3395.0,3434.6,3342.1,3446.5,55395,3396.46,3400.1,31,3401.8,12,
2026-04-13T12:14:02.858,NC,LTTS,3400.1,3395.0,3434.6,3342.1,3446.5,55404,3396.46,3400.1,22,3401.8,12,
2026-04-13T12:14:06.871,NC,LTTS,3400.1,3395.0,3434.6,3342.1,3446.5,55408,3396.46,3400.1,27,3401.8,12,
2026-04-13T12:14:13.265,NC,LTTS,3400.1,3395.0,3434.6,3342.1,3446.5,55417,3396.46,3400.1,18,3401.8,12,
2026-04-13T12:14:17.168,NC,LTTS,3400.1,3395.0,3434.6,3342.1,3446.5,55421,3396.46,3400.1,39,3401.8,12,
2026-04-13T12:14:23.180,NC,LTTS,3400.1,3395.0,3434.6,3342.1,3446.5,55430,3396.47,3400.1,41,3401.8,12,
2026-04-13T12:14:27.486,NC,LTTS,3400.1,3395.0,3434.6,3342.1,3446.5,55434,3396.47,3400.1,37,3401.7,3,
2026-04-13T12:14:30.688,NC,LTTS,3401.8,3395.0,3434.6,3342.1,3446.5,55439,3396.47,3400.1,39,3402.1,4,
2026-04-13T12:14:32.788,NC,LTTS,3400.1,3395.0,3434.6,3342.1,3446.5,55448,3396.47,3400.2,9,3402.1,4,
2026-04-13T12:14:36.701,NC,LTTS,3400.2,3395.0,3434.6,3342.1,3446.5,55452,3396.47,3400.2,8,3402.0,4,
2026-04-13T12:14:41.420,NC,LTTS,3400.5,3395.0,3434.6,3342.1,3446.5,55453,3396.47,3400.3,7,3402.1,6,
2026-04-13T12:14:46.116,NC,LTTS,3400.3,3395.0,3434.6,3342.1,3446.5,55462,3396.47,3400.2,8,3402.1,21,
2026-04-13T12:14:51.426,NC,LTTS,3400.2,3395.0,3434.6,3342.1,3446.5,55466,3396.47,3400.1,25,3402.2,4,
2026-04-13T12:14:56.125,NC,LTTS,3400.1,3395.0,3434.6,3342.1,3446.5,55525,3396.47,3400.1,24,3402.0,4,
2026-04-13T12:15:00.638,NC,LTTS,3400.1,3395.0,3434.6,3342.1,3446.5,55530,3396.47,3400.1,19,3402.1,21,
2026-04-13T12:15:05.630,NC,LTTS,3400.1,3395.0,3434.6,3342.1,3446.5,55539,3396.47,3400.1,14,3402.0,3,
2026-04-13T12:15:10.535,NC,LTTS,3400.1,3395.0,3434.6,3342.1,3446.5,55543,3396.47,3400.1,10,3401.9,15,
2026-04-13T12:15:15.242,NC,LTTS,3400.1,3395.0,3434.6,3342.1,3446.5,55552,3396.47,3400.1,32,3401.9,15,
2026-04-13T12:15:20.940,NC,LTTS,3400.1,3395.0,3434.6,3342.1,3446.5,55556,3396.47,3400.1,34,3401.9,15,
2026-04-13T12:15:26.650,NC,LTTS,3401.9,3395.0,3434.6,3342.1,3446.5,55568,3396.47,3401.9,1,3402.8,2,
2026-04-13T12:15:31.570,NC,LTTS,3400.6,3395.0,3434.6,3342.1,3446.5,55642,3396.48,3401.9,1,3402.6,3,
2026-04-13T12:15:36.477,NC,LTTS,3401.9,3395.0,3434.6,3342.1,3446.5,55643,3396.48,3400.2,14,3401.9,1,
2026-04-13T12:15:41.692,NC,LTTS,3400.2,3395.0,3434.6,3342.1,3446.5,55656,3396.48,3400.1,25,3402.2,2,
2026-04-13T12:15:47.594,NC,LTTS,3400.1,3395.0,3434.6,3342.1,3446.5,55669,3396.48,3400.1,12,3401.7,3,
2026-04-13T12:15:53.501,NC,LTTS,3400.2,3395.0,3434.6,3342.1,3446.5,55678,3396.49,3400.1,9,3401.6,1,
2026-04-13T12:15:58.708,NC,LTTS,3401.8,3395.0,3434.6,3342.1,3446.5,55684,3396.49,3400.1,11,3401.8,22,
2026-04-13T12:16:08.329,NC,LTTS,3400.1,3395.0,3434.6,3342.1,3446.5,55699,3396.49,3400.0,354,3401.8,4,
2026-04-13T12:16:13.132,NC,LTTS,3400.0,3395.0,3434.6,3342.1,3446.5,55708,3396.49,3400.0,345,3401.8,4,
2026-04-13T12:16:17.838,NC,LTTS,3400.0,3395.0,3434.6,3342.1,3446.5,55712,3396.49,3400.0,340,3401.7,1,
2026-04-13T12:16:27.253,NC,LTTS,3400.0,3395.0,3434.6,3342.1,3446.5,55725,3396.49,3400.0,323,3401.7,3,
2026-04-13T12:16:36.561,NC,LTTS,3400.0,3395.0,3434.6,3342.1,3446.5,55734,3396.49,3400.0,314,3401.8,4,
2026-04-13T12:16:42.272,NC,LTTS,3400.0,3395.0,3434.6,3342.1,3446.5,55738,3396.49,3400.1,16,3401.8,4,
2026-04-13T12:16:47.410,NC,LTTS,3400.1,3395.0,3434.6,3342.1,3446.5,55751,3396.49,3400.1,20,3401.8,4,
2026-04-13T12:16:57.099,NC,LTTS,3400.0,3395.0,3434.6,3342.1,3446.5,55765,3396.49,3400.0,296,3401.8,4,
2026-04-13T12:17:06.436,NC,LTTS,3400.1,3395.0,3434.6,3342.1,3446.5,55774,3396.49,3400.1,17,3401.8,4,
2026-04-13T12:17:11.031,NC,LTTS,3400.1,3395.0,3434.6,3342.1,3446.5,55778,3396.49,3400.1,26,3401.8,4,
2026-04-13T12:17:15.806,NC,LTTS,3401.8,3395.0,3434.6,3342.1,3446.5,55788,3396.49,3400.1,17,3401.8,3,
2026-04-13T12:17:20.712,NC,LTTS,3400.1,3395.0,3434.6,3342.1,3446.5,55792,3396.49,3400.1,28,3401.8,3,
2026-04-13T12:17:25.517,NC,LTTS,3400.1,3395.0,3434.6,3342.1,3446.5,55801,3396.49,3400.1,28,3401.7,3,
2026-04-13T12:17:30.233,NC,LTTS,3400.1,3395.0,3434.6,3342.1,3446.5,55805,3396.49,3400.1,33,3401.8,3,
2026-04-13T12:17:35.034,NC,LTTS,3400.1,3395.0,3434.6,3342.1,3446.5,55814,3396.49,3400.1,24,3401.8,3,
2026-04-13T12:17:39.638,NC,LTTS,3401.8,3395.0,3434.6,3342.1,3446.5,55819,3396.49,3400.1,31,3401.8,2,
2026-04-13T12:17:44.543,NC,LTTS,3400.1,3395.0,3434.6,3342.1,3446.5,55828,3396.49,3400.1,26,3401.8,2,
2026-04-13T12:17:49.150,NC,LTTS,3400.1,3395.0,3434.6,3342.1,3446.5,55832,3396.5,3400.1,26,3401.8,2,
2026-04-13T12:17:53.957,NC,LTTS,3400.1,3395.0,3434.6,3342.1,3446.5,55841,3396.5,3400.1,22,3401.8,2,
2026-04-13T12:17:58.784,NC,LTTS,3400.1,3395.0,3434.6,3342.1,3446.5,55845,3396.5,3400.1,28,3401.8,2,
2026-04-13T12:18:03.600,NC,LTTS,3400.1,3395.0,3434.6,3342.1,3446.5,55854,3396.5,3400.1,7,3401.7,1,
2026-04-13T12:18:08.503,NC,LTTS,3401.6,3395.0,3434.6,3342.1,3446.5,55862,3396.5,3400.2,1,3401.6,14,
2026-04-13T12:18:13.518,NC,LTTS,3400.2,3395.0,3434.6,3342.1,3446.5,55871,3396.5,3400.2,7,3401.6,14,
2026-04-13T12:18:18.628,NC,LTTS,3400.2,3395.0,3434.6,3342.1,3446.5,55875,3396.5,3400.2,9,3401.6,14,
2026-04-13T12:18:23.436,NC,LTTS,3400.2,3395.0,3434.6,3342.1,3446.5,55884,3396.5,3400.2,7,3401.6,14,
2026-04-13T12:18:28.140,NC,LTTS,3400.2,3395.0,3434.6,3342.1,3446.5,55888,3396.5,3400.2,6,3401.6,14,
2026-04-13T12:18:32.742,NC,LTTS,3400.2,3395.0,3434.6,3342.1,3446.5,55897,3396.5,3400.1,15,3401.6,14,
2026-04-13T12:18:37.448,NC,LTTS,3400.1,3395.0,3434.6,3342.1,3446.5,55901,3396.5,3400.1,13,3401.6,14,
2026-04-13T12:18:46.957,NC,LTTS,3400.1,3395.0,3434.6,3342.1,3446.5,55914,3396.5,3400.1,11,3401.6,14,
2026-04-13T12:18:56.085,NC,LTTS,3400.0,3395.0,3434.6,3342.1,3446.5,55923,3396.5,3400.0,292,3401.6,14,
2026-04-13T12:19:00.607,NC,LTTS,3400.0,3395.0,3434.6,3342.1,3446.5,55928,3396.5,3400.0,287,3401.6,14,
2026-04-13T12:19:05.395,NC,LTTS,3400.0,3395.0,3434.6,3342.1,3446.5,55937,3396.5,3400.0,278,3401.6,14,
2026-04-13T12:19:09.904,NC,LTTS,3400.0,3395.0,3434.6,3342.1,3446.5,55941,3396.5,3400.0,274,3401.6,14,
2026-04-13T12:19:14.417,NC,LTTS,3400.0,3395.0,3434.6,3342.1,3446.5,55950,3396.5,3400.0,265,3401.6,14,
2026-04-13T12:19:19.016,NC,LTTS,3400.0,3395.0,3434.6,3342.1,3446.5,55954,3396.5,3400.0,261,3401.6,14,
2026-04-13T12:19:23.527,NC,LTTS,3400.0,3395.0,3434.6,3342.1,3446.5,55963,3396.5,3400.0,252,3401.6,14,
2026-04-13T12:19:28.044,NC,LTTS,3400.0,3395.0,3434.6,3342.1,3446.5,55967,3396.5,3400.0,248,3401.6,14,
2026-04-13T12:19:33.153,NC,LTTS,3400.0,3395.0,3434.6,3342.1,3446.5,55976,3396.5,3400.0,239,3401.6,14,
2026-04-13T12:19:38.356,NC,LTTS,3400.0,3395.0,3434.6,3342.1,3446.5,55980,3396.5,3400.0,235,3401.6,14,
2026-04-13T12:19:43.150,NC,LTTS,3400.0,3395.0,3434.6,3342.1,3446.5,55989,3396.51,3400.0,226,3401.6,14,
2026-04-13T12:19:48.156,NC,LTTS,3400.0,3395.0,3434.6,3342.1,3446.5,55993,3396.51,3400.0,222,3401.6,14,
2026-04-13T12:19:53.467,NC,LTTS,3400.0,3395.0,3434.6,3342.1,3446.5,56002,3396.51,3400.0,213,3401.6,14,
2026-04-13T12:19:58.579,NC,LTTS,3400.0,3395.0,3434.6,3342.1,3446.5,56006,3396.51,3400.0,209,3401.6,14,
2026-04-13T12:20:03.899,NC,LTTS,3400.1,3395.0,3434.6,3342.1,3446.5,56015,3396.51,3400.1,22,3401.8,2,
2026-04-13T12:20:09.085,NC,LTTS,3400.1,3395.0,3434.6,3342.1,3446.5,56019,3396.51,3400.1,35,3401.8,2,
2026-04-13T12:20:14.036,NC,LTTS,3400.1,3395.0,3434.6,3342.1,3446.5,56028,3396.51,3400.1,22,3401.8,2,
2026-04-13T12:20:18.908,NC,LTTS,3400.0,3395.0,3434.6,3342.1,3446.5,56032,3396.51,3400.0,224,3401.8,2,
2026-04-13T12:20:23.823,NC,LTTS,3400.2,3395.0,3434.6,3342.1,3446.5,56042,3396.51,3400.2,15,3401.8,1,
2026-04-13T12:20:28.711,NC,LTTS,3400.2,3395.0,3434.6,3342.1,3446.5,56046,3396.51,3400.2,15,3401.8,1,
2026-04-13T12:20:33.628,NC,LTTS,3400.2,3395.0,3434.6,3342.1,3446.5,56055,3396.51,3400.2,10,3401.8,1,
2026-04-13T12:20:38.632,NC,LTTS,3400.2,3395.0,3434.6,3342.1,3446.5,56059,3396.51,3400.3,7,3401.8,1,
2026-04-13T12:20:43.448,NC,LTTS,3400.3,3395.0,3434.6,3342.1,3446.5,56068,3396.51,3400.3,7,3401.8,1,
2026-04-13T12:20:48.150,NC,LTTS,3400.2,3395.0,3434.6,3342.1,3446.5,56074,3396.51,3400.0,216,3400.4,1,
2026-04-13T12:20:52.746,NC,LTTS,3400.0,3395.0,3434.6,3342.1,3446.5,56083,3396.51,3400.0,211,3400.4,1,
2026-04-13T12:20:57.454,NC,LTTS,3400.0,3395.0,3434.6,3342.1,3446.5,56088,3396.51,3400.0,206,3400.4,1,
2026-04-13T12:21:06.861,NC,LTTS,3400.4,3395.0,3434.6,3342.1,3446.5,56102,3396.51,3400.0,210,3401.8,1,
2026-04-13T12:21:11.887,NC,LTTS,3400.2,3395.0,3434.6,3342.1,3446.5,56103,3396.51,3400.0,210,3401.7,2,
2026-04-13T12:21:16.378,NC,LTTS,3400.2,3395.0,3434.6,3342.1,3446.5,56113,3396.51,3400.0,206,3401.7,12,
2026-04-13T12:21:20.893,NC,LTTS,3400.0,3395.0,3434.6,3342.1,3446.5,56117,3396.51,3400.0,202,3400.2,2,
2026-04-13T12:21:25.296,NC,LTTS,3400.2,3395.0,3434.6,3342.1,3446.5,56129,3396.51,3400.0,193,3400.2,1,
2026-04-13T12:21:29.593,NC,LTTS,3400.0,3395.0,3434.6,3342.1,3446.5,56133,3396.51,3400.0,189,3400.2,1,
2026-04-13T12:21:33.913,NC,LTTS,3400.0,3395.0,3434.6,3342.1,3446.5,56346,3396.53,3400.0,332,3401.6,4,
2026-04-13T12:21:39.007,NC,LTTS,3400.0,3395.0,3434.6,3342.1,3446.5,56350,3396.53,3400.0,327,3401.5,13,
2026-04-13T12:21:44.426,NC,LTTS,3400.0,3395.0,3434.6,3342.1,3446.5,56365,3396.53,3400.0,317,3401.5,8,
2026-04-13T12:21:49.175,NC,LTTS,3401.8,3395.0,3434.6,3342.1,3446.5,56379,3396.53,3400.0,313,3402.0,4,
2026-04-13T12:21:53.505,NC,LTTS,3400.0,3395.0,3434.6,3342.1,3446.5,56388,3396.53,3400.0,304,3402.0,4,
2026-04-13T12:21:57.908,NC,LTTS,3400.0,3395.0,3434.6,3342.1,3446.5,56392,3396.53,3400.0,300,3401.7,5,
2026-04-13T12:22:07.424,NC,LTTS,3400.0,3395.0,3434.6,3342.1,3446.5,56405,3396.53,3400.0,287,3401.6,18,
2026-04-13T12:22:17.036,NC,LTTS,3400.0,3395.0,3434.6,3342.1,3446.5,56418,3396.53,3400.0,274,3401.5,19,
2026-04-13T12:22:26.130,NC,LTTS,3400.0,3395.0,3434.6,3342.1,3446.5,56432,3396.53,3400.0,265,3401.5,14,
2026-04-13T12:22:30.637,NC,LTTS,3400.0,3395.0,3434.6,3342.1,3446.5,56436,3396.53,3400.0,261,3401.5,14,
2026-04-13T12:22:35.146,NC,LTTS,3400.0,3395.0,3434.6,3342.1,3446.5,56445,3396.53,3400.0,252,3401.5,14,
2026-04-13T12:22:39.745,NC,LTTS,3400.0,3395.0,3434.6,3342.1,3446.5,56486,3396.54,3400.0,211,3401.5,14,
2026-04-13T12:22:44.307,NC,LTTS,3400.0,3395.0,3434.6,3342.1,3446.5,56526,3396.54,3400.0,171,3401.5,14,
2026-04-13T12:22:48.574,NC,LTTS,3400.0,3395.0,3434.6,3342.1,3446.5,56535,3396.54,3400.0,162,3401.5,14,
2026-04-13T12:22:53.090,NC,LTTS,3400.0,3395.0,3434.6,3342.1,3446.5,56544,3396.54,3400.0,153,3401.5,14,
2026-04-13T12:22:57.862,NC,LTTS,3400.0,3395.0,3434.6,3342.1,3446.5,56549,3396.54,3400.0,148,3401.5,14,
2026-04-13T12:23:02.885,NC,LTTS,3400.0,3395.0,3434.6,3342.1,3446.5,56558,3396.54,3400.0,139,3401.5,14,
2026-04-13T12:23:07.877,NC,LTTS,3401.5,3395.0,3434.6,3342.1,3446.5,56566,3396.54,3400.0,146,3401.5,10,
2026-04-13T12:23:13.334,NC,LTTS,3400.0,3395.0,3434.6,3342.1,3446.5,56575,3396.54,3400.0,137,3401.5,10,
2026-04-13T12:23:18.600,NC,LTTS,3400.1,3395.0,3434.6,3342.1,3446.5,56580,3396.54,3400.1,15,3402.3,25,
2026-04-13T12:23:23.199,NC,LTTS,3400.1,3395.0,3434.6,3342.1,3446.5,56589,3396.54,3400.0,137,3401.9,2,
2026-04-13T12:23:27.715,NC,LTTS,3400.1,3395.0,3434.6,3342.1,3446.5,56594,3396.54,3400.1,25,3402.6,2,
2026-04-13T12:23:32.412,NC,LTTS,3400.1,3395.0,3434.6,3342.1,3446.5,56598,3396.54,3400.1,21,3402.0,2,
2026-04-13T12:23:37.020,NC,LTTS,3400.1,3395.0,3434.6,3342.1,3446.5,56611,3396.54,3400.1,10,3402.0,2,
2026-04-13T12:23:46.130,NC,LTTS,3400.1,3395.0,3434.6,3342.1,3446.5,56620,3396.55,3400.1,19,3401.9,1,
2026-04-13T12:23:50.838,NC,LTTS,3402.0,3395.0,3434.6,3342.1,3446.5,56634,3396.55,3400.1,18,3402.1,3,
2026-04-13T12:23:55.546,NC,LTTS,3400.1,3395.0,3434.6,3342.1,3446.5,56643,3396.55,3400.1,9,3402.2,5,
2026-04-13T12:24:00.748,NC,LTTS,3400.1,3395.0,3434.6,3342.1,3446.5,56647,3396.55,3400.0,127,3402.1,3,
2026-04-13T12:24:05.578,NC,LTTS,3400.1,3395.0,3434.6,3342.1,3446.5,56656,3396.55,3400.0,127,3402.1,2,
2026-04-13T12:24:10.164,NC,LTTS,3400.0,3395.0,3434.6,3342.1,3446.5,56660,3396.55,3400.0,123,3402.0,3,
2026-04-13T12:24:14.765,NC,LTTS,3400.0,3395.0,3434.6,3342.1,3446.5,56669,3396.55,3400.0,114,3402.0,3,
2026-04-13T12:24:19.273,NC,LTTS,3400.0,3395.0,3434.6,3342.1,3446.5,56678,3396.55,3400.0,105,3401.8,3,
2026-04-13T12:24:23.689,NC,LTTS,3400.0,3395.0,3434.6,3342.1,3446.5,56688,3396.55,3400.0,95,3401.6,7,
2026-04-13T12:24:28.592,NC,LTTS,3400.0,3395.0,3434.6,3342.1,3446.5,56692,3396.55,3400.0,91,3401.5,3,
2026-04-13T12:24:33.410,NC,LTTS,3400.0,3395.0,3434.6,3342.1,3446.5,56701,3396.55,3400.0,82,3401.6,3,
2026-04-13T12:24:37.831,NC,LTTS,3400.0,3395.0,3434.6,3342.1,3446.5,56705,3396.55,3400.0,78,3401.6,1,
2026-04-13T12:24:47.631,NC,LTTS,3400.0,3395.0,3434.6,3342.1,3446.5,56719,3396.55,3400.0,80,3402.3,3,
2026-04-13T12:24:52.864,NC,LTTS,3400.0,3395.0,3434.6,3342.1,3446.5,56728,3396.55,3400.0,67,3402.3,3,
2026-04-13T12:24:57.552,NC,LTTS,3400.0,3395.0,3434.6,3342.1,3446.5,56733,3396.55,3400.0,60,3401.8,1,
2026-04-13T12:25:06.975,NC,LTTS,3400.0,3395.0,3434.6,3342.1,3446.5,56756,3396.55,3400.0,53,3402.2,3,
2026-04-13T12:25:16.183,NC,LTTS,3400.0,3395.0,3434.6,3342.1,3446.5,56770,3396.56,3400.0,40,3402.1,2,
2026-04-13T12:25:21.096,NC,LTTS,3400.0,3395.0,3434.6,3342.1,3446.5,56774,3396.56,3400.0,40,3402.1,2,
2026-04-13T12:25:25.894,NC,LTTS,3400.0,3395.0,3434.6,3342.1,3446.5,56783,3396.56,3400.0,31,3401.7,1,
2026-04-13T12:25:30.503,NC,LTTS,3400.0,3395.0,3434.6,3342.1,3446.5,56787,3396.56,3400.0,27,3401.9,2,
2026-04-13T12:25:34.923,NC,LTTS,3401.1,3395.0,3434.6,3342.1,3446.5,56896,3396.57,3401.1,10,3403.3,1,
2026-04-13T12:25:39.228,NC,LTTS,3400.0,3395.0,3434.6,3342.1,3446.5,56908,3396.57,3400.0,23,3401.9,1,
2026-04-13T12:25:43.525,NC,LTTS,3400.0,3395.0,3434.6,3342.1,3446.5,56917,3396.57,3400.0,369,3401.9,1,
2026-04-13T12:25:48.030,NC,LTTS,3400.0,3395.0,3434.6,3342.1,3446.5,56921,3396.57,3400.0,365,3401.9,1,
2026-04-13T12:25:57.145,NC,LTTS,3400.0,3395.0,3434.6,3342.1,3446.5,56934,3396.57,3400.0,358,3401.9,1,
2026-04-13T12:26:05.964,NC,LTTS,3400.0,3395.0,3434.6,3342.1,3446.5,56943,3396.57,3400.0,352,3401.9,1,
2026-04-13T12:26:10.675,NC,LTTS,3401.7,3395.0,3434.6,3342.1,3446.5,56948,3396.57,3400.1,26,3401.9,1,
2026-04-13T12:26:15.264,NC,LTTS,3400.1,3395.0,3434.6,3342.1,3446.5,56957,3396.57,3400.1,13,3401.9,1,
2026-04-13T12:26:19.971,NC,LTTS,3400.1,3395.0,3434.6,3342.1,3446.5,56961,3396.57,3400.1,30,3401.9,1,
2026-04-13T12:26:24.379,NC,LTTS,3400.1,3395.0,3434.6,3342.1,3446.5,56970,3396.57,3400.1,27,3401.9,1,
2026-04-13T12:26:28.674,NC,LTTS,3401.9,3395.0,3434.6,3342.1,3446.5,56984,3396.57,3400.1,9,3402.2,5,
2026-04-13T12:26:33.078,NC,LTTS,3400.1,3395.0,3434.6,3342.1,3446.5,56993,3396.57,3400.1,10,3402.0,1,
2026-04-13T12:26:37.387,NC,LTTS,3400.1,3395.0,3434.6,3342.1,3446.5,56997,3396.58,3400.0,346,3402.0,1,
2026-04-13T12:26:46.211,NC,LTTS,3402.1,3395.0,3434.6,3342.1,3446.5,57007,3396.58,3400.0,333,3402.0,1,
2026-04-13T12:26:50.505,NC,LTTS,3400.0,3395.0,3434.6,3342.1,3446.5,57011,3396.58,3400.0,329,3402.0,1,
2026-04-13T12:26:55.003,NC,LTTS,3400.0,3395.0,3434.6,3342.1,3446.5,57020,3396.58,3400.0,324,3401.9,1,
2026-04-13T12:27:01.014,NC,LTTS,3400.0,3395.0,3434.6,3342.1,3446.5,57025,3396.58,3400.0,327,3401.9,1,
2026-04-13T12:27:06.817,NC,LTTS,3400.0,3395.0,3434.6,3342.1,3446.5,57038,3396.58,3400.0,309,3401.9,3,
2026-04-13T12:27:16.571,NC,LTTS,3400.3,3395.0,3434.6,3342.1,3446.5,57047,3396.58,3400.3,3,3401.9,1,
2026-04-13T12:27:20.951,NC,LTTS,3400.2,3395.0,3434.6,3342.1,3446.5,57051,3396.58,3400.2,9,3401.9,1,
2026-04-13T12:27:25.658,NC,LTTS,3400.2,3395.0,3434.6,3342.1,3446.5,57060,3396.58,3400.1,20,3401.9,1,
2026-04-13T12:27:30.551,NC,LTTS,3400.1,3395.0,3434.6,3342.1,3446.5,57064,3396.58,3400.3,7,3401.9,1,
2026-04-13T12:27:35.370,NC,LTTS,3400.3,3395.0,3434.6,3342.1,3446.5,57072,3396.58,3400.0,306,3400.3,1,
2026-04-13T12:27:40.362,NC,LTTS,3400.0,3395.0,3434.6,3342.1,3446.5,57078,3396.58,3400.3,5,3401.9,1,
2026-04-13T12:27:45.260,NC,LTTS,3400.3,3395.0,3434.6,3342.1,3446.5,57082,3396.58,3400.0,296,3400.3,1,
2026-04-13T12:27:49.973,NC,LTTS,3400.0,3395.0,3434.6,3342.1,3446.5,57091,3396.58,3400.0,288,3401.9,1,
2026-04-13T12:27:54.379,NC,LTTS,3400.0,3395.0,3434.6,3342.1,3446.5,57100,3396.58,3400.0,279,3401.9,1,
2026-04-13T12:27:59.094,NC,LTTS,3400.1,3395.0,3434.6,3342.1,3446.5,57104,3396.58,3400.1,21,3401.9,1,
2026-04-13T12:28:04.001,NC,LTTS,3400.2,3395.0,3434.6,3342.1,3446.5,57113,3396.58,3400.2,23,3401.9,1,
2026-04-13T12:28:09.011,NC,LTTS,3400.2,3395.0,3434.6,3342.1,3446.5,57117,3396.58,3400.2,14,3401.8,1,
2026-04-13T12:28:13.915,NC,LTTS,3400.2,3395.0,3434.6,3342.1,3446.5,57126,3396.58,3400.1,10,3401.7,1,
2026-04-13T12:28:18.919,NC,LTTS,3400.1,3395.0,3434.6,3342.1,3446.5,57130,3396.58,3400.1,6,3401.8,1,
2026-04-13T12:28:23.326,NC,LTTS,3400.1,3395.0,3434.6,3342.1,3446.5,57139,3396.58,3400.0,100,3401.8,1,
2026-04-13T12:28:27.629,NC,LTTS,3400.2,3395.0,3434.6,3342.1,3446.5,57143,3396.58,3400.2,11,3401.8,1,
2026-04-13T12:28:31.929,NC,LTTS,3400.0,3395.0,3434.6,3342.1,3446.5,57161,3396.59,3400.0,84,3401.8,1,
2026-04-13T12:28:36.244,NC,LTTS,3401.8,3395.0,3434.6,3342.1,3446.5,57174,3396.59,3400.1,26,3403.0,1,
2026-04-13T12:28:40.741,NC,LTTS,3400.1,3395.0,3434.6,3342.1,3446.5,57178,3396.59,3400.1,24,3403.0,1,
2026-04-13T12:28:45.448,NC,LTTS,3400.1,3395.0,3434.6,3342.1,3446.5,57197,3396.59,3400.0,105,3402.4,1,
2026-04-13T12:28:49.762,NC,LTTS,3402.4,3395.0,3434.6,3342.1,3446.5,57205,3396.59,3400.0,100,3402.2,2,
2026-04-13T12:28:54.865,NC,LTTS,3400.1,3395.0,3434.6,3342.1,3446.5,57235,3396.59,3400.1,1,3402.4,1,
2026-04-13T12:29:00.169,NC,LTTS,3400.0,3395.0,3434.6,3342.1,3446.5,57240,3396.59,3400.1,1,3401.9,1,
2026-04-13T12:29:05.072,NC,LTTS,3400.1,3395.0,3434.6,3342.1,3446.5,57249,3396.59,3400.1,22,3402.9,2,
2026-04-13T12:29:09.486,NC,LTTS,3400.1,3395.0,3434.6,3342.1,3446.5,57253,3396.59,3400.1,15,3402.8,1,
2026-04-13T12:29:13.890,NC,LTTS,3400.1,3395.0,3434.6,3342.1,3446.5,57262,3396.59,3400.1,5,3402.8,5,
2026-04-13T12:29:18.499,NC,LTTS,3400.1,3395.0,3434.6,3342.1,3446.5,57271,3396.59,3400.1,2,3402.5,2,
2026-04-13T12:29:22.993,NC,LTTS,3400.1,3395.0,3434.6,3342.1,3446.5,57281,3396.59,3400.0,100,3402.9,1,
2026-04-13T12:29:28.004,NC,LTTS,3400.0,3395.0,3434.6,3342.1,3446.5,57285,3396.59,3400.0,113,3402.9,1,
2026-04-13T12:29:36.823,NC,LTTS,3400.0,3395.0,3434.6,3342.1,3446.5,57298,3396.59,3400.0,95,3402.5,2,
2026-04-13T12:29:45.736,NC,LTTS,3400.0,3395.0,3434.6,3342.1,3446.5,57307,3396.6,3400.0,86,3402.2,10,
2026-04-13T12:29:50.541,NC,LTTS,3400.0,3395.0,3434.6,3342.1,3446.5,57311,3396.6,3400.0,82,3401.9,2,
2026-04-13T12:29:55.244,NC,LTTS,3400.0,3395.0,3434.6,3342.1,3446.5,57320,3396.6,3400.0,98,3402.4,9,
2026-04-13T12:29:59.563,NC,LTTS,3400.0,3395.0,3434.6,3342.1,3446.5,57324,3396.6,3400.0,99,3402.4,2,
2026-04-13T12:30:05.065,NC,LTTS,3400.9,3395.0,3434.6,3342.1,3446.5,57344,3396.6,3400.0,1103,3402.4,2,
2026-04-13T12:30:10.886,NC,LTTS,3400.0,3395.0,3434.6,3342.1,3446.5,57348,3396.6,3400.0,1096,3401.9,1,
2026-04-13T12:30:16.281,NC,LTTS,3400.0,3395.0,3434.6,3342.1,3446.5,57357,3396.6,3400.0,1087,3401.6,1,
2026-04-13T12:30:21.584,NC,LTTS,3400.0,3395.0,3434.6,3342.1,3446.5,57361,3396.6,3400.0,1083,3401.6,1,
2026-04-13T12:30:26.499,NC,LTTS,3400.0,3395.0,3434.6,3342.1,3446.5,57370,3396.6,3400.0,1164,3401.8,2,
2026-04-13T12:30:31.699,NC,LTTS,3401.9,3395.0,3434.6,3342.1,3446.5,57389,3396.6,3400.1,30,3402.8,2,
2026-04-13T12:30:36.716,NC,LTTS,3400.3,3395.0,3434.6,3342.1,3446.5,57402,3396.6,3400.8,1,3402.5,2,
2026-04-13T12:30:41.709,NC,LTTS,3400.6,3395.0,3434.6,3342.1,3446.5,57407,3396.6,3400.0,1148,3402.1,4,
2026-04-13T12:30:46.320,NC,LTTS,3402.1,3395.0,3434.6,3342.1,3446.5,57417,3396.6,3400.0,1139,3402.0,1,
2026-04-13T12:30:50.620,NC,LTTS,3400.0,3395.0,3434.6,3342.1,3446.5,57421,3396.6,3400.0,1131,3402.1,2,
2026-04-13T12:30:55.222,NC,LTTS,3400.9,3395.0,3434.6,3342.1,3446.5,57460,3396.61,3400.0,1122,3402.1,1,
2026-04-13T12:30:59.935,NC,LTTS,3400.0,3395.0,3434.6,3342.1,3446.5,57465,3396.61,3400.0,1118,3402.1,1,
2026-04-13T12:31:04.645,NC,LTTS,3400.0,3395.0,3434.6,3342.1,3446.5,57474,3396.61,3400.0,1109,3402.0,15,
2026-04-13T12:31:10.039,NC,LTTS,3400.0,3395.0,3434.6,3342.1,3446.5,57478,3396.61,3400.0,108,3401.9,12,
2026-04-13T12:31:14.840,NC,LTTS,3400.0,3395.0,3434.6,3342.1,3446.5,57487,3396.61,3400.0,99,3401.9,10,
2026-04-13T12:31:19.054,NC,LTTS,3400.0,3395.0,3434.6,3342.1,3446.5,57491,3396.61,3400.0,95,3401.8,2,
2026-04-13T12:31:23.249,NC,LTTS,3400.1,3395.0,3434.6,3342.1,3446.5,57531,3396.61,3400.7,2,3402.8,2,
2026-04-13T12:31:27.461,NC,LTTS,3400.0,3395.0,3434.6,3342.1,3446.5,57536,3396.61,3400.1,1,3402.1,1,
2026-04-13T12:31:36.178,NC,LTTS,3400.1,3395.0,3434.6,3342.1,3446.5,57545,3396.61,3400.4,2,3402.1,1,
2026-04-13T12:31:40.779,NC,LTTS,3400.3,3395.0,3434.6,3342.1,3446.5,57549,3396.61,3400.5,1,3402.1,1,
2026-04-13T12:31:45.779,NC,LTTS,3400.5,3395.0,3434.6,3342.1,3446.5,57561,3396.61,3400.1,45,3402.1,1,
2026-04-13T12:31:50.291,NC,LTTS,3400.1,3395.0,3434.6,3342.1,3446.5,57565,3396.61,3400.1,61,3402.1,1,
2026-04-13T12:31:54.711,NC,LTTS,3400.7,3395.0,3434.6,3342.1,3446.5,57592,3396.62,3400.3,5,3402.1,1,
2026-04-13T12:31:59.209,NC,LTTS,3400.5,3395.0,3434.6,3342.1,3446.5,57597,3396.62,3400.1,22,3401.9,4,
2026-04-13T12:32:03.928,NC,LTTS,3400.1,3395.0,3434.6,3342.1,3446.5,57606,3396.62,3400.1,14,3402.0,2,
2026-04-13T12:32:08.555,NC,LTTS,3400.1,3395.0,3434.6,3342.1,3446.5,57612,3396.62,3400.1,9,3402.0,1,
2026-04-13T12:32:13.021,NC,LTTS,3400.2,3395.0,3434.6,3342.1,3446.5,57621,3396.62,3400.1,12,3402.0,1,
2026-04-13T12:32:17.329,NC,LTTS,3400.1,3395.0,3434.6,3342.1,3446.5,57625,3396.62,3400.1,7,3402.0,1,
2026-04-13T12:32:26.441,NC,LTTS,3400.1,3395.0,3434.6,3342.1,3446.5,57634,3396.62,3400.0,91,3402.0,1,
2026-04-13T12:32:30.543,NC,LTTS,3400.0,3395.0,3434.6,3342.1,3446.5,57638,3396.62,3400.0,91,3402.0,1,
2026-04-13T12:32:34.853,NC,LTTS,3400.0,3395.0,3434.6,3342.1,3446.5,57647,3396.62,3400.0,78,3402.0,1,
2026-04-13T12:32:39.547,NC,LTTS,3400.0,3395.0,3434.6,3342.1,3446.5,57651,3396.62,3400.0,74,3402.0,1,
2026-04-13T12:32:44.455,NC,LTTS,3400.0,3395.0,3434.6,3342.1,3446.5,57660,3396.62,3400.0,65,3401.9,2,
2026-04-13T12:32:49.169,NC,LTTS,3400.0,3395.0,3434.6,3342.1,3446.5,57664,3396.62,3400.0,61,3402.0,14,
2026-04-13T12:32:53.865,NC,LTTS,3400.0,3395.0,3434.6,3342.1,3446.5,57673,3396.62,3400.0,52,3402.0,14,
2026-04-13T12:32:58.473,NC,LTTS,3400.0,3395.0,3434.6,3342.1,3446.5,57678,3396.62,3400.0,47,3402.0,14,
2026-04-13T12:33:07.000,NC,LTTS,3400.0,3395.0,3434.6,3342.1,3446.5,57955,3396.64,3400.0,51,3401.6,1,
2026-04-13T12:33:15.610,NC,LTTS,3400.0,3395.0,3434.6,3342.1,3446.5,57964,3396.64,3400.0,43,3401.5,1,
2026-04-13T12:33:20.004,NC,LTTS,3400.0,3395.0,3434.6,3342.1,3446.5,57968,3396.64,3400.0,39,3401.6,1,
2026-04-13T12:33:24.609,NC,LTTS,3400.0,3395.0,3434.6,3342.1,3446.5,57977,3396.64,3400.0,44,3401.5,1,
2026-04-13T12:33:29.320,NC,LTTS,3400.0,3395.0,3434.6,3342.1,3446.5,57981,3396.64,3400.0,40,3401.6,1,
2026-04-13T12:33:34.165,NC,LTTS,3400.0,3395.0,3434.6,3342.1,3446.5,57990,3396.64,3400.0,31,3401.5,1,
2026-04-13T12:33:38.564,NC,LTTS,3400.0,3395.0,3434.6,3342.1,3446.5,57994,3396.64,3400.0,27,3401.5,1,
2026-04-13T12:33:43.574,NC,LTTS,3400.0,3395.0,3434.6,3342.1,3446.5,58003,3396.64,3400.0,18,3401.5,2,
2026-04-13T12:33:48.412,NC,LTTS,3400.0,3395.0,3434.6,3342.1,3446.5,58007,3396.64,3400.0,105,3401.6,1,
2026-04-13T12:33:53.581,NC,LTTS,3400.0,3395.0,3434.6,3342.1,3446.5,58016,3396.64,3400.0,96,3401.5,1,
2026-04-13T12:33:58.998,NC,LTTS,3400.0,3395.0,3434.6,3342.1,3446.5,58020,3396.64,3400.0,92,3401.6,1,
2026-04-13T12:34:04.308,NC,LTTS,3400.0,3395.0,3434.6,3342.1,3446.5,58029,3396.64,3400.0,83,3401.6,1,
2026-04-13T12:34:09.408,NC,LTTS,3400.0,3395.0,3434.6,3342.1,3446.5,58033,3396.64,3400.0,79,3401.5,1,
2026-04-13T12:34:14.119,NC,LTTS,3400.0,3395.0,3434.6,3342.1,3446.5,58047,3396.64,3400.0,65,3401.5,1,
2026-04-13T12:34:18.734,NC,LTTS,3400.0,3395.0,3434.6,3342.1,3446.5,58068,3396.64,3400.0,45,3401.5,1,
2026-04-13T12:34:23.627,NC,LTTS,3400.0,3395.0,3434.6,3342.1,3446.5,58077,3396.64,3400.0,36,3401.5,1,
2026-04-13T12:34:28.340,NC,LTTS,3400.0,3395.0,3434.6,3342.1,3446.5,58081,3396.64,3400.0,32,3401.5,1,
2026-04-13T12:34:33.042,NC,LTTS,3400.0,3395.0,3434.6,3342.1,3446.5,58090,3396.64,3400.0,23,3401.5,1,
2026-04-13T12:34:38.138,NC,LTTS,3400.0,3395.0,3434.6,3342.1,3446.5,58094,3396.64,3400.0,19,3401.5,1,
2026-04-13T12:34:42.841,NC,LTTS,3400.0,3395.0,3434.6,3342.1,3446.5,58103,3396.65,3400.0,13,3401.5,1,
2026-04-13T12:34:47.351,NC,LTTS,3400.0,3395.0,3434.6,3342.1,3446.5,58107,3396.65,3400.0,9,3401.5,1,
2026-04-13T12:34:56.653,NC,LTTS,3400.0,3395.0,3434.6,3342.1,3446.5,58116,3396.65,3400.0,93,3401.5,1,
2026-04-13T12:35:01.394,NC,LTTS,3400.0,3395.0,3434.6,3342.1,3446.5,58121,3396.65,3400.0,88,3401.6,1,
2026-04-13T12:35:06.874,NC,LTTS,3400.0,3395.0,3434.6,3342.1,3446.5,58134,3396.65,3400.0,74,3401.6,1,
2026-04-13T12:35:16.752,NC,LTTS,3400.0,3395.0,3434.6,3342.1,3446.5,58149,3396.65,3400.0,462,3401.6,1,
2026-04-13T12:35:25.771,NC,LTTS,3400.0,3395.0,3434.6,3342.1,3446.5,58158,3396.65,3400.0,552,3401.6,2,
2026-04-13T12:35:30.163,NC,LTTS,3400.0,3395.0,3434.6,3342.1,3446.5,58162,3396.65,3400.0,548,3401.6,1,
2026-04-13T12:35:34.571,NC,LTTS,3400.0,3395.0,3434.6,3342.1,3446.5,58171,3396.65,3400.0,539,3401.6,2,
2026-04-13T12:35:39.129,NC,LTTS,3400.0,3395.0,3434.6,3342.1,3446.5,58175,3396.65,3400.0,551,3401.5,1,
2026-04-13T12:35:43.520,NC,LTTS,3400.0,3395.0,3434.6,3342.1,3446.5,58184,3396.65,3400.0,542,3401.5,1,
2026-04-13T12:35:47.923,NC,LTTS,3400.0,3395.0,3434.6,3342.1,3446.5,58188,3396.65,3400.0,538,3401.5,1,
2026-04-13T12:35:52.535,NC,LTTS,3401.5,3395.0,3434.6,3342.1,3446.5,58189,3396.65,3400.0,538,3401.5,1,
2026-04-13T12:35:57.236,NC,LTTS,3400.0,3395.0,3434.6,3342.1,3446.5,58205,3396.65,3400.0,527,3401.5,1,
2026-04-13T12:36:06.649,NC,LTTS,3401.5,3395.0,3434.6,3342.1,3446.5,58215,3396.65,3400.0,622,3401.5,1,
2026-04-13T12:36:11.754,NC,LTTS,3400.2,3395.0,3434.6,3342.1,3446.5,58236,3396.65,3400.1,10,3401.5,1,
2026-04-13T12:36:16.359,NC,LTTS,3400.1,3395.0,3434.6,3342.1,3446.5,58245,3396.65,3400.1,9,3401.5,1,
2026-04-13T12:36:20.766,NC,LTTS,3400.1,3395.0,3434.6,3342.1,3446.5,58249,3396.65,3400.1,9,3401.5,1,
2026-04-13T12:36:25.675,NC,LTTS,3400.1,3395.0,3434.6,3342.1,3446.5,58258,3396.65,3400.0,608,3401.5,1,
2026-04-13T12:36:30.788,NC,LTTS,3400.0,3395.0,3434.6,3342.1,3446.5,58262,3396.66,3400.0,604,3401.5,1,
2026-04-13T12:36:35.911,NC,LTTS,3400.0,3395.0,3434.6,3342.1,3446.5,58271,3396.66,3400.0,594,3401.5,1,
2026-04-13T12:36:41.115,NC,LTTS,3400.0,3395.0,3434.6,3342.1,3446.5,58275,3396.66,3400.0,590,3401.5,1,
2026-04-13T12:36:46.315,NC,LTTS,3400.7,3395.0,3434.6,3342.1,3446.5,58311,3396.66,3400.4,5,3402.3,5,
2026-04-13T12:36:51.217,NC,LTTS,3400.0,3395.0,3434.6,3342.1,3446.5,58355,3396.66,3400.1,18,3401.5,1,
2026-04-13T12:36:55.721,NC,LTTS,3400.2,3395.0,3434.6,3342.1,3446.5,58364,3396.66,3400.2,17,3401.5,1,
2026-04-13T12:37:00.134,NC,LTTS,3400.2,3395.0,3434.6,3342.1,3446.5,58370,3396.66,3400.2,11,3401.5,1,
2026-04-13T12:37:04.535,NC,LTTS,3400.2,3395.0,3434.6,3342.1,3446.5,58379,3396.66,3400.4,6,3401.5,1,
2026-04-13T12:37:09.037,NC,LTTS,3400.4,3395.0,3434.6,3342.1,3446.5,58387,3396.66,3400.1,7,3401.5,1,
2026-04-13T12:37:13.747,NC,LTTS,3400.1,3395.0,3434.6,3342.1,3446.5,58396,3396.66,3400.0,555,3401.5,1,
2026-04-13T12:37:18.748,NC,LTTS,3400.0,3395.0,3434.6,3342.1,3446.5,58400,3396.66,3400.1,5,3401.5,1,
2026-04-13T12:37:23.652,NC,LTTS,3400.1,3395.0,3434.6,3342.1,3446.5,58409,3396.66,3400.1,1,3401.5,1,
2026-04-13T12:37:28.256,NC,LTTS,3400.1,3395.0,3434.6,3342.1,3446.5,58413,3396.66,3400.0,563,3401.5,1,
2026-04-13T12:37:32.864,NC,LTTS,3400.0,3395.0,3434.6,3342.1,3446.5,58422,3396.67,3400.0,559,3401.5,1,
2026-04-13T12:37:37.882,NC,LTTS,3401.3,3395.0,3434.6,3342.1,3446.5,58453,3396.67,3400.0,557,3402.6,1,
2026-04-13T12:37:42.776,NC,LTTS,3400.1,3395.0,3434.6,3342.1,3446.5,58490,3396.67,3400.1,12,3403.0,1,
2026-04-13T12:37:47.475,NC,LTTS,3400.2,3395.0,3434.6,3342.1,3446.5,58496,3396.67,3400.2,18,3401.5,1,
2026-04-13T12:37:51.985,NC,LTTS,3401.5,3395.0,3434.6,3342.1,3446.5,58497,3396.67,3400.3,9,3401.5,1,
2026-04-13T12:37:56.491,NC,LTTS,3400.3,3395.0,3434.6,3342.1,3446.5,58506,3396.67,3400.2,1,3401.5,2,
2026-04-13T12:38:01.092,NC,LTTS,3401.5,3395.0,3434.6,3342.1,3446.5,58513,3396.67,3400.7,28,3403.4,2,
2026-04-13T12:38:05.899,NC,LTTS,3400.7,3395.0,3434.6,3342.1,3446.5,58548,3396.67,3400.0,548,3400.7,1,
2026-04-13T12:38:11.214,NC,LTTS,3401.0,3395.0,3434.6,3342.1,3446.5,58579,3396.68,3401.0,1,3401.5,1,
2026-04-13T12:38:16.118,NC,LTTS,3401.0,3395.0,3434.6,3342.1,3446.5,58584,3396.68,3400.0,577,3401.0,1,
2026-04-13T12:38:20.932,NC,LTTS,3401.0,3395.0,3434.6,3342.1,3446.5,58596,3396.68,3400.7,37,3403.5,4,
2026-04-13T12:38:25.848,NC,LTTS,3400.8,3395.0,3434.6,3342.1,3446.5,58633,3396.68,3400.7,1,3402.4,2,
2026-04-13T12:38:30.546,NC,LTTS,3400.1,3395.0,3434.6,3342.1,3446.5,58637,3396.68,3400.0,546,3401.5,2,
2026-04-13T12:38:35.343,NC,LTTS,3400.0,3395.0,3434.6,3342.1,3446.5,58646,3396.68,3400.0,537,3401.5,2,
2026-04-13T12:38:40.351,NC,LTTS,3400.0,3395.0,3434.6,3342.1,3446.5,58650,3396.68,3400.0,528,3401.5,2,
2026-04-13T12:38:45.069,NC,LTTS,3400.0,3395.0,3434.6,3342.1,3446.5,58739,3396.69,3400.0,437,3401.5,2,
2026-04-13T12:38:49.783,NC,LTTS,3400.0,3395.0,3434.6,3342.1,3446.5,58759,3396.69,3400.0,417,3401.5,2,
2026-04-13T12:38:54.568,NC,LTTS,3400.0,3395.0,3434.6,3342.1,3446.5,58768,3396.69,3400.0,408,3401.5,2,
2026-04-13T12:38:59.174,NC,LTTS,3400.0,3395.0,3434.6,3342.1,3446.5,58773,3396.69,3400.0,417,3401.5,2,
2026-04-13T12:39:03.581,NC,LTTS,3400.0,3395.0,3434.6,3342.1,3446.5,58782,3396.69,3400.0,408,3401.5,2,
2026-04-13T12:39:08.189,NC,LTTS,3400.0,3395.0,3434.6,3342.1,3446.5,58786,3396.69,3400.0,404,3401.5,2,
2026-04-13T12:39:12.799,NC,LTTS,3400.0,3395.0,3434.6,3342.1,3446.5,58795,3396.69,3400.0,396,3401.5,2,
2026-04-13T12:39:17.627,NC,LTTS,3400.0,3395.0,3434.6,3342.1,3446.5,58799,3396.69,3400.0,393,3401.5,2,
2026-04-13T12:39:22.435,NC,LTTS,3401.5,3395.0,3434.6,3342.1,3446.5,58800,3396.69,3400.0,393,3401.5,2,
2026-04-13T12:39:27.937,NC,LTTS,3400.0,3395.0,3434.6,3342.1,3446.5,58813,3396.69,3400.0,380,3401.5,3,
2026-04-13T12:39:33.137,NC,LTTS,3400.0,3395.0,3434.6,3342.1,3446.5,58822,3396.69,3400.0,369,3401.5,3,
2026-04-13T12:39:37.974,NC,LTTS,3400.0,3395.0,3434.6,3342.1,3446.5,58826,3396.69,3400.0,365,3401.5,3,
2026-04-13T12:39:47.250,NC,LTTS,3400.0,3395.0,3434.6,3342.1,3446.5,58839,3396.69,3400.0,353,3401.5,3,
2026-04-13T12:39:55.870,NC,LTTS,3400.0,3395.0,3434.6,3342.1,3446.5,58848,3396.69,3400.0,348,3401.5,3,
2026-04-13T12:40:00.770,NC,LTTS,3401.8,3395.0,3434.6,3342.1,3446.5,58874,3396.69,3400.1,29,3401.5,1,
2026-04-13T12:40:05.693,NC,LTTS,3400.1,3395.0,3434.6,3342.1,3446.5,58883,3396.69,3400.1,37,3401.5,1,
2026-04-13T12:40:10.704,NC,LTTS,3400.1,3395.0,3434.6,3342.1,3446.5,58887,3396.69,3400.1,34,3401.5,1,
2026-04-13T12:40:15.304,NC,LTTS,3400.2,3395.0,3434.6,3342.1,3446.5,58896,3396.7,3400.1,33,3401.5,1,
2026-04-13T12:40:20.213,NC,LTTS,3400.1,3395.0,3434.6,3342.1,3446.5,58900,3396.7,3400.1,28,3401.5,1,
2026-04-13T12:40:25.119,NC,LTTS,3400.1,3395.0,3434.6,3342.1,3446.5,58909,3396.7,3400.1,19,3401.5,1,
2026-04-13T12:40:30.339,NC,LTTS,3400.1,3395.0,3434.6,3342.1,3446.5,58913,3396.7,3400.1,1,3401.5,1,
2026-04-13T12:40:35.429,NC,LTTS,3400.1,3395.0,3434.6,3342.1,3446.5,58922,3396.7,3400.0,332,3401.5,1,
2026-04-13T12:40:40.938,NC,LTTS,3400.0,3395.0,3434.6,3342.1,3446.5,58926,3396.7,3400.0,326,3401.5,2,
2026-04-13T12:40:50.277,NC,LTTS,3400.0,3395.0,3434.6,3342.1,3446.5,58930,3396.7,3400.0,322,3401.5,2,
2026-04-13T12:40:59.671,NC,LTTS,3400.0,3395.0,3434.6,3342.1,3446.5,58935,3396.7,3400.1,20,3401.5,2,
2026-04-13T12:41:09.687,NC,LTTS,3400.1,3395.0,3434.6,3342.1,3446.5,58940,3396.7,3400.1,16,3401.5,2,
2026-04-13T12:41:19.188,NC,LTTS,3400.1,3395.0,3434.6,3342.1,3446.5,58944,3396.7,3400.1,5,3401.5,2,
2026-04-13T12:41:23.692,NC,LTTS,3400.1,3395.0,3434.6,3342.1,3446.5,58955,3396.7,3400.0,317,3401.5,2,
2026-04-13T12:41:28.099,NC,LTTS,3400.2,3395.0,3434.6,3342.1,3446.5,58974,3396.7,3400.2,14,3403.4,6,
2026-04-13T12:41:36.917,NC,LTTS,3400.0,3395.0,3434.6,3342.1,3446.5,58998,3396.7,3400.0,313,3400.2,1,
2026-04-13T12:41:41.318,NC,LTTS,3400.0,3395.0,3434.6,3342.1,3446.5,59005,3396.7,3400.1,39,3402.3,3,
2026-04-13T12:41:45.738,NC,LTTS,3400.1,3395.0,3434.6,3342.1,3446.5,59014,3396.7,3400.0,306,3402.1,2,
2026-04-13T12:41:50.345,NC,LTTS,3400.0,3395.0,3434.6,3342.1,3446.5,59018,3396.7,3400.0,302,3401.7,1,
2026-04-13T12:41:59.171,NC,LTTS,3400.0,3395.0,3434.6,3342.1,3446.5,59031,3396.7,3400.0,294,3401.8,17,
2026-04-13T12:42:08.970,NC,LTTS,3400.0,3395.0,3434.6,3342.1,3446.5,59044,3396.7,3400.0,281,3401.8,17,
2026-04-13T12:42:18.488,NC,LTTS,3400.0,3395.0,3434.6,3342.1,3446.5,59062,3396.71,3400.0,263,3401.8,17,
2026-04-13T12:42:27.788,NC,LTTS,3400.1,3395.0,3434.6,3342.1,3446.5,59075,3396.71,3400.1,27,3402.4,2,
2026-04-13T12:42:38.007,NC,LTTS,3400.2,3395.0,3434.6,3342.1,3446.5,59089,3396.71,3400.2,5,3401.9,1,
2026-04-13T12:42:47.620,NC,LTTS,3400.2,3395.0,3434.6,3342.1,3446.5,59102,3396.71,3400.2,8,3402.1,3,
2026-04-13T12:42:56.356,NC,LTTS,3400.2,3395.0,3434.6,3342.1,3446.5,59111,3396.71,3400.2,6,3402.2,2,
2026-04-13T12:43:00.539,NC,LTTS,3400.2,3395.0,3434.6,3342.1,3446.5,59116,3396.71,3400.2,3,3402.0,1,
2026-04-13T12:43:09.718,NC,LTTS,3400.3,3395.0,3434.6,3342.1,3446.5,59129,3396.71,3400.3,8,3401.8,1,
2026-04-13T12:43:19.322,NC,LTTS,3400.3,3395.0,3434.6,3342.1,3446.5,59144,3396.71,3400.3,4,3401.8,1,
2026-04-13T12:43:28.040,NC,LTTS,3400.2,3395.0,3434.6,3342.1,3446.5,59157,3396.71,3400.2,4,3401.7,1,
2026-04-13T12:43:32.860,NC,LTTS,3402.7,3395.0,3434.6,3342.1,3446.5,59180,3396.71,3400.7,2,3404.0,3,
2026-04-13T12:43:37.545,NC,LTTS,3400.2,3395.0,3434.6,3342.1,3446.5,59187,3396.71,3400.2,3,3400.7,1,
2026-04-13T12:43:42.047,NC,LTTS,3400.2,3395.0,3434.6,3342.1,3446.5,59196,3396.71,3400.2,4,3401.7,1,
2026-04-13T12:43:46.468,NC,LTTS,3400.2,3395.0,3434.6,3342.1,3446.5,59205,3396.72,3400.2,3,3401.7,1,
2026-04-13T12:43:50.670,NC,LTTS,3400.7,3395.0,3434.6,3342.1,3446.5,59211,3396.72,3400.2,51,3400.7,1,
2026-04-13T12:43:54.781,NC,LTTS,3400.7,3395.0,3434.6,3342.1,3446.5,59212,3396.72,3400.2,51,3400.7,1,
2026-04-13T12:43:58.780,NC,LTTS,3400.2,3395.0,3434.6,3342.1,3446.5,59225,3396.72,3400.2,41,3400.7,2,
2026-04-13T12:44:07.585,NC,LTTS,3400.7,3395.0,3434.6,3342.1,3446.5,59240,3396.72,3400.2,28,3402.9,3,
2026-04-13T12:44:16.802,NC,LTTS,3400.2,3395.0,3434.6,3342.1,3446.5,59253,3396.72,3400.2,15,3401.7,1,
2026-04-13T12:44:25.418,NC,LTTS,3400.3,3395.0,3434.6,3342.1,3446.5,59262,3396.72,3400.3,5,3401.7,1,
2026-04-13T12:44:29.618,NC,LTTS,3400.3,3395.0,3434.6,3342.1,3446.5,59266,3396.72,3400.3,5,3401.7,1,
2026-04-13T12:44:38.025,NC,LTTS,3400.6,3395.0,3434.6,3342.1,3446.5,59282,3396.72,3401.0,150,3401.6,4,
2026-04-13T12:44:42.442,NC,LTTS,3400.2,3395.0,3434.6,3342.1,3446.5,59440,3396.73,3400.2,8,3401.6,1,
2026-04-13T12:44:47.156,NC,LTTS,3400.2,3395.0,3434.6,3342.1,3446.5,59453,3396.73,3400.0,216,3401.6,1,
2026-04-13T12:44:55.565,NC,LTTS,3400.0,3395.0,3434.6,3342.1,3446.5,59462,3396.73,3400.0,208,3401.5,1,
2026-04-13T12:44:59.564,NC,LTTS,3400.0,3395.0,3434.6,3342.1,3446.5,59467,3396.73,3400.0,202,3401.5,1,
2026-04-13T12:45:08.885,NC,LTTS,3400.0,3395.0,3434.6,3342.1,3446.5,59480,3396.73,3400.0,192,3401.5,1,
2026-04-13T12:45:17.898,NC,LTTS,3400.0,3395.0,3434.6,3342.1,3446.5,59498,3396.73,3400.0,180,3401.5,30,
2026-04-13T12:45:26.803,NC,LTTS,3400.0,3395.0,3434.6,3342.1,3446.5,59524,3396.74,3400.0,164,3401.5,17,
2026-04-13T12:45:35.211,NC,LTTS,3400.0,3395.0,3434.6,3342.1,3446.5,59533,3396.74,3400.0,155,3401.5,18,
2026-04-13T12:45:39.522,NC,LTTS,3400.0,3395.0,3434.6,3342.1,3446.5,59537,3396.74,3400.0,151,3401.5,18,
2026-04-13T12:45:48.830,NC,LTTS,3401.5,3395.0,3434.6,3342.1,3446.5,59563,3396.74,3400.0,157,3401.5,5,
2026-04-13T12:45:53.539,NC,LTTS,3402.9,3395.0,3434.6,3342.1,3446.5,59589,3396.74,3400.2,13,3402.1,1,
2026-04-13T12:45:58.341,NC,LTTS,3400.0,3395.0,3434.6,3342.1,3446.5,59597,3396.74,3400.0,147,3400.2,1,
2026-04-13T12:46:03.446,NC,LTTS,3401.5,3395.0,3434.6,3342.1,3446.5,59607,3396.74,3400.0,142,3401.4,1,
2026-04-13T12:46:08.262,NC,LTTS,3400.0,3395.0,3434.6,3342.1,3446.5,59620,3396.74,3400.0,129,3401.3,1,
2026-04-13T12:46:13.453,NC,LTTS,3400.0,3395.0,3434.6,3342.1,3446.5,59623,3396.74,3400.0,126,3401.3,1,
2026-04-13T12:46:18.265,NC,LTTS,3400.0,3395.0,3434.6,3342.1,3446.5,59636,3396.74,3400.0,113,3401.4,1,
2026-04-13T12:46:27.717,NC,LTTS,3400.0,3395.0,3434.6,3342.1,3446.5,59649,3396.74,3400.0,100,3401.4,1,
2026-04-13T12:46:37.290,NC,LTTS,3400.0,3395.0,3434.6,3342.1,3446.5,59672,3396.75,3400.0,87,3401.4,1,
2026-04-13T12:46:46.402,NC,LTTS,3400.1,3395.0,3434.6,3342.1,3446.5,59702,3396.75,3400.1,13,3401.8,1,
2026-04-13T12:46:51.116,NC,LTTS,3400.1,3395.0,3434.6,3342.1,3446.5,59706,3396.75,3400.0,86,3401.4,1,
2026-04-13T12:46:55.612,NC,LTTS,3400.7,3395.0,3434.6,3342.1,3446.5,59718,3396.75,3400.4,1,3402.3,1,
2026-04-13T12:47:00.428,NC,LTTS,3400.3,3395.0,3434.6,3342.1,3446.5,59723,3396.75,3400.0,88,3401.8,1,
2026-04-13T12:47:05.534,NC,LTTS,3400.0,3395.0,3434.6,3342.1,3446.5,59732,3396.75,3400.0,79,3401.9,1,
2026-04-13T12:47:10.438,NC,LTTS,3400.0,3395.0,3434.6,3342.1,3446.5,59736,3396.75,3400.0,75,3401.8,1,
2026-04-13T12:47:20.156,NC,LTTS,3400.0,3395.0,3434.6,3342.1,3446.5,59749,3396.75,3400.0,62,3401.8,1,
2026-04-13T12:47:29.475,NC,LTTS,3400.0,3395.0,3434.6,3342.1,3446.5,59762,3396.75,3400.0,47,3401.6,1,
2026-04-13T12:47:38.685,NC,LTTS,3400.0,3395.0,3434.6,3342.1,3446.5,59780,3396.75,3400.0,123,3401.7,8,
2026-04-13T12:47:47.907,NC,LTTS,3400.0,3395.0,3434.6,3342.1,3446.5,59795,3396.75,3400.0,108,3401.7,9,
2026-04-13T12:47:57.411,NC,LTTS,3400.0,3395.0,3434.6,3342.1,3446.5,59808,3396.75,3400.0,95,3401.7,9,
2026-04-13T12:48:07.042,NC,LTTS,3400.0,3395.0,3434.6,3342.1,3446.5,59821,3396.75,3400.0,86,3401.7,9,
2026-04-13T12:48:17.036,NC,LTTS,3400.0,3395.0,3434.6,3342.1,3446.5,59834,3396.76,3400.0,91,3401.7,1,
2026-04-13T12:48:26.055,NC,LTTS,3400.0,3395.0,3434.6,3342.1,3446.5,59843,3396.76,3400.0,82,3401.7,1,
2026-04-13T12:48:30.372,NC,LTTS,3400.0,3395.0,3434.6,3342.1,3446.5,59847,3396.76,3400.0,79,3401.6,1,
2026-04-13T12:48:39.183,NC,LTTS,3398.2,3395.0,3434.6,3342.1,3446.5,61713,3396.77,3400.1,3,3401.7,1,
2026-04-13T12:48:48.002,NC,LTTS,3400.1,3395.0,3434.6,3342.1,3446.5,61726,3396.77,3400.1,3,3401.7,1,
2026-04-13T12:48:57.212,NC,LTTS,3400.1,3395.0,3434.6,3342.1,3446.5,61740,3396.77,3400.2,1,3401.7,1,
2026-04-13T12:49:06.414,NC,LTTS,3400.2,3395.0,3434.6,3342.1,3446.5,61749,3396.77,3400.1,3,3401.7,1,
2026-04-13T12:49:11.524,NC,LTTS,3400.1,3395.0,3434.6,3342.1,3446.5,61753,3396.77,3400.1,1,3401.7,1,
2026-04-13T12:49:16.531,NC,LTTS,3400.1,3395.0,3434.6,3342.1,3446.5,61762,3396.77,3400.1,1,3401.7,1,
2026-04-13T12:49:21.223,NC,LTTS,3400.1,3395.0,3434.6,3342.1,3446.5,61766,3396.77,3400.0,27,3401.7,1,
2026-04-13T12:49:25.733,NC,LTTS,3400.0,3395.0,3434.6,3342.1,3446.5,61775,3396.77,3400.1,1,3401.7,1,
2026-04-13T12:49:30.240,NC,LTTS,3400.0,3395.0,3434.6,3342.1,3446.5,61779,3396.77,3400.1,1,3401.7,1,
2026-04-13T12:49:39.250,NC,LTTS,3400.0,3395.0,3434.6,3342.1,3446.5,61792,3396.77,3400.0,16,3401.7,1,
2026-04-13T12:49:47.772,NC,LTTS,3400.1,3395.0,3434.6,3342.1,3446.5,61805,3396.77,3400.0,16,3401.7,1,
2026-04-13T12:49:57.369,NC,LTTS,3400.1,3395.0,3434.6,3342.1,3446.5,61818,3396.77,3400.1,19,3401.7,1,
2026-04-13T12:50:06.892,NC,LTTS,3400.1,3395.0,3434.6,3342.1,3446.5,61831,3396.78,3400.1,5,3401.7,1,
2026-04-13T12:50:16.609,NC,LTTS,3400.1,3395.0,3434.6,3342.1,3446.5,61840,3396.78,3400.1,1,3401.7,1,
2026-04-13T12:50:21.517,NC,LTTS,3400.0,3395.0,3434.6,3342.1,3446.5,61854,3396.78,3400.0,9,3401.7,1,
2026-04-13T12:50:26.428,NC,LTTS,3400.0,3395.0,3434.6,3342.1,3446.5,61865,3396.78,3399.9,11,3401.7,1,
2026-04-13T12:50:31.133,NC,LTTS,3399.9,3395.0,3434.6,3342.1,3446.5,61869,3396.78,3399.9,7,3401.6,2,
2026-04-13T12:50:35.640,NC,LTTS,3401.7,3395.0,3434.6,3342.1,3446.5,61880,3396.78,3400.1,2,3402.6,2,
2026-04-13T12:50:40.138,NC,LTTS,3400.3,3395.0,3434.6,3342.1,3446.5,61885,3396.78,3400.7,1,3402.7,2,
2026-04-13T12:50:48.553,NC,LTTS,3399.9,3395.0,3434.6,3342.1,3446.5,61889,3396.78,3399.9,9,3400.7,1,
2026-04-13T12:50:53.562,NC,LTTS,3400.0,3395.0,3434.6,3342.1,3446.5,61898,3396.78,3399.9,9,3401.7,4,
2026-04-13T12:50:58.282,NC,LTTS,3399.4,3395.0,3434.6,3342.1,3446.5,61914,3396.78,3399.3,2,3400.0,10,
2026-04-13T12:51:02.985,NC,LTTS,3401.1,3395.0,3434.6,3342.1,3446.5,61933,3396.78,3400.4,1,3402.1,1,
2026-04-13T12:51:07.894,NC,LTTS,3399.9,3395.0,3434.6,3342.1,3446.5,61940,3396.78,3399.9,5,3400.4,1,
2026-04-13T12:51:13.201,NC,LTTS,3400.0,3395.0,3434.6,3342.1,3446.5,61946,3396.78,3399.3,1,3400.5,1,
2026-04-13T12:51:18.321,NC,LTTS,3400.5,3395.0,3434.6,3342.1,3446.5,61960,3396.78,3399.0,3,3400.5,1,
2026-04-13T12:51:27.426,NC,LTTS,3398.9,3395.0,3434.6,3342.1,3446.5,61984,3396.78,3398.9,1,3400.9,1,
2026-04-13T12:51:36.543,NC,LTTS,3400.0,3395.0,3434.6,3342.1,3446.5,61994,3396.78,3399.9,4,3402.5,2,
2026-04-13T12:51:40.956,NC,LTTS,3399.9,3395.0,3434.6,3342.1,3446.5,61999,3396.78,3399.9,1,3400.5,1,
2026-04-13T12:51:45.551,NC,LTTS,3399.8,3395.0,3434.6,3342.1,3446.5,62004,3396.78,3399.1,13,3400.0,1,
2026-04-13T12:51:50.358,NC,LTTS,3399.7,3395.0,3434.6,3342.1,3446.5,62021,3396.79,3400.0,200,3400.5,1,
2026-04-13T12:51:55.263,NC,LTTS,3400.9,3395.0,3434.6,3342.1,3446.5,62035,3396.79,3400.9,2,3402.8,1,
2026-04-13T12:51:59.762,NC,LTTS,3400.0,3395.0,3434.6,3342.1,3446.5,62040,3396.79,3400.0,211,3402.0,1,
2026-04-13T12:52:04.174,NC,LTTS,3400.5,3395.0,3434.6,3342.1,3446.5,62043,3396.79,3400.2,2,3402.0,1,
2026-04-13T12:52:08.370,NC,LTTS,3400.1,3395.0,3434.6,3342.1,3446.5,62063,3396.79,3400.2,1,3402.0,1,
2026-04-13T12:52:17.580,NC,LTTS,3400.2,3395.0,3434.6,3342.1,3446.5,62076,3396.79,3400.3,1,3402.0,1,
2026-04-13T12:52:22.505,NC,LTTS,3400.4,3395.0,3434.6,3342.1,3446.5,62084,3396.79,3400.3,1,3401.7,2,
2026-04-13T12:52:27.211,NC,LTTS,3400.2,3395.0,3434.6,3342.1,3446.5,62097,3396.79,3400.1,31,3401.7,1,
2026-04-13T12:52:31.405,NC,LTTS,3400.2,3395.0,3434.6,3342.1,3446.5,62105,3396.79,3400.1,11,3401.7,1,
2026-04-13T12:52:36.329,NC,LTTS,3400.1,3395.0,3434.6,3342.1,3446.5,62117,3396.79,3400.1,1,3401.7,1,
2026-04-13T12:52:40.951,NC,LTTS,3400.1,3395.0,3434.6,3342.1,3446.5,62121,3396.79,3400.1,1,3401.7,1,
2026-04-13T12:52:45.325,NC,LTTS,3400.1,3395.0,3434.6,3342.1,3446.5,62130,3396.79,3400.0,202,3401.7,1,
2026-04-13T12:52:49.931,NC,LTTS,3400.0,3395.0,3434.6,3342.1,3446.5,62134,3396.79,3400.0,198,3401.7,1,
2026-04-13T12:52:59.038,NC,LTTS,3400.0,3395.0,3434.6,3342.1,3446.5,62142,3396.79,3400.0,193,3400.1,1,
2026-04-13T12:53:03.641,NC,LTTS,3400.0,3395.0,3434.6,3342.1,3446.5,62148,3396.79,3400.0,187,3401.7,1,
2026-04-13T12:53:08.046,NC,LTTS,3400.2,3395.0,3434.6,3342.1,3446.5,62161,3396.79,3400.1,2,3401.7,1,
2026-04-13T12:53:17.582,NC,LTTS,3400.0,3395.0,3434.6,3342.1,3446.5,62174,3396.79,3400.0,287,3401.7,1,
2026-04-13T12:53:26.177,NC,LTTS,3400.0,3395.0,3434.6,3342.1,3446.5,62183,3396.79,3400.0,273,3401.7,1,
2026-04-13T12:53:30.372,NC,LTTS,3400.0,3395.0,3434.6,3342.1,3446.5,62187,3396.79,3400.0,261,3401.7,1,
2026-04-13T12:53:39.288,NC,LTTS,3400.0,3395.0,3434.6,3342.1,3446.5,62200,3396.8,3400.0,248,3401.7,1,
2026-04-13T12:53:47.889,NC,LTTS,3400.0,3395.0,3434.6,3342.1,3446.5,62213,3396.8,3400.0,235,3401.7,1,
2026-04-13T12:53:56.804,NC,LTTS,3400.0,3395.0,3434.6,3342.1,3446.5,62226,3396.8,3400.0,222,3401.6,3,
2026-04-13T12:54:05.826,NC,LTTS,3400.0,3395.0,3434.6,3342.1,3446.5,62235,3396.8,3400.0,213,3401.6,3,
2026-04-13T12:54:10.843,NC,LTTS,3400.0,3395.0,3434.6,3342.1,3446.5,62239,3396.8,3400.0,209,3401.6,3,
2026-04-13T12:54:15.837,NC,LTTS,3400.0,3395.0,3434.6,3342.1,3446.5,62248,3396.8,3400.0,200,3401.5,3,
2026-04-13T12:54:20.740,NC,LTTS,3400.0,3395.0,3434.6,3342.1,3446.5,62252,3396.8,3400.0,196,3401.6,15,
2026-04-13T12:54:25.162,NC,LTTS,3400.0,3395.0,3434.6,3342.1,3446.5,62261,3396.8,3400.0,187,3401.6,15,
2026-04-13T12:54:29.459,NC,LTTS,3400.0,3395.0,3434.6,3342.1,3446.5,62265,3396.8,3400.0,183,3401.6,15,
2026-04-13T12:54:33.670,NC,LTTS,3401.6,3395.0,3434.6,3342.1,3446.5,62276,3396.8,3400.0,183,3401.6,4,
2026-04-13T12:54:38.073,NC,LTTS,3401.6,3395.0,3434.6,3342.1,3446.5,62290,3396.8,3400.0,170,3401.7,2,
2026-04-13T12:54:43.577,NC,LTTS,3401.7,3395.0,3434.6,3342.1,3446.5,62293,3396.8,3400.0,185,3401.7,1,
2026-04-13T12:54:48.589,NC,LTTS,3401.9,3395.0,3434.6,3342.1,3446.5,62314,3396.8,3400.0,185,3401.8,3,
2026-04-13T12:54:53.395,NC,LTTS,3401.6,3395.0,3434.6,3342.1,3446.5,62327,3396.8,3400.0,171,3401.6,4,
2026-04-13T12:54:58.110,NC,LTTS,3401.8,3395.0,3434.6,3342.1,3446.5,62346,3396.8,3400.0,157,3401.6,1,
2026-04-13T12:55:07.322,NC,LTTS,3400.0,3395.0,3434.6,3342.1,3446.5,62369,3396.81,3400.0,144,3401.6,3,
2026-04-13T12:55:17.340,NC,LTTS,3400.0,3395.0,3434.6,3342.1,3446.5,62382,3396.81,3400.0,131,3401.6,1,
2026-04-13T12:55:28.036,NC,LTTS,3400.0,3395.0,3434.6,3342.1,3446.5,62395,3396.81,3400.0,318,3401.4,4,
2026-04-13T12:55:38.759,NC,LTTS,3400.0,3395.0,3434.6,3342.1,3446.5,62408,3396.81,3400.0,306,3401.5,2,
2026-04-13T12:55:44.356,NC,LTTS,3400.0,3395.0,3434.6,3342.1,3446.5,62433,3396.81,3400.0,281,3401.4,1,
2026-04-13T12:55:49.380,NC,LTTS,3400.0,3395.0,3434.6,3342.1,3446.5,62446,3396.81,3400.0,273,3401.4,1,
2026-04-13T12:55:54.480,NC,LTTS,3401.4,3395.0,3434.6,3342.1,3446.5,62447,3396.81,3400.1,17,3401.5,1,
2026-04-13T12:55:59.282,NC,LTTS,3400.0,3395.0,3434.6,3342.1,3446.5,62562,3396.82,3400.1,6,3401.5,1,
2026-04-13T12:56:04.694,NC,LTTS,3400.4,3395.0,3434.6,3342.1,3446.5,62579,3396.82,3400.1,1,3401.5,2,
2026-04-13T12:56:10.509,NC,LTTS,3400.0,3395.0,3434.6,3342.1,3446.5,62592,3396.82,3400.1,1,3401.6,1,
2026-04-13T12:56:15.721,NC,LTTS,3400.1,3395.0,3434.6,3342.1,3446.5,62601,3396.82,3400.0,285,3401.6,10,
2026-04-13T12:56:20.724,NC,LTTS,3400.0,3395.0,3434.6,3342.1,3446.5,62605,3396.82,3400.0,281,3401.6,10,
2026-04-13T12:56:25.433,NC,LTTS,3400.1,3395.0,3434.6,3342.1,3446.5,62619,3396.82,3400.0,381,3401.6,7,
2026-04-13T12:56:30.534,NC,LTTS,3400.0,3395.0,3434.6,3342.1,3446.5,62623,3396.82,3400.0,377,3401.6,7,
2026-04-13T12:56:35.842,NC,LTTS,3400.0,3395.0,3434.6,3342.1,3446.5,62632,3396.82,3400.0,368,3401.6,7,
2026-04-13T12:56:41.043,NC,LTTS,3400.0,3395.0,3434.6,3342.1,3446.5,62636,3396.82,3400.0,365,3401.6,7,
2026-04-13T12:56:45.946,NC,LTTS,3400.0,3395.0,3434.6,3342.1,3446.5,62645,3396.82,3400.0,356,3401.5,4,
2026-04-13T12:56:50.866,NC,LTTS,3400.0,3395.0,3434.6,3342.1,3446.5,62649,3396.82,3400.0,352,3401.5,4,
2026-04-13T12:56:55.595,NC,LTTS,3400.0,3395.0,3434.6,3342.1,3446.5,62658,3396.82,3400.0,343,3401.5,4,
2026-04-13T12:57:00.700,NC,LTTS,3400.0,3395.0,3434.6,3342.1,3446.5,62663,3396.82,3400.0,338,3401.5,4,
2026-04-13T12:57:06.308,NC,LTTS,3400.0,3395.0,3434.6,3342.1,3446.5,62672,3396.82,3400.0,329,3401.1,8,
2026-04-13T12:57:12.104,NC,LTTS,3400.0,3395.0,3434.6,3342.1,3446.5,64083,3396.89,3400.0,117,3401.2,7,
2026-04-13T12:57:18.734,NC,LTTS,3400.0,3395.0,3434.6,3342.1,3446.5,64098,3396.89,3400.0,107,3400.6,11,
2026-04-13T12:57:25.235,NC,LTTS,3400.0,3395.0,3434.6,3342.1,3446.5,64107,3396.89,3400.0,105,3400.6,6,
2026-04-13T12:57:31.437,NC,LTTS,3400.0,3395.0,3434.6,3342.1,3446.5,64112,3396.89,3400.0,100,3400.6,6,
2026-04-13T12:57:37.748,NC,LTTS,3400.0,3395.0,3434.6,3342.1,3446.5,64142,3396.89,3400.0,96,3401.5,1,
2026-04-13T12:57:49.751,NC,LTTS,3401.6,3395.0,3434.6,3342.1,3446.5,64161,3396.9,3400.3,19,3401.6,11,
2026-04-13T12:57:55.971,NC,LTTS,3400.2,3395.0,3434.6,3342.1,3446.5,64183,3396.9,3400.0,134,3401.5,4,
2026-04-13T12:58:02.276,NC,LTTS,3400.0,3395.0,3434.6,3342.1,3446.5,64187,3396.9,3400.1,16,3401.6,11,
2026-04-13T12:58:08.390,NC,LTTS,3400.1,3395.0,3434.6,3342.1,3446.5,64200,3396.9,3400.1,4,3401.6,11,
2026-04-13T12:58:20.207,NC,LTTS,3400.2,3395.0,3434.6,3342.1,3446.5,64213,3396.9,3400.2,11,3401.6,11,
2026-04-13T12:58:25.818,NC,LTTS,3400.2,3395.0,3434.6,3342.1,3446.5,64222,3396.9,3400.2,2,3401.6,11,
2026-04-13T12:58:31.417,NC,LTTS,3401.6,3395.0,3434.6,3342.1,3446.5,64228,3396.9,3400.1,4,3401.2,108,
2026-04-13T12:58:37.048,NC,LTTS,3400.0,3395.0,3434.6,3342.1,3446.5,64240,3396.9,3400.0,123,3400.1,1,
2026-04-13T12:58:42.641,NC,LTTS,3400.2,3395.0,3434.6,3342.1,3446.5,64250,3396.9,3400.0,122,3401.2,108,
2026-04-13T12:58:47.834,NC,LTTS,3400.0,3395.0,3434.6,3342.1,3446.5,64263,3396.9,3400.0,109,3401.2,108,
2026-04-13T12:58:58.382,NC,LTTS,3400.0,3395.0,3434.6,3342.1,3446.5,64277,3396.9,3400.0,95,3401.2,108,
2026-04-13T12:59:04.052,NC,LTTS,3400.0,3395.0,3434.6,3342.1,3446.5,64418,3396.91,3400.0,180,3401.2,109,
2026-04-13T12:59:09.461,NC,LTTS,3400.0,3395.0,3434.6,3342.1,3446.5,64431,3396.91,3400.0,167,3401.2,109,
2026-04-13T12:59:19.789,NC,LTTS,3400.0,3395.0,3434.6,3342.1,3446.5,64444,3396.91,3400.0,159,3401.2,110,
2026-04-13T12:59:29.883,NC,LTTS,3400.0,3395.0,3434.6,3342.1,3446.5,64457,3396.91,3400.0,146,3401.2,10,
2026-04-13T12:59:39.501,NC,LTTS,3400.0,3395.0,3434.6,3342.1,3446.5,64470,3396.91,3400.0,133,3401.2,10,
2026-04-13T12:59:44.620,NC,LTTS,3400.0,3395.0,3434.6,3342.1,3446.5,64472,3396.91,3400.0,131,3401.2,10,
2026-04-13T12:59:49.935,NC,LTTS,3400.0,3395.0,3434.6,3342.1,3446.5,64485,3396.91,3400.0,118,3401.2,10,
2026-04-13T13:00:00.050,NC,LTTS,3400.0,3395.0,3434.6,3342.1,3446.5,64498,3396.91,3400.0,105,3401.2,10,
2026-04-13T13:00:05.340,NC,LTTS,3400.0,3395.0,3434.6,3342.1,3446.5,64507,3396.91,3400.0,96,3401.2,10,
2026-04-13T13:00:10.851,NC,LTTS,3400.0,3395.0,3434.6,3342.1,3446.5,64511,3396.91,3400.0,92,3401.2,10,
2026-04-13T13:00:15.975,NC,LTTS,3400.0,3395.0,3434.6,3342.1,3446.5,64520,3396.91,3400.0,83,3401.2,10,
2026-04-13T13:00:21.379,NC,LTTS,3401.2,3395.0,3434.6,3342.1,3446.5,64530,3396.91,3400.0,79,3401.2,4,
2026-04-13T13:00:26.369,NC,LTTS,3400.0,3395.0,3434.6,3342.1,3446.5,64539,3396.91,3400.0,70,3401.2,4,
2026-04-13T13:00:31.274,NC,LTTS,3400.0,3395.0,3434.6,3342.1,3446.5,64545,3396.91,3400.0,65,3401.2,3,
2026-04-13T13:00:36.381,NC,LTTS,3400.0,3395.0,3434.6,3342.1,3446.5,64554,3396.91,3400.0,56,3401.2,3,
2026-04-13T13:00:41.387,NC,LTTS,3400.0,3395.0,3434.6,3342.1,3446.5,64558,3396.91,3400.0,52,3401.2,3,
2026-04-13T13:00:46.804,NC,LTTS,3400.0,3395.0,3434.6,3342.1,3446.5,64574,3396.92,3400.0,36,3401.2,3,
2026-04-13T13:00:52.658,NC,LTTS,3401.2,3395.0,3434.6,3342.1,3446.5,64580,3396.92,3400.0,36,3401.2,1,
2026-04-13T13:00:58.008,NC,LTTS,3400.0,3395.0,3434.6,3342.1,3446.5,64594,3396.92,3400.0,22,3401.2,1,
2026-04-13T13:01:09.224,NC,LTTS,3400.0,3395.0,3434.6,3342.1,3446.5,64607,3396.92,3400.0,209,3401.2,1,
2026-04-13T13:01:14.648,NC,LTTS,3400.0,3395.0,3434.6,3342.1,3446.5,64612,3396.92,3400.0,209,3401.2,1,
2026-04-13T13:01:19.547,NC,LTTS,3400.0,3395.0,3434.6,3342.1,3446.5,64626,3396.92,3400.0,195,3401.2,1,
2026-04-13T13:01:24.552,NC,LTTS,3401.6,3395.0,3434.6,3342.1,3446.5,64636,3396.92,3400.0,195,3401.2,1,
2026-04-13T13:01:29.556,NC,LTTS,3400.8,3395.0,3434.6,3342.1,3446.5,64664,3396.92,3400.9,8,3402.8,1,
2026-04-13T13:01:34.364,NC,LTTS,3400.7,3395.0,3434.6,3342.1,3446.5,64671,3396.92,3400.2,12,3401.7,1,
2026-04-13T13:01:39.718,NC,LTTS,3401.7,3395.0,3434.6,3342.1,3446.5,64685,3396.92,3400.0,182,3401.8,1,
2026-04-13T13:01:45.175,NC,LTTS,3400.2,3395.0,3434.6,3342.1,3446.5,64694,3396.92,3400.2,4,3401.9,1,
2026-04-13T13:01:50.288,NC,LTTS,3400.2,3395.0,3434.6,3342.1,3446.5,64698,3396.92,3400.3,13,3401.9,1,
2026-04-13T13:01:59.704,NC,LTTS,3400.3,3395.0,3434.6,3342.1,3446.5,64711,3396.92,3400.2,1,3401.9,1,
2026-04-13T13:02:09.524,NC,LTTS,3400.3,3395.0,3434.6,3342.1,3446.5,64724,3396.92,3400.3,2,3401.9,1,
2026-04-13T13:02:19.233,NC,LTTS,3400.0,3395.0,3434.6,3342.1,3446.5,64732,3396.92,3400.0,202,3400.3,1,
2026-04-13T13:02:24.035,NC,LTTS,3400.0,3395.0,3434.6,3342.1,3446.5,64737,3396.92,3400.1,15,3401.9,1,
2026-04-13T13:02:28.746,NC,LTTS,3400.1,3395.0,3434.6,3342.1,3446.5,64757,3396.93,3400.1,10,3401.9,2,
2026-04-13T13:02:38.455,NC,LTTS,3400.0,3395.0,3434.6,3342.1,3446.5,64770,3396.93,3400.0,194,3401.7,1,
2026-04-13T13:02:49.290,NC,LTTS,3400.0,3395.0,3434.6,3342.1,3446.5,64783,3396.93,3400.0,181,3401.6,1,
2026-04-13T13:02:59.697,NC,LTTS,3400.0,3395.0,3434.6,3342.1,3446.5,64797,3396.93,3400.0,167,3401.6,1,
2026-04-13T13:03:04.722,NC,LTTS,3400.0,3395.0,3434.6,3342.1,3446.5,64801,3396.93,3400.0,163,3401.6,1,
2026-04-13T13:03:10.110,NC,LTTS,3400.0,3395.0,3434.6,3342.1,3446.5,64814,3396.93,3400.0,160,3401.6,1,
2026-04-13T13:03:16.323,NC,LTTS,3400.0,3395.0,3434.6,3342.1,3446.5,64823,3396.93,3400.0,151,3401.7,10,
2026-04-13T13:03:22.523,NC,LTTS,3400.0,3395.0,3434.6,3342.1,3446.5,64827,3396.93,3400.0,147,3401.7,1,
2026-04-13T13:03:28.335,NC,LTTS,3400.0,3395.0,3434.6,3342.1,3446.5,65002,3396.94,3400.0,13,3401.2,2,
2026-04-13T13:03:39.366,NC,LTTS,3400.0,3395.0,3434.6,3342.1,3446.5,65015,3396.94,3399.9,9,3401.0,2,
2026-04-13T13:03:44.873,NC,LTTS,3400.0,3395.0,3434.6,3342.1,3446.5,65065,3396.94,3399.7,4,3401.5,2,
2026-04-13T13:03:50.292,NC,LTTS,3401.2,3395.0,3434.6,3342.1,3446.5,65081,3396.94,3400.1,3,3402.0,1,
2026-04-13T13:03:55.790,NC,LTTS,3400.1,3395.0,3434.6,3342.1,3446.5,65090,3396.94,3400.1,1,3401.9,1,
2026-04-13T13:04:01.796,NC,LTTS,3400.8,3395.0,3434.6,3342.1,3446.5,65103,3396.94,3400.2,6,3402.0,1,
2026-04-13T13:04:08.200,NC,LTTS,3400.2,3395.0,3434.6,3342.1,3446.5,65121,3396.94,3399.7,5,3400.2,1,
2026-04-13T13:04:14.112,NC,LTTS,3400.0,3395.0,3434.6,3342.1,3446.5,65129,3396.94,3400.3,11,3402.0,2,
2026-04-13T13:04:19.614,NC,LTTS,3400.1,3395.0,3434.6,3342.1,3446.5,65144,3396.94,3400.1,1,3401.6,2,
2026-04-13T13:04:25.329,NC,LTTS,3400.1,3395.0,3434.6,3342.1,3446.5,65146,3396.94,3399.8,1,3400.1,1,
2026-04-13T13:04:30.726,NC,LTTS,3400.1,3395.0,3434.6,3342.1,3446.5,65154,3396.94,3399.2,7,3400.0,1,
2026-04-13T13:04:35.828,NC,LTTS,3400.1,3395.0,3434.6,3342.1,3446.5,65171,3396.95,3400.1,1,3401.9,1,
2026-04-13T13:04:41.043,NC,LTTS,3400.0,3395.0,3434.6,3342.1,3446.5,65190,3396.95,3400.1,7,3401.9,1,
2026-04-13T13:04:46.072,NC,LTTS,3400.1,3395.0,3434.6,3342.1,3446.5,65199,3396.95,3399.9,1,3401.7,1,
2026-04-13T13:04:50.968,NC,LTTS,3399.8,3395.0,3434.6,3342.1,3446.5,65203,3396.95,3400.2,1,3401.7,2,
2026-04-13T13:04:55.974,NC,LTTS,3400.2,3395.0,3434.6,3342.1,3446.5,65212,3396.95,3400.2,6,3401.8,2,
2026-04-13T13:05:00.809,NC,LTTS,3400.2,3395.0,3434.6,3342.1,3446.5,65217,3396.95,3400.2,1,3401.8,2,
2026-04-13T13:05:05.879,NC,LTTS,3400.2,3395.0,3434.6,3342.1,3446.5,65218,3396.95,3399.8,2,3400.2,1,
2026-04-13T13:05:10.883,NC,LTTS,3400.0,3395.0,3434.6,3342.1,3446.5,65230,3396.95,3399.8,4,3400.2,1,
2026-04-13T13:05:15.991,NC,LTTS,3400.0,3395.0,3434.6,3342.1,3446.5,65240,3396.95,3399.9,4,3401.7,1,
2026-04-13T13:05:21.111,NC,LTTS,3399.9,3395.0,3434.6,3342.1,3446.5,65244,3396.95,3399.9,5,3400.2,100,
2026-04-13T13:05:26.102,NC,LTTS,3400.0,3395.0,3434.6,3342.1,3446.5,65261,3396.95,3399.9,6,3400.1,2,
2026-04-13T13:05:31.013,NC,LTTS,3398.8,3395.0,3434.6,3342.1,3446.5,65275,3396.95,3398.8,6,3400.1,2,
2026-04-13T13:05:36.324,NC,LTTS,3400.0,3395.0,3434.6,3342.1,3446.5,65293,3396.95,3399.0,1,3400.2,100,
2026-04-13T13:05:41.826,NC,LTTS,3398.9,3395.0,3434.6,3342.1,3446.5,65297,3396.95,3399.0,2,3400.2,100,
2026-04-13T13:05:47.025,NC,LTTS,3399.1,3395.0,3434.6,3342.1,3446.5,65310,3396.95,3399.1,3,3400.2,100,
2026-04-13T13:05:52.049,NC,LTTS,3399.9,3395.0,3434.6,3342.1,3446.5,65412,3396.95,3399.0,5,3400.0,100,
2026-04-13T13:05:56.759,NC,LTTS,3399.2,3395.0,3434.6,3342.1,3446.5,65539,3396.96,3399.3,2,3400.4,13,
2026-04-13T13:06:06.665,NC,LTTS,3400.0,3395.0,3434.6,3342.1,3446.5,65557,3396.96,3399.3,11,3400.4,6,
2026-04-13T13:06:11.562,NC,LTTS,3399.3,3395.0,3434.6,3342.1,3446.5,65561,3396.96,3399.4,7,3400.4,6,
2026-04-13T13:06:16.579,NC,LTTS,3400.0,3395.0,3434.6,3342.1,3446.5,65570,3396.96,3399.1,2,3400.4,6,
2026-04-13T13:06:21.985,NC,LTTS,3399.0,3395.0,3434.6,3342.1,3446.5,65574,3396.96,3399.1,1,3400.4,6,
2026-04-13T13:06:27.199,NC,LTTS,3398.8,3395.0,3434.6,3342.1,3446.5,65587,3396.96,3398.7,6,3400.4,6,
2026-04-13T13:06:37.117,NC,LTTS,3399.0,3395.0,3434.6,3342.1,3446.5,65624,3396.96,3398.3,6,3400.3,1,
2026-04-13T13:06:42.524,NC,LTTS,3400.0,3395.0,3434.6,3342.1,3446.5,65648,3396.96,3398.2,1,3400.2,1,
2026-04-13T13:06:47.627,NC,LTTS,3400.0,3395.0,3434.6,3342.1,3446.5,65691,3396.97,3400.0,7,3400.4,20,
2026-04-13T13:06:52.541,NC,LTTS,3400.0,3395.0,3434.6,3342.1,3446.5,65750,3396.97,3400.0,31,3400.4,16,
2026-04-13T13:06:57.357,NC,LTTS,3400.0,3395.0,3434.6,3342.1,3446.5,65840,3396.97,3400.0,45,3400.4,16,
2026-04-13T13:07:02.165,NC,LTTS,3400.0,3395.0,3434.6,3342.1,3446.5,65902,3396.98,3400.0,50,3400.4,16,
2026-04-13T13:07:06.762,NC,LTTS,3400.0,3395.0,3434.6,3342.1,3446.5,65918,3396.98,3400.0,57,3400.4,13,
2026-04-13T13:07:16.209,NC,LTTS,3400.0,3395.0,3434.6,3342.1,3446.5,65927,3396.98,3400.0,48,3400.4,13,
2026-04-13T13:07:20.916,NC,LTTS,3400.0,3395.0,3434.6,3342.1,3446.5,65931,3396.98,3400.0,44,3400.4,13,
2026-04-13T13:07:25.825,NC,LTTS,3400.0,3395.0,3434.6,3342.1,3446.5,65940,3396.98,3400.0,35,3400.4,13,
2026-04-13T13:07:30.631,NC,LTTS,3400.4,3395.0,3434.6,3342.1,3446.5,65966,3396.98,3400.0,32,3400.4,27,
2026-04-13T13:07:35.135,NC,LTTS,3400.0,3395.0,3434.6,3342.1,3446.5,66039,3396.98,3400.0,20,3400.4,27,
2026-04-13T13:07:39.854,NC,LTTS,3400.0,3395.0,3434.6,3342.1,3446.5,66129,3396.99,3400.0,33,3400.4,27,
2026-04-13T13:07:44.542,NC,LTTS,3400.4,3395.0,3434.6,3342.1,3446.5,66130,3396.99,3400.0,33,3400.4,26,
2026-04-13T13:07:49.658,NC,LTTS,3400.0,3395.0,3434.6,3342.1,3446.5,66143,3396.99,3400.0,20,3400.4,26,
2026-04-13T13:07:54.157,NC,LTTS,3400.4,3395.0,3434.6,3342.1,3446.5,66150,3396.99,3400.0,20,3400.4,19,
2026-04-13T13:07:58.671,NC,LTTS,3400.0,3395.0,3434.6,3342.1,3446.5,66163,3396.99,3400.0,27,3400.4,19,
2026-04-13T13:08:08.388,NC,LTTS,3400.0,3395.0,3434.6,3342.1,3446.5,66182,3396.99,3400.0,62,3400.4,13,
2026-04-13T13:08:17.181,NC,LTTS,3400.0,3395.0,3434.6,3342.1,3446.5,66195,3396.99,3400.0,49,3400.4,13,
2026-04-13T13:08:26.322,NC,LTTS,3400.0,3395.0,3434.6,3342.1,3446.5,66204,3396.99,3400.0,41,3400.4,13,
2026-04-13T13:08:30.802,NC,LTTS,3400.0,3395.0,3434.6,3342.1,3446.5,66208,3396.99,3400.0,37,3400.4,13,
2026-04-13T13:08:35.903,NC,LTTS,3400.0,3395.0,3434.6,3342.1,3446.5,66217,3396.99,3400.0,28,3400.4,13,
2026-04-13T13:08:41.021,NC,LTTS,3400.0,3395.0,3434.6,3342.1,3446.5,66221,3396.99,3400.0,24,3400.4,13,
2026-04-13T13:08:45.535,NC,LTTS,3400.0,3395.0,3434.6,3342.1,3446.5,66230,3396.99,3400.0,15,3400.4,13,
2026-04-13T13:08:50.220,NC,LTTS,3400.0,3395.0,3434.6,3342.1,3446.5,66234,3396.99,3400.0,11,3400.4,13,
2026-04-13T13:08:59.230,NC,LTTS,3399.5,3395.0,3434.6,3342.1,3446.5,66248,3396.99,3399.5,6,3400.4,13,
2026-04-13T13:09:04.048,NC,LTTS,3400.0,3395.0,3434.6,3342.1,3446.5,66258,3396.99,3398.9,9,3400.4,14,
2026-04-13T13:09:09.344,NC,LTTS,3400.4,3395.0,3434.6,3342.1,3446.5,66288,3396.99,3398.8,1,3400.3,1,
2026-04-13T13:09:19.380,NC,LTTS,3398.8,3395.0,3434.6,3342.1,3446.5,66302,3396.99,3398.8,1,3400.3,1,
2026-04-13T13:09:29.478,NC,LTTS,3399.9,3395.0,3434.6,3342.1,3446.5,66321,3396.99,3398.1,9,3400.3,2,
2026-04-13T13:09:38.579,NC,LTTS,3398.4,3395.0,3434.6,3342.1,3446.5,66334,3396.99,3398.4,16,3400.4,6,
2026-04-13T13:09:43.388,NC,LTTS,3398.5,3395.0,3434.6,3342.1,3446.5,66335,3396.99,3398.4,10,3399.9,23,
2026-04-13T13:09:48.292,NC,LTTS,3398.7,3395.0,3434.6,3342.1,3446.5,66441,3397.0,3398.5,2,3400.3,2,
2026-04-13T13:09:52.896,NC,LTTS,3398.4,3395.0,3434.6,3342.1,3446.5,66451,3397.0,3398.5,2,3400.3,2,
2026-04-13T13:09:57.502,NC,LTTS,3400.0,3395.0,3434.6,3342.1,3446.5,66468,3397.0,3398.5,4,3400.3,1,
2026-04-13T13:10:07.814,NC,LTTS,3398.7,3395.0,3434.6,3342.1,3446.5,66482,3397.0,3398.7,3,3400.3,5,
2026-04-13T13:10:18.224,NC,LTTS,3398.5,3395.0,3434.6,3342.1,3446.5,66495,3397.0,3398.6,2,3400.4,81,
2026-04-13T13:10:23.529,NC,LTTS,3400.2,3395.0,3434.6,3342.1,3446.5,66497,3397.0,3398.5,5,3400.1,2,
2026-04-13T13:10:28.458,NC,LTTS,3400.0,3395.0,3434.6,3342.1,3446.5,66592,3397.01,3398.8,2,3400.4,27,
2026-04-13T13:10:38.460,NC,LTTS,3398.7,3395.0,3434.6,3342.1,3446.5,66605,3397.01,3398.7,11,3400.4,27,
2026-04-13T13:10:47.868,NC,LTTS,3398.7,3395.0,3434.6,3342.1,3446.5,66618,3397.01,3398.7,5,3400.4,32,
2026-04-13T13:10:52.423,NC,LTTS,3400.4,3395.0,3434.6,3342.1,3446.5,66621,3397.01,3400.0,50,3400.4,24,
2026-04-13T13:10:56.904,NC,LTTS,3400.4,3395.0,3434.6,3342.1,3446.5,66640,3397.01,3400.0,50,3400.4,19,
2026-04-13T13:11:06.694,NC,LTTS,3400.0,3395.0,3434.6,3342.1,3446.5,66653,3397.01,3400.0,42,3400.4,19,
2026-04-13T13:11:17.105,NC,LTTS,3400.0,3395.0,3434.6,3342.1,3446.5,66667,3397.01,3400.0,29,3400.4,19,
2026-04-13T13:11:26.735,NC,LTTS,3400.0,3395.0,3434.6,3342.1,3446.5,66680,3397.01,3400.0,66,3400.4,19,
2026-04-13T13:11:31.320,NC,LTTS,3400.4,3395.0,3434.6,3342.1,3446.5,66684,3397.01,3400.0,82,3400.4,15,
2026-04-13T13:11:35.722,NC,LTTS,3400.4,3395.0,3434.6,3342.1,3446.5,66888,3397.02,3400.0,75,3400.4,4,
2026-04-13T13:11:40.634,NC,LTTS,3400.0,3395.0,3434.6,3342.1,3446.5,66892,3397.02,3400.0,71,3400.3,1,
2026-04-13T13:11:45.336,NC,LTTS,3400.0,3395.0,3434.6,3342.1,3446.5,66905,3397.02,3400.0,62,3400.4,1,
2026-04-13T13:11:50.044,NC,LTTS,3400.0,3395.0,3434.6,3342.1,3446.5,67009,3397.03,3400.0,8,3400.4,1,
2026-04-13T13:11:54.845,NC,LTTS,3401.0,3395.0,3434.6,3342.1,3446.5,67016,3397.03,3400.1,1,3401.7,1,
2026-04-13T13:11:59.665,NC,LTTS,3400.0,3395.0,3434.6,3342.1,3446.5,67026,3397.03,3400.0,4,3400.1,1,
2026-04-13T13:12:04.455,NC,LTTS,3401.9,3395.0,3434.6,3342.1,3446.5,67031,3397.03,3400.2,1,3402.0,1,
2026-04-13T13:12:10.077,NC,LTTS,3400.3,3395.0,3434.6,3342.1,3446.5,67044,3397.03,3400.2,2,3402.0,1,
2026-04-13T13:12:15.463,NC,LTTS,3400.2,3395.0,3434.6,3342.1,3446.5,67057,3397.03,3400.3,4,3402.0,1,
2026-04-13T13:12:20.778,NC,LTTS,3400.3,3395.0,3434.6,3342.1,3446.5,67061,3397.03,3400.3,3,3402.0,1,
2026-04-13T13:12:25.885,NC,LTTS,3400.3,3395.0,3434.6,3342.1,3446.5,67070,3397.03,3400.3,5,3402.0,1,
2026-04-13T13:12:30.792,NC,LTTS,3400.3,3395.0,3434.6,3342.1,3446.5,67074,3397.03,3400.3,3,3402.0,1,
2026-04-13T13:12:36.310,NC,LTTS,3400.3,3395.0,3434.6,3342.1,3446.5,67083,3397.03,3400.3,2,3402.0,1,
2026-04-13T13:12:41.608,NC,LTTS,3400.3,3395.0,3434.6,3342.1,3446.5,67087,3397.03,3400.3,4,3402.0,1,
2026-04-13T13:12:46.310,NC,LTTS,3400.5,3395.0,3434.6,3342.1,3446.5,67096,3397.03,3400.5,2,3402.0,1,
2026-04-13T13:12:50.826,NC,LTTS,3400.5,3395.0,3434.6,3342.1,3446.5,67100,3397.03,3400.3,5,3402.0,1,
2026-04-13T13:12:55.416,NC,LTTS,3400.3,3395.0,3434.6,3342.1,3446.5,67110,3397.03,3400.3,6,3402.0,1,
2026-04-13T13:13:00.116,NC,LTTS,3402.0,3395.0,3434.6,3342.1,3446.5,67116,3397.03,3400.3,11,3402.9,3,
2026-04-13T13:13:08.932,NC,LTTS,3400.5,3395.0,3434.6,3342.1,3446.5,67132,3397.03,3400.3,2,3402.7,1,
2026-04-13T13:13:13.442,NC,LTTS,3400.5,3395.0,3434.6,3342.1,3446.5,67152,3397.03,3400.3,2,3402.5,5,
2026-04-13T13:13:17.650,NC,LTTS,3400.2,3395.0,3434.6,3342.1,3446.5,67168,3397.03,3400.2,1,3400.4,1,
2026-04-13T13:13:27.081,NC,LTTS,3400.2,3395.0,3434.6,3342.1,3446.5,67181,3397.03,3400.0,57,3400.4,1,
2026-04-13T13:13:37.978,NC,LTTS,3400.0,3395.0,3434.6,3342.1,3446.5,67196,3397.03,3400.0,43,3400.4,1,
2026-04-13T13:13:47.877,NC,LTTS,3402.8,3395.0,3434.6,3342.1,3446.5,67220,3397.04,3400.1,15,3402.7,1,
2026-04-13T13:13:53.221,NC,LTTS,3400.4,3395.0,3434.6,3342.1,3446.5,67222,3397.04,3400.1,1,3400.4,1,
2026-04-13T13:13:58.544,NC,LTTS,3400.0,3395.0,3434.6,3342.1,3446.5,67227,3397.04,3400.0,26,3400.1,1,
2026-04-13T13:14:03.458,NC,LTTS,3400.0,3395.0,3434.6,3342.1,3446.5,67235,3397.04,3400.0,21,3400.4,1,
2026-04-13T13:14:08.142,NC,LTTS,3400.4,3395.0,3434.6,3342.1,3446.5,67249,3397.04,3400.0,58,3401.9,1,
2026-04-13T13:14:17.953,NC,LTTS,3400.0,3395.0,3434.6,3342.1,3446.5,67262,3397.04,3400.0,45,3401.9,1,
2026-04-13T13:14:22.975,NC,LTTS,3403.3,3395.0,3434.6,3342.1,3446.5,67325,3397.04,3401.4,1,3403.5,6,
2026-04-13T13:14:27.786,NC,LTTS,3400.3,3395.0,3434.6,3342.1,3446.5,67333,3397.04,3400.3,1,3401.4,2,
2026-04-13T13:14:32.174,NC,LTTS,3400.3,3395.0,3434.6,3342.1,3446.5,67334,3397.04,3400.0,45,3400.3,1,
2026-04-13T13:14:36.987,NC,LTTS,3400.1,3395.0,3434.6,3342.1,3446.5,67360,3397.05,3400.0,45,3402.0,2,
2026-04-13T13:14:45.985,NC,LTTS,3400.3,3395.0,3434.6,3342.1,3446.5,67369,3397.05,3400.3,1,3402.5,2,
2026-04-13T13:14:50.192,NC,LTTS,3400.3,3395.0,3434.6,3342.1,3446.5,67373,3397.05,3400.2,3,3402.5,2,
2026-04-13T13:14:59.116,NC,LTTS,3400.0,3395.0,3434.6,3342.1,3446.5,67385,3397.05,3400.1,5,3400.2,1,
2026-04-13T13:15:04.219,NC,LTTS,3400.1,3395.0,3434.6,3342.1,3446.5,67387,3397.05,3400.3,1,3402.2,2,
2026-04-13T13:15:08.833,NC,LTTS,3400.7,3395.0,3434.6,3342.1,3446.5,67402,3397.05,3400.7,1,3402.5,2,
2026-04-13T13:15:13.431,NC,LTTS,3401.2,3395.0,3434.6,3342.1,3446.5,67403,3397.05,3400.1,10,3401.2,1,
2026-04-13T13:15:18.253,NC,LTTS,3401.2,3395.0,3434.6,3342.1,3446.5,67418,3397.05,3400.3,3,3401.2,1,
2026-04-13T13:15:27.854,NC,LTTS,3400.7,3395.0,3434.6,3342.1,3446.5,67434,3397.05,3400.4,2,3402.6,2,
2026-04-13T13:15:32.763,NC,LTTS,3400.5,3395.0,3434.6,3342.1,3446.5,67448,3397.05,3400.1,1,3401.2,1,
2026-04-13T13:15:37.769,NC,LTTS,3400.0,3395.0,3434.6,3342.1,3446.5,67455,3397.05,3400.0,43,3400.1,1,
2026-04-13T13:15:42.278,NC,LTTS,3400.0,3395.0,3434.6,3342.1,3446.5,67461,3397.05,3400.0,37,3400.1,1,
2026-04-13T13:15:47.482,NC,LTTS,3400.1,3395.0,3434.6,3342.1,3446.5,67475,3397.05,3400.0,24,3402.0,6,
2026-04-13T13:15:58.107,NC,LTTS,3400.4,3395.0,3434.6,3342.1,3446.5,67512,3397.05,3400.2,10,3402.7,1,
2026-04-13T13:16:07.609,NC,LTTS,3400.0,3395.0,3434.6,3342.1,3446.5,67525,3397.05,3400.0,32,3400.4,1,
2026-04-13T13:16:12.710,NC,LTTS,3400.4,3395.0,3434.6,3342.1,3446.5,67527,3397.05,3400.0,36,3400.4,1,
2026-04-13T13:16:17.635,NC,LTTS,3400.0,3395.0,3434.6,3342.1,3446.5,67545,3397.05,3400.0,18,3400.4,1,
2026-04-13T13:16:22.530,NC,LTTS,3402.0,3395.0,3434.6,3342.1,3446.5,67590,3397.06,3400.0,18,3401.5,5,
2026-04-13T13:16:27.542,NC,LTTS,3400.0,3395.0,3434.6,3342.1,3446.5,67603,3397.06,3400.0,5,3401.4,2,
2026-04-13T13:16:36.867,NC,LTTS,3400.0,3395.0,3434.6,3342.1,3446.5,67616,3397.06,3400.0,42,3401.5,5,
2026-04-13T13:16:46.060,NC,LTTS,3400.0,3395.0,3434.6,3342.1,3446.5,67625,3397.06,3400.0,38,3401.5,5,
2026-04-13T13:16:50.662,NC,LTTS,3400.0,3395.0,3434.6,3342.1,3446.5,67629,3397.06,3400.0,35,3401.5,5,
2026-04-13T13:16:59.680,NC,LTTS,3400.0,3395.0,3434.6,3342.1,3446.5,67643,3397.06,3400.0,23,3401.5,5,
2026-04-13T13:17:09.293,NC,LTTS,3400.0,3395.0,3434.6,3342.1,3446.5,67656,3397.06,3400.0,27,3401.5,5,
2026-04-13T13:17:18.293,NC,LTTS,3400.0,3395.0,3434.6,3342.1,3446.5,67670,3397.06,3400.0,69,3401.6,6,
2026-04-13T13:17:27.322,NC,LTTS,3400.0,3395.0,3434.6,3342.1,3446.5,67683,3397.06,3400.0,56,3401.6,6,
2026-04-13T13:17:36.828,NC,LTTS,3400.0,3395.0,3434.6,3342.1,3446.5,67696,3397.06,3400.0,43,3401.6,6,
2026-04-13T13:17:45.752,NC,LTTS,3400.0,3395.0,3434.6,3342.1,3446.5,67705,3397.06,3400.0,39,3401.7,9,
2026-04-13T13:17:50.264,NC,LTTS,3400.0,3395.0,3434.6,3342.1,3446.5,67709,3397.06,3400.0,35,3401.5,7,
2026-04-13T13:17:55.170,NC,LTTS,3400.0,3395.0,3434.6,3342.1,3446.5,67724,3397.06,3400.0,20,3401.4,2,
2026-04-13T13:17:59.788,NC,LTTS,3400.0,3395.0,3434.6,3342.1,3446.5,67728,3397.06,3400.0,16,3401.3,7,
2026-04-13T13:18:09.083,NC,LTTS,3400.0,3395.0,3434.6,3342.1,3446.5,67741,3397.06,3400.0,53,3401.7,8,
2026-04-13T13:18:18.804,NC,LTTS,3402.1,3395.0,3434.6,3342.1,3446.5,67756,3397.06,3400.7,10,3403.0,7,
2026-04-13T13:18:28.221,NC,LTTS,3400.1,3395.0,3434.6,3342.1,3446.5,67764,3397.07,3400.0,44,3400.7,1,
2026-04-13T13:18:32.621,NC,LTTS,3400.0,3395.0,3434.6,3342.1,3446.5,67769,3397.07,3400.0,39,3400.8,1,
2026-04-13T13:18:37.252,NC,LTTS,3400.2,3395.0,3434.6,3342.1,3446.5,67783,3397.07,3400.1,9,3402.1,5,
2026-04-13T13:18:46.830,NC,LTTS,3400.0,3395.0,3434.6,3342.1,3446.5,67796,3397.07,3400.0,38,3402.0,15,
2026-04-13T13:18:55.767,NC,LTTS,3400.0,3395.0,3434.6,3342.1,3446.5,67805,3397.07,3400.0,54,3402.0,9,
2026-04-13T13:19:00.069,NC,LTTS,3400.0,3395.0,3434.6,3342.1,3446.5,67810,3397.07,3400.0,54,3401.8,1,
2026-04-13T13:19:10.078,NC,LTTS,3400.4,3395.0,3434.6,3342.1,3446.5,67828,3397.07,3400.2,1,3400.4,1,
2026-04-13T13:19:15.400,NC,LTTS,3400.2,3395.0,3434.6,3342.1,3446.5,67829,3397.07,3400.1,8,3400.2,1,
2026-04-13T13:19:20.514,NC,LTTS,3400.1,3395.0,3434.6,3342.1,3446.5,67836,3397.07,3400.0,54,3400.1,1,
2026-04-13T13:19:25.515,NC,LTTS,3400.4,3395.0,3434.6,3342.1,3446.5,67854,3397.07,3400.0,40,3400.4,1,
2026-04-13T13:19:30.418,NC,LTTS,3400.0,3395.0,3434.6,3342.1,3446.5,67858,3397.07,3400.0,36,3400.4,1,
2026-04-13T13:19:39.427,NC,LTTS,3400.0,3395.0,3434.6,3342.1,3446.5,67871,3397.07,3400.0,71,3400.4,1,
2026-04-13T13:19:43.935,NC,LTTS,3400.0,3395.0,3434.6,3342.1,3446.5,67954,3397.07,3399.2,16,3400.0,122,
2026-04-13T13:19:48.556,NC,LTTS,3399.2,3395.0,3434.6,3342.1,3446.5,68177,3397.08,3399.2,12,3400.4,32,
2026-04-13T13:19:57.539,NC,LTTS,3398.9,3395.0,3434.6,3342.1,3446.5,68190,3397.08,3398.9,2,3400.4,32,
2026-04-13T13:20:02.053,NC,LTTS,3400.4,3395.0,3434.6,3342.1,3446.5,68191,3397.08,3398.9,2,3400.4,31,
2026-04-13T13:20:06.857,NC,LTTS,3398.7,3395.0,3434.6,3342.1,3446.5,68314,3397.09,3398.3,12,3400.4,32,
2026-04-13T13:20:16.663,NC,LTTS,3400.0,3395.0,3434.6,3342.1,3446.5,68323,3397.09,3398.4,4,3400.4,32,
2026-04-13T13:20:21.385,NC,LTTS,3398.4,3395.0,3434.6,3342.1,3446.5,68327,3397.09,3398.3,3,3400.4,40,
2026-04-13T13:20:25.795,NC,LTTS,3400.0,3395.0,3434.6,3342.1,3446.5,68336,3397.09,3398.5,1,3400.4,32,
2026-04-13T13:20:30.586,NC,LTTS,3398.7,3395.0,3434.6,3342.1,3446.5,68340,3397.09,3398.9,1,3400.4,32,
2026-04-13T13:20:35.193,NC,LTTS,3400.0,3395.0,3434.6,3342.1,3446.5,68341,3397.09,3398.9,1,3400.0,1,
2026-04-13T13:20:40.109,NC,LTTS,3398.8,3395.0,3434.6,3342.1,3446.5,68354,3397.09,3398.9,5,3400.4,32,
2026-04-13T13:20:49.008,NC,LTTS,3398.7,3395.0,3434.6,3342.1,3446.5,68367,3397.09,3398.7,1,3400.2,8,
2026-04-13T13:20:59.034,NC,LTTS,3400.0,3395.0,3434.6,3342.1,3446.5,68381,3397.09,3398.7,13,3400.4,32,
2026-04-13T13:21:08.442,NC,LTTS,3398.7,3395.0,3434.6,3342.1,3446.5,68394,3397.09,3398.5,5,3400.2,7,
2026-04-13T13:21:18.180,NC,LTTS,3398.2,3395.0,3434.6,3342.1,3446.5,68409,3397.09,3398.2,1,3400.3,24,
2026-04-13T13:21:27.367,NC,LTTS,3398.2,3395.0,3434.6,3342.1,3446.5,68453,3397.1,3398.2,6,3400.4,15,
2026-04-13T13:21:31.681,NC,LTTS,3400.4,3395.0,3434.6,3342.1,3446.5,68457,3397.1,3398.2,22,3400.4,11,
2026-04-13T13:21:35.999,NC,LTTS,3400.0,3395.0,3434.6,3342.1,3446.5,68466,3397.1,3398.3,9,3400.4,11,
2026-04-13T13:21:40.590,NC,LTTS,3398.3,3395.0,3434.6,3342.1,3446.5,68470,3397.1,3398.5,1,3400.4,11,
2026-04-13T13:21:45.598,NC,LTTS,3400.0,3395.0,3434.6,3342.1,3446.5,68472,3397.1,3398.5,4,3400.0,1,
2026-04-13T13:21:50.509,NC,LTTS,3398.5,3395.0,3434.6,3342.1,3446.5,68485,3397.1,3398.6,1,3400.4,10,
2026-04-13T13:21:55.326,NC,LTTS,3400.0,3395.0,3434.6,3342.1,3446.5,68486,3397.1,3398.4,8,3400.0,1,
2026-04-13T13:21:59.726,NC,LTTS,3398.4,3395.0,3434.6,3342.1,3446.5,68498,3397.1,3398.5,1,3400.4,10,
2026-04-13T13:22:08.551,NC,LTTS,3398.4,3395.0,3434.6,3342.1,3446.5,68511,3397.1,3398.4,1,3400.4,10,
2026-04-13T13:22:17.658,NC,LTTS,3398.4,3395.0,3434.6,3342.1,3446.5,68524,3397.1,3398.6,1,3400.4,10,
2026-04-13T13:22:22.071,NC,LTTS,3400.4,3395.0,3434.6,3342.1,3446.5,68529,3397.1,3398.5,1,3400.4,5,
2026-04-13T13:22:26.273,NC,LTTS,3400.0,3395.0,3434.6,3342.1,3446.5,68538,3397.1,3398.5,6,3400.3,3,
2026-04-13T13:22:30.769,NC,LTTS,3398.5,3395.0,3434.6,3342.1,3446.5,68542,3397.1,3398.5,2,3400.1,7,
2026-04-13T13:22:35.381,NC,LTTS,3400.1,3395.0,3434.6,3342.1,3446.5,68659,3397.1,3399.3,1,3401.9,15,
2026-04-13T13:22:40.087,NC,LTTS,3399.3,3395.0,3434.6,3342.1,3446.5,68663,3397.1,3398.8,72,3401.6,2,
2026-04-13T13:22:49.412,NC,LTTS,3398.8,3395.0,3434.6,3342.1,3446.5,68676,3397.1,3398.8,61,3401.4,2,
2026-04-13T13:22:53.704,NC,LTTS,3401.4,3395.0,3434.6,3342.1,3446.5,68677,3397.1,3398.8,65,3401.4,1,
2026-04-13T13:22:57.802,NC,LTTS,3398.8,3395.0,3434.6,3342.1,3446.5,68692,3397.11,3398.8,57,3401.7,2,
2026-04-13T13:23:07.234,NC,LTTS,3398.8,3395.0,3434.6,3342.1,3446.5,68707,3397.11,3398.8,39,3401.0,2,
2026-04-13T13:23:12.114,NC,LTTS,3401.0,3395.0,3434.6,3342.1,3446.5,68708,3397.11,3398.8,40,3400.6,6,
2026-04-13T13:23:17.717,NC,LTTS,3399.4,3395.0,3434.6,3342.1,3446.5,68721,3397.11,3399.4,1,3401.8,1,
2026-04-13T13:23:27.739,NC,LTTS,3399.7,3395.0,3434.6,3342.1,3446.5,68744,3397.11,3399.7,1,3401.8,1,
2026-04-13T13:23:32.146,NC,LTTS,3400.4,3395.0,3434.6,3342.1,3446.5,68893,3397.11,3398.9,1,3400.4,3,
2026-04-13T13:23:36.653,NC,LTTS,3400.0,3395.0,3434.6,3342.1,3446.5,68902,3397.11,3398.8,29,3400.4,3,
2026-04-13T13:23:41.154,NC,LTTS,3398.8,3395.0,3434.6,3342.1,3446.5,68906,3397.11,3399.0,9,3400.4,3,
2026-04-13T13:23:50.061,NC,LTTS,3399.0,3395.0,3434.6,3342.1,3446.5,68919,3397.11,3399.0,5,3400.4,3,
2026-04-13T13:23:58.887,NC,LTTS,3400.0,3395.0,3434.6,3342.1,3446.5,68932,3397.11,3399.0,1,3400.4,3,
2026-04-13T13:24:07.592,NC,LTTS,3399.0,3395.0,3434.6,3342.1,3446.5,68946,3397.11,3399.0,6,3400.4,3,
2026-04-13T13:24:12.202,NC,LTTS,3398.0,3395.0,3434.6,3342.1,3446.5,69047,3397.12,3398.8,5,3400.4,8,
2026-04-13T13:24:16.704,NC,LTTS,3398.3,3395.0,3434.6,3342.1,3446.5,69063,3397.12,3398.3,2,3400.4,26,
2026-04-13T13:24:26.022,NC,LTTS,3400.0,3395.0,3434.6,3342.1,3446.5,69091,3397.12,3398.9,1,3400.4,26,
2026-04-13T13:24:30.423,NC,LTTS,3398.9,3395.0,3434.6,3342.1,3446.5,69095,3397.12,3398.6,5,3400.4,26,
2026-04-13T13:24:39.636,NC,LTTS,3400.3,3395.0,3434.6,3342.1,3446.5,69108,3397.12,3400.3,27,3400.4,26,
2026-04-13T13:24:49.549,NC,LTTS,3400.3,3395.0,3434.6,3342.1,3446.5,69122,3397.12,3400.3,14,3400.4,26,
2026-04-13T13:24:58.557,NC,LTTS,3400.4,3395.0,3434.6,3342.1,3446.5,69149,3397.12,3400.0,10,3400.4,13,
2026-04-13T13:25:07.570,NC,LTTS,3399.9,3395.0,3434.6,3342.1,3446.5,69163,3397.12,3399.9,9,3400.4,13,
2026-04-13T13:25:17.378,NC,LTTS,3399.9,3395.0,3434.6,3342.1,3446.5,69176,3397.12,3399.9,9,3400.4,13,
2026-04-13T13:25:26.789,NC,LTTS,3399.0,3395.0,3434.6,3342.1,3446.5,69204,3397.12,3399.1,5,3400.4,26,
2026-04-13T13:25:35.997,NC,LTTS,3400.0,3395.0,3434.6,3342.1,3446.5,69213,3397.12,3398.8,11,3400.4,26,
2026-04-13T13:25:40.598,NC,LTTS,3399.1,3395.0,3434.6,3342.1,3446.5,69217,3397.12,3399.1,1,3400.4,26,
2026-04-13T13:25:50.344,NC,LTTS,3399.1,3395.0,3434.6,3342.1,3446.5,69231,3397.12,3399.1,8,3400.4,26,
2026-04-13T13:25:58.940,NC,LTTS,3399.1,3395.0,3434.6,3342.1,3446.5,69244,3397.12,3399.1,4,3400.4,26,
2026-04-13T13:26:08.047,NC,LTTS,3399.1,3395.0,3434.6,3342.1,3446.5,69258,3397.13,3399.1,2,3400.4,26,
2026-04-13T13:26:17.553,NC,LTTS,3398.7,3395.0,3434.6,3342.1,3446.5,69271,3397.13,3398.4,8,3400.4,26,
2026-04-13T13:26:26.474,NC,LTTS,3400.0,3395.0,3434.6,3342.1,3446.5,69281,3397.13,3399.1,5,3400.4,26,
2026-04-13T13:26:30.769,NC,LTTS,3398.4,3395.0,3434.6,3342.1,3446.5,69285,3397.13,3399.1,5,3400.4,26,
2026-04-13T13:26:39.679,NC,LTTS,3399.1,3395.0,3434.6,3342.1,3446.5,69298,3397.13,3399.1,1,3400.4,26,
2026-04-13T13:26:49.189,NC,LTTS,3399.1,3395.0,3434.6,3342.1,3446.5,69312,3397.13,3399.1,1,3400.4,26,
2026-04-13T13:26:58.000,NC,LTTS,3399.1,3395.0,3434.6,3342.1,3446.5,69326,3397.13,3399.1,1,3400.4,26,
2026-04-13T13:27:07.915,NC,LTTS,3398.3,3395.0,3434.6,3342.1,3446.5,69341,3397.13,3398.3,1,3400.4,25,
2026-04-13T13:27:17.119,NC,LTTS,3399.1,3395.0,3434.6,3342.1,3446.5,69354,3397.13,3399.1,6,3400.4,25,
2026-04-13T13:27:25.925,NC,LTTS,3400.0,3395.0,3434.6,3342.1,3446.5,69364,3397.13,3399.1,1,3400.4,25,
2026-04-13T13:27:30.442,NC,LTTS,3399.1,3395.0,3434.6,3342.1,3446.5,69393,3397.13,3399.1,16,3400.4,26,
2026-04-13T13:27:39.159,NC,LTTS,3400.4,3395.0,3434.6,3342.1,3446.5,69409,3397.13,3399.1,16,3400.4,23,
2026-04-13T13:27:43.354,NC,LTTS,3400.4,3395.0,3434.6,3342.1,3446.5,69410,3397.13,3399.1,16,3400.4,22,
2026-04-13T13:27:47.667,NC,LTTS,3399.1,3395.0,3434.6,3342.1,3446.5,69424,3397.13,3399.1,12,3400.4,22,
2026-04-13T13:27:56.168,NC,LTTS,3400.0,3395.0,3434.6,3342.1,3446.5,69433,3397.13,3399.1,12,3400.4,22,
2026-04-13T13:28:00.368,NC,LTTS,3400.4,3395.0,3434.6,3342.1,3446.5,69537,3397.14,3399.1,8,3400.4,26,
2026-04-13T13:28:09.085,NC,LTTS,3398.4,3395.0,3434.6,3342.1,3446.5,69558,3397.14,3398.5,1,3400.4,28,
2026-04-13T13:28:13.497,NC,LTTS,3401.7,3395.0,3434.6,3342.1,3446.5,69620,3397.14,3398.9,5,3400.4,8,
2026-04-13T13:28:17.796,NC,LTTS,3398.3,3395.0,3434.6,3342.1,3446.5,69633,3397.14,3398.5,1,3400.4,8,
2026-04-13T13:28:26.206,NC,LTTS,3400.4,3395.0,3434.6,3342.1,3446.5,69651,3397.14,3398.6,1,3400.4,8,
2026-04-13T13:28:30.516,NC,LTTS,3398.6,3395.0,3434.6,3342.1,3446.5,69655,3397.14,3398.6,1,3400.4,8,
2026-04-13T13:28:35.209,NC,LTTS,3400.4,3395.0,3434.6,3342.1,3446.5,69676,3397.14,3398.2,8,3400.0,1,
2026-04-13T13:28:40.021,NC,LTTS,3398.3,3395.0,3434.6,3342.1,3446.5,69689,3397.14,3398.2,9,3400.4,7,
2026-04-13T13:28:48.941,NC,LTTS,3400.4,3395.0,3434.6,3342.1,3446.5,69713,3397.14,3398.2,2,3400.4,8,
2026-04-13T13:28:57.448,NC,LTTS,3398.2,3395.0,3434.6,3342.1,3446.5,69727,3397.14,3398.2,5,3400.4,8,
2026-04-13T13:29:06.552,NC,LTTS,3400.4,3395.0,3434.6,3342.1,3446.5,69745,3397.15,3398.2,2,3400.4,8,
2026-04-13T13:29:11.054,NC,LTTS,3400.4,3395.0,3434.6,3342.1,3446.5,69799,3397.15,3398.5,5,3400.3,1,
2026-04-13T13:29:15.672,NC,LTTS,3400.0,3395.0,3434.6,3342.1,3446.5,69808,3397.15,3398.4,2,3400.4,4,
2026-04-13T13:29:19.988,NC,LTTS,3398.2,3395.0,3434.6,3342.1,3446.5,69812,3397.15,3398.3,1,3400.4,4,
2026-04-13T13:29:28.398,NC,LTTS,3398.0,3395.0,3434.6,3342.1,3446.5,69853,3397.15,3398.0,118,3400.4,3,
2026-04-13T13:29:36.829,NC,LTTS,3398.1,3395.0,3434.6,3342.1,3446.5,69869,3397.15,3398.1,2,3400.4,3,
2026-04-13T13:29:46.231,NC,LTTS,3400.3,3395.0,3434.6,3342.1,3446.5,69881,3397.15,3398.8,1,3400.4,3,
2026-04-13T13:29:50.941,NC,LTTS,3398.8,3395.0,3434.6,3342.1,3446.5,69885,3397.15,3398.7,2,3400.4,3,
2026-04-13T13:29:55.180,NC,LTTS,3400.4,3395.0,3434.6,3342.1,3446.5,69886,3397.15,3398.7,2,3400.4,2,
2026-04-13T13:29:59.402,NC,LTTS,3398.6,3395.0,3434.6,3342.1,3446.5,69899,3397.15,3398.7,18,3400.4,2,
2026-04-13T13:30:04.173,NC,LTTS,3400.4,3395.0,3434.6,3342.1,3446.5,69900,3397.15,3398.7,18,3400.4,1,
2026-04-13T13:30:08.863,NC,LTTS,3399.7,3395.0,3434.6,3342.1,3446.5,69922,3397.15,3399.0,3,3400.9,6,
2026-04-13T13:30:13.671,NC,LTTS,3400.4,3395.0,3434.6,3342.1,3446.5,69926,3397.15,3400.4,1,3400.8,5,
2026-04-13T13:30:18.370,NC,LTTS,3400.0,3395.0,3434.6,3342.1,3446.5,69933,3397.15,3400.0,114,3400.4,2,
2026-04-13T13:30:23.318,NC,LTTS,3400.0,3395.0,3434.6,3342.1,3446.5,69940,3397.15,3400.0,107,3400.4,1,
2026-04-13T13:30:27.699,NC,LTTS,3400.0,3395.0,3434.6,3342.1,3446.5,70006,3397.16,3400.0,45,3400.4,1,
2026-04-13T13:30:36.504,NC,LTTS,3400.0,3395.0,3434.6,3342.1,3446.5,70015,3397.16,3400.0,41,3400.4,1,
2026-04-13T13:30:40.910,NC,LTTS,3400.0,3395.0,3434.6,3342.1,3446.5,70019,3397.16,3400.0,37,3400.4,1,
2026-04-13T13:30:45.226,NC,LTTS,3400.0,3395.0,3434.6,3342.1,3446.5,70029,3397.16,3400.0,27,3400.4,1,
2026-04-13T13:30:49.742,NC,LTTS,3400.0,3395.0,3434.6,3342.1,3446.5,70033,3397.16,3400.0,123,3400.4,1,
2026-04-13T13:30:59.278,NC,LTTS,3400.0,3395.0,3434.6,3342.1,3446.5,70050,3397.16,3400.0,109,3400.4,1,
2026-04-13T13:31:08.695,NC,LTTS,3400.0,3395.0,3434.6,3342.1,3446.5,70064,3397.16,3400.0,96,3400.4,1,
2026-04-13T13:31:18.780,NC,LTTS,3400.2,3395.0,3434.6,3342.1,3446.5,70080,3397.16,3400.0,96,3402.0,35,
2026-04-13T13:31:23.697,NC,LTTS,3402.0,3395.0,3434.6,3342.1,3446.5,70083,3397.16,3400.0,96,3402.0,42,
2026-04-13T13:31:28.121,NC,LTTS,3400.0,3395.0,3434.6,3342.1,3446.5,70098,3397.16,3400.0,76,3402.0,41,
2026-04-13T13:31:37.810,NC,LTTS,3400.0,3395.0,3434.6,3342.1,3446.5,70111,3397.16,3400.0,71,3401.8,1,
2026-04-13T13:31:46.529,NC,LTTS,3400.0,3395.0,3434.6,3342.1,3446.5,70191,3397.16,3400.0,90,3401.6,1,
2026-04-13T13:31:51.129,NC,LTTS,3400.0,3395.0,3434.6,3342.1,3446.5,70195,3397.16,3400.0,86,3401.6,1,
2026-04-13T13:31:55.742,NC,LTTS,3400.0,3395.0,3434.6,3342.1,3446.5,70204,3397.16,3400.0,77,3401.6,1,
2026-04-13T13:32:01.142,NC,LTTS,3400.0,3395.0,3434.6,3342.1,3446.5,70208,3397.16,3400.0,73,3401.6,1,
2026-04-13T13:32:06.450,NC,LTTS,3400.0,3395.0,3434.6,3342.1,3446.5,70218,3397.16,3400.0,63,3401.6,1,
2026-04-13T13:32:11.476,NC,LTTS,3400.0,3395.0,3434.6,3342.1,3446.5,70222,3397.16,3400.0,59,3401.6,1,
2026-04-13T13:32:16.365,NC,LTTS,3400.0,3395.0,3434.6,3342.1,3446.5,70231,3397.17,3400.0,51,3401.6,1,
2026-04-13T13:32:20.975,NC,LTTS,3400.0,3395.0,3434.6,3342.1,3446.5,70235,3397.17,3400.0,47,3401.6,1,
2026-04-13T13:32:25.374,NC,LTTS,3400.0,3395.0,3434.6,3342.1,3446.5,70247,3397.17,3400.0,37,3401.6,1,
2026-04-13T13:32:29.983,NC,LTTS,3400.0,3395.0,3434.6,3342.1,3446.5,70251,3397.17,3400.0,33,3401.6,1,
2026-04-13T13:32:35.198,NC,LTTS,3400.0,3395.0,3434.6,3342.1,3446.5,70260,3397.17,3400.1,1,3401.6,1,
2026-04-13T13:32:40.804,NC,LTTS,3400.1,3395.0,3434.6,3342.1,3446.5,70264,3397.17,3400.1,2,3401.6,1,
2026-04-13T13:32:46.316,NC,LTTS,3400.4,3395.0,3434.6,3342.1,3446.5,70277,3397.17,3400.1,3,3402.0,31,
2026-04-13T13:32:51.416,NC,LTTS,3400.1,3395.0,3434.6,3342.1,3446.5,70281,3397.17,3400.0,59,3401.8,2,
2026-04-13T13:32:56.720,NC,LTTS,3400.0,3395.0,3434.6,3342.1,3446.5,70295,3397.17,3400.0,49,3401.7,9,
2026-04-13T13:33:07.133,NC,LTTS,3400.0,3395.0,3434.6,3342.1,3446.5,70313,3397.17,3400.0,42,3400.4,2,
2026-04-13T13:33:17.254,NC,LTTS,3400.0,3395.0,3434.6,3342.1,3446.5,70326,3397.17,3400.0,130,3400.4,2,
2026-04-13T13:33:26.561,NC,LTTS,3400.4,3395.0,3434.6,3342.1,3446.5,70342,3397.17,3400.0,120,3400.4,1,
2026-04-13T13:33:31.664,NC,LTTS,3400.0,3395.0,3434.6,3342.1,3446.5,70346,3397.17,3400.0,116,3400.4,1,
2026-04-13T13:33:36.761,NC,LTTS,3400.0,3395.0,3434.6,3342.1,3446.5,70361,3397.17,3400.0,102,3401.5,4,
2026-04-13T13:33:47.092,NC,LTTS,3400.0,3395.0,3434.6,3342.1,3446.5,70375,3397.17,3400.0,88,3401.5,12,
2026-04-13T13:33:57.105,NC,LTTS,3400.0,3395.0,3434.6,3342.1,3446.5,70390,3397.17,3400.0,73,3401.5,11,
2026-04-13T13:34:06.918,NC,LTTS,3400.0,3395.0,3434.6,3342.1,3446.5,70404,3397.17,3400.0,59,3401.4,11,
2026-04-13T13:34:11.930,NC,LTTS,3401.4,3395.0,3434.6,3342.1,3446.5,70405,3397.17,3400.0,59,3401.4,11,
2026-04-13T13:34:16.837,NC,LTTS,3400.0,3395.0,3434.6,3342.1,3446.5,70418,3397.17,3400.0,46,3401.4,10,
2026-04-13T13:34:26.344,NC,LTTS,3400.0,3395.0,3434.6,3342.1,3446.5,70428,3397.17,3400.0,37,3401.4,11,
2026-04-13T13:34:31.048,NC,LTTS,3400.0,3395.0,3434.6,3342.1,3446.5,70432,3397.17,3400.0,33,3401.4,11,
2026-04-13T13:34:35.564,NC,LTTS,3400.0,3395.0,3434.6,3342.1,3446.5,70441,3397.17,3400.0,24,3401.4,11,
2026-04-13T13:34:40.085,NC,LTTS,3400.0,3395.0,3434.6,3342.1,3446.5,70445,3397.17,3400.0,20,3401.4,10,
2026-04-13T13:34:49.999,NC,LTTS,3400.0,3395.0,3434.6,3342.1,3446.5,70459,3397.17,3400.0,6,3401.3,2,
2026-04-13T13:34:59.511,NC,LTTS,3400.0,3395.0,3434.6,3342.1,3446.5,70473,3397.18,3400.0,92,3401.4,10,
2026-04-13T13:35:09.027,NC,LTTS,3400.0,3395.0,3434.6,3342.1,3446.5,70487,3397.18,3400.0,79,3401.4,10,
2026-04-13T13:35:18.832,NC,LTTS,3400.0,3395.0,3434.6,3342.1,3446.5,70500,3397.18,3400.0,84,3401.4,10,
2026-04-13T13:35:28.360,NC,LTTS,3400.0,3395.0,3434.6,3342.1,3446.5,70514,3397.18,3400.0,70,3401.4,11,
2026-04-13T13:35:38.176,NC,LTTS,3400.0,3395.0,3434.6,3342.1,3446.5,70527,3397.18,3400.0,57,3401.4,11,
2026-04-13T13:35:43.381,NC,LTTS,3401.4,3395.0,3434.6,3342.1,3446.5,70528,3397.18,3400.0,66,3402.0,31,
2026-04-13T13:35:48.096,NC,LTTS,3400.0,3395.0,3434.6,3342.1,3446.5,70542,3397.18,3400.0,43,3401.8,10,
2026-04-13T13:35:53.216,NC,LTTS,3402.0,3395.0,3434.6,3342.1,3446.5,70587,3397.18,3401.0,21,3403.8,1,
2026-04-13T13:35:58.097,NC,LTTS,3401.0,3395.0,3434.6,3342.1,3446.5,70600,3397.18,3401.0,15,3401.8,1,
2026-04-13T13:36:07.930,NC,LTTS,3401.0,3395.0,3434.6,3342.1,3446.5,70614,3397.18,3401.0,2,3401.8,1,
2026-04-13T13:36:18.151,NC,LTTS,3400.0,3395.0,3434.6,3342.1,3446.5,70622,3397.18,3400.0,29,3401.0,1,
2026-04-13T13:36:22.851,NC,LTTS,3400.0,3395.0,3434.6,3342.1,3446.5,70627,3397.18,3400.0,28,3401.8,1,
2026-04-13T13:36:27.790,NC,LTTS,3400.0,3395.0,3434.6,3342.1,3446.5,70641,3397.18,3400.0,13,3401.7,1,
2026-04-13T13:36:37.703,NC,LTTS,3400.0,3395.0,3434.6,3342.1,3446.5,70654,3397.18,3400.3,4,3402.1,6,
2026-04-13T13:36:48.319,NC,LTTS,3400.2,3395.0,3434.6,3342.1,3446.5,70667,3397.18,3400.1,1,3400.6,1,
2026-04-13T13:36:53.230,NC,LTTS,3400.1,3395.0,3434.6,3342.1,3446.5,70668,3397.18,3400.2,5,3402.8,4,
2026-04-13T13:36:57.826,NC,LTTS,3400.2,3395.0,3434.6,3342.1,3446.5,70682,3397.19,3400.2,11,3402.8,4,
2026-04-13T13:37:07.642,NC,LTTS,3400.2,3395.0,3434.6,3342.1,3446.5,70700,3397.19,3400.2,15,3403.1,2,
2026-04-13T13:37:17.241,NC,LTTS,3400.1,3395.0,3434.6,3342.1,3446.5,70713,3397.19,3400.2,6,3402.2,3,
2026-04-13T13:37:21.840,NC,LTTS,3402.1,3395.0,3434.6,3342.1,3446.5,70716,3397.19,3400.1,1,3402.2,11,
2026-04-13T13:37:26.261,NC,LTTS,3400.1,3395.0,3434.6,3342.1,3446.5,70726,3397.19,3400.4,6,3402.3,2,
2026-04-13T13:37:30.767,NC,LTTS,3400.4,3395.0,3434.6,3342.1,3446.5,70730,3397.19,3400.1,1,3402.1,9,
2026-04-13T13:37:35.270,NC,LTTS,3400.1,3395.0,3434.6,3342.1,3446.5,70739,3397.19,3400.0,105,3402.1,9,
2026-04-13T13:37:39.970,NC,LTTS,3400.1,3395.0,3434.6,3342.1,3446.5,70743,3397.19,3400.1,5,3402.1,9,
2026-04-13T13:37:49.282,NC,LTTS,3400.2,3395.0,3434.6,3342.1,3446.5,70757,3397.19,3400.2,7,3402.1,9,
2026-04-13T13:37:58.293,NC,LTTS,3400.2,3395.0,3434.6,3342.1,3446.5,70770,3397.19,3400.2,3,3402.1,9,
2026-04-13T13:38:02.897,NC,LTTS,3400.2,3395.0,3434.6,3342.1,3446.5,70772,3397.19,3400.2,3,3402.1,9,
2026-04-13T13:38:07.414,NC,LTTS,3400.2,3395.0,3434.6,3342.1,3446.5,70786,3397.19,3400.2,3,3402.1,9,
2026-04-13T13:38:16.419,NC,LTTS,3400.2,3395.0,3434.6,3342.1,3446.5,70795,3397.19,3400.2,3,3402.0,3,
2026-04-13T13:38:20.623,NC,LTTS,3400.2,3395.0,3434.6,3342.1,3446.5,70799,3397.19,3400.2,2,3402.0,3,
2026-04-13T13:38:25.432,NC,LTTS,3400.2,3395.0,3434.6,3342.1,3446.5,70819,3397.19,3400.3,3,3402.9,4,
2026-04-13T13:38:29.944,NC,LTTS,3402.8,3395.0,3434.6,3342.1,3446.5,70838,3397.19,3400.9,2,3402.8,3,
2026-04-13T13:38:34.336,NC,LTTS,3402.8,3395.0,3434.6,3342.1,3446.5,70839,3397.19,3401.0,3,3403.0,2,
2026-04-13T13:38:38.942,NC,LTTS,3400.6,3395.0,3434.6,3342.1,3446.5,70852,3397.19,3400.7,1,3402.8,2,
2026-04-13T13:38:43.454,NC,LTTS,3402.8,3395.0,3434.6,3342.1,3446.5,70853,3397.19,3400.7,1,3402.9,13,
2026-04-13T13:38:47.847,NC,LTTS,3400.4,3395.0,3434.6,3342.1,3446.5,70867,3397.19,3400.4,2,3402.8,1,
2026-04-13T13:38:57.356,NC,LTTS,3400.3,3395.0,3434.6,3342.1,3446.5,70881,3397.19,3400.3,1,3403.1,1,
2026-04-13T13:39:07.758,NC,LTTS,3400.1,3395.0,3434.6,3342.1,3446.5,70895,3397.2,3400.1,4,3401.8,7,
2026-04-13T13:39:17.271,NC,LTTS,3400.2,3395.0,3434.6,3342.1,3446.5,70908,3397.2,3400.1,14,3401.8,7,
2026-04-13T13:39:27.691,NC,LTTS,3400.1,3395.0,3434.6,3342.1,3446.5,70922,3397.2,3400.0,126,3401.8,7,
2026-04-13T13:39:37.727,NC,LTTS,3400.5,3395.0,3434.6,3342.1,3446.5,70935,3397.2,3400.6,1,3402.9,7,
2026-04-13T13:39:42.805,NC,LTTS,3402.3,3395.0,3434.6,3342.1,3446.5,70936,3397.2,3400.4,1,3402.2,6,
2026-04-13T13:39:47.723,NC,LTTS,3403.5,3395.0,3434.6,3342.1,3446.5,70995,3397.2,3403.5,96,3404.1,10,
2026-04-13T13:39:52.521,NC,LTTS,3405.6,3395.0,3434.6,3342.1,3446.5,71045,3397.21,3404.1,1,3405.3,6,
2026-04-13T13:39:57.224,NC,LTTS,3404.3,3395.0,3434.6,3342.1,3446.5,71058,3397.21,3404.2,5,3405.9,1,
2026-04-13T13:40:07.143,NC,LTTS,3404.2,3395.0,3434.6,3342.1,3446.5,71072,3397.21,3404.2,1,3405.9,1,
2026-04-13T13:40:17.057,NC,LTTS,3403.5,3395.0,3434.6,3342.1,3446.5,71080,3397.21,3403.5,94,3404.2,1,
2026-04-13T13:40:21.664,NC,LTTS,3406.7,3395.0,3434.6,3342.1,3446.5,71105,3397.21,3403.6,10,3406.7,10,
2026-04-13T13:40:26.168,NC,LTTS,3403.6,3395.0,3434.6,3342.1,3446.5,71115,3397.21,3403.5,92,3406.3,12,
2026-04-13T13:40:30.776,NC,LTTS,3403.5,3395.0,3434.6,3342.1,3446.5,71119,3397.21,3403.5,85,3405.6,9,
2026-04-13T13:40:35.285,NC,LTTS,3403.5,3395.0,3434.6,3342.1,3446.5,71128,3397.22,3403.5,76,3405.5,4,
2026-04-13T13:40:39.886,NC,LTTS,3403.5,3395.0,3434.6,3342.1,3446.5,71132,3397.22,3403.5,72,3405.5,4,
2026-04-13T13:40:50.008,NC,LTTS,3403.5,3395.0,3434.6,3342.1,3446.5,71146,3397.22,3403.5,58,3405.0,2,
2026-04-13T13:40:59.329,NC,LTTS,3403.5,3395.0,3434.6,3342.1,3446.5,71160,3397.22,3403.5,45,3405.1,4,
2026-04-13T13:41:08.238,NC,LTTS,3403.5,3395.0,3434.6,3342.1,3446.5,71174,3397.22,3403.5,31,3404.9,3,
2026-04-13T13:41:17.381,NC,LTTS,3403.5,3395.0,3434.6,3342.1,3446.5,71190,3397.22,3403.5,15,3405.0,2,
2026-04-13T13:41:26.077,NC,LTTS,3403.5,3395.0,3434.6,3342.1,3446.5,71200,3397.22,3403.5,24,3405.0,2,
2026-04-13T13:41:30.477,NC,LTTS,3403.5,3395.0,3434.6,3342.1,3446.5,71209,3397.22,3403.5,15,3404.8,2,
2026-04-13T13:41:39.498,NC,LTTS,3403.5,3395.0,3434.6,3342.1,3446.5,71228,3397.22,3402.9,34,3405.1,3,
2026-04-13T13:41:49.806,NC,LTTS,3402.9,3395.0,3434.6,3342.1,3446.5,71242,3397.23,3402.9,21,3404.4,2,
2026-04-13T13:41:55.264,NC,LTTS,3402.9,3395.0,3434.6,3342.1,3446.5,71251,3397.23,3402.9,12,3404.8,2,
2026-04-13T13:42:00.318,NC,LTTS,3402.9,3395.0,3434.6,3342.1,3446.5,71255,3397.23,3402.9,8,3404.6,2,
2026-04-13T13:42:05.528,NC,LTTS,3402.9,3395.0,3434.6,3342.1,3446.5,71265,3397.23,3402.2,3,3405.0,5,
2026-04-13T13:42:10.328,NC,LTTS,3402.2,3395.0,3434.6,3342.1,3446.5,71279,3397.23,3402.0,1,3404.0,2,
2026-04-13T13:42:15.241,NC,LTTS,3402.0,3395.0,3434.6,3342.1,3446.5,71288,3397.23,3401.7,14,3405.6,6,
2026-04-13T13:42:20.956,NC,LTTS,3401.9,3395.0,3434.6,3342.1,3446.5,71292,3397.23,3402.1,13,3405.6,3,
2026-04-13T13:42:26.172,NC,LTTS,3402.2,3395.0,3434.6,3342.1,3446.5,71319,3397.23,3402.0,1,3404.2,2,
2026-04-13T13:42:30.989,NC,LTTS,3401.8,3395.0,3434.6,3342.1,3446.5,71323,3397.23,3401.8,2,3404.0,2,
2026-04-13T13:42:35.473,NC,LTTS,3401.8,3395.0,3434.6,3342.1,3446.5,71332,3397.23,3401.7,1,3404.7,3,
2026-04-13T13:42:39.782,NC,LTTS,3401.5,3395.0,3434.6,3342.1,3446.5,71336,3397.23,3403.0,20,3404.2,2,
2026-04-13T13:42:44.692,NC,LTTS,3404.8,3395.0,3434.6,3342.1,3446.5,71346,3397.23,3403.0,20,3404.6,2,
2026-04-13T13:42:49.522,NC,LTTS,3403.0,3395.0,3434.6,3342.1,3446.5,71361,3397.24,3403.0,6,3404.6,2,
2026-04-13T13:42:54.318,NC,LTTS,3403.0,3395.0,3434.6,3342.1,3446.5,71362,3397.24,3403.0,5,3404.4,2,
2026-04-13T13:42:59.430,NC,LTTS,3402.1,3395.0,3434.6,3342.1,3446.5,71374,3397.24,3401.5,1,3403.0,1,
2026-04-13T13:43:04.445,NC,LTTS,3403.0,3395.0,3434.6,3342.1,3446.5,71378,3397.24,3401.4,1,3403.3,2,
2026-04-13T13:43:09.237,NC,LTTS,3401.2,3395.0,3434.6,3342.1,3446.5,71393,3397.24,3401.1,1,3403.4,3,
2026-04-13T13:43:14.551,NC,LTTS,3403.5,3395.0,3434.6,3342.1,3446.5,71399,3397.24,3401.1,6,3403.5,2,
2026-04-13T13:43:19.389,NC,LTTS,3403.9,3395.0,3434.6,3342.1,3446.5,71415,3397.24,3403.0,6,3403.9,1,
2026-04-13T13:43:28.784,NC,LTTS,3401.5,3395.0,3434.6,3342.1,3446.5,71427,3397.24,3401.6,2,3403.0,1,
2026-04-13T13:43:33.414,NC,LTTS,3401.6,3395.0,3434.6,3342.1,3446.5,71429,3397.24,3401.8,3,3404.5,2,
2026-04-13T13:43:38.089,NC,LTTS,3401.8,3395.0,3434.6,3342.1,3446.5,71434,3397.24,3400.8,3,3401.8,1,
2026-04-13T13:43:42.606,NC,LTTS,3400.8,3395.0,3434.6,3342.1,3446.5,71442,3397.24,3400.7,2,3403.1,5,
2026-04-13T13:43:47.499,NC,LTTS,3400.2,3395.0,3434.6,3342.1,3446.5,71456,3397.24,3400.3,3,3403.4,3,
2026-04-13T13:43:57.013,NC,LTTS,3400.4,3395.0,3434.6,3342.1,3446.5,71470,3397.24,3400.3,2,3402.8,2,
2026-04-13T13:44:05.526,NC,LTTS,3400.3,3395.0,3434.6,3342.1,3446.5,71480,3397.24,3400.2,14,3403.5,1,
2026-04-13T13:44:10.448,NC,LTTS,3400.4,3395.0,3434.6,3342.1,3446.5,71484,3397.24,3400.4,4,3403.4,2,
2026-04-13T13:44:15.753,NC,LTTS,3400.4,3395.0,3434.6,3342.1,3446.5,71514,3397.24,3400.0,110,3401.8,1,
2026-04-13T13:44:20.882,NC,LTTS,3400.0,3395.0,3434.6,3342.1,3446.5,71518,3397.24,3400.0,109,3401.8,2,
2026-04-13T13:44:25.252,NC,LTTS,3400.0,3395.0,3434.6,3342.1,3446.5,71529,3397.24,3400.0,99,3401.8,3,
2026-04-13T13:44:29.456,NC,LTTS,3400.0,3395.0,3434.6,3342.1,3446.5,71533,3397.24,3400.0,92,3401.8,3,
2026-04-13T13:44:38.120,NC,LTTS,3401.8,3395.0,3434.6,3342.1,3446.5,71551,3397.25,3400.0,80,3401.9,7,
2026-04-13T13:44:46.675,NC,LTTS,3400.0,3395.0,3434.6,3342.1,3446.5,71567,3397.25,3400.0,119,3401.9,1,
2026-04-13T13:44:55.282,NC,LTTS,3400.1,3395.0,3434.6,3342.1,3446.5,71576,3397.25,3400.0,119,3401.9,1,
2026-04-13T13:44:59.807,NC,LTTS,3400.0,3395.0,3434.6,3342.1,3446.5,71598,3397.25,3400.0,100,3401.8,2,
2026-04-13T13:45:04.807,NC,LTTS,3401.9,3395.0,3434.6,3342.1,3446.5,71599,3397.25,3400.0,99,3402.3,2,
2026-04-13T13:45:09.298,NC,LTTS,3400.0,3395.0,3434.6,3342.1,3446.5,71613,3397.25,3400.0,85,3401.9,1,
2026-04-13T13:45:19.818,NC,LTTS,3400.0,3395.0,3434.6,3342.1,3446.5,71626,3397.25,3400.0,72,3401.7,2,
2026-04-13T13:45:29.925,NC,LTTS,3400.0,3395.0,3434.6,3342.1,3446.5,71640,3397.25,3400.0,158,3401.8,10,
2026-04-13T13:45:39.927,NC,LTTS,3400.0,3395.0,3434.6,3342.1,3446.5,71653,3397.25,3400.0,146,3401.8,14,
2026-04-13T13:45:50.082,NC,LTTS,3400.0,3395.0,3434.6,3342.1,3446.5,71667,3397.25,3400.0,132,3401.6,2,
2026-04-13T13:45:58.578,NC,LTTS,3400.0,3395.0,3434.6,3342.1,3446.5,71680,3397.25,3400.0,119,3401.7,5,
2026-04-13T13:46:08.071,NC,LTTS,3400.0,3395.0,3434.6,3342.1,3446.5,71694,3397.25,3400.0,111,3401.8,6,
2026-04-13T13:46:12.586,NC,LTTS,3400.0,3395.0,3434.6,3342.1,3446.5,71704,3397.25,3400.0,100,3401.8,6,
2026-04-13T13:46:17.269,NC,LTTS,3400.0,3395.0,3434.6,3342.1,3446.5,71717,3397.25,3400.0,87,3401.7,2,
2026-04-13T13:46:26.183,NC,LTTS,3400.0,3395.0,3434.6,3342.1,3446.5,71727,3397.25,3400.0,77,3401.7,2,
2026-04-13T13:46:30.587,NC,LTTS,3401.7,3395.0,3434.6,3342.1,3446.5,71735,3397.25,3400.0,73,3401.6,2,
2026-04-13T13:46:39.016,NC,LTTS,3400.0,3395.0,3434.6,3342.1,3446.5,71750,3397.25,3400.0,59,3401.5,2,
2026-04-13T13:46:48.225,NC,LTTS,3400.0,3395.0,3434.6,3342.1,3446.5,71764,3397.25,3400.0,45,3401.5,12,
2026-04-13T13:46:57.642,NC,LTTS,3400.0,3395.0,3434.6,3342.1,3446.5,71779,3397.25,3400.0,33,3401.5,9,
2026-04-13T13:47:06.964,NC,LTTS,3400.0,3395.0,3434.6,3342.1,3446.5,71793,3397.25,3400.0,19,3401.5,9,
2026-04-13T13:47:16.285,NC,LTTS,3400.1,3395.0,3434.6,3342.1,3446.5,71802,3397.26,3400.1,1,3401.6,1,
2026-04-13T13:47:20.671,NC,LTTS,3400.0,3395.0,3434.6,3342.1,3446.5,71806,3397.26,3400.1,1,3401.6,1,
2026-04-13T13:47:28.981,NC,LTTS,3400.0,3395.0,3434.6,3342.1,3446.5,71820,3397.26,3400.0,14,3401.6,1,
2026-04-13T13:47:38.086,NC,LTTS,3400.0,3395.0,3434.6,3342.1,3446.5,71833,3397.26,3400.0,99,3401.8,5,
2026-04-13T13:47:46.805,NC,LTTS,3400.0,3395.0,3434.6,3342.1,3446.5,71847,3397.26,3400.0,85,3401.8,5,
2026-04-13T13:47:56.711,NC,LTTS,3400.0,3395.0,3434.6,3342.1,3446.5,71860,3397.26,3400.0,77,3401.8,8,
2026-04-13T13:48:05.825,NC,LTTS,3400.0,3395.0,3434.6,3342.1,3446.5,71870,3397.26,3400.0,67,3401.5,3,
2026-04-13T13:48:10.621,NC,LTTS,3400.0,3395.0,3434.6,3342.1,3446.5,71874,3397.26,3400.0,63,3401.4,3,
2026-04-13T13:48:15.528,NC,LTTS,3400.0,3395.0,3434.6,3342.1,3446.5,71883,3397.26,3400.0,54,3401.4,3,
2026-04-13T13:48:20.339,NC,LTTS,3400.0,3395.0,3434.6,3342.1,3446.5,71887,3397.26,3400.0,50,3401.4,3,
2026-04-13T13:48:29.341,NC,LTTS,3401.4,3395.0,3434.6,3342.1,3446.5,71902,3397.26,3400.0,36,3401.5,9,
2026-04-13T13:48:38.363,NC,LTTS,3400.0,3395.0,3434.6,3342.1,3446.5,71915,3397.26,3400.0,23,3401.4,3,
2026-04-13T13:48:47.861,NC,LTTS,3400.2,3395.0,3434.6,3342.1,3446.5,71920,3397.26,3400.2,13,3401.4,1,
2026-04-13T13:48:53.072,NC,LTTS,3400.2,3395.0,3434.6,3342.1,3446.5,71929,3397.26,3400.1,5,3401.4,1,
2026-04-13T13:48:57.667,NC,LTTS,3400.0,3395.0,3434.6,3342.1,3446.5,71943,3397.26,3400.0,24,3401.4,1,
2026-04-13T13:49:07.375,NC,LTTS,3400.0,3395.0,3434.6,3342.1,3446.5,71952,3397.26,3400.0,13,3400.2,1,
2026-04-13T13:49:12.185,NC,LTTS,3400.0,3395.0,3434.6,3342.1,3446.5,71961,3397.26,3400.0,104,3401.8,5,
2026-04-13T13:49:16.687,NC,LTTS,3400.0,3395.0,3434.6,3342.1,3446.5,71974,3397.26,3400.0,92,3401.7,4,
2026-04-13T13:49:25.587,NC,LTTS,3400.0,3395.0,3434.6,3342.1,3446.5,72005,3397.26,3400.0,62,3401.8,5,
2026-04-13T13:49:30.097,NC,LTTS,3400.0,3395.0,3434.6,3342.1,3446.5,72009,3397.26,3400.0,58,3401.8,6,
2026-04-13T13:49:38.802,NC,LTTS,3400.0,3395.0,3434.6,3342.1,3446.5,72022,3397.26,3400.0,68,3401.8,5,
2026-04-13T13:49:48.223,NC,LTTS,3400.0,3395.0,3434.6,3342.1,3446.5,72036,3397.26,3400.0,51,3401.8,5,
2026-04-13T13:49:53.242,NC,LTTS,3401.8,3395.0,3434.6,3342.1,3446.5,72037,3397.26,3400.0,51,3401.8,4,
2026-04-13T13:49:58.134,NC,LTTS,3400.0,3395.0,3434.6,3342.1,3446.5,72050,3397.26,3400.0,38,3401.7,12,
2026-04-13T13:50:02.942,NC,LTTS,3400.0,3395.0,3434.6,3342.1,3446.5,72060,3397.27,3400.0,28,3401.6,9,
2026-04-13T13:50:08.149,NC,LTTS,3400.0,3395.0,3434.6,3342.1,3446.5,72074,3397.27,3400.0,114,3401.7,14,
2026-04-13T13:50:17.950,NC,LTTS,3400.0,3395.0,3434.6,3342.1,3446.5,72087,3397.27,3400.0,101,3401.5,6,
2026-04-13T13:50:27.572,NC,LTTS,3400.0,3395.0,3434.6,3342.1,3446.5,72101,3397.27,3400.0,87,3401.6,9,
2026-04-13T13:50:36.389,NC,LTTS,3400.0,3395.0,3434.6,3342.1,3446.5,72110,3397.27,3400.0,82,3401.6,3,
2026-04-13T13:50:40.886,NC,LTTS,3400.0,3395.0,3434.6,3342.1,3446.5,72114,3397.27,3400.0,78,3401.6,8,
2026-04-13T13:50:45.598,NC,LTTS,3400.0,3395.0,3434.6,3342.1,3446.5,72124,3397.27,3400.9,1,3401.7,14,
2026-04-13T13:50:50.394,NC,LTTS,3404.9,3395.0,3434.6,3342.1,3446.5,72312,3397.28,3404.8,2,3406.0,13,
2026-04-13T13:50:59.808,NC,LTTS,3406.2,3395.0,3434.6,3342.1,3446.5,72341,3397.29,3407.0,1,3407.7,1,
2026-04-13T13:51:09.536,NC,LTTS,3406.2,3395.0,3434.6,3342.1,3446.5,72355,3397.29,3406.2,2,3407.7,1,
2026-04-13T13:51:14.244,NC,LTTS,3406.2,3395.0,3434.6,3342.1,3446.5,72366,3397.29,3406.2,1,3407.5,2,
2026-04-13T13:51:19.448,NC,LTTS,3406.2,3395.0,3434.6,3342.1,3446.5,72379,3397.29,3406.4,1,3407.3,2,
2026-04-13T13:51:28.265,NC,LTTS,3406.4,3395.0,3434.6,3342.1,3446.5,72393,3397.29,3406.4,3,3407.5,4,
2026-04-13T13:51:33.070,NC,LTTS,3406.0,3395.0,3434.6,3342.1,3446.5,72399,3397.29,3406.9,1,3408.0,8,
2026-04-13T13:51:37.800,NC,LTTS,3405.7,3395.0,3434.6,3342.1,3446.5,72408,3397.3,3406.3,1,3406.9,1,
2026-04-13T13:51:42.296,NC,LTTS,3406.3,3395.0,3434.6,3342.1,3446.5,72412,3397.3,3406.6,1,3408.0,8,
2026-04-13T13:51:46.505,NC,LTTS,3406.6,3395.0,3434.6,3342.1,3446.5,72422,3397.3,3407.0,1,3408.0,8,
2026-04-13T13:51:51.019,NC,LTTS,3405.8,3395.0,3434.6,3342.1,3446.5,72426,3397.3,3405.8,6,3408.0,8,
2026-04-13T13:51:55.310,NC,LTTS,3405.8,3395.0,3434.6,3342.1,3446.5,72435,3397.3,3405.0,7,3408.0,10,
2026-04-13T13:52:00.084,NC,LTTS,3405.0,3395.0,3434.6,3342.1,3446.5,72439,3397.3,3405.0,9,3408.0,8,
2026-04-13T13:52:05.384,NC,LTTS,3405.0,3395.0,3434.6,3342.1,3446.5,72449,3397.3,3404.6,1,3407.7,7,
2026-04-13T13:52:10.191,NC,LTTS,3405.0,3395.0,3434.6,3342.1,3446.5,72454,3397.3,3404.5,3,3407.2,1,
2026-04-13T13:52:19.400,NC,LTTS,3404.4,3395.0,3434.6,3342.1,3446.5,72467,3397.3,3404.3,2,3406.7,4,
2026-04-13T13:52:25.824,NC,LTTS,3404.5,3395.0,3434.6,3342.1,3446.5,72477,3397.3,3404.7,1,3407.1,14,
2026-04-13T13:52:32.538,NC,LTTS,3404.5,3395.0,3434.6,3342.1,3446.5,72481,3397.3,3404.3,2,3406.2,2,
2026-04-13T13:52:39.049,NC,LTTS,3403.2,3395.0,3434.6,3342.1,3446.5,72494,3397.31,3403.1,43,3405.3,4,
2026-04-13T13:52:45.766,NC,LTTS,3403.1,3395.0,3434.6,3342.1,3446.5,72504,3397.31,3403.1,33,3405.4,6,
2026-04-13T13:52:51.729,NC,LTTS,3403.1,3395.0,3434.6,3342.1,3446.5,72508,3397.31,3403.1,29,3404.8,7,
2026-04-13T13:52:56.886,NC,LTTS,3402.9,3395.0,3434.6,3342.1,3446.5,72522,3397.31,3402.9,4,3405.9,4,
2026-04-13T13:53:07.712,NC,LTTS,3402.1,3395.0,3434.6,3342.1,3446.5,72537,3397.31,3402.2,3,3405.5,1,
2026-04-13T13:53:12.618,NC,LTTS,3402.2,3395.0,3434.6,3342.1,3446.5,72539,3397.31,3402.2,1,3405.4,4,
2026-04-13T13:53:17.524,NC,LTTS,3402.0,3395.0,3434.6,3342.1,3446.5,72552,3397.31,3402.0,3,3405.3,1,
2026-04-13T13:53:27.246,NC,LTTS,3401.1,3395.0,3434.6,3342.1,3446.5,72569,3397.31,3401.1,7,3404.7,2,
2026-04-13T13:53:32.560,NC,LTTS,3400.3,3395.0,3434.6,3342.1,3446.5,72575,3397.31,3400.2,8,3403.0,6,
2026-04-13T13:53:37.752,NC,LTTS,3400.1,3395.0,3434.6,3342.1,3446.5,72590,3397.31,3400.1,2,3402.1,2,
2026-04-13T13:53:42.763,NC,LTTS,3402.1,3395.0,3434.6,3342.1,3446.5,72598,3397.31,3400.2,2,3402.4,7,
2026-04-13T13:53:47.554,NC,LTTS,3400.1,3395.0,3434.6,3342.1,3446.5,72617,3397.31,3400.0,101,3402.0,2,
2026-04-13T13:53:57.273,NC,LTTS,3400.0,3395.0,3434.6,3342.1,3446.5,72630,3397.31,3400.0,103,3402.8,4,
2026-04-13T13:54:07.803,NC,LTTS,3400.0,3395.0,3434.6,3342.1,3446.5,72644,3397.31,3400.0,89,3402.6,4,
2026-04-13T13:54:17.618,NC,LTTS,3400.0,3395.0,3434.6,3342.1,3446.5,72657,3397.31,3400.0,73,3401.9,5,
2026-04-13T13:54:26.607,NC,LTTS,3400.8,3395.0,3434.6,3342.1,3446.5,72683,3397.32,3400.2,5,3403.1,7,
2026-04-13T13:54:31.219,NC,LTTS,3400.2,3395.0,3434.6,3342.1,3446.5,72687,3397.32,3400.1,5,3402.7,13,
2026-04-13T13:54:35.935,NC,LTTS,3400.1,3395.0,3434.6,3342.1,3446.5,72704,3397.32,3400.1,13,3403.8,2,
2026-04-13T13:54:40.932,NC,LTTS,3400.1,3395.0,3434.6,3342.1,3446.5,72708,3397.32,3400.1,2,3402.7,7,
2026-04-13T13:54:45.746,NC,LTTS,3401.0,3395.0,3434.6,3342.1,3446.5,72746,3397.32,3401.0,6,3404.9,8,
2026-04-13T13:54:50.649,NC,LTTS,3401.0,3395.0,3434.6,3342.1,3446.5,72750,3397.32,3400.9,17,3404.0,13,
2026-04-13T13:54:55.454,NC,LTTS,3404.1,3395.0,3434.6,3342.1,3446.5,72817,3397.33,3403.9,4,3405.9,1,
2026-04-13T13:55:00.762,NC,LTTS,3403.8,3395.0,3434.6,3342.1,3446.5,72822,3397.33,3403.6,1,3405.8,2,
2026-04-13T13:55:06.061,NC,LTTS,3403.6,3395.0,3434.6,3342.1,3446.5,72832,3397.33,3402.5,12,3405.9,1,
2026-04-13T13:55:10.867,NC,LTTS,3402.5,3395.0,3434.6,3342.1,3446.5,72851,3397.33,3402.5,13,3406.7,12,
2026-04-13T13:55:15.783,NC,LTTS,3402.5,3395.0,3434.6,3342.1,3446.5,72860,3397.33,3401.6,17,3405.8,3,
2026-04-13T13:55:20.583,NC,LTTS,3401.6,3395.0,3434.6,3342.1,3446.5,72864,3397.33,3401.6,3,3403.7,1,
2026-04-13T13:55:25.706,NC,LTTS,3401.6,3395.0,3434.6,3342.1,3446.5,72874,3397.33,3401.0,56,3404.6,3,
2026-04-13T13:55:30.211,NC,LTTS,3401.0,3395.0,3434.6,3342.1,3446.5,72878,3397.33,3401.0,55,3403.2,1,
2026-04-13T13:55:35.506,NC,LTTS,3401.6,3395.0,3434.6,3342.1,3446.5,72890,3397.33,3401.7,2,3403.8,4,
2026-04-13T13:55:40.807,NC,LTTS,3404.6,3395.0,3434.6,3342.1,3446.5,72924,3397.33,3402.8,5,3405.8,5,
2026-04-13T13:55:45.913,NC,LTTS,3403.1,3395.0,3434.6,3342.1,3446.5,72944,3397.34,3402.4,1,3405.2,12,
2026-04-13T13:55:50.915,NC,LTTS,3402.5,3395.0,3434.6,3342.1,3446.5,72948,3397.34,3402.8,1,3404.9,2,
2026-04-13T13:55:56.036,NC,LTTS,3402.8,3395.0,3434.6,3342.1,3446.5,72957,3397.34,3402.4,1,3405.5,2,
2026-04-13T13:56:00.755,NC,LTTS,3402.1,3395.0,3434.6,3342.1,3446.5,72961,3397.34,3402.8,1,3404.9,9,
2026-04-13T13:56:05.545,NC,LTTS,3402.8,3395.0,3434.6,3342.1,3446.5,72971,3397.34,3402.5,10,3405.3,3,
2026-04-13T13:56:10.450,NC,LTTS,3402.5,3395.0,3434.6,3342.1,3446.5,72975,3397.34,3402.5,6,3405.5,4,
2026-04-13T13:56:15.574,NC,LTTS,3402.5,3395.0,3434.6,3342.1,3446.5,72984,3397.34,3402.1,1,3405.5,2,
2026-04-13T13:56:20.862,NC,LTTS,3402.2,3395.0,3434.6,3342.1,3446.5,72988,3397.34,3402.1,20,3404.8,4,
2026-04-13T13:56:25.908,NC,LTTS,3402.1,3395.0,3434.6,3342.1,3446.5,72998,3397.34,3402.1,8,3404.6,4,
2026-04-13T13:56:30.686,NC,LTTS,3402.1,3395.0,3434.6,3342.1,3446.5,73002,3397.34,3401.2,5,3404.0,4,
2026-04-13T13:56:35.200,NC,LTTS,3402.9,3395.0,3434.6,3342.1,3446.5,73019,3397.34,3402.8,1,3404.9,1,
2026-04-13T13:56:40.207,NC,LTTS,3402.7,3395.0,3434.6,3342.1,3446.5,73023,3397.34,3402.3,4,3404.8,4,
2026-04-13T13:56:45.315,NC,LTTS,3402.3,3395.0,3434.6,3342.1,3446.5,73033,3397.34,3401.9,4,3405.9,1,
2026-04-13T13:56:50.144,NC,LTTS,3402.6,3395.0,3434.6,3342.1,3446.5,73037,3397.34,3402.0,5,3404.1,5,
2026-04-13T13:56:54.916,NC,LTTS,3404.1,3395.0,3434.6,3342.1,3446.5,73042,3397.34,3403.2,1,3404.9,4,
2026-04-13T13:56:59.839,NC,LTTS,3402.9,3395.0,3434.6,3342.1,3446.5,73056,3397.34,3402.9,1,3404.4,4,
2026-04-13T13:57:09.754,NC,LTTS,3405.5,3395.0,3434.6,3342.1,3446.5,73071,3397.35,3402.1,1,3404.7,4,
2026-04-13T13:57:15.441,NC,LTTS,3402.1,3395.0,3434.6,3342.1,3446.5,73080,3397.35,3402.0,7,3405.8,10,
2026-04-13T13:57:21.659,NC,LTTS,3402.0,3395.0,3434.6,3342.1,3446.5,73084,3397.35,3402.0,1,3403.9,1,
2026-04-13T13:57:27.964,NC,LTTS,3401.5,3395.0,3434.6,3342.1,3446.5,73098,3397.35,3401.4,45,3403.9,4,
2026-04-13T13:57:38.485,NC,LTTS,3401.4,3395.0,3434.6,3342.1,3446.5,73111,3397.35,3401.4,32,3403.9,1,
2026-04-13T13:57:43.299,NC,LTTS,3403.9,3395.0,3434.6,3342.1,3446.5,73121,3397.35,3401.5,1,3403.3,1,
2026-04-13T13:57:48.195,NC,LTTS,3401.6,3395.0,3434.6,3342.1,3446.5,73135,3397.35,3400.6,1,3403.2,5,
2026-04-13T13:57:58.311,NC,LTTS,3401.3,3395.0,3434.6,3342.1,3446.5,73156,3397.35,3400.5,2,3402.9,5,
2026-04-13T13:58:09.918,NC,LTTS,3400.2,3395.0,3434.6,3342.1,3446.5,73170,3397.35,3400.2,1,3401.9,9,
2026-04-13T13:58:15.330,NC,LTTS,3400.2,3395.0,3434.6,3342.1,3446.5,73214,3397.35,3400.2,2,3402.5,6,
2026-04-13T13:58:20.223,NC,LTTS,3400.1,3395.0,3434.6,3342.1,3446.5,73218,3397.35,3400.1,9,3402.2,1,
2026-04-13T13:58:25.338,NC,LTTS,3400.1,3395.0,3434.6,3342.1,3446.5,73228,3397.35,3400.0,14,3402.3,1,
2026-04-13T13:58:30.242,NC,LTTS,3400.3,3395.0,3434.6,3342.1,3446.5,73248,3397.36,3400.3,1,3402.3,1,
2026-04-13T13:58:39.948,NC,LTTS,3401.8,3395.0,3434.6,3342.1,3446.5,73302,3397.36,3400.1,4,3403.2,3,
2026-04-13T13:58:49.358,NC,LTTS,3400.2,3395.0,3434.6,3342.1,3446.5,73316,3397.36,3400.4,1,3402.1,3,
2026-04-13T13:58:59.563,NC,LTTS,3399.5,3395.0,3434.6,3342.1,3446.5,73330,3397.36,3399.5,6,3402.5,1,
2026-04-13T13:59:09.381,NC,LTTS,3399.0,3395.0,3434.6,3342.1,3446.5,73344,3397.36,3399.0,11,3402.3,1,
2026-04-13T13:59:14.683,NC,LTTS,3399.5,3395.0,3434.6,3342.1,3446.5,73374,3397.36,3398.3,7,3401.1,10,
2026-04-13T13:59:19.606,NC,LTTS,3400.0,3395.0,3434.6,3342.1,3446.5,73389,3397.36,3398.1,1,3400.0,1,
2026-04-13T13:59:29.798,NC,LTTS,3398.0,3395.0,3434.6,3342.1,3446.5,73393,3397.36,3398.2,1,3400.0,5,
2026-04-13T13:59:40.158,NC,LTTS,3400.0,3395.0,3434.6,3342.1,3446.5,73411,3397.36,3398.2,1,3400.0,2,
2026-04-13T13:59:44.817,NC,LTTS,3400.0,3395.0,3434.6,3342.1,3446.5,73413,3397.36,3398.2,1,3400.0,2,
2026-04-13T13:59:49.719,NC,LTTS,3398.0,3395.0,3434.6,3342.1,3446.5,73417,3397.36,3398.0,155,3400.0,2,
2026-04-13T13:59:54.233,NC,LTTS,3400.0,3395.0,3434.6,3342.1,3446.5,73455,3397.36,3398.1,1,3400.0,2,
2026-04-13T13:59:58.837,NC,LTTS,3398.1,3395.0,3434.6,3342.1,3446.5,73460,3397.36,3398.1,23,3400.0,2,
2026-04-13T14:00:03.737,NC,LTTS,3400.0,3395.0,3434.6,3342.1,3446.5,73467,3397.36,3398.4,2,3400.0,2,
2026-04-13T14:00:09.246,NC,LTTS,3398.3,3395.0,3434.6,3342.1,3446.5,73471,3397.36,3398.3,4,3400.0,2,
2026-04-13T14:00:14.948,NC,LTTS,3400.0,3395.0,3434.6,3342.1,3446.5,73481,3397.36,3398.3,104,3400.0,2,
2026-04-13T14:00:19.947,NC,LTTS,3398.3,3395.0,3434.6,3342.1,3446.5,73485,3397.36,3398.3,101,3399.5,1,
2026-04-13T14:00:30.352,NC,LTTS,3398.3,3395.0,3434.6,3342.1,3446.5,73489,3397.36,3398.3,116,3399.9,2,
2026-04-13T14:00:40.963,NC,LTTS,3398.3,3395.0,3434.6,3342.1,3446.5,73494,3397.36,3398.3,111,3400.0,14,
2026-04-13T14:00:51.480,NC,LTTS,3398.3,3395.0,3434.6,3342.1,3446.5,73549,3397.36,3398.3,56,3399.8,4,
2026-04-13T14:00:57.086,NC,LTTS,3398.3,3395.0,3434.6,3342.1,3446.5,73554,3397.36,3398.3,51,3399.8,12,
2026-04-13T14:01:07.804,NC,LTTS,3398.3,3395.0,3434.6,3342.1,3446.5,73558,3397.36,3398.3,47,3399.8,8,
2026-04-13T14:01:18.224,NC,LTTS,3398.3,3395.0,3434.6,3342.1,3446.5,73562,3397.36,3398.3,47,3399.9,23,
2026-04-13T14:01:27.839,NC,LTTS,3398.3,3395.0,3434.6,3342.1,3446.5,73566,3397.36,3398.3,43,3399.9,23,
2026-04-13T14:01:32.545,NC,LTTS,3400.0,3395.0,3434.6,3342.1,3446.5,73589,3397.37,3398.3,44,3400.0,2,
2026-04-13T14:01:37.049,NC,LTTS,3398.3,3395.0,3434.6,3342.1,3446.5,73593,3397.37,3398.3,39,3400.0,2,
2026-04-13T14:01:46.762,NC,LTTS,3398.3,3395.0,3434.6,3342.1,3446.5,73597,3397.37,3398.3,35,3400.0,2,
2026-04-13T14:02:01.588,NC,LTTS,3398.5,3395.0,3434.6,3342.1,3446.5,73601,3397.37,3398.5,3,3400.0,8,
2026-04-13T14:02:06.688,NC,LTTS,3398.5,3395.0,3434.6,3342.1,3446.5,73605,3397.37,3398.3,12,3399.9,15,
2026-04-13T14:02:16.798,NC,LTTS,3398.3,3395.0,3434.6,3342.1,3446.5,73609,3397.37,3398.3,10,3399.9,15,
2026-04-13T14:02:27.177,NC,LTTS,3398.3,3395.0,3434.6,3342.1,3446.5,73613,3397.37,3398.3,38,3399.8,13,
2026-04-13T14:02:37.539,NC,LTTS,3398.3,3395.0,3434.6,3342.1,3446.5,73617,3397.37,3398.3,33,3399.9,18,
2026-04-13T14:02:42.545,NC,LTTS,3398.3,3395.0,3434.6,3342.1,3446.5,73618,3397.37,3398.5,8,3399.9,15,
2026-04-13T14:02:47.553,NC,LTTS,3398.5,3395.0,3434.6,3342.1,3446.5,73622,3397.37,3398.5,4,3399.9,19,
2026-04-13T14:02:57.965,NC,LTTS,3398.3,3395.0,3434.6,3342.1,3446.5,73627,3397.37,3398.3,31,3399.9,7,
2026-04-13T14:03:08.282,NC,LTTS,3398.3,3395.0,3434.6,3342.1,3446.5,73631,3397.37,3398.3,27,3399.8,10,
2026-04-13T14:03:19.208,NC,LTTS,3398.3,3395.0,3434.6,3342.1,3446.5,73635,3397.37,3398.3,41,3399.8,4,
