Timestamp,Exchange,Symbol,LTP,Open,High,Low,Close,Volume,VWAP,Best_Bid,Bid_Qty,Best_Ask,Ask_Qty,OI
2026-04-13T04:24:31.793,NC,NTPC,380.15,381.2,384.45,372.05,378.65,14953758,378.59,,,380.15,748,
2026-04-13T09:00:04.025,NC,NTPC,380.15,382.1,,,380.15,954,,397.25,51,372.55,2,
2026-04-13T09:00:35.653,NC,NTPC,380.15,381.0,,,380.15,8489,,399.15,11,357.3,398,
2026-04-13T09:01:05.796,NC,NTPC,380.15,380.15,,,380.15,10974,,399.15,16,357.3,3070,
2026-04-13T09:01:40.134,NC,NTPC,380.15,380.1,,,380.15,11819,,399.15,19,350.0,700,
2026-04-13T09:01:42.234,NC,NTPC,380.15,380.15,,,380.15,11879,,399.15,19,350.0,700,
2026-04-13T09:01:43.334,NC,NTPC,380.15,380.1,,,380.15,12019,,399.15,19,350.0,900,
2026-04-13T09:01:46.642,NC,NTPC,380.15,380.0,,,380.15,12666,,399.15,19,350.0,900,
2026-04-13T09:02:05.858,NC,NTPC,380.15,379.95,,,380.15,13104,,399.15,19,342.15,100,
2026-04-13T09:02:20.977,NC,NTPC,380.15,379.0,,,380.15,13224,,399.15,18,342.15,100,
2026-04-13T09:02:29.685,NC,NTPC,380.15,378.65,,,380.15,13283,,399.15,18,342.15,100,
2026-04-13T09:03:17.253,NC,NTPC,380.15,379.0,,,380.15,14864,,414.0,1352,342.15,100,
2026-04-13T09:03:34.472,NC,NTPC,380.15,380.0,,,380.15,17588,,414.0,1687,342.15,100,
2026-04-13T09:04:25.935,NC,NTPC,380.15,379.9,,,380.15,20768,,414.0,3039,342.15,100,
2026-04-13T09:04:31.337,NC,NTPC,380.15,380.0,,,380.15,20776,,414.0,3039,342.15,100,
2026-04-13T09:04:44.258,NC,NTPC,380.15,379.0,,,380.15,20838,,414.0,3039,342.15,100,
2026-04-13T09:06:01.438,NC,NTPC,380.15,378.0,,,380.15,20750,,414.0,2704,342.15,1246,
2026-04-13T09:06:29.177,NC,NTPC,380.15,379.0,,,380.15,21331,,414.0,2704,342.15,1246,
2026-04-13T09:06:30.277,NC,NTPC,380.15,378.0,,,380.15,22829,,414.0,2704,342.15,1246,
2026-04-13T09:06:35.679,NC,NTPC,380.15,378.65,,,380.15,23743,,414.0,2704,342.15,1246,
2026-04-13T09:06:37.678,NC,NTPC,380.15,378.0,,,380.15,23897,,414.0,2704,342.15,1246,
2026-04-13T09:06:54.799,NC,NTPC,380.15,379.0,,,380.15,28187,,414.0,2704,342.15,1246,
2026-04-13T09:07:01.411,NC,NTPC,380.15,377.5,,,380.15,29972,,414.0,2704,342.15,1246,
2026-04-13T09:07:02.506,NC,NTPC,380.15,377.0,,,380.15,30811,,414.0,2704,342.15,1246,
2026-04-13T09:07:03.624,NC,NTPC,380.15,376.2,,,380.15,30886,,414.0,2704,342.15,1246,
2026-04-13T09:07:04.605,NC,NTPC,380.15,376.15,,,380.15,31712,,414.0,2704,342.15,300,
2026-04-13T09:07:09.011,NC,NTPC,380.15,376.05,,,380.15,31716,,414.0,2704,342.15,1246,
2026-04-13T09:07:10.111,NC,NTPC,380.15,375.25,,,380.15,32138,,414.0,2704,342.15,1246,
2026-04-13T09:07:11.213,NC,NTPC,380.15,375.2,,,380.15,33712,,414.0,2704,342.15,300,
2026-04-13T09:07:18.316,NC,NTPC,380.15,375.05,,,380.15,33713,,414.0,2704,342.15,300,
2026-04-13T09:07:19.416,NC,NTPC,380.15,374.9,,,380.15,37914,,414.0,2704,342.15,300,
2026-04-13T09:07:22.421,NC,NTPC,380.15,374.8,,,380.15,38330,,414.0,2704,342.15,300,
2026-04-13T09:07:24.426,NC,NTPC,380.15,374.3,,,380.15,38334,,414.0,2704,342.15,300,
2026-04-13T09:07:28.326,NC,NTPC,380.15,374.35,,,380.15,,,414.0,2704,342.15,300,
2026-04-13T09:07:29.428,NC,NTPC,374.35,374.35,374.35,374.35,380.15,40975,374.35,374.35,12358,374.5,300,
2026-04-13T09:15:00.320,NC,NTPC,375.0,374.35,376.9,374.35,380.15,47581,374.49,375.0,2494,376.0,1,
2026-04-13T09:15:01.220,NC,NTPC,377.45,374.35,377.45,374.35,380.15,59681,375.01,376.75,310,377.45,446,
2026-04-13T09:15:02.233,NC,NTPC,377.15,374.35,377.85,374.35,380.15,71471,375.38,377.15,77,377.8,193,
2026-04-13T09:15:03.229,NC,NTPC,376.8,374.35,377.85,374.35,380.15,77127,375.51,376.8,676,377.75,136,
2026-04-13T09:15:04.224,NC,NTPC,376.75,374.35,377.85,374.35,380.15,84212,375.62,377.0,279,377.7,1052,
2026-04-13T09:15:05.223,NC,NTPC,377.25,374.35,377.85,374.35,380.15,87753,375.68,377.25,132,377.6,43,
2026-04-13T09:15:06.214,NC,NTPC,376.95,374.35,377.85,374.35,380.15,92240,375.74,376.95,108,377.5,315,
2026-04-13T09:15:07.216,NC,NTPC,377.0,374.35,377.85,374.35,380.15,100351,375.83,376.6,134,376.8,652,
2026-04-13T09:15:08.216,NC,NTPC,376.8,374.35,377.85,374.35,380.15,102184,375.84,376.4,841,376.8,516,
2026-04-13T09:15:09.218,NC,NTPC,376.6,374.35,377.85,374.35,380.15,103780,375.85,376.6,8,376.7,263,
2026-04-13T09:15:10.221,NC,NTPC,376.7,374.35,377.85,374.35,380.15,104604,375.86,376.4,789,376.7,106,
2026-04-13T09:15:11.229,NC,NTPC,378.0,374.35,378.0,374.35,380.15,130134,376.14,377.6,135,378.0,228,
2026-04-13T09:15:12.219,NC,NTPC,378.25,374.35,378.25,374.35,380.15,132045,376.16,378.15,102,378.25,419,
2026-04-13T09:15:13.236,NC,NTPC,378.2,374.35,378.25,374.35,380.15,138692,376.24,377.85,67,378.2,1492,
2026-04-13T09:15:14.220,NC,NTPC,377.85,374.35,378.25,374.35,380.15,141977,376.28,377.7,263,378.15,1083,
2026-04-13T09:15:15.155,NC,NTPC,377.7,374.35,378.25,374.35,380.15,146135,376.32,377.75,67,377.95,41,
2026-04-13T09:15:16.123,NC,NTPC,378.0,374.35,378.25,374.35,380.15,154498,376.4,377.55,777,378.0,526,
2026-04-13T09:15:17.124,NC,NTPC,378.0,374.35,378.25,374.35,380.15,156703,376.42,377.8,684,378.0,46,
2026-04-13T09:15:18.132,NC,NTPC,378.0,374.35,378.25,374.35,380.15,161757,376.46,377.65,581,378.0,166,
2026-04-13T09:15:19.128,NC,NTPC,377.85,374.35,378.25,374.35,380.15,164413,376.49,377.8,135,378.1,658,
2026-04-13T09:15:20.126,NC,NTPC,378.15,374.35,378.25,374.35,380.15,168715,376.52,377.95,263,378.15,169,
2026-04-13T09:15:21.132,NC,NTPC,378.0,374.35,378.25,374.35,380.15,171235,376.55,378.0,139,378.15,27,
2026-04-13T09:15:22.140,NC,NTPC,377.9,374.35,378.25,374.35,380.15,172885,376.56,377.7,67,377.9,211,
2026-04-13T09:15:23.129,NC,NTPC,378.05,374.35,378.25,374.35,380.15,175613,376.58,377.8,320,378.05,1496,
2026-04-13T09:15:24.143,NC,NTPC,377.9,374.35,378.25,374.35,380.15,176831,376.59,377.75,68,377.9,142,
2026-04-13T09:15:25.144,NC,NTPC,378.25,374.35,378.25,374.35,380.15,184759,376.65,378.1,304,378.25,84,
2026-04-13T09:15:26.134,NC,NTPC,378.0,374.35,378.4,374.35,380.15,188987,376.69,378.0,234,378.1,351,
2026-04-13T09:15:27.145,NC,NTPC,377.9,374.35,378.4,374.35,380.15,192663,376.71,377.8,68,377.9,248,
2026-04-13T09:15:28.135,NC,NTPC,378.15,374.35,378.4,374.35,380.15,195998,376.73,377.95,1535,378.15,635,
2026-04-13T09:15:29.139,NC,NTPC,378.45,374.35,378.75,374.35,380.15,201441,376.77,378.3,67,378.45,52,
2026-04-13T09:15:30.145,NC,NTPC,378.8,374.35,378.8,374.35,380.15,202687,376.78,378.65,202,378.8,32,
2026-04-13T09:15:31.135,NC,NTPC,378.65,374.35,378.8,374.35,380.15,204303,376.8,378.65,451,378.8,62,
2026-04-13T09:15:32.039,NC,NTPC,379.0,374.35,379.0,374.35,380.15,206990,376.83,378.8,67,379.0,1700,
2026-04-13T09:15:33.144,NC,NTPC,378.85,374.35,379.0,374.35,380.15,209852,376.85,378.8,67,378.9,1367,
2026-04-13T09:15:34.146,NC,NTPC,378.75,374.35,379.0,374.35,380.15,212091,376.87,378.7,67,378.9,1109,
2026-04-13T09:15:35.144,NC,NTPC,378.9,374.35,379.0,374.35,380.15,213746,376.89,378.7,516,378.9,186,
2026-04-13T09:15:36.144,NC,NTPC,378.9,374.35,379.0,374.35,380.15,216170,376.91,378.6,595,378.85,87,
2026-04-13T09:15:37.517,NC,NTPC,378.85,374.35,379.0,374.35,380.15,218176,376.93,378.8,32,378.9,271,
2026-04-13T09:15:38.509,NC,NTPC,378.85,374.35,379.0,374.35,380.15,220228,376.95,378.7,529,378.85,301,
2026-04-13T09:15:39.609,NC,NTPC,378.7,374.35,379.0,374.35,380.15,223026,376.97,378.7,117,378.85,21,
2026-04-13T09:15:40.724,NC,NTPC,379.0,374.35,379.0,374.35,380.15,226026,376.99,378.7,243,378.95,160,
2026-04-13T09:15:41.846,NC,NTPC,378.85,374.35,379.0,374.35,380.15,228512,377.01,378.65,183,378.85,99,
2026-04-13T09:15:42.929,NC,NTPC,378.3,374.35,379.0,374.35,380.15,233524,377.04,378.05,460,378.3,226,
2026-04-13T09:15:44.031,NC,NTPC,378.55,374.35,379.0,374.35,380.15,238270,377.07,378.35,67,378.55,330,
2026-04-13T09:15:45.140,NC,NTPC,378.35,374.35,379.0,374.35,380.15,241074,377.09,378.3,3,378.45,329,
2026-04-13T09:15:46.265,NC,NTPC,379.15,374.35,379.4,374.35,380.15,267846,377.28,379.1,67,379.3,108,
2026-04-13T09:15:47.353,NC,NTPC,378.5,374.35,379.4,374.35,380.15,286854,377.38,378.65,67,378.85,308,
2026-04-13T09:15:48.245,NC,NTPC,378.7,374.35,379.4,374.35,380.15,291314,377.39,378.7,198,378.8,374,
2026-04-13T09:15:49.460,NC,NTPC,378.65,374.35,379.4,374.35,380.15,300808,377.43,378.55,67,378.7,130,
2026-04-13T09:15:50.554,NC,NTPC,378.7,374.35,379.4,374.35,380.15,303755,377.44,378.7,68,378.8,5,
2026-04-13T09:15:51.773,NC,NTPC,378.8,374.35,379.4,374.35,380.15,306627,377.45,378.75,336,378.8,24,
2026-04-13T09:15:52.879,NC,NTPC,378.95,374.35,379.4,374.35,380.15,309152,377.46,378.9,234,379.05,486,
2026-04-13T09:15:53.985,NC,NTPC,379.05,374.35,379.4,374.35,380.15,310284,377.47,379.0,67,379.05,72,
2026-04-13T09:15:55.078,NC,NTPC,379.05,374.35,379.4,374.35,380.15,312437,377.48,379.1,134,379.15,283,
2026-04-13T09:15:56.181,NC,NTPC,378.75,374.35,379.4,374.35,380.15,315273,377.49,378.65,209,378.8,360,
2026-04-13T09:15:57.279,NC,NTPC,378.65,374.35,379.4,374.35,380.15,318630,377.51,378.7,309,378.85,312,
2026-04-13T09:15:58.179,NC,NTPC,378.95,374.35,379.4,374.35,380.15,320330,377.51,378.75,390,378.8,312,
2026-04-13T09:15:59.282,NC,NTPC,378.95,374.35,379.4,374.35,380.15,322978,377.52,378.8,67,378.9,173,
2026-04-13T09:16:00.390,NC,NTPC,378.75,374.35,379.4,374.35,380.15,325826,377.54,378.7,98,378.8,80,
2026-04-13T09:16:01.513,NC,NTPC,378.7,374.35,379.4,374.35,380.15,335021,377.57,378.5,241,378.7,448,
2026-04-13T09:16:02.595,NC,NTPC,378.55,374.35,379.4,374.35,380.15,339711,377.58,378.5,262,378.65,1414,
2026-04-13T09:16:03.691,NC,NTPC,378.7,374.35,379.4,374.35,380.15,350215,377.61,378.55,1500,378.65,111,
2026-04-13T09:16:04.793,NC,NTPC,378.45,374.35,379.4,374.35,380.15,354547,377.62,378.15,1953,378.45,3540,
2026-04-13T09:16:05.899,NC,NTPC,377.7,374.35,379.4,374.35,380.15,357594,377.62,377.65,67,377.7,121,
2026-04-13T09:16:07.044,NC,NTPC,376.95,374.35,379.4,374.35,380.15,360598,377.62,376.75,104,377.0,715,
2026-04-13T09:16:07.895,NC,NTPC,376.8,374.35,379.4,374.35,380.15,362110,377.62,376.6,401,376.85,1134,
2026-04-13T09:16:09.038,NC,NTPC,376.7,374.35,379.4,374.35,380.15,364171,377.61,376.5,377,376.7,3133,
2026-04-13T09:16:10.112,NC,NTPC,376.5,374.35,379.4,374.35,380.15,364729,377.61,376.25,230,376.4,349,
2026-04-13T09:16:11.200,NC,NTPC,376.3,374.35,379.4,374.35,380.15,365355,377.61,376.2,167,376.4,96,
2026-04-13T09:16:12.303,NC,NTPC,376.3,374.35,379.4,374.35,380.15,366091,377.6,376.3,67,376.4,81,
2026-04-13T09:16:13.410,NC,NTPC,376.75,374.35,379.4,374.35,380.15,372867,377.58,376.7,125,376.8,199,
2026-04-13T09:16:14.502,NC,NTPC,376.8,374.35,379.4,374.35,380.15,373489,377.58,376.75,129,376.85,3245,
2026-04-13T09:16:15.603,NC,NTPC,376.6,374.35,379.4,374.35,380.15,376482,377.58,376.6,526,376.75,83,
2026-04-13T09:16:16.704,NC,NTPC,376.45,374.35,379.4,374.35,380.15,377242,377.57,376.15,444,376.45,897,
2026-04-13T09:16:17.762,NC,NTPC,376.4,374.35,379.4,374.35,380.15,377446,377.57,376.3,665,376.4,3146,
2026-04-13T09:16:18.813,NC,NTPC,376.0,374.35,379.4,374.35,380.15,378620,377.57,376.1,134,376.2,88,
2026-04-13T09:16:19.952,NC,NTPC,376.25,374.35,379.4,374.35,380.15,379023,377.57,376.05,67,376.25,88,
2026-04-13T09:16:21.004,NC,NTPC,376.35,374.35,379.4,374.35,380.15,380521,377.56,376.25,67,376.35,3072,
2026-04-13T09:16:22.120,NC,NTPC,376.35,374.35,379.4,374.35,380.15,381000,377.56,376.2,394,376.35,3673,
2026-04-13T09:16:23.217,NC,NTPC,376.05,374.35,379.4,374.35,380.15,381758,377.56,376.05,1269,376.3,1652,
2026-04-13T09:16:24.310,NC,NTPC,376.05,374.35,379.4,374.35,380.15,385609,377.55,376.05,38,376.2,3492,
2026-04-13T09:16:25.413,NC,NTPC,375.7,374.35,379.4,374.35,380.15,386502,377.54,375.7,873,375.95,364,
2026-04-13T09:16:26.314,NC,NTPC,375.7,374.35,379.4,374.35,380.15,387752,377.54,375.55,913,375.75,94,
2026-04-13T09:16:27.426,NC,NTPC,375.55,374.35,379.4,374.35,380.15,389843,377.53,375.55,727,375.7,373,
2026-04-13T09:16:28.515,NC,NTPC,375.75,374.35,379.4,374.35,380.15,391141,377.52,375.65,337,375.75,94,
2026-04-13T09:16:29.620,NC,NTPC,375.4,374.35,379.4,374.35,380.15,395503,377.5,375.15,127,375.35,265,
2026-04-13T09:16:30.714,NC,NTPC,375.1,374.35,379.4,374.35,380.15,397040,377.49,375.15,67,375.3,148,
2026-04-13T09:16:31.819,NC,NTPC,375.1,374.35,379.4,374.35,380.15,400920,377.47,375.15,237,375.3,1008,
2026-04-13T09:16:32.923,NC,NTPC,375.1,374.35,379.4,374.35,380.15,403462,377.45,375.05,268,375.25,95,
2026-04-13T09:16:34.019,NC,NTPC,375.25,374.35,379.4,374.35,380.15,403607,377.45,375.1,202,375.25,132,
2026-04-13T09:16:35.121,NC,NTPC,375.0,374.35,379.4,374.35,380.15,404500,377.45,375.1,660,375.2,94,
2026-04-13T09:16:36.222,NC,NTPC,375.2,374.35,379.4,374.35,380.15,404567,377.45,375.05,367,375.2,28,
2026-04-13T09:16:37.137,NC,NTPC,375.05,374.35,379.4,374.35,380.15,404619,377.45,375.05,335,375.2,28,
2026-04-13T09:16:38.234,NC,NTPC,375.15,374.35,379.4,374.35,380.15,404858,377.44,375.05,67,375.15,87,
2026-04-13T09:16:39.320,NC,NTPC,375.0,374.35,379.4,374.35,380.15,405347,377.44,374.8,47,375.0,370,
2026-04-13T09:16:40.422,NC,NTPC,374.95,374.35,379.4,374.35,380.15,408168,377.42,374.9,540,374.95,305,
2026-04-13T09:16:41.519,NC,NTPC,374.65,374.35,379.4,374.35,380.15,409237,377.42,374.55,309,374.7,1413,
2026-04-13T09:16:42.621,NC,NTPC,374.7,374.35,379.4,374.35,380.15,413716,377.39,374.65,1,374.7,283,
2026-04-13T09:16:43.723,NC,NTPC,375.0,374.35,379.4,374.35,380.15,417290,377.37,375.0,245,375.05,417,
2026-04-13T09:16:44.826,NC,NTPC,375.0,374.35,379.4,374.35,380.15,417602,377.36,374.9,67,374.95,226,
2026-04-13T09:16:45.923,NC,NTPC,375.0,374.35,379.4,374.35,380.15,420582,377.35,374.95,3,375.0,141,
2026-04-13T09:16:47.027,NC,NTPC,375.05,374.35,379.4,374.35,380.15,421634,377.34,375.0,202,375.05,74,
2026-04-13T09:16:48.134,NC,NTPC,375.2,374.35,379.4,374.35,380.15,423435,377.33,375.25,68,375.4,587,
2026-04-13T09:16:49.237,NC,NTPC,375.25,374.35,379.4,374.35,380.15,423485,377.33,375.2,85,375.35,92,
2026-04-13T09:16:50.346,NC,NTPC,375.2,374.35,379.4,374.35,380.15,423876,377.33,375.25,134,375.35,81,
2026-04-13T09:16:51.438,NC,NTPC,375.3,374.35,379.4,374.35,380.15,423977,377.33,375.3,37,375.35,213,
2026-04-13T09:16:52.538,NC,NTPC,375.3,374.35,379.4,374.35,380.15,424233,377.33,375.3,1,375.35,19,
2026-04-13T09:16:53.439,NC,NTPC,375.3,374.35,379.4,374.35,380.15,424673,377.33,375.3,112,375.35,19,
2026-04-13T09:16:54.540,NC,NTPC,375.75,374.35,379.4,374.35,380.15,425277,377.32,375.75,119,375.9,94,
2026-04-13T09:16:55.642,NC,NTPC,375.95,374.35,379.4,374.35,380.15,425512,377.32,375.85,426,376.05,326,
2026-04-13T09:16:56.745,NC,NTPC,376.0,374.35,379.4,374.35,380.15,425537,377.32,375.85,400,376.0,10,
2026-04-13T09:16:57.842,NC,NTPC,375.75,374.35,379.4,374.35,380.15,426540,377.32,375.75,57,375.9,222,
2026-04-13T09:16:58.950,NC,NTPC,375.85,374.35,379.4,374.35,380.15,427775,377.31,375.85,57,375.9,43,
2026-04-13T09:17:00.049,NC,NTPC,375.8,374.35,379.4,374.35,380.15,428467,377.31,375.8,3,375.9,355,
2026-04-13T09:17:01.168,NC,NTPC,375.45,374.35,379.4,374.35,380.15,431690,377.3,375.3,71,375.55,1012,
2026-04-13T09:17:02.055,NC,NTPC,375.1,374.35,379.4,374.35,380.15,431792,377.3,375.1,202,375.35,1091,
2026-04-13T09:17:03.186,NC,NTPC,375.2,374.35,379.4,374.35,380.15,432606,377.29,375.0,312,375.2,1153,
2026-04-13T09:17:04.249,NC,NTPC,375.2,374.35,379.4,374.35,380.15,432651,377.29,375.15,134,375.2,204,
2026-04-13T09:17:06.450,NC,NTPC,375.5,374.35,379.4,374.35,380.15,436245,377.28,375.45,275,375.55,173,
2026-04-13T09:17:07.550,NC,NTPC,375.5,374.35,379.4,374.35,380.15,437786,377.27,375.3,265,375.5,366,
2026-04-13T09:17:08.657,NC,NTPC,375.35,374.35,379.4,374.35,380.15,437789,377.27,375.3,395,375.5,272,
2026-04-13T09:17:09.755,NC,NTPC,375.25,374.35,379.4,374.35,380.15,438180,377.27,375.25,299,375.45,258,
2026-04-13T09:17:10.871,NC,NTPC,375.35,374.35,379.4,374.35,380.15,442815,377.25,375.3,427,375.5,1168,
2026-04-13T09:17:11.959,NC,NTPC,375.45,374.35,379.4,374.35,380.15,443067,377.25,375.45,330,375.65,397,
2026-04-13T09:17:13.063,NC,NTPC,375.45,374.35,379.4,374.35,380.15,443639,377.25,375.45,358,375.65,574,
2026-04-13T09:17:15.271,NC,NTPC,375.5,374.35,379.4,374.35,380.15,444157,377.25,375.55,451,375.65,35,
2026-04-13T09:17:16.374,NC,NTPC,375.8,374.35,379.4,374.35,380.15,444880,377.24,375.6,368,375.75,13,
2026-04-13T09:17:17.476,NC,NTPC,375.75,374.35,379.4,374.35,380.15,444957,377.24,375.75,29,375.9,444,
2026-04-13T09:17:18.578,NC,NTPC,375.9,374.35,379.4,374.35,380.15,445107,377.24,375.7,930,375.9,73,
2026-04-13T09:17:19.680,NC,NTPC,375.75,374.35,379.4,374.35,380.15,445119,377.24,375.75,441,375.9,73,
2026-04-13T09:17:20.686,NC,NTPC,375.75,374.35,379.4,374.35,380.15,445127,377.24,375.75,428,375.9,336,
2026-04-13T09:17:21.879,NC,NTPC,375.9,374.35,379.4,374.35,380.15,445594,377.24,375.75,331,375.9,50,
2026-04-13T09:17:22.986,NC,NTPC,375.9,374.35,379.4,374.35,380.15,447327,377.24,375.75,190,375.9,72,
2026-04-13T09:17:24.086,NC,NTPC,375.75,374.35,379.4,374.35,380.15,447577,377.24,375.75,210,375.9,72,
2026-04-13T09:17:25.186,NC,NTPC,375.9,374.35,379.4,374.35,380.15,448515,377.23,375.8,185,375.95,9,
2026-04-13T09:17:26.327,NC,NTPC,375.75,374.35,379.4,374.35,380.15,448845,377.23,375.65,170,375.9,746,
2026-04-13T09:17:27.395,NC,NTPC,375.65,374.35,379.4,374.35,380.15,449346,377.23,375.55,3,375.65,220,
2026-04-13T09:17:28.490,NC,NTPC,375.5,374.35,379.4,374.35,380.15,451348,377.22,375.5,231,375.7,808,
2026-04-13T09:17:29.620,NC,NTPC,375.5,374.35,379.4,374.35,380.15,451456,377.22,375.5,97,375.7,1135,
2026-04-13T09:17:30.699,NC,NTPC,375.5,374.35,379.4,374.35,380.15,451555,377.22,375.45,31,375.6,617,
2026-04-13T09:17:31.790,NC,NTPC,375.35,374.35,379.4,374.35,380.15,472139,377.15,375.35,172,375.5,1238,
2026-04-13T09:17:32.898,NC,NTPC,375.15,374.35,379.4,374.35,380.15,476256,377.14,375.25,275,375.45,395,
2026-04-13T09:17:33.994,NC,NTPC,375.25,374.35,379.4,374.35,380.15,476357,377.14,375.25,404,375.45,1104,
2026-04-13T09:17:35.098,NC,NTPC,375.25,374.35,379.4,374.35,380.15,476567,377.14,375.25,251,375.45,1799,
2026-04-13T09:17:36.204,NC,NTPC,375.35,374.35,379.4,374.35,380.15,477541,377.13,375.1,2340,375.35,117,
2026-04-13T09:17:44.289,NC,NTPC,375.45,374.35,379.4,374.35,380.15,483696,377.11,375.35,40,375.5,618,
2026-04-13T09:17:53.414,NC,NTPC,376.0,374.35,379.4,374.35,380.15,492371,377.09,375.85,972,376.0,28,
2026-04-13T09:18:02.662,NC,NTPC,376.0,374.35,379.4,374.35,380.15,495917,377.08,375.85,134,376.0,943,
2026-04-13T09:18:12.136,NC,NTPC,375.75,374.35,379.4,374.35,380.15,499207,377.07,375.8,390,375.9,674,
2026-04-13T09:18:21.147,NC,NTPC,375.75,374.35,379.4,374.35,380.15,501340,377.06,375.75,162,375.85,310,
2026-04-13T09:18:29.966,NC,NTPC,375.5,374.35,379.4,374.35,380.15,505480,377.05,375.45,840,375.6,153,
2026-04-13T09:18:38.976,NC,NTPC,375.75,374.35,379.4,374.35,380.15,512629,377.03,375.75,647,375.8,189,
2026-04-13T09:18:47.988,NC,NTPC,376.1,374.35,379.4,374.35,380.15,529439,377.01,376.2,285,376.35,39,
2026-04-13T09:18:56.907,NC,NTPC,376.1,374.35,379.4,374.35,380.15,533406,377.01,376.1,483,376.2,1,
2026-04-13T09:19:05.868,NC,NTPC,376.2,374.35,379.4,374.35,380.15,537604,377.0,375.95,295,376.15,328,
2026-04-13T09:19:14.551,NC,NTPC,375.8,374.35,379.4,374.35,380.15,541025,376.99,375.8,654,375.85,877,
2026-04-13T09:19:23.255,NC,NTPC,375.55,374.35,379.4,374.35,380.15,544274,376.98,375.35,1076,375.55,33,
2026-04-13T09:19:31.866,NC,NTPC,375.55,374.35,379.4,374.35,380.15,553149,376.96,375.5,34,375.7,1471,
2026-04-13T09:19:40.884,NC,NTPC,375.55,374.35,379.4,374.35,380.15,561000,376.94,375.35,540,375.55,413,
2026-04-13T09:19:50.000,NC,NTPC,375.65,374.35,379.4,374.35,380.15,569373,376.91,375.4,1050,375.65,1438,
2026-04-13T09:19:58.607,NC,NTPC,375.65,374.35,379.4,374.35,380.15,575221,376.9,375.45,440,375.65,970,
2026-04-13T09:20:07.251,NC,NTPC,375.65,374.35,379.4,374.35,380.15,577802,376.89,375.6,788,375.65,214,
2026-04-13T09:20:16.236,NC,NTPC,375.65,374.35,379.4,374.35,380.15,587993,376.87,375.65,377,375.7,144,
2026-04-13T09:20:25.457,NC,NTPC,376.0,374.35,379.4,374.35,380.15,595332,376.86,375.8,564,376.0,814,
2026-04-13T09:20:34.264,NC,NTPC,375.75,374.35,379.4,374.35,380.15,599600,376.85,375.6,1062,375.75,770,
2026-04-13T09:20:43.091,NC,NTPC,376.55,374.35,379.4,374.35,380.15,656561,376.79,376.45,1269,376.6,857,
2026-04-13T09:20:51.776,NC,NTPC,376.0,374.35,379.4,374.35,380.15,666456,376.78,375.95,562,376.05,135,
2026-04-13T09:21:00.295,NC,NTPC,376.15,374.35,379.4,374.35,380.15,669994,376.78,376.15,1055,376.35,305,
2026-04-13T09:21:08.807,NC,NTPC,376.3,374.35,379.4,374.35,380.15,676273,376.77,376.15,409,376.3,263,
2026-04-13T09:21:17.255,NC,NTPC,376.35,374.35,379.4,374.35,380.15,680796,376.77,376.35,1231,376.55,200,
2026-04-13T09:21:26.069,NC,NTPC,376.65,374.35,379.4,374.35,380.15,687341,376.76,376.5,802,376.65,193,
2026-04-13T09:21:34.693,NC,NTPC,376.3,374.35,379.4,374.35,380.15,692855,376.76,376.3,145,376.35,2,
2026-04-13T09:21:43.295,NC,NTPC,376.5,374.35,379.4,374.35,380.15,694725,376.76,376.4,530,376.6,1402,
2026-04-13T09:21:52.004,NC,NTPC,376.5,374.35,379.4,374.35,380.15,697994,376.76,376.4,579,376.55,67,
2026-04-13T09:22:00.724,NC,NTPC,376.45,374.35,379.4,374.35,380.15,705025,376.75,376.4,146,376.45,326,
2026-04-13T09:22:09.141,NC,NTPC,376.2,374.35,379.4,374.35,380.15,709051,376.75,376.05,960,376.2,246,
2026-04-13T09:22:17.468,NC,NTPC,376.1,374.35,379.4,374.35,380.15,713877,376.75,376.1,67,376.15,332,
2026-04-13T09:22:25.871,NC,NTPC,376.15,374.35,379.4,374.35,380.15,720317,376.74,376.15,305,376.3,1329,
2026-04-13T09:22:34.179,NC,NTPC,376.2,374.35,379.4,374.35,380.15,724256,376.74,376.15,1613,376.3,1067,
2026-04-13T09:22:42.383,NC,NTPC,376.25,374.35,379.4,374.35,380.15,728220,376.73,376.15,374,376.25,274,
2026-04-13T09:22:50.817,NC,NTPC,376.6,374.35,379.4,374.35,380.15,749863,376.73,376.6,771,376.65,248,
2026-04-13T09:22:59.618,NC,NTPC,376.6,374.35,379.4,374.35,380.15,758223,376.73,376.45,874,376.6,66,
2026-04-13T09:23:08.150,NC,NTPC,376.15,374.35,379.4,374.35,380.15,761455,376.73,376.15,1239,376.25,46,
2026-04-13T09:23:16.344,NC,NTPC,376.3,374.35,379.4,374.35,380.15,763792,376.73,376.2,755,376.35,67,
2026-04-13T09:23:24.454,NC,NTPC,376.65,374.35,379.4,374.35,380.15,771575,376.73,376.55,926,376.65,67,
2026-04-13T09:23:33.060,NC,NTPC,376.7,374.35,379.4,374.35,380.15,775344,376.73,376.7,1172,376.8,396,
2026-04-13T09:23:41.683,NC,NTPC,377.0,374.35,379.4,374.35,380.15,782782,376.73,376.8,456,376.9,134,
2026-04-13T09:23:49.896,NC,NTPC,377.1,374.35,379.4,374.35,380.15,786104,376.73,376.95,111,377.1,278,
2026-04-13T09:23:58.191,NC,NTPC,376.8,374.35,379.4,374.35,380.15,788606,376.73,376.7,1555,376.75,67,
2026-04-13T09:24:06.206,NC,NTPC,376.85,374.35,379.4,374.35,380.15,791863,376.73,376.7,1005,376.8,68,
2026-04-13T09:24:14.230,NC,NTPC,376.8,374.35,379.4,374.35,380.15,794112,376.73,376.75,1056,376.8,8,
2026-04-13T09:24:22.340,NC,NTPC,376.75,374.35,379.4,374.35,380.15,795288,376.73,376.75,394,376.8,1,
2026-04-13T09:24:30.451,NC,NTPC,376.9,374.35,379.4,374.35,380.15,798010,376.73,376.9,1358,376.95,67,
2026-04-13T09:24:38.564,NC,NTPC,376.95,374.35,379.4,374.35,380.15,811126,376.73,376.9,300,376.95,384,
2026-04-13T09:24:46.671,NC,NTPC,376.9,374.35,379.4,374.35,380.15,814175,376.73,376.8,752,376.9,40,
2026-04-13T09:24:54.694,NC,NTPC,377.1,374.35,379.4,374.35,380.15,820740,376.74,377.1,266,377.15,108,
2026-04-13T09:25:02.610,NC,NTPC,377.0,374.35,379.4,374.35,380.15,823455,376.74,376.9,605,377.05,259,
2026-04-13T09:25:10.554,NC,NTPC,377.1,374.35,379.4,374.35,380.15,825782,376.74,377.05,679,377.15,22,
2026-04-13T09:25:18.457,NC,NTPC,377.55,374.35,379.4,374.35,380.15,831387,376.74,377.45,105,377.55,150,
2026-04-13T09:25:26.747,NC,NTPC,377.7,374.35,379.4,374.35,380.15,834663,376.75,377.5,51,377.65,34,
2026-04-13T09:25:34.870,NC,NTPC,377.65,374.35,379.4,374.35,380.15,836664,376.75,377.65,32,377.7,155,
2026-04-13T09:25:42.861,NC,NTPC,377.8,374.35,379.4,374.35,380.15,838363,376.75,377.65,101,377.75,67,
2026-04-13T09:25:50.762,NC,NTPC,377.35,374.35,379.4,374.35,380.15,866655,376.78,377.35,456,377.5,703,
2026-04-13T09:25:58.716,NC,NTPC,377.45,374.35,379.4,374.35,380.15,873939,376.78,377.35,473,377.45,191,
2026-04-13T09:26:06.707,NC,NTPC,377.4,374.35,379.4,374.35,380.15,874531,376.78,377.35,497,377.4,72,
2026-04-13T09:26:14.514,NC,NTPC,377.7,374.35,379.4,374.35,380.15,879743,376.78,377.6,200,377.7,94,
2026-04-13T09:26:22.218,NC,NTPC,377.5,374.35,379.4,374.35,380.15,881300,376.79,377.5,373,377.6,42,
2026-04-13T09:26:29.936,NC,NTPC,377.6,374.35,379.4,374.35,380.15,881534,376.79,377.5,1211,377.6,12,
2026-04-13T09:26:37.733,NC,NTPC,377.7,374.35,379.4,374.35,380.15,893004,376.8,377.7,202,377.85,115,
2026-04-13T09:26:45.562,NC,NTPC,377.6,374.35,379.4,374.35,380.15,900593,376.81,377.5,229,377.55,132,
2026-04-13T09:26:53.390,NC,NTPC,377.45,374.35,379.4,374.35,380.15,903195,376.81,377.45,4311,377.5,92,
2026-04-13T09:27:01.350,NC,NTPC,377.5,374.35,379.4,374.35,380.15,904529,376.81,377.5,552,377.55,95,
2026-04-13T09:27:09.312,NC,NTPC,377.7,374.35,379.4,374.35,380.15,912858,376.82,377.7,496,377.85,134,
2026-04-13T09:27:17.210,NC,NTPC,377.8,374.35,379.4,374.35,380.15,914779,376.82,377.75,455,377.8,67,
2026-04-13T09:27:25.227,NC,NTPC,377.8,374.35,379.4,374.35,380.15,916774,376.82,377.8,98,377.85,94,
2026-04-13T09:27:33.023,NC,NTPC,377.9,374.35,379.4,374.35,380.15,918584,376.83,377.9,71,378.0,1076,
2026-04-13T09:27:40.982,NC,NTPC,377.65,374.35,379.4,374.35,380.15,920439,376.83,377.6,1100,377.7,134,
2026-04-13T09:27:48.938,NC,NTPC,377.6,374.35,379.4,374.35,380.15,926096,376.83,377.6,542,377.7,53,
2026-04-13T09:27:56.748,NC,NTPC,377.55,374.35,379.4,374.35,380.15,929883,376.83,377.55,160,377.6,1611,
2026-04-13T09:28:04.462,NC,NTPC,377.45,374.35,379.4,374.35,380.15,941636,376.84,377.45,1894,377.5,43,
2026-04-13T09:28:12.382,NC,NTPC,377.5,374.35,379.4,374.35,380.15,953535,376.85,377.3,186,377.45,341,
2026-04-13T09:28:20.383,NC,NTPC,377.85,374.35,379.4,374.35,380.15,967914,376.86,377.85,189,377.95,68,
2026-04-13T09:28:28.083,NC,NTPC,378.65,374.35,379.4,374.35,380.15,989970,376.89,378.45,1553,378.6,427,
2026-04-13T09:28:35.795,NC,NTPC,378.5,374.35,379.4,374.35,380.15,998074,376.9,378.4,509,378.5,41,
2026-04-13T09:28:43.397,NC,NTPC,378.1,374.35,379.4,374.35,380.15,999094,376.9,378.1,1365,378.15,133,
2026-04-13T09:28:50.910,NC,NTPC,377.9,374.35,379.4,374.35,380.15,1002922,376.9,377.85,120,378.0,44,
2026-04-13T09:28:58.551,NC,NTPC,377.95,374.35,379.4,374.35,380.15,1027634,376.92,377.9,182,377.95,119,
2026-04-13T09:29:06.050,NC,NTPC,377.6,374.35,379.4,374.35,380.15,1035311,376.93,377.6,1299,377.75,67,
2026-04-13T09:29:13.767,NC,NTPC,377.6,374.35,379.4,374.35,380.15,1036628,376.93,377.6,32,377.65,131,
2026-04-13T09:29:21.770,NC,NTPC,377.8,374.35,379.4,374.35,380.15,1038740,376.93,377.75,27,377.8,1229,
2026-04-13T09:29:29.676,NC,NTPC,377.65,374.35,379.4,374.35,380.15,1038957,376.93,377.65,77,377.75,718,
2026-04-13T09:29:37.789,NC,NTPC,377.95,374.35,379.4,374.35,380.15,1045930,376.94,377.9,1214,378.0,8,
2026-04-13T09:29:46.505,NC,NTPC,378.3,374.35,379.4,374.35,380.15,1050171,376.94,378.1,915,378.3,1080,
2026-04-13T09:29:54.217,NC,NTPC,377.95,374.35,379.4,374.35,380.15,1053610,376.95,377.85,1138,378.05,642,
2026-04-13T09:30:01.739,NC,NTPC,378.0,374.35,379.4,374.35,380.15,1055937,376.95,377.95,63,378.0,168,
2026-04-13T09:30:09.644,NC,NTPC,378.05,374.35,379.4,374.35,380.15,1057809,376.95,378.0,101,378.05,67,
2026-04-13T09:30:17.752,NC,NTPC,378.05,374.35,379.4,374.35,380.15,1059460,376.95,378.0,237,378.05,642,
2026-04-13T09:30:25.983,NC,NTPC,377.95,374.35,379.4,374.35,380.15,1084711,376.98,377.8,1124,377.9,68,
2026-04-13T09:30:34.291,NC,NTPC,378.1,374.35,379.4,374.35,380.15,1086857,376.98,378.15,1848,378.3,10,
2026-04-13T09:30:42.399,NC,NTPC,378.15,374.35,379.4,374.35,380.15,1088413,376.98,378.1,300,378.15,1,
2026-04-13T09:30:50.510,NC,NTPC,378.05,374.35,379.4,374.35,380.15,1089669,376.98,378.05,408,378.1,4,
2026-04-13T09:30:58.515,NC,NTPC,378.2,374.35,379.4,374.35,380.15,1091219,376.98,378.1,69,378.2,28,
2026-04-13T09:31:06.623,NC,NTPC,378.15,374.35,379.4,374.35,380.15,1093973,376.99,378.15,293,378.3,473,
2026-04-13T09:31:14.848,NC,NTPC,378.3,374.35,379.4,374.35,380.15,1097970,376.99,378.1,3058,378.3,370,
2026-04-13T09:31:22.922,NC,NTPC,378.25,374.35,379.4,374.35,380.15,1099582,376.99,378.1,1403,378.25,66,
2026-04-13T09:31:30.904,NC,NTPC,378.3,374.35,379.4,374.35,380.15,1101005,376.99,378.2,990,378.25,67,
2026-04-13T09:31:39.141,NC,NTPC,378.3,374.35,379.4,374.35,380.15,1103174,377.0,378.25,1,378.3,2472,
2026-04-13T09:31:47.128,NC,NTPC,378.5,374.35,379.4,374.35,380.15,1109664,377.0,378.35,1415,378.5,207,
2026-04-13T09:31:55.244,NC,NTPC,378.3,374.35,379.4,374.35,380.15,1112134,377.01,378.3,981,378.35,167,
2026-04-13T09:32:03.555,NC,NTPC,378.15,374.35,379.4,374.35,380.15,1115850,377.01,378.15,966,378.2,380,
2026-04-13T09:32:11.484,NC,NTPC,378.3,374.35,379.4,374.35,380.15,1122474,377.02,378.2,129,378.25,2,
2026-04-13T09:32:19.178,NC,NTPC,378.45,374.35,379.4,374.35,380.15,1123904,377.02,378.25,784,378.4,67,
2026-04-13T09:32:26.677,NC,NTPC,378.35,374.35,379.4,374.35,380.15,1125439,377.02,378.25,30,378.4,23,
2026-04-13T09:32:34.492,NC,NTPC,378.35,374.35,379.4,374.35,380.15,1126438,377.02,378.35,716,378.4,62,
2026-04-13T09:32:42.010,NC,NTPC,378.35,374.35,379.4,374.35,380.15,1127618,377.02,378.35,124,378.4,94,
2026-04-13T09:32:49.222,NC,NTPC,378.5,374.35,379.4,374.35,380.15,1129362,377.03,378.35,681,378.5,1107,
2026-04-13T09:32:56.930,NC,NTPC,378.25,374.35,379.4,374.35,380.15,1134202,377.03,378.3,211,378.35,1,
2026-04-13T09:33:04.546,NC,NTPC,378.6,374.35,379.4,374.35,380.15,1140822,377.04,378.45,60,378.55,263,
2026-04-13T09:33:12.256,NC,NTPC,378.5,374.35,379.4,374.35,380.15,1148662,377.05,378.3,554,378.45,261,
2026-04-13T09:33:19.859,NC,NTPC,378.4,374.35,379.4,374.35,380.15,1154886,377.06,378.25,52,378.4,738,
2026-04-13T09:33:27.366,NC,NTPC,378.2,374.35,379.4,374.35,380.15,1157895,377.06,378.2,1170,378.25,67,
2026-04-13T09:33:34.892,NC,NTPC,378.1,374.35,379.4,374.35,380.15,1166349,377.07,378.1,498,378.15,248,
2026-04-13T09:33:42.381,NC,NTPC,378.1,374.35,379.4,374.35,380.15,1168937,377.07,378.05,97,378.15,73,
2026-04-13T09:33:49.861,NC,NTPC,378.35,374.35,379.4,374.35,380.15,1170928,377.08,378.3,627,378.35,8,
2026-04-13T09:33:57.477,NC,NTPC,378.3,374.35,379.4,374.35,380.15,1173955,377.08,378.3,316,378.35,632,
2026-04-13T09:34:05.131,NC,NTPC,378.25,374.35,379.4,374.35,380.15,1175923,377.08,378.2,542,378.25,128,
2026-04-13T09:34:12.838,NC,NTPC,378.8,374.35,379.4,374.35,380.15,1182700,377.09,378.6,1176,378.7,134,
2026-04-13T09:34:20.444,NC,NTPC,378.65,374.35,379.4,374.35,380.15,1183884,377.09,378.5,1403,378.65,202,
2026-04-13T09:34:27.970,NC,NTPC,378.55,374.35,379.4,374.35,380.15,1186277,377.09,378.5,95,378.6,67,
2026-04-13T09:34:35.488,NC,NTPC,378.5,374.35,379.4,374.35,380.15,1191929,377.1,378.45,222,378.5,65,
2026-04-13T09:34:43.090,NC,NTPC,378.5,374.35,379.4,374.35,380.15,1192767,377.1,378.45,108,378.5,9,
2026-04-13T09:34:50.725,NC,NTPC,378.6,374.35,379.4,374.35,380.15,1194495,377.1,378.6,201,378.7,68,
2026-04-13T09:34:58.274,NC,NTPC,378.5,374.35,379.4,374.35,380.15,1194775,377.1,378.5,3487,378.55,195,
2026-04-13T09:35:05.889,NC,NTPC,378.45,374.35,379.4,374.35,380.15,1201980,377.11,378.3,1500,378.45,555,
2026-04-13T09:35:13.407,NC,NTPC,378.35,374.35,379.4,374.35,380.15,1203658,377.11,378.2,73,378.3,253,
2026-04-13T09:35:21.117,NC,NTPC,378.25,374.35,379.4,374.35,380.15,1204018,377.11,378.1,972,378.25,76,
2026-04-13T09:35:28.637,NC,NTPC,378.1,374.35,379.4,374.35,380.15,1205197,377.11,378.1,796,378.25,22,
2026-04-13T09:35:36.258,NC,NTPC,378.2,374.35,379.4,374.35,380.15,1209025,377.12,378.0,541,378.15,465,
2026-04-13T09:35:43.862,NC,NTPC,377.8,374.35,379.4,374.35,380.15,1210535,377.12,377.8,86,377.9,23,
2026-04-13T09:35:51.462,NC,NTPC,377.95,374.35,379.4,374.35,380.15,1215349,377.12,377.85,116,377.95,4,
2026-04-13T09:35:58.858,NC,NTPC,377.85,374.35,379.4,374.35,380.15,1216231,377.12,377.85,118,377.9,594,
2026-04-13T09:36:06.578,NC,NTPC,378.5,374.35,379.4,374.35,380.15,1232682,377.13,378.35,332,378.5,1309,
2026-04-13T09:36:14.307,NC,NTPC,378.3,374.35,379.4,374.35,380.15,1233711,377.14,378.25,923,378.45,3,
2026-04-13T09:36:21.991,NC,NTPC,378.25,374.35,379.4,374.35,380.15,1234660,377.14,378.25,1098,378.45,798,
2026-04-13T09:36:29.409,NC,NTPC,378.65,374.35,379.4,374.35,380.15,1242915,377.15,378.45,383,378.65,745,
2026-04-13T09:36:36.775,NC,NTPC,378.5,374.35,379.4,374.35,380.15,1245527,377.15,378.4,441,378.55,526,
2026-04-13T09:36:44.097,NC,NTPC,378.45,374.35,379.4,374.35,380.15,1245672,377.15,378.3,112,378.45,577,
2026-04-13T09:36:51.509,NC,NTPC,378.35,374.35,379.4,374.35,380.15,1246377,377.15,378.25,866,378.35,108,
2026-04-13T09:36:59.041,NC,NTPC,378.05,374.35,379.4,374.35,380.15,1247457,377.15,378.05,357,378.25,733,
2026-04-13T09:37:06.239,NC,NTPC,378.35,374.35,379.4,374.35,380.15,1249485,377.15,378.25,330,378.35,157,
2026-04-13T09:37:13.548,NC,NTPC,378.45,374.35,379.4,374.35,380.15,1250295,377.15,378.25,1258,378.45,152,
2026-04-13T09:37:21.080,NC,NTPC,378.45,374.35,379.4,374.35,380.15,1250335,377.15,378.35,3,378.45,63,
2026-04-13T09:37:28.781,NC,NTPC,378.55,374.35,379.4,374.35,380.15,1252234,377.15,378.5,80,378.55,11,
2026-04-13T09:37:36.386,NC,NTPC,378.6,374.35,379.4,374.35,380.15,1252734,377.16,378.6,876,378.7,250,
2026-04-13T09:37:43.989,NC,NTPC,378.9,374.35,379.4,374.35,380.15,1253494,377.16,378.7,450,378.85,100,
2026-04-13T09:37:51.401,NC,NTPC,378.8,374.35,379.4,374.35,380.15,1254121,377.16,378.8,577,378.95,1,
2026-04-13T09:37:59.015,NC,NTPC,379.0,374.35,379.4,374.35,380.15,1254307,377.16,378.9,188,379.0,4601,
2026-04-13T09:38:06.040,NC,NTPC,379.0,374.35,379.4,374.35,380.15,1259247,377.16,379.0,128,379.1,100,
2026-04-13T09:38:13.533,NC,NTPC,379.05,374.35,379.4,374.35,380.15,1259769,377.17,379.05,62,379.25,774,
2026-04-13T09:38:20.861,NC,NTPC,379.05,374.35,379.4,374.35,380.15,1260166,377.17,379.05,811,379.25,400,
2026-04-13T09:38:28.160,NC,NTPC,379.2,374.35,379.4,374.35,380.15,1260788,377.17,379.05,751,379.2,8,
2026-04-13T09:38:35.480,NC,NTPC,379.2,374.35,379.4,374.35,380.15,1261430,377.17,379.05,385,379.25,846,
2026-04-13T09:38:42.990,NC,NTPC,379.25,374.35,379.4,374.35,380.15,1262684,377.17,379.25,986,379.4,156,
2026-04-13T09:38:50.385,NC,NTPC,379.25,374.35,379.4,374.35,380.15,1264536,377.17,379.25,561,379.4,121,
2026-04-13T09:38:57.516,NC,NTPC,379.55,374.35,379.65,374.35,380.15,1266234,377.18,379.5,688,379.55,16,
2026-04-13T09:39:04.618,NC,NTPC,379.6,374.35,379.75,374.35,380.15,1267150,377.18,379.55,649,379.75,1017,
2026-04-13T09:39:11.927,NC,NTPC,379.9,374.35,379.9,374.35,380.15,1269038,377.18,379.7,122,379.9,1214,
2026-04-13T09:39:19.324,NC,NTPC,379.9,374.35,379.95,374.35,380.15,1271167,377.19,379.9,3649,379.95,243,
2026-04-13T09:39:26.833,NC,NTPC,379.9,374.35,380.0,374.35,380.15,1274310,377.19,379.95,20,380.0,8114,
2026-04-13T09:39:34.043,NC,NTPC,380.0,374.35,380.1,374.35,380.15,1283177,377.21,380.0,1141,380.1,55,
2026-04-13T09:39:41.255,NC,NTPC,380.1,374.35,380.3,374.35,380.15,1299047,377.25,379.9,187,380.05,420,
2026-04-13T09:39:48.408,NC,NTPC,379.05,374.35,380.3,374.35,380.15,1337401,377.32,379.0,3800,379.2,898,
2026-04-13T09:39:55.798,NC,NTPC,378.9,374.35,380.3,374.35,380.15,1349037,377.33,378.8,1098,378.9,525,
2026-04-13T09:40:03.000,NC,NTPC,378.9,374.35,380.3,374.35,380.15,1350420,377.34,378.8,3287,378.9,131,
2026-04-13T09:40:10.168,NC,NTPC,378.8,374.35,380.3,374.35,380.15,1352410,377.34,378.8,2942,378.9,779,
2026-04-13T09:40:17.091,NC,NTPC,378.95,374.35,380.3,374.35,380.15,1353193,377.34,378.9,3,378.95,130,
2026-04-13T09:40:24.578,NC,NTPC,379.2,374.35,380.3,374.35,380.15,1370825,377.36,379.15,761,379.35,399,
2026-04-13T09:40:32.287,NC,NTPC,378.95,374.35,380.3,374.35,380.15,1391707,377.39,378.95,1416,379.1,471,
2026-04-13T09:40:36.990,NC,NTPC,379.3,374.35,380.3,374.35,380.15,1402866,377.41,379.25,1383,379.5,1492,
2026-04-13T09:40:38.091,NC,NTPC,379.2,374.35,380.3,374.35,380.15,1407455,377.41,379.2,1628,379.45,893,
2026-04-13T09:40:39.194,NC,NTPC,379.15,374.35,380.3,374.35,380.15,1414238,377.42,379.15,4543,379.4,1428,
2026-04-13T09:40:40.291,NC,NTPC,379.1,374.35,380.3,374.35,380.15,1444336,377.46,379.05,1388,379.3,1287,
2026-04-13T09:40:41.410,NC,NTPC,379.25,374.35,380.3,374.35,380.15,1446972,377.46,379.0,1426,379.25,1253,
2026-04-13T09:40:42.492,NC,NTPC,379.0,374.35,380.3,374.35,380.15,1547043,377.57,379.05,236,379.35,1573,
2026-04-13T09:40:43.496,NC,NTPC,379.2,374.35,380.3,374.35,380.15,1558035,377.58,379.05,237,379.25,519,
2026-04-13T09:40:44.496,NC,NTPC,379.1,374.35,380.3,374.35,380.15,1560057,377.58,379.05,1257,379.3,524,
2026-04-13T09:40:45.494,NC,NTPC,379.25,374.35,380.3,374.35,380.15,1564384,377.59,379.05,153,379.3,942,
2026-04-13T09:40:46.595,NC,NTPC,379.25,374.35,380.3,374.35,380.15,1569484,377.59,379.0,443,379.25,1712,
2026-04-13T09:40:47.696,NC,NTPC,379.25,374.35,380.3,374.35,380.15,1576011,377.6,379.0,643,379.25,1082,
2026-04-13T09:40:48.704,NC,NTPC,379.0,374.35,380.3,374.35,380.15,1586769,377.61,378.95,5604,379.2,449,
2026-04-13T09:40:49.746,NC,NTPC,379.15,374.35,380.3,374.35,380.15,1589691,377.61,378.95,4707,379.15,1258,
2026-04-13T09:40:50.697,NC,NTPC,379.25,374.35,380.3,374.35,380.15,1590052,377.61,379.05,127,379.25,2421,
2026-04-13T09:40:51.816,NC,NTPC,379.0,374.35,380.3,374.35,380.15,1597071,377.62,378.95,6396,379.15,905,
2026-04-13T09:40:52.907,NC,NTPC,379.15,374.35,380.3,374.35,380.15,1607754,377.63,378.95,1735,379.15,1705,
2026-04-13T09:40:53.905,NC,NTPC,379.1,374.35,380.3,374.35,380.15,1608631,377.63,378.95,1020,379.1,499,
2026-04-13T09:40:55.022,NC,NTPC,379.0,374.35,380.3,374.35,380.15,1609120,377.63,379.0,106,379.15,2152,
2026-04-13T09:40:56.023,NC,NTPC,379.15,374.35,380.3,374.35,380.15,1609858,377.63,378.95,486,379.15,2097,
2026-04-13T09:40:57.018,NC,NTPC,379.15,374.35,380.3,374.35,380.15,1610116,377.63,378.95,968,379.15,1824,
2026-04-13T09:40:57.906,NC,NTPC,379.1,374.35,380.3,374.35,380.15,1610855,377.63,379.0,126,379.15,1347,
2026-04-13T09:40:58.909,NC,NTPC,379.0,374.35,380.3,374.35,380.15,1610969,377.63,379.0,115,379.15,1832,
2026-04-13T09:40:59.909,NC,NTPC,379.15,374.35,380.3,374.35,380.15,1611024,377.63,379.0,169,379.15,1877,
2026-04-13T09:41:00.917,NC,NTPC,379.3,374.35,380.3,374.35,380.15,1614882,377.63,379.25,1026,379.45,953,
2026-04-13T09:41:01.909,NC,NTPC,379.5,374.35,380.3,374.35,380.15,1614883,377.63,379.4,1500,379.5,1067,
2026-04-13T09:41:02.927,NC,NTPC,379.7,374.35,380.3,374.35,380.15,1617671,377.64,379.65,1,379.7,248,
2026-04-13T09:41:03.923,NC,NTPC,379.75,374.35,380.3,374.35,380.15,1617702,377.64,379.65,5,379.75,276,
2026-04-13T09:41:05.084,NC,NTPC,379.75,374.35,380.3,374.35,380.15,1617705,377.64,379.65,5,379.75,257,
2026-04-13T09:41:05.919,NC,NTPC,379.75,374.35,380.3,374.35,380.15,1619970,377.64,379.7,3,379.75,370,
2026-04-13T09:41:08.121,NC,NTPC,379.75,374.35,380.3,374.35,380.15,1620062,377.64,379.7,4,379.75,278,
2026-04-13T09:41:09.126,NC,NTPC,379.8,374.35,380.3,374.35,380.15,1620124,377.64,379.65,839,379.8,97,
2026-04-13T09:41:10.121,NC,NTPC,379.85,374.35,380.3,374.35,380.15,1620346,377.64,379.7,122,379.85,957,
2026-04-13T09:41:11.125,NC,NTPC,379.8,374.35,380.3,374.35,380.15,1620350,377.64,379.6,834,379.8,1060,
2026-04-13T09:41:12.223,NC,NTPC,379.7,374.35,380.3,374.35,380.15,1620473,377.64,379.55,810,379.75,1413,
2026-04-13T09:41:13.331,NC,NTPC,379.75,374.35,380.3,374.35,380.15,1620476,377.64,379.6,396,379.75,332,
2026-04-13T09:41:14.423,NC,NTPC,379.75,374.35,380.3,374.35,380.15,1620552,377.64,379.75,1706,379.9,51,
2026-04-13T09:41:15.534,NC,NTPC,379.8,374.35,380.3,374.35,380.15,1620653,377.64,379.8,252,379.9,51,
2026-04-13T09:41:16.632,NC,NTPC,379.85,374.35,380.3,374.35,380.15,1621747,377.64,379.8,279,379.95,355,
2026-04-13T09:41:17.733,NC,NTPC,379.95,374.35,380.3,374.35,380.15,1621749,377.64,379.8,278,379.95,353,
2026-04-13T09:41:18.834,NC,NTPC,379.8,374.35,380.3,374.35,380.15,1621922,377.64,379.8,212,379.95,67,
2026-04-13T09:41:19.939,NC,NTPC,380.0,374.35,380.3,374.35,380.15,1623125,377.65,379.95,3,380.05,1421,
2026-04-13T09:41:21.039,NC,NTPC,380.05,374.35,380.3,374.35,380.15,1623145,377.65,379.95,3,380.05,1497,
2026-04-13T09:41:22.039,NC,NTPC,380.0,374.35,380.3,374.35,380.15,1623151,377.65,380.0,45,380.05,1019,
2026-04-13T09:41:23.062,NC,NTPC,380.0,374.35,380.3,374.35,380.15,1623699,377.65,379.95,3,380.0,67,
2026-04-13T09:41:24.045,NC,NTPC,380.1,374.35,380.3,374.35,380.15,1626650,377.65,380.05,1,380.15,674,
2026-04-13T09:41:25.047,NC,NTPC,380.05,374.35,380.3,374.35,380.15,1627758,377.65,380.05,292,380.15,1395,
2026-04-13T09:41:26.149,NC,NTPC,380.05,374.35,380.3,374.35,380.15,1630050,377.66,380.0,2984,380.15,22,
2026-04-13T09:41:27.151,NC,NTPC,380.1,374.35,380.4,374.35,380.15,1636336,377.66,379.9,1112,380.1,327,
2026-04-13T09:41:28.165,NC,NTPC,380.0,374.35,380.4,374.35,380.15,1636364,377.66,379.9,986,380.0,124,
2026-04-13T09:41:29.151,NC,NTPC,380.05,374.35,380.4,374.35,380.15,1638236,377.67,379.9,697,380.05,327,
2026-04-13T09:41:30.252,NC,NTPC,380.05,374.35,380.4,374.35,380.15,1638369,377.67,380.05,3057,380.1,40,
2026-04-13T09:41:31.356,NC,NTPC,380.1,374.35,380.4,374.35,380.15,1642372,377.67,380.0,154,380.1,39,
2026-04-13T09:41:32.450,NC,NTPC,380.1,374.35,380.4,374.35,380.15,1642581,377.67,379.95,210,380.1,601,
2026-04-13T09:41:33.552,NC,NTPC,380.1,374.35,380.4,374.35,380.15,1642585,377.67,379.95,34,380.1,447,
2026-04-13T09:41:34.661,NC,NTPC,380.1,374.35,380.4,374.35,380.15,1642586,377.67,379.9,534,380.0,13,
2026-04-13T09:41:35.757,NC,NTPC,380.0,374.35,380.4,374.35,380.15,1642589,377.67,379.9,534,380.0,10,
2026-04-13T09:41:36.772,NC,NTPC,380.0,374.35,380.4,374.35,380.15,1642908,377.67,380.0,3,380.1,1450,
2026-04-13T09:41:37.883,NC,NTPC,379.9,374.35,380.4,374.35,380.15,1642923,377.67,379.9,185,380.05,741,
2026-04-13T09:41:38.975,NC,NTPC,379.9,374.35,380.4,374.35,380.15,1644520,377.68,379.9,184,380.05,425,
2026-04-13T09:41:40.080,NC,NTPC,380.05,374.35,380.4,374.35,380.15,1644851,377.68,379.9,184,380.05,342,
2026-04-13T09:41:41.170,NC,NTPC,380.05,374.35,380.4,374.35,380.15,1644945,377.68,379.9,184,380.05,578,
2026-04-13T09:41:42.268,NC,NTPC,380.0,374.35,380.4,374.35,380.15,1646198,377.68,379.8,981,380.0,8,
2026-04-13T09:41:43.373,NC,NTPC,380.05,374.35,380.4,374.35,380.15,1646291,377.68,380.0,1,380.05,966,
2026-04-13T09:41:44.379,NC,NTPC,380.05,374.35,380.4,374.35,380.15,1646596,377.68,379.8,865,380.05,1178,
2026-04-13T09:41:45.479,NC,NTPC,380.25,374.35,380.4,374.35,380.15,1648967,377.68,380.05,2775,380.25,437,
2026-04-13T09:41:46.584,NC,NTPC,380.15,374.35,380.7,374.35,380.15,1660537,377.7,380.15,620,380.35,427,
2026-04-13T09:41:47.671,NC,NTPC,380.15,374.35,380.7,374.35,380.15,1664503,377.71,380.1,811,380.35,1496,
2026-04-13T09:41:48.773,NC,NTPC,380.05,374.35,380.7,374.35,380.15,1674574,377.72,380.0,5998,380.25,508,
2026-04-13T09:41:49.881,NC,NTPC,380.25,374.35,380.7,374.35,380.15,1684119,377.74,380.25,189,380.35,1010,
2026-04-13T09:41:50.991,NC,NTPC,380.1,374.35,380.7,374.35,380.15,1700608,377.76,380.05,444,380.3,868,
2026-04-13T09:41:52.088,NC,NTPC,380.1,374.35,380.7,374.35,380.15,1714348,377.78,380.1,32,380.3,291,
2026-04-13T09:41:53.188,NC,NTPC,380.05,374.35,380.7,374.35,380.15,1717945,377.78,380.0,8042,380.25,1059,
2026-04-13T09:41:54.281,NC,NTPC,380.05,374.35,380.7,374.35,380.15,1725923,377.79,380.0,7046,380.25,1171,
2026-04-13T09:41:55.381,NC,NTPC,380.25,374.35,380.7,374.35,380.15,1733383,377.8,380.1,33,380.25,887,
2026-04-13T09:41:56.499,NC,NTPC,379.95,374.35,380.7,374.35,380.15,1752635,377.83,379.95,3375,380.2,617,
2026-04-13T09:41:57.585,NC,NTPC,380.1,374.35,380.7,374.35,380.15,1755301,377.83,380.05,547,380.25,1109,
2026-04-13T09:41:58.693,NC,NTPC,380.4,374.35,380.7,374.35,380.15,1765425,377.85,380.35,1167,380.45,172,
2026-04-13T09:41:59.588,NC,NTPC,380.45,374.35,380.7,374.35,380.15,1769257,377.85,380.35,167,380.45,313,
2026-04-13T09:42:00.693,NC,NTPC,380.45,374.35,380.7,374.35,380.15,1774131,377.86,380.3,134,380.45,400,
2026-04-13T09:42:01.791,NC,NTPC,380.25,374.35,380.7,374.35,380.15,1775202,377.86,380.25,71,380.4,400,
2026-04-13T09:42:02.893,NC,NTPC,380.25,374.35,380.7,374.35,380.15,1785001,377.87,380.2,776,380.3,134,
2026-04-13T09:42:03.996,NC,NTPC,380.15,374.35,380.7,374.35,380.15,1787227,377.88,380.15,3,380.3,1368,
2026-04-13T09:42:05.092,NC,NTPC,380.3,374.35,380.7,374.35,380.15,1790229,377.88,380.15,1500,380.3,1710,
2026-04-13T09:42:06.199,NC,NTPC,380.2,374.35,380.7,374.35,380.15,1793233,377.88,380.1,2005,380.2,1104,
2026-04-13T09:42:07.295,NC,NTPC,380.2,374.35,380.7,374.35,380.15,1795742,377.89,380.05,1503,380.2,1439,
2026-04-13T09:42:08.296,NC,NTPC,380.1,374.35,380.7,374.35,380.15,1798871,377.89,380.0,2,380.1,759,
2026-04-13T09:42:09.308,NC,NTPC,380.1,374.35,380.7,374.35,380.15,1798913,377.89,379.9,646,380.1,1237,
2026-04-13T09:42:10.299,NC,NTPC,380.1,374.35,380.7,374.35,380.15,1798916,377.89,379.9,646,380.1,1291,
2026-04-13T09:42:11.307,NC,NTPC,380.1,374.35,380.7,374.35,380.15,1799218,377.89,379.9,830,380.1,951,
2026-04-13T09:42:12.306,NC,NTPC,380.1,374.35,380.7,374.35,380.15,1799331,377.89,379.95,135,380.1,497,
2026-04-13T09:42:13.313,NC,NTPC,380.0,374.35,380.7,374.35,380.15,1799433,377.89,379.95,1684,380.1,720,
2026-04-13T09:42:14.315,NC,NTPC,380.1,374.35,380.7,374.35,380.15,1799789,377.89,379.95,1684,380.1,1573,
2026-04-13T09:42:15.319,NC,NTPC,380.05,374.35,380.7,374.35,380.15,1800136,377.89,379.9,1622,380.05,389,
2026-04-13T09:42:16.318,NC,NTPC,380.1,374.35,380.7,374.35,380.15,1801640,377.89,380.0,3,380.1,1962,
2026-04-13T09:42:17.310,NC,NTPC,380.0,374.35,380.7,374.35,380.15,1801763,377.89,379.9,1674,380.1,1612,
2026-04-13T09:42:18.415,NC,NTPC,380.2,374.35,380.7,374.35,380.15,1802345,377.89,380.15,1189,380.4,1389,
2026-04-13T09:42:19.523,NC,NTPC,380.05,374.35,380.7,374.35,380.15,1804702,377.9,380.05,3060,380.3,1174,
2026-04-13T09:42:20.630,NC,NTPC,380.05,374.35,380.7,374.35,380.15,1815295,377.91,380.0,140,380.2,449,
2026-04-13T09:42:21.717,NC,NTPC,380.2,374.35,380.7,374.35,380.15,1845989,377.95,380.0,212,380.2,510,
2026-04-13T09:42:22.643,NC,NTPC,380.05,374.35,380.7,374.35,380.15,1847492,377.95,380.0,1500,380.2,1114,
2026-04-13T09:42:23.718,NC,NTPC,380.2,374.35,380.7,374.35,380.15,1867372,377.97,379.95,1698,380.2,3053,
2026-04-13T09:42:24.823,NC,NTPC,380.0,374.35,380.7,374.35,380.15,1875911,377.98,379.95,1999,380.2,794,
2026-04-13T09:42:25.919,NC,NTPC,380.15,374.35,380.7,374.35,380.15,1875914,377.98,379.95,1500,380.15,600,
2026-04-13T09:42:26.936,NC,NTPC,380.15,374.35,380.7,374.35,380.15,1876692,377.98,379.95,100,380.15,1479,
2026-04-13T09:42:29.056,NC,NTPC,380.0,374.35,380.7,374.35,380.15,1882092,377.99,379.95,5947,380.15,997,
2026-04-13T09:42:30.038,NC,NTPC,380.15,374.35,380.7,374.35,380.15,1889838,378.0,379.95,841,380.15,636,
2026-04-13T09:42:31.029,NC,NTPC,380.1,374.35,380.7,374.35,380.15,1890064,378.0,380.05,1300,380.2,362,
2026-04-13T09:42:32.039,NC,NTPC,380.2,374.35,380.7,374.35,380.15,1900054,378.01,380.0,1500,380.2,157,
2026-04-13T09:42:33.140,NC,NTPC,380.0,374.35,380.7,374.35,380.15,1905359,378.01,379.95,2202,380.2,1008,
2026-04-13T09:42:34.261,NC,NTPC,380.0,374.35,380.7,374.35,380.15,1922814,378.03,379.95,3162,380.2,616,
2026-04-13T09:42:35.351,NC,NTPC,380.15,374.35,380.7,374.35,380.15,1923303,378.03,379.95,2768,380.15,100,
2026-04-13T09:42:36.339,NC,NTPC,380.15,374.35,380.7,374.35,380.15,1926303,378.04,379.95,737,380.15,1527,
2026-04-13T09:42:37.340,NC,NTPC,380.15,374.35,380.7,374.35,380.15,1926888,378.04,379.95,1124,380.15,48,
2026-04-13T09:42:38.553,NC,NTPC,380.15,374.35,380.7,374.35,380.15,1928888,378.04,380.0,1,380.1,53,
2026-04-13T09:42:39.654,NC,NTPC,379.95,374.35,380.7,374.35,380.15,1933695,378.04,379.85,170,379.95,9,
2026-04-13T09:42:40.756,NC,NTPC,380.05,374.35,380.7,374.35,380.15,1933946,378.04,379.9,122,380.05,454,
2026-04-13T09:42:41.851,NC,NTPC,380.05,374.35,380.7,374.35,380.15,1935452,378.05,379.95,2,380.15,1742,
2026-04-13T09:42:42.957,NC,NTPC,380.05,374.35,380.7,374.35,380.15,1935467,378.05,379.95,2,380.05,209,
2026-04-13T09:42:44.064,NC,NTPC,379.95,374.35,380.7,374.35,380.15,1935472,378.05,379.85,941,379.95,5,
2026-04-13T09:42:45.059,NC,NTPC,379.95,374.35,380.7,374.35,380.15,1935489,378.05,379.85,120,379.95,62,
2026-04-13T09:42:46.149,NC,NTPC,379.95,374.35,380.7,374.35,380.15,1935730,378.05,379.95,2,380.0,1101,
2026-04-13T09:42:47.258,NC,NTPC,380.0,374.35,380.7,374.35,380.15,1935734,378.05,379.95,2,380.0,507,
2026-04-13T09:42:48.355,NC,NTPC,380.0,374.35,380.7,374.35,380.15,1937739,378.05,379.95,2,380.1,895,
2026-04-13T09:42:49.462,NC,NTPC,380.3,374.35,380.7,374.35,380.15,1940479,378.05,380.05,1883,380.3,120,
2026-04-13T09:42:50.555,NC,NTPC,380.3,374.35,380.7,374.35,380.15,1941000,378.05,380.05,894,380.3,770,
2026-04-13T09:42:51.661,NC,NTPC,380.0,374.35,380.7,374.35,380.15,1946111,378.06,379.95,640,380.1,65,
2026-04-13T09:42:52.655,NC,NTPC,380.15,374.35,380.7,374.35,380.15,1949153,378.06,379.95,780,380.15,124,
2026-04-13T09:42:53.762,NC,NTPC,380.15,374.35,380.7,374.35,380.15,1949497,378.06,379.95,995,380.15,245,
2026-04-13T09:42:54.902,NC,NTPC,380.05,374.35,380.7,374.35,380.15,1952267,378.06,379.85,1066,380.05,782,
2026-04-13T09:42:55.956,NC,NTPC,380.0,374.35,380.7,374.35,380.15,1952365,378.06,379.85,33,380.0,719,
2026-04-13T09:42:57.062,NC,NTPC,379.8,374.35,380.7,374.35,380.15,1954750,378.07,379.8,826,380.0,676,
2026-04-13T09:42:59.166,NC,NTPC,379.85,374.35,380.7,374.35,380.15,1955568,378.07,379.85,682,379.9,67,
2026-04-13T09:43:00.267,NC,NTPC,379.85,374.35,380.7,374.35,380.15,1955635,378.07,379.85,615,379.9,67,
2026-04-13T09:43:01.367,NC,NTPC,379.75,374.35,380.7,374.35,380.15,1956797,378.07,379.75,1334,379.8,67,
2026-04-13T09:43:02.469,NC,NTPC,379.85,374.35,380.7,374.35,380.15,1957099,378.07,379.75,1133,379.85,136,
2026-04-13T09:43:03.584,NC,NTPC,379.75,374.35,380.7,374.35,380.15,1957319,378.07,379.75,1429,379.85,101,
2026-04-13T09:43:04.686,NC,NTPC,379.85,374.35,380.7,374.35,380.15,1957420,378.07,379.8,2086,379.95,155,
2026-04-13T09:43:05.769,NC,NTPC,379.8,374.35,380.7,374.35,380.15,1957470,378.07,379.85,1,379.9,200,
2026-04-13T09:43:06.876,NC,NTPC,380.05,374.35,380.7,374.35,380.15,1960230,378.07,379.95,927,380.1,1000,
2026-04-13T09:43:07.978,NC,NTPC,379.95,374.35,380.7,374.35,380.15,1960307,378.07,379.95,326,380.05,125,
2026-04-13T09:43:09.083,NC,NTPC,379.9,374.35,380.7,374.35,380.15,1961820,378.07,379.9,759,380.05,113,
2026-04-13T09:43:10.177,NC,NTPC,380.05,374.35,380.7,374.35,380.15,1961823,378.07,379.9,129,380.05,178,
2026-04-13T09:43:11.283,NC,NTPC,380.15,374.35,380.7,374.35,380.15,1965005,378.08,380.15,1492,380.3,474,
2026-04-13T09:43:12.391,NC,NTPC,380.05,374.35,380.7,374.35,380.15,1967475,378.08,380.0,985,380.2,343,
2026-04-13T09:43:13.486,NC,NTPC,380.0,374.35,380.7,374.35,380.15,1975457,378.09,379.95,1890,380.2,803,
2026-04-13T09:43:14.590,NC,NTPC,379.95,374.35,380.7,374.35,380.15,1977140,378.09,379.95,1186,380.15,398,
2026-04-13T09:43:15.693,NC,NTPC,380.15,374.35,380.7,374.35,380.15,1977390,378.09,380.0,1056,380.2,1086,
2026-04-13T09:43:16.797,NC,NTPC,380.0,374.35,380.7,374.35,380.15,1977501,378.09,380.0,285,380.2,1528,
2026-04-13T09:43:17.892,NC,NTPC,380.0,374.35,380.7,374.35,380.15,1977808,378.09,379.95,2361,380.15,51,
2026-04-13T09:43:18.998,NC,NTPC,380.35,374.35,380.7,374.35,380.15,1978676,378.09,380.2,3391,380.4,462,
2026-04-13T09:43:20.096,NC,NTPC,380.25,374.35,380.7,374.35,380.15,1981757,378.09,380.2,1500,380.45,2171,
2026-04-13T09:43:21.119,NC,NTPC,380.4,374.35,380.7,374.35,380.15,1984484,378.09,380.15,702,380.4,441,
2026-04-13T09:43:22.196,NC,NTPC,380.15,374.35,380.7,374.35,380.15,1985821,378.1,380.1,2269,380.35,721,
2026-04-13T09:43:23.298,NC,NTPC,380.05,374.35,380.7,374.35,380.15,1994894,378.11,380.0,6902,380.25,1940,
2026-04-13T09:43:24.400,NC,NTPC,380.0,374.35,380.7,374.35,380.15,2013736,378.12,380.0,547,380.25,1012,
2026-04-13T09:43:25.501,NC,NTPC,380.0,374.35,380.7,374.35,380.15,2017321,378.13,380.05,748,380.25,64,
2026-04-13T09:43:26.606,NC,NTPC,380.0,374.35,380.7,374.35,380.15,2028028,378.14,379.9,4756,380.15,1320,
2026-04-13T09:43:27.722,NC,NTPC,380.15,374.35,380.7,374.35,380.15,2033011,378.14,380.05,809,380.25,1393,
2026-04-13T09:43:28.705,NC,NTPC,380.0,374.35,380.7,374.35,380.15,2033961,378.14,380.0,1553,380.2,1561,
2026-04-13T09:43:30.907,NC,NTPC,380.25,374.35,380.7,374.35,380.15,2034746,378.14,380.3,4607,380.5,3160,
2026-04-13T09:43:32.008,NC,NTPC,380.45,374.35,380.7,374.35,380.15,2035052,378.14,380.3,3376,380.5,3352,
2026-04-13T09:43:33.122,NC,NTPC,380.55,374.35,380.7,374.35,380.15,2048506,378.16,380.5,1337,380.7,34,
2026-04-13T09:43:34.208,NC,NTPC,380.7,374.35,380.7,374.35,380.15,2048538,378.16,380.5,1337,380.7,2,
2026-04-13T09:43:35.211,NC,NTPC,380.5,374.35,380.7,374.35,380.15,2048806,378.16,380.5,698,380.7,947,
2026-04-13T09:43:36.308,NC,NTPC,380.7,374.35,380.7,374.35,380.15,2048963,378.16,380.6,3,380.7,1759,
2026-04-13T09:43:37.620,NC,NTPC,380.8,374.35,381.1,374.35,380.15,2058828,378.17,380.75,219,380.95,1329,
2026-04-13T09:43:38.742,NC,NTPC,380.9,374.35,381.1,374.35,380.15,2058831,378.17,380.7,1996,380.9,460,
2026-04-13T09:43:39.928,NC,NTPC,380.95,374.35,381.1,374.35,380.15,2064597,378.18,380.75,246,380.95,1699,
2026-04-13T09:43:41.028,NC,NTPC,380.95,374.35,381.1,374.35,380.15,2065290,378.18,380.75,970,380.95,1182,
2026-04-13T09:43:42.038,NC,NTPC,380.95,374.35,381.1,374.35,380.15,2065291,378.18,380.8,2440,380.95,1284,
2026-04-13T09:43:42.933,NC,NTPC,380.95,374.35,381.1,374.35,380.15,2065343,378.18,380.8,2440,380.95,793,
2026-04-13T09:43:43.933,NC,NTPC,380.8,374.35,381.1,374.35,380.15,2065350,378.18,380.8,2435,380.95,791,
2026-04-13T09:43:45.041,NC,NTPC,380.95,374.35,381.1,374.35,380.15,2065351,378.18,380.9,1435,380.95,31,
2026-04-13T09:43:46.039,NC,NTPC,380.9,374.35,381.1,374.35,380.15,2065405,378.18,380.9,1412,381.0,3,
2026-04-13T09:43:47.039,NC,NTPC,381.0,374.35,381.1,374.35,380.15,2066839,378.18,381.0,2978,381.1,1887,
2026-04-13T09:43:48.051,NC,NTPC,381.0,374.35,381.1,374.35,380.15,2070602,378.19,380.85,10,381.0,1294,
2026-04-13T09:43:49.137,NC,NTPC,380.8,374.35,381.1,374.35,380.15,2070624,378.19,380.8,990,381.0,1731,
2026-04-13T09:43:51.250,NC,NTPC,381.0,374.35,381.1,374.35,380.15,2073749,378.19,380.8,1413,381.0,632,
2026-04-13T09:43:52.347,NC,NTPC,380.3,374.35,381.1,374.35,380.15,2093967,378.22,380.15,194,380.3,69,
2026-04-13T09:43:53.443,NC,NTPC,380.15,374.35,381.1,374.35,380.15,2094221,378.22,380.1,161,380.15,125,
2026-04-13T09:43:54.465,NC,NTPC,380.3,374.35,381.1,374.35,380.15,2095303,378.22,380.1,183,380.3,2287,
2026-04-13T09:43:55.546,NC,NTPC,380.3,374.35,381.1,374.35,380.15,2096679,378.22,380.05,2117,380.3,2452,
2026-04-13T09:43:56.547,NC,NTPC,380.05,374.35,381.1,374.35,380.15,2097077,378.22,380.05,1698,380.25,1062,
2026-04-13T09:43:57.546,NC,NTPC,380.1,374.35,381.1,374.35,380.15,2097719,378.22,380.05,1806,380.25,465,
2026-04-13T09:43:58.554,NC,NTPC,380.05,374.35,381.1,374.35,380.15,2097881,378.22,380.05,1356,380.15,5,
2026-04-13T09:43:59.653,NC,NTPC,380.25,374.35,381.1,374.35,380.15,2097972,378.22,380.05,1558,380.25,396,
2026-04-13T09:44:00.654,NC,NTPC,380.2,374.35,381.1,374.35,380.15,2098197,378.22,380.05,920,380.2,569,
2026-04-13T09:44:01.771,NC,NTPC,380.05,374.35,381.1,374.35,380.15,2098279,378.22,380.05,1139,380.25,2688,
2026-04-13T09:44:02.859,NC,NTPC,380.15,374.35,381.1,374.35,380.15,2098316,378.22,380.1,1482,380.2,932,
2026-04-13T09:44:03.768,NC,NTPC,380.1,374.35,381.1,374.35,380.15,2098343,378.22,380.1,1455,380.2,1051,
2026-04-13T09:44:04.763,NC,NTPC,380.1,374.35,381.1,374.35,380.15,2098450,378.22,380.1,1348,380.2,1053,
2026-04-13T09:44:05.859,NC,NTPC,380.1,374.35,381.1,374.35,380.15,2098539,378.22,380.1,1272,380.2,1144,
2026-04-13T09:44:06.878,NC,NTPC,380.05,374.35,381.1,374.35,380.15,2101389,378.22,380.05,318,380.15,85,
2026-04-13T09:44:07.976,NC,NTPC,380.05,374.35,381.1,374.35,380.15,2105481,378.23,379.95,120,380.1,2307,
2026-04-13T09:44:09.066,NC,NTPC,379.95,374.35,381.1,374.35,380.15,2106862,378.23,379.85,1,379.95,162,
2026-04-13T09:44:10.964,NC,NTPC,380.0,374.35,381.1,374.35,380.15,2107065,378.23,379.85,14,380.0,1074,
2026-04-13T09:44:12.070,NC,NTPC,380.0,374.35,381.1,374.35,380.15,2107317,378.23,379.85,1,380.0,2260,
2026-04-13T09:44:13.066,NC,NTPC,380.0,374.35,381.1,374.35,380.15,2108327,378.23,379.85,14,380.0,1282,
2026-04-13T09:44:14.065,NC,NTPC,379.75,374.35,381.1,374.35,380.15,2109327,378.23,379.75,4099,379.95,172,
2026-04-13T09:44:15.065,NC,NTPC,380.15,374.35,381.1,374.35,380.15,2131454,378.25,380.1,169,380.35,2341,
2026-04-13T09:44:16.069,NC,NTPC,380.35,374.35,381.1,374.35,380.15,2136994,378.25,380.25,3,380.35,1597,
2026-04-13T09:44:17.275,NC,NTPC,380.25,374.35,381.1,374.35,380.15,2139770,378.26,380.05,438,380.25,724,
2026-04-13T09:44:18.287,NC,NTPC,380.3,374.35,381.1,374.35,380.15,2140779,378.26,380.05,630,380.2,30,
2026-04-13T09:44:19.385,NC,NTPC,380.05,374.35,381.1,374.35,380.15,2141453,378.26,380.05,158,380.2,4,
2026-04-13T09:44:20.486,NC,NTPC,380.25,374.35,381.1,374.35,380.15,2145053,378.26,380.05,122,380.25,1050,
2026-04-13T09:44:21.384,NC,NTPC,380.25,374.35,381.1,374.35,380.15,2145718,378.26,380.1,592,380.25,53,
2026-04-13T09:44:22.487,NC,NTPC,380.05,374.35,381.1,374.35,380.15,2146996,378.26,380.05,122,380.2,348,
2026-04-13T09:44:23.490,NC,NTPC,380.15,374.35,381.1,374.35,380.15,2147571,378.26,380.0,50,380.2,689,
2026-04-13T09:44:24.494,NC,NTPC,380.3,374.35,381.1,374.35,380.15,2147986,378.26,380.05,1074,380.3,1021,
2026-04-13T09:44:25.397,NC,NTPC,380.25,374.35,381.1,374.35,380.15,2148086,378.26,380.05,602,380.25,923,
2026-04-13T09:44:26.404,NC,NTPC,380.2,374.35,381.1,374.35,380.15,2148108,378.26,380.05,1074,380.2,2,
2026-04-13T09:44:27.499,NC,NTPC,380.05,374.35,381.1,374.35,380.15,2148137,378.26,380.05,1011,380.25,51,
2026-04-13T09:44:28.601,NC,NTPC,380.1,374.35,381.1,374.35,380.15,2148361,378.26,380.1,1357,380.25,805,
2026-04-13T09:44:29.501,NC,NTPC,380.25,374.35,381.1,374.35,380.15,2148412,378.26,380.1,1308,380.25,914,
2026-04-13T09:44:30.605,NC,NTPC,380.25,374.35,381.1,374.35,380.15,2148431,378.26,380.1,1291,380.25,1155,
2026-04-13T09:44:31.703,NC,NTPC,380.25,374.35,381.1,374.35,380.15,2149216,378.26,380.25,221,380.3,925,
2026-04-13T09:44:32.610,NC,NTPC,380.1,374.35,381.1,374.35,380.15,2150711,378.27,380.1,1119,380.3,668,
2026-04-13T09:44:33.620,NC,NTPC,380.3,374.35,381.1,374.35,380.15,2150986,378.27,380.25,995,380.3,5,
2026-04-13T09:44:34.610,NC,NTPC,380.25,374.35,381.1,374.35,380.15,2151011,378.27,380.3,1,380.4,26,
2026-04-13T09:44:35.615,NC,NTPC,380.3,374.35,381.1,374.35,380.15,2151045,378.27,380.25,1424,380.4,2,
2026-04-13T09:44:36.678,NC,NTPC,380.35,374.35,381.1,374.35,380.15,2152114,378.27,380.35,533,380.55,1070,
2026-04-13T09:44:37.878,NC,NTPC,380.35,374.35,381.1,374.35,380.15,2152374,378.27,380.35,891,380.55,1061,
2026-04-13T09:44:38.881,NC,NTPC,380.55,374.35,381.1,374.35,380.15,2152439,378.27,380.35,833,380.55,1283,
2026-04-13T09:44:39.983,NC,NTPC,380.55,374.35,381.1,374.35,380.15,2152621,378.27,380.35,511,380.55,767,
2026-04-13T09:44:40.887,NC,NTPC,380.35,374.35,381.1,374.35,380.15,2153019,378.27,380.35,1494,380.55,273,
2026-04-13T09:44:41.883,NC,NTPC,380.55,374.35,381.1,374.35,380.15,2153045,378.27,380.35,1471,380.55,269,
2026-04-13T09:44:42.880,NC,NTPC,380.6,374.35,381.1,374.35,380.15,2153206,378.27,380.45,100,380.6,714,
2026-04-13T09:44:43.989,NC,NTPC,380.6,374.35,381.1,374.35,380.15,2153243,378.27,380.45,66,380.6,821,
2026-04-13T09:44:45.084,NC,NTPC,380.75,374.35,381.1,374.35,380.15,2153253,378.27,380.55,2253,380.8,897,
2026-04-13T09:44:46.185,NC,NTPC,380.8,374.35,381.1,374.35,380.15,2153382,378.27,380.65,682,380.85,1090,
2026-04-13T09:44:48.289,NC,NTPC,380.85,374.35,381.1,374.35,380.15,2153489,378.27,380.65,1024,380.85,2299,
2026-04-13T09:44:49.391,NC,NTPC,380.75,374.35,381.1,374.35,380.15,2153718,378.27,380.75,73,380.85,892,
2026-04-13T09:44:50.498,NC,NTPC,380.8,374.35,381.1,374.35,380.15,2154274,378.27,380.75,71,380.8,13,
2026-04-13T09:44:51.593,NC,NTPC,380.65,374.35,381.1,374.35,380.15,2154419,378.27,380.7,169,380.9,1526,
2026-04-13T09:44:52.707,NC,NTPC,380.75,374.35,381.1,374.35,380.15,2154678,378.27,380.65,1051,380.75,1,
2026-04-13T09:44:53.807,NC,NTPC,380.9,374.35,381.1,374.35,380.15,2154810,378.27,380.8,1,380.9,1426,
2026-04-13T09:44:54.798,NC,NTPC,380.9,374.35,381.1,374.35,380.15,2154864,378.27,380.7,269,380.9,1219,
2026-04-13T09:44:55.904,NC,NTPC,380.9,374.35,381.1,374.35,380.15,2154898,378.27,380.7,258,380.9,1209,
2026-04-13T09:44:57.032,NC,NTPC,380.95,374.35,381.1,374.35,380.15,2155609,378.27,380.9,2,380.95,758,
2026-04-13T09:44:58.108,NC,NTPC,380.8,374.35,381.1,374.35,380.15,2155961,378.27,380.8,1168,380.95,2,
2026-04-13T09:44:59.219,NC,NTPC,380.95,374.35,381.1,374.35,380.15,2156000,378.27,380.8,669,380.9,50,
2026-04-13T09:45:00.317,NC,NTPC,380.8,374.35,381.1,374.35,380.15,2156106,378.27,380.8,25,380.9,48,
2026-04-13T09:45:01.416,NC,NTPC,381.0,374.35,381.1,374.35,380.15,2156499,378.27,380.8,758,381.0,3914,
2026-04-13T09:45:02.576,NC,NTPC,380.75,374.35,381.1,374.35,380.15,2157137,378.27,380.75,339,380.9,10,
2026-04-13T09:45:03.705,NC,NTPC,380.75,374.35,381.1,374.35,380.15,2158991,378.28,380.75,1096,380.95,957,
2026-04-13T09:45:04.724,NC,NTPC,380.95,374.35,381.1,374.35,380.15,2159061,378.28,380.75,1743,380.95,594,
2026-04-13T09:45:05.818,NC,NTPC,380.8,374.35,381.1,374.35,380.15,2159576,378.28,380.8,491,380.95,668,
2026-04-13T09:45:06.923,NC,NTPC,380.8,374.35,381.1,374.35,380.15,2159748,378.28,380.8,333,380.95,1009,
2026-04-13T09:45:08.039,NC,NTPC,380.95,374.35,381.1,374.35,380.15,2161247,378.28,380.75,583,380.95,633,
2026-04-13T09:45:09.129,NC,NTPC,380.9,374.35,381.1,374.35,380.15,2161264,378.28,380.75,897,380.9,20,
2026-04-13T09:45:10.231,NC,NTPC,381.0,374.35,381.1,374.35,380.15,2162366,378.28,380.95,1,381.0,3927,
2026-04-13T09:45:11.331,NC,NTPC,380.95,374.35,381.1,374.35,380.15,2162786,378.28,380.9,500,380.95,2,
2026-04-13T09:45:12.431,NC,NTPC,380.8,374.35,381.1,374.35,380.15,2163678,378.28,380.7,602,380.8,13,
2026-04-13T09:45:13.548,NC,NTPC,380.95,374.35,381.1,374.35,380.15,2163778,378.28,380.8,500,380.95,189,
2026-04-13T09:45:14.637,NC,NTPC,380.9,374.35,381.1,374.35,380.15,2165119,378.28,380.9,23,380.95,21,
2026-04-13T09:45:15.734,NC,NTPC,380.9,374.35,381.1,374.35,380.15,2165153,378.28,380.8,1625,380.9,8,
2026-04-13T09:45:16.849,NC,NTPC,380.9,374.35,381.1,374.35,380.15,2165362,378.28,380.9,42,380.95,4,
2026-04-13T09:45:17.939,NC,NTPC,381.0,374.35,381.1,374.35,380.15,2165449,378.28,380.95,1702,381.0,2992,
2026-04-13T09:45:19.042,NC,NTPC,381.0,374.35,381.1,374.35,380.15,2166098,378.28,380.95,1056,381.0,2988,
2026-04-13T09:45:20.145,NC,NTPC,381.0,374.35,381.1,374.35,380.15,2166282,378.28,380.95,1016,381.0,2818,
2026-04-13T09:45:21.258,NC,NTPC,380.95,374.35,381.1,374.35,380.15,2167800,378.29,380.9,68,381.0,2574,
2026-04-13T09:45:22.251,NC,NTPC,381.0,374.35,381.1,374.35,380.15,2168455,378.29,380.85,432,381.0,2086,
2026-04-13T09:45:23.372,NC,NTPC,381.0,374.35,381.1,374.35,380.15,2169991,378.29,380.8,397,381.0,1236,
2026-04-13T09:45:24.370,NC,NTPC,380.85,374.35,381.1,374.35,380.15,2170828,378.29,380.85,727,381.0,841,
2026-04-13T09:45:25.362,NC,NTPC,380.95,374.35,381.1,374.35,380.15,2171691,378.29,380.8,2837,380.95,66,
2026-04-13T09:45:26.356,NC,NTPC,380.95,374.35,381.1,374.35,380.15,2171792,378.29,380.85,166,380.95,26,
2026-04-13T09:45:27.459,NC,NTPC,380.85,374.35,381.1,374.35,380.15,2171818,378.29,380.85,1308,380.95,25,
2026-04-13T09:45:28.457,NC,NTPC,380.8,374.35,381.1,374.35,380.15,2171848,378.29,380.8,1720,380.95,21,
2026-04-13T09:45:29.481,NC,NTPC,380.7,374.35,381.1,374.35,380.15,2173393,378.29,380.7,1491,380.9,1588,
2026-04-13T09:45:30.569,NC,NTPC,380.7,374.35,381.1,374.35,380.15,2173997,378.29,380.7,50,380.9,2260,
2026-04-13T09:45:31.664,NC,NTPC,380.9,374.35,381.1,374.35,380.15,2175415,378.3,380.7,845,380.9,1780,
2026-04-13T09:45:32.773,NC,NTPC,380.65,374.35,381.1,374.35,380.15,2175527,378.3,380.65,994,380.8,68,
2026-04-13T09:45:33.886,NC,NTPC,380.8,374.35,381.1,374.35,380.15,2175561,378.3,380.6,2538,380.75,120,
2026-04-13T09:45:34.971,NC,NTPC,380.75,374.35,381.1,374.35,380.15,2175621,378.3,380.6,2736,380.75,60,
2026-04-13T09:45:36.072,NC,NTPC,380.9,374.35,381.1,374.35,380.15,2179621,378.3,380.65,2336,380.9,279,
2026-04-13T09:45:37.283,NC,NTPC,380.9,374.35,381.1,374.35,380.15,2180660,378.3,380.75,5,380.9,258,
2026-04-13T09:45:38.478,NC,NTPC,380.9,374.35,381.1,374.35,380.15,2181415,378.3,380.8,2849,380.9,333,
2026-04-13T09:45:39.580,NC,NTPC,380.9,374.35,381.1,374.35,380.15,2181554,378.3,380.8,2790,380.9,343,
2026-04-13T09:45:40.582,NC,NTPC,380.8,374.35,381.1,374.35,380.15,2181582,378.3,380.8,2762,380.9,223,
2026-04-13T09:45:41.787,NC,NTPC,380.9,374.35,381.1,374.35,380.15,2181933,378.3,380.8,2764,380.9,8,
2026-04-13T09:45:42.890,NC,NTPC,380.8,374.35,381.1,374.35,380.15,2181971,378.3,380.8,2726,380.85,15,
2026-04-13T09:45:43.902,NC,NTPC,380.8,374.35,381.1,374.35,380.15,2182002,378.3,380.8,2820,380.95,1062,
2026-04-13T09:45:44.995,NC,NTPC,380.8,374.35,381.1,374.35,380.15,2182817,378.3,380.8,2730,380.95,1546,
2026-04-13T09:45:46.111,NC,NTPC,380.8,374.35,381.1,374.35,380.15,2182859,378.3,380.9,3,380.95,1546,
2026-04-13T09:45:47.197,NC,NTPC,380.95,374.35,381.1,374.35,380.15,2184370,378.31,380.9,3,380.95,1018,
2026-04-13T09:45:48.301,NC,NTPC,380.9,374.35,381.1,374.35,380.15,2184482,378.31,380.8,2688,380.9,325,
2026-04-13T09:45:49.402,NC,NTPC,380.8,374.35,381.1,374.35,380.15,2184917,378.31,380.8,2279,380.9,264,
2026-04-13T09:45:50.504,NC,NTPC,380.8,374.35,381.1,374.35,380.15,2185140,378.31,380.8,2056,380.9,331,
2026-04-13T09:45:51.502,NC,NTPC,380.9,374.35,381.1,374.35,380.15,2185396,378.31,380.8,2001,380.9,360,
2026-04-13T09:45:52.601,NC,NTPC,380.8,374.35,381.1,374.35,380.15,2185660,378.31,380.8,1737,380.9,360,
2026-04-13T09:45:53.702,NC,NTPC,380.8,374.35,381.1,374.35,380.15,2185727,378.31,380.8,1673,380.9,361,
2026-04-13T09:45:54.801,NC,NTPC,380.8,374.35,381.1,374.35,380.15,2186186,378.31,380.8,1340,380.9,342,
2026-04-13T09:45:55.900,NC,NTPC,380.8,374.35,381.1,374.35,380.15,2187578,378.31,380.75,215,380.9,1370,
2026-04-13T09:45:57.009,NC,NTPC,380.75,374.35,381.1,374.35,380.15,2189824,378.31,380.7,100,380.75,91,
2026-04-13T09:45:57.908,NC,NTPC,380.7,374.35,381.1,374.35,380.15,2190511,378.31,380.7,374,380.75,13,
2026-04-13T09:45:59.018,NC,NTPC,380.9,374.35,381.1,374.35,380.15,2191684,378.31,380.7,301,380.9,986,
2026-04-13T09:46:00.116,NC,NTPC,380.7,374.35,381.1,374.35,380.15,2192003,378.31,380.75,887,380.95,1084,
2026-04-13T09:46:01.219,NC,NTPC,380.8,374.35,381.1,374.35,380.15,2192169,378.31,380.8,139,380.9,68,
2026-04-13T09:46:02.346,NC,NTPC,380.9,374.35,381.1,374.35,380.15,2192334,378.31,380.8,75,380.9,216,
2026-04-13T09:46:03.437,NC,NTPC,380.8,374.35,381.1,374.35,380.15,2192630,378.32,380.8,192,380.9,78,
2026-04-13T09:46:04.525,NC,NTPC,380.9,374.35,381.1,374.35,380.15,2193453,378.32,380.8,189,380.9,131,
2026-04-13T09:46:05.526,NC,NTPC,380.8,374.35,381.1,374.35,380.15,2193591,378.32,380.8,101,380.9,347,
2026-04-13T09:46:06.625,NC,NTPC,380.9,374.35,381.1,374.35,380.15,2193699,378.32,380.8,353,380.9,4,
2026-04-13T09:46:07.736,NC,NTPC,380.95,374.35,381.1,374.35,380.15,2194227,378.32,380.8,67,380.95,331,
2026-04-13T09:46:08.842,NC,NTPC,380.8,374.35,381.1,374.35,380.15,2194401,378.32,380.8,95,380.95,1256,
2026-04-13T09:46:09.927,NC,NTPC,380.8,374.35,381.1,374.35,380.15,2194496,378.32,380.8,300,380.95,1649,
2026-04-13T09:46:11.058,NC,NTPC,380.9,374.35,381.1,374.35,380.15,2194660,378.32,380.8,261,380.9,4,
2026-04-13T09:46:12.130,NC,NTPC,380.8,374.35,381.1,374.35,380.15,2194761,378.32,380.8,429,380.95,1516,
2026-04-13T09:46:13.227,NC,NTPC,380.8,374.35,381.1,374.35,380.15,2194936,378.32,380.8,255,380.9,271,
2026-04-13T09:46:14.335,NC,NTPC,380.9,374.35,381.1,374.35,380.15,2195001,378.32,380.8,255,380.9,206,
2026-04-13T09:46:15.436,NC,NTPC,380.9,374.35,381.1,374.35,380.15,2195011,378.32,380.8,255,380.9,287,
2026-04-13T09:46:16.545,NC,NTPC,380.8,374.35,381.1,374.35,380.15,2195057,378.32,380.8,235,380.9,262,
2026-04-13T09:46:17.640,NC,NTPC,380.8,374.35,381.1,374.35,380.15,2195191,378.32,380.8,201,380.9,143,
2026-04-13T09:46:18.732,NC,NTPC,380.8,374.35,381.1,374.35,380.15,2195200,378.32,380.8,192,380.9,521,
2026-04-13T09:46:19.744,NC,NTPC,380.9,374.35,381.1,374.35,380.15,2196553,378.32,380.8,461,380.9,162,
2026-04-13T09:46:20.856,NC,NTPC,380.8,374.35,381.1,374.35,380.15,2196956,378.32,380.8,58,380.9,197,
2026-04-13T09:46:21.936,NC,NTPC,380.9,374.35,381.1,374.35,380.15,2197250,378.32,380.9,716,381.0,2597,
2026-04-13T09:46:23.048,NC,NTPC,381.1,374.35,381.1,374.35,380.15,2200372,378.32,381.1,1441,381.2,65,
2026-04-13T09:46:24.137,NC,NTPC,381.6,374.35,381.6,374.35,380.15,2202376,378.33,381.7,2307,381.8,39,
2026-04-13T09:46:25.242,NC,NTPC,381.85,374.35,381.85,374.35,380.15,2204522,378.33,381.7,75,381.85,278,
2026-04-13T09:46:26.151,NC,NTPC,381.7,374.35,381.85,374.35,380.15,2204563,378.33,381.65,923,381.75,1,
2026-04-13T09:46:27.254,NC,NTPC,381.75,374.35,381.95,374.35,380.15,2207371,378.34,381.7,169,381.75,51,
2026-04-13T09:46:28.352,NC,NTPC,381.9,374.35,381.95,374.35,380.15,2208550,378.34,381.75,624,381.9,5093,
2026-04-13T09:46:29.449,NC,NTPC,381.8,374.35,381.95,374.35,380.15,2209071,378.34,381.8,241,381.9,5120,
2026-04-13T09:46:30.549,NC,NTPC,381.9,374.35,381.95,374.35,380.15,2209327,378.34,381.8,7,381.9,5091,
2026-04-13T09:46:31.657,NC,NTPC,381.9,374.35,381.95,374.35,380.15,2209414,378.34,381.75,1479,381.9,4959,
2026-04-13T09:46:32.758,NC,NTPC,381.75,374.35,381.95,374.35,380.15,2209485,378.34,381.75,1830,381.9,4958,
2026-04-13T09:46:33.851,NC,NTPC,381.75,374.35,381.95,374.35,380.15,2210959,378.34,381.75,852,381.9,3792,
2026-04-13T09:46:34.952,NC,NTPC,381.9,374.35,381.95,374.35,380.15,2211338,378.34,381.75,904,381.9,3424,
2026-04-13T09:46:36.057,NC,NTPC,381.9,374.35,381.95,374.35,380.15,2215332,378.35,381.9,2621,382.0,8902,
2026-04-13T09:46:37.058,NC,NTPC,381.95,374.35,382.1,374.35,380.15,2225722,378.36,381.95,181,382.0,260,
2026-04-13T09:46:38.160,NC,NTPC,381.9,374.35,382.1,374.35,380.15,2226846,378.37,381.85,591,381.9,262,
2026-04-13T09:46:39.269,NC,NTPC,382.0,374.35,382.1,374.35,380.15,2229123,378.37,382.0,421,382.1,423,
2026-04-13T09:46:40.279,NC,NTPC,382.0,374.35,382.1,374.35,380.15,2229575,378.37,382.0,29,382.1,48,
2026-04-13T09:46:41.394,NC,NTPC,381.95,374.35,382.1,374.35,380.15,2231792,378.37,381.95,2110,382.1,118,
2026-04-13T09:46:42.462,NC,NTPC,382.0,374.35,382.1,374.35,380.15,2233177,378.38,382.0,300,382.1,358,
2026-04-13T09:46:43.564,NC,NTPC,382.2,374.35,382.2,374.35,380.15,2233742,378.38,382.05,273,382.2,1041,
2026-04-13T09:46:44.666,NC,NTPC,382.25,374.35,382.4,374.35,380.15,2235785,378.38,382.15,51,382.25,461,
2026-04-13T09:46:45.765,NC,NTPC,382.05,374.35,382.4,374.35,380.15,2238977,378.39,382.05,478,382.1,119,
2026-04-13T09:46:46.883,NC,NTPC,382.0,374.35,382.4,374.35,380.15,2241441,378.39,382.0,2054,382.15,764,
2026-04-13T09:46:47.967,NC,NTPC,382.25,374.35,382.4,374.35,380.15,2243274,378.39,382.1,1115,382.25,756,
2026-04-13T09:46:49.067,NC,NTPC,382.1,374.35,382.4,374.35,380.15,2243663,378.39,382.1,229,382.2,156,
2026-04-13T09:46:50.171,NC,NTPC,382.25,374.35,382.4,374.35,380.15,2244268,378.4,382.1,145,382.25,1117,
2026-04-13T09:46:51.274,NC,NTPC,382.05,374.35,382.4,374.35,380.15,2244580,378.4,382.05,569,382.1,19,
2026-04-13T09:46:52.373,NC,NTPC,382.15,374.35,382.4,374.35,380.15,2244980,378.4,382.15,353,382.25,9,
2026-04-13T09:46:53.475,NC,NTPC,382.1,374.35,382.4,374.35,380.15,2245204,378.4,382.1,1679,382.3,665,
2026-04-13T09:46:54.577,NC,NTPC,382.3,374.35,382.4,374.35,380.15,2245571,378.4,382.4,1500,382.45,78,
2026-04-13T09:46:55.674,NC,NTPC,382.35,374.35,382.55,374.35,380.15,2264827,378.43,382.25,861,382.35,378,
2026-04-13T09:46:56.781,NC,NTPC,382.5,374.35,382.55,374.35,380.15,2267992,378.44,382.35,1082,382.5,27,
2026-04-13T09:46:57.882,NC,NTPC,382.35,374.35,382.55,374.35,380.15,2269305,378.44,382.3,67,382.5,857,
2026-04-13T09:46:58.993,NC,NTPC,382.35,374.35,382.55,374.35,380.15,2269428,378.44,382.35,902,382.5,32,
2026-04-13T09:47:00.084,NC,NTPC,382.55,374.35,382.55,374.35,380.15,2270390,378.44,382.5,412,382.6,1953,
2026-04-13T09:47:01.184,NC,NTPC,382.3,374.35,382.65,374.35,380.15,2275838,378.45,382.1,1303,382.3,907,
2026-04-13T09:47:02.285,NC,NTPC,381.8,374.35,382.65,374.35,380.15,2279097,378.46,381.8,615,382.0,1217,
2026-04-13T09:47:03.386,NC,NTPC,381.75,374.35,382.65,374.35,380.15,2279496,378.46,381.7,700,381.75,81,
2026-04-13T09:47:04.498,NC,NTPC,381.7,374.35,382.65,374.35,380.15,2283058,378.46,381.8,4,381.85,515,
2026-04-13T09:47:05.600,NC,NTPC,381.9,374.35,382.65,374.35,380.15,2284500,378.46,381.7,129,381.9,1275,
2026-04-13T09:47:06.595,NC,NTPC,381.7,374.35,382.65,374.35,380.15,2284965,378.47,381.65,790,381.7,36,
2026-04-13T09:47:07.689,NC,NTPC,381.6,374.35,382.65,374.35,380.15,2288648,378.47,381.6,362,381.7,403,
2026-04-13T09:47:08.790,NC,NTPC,381.6,374.35,382.65,374.35,380.15,2288872,378.47,381.6,144,381.7,404,
2026-04-13T09:47:09.890,NC,NTPC,381.7,374.35,382.65,374.35,380.15,2290786,378.47,381.55,1030,381.7,190,
2026-04-13T09:47:10.988,NC,NTPC,381.55,374.35,382.65,374.35,380.15,2291000,378.47,381.55,1432,381.7,180,
2026-04-13T09:47:12.091,NC,NTPC,381.55,374.35,382.65,374.35,380.15,2291181,378.47,381.55,1378,381.7,54,
2026-04-13T09:47:13.087,NC,NTPC,381.55,374.35,382.65,374.35,380.15,2291230,378.47,381.55,1333,381.7,46,
2026-04-13T09:47:14.197,NC,NTPC,381.75,374.35,382.65,374.35,380.15,2292008,378.48,381.55,1112,381.75,414,
2026-04-13T09:47:15.298,NC,NTPC,381.55,374.35,382.65,374.35,380.15,2292460,378.48,381.7,26,381.75,85,
2026-04-13T09:47:16.409,NC,NTPC,381.95,374.35,382.65,374.35,380.15,2292829,378.48,381.8,119,381.95,116,
2026-04-13T09:47:17.496,NC,NTPC,382.0,374.35,382.65,374.35,380.15,2293933,378.48,381.8,128,382.0,1386,
2026-04-13T09:47:18.763,NC,NTPC,381.8,374.35,382.65,374.35,380.15,2294197,378.48,381.75,1137,381.95,122,
2026-04-13T09:47:19.699,NC,NTPC,381.75,374.35,382.65,374.35,380.15,2294423,378.48,381.75,1208,381.95,129,
2026-04-13T09:47:20.810,NC,NTPC,381.75,374.35,382.65,374.35,380.15,2294880,378.48,381.75,1252,381.95,82,
2026-04-13T09:47:21.915,NC,NTPC,381.95,374.35,382.65,374.35,380.15,2295480,378.48,381.75,1464,381.95,392,
2026-04-13T09:47:23.013,NC,NTPC,381.9,374.35,382.65,374.35,380.15,2296397,378.48,381.75,1453,381.9,769,
2026-04-13T09:47:24.118,NC,NTPC,381.75,374.35,382.65,374.35,380.15,2297826,378.48,381.75,24,381.9,1611,
2026-04-13T09:47:25.249,NC,NTPC,382.15,374.35,382.65,374.35,380.15,2318229,378.51,381.8,839,382.0,590,
2026-04-13T09:47:26.321,NC,NTPC,381.8,374.35,382.65,374.35,380.15,2323432,378.52,381.75,1070,381.8,152,
2026-04-13T09:47:27.422,NC,NTPC,381.8,374.35,382.65,374.35,380.15,2323435,378.52,381.75,1152,381.8,151,
2026-04-13T09:47:28.525,NC,NTPC,381.75,374.35,382.65,374.35,380.15,2324462,378.52,381.75,329,381.9,143,
2026-04-13T09:47:29.624,NC,NTPC,381.8,374.35,382.65,374.35,380.15,2324582,378.52,381.65,1264,381.75,1,
2026-04-13T09:47:30.725,NC,NTPC,381.65,374.35,382.65,374.35,380.15,2325972,378.53,381.7,122,381.85,417,
2026-04-13T09:47:31.830,NC,NTPC,381.65,374.35,382.65,374.35,380.15,2326357,378.53,381.6,362,381.7,32,
2026-04-13T09:47:32.936,NC,NTPC,381.7,374.35,382.65,374.35,380.15,2326504,378.53,381.7,62,381.8,788,
2026-04-13T09:47:33.935,NC,NTPC,381.7,374.35,382.65,374.35,380.15,2326622,378.53,381.6,505,381.7,13,
2026-04-13T09:47:35.032,NC,NTPC,381.6,374.35,382.65,374.35,380.15,2327371,378.53,381.6,267,381.8,1170,
2026-04-13T09:47:36.134,NC,NTPC,381.55,374.35,382.65,374.35,380.15,2328906,378.53,381.55,3310,381.8,1499,
2026-04-13T09:47:37.638,NC,NTPC,381.55,374.35,382.65,374.35,380.15,2329984,378.53,381.5,2817,381.55,7,
2026-04-13T09:47:38.733,NC,NTPC,381.75,374.35,382.65,374.35,380.15,2330061,378.53,381.55,3714,381.75,309,
2026-04-13T09:47:39.874,NC,NTPC,381.7,374.35,382.65,374.35,380.15,2330712,378.53,381.55,2666,381.75,518,
2026-04-13T09:47:40.885,NC,NTPC,381.75,374.35,382.65,374.35,380.15,2330876,378.53,381.55,2503,381.75,682,
2026-04-13T09:47:41.986,NC,NTPC,381.55,374.35,382.65,374.35,380.15,2330929,378.53,381.6,1580,381.75,846,
2026-04-13T09:47:43.091,NC,NTPC,381.6,374.35,382.65,374.35,380.15,2331077,378.53,381.6,1541,381.7,1447,
2026-04-13T09:47:44.191,NC,NTPC,381.7,374.35,382.65,374.35,380.15,2331211,378.53,381.6,1517,381.7,376,
2026-04-13T09:47:45.295,NC,NTPC,381.6,374.35,382.65,374.35,380.15,2331603,378.53,381.6,1127,381.7,1732,
2026-04-13T09:47:46.303,NC,NTPC,381.5,374.35,382.65,374.35,380.15,2333327,378.54,381.5,2756,381.65,367,
2026-04-13T09:47:47.408,NC,NTPC,381.5,374.35,382.65,374.35,380.15,2333722,378.54,381.5,2369,381.6,1137,
2026-04-13T09:47:48.508,NC,NTPC,381.5,374.35,382.65,374.35,380.15,2333850,378.54,381.5,2251,381.6,177,
2026-04-13T09:47:49.600,NC,NTPC,381.5,374.35,382.65,374.35,380.15,2333944,378.54,381.5,2257,381.6,115,
2026-04-13T09:47:50.709,NC,NTPC,381.5,374.35,382.65,374.35,380.15,2334435,378.54,381.5,1766,381.6,723,
2026-04-13T09:47:51.820,NC,NTPC,381.6,374.35,382.65,374.35,380.15,2334894,378.54,381.5,1640,381.6,1210,
2026-04-13T09:47:52.908,NC,NTPC,381.65,374.35,382.65,374.35,380.15,2335614,378.54,381.5,1572,381.65,221,
2026-04-13T09:47:54.005,NC,NTPC,381.5,374.35,382.65,374.35,380.15,2336526,378.54,381.5,666,381.65,221,
2026-04-13T09:47:55.108,NC,NTPC,381.6,374.35,382.65,374.35,380.15,2336998,378.54,381.6,499,381.65,5,
2026-04-13T09:47:56.210,NC,NTPC,381.6,374.35,382.65,374.35,380.15,2338151,378.54,381.6,174,381.75,57,
2026-04-13T09:47:57.308,NC,NTPC,381.65,374.35,382.65,374.35,380.15,2338338,378.54,381.65,43,381.75,74,
2026-04-13T09:47:58.415,NC,NTPC,381.75,374.35,382.65,374.35,380.15,2338396,378.54,381.65,106,381.75,4,
2026-04-13T09:47:59.518,NC,NTPC,381.65,374.35,382.65,374.35,380.15,2338432,378.54,381.65,88,381.8,1383,
2026-04-13T09:48:00.630,NC,NTPC,381.6,374.35,382.65,374.35,380.15,2338721,378.54,381.6,562,381.75,67,
2026-04-13T09:48:01.722,NC,NTPC,381.6,374.35,382.65,374.35,380.15,2338879,378.54,381.6,137,381.75,120,
2026-04-13T09:48:02.622,NC,NTPC,381.6,374.35,382.65,374.35,380.15,2338906,378.54,381.6,1212,381.75,4,
2026-04-13T09:48:03.728,NC,NTPC,381.8,374.35,382.65,374.35,380.15,2341264,378.55,381.6,790,381.8,1327,
2026-04-13T09:48:04.826,NC,NTPC,381.8,374.35,382.65,374.35,380.15,2342082,378.55,381.6,675,381.8,808,
2026-04-13T09:48:05.927,NC,NTPC,381.7,374.35,382.65,374.35,380.15,2342248,378.55,381.7,87,381.75,265,
2026-04-13T09:48:07.039,NC,NTPC,381.65,374.35,382.65,374.35,380.15,2344051,378.55,381.5,979,381.65,387,
2026-04-13T09:48:08.154,NC,NTPC,381.55,374.35,382.65,374.35,380.15,2344563,378.55,381.5,500,381.55,716,
2026-04-13T09:48:09.255,NC,NTPC,381.5,374.35,382.65,374.35,380.15,2345692,378.55,381.35,3047,381.5,8,
2026-04-13T09:48:10.146,NC,NTPC,381.5,374.35,382.65,374.35,380.15,2348049,378.55,381.5,845,381.55,635,
2026-04-13T09:48:11.250,NC,NTPC,381.65,374.35,382.65,374.35,380.15,2354271,378.56,381.4,1965,381.65,1568,
2026-04-13T09:48:12.350,NC,NTPC,381.4,374.35,382.65,374.35,380.15,2355528,378.56,381.4,1104,381.55,4,
2026-04-13T09:48:13.453,NC,NTPC,381.4,374.35,382.65,374.35,380.15,2356312,378.56,381.4,1878,381.6,25,
2026-04-13T09:48:14.554,NC,NTPC,381.4,374.35,382.65,374.35,380.15,2356594,378.57,381.4,68,381.55,700,
2026-04-13T09:48:15.556,NC,NTPC,381.35,374.35,382.65,374.35,380.15,2359902,378.57,381.35,458,381.45,676,
2026-04-13T09:48:16.659,NC,NTPC,381.3,374.35,382.65,374.35,380.15,2362054,378.57,381.3,449,381.45,686,
2026-04-13T09:48:17.668,NC,NTPC,381.45,374.35,382.65,374.35,380.15,2363050,378.57,381.3,240,381.45,501,
2026-04-13T09:48:18.786,NC,NTPC,381.3,374.35,382.65,374.35,380.15,2363508,378.57,381.3,1130,381.4,1,
2026-04-13T09:48:19.760,NC,NTPC,382.25,374.35,382.65,374.35,380.15,2375597,378.59,382.05,823,382.25,547,
2026-04-13T09:48:20.988,NC,NTPC,382.1,374.35,382.65,374.35,380.15,2379479,378.6,382.1,892,382.25,76,
2026-04-13T09:48:22.000,NC,NTPC,382.35,374.35,382.65,374.35,380.15,2380231,378.6,382.15,95,382.3,122,
2026-04-13T09:48:22.993,NC,NTPC,382.3,374.35,382.65,374.35,380.15,2383437,378.6,382.05,565,382.25,897,
2026-04-13T09:48:24.105,NC,NTPC,382.15,374.35,382.65,374.35,380.15,2383852,378.6,382.05,1137,382.15,148,
2026-04-13T09:48:25.101,NC,NTPC,382.15,374.35,382.65,374.35,380.15,2384038,378.6,382.05,953,382.15,115,
2026-04-13T09:48:26.097,NC,NTPC,382.15,374.35,382.65,374.35,380.15,2385523,378.61,381.95,174,382.15,328,
2026-04-13T09:48:27.100,NC,NTPC,382.15,374.35,382.65,374.35,380.15,2385656,378.61,382.05,237,382.15,5,
2026-04-13T09:48:28.115,NC,NTPC,382.15,374.35,382.65,374.35,380.15,2385942,378.61,382.05,1931,382.2,78,
2026-04-13T09:48:29.200,NC,NTPC,382.05,374.35,382.65,374.35,380.15,2386108,378.61,382.05,1242,382.2,4,
2026-04-13T09:48:30.199,NC,NTPC,382.2,374.35,382.65,374.35,380.15,2427581,378.66,382.1,957,382.2,14,
2026-04-13T09:48:31.200,NC,NTPC,382.5,374.35,382.65,374.35,380.15,2430489,378.67,382.3,1729,382.45,532,
2026-04-13T09:48:32.207,NC,NTPC,382.25,374.35,382.65,374.35,380.15,2432715,378.67,382.25,1500,382.35,30,
2026-04-13T09:48:33.205,NC,NTPC,382.25,374.35,382.65,374.35,380.15,2434090,378.67,382.25,2239,382.45,2445,
2026-04-13T09:48:34.203,NC,NTPC,382.25,374.35,382.65,374.35,380.15,2434957,378.67,382.25,1431,382.45,2394,
2026-04-13T09:48:35.323,NC,NTPC,382.3,374.35,382.65,374.35,380.15,2435821,378.67,382.25,64,382.3,17,
2026-04-13T09:48:36.314,NC,NTPC,382.45,374.35,382.65,374.35,380.15,2436260,378.67,382.4,1175,382.45,2129,
2026-04-13T09:48:37.513,NC,NTPC,382.7,374.35,382.9,374.35,380.15,2463098,378.72,382.7,629,382.9,2377,
2026-04-13T09:48:38.510,NC,NTPC,382.95,374.35,382.95,374.35,380.15,2465287,378.72,382.85,740,382.95,4101,
2026-04-13T09:48:39.514,NC,NTPC,382.8,374.35,382.95,374.35,380.15,2466666,378.72,382.8,798,382.95,4111,
2026-04-13T09:48:40.514,NC,NTPC,382.95,374.35,382.95,374.35,380.15,2471899,378.73,382.95,1500,383.0,9203,
2026-04-13T09:48:41.512,NC,NTPC,382.5,374.35,383.1,374.35,380.15,2488767,378.76,382.5,975,382.65,1701,
2026-04-13T09:48:42.642,NC,NTPC,382.25,374.35,383.1,374.35,380.15,2490718,378.76,382.2,1278,382.45,2735,
2026-04-13T09:48:43.616,NC,NTPC,382.05,374.35,383.1,374.35,380.15,2492201,378.77,382.05,256,382.25,1825,
2026-04-13T09:48:44.625,NC,NTPC,381.85,374.35,383.1,374.35,380.15,2496097,378.77,381.65,72,381.85,1571,
2026-04-13T09:48:45.616,NC,NTPC,381.85,374.35,383.1,374.35,380.15,2498389,378.77,381.7,306,381.85,911,
2026-04-13T09:48:46.618,NC,NTPC,381.8,374.35,383.1,374.35,380.15,2500491,378.78,381.6,1914,381.85,1743,
2026-04-13T09:48:47.732,NC,NTPC,381.6,374.35,383.1,374.35,380.15,2501399,378.78,381.55,88,381.75,1464,
2026-04-13T09:48:48.820,NC,NTPC,381.55,374.35,383.1,374.35,380.15,2501511,378.78,381.55,790,381.75,195,
2026-04-13T09:48:49.921,NC,NTPC,381.9,374.35,383.1,374.35,380.15,2506130,378.78,381.6,1084,381.9,2522,
2026-04-13T09:48:50.922,NC,NTPC,381.75,374.35,383.1,374.35,380.15,2506486,378.78,381.6,855,381.75,118,
2026-04-13T09:48:51.927,NC,NTPC,381.75,374.35,383.1,374.35,380.15,2507762,378.78,381.6,944,381.75,38,
2026-04-13T09:48:52.944,NC,NTPC,381.75,374.35,383.1,374.35,380.15,2508301,378.79,381.55,1166,381.75,579,
2026-04-13T09:48:54.052,NC,NTPC,381.55,374.35,383.1,374.35,380.15,2508354,378.79,381.55,1694,381.75,234,
2026-04-13T09:48:55.130,NC,NTPC,381.75,374.35,383.1,374.35,380.15,2508531,378.79,381.6,100,381.75,1033,
2026-04-13T09:48:56.230,NC,NTPC,381.75,374.35,383.1,374.35,380.15,2508567,378.79,381.6,69,381.75,1080,
2026-04-13T09:48:57.335,NC,NTPC,381.6,374.35,383.1,374.35,380.15,2511741,378.79,381.6,15,381.75,1963,
2026-04-13T09:48:58.435,NC,NTPC,381.95,374.35,383.1,374.35,380.15,2519270,378.8,381.85,52,382.0,662,
2026-04-13T09:48:59.336,NC,NTPC,381.85,374.35,383.1,374.35,380.15,2521925,378.8,381.8,974,382.0,842,
2026-04-13T09:49:00.435,NC,NTPC,381.75,374.35,383.1,374.35,380.15,2522841,378.8,381.75,1185,381.95,799,
2026-04-13T09:49:01.551,NC,NTPC,381.75,374.35,383.1,374.35,380.15,2523037,378.8,381.75,737,381.95,912,
2026-04-13T09:49:02.663,NC,NTPC,381.9,374.35,383.1,374.35,380.15,2525886,378.81,381.8,5239,381.9,874,
2026-04-13T09:49:03.748,NC,NTPC,381.75,374.35,383.1,374.35,380.15,2532977,378.81,381.6,870,381.75,164,
2026-04-13T09:49:04.859,NC,NTPC,381.6,374.35,383.1,374.35,380.15,2533626,378.82,381.6,733,381.75,6,
2026-04-13T09:49:05.852,NC,NTPC,381.6,374.35,383.1,374.35,380.15,2533934,378.82,381.6,1067,381.75,6,
2026-04-13T09:49:06.964,NC,NTPC,381.75,374.35,383.1,374.35,380.15,2534488,378.82,381.7,71,381.75,300,
2026-04-13T09:49:08.052,NC,NTPC,381.55,374.35,383.1,374.35,380.15,2535228,378.82,381.55,2011,381.7,14,
2026-04-13T09:49:09.150,NC,NTPC,381.6,374.35,383.1,374.35,380.15,2535863,378.82,381.6,128,381.8,903,
2026-04-13T09:49:10.279,NC,NTPC,381.6,374.35,383.1,374.35,380.15,2535965,378.82,381.6,32,381.75,762,
2026-04-13T09:49:11.365,NC,NTPC,381.6,374.35,383.1,374.35,380.15,2536010,378.82,381.6,208,381.7,267,
2026-04-13T09:49:12.450,NC,NTPC,381.5,374.35,383.1,374.35,380.15,2538331,378.82,381.5,1086,381.55,163,
2026-04-13T09:49:13.350,NC,NTPC,381.6,374.35,383.1,374.35,380.15,2538617,378.82,381.6,1499,381.75,1212,
2026-04-13T09:49:14.451,NC,NTPC,381.6,374.35,383.1,374.35,380.15,2538699,378.82,381.6,1417,381.7,156,
2026-04-13T09:49:16.554,NC,NTPC,381.5,374.35,383.1,374.35,380.15,2540221,378.82,381.5,1215,381.55,1,
2026-04-13T09:49:17.663,NC,NTPC,381.45,374.35,383.1,374.35,380.15,2541774,378.82,381.45,1460,381.55,250,
2026-04-13T09:49:18.772,NC,NTPC,381.45,374.35,383.1,374.35,380.15,2541987,378.82,381.45,1297,381.55,801,
2026-04-13T09:49:19.673,NC,NTPC,381.55,374.35,383.1,374.35,380.15,2542410,378.83,381.45,1274,381.55,754,
2026-04-13T09:49:20.659,NC,NTPC,381.45,374.35,383.1,374.35,380.15,2542538,378.83,381.45,1146,381.55,747,
2026-04-13T09:49:21.663,NC,NTPC,381.45,374.35,383.1,374.35,380.15,2543825,378.83,381.3,176,381.45,606,
2026-04-13T09:49:22.766,NC,NTPC,381.15,374.35,383.1,374.35,380.15,2544492,378.83,381.2,1133,381.4,88,
2026-04-13T09:49:23.768,NC,NTPC,381.4,374.35,383.1,374.35,380.15,2544733,378.83,381.2,895,381.4,88,
2026-04-13T09:49:24.777,NC,NTPC,381.2,374.35,383.1,374.35,380.15,2544835,378.83,381.2,791,381.4,585,
2026-04-13T09:49:25.784,NC,NTPC,381.2,374.35,383.1,374.35,380.15,2544856,378.83,381.2,771,381.4,583,
2026-04-13T09:49:26.673,NC,NTPC,381.15,374.35,383.1,374.35,380.15,2544918,378.83,381.15,1050,381.35,54,
2026-04-13T09:49:27.777,NC,NTPC,381.2,374.35,383.1,374.35,380.15,2544936,378.83,381.2,59,381.35,1,
2026-04-13T09:49:28.874,NC,NTPC,381.35,374.35,383.1,374.35,380.15,2544944,378.83,381.2,3,381.35,1651,
2026-04-13T09:49:29.883,NC,NTPC,381.2,374.35,383.1,374.35,380.15,2546073,378.83,381.1,794,381.2,11,
2026-04-13T09:49:30.976,NC,NTPC,381.25,374.35,383.1,374.35,380.15,2548065,378.83,381.1,5901,381.3,226,
2026-04-13T09:49:32.077,NC,NTPC,381.15,374.35,383.1,374.35,380.15,2548825,378.83,381.15,4926,381.25,16,
2026-04-13T09:49:33.217,NC,NTPC,381.15,374.35,383.1,374.35,380.15,2549104,378.83,381.15,4647,381.25,1,
2026-04-13T09:49:34.083,NC,NTPC,381.35,374.35,383.1,374.35,380.15,2549404,378.83,381.15,5229,381.35,867,
2026-04-13T09:49:35.197,NC,NTPC,381.8,374.35,383.1,374.35,380.15,2552492,378.84,381.65,3931,381.85,628,
2026-04-13T09:49:36.279,NC,NTPC,381.8,374.35,383.1,374.35,380.15,2556725,378.84,381.8,1595,381.9,19,
2026-04-13T09:49:37.379,NC,NTPC,381.95,374.35,383.1,374.35,380.15,2557940,378.84,381.8,117,381.95,83,
2026-04-13T09:49:38.306,NC,NTPC,381.75,374.35,383.1,374.35,380.15,2558246,378.84,381.75,116,381.95,1334,
2026-04-13T09:49:39.406,NC,NTPC,380.35,374.35,383.1,374.35,380.15,2774680,379.02,380.35,260,380.5,698,
2026-04-13T09:49:40.392,NC,NTPC,380.2,374.35,383.1,374.35,380.15,2812673,379.04,380.15,344,380.3,411,
2026-04-13T09:49:41.388,NC,NTPC,380.3,374.35,383.1,374.35,380.15,2818344,379.04,380.15,385,380.3,90,
2026-04-13T09:49:42.488,NC,NTPC,379.95,374.35,383.1,374.35,380.15,2858337,379.05,379.95,385,380.1,577,
2026-04-13T09:49:43.588,NC,NTPC,379.85,374.35,383.1,374.35,380.15,2861759,379.05,379.8,343,379.95,160,
2026-04-13T09:49:44.598,NC,NTPC,379.95,374.35,383.1,374.35,380.15,2861791,379.05,379.8,343,380.0,1128,
2026-04-13T09:49:45.598,NC,NTPC,380.0,374.35,383.1,374.35,380.15,2862196,379.05,379.8,485,380.0,866,
2026-04-13T09:49:46.696,NC,NTPC,379.95,374.35,383.1,374.35,380.15,2864545,379.05,379.95,1130,380.0,98,
2026-04-13T09:49:48.492,NC,NTPC,379.95,374.35,383.1,374.35,380.15,2866311,379.06,379.85,210,380.0,1628,
2026-04-13T09:49:49.597,NC,NTPC,380.0,374.35,383.1,374.35,380.15,2866411,379.06,379.85,210,380.0,1477,
2026-04-13T09:49:51.809,NC,NTPC,380.0,374.35,383.1,374.35,380.15,2866632,379.06,379.85,237,380.0,702,
2026-04-13T09:49:52.916,NC,NTPC,379.95,374.35,383.1,374.35,380.15,2871231,379.06,379.85,35,380.0,1436,
2026-04-13T09:49:54.010,NC,NTPC,380.0,374.35,383.1,374.35,380.15,2871362,379.06,379.85,35,380.0,1849,
2026-04-13T09:49:55.107,NC,NTPC,379.75,374.35,383.1,374.35,380.15,2872946,379.06,379.65,10,379.7,1,
2026-04-13T09:49:56.213,NC,NTPC,379.75,374.35,383.1,374.35,380.15,2873102,379.06,379.65,23,379.75,272,
2026-04-13T09:49:57.309,NC,NTPC,380.0,374.35,383.1,374.35,380.15,2873474,379.06,379.75,113,379.9,1123,
2026-04-13T09:49:58.424,NC,NTPC,379.9,374.35,383.1,374.35,380.15,2873674,379.06,379.75,113,379.9,870,
2026-04-13T09:49:59.410,NC,NTPC,379.7,374.35,383.1,374.35,380.15,2873925,379.06,379.65,436,379.9,1299,
2026-04-13T09:50:00.512,NC,NTPC,379.85,374.35,383.1,374.35,380.15,2874400,379.06,379.65,25,379.8,773,
2026-04-13T09:50:01.532,NC,NTPC,379.75,374.35,383.1,374.35,380.15,2874423,379.06,379.65,25,379.7,1,
2026-04-13T09:50:02.632,NC,NTPC,379.8,374.35,383.1,374.35,380.15,2875936,379.06,379.75,50,379.85,216,
2026-04-13T09:50:03.724,NC,NTPC,379.65,374.35,383.1,374.35,380.15,2875999,379.06,379.6,2,379.65,987,
2026-04-13T09:50:04.717,NC,NTPC,379.5,374.35,383.1,374.35,380.15,2876415,379.06,379.5,839,379.65,1526,
2026-04-13T09:50:05.918,NC,NTPC,379.8,374.35,383.1,374.35,380.15,2881614,379.06,379.55,1057,379.75,568,
2026-04-13T09:50:07.013,NC,NTPC,379.5,374.35,383.1,374.35,380.15,2883869,379.06,379.5,845,379.65,650,
2026-04-13T09:50:08.117,NC,NTPC,379.5,374.35,383.1,374.35,380.15,2884021,379.06,379.5,1296,379.65,114,
2026-04-13T09:50:09.221,NC,NTPC,379.7,374.35,383.1,374.35,380.15,2885975,379.06,379.7,2131,379.85,5,
2026-04-13T09:50:10.338,NC,NTPC,379.85,374.35,383.1,374.35,380.15,2886202,379.06,379.7,2225,379.85,53,
2026-04-13T09:50:11.419,NC,NTPC,379.7,374.35,383.1,374.35,380.15,2886214,379.06,379.7,2222,379.85,46,
2026-04-13T09:50:12.535,NC,NTPC,379.75,374.35,383.1,374.35,380.15,2888147,379.06,379.65,1000,379.75,656,
2026-04-13T09:50:13.629,NC,NTPC,379.65,374.35,383.1,374.35,380.15,2888448,379.06,379.65,1135,379.75,41,
2026-04-13T09:50:14.623,NC,NTPC,379.75,374.35,383.1,374.35,380.15,2888494,379.06,379.7,1500,379.75,44,
2026-04-13T09:50:15.722,NC,NTPC,379.75,374.35,383.1,374.35,380.15,2888696,379.06,379.7,1851,379.75,39,
2026-04-13T09:50:16.822,NC,NTPC,379.75,374.35,383.1,374.35,380.15,2888807,379.06,379.7,1887,379.85,33,
2026-04-13T09:50:17.922,NC,NTPC,379.9,374.35,383.1,374.35,380.15,2888996,379.06,379.7,1535,379.85,152,
2026-04-13T09:50:19.027,NC,NTPC,379.85,374.35,383.1,374.35,380.15,2889022,379.06,379.7,1534,379.85,127,
2026-04-13T09:50:20.124,NC,NTPC,379.7,374.35,383.1,374.35,380.15,2889142,379.06,379.7,1414,379.85,127,
2026-04-13T09:50:21.226,NC,NTPC,379.7,374.35,383.1,374.35,380.15,2889257,379.06,379.7,1379,379.85,31,
2026-04-13T09:50:23.437,NC,NTPC,379.7,374.35,383.1,374.35,380.15,2889261,379.06,379.7,1376,379.85,631,
2026-04-13T09:50:24.542,NC,NTPC,379.75,374.35,383.1,374.35,380.15,2889275,379.06,379.7,1376,379.8,3,
2026-04-13T09:50:25.634,NC,NTPC,379.8,374.35,383.1,374.35,380.15,2889376,379.06,379.7,1340,379.8,1316,
2026-04-13T09:50:26.740,NC,NTPC,379.6,374.35,383.1,374.35,380.15,2891647,379.06,379.6,379,379.7,1032,
2026-04-13T09:50:27.839,NC,NTPC,379.6,374.35,383.1,374.35,380.15,2891948,379.06,379.6,129,379.7,1175,
2026-04-13T09:50:28.738,NC,NTPC,379.7,374.35,383.1,374.35,380.15,2892128,379.06,379.6,149,379.7,1384,
2026-04-13T09:50:29.838,NC,NTPC,379.7,374.35,383.1,374.35,380.15,2892443,379.06,379.6,149,379.7,1440,
2026-04-13T09:50:30.947,NC,NTPC,379.65,374.35,383.1,374.35,380.15,2892618,379.06,379.5,1653,379.65,562,
2026-04-13T09:50:33.156,NC,NTPC,379.65,374.35,383.1,374.35,380.15,2893818,379.06,379.5,1653,379.65,2327,
2026-04-13T09:50:34.237,NC,NTPC,379.4,374.35,383.1,374.35,380.15,2897926,379.06,379.4,121,379.6,839,
2026-04-13T09:50:35.240,NC,NTPC,379.5,374.35,383.1,374.35,380.15,2903831,379.06,379.25,720,379.4,1,
2026-04-13T09:50:36.346,NC,NTPC,379.2,374.35,383.1,374.35,380.15,2905895,379.06,379.2,643,379.35,122,
2026-04-13T09:50:37.640,NC,NTPC,379.35,374.35,383.1,374.35,380.15,2907075,379.06,379.2,30,379.35,1403,
2026-04-13T09:50:38.643,NC,NTPC,379.15,374.35,383.1,374.35,380.15,2907458,379.06,379.1,1126,379.3,55,
2026-04-13T09:50:40.743,NC,NTPC,379.1,374.35,383.1,374.35,380.15,2908214,379.06,379.1,467,379.3,299,
2026-04-13T09:50:42.747,NC,NTPC,379.35,374.35,383.1,374.35,380.15,2909162,379.06,379.25,900,379.35,1159,
2026-04-13T09:50:43.854,NC,NTPC,379.3,374.35,383.1,374.35,380.15,2909592,379.06,379.25,589,379.3,422,
2026-04-13T09:50:44.954,NC,NTPC,379.3,374.35,383.1,374.35,380.15,2909892,379.06,379.25,389,379.3,295,
2026-04-13T09:50:46.059,NC,NTPC,379.35,374.35,383.1,374.35,380.15,2910121,379.06,379.35,161,379.4,1000,
2026-04-13T09:50:47.150,NC,NTPC,379.35,374.35,383.1,374.35,380.15,2910475,379.06,379.2,1285,379.35,83,
2026-04-13T09:50:48.251,NC,NTPC,379.25,374.35,383.1,374.35,380.15,2910476,379.06,379.2,1285,379.25,40,
2026-04-13T09:50:49.352,NC,NTPC,379.2,374.35,383.1,374.35,380.15,2911476,379.06,379.2,285,379.25,60,
2026-04-13T09:50:50.453,NC,NTPC,379.05,374.35,383.1,374.35,380.15,2913126,379.06,379.1,930,379.25,2,
2026-04-13T09:50:51.572,NC,NTPC,379.3,374.35,383.1,374.35,380.15,2914636,379.06,379.2,872,379.3,759,
2026-04-13T09:50:52.670,NC,NTPC,379.2,374.35,383.1,374.35,380.15,2917276,379.06,379.2,1405,379.3,315,
2026-04-13T09:50:53.765,NC,NTPC,379.3,374.35,383.1,374.35,380.15,2917701,379.06,379.2,3488,379.3,893,
2026-04-13T09:50:54.874,NC,NTPC,379.2,374.35,383.1,374.35,380.15,2918760,379.06,379.2,1395,379.3,1478,
2026-04-13T09:50:55.961,NC,NTPC,379.2,374.35,383.1,374.35,380.15,2918810,379.06,379.2,1345,379.3,2082,
2026-04-13T09:50:59.259,NC,NTPC,379.3,374.35,383.1,374.35,380.15,2918886,379.06,379.2,1394,379.3,7022,
2026-04-13T09:51:00.369,NC,NTPC,379.2,374.35,383.1,374.35,380.15,2919272,379.06,379.2,1109,379.3,7587,
2026-04-13T09:51:01.492,NC,NTPC,379.2,374.35,383.1,374.35,380.15,2920436,379.06,379.15,1500,379.2,790,
2026-04-13T09:51:02.564,NC,NTPC,379.15,374.35,383.1,374.35,380.15,2920604,379.06,379.15,1332,379.2,1439,
2026-04-13T09:51:03.563,NC,NTPC,379.15,374.35,383.1,374.35,380.15,2920619,379.06,379.15,1317,379.2,791,
2026-04-13T09:51:04.674,NC,NTPC,379.15,374.35,383.1,374.35,380.15,2924760,379.06,379.0,1036,379.15,425,
2026-04-13T09:51:05.785,NC,NTPC,379.05,374.35,383.1,374.35,380.15,2924849,379.06,379.05,464,379.15,77,
2026-04-13T09:51:06.871,NC,NTPC,379.0,374.35,383.1,374.35,380.15,2925888,379.06,379.0,50,379.1,70,
2026-04-13T09:51:07.969,NC,NTPC,379.5,374.35,383.1,374.35,380.15,2934119,379.06,379.5,1293,379.65,2197,
2026-04-13T09:51:08.977,NC,NTPC,379.35,374.35,383.1,374.35,380.15,2937148,379.07,379.35,52,379.55,2400,
2026-04-13T09:51:11.184,NC,NTPC,379.45,374.35,383.1,374.35,380.15,2937176,379.07,379.3,809,379.45,55,
2026-04-13T09:51:12.286,NC,NTPC,379.4,374.35,383.1,374.35,380.15,2937376,379.07,379.4,1300,379.45,248,
2026-04-13T09:51:13.391,NC,NTPC,379.15,374.35,383.1,374.35,380.15,2940183,379.07,379.1,2393,379.25,272,
2026-04-13T09:51:14.488,NC,NTPC,379.1,374.35,383.1,374.35,380.15,2940875,379.07,379.1,2340,379.2,70,
2026-04-13T09:51:15.480,NC,NTPC,379.1,374.35,383.1,374.35,380.15,2940964,379.07,379.1,3772,379.2,52,
2026-04-13T09:51:16.588,NC,NTPC,379.3,374.35,383.1,374.35,380.15,2944014,379.07,379.2,1603,379.35,209,
2026-04-13T09:51:17.680,NC,NTPC,379.2,374.35,383.1,374.35,380.15,2944015,379.07,379.2,1602,379.35,209,
2026-04-13T09:51:18.786,NC,NTPC,379.2,374.35,383.1,374.35,380.15,2944582,379.07,379.3,1035,379.35,3,
2026-04-13T09:51:20.990,NC,NTPC,379.2,374.35,383.1,374.35,380.15,2945081,379.07,379.15,1278,379.35,273,
2026-04-13T09:51:21.991,NC,NTPC,379.35,374.35,383.1,374.35,380.15,2946085,379.07,379.25,719,379.35,63,
2026-04-13T09:51:23.088,NC,NTPC,379.7,374.35,383.1,374.35,380.15,2948632,379.07,379.6,714,379.7,191,
2026-04-13T09:51:24.194,NC,NTPC,379.6,374.35,383.1,374.35,380.15,2949346,379.07,379.5,2097,379.65,3,
2026-04-13T09:51:25.294,NC,NTPC,379.5,374.35,383.1,374.35,380.15,2949357,379.07,379.5,1923,379.65,16,
2026-04-13T09:51:26.397,NC,NTPC,379.75,374.35,383.1,374.35,380.15,2949583,379.07,379.55,821,379.65,71,
2026-04-13T09:51:27.497,NC,NTPC,379.75,374.35,383.1,374.35,380.15,2950109,379.07,379.5,1361,379.7,83,
2026-04-13T09:51:28.540,NC,NTPC,379.7,374.35,383.1,374.35,380.15,2950299,379.07,379.5,722,379.7,1163,
2026-04-13T09:51:29.717,NC,NTPC,379.75,374.35,383.1,374.35,380.15,2950451,379.07,379.6,300,379.75,2047,
2026-04-13T09:51:30.806,NC,NTPC,379.75,374.35,383.1,374.35,380.15,2950452,379.07,379.7,5,379.75,46,
2026-04-13T09:51:31.908,NC,NTPC,379.75,374.35,383.1,374.35,380.15,2950920,379.07,379.7,1893,379.95,1804,
2026-04-13T09:51:34.106,NC,NTPC,379.95,374.35,383.1,374.35,380.15,2952420,379.07,379.8,891,380.0,10806,
2026-04-13T09:51:35.207,NC,NTPC,380.0,374.35,383.1,374.35,380.15,2952497,379.07,379.9,4,380.0,10870,
2026-04-13T09:51:36.307,NC,NTPC,379.95,374.35,383.1,374.35,380.15,2952563,379.07,379.75,352,379.95,2133,
2026-04-13T09:51:37.761,NC,NTPC,380.0,374.35,383.1,374.35,380.15,2954075,379.07,379.8,1032,380.0,11383,
2026-04-13T09:51:38.878,NC,NTPC,379.8,374.35,383.1,374.35,380.15,2954159,379.07,379.8,688,380.0,11765,
2026-04-13T09:51:41.873,NC,NTPC,380.0,374.35,383.1,374.35,380.15,2955657,379.07,379.8,2014,380.0,9404,
2026-04-13T09:51:43.979,NC,NTPC,380.0,374.35,383.1,374.35,380.15,2955732,379.07,379.8,1285,380.0,9330,
2026-04-13T09:51:45.086,NC,NTPC,380.0,374.35,383.1,374.35,380.15,2957232,379.07,379.8,1695,380.0,7870,
2026-04-13T09:51:46.086,NC,NTPC,380.0,374.35,383.1,374.35,380.15,2957261,379.07,379.95,3,380.0,8758,
2026-04-13T09:51:47.086,NC,NTPC,380.0,374.35,383.1,374.35,380.15,2957365,379.07,379.85,122,380.0,8363,
2026-04-13T09:51:48.194,NC,NTPC,379.8,374.35,383.1,374.35,380.15,2957457,379.07,379.85,122,380.0,8779,
2026-04-13T09:51:49.088,NC,NTPC,380.0,374.35,383.1,374.35,380.15,2957467,379.07,379.9,1123,380.0,7991,
2026-04-13T09:51:50.110,NC,NTPC,379.9,374.35,383.1,374.35,380.15,2957493,379.07,379.9,1149,380.0,7966,
2026-04-13T09:51:51.194,NC,NTPC,380.0,374.35,383.1,374.35,380.15,2960648,379.07,379.9,570,380.0,4913,
2026-04-13T09:51:52.293,NC,NTPC,379.9,374.35,383.1,374.35,380.15,2962219,379.07,379.85,1079,380.0,3492,
2026-04-13T09:51:53.395,NC,NTPC,379.85,374.35,383.1,374.35,380.15,2965237,379.07,379.85,70,380.0,1340,
2026-04-13T09:51:54.500,NC,NTPC,379.9,374.35,383.1,374.35,380.15,2965243,379.07,379.9,43,380.0,1340,
2026-04-13T09:51:55.522,NC,NTPC,380.0,374.35,383.1,374.35,380.15,2965755,379.07,379.85,913,380.0,843,
2026-04-13T09:51:56.602,NC,NTPC,379.8,374.35,383.1,374.35,380.15,2965760,379.07,379.8,6,379.95,1547,
2026-04-13T09:51:57.710,NC,NTPC,379.85,374.35,383.1,374.35,380.15,2967463,379.07,379.75,63,379.85,1179,
2026-04-13T09:51:58.704,NC,NTPC,379.85,374.35,383.1,374.35,380.15,2967538,379.07,379.75,63,379.85,1008,
2026-04-13T09:52:01.707,NC,NTPC,379.9,374.35,383.1,374.35,380.15,2967665,379.07,379.85,2179,380.0,706,
2026-04-13T09:52:02.606,NC,NTPC,380.0,374.35,383.1,374.35,380.15,2967667,379.07,379.9,310,380.0,706,
2026-04-13T09:52:03.607,NC,NTPC,379.85,374.35,383.1,374.35,380.15,2968289,379.07,379.85,2433,379.95,66,
2026-04-13T09:52:04.611,NC,NTPC,380.0,374.35,383.1,374.35,380.15,2968970,379.07,379.95,1238,380.0,767,
2026-04-13T09:52:05.712,NC,NTPC,380.0,374.35,383.1,374.35,380.15,2968985,379.07,379.95,1238,380.0,514,
2026-04-13T09:52:06.826,NC,NTPC,380.0,374.35,383.1,374.35,380.15,2970728,379.07,379.85,3004,380.0,306,
2026-04-13T09:52:07.918,NC,NTPC,379.85,374.35,383.1,374.35,380.15,2970928,379.07,379.9,825,380.0,306,
2026-04-13T09:52:09.015,NC,NTPC,380.0,374.35,383.1,374.35,380.15,2971028,379.07,379.9,1619,380.0,313,
2026-04-13T09:52:11.030,NC,NTPC,380.0,374.35,383.1,374.35,380.15,2971128,379.07,379.9,1619,380.0,300,
2026-04-13T09:52:12.023,NC,NTPC,379.95,374.35,383.1,374.35,380.15,2971133,379.07,379.9,1619,379.95,62,
2026-04-13T09:52:14.036,NC,NTPC,379.95,374.35,383.1,374.35,380.15,2971161,379.07,379.9,1619,379.95,101,
2026-04-13T09:52:15.927,NC,NTPC,379.95,374.35,383.1,374.35,380.15,2971359,379.07,379.9,1619,379.95,121,
2026-04-13T09:52:17.929,NC,NTPC,379.9,374.35,383.1,374.35,380.15,2971426,379.07,379.9,1552,379.95,122,
2026-04-13T09:52:19.032,NC,NTPC,379.95,374.35,383.1,374.35,380.15,2971531,379.07,379.85,1868,379.95,1534,
2026-04-13T09:52:20.031,NC,NTPC,379.85,374.35,383.1,374.35,380.15,2971640,379.07,379.85,1862,379.95,1175,
2026-04-13T09:52:21.134,NC,NTPC,379.75,374.35,383.1,374.35,380.15,2973925,379.07,379.6,183,379.75,896,
2026-04-13T09:52:22.138,NC,NTPC,379.75,374.35,383.1,374.35,380.15,2973956,379.07,379.6,956,379.75,273,
2026-04-13T09:52:24.035,NC,NTPC,379.8,374.35,383.1,374.35,380.15,2974018,379.07,379.65,636,379.8,435,
2026-04-13T09:52:25.036,NC,NTPC,379.8,374.35,383.1,374.35,380.15,2974228,379.07,379.65,1188,379.8,225,
2026-04-13T09:52:27.037,NC,NTPC,379.65,374.35,383.1,374.35,380.15,2974237,379.07,379.65,521,379.75,67,
2026-04-13T09:52:29.171,NC,NTPC,379.75,374.35,383.1,374.35,380.15,2974242,379.07,379.7,1500,379.75,62,
2026-04-13T09:52:30.083,NC,NTPC,379.7,374.35,383.1,374.35,380.15,2974245,379.07,379.7,1497,379.75,129,
2026-04-13T09:52:31.188,NC,NTPC,379.75,374.35,383.1,374.35,380.15,2974290,379.07,379.7,1497,379.75,84,
2026-04-13T09:52:32.286,NC,NTPC,379.75,374.35,383.1,374.35,380.15,2974291,379.07,379.7,1497,379.75,150,
2026-04-13T09:52:34.479,NC,NTPC,379.75,374.35,383.1,374.35,380.15,2974518,379.07,379.7,1280,379.75,662,
2026-04-13T09:52:35.581,NC,NTPC,379.75,374.35,383.1,374.35,380.15,2974621,379.07,379.7,1212,379.75,792,
2026-04-13T09:52:39.690,NC,NTPC,379.75,374.35,383.1,374.35,380.15,2975110,379.07,379.75,9,379.8,866,
2026-04-13T09:52:46.298,NC,NTPC,379.8,374.35,383.1,374.35,380.15,2975262,379.07,379.7,1078,379.8,320,
2026-04-13T09:52:52.810,NC,NTPC,379.75,374.35,383.1,374.35,380.15,2977544,379.07,379.6,75,379.75,1265,
2026-04-13T09:52:59.302,NC,NTPC,379.8,374.35,383.1,374.35,380.15,2981008,379.07,379.65,1019,379.8,8,
2026-04-13T09:53:05.715,NC,NTPC,379.7,374.35,383.1,374.35,380.15,2982389,379.08,379.7,375,379.8,144,
2026-04-13T09:53:12.123,NC,NTPC,379.55,374.35,383.1,374.35,380.15,2986307,379.08,379.6,1891,379.7,63,
2026-04-13T09:53:18.434,NC,NTPC,379.6,374.35,383.1,374.35,380.15,2994623,379.08,379.4,1500,379.55,67,
2026-04-13T09:53:24.944,NC,NTPC,379.5,374.35,383.1,374.35,380.15,2997121,379.08,379.4,1135,379.5,64,
2026-04-13T09:53:31.544,NC,NTPC,379.5,374.35,383.1,374.35,380.15,2998409,379.08,379.5,2973,379.55,70,
2026-04-13T09:53:38.050,NC,NTPC,379.75,374.35,383.1,374.35,380.15,2999774,379.08,379.75,1630,379.8,25,
2026-04-13T09:53:44.658,NC,NTPC,379.6,374.35,383.1,374.35,380.15,3001704,379.08,379.6,593,379.7,67,
2026-04-13T09:53:51.267,NC,NTPC,379.65,374.35,383.1,374.35,380.15,3004435,379.08,379.65,695,379.7,174,
2026-04-13T09:53:57.863,NC,NTPC,379.6,374.35,383.1,374.35,380.15,3005424,379.08,379.6,1308,379.65,77,
2026-04-13T09:54:04.370,NC,NTPC,379.65,374.35,383.1,374.35,380.15,3010439,379.08,379.6,162,379.65,84,
2026-04-13T09:54:10.888,NC,NTPC,379.85,374.35,383.1,374.35,380.15,3011210,379.08,379.7,1387,379.9,645,
2026-04-13T09:54:17.995,NC,NTPC,380.0,374.35,383.1,374.35,380.15,3019853,379.08,379.95,1835,380.0,315,
2026-04-13T09:54:24.813,NC,NTPC,380.0,374.35,383.1,374.35,380.15,3023895,379.08,380.0,81,380.05,47,
2026-04-13T09:54:31.818,NC,NTPC,380.0,374.35,383.1,374.35,380.15,3027279,379.09,380.0,1702,380.05,735,
2026-04-13T09:54:36.826,NC,NTPC,380.0,374.35,383.1,374.35,380.15,3029779,379.09,379.95,1472,380.0,809,
2026-04-13T09:54:37.919,NC,NTPC,379.95,374.35,383.1,374.35,380.15,3029794,379.09,379.95,1457,380.0,1443,
2026-04-13T09:54:39.034,NC,NTPC,379.95,374.35,383.1,374.35,380.15,3031327,379.09,379.95,1424,380.0,698,
2026-04-13T09:54:40.125,NC,NTPC,379.9,374.35,383.1,374.35,380.15,3032758,379.09,379.85,2009,379.9,371,
2026-04-13T09:54:41.225,NC,NTPC,379.9,374.35,383.1,374.35,380.15,3032759,379.09,379.85,2009,379.9,195,
2026-04-13T09:54:42.323,NC,NTPC,380.0,374.35,383.1,374.35,380.15,3033956,379.09,379.9,1304,380.0,777,
2026-04-13T09:54:43.339,NC,NTPC,379.9,374.35,383.1,374.35,380.15,3033966,379.09,379.9,1294,379.95,250,
2026-04-13T09:54:44.427,NC,NTPC,379.9,374.35,383.1,374.35,380.15,3034033,379.09,379.9,1227,379.95,345,
2026-04-13T09:54:45.529,NC,NTPC,379.95,374.35,383.1,374.35,380.15,3034089,379.09,379.9,1227,379.95,202,
2026-04-13T09:54:46.630,NC,NTPC,379.95,374.35,383.1,374.35,380.15,3034199,379.09,379.9,1160,379.95,941,
2026-04-13T09:54:47.734,NC,NTPC,379.9,374.35,383.1,374.35,380.15,3034266,379.09,379.9,1093,379.95,802,
2026-04-13T09:54:48.842,NC,NTPC,380.0,374.35,383.1,374.35,380.15,3038833,379.09,379.9,1026,379.95,5,
2026-04-13T09:54:49.837,NC,NTPC,380.0,374.35,383.1,374.35,380.15,3039001,379.09,379.9,1026,380.0,144,
2026-04-13T09:54:50.937,NC,NTPC,379.9,374.35,383.1,374.35,380.15,3039046,379.09,379.9,982,379.95,68,
2026-04-13T09:54:52.059,NC,NTPC,380.0,374.35,383.1,374.35,380.15,3039898,379.09,379.95,301,380.0,190,
2026-04-13T09:54:53.142,NC,NTPC,380.0,374.35,383.1,374.35,380.15,3041143,379.09,380.0,841,380.05,620,
2026-04-13T09:54:54.248,NC,NTPC,380.35,374.35,383.1,374.35,380.15,3046250,379.09,380.35,1739,380.5,876,
2026-04-13T09:54:55.358,NC,NTPC,380.05,374.35,383.1,374.35,380.15,3050929,379.09,380.05,2099,380.1,117,
2026-04-13T09:54:56.347,NC,NTPC,380.1,374.35,383.1,374.35,380.15,3052164,379.09,380.1,5170,380.3,549,
2026-04-13T09:54:57.455,NC,NTPC,380.1,374.35,383.1,374.35,380.15,3052369,379.09,380.15,509,380.35,1020,
2026-04-13T09:54:58.453,NC,NTPC,380.1,374.35,383.1,374.35,380.15,3052452,379.09,380.1,4079,380.15,200,
2026-04-13T09:54:59.550,NC,NTPC,380.1,374.35,383.1,374.35,380.15,3052709,379.09,380.1,2911,380.15,178,
2026-04-13T09:55:00.650,NC,NTPC,380.1,374.35,383.1,374.35,380.15,3052909,379.09,380.1,2591,380.15,11,
2026-04-13T09:55:01.853,NC,NTPC,380.1,374.35,383.1,374.35,380.15,3053259,379.09,380.1,2421,380.25,363,
2026-04-13T09:55:02.959,NC,NTPC,380.3,374.35,383.1,374.35,380.15,3053408,379.09,380.3,1588,380.5,694,
2026-04-13T09:55:03.955,NC,NTPC,380.35,374.35,383.1,374.35,380.15,3053699,379.09,380.35,606,380.45,3,
2026-04-13T09:55:04.966,NC,NTPC,380.45,374.35,383.1,374.35,380.15,3053808,379.09,380.35,508,380.45,53,
2026-04-13T09:55:06.065,NC,NTPC,380.5,374.35,383.1,374.35,380.15,3054002,379.09,380.35,1367,380.5,5,
2026-04-13T09:55:07.160,NC,NTPC,380.45,374.35,383.1,374.35,380.15,3054142,379.09,380.45,1931,380.5,157,
2026-04-13T09:55:08.280,NC,NTPC,380.5,374.35,383.1,374.35,380.15,3058192,379.1,380.5,358,380.55,53,
2026-04-13T09:55:09.364,NC,NTPC,380.7,374.35,383.1,374.35,380.15,3060428,379.1,380.5,874,380.7,1356,
2026-04-13T09:55:10.373,NC,NTPC,380.75,374.35,383.1,374.35,380.15,3063082,379.1,380.55,2265,380.75,256,
2026-04-13T09:55:11.465,NC,NTPC,380.7,374.35,383.1,374.35,380.15,3063441,379.1,380.55,518,380.75,1601,
2026-04-13T09:55:12.465,NC,NTPC,380.55,374.35,383.1,374.35,380.15,3064828,379.1,380.55,1215,380.75,1719,
2026-04-13T09:55:13.574,NC,NTPC,380.55,374.35,383.1,374.35,380.15,3066842,379.1,380.55,1087,380.75,489,
2026-04-13T09:55:14.574,NC,NTPC,380.55,374.35,383.1,374.35,380.15,3067145,379.1,380.5,1062,380.6,3,
2026-04-13T09:55:15.675,NC,NTPC,380.5,374.35,383.1,374.35,380.15,3067283,379.1,380.5,1196,380.65,123,
2026-04-13T09:55:16.693,NC,NTPC,380.55,374.35,383.1,374.35,380.15,3067368,379.1,380.55,2099,380.65,1,
2026-04-13T09:55:17.775,NC,NTPC,380.55,374.35,383.1,374.35,380.15,3068343,379.1,380.55,703,380.7,414,
2026-04-13T09:55:18.777,NC,NTPC,380.55,374.35,383.1,374.35,380.15,3068638,379.1,380.55,314,380.7,367,
2026-04-13T09:55:19.883,NC,NTPC,380.55,374.35,383.1,374.35,380.15,3068899,379.1,380.55,3,380.7,1612,
2026-04-13T09:55:20.989,NC,NTPC,380.5,374.35,383.1,374.35,380.15,3069004,379.1,380.5,1986,380.7,1574,
2026-04-13T09:55:22.097,NC,NTPC,380.55,374.35,383.1,374.35,380.15,3069086,379.1,380.5,3324,380.7,1086,
2026-04-13T09:55:23.198,NC,NTPC,380.5,374.35,383.1,374.35,380.15,3069245,379.1,380.5,1332,380.65,122,
2026-04-13T09:55:24.195,NC,NTPC,380.75,374.35,383.1,374.35,380.15,3071807,379.1,380.75,1455,380.9,1367,
2026-04-13T09:55:25.196,NC,NTPC,380.75,374.35,383.1,374.35,380.15,3072467,379.1,380.75,1092,380.9,17,
2026-04-13T09:55:26.197,NC,NTPC,380.75,374.35,383.1,374.35,380.15,3072677,379.1,380.75,849,380.9,6,
2026-04-13T09:55:27.203,NC,NTPC,380.95,374.35,383.1,374.35,380.15,3073503,379.1,380.8,1500,380.95,1782,
2026-04-13T09:55:28.201,NC,NTPC,380.8,374.35,383.1,374.35,380.15,3074593,379.1,380.8,410,380.95,2160,
2026-04-13T09:55:29.204,NC,NTPC,380.8,374.35,383.1,374.35,380.15,3075168,379.1,380.8,92,380.95,1676,
2026-04-13T09:55:30.103,NC,NTPC,380.75,374.35,383.1,374.35,380.15,3075419,379.1,380.75,777,380.9,198,
2026-04-13T09:55:31.206,NC,NTPC,380.85,374.35,383.1,374.35,380.15,3075526,379.1,380.85,258,380.9,561,
2026-04-13T09:55:32.318,NC,NTPC,380.9,374.35,383.1,374.35,380.15,3075567,379.1,380.85,2147,380.9,87,
2026-04-13T09:55:33.421,NC,NTPC,380.95,374.35,383.1,374.35,380.15,3076230,379.11,380.95,938,381.0,4118,
2026-04-13T09:55:34.415,NC,NTPC,381.0,374.35,383.1,374.35,380.15,3077809,379.11,380.95,980,381.0,2549,
2026-04-13T09:55:35.417,NC,NTPC,381.0,374.35,383.1,374.35,380.15,3078243,379.11,380.95,595,381.0,2486,
2026-04-13T09:55:36.422,NC,NTPC,380.95,374.35,383.1,374.35,380.15,3078753,379.11,380.95,487,381.0,2111,
2026-04-13T09:55:37.422,NC,NTPC,381.0,374.35,383.1,374.35,380.15,3080388,379.11,380.95,1102,381.0,604,
2026-04-13T09:55:38.538,NC,NTPC,380.95,374.35,383.1,374.35,380.15,3080971,379.11,380.85,2516,381.0,644,
2026-04-13T09:55:39.625,NC,NTPC,380.85,374.35,383.1,374.35,380.15,3081251,379.11,380.85,2236,380.95,26,
2026-04-13T09:55:40.771,NC,NTPC,380.9,374.35,383.1,374.35,380.15,3081404,379.11,380.9,47,380.95,4,
2026-04-13T09:55:41.825,NC,NTPC,380.9,374.35,383.1,374.35,380.15,3085514,379.11,380.9,957,381.0,46,
2026-04-13T09:55:42.928,NC,NTPC,380.85,374.35,383.1,374.35,380.15,3085889,379.11,380.85,1269,381.0,1286,
2026-04-13T09:55:44.029,NC,NTPC,380.9,374.35,383.1,374.35,380.15,3086562,379.11,380.9,154,381.0,8,
2026-04-13T09:55:45.129,NC,NTPC,381.0,374.35,383.1,374.35,380.15,3088110,379.11,380.85,2769,380.95,941,
2026-04-13T09:55:46.233,NC,NTPC,380.95,374.35,383.1,374.35,380.15,3090364,379.11,380.85,546,380.95,1185,
2026-04-13T09:55:47.331,NC,NTPC,380.7,374.35,383.1,374.35,380.15,3092289,379.11,380.7,663,380.75,99,
2026-04-13T09:55:48.360,NC,NTPC,380.7,374.35,383.1,374.35,380.15,3093162,379.12,380.7,321,380.75,467,
2026-04-13T09:55:49.337,NC,NTPC,380.8,374.35,383.1,374.35,380.15,3093357,379.12,380.7,162,380.8,103,
2026-04-13T09:55:50.434,NC,NTPC,380.7,374.35,383.1,374.35,380.15,3093413,379.12,380.7,107,380.8,459,
2026-04-13T09:55:51.434,NC,NTPC,380.7,374.35,383.1,374.35,380.15,3093427,379.12,380.7,93,380.8,552,
2026-04-13T09:55:52.451,NC,NTPC,380.75,374.35,383.1,374.35,380.15,3094664,379.12,380.75,744,380.8,221,
2026-04-13T09:55:53.538,NC,NTPC,380.75,374.35,383.1,374.35,380.15,3094780,379.12,380.75,628,380.8,317,
2026-04-13T09:55:54.639,NC,NTPC,380.75,374.35,383.1,374.35,380.15,3095031,379.12,380.75,397,380.8,148,
2026-04-13T09:55:55.739,NC,NTPC,380.75,374.35,383.1,374.35,380.15,3095110,379.12,380.75,318,380.8,142,
2026-04-13T09:55:56.746,NC,NTPC,380.8,374.35,383.1,374.35,380.15,3095138,379.12,380.75,908,380.8,1,
2026-04-13T09:55:57.740,NC,NTPC,380.75,374.35,383.1,374.35,380.15,3095266,379.12,380.9,380,380.95,976,
2026-04-13T09:55:58.760,NC,NTPC,380.9,374.35,383.1,374.35,380.15,3095671,379.12,380.8,334,380.9,127,
2026-04-13T09:55:59.841,NC,NTPC,380.8,374.35,383.1,374.35,380.15,3095772,379.12,380.8,269,380.9,128,
2026-04-13T09:56:00.845,NC,NTPC,380.9,374.35,383.1,374.35,380.15,3096702,379.12,380.8,1111,380.9,7,
2026-04-13T09:56:01.945,NC,NTPC,380.8,374.35,383.1,374.35,380.15,3096965,379.12,380.8,1376,380.95,169,
2026-04-13T09:56:02.970,NC,NTPC,380.8,374.35,383.1,374.35,380.15,3097176,379.12,380.8,1449,380.95,105,
2026-04-13T09:56:03.949,NC,NTPC,380.8,374.35,383.1,374.35,380.15,3097292,379.12,380.8,1528,380.95,89,
2026-04-13T09:56:04.849,NC,NTPC,380.8,374.35,383.1,374.35,380.15,3097353,379.12,380.8,1512,380.95,47,
2026-04-13T09:56:05.843,NC,NTPC,380.85,374.35,383.1,374.35,380.15,3099299,379.12,380.85,679,381.05,965,
2026-04-13T09:56:06.849,NC,NTPC,381.05,374.35,383.1,374.35,380.15,3099619,379.12,380.85,944,381.05,768,
2026-04-13T09:56:07.954,NC,NTPC,380.9,374.35,383.1,374.35,380.15,3100831,379.12,380.9,1147,381.05,5,
2026-04-13T09:56:09.056,NC,NTPC,380.9,374.35,383.1,374.35,380.15,3101299,379.12,380.95,792,381.1,489,
2026-04-13T09:56:10.160,NC,NTPC,381.1,374.35,383.1,374.35,380.15,3101499,379.12,380.95,6541,381.1,346,
2026-04-13T09:56:11.257,NC,NTPC,381.1,374.35,383.1,374.35,380.15,3103144,379.12,380.95,5869,381.1,240,
2026-04-13T09:56:12.257,NC,NTPC,381.15,374.35,383.1,374.35,380.15,3106197,379.12,380.95,5678,381.15,484,
2026-04-13T09:56:13.357,NC,NTPC,380.95,374.35,383.1,374.35,380.15,3107732,379.12,380.95,4228,381.1,16,
2026-04-13T09:56:14.457,NC,NTPC,380.95,374.35,383.1,374.35,380.15,3108837,379.12,380.95,3487,381.15,1982,
2026-04-13T09:56:15.560,NC,NTPC,381.0,374.35,383.1,374.35,380.15,3110483,379.13,380.95,3127,381.1,417,
2026-04-13T09:56:16.663,NC,NTPC,380.95,374.35,383.1,374.35,380.15,3110954,379.13,380.95,2828,381.1,57,
2026-04-13T09:56:17.761,NC,NTPC,380.95,374.35,383.1,374.35,380.15,3111560,379.13,380.95,2767,381.1,975,
2026-04-13T09:56:18.669,NC,NTPC,380.95,374.35,383.1,374.35,380.15,3112137,379.13,380.95,3159,381.1,1,
2026-04-13T09:56:19.764,NC,NTPC,381.0,374.35,383.1,374.35,380.15,3112971,379.13,380.95,2519,381.1,300,
2026-04-13T09:56:20.875,NC,NTPC,380.95,374.35,383.1,374.35,380.15,3113325,379.13,380.95,2260,381.1,155,
2026-04-13T09:56:21.970,NC,NTPC,381.1,374.35,383.1,374.35,380.15,3113568,379.13,380.95,3147,381.1,51,
2026-04-13T09:56:23.081,NC,NTPC,380.95,374.35,383.1,374.35,380.15,3113679,379.13,380.95,2181,381.1,7,
2026-04-13T09:56:24.207,NC,NTPC,381.1,374.35,383.1,374.35,380.15,3117295,379.13,380.95,1981,381.1,1489,
2026-04-13T09:56:25.170,NC,NTPC,381.0,374.35,383.1,374.35,380.15,3119321,379.13,380.9,1187,381.0,1,
2026-04-13T09:56:26.170,NC,NTPC,380.95,374.35,383.1,374.35,380.15,3119932,379.13,380.95,676,381.0,13,
2026-04-13T09:56:27.286,NC,NTPC,380.95,374.35,383.1,374.35,380.15,3120785,379.13,380.95,1290,381.0,15,
2026-04-13T09:56:28.374,NC,NTPC,380.95,374.35,383.1,374.35,380.15,3120975,379.13,380.95,761,381.1,222,
2026-04-13T09:56:29.487,NC,NTPC,380.95,374.35,383.1,374.35,380.15,3121116,379.13,380.95,630,381.1,150,
2026-04-13T09:56:30.590,NC,NTPC,381.0,374.35,383.1,374.35,380.15,3126520,379.13,380.9,4255,381.1,779,
2026-04-13T09:56:31.676,NC,NTPC,380.95,374.35,383.1,374.35,380.15,3127794,379.14,380.95,1093,381.1,57,
2026-04-13T09:56:32.778,NC,NTPC,381.15,374.35,383.1,374.35,380.15,3128087,379.14,380.95,975,381.15,1670,
2026-04-13T09:56:33.884,NC,NTPC,381.0,374.35,383.1,374.35,380.15,3128596,379.14,380.9,1948,381.1,546,
2026-04-13T09:56:34.983,NC,NTPC,380.9,374.35,383.1,374.35,380.15,3128722,379.14,380.9,4467,380.95,2,
2026-04-13T09:56:36.098,NC,NTPC,381.1,374.35,383.1,374.35,380.15,3128924,379.14,380.95,1213,381.05,2,
2026-04-13T09:56:37.177,NC,NTPC,381.1,374.35,383.1,374.35,380.15,3129183,379.14,380.95,2704,381.15,1737,
2026-04-13T09:56:38.092,NC,NTPC,380.95,374.35,383.1,374.35,380.15,3129246,379.14,380.95,2641,381.15,1929,
2026-04-13T09:56:39.104,NC,NTPC,381.15,374.35,383.1,374.35,380.15,3129271,379.14,381.0,4,381.1,616,
2026-04-13T09:56:40.089,NC,NTPC,381.0,374.35,383.1,374.35,380.15,3129402,379.14,380.95,2550,381.1,898,
2026-04-13T09:56:41.131,NC,NTPC,380.9,374.35,383.1,374.35,380.15,3130866,379.14,381.0,500,381.05,1674,
2026-04-13T09:56:42.082,NC,NTPC,381.0,374.35,383.1,374.35,380.15,3131366,379.14,380.9,1187,381.05,2183,
2026-04-13T09:56:43.117,NC,NTPC,380.95,374.35,383.1,374.35,380.15,3134562,379.14,380.85,2496,380.95,177,
2026-04-13T09:56:44.269,NC,NTPC,380.85,374.35,383.1,374.35,380.15,3135805,379.14,380.85,1996,380.95,26,
2026-04-13T09:56:45.112,NC,NTPC,380.9,374.35,383.1,374.35,380.15,3136144,379.14,380.85,970,380.9,7,
2026-04-13T09:56:46.113,NC,NTPC,380.9,374.35,383.1,374.35,380.15,3136269,379.14,380.9,78,380.95,2,
2026-04-13T09:56:47.095,NC,NTPC,380.85,374.35,383.1,374.35,380.15,3137277,379.14,380.8,1036,380.85,12,
2026-04-13T09:56:48.100,NC,NTPC,380.8,374.35,383.1,374.35,380.15,3137497,379.14,380.8,450,380.95,159,
2026-04-13T09:56:49.122,NC,NTPC,380.85,374.35,383.1,374.35,380.15,3137566,379.14,380.85,9,380.95,146,
2026-04-13T09:56:50.102,NC,NTPC,380.95,374.35,383.1,374.35,380.15,3137606,379.14,380.9,1471,380.95,645,
2026-04-13T09:56:51.097,NC,NTPC,380.95,374.35,383.1,374.35,380.15,3138205,379.14,380.9,1372,380.95,70,
2026-04-13T09:56:52.134,NC,NTPC,380.9,374.35,383.1,374.35,380.15,3138372,379.14,380.9,1225,380.95,4,
2026-04-13T09:56:53.201,NC,NTPC,380.9,374.35,383.1,374.35,380.15,3138409,379.14,380.9,1188,380.95,1,
2026-04-13T09:56:54.307,NC,NTPC,380.9,374.35,383.1,374.35,380.15,3138512,379.14,380.95,238,381.0,1417,
2026-04-13T09:56:55.316,NC,NTPC,380.95,374.35,383.1,374.35,380.15,3138532,379.14,380.95,218,381.0,1266,
2026-04-13T09:56:56.309,NC,NTPC,380.95,374.35,383.1,374.35,380.15,3138750,379.14,380.9,1100,380.95,1094,
2026-04-13T09:56:57.411,NC,NTPC,380.9,374.35,383.1,374.35,380.15,3138840,379.14,380.9,1038,380.95,1062,
2026-04-13T09:56:58.310,NC,NTPC,380.95,374.35,383.1,374.35,380.15,3139037,379.14,380.9,5522,380.95,981,
2026-04-13T09:56:59.423,NC,NTPC,380.95,374.35,383.1,374.35,380.15,3139264,379.14,380.9,5453,380.95,822,
2026-04-13T09:57:00.524,NC,NTPC,380.95,374.35,383.1,374.35,380.15,3139575,379.14,380.9,5382,380.95,928,
2026-04-13T09:57:01.617,NC,NTPC,380.9,374.35,383.1,374.35,380.15,3139647,379.14,380.9,5348,380.95,892,
2026-04-13T09:57:02.721,NC,NTPC,380.9,374.35,383.1,374.35,380.15,3141156,379.14,380.9,6539,380.95,145,
2026-04-13T09:57:03.822,NC,NTPC,380.95,374.35,383.1,374.35,380.15,3141550,379.14,380.95,39,381.0,1115,
2026-04-13T09:57:04.746,NC,NTPC,381.0,374.35,383.1,374.35,380.15,3141914,379.14,380.9,5039,381.0,202,
2026-04-13T09:57:05.923,NC,NTPC,380.9,374.35,383.1,374.35,380.15,3142059,379.14,380.9,4894,381.0,229,
2026-04-13T09:57:07.027,NC,NTPC,380.9,374.35,383.1,374.35,380.15,3142137,379.14,380.9,4869,381.0,260,
2026-04-13T09:57:08.134,NC,NTPC,380.95,374.35,383.1,374.35,380.15,3142171,379.14,380.95,6,381.0,74,
2026-04-13T09:57:09.235,NC,NTPC,380.9,374.35,383.1,374.35,380.15,3144677,379.15,380.9,3199,381.0,153,
2026-04-13T09:57:10.344,NC,NTPC,381.0,374.35,383.1,374.35,380.15,3145647,379.15,380.9,2232,381.0,215,
2026-04-13T09:57:11.332,NC,NTPC,380.9,374.35,383.1,374.35,380.15,3145897,379.15,380.9,1984,381.0,151,
2026-04-13T09:57:12.439,NC,NTPC,380.95,374.35,383.1,374.35,380.15,3145960,379.15,380.95,39,381.0,324,
2026-04-13T09:57:13.440,NC,NTPC,380.95,374.35,383.1,374.35,380.15,3145976,379.15,380.95,23,381.0,273,
2026-04-13T09:57:14.541,NC,NTPC,380.9,374.35,383.1,374.35,380.15,3146105,379.15,380.9,1931,381.0,883,
2026-04-13T09:57:15.541,NC,NTPC,380.9,374.35,383.1,374.35,380.15,3146115,379.15,380.9,2021,381.0,882,
2026-04-13T09:57:16.542,NC,NTPC,380.9,374.35,383.1,374.35,380.15,3146335,379.15,380.9,1975,381.0,693,
2026-04-13T09:57:17.541,NC,NTPC,380.9,374.35,383.1,374.35,380.15,3146346,379.15,380.9,2923,381.1,155,
2026-04-13T09:57:18.564,NC,NTPC,381.2,374.35,383.1,374.35,380.15,3151948,379.15,380.95,3925,381.2,2268,
2026-04-13T09:57:19.547,NC,NTPC,380.95,374.35,383.1,374.35,380.15,3155141,379.15,380.95,3951,381.2,2290,
2026-04-13T09:57:20.546,NC,NTPC,381.2,374.35,383.1,374.35,380.15,3159665,379.15,381.2,1783,381.25,165,
2026-04-13T09:57:21.658,NC,NTPC,381.6,374.35,383.1,374.35,380.15,3162728,379.16,381.55,93,381.7,1448,
2026-04-13T09:57:22.680,NC,NTPC,382.15,374.35,383.1,374.35,380.15,3177307,379.17,381.95,2060,382.15,1672,
2026-04-13T09:57:23.652,NC,NTPC,382.0,374.35,383.1,374.35,380.15,3177834,379.17,381.95,2219,382.15,669,
2026-04-13T09:57:24.663,NC,NTPC,382.25,374.35,383.1,374.35,380.15,3180064,379.17,382.2,560,382.3,313,
2026-04-13T09:57:25.665,NC,NTPC,381.95,374.35,383.1,374.35,380.15,3184242,379.18,381.75,1713,381.95,487,
2026-04-13T09:57:26.657,NC,NTPC,381.95,374.35,383.1,374.35,380.15,3187101,379.18,381.95,301,382.0,392,
2026-04-13T09:57:27.773,NC,NTPC,381.95,374.35,383.1,374.35,380.15,3187110,379.18,382.0,133,382.15,1193,
2026-04-13T09:57:28.771,NC,NTPC,381.95,374.35,383.1,374.35,380.15,3187317,379.18,381.95,343,382.1,560,
2026-04-13T09:57:29.868,NC,NTPC,382.2,374.35,383.1,374.35,380.15,3188282,379.18,382.0,879,382.05,1,
2026-04-13T09:57:30.966,NC,NTPC,382.0,374.35,383.1,374.35,380.15,3188514,379.18,382.05,3,382.15,1177,
2026-04-13T09:57:32.272,NC,NTPC,382.05,374.35,383.1,374.35,380.15,3188534,379.18,382.05,1,382.15,2108,
2026-04-13T09:57:33.373,NC,NTPC,382.05,374.35,383.1,374.35,380.15,3189031,379.18,382.05,1,382.15,2181,
2026-04-13T09:57:34.480,NC,NTPC,382.2,374.35,383.1,374.35,380.15,3190332,379.18,382.05,4,382.2,775,
2026-04-13T09:57:35.572,NC,NTPC,382.25,374.35,383.1,374.35,380.15,3191374,379.18,382.0,1756,382.2,2163,
2026-04-13T09:57:37.780,NC,NTPC,382.05,374.35,383.1,374.35,380.15,3196964,379.19,382.05,258,382.1,1,
2026-04-13T09:57:39.178,NC,NTPC,382.0,374.35,383.1,374.35,380.15,3198058,379.19,381.95,250,382.15,2566,
2026-04-13T09:57:40.285,NC,NTPC,382.15,374.35,383.1,374.35,380.15,3198059,379.19,382.0,4,382.15,2771,
2026-04-13T09:57:41.378,NC,NTPC,382.05,374.35,383.1,374.35,380.15,3199120,379.19,382.05,242,382.15,2343,
2026-04-13T09:57:42.483,NC,NTPC,382.15,374.35,383.1,374.35,380.15,3199278,379.19,382.05,232,382.15,477,
2026-04-13T09:57:43.605,NC,NTPC,382.05,374.35,383.1,374.35,380.15,3199380,379.19,382.05,230,382.15,1654,
2026-04-13T09:57:44.608,NC,NTPC,382.15,374.35,383.1,374.35,380.15,3201880,379.19,382.05,82,382.15,1208,
2026-04-13T09:57:46.693,NC,NTPC,382.15,374.35,383.1,374.35,380.15,3202163,379.19,382.0,1044,382.15,2332,
2026-04-13T09:57:48.896,NC,NTPC,382.15,374.35,383.1,374.35,380.15,3203165,379.19,382.0,838,382.15,2410,
2026-04-13T09:57:49.996,NC,NTPC,382.0,374.35,383.1,374.35,380.15,3203265,379.19,382.0,752,382.15,1694,
2026-04-13T09:57:51.139,NC,NTPC,382.15,374.35,383.1,374.35,380.15,3203515,379.19,382.0,2105,382.15,71,
2026-04-13T09:57:52.151,NC,NTPC,382.2,374.35,383.1,374.35,380.15,3203716,379.19,382.0,967,382.2,5563,
2026-04-13T09:57:53.242,NC,NTPC,382.2,374.35,383.1,374.35,380.15,3203782,379.19,382.0,3009,382.2,3966,
2026-04-13T09:57:54.338,NC,NTPC,382.2,374.35,383.1,374.35,380.15,3203833,379.19,382.0,2588,382.2,4159,
2026-04-13T09:57:55.343,NC,NTPC,382.15,374.35,383.1,374.35,380.15,3204293,379.19,382.15,105,382.2,3588,
2026-04-13T09:57:56.343,NC,NTPC,382.2,374.35,383.1,374.35,380.15,3204660,379.19,382.1,1548,382.2,3541,
2026-04-13T09:57:57.355,NC,NTPC,382.2,374.35,383.1,374.35,380.15,3204705,379.19,382.1,1548,382.2,3496,
2026-04-13T09:57:58.354,NC,NTPC,382.15,374.35,383.1,374.35,380.15,3204754,379.19,382.05,256,382.15,371,
2026-04-13T09:57:59.375,NC,NTPC,382.15,374.35,383.1,374.35,380.15,3205149,379.2,382.05,156,382.15,485,
2026-04-13T09:58:00.344,NC,NTPC,382.0,374.35,383.1,374.35,380.15,3205941,379.2,382.0,1076,382.15,371,
2026-04-13T09:58:01.346,NC,NTPC,382.2,374.35,383.1,374.35,380.15,3206694,379.2,382.1,3,382.15,131,
2026-04-13T09:58:02.467,NC,NTPC,382.2,374.35,383.1,374.35,380.15,3206819,379.2,382.1,3,382.2,5411,
2026-04-13T09:58:03.446,NC,NTPC,382.15,374.35,383.1,374.35,380.15,3206977,379.2,382.0,1696,382.15,50,
2026-04-13T09:58:04.568,NC,NTPC,382.15,374.35,383.1,374.35,380.15,3207022,379.2,382.0,1696,382.15,5,
2026-04-13T09:58:05.546,NC,NTPC,382.15,374.35,383.1,374.35,380.15,3207674,379.2,382.15,43,382.2,5452,
2026-04-13T09:58:06.550,NC,NTPC,382.0,374.35,383.1,374.35,380.15,3208112,379.2,382.0,1303,382.2,5247,
2026-04-13T09:58:07.647,NC,NTPC,382.2,374.35,383.1,374.35,380.15,3208182,379.2,382.0,1303,382.15,37,
2026-04-13T09:58:08.662,NC,NTPC,382.2,374.35,383.1,374.35,380.15,3208234,379.2,382.05,122,382.2,4449,
2026-04-13T09:58:09.747,NC,NTPC,382.2,374.35,383.1,374.35,380.15,3208379,379.2,382.1,684,382.2,4304,
2026-04-13T09:58:10.751,NC,NTPC,382.05,374.35,383.1,374.35,380.15,3208818,379.2,382.05,371,382.15,67,
2026-04-13T09:58:11.762,NC,NTPC,382.15,374.35,383.1,374.35,380.15,3208958,379.2,382.15,28,382.2,4660,
2026-04-13T09:58:12.750,NC,NTPC,382.2,374.35,383.1,374.35,380.15,3209031,379.2,382.05,299,382.2,4723,
2026-04-13T09:58:13.852,NC,NTPC,382.2,374.35,383.1,374.35,380.15,3209082,379.2,382.05,1200,382.2,4525,
2026-04-13T09:58:14.854,NC,NTPC,382.2,374.35,383.1,374.35,380.15,3210342,379.2,382.1,866,382.2,3445,
2026-04-13T09:58:15.855,NC,NTPC,382.25,374.35,383.1,374.35,380.15,3216757,379.21,382.3,1500,382.4,31,
2026-04-13T09:58:16.990,NC,NTPC,382.2,374.35,383.1,374.35,380.15,3218647,379.21,382.2,781,382.4,1170,
2026-04-13T09:58:17.959,NC,NTPC,382.4,374.35,383.1,374.35,380.15,3220474,379.21,382.2,1077,382.4,870,
2026-04-13T09:58:18.956,NC,NTPC,382.4,374.35,383.1,374.35,380.15,3220526,379.21,382.2,1071,382.4,824,
2026-04-13T09:58:19.999,NC,NTPC,382.35,374.35,383.1,374.35,380.15,3220608,379.21,382.2,1112,382.4,917,
2026-04-13T09:58:20.970,NC,NTPC,382.4,374.35,383.1,374.35,380.15,3220653,379.21,382.2,641,382.4,1549,
2026-04-13T09:58:21.967,NC,NTPC,382.4,374.35,383.1,374.35,380.15,3222220,379.21,382.2,1278,382.4,357,
2026-04-13T09:58:22.973,NC,NTPC,382.4,374.35,383.1,374.35,380.15,3222288,379.21,382.2,1928,382.4,359,
2026-04-13T09:58:23.960,NC,NTPC,382.6,374.35,383.1,374.35,380.15,3225177,379.21,382.4,1449,382.55,233,
2026-04-13T09:58:24.966,NC,NTPC,382.5,374.35,383.1,374.35,380.15,3227611,379.22,382.3,695,382.5,999,
2026-04-13T09:58:28.065,NC,NTPC,382.05,374.35,383.1,374.35,380.15,3228450,379.22,382.0,3852,382.05,66,
2026-04-13T09:58:29.165,NC,NTPC,382.0,374.35,383.1,374.35,380.15,3228652,379.22,382.0,3954,382.05,643,
2026-04-13T09:58:30.268,NC,NTPC,381.65,374.35,383.1,374.35,380.15,3241277,379.23,381.5,1662,381.65,53,
2026-04-13T09:58:31.371,NC,NTPC,381.6,374.35,383.1,374.35,380.15,3243282,379.23,381.6,173,381.7,391,
2026-04-13T09:58:33.381,NC,NTPC,381.6,374.35,383.1,374.35,380.15,3243473,379.23,381.55,250,381.6,67,
2026-04-13T09:58:34.477,NC,NTPC,381.65,374.35,383.1,374.35,380.15,3244755,379.23,381.55,50,381.65,2408,
2026-04-13T09:58:35.578,NC,NTPC,381.65,374.35,383.1,374.35,380.15,3244800,379.23,381.6,4,381.65,53,
2026-04-13T09:58:36.682,NC,NTPC,381.6,374.35,383.1,374.35,380.15,3244812,379.23,381.6,4,381.65,224,
2026-04-13T09:58:37.780,NC,NTPC,381.6,374.35,383.1,374.35,380.15,3244836,379.23,381.55,46,381.6,43,
2026-04-13T09:58:39.884,NC,NTPC,381.6,374.35,383.1,374.35,380.15,3244894,379.23,381.55,1045,381.65,1,
2026-04-13T09:58:40.992,NC,NTPC,381.7,374.35,383.1,374.35,380.15,3244968,379.23,381.65,1381,381.85,410,
2026-04-13T09:58:42.104,NC,NTPC,381.85,374.35,383.1,374.35,380.15,3245121,379.23,381.75,319,381.85,3,
2026-04-13T09:58:43.193,NC,NTPC,381.95,374.35,383.1,374.35,380.15,3245323,379.23,381.8,122,381.95,219,
2026-04-13T09:58:44.292,NC,NTPC,381.95,374.35,383.1,374.35,380.15,3245823,379.23,381.9,2,382.0,202,
2026-04-13T09:58:45.394,NC,NTPC,382.05,374.35,383.1,374.35,380.15,3247824,379.23,381.8,2,382.0,2245,
2026-04-13T09:58:46.293,NC,NTPC,381.95,374.35,383.1,374.35,380.15,3247847,379.23,381.8,2,381.95,987,
2026-04-13T09:58:47.394,NC,NTPC,381.9,374.35,383.1,374.35,380.15,3248192,379.23,381.7,224,381.9,2222,
2026-04-13T09:58:48.495,NC,NTPC,381.65,374.35,383.1,374.35,380.15,3248314,379.23,381.65,344,381.7,68,
2026-04-13T09:58:49.605,NC,NTPC,381.55,374.35,383.1,374.35,380.15,3248739,379.23,381.55,20,381.65,2224,
2026-04-13T09:58:51.803,NC,NTPC,381.65,374.35,383.1,374.35,380.15,3248769,379.23,381.6,2,381.65,294,
2026-04-13T09:58:52.907,NC,NTPC,381.65,374.35,383.1,374.35,380.15,3248779,379.23,381.6,2,381.65,284,
2026-04-13T09:58:54.020,NC,NTPC,381.55,374.35,383.1,374.35,380.15,3248801,379.23,381.5,453,381.55,178,
2026-04-13T09:58:55.114,NC,NTPC,381.55,374.35,383.1,374.35,380.15,3248903,379.23,381.5,798,381.55,176,
2026-04-13T09:58:56.206,NC,NTPC,381.55,374.35,383.1,374.35,380.15,3249084,379.23,381.6,2,381.65,301,
2026-04-13T09:58:57.312,NC,NTPC,381.5,374.35,383.1,374.35,380.15,3249199,379.23,381.5,1282,381.65,295,
2026-04-13T09:58:58.414,NC,NTPC,381.65,374.35,383.1,374.35,380.15,3249211,379.23,381.55,2,381.65,283,
2026-04-13T09:58:59.520,NC,NTPC,381.8,374.35,383.1,374.35,380.15,3252431,379.24,381.6,2,381.65,15,
2026-04-13T09:59:00.443,NC,NTPC,381.65,374.35,383.1,374.35,380.15,3252469,379.24,381.65,224,381.7,1,
2026-04-13T09:59:01.629,NC,NTPC,381.7,374.35,383.1,374.35,380.15,3252554,379.24,381.65,164,381.7,3,
2026-04-13T09:59:02.723,NC,NTPC,381.7,374.35,383.1,374.35,380.15,3252731,379.24,381.65,97,381.7,167,
2026-04-13T09:59:03.824,NC,NTPC,381.65,374.35,383.1,374.35,380.15,3252800,379.24,381.65,30,381.7,849,
2026-04-13T09:59:04.830,NC,NTPC,381.7,374.35,383.1,374.35,380.15,3252952,379.24,381.65,30,381.7,532,
2026-04-13T09:59:05.821,NC,NTPC,381.7,374.35,383.1,374.35,380.15,3253062,379.24,381.6,2,381.7,519,
2026-04-13T09:59:07.928,NC,NTPC,381.75,374.35,383.1,374.35,380.15,3254069,379.24,381.7,2147,381.85,1,
2026-04-13T09:59:09.025,NC,NTPC,381.7,374.35,383.1,374.35,380.15,3254079,379.24,381.7,1875,381.75,26,
2026-04-13T09:59:11.238,NC,NTPC,381.85,374.35,383.1,374.35,380.15,3254312,379.24,381.75,1474,381.85,874,
2026-04-13T09:59:12.327,NC,NTPC,381.8,374.35,383.1,374.35,380.15,3254329,379.24,381.75,1474,381.8,50,
2026-04-13T09:59:13.429,NC,NTPC,381.8,374.35,383.1,374.35,380.15,3254331,379.24,381.75,1474,381.8,182,
2026-04-13T09:59:14.543,NC,NTPC,381.8,374.35,383.1,374.35,380.15,3254333,379.24,381.75,1474,381.8,180,
2026-04-13T09:59:15.638,NC,NTPC,381.8,374.35,383.1,374.35,380.15,3254375,379.24,381.7,3114,381.8,138,
2026-04-13T09:59:16.748,NC,NTPC,381.75,374.35,383.1,374.35,380.15,3254410,379.24,381.7,3114,381.8,103,
2026-04-13T09:59:17.839,NC,NTPC,381.75,374.35,383.1,374.35,380.15,3254412,379.24,381.7,3174,381.8,101,
2026-04-13T09:59:18.937,NC,NTPC,381.7,374.35,383.1,374.35,380.15,3254419,379.24,381.7,3169,381.8,646,
2026-04-13T09:59:20.040,NC,NTPC,381.7,374.35,383.1,374.35,380.15,3254449,379.24,381.7,3141,381.75,432,
2026-04-13T09:59:21.145,NC,NTPC,381.7,374.35,383.1,374.35,380.15,3254692,379.24,381.7,2902,381.75,852,
2026-04-13T09:59:22.261,NC,NTPC,381.75,374.35,383.1,374.35,380.15,3255982,379.24,381.7,2902,381.75,65,
2026-04-13T09:59:23.345,NC,NTPC,381.8,374.35,383.1,374.35,380.15,3256134,379.24,381.75,60,381.8,385,
2026-04-13T09:59:24.448,NC,NTPC,381.8,374.35,383.1,374.35,380.15,3256137,379.24,381.75,60,381.8,353,
2026-04-13T09:59:25.553,NC,NTPC,381.8,374.35,383.1,374.35,380.15,3256144,379.24,381.75,55,381.8,557,
2026-04-13T09:59:26.677,NC,NTPC,381.8,374.35,383.1,374.35,380.15,3256244,379.24,381.75,55,381.8,267,
2026-04-13T09:59:27.656,NC,NTPC,381.75,374.35,383.1,374.35,380.15,3256299,379.24,381.7,2902,381.75,45,
2026-04-13T09:59:28.746,NC,NTPC,381.7,374.35,383.1,374.35,380.15,3257553,379.24,381.7,2898,381.75,20,
2026-04-13T09:59:29.845,NC,NTPC,381.7,374.35,383.1,374.35,380.15,3257585,379.24,381.7,2938,381.85,54,
2026-04-13T09:59:30.952,NC,NTPC,381.9,374.35,383.1,374.35,380.15,3257885,379.24,381.8,3,381.9,651,
2026-04-13T09:59:31.955,NC,NTPC,381.8,374.35,383.1,374.35,380.15,3257928,379.24,381.8,172,381.85,67,
2026-04-13T09:59:33.059,NC,NTPC,381.85,374.35,383.1,374.35,380.15,3258253,379.24,381.85,1263,381.95,675,
2026-04-13T09:59:33.967,NC,NTPC,381.85,374.35,383.1,374.35,380.15,3258289,379.24,381.85,1262,381.9,33,
2026-04-13T09:59:35.055,NC,NTPC,381.85,374.35,383.1,374.35,380.15,3258448,379.24,381.85,1103,381.9,515,
2026-04-13T09:59:36.158,NC,NTPC,381.9,374.35,383.1,374.35,380.15,3258757,379.24,381.85,1097,381.9,183,
2026-04-13T09:59:37.559,NC,NTPC,381.85,374.35,383.1,374.35,380.15,3259877,379.24,381.75,1,381.85,452,
2026-04-13T09:59:38.755,NC,NTPC,381.7,374.35,383.1,374.35,380.15,3260417,379.24,381.7,1445,381.85,452,
2026-04-13T09:59:39.776,NC,NTPC,381.85,374.35,383.1,374.35,380.15,3260420,379.24,381.75,399,381.85,27,
2026-04-13T09:59:40.858,NC,NTPC,381.85,374.35,383.1,374.35,380.15,3260457,379.24,381.85,23,381.9,147,
2026-04-13T09:59:42.963,NC,NTPC,381.7,374.35,383.1,374.35,380.15,3261357,379.24,381.7,1869,381.9,1,
2026-04-13T09:59:45.175,NC,NTPC,381.7,374.35,383.1,374.35,380.15,3261677,379.24,381.7,412,381.8,134,
2026-04-13T09:59:46.267,NC,NTPC,381.75,374.35,383.1,374.35,380.15,3261700,379.24,381.7,412,381.75,179,
2026-04-13T09:59:47.266,NC,NTPC,381.75,374.35,383.1,374.35,380.15,3261879,379.24,381.7,752,381.8,198,
2026-04-13T09:59:48.378,NC,NTPC,381.7,374.35,383.1,374.35,380.15,3261948,379.24,381.7,343,381.8,17,
2026-04-13T09:59:49.566,NC,NTPC,382.1,374.35,383.1,374.35,380.15,3263250,379.24,382.1,1499,382.2,209,
2026-04-13T09:59:50.674,NC,NTPC,382.25,374.35,383.1,374.35,380.15,3264800,379.25,382.25,1500,382.3,4,
2026-04-13T09:59:51.676,NC,NTPC,382.3,374.35,383.1,374.35,380.15,3264804,379.25,382.25,5414,382.4,54,
2026-04-13T09:59:52.774,NC,NTPC,382.2,374.35,383.1,374.35,380.15,3269436,379.25,382.05,1096,382.25,639,
2026-04-13T09:59:53.873,NC,NTPC,382.2,374.35,383.1,374.35,380.15,3271540,379.25,382.05,1270,382.2,55,
2026-04-13T09:59:54.976,NC,NTPC,382.25,374.35,383.1,374.35,380.15,3272654,379.25,382.25,1274,382.35,122,
2026-04-13T09:59:56.195,NC,NTPC,382.25,374.35,383.1,374.35,380.15,3272679,379.25,382.25,1299,382.4,419,
2026-04-13T09:59:57.182,NC,NTPC,382.45,374.35,383.1,374.35,380.15,3275928,379.26,382.3,911,382.5,1210,
2026-04-13T09:59:58.283,NC,NTPC,382.4,374.35,383.1,374.35,380.15,3278062,379.26,382.45,487,382.6,170,
2026-04-13T09:59:59.383,NC,NTPC,382.45,374.35,383.1,374.35,380.15,3278084,379.26,382.45,515,382.6,170,
2026-04-13T10:00:00.483,NC,NTPC,382.6,374.35,383.1,374.35,380.15,3278179,379.26,382.45,371,382.6,131,
2026-04-13T10:00:01.587,NC,NTPC,382.4,374.35,383.1,374.35,380.15,3278832,379.26,382.3,773,382.4,128,
2026-04-13T10:00:02.784,NC,NTPC,382.3,374.35,383.1,374.35,380.15,3279502,379.26,382.3,1009,382.5,1104,
2026-04-13T10:00:03.795,NC,NTPC,382.3,374.35,383.1,374.35,380.15,3280340,379.26,382.25,4672,382.45,630,
2026-04-13T10:00:04.891,NC,NTPC,382.45,374.35,383.1,374.35,380.15,3280381,379.26,382.25,3132,382.45,499,
2026-04-13T10:00:05.996,NC,NTPC,382.5,374.35,383.1,374.35,380.15,3280411,379.26,382.35,3000,382.5,24,
2026-04-13T10:00:07.098,NC,NTPC,382.5,374.35,383.1,374.35,380.15,3280414,379.26,382.35,1500,382.45,67,
2026-04-13T10:00:08.196,NC,NTPC,382.35,374.35,383.1,374.35,380.15,3281683,379.26,382.35,1756,382.45,67,
2026-04-13T10:00:09.398,NC,NTPC,382.35,374.35,383.1,374.35,380.15,3281760,379.26,382.4,1500,382.45,67,
2026-04-13T10:00:10.493,NC,NTPC,382.35,374.35,383.1,374.35,380.15,3281805,379.26,382.35,1862,382.45,67,
2026-04-13T10:00:11.591,NC,NTPC,382.35,374.35,383.1,374.35,380.15,3281850,379.26,382.35,1621,382.4,436,
2026-04-13T10:00:12.698,NC,NTPC,382.45,374.35,383.1,374.35,380.15,3285017,379.26,382.45,718,382.5,1316,
2026-04-13T10:00:13.798,NC,NTPC,382.35,374.35,383.1,374.35,380.15,3285848,379.27,382.35,4185,382.55,486,
2026-04-13T10:00:14.801,NC,NTPC,382.35,374.35,383.1,374.35,380.15,3285905,379.27,382.35,5458,382.45,134,
2026-04-13T10:00:16.011,NC,NTPC,382.45,374.35,383.1,374.35,380.15,3286173,379.27,382.35,3883,382.45,242,
2026-04-13T10:00:17.102,NC,NTPC,382.35,374.35,383.1,374.35,380.15,3286259,379.27,382.35,4841,382.45,72,
2026-04-13T10:00:18.197,NC,NTPC,382.35,374.35,383.1,374.35,380.15,3286452,379.27,382.35,2120,382.4,37,
2026-04-13T10:00:19.110,NC,NTPC,382.4,374.35,383.1,374.35,380.15,3286454,379.27,382.35,720,382.4,376,
2026-04-13T10:00:20.199,NC,NTPC,382.35,374.35,383.1,374.35,380.15,3287051,379.27,382.35,623,382.45,1607,
2026-04-13T10:00:21.407,NC,NTPC,382.35,374.35,383.1,374.35,380.15,3288165,379.27,382.35,1422,382.45,1527,
2026-04-13T10:00:22.520,NC,NTPC,382.45,374.35,383.1,374.35,380.15,3288508,379.27,382.35,1192,382.45,1401,
2026-04-13T10:00:23.616,NC,NTPC,382.35,374.35,383.1,374.35,380.15,3288617,379.27,382.35,1147,382.45,1649,
2026-04-13T10:00:24.709,NC,NTPC,382.45,374.35,383.1,374.35,380.15,3288980,379.27,382.4,1,382.45,925,
2026-04-13T10:00:25.621,NC,NTPC,382.45,374.35,383.1,374.35,380.15,3289042,379.27,382.35,756,382.45,53,
2026-04-13T10:00:26.712,NC,NTPC,382.35,374.35,383.1,374.35,380.15,3289510,379.27,382.35,465,382.45,1,
2026-04-13T10:00:27.717,NC,NTPC,382.35,374.35,383.1,374.35,380.15,3289555,379.27,382.35,420,382.45,1,
2026-04-13T10:00:28.814,NC,NTPC,382.35,374.35,383.1,374.35,380.15,3289861,379.27,382.35,220,382.5,1946,
2026-04-13T10:00:29.918,NC,NTPC,382.25,374.35,383.1,374.35,380.15,3290807,379.27,382.2,2401,382.45,1407,
2026-04-13T10:00:31.122,NC,NTPC,382.35,374.35,383.1,374.35,380.15,3290976,379.27,382.35,169,382.4,532,
2026-04-13T10:00:32.118,NC,NTPC,382.2,374.35,383.1,374.35,380.15,3291196,379.27,382.25,869,382.4,3,
2026-04-13T10:00:33.140,NC,NTPC,382.25,374.35,383.1,374.35,380.15,3291561,379.27,382.25,1720,382.45,1267,
2026-04-13T10:00:34.221,NC,NTPC,382.4,374.35,383.1,374.35,380.15,3291703,379.27,382.4,1455,382.45,36,
2026-04-13T10:00:35.326,NC,NTPC,382.4,374.35,383.1,374.35,380.15,3291943,379.27,382.4,1400,382.5,1595,
2026-04-13T10:00:36.422,NC,NTPC,382.4,374.35,383.1,374.35,380.15,3292033,379.27,382.4,1310,382.5,1558,
2026-04-13T10:00:37.536,NC,NTPC,382.5,374.35,383.1,374.35,380.15,3292306,379.27,382.4,1119,382.5,1605,
2026-04-13T10:00:38.527,NC,NTPC,382.4,374.35,383.1,374.35,380.15,3292764,379.27,382.4,1029,382.5,1919,
2026-04-13T10:00:39.626,NC,NTPC,382.4,374.35,383.1,374.35,380.15,3293924,379.27,382.4,1369,382.5,1468,
2026-04-13T10:00:40.728,NC,NTPC,382.35,374.35,383.1,374.35,380.15,3300514,379.28,382.4,1324,382.5,728,
2026-04-13T10:00:41.728,NC,NTPC,382.35,374.35,383.1,374.35,380.15,3302028,379.28,382.35,165,382.4,76,
2026-04-13T10:00:42.738,NC,NTPC,382.35,374.35,383.1,374.35,380.15,3303511,379.28,382.35,62,382.5,2012,
2026-04-13T10:00:43.750,NC,NTPC,382.25,374.35,383.1,374.35,380.15,3303713,379.28,382.25,1420,382.5,2642,
2026-04-13T10:00:44.746,NC,NTPC,382.5,374.35,383.1,374.35,380.15,3303855,379.28,382.4,329,382.5,1432,
2026-04-13T10:00:45.744,NC,NTPC,382.4,374.35,383.1,374.35,380.15,3303995,379.28,382.4,1410,382.5,1340,
2026-04-13T10:00:46.838,NC,NTPC,382.4,374.35,383.1,374.35,380.15,3304108,379.28,382.4,1320,382.5,1417,
2026-04-13T10:00:47.943,NC,NTPC,382.4,374.35,383.1,374.35,380.15,3304269,379.28,382.4,1230,382.5,1249,
2026-04-13T10:00:49.042,NC,NTPC,382.4,374.35,383.1,374.35,380.15,3304395,379.28,382.4,1104,382.5,1349,
2026-04-13T10:00:50.147,NC,NTPC,382.35,374.35,383.1,374.35,380.15,3307131,379.29,382.35,329,382.5,1133,
2026-04-13T10:00:51.146,NC,NTPC,382.4,374.35,383.1,374.35,380.15,3307250,379.29,382.4,301,382.5,49,
2026-04-13T10:00:52.063,NC,NTPC,382.4,374.35,383.1,374.35,380.15,3307295,379.29,382.4,256,382.5,165,
2026-04-13T10:00:53.150,NC,NTPC,382.4,374.35,383.1,374.35,380.15,3307710,379.29,382.4,669,382.5,156,
2026-04-13T10:00:54.157,NC,NTPC,382.35,374.35,383.1,374.35,380.15,3307926,379.29,382.35,2191,382.5,425,
2026-04-13T10:00:55.252,NC,NTPC,382.4,374.35,383.1,374.35,380.15,3308331,379.29,382.4,329,382.55,592,
2026-04-13T10:00:56.255,NC,NTPC,382.4,374.35,383.1,374.35,380.15,3308421,379.29,382.4,1739,382.55,262,
2026-04-13T10:00:57.349,NC,NTPC,382.5,374.35,383.1,374.35,380.15,3308898,379.29,382.5,13,382.55,274,
2026-04-13T10:00:58.460,NC,NTPC,382.45,374.35,383.1,374.35,380.15,3309980,379.29,382.45,374,382.55,45,
2026-04-13T10:00:59.356,NC,NTPC,382.4,374.35,383.1,374.35,380.15,3310130,379.29,382.4,2469,382.6,148,
2026-04-13T10:01:00.360,NC,NTPC,382.45,374.35,383.1,374.35,380.15,3310220,379.29,382.45,374,382.6,1339,
2026-04-13T10:01:01.354,NC,NTPC,382.45,374.35,383.1,374.35,380.15,3310486,379.29,382.45,1059,382.6,538,
2026-04-13T10:01:02.358,NC,NTPC,382.6,374.35,383.1,374.35,380.15,3310777,379.29,382.5,110,382.6,212,
2026-04-13T10:01:03.459,NC,NTPC,382.5,374.35,383.1,374.35,380.15,3311879,379.29,382.45,1077,382.6,214,
2026-04-13T10:01:04.458,NC,NTPC,382.6,374.35,383.1,374.35,380.15,3312628,379.29,382.45,1146,382.6,19,
2026-04-13T10:01:05.458,NC,NTPC,382.65,374.35,383.1,374.35,380.15,3312892,379.29,382.45,858,382.6,12,
2026-04-13T10:01:06.459,NC,NTPC,382.45,374.35,383.1,374.35,380.15,3313034,379.29,382.45,727,382.6,132,
2026-04-13T10:01:07.462,NC,NTPC,382.6,374.35,383.1,374.35,380.15,3313137,379.29,382.45,1017,382.6,131,
2026-04-13T10:01:08.563,NC,NTPC,382.5,374.35,383.1,374.35,380.15,3313182,379.29,382.5,30,382.6,183,
2026-04-13T10:01:09.563,NC,NTPC,382.4,374.35,383.1,374.35,380.15,3313277,379.29,382.4,2464,382.6,2034,
2026-04-13T10:01:10.564,NC,NTPC,382.4,374.35,383.1,374.35,380.15,3313328,379.29,382.45,10,382.5,9,
2026-04-13T10:01:11.594,NC,NTPC,382.6,374.35,383.1,374.35,380.15,3314849,379.29,382.45,795,382.6,684,
2026-04-13T10:01:12.568,NC,NTPC,382.6,374.35,383.1,374.35,380.15,3315532,379.29,382.55,1639,382.7,46,
2026-04-13T10:01:13.571,NC,NTPC,382.5,374.35,383.1,374.35,380.15,3318328,379.3,382.5,824,382.7,521,
2026-04-13T10:01:14.571,NC,NTPC,382.4,374.35,383.1,374.35,380.15,3319991,379.3,382.4,3298,382.5,760,
2026-04-13T10:01:15.571,NC,NTPC,382.45,374.35,383.1,374.35,380.15,3326079,379.3,382.45,1499,382.5,153,
2026-04-13T10:01:16.582,NC,NTPC,382.55,374.35,383.1,374.35,380.15,3327779,379.31,382.5,1002,382.55,1248,
2026-04-13T10:01:17.575,NC,NTPC,382.5,374.35,383.1,374.35,380.15,3327925,379.31,382.5,856,382.55,1440,
2026-04-13T10:01:18.575,NC,NTPC,382.5,374.35,383.1,374.35,380.15,3327976,379.31,382.5,805,382.55,650,
2026-04-13T10:01:19.578,NC,NTPC,382.65,374.35,383.1,374.35,380.15,3330527,379.31,382.55,1454,382.65,1865,
2026-04-13T10:01:20.589,NC,NTPC,382.65,374.35,383.1,374.35,380.15,3330686,379.31,382.55,1305,382.65,1855,
2026-04-13T10:01:21.607,NC,NTPC,382.55,374.35,383.1,374.35,380.15,3331231,379.31,382.55,783,382.65,1546,
2026-04-13T10:01:22.588,NC,NTPC,382.65,374.35,383.1,374.35,380.15,3331482,379.31,382.55,732,382.65,1528,
2026-04-13T10:01:23.590,NC,NTPC,382.55,374.35,383.1,374.35,380.15,3331993,379.31,382.55,223,382.65,1700,
2026-04-13T10:01:24.625,NC,NTPC,382.5,374.35,383.1,374.35,380.15,3332738,379.31,382.5,234,382.6,958,
2026-04-13T10:01:25.645,NC,NTPC,382.5,374.35,383.1,374.35,380.15,3332963,379.31,382.5,144,382.6,1090,
2026-04-13T10:01:26.505,NC,NTPC,382.5,374.35,383.1,374.35,380.15,3333083,379.31,382.5,254,382.6,350,
2026-04-13T10:01:27.500,NC,NTPC,382.6,374.35,383.1,374.35,380.15,3333798,379.31,382.5,1725,382.65,700,
2026-04-13T10:01:28.502,NC,NTPC,382.8,374.35,383.1,374.35,380.15,3335678,379.31,382.65,2139,382.8,1889,
2026-04-13T10:01:29.501,NC,NTPC,382.65,374.35,383.1,374.35,380.15,3335840,379.31,382.65,2342,382.8,1889,
2026-04-13T10:01:30.515,NC,NTPC,382.9,374.35,383.1,374.35,380.15,3338935,379.32,382.7,976,382.9,1858,
2026-04-13T10:01:31.502,NC,NTPC,382.65,374.35,383.1,374.35,380.15,3349284,379.33,382.65,296,382.8,242,
2026-04-13T10:01:32.508,NC,NTPC,382.75,374.35,383.1,374.35,380.15,3352902,379.33,382.6,1248,382.8,1083,
2026-04-13T10:01:34.510,NC,NTPC,382.65,374.35,383.1,374.35,380.15,3353536,379.33,382.65,893,382.8,135,
2026-04-13T10:01:35.625,NC,NTPC,382.9,374.35,383.1,374.35,380.15,3357652,379.34,382.8,489,382.95,1685,
2026-04-13T10:01:36.531,NC,NTPC,382.75,374.35,383.1,374.35,380.15,3358408,379.34,382.75,369,382.9,38,
2026-04-13T10:01:37.516,NC,NTPC,382.95,374.35,383.1,374.35,380.15,3358828,379.34,382.7,1104,382.9,1040,
2026-04-13T10:01:38.518,NC,NTPC,382.9,374.35,383.1,374.35,380.15,3359048,379.34,382.75,122,382.95,3126,
2026-04-13T10:01:39.518,NC,NTPC,382.75,374.35,383.1,374.35,380.15,3359053,379.34,382.75,174,382.95,2443,
2026-04-13T10:01:40.617,NC,NTPC,382.9,374.35,383.1,374.35,380.15,3359064,379.34,382.7,1112,382.9,504,
2026-04-13T10:01:41.731,NC,NTPC,382.7,374.35,383.1,374.35,380.15,3359089,379.34,382.7,791,382.9,2494,
2026-04-13T10:01:42.859,NC,NTPC,382.65,374.35,383.1,374.35,380.15,3359214,379.34,382.75,200,382.85,1317,
2026-04-13T10:01:43.827,NC,NTPC,382.85,374.35,383.1,374.35,380.15,3359749,379.34,382.7,174,382.85,322,
2026-04-13T10:01:44.934,NC,NTPC,382.9,374.35,383.1,374.35,380.15,3360022,379.34,382.7,510,382.9,352,
2026-04-13T10:01:45.932,NC,NTPC,382.9,374.35,383.1,374.35,380.15,3360037,379.34,382.85,3,382.9,3,
2026-04-13T10:01:46.949,NC,NTPC,382.9,374.35,383.1,374.35,380.15,3360147,379.34,382.85,2,382.9,106,
2026-04-13T10:01:50.038,NC,NTPC,382.75,374.35,383.1,374.35,380.15,3360694,379.34,382.75,784,382.95,2148,
2026-04-13T10:01:51.146,NC,NTPC,382.9,374.35,383.1,374.35,380.15,3361031,379.34,382.75,723,382.95,2698,
2026-04-13T10:01:52.254,NC,NTPC,382.85,374.35,383.1,374.35,380.15,3363751,379.34,382.75,50,382.85,832,
2026-04-13T10:01:53.348,NC,NTPC,382.65,374.35,383.1,374.35,380.15,3363811,379.34,382.7,142,382.85,484,
2026-04-13T10:01:54.479,NC,NTPC,382.85,374.35,383.1,374.35,380.15,3363837,379.34,382.7,142,382.85,731,
2026-04-13T10:01:55.448,NC,NTPC,382.85,374.35,383.1,374.35,380.15,3364295,379.34,382.75,663,382.95,2112,
2026-04-13T10:01:56.443,NC,NTPC,382.95,374.35,383.1,374.35,380.15,3364570,379.34,382.85,60,382.95,2059,
2026-04-13T10:01:57.447,NC,NTPC,382.95,374.35,383.1,374.35,380.15,3364715,379.34,382.85,23,382.95,2560,
2026-04-13T10:01:59.463,NC,NTPC,382.95,374.35,383.1,374.35,380.15,3364978,379.34,382.85,23,382.95,2551,
2026-04-13T10:02:00.655,NC,NTPC,382.9,374.35,383.1,374.35,380.15,3368061,379.35,382.7,194,382.85,153,
2026-04-13T10:02:02.767,NC,NTPC,382.85,374.35,383.1,374.35,380.15,3368105,379.35,382.8,3,382.85,704,
2026-04-13T10:02:03.864,NC,NTPC,382.85,374.35,383.1,374.35,380.15,3368129,379.35,382.8,3,382.85,64,
2026-04-13T10:02:04.864,NC,NTPC,382.95,374.35,383.1,374.35,380.15,3368338,379.35,382.8,203,382.95,2327,
2026-04-13T10:02:06.061,NC,NTPC,382.75,374.35,383.1,374.35,380.15,3368842,379.35,382.7,20,382.75,85,
2026-04-13T10:02:07.160,NC,NTPC,382.65,374.35,383.1,374.35,380.15,3368910,379.35,382.65,153,382.7,302,
2026-04-13T10:02:08.294,NC,NTPC,382.8,374.35,383.1,374.35,380.15,3370585,379.35,382.7,294,382.75,151,
2026-04-13T10:02:09.366,NC,NTPC,382.5,374.35,383.1,374.35,380.15,3374664,379.35,382.6,52,382.75,6,
2026-04-13T10:02:10.514,NC,NTPC,382.6,374.35,383.1,374.35,380.15,3374665,379.35,382.6,1088,382.75,6,
2026-04-13T10:02:11.474,NC,NTPC,382.55,374.35,383.1,374.35,380.15,3375565,379.35,382.55,2059,382.75,1046,
2026-04-13T10:02:12.475,NC,NTPC,382.7,374.35,383.1,374.35,380.15,3375659,379.35,382.5,1781,382.7,524,
2026-04-13T10:02:13.529,NC,NTPC,382.65,374.35,383.1,374.35,380.15,3375759,379.35,382.5,1323,382.65,505,
2026-04-13T10:02:15.583,NC,NTPC,382.65,374.35,383.1,374.35,380.15,3376029,379.35,382.5,624,382.65,1243,
2026-04-13T10:02:16.691,NC,NTPC,382.65,374.35,383.1,374.35,380.15,3377404,379.36,382.5,280,382.65,765,
2026-04-13T10:02:17.801,NC,NTPC,382.5,374.35,383.1,374.35,380.15,3377506,379.36,382.5,706,382.65,110,
2026-04-13T10:02:18.891,NC,NTPC,382.75,374.35,383.1,374.35,380.15,3378531,379.36,382.5,1840,382.65,12,
2026-04-13T10:02:19.906,NC,NTPC,382.5,374.35,383.1,374.35,380.15,3378731,379.36,382.5,1659,382.65,12,
2026-04-13T10:02:20.900,NC,NTPC,382.65,374.35,383.1,374.35,380.15,3378975,379.36,382.65,538,382.7,219,
2026-04-13T10:02:21.903,NC,NTPC,382.65,374.35,383.1,374.35,380.15,3379533,379.36,382.5,302,382.6,650,
2026-04-13T10:02:22.897,NC,NTPC,382.55,374.35,383.1,374.35,380.15,3379904,379.36,382.45,23,382.55,287,
2026-04-13T10:02:23.898,NC,NTPC,382.5,374.35,383.1,374.35,380.15,3379955,379.36,382.45,23,382.5,212,
2026-04-13T10:02:24.898,NC,NTPC,382.65,374.35,383.1,374.35,380.15,3380719,379.36,382.4,2400,382.65,1492,
2026-04-13T10:02:25.906,NC,NTPC,382.6,374.35,383.1,374.35,380.15,3380744,379.36,382.4,1893,382.6,897,
2026-04-13T10:02:26.907,NC,NTPC,382.6,374.35,383.1,374.35,380.15,3381044,379.36,382.4,2070,382.6,55,
2026-04-13T10:02:27.916,NC,NTPC,382.4,374.35,383.1,374.35,380.15,3381088,379.36,382.4,2151,382.6,105,
2026-04-13T10:02:31.022,NC,NTPC,382.55,374.35,383.1,374.35,380.15,3381367,379.36,382.45,276,382.55,38,
2026-04-13T10:02:33.019,NC,NTPC,382.65,374.35,383.1,374.35,380.15,3381788,379.36,382.5,439,382.65,499,
2026-04-13T10:02:34.022,NC,NTPC,382.6,374.35,383.1,374.35,380.15,3381998,379.36,382.55,80,382.6,270,
2026-04-13T10:02:35.027,NC,NTPC,382.55,374.35,383.1,374.35,380.15,3382157,379.36,382.5,316,382.55,37,
2026-04-13T10:02:36.039,NC,NTPC,382.5,374.35,383.1,374.35,380.15,3382263,379.36,382.5,224,382.55,23,
2026-04-13T10:02:36.926,NC,NTPC,382.5,374.35,383.1,374.35,380.15,3382322,379.36,382.5,61,382.55,167,
2026-04-13T10:02:41.133,NC,NTPC,382.55,374.35,383.1,374.35,380.15,3382389,379.36,382.5,733,382.55,108,
2026-04-13T10:02:42.234,NC,NTPC,382.55,374.35,383.1,374.35,380.15,3382497,379.36,382.55,15,382.6,808,
2026-04-13T10:02:43.445,NC,NTPC,382.6,374.35,383.1,374.35,380.15,3382632,379.36,382.5,736,382.6,870,
2026-04-13T10:02:44.445,NC,NTPC,382.5,374.35,383.1,374.35,380.15,3383241,379.36,382.5,1736,382.55,264,
2026-04-13T10:02:45.537,NC,NTPC,382.5,374.35,383.1,374.35,380.15,3383326,379.36,382.5,1662,382.55,124,
2026-04-13T10:02:46.747,NC,NTPC,382.5,374.35,383.1,374.35,380.15,3383350,379.36,382.5,300,382.55,101,
2026-04-13T10:02:47.846,NC,NTPC,382.5,374.35,383.1,374.35,380.15,3383775,379.36,382.45,1018,382.5,395,
2026-04-13T10:02:48.946,NC,NTPC,382.5,374.35,383.1,374.35,380.15,3383879,379.36,382.45,964,382.5,345,
2026-04-13T10:02:49.953,NC,NTPC,382.45,374.35,383.1,374.35,380.15,3384079,379.36,382.45,764,382.5,345,
2026-04-13T10:02:51.045,NC,NTPC,382.5,374.35,383.1,374.35,380.15,3384526,379.36,382.5,333,382.6,620,
2026-04-13T10:02:53.252,NC,NTPC,382.6,374.35,383.1,374.35,380.15,3385907,379.36,382.6,1002,382.7,190,
2026-04-13T10:02:55.456,NC,NTPC,382.65,374.35,383.1,374.35,380.15,3388003,379.37,382.5,150,382.65,578,
2026-04-13T10:02:56.355,NC,NTPC,382.65,374.35,383.1,374.35,380.15,3388106,379.37,382.5,806,382.65,525,
2026-04-13T10:02:57.467,NC,NTPC,382.65,374.35,383.1,374.35,380.15,3388156,379.37,382.5,930,382.6,67,
2026-04-13T10:02:58.460,NC,NTPC,382.5,374.35,383.1,374.35,380.15,3388456,379.37,382.5,456,382.6,68,
2026-04-13T10:02:59.462,NC,NTPC,382.45,374.35,383.1,374.35,380.15,3388569,379.37,382.45,595,382.55,134,
2026-04-13T10:03:00.468,NC,NTPC,382.45,374.35,383.1,374.35,380.15,3388780,379.37,382.45,394,382.5,320,
2026-04-13T10:03:01.568,NC,NTPC,382.4,374.35,383.1,374.35,380.15,3389229,379.37,382.4,1569,382.5,1499,
2026-04-13T10:03:02.665,NC,NTPC,382.45,374.35,383.1,374.35,380.15,3389366,379.37,382.4,1434,382.45,69,
2026-04-13T10:03:03.671,NC,NTPC,382.4,374.35,383.1,374.35,380.15,3389378,379.37,382.4,1422,382.45,65,
2026-04-13T10:03:04.672,NC,NTPC,382.4,374.35,383.1,374.35,380.15,3389445,379.37,382.4,1355,382.45,65,
2026-04-13T10:03:05.771,NC,NTPC,382.4,374.35,383.1,374.35,380.15,3390039,379.37,382.4,781,382.45,169,
2026-04-13T10:03:06.871,NC,NTPC,382.45,374.35,383.1,374.35,380.15,3390054,379.37,382.4,781,382.45,30,
2026-04-13T10:03:07.882,NC,NTPC,382.45,374.35,383.1,374.35,380.15,3390545,379.37,382.45,1076,382.5,424,
2026-04-13T10:03:08.872,NC,NTPC,382.45,374.35,383.1,374.35,380.15,3390745,379.37,382.45,884,382.5,82,
2026-04-13T10:03:09.873,NC,NTPC,382.6,374.35,383.1,374.35,380.15,3390870,379.37,382.45,884,382.6,954,
2026-04-13T10:03:10.975,NC,NTPC,382.55,374.35,383.1,374.35,380.15,3390969,379.37,382.45,794,382.5,8,
2026-04-13T10:03:12.075,NC,NTPC,382.5,374.35,383.1,374.35,380.15,3390977,379.37,382.5,706,382.55,60,
2026-04-13T10:03:13.179,NC,NTPC,382.55,374.35,383.1,374.35,380.15,3390978,379.37,382.5,706,382.55,59,
2026-04-13T10:03:15.281,NC,NTPC,382.5,374.35,383.1,374.35,380.15,3390980,379.37,382.5,704,382.55,59,
2026-04-13T10:03:16.378,NC,NTPC,382.5,374.35,383.1,374.35,380.15,3391138,379.37,382.5,569,382.55,167,
2026-04-13T10:03:17.492,NC,NTPC,382.6,374.35,383.1,374.35,380.15,3391708,379.37,382.5,50,382.65,1005,
2026-04-13T10:03:18.584,NC,NTPC,382.45,374.35,383.1,374.35,380.15,3396055,379.37,382.55,1,382.6,164,
2026-04-13T10:03:19.694,NC,NTPC,382.5,374.35,383.1,374.35,380.15,3396805,379.37,382.5,1237,382.65,22,
2026-04-13T10:03:20.781,NC,NTPC,382.5,374.35,383.1,374.35,380.15,3396874,379.37,382.5,1064,382.7,992,
2026-04-13T10:03:21.683,NC,NTPC,382.5,374.35,383.1,374.35,380.15,3396994,379.37,382.5,625,382.65,646,
2026-04-13T10:03:22.782,NC,NTPC,382.7,374.35,383.1,374.35,380.15,3398318,379.38,382.65,3296,382.75,50,
2026-04-13T10:03:23.896,NC,NTPC,382.65,374.35,383.1,374.35,380.15,3398531,379.38,382.65,3269,382.75,37,
2026-04-13T10:03:24.903,NC,NTPC,382.65,374.35,383.1,374.35,380.15,3398537,379.38,382.65,3380,382.8,474,
2026-04-13T10:03:27.095,NC,NTPC,382.65,374.35,383.1,374.35,380.15,3398592,379.38,382.65,2927,382.8,319,
2026-04-13T10:03:28.195,NC,NTPC,382.65,374.35,383.1,374.35,380.15,3400068,379.38,382.65,1342,382.7,1,
2026-04-13T10:03:29.296,NC,NTPC,382.65,374.35,383.1,374.35,380.15,3400090,379.38,382.65,1330,382.7,1,
2026-04-13T10:03:31.502,NC,NTPC,382.8,374.35,383.1,374.35,380.15,3401113,379.38,382.65,1507,382.8,331,
2026-04-13T10:03:33.699,NC,NTPC,382.65,374.35,383.1,374.35,380.15,3402567,379.38,382.5,1281,382.6,67,
2026-04-13T10:03:34.801,NC,NTPC,382.55,374.35,383.1,374.35,380.15,3402670,379.38,382.5,1414,382.6,66,
2026-04-13T10:03:35.906,NC,NTPC,382.5,374.35,383.1,374.35,380.15,3402672,379.38,382.5,1597,382.6,66,
2026-04-13T10:03:36.836,NC,NTPC,382.5,374.35,383.1,374.35,380.15,3402701,379.38,382.5,2198,382.6,66,
2026-04-13T10:03:37.904,NC,NTPC,382.6,374.35,383.1,374.35,380.15,3402707,379.38,382.5,1940,382.55,128,
2026-04-13T10:03:39.007,NC,NTPC,382.5,374.35,383.1,374.35,380.15,3402978,379.38,382.5,1224,382.55,423,
2026-04-13T10:03:40.124,NC,NTPC,382.5,374.35,383.1,374.35,380.15,3403112,379.38,382.5,1090,382.55,1054,
2026-04-13T10:03:41.131,NC,NTPC,382.55,374.35,383.1,374.35,380.15,3403183,379.38,382.5,1022,382.55,822,
2026-04-13T10:03:42.120,NC,NTPC,382.55,374.35,383.1,374.35,380.15,3405488,379.38,382.55,363,382.6,349,
2026-04-13T10:03:43.224,NC,NTPC,382.55,374.35,383.1,374.35,380.15,3407354,379.38,382.55,452,382.6,748,
2026-04-13T10:03:44.236,NC,NTPC,382.6,374.35,383.1,374.35,380.15,3407937,379.38,382.55,182,382.6,567,
2026-04-13T10:03:45.331,NC,NTPC,382.6,374.35,383.1,374.35,380.15,3408843,379.39,382.55,318,382.6,141,
2026-04-13T10:03:46.425,NC,NTPC,382.5,374.35,383.1,374.35,380.15,3409694,379.39,382.5,243,382.55,31,
2026-04-13T10:03:47.426,NC,NTPC,382.45,374.35,383.1,374.35,380.15,3411121,379.39,382.45,452,382.5,250,
2026-04-13T10:03:48.522,NC,NTPC,382.45,374.35,383.1,374.35,380.15,3411198,379.39,382.45,385,382.5,372,
2026-04-13T10:03:49.631,NC,NTPC,382.4,374.35,383.1,374.35,380.15,3412082,379.39,382.4,69,382.45,1055,
2026-04-13T10:03:50.644,NC,NTPC,382.45,374.35,383.1,374.35,380.15,3412188,379.39,382.4,1,382.45,431,
2026-04-13T10:03:52.731,NC,NTPC,382.45,374.35,383.1,374.35,380.15,3412196,379.39,382.4,3,382.45,390,
2026-04-13T10:03:53.728,NC,NTPC,382.45,374.35,383.1,374.35,380.15,3412220,379.39,382.4,3,382.45,30,
2026-04-13T10:03:54.843,NC,NTPC,382.45,374.35,383.1,374.35,380.15,3412250,379.39,382.45,70,382.5,905,
2026-04-13T10:03:55.939,NC,NTPC,382.35,374.35,383.1,374.35,380.15,3412362,379.39,382.45,15,382.5,129,
2026-04-13T10:03:56.947,NC,NTPC,382.5,374.35,383.1,374.35,380.15,3412387,379.39,382.45,65,382.5,100,
2026-04-13T10:03:58.052,NC,NTPC,382.5,374.35,383.1,374.35,380.15,3412487,379.39,382.45,65,382.55,609,
2026-04-13T10:03:59.160,NC,NTPC,382.4,374.35,383.1,374.35,380.15,3412837,379.39,382.4,1300,382.5,125,
2026-04-13T10:04:01.251,NC,NTPC,382.4,374.35,383.1,374.35,380.15,3413997,379.39,382.4,299,382.45,66,
2026-04-13T10:04:02.346,NC,NTPC,382.5,374.35,383.1,374.35,380.15,3414542,379.39,382.4,410,382.5,123,
2026-04-13T10:04:03.463,NC,NTPC,382.5,374.35,383.1,374.35,380.15,3414846,379.39,382.5,24,382.55,1663,
2026-04-13T10:04:04.479,NC,NTPC,382.5,374.35,383.1,374.35,380.15,3414872,379.39,382.4,4,382.5,451,
2026-04-13T10:04:05.470,NC,NTPC,382.5,374.35,383.1,374.35,380.15,3416372,379.39,382.4,4,382.5,606,
2026-04-13T10:04:06.563,NC,NTPC,382.4,374.35,383.1,374.35,380.15,3418107,379.39,382.45,425,382.55,1713,
2026-04-13T10:04:07.661,NC,NTPC,382.5,374.35,383.1,374.35,380.15,3418859,379.39,382.35,1761,382.5,368,
2026-04-13T10:04:08.763,NC,NTPC,382.5,374.35,383.1,374.35,380.15,3419345,379.39,382.5,16,382.55,1359,
2026-04-13T10:04:09.859,NC,NTPC,382.4,374.35,383.1,374.35,380.15,3419475,379.4,382.35,1363,382.55,2423,
2026-04-13T10:04:10.959,NC,NTPC,382.55,374.35,383.1,374.35,380.15,3420856,379.4,382.5,850,382.55,1121,
2026-04-13T10:04:12.062,NC,NTPC,382.5,374.35,383.1,374.35,380.15,3420984,379.4,382.5,872,382.55,1072,
2026-04-13T10:04:13.067,NC,NTPC,382.55,374.35,383.1,374.35,380.15,3421247,379.4,382.5,872,382.55,809,
2026-04-13T10:04:14.065,NC,NTPC,382.5,374.35,383.1,374.35,380.15,3421585,379.4,382.5,723,382.55,642,
2026-04-13T10:04:15.165,NC,NTPC,382.5,374.35,383.1,374.35,380.15,3421836,379.4,382.5,523,382.55,514,
2026-04-13T10:04:16.269,NC,NTPC,382.55,374.35,383.1,374.35,380.15,3421859,379.4,382.5,523,382.55,492,
2026-04-13T10:04:17.370,NC,NTPC,382.5,374.35,383.1,374.35,380.15,3422448,379.4,382.5,123,382.55,47,
2026-04-13T10:04:19.568,NC,NTPC,382.5,374.35,383.1,374.35,380.15,3422960,379.4,382.45,300,382.5,82,
2026-04-13T10:04:20.667,NC,NTPC,382.5,374.35,383.1,374.35,380.15,3423166,379.4,382.5,296,382.55,379,
2026-04-13T10:04:21.766,NC,NTPC,382.55,374.35,383.1,374.35,380.15,3423595,379.4,382.5,94,382.55,1135,
2026-04-13T10:04:22.867,NC,NTPC,382.55,374.35,383.1,374.35,380.15,3423743,379.4,382.45,300,382.5,402,
2026-04-13T10:04:23.974,NC,NTPC,382.45,374.35,383.1,374.35,380.15,3423810,379.4,382.45,233,382.5,402,
2026-04-13T10:04:24.879,NC,NTPC,382.45,374.35,383.1,374.35,380.15,3424310,379.4,382.4,1588,382.45,351,
2026-04-13T10:04:25.976,NC,NTPC,382.35,374.35,383.1,374.35,380.15,3429258,379.4,382.25,1375,382.35,1371,
2026-04-13T10:04:27.078,NC,NTPC,382.2,374.35,383.1,374.35,380.15,3431414,379.41,382.2,1393,382.25,555,
2026-04-13T10:04:28.187,NC,NTPC,382.3,374.35,383.1,374.35,380.15,3431940,379.41,382.3,867,382.4,190,
2026-04-13T10:04:29.321,NC,NTPC,382.3,374.35,383.1,374.35,380.15,3432270,379.41,382.3,576,382.4,746,
2026-04-13T10:04:30.432,NC,NTPC,382.35,374.35,383.1,374.35,380.15,3432623,379.41,382.3,276,382.35,739,
2026-04-13T10:04:31.405,NC,NTPC,382.35,374.35,383.1,374.35,380.15,3432922,379.41,382.15,289,382.35,1325,
2026-04-13T10:04:32.484,NC,NTPC,382.1,374.35,383.1,374.35,380.15,3434622,379.41,382.1,611,382.3,612,
2026-04-13T10:04:33.596,NC,NTPC,382.05,374.35,383.1,374.35,380.15,3434964,379.41,382.05,561,382.2,1577,
2026-04-13T10:04:34.698,NC,NTPC,382.2,374.35,383.1,374.35,380.15,3435467,379.41,382.05,37,382.2,1698,
2026-04-13T10:04:37.139,NC,NTPC,382.15,374.35,383.1,374.35,380.15,3435867,379.41,382.05,27,382.15,381,
2026-04-13T10:04:38.239,NC,NTPC,382.0,374.35,383.1,374.35,380.15,3437983,379.41,382.0,3805,382.2,1697,
2026-04-13T10:04:39.339,NC,NTPC,382.0,374.35,383.1,374.35,380.15,3439006,379.41,382.0,2086,382.05,67,
2026-04-13T10:04:40.443,NC,NTPC,382.1,374.35,383.1,374.35,380.15,3439153,379.41,382.0,1949,382.1,1252,
2026-04-13T10:04:41.540,NC,NTPC,382.05,374.35,383.1,374.35,380.15,3439467,379.41,382.0,1745,382.1,470,
2026-04-13T10:04:42.643,NC,NTPC,382.0,374.35,383.1,374.35,380.15,3439554,379.41,382.0,2005,382.2,1587,
2026-04-13T10:04:43.748,NC,NTPC,382.0,374.35,383.1,374.35,380.15,3439654,379.41,382.0,1905,382.2,1399,
2026-04-13T10:04:44.847,NC,NTPC,382.2,374.35,383.1,374.35,380.15,3440305,379.41,382.0,1746,382.2,1005,
2026-04-13T10:04:45.955,NC,NTPC,382.15,374.35,383.1,374.35,380.15,3440423,379.41,382.15,3,382.2,1573,
2026-04-13T10:04:47.058,NC,NTPC,382.4,374.35,383.1,374.35,380.15,3441942,379.41,382.25,222,382.4,101,
2026-04-13T10:04:49.265,NC,NTPC,382.55,374.35,383.1,374.35,380.15,3442442,379.41,382.35,1481,382.55,1866,
2026-04-13T10:04:50.360,NC,NTPC,382.35,374.35,383.1,374.35,380.15,3442642,379.41,382.35,1281,382.55,1763,
2026-04-13T10:04:51.467,NC,NTPC,382.45,374.35,383.1,374.35,380.15,3442665,379.41,382.35,1281,382.45,3,
2026-04-13T10:04:52.566,NC,NTPC,382.35,374.35,383.1,374.35,380.15,3442929,379.41,382.35,1017,382.45,3,
2026-04-13T10:04:53.669,NC,NTPC,382.55,374.35,383.1,374.35,380.15,3442930,379.41,382.35,1195,382.55,3193,
2026-04-13T10:04:54.767,NC,NTPC,382.45,374.35,383.1,374.35,380.15,3443791,379.42,382.35,162,382.45,2,
2026-04-13T10:04:55.873,NC,NTPC,382.25,374.35,383.1,374.35,380.15,3449179,379.42,382.25,112,382.45,2349,
2026-04-13T10:04:56.975,NC,NTPC,382.45,374.35,383.1,374.35,380.15,3449230,379.42,382.25,112,382.45,2136,
2026-04-13T10:04:58.073,NC,NTPC,382.15,374.35,383.1,374.35,380.15,3451509,379.42,382.15,336,382.35,1149,
2026-04-13T10:04:59.175,NC,NTPC,382.3,374.35,383.1,374.35,380.15,3451609,379.42,382.15,1187,382.35,1202,
2026-04-13T10:05:00.178,NC,NTPC,382.35,374.35,383.1,374.35,380.15,3452684,379.42,382.15,1703,382.35,918,
2026-04-13T10:05:01.181,NC,NTPC,382.3,374.35,383.1,374.35,380.15,3452990,379.42,382.2,328,382.3,195,
2026-04-13T10:05:02.082,NC,NTPC,382.25,374.35,383.1,374.35,380.15,3454185,379.42,382.25,14,382.35,104,
2026-04-13T10:05:03.185,NC,NTPC,382.3,374.35,383.1,374.35,380.15,3454617,379.42,382.25,684,382.45,2476,
2026-04-13T10:05:04.178,NC,NTPC,382.45,374.35,383.1,374.35,380.15,3454916,379.42,382.3,328,382.4,1000,
2026-04-13T10:05:05.279,NC,NTPC,382.4,374.35,383.1,374.35,380.15,3454942,379.42,382.25,1049,382.4,974,
2026-04-13T10:05:08.490,NC,NTPC,382.25,374.35,383.1,374.35,380.15,3455069,379.42,382.25,1647,382.35,15,
2026-04-13T10:05:09.590,NC,NTPC,382.6,374.35,383.1,374.35,380.15,3461629,379.43,382.35,2074,382.5,1115,
2026-04-13T10:05:11.803,NC,NTPC,382.5,374.35,383.1,374.35,380.15,3462744,379.43,382.5,2505,382.65,27,
2026-04-13T10:05:12.902,NC,NTPC,382.7,374.35,383.1,374.35,380.15,3462946,379.43,382.55,1480,382.65,30,
2026-04-13T10:05:13.996,NC,NTPC,382.55,374.35,383.1,374.35,380.15,3463048,379.43,382.55,2245,382.7,2,
2026-04-13T10:05:14.999,NC,NTPC,382.55,374.35,383.1,374.35,380.15,3463183,379.43,382.55,1245,382.6,869,
2026-04-13T10:05:16.100,NC,NTPC,382.55,374.35,383.1,374.35,380.15,3463805,379.43,382.55,978,382.6,450,
2026-04-13T10:05:17.111,NC,NTPC,382.55,374.35,383.1,374.35,380.15,3463956,379.43,382.55,827,382.6,353,
2026-04-13T10:05:18.100,NC,NTPC,382.55,374.35,383.1,374.35,380.15,3464631,379.43,382.55,152,382.6,2,
2026-04-13T10:05:19.101,NC,NTPC,382.55,374.35,383.1,374.35,380.15,3464634,379.43,382.55,151,382.65,47,
2026-04-13T10:05:20.102,NC,NTPC,382.55,374.35,383.1,374.35,380.15,3464935,379.43,382.55,150,382.7,2156,
2026-04-13T10:05:23.201,NC,NTPC,382.65,374.35,383.1,374.35,380.15,3464986,379.43,382.55,150,382.6,603,
2026-04-13T10:05:24.212,NC,NTPC,382.6,374.35,383.1,374.35,380.15,3465121,379.43,382.55,16,382.6,535,
2026-04-13T10:05:27.216,NC,NTPC,382.65,374.35,383.1,374.35,380.15,3465323,379.43,382.55,27,382.65,316,
2026-04-13T10:05:28.133,NC,NTPC,382.65,374.35,383.1,374.35,380.15,3465612,379.43,382.55,27,382.7,1076,
2026-04-13T10:05:29.345,NC,NTPC,382.55,374.35,383.1,374.35,380.15,3465870,379.43,382.4,1147,382.5,18,
2026-04-13T10:05:30.420,NC,NTPC,382.45,374.35,383.1,374.35,380.15,3467177,379.44,382.25,1166,382.4,23,
2026-04-13T10:05:31.421,NC,NTPC,382.4,374.35,383.1,374.35,380.15,3467267,379.44,382.45,1653,382.5,67,
2026-04-13T10:05:32.537,NC,NTPC,382.5,374.35,383.1,374.35,380.15,3467736,379.44,382.45,1204,382.5,47,
2026-04-13T10:05:33.630,NC,NTPC,382.55,374.35,383.1,374.35,380.15,3468109,379.44,382.45,1108,382.55,76,
2026-04-13T10:05:34.727,NC,NTPC,382.65,374.35,383.1,374.35,380.15,3469044,379.44,382.55,477,382.7,1346,
2026-04-13T10:05:35.832,NC,NTPC,382.6,374.35,383.1,374.35,380.15,3469346,379.44,382.55,843,382.6,47,
2026-04-13T10:05:36.736,NC,NTPC,382.55,374.35,383.1,374.35,380.15,3470130,379.44,382.55,259,382.65,642,
2026-04-13T10:05:37.732,NC,NTPC,382.65,374.35,383.1,374.35,380.15,3475167,379.44,382.65,1030,382.75,402,
2026-04-13T10:05:38.844,NC,NTPC,382.75,374.35,383.1,374.35,380.15,3475192,379.44,382.65,917,382.75,379,
2026-04-13T10:05:39.839,NC,NTPC,382.65,374.35,383.1,374.35,380.15,3475257,379.44,382.65,875,382.75,359,
2026-04-13T10:05:40.834,NC,NTPC,382.85,374.35,383.1,374.35,380.15,3475872,379.44,382.8,255,382.85,50,
2026-04-13T10:05:41.944,NC,NTPC,382.8,374.35,383.1,374.35,380.15,3475919,379.44,382.8,239,382.85,19,
2026-04-13T10:05:43.034,NC,NTPC,382.65,374.35,383.1,374.35,380.15,3476458,379.44,382.65,608,382.8,258,
2026-04-13T10:05:44.135,NC,NTPC,382.8,374.35,383.1,374.35,380.15,3476468,379.44,382.65,5,382.75,395,
2026-04-13T10:05:46.336,NC,NTPC,382.75,374.35,383.1,374.35,380.15,3476497,379.44,382.65,5,382.75,366,
2026-04-13T10:05:47.437,NC,NTPC,382.65,374.35,383.1,374.35,380.15,3477898,379.45,382.45,505,382.65,1677,
2026-04-13T10:05:48.544,NC,NTPC,382.55,374.35,383.1,374.35,380.15,3478066,379.45,382.45,351,382.55,496,
2026-04-13T10:05:49.647,NC,NTPC,382.45,374.35,383.1,374.35,380.15,3478158,379.45,382.45,682,382.55,784,
2026-04-13T10:05:50.747,NC,NTPC,382.45,374.35,383.1,374.35,380.15,3478275,379.45,382.45,1885,382.55,309,
2026-04-13T10:05:51.844,NC,NTPC,382.6,374.35,383.1,374.35,380.15,3479035,379.45,382.45,2014,382.6,118,
2026-04-13T10:05:52.946,NC,NTPC,382.65,374.35,383.1,374.35,380.15,3479237,379.45,382.5,1127,382.65,16,
2026-04-13T10:05:53.848,NC,NTPC,382.65,374.35,383.1,374.35,380.15,3479247,379.45,382.55,5,382.65,3,
2026-04-13T10:05:54.953,NC,NTPC,382.7,374.35,383.1,374.35,380.15,3479342,379.45,382.55,5,382.7,1192,
2026-04-13T10:05:56.053,NC,NTPC,382.65,374.35,383.1,374.35,380.15,3479446,379.45,382.65,99,382.7,44,
2026-04-13T10:05:57.158,NC,NTPC,382.65,374.35,383.1,374.35,380.15,3479545,379.45,382.55,5,382.65,69,
2026-04-13T10:05:58.259,NC,NTPC,382.45,374.35,383.1,374.35,380.15,3479575,379.45,382.45,1960,382.6,526,
2026-04-13T10:05:59.269,NC,NTPC,382.6,374.35,383.1,374.35,380.15,3480133,379.45,382.6,842,382.65,361,
2026-04-13T10:06:00.361,NC,NTPC,382.65,374.35,383.1,374.35,380.15,3480336,379.45,382.6,839,382.65,180,
2026-04-13T10:06:01.462,NC,NTPC,382.65,374.35,383.1,374.35,380.15,3480361,379.45,382.6,838,382.65,157,
2026-04-13T10:06:02.463,NC,NTPC,382.75,374.35,383.1,374.35,380.15,3480670,379.45,382.6,834,382.7,30,
2026-04-13T10:06:03.564,NC,NTPC,382.6,374.35,383.1,374.35,380.15,3480872,379.45,382.6,632,382.65,328,
2026-04-13T10:06:04.664,NC,NTPC,382.55,374.35,383.1,374.35,380.15,3481604,379.45,382.55,10,382.6,67,
2026-04-13T10:06:05.771,NC,NTPC,382.6,374.35,383.1,374.35,380.15,3481634,379.45,382.55,10,382.6,166,
2026-04-13T10:06:06.866,NC,NTPC,382.5,374.35,383.1,374.35,380.15,3481734,379.45,382.5,179,382.6,2069,
2026-04-13T10:06:07.979,NC,NTPC,382.4,374.35,383.1,374.35,380.15,3483258,379.45,382.4,1299,382.45,374,
2026-04-13T10:06:09.078,NC,NTPC,382.45,374.35,383.1,374.35,380.15,3485569,379.45,382.45,46,382.5,853,
2026-04-13T10:06:10.175,NC,NTPC,382.35,374.35,383.1,374.35,380.15,3486360,379.45,382.35,2631,382.45,176,
2026-04-13T10:06:11.181,NC,NTPC,382.35,374.35,383.1,374.35,380.15,3486415,379.45,382.35,2577,382.4,86,
2026-04-13T10:06:12.276,NC,NTPC,382.45,374.35,383.1,374.35,380.15,3486528,379.45,382.35,1077,382.4,67,
2026-04-13T10:06:13.377,NC,NTPC,382.35,374.35,383.1,374.35,380.15,3486548,379.45,382.35,1075,382.4,49,
2026-04-13T10:06:14.477,NC,NTPC,382.4,374.35,383.1,374.35,380.15,3487186,379.45,382.4,862,382.45,73,
2026-04-13T10:06:15.577,NC,NTPC,382.4,374.35,383.1,374.35,380.15,3487189,379.45,382.4,859,382.45,73,
2026-04-13T10:06:16.698,NC,NTPC,382.4,374.35,383.1,374.35,380.15,3487224,379.45,382.4,850,382.5,2694,
2026-04-13T10:06:17.688,NC,NTPC,382.45,374.35,383.1,374.35,380.15,3487239,379.45,382.4,850,382.45,52,
2026-04-13T10:06:18.782,NC,NTPC,382.5,374.35,383.1,374.35,380.15,3487452,379.45,382.4,840,382.5,2914,
2026-04-13T10:06:19.879,NC,NTPC,382.4,374.35,383.1,374.35,380.15,3487462,379.45,382.45,100,382.5,2752,
2026-04-13T10:06:20.998,NC,NTPC,382.5,374.35,383.1,374.35,380.15,3489037,379.46,382.45,77,382.5,1200,
2026-04-13T10:06:23.186,NC,NTPC,382.45,374.35,383.1,374.35,380.15,3489114,379.46,382.35,100,382.45,799,
2026-04-13T10:06:24.094,NC,NTPC,382.45,374.35,383.1,374.35,380.15,3489124,379.46,382.35,100,382.45,711,
2026-04-13T10:06:25.187,NC,NTPC,382.4,374.35,383.1,374.35,380.15,3489274,379.46,382.3,100,382.4,357,
2026-04-13T10:06:26.288,NC,NTPC,382.4,374.35,383.1,374.35,380.15,3489330,379.46,382.3,100,382.4,302,
2026-04-13T10:06:27.408,NC,NTPC,382.3,374.35,383.1,374.35,380.15,3489465,379.46,382.3,3033,382.45,2484,
2026-04-13T10:06:28.493,NC,NTPC,382.45,374.35,383.1,374.35,380.15,3489490,379.46,382.35,200,382.45,908,
2026-04-13T10:06:30.496,NC,NTPC,382.3,374.35,383.1,374.35,380.15,3490132,379.46,382.3,2591,382.35,67,
2026-04-13T10:06:31.602,NC,NTPC,382.3,374.35,383.1,374.35,380.15,3491355,379.46,382.3,1746,382.4,651,
2026-04-13T10:06:32.698,NC,NTPC,382.3,374.35,383.1,374.35,380.15,3491389,379.46,382.3,1712,382.4,750,
2026-04-13T10:06:34.912,NC,NTPC,382.25,374.35,383.1,374.35,380.15,3493762,379.46,382.2,120,382.25,987,
2026-04-13T10:06:36.004,NC,NTPC,382.15,374.35,383.1,374.35,380.15,3494594,379.46,382.1,412,382.15,330,
2026-04-13T10:06:38.335,NC,NTPC,382.15,374.35,383.1,374.35,380.15,3494595,379.46,382.1,412,382.15,62,
2026-04-13T10:06:39.409,NC,NTPC,382.15,374.35,383.1,374.35,380.15,3494687,379.46,382.1,370,382.15,12,
2026-04-13T10:06:40.510,NC,NTPC,382.2,374.35,383.1,374.35,380.15,3495688,379.46,382.1,369,382.2,1729,
2026-04-13T10:06:41.610,NC,NTPC,382.1,374.35,383.1,374.35,380.15,3496009,379.46,382.1,348,382.2,1479,
2026-04-13T10:06:42.716,NC,NTPC,382.0,374.35,383.1,374.35,380.15,3496759,379.46,382.0,5781,382.15,843,
2026-04-13T10:06:43.810,NC,NTPC,382.1,374.35,383.1,374.35,380.15,3496764,379.46,382.0,4950,382.1,326,
2026-04-13T10:06:44.949,NC,NTPC,382.15,374.35,383.1,374.35,380.15,3498269,379.46,382.0,6781,382.15,28,
2026-04-13T10:06:46.017,NC,NTPC,382.05,374.35,383.1,374.35,380.15,3498851,379.46,382.0,4613,382.05,348,
2026-04-13T10:06:47.117,NC,NTPC,382.05,374.35,383.1,374.35,380.15,3499183,379.46,382.05,1195,382.15,782,
2026-04-13T10:06:48.219,NC,NTPC,382.15,374.35,383.1,374.35,380.15,3500020,379.46,382.15,668,382.2,769,
2026-04-13T10:06:49.216,NC,NTPC,382.2,374.35,383.1,374.35,380.15,3500021,379.46,382.15,668,382.2,311,
2026-04-13T10:06:50.322,NC,NTPC,382.15,374.35,383.1,374.35,380.15,3500221,379.46,382.15,468,382.2,288,
2026-04-13T10:06:51.417,NC,NTPC,382.2,374.35,383.1,374.35,380.15,3500241,379.46,382.15,468,382.2,271,
2026-04-13T10:06:52.529,NC,NTPC,382.15,374.35,383.1,374.35,380.15,3500405,379.46,382.15,304,382.2,271,
2026-04-13T10:06:53.622,NC,NTPC,382.25,374.35,383.1,374.35,380.15,3501457,379.46,382.2,658,382.25,450,
2026-04-13T10:06:54.733,NC,NTPC,382.2,374.35,383.1,374.35,380.15,3501969,379.47,382.2,156,382.25,440,
2026-04-13T10:06:55.825,NC,NTPC,382.25,374.35,383.1,374.35,380.15,3501979,379.47,382.2,150,382.25,349,
2026-04-13T10:06:56.927,NC,NTPC,382.2,374.35,383.1,374.35,380.15,3502064,379.47,382.2,675,382.25,276,
2026-04-13T10:06:59.149,NC,NTPC,382.2,374.35,383.1,374.35,380.15,3502352,379.47,382.2,670,382.25,832,
2026-04-13T10:07:01.231,NC,NTPC,382.25,374.35,383.1,374.35,380.15,3502752,379.47,382.2,1970,382.25,67,
2026-04-13T10:07:02.337,NC,NTPC,382.2,374.35,383.1,374.35,380.15,3502753,379.47,382.2,1969,382.25,134,
2026-04-13T10:07:03.337,NC,NTPC,382.25,374.35,383.1,374.35,380.15,3502766,379.47,382.2,1966,382.25,124,
2026-04-13T10:07:04.436,NC,NTPC,382.3,374.35,383.1,374.35,380.15,3503226,379.47,382.25,1195,382.3,318,
2026-04-13T10:07:05.534,NC,NTPC,382.25,374.35,383.1,374.35,380.15,3503238,379.47,382.25,1183,382.3,483,
2026-04-13T10:07:07.651,NC,NTPC,382.3,374.35,383.1,374.35,380.15,3503522,379.47,382.25,953,382.3,529,
2026-04-13T10:07:08.640,NC,NTPC,382.25,374.35,383.1,374.35,380.15,3507047,379.47,382.15,303,382.25,2523,
2026-04-13T10:07:09.640,NC,NTPC,382.2,374.35,383.1,374.35,380.15,3507803,379.47,382.0,9663,382.2,1842,
2026-04-13T10:07:10.741,NC,NTPC,382.2,374.35,383.1,374.35,380.15,3507928,379.47,382.1,30,382.2,833,
2026-04-13T10:07:12.956,NC,NTPC,382.2,374.35,383.1,374.35,380.15,3507929,379.47,382.1,30,382.2,883,
2026-04-13T10:07:14.143,NC,NTPC,382.2,374.35,383.1,374.35,380.15,3507930,379.47,382.1,30,382.2,882,
2026-04-13T10:07:16.246,NC,NTPC,382.2,374.35,383.1,374.35,380.15,3508054,379.47,382.1,122,382.2,31,
2026-04-13T10:07:17.349,NC,NTPC,382.2,374.35,383.1,374.35,380.15,3508095,379.47,382.15,485,382.3,416,
2026-04-13T10:07:18.461,NC,NTPC,382.15,374.35,383.1,374.35,380.15,3508110,379.47,382.05,706,382.15,6,
2026-04-13T10:07:19.653,NC,NTPC,382.2,374.35,383.1,374.35,380.15,3508226,379.47,382.05,1009,382.2,243,
2026-04-13T10:07:20.653,NC,NTPC,382.05,374.35,383.1,374.35,380.15,3509632,379.47,382.1,802,382.25,325,
2026-04-13T10:07:21.749,NC,NTPC,382.35,374.35,383.1,374.35,380.15,3509948,379.47,382.3,752,382.4,2,
2026-04-13T10:07:23.947,NC,NTPC,382.35,374.35,383.1,374.35,380.15,3509950,379.47,382.35,465,382.4,2,
2026-04-13T10:07:25.046,NC,NTPC,382.35,374.35,383.1,374.35,380.15,3510047,379.47,382.35,321,382.4,2,
2026-04-13T10:07:28.261,NC,NTPC,382.35,374.35,383.1,374.35,380.15,3510112,379.47,382.25,988,382.35,974,
2026-04-13T10:07:29.365,NC,NTPC,382.35,374.35,383.1,374.35,380.15,3510263,379.47,382.25,670,382.35,927,
2026-04-13T10:07:30.450,NC,NTPC,382.3,374.35,383.1,374.35,380.15,3510301,379.47,382.3,296,382.35,1167,
2026-04-13T10:07:31.551,NC,NTPC,382.35,374.35,383.1,374.35,380.15,3510349,379.47,382.3,889,382.35,1119,
2026-04-13T10:07:32.676,NC,NTPC,382.35,374.35,383.1,374.35,380.15,3510353,379.47,382.3,889,382.35,1115,
2026-04-13T10:07:33.754,NC,NTPC,382.3,374.35,383.1,374.35,380.15,3510363,379.47,382.3,931,382.35,1115,
2026-04-13T10:07:34.857,NC,NTPC,382.65,374.35,383.1,374.35,380.15,3512690,379.47,382.6,281,382.65,1153,
2026-04-13T10:07:35.976,NC,NTPC,382.6,374.35,383.1,374.35,380.15,3514302,379.48,382.35,52,382.55,1805,
2026-04-13T10:07:37.271,NC,NTPC,382.25,374.35,383.1,374.35,380.15,3515562,379.48,382.2,127,382.25,603,
2026-04-13T10:07:38.272,NC,NTPC,382.2,374.35,383.1,374.35,380.15,3515630,379.48,382.2,59,382.25,1543,
2026-04-13T10:07:39.365,NC,NTPC,382.2,374.35,383.1,374.35,380.15,3515689,379.48,382.05,1,382.15,694,
2026-04-13T10:07:41.665,NC,NTPC,381.9,374.35,383.1,374.35,380.15,3525467,379.48,381.8,1,381.9,446,
2026-04-13T10:07:42.764,NC,NTPC,381.65,374.35,383.1,374.35,380.15,3526653,379.48,381.65,636,381.85,337,
2026-04-13T10:07:44.864,NC,NTPC,381.65,374.35,383.1,374.35,380.15,3527289,379.48,381.6,3013,381.8,50,
2026-04-13T10:07:45.985,NC,NTPC,381.6,374.35,383.1,374.35,380.15,3527455,379.48,381.75,3,381.8,229,
2026-04-13T10:07:47.067,NC,NTPC,381.6,374.35,383.1,374.35,380.15,3528530,379.49,381.6,749,381.75,273,
2026-04-13T10:07:48.202,NC,NTPC,381.6,374.35,383.1,374.35,380.15,3528679,379.49,381.6,599,381.75,354,
2026-04-13T10:07:50.370,NC,NTPC,381.55,374.35,383.1,374.35,380.15,3530246,379.49,381.6,1009,381.8,782,
2026-04-13T10:07:51.473,NC,NTPC,381.8,374.35,383.1,374.35,380.15,3531240,379.49,381.8,215,381.85,658,
2026-04-13T10:07:52.574,NC,NTPC,381.8,374.35,383.1,374.35,380.15,3531488,379.49,381.8,115,381.9,1086,
2026-04-13T10:07:53.704,NC,NTPC,381.8,374.35,383.1,374.35,380.15,3531493,379.49,381.8,110,381.9,1447,
2026-04-13T10:07:54.774,NC,NTPC,381.65,374.35,383.1,374.35,380.15,3533192,379.49,381.65,833,381.8,53,
2026-04-13T10:07:55.876,NC,NTPC,381.65,374.35,383.1,374.35,380.15,3533980,379.49,381.65,1145,381.85,1287,
2026-04-13T10:07:56.987,NC,NTPC,381.65,374.35,383.1,374.35,380.15,3534203,379.49,381.65,1020,381.85,162,
2026-04-13T10:07:58.081,NC,NTPC,381.85,374.35,383.1,374.35,380.15,3534255,379.49,381.65,968,381.85,60,
2026-04-13T10:07:59.183,NC,NTPC,381.85,374.35,383.1,374.35,380.15,3534305,379.49,381.7,693,381.85,2,
2026-04-13T10:08:01.410,NC,NTPC,381.8,374.35,383.1,374.35,380.15,3534336,379.49,381.8,14,381.85,138,
2026-04-13T10:08:02.495,NC,NTPC,381.85,374.35,383.1,374.35,380.15,3534397,379.49,381.7,646,381.85,3,
2026-04-13T10:08:03.588,NC,NTPC,381.75,374.35,383.1,374.35,380.15,3534716,379.49,381.75,1450,381.9,1051,
2026-04-13T10:08:04.596,NC,NTPC,381.65,374.35,383.1,374.35,380.15,3534783,379.49,381.65,24,381.75,1098,
2026-04-13T10:08:05.690,NC,NTPC,381.7,374.35,383.1,374.35,380.15,3535275,379.49,381.6,858,381.7,1818,
2026-04-13T10:08:06.694,NC,NTPC,381.6,374.35,383.1,374.35,380.15,3535342,379.49,381.6,791,381.7,1948,
2026-04-13T10:08:07.800,NC,NTPC,381.7,374.35,383.1,374.35,380.15,3536825,379.49,381.7,2017,381.75,809,
2026-04-13T10:08:08.902,NC,NTPC,381.7,374.35,383.1,374.35,380.15,3538843,379.49,381.6,791,381.7,2286,
2026-04-13T10:08:10.094,NC,NTPC,381.55,374.35,383.1,374.35,380.15,3539801,379.49,381.55,55,381.6,1327,
2026-04-13T10:08:10.999,NC,NTPC,381.6,374.35,383.1,374.35,380.15,3545079,379.5,381.35,1782,381.6,256,
2026-04-13T10:08:12.096,NC,NTPC,381.6,374.35,383.1,374.35,380.15,3545331,379.5,381.6,1301,381.65,3,
2026-04-13T10:08:13.198,NC,NTPC,381.6,374.35,383.1,374.35,380.15,3545342,379.5,381.6,1291,381.65,179,
2026-04-13T10:08:14.300,NC,NTPC,381.65,374.35,383.1,374.35,380.15,3546025,379.5,381.6,904,381.65,1316,
2026-04-13T10:08:15.400,NC,NTPC,381.35,374.35,383.1,374.35,380.15,3547533,379.5,381.35,2631,381.6,2941,
2026-04-13T10:08:16.501,NC,NTPC,381.35,374.35,383.1,374.35,380.15,3547633,379.5,381.35,1639,381.6,3268,
2026-04-13T10:08:17.601,NC,NTPC,381.4,374.35,383.1,374.35,380.15,3548268,379.5,381.4,50,381.6,2461,
2026-04-13T10:08:18.602,NC,NTPC,381.35,374.35,383.1,374.35,380.15,3548993,379.5,381.3,1154,381.5,1127,
2026-04-13T10:08:19.700,NC,NTPC,381.3,374.35,383.1,374.35,380.15,3549097,379.5,381.4,10,381.5,1359,
2026-04-13T10:08:20.801,NC,NTPC,381.4,374.35,383.1,374.35,380.15,3549107,379.5,381.15,2003,381.4,2696,
2026-04-13T10:08:21.808,NC,NTPC,381.2,374.35,383.1,374.35,380.15,3549200,379.5,381.2,100,381.4,1245,
2026-04-13T10:08:22.925,NC,NTPC,381.4,374.35,383.1,374.35,380.15,3550800,379.5,381.15,1871,381.4,2474,
2026-04-13T10:08:24.108,NC,NTPC,381.1,374.35,383.1,374.35,380.15,3551107,379.5,381.1,1105,381.15,67,
2026-04-13T10:08:25.028,NC,NTPC,381.15,374.35,383.1,374.35,380.15,3551143,379.5,381.1,309,381.15,345,
2026-04-13T10:08:26.211,NC,NTPC,381.3,374.35,383.1,374.35,380.15,3551489,379.5,381.15,1155,381.3,1525,
2026-04-13T10:08:28.311,NC,NTPC,381.3,374.35,383.1,374.35,380.15,3551554,379.5,381.15,1155,381.3,1610,
2026-04-13T10:08:29.314,NC,NTPC,381.15,374.35,383.1,374.35,380.15,3551561,379.5,381.15,1148,381.3,1534,
2026-04-13T10:08:30.495,NC,NTPC,381.15,374.35,383.1,374.35,380.15,3551619,379.5,381.15,1090,381.3,2269,
2026-04-13T10:08:31.595,NC,NTPC,381.15,374.35,383.1,374.35,380.15,3551767,379.5,381.15,965,381.25,99,
2026-04-13T10:08:32.702,NC,NTPC,381.15,374.35,383.1,374.35,380.15,3551780,379.5,381.15,962,381.3,1957,
2026-04-13T10:08:33.896,NC,NTPC,381.3,374.35,383.1,374.35,380.15,3553280,379.5,381.15,2433,381.3,146,
2026-04-13T10:08:34.995,NC,NTPC,381.3,374.35,383.1,374.35,380.15,3553281,379.5,381.3,288,381.4,1337,
2026-04-13T10:08:36.097,NC,NTPC,381.4,374.35,383.1,374.35,380.15,3553334,379.5,381.35,226,381.4,10,
2026-04-13T10:08:37.097,NC,NTPC,381.4,374.35,383.1,374.35,380.15,3553344,379.5,381.4,4,381.45,129,
2026-04-13T10:08:38.100,NC,NTPC,381.45,374.35,383.1,374.35,380.15,3553365,379.5,381.4,1411,381.6,1445,
2026-04-13T10:08:39.098,NC,NTPC,381.6,374.35,383.1,374.35,380.15,3553368,379.5,381.45,1425,381.6,176,
2026-04-13T10:08:41.300,NC,NTPC,381.45,374.35,383.1,374.35,380.15,3554001,379.5,381.45,1684,381.6,176,
2026-04-13T10:08:45.304,NC,NTPC,381.45,374.35,383.1,374.35,380.15,3554271,379.5,381.45,386,381.5,67,
2026-04-13T10:08:46.406,NC,NTPC,381.45,374.35,383.1,374.35,380.15,3554718,379.5,381.35,1649,381.45,449,
2026-04-13T10:08:48.608,NC,NTPC,381.4,374.35,383.1,374.35,380.15,3554886,379.5,381.3,3178,381.45,566,
2026-04-13T10:08:50.712,NC,NTPC,381.6,374.35,383.1,374.35,380.15,3555345,379.5,381.5,1422,381.6,111,
2026-04-13T10:08:52.714,NC,NTPC,381.5,374.35,383.1,374.35,380.15,3555346,379.5,381.5,1369,381.6,111,
2026-04-13T10:08:54.710,NC,NTPC,381.6,374.35,383.1,374.35,380.15,3555457,379.5,381.55,2397,381.7,5,
2026-04-13T10:08:55.811,NC,NTPC,381.7,374.35,383.1,374.35,380.15,3555462,379.5,381.7,1496,381.75,758,
2026-04-13T10:08:56.811,NC,NTPC,381.7,374.35,383.1,374.35,380.15,3556978,379.5,381.55,319,381.7,172,
2026-04-13T10:08:57.815,NC,NTPC,381.85,374.35,383.1,374.35,380.15,3558854,379.5,381.6,1632,381.8,122,
2026-04-13T10:08:58.909,NC,NTPC,381.6,374.35,383.1,374.35,380.15,3559590,379.5,381.6,1186,381.75,3,
2026-04-13T10:08:59.912,NC,NTPC,381.6,374.35,383.1,374.35,380.15,3559591,379.5,381.6,1185,381.8,953,
2026-04-13T10:09:01.018,NC,NTPC,381.8,374.35,383.1,374.35,380.15,3559778,379.5,381.75,3,381.8,1072,
2026-04-13T10:09:02.118,NC,NTPC,381.75,374.35,383.1,374.35,380.15,3559787,379.5,381.75,3,381.8,519,
2026-04-13T10:09:03.219,NC,NTPC,381.8,374.35,383.1,374.35,380.15,3559882,379.5,381.75,3,381.8,599,
2026-04-13T10:09:04.228,NC,NTPC,381.75,374.35,383.1,374.35,380.15,3559897,379.5,381.7,101,381.75,273,
2026-04-13T10:09:05.220,NC,NTPC,381.75,374.35,383.1,374.35,380.15,3559947,379.5,381.7,101,381.75,2,
2026-04-13T10:09:06.123,NC,NTPC,381.75,374.35,383.1,374.35,380.15,3559948,379.5,381.75,1507,381.8,2,
2026-04-13T10:09:07.123,NC,NTPC,381.75,374.35,383.1,374.35,380.15,3559966,379.5,381.75,2294,381.85,27,
2026-04-13T10:09:08.234,NC,NTPC,381.95,374.35,383.1,374.35,380.15,3560525,379.5,381.8,1057,381.95,1,
2026-04-13T10:09:09.127,NC,NTPC,381.8,374.35,383.1,374.35,380.15,3560812,379.5,381.75,1499,381.95,2379,
2026-04-13T10:09:10.126,NC,NTPC,381.9,374.35,383.1,374.35,380.15,3560813,379.5,381.75,1599,381.9,1224,
2026-04-13T10:09:13.328,NC,NTPC,381.8,374.35,383.1,374.35,380.15,3560878,379.5,381.8,35,381.9,453,
2026-04-13T10:09:14.333,NC,NTPC,381.9,374.35,383.1,374.35,380.15,3560905,379.5,381.8,35,381.9,512,
2026-04-13T10:09:15.330,NC,NTPC,381.85,374.35,383.1,374.35,380.15,3561694,379.5,381.75,960,381.85,1165,
2026-04-13T10:09:16.330,NC,NTPC,381.85,374.35,383.1,374.35,380.15,3561718,379.5,381.75,960,381.85,1141,
2026-04-13T10:09:17.340,NC,NTPC,381.85,374.35,383.1,374.35,380.15,3561720,379.5,381.75,960,381.85,1281,
2026-04-13T10:09:18.370,NC,NTPC,381.75,374.35,383.1,374.35,380.15,3561860,379.5,381.75,1020,381.85,90,
2026-04-13T10:09:19.439,NC,NTPC,381.95,374.35,383.1,374.35,380.15,3563630,379.51,381.75,1165,381.85,1,
2026-04-13T10:09:20.436,NC,NTPC,381.9,374.35,383.1,374.35,380.15,3563681,379.51,381.75,1936,381.9,236,
2026-04-13T10:09:21.543,NC,NTPC,381.8,374.35,383.1,374.35,380.15,3563857,379.51,381.8,1352,381.95,158,
2026-04-13T10:09:22.645,NC,NTPC,381.75,374.35,383.1,374.35,380.15,3563991,379.51,381.75,878,381.85,1715,
2026-04-13T10:09:23.646,NC,NTPC,381.75,374.35,383.1,374.35,380.15,3564001,379.51,381.75,1868,381.8,172,
2026-04-13T10:09:25.838,NC,NTPC,381.85,374.35,383.1,374.35,380.15,3564374,379.51,381.75,1820,381.85,654,
2026-04-13T10:09:26.948,NC,NTPC,381.8,374.35,383.1,374.35,380.15,3564546,379.51,381.75,1820,381.8,577,
2026-04-13T10:09:28.046,NC,NTPC,381.85,374.35,383.1,374.35,380.15,3565546,379.51,381.75,1820,381.8,876,
2026-04-13T10:09:29.158,NC,NTPC,381.7,374.35,383.1,374.35,380.15,3567566,379.51,381.6,2200,381.65,43,
2026-04-13T10:09:31.257,NC,NTPC,381.65,374.35,383.1,374.35,380.15,3567593,379.51,381.6,700,381.65,16,
2026-04-13T10:09:32.351,NC,NTPC,381.65,374.35,383.1,374.35,380.15,3567664,379.51,381.6,630,381.65,15,
2026-04-13T10:09:33.460,NC,NTPC,381.6,374.35,383.1,374.35,380.15,3567666,379.51,381.65,428,381.75,184,
2026-04-13T10:09:35.561,NC,NTPC,381.6,374.35,383.1,374.35,380.15,3568166,379.51,381.6,3655,381.75,15,
2026-04-13T10:09:39.681,NC,NTPC,381.6,374.35,383.1,374.35,380.15,3568971,379.51,381.65,1500,381.75,180,
2026-04-13T10:09:45.789,NC,NTPC,381.75,374.35,383.1,374.35,380.15,3569752,379.51,381.75,4,381.8,173,
2026-04-13T10:09:52.091,NC,NTPC,382.5,374.35,383.1,374.35,380.15,3572330,379.51,382.3,1000,382.5,1170,
2026-04-13T10:09:58.395,NC,NTPC,382.2,374.35,383.1,374.35,380.15,3573819,379.51,382.1,1028,382.3,930,
2026-04-13T10:10:04.895,NC,NTPC,382.1,374.35,383.1,374.35,380.15,3575946,379.51,382.1,1336,382.15,132,
2026-04-13T10:10:11.501,NC,NTPC,381.95,374.35,383.1,374.35,380.15,3581213,379.52,381.9,274,381.95,132,
2026-04-13T10:10:18.011,NC,NTPC,382.0,374.35,383.1,374.35,380.15,3581620,379.52,381.95,1458,382.0,93,
2026-04-13T10:10:24.527,NC,NTPC,382.15,374.35,383.1,374.35,380.15,3583529,379.52,382.05,81,382.15,268,
2026-04-13T10:10:31.032,NC,NTPC,382.95,374.35,383.1,374.35,380.15,3620383,379.55,382.75,747,382.95,1936,
2026-04-13T10:10:37.050,NC,NTPC,382.75,374.35,383.1,374.35,380.15,3632646,379.56,382.6,10880,382.75,78,
2026-04-13T10:10:38.129,NC,NTPC,382.75,374.35,383.1,374.35,380.15,3633904,379.56,382.65,843,382.75,273,
2026-04-13T10:10:39.236,NC,NTPC,382.65,374.35,383.1,374.35,380.15,3634033,379.56,382.65,743,382.75,18,
2026-04-13T10:10:40.328,NC,NTPC,382.65,374.35,383.1,374.35,380.15,3634553,379.56,382.65,243,382.75,1,
2026-04-13T10:10:41.331,NC,NTPC,382.8,374.35,383.1,374.35,380.15,3634635,379.56,382.65,253,382.8,1754,
2026-04-13T10:10:42.328,NC,NTPC,382.8,374.35,383.1,374.35,380.15,3634655,379.56,382.75,500,382.8,457,
2026-04-13T10:10:43.427,NC,NTPC,382.9,374.35,383.1,374.35,380.15,3635445,379.56,382.75,500,382.9,2003,
2026-04-13T10:10:44.430,NC,NTPC,382.75,374.35,383.1,374.35,380.15,3635548,379.56,382.75,738,382.85,253,
2026-04-13T10:10:45.536,NC,NTPC,382.85,374.35,383.1,374.35,380.15,3635578,379.56,382.75,395,382.85,233,
2026-04-13T10:10:46.638,NC,NTPC,382.85,374.35,383.1,374.35,380.15,3635612,379.56,382.75,395,382.85,202,
2026-04-13T10:10:47.634,NC,NTPC,382.8,374.35,383.1,374.35,380.15,3635749,379.56,382.75,261,382.8,66,
2026-04-13T10:10:48.748,NC,NTPC,382.8,374.35,383.1,374.35,380.15,3637825,379.57,382.75,260,382.8,99,
2026-04-13T10:10:49.832,NC,NTPC,382.85,374.35,383.1,374.35,380.15,3637963,379.57,382.8,32,382.85,43,
2026-04-13T10:10:50.930,NC,NTPC,382.85,374.35,383.1,374.35,380.15,3637972,379.57,382.8,33,382.85,34,
2026-04-13T10:10:52.053,NC,NTPC,382.85,374.35,383.1,374.35,380.15,3637998,379.57,382.8,34,382.85,75,
2026-04-13T10:10:53.133,NC,NTPC,382.85,374.35,383.1,374.35,380.15,3638003,379.57,382.8,35,382.85,70,
2026-04-13T10:10:54.233,NC,NTPC,382.8,374.35,383.1,374.35,380.15,3638668,379.57,382.75,67,382.8,273,
2026-04-13T10:10:55.343,NC,NTPC,382.8,374.35,383.1,374.35,380.15,3638827,379.57,382.65,1471,382.8,217,
2026-04-13T10:10:56.433,NC,NTPC,382.65,374.35,383.1,374.35,380.15,3639142,379.57,382.65,1602,382.8,359,
2026-04-13T10:10:57.553,NC,NTPC,382.8,374.35,383.1,374.35,380.15,3639179,379.57,382.65,1461,382.8,232,
2026-04-13T10:10:58.636,NC,NTPC,382.8,374.35,383.1,374.35,380.15,3639181,379.57,382.65,1824,382.8,231,
2026-04-13T10:10:59.741,NC,NTPC,382.75,374.35,383.1,374.35,380.15,3639432,379.57,382.65,375,382.7,202,
2026-04-13T10:11:00.739,NC,NTPC,382.65,374.35,383.1,374.35,380.15,3639604,379.57,382.65,240,382.7,202,
2026-04-13T10:11:01.859,NC,NTPC,382.8,374.35,383.1,374.35,380.15,3640286,379.57,382.65,1732,382.8,1677,
2026-04-13T10:11:02.940,NC,NTPC,382.75,374.35,383.1,374.35,380.15,3640297,379.57,382.65,1758,382.75,39,
2026-04-13T10:11:04.046,NC,NTPC,382.75,374.35,383.1,374.35,380.15,3640328,379.57,382.65,1706,382.75,8,
2026-04-13T10:11:05.183,NC,NTPC,382.75,374.35,383.1,374.35,380.15,3640936,379.57,382.65,1106,382.75,600,
2026-04-13T10:11:06.259,NC,NTPC,382.7,374.35,383.1,374.35,380.15,3641135,379.57,382.7,4,382.75,490,
2026-04-13T10:11:07.255,NC,NTPC,382.75,374.35,383.1,374.35,380.15,3641734,379.57,382.7,3,382.8,914,
2026-04-13T10:11:08.257,NC,NTPC,382.75,374.35,383.1,374.35,380.15,3641736,379.57,382.7,4,382.8,212,
2026-04-13T10:11:09.359,NC,NTPC,382.8,374.35,383.1,374.35,380.15,3641775,379.57,382.65,498,382.8,1043,
2026-04-13T10:11:10.459,NC,NTPC,382.8,374.35,383.1,374.35,380.15,3641978,379.57,382.65,1297,382.8,119,
2026-04-13T10:11:11.564,NC,NTPC,382.8,374.35,383.1,374.35,380.15,3642012,379.57,382.7,72,382.8,208,
2026-04-13T10:11:12.679,NC,NTPC,382.8,374.35,383.1,374.35,380.15,3642013,379.57,382.7,74,382.8,408,
2026-04-13T10:11:13.566,NC,NTPC,382.8,374.35,383.1,374.35,380.15,3642085,379.57,382.7,2,382.8,336,
2026-04-13T10:11:14.663,NC,NTPC,382.75,374.35,383.1,374.35,380.15,3643444,379.57,382.75,21,382.8,191,
2026-04-13T10:11:15.668,NC,NTPC,382.8,374.35,383.1,374.35,380.15,3643527,379.57,382.75,18,382.8,178,
2026-04-13T10:11:16.702,NC,NTPC,382.8,374.35,383.1,374.35,380.15,3643610,379.57,382.75,7,382.8,393,
2026-04-13T10:11:17.671,NC,NTPC,382.8,374.35,383.1,374.35,380.15,3643613,379.57,382.75,8,382.8,522,
2026-04-13T10:11:19.576,NC,NTPC,382.65,374.35,383.1,374.35,380.15,3643628,379.57,382.65,847,382.75,323,
2026-04-13T10:11:20.582,NC,NTPC,382.7,374.35,383.1,374.35,380.15,3643731,379.57,382.65,490,382.7,33,
2026-04-13T10:11:21.572,NC,NTPC,382.7,374.35,383.1,374.35,380.15,3643761,379.57,382.65,444,382.7,71,
2026-04-13T10:11:22.578,NC,NTPC,382.75,374.35,383.1,374.35,380.15,3644513,379.57,382.65,787,382.75,35,
2026-04-13T10:11:23.580,NC,NTPC,382.65,374.35,383.1,374.35,380.15,3645333,379.57,382.65,436,382.7,67,
2026-04-13T10:11:24.675,NC,NTPC,382.75,374.35,383.1,374.35,380.15,3645371,379.57,382.65,488,382.75,29,
2026-04-13T10:11:25.776,NC,NTPC,382.8,374.35,383.1,374.35,380.15,3645515,379.57,382.7,100,382.8,628,
2026-04-13T10:11:26.792,NC,NTPC,382.75,374.35,383.1,374.35,380.15,3646148,379.57,382.8,462,382.9,600,
2026-04-13T10:11:27.779,NC,NTPC,382.95,374.35,383.1,374.35,380.15,3646833,379.57,382.95,63,383.0,11499,
2026-04-13T10:11:28.785,NC,NTPC,382.8,374.35,383.1,374.35,380.15,3648234,379.57,382.8,841,382.95,3,
2026-04-13T10:11:29.901,NC,NTPC,382.8,374.35,383.1,374.35,380.15,3649883,379.58,382.8,342,382.95,863,
2026-04-13T10:11:30.991,NC,NTPC,382.95,374.35,383.1,374.35,380.15,3650396,379.58,382.9,683,382.95,251,
2026-04-13T10:11:32.087,NC,NTPC,382.9,374.35,383.1,374.35,380.15,3650595,379.58,382.9,662,382.95,113,
2026-04-13T10:11:33.184,NC,NTPC,382.9,374.35,383.1,374.35,380.15,3651303,379.58,382.7,1283,382.9,272,
2026-04-13T10:11:34.289,NC,NTPC,382.7,374.35,383.1,374.35,380.15,3651971,379.58,382.75,5,382.85,560,
2026-04-13T10:11:35.391,NC,NTPC,382.85,374.35,383.1,374.35,380.15,3652241,379.58,382.8,4,382.9,1357,
2026-04-13T10:11:36.497,NC,NTPC,382.9,374.35,383.1,374.35,380.15,3652278,379.58,382.85,4,382.9,1309,
2026-04-13T10:11:37.497,NC,NTPC,382.9,374.35,383.1,374.35,380.15,3652323,379.58,382.8,4,382.85,370,
2026-04-13T10:11:38.595,NC,NTPC,382.85,374.35,383.1,374.35,380.15,3652560,379.58,382.8,5,382.85,141,
2026-04-13T10:11:39.504,NC,NTPC,382.85,374.35,383.1,374.35,380.15,3652565,379.58,382.8,6,382.85,100,
2026-04-13T10:11:40.600,NC,NTPC,382.9,374.35,383.1,374.35,380.15,3652567,379.58,382.8,7,382.9,1798,
2026-04-13T10:11:41.702,NC,NTPC,382.95,374.35,383.1,374.35,380.15,3653810,379.58,382.95,9,383.0,10778,
2026-04-13T10:11:42.734,NC,NTPC,382.95,374.35,383.1,374.35,380.15,3653822,379.58,382.95,10,383.0,11403,
2026-04-13T10:11:43.717,NC,NTPC,383.0,374.35,383.1,374.35,380.15,3653891,379.58,382.95,11,383.0,11234,
2026-04-13T10:11:44.715,NC,NTPC,382.95,374.35,383.1,374.35,380.15,3654177,379.58,382.9,346,383.0,11251,
2026-04-13T10:11:45.808,NC,NTPC,383.25,374.35,383.25,374.35,380.15,3668526,379.59,383.2,393,383.3,171,
2026-04-13T10:11:46.912,NC,NTPC,383.3,374.35,383.5,374.35,380.15,3675264,379.6,383.3,333,383.45,132,
2026-04-13T10:11:48.011,NC,NTPC,383.3,374.35,383.5,374.35,380.15,3676629,379.6,383.3,82,383.4,258,
2026-04-13T10:11:49.120,NC,NTPC,383.45,374.35,383.5,374.35,380.15,3677150,379.6,383.35,344,383.45,3,
2026-04-13T10:11:50.217,NC,NTPC,383.35,374.35,383.5,374.35,380.15,3677238,379.6,383.35,1717,383.5,916,
2026-04-13T10:11:51.320,NC,NTPC,383.5,374.35,383.5,374.35,380.15,3679729,379.61,383.4,3,383.5,134,
2026-04-13T10:11:52.226,NC,NTPC,383.45,374.35,383.5,374.35,380.15,3681012,379.61,383.3,123,383.45,1213,
2026-04-13T10:11:53.344,NC,NTPC,383.45,374.35,383.5,374.35,380.15,3681808,379.61,383.3,2,383.45,1505,
2026-04-13T10:11:54.430,NC,NTPC,383.35,374.35,383.5,374.35,380.15,3682061,379.61,383.3,328,383.35,13,
2026-04-13T10:11:55.543,NC,NTPC,383.35,374.35,383.5,374.35,380.15,3682068,379.61,383.25,121,383.35,1175,
2026-04-13T10:11:56.627,NC,NTPC,383.15,374.35,383.5,374.35,380.15,3682318,379.61,383.15,672,383.25,67,
2026-04-13T10:11:57.739,NC,NTPC,383.15,374.35,383.5,374.35,380.15,3683410,379.61,383.05,2,383.2,1425,
2026-04-13T10:11:58.833,NC,NTPC,383.05,374.35,383.5,374.35,380.15,3685155,379.61,383.05,24,383.1,46,
2026-04-13T10:11:59.935,NC,NTPC,383.1,374.35,383.5,374.35,380.15,3685207,379.61,383.05,5,383.1,14,
2026-04-13T10:12:01.032,NC,NTPC,382.95,374.35,383.5,374.35,380.15,3685858,379.61,382.95,890,383.1,1,
2026-04-13T10:12:02.143,NC,NTPC,383.1,374.35,383.5,374.35,380.15,3686141,379.61,383.0,399,383.1,144,
2026-04-13T10:12:03.252,NC,NTPC,383.1,374.35,383.5,374.35,380.15,3686547,379.61,383.1,7,383.2,93,
2026-04-13T10:12:04.137,NC,NTPC,383.15,374.35,383.5,374.35,380.15,3686653,379.61,383.1,8,383.15,66,
2026-04-13T10:12:05.253,NC,NTPC,383.25,374.35,383.5,374.35,380.15,3687082,379.61,383.05,993,383.2,174,
2026-04-13T10:12:06.339,NC,NTPC,383.0,374.35,383.5,374.35,380.15,3687637,379.61,382.95,148,383.05,947,
2026-04-13T10:12:07.450,NC,NTPC,382.9,374.35,383.5,374.35,380.15,3687969,379.61,382.9,766,383.05,909,
2026-04-13T10:12:08.543,NC,NTPC,383.0,374.35,383.5,374.35,380.15,3688325,379.61,382.9,746,383.0,797,
2026-04-13T10:12:09.643,NC,NTPC,383.0,374.35,383.5,374.35,380.15,3688332,379.61,382.9,746,383.0,790,
2026-04-13T10:12:10.544,NC,NTPC,383.0,374.35,383.5,374.35,380.15,3688489,379.61,382.95,307,383.0,1002,
2026-04-13T10:12:11.649,NC,NTPC,383.1,374.35,383.5,374.35,380.15,3689581,379.61,382.95,1401,383.05,67,
2026-04-13T10:12:12.757,NC,NTPC,383.0,374.35,383.5,374.35,380.15,3689904,379.62,382.9,1711,383.0,21,
2026-04-13T10:12:13.855,NC,NTPC,383.15,374.35,383.5,374.35,380.15,3693855,379.62,382.95,1587,383.15,102,
2026-04-13T10:12:14.951,NC,NTPC,382.95,374.35,383.5,374.35,380.15,3695505,379.62,382.95,1129,383.15,1455,
2026-04-13T10:12:16.053,NC,NTPC,383.1,374.35,383.5,374.35,380.15,3698111,379.62,383.0,750,383.1,1397,
2026-04-13T10:12:16.961,NC,NTPC,382.9,374.35,383.5,374.35,380.15,3701337,379.63,382.85,1000,383.0,594,
2026-04-13T10:12:18.056,NC,NTPC,382.95,374.35,383.5,374.35,380.15,3702962,379.63,382.8,731,382.95,911,
2026-04-13T10:12:19.158,NC,NTPC,382.95,374.35,383.5,374.35,380.15,3703291,379.63,382.8,37,382.95,1032,
2026-04-13T10:12:20.259,NC,NTPC,383.0,374.35,383.5,374.35,380.15,3706017,379.63,382.8,409,383.0,490,
2026-04-13T10:12:21.368,NC,NTPC,383.0,374.35,383.5,374.35,380.15,3706567,379.63,382.85,581,383.0,254,
2026-04-13T10:12:22.470,NC,NTPC,383.05,374.35,383.5,374.35,380.15,3706692,379.63,382.85,631,383.05,1280,
2026-04-13T10:12:23.374,NC,NTPC,382.8,374.35,383.5,374.35,380.15,3706778,379.63,382.8,12,382.95,1546,
2026-04-13T10:12:24.479,NC,NTPC,382.95,374.35,383.5,374.35,380.15,3706797,379.63,382.8,14,382.95,38,
2026-04-13T10:12:25.579,NC,NTPC,382.8,374.35,383.5,374.35,380.15,3707052,379.63,382.8,14,382.95,1039,
2026-04-13T10:12:26.583,NC,NTPC,382.95,374.35,383.5,374.35,380.15,3707165,379.63,382.8,1,382.95,329,
2026-04-13T10:12:27.680,NC,NTPC,382.85,374.35,383.5,374.35,380.15,3707310,379.63,382.8,2,382.85,38,
2026-04-13T10:12:28.681,NC,NTPC,382.75,374.35,383.5,374.35,380.15,3707560,379.63,382.75,1066,382.95,949,
2026-04-13T10:12:29.698,NC,NTPC,382.85,374.35,383.5,374.35,380.15,3707606,379.63,382.7,998,382.85,61,
2026-04-13T10:12:30.691,NC,NTPC,382.7,374.35,383.5,374.35,380.15,3707696,379.63,382.7,328,382.8,467,
2026-04-13T10:12:31.802,NC,NTPC,382.75,374.35,383.5,374.35,380.15,3707835,379.63,382.7,1145,382.75,131,
2026-04-13T10:12:32.794,NC,NTPC,382.65,374.35,383.5,374.35,380.15,3709242,379.63,382.65,450,382.75,1573,
2026-04-13T10:12:33.910,NC,NTPC,382.7,374.35,383.5,374.35,380.15,3709869,379.63,382.65,43,382.7,290,
2026-04-13T10:12:34.892,NC,NTPC,382.65,374.35,383.5,374.35,380.15,3710013,379.63,382.65,431,382.7,411,
2026-04-13T10:12:35.897,NC,NTPC,382.7,374.35,383.5,374.35,380.15,3710069,379.63,382.65,427,382.7,241,
2026-04-13T10:12:36.795,NC,NTPC,382.7,374.35,383.5,374.35,380.15,3710077,379.63,382.65,427,382.7,357,
2026-04-13T10:12:37.809,NC,NTPC,382.7,374.35,383.5,374.35,380.15,3710081,379.63,382.65,426,382.7,68,
2026-04-13T10:12:38.903,NC,NTPC,382.7,374.35,383.5,374.35,380.15,3710563,379.63,382.65,8,382.7,354,
2026-04-13T10:12:40.005,NC,NTPC,382.65,374.35,383.5,374.35,380.15,3710857,379.63,382.65,191,382.7,323,
2026-04-13T10:12:41.102,NC,NTPC,382.7,374.35,383.5,374.35,380.15,3714120,379.64,382.6,9006,382.7,488,
2026-04-13T10:12:42.119,NC,NTPC,382.6,374.35,383.5,374.35,380.15,3714761,379.64,382.6,8430,382.65,353,
2026-04-13T10:12:43.012,NC,NTPC,382.6,374.35,383.5,374.35,380.15,3715007,379.64,382.6,8295,382.65,509,
2026-04-13T10:12:44.106,NC,NTPC,382.65,374.35,383.5,374.35,380.15,3715682,379.64,382.6,7905,382.65,325,
2026-04-13T10:12:45.110,NC,NTPC,382.75,374.35,383.5,374.35,380.15,3716382,379.64,382.6,7844,382.7,285,
2026-04-13T10:12:46.129,NC,NTPC,382.6,374.35,383.5,374.35,380.15,3717092,379.64,382.6,7274,382.65,401,
2026-04-13T10:12:47.222,NC,NTPC,382.4,374.35,383.5,374.35,380.15,3726781,379.65,382.35,418,382.55,725,
2026-04-13T10:12:48.215,NC,NTPC,382.5,374.35,383.5,374.35,380.15,3728937,379.65,382.5,547,382.65,219,
2026-04-13T10:12:49.212,NC,NTPC,382.65,374.35,383.5,374.35,380.15,3728938,379.65,382.5,2240,382.65,339,
2026-04-13T10:12:50.217,NC,NTPC,382.5,374.35,383.5,374.35,380.15,3730515,379.65,382.5,2820,382.65,190,
2026-04-13T10:12:51.318,NC,NTPC,382.6,374.35,383.5,374.35,380.15,3731499,379.65,382.6,1157,382.8,458,
2026-04-13T10:12:52.517,NC,NTPC,382.75,374.35,383.5,374.35,380.15,3731558,379.65,382.7,1015,382.8,66,
2026-04-13T10:12:53.622,NC,NTPC,382.7,374.35,383.5,374.35,380.15,3731809,379.65,382.7,670,382.85,1171,
2026-04-13T10:12:54.722,NC,NTPC,382.85,374.35,383.5,374.35,380.15,3731839,379.65,382.7,449,382.8,184,
2026-04-13T10:12:55.628,NC,NTPC,382.8,374.35,383.5,374.35,380.15,3731898,379.65,382.65,693,382.8,312,
2026-04-13T10:12:56.626,NC,NTPC,382.8,374.35,383.5,374.35,380.15,3733123,379.65,382.65,59,382.8,218,
2026-04-13T10:12:57.728,NC,NTPC,382.8,374.35,383.5,374.35,380.15,3733353,379.65,382.65,1070,382.8,226,
2026-04-13T10:12:58.727,NC,NTPC,382.8,374.35,383.5,374.35,380.15,3733399,379.65,382.65,664,382.8,280,
2026-04-13T10:12:59.828,NC,NTPC,382.8,374.35,383.5,374.35,380.15,3733408,379.65,382.65,578,382.8,375,
2026-04-13T10:13:00.834,NC,NTPC,382.75,374.35,383.5,374.35,380.15,3733991,379.65,382.75,3,382.8,1120,
2026-04-13T10:13:01.730,NC,NTPC,382.8,374.35,383.5,374.35,380.15,3734003,379.65,382.75,3,382.8,1412,
2026-04-13T10:13:02.835,NC,NTPC,382.8,374.35,383.5,374.35,380.15,3734005,379.65,382.75,3,382.8,848,
2026-04-13T10:13:03.933,NC,NTPC,382.7,374.35,383.5,374.35,380.15,3734129,379.65,382.65,4,382.7,263,
2026-04-13T10:13:04.934,NC,NTPC,382.65,374.35,383.5,374.35,380.15,3734153,379.65,382.6,26,382.65,108,
2026-04-13T10:13:06.035,NC,NTPC,382.75,374.35,383.5,374.35,380.15,3734739,379.65,382.6,169,382.8,2369,
2026-04-13T10:13:07.053,NC,NTPC,382.8,374.35,383.5,374.35,380.15,3734743,379.65,382.65,35,382.8,1284,
2026-04-13T10:13:08.145,NC,NTPC,382.8,374.35,383.5,374.35,380.15,3734746,379.65,382.65,35,382.8,1589,
2026-04-13T10:13:09.138,NC,NTPC,382.65,374.35,383.5,374.35,380.15,3735349,379.65,382.5,1428,382.65,590,
2026-04-13T10:13:10.234,NC,NTPC,382.5,374.35,383.5,374.35,380.15,3735572,379.65,382.5,564,382.6,50,
2026-04-13T10:13:11.242,NC,NTPC,382.5,374.35,383.5,374.35,380.15,3738626,379.66,382.4,1166,382.5,172,
2026-04-13T10:13:12.249,NC,NTPC,382.6,374.35,383.5,374.35,380.15,3738963,379.66,382.5,47,382.6,912,
2026-04-13T10:13:13.238,NC,NTPC,382.5,374.35,383.5,374.35,380.15,3740322,379.66,382.35,1913,382.55,853,
2026-04-13T10:13:14.246,NC,NTPC,382.5,374.35,383.5,374.35,380.15,3740515,379.66,382.35,152,382.45,67,
2026-04-13T10:13:15.355,NC,NTPC,382.4,374.35,383.5,374.35,380.15,3740615,379.66,382.35,70,382.4,154,
2026-04-13T10:13:16.442,NC,NTPC,382.35,374.35,383.5,374.35,380.15,3741439,379.66,382.2,184,382.35,1134,
2026-04-13T10:13:17.545,NC,NTPC,382.25,374.35,383.5,374.35,380.15,3742440,379.66,382.2,16,382.25,220,
2026-04-13T10:13:18.646,NC,NTPC,382.2,374.35,383.5,374.35,380.15,3742691,379.66,382.2,4,382.25,19,
2026-04-13T10:13:19.748,NC,NTPC,382.35,374.35,383.5,374.35,380.15,3742808,379.66,382.25,1,382.35,302,
2026-04-13T10:13:20.751,NC,NTPC,382.35,374.35,383.5,374.35,380.15,3743006,379.66,382.2,284,382.35,630,
2026-04-13T10:13:21.749,NC,NTPC,382.4,374.35,383.5,374.35,380.15,3743279,379.66,382.2,1402,382.35,17,
2026-04-13T10:13:22.756,NC,NTPC,382.35,374.35,383.5,374.35,380.15,3743301,379.66,382.35,1,382.4,231,
2026-04-13T10:13:23.854,NC,NTPC,382.4,374.35,383.5,374.35,380.15,3743812,379.66,382.25,1688,382.4,179,
2026-04-13T10:13:24.857,NC,NTPC,382.4,374.35,383.5,374.35,380.15,3743818,379.66,382.25,1849,382.4,1,
2026-04-13T10:13:25.862,NC,NTPC,382.4,374.35,383.5,374.35,380.15,3743824,379.66,382.25,1099,382.4,307,
2026-04-13T10:13:26.890,NC,NTPC,382.4,374.35,383.5,374.35,380.15,3743983,379.66,382.25,31,382.4,1207,
2026-04-13T10:13:27.859,NC,NTPC,382.4,374.35,383.5,374.35,380.15,3744162,379.66,382.25,165,382.4,220,
2026-04-13T10:13:28.965,NC,NTPC,382.4,374.35,383.5,374.35,380.15,3744182,379.66,382.25,165,382.4,623,
2026-04-13T10:13:30.064,NC,NTPC,382.4,374.35,383.5,374.35,380.15,3744185,379.66,382.25,410,382.4,566,
2026-04-13T10:13:31.062,NC,NTPC,382.4,374.35,383.5,374.35,380.15,3745006,379.66,382.35,3,382.4,883,
2026-04-13T10:13:31.970,NC,NTPC,382.35,374.35,383.5,374.35,380.15,3745044,379.66,382.3,1,382.35,45,
2026-04-13T10:13:32.980,NC,NTPC,382.4,374.35,383.5,374.35,380.15,3746600,379.66,382.3,2,382.4,799,
2026-04-13T10:13:33.970,NC,NTPC,382.4,374.35,383.5,374.35,380.15,3746846,379.66,382.35,23,382.4,23,
2026-04-13T10:13:34.969,NC,NTPC,382.5,374.35,383.5,374.35,380.15,3746874,379.66,382.4,6,382.5,543,
2026-04-13T10:13:36.067,NC,NTPC,382.55,374.35,383.5,374.35,380.15,3747459,379.66,382.45,7,382.55,3,
2026-04-13T10:13:37.268,NC,NTPC,382.6,374.35,383.5,374.35,380.15,3747502,379.66,382.55,11,382.6,119,
2026-04-13T10:13:38.371,NC,NTPC,382.65,374.35,383.5,374.35,380.15,3747712,379.66,382.55,1216,382.65,124,
2026-04-13T10:13:39.372,NC,NTPC,382.65,374.35,383.5,374.35,380.15,3747872,379.66,382.6,1127,382.8,1068,
2026-04-13T10:13:40.484,NC,NTPC,382.8,374.35,383.5,374.35,380.15,3747873,379.66,382.6,1752,382.8,291,
2026-04-13T10:13:41.578,NC,NTPC,382.75,374.35,383.5,374.35,380.15,3747874,379.66,382.7,1,382.75,66,
2026-04-13T10:13:42.676,NC,NTPC,382.6,374.35,383.5,374.35,380.15,3747976,379.66,382.6,1429,382.75,64,
2026-04-13T10:13:43.786,NC,NTPC,382.75,374.35,383.5,374.35,380.15,3748238,379.66,382.75,20,382.8,344,
2026-04-13T10:13:44.886,NC,NTPC,382.75,374.35,383.5,374.35,380.15,3748377,379.66,382.75,20,382.8,615,
2026-04-13T10:13:45.879,NC,NTPC,382.8,374.35,383.5,374.35,380.15,3748477,379.66,382.6,1505,382.8,122,
2026-04-13T10:13:47.011,NC,NTPC,382.65,374.35,383.5,374.35,380.15,3748578,379.66,382.6,502,382.65,113,
2026-04-13T10:13:48.091,NC,NTPC,382.5,374.35,383.5,374.35,380.15,3748669,379.66,382.5,350,382.6,409,
2026-04-13T10:13:49.207,NC,NTPC,382.6,374.35,383.5,374.35,380.15,3748689,379.66,382.45,801,382.6,388,
2026-04-13T10:13:50.280,NC,NTPC,382.55,374.35,383.5,374.35,380.15,3748707,379.66,382.45,503,382.55,65,
2026-04-13T10:13:51.381,NC,NTPC,382.55,374.35,383.5,374.35,380.15,3748709,379.66,382.45,2066,382.55,63,
2026-04-13T10:13:52.383,NC,NTPC,382.55,374.35,383.5,374.35,380.15,3748792,379.66,382.55,10,382.6,227,
2026-04-13T10:13:53.484,NC,NTPC,382.8,374.35,383.5,374.35,380.15,3749147,379.66,382.65,413,382.8,227,
2026-04-13T10:13:54.587,NC,NTPC,382.85,374.35,383.5,374.35,380.15,3749206,379.66,382.65,989,382.85,1063,
2026-04-13T10:13:55.687,NC,NTPC,382.8,374.35,383.5,374.35,380.15,3749209,379.66,382.65,651,382.8,184,
2026-04-13T10:13:56.688,NC,NTPC,382.75,374.35,383.5,374.35,380.15,3749776,379.66,382.75,8,382.8,1105,
2026-04-13T10:13:57.710,NC,NTPC,382.6,374.35,383.5,374.35,380.15,3749957,379.66,382.6,2,382.75,874,
2026-04-13T10:13:58.789,NC,NTPC,382.75,374.35,383.5,374.35,380.15,3749975,379.66,382.55,1964,382.75,425,
2026-04-13T10:13:59.895,NC,NTPC,382.75,374.35,383.5,374.35,380.15,3749992,379.66,382.55,1698,382.75,1169,
2026-04-13T10:14:01.000,NC,NTPC,382.65,374.35,383.5,374.35,380.15,3752066,379.67,382.65,30,382.7,524,
2026-04-13T10:14:02.091,NC,NTPC,382.7,374.35,383.5,374.35,380.15,3752117,379.67,382.65,24,382.7,238,
2026-04-13T10:14:03.198,NC,NTPC,382.65,374.35,383.5,374.35,380.15,3752374,379.67,382.55,10,382.65,997,
2026-04-13T10:14:04.195,NC,NTPC,382.65,374.35,383.5,374.35,380.15,3752380,379.67,382.55,11,382.65,1175,
2026-04-13T10:14:05.296,NC,NTPC,382.65,374.35,383.5,374.35,380.15,3752402,379.67,382.55,12,382.65,1153,
2026-04-13T10:14:06.402,NC,NTPC,382.65,374.35,383.5,374.35,380.15,3752453,379.67,382.55,13,382.65,644,
2026-04-13T10:14:07.500,NC,NTPC,382.65,374.35,383.5,374.35,380.15,3752476,379.67,382.55,15,382.65,535,
2026-04-13T10:14:08.601,NC,NTPC,382.65,374.35,383.5,374.35,380.15,3752477,379.67,382.55,15,382.65,447,
2026-04-13T10:14:09.703,NC,NTPC,382.55,374.35,383.5,374.35,380.15,3752880,379.67,382.4,1188,382.55,3,
2026-04-13T10:14:10.802,NC,NTPC,382.6,374.35,383.5,374.35,380.15,3752951,379.67,382.4,1188,382.6,516,
2026-04-13T10:14:11.705,NC,NTPC,382.6,374.35,383.5,374.35,380.15,3752965,379.67,382.45,122,382.6,462,
2026-04-13T10:14:12.801,NC,NTPC,382.55,374.35,383.5,374.35,380.15,3753069,379.67,382.4,293,382.55,1647,
2026-04-13T10:14:13.705,NC,NTPC,382.55,374.35,383.5,374.35,380.15,3753134,379.67,382.4,293,382.55,1152,
2026-04-13T10:14:14.811,NC,NTPC,382.55,374.35,383.5,374.35,380.15,3753172,379.67,382.4,293,382.55,572,
2026-04-13T10:14:16.003,NC,NTPC,382.55,374.35,383.5,374.35,380.15,3753221,379.67,382.5,3,382.55,441,
2026-04-13T10:14:17.111,NC,NTPC,382.55,374.35,383.5,374.35,380.15,3753407,379.67,382.5,261,382.55,1,
2026-04-13T10:14:18.210,NC,NTPC,382.6,374.35,383.5,374.35,380.15,3753931,379.67,382.55,1,382.6,299,
2026-04-13T10:14:19.313,NC,NTPC,382.65,374.35,383.5,374.35,380.15,3753943,379.67,382.55,3,382.65,652,
2026-04-13T10:14:20.416,NC,NTPC,382.65,374.35,383.5,374.35,380.15,3753947,379.67,382.55,323,382.65,201,
2026-04-13T10:14:21.526,NC,NTPC,382.65,374.35,383.5,374.35,380.15,3753948,379.67,382.55,17,382.65,616,
2026-04-13T10:14:22.623,NC,NTPC,382.65,374.35,383.5,374.35,380.15,3753954,379.67,382.55,17,382.65,610,
2026-04-13T10:14:24.627,NC,NTPC,382.65,374.35,383.5,374.35,380.15,3753955,379.67,382.55,1031,382.65,193,
2026-04-13T10:14:25.726,NC,NTPC,382.6,374.35,383.5,374.35,380.15,3753961,379.67,382.55,17,382.65,191,
2026-04-13T10:14:26.830,NC,NTPC,382.5,374.35,383.5,374.35,380.15,3754557,379.67,382.45,45,382.5,1404,
2026-04-13T10:14:27.927,NC,NTPC,382.5,374.35,383.5,374.35,380.15,3754938,379.67,382.45,46,382.5,1291,
2026-04-13T10:14:29.055,NC,NTPC,382.5,374.35,383.5,374.35,380.15,3755692,379.67,382.45,671,382.5,537,
2026-04-13T10:14:30.126,NC,NTPC,382.5,374.35,383.5,374.35,380.15,3755711,379.67,382.45,671,382.5,518,
2026-04-13T10:14:31.230,NC,NTPC,382.5,374.35,383.5,374.35,380.15,3756708,379.67,382.4,1140,382.5,21,
2026-04-13T10:14:32.329,NC,NTPC,382.5,374.35,383.5,374.35,380.15,3756731,379.67,382.45,488,382.5,123,
2026-04-13T10:14:33.480,NC,NTPC,382.65,374.35,383.5,374.35,380.15,3757037,379.67,382.6,735,382.65,147,
2026-04-13T10:14:34.541,NC,NTPC,382.8,374.35,383.5,374.35,380.15,3757539,379.67,382.6,770,382.75,45,
2026-04-13T10:14:35.644,NC,NTPC,382.75,374.35,383.5,374.35,380.15,3757540,379.67,382.7,74,382.8,1334,
2026-04-13T10:14:40.346,NC,NTPC,382.7,374.35,383.5,374.35,380.15,3757666,379.67,382.6,700,382.7,2,
2026-04-13T10:14:46.784,NC,NTPC,382.3,374.35,383.5,374.35,380.15,3759935,379.67,382.3,45,382.5,2319,
2026-04-13T10:14:53.174,NC,NTPC,382.45,374.35,383.5,374.35,380.15,3760691,379.67,382.25,551,382.45,1974,
2026-04-13T10:14:59.675,NC,NTPC,382.45,374.35,383.5,374.35,380.15,3761213,379.67,382.3,68,382.45,793,
2026-04-13T10:15:06.186,NC,NTPC,382.2,374.35,383.5,374.35,380.15,3763068,379.67,382.2,593,382.35,177,
2026-04-13T10:15:13.102,NC,NTPC,382.4,374.35,383.5,374.35,380.15,3766777,379.68,382.3,3,382.4,992,
2026-04-13T10:15:19.797,NC,NTPC,382.65,374.35,383.5,374.35,380.15,3771058,379.68,382.5,1089,382.65,103,
2026-04-13T10:15:26.117,NC,NTPC,382.7,374.35,383.5,374.35,380.15,3772086,379.68,382.65,18,382.7,701,
2026-04-13T10:15:32.214,NC,NTPC,382.65,374.35,383.5,374.35,380.15,3772538,379.68,382.5,439,382.65,284,
2026-04-13T10:15:38.522,NC,NTPC,382.75,374.35,383.5,374.35,380.15,3773420,379.68,382.65,3,382.75,653,
2026-04-13T10:15:44.934,NC,NTPC,382.55,374.35,383.5,374.35,380.15,3774411,379.68,382.4,99,382.55,519,
2026-04-13T10:15:51.345,NC,NTPC,382.55,374.35,383.5,374.35,380.15,3775034,379.68,382.35,2289,382.55,441,
2026-04-13T10:15:57.442,NC,NTPC,382.55,374.35,383.5,374.35,380.15,3775562,379.68,382.35,1353,382.55,101,
2026-04-13T10:16:03.767,NC,NTPC,382.45,374.35,383.5,374.35,380.15,3776743,379.68,382.3,1776,382.45,14,
2026-04-13T10:16:10.463,NC,NTPC,382.55,374.35,383.5,374.35,380.15,3777826,379.69,382.4,4,382.55,1455,
2026-04-13T10:16:16.980,NC,NTPC,382.7,374.35,383.5,374.35,380.15,3781197,379.69,382.6,1326,382.7,254,
2026-04-13T10:16:23.794,NC,NTPC,382.7,374.35,383.5,374.35,380.15,3783780,379.69,382.7,31,382.75,68,
2026-04-13T10:16:30.503,NC,NTPC,382.8,374.35,383.5,374.35,380.15,3786791,379.69,382.7,46,382.8,94,
2026-04-13T10:16:36.942,NC,NTPC,382.6,374.35,383.5,374.35,380.15,3788087,379.69,382.55,2015,382.6,152,
2026-04-13T10:16:43.348,NC,NTPC,382.8,374.35,383.5,374.35,380.15,3793320,379.7,382.7,289,382.8,44,
2026-04-13T10:16:49.559,NC,NTPC,382.75,374.35,383.5,374.35,380.15,3794599,379.7,382.7,19,382.75,2,
2026-04-13T10:16:55.960,NC,NTPC,382.65,374.35,383.5,374.35,380.15,3795492,379.7,382.5,155,382.6,995,
2026-04-13T10:17:02.574,NC,NTPC,382.6,374.35,383.5,374.35,380.15,3796322,379.7,382.45,1204,382.6,301,
2026-04-13T10:17:09.071,NC,NTPC,382.6,374.35,383.5,374.35,380.15,3796893,379.7,382.5,700,382.6,540,
2026-04-13T10:17:15.501,NC,NTPC,382.7,374.35,383.5,374.35,380.15,3797932,379.7,382.6,653,382.7,94,
2026-04-13T10:17:21.887,NC,NTPC,382.7,374.35,383.5,374.35,380.15,3799333,379.7,382.55,467,382.7,66,
2026-04-13T10:17:27.991,NC,NTPC,382.7,374.35,383.5,374.35,380.15,3799628,379.7,382.6,758,382.7,229,
2026-04-13T10:17:34.097,NC,NTPC,382.75,374.35,383.5,374.35,380.15,3801197,379.7,382.65,4,382.75,1,
2026-04-13T10:17:37.102,NC,NTPC,382.75,374.35,383.5,374.35,380.15,3803363,379.7,382.65,418,382.8,215,
2026-04-13T10:17:38.092,NC,NTPC,382.65,374.35,383.5,374.35,380.15,3803727,379.71,382.65,239,382.8,421,
2026-04-13T10:17:39.198,NC,NTPC,382.65,374.35,383.5,374.35,380.15,3803933,379.71,382.65,1919,382.8,3,
2026-04-13T10:17:40.296,NC,NTPC,382.85,374.35,383.5,374.35,380.15,3804053,379.71,382.7,513,382.85,140,
2026-04-13T10:17:41.399,NC,NTPC,382.85,374.35,383.5,374.35,380.15,3804350,379.71,382.7,457,382.85,252,
2026-04-13T10:17:42.500,NC,NTPC,382.85,374.35,383.5,374.35,380.15,3804358,379.71,382.85,1,382.9,3,
2026-04-13T10:17:43.502,NC,NTPC,382.9,374.35,383.5,374.35,380.15,3804391,379.71,382.75,687,382.9,51,
2026-04-13T10:17:44.604,NC,NTPC,382.7,374.35,383.5,374.35,380.15,3804494,379.71,382.7,792,382.9,1390,
2026-04-13T10:17:45.706,NC,NTPC,382.9,374.35,383.5,374.35,380.15,3804495,379.71,382.7,792,382.9,1039,
2026-04-13T10:17:46.707,NC,NTPC,382.9,374.35,383.5,374.35,380.15,3804639,379.71,382.75,173,382.9,287,
2026-04-13T10:17:47.811,NC,NTPC,382.75,374.35,383.5,374.35,380.15,3804667,379.71,382.75,506,382.9,214,
2026-04-13T10:17:49.010,NC,NTPC,382.9,374.35,383.5,374.35,380.15,3804676,379.71,382.75,506,382.9,205,
2026-04-13T10:17:50.025,NC,NTPC,382.9,374.35,383.5,374.35,380.15,3804792,379.71,382.75,455,382.9,143,
2026-04-13T10:17:51.017,NC,NTPC,382.75,374.35,383.5,374.35,380.15,3804843,379.71,382.75,5,382.9,761,
2026-04-13T10:17:52.016,NC,NTPC,382.9,374.35,383.5,374.35,380.15,3804896,379.71,382.75,2,382.9,708,
2026-04-13T10:17:52.923,NC,NTPC,382.9,374.35,383.5,374.35,380.15,3804950,379.71,382.75,2,382.9,956,
2026-04-13T10:17:54.023,NC,NTPC,382.85,374.35,383.5,374.35,380.15,3805158,379.71,382.7,497,382.85,265,
2026-04-13T10:17:55.136,NC,NTPC,382.9,374.35,383.5,374.35,380.15,3805461,379.71,382.75,122,382.9,1208,
2026-04-13T10:17:56.127,NC,NTPC,382.85,374.35,383.5,374.35,380.15,3807570,379.71,382.65,227,382.85,980,
2026-04-13T10:17:57.226,NC,NTPC,382.65,374.35,383.5,374.35,380.15,3808067,379.71,382.65,109,382.85,1725,
2026-04-13T10:17:58.327,NC,NTPC,382.7,374.35,383.5,374.35,380.15,3808202,379.71,382.7,122,382.85,1600,
2026-04-13T10:17:59.424,NC,NTPC,382.85,374.35,383.5,374.35,380.15,3808265,379.71,382.7,1,382.85,1711,
2026-04-13T10:18:00.527,NC,NTPC,382.85,374.35,383.5,374.35,380.15,3808334,379.71,382.7,122,382.85,1408,
2026-04-13T10:18:01.649,NC,NTPC,382.85,374.35,383.5,374.35,380.15,3808439,379.71,382.8,3,382.85,1305,
2026-04-13T10:18:02.762,NC,NTPC,382.85,374.35,383.5,374.35,380.15,3809818,379.71,382.65,1232,382.85,515,
2026-04-13T10:18:03.831,NC,NTPC,382.85,374.35,383.5,374.35,380.15,3810078,379.71,382.65,861,382.8,60,
2026-04-13T10:18:04.828,NC,NTPC,382.7,374.35,383.5,374.35,380.15,3810391,379.71,382.65,1931,382.8,172,
2026-04-13T10:18:05.932,NC,NTPC,382.65,374.35,383.5,374.35,380.15,3810499,379.71,382.65,1924,382.8,122,
2026-04-13T10:18:07.039,NC,NTPC,382.8,374.35,383.5,374.35,380.15,3810557,379.71,382.6,1774,382.8,1281,
2026-04-13T10:18:08.134,NC,NTPC,382.8,374.35,383.5,374.35,380.15,3810619,379.71,382.65,728,382.8,206,
2026-04-13T10:18:09.233,NC,NTPC,382.85,374.35,383.5,374.35,380.15,3810674,379.71,382.65,2051,382.85,116,
2026-04-13T10:18:10.354,NC,NTPC,382.85,374.35,383.5,374.35,380.15,3810728,379.71,382.65,1970,382.85,460,
2026-04-13T10:18:11.344,NC,NTPC,382.65,374.35,383.5,374.35,380.15,3810810,379.71,382.65,1942,382.85,980,
2026-04-13T10:18:12.353,NC,NTPC,382.85,374.35,383.5,374.35,380.15,3810874,379.71,382.7,33,382.85,921,
2026-04-13T10:18:13.440,NC,NTPC,382.85,374.35,383.5,374.35,380.15,3811039,379.71,382.65,2307,382.85,841,
2026-04-13T10:18:14.440,NC,NTPC,382.85,374.35,383.5,374.35,380.15,3811152,379.71,382.65,2415,382.85,53,
2026-04-13T10:18:15.341,NC,NTPC,382.85,374.35,383.5,374.35,380.15,3811214,379.71,382.65,2388,382.85,582,
2026-04-13T10:18:16.340,NC,NTPC,382.85,374.35,383.5,374.35,380.15,3811271,379.71,382.8,3,382.85,49,
2026-04-13T10:18:17.342,NC,NTPC,382.8,374.35,383.5,374.35,380.15,3811691,379.71,382.75,2,382.85,182,
2026-04-13T10:18:18.449,NC,NTPC,382.7,374.35,383.5,374.35,380.15,3811928,379.71,382.65,285,382.7,33,
2026-04-13T10:18:19.638,NC,NTPC,382.7,374.35,383.5,374.35,380.15,3812128,379.71,382.65,229,382.7,2,
2026-04-13T10:18:20.650,NC,NTPC,383.0,374.35,383.5,374.35,380.15,3813486,379.71,382.85,8910,383.0,4293,
2026-04-13T10:18:21.748,NC,NTPC,383.0,374.35,383.5,374.35,380.15,3813533,379.71,382.85,9084,383.0,4053,
2026-04-13T10:18:22.751,NC,NTPC,383.0,374.35,383.5,374.35,380.15,3813579,379.71,382.9,856,383.0,3975,
2026-04-13T10:18:23.754,NC,NTPC,383.0,374.35,383.5,374.35,380.15,3813740,379.71,382.9,1076,383.0,3814,
2026-04-13T10:18:24.867,NC,NTPC,383.0,374.35,383.5,374.35,380.15,3814041,379.71,382.95,447,383.0,3514,
2026-04-13T10:18:26.062,NC,NTPC,383.2,374.35,383.5,374.35,380.15,3818812,379.72,383.15,1391,383.2,1198,
2026-04-13T10:18:27.159,NC,NTPC,383.2,374.35,383.5,374.35,380.15,3820479,379.72,383.1,14,383.2,1981,
2026-04-13T10:18:28.156,NC,NTPC,383.1,374.35,383.5,374.35,380.15,3820618,379.72,383.1,65,383.15,58,
2026-04-13T10:18:29.257,NC,NTPC,383.2,374.35,383.5,374.35,380.15,3820682,379.72,383.1,67,383.2,1067,
2026-04-13T10:18:30.359,NC,NTPC,383.1,374.35,383.5,374.35,380.15,3820754,379.72,383.1,63,383.15,346,
2026-04-13T10:18:31.464,NC,NTPC,382.95,374.35,383.5,374.35,380.15,3823800,379.72,382.95,1028,383.05,68,
2026-04-13T10:18:32.574,NC,NTPC,382.9,374.35,383.5,374.35,380.15,3824501,379.72,382.9,1709,383.1,1017,
2026-04-13T10:18:33.572,NC,NTPC,383.0,374.35,383.5,374.35,380.15,3824748,379.72,383.0,3,383.15,746,
2026-04-13T10:18:34.575,NC,NTPC,383.15,374.35,383.5,374.35,380.15,3826326,379.72,383.15,5,383.2,1597,
2026-04-13T10:18:35.682,NC,NTPC,383.15,374.35,383.5,374.35,380.15,3826329,379.72,383.15,2,383.2,1597,
2026-04-13T10:18:36.695,NC,NTPC,383.2,374.35,383.5,374.35,380.15,3826339,379.72,383.15,2,383.2,1587,
2026-04-13T10:18:37.579,NC,NTPC,383.15,374.35,383.5,374.35,380.15,3826362,379.72,383.15,21,383.2,1231,
2026-04-13T10:18:38.575,NC,NTPC,383.2,374.35,383.5,374.35,380.15,3826366,379.72,383.15,25,383.2,1227,
2026-04-13T10:18:39.576,NC,NTPC,383.2,374.35,383.5,374.35,380.15,3826499,379.72,383.15,4,383.2,1094,
2026-04-13T10:18:40.578,NC,NTPC,383.2,374.35,383.5,374.35,380.15,3827052,379.72,383.1,381,383.2,1066,
2026-04-13T10:18:41.693,NC,NTPC,383.2,374.35,383.5,374.35,380.15,3827144,379.72,383.1,215,383.2,974,
2026-04-13T10:18:42.679,NC,NTPC,383.2,374.35,383.5,374.35,380.15,3827145,379.72,383.15,5,383.2,973,
2026-04-13T10:18:43.780,NC,NTPC,383.2,374.35,383.5,374.35,380.15,3827880,379.73,383.05,1020,383.2,244,
2026-04-13T10:18:44.883,NC,NTPC,383.05,374.35,383.5,374.35,380.15,3828772,379.73,383.05,278,383.2,442,
2026-04-13T10:18:45.983,NC,NTPC,383.2,374.35,383.5,374.35,380.15,3832793,379.73,383.2,6,383.25,1271,
2026-04-13T10:18:47.090,NC,NTPC,383.2,374.35,383.5,374.35,380.15,3833839,379.73,383.0,849,383.2,332,
2026-04-13T10:18:48.196,NC,NTPC,383.2,374.35,383.5,374.35,380.15,3833918,379.73,383.0,923,383.2,599,
2026-04-13T10:18:49.086,NC,NTPC,383.2,374.35,383.5,374.35,380.15,3833920,379.73,383.05,172,383.2,487,
2026-04-13T10:18:50.100,NC,NTPC,383.2,374.35,383.5,374.35,380.15,3833926,379.73,383.05,504,383.2,200,
2026-04-13T10:18:51.292,NC,NTPC,383.2,374.35,383.5,374.35,380.15,3833928,379.73,383.05,629,383.2,198,
2026-04-13T10:18:52.295,NC,NTPC,383.2,374.35,383.5,374.35,380.15,3834619,379.73,383.1,902,383.2,7,
2026-04-13T10:18:53.305,NC,NTPC,383.3,374.35,383.5,374.35,380.15,3834744,379.73,383.2,2,383.3,2041,
2026-04-13T10:18:54.400,NC,NTPC,383.3,374.35,383.5,374.35,380.15,3834747,379.73,383.2,2,383.3,1679,
2026-04-13T10:18:55.411,NC,NTPC,383.3,374.35,383.5,374.35,380.15,3835249,379.73,383.2,569,383.3,913,
2026-04-13T10:18:56.508,NC,NTPC,383.3,374.35,383.5,374.35,380.15,3835364,379.73,383.15,1014,383.3,818,
2026-04-13T10:18:57.604,NC,NTPC,383.15,374.35,383.5,374.35,380.15,3835492,379.73,383.15,659,383.3,815,
2026-04-13T10:18:58.706,NC,NTPC,383.35,374.35,383.5,374.35,380.15,3836837,379.73,383.3,1,383.4,3908,
2026-04-13T10:18:59.710,NC,NTPC,383.4,374.35,383.5,374.35,380.15,3836865,379.73,383.3,1,383.4,3789,
2026-04-13T10:19:00.823,NC,NTPC,383.4,374.35,383.5,374.35,380.15,3836895,379.73,383.25,196,383.4,3306,
2026-04-13T10:19:01.712,NC,NTPC,383.4,374.35,383.5,374.35,380.15,3836902,379.73,383.25,470,383.4,3272,
2026-04-13T10:19:02.812,NC,NTPC,383.3,374.35,383.5,374.35,380.15,3837292,379.73,383.25,60,383.3,715,
2026-04-13T10:19:03.922,NC,NTPC,383.3,374.35,383.5,374.35,380.15,3837893,379.73,383.15,744,383.3,125,
2026-04-13T10:19:05.017,NC,NTPC,383.35,374.35,383.5,374.35,380.15,3838062,379.73,383.15,854,383.35,1067,
2026-04-13T10:19:06.124,NC,NTPC,383.35,374.35,383.5,374.35,380.15,3838147,379.73,383.25,1,383.35,626,
2026-04-13T10:19:07.219,NC,NTPC,383.35,374.35,383.5,374.35,380.15,3841140,379.74,383.15,928,383.35,52,
2026-04-13T10:19:08.324,NC,NTPC,383.25,374.35,383.5,374.35,380.15,3842212,379.74,383.05,508,383.1,67,
2026-04-13T10:19:09.416,NC,NTPC,383.0,374.35,383.5,374.35,380.15,3842381,379.74,383.0,957,383.1,33,
2026-04-13T10:19:10.524,NC,NTPC,383.15,374.35,383.5,374.35,380.15,3843263,379.74,383.05,352,383.15,127,
2026-04-13T10:19:11.618,NC,NTPC,383.2,374.35,383.5,374.35,380.15,3844435,379.74,383.0,1586,383.2,263,
2026-04-13T10:19:12.771,NC,NTPC,383.2,374.35,383.5,374.35,380.15,3844460,379.74,383.0,2572,383.2,132,
2026-04-13T10:19:13.725,NC,NTPC,383.15,374.35,383.5,374.35,380.15,3844461,379.74,383.1,261,383.15,66,
2026-04-13T10:19:14.725,NC,NTPC,383.25,374.35,383.5,374.35,380.15,3845441,379.74,383.15,260,383.3,789,
2026-04-13T10:19:15.822,NC,NTPC,383.3,374.35,383.5,374.35,380.15,3845744,379.74,383.25,3,383.3,454,
2026-04-13T10:19:16.964,NC,NTPC,383.25,374.35,383.5,374.35,380.15,3847052,379.74,383.05,972,383.25,572,
2026-04-13T10:19:18.026,NC,NTPC,383.25,374.35,383.5,374.35,380.15,3848050,379.74,383.1,8260,383.25,748,
2026-04-13T10:19:19.126,NC,NTPC,383.2,374.35,383.5,374.35,380.15,3848086,379.74,383.1,8260,383.2,65,
2026-04-13T10:19:20.226,NC,NTPC,383.2,374.35,383.5,374.35,380.15,3848203,379.74,383.1,8160,383.2,48,
2026-04-13T10:19:21.134,NC,NTPC,383.2,374.35,383.5,374.35,380.15,3848238,379.74,383.15,101,383.2,13,
2026-04-13T10:19:22.230,NC,NTPC,383.2,374.35,383.5,374.35,380.15,3848548,379.74,383.2,5,383.25,500,
2026-04-13T10:19:23.335,NC,NTPC,383.25,374.35,383.5,374.35,380.15,3848567,379.74,383.2,58,383.25,487,
2026-04-13T10:19:24.439,NC,NTPC,383.25,374.35,383.5,374.35,380.15,3848684,379.74,383.15,1083,383.25,670,
2026-04-13T10:19:25.533,NC,NTPC,383.25,374.35,383.5,374.35,380.15,3848731,379.74,383.15,903,383.25,648,
2026-04-13T10:19:26.630,NC,NTPC,383.25,374.35,383.5,374.35,380.15,3848757,379.74,383.15,888,383.25,1137,
2026-04-13T10:19:27.648,NC,NTPC,383.25,374.35,383.5,374.35,380.15,3848760,379.74,383.15,1168,383.25,1134,
2026-04-13T10:19:28.635,NC,NTPC,383.2,374.35,383.5,374.35,380.15,3848829,379.74,383.15,1211,383.25,1160,
2026-04-13T10:19:29.635,NC,NTPC,383.25,374.35,383.5,374.35,380.15,3848898,379.74,383.2,133,383.25,1158,
2026-04-13T10:19:30.742,NC,NTPC,383.2,374.35,383.5,374.35,380.15,3848918,379.74,383.2,114,383.25,1158,
2026-04-13T10:19:31.849,NC,NTPC,383.25,374.35,383.5,374.35,380.15,3849118,379.74,383.2,361,383.25,973,
2026-04-13T10:19:32.941,NC,NTPC,383.25,374.35,383.5,374.35,380.15,3849121,379.74,383.2,361,383.25,970,
2026-04-13T10:19:33.841,NC,NTPC,383.25,374.35,383.5,374.35,380.15,3849239,379.74,383.2,263,383.25,952,
2026-04-13T10:19:34.942,NC,NTPC,383.25,374.35,383.5,374.35,380.15,3850318,379.75,383.15,785,383.25,903,
2026-04-13T10:19:36.051,NC,NTPC,383.4,374.35,383.5,374.35,380.15,3854981,379.75,383.35,1121,383.45,1026,
2026-04-13T10:19:37.351,NC,NTPC,383.5,374.35,383.5,374.35,380.15,3857275,379.75,383.4,1137,383.5,4649,
2026-04-13T10:19:38.366,NC,NTPC,383.5,374.35,383.5,374.35,380.15,3857967,379.75,383.4,346,383.5,5081,
2026-04-13T10:19:39.356,NC,NTPC,383.5,374.35,383.5,374.35,380.15,3858150,379.75,383.4,194,383.5,4898,
2026-04-13T10:19:40.355,NC,NTPC,383.5,374.35,383.5,374.35,380.15,3858175,379.75,383.4,194,383.5,4873,
2026-04-13T10:19:41.356,NC,NTPC,383.3,374.35,383.5,374.35,380.15,3860279,379.76,383.3,925,383.5,4575,
2026-04-13T10:19:42.357,NC,NTPC,383.5,374.35,383.5,374.35,380.15,3860697,379.76,383.35,438,383.5,4151,
2026-04-13T10:19:43.358,NC,NTPC,383.5,374.35,383.5,374.35,380.15,3860715,379.76,383.45,51,383.5,4305,
2026-04-13T10:19:44.458,NC,NTPC,383.5,374.35,383.5,374.35,380.15,3861562,379.76,383.45,50,383.5,3655,
2026-04-13T10:19:45.357,NC,NTPC,383.5,374.35,383.5,374.35,380.15,3862722,379.76,383.45,51,383.5,2313,
2026-04-13T10:19:46.459,NC,NTPC,383.5,374.35,383.5,374.35,380.15,3862783,379.76,383.45,137,383.5,2252,
2026-04-13T10:19:47.469,NC,NTPC,383.5,374.35,383.5,374.35,380.15,3863927,379.76,383.45,51,383.5,1145,
2026-04-13T10:19:48.463,NC,NTPC,383.5,374.35,383.5,374.35,380.15,3864144,379.76,383.45,135,383.5,1125,
2026-04-13T10:19:49.466,NC,NTPC,383.5,374.35,383.5,374.35,380.15,3864546,379.76,383.45,136,383.5,721,
2026-04-13T10:19:50.467,NC,NTPC,383.5,374.35,383.5,374.35,380.15,3864641,379.76,383.45,137,383.5,625,
2026-04-13T10:19:51.371,NC,NTPC,383.8,374.35,383.8,374.35,380.15,3874013,379.77,383.7,597,383.8,6829,
2026-04-13T10:19:52.486,NC,NTPC,383.8,374.35,383.8,374.35,380.15,3875574,379.77,383.65,341,383.75,164,
2026-04-13T10:19:53.476,NC,NTPC,383.8,374.35,383.8,374.35,380.15,3876883,379.77,383.75,3,383.8,5745,
2026-04-13T10:19:54.483,NC,NTPC,383.85,374.35,383.85,374.35,380.15,3879511,379.77,383.7,115,383.85,4255,
2026-04-13T10:19:55.476,NC,NTPC,383.65,374.35,383.85,374.35,380.15,3880213,379.77,383.65,876,383.85,4090,
2026-04-13T10:19:56.476,NC,NTPC,383.8,374.35,383.85,374.35,380.15,3880319,379.78,383.65,867,383.8,121,
2026-04-13T10:19:57.384,NC,NTPC,383.85,374.35,383.85,374.35,380.15,3880394,379.78,383.75,1,383.85,5559,
2026-04-13T10:19:58.488,NC,NTPC,383.8,374.35,383.85,374.35,380.15,3880571,379.78,383.65,29,383.8,2083,
2026-04-13T10:19:59.589,NC,NTPC,383.65,374.35,383.85,374.35,380.15,3880675,379.78,383.65,5,383.75,539,
2026-04-13T10:20:00.594,NC,NTPC,383.75,374.35,383.85,374.35,380.15,3880689,379.78,383.65,6,383.75,625,
2026-04-13T10:20:01.591,NC,NTPC,383.65,374.35,383.85,374.35,380.15,3880744,379.78,383.6,475,383.65,126,
2026-04-13T10:20:02.608,NC,NTPC,383.55,374.35,383.85,374.35,380.15,3882484,379.78,383.4,1600,383.55,1781,
2026-04-13T10:20:03.495,NC,NTPC,383.55,374.35,383.85,374.35,380.15,3882786,379.78,383.4,78,383.5,330,
2026-04-13T10:20:04.599,NC,NTPC,383.5,374.35,383.85,374.35,380.15,3883730,379.78,383.3,1029,383.5,329,
2026-04-13T10:20:05.595,NC,NTPC,383.3,374.35,383.85,374.35,380.15,3884117,379.78,383.3,602,383.5,304,
2026-04-13T10:20:06.597,NC,NTPC,383.5,374.35,383.85,374.35,380.15,3884230,379.78,383.3,2258,383.5,274,
2026-04-13T10:20:07.609,NC,NTPC,383.3,374.35,383.85,374.35,380.15,3884254,379.78,383.3,2018,383.5,322,
2026-04-13T10:20:08.600,NC,NTPC,383.5,374.35,383.85,374.35,380.15,3884260,379.78,383.3,2962,383.55,1108,
2026-04-13T10:20:09.599,NC,NTPC,383.5,374.35,383.85,374.35,380.15,3884461,379.78,383.35,1107,383.55,2158,
2026-04-13T10:20:10.604,NC,NTPC,383.55,374.35,383.85,374.35,380.15,3884467,379.78,383.35,1512,383.55,2166,
2026-04-13T10:20:11.600,NC,NTPC,383.55,374.35,383.85,374.35,380.15,3884468,379.78,383.35,569,383.55,2225,
2026-04-13T10:20:12.606,NC,NTPC,383.5,374.35,383.85,374.35,380.15,3884470,379.78,383.35,569,383.5,352,
2026-04-13T10:20:13.602,NC,NTPC,383.5,374.35,383.85,374.35,380.15,3884668,379.78,383.35,696,383.5,157,
2026-04-13T10:20:14.612,NC,NTPC,383.55,374.35,383.85,374.35,380.15,3885402,379.78,383.35,1444,383.55,1273,
2026-04-13T10:20:15.609,NC,NTPC,383.55,374.35,383.85,374.35,380.15,3885536,379.78,383.35,1222,383.55,744,
2026-04-13T10:20:16.519,NC,NTPC,383.5,374.35,383.85,374.35,380.15,3885834,379.78,383.35,723,383.5,765,
2026-04-13T10:20:17.515,NC,NTPC,383.5,374.35,383.85,374.35,380.15,3885875,379.78,383.35,723,383.5,724,
2026-04-13T10:20:18.617,NC,NTPC,383.5,374.35,383.85,374.35,380.15,3885877,379.78,383.3,7439,383.5,2003,
2026-04-13T10:20:19.718,NC,NTPC,383.5,374.35,383.85,374.35,380.15,3885878,379.78,383.35,168,383.5,1172,
2026-04-13T10:20:20.820,NC,NTPC,383.5,374.35,383.85,374.35,380.15,3887179,379.78,383.35,2146,383.5,260,
2026-04-13T10:20:21.826,NC,NTPC,383.35,374.35,383.85,374.35,380.15,3888037,379.78,383.35,12,383.5,112,
2026-04-13T10:20:22.723,NC,NTPC,383.55,374.35,383.85,374.35,380.15,3889177,379.78,383.35,2020,383.5,300,
2026-04-13T10:20:23.827,NC,NTPC,383.55,374.35,383.85,374.35,380.15,3889951,379.78,383.35,2326,383.55,1726,
2026-04-13T10:20:24.828,NC,NTPC,383.55,374.35,383.85,374.35,380.15,3889995,379.78,383.35,1642,383.55,1536,
2026-04-13T10:20:25.926,NC,NTPC,383.55,374.35,383.85,374.35,380.15,3890225,379.78,383.35,360,383.55,1865,
2026-04-13T10:20:26.933,NC,NTPC,383.55,374.35,383.85,374.35,380.15,3890236,379.78,383.35,493,383.5,631,
2026-04-13T10:20:28.028,NC,NTPC,383.5,374.35,383.85,374.35,380.15,3890237,379.78,383.35,486,383.4,950,
2026-04-13T10:20:29.032,NC,NTPC,383.4,374.35,383.85,374.35,380.15,3890238,379.78,383.35,524,383.4,949,
2026-04-13T10:20:30.033,NC,NTPC,383.4,374.35,383.85,374.35,380.15,3890241,379.78,383.35,524,383.4,946,
2026-04-13T10:20:31.152,NC,NTPC,383.4,374.35,383.85,374.35,380.15,3890275,379.78,383.35,1457,383.4,918,
2026-04-13T10:20:32.244,NC,NTPC,383.5,374.35,383.85,374.35,380.15,3891446,379.79,383.45,1044,383.5,377,
2026-04-13T10:20:33.244,NC,NTPC,383.65,374.35,383.85,374.35,380.15,3891956,379.79,383.6,1522,383.65,194,
2026-04-13T10:20:34.251,NC,NTPC,383.85,374.35,383.85,374.35,380.15,3893734,379.79,383.75,203,383.85,4497,
2026-04-13T10:20:35.253,NC,NTPC,383.85,374.35,383.85,374.35,380.15,3894026,379.79,383.8,203,383.85,4685,
2026-04-13T10:20:36.261,NC,NTPC,383.85,374.35,383.85,374.35,380.15,3899188,379.79,383.8,120,383.85,25,
2026-04-13T10:20:37.152,NC,NTPC,383.9,374.35,383.9,374.35,380.15,3900631,379.8,383.8,117,383.9,1080,
2026-04-13T10:20:38.252,NC,NTPC,383.9,374.35,383.9,374.35,380.15,3901032,379.8,383.8,1448,383.9,2,
2026-04-13T10:20:39.352,NC,NTPC,384.05,374.35,384.1,374.35,380.15,3934711,379.83,384.1,1500,384.15,1397,
2026-04-13T10:20:40.457,NC,NTPC,384.05,374.35,384.1,374.35,380.15,3938764,379.84,383.9,471,384.05,736,
2026-04-13T10:20:41.554,NC,NTPC,384.05,374.35,384.1,374.35,380.15,3938766,379.84,383.9,593,384.05,591,
2026-04-13T10:20:42.654,NC,NTPC,384.1,374.35,384.1,374.35,380.15,3938768,379.84,383.9,1900,384.15,1524,
2026-04-13T10:20:43.754,NC,NTPC,384.05,374.35,384.15,374.35,380.15,3939769,379.84,383.9,564,384.05,538,
2026-04-13T10:20:44.860,NC,NTPC,383.9,374.35,384.15,374.35,380.15,3940729,379.84,383.85,719,384.05,751,
2026-04-13T10:20:45.960,NC,NTPC,384.0,374.35,384.15,374.35,380.15,3941607,379.84,383.85,967,384.05,1014,
2026-04-13T10:20:47.061,NC,NTPC,383.85,374.35,384.15,374.35,380.15,3941653,379.84,383.85,487,384.05,1066,
2026-04-13T10:20:48.159,NC,NTPC,384.05,374.35,384.15,374.35,380.15,3942276,379.84,383.85,216,384.05,2323,
2026-04-13T10:20:49.268,NC,NTPC,383.95,374.35,384.15,374.35,380.15,3942310,379.84,383.85,2,383.9,5,
2026-04-13T10:20:50.370,NC,NTPC,383.8,374.35,384.15,374.35,380.15,3944133,379.84,383.8,1323,384.0,447,
2026-04-13T10:20:51.471,NC,NTPC,383.95,374.35,384.15,374.35,380.15,3944788,379.84,383.9,384,383.95,1542,
2026-04-13T10:20:52.572,NC,NTPC,383.95,374.35,384.15,374.35,380.15,3945014,379.84,383.9,284,383.95,1366,
2026-04-13T10:20:53.678,NC,NTPC,383.95,374.35,384.15,374.35,380.15,3945020,379.84,383.9,284,383.95,1360,
2026-04-13T10:20:54.682,NC,NTPC,383.95,374.35,384.15,374.35,380.15,3945534,379.84,383.9,281,383.95,849,
2026-04-13T10:20:55.792,NC,NTPC,383.95,374.35,384.15,374.35,380.15,3945569,379.84,383.9,261,383.95,934,
2026-04-13T10:20:56.875,NC,NTPC,383.95,374.35,384.15,374.35,380.15,3945684,379.84,383.9,261,383.95,819,
2026-04-13T10:20:57.982,NC,NTPC,383.95,374.35,384.15,374.35,380.15,3945726,379.84,383.9,261,383.95,1777,
2026-04-13T10:20:59.079,NC,NTPC,383.95,374.35,384.15,374.35,380.15,3945754,379.84,383.9,241,383.95,1769,
2026-04-13T10:21:00.175,NC,NTPC,383.95,374.35,384.15,374.35,380.15,3945888,379.84,383.9,190,383.95,1686,
2026-04-13T10:21:01.082,NC,NTPC,383.95,374.35,384.15,374.35,380.15,3947079,379.84,383.8,2088,383.95,1495,
2026-04-13T10:21:02.079,NC,NTPC,383.95,374.35,384.15,374.35,380.15,3947111,379.84,383.85,546,383.95,1463,
2026-04-13T10:21:03.177,NC,NTPC,383.8,374.35,384.15,374.35,380.15,3947460,379.84,383.8,995,383.95,1861,
2026-04-13T10:21:04.287,NC,NTPC,384.0,374.35,384.15,374.35,380.15,3952658,379.85,384.0,487,384.05,1207,
2026-04-13T10:21:05.384,NC,NTPC,384.0,374.35,384.15,374.35,380.15,3957482,379.86,384.0,3,384.05,19,
2026-04-13T10:21:06.491,NC,NTPC,383.9,374.35,384.15,374.35,380.15,3957544,379.86,383.9,1013,384.05,18,
2026-04-13T10:21:07.402,NC,NTPC,384.05,374.35,384.15,374.35,380.15,3957545,379.86,383.9,1560,384.0,30,
2026-04-13T10:21:08.488,NC,NTPC,384.0,374.35,384.15,374.35,380.15,3957559,379.86,383.95,837,384.0,17,
2026-04-13T10:21:09.589,NC,NTPC,384.05,374.35,384.15,374.35,380.15,3957777,379.86,384.0,1136,384.05,16,
2026-04-13T10:21:10.694,NC,NTPC,384.25,374.35,384.25,374.35,380.15,3957967,379.86,384.1,1229,384.2,30,
2026-04-13T10:21:11.792,NC,NTPC,384.25,374.35,384.25,374.35,380.15,3958638,379.86,384.2,14,384.25,692,
2026-04-13T10:21:12.892,NC,NTPC,384.25,374.35,384.25,374.35,380.15,3959608,379.86,384.1,1222,384.25,964,
2026-04-13T10:21:13.799,NC,NTPC,384.25,374.35,384.25,374.35,380.15,3960913,379.86,384.1,352,384.25,1067,
2026-04-13T10:21:15.001,NC,NTPC,384.2,374.35,384.3,374.35,380.15,3960997,379.86,384.2,306,384.3,360,
2026-04-13T10:21:16.162,NC,NTPC,384.3,374.35,384.3,374.35,380.15,3961647,379.86,384.3,30,384.4,1836,
2026-04-13T10:21:17.206,NC,NTPC,384.4,374.35,384.4,374.35,380.15,3961648,379.86,384.3,31,384.4,1972,
2026-04-13T10:21:18.312,NC,NTPC,384.25,374.35,384.4,374.35,380.15,3961911,379.86,384.25,409,384.4,1967,
2026-04-13T10:21:19.402,NC,NTPC,384.25,374.35,384.4,374.35,380.15,3962410,379.86,384.25,401,384.4,1769,
2026-04-13T10:21:20.417,NC,NTPC,384.4,374.35,384.4,374.35,380.15,3962411,379.86,384.3,89,384.4,1768,
2026-04-13T10:21:21.500,NC,NTPC,384.4,374.35,384.4,374.35,380.15,3962658,379.86,384.25,534,384.4,1602,
2026-04-13T10:21:22.611,NC,NTPC,384.4,374.35,384.4,374.35,380.15,3962661,379.86,384.25,401,384.4,1599,
2026-04-13T10:21:23.710,NC,NTPC,384.3,374.35,384.4,374.35,380.15,3964398,379.86,384.15,966,384.3,113,
2026-04-13T10:21:24.713,NC,NTPC,384.3,374.35,384.4,374.35,380.15,3964833,379.86,384.15,685,384.3,3,
2026-04-13T10:21:25.722,NC,NTPC,384.35,374.35,384.4,374.35,380.15,3964936,379.86,384.3,1,384.35,52,
2026-04-13T10:21:26.817,NC,NTPC,384.4,374.35,384.4,374.35,380.15,3966850,379.87,384.25,134,384.4,113,
2026-04-13T10:21:27.918,NC,NTPC,384.15,374.35,384.4,374.35,380.15,3967890,379.87,384.15,552,384.35,1178,
2026-04-13T10:21:28.924,NC,NTPC,384.2,374.35,384.4,374.35,380.15,3968012,379.87,384.2,2,384.25,5,
2026-04-13T10:21:29.918,NC,NTPC,384.4,374.35,384.4,374.35,380.15,3968563,379.87,384.3,67,384.4,99,
2026-04-13T10:21:30.917,NC,NTPC,384.4,374.35,384.4,374.35,380.15,3968837,379.87,384.3,311,384.4,3,
2026-04-13T10:21:31.922,NC,NTPC,384.3,374.35,384.4,374.35,380.15,3968954,379.87,384.3,196,384.4,301,
2026-04-13T10:21:32.925,NC,NTPC,384.4,374.35,384.4,374.35,380.15,3968962,379.87,384.3,524,384.4,580,
2026-04-13T10:21:33.927,NC,NTPC,384.4,374.35,384.4,374.35,380.15,3969393,379.87,384.4,221,384.45,115,
2026-04-13T10:21:35.022,NC,NTPC,384.5,374.35,384.5,374.35,380.15,3974084,379.87,384.45,518,384.55,593,
2026-04-13T10:21:36.123,NC,NTPC,384.35,374.35,384.55,374.35,380.15,3974457,379.87,384.35,186,384.5,692,
2026-04-13T10:21:37.121,NC,NTPC,384.55,374.35,384.55,374.35,380.15,3975730,379.88,384.4,71,384.5,629,
2026-04-13T10:21:38.130,NC,NTPC,384.5,374.35,384.55,374.35,380.15,3976259,379.88,384.4,72,384.55,2542,
2026-04-13T10:21:39.325,NC,NTPC,384.5,374.35,384.55,374.35,380.15,3978024,379.88,384.3,768,384.5,545,
2026-04-13T10:21:40.432,NC,NTPC,384.5,374.35,384.55,374.35,380.15,3979744,379.88,384.3,333,384.5,1834,
2026-04-13T10:21:41.529,NC,NTPC,384.45,374.35,384.55,374.35,380.15,3981495,379.88,384.25,541,384.45,1477,
2026-04-13T10:21:42.525,NC,NTPC,384.3,374.35,384.55,374.35,380.15,3983160,379.88,384.25,1823,384.45,1081,
2026-04-13T10:21:43.533,NC,NTPC,384.45,374.35,384.55,374.35,380.15,3983268,379.88,384.3,347,384.45,766,
2026-04-13T10:21:44.525,NC,NTPC,384.45,374.35,384.55,374.35,380.15,3983306,379.88,384.4,2000,384.45,259,
2026-04-13T10:21:45.625,NC,NTPC,384.5,374.35,384.55,374.35,380.15,3983373,379.88,384.4,2025,384.45,5,
2026-04-13T10:21:46.725,NC,NTPC,384.5,374.35,384.55,374.35,380.15,3983384,379.88,384.45,5,384.5,1747,
2026-04-13T10:21:48.926,NC,NTPC,384.5,374.35,384.55,374.35,380.15,3983432,379.88,384.4,2042,384.5,2147,
2026-04-13T10:21:49.927,NC,NTPC,384.5,374.35,384.55,374.35,380.15,3986057,379.89,384.4,2142,384.5,330,
2026-04-13T10:21:50.832,NC,NTPC,384.5,374.35,384.55,374.35,380.15,3986109,379.89,384.4,2142,384.5,282,
2026-04-13T10:21:51.829,NC,NTPC,384.5,374.35,384.55,374.35,380.15,3986256,379.89,384.4,2142,384.5,54,
2026-04-13T10:21:52.830,NC,NTPC,384.4,374.35,384.55,374.35,380.15,3986346,379.89,384.4,2092,384.5,14,
2026-04-13T10:21:53.935,NC,NTPC,384.5,374.35,384.55,374.35,380.15,3986367,379.89,384.4,9292,384.5,669,
2026-04-13T10:21:54.940,NC,NTPC,384.5,374.35,384.55,374.35,380.15,3986525,379.89,384.4,9292,384.5,1017,
2026-04-13T10:21:55.942,NC,NTPC,384.4,374.35,384.55,374.35,380.15,3986555,379.89,384.4,9310,384.45,99,
2026-04-13T10:21:57.048,NC,NTPC,384.5,374.35,384.55,374.35,380.15,3986659,379.89,384.4,9310,384.5,145,
2026-04-13T10:21:58.042,NC,NTPC,384.4,374.35,384.55,374.35,380.15,3986667,379.89,384.4,9303,384.5,454,
2026-04-13T10:21:59.142,NC,NTPC,384.5,374.35,384.55,374.35,380.15,3986711,379.89,384.4,9290,384.5,522,
2026-04-13T10:22:00.260,NC,NTPC,384.5,374.35,384.55,374.35,380.15,3987391,379.89,384.4,9290,384.5,32,
2026-04-13T10:22:01.348,NC,NTPC,384.55,374.35,384.55,374.35,380.15,3987985,379.89,384.5,12,384.55,1216,
2026-04-13T10:22:02.466,NC,NTPC,384.55,374.35,384.55,374.35,380.15,3988029,379.89,384.5,10,384.55,985,
2026-04-13T10:22:03.570,NC,NTPC,384.55,374.35,384.55,374.35,380.15,3989740,379.89,384.4,8709,384.55,695,
2026-04-13T10:22:04.547,NC,NTPC,384.55,374.35,384.55,374.35,380.15,3992360,379.89,384.55,73,384.6,1454,
2026-04-13T10:22:05.653,NC,NTPC,384.55,374.35,384.65,374.35,380.15,3995259,379.9,384.55,50,384.65,1347,
2026-04-13T10:22:06.753,NC,NTPC,384.55,374.35,384.65,374.35,380.15,3995797,379.9,384.55,18,384.65,820,
2026-04-13T10:22:07.847,NC,NTPC,384.5,374.35,384.65,374.35,380.15,3996546,379.9,384.45,364,384.5,50,
2026-04-13T10:22:08.949,NC,NTPC,384.6,374.35,384.65,374.35,380.15,3996641,379.9,384.45,944,384.6,54,
2026-04-13T10:22:10.060,NC,NTPC,384.6,374.35,384.65,374.35,380.15,3996712,379.9,384.55,300,384.6,40,
2026-04-13T10:22:11.153,NC,NTPC,384.6,374.35,384.65,374.35,380.15,3996737,379.9,384.55,300,384.65,1212,
2026-04-13T10:22:12.151,NC,NTPC,384.65,374.35,384.65,374.35,380.15,3996904,379.9,384.55,260,384.65,1008,
2026-04-13T10:22:13.251,NC,NTPC,384.7,374.35,384.7,374.35,380.15,3998112,379.9,384.55,236,384.65,943,
2026-04-13T10:22:14.354,NC,NTPC,384.65,374.35,384.7,374.35,380.15,3998824,379.9,384.6,1,384.7,4632,
2026-04-13T10:22:15.352,NC,NTPC,384.65,374.35,384.7,374.35,380.15,3998865,379.9,384.6,390,384.7,4621,
2026-04-13T10:22:16.475,NC,NTPC,384.7,374.35,384.7,374.35,380.15,3998910,379.9,384.55,212,384.7,3926,
2026-04-13T10:22:17.560,NC,NTPC,384.65,374.35,384.7,374.35,380.15,4001025,379.91,384.5,137,384.65,1343,
2026-04-13T10:22:18.657,NC,NTPC,384.55,374.35,384.7,374.35,380.15,4001304,379.91,384.55,1,384.65,1536,
2026-04-13T10:22:19.754,NC,NTPC,384.65,374.35,384.7,374.35,380.15,4001510,379.91,384.5,462,384.65,516,
2026-04-13T10:22:20.857,NC,NTPC,384.65,374.35,384.7,374.35,380.15,4001699,379.91,384.6,5,384.65,90,
2026-04-13T10:22:21.974,NC,NTPC,384.7,374.35,384.7,374.35,380.15,4004009,379.91,384.6,100,384.7,2372,
2026-04-13T10:22:23.063,NC,NTPC,384.7,374.35,384.7,374.35,380.15,4004163,379.91,384.6,7,384.7,2222,
2026-04-13T10:22:24.167,NC,NTPC,384.7,374.35,384.7,374.35,380.15,4004180,379.91,384.6,100,384.7,2205,
2026-04-13T10:22:25.272,NC,NTPC,384.7,374.35,384.7,374.35,380.15,4004530,379.91,384.55,9,384.7,2182,
2026-04-13T10:22:26.373,NC,NTPC,384.7,374.35,384.7,374.35,380.15,4005220,379.91,384.5,661,384.6,200,
2026-04-13T10:22:28.470,NC,NTPC,384.6,374.35,384.7,374.35,380.15,4006065,379.91,384.55,371,384.6,182,
2026-04-13T10:22:29.577,NC,NTPC,384.55,374.35,384.7,374.35,380.15,4006190,379.91,384.55,5,384.6,1174,
2026-04-13T10:22:30.669,NC,NTPC,384.6,374.35,384.7,374.35,380.15,4006481,379.91,384.55,6,384.6,1025,
2026-04-13T10:22:31.776,NC,NTPC,384.6,374.35,384.7,374.35,380.15,4006550,379.91,384.55,7,384.6,956,
2026-04-13T10:22:32.878,NC,NTPC,384.6,374.35,384.7,374.35,380.15,4006986,379.91,384.55,48,384.6,468,
2026-04-13T10:22:33.892,NC,NTPC,384.75,374.35,384.75,374.35,380.15,4014429,379.92,384.65,754,384.8,4785,
2026-04-13T10:22:34.978,NC,NTPC,384.85,374.35,384.9,374.35,380.15,4024000,379.93,384.75,50,384.85,133,
2026-04-13T10:22:35.989,NC,NTPC,384.6,374.35,384.9,374.35,380.15,4024342,379.93,384.6,180,384.8,769,
2026-04-13T10:22:36.990,NC,NTPC,384.65,374.35,384.9,374.35,380.15,4024558,379.93,384.65,1,384.8,1045,
2026-04-13T10:22:37.995,NC,NTPC,384.7,374.35,384.9,374.35,380.15,4024593,379.93,384.6,450,384.7,358,
2026-04-13T10:22:38.997,NC,NTPC,384.7,374.35,384.9,374.35,380.15,4024981,379.93,384.6,3019,384.75,580,
2026-04-13T10:22:39.998,NC,NTPC,384.7,374.35,384.9,374.35,380.15,4025742,379.93,384.6,2722,384.7,363,
2026-04-13T10:22:41.093,NC,NTPC,384.75,374.35,384.9,374.35,380.15,4025796,379.93,384.6,2866,384.75,1313,
2026-04-13T10:22:42.094,NC,NTPC,384.7,374.35,384.9,374.35,380.15,4025923,379.93,384.6,2824,384.7,615,
2026-04-13T10:22:43.095,NC,NTPC,384.45,374.35,384.9,374.35,380.15,4030443,379.94,384.45,81,384.6,976,
2026-04-13T10:22:44.099,NC,NTPC,384.6,374.35,384.9,374.35,380.15,4030540,379.94,384.4,9650,384.6,1877,
2026-04-13T10:22:45.204,NC,NTPC,384.6,374.35,384.9,374.35,380.15,4032720,379.94,384.4,7616,384.6,1231,
2026-04-13T10:22:46.305,NC,NTPC,384.6,374.35,384.9,374.35,380.15,4033215,379.94,384.45,122,384.6,1160,
2026-04-13T10:22:47.226,NC,NTPC,384.6,374.35,384.9,374.35,380.15,4033226,379.94,384.45,123,384.6,981,
2026-04-13T10:22:48.311,NC,NTPC,384.6,374.35,384.9,374.35,380.15,4033230,379.94,384.45,1048,384.6,23,
2026-04-13T10:22:49.443,NC,NTPC,384.65,374.35,384.9,374.35,380.15,4033290,379.94,384.45,1068,384.6,2,
2026-04-13T10:22:50.420,NC,NTPC,384.65,374.35,384.9,374.35,380.15,4033425,379.94,384.5,827,384.7,1625,
2026-04-13T10:22:51.427,NC,NTPC,384.5,374.35,384.9,374.35,380.15,4033427,379.94,384.5,1826,384.7,764,
2026-04-13T10:22:52.422,NC,NTPC,384.7,374.35,384.9,374.35,380.15,4033508,379.94,384.55,31,384.7,1091,
2026-04-13T10:22:53.444,NC,NTPC,384.7,374.35,384.9,374.35,380.15,4033521,379.94,384.55,595,384.7,1018,
2026-04-13T10:22:54.432,NC,NTPC,384.6,374.35,384.9,374.35,380.15,4033822,379.94,384.6,945,384.65,1,
2026-04-13T10:22:55.418,NC,NTPC,384.6,374.35,384.9,374.35,380.15,4037581,379.95,384.6,769,384.75,660,
2026-04-13T10:22:56.522,NC,NTPC,384.75,374.35,384.9,374.35,380.15,4037907,379.95,384.6,821,384.75,566,
2026-04-13T10:22:57.521,NC,NTPC,384.75,374.35,384.9,374.35,380.15,4037969,379.95,384.6,819,384.75,1264,
2026-04-13T10:22:58.534,NC,NTPC,384.75,374.35,384.9,374.35,380.15,4041772,379.95,384.6,769,384.75,1715,
2026-04-13T10:22:59.622,NC,NTPC,384.75,374.35,384.9,374.35,380.15,4042433,379.95,384.6,939,384.7,100,
2026-04-13T10:23:00.721,NC,NTPC,384.6,374.35,384.9,374.35,380.15,4042513,379.95,384.6,763,384.7,77,
2026-04-13T10:23:01.734,NC,NTPC,384.7,374.35,384.9,374.35,380.15,4042544,379.95,384.6,763,384.7,46,
2026-04-13T10:23:02.824,NC,NTPC,384.7,374.35,384.9,374.35,380.15,4042545,379.95,384.6,1248,384.7,45,
2026-04-13T10:23:03.945,NC,NTPC,384.7,374.35,384.9,374.35,380.15,4042625,379.95,384.65,144,384.75,1982,
2026-04-13T10:23:04.925,NC,NTPC,384.65,374.35,384.9,374.35,380.15,4042638,379.95,384.65,171,384.75,1972,
2026-04-13T10:23:06.033,NC,NTPC,384.75,374.35,384.9,374.35,380.15,4042672,379.95,384.65,1571,384.75,1840,
2026-04-13T10:23:07.129,NC,NTPC,384.75,374.35,384.9,374.35,380.15,4042962,379.95,384.65,898,384.75,1963,
2026-04-13T10:23:08.230,NC,NTPC,384.75,374.35,384.9,374.35,380.15,4043756,379.96,384.65,170,384.75,1169,
2026-04-13T10:23:09.332,NC,NTPC,384.75,374.35,384.9,374.35,380.15,4043814,379.96,384.65,743,384.75,935,
2026-04-13T10:23:10.446,NC,NTPC,384.75,374.35,384.9,374.35,380.15,4044383,379.96,384.65,53,384.75,1249,
2026-04-13T10:23:11.534,NC,NTPC,384.75,374.35,384.9,374.35,380.15,4044395,379.96,384.65,54,384.75,1299,
2026-04-13T10:23:12.634,NC,NTPC,385.0,374.35,385.05,374.35,380.15,4103567,380.03,385.0,4656,385.05,393,
2026-04-13T10:23:13.737,NC,NTPC,385.1,374.35,385.1,374.35,380.15,4112160,380.04,385.05,30,385.1,1865,
2026-04-13T10:23:14.853,NC,NTPC,385.0,374.35,385.1,374.35,380.15,4113110,380.04,385.0,8787,385.1,1398,
2026-04-13T10:23:15.942,NC,NTPC,385.1,374.35,385.1,374.35,380.15,4113420,380.04,385.0,8797,385.1,972,
2026-04-13T10:23:16.958,NC,NTPC,385.0,374.35,385.1,374.35,380.15,4113589,380.04,385.0,8653,385.1,1045,
2026-04-13T10:23:18.050,NC,NTPC,385.0,374.35,385.1,374.35,380.15,4117030,380.05,385.0,5608,385.1,660,
2026-04-13T10:23:19.158,NC,NTPC,385.1,374.35,385.1,374.35,380.15,4118262,380.05,385.1,18,385.15,801,
2026-04-13T10:23:20.264,NC,NTPC,385.0,374.35,385.15,374.35,380.15,4118395,380.05,385.1,17,385.15,400,
2026-04-13T10:23:21.354,NC,NTPC,385.1,374.35,385.15,374.35,380.15,4118576,380.05,385.05,52,385.15,408,
2026-04-13T10:23:22.451,NC,NTPC,385.1,374.35,385.2,374.35,380.15,4119294,380.05,385.0,5325,385.1,93,
2026-04-13T10:23:23.561,NC,NTPC,385.2,374.35,385.2,374.35,380.15,4119393,380.05,385.15,35,385.2,738,
2026-04-13T10:23:24.550,NC,NTPC,385.05,374.35,385.2,374.35,380.15,4119435,380.05,385.05,51,385.1,60,
2026-04-13T10:23:25.655,NC,NTPC,385.2,374.35,385.3,374.35,380.15,4124742,380.05,385.05,103,385.2,312,
2026-04-13T10:23:26.770,NC,NTPC,385.1,374.35,385.3,374.35,380.15,4127912,380.06,385.0,3158,385.1,1159,
2026-04-13T10:23:27.856,NC,NTPC,385.1,374.35,385.3,374.35,380.15,4128520,380.06,385.0,3155,385.1,427,
2026-04-13T10:23:28.958,NC,NTPC,385.15,374.35,385.3,374.35,380.15,4128608,380.06,385.0,3143,385.15,724,
2026-04-13T10:23:29.962,NC,NTPC,385.15,374.35,385.3,374.35,380.15,4129698,380.06,385.15,1,385.2,1205,
2026-04-13T10:23:31.060,NC,NTPC,385.2,374.35,385.3,374.35,380.15,4129766,380.06,385.15,6,385.2,1432,
2026-04-13T10:23:32.166,NC,NTPC,385.2,374.35,385.3,374.35,380.15,4129824,380.06,385.15,4,385.2,1302,
2026-04-13T10:23:33.274,NC,NTPC,385.15,374.35,385.3,374.35,380.15,4129867,380.06,385.1,1,385.15,99,
2026-04-13T10:23:34.358,NC,NTPC,385.15,374.35,385.3,374.35,380.15,4131181,380.06,385.0,5713,385.15,1261,
2026-04-13T10:23:35.462,NC,NTPC,385.15,374.35,385.3,374.35,380.15,4132417,380.06,385.0,5367,385.15,651,
2026-04-13T10:23:36.361,NC,NTPC,385.15,374.35,385.3,374.35,380.15,4132715,380.06,385.0,5277,385.15,492,
2026-04-13T10:23:37.564,NC,NTPC,385.15,374.35,385.3,374.35,380.15,4132803,380.06,385.1,25,385.15,1745,
2026-04-13T10:23:38.677,NC,NTPC,385.1,374.35,385.3,374.35,380.15,4132980,380.06,385.0,4196,385.1,5,
2026-04-13T10:23:39.766,NC,NTPC,385.0,374.35,385.3,374.35,380.15,4133127,380.06,385.0,4087,385.15,1721,
2026-04-13T10:23:40.869,NC,NTPC,385.0,374.35,385.3,374.35,380.15,4133151,380.06,385.0,4185,385.1,6,
2026-04-13T10:23:41.971,NC,NTPC,385.0,374.35,385.3,374.35,380.15,4133808,380.07,385.0,4123,385.05,168,
2026-04-13T10:23:43.072,NC,NTPC,385.0,374.35,385.3,374.35,380.15,4172465,380.11,384.95,531,385.0,335,
2026-04-13T10:23:44.236,NC,NTPC,384.85,374.35,385.3,374.35,380.15,4179183,380.12,384.65,759,384.85,53,
2026-04-13T10:23:45.172,NC,NTPC,384.85,374.35,385.3,374.35,380.15,4179490,380.12,384.85,32,384.9,84,
2026-04-13T10:23:46.284,NC,NTPC,385.0,374.35,385.3,374.35,380.15,4179849,380.12,384.9,4,385.05,2012,
2026-04-13T10:23:47.378,NC,NTPC,385.0,374.35,385.3,374.35,380.15,4180125,380.12,384.85,7,385.0,693,
2026-04-13T10:23:48.506,NC,NTPC,385.0,374.35,385.3,374.35,380.15,4184238,380.12,385.0,20,385.05,208,
2026-04-13T10:23:49.584,NC,NTPC,385.05,374.35,385.3,374.35,380.15,4184403,380.13,384.85,1274,385.05,866,
2026-04-13T10:23:50.682,NC,NTPC,385.0,374.35,385.3,374.35,380.15,4184541,380.13,384.9,1369,385.0,81,
2026-04-13T10:23:51.786,NC,NTPC,385.0,374.35,385.3,374.35,380.15,4185005,380.13,384.9,802,385.0,278,
2026-04-13T10:23:52.788,NC,NTPC,385.0,374.35,385.3,374.35,380.15,4185164,380.13,384.9,732,385.0,339,
2026-04-13T10:23:53.891,NC,NTPC,385.0,374.35,385.3,374.35,380.15,4185331,380.13,384.9,731,385.0,183,
2026-04-13T10:23:55.004,NC,NTPC,385.0,374.35,385.3,374.35,380.15,4185799,380.13,384.95,101,385.0,59,
2026-04-13T10:23:56.099,NC,NTPC,385.0,374.35,385.3,374.35,380.15,4185996,380.13,384.95,102,385.0,68,
2026-04-13T10:23:57.198,NC,NTPC,385.0,374.35,385.3,374.35,380.15,4186215,380.13,384.95,93,385.0,65,
2026-04-13T10:23:58.298,NC,NTPC,385.05,374.35,385.3,374.35,380.15,4186842,380.13,385.0,1,385.05,602,
2026-04-13T10:23:59.399,NC,NTPC,384.85,374.35,385.3,374.35,380.15,4186939,380.13,384.85,377,385.0,47,
2026-04-13T10:24:00.510,NC,NTPC,385.05,374.35,385.3,374.35,380.15,4187680,380.13,384.9,344,385.0,70,
2026-04-13T10:24:01.513,NC,NTPC,385.15,374.35,385.3,374.35,380.15,4188163,380.13,385.05,9999,385.15,1210,
2026-04-13T10:24:02.619,NC,NTPC,385.15,374.35,385.3,374.35,380.15,4191762,380.13,385.05,6999,385.15,1382,
2026-04-13T10:24:03.727,NC,NTPC,385.15,374.35,385.3,374.35,380.15,4192639,380.13,385.05,6999,385.15,389,
2026-04-13T10:24:04.804,NC,NTPC,385.15,374.35,385.3,374.35,380.15,4193556,380.14,385.05,6598,385.2,2959,
2026-04-13T10:24:05.910,NC,NTPC,385.1,374.35,385.3,374.35,380.15,4195025,380.14,385.1,3,385.15,423,
2026-04-13T10:24:07.009,NC,NTPC,385.15,374.35,385.3,374.35,380.15,4195831,380.14,385.05,5114,385.15,701,
2026-04-13T10:24:08.011,NC,NTPC,385.15,374.35,385.3,374.35,380.15,4195970,380.14,385.05,5114,385.15,465,
2026-04-13T10:24:09.112,NC,NTPC,385.15,374.35,385.3,374.35,380.15,4196108,380.14,385.05,5421,385.15,205,
2026-04-13T10:24:10.226,NC,NTPC,385.15,374.35,385.3,374.35,380.15,4197352,380.14,385.05,4114,385.15,297,
2026-04-13T10:24:11.310,NC,NTPC,385.15,374.35,385.3,374.35,380.15,4197414,380.14,385.05,4113,385.15,558,
2026-04-13T10:24:12.414,NC,NTPC,385.15,374.35,385.3,374.35,380.15,4197674,380.14,385.05,4013,385.15,620,
2026-04-13T10:24:13.510,NC,NTPC,385.15,374.35,385.3,374.35,380.15,4197815,380.14,385.05,4012,385.15,433,
2026-04-13T10:24:14.512,NC,NTPC,385.05,374.35,385.3,374.35,380.15,4197840,380.14,385.05,4011,385.15,1364,
2026-04-13T10:24:15.514,NC,NTPC,385.15,374.35,385.3,374.35,380.15,4197842,380.14,385.05,4011,385.15,1972,
2026-04-13T10:24:16.619,NC,NTPC,385.15,374.35,385.3,374.35,380.15,4197884,380.14,385.05,4318,385.15,1739,
2026-04-13T10:24:17.733,NC,NTPC,385.15,374.35,385.3,374.35,380.15,4197888,380.14,385.05,4318,385.15,1762,
2026-04-13T10:24:18.829,NC,NTPC,385.15,374.35,385.3,374.35,380.15,4198467,380.14,385.05,3686,385.15,1640,
2026-04-13T10:24:19.938,NC,NTPC,385.15,374.35,385.3,374.35,380.15,4198561,380.14,385.05,3686,385.15,1768,
2026-04-13T10:24:21.034,NC,NTPC,385.15,374.35,385.3,374.35,380.15,4198593,380.14,385.05,3686,385.15,1736,
2026-04-13T10:24:22.149,NC,NTPC,385.15,374.35,385.3,374.35,380.15,4200073,380.14,385.05,2686,385.15,1259,
2026-04-13T10:24:23.199,NC,NTPC,385.15,374.35,385.3,374.35,380.15,4200821,380.14,385.05,1972,385.15,991,
2026-04-13T10:24:24.204,NC,NTPC,385.15,374.35,385.3,374.35,380.15,4200935,380.14,385.05,1972,385.15,860,
2026-04-13T10:24:25.211,NC,NTPC,385.15,374.35,385.3,374.35,380.15,4200939,380.14,385.05,1972,385.15,618,
2026-04-13T10:24:26.112,NC,NTPC,385.15,374.35,385.3,374.35,380.15,4201351,380.14,385.05,2525,385.15,256,
2026-04-13T10:24:27.209,NC,NTPC,385.15,374.35,385.3,374.35,380.15,4201372,380.14,385.05,2091,385.15,235,
2026-04-13T10:24:28.219,NC,NTPC,385.05,374.35,385.3,374.35,380.15,4201925,380.15,385.05,1731,385.2,2033,
2026-04-13T10:24:29.212,NC,NTPC,385.2,374.35,385.3,374.35,380.15,4202011,380.15,385.05,2263,385.2,1881,
2026-04-13T10:24:30.228,NC,NTPC,385.2,374.35,385.3,374.35,380.15,4202060,380.15,385.05,2644,385.2,1892,
2026-04-13T10:24:31.218,NC,NTPC,385.2,374.35,385.3,374.35,380.15,4203091,380.15,385.15,1000,385.2,1469,
2026-04-13T10:24:32.118,NC,NTPC,385.2,374.35,385.3,374.35,380.15,4204112,380.15,385.05,5910,385.2,2613,
2026-04-13T10:24:33.213,NC,NTPC,385.15,374.35,385.3,374.35,380.15,4204890,380.15,385.05,5860,385.15,191,
2026-04-13T10:24:34.220,NC,NTPC,385.1,374.35,385.3,374.35,380.15,4205113,380.15,385.1,4,385.15,453,
2026-04-13T10:24:35.223,NC,NTPC,385.15,374.35,385.3,374.35,380.15,4205948,380.15,385.15,1,385.2,2364,
2026-04-13T10:24:36.219,NC,NTPC,385.15,374.35,385.3,374.35,380.15,4206029,380.15,385.15,2,385.2,2400,
2026-04-13T10:24:37.418,NC,NTPC,385.05,374.35,385.3,374.35,380.15,4206269,380.15,385.05,5773,385.2,2417,
2026-04-13T10:24:38.518,NC,NTPC,385.15,374.35,385.3,374.35,380.15,4206463,380.15,385.05,5763,385.1,125,
2026-04-13T10:24:39.520,NC,NTPC,385.1,374.35,385.3,374.35,380.15,4206565,380.15,385.05,5763,385.1,23,
2026-04-13T10:24:40.630,NC,NTPC,385.1,374.35,385.3,374.35,380.15,4206566,380.15,385.05,5763,385.1,22,
2026-04-13T10:24:41.726,NC,NTPC,385.05,374.35,385.3,374.35,380.15,4206813,380.15,385.05,5717,385.2,4608,
2026-04-13T10:24:42.826,NC,NTPC,385.2,374.35,385.3,374.35,380.15,4206814,380.15,385.05,5717,385.2,4085,
2026-04-13T10:24:43.927,NC,NTPC,385.2,374.35,385.3,374.35,380.15,4206842,380.15,385.05,5807,385.2,4076,
2026-04-13T10:24:45.030,NC,NTPC,385.05,374.35,385.3,374.35,380.15,4208873,380.15,385.05,5782,385.2,3351,
2026-04-13T10:24:46.031,NC,NTPC,385.2,374.35,385.3,374.35,380.15,4209328,380.15,385.15,135,385.2,1530,
2026-04-13T10:24:47.032,NC,NTPC,385.1,374.35,385.3,374.35,380.15,4209478,380.15,385.1,384,385.2,1441,
2026-04-13T10:24:48.131,NC,NTPC,385.2,374.35,385.3,374.35,380.15,4209492,380.15,385.1,879,385.2,1427,
2026-04-13T10:24:49.238,NC,NTPC,385.2,374.35,385.3,374.35,380.15,4209494,380.15,385.1,879,385.2,1425,
2026-04-13T10:24:50.337,NC,NTPC,385.2,374.35,385.3,374.35,380.15,4210290,380.16,385.15,469,385.2,8950,
2026-04-13T10:24:51.433,NC,NTPC,385.2,374.35,385.3,374.35,380.15,4211590,380.16,385.05,5214,385.2,9010,
2026-04-13T10:24:52.436,NC,NTPC,385.2,374.35,385.3,374.35,380.15,4211693,380.16,385.05,4873,385.2,9350,
2026-04-13T10:24:53.537,NC,NTPC,385.2,374.35,385.3,374.35,380.15,4211742,380.16,385.05,4873,385.2,9301,
2026-04-13T10:24:54.639,NC,NTPC,385.2,374.35,385.3,374.35,380.15,4212347,380.16,385.05,4840,385.2,9040,
2026-04-13T10:24:55.740,NC,NTPC,385.2,374.35,385.3,374.35,380.15,4212438,380.16,385.1,500,385.2,8667,
2026-04-13T10:24:56.748,NC,NTPC,384.95,374.35,385.3,374.35,380.15,4229497,380.18,384.85,200,384.95,502,
2026-04-13T10:24:57.655,NC,NTPC,384.8,374.35,385.3,374.35,380.15,4233259,380.18,384.6,405,384.8,1937,
2026-04-13T10:24:58.746,NC,NTPC,384.75,374.35,385.3,374.35,380.15,4235314,380.18,384.55,2136,384.75,513,
2026-04-13T10:24:59.741,NC,NTPC,384.6,374.35,385.3,374.35,380.15,4235378,380.18,384.55,2807,384.75,880,
2026-04-13T10:25:00.746,NC,NTPC,384.75,374.35,385.3,374.35,380.15,4235386,380.18,384.55,1774,384.75,2133,
2026-04-13T10:25:01.845,NC,NTPC,384.75,374.35,385.3,374.35,380.15,4235498,380.18,384.6,516,384.75,793,
2026-04-13T10:25:02.844,NC,NTPC,384.65,374.35,385.3,374.35,380.15,4235543,380.18,384.65,349,384.75,163,
2026-04-13T10:25:03.947,NC,NTPC,384.85,374.35,385.3,374.35,380.15,4237948,380.19,384.65,2659,384.85,795,
2026-04-13T10:25:04.949,NC,NTPC,384.7,374.35,385.3,374.35,380.15,4240410,380.19,384.6,893,384.8,385,
2026-04-13T10:25:05.950,NC,NTPC,384.8,374.35,385.3,374.35,380.15,4240702,380.19,384.8,3,384.85,1047,
2026-04-13T10:25:07.047,NC,NTPC,384.8,374.35,385.3,374.35,380.15,4241729,380.19,384.65,936,384.8,134,
2026-04-13T10:25:08.050,NC,NTPC,384.7,374.35,385.3,374.35,380.15,4244946,380.19,384.6,52,384.7,1477,
2026-04-13T10:25:09.048,NC,NTPC,384.7,374.35,385.3,374.35,380.15,4245240,380.19,384.6,52,384.7,1184,
2026-04-13T10:25:10.049,NC,NTPC,384.7,374.35,385.3,374.35,380.15,4246456,380.2,384.5,2777,384.7,1223,
2026-04-13T10:25:11.048,NC,NTPC,384.55,374.35,385.3,374.35,380.15,4246686,380.2,384.55,704,384.7,938,
2026-04-13T10:25:12.160,NC,NTPC,384.7,374.35,385.3,374.35,380.15,4247243,380.2,384.6,708,384.7,766,
2026-04-13T10:25:13.150,NC,NTPC,384.7,374.35,385.3,374.35,380.15,4247272,380.2,384.6,660,384.7,737,
2026-04-13T10:25:14.161,NC,NTPC,384.6,374.35,385.3,374.35,380.15,4247417,380.2,384.6,692,384.7,612,
2026-04-13T10:25:15.159,NC,NTPC,384.6,374.35,385.3,374.35,380.15,4247444,380.2,384.6,1139,384.7,605,
2026-04-13T10:25:16.154,NC,NTPC,384.7,374.35,385.3,374.35,380.15,4247639,380.2,384.6,1737,384.7,551,
2026-04-13T10:25:17.155,NC,NTPC,384.7,374.35,385.3,374.35,380.15,4247874,380.2,384.6,1796,384.7,416,
2026-04-13T10:25:18.154,NC,NTPC,384.8,374.35,385.3,374.35,380.15,4248356,380.2,384.65,689,384.8,1292,
2026-04-13T10:25:19.154,NC,NTPC,384.8,374.35,385.3,374.35,380.15,4248368,380.2,384.7,22,384.8,487,
2026-04-13T10:25:20.169,NC,NTPC,384.6,374.35,385.3,374.35,380.15,4248468,380.2,384.6,1224,384.8,561,
2026-04-13T10:25:21.159,NC,NTPC,384.65,374.35,385.3,374.35,380.15,4248587,380.2,384.6,1613,384.75,184,
2026-04-13T10:25:22.164,NC,NTPC,384.75,374.35,385.3,374.35,380.15,4248929,380.2,384.75,49,384.8,683,
2026-04-13T10:25:23.168,NC,NTPC,384.75,374.35,385.3,374.35,380.15,4248959,380.2,384.75,40,384.8,755,
2026-04-13T10:25:24.164,NC,NTPC,384.8,374.35,385.3,374.35,380.15,4248964,380.2,384.75,39,384.8,730,
2026-04-13T10:25:25.167,NC,NTPC,384.8,374.35,385.3,374.35,380.15,4249999,380.2,384.75,40,384.8,713,
2026-04-13T10:25:26.280,NC,NTPC,384.8,374.35,385.3,374.35,380.15,4250024,380.2,384.75,41,384.8,748,
2026-04-13T10:25:27.281,NC,NTPC,384.75,374.35,385.3,374.35,380.15,4250253,380.2,384.6,1,384.75,991,
2026-04-13T10:25:28.382,NC,NTPC,384.75,374.35,385.3,374.35,380.15,4250546,380.2,384.5,2581,384.7,222,
2026-04-13T10:25:29.286,NC,NTPC,384.7,374.35,385.3,374.35,380.15,4250566,380.2,384.5,2505,384.7,264,
2026-04-13T10:25:30.290,NC,NTPC,384.75,374.35,385.3,374.35,380.15,4251069,380.2,384.55,172,384.75,2352,
2026-04-13T10:25:31.195,NC,NTPC,384.7,374.35,385.3,374.35,380.15,4251080,380.2,384.7,3,384.75,1403,
2026-04-13T10:25:32.198,NC,NTPC,384.75,374.35,385.3,374.35,380.15,4251100,380.2,384.7,3,384.75,728,
2026-04-13T10:25:33.296,NC,NTPC,384.55,374.35,385.3,374.35,380.15,4251226,380.2,384.6,732,384.75,613,
2026-04-13T10:25:34.496,NC,NTPC,384.75,374.35,385.3,374.35,380.15,4251819,380.2,384.7,3676,384.75,229,
2026-04-13T10:25:35.504,NC,NTPC,384.75,374.35,385.3,374.35,380.15,4251841,380.2,384.7,3876,384.75,219,
2026-04-13T10:25:36.502,NC,NTPC,384.7,374.35,385.3,374.35,380.15,4252363,380.2,384.7,3376,384.75,397,
2026-04-13T10:25:37.696,NC,NTPC,384.75,374.35,385.3,374.35,380.15,4252764,380.2,384.7,3376,384.75,11,
2026-04-13T10:25:38.703,NC,NTPC,384.75,374.35,385.3,374.35,380.15,4252780,380.2,384.75,57,384.8,10,
2026-04-13T10:25:39.812,NC,NTPC,384.75,374.35,385.3,374.35,380.15,4252793,380.2,384.75,57,384.85,179,
2026-04-13T10:25:40.806,NC,NTPC,384.75,374.35,385.3,374.35,380.15,4255914,380.21,384.7,363,384.75,699,
2026-04-13T10:25:41.906,NC,NTPC,384.75,374.35,385.3,374.35,380.15,4256454,380.21,384.7,363,384.75,159,
2026-04-13T10:25:42.906,NC,NTPC,384.75,374.35,385.3,374.35,380.15,4256588,380.21,384.7,277,384.75,111,
2026-04-13T10:25:43.924,NC,NTPC,384.75,374.35,385.3,374.35,380.15,4256672,380.21,384.7,217,384.75,87,
2026-04-13T10:25:44.907,NC,NTPC,384.8,374.35,385.3,374.35,380.15,4257083,380.21,384.7,217,384.8,90,
2026-04-13T10:25:46.108,NC,NTPC,384.8,374.35,385.3,374.35,380.15,4257205,380.21,384.7,217,384.8,403,
2026-04-13T10:25:47.108,NC,NTPC,384.8,374.35,385.3,374.35,380.15,4257212,380.21,384.7,467,384.8,50,
2026-04-13T10:25:48.263,NC,NTPC,384.7,374.35,385.3,374.35,380.15,4257590,380.21,384.7,117,384.75,500,
2026-04-13T10:25:49.233,NC,NTPC,384.7,374.35,385.3,374.35,380.15,4257705,380.21,384.7,68,384.75,435,
2026-04-13T10:25:50.319,NC,NTPC,384.75,374.35,385.3,374.35,380.15,4257735,380.21,384.7,69,384.75,405,
2026-04-13T10:25:51.327,NC,NTPC,384.75,374.35,385.3,374.35,380.15,4257738,380.21,384.7,70,384.75,402,
2026-04-13T10:25:53.434,NC,NTPC,384.75,374.35,385.3,374.35,380.15,4257792,380.21,384.7,72,384.75,348,
2026-04-13T10:25:54.518,NC,NTPC,384.75,374.35,385.3,374.35,380.15,4257902,380.21,384.7,73,384.75,238,
2026-04-13T10:25:55.630,NC,NTPC,384.75,374.35,385.3,374.35,380.15,4257919,380.21,384.7,74,384.75,221,
2026-04-13T10:25:56.626,NC,NTPC,384.75,374.35,385.3,374.35,380.15,4257970,380.21,384.7,75,384.75,170,
2026-04-13T10:25:57.621,NC,NTPC,384.75,374.35,385.3,374.35,380.15,4257986,380.21,384.7,76,384.75,154,
2026-04-13T10:25:58.634,NC,NTPC,384.75,374.35,385.3,374.35,380.15,4257988,380.21,384.7,77,384.75,160,
2026-04-13T10:25:59.626,NC,NTPC,384.75,374.35,385.3,374.35,380.15,4258148,380.21,384.75,3,384.8,1022,
2026-04-13T10:26:00.725,NC,NTPC,384.75,374.35,385.3,374.35,380.15,4258172,380.21,384.7,67,384.75,3,
2026-04-13T10:26:01.727,NC,NTPC,384.75,374.35,385.3,374.35,380.15,4258175,380.21,384.75,5,384.8,1343,
2026-04-13T10:26:03.727,NC,NTPC,384.8,374.35,385.3,374.35,380.15,4258378,380.21,384.75,2,384.8,1425,
2026-04-13T10:26:04.817,NC,NTPC,384.75,374.35,385.3,374.35,380.15,4259463,380.21,384.55,269,384.75,965,
2026-04-13T10:26:05.937,NC,NTPC,384.75,374.35,385.3,374.35,380.15,4259525,380.21,384.55,217,384.75,944,
2026-04-13T10:26:07.039,NC,NTPC,384.7,374.35,385.3,374.35,380.15,4260114,380.21,384.55,19,384.7,692,
2026-04-13T10:26:08.040,NC,NTPC,384.7,374.35,385.3,374.35,380.15,4260243,380.21,384.55,20,384.7,3113,
2026-04-13T10:26:09.039,NC,NTPC,384.55,374.35,385.3,374.35,380.15,4260841,380.21,384.5,1405,384.7,2225,
2026-04-13T10:26:10.045,NC,NTPC,384.65,374.35,385.3,374.35,380.15,4261959,380.21,384.65,16,384.7,2605,
2026-04-13T10:26:11.238,NC,NTPC,384.5,374.35,385.3,374.35,380.15,4262402,380.21,384.5,315,384.7,1971,
2026-04-13T10:26:12.340,NC,NTPC,384.7,374.35,385.3,374.35,380.15,4262446,380.21,384.55,122,384.7,1700,
2026-04-13T10:26:13.439,NC,NTPC,384.7,374.35,385.3,374.35,380.15,4263356,380.21,384.55,123,384.7,790,
2026-04-13T10:26:14.456,NC,NTPC,384.7,374.35,385.3,374.35,380.15,4263376,380.21,384.55,324,384.7,770,
2026-04-13T10:26:15.351,NC,NTPC,384.7,374.35,385.3,374.35,380.15,4264409,380.21,384.55,200,384.7,767,
2026-04-13T10:26:16.448,NC,NTPC,384.7,374.35,385.3,374.35,380.15,4264576,380.22,384.65,4,384.7,517,
2026-04-13T10:26:17.450,NC,NTPC,384.7,374.35,385.3,374.35,380.15,4264910,380.22,384.65,4,384.7,203,
2026-04-13T10:26:18.544,NC,NTPC,384.7,374.35,385.3,374.35,380.15,4264934,380.22,384.65,139,384.7,179,
2026-04-13T10:26:19.646,NC,NTPC,384.7,374.35,385.3,374.35,380.15,4267493,380.22,384.7,32,384.75,1522,
2026-04-13T10:26:20.646,NC,NTPC,384.75,374.35,385.3,374.35,380.15,4269188,380.22,384.6,521,384.7,400,
2026-04-13T10:26:21.666,NC,NTPC,384.6,374.35,385.3,374.35,380.15,4270016,380.22,384.6,1048,384.7,236,
2026-04-13T10:26:22.646,NC,NTPC,384.7,374.35,385.3,374.35,380.15,4270044,380.22,384.6,959,384.7,258,
2026-04-13T10:26:23.645,NC,NTPC,384.75,374.35,385.3,374.35,380.15,4271803,380.22,384.65,708,384.75,832,
2026-04-13T10:26:24.750,NC,NTPC,384.75,374.35,385.3,374.35,380.15,4271807,380.22,384.7,66,384.75,829,
2026-04-13T10:26:26.747,NC,NTPC,384.75,374.35,385.3,374.35,380.15,4272039,380.22,384.7,68,384.75,597,
2026-04-13T10:26:27.760,NC,NTPC,384.7,374.35,385.3,374.35,380.15,4272218,380.22,384.7,26,384.75,461,
2026-04-13T10:26:28.753,NC,NTPC,384.75,374.35,385.3,374.35,380.15,4272253,380.22,384.7,17,384.75,436,
2026-04-13T10:26:29.751,NC,NTPC,384.75,374.35,385.3,374.35,380.15,4272785,380.22,384.6,1092,384.75,409,
2026-04-13T10:26:30.854,NC,NTPC,384.75,374.35,385.3,374.35,380.15,4272893,380.22,384.7,3,384.75,311,
2026-04-13T10:26:31.959,NC,NTPC,384.65,374.35,385.3,374.35,380.15,4273106,380.22,384.65,323,384.75,298,
2026-04-13T10:26:33.055,NC,NTPC,384.75,374.35,385.3,374.35,380.15,4273357,380.22,384.65,273,384.75,147,
2026-04-13T10:26:34.151,NC,NTPC,384.75,374.35,385.3,374.35,380.15,4273393,380.22,384.65,277,384.75,111,
2026-04-13T10:26:35.054,NC,NTPC,384.65,374.35,385.3,374.35,380.15,4273494,380.22,384.65,546,384.75,110,
2026-04-13T10:26:36.163,NC,NTPC,384.6,374.35,385.3,374.35,380.15,4274379,380.23,384.65,237,384.75,45,
2026-04-13T10:26:37.665,NC,NTPC,384.75,374.35,385.3,374.35,380.15,4274799,380.23,384.6,571,384.75,425,
2026-04-13T10:26:43.662,NC,NTPC,384.8,374.35,385.3,374.35,380.15,4275513,380.23,384.75,845,384.8,784,
2026-04-13T10:26:50.006,NC,NTPC,384.7,374.35,385.3,374.35,380.15,4278463,380.23,384.65,235,384.7,238,
2026-04-13T10:26:56.174,NC,NTPC,384.8,374.35,385.3,374.35,380.15,4281941,380.23,384.6,1430,384.8,1726,
2026-04-13T10:27:02.283,NC,NTPC,384.8,374.35,385.3,374.35,380.15,4283129,380.23,384.75,3,384.8,558,
2026-04-13T10:27:08.893,NC,NTPC,384.8,374.35,385.3,374.35,380.15,4284224,380.24,384.75,235,384.8,721,
2026-04-13T10:27:15.497,NC,NTPC,384.85,374.35,385.3,374.35,380.15,4284947,380.24,384.8,52,384.85,53,
2026-04-13T10:27:21.931,NC,NTPC,384.95,374.35,385.3,374.35,380.15,4285644,380.24,384.85,10,384.95,948,
2026-04-13T10:27:28.113,NC,NTPC,385.0,374.35,385.3,374.35,380.15,4287758,380.24,384.85,471,385.0,934,
2026-04-13T10:27:34.523,NC,NTPC,385.05,374.35,385.3,374.35,380.15,4290594,380.24,385.0,98,385.1,895,
2026-04-13T10:27:40.839,NC,NTPC,385.1,374.35,385.3,374.35,380.15,4291782,380.24,385.0,44,385.1,838,
2026-04-13T10:27:47.133,NC,NTPC,385.05,374.35,385.3,374.35,380.15,4293119,380.25,384.9,95,385.05,240,
2026-04-13T10:27:53.638,NC,NTPC,384.85,374.35,385.3,374.35,380.15,4294165,380.25,384.85,517,384.95,495,
2026-04-13T10:28:00.142,NC,NTPC,385.0,374.35,385.3,374.35,380.15,4299079,380.25,384.9,907,385.0,35,
2026-04-13T10:28:06.555,NC,NTPC,384.95,374.35,385.3,374.35,380.15,4301289,380.25,384.8,356,384.95,1021,
2026-04-13T10:28:12.882,NC,NTPC,384.9,374.35,385.3,374.35,380.15,4302955,380.26,384.7,2682,384.9,284,
2026-04-13T10:28:18.966,NC,NTPC,384.9,374.35,385.3,374.35,380.15,4303550,380.26,384.9,1,384.95,887,
2026-04-13T10:28:25.089,NC,NTPC,384.9,374.35,385.3,374.35,380.15,4303731,380.26,384.9,3,384.95,1705,
2026-04-13T10:28:31.381,NC,NTPC,384.85,374.35,385.3,374.35,380.15,4303810,380.26,384.75,12,384.85,1093,
2026-04-13T10:28:36.985,NC,NTPC,384.45,374.35,385.3,374.35,380.15,4319121,380.27,384.3,172,384.45,630,
2026-04-13T10:28:37.986,NC,NTPC,384.45,374.35,385.3,374.35,380.15,4322321,380.27,384.3,122,384.45,911,
2026-04-13T10:28:39.090,NC,NTPC,384.45,374.35,385.3,374.35,380.15,4322937,380.28,384.25,403,384.45,991,
2026-04-13T10:28:40.087,NC,NTPC,384.45,374.35,385.3,374.35,380.15,4323044,380.28,384.3,458,384.45,990,
2026-04-13T10:28:40.991,NC,NTPC,384.45,374.35,385.3,374.35,380.15,4323088,380.28,384.3,453,384.45,951,
2026-04-13T10:28:41.992,NC,NTPC,384.45,374.35,385.3,374.35,380.15,4323096,380.28,384.3,653,384.45,1001,
2026-04-13T10:28:42.999,NC,NTPC,384.45,374.35,385.3,374.35,380.15,4323098,380.28,384.3,653,384.45,1004,
2026-04-13T10:28:43.993,NC,NTPC,384.45,374.35,385.3,374.35,380.15,4323159,380.28,384.3,250,384.45,943,
2026-04-13T10:28:44.994,NC,NTPC,384.3,374.35,385.3,374.35,380.15,4323371,380.28,384.25,51,384.3,488,
2026-04-13T10:28:45.995,NC,NTPC,384.3,374.35,385.3,374.35,380.15,4323426,380.28,384.25,52,384.3,170,
2026-04-13T10:28:47.119,NC,NTPC,384.45,374.35,385.3,374.35,380.15,4323590,380.28,384.3,1009,384.45,636,
2026-04-13T10:28:48.102,NC,NTPC,384.4,374.35,385.3,374.35,380.15,4323610,380.28,384.4,199,384.45,70,
2026-04-13T10:28:49.216,NC,NTPC,384.45,374.35,385.3,374.35,380.15,4323824,380.28,384.3,601,384.45,1185,
2026-04-13T10:28:50.319,NC,NTPC,384.45,374.35,385.3,374.35,380.15,4323869,380.28,384.3,600,384.45,1009,
2026-04-13T10:28:51.399,NC,NTPC,384.45,374.35,385.3,374.35,380.15,4323936,380.28,384.3,600,384.45,994,
2026-04-13T10:28:52.498,NC,NTPC,384.45,374.35,385.3,374.35,380.15,4324131,380.28,384.3,589,384.45,1828,
2026-04-13T10:28:53.605,NC,NTPC,384.3,374.35,385.3,374.35,380.15,4324371,380.28,384.3,433,384.45,1537,
2026-04-13T10:28:54.600,NC,NTPC,384.3,374.35,385.3,374.35,380.15,4324407,380.28,384.3,428,384.45,1222,
2026-04-13T10:28:55.599,NC,NTPC,384.5,374.35,385.3,374.35,380.15,4324914,380.28,384.3,428,384.45,819,
2026-04-13T10:28:56.621,NC,NTPC,384.45,374.35,385.3,374.35,380.15,4325052,380.28,384.3,378,384.45,786,
2026-04-13T10:28:57.603,NC,NTPC,384.45,374.35,385.3,374.35,380.15,4325057,380.28,384.3,778,384.45,5776,
2026-04-13T10:28:58.727,NC,NTPC,384.45,374.35,385.3,374.35,380.15,4325161,380.28,384.3,778,384.45,6160,
2026-04-13T10:28:59.613,NC,NTPC,384.45,374.35,385.3,374.35,380.15,4325164,380.28,384.3,778,384.45,6121,
2026-04-13T10:29:00.717,NC,NTPC,384.45,374.35,385.3,374.35,380.15,4325216,380.28,384.3,778,384.45,6387,
2026-04-13T10:29:01.816,NC,NTPC,384.4,374.35,385.3,374.35,380.15,4325363,380.28,384.4,3,384.45,6510,
2026-04-13T10:29:02.919,NC,NTPC,384.3,374.35,385.3,374.35,380.15,4325460,380.28,384.3,691,384.45,6238,
2026-04-13T10:29:04.022,NC,NTPC,384.45,374.35,385.3,374.35,380.15,4325530,380.28,384.3,641,384.45,6732,
2026-04-13T10:29:05.145,NC,NTPC,384.3,374.35,385.3,374.35,380.15,4325613,380.28,384.3,561,384.45,6469,
2026-04-13T10:29:06.019,NC,NTPC,384.4,374.35,385.3,374.35,380.15,4325949,380.28,384.3,561,384.4,337,
2026-04-13T10:29:07.122,NC,NTPC,384.4,374.35,385.3,374.35,380.15,4327523,380.28,384.25,2166,384.4,355,
2026-04-13T10:29:08.220,NC,NTPC,384.3,374.35,385.3,374.35,380.15,4328455,380.28,384.25,1461,384.3,4993,
2026-04-13T10:29:09.320,NC,NTPC,384.3,374.35,385.3,374.35,380.15,4328700,380.28,384.25,1532,384.3,4748,
2026-04-13T10:29:10.427,NC,NTPC,384.3,374.35,385.3,374.35,380.15,4328705,380.28,384.25,1461,384.3,4743,
2026-04-13T10:29:11.530,NC,NTPC,384.3,374.35,385.3,374.35,380.15,4328707,380.28,384.25,1344,384.3,4742,
2026-04-13T10:29:12.433,NC,NTPC,384.25,374.35,385.3,374.35,380.15,4328714,380.28,384.25,1287,384.3,4742,
2026-04-13T10:29:13.530,NC,NTPC,384.1,374.35,385.3,374.35,380.15,4330635,380.28,384.15,122,384.3,4919,
2026-04-13T10:29:14.634,NC,NTPC,384.3,374.35,385.3,374.35,380.15,4330790,380.28,384.1,508,384.25,430,
2026-04-13T10:29:15.754,NC,NTPC,384.1,374.35,385.3,374.35,380.15,4330997,380.28,384.05,75,384.2,1431,
2026-04-13T10:29:16.843,NC,NTPC,384.05,374.35,385.3,374.35,380.15,4331599,380.28,384.05,763,384.25,601,
2026-04-13T10:29:17.943,NC,NTPC,384.25,374.35,385.3,374.35,380.15,4331712,380.28,384.05,1003,384.25,203,
2026-04-13T10:29:18.949,NC,NTPC,383.8,374.35,385.3,374.35,380.15,4344866,380.29,383.85,338,384.0,607,
2026-04-13T10:29:20.050,NC,NTPC,384.0,374.35,385.3,374.35,380.15,4347892,380.3,383.85,338,384.0,358,
2026-04-13T10:29:21.152,NC,NTPC,384.05,374.35,385.3,374.35,380.15,4349653,380.3,383.85,1446,384.05,715,
2026-04-13T10:29:22.252,NC,NTPC,384.1,374.35,385.3,374.35,380.15,4349848,380.3,383.95,213,384.1,318,
2026-04-13T10:29:23.352,NC,NTPC,384.0,374.35,385.3,374.35,380.15,4350622,380.3,383.9,1372,384.0,111,
2026-04-13T10:29:24.461,NC,NTPC,384.0,374.35,385.3,374.35,380.15,4350933,380.3,384.0,1373,384.15,117,
2026-04-13T10:29:25.463,NC,NTPC,384.25,374.35,385.3,374.35,380.15,4351185,380.3,384.15,1,384.25,1092,
2026-04-13T10:29:26.568,NC,NTPC,384.3,374.35,385.3,374.35,380.15,4351256,380.3,384.25,1,384.3,15245,
2026-04-13T10:29:27.678,NC,NTPC,384.3,374.35,385.3,374.35,380.15,4353520,380.3,384.15,43,384.3,15765,
2026-04-13T10:29:28.773,NC,NTPC,384.2,374.35,385.3,374.35,380.15,4354804,380.3,384.05,755,384.25,763,
2026-04-13T10:29:29.875,NC,NTPC,384.25,374.35,385.3,374.35,380.15,4354878,380.3,384.05,715,384.25,593,
2026-04-13T10:29:30.880,NC,NTPC,384.3,374.35,385.3,374.35,380.15,4354928,380.3,384.2,3,384.3,15888,
2026-04-13T10:29:31.982,NC,NTPC,384.3,374.35,385.3,374.35,380.15,4355073,380.3,384.15,371,384.3,15619,
2026-04-13T10:29:32.979,NC,NTPC,384.3,374.35,385.3,374.35,380.15,4355113,380.3,384.25,51,384.3,15486,
2026-04-13T10:29:34.082,NC,NTPC,384.25,374.35,385.3,374.35,380.15,4355171,380.3,384.25,44,384.3,15439,
2026-04-13T10:29:35.198,NC,NTPC,384.3,374.35,385.3,374.35,380.15,4355179,380.3,384.25,40,384.3,15485,
2026-04-13T10:29:36.284,NC,NTPC,384.3,374.35,385.3,374.35,380.15,4358065,380.31,384.1,864,384.3,14788,
2026-04-13T10:29:37.384,NC,NTPC,384.25,374.35,385.3,374.35,380.15,4359138,380.31,384.25,16,384.3,14997,
2026-04-13T10:29:38.384,NC,NTPC,384.25,374.35,385.3,374.35,380.15,4359275,380.31,384.1,508,384.25,111,
2026-04-13T10:29:39.296,NC,NTPC,384.25,374.35,385.3,374.35,380.15,4359303,380.31,384.1,1223,384.25,81,
2026-04-13T10:29:40.286,NC,NTPC,384.25,374.35,385.3,374.35,380.15,4359309,380.31,384.1,1316,384.25,75,
2026-04-13T10:29:41.296,NC,NTPC,384.25,374.35,385.3,374.35,380.15,4359420,380.31,384.05,2231,384.25,704,
2026-04-13T10:29:42.295,NC,NTPC,384.25,374.35,385.3,374.35,380.15,4359938,380.31,384.05,2093,384.25,827,
2026-04-13T10:29:43.296,NC,NTPC,383.75,374.35,385.3,374.35,380.15,4371438,380.32,383.6,528,383.75,292,
2026-04-13T10:29:44.395,NC,NTPC,383.7,374.35,385.3,374.35,380.15,4375578,380.32,383.55,645,383.7,101,
2026-04-13T10:29:45.504,NC,NTPC,383.7,374.35,385.3,374.35,380.15,4375695,380.32,383.55,1879,383.7,260,
2026-04-13T10:29:46.498,NC,NTPC,383.65,374.35,385.3,374.35,380.15,4376200,380.32,383.65,3,383.8,251,
2026-04-13T10:29:47.594,NC,NTPC,383.8,374.35,385.3,374.35,380.15,4376586,380.32,383.6,1563,383.85,3277,
2026-04-13T10:29:48.499,NC,NTPC,383.85,374.35,385.3,374.35,380.15,4376620,380.32,383.65,122,383.85,2339,
2026-04-13T10:29:49.415,NC,NTPC,383.8,374.35,385.3,374.35,380.15,4376634,380.32,383.65,405,383.8,80,
2026-04-13T10:29:50.508,NC,NTPC,383.85,374.35,385.3,374.35,380.15,4376721,380.32,383.65,405,383.85,2708,
2026-04-13T10:29:51.517,NC,NTPC,383.6,374.35,385.3,374.35,380.15,4377391,380.32,383.6,122,383.85,2436,
2026-04-13T10:29:52.517,NC,NTPC,383.85,374.35,385.3,374.35,380.15,4378271,380.32,383.6,2426,383.85,1734,
2026-04-13T10:29:53.525,NC,NTPC,383.8,374.35,385.3,374.35,380.15,4378683,380.32,383.6,2375,383.8,562,
2026-04-13T10:29:54.513,NC,NTPC,383.8,374.35,385.3,374.35,380.15,4378718,380.32,383.6,2375,383.8,575,
2026-04-13T10:29:55.512,NC,NTPC,383.8,374.35,385.3,374.35,380.15,4378748,380.32,383.6,2375,383.8,545,
2026-04-13T10:29:56.513,NC,NTPC,383.6,374.35,385.3,374.35,380.15,4379388,380.32,383.6,1764,383.8,157,
2026-04-13T10:29:57.521,NC,NTPC,383.8,374.35,385.3,374.35,380.15,4379488,380.32,383.6,1901,383.8,349,
2026-04-13T10:29:58.518,NC,NTPC,383.8,374.35,385.3,374.35,380.15,4379490,380.32,383.55,759,383.75,1305,
2026-04-13T10:29:59.527,NC,NTPC,383.75,374.35,385.3,374.35,380.15,4379501,380.32,383.55,759,383.75,1294,
2026-04-13T10:30:00.629,NC,NTPC,383.75,374.35,385.3,374.35,380.15,4380666,380.32,383.55,2326,383.75,617,
2026-04-13T10:30:01.630,NC,NTPC,383.75,374.35,385.3,374.35,380.15,4380729,380.32,383.7,133,383.75,278,
2026-04-13T10:30:02.632,NC,NTPC,383.75,374.35,385.3,374.35,380.15,4380737,380.32,383.7,146,383.75,289,
2026-04-13T10:30:03.733,NC,NTPC,383.75,374.35,385.3,374.35,380.15,4380774,380.32,383.7,303,383.75,277,
2026-04-13T10:30:04.833,NC,NTPC,383.75,374.35,385.3,374.35,380.15,4380846,380.32,383.7,239,383.75,1256,
2026-04-13T10:30:05.763,NC,NTPC,383.75,374.35,385.3,374.35,380.15,4393103,380.33,383.75,987,383.85,19,
2026-04-13T10:30:06.740,NC,NTPC,383.7,374.35,385.3,374.35,380.15,4394929,380.34,383.55,1716,383.75,331,
2026-04-13T10:30:07.755,NC,NTPC,383.75,374.35,385.3,374.35,380.15,4395429,380.34,383.55,1970,383.75,74,
2026-04-13T10:30:08.755,NC,NTPC,383.75,374.35,385.3,374.35,380.15,4395439,380.34,383.55,1013,383.75,181,
2026-04-13T10:30:09.750,NC,NTPC,383.7,374.35,385.3,374.35,380.15,4396022,380.34,383.5,2079,383.7,851,
2026-04-13T10:30:10.754,NC,NTPC,383.7,374.35,385.3,374.35,380.15,4396498,380.34,383.55,232,383.7,273,
2026-04-13T10:30:11.747,NC,NTPC,383.7,374.35,385.3,374.35,380.15,4396507,380.34,383.55,332,383.7,264,
2026-04-13T10:30:12.750,NC,NTPC,383.7,374.35,385.3,374.35,380.15,4397044,380.34,383.55,1215,383.7,36,
2026-04-13T10:30:13.743,NC,NTPC,383.75,374.35,385.3,374.35,380.15,4397339,380.34,383.75,458,383.8,328,
2026-04-13T10:30:14.748,NC,NTPC,383.75,374.35,385.3,374.35,380.15,4397481,380.34,383.75,417,383.8,185,
2026-04-13T10:30:15.754,NC,NTPC,383.8,374.35,385.3,374.35,380.15,4398557,380.34,383.7,1587,383.8,160,
2026-04-13T10:30:16.752,NC,NTPC,383.8,374.35,385.3,374.35,380.15,4398717,380.34,383.8,2,383.9,1050,
2026-04-13T10:30:17.856,NC,NTPC,383.85,374.35,385.3,374.35,380.15,4398718,380.34,383.8,2,383.85,99,
2026-04-13T10:30:18.856,NC,NTPC,383.75,374.35,385.3,374.35,380.15,4398726,380.34,383.7,1202,383.75,5,
2026-04-13T10:30:19.860,NC,NTPC,383.75,374.35,385.3,374.35,380.15,4398731,380.34,383.7,1085,383.85,99,
2026-04-13T10:30:22.861,NC,NTPC,383.8,374.35,385.3,374.35,380.15,4398902,380.34,383.7,1085,383.8,81,
2026-04-13T10:30:23.862,NC,NTPC,383.8,374.35,385.3,374.35,380.15,4398977,380.34,383.75,999,383.8,56,
2026-04-13T10:30:24.866,NC,NTPC,383.85,374.35,385.3,374.35,380.15,4399042,380.34,383.8,261,383.85,88,
2026-04-13T10:30:25.767,NC,NTPC,383.85,374.35,385.3,374.35,380.15,4399043,380.34,383.8,261,383.85,87,
2026-04-13T10:30:26.786,NC,NTPC,383.8,374.35,385.3,374.35,380.15,4399068,380.34,383.8,236,383.85,87,
2026-04-13T10:30:27.782,NC,NTPC,383.8,374.35,385.3,374.35,380.15,4399164,380.34,383.8,234,383.95,1474,
2026-04-13T10:30:28.772,NC,NTPC,383.95,374.35,385.3,374.35,380.15,4399397,380.34,383.8,234,383.95,1155,
2026-04-13T10:30:29.770,NC,NTPC,383.8,374.35,385.3,374.35,380.15,4399692,380.34,383.8,84,383.95,1062,
2026-04-13T10:30:30.765,NC,NTPC,383.95,374.35,385.3,374.35,380.15,4399695,380.34,383.8,84,383.95,1169,
2026-04-13T10:30:31.771,NC,NTPC,383.95,374.35,385.3,374.35,380.15,4400206,380.34,383.9,926,383.95,29,
2026-04-13T10:30:32.786,NC,NTPC,383.9,374.35,385.3,374.35,380.15,4400221,380.34,383.9,2,383.95,18,
2026-04-13T10:30:33.770,NC,NTPC,383.95,374.35,385.3,374.35,380.15,4400488,380.34,383.9,2,383.95,21,
2026-04-13T10:30:34.779,NC,NTPC,384.05,374.35,385.3,374.35,380.15,4400715,380.34,383.85,1476,384.05,1080,
2026-04-13T10:30:35.796,NC,NTPC,383.85,374.35,385.3,374.35,380.15,4401046,380.34,383.8,84,383.95,1397,
2026-04-13T10:30:36.776,NC,NTPC,383.95,374.35,385.3,374.35,380.15,4401104,380.34,383.8,84,383.95,1889,
2026-04-13T10:30:37.779,NC,NTPC,383.95,374.35,385.3,374.35,380.15,4401164,380.34,383.8,84,383.95,1829,
2026-04-13T10:30:38.790,NC,NTPC,383.95,374.35,385.3,374.35,380.15,4401270,380.34,383.8,84,383.95,1980,
2026-04-13T10:30:39.888,NC,NTPC,383.95,374.35,385.3,374.35,380.15,4401307,380.34,383.8,73,383.95,1954,
2026-04-13T10:30:40.978,NC,NTPC,383.95,374.35,385.3,374.35,380.15,4401479,380.34,383.8,12,383.95,1673,
2026-04-13T10:30:42.089,NC,NTPC,383.95,374.35,385.3,374.35,380.15,4401491,380.34,383.8,12,383.95,1555,
2026-04-13T10:30:43.204,NC,NTPC,383.95,374.35,385.3,374.35,380.15,4401697,380.34,383.8,122,383.95,1060,
2026-04-13T10:30:44.192,NC,NTPC,383.95,374.35,385.3,374.35,380.15,4402875,380.34,383.75,882,383.95,609,
2026-04-13T10:30:45.197,NC,NTPC,383.95,374.35,385.3,374.35,380.15,4403384,380.34,383.75,894,383.95,833,
2026-04-13T10:30:46.291,NC,NTPC,383.75,374.35,385.3,374.35,380.15,4404088,380.34,383.75,729,383.95,1265,
2026-04-13T10:30:47.391,NC,NTPC,384.0,374.35,385.3,374.35,380.15,4404222,380.34,383.95,1,384.0,727,
2026-04-13T10:30:48.498,NC,NTPC,383.95,374.35,385.3,374.35,380.15,4404251,380.34,383.95,24,384.0,424,
2026-04-13T10:30:49.611,NC,NTPC,383.95,374.35,385.3,374.35,380.15,4405255,380.34,383.75,413,383.95,1328,
2026-04-13T10:30:50.698,NC,NTPC,383.75,374.35,385.3,374.35,380.15,4405424,380.34,383.75,854,383.95,1324,
2026-04-13T10:30:51.799,NC,NTPC,383.95,374.35,385.3,374.35,380.15,4405452,380.34,383.8,303,383.95,373,
2026-04-13T10:30:52.900,NC,NTPC,383.95,374.35,385.3,374.35,380.15,4405680,380.34,383.95,7,384.0,960,
2026-04-13T10:30:54.000,NC,NTPC,383.8,374.35,385.3,374.35,380.15,4405783,380.34,383.8,2448,384.0,849,
2026-04-13T10:30:55.100,NC,NTPC,383.95,374.35,385.3,374.35,380.15,4408110,380.35,383.8,441,384.0,1814,
2026-04-13T10:30:56.102,NC,NTPC,384.0,374.35,385.3,374.35,380.15,4408471,380.35,383.8,843,384.0,1249,
2026-04-13T10:30:57.100,NC,NTPC,384.0,374.35,385.3,374.35,380.15,4408491,380.35,383.8,1217,384.0,1233,
2026-04-13T10:30:58.108,NC,NTPC,384.0,374.35,385.3,374.35,380.15,4408494,380.35,383.8,1210,384.0,1231,
2026-04-13T10:30:59.101,NC,NTPC,384.0,374.35,385.3,374.35,380.15,4409096,380.35,383.8,521,384.0,1333,
2026-04-13T10:31:00.103,NC,NTPC,384.0,374.35,385.3,374.35,380.15,4409111,380.35,383.8,521,384.0,2157,
2026-04-13T10:31:01.114,NC,NTPC,383.95,374.35,385.3,374.35,380.15,4409138,380.35,383.8,52,383.95,951,
2026-04-13T10:31:02.112,NC,NTPC,383.95,374.35,385.3,374.35,380.15,4409179,380.35,383.8,39,383.95,1444,
2026-04-13T10:31:03.026,NC,NTPC,383.95,374.35,385.3,374.35,380.15,4409180,380.35,383.8,39,383.95,1704,
2026-04-13T10:31:04.004,NC,NTPC,383.85,374.35,385.3,374.35,380.15,4409415,380.35,383.7,217,383.85,1033,
2026-04-13T10:31:05.008,NC,NTPC,383.85,374.35,385.3,374.35,380.15,4409693,380.35,383.7,67,383.85,1283,
2026-04-13T10:31:06.109,NC,NTPC,383.85,374.35,385.3,374.35,380.15,4409700,380.35,383.7,67,383.85,1276,
2026-04-13T10:31:07.124,NC,NTPC,383.85,374.35,385.3,374.35,380.15,4409703,380.35,383.75,100,383.85,1665,
2026-04-13T10:31:08.115,NC,NTPC,383.85,374.35,385.3,374.35,380.15,4409807,380.35,383.75,100,383.85,1297,
2026-04-13T10:31:09.113,NC,NTPC,383.85,374.35,385.3,374.35,380.15,4409833,380.35,383.75,79,383.85,1292,
2026-04-13T10:31:10.115,NC,NTPC,383.85,374.35,385.3,374.35,380.15,4409947,380.35,383.75,79,383.85,1194,
2026-04-13T10:31:11.127,NC,NTPC,383.85,374.35,385.3,374.35,380.15,4409949,380.35,383.75,79,383.85,1192,
2026-04-13T10:31:12.113,NC,NTPC,383.85,374.35,385.3,374.35,380.15,4409956,380.35,383.75,79,383.85,1015,
2026-04-13T10:31:13.222,NC,NTPC,383.85,374.35,385.3,374.35,380.15,4410157,380.35,383.75,79,383.85,359,
2026-04-13T10:31:14.315,NC,NTPC,383.7,374.35,385.3,374.35,380.15,4410277,380.35,383.7,448,383.85,412,
2026-04-13T10:31:15.328,NC,NTPC,383.85,374.35,385.3,374.35,380.15,4410397,380.35,383.7,1395,383.85,294,
2026-04-13T10:31:16.320,NC,NTPC,383.85,374.35,385.3,374.35,380.15,4410400,380.35,383.8,126,383.85,291,
2026-04-13T10:31:17.441,NC,NTPC,384.0,374.35,385.3,374.35,380.15,4413853,380.35,383.9,663,384.0,15,
2026-04-13T10:31:18.522,NC,NTPC,384.1,374.35,385.3,374.35,380.15,4413990,380.35,383.9,271,384.1,1826,
2026-04-13T10:31:19.523,NC,NTPC,384.1,374.35,385.3,374.35,380.15,4414004,380.35,383.9,633,384.1,1686,
2026-04-13T10:31:21.641,NC,NTPC,383.85,374.35,385.3,374.35,380.15,4414825,380.35,383.85,1680,384.0,30,
2026-04-13T10:31:22.719,NC,NTPC,384.05,374.35,385.3,374.35,380.15,4415163,380.35,383.85,1464,384.0,463,
2026-04-13T10:31:23.726,NC,NTPC,384.0,374.35,385.3,374.35,380.15,4415168,380.35,383.85,1414,384.0,730,
2026-04-13T10:31:24.824,NC,NTPC,383.85,374.35,385.3,374.35,380.15,4415175,380.35,383.85,1408,384.0,729,
2026-04-13T10:31:25.927,NC,NTPC,384.0,374.35,385.3,374.35,380.15,4415176,380.35,383.85,1408,384.0,1062,
2026-04-13T10:31:29.029,NC,NTPC,383.85,374.35,385.3,374.35,380.15,4415247,380.35,383.85,1388,383.9,2449,
2026-04-13T10:31:30.047,NC,NTPC,383.9,374.35,385.3,374.35,380.15,4415259,380.35,383.85,1388,383.9,2437,
2026-04-13T10:31:31.034,NC,NTPC,383.9,374.35,385.3,374.35,380.15,4415499,380.35,383.85,1338,383.9,2247,
2026-04-13T10:31:32.036,NC,NTPC,383.9,374.35,385.3,374.35,380.15,4415737,380.35,383.85,1531,383.9,2009,
2026-04-13T10:31:33.030,NC,NTPC,383.9,374.35,385.3,374.35,380.15,4415772,380.35,383.85,1531,383.9,1974,
2026-04-13T10:31:34.056,NC,NTPC,383.9,374.35,385.3,374.35,380.15,4415832,380.35,383.85,2535,383.9,1914,
2026-04-13T10:31:35.043,NC,NTPC,383.9,374.35,385.3,374.35,380.15,4415958,380.35,383.85,2531,383.9,1788,
2026-04-13T10:31:36.032,NC,NTPC,383.9,374.35,385.3,374.35,380.15,4415979,380.35,383.85,2531,383.9,1767,
2026-04-13T10:31:42.544,NC,NTPC,383.85,374.35,385.3,374.35,380.15,4416588,380.35,383.85,2495,383.9,1326,
2026-04-13T10:31:48.147,NC,NTPC,383.9,374.35,385.3,374.35,380.15,4417097,380.35,383.85,2752,383.9,820,
2026-04-13T10:31:53.864,NC,NTPC,382.6,374.35,385.3,374.35,380.15,5612084,380.64,382.55,1626,382.75,120,
2026-04-13T10:32:00.184,NC,NTPC,382.65,374.35,385.3,374.35,380.15,5667833,380.65,382.55,2423,382.75,261,
2026-04-13T10:32:06.403,NC,NTPC,382.25,374.35,385.3,374.35,380.15,5695133,380.66,382.2,116,382.25,200,
2026-04-13T10:32:12.594,NC,NTPC,382.35,374.35,385.3,374.35,380.15,5707869,380.67,382.15,2,382.35,1341,
2026-04-13T10:32:18.597,NC,NTPC,382.35,374.35,385.3,374.35,380.15,5709965,380.67,382.25,2431,382.35,428,
2026-04-13T10:32:24.201,NC,NTPC,382.35,374.35,385.3,374.35,380.15,5712851,380.67,382.35,1,382.4,1278,
2026-04-13T10:32:29.827,NC,NTPC,382.3,374.35,385.3,374.35,380.15,5716265,380.67,382.35,50,382.4,168,
2026-04-13T10:32:35.728,NC,NTPC,382.65,374.35,385.3,374.35,380.15,5732569,380.67,382.65,1356,382.7,113,
2026-04-13T10:32:36.724,NC,NTPC,382.6,374.35,385.3,374.35,380.15,5741269,380.68,382.6,846,382.7,1356,
2026-04-13T10:32:37.831,NC,NTPC,382.7,374.35,385.3,374.35,380.15,5741542,380.68,382.6,846,382.7,1388,
2026-04-13T10:32:38.831,NC,NTPC,382.65,374.35,385.3,374.35,380.15,5741908,380.68,382.6,846,382.65,1060,
2026-04-13T10:32:39.936,NC,NTPC,382.6,374.35,385.3,374.35,380.15,5742045,380.68,382.6,745,382.65,972,
2026-04-13T10:32:40.950,NC,NTPC,382.5,374.35,385.3,374.35,380.15,5744074,380.68,382.5,67,382.6,1473,
2026-04-13T10:32:42.034,NC,NTPC,382.5,374.35,385.3,374.35,380.15,5749077,380.68,382.45,728,382.55,962,
2026-04-13T10:32:43.129,NC,NTPC,382.55,374.35,385.3,374.35,380.15,5749862,380.68,382.45,1315,382.55,83,
2026-04-13T10:32:44.266,NC,NTPC,382.6,374.35,385.3,374.35,380.15,5750017,380.68,382.5,1026,382.6,114,
2026-04-13T10:32:45.330,NC,NTPC,382.65,374.35,385.3,374.35,380.15,5751320,380.68,382.5,401,382.65,1686,
2026-04-13T10:32:46.430,NC,NTPC,382.65,374.35,385.3,374.35,380.15,5751488,380.68,382.6,4,382.65,1467,
2026-04-13T10:32:47.531,NC,NTPC,382.65,374.35,385.3,374.35,380.15,5751615,380.68,382.6,4,382.65,1523,
2026-04-13T10:32:48.640,NC,NTPC,382.6,374.35,385.3,374.35,380.15,5751657,380.68,382.6,219,382.65,1052,
2026-04-13T10:32:49.736,NC,NTPC,382.65,374.35,385.3,374.35,380.15,5751684,380.68,382.6,219,382.65,465,
2026-04-13T10:32:50.838,NC,NTPC,382.6,374.35,385.3,374.35,380.15,5751689,380.68,382.6,297,382.65,412,
2026-04-13T10:32:53.036,NC,NTPC,382.65,374.35,385.3,374.35,380.15,5751856,380.68,382.6,297,382.65,152,
2026-04-13T10:32:54.049,NC,NTPC,382.7,374.35,385.3,374.35,380.15,5752122,380.68,382.6,297,382.7,1015,
2026-04-13T10:32:55.055,NC,NTPC,382.7,374.35,385.3,374.35,380.15,5752160,380.68,382.6,297,382.7,1189,
2026-04-13T10:32:55.941,NC,NTPC,382.7,374.35,385.3,374.35,380.15,5752161,380.68,382.65,579,382.7,214,
2026-04-13T10:32:58.042,NC,NTPC,382.7,374.35,385.3,374.35,380.15,5752192,380.68,382.65,728,382.7,197,
2026-04-13T10:32:59.052,NC,NTPC,382.7,374.35,385.3,374.35,380.15,5752250,380.68,382.65,728,382.7,684,
2026-04-13T10:33:00.147,NC,NTPC,382.7,374.35,385.3,374.35,380.15,5752541,380.68,382.65,728,382.7,396,
2026-04-13T10:33:01.276,NC,NTPC,382.9,374.35,385.3,374.35,380.15,5754064,380.68,382.7,2514,382.9,666,
2026-04-13T10:33:02.358,NC,NTPC,382.9,374.35,385.3,374.35,380.15,5754205,380.68,382.7,2393,382.9,591,
2026-04-13T10:33:03.468,NC,NTPC,382.85,374.35,385.3,374.35,380.15,5754222,380.68,382.7,1652,382.85,407,
2026-04-13T10:33:05.662,NC,NTPC,382.85,374.35,385.3,374.35,380.15,5754223,380.68,382.7,622,382.85,1207,
2026-04-13T10:33:06.774,NC,NTPC,382.65,374.35,385.3,374.35,380.15,5756781,380.68,382.65,200,382.7,2618,
2026-04-13T10:33:07.758,NC,NTPC,382.7,374.35,385.3,374.35,380.15,5756850,380.68,382.65,200,382.7,2363,
2026-04-13T10:33:08.874,NC,NTPC,382.7,374.35,385.3,374.35,380.15,5758736,380.68,382.6,2,382.7,1907,
2026-04-13T10:33:09.964,NC,NTPC,382.7,374.35,385.3,374.35,380.15,5758837,380.68,382.55,1265,382.7,1994,
2026-04-13T10:33:11.064,NC,NTPC,382.7,374.35,385.3,374.35,380.15,5758840,380.68,382.6,15,382.7,2388,
2026-04-13T10:33:12.188,NC,NTPC,382.65,374.35,385.3,374.35,380.15,5758859,380.68,382.55,14,382.65,3129,
2026-04-13T10:33:13.163,NC,NTPC,382.65,374.35,385.3,374.35,380.15,5762309,380.68,382.55,14,382.65,1783,
2026-04-13T10:33:14.301,NC,NTPC,382.65,374.35,385.3,374.35,380.15,5763555,380.68,382.5,20029,382.6,1045,
2026-04-13T10:33:15.364,NC,NTPC,382.6,374.35,385.3,374.35,380.15,5763633,380.68,382.5,20029,382.6,967,
2026-04-13T10:33:16.466,NC,NTPC,382.4,374.35,385.3,374.35,380.15,5785649,380.69,382.35,101,382.45,1648,
2026-04-13T10:33:17.567,NC,NTPC,382.45,374.35,385.3,374.35,380.15,5789535,380.69,382.35,104,382.45,442,
2026-04-13T10:33:18.671,NC,NTPC,382.45,374.35,385.3,374.35,380.15,5789634,380.69,382.35,99,382.45,1710,
2026-04-13T10:33:19.567,NC,NTPC,382.3,374.35,385.3,374.35,380.15,5791374,380.69,382.3,511,382.45,176,
2026-04-13T10:33:20.695,NC,NTPC,382.4,374.35,385.3,374.35,380.15,5791653,380.69,382.3,478,382.4,1200,
2026-04-13T10:33:21.780,NC,NTPC,382.3,374.35,385.3,374.35,380.15,5791685,380.69,382.3,728,382.4,61,
2026-04-13T10:33:22.874,NC,NTPC,382.4,374.35,385.3,374.35,380.15,5793319,380.69,382.4,3,382.45,542,
2026-04-13T10:33:23.972,NC,NTPC,382.45,374.35,385.3,374.35,380.15,5793588,380.69,382.4,3,382.45,302,
2026-04-13T10:33:24.977,NC,NTPC,382.45,374.35,385.3,374.35,380.15,5793597,380.69,382.4,3,382.45,293,
2026-04-13T10:33:26.083,NC,NTPC,382.45,374.35,385.3,374.35,380.15,5793598,380.69,382.4,3,382.45,292,
2026-04-13T10:33:27.183,NC,NTPC,382.45,374.35,385.3,374.35,380.15,5794174,380.69,382.3,670,382.45,349,
2026-04-13T10:33:28.281,NC,NTPC,382.45,374.35,385.3,374.35,380.15,5794230,380.69,382.3,442,382.45,896,
2026-04-13T10:33:29.383,NC,NTPC,382.45,374.35,385.3,374.35,380.15,5794233,380.69,382.3,441,382.45,893,
2026-04-13T10:33:30.496,NC,NTPC,382.4,374.35,385.3,374.35,380.15,5794238,380.69,382.3,441,382.4,409,
2026-04-13T10:33:31.399,NC,NTPC,382.2,374.35,385.3,374.35,380.15,5795361,380.69,382.2,603,382.4,1210,
2026-04-13T10:33:32.505,NC,NTPC,382.45,374.35,385.3,374.35,380.15,5796048,380.69,382.25,2022,382.45,11546,
2026-04-13T10:33:33.512,NC,NTPC,382.45,374.35,385.3,374.35,380.15,5796049,380.69,382.25,2022,382.45,11545,
2026-04-13T10:33:34.597,NC,NTPC,382.25,374.35,385.3,374.35,380.15,5796120,380.69,382.3,4,382.4,922,
2026-04-13T10:33:35.705,NC,NTPC,382.25,374.35,385.3,374.35,380.15,5797469,380.69,382.25,690,382.4,2787,
2026-04-13T10:33:37.109,NC,NTPC,382.4,374.35,385.3,374.35,380.15,5798184,380.69,382.25,561,382.4,2836,
2026-04-13T10:33:38.203,NC,NTPC,382.4,374.35,385.3,374.35,380.15,5798578,380.69,382.25,561,382.4,2466,
2026-04-13T10:33:39.306,NC,NTPC,382.4,374.35,385.3,374.35,380.15,5798629,380.69,382.25,5971,382.4,2292,
2026-04-13T10:33:40.418,NC,NTPC,382.4,374.35,385.3,374.35,380.15,5801545,380.7,382.25,5556,382.45,10995,
2026-04-13T10:33:41.604,NC,NTPC,382.4,374.35,385.3,374.35,380.15,5801659,380.7,382.25,5549,382.4,1068,
2026-04-13T10:33:42.615,NC,NTPC,382.4,374.35,385.3,374.35,380.15,5801682,380.7,382.25,5549,382.4,1513,
2026-04-13T10:33:43.606,NC,NTPC,382.4,374.35,385.3,374.35,380.15,5802608,380.7,382.25,4749,382.4,2256,
2026-04-13T10:33:44.610,NC,NTPC,382.4,374.35,385.3,374.35,380.15,5802634,380.7,382.35,5,382.4,1871,
2026-04-13T10:33:45.709,NC,NTPC,382.3,374.35,385.3,374.35,380.15,5802694,380.7,382.3,2970,382.4,2547,
2026-04-13T10:33:46.811,NC,NTPC,382.4,374.35,385.3,374.35,380.15,5802762,380.7,382.25,4756,382.4,2068,
2026-04-13T10:33:47.914,NC,NTPC,382.4,374.35,385.3,374.35,380.15,5802766,380.7,382.25,4749,382.4,1893,
2026-04-13T10:33:48.912,NC,NTPC,382.35,374.35,385.3,374.35,380.15,5802778,380.7,382.25,4749,382.35,1496,
2026-04-13T10:33:49.951,NC,NTPC,382.4,374.35,385.3,374.35,380.15,5804520,380.7,382.25,5670,382.4,807,
2026-04-13T10:33:51.017,NC,NTPC,382.4,374.35,385.3,374.35,380.15,5804557,380.7,382.25,5792,382.4,770,
2026-04-13T10:33:52.218,NC,NTPC,382.45,374.35,385.3,374.35,380.15,5806294,380.7,382.4,411,382.45,9946,
2026-04-13T10:33:53.216,NC,NTPC,382.7,374.35,385.3,374.35,380.15,5822041,380.7,382.45,3670,382.7,1308,
2026-04-13T10:33:54.318,NC,NTPC,382.7,374.35,385.3,374.35,380.15,5822789,380.7,382.5,459,382.7,759,
2026-04-13T10:33:55.225,NC,NTPC,382.7,374.35,385.3,374.35,380.15,5822983,380.7,382.5,1370,382.7,838,
2026-04-13T10:33:56.318,NC,NTPC,382.75,374.35,385.3,374.35,380.15,5823158,380.7,382.55,82,382.75,3995,
2026-04-13T10:33:57.423,NC,NTPC,382.75,374.35,385.3,374.35,380.15,5823163,380.7,382.5,3249,382.75,4112,
2026-04-13T10:33:58.568,NC,NTPC,382.7,374.35,385.3,374.35,380.15,5823225,380.7,382.5,3036,382.7,578,
2026-04-13T10:33:59.637,NC,NTPC,382.5,374.35,385.3,374.35,380.15,5823287,380.7,382.5,2024,382.7,517,
2026-04-13T10:34:00.736,NC,NTPC,382.7,374.35,385.3,374.35,380.15,5823299,380.7,382.5,3072,382.7,453,
2026-04-13T10:34:01.735,NC,NTPC,382.5,374.35,385.3,374.35,380.15,5823357,380.7,382.5,3032,382.7,688,
2026-04-13T10:34:02.836,NC,NTPC,382.7,374.35,385.3,374.35,380.15,5823359,380.7,382.5,3575,382.75,2200,
2026-04-13T10:34:03.941,NC,NTPC,382.5,374.35,385.3,374.35,380.15,5824832,380.7,382.5,439,382.65,2313,
2026-04-13T10:34:05.038,NC,NTPC,382.65,374.35,385.3,374.35,380.15,5825086,380.7,382.5,414,382.65,2059,
2026-04-13T10:34:06.148,NC,NTPC,382.65,374.35,385.3,374.35,380.15,5825145,380.7,382.6,1,382.65,768,
2026-04-13T10:34:07.245,NC,NTPC,382.6,374.35,385.3,374.35,380.15,5825147,380.7,382.6,1,382.65,767,
2026-04-13T10:34:08.359,NC,NTPC,382.7,374.35,385.3,374.35,380.15,5828147,380.7,382.6,1439,382.75,631,
2026-04-13T10:34:09.441,NC,NTPC,382.75,374.35,385.3,374.35,380.15,5828619,380.7,382.6,1439,382.75,15,
2026-04-13T10:34:10.550,NC,NTPC,382.75,374.35,385.3,374.35,380.15,5828654,380.7,382.75,28,382.8,549,
2026-04-13T10:34:11.645,NC,NTPC,382.85,374.35,385.3,374.35,380.15,5829086,380.7,382.8,1874,382.9,1,
2026-04-13T10:34:12.646,NC,NTPC,382.8,374.35,385.3,374.35,380.15,5829171,380.7,382.8,2545,382.95,55,
2026-04-13T10:34:13.648,NC,NTPC,382.95,374.35,385.3,374.35,380.15,5829183,380.7,382.8,2545,382.95,43,
2026-04-13T10:34:14.748,NC,NTPC,382.8,374.35,385.3,374.35,380.15,5829334,380.7,382.8,1109,382.95,236,
2026-04-13T10:34:15.867,NC,NTPC,382.95,374.35,385.3,374.35,380.15,5829371,380.7,382.9,4,382.95,1080,
2026-04-13T10:34:16.975,NC,NTPC,382.95,374.35,385.3,374.35,380.15,5829418,380.7,382.8,900,382.95,1766,
2026-04-13T10:34:18.061,NC,NTPC,382.95,374.35,385.3,374.35,380.15,5829440,380.7,382.8,900,382.95,1451,
2026-04-13T10:34:19.179,NC,NTPC,382.95,374.35,385.3,374.35,380.15,5830582,380.7,382.8,899,382.95,2359,
2026-04-13T10:34:20.086,NC,NTPC,382.95,374.35,385.3,374.35,380.15,5830603,380.7,382.8,899,382.95,2338,
2026-04-13T10:34:21.172,NC,NTPC,382.8,374.35,385.3,374.35,380.15,5830687,380.7,382.8,824,382.95,3859,
2026-04-13T10:34:22.279,NC,NTPC,382.95,374.35,385.3,374.35,380.15,5830706,380.7,382.8,823,382.95,3670,
2026-04-13T10:34:23.367,NC,NTPC,382.95,374.35,385.3,374.35,380.15,5830886,380.7,382.8,813,382.95,3500,
2026-04-13T10:34:24.366,NC,NTPC,382.95,374.35,385.3,374.35,380.15,5831066,380.7,382.8,813,382.85,60,
2026-04-13T10:34:25.369,NC,NTPC,382.5,374.35,385.3,374.35,380.15,5834058,380.71,382.5,325,382.65,3061,
2026-04-13T10:34:26.470,NC,NTPC,382.65,374.35,385.3,374.35,380.15,5834572,380.71,382.6,10,382.65,1419,
2026-04-13T10:34:27.482,NC,NTPC,382.6,374.35,385.3,374.35,380.15,5834593,380.71,382.5,325,382.55,1503,
2026-04-13T10:34:28.497,NC,NTPC,382.5,374.35,385.3,374.35,380.15,5834664,380.71,382.5,286,382.55,1531,
2026-04-13T10:34:29.583,NC,NTPC,382.55,374.35,385.3,374.35,380.15,5836141,380.71,382.6,531,382.7,1625,
2026-04-13T10:34:30.727,NC,NTPC,382.7,374.35,385.3,374.35,380.15,5836146,380.71,382.6,2718,382.7,1357,
2026-04-13T10:34:31.588,NC,NTPC,382.7,374.35,385.3,374.35,380.15,5836174,380.71,382.6,1760,382.7,1329,
2026-04-13T10:34:32.594,NC,NTPC,382.7,374.35,385.3,374.35,380.15,5836180,380.71,382.65,264,382.7,1328,
2026-04-13T10:34:33.704,NC,NTPC,382.7,374.35,385.3,374.35,380.15,5837102,380.71,382.65,673,382.7,406,
2026-04-13T10:34:34.788,NC,NTPC,382.7,374.35,385.3,374.35,380.15,5837294,380.71,382.65,1138,382.7,214,
2026-04-13T10:34:35.931,NC,NTPC,382.85,374.35,385.3,374.35,380.15,5839615,380.71,382.65,316,382.85,423,
2026-04-13T10:34:36.807,NC,NTPC,382.8,374.35,385.3,374.35,380.15,5839646,380.71,382.65,2646,382.8,23,
2026-04-13T10:34:37.822,NC,NTPC,382.8,374.35,385.3,374.35,380.15,5839935,380.71,382.6,1874,382.8,1412,
2026-04-13T10:34:38.695,NC,NTPC,382.8,374.35,385.3,374.35,380.15,5840007,380.71,382.7,254,382.8,810,
2026-04-13T10:34:39.699,NC,NTPC,382.8,374.35,385.3,374.35,380.15,5840296,380.71,382.7,454,382.8,67,
2026-04-13T10:34:40.700,NC,NTPC,382.8,374.35,385.3,374.35,380.15,5840309,380.71,382.7,449,382.8,59,
2026-04-13T10:34:42.828,NC,NTPC,382.85,374.35,385.3,374.35,380.15,5840439,380.71,382.7,449,382.85,1512,
2026-04-13T10:34:45.924,NC,NTPC,382.8,374.35,385.3,374.35,380.15,5840463,380.71,382.7,449,382.8,264,
2026-04-13T10:34:47.006,NC,NTPC,382.8,374.35,385.3,374.35,380.15,5840467,380.71,382.7,449,382.8,260,
2026-04-13T10:34:48.010,NC,NTPC,382.8,374.35,385.3,374.35,380.15,5840469,380.71,382.7,449,382.8,941,
2026-04-13T10:34:50.208,NC,NTPC,382.8,374.35,385.3,374.35,380.15,5840569,380.71,382.7,449,382.8,550,
2026-04-13T10:34:51.110,NC,NTPC,382.8,374.35,385.3,374.35,380.15,5840586,380.71,382.7,449,382.8,291,
2026-04-13T10:34:53.319,NC,NTPC,382.8,374.35,385.3,374.35,380.15,5840776,380.71,382.7,1575,382.8,16,
2026-04-13T10:34:54.435,NC,NTPC,382.7,374.35,385.3,374.35,380.15,5840784,380.71,382.75,271,382.9,4755,
2026-04-13T10:34:55.526,NC,NTPC,382.9,374.35,385.3,374.35,380.15,5840899,380.71,382.8,1,382.9,2297,
2026-04-13T10:34:56.422,NC,NTPC,382.8,374.35,385.3,374.35,380.15,5841502,380.71,382.75,1865,382.9,843,
2026-04-13T10:34:57.424,NC,NTPC,382.9,374.35,385.3,374.35,380.15,5841520,380.71,382.75,2055,382.9,825,
2026-04-13T10:34:58.521,NC,NTPC,382.9,374.35,385.3,374.35,380.15,5841532,380.71,382.75,881,382.9,765,
2026-04-13T10:34:59.425,NC,NTPC,382.9,374.35,385.3,374.35,380.15,5841560,380.71,382.75,650,382.9,752,
2026-04-13T10:35:00.448,NC,NTPC,382.9,374.35,385.3,374.35,380.15,5841568,380.71,382.75,701,382.9,744,
2026-04-13T10:35:02.428,NC,NTPC,382.85,374.35,385.3,374.35,380.15,5841580,380.71,382.85,3,382.95,1038,
2026-04-13T10:35:04.433,NC,NTPC,382.85,374.35,385.3,374.35,380.15,5841955,380.71,382.8,73,382.85,125,
2026-04-13T10:35:05.462,NC,NTPC,382.85,374.35,385.3,374.35,380.15,5842080,380.71,382.85,82,382.9,693,
2026-04-13T10:35:06.533,NC,NTPC,382.9,374.35,385.3,374.35,380.15,5842105,380.71,382.85,282,382.9,1068,
2026-04-13T10:35:07.658,NC,NTPC,382.9,374.35,385.3,374.35,380.15,5842137,380.71,382.85,277,382.9,1041,
2026-04-13T10:35:08.639,NC,NTPC,382.9,374.35,385.3,374.35,380.15,5842191,380.71,382.85,237,382.9,967,
2026-04-13T10:35:09.826,NC,NTPC,382.9,374.35,385.3,374.35,380.15,5842200,380.71,382.85,237,382.9,988,
2026-04-13T10:35:10.838,NC,NTPC,382.9,374.35,385.3,374.35,380.15,5842252,380.71,382.85,237,382.9,876,
2026-04-13T10:35:11.838,NC,NTPC,382.9,374.35,385.3,374.35,380.15,5842253,380.71,382.85,237,382.9,875,
2026-04-13T10:35:12.847,NC,NTPC,382.9,374.35,385.3,374.35,380.15,5842306,380.71,382.85,237,382.9,883,
2026-04-13T10:35:13.939,NC,NTPC,382.85,374.35,385.3,374.35,380.15,5842544,380.71,382.8,94,382.9,2181,
2026-04-13T10:35:14.955,NC,NTPC,382.9,374.35,385.3,374.35,380.15,5842589,380.71,382.8,94,382.9,2136,
2026-04-13T10:35:16.042,NC,NTPC,382.9,374.35,385.3,374.35,380.15,5842617,380.71,382.85,500,382.9,1638,
2026-04-13T10:35:17.067,NC,NTPC,382.9,374.35,385.3,374.35,380.15,5842626,380.71,382.85,493,382.9,1697,
2026-04-13T10:35:18.048,NC,NTPC,382.9,374.35,385.3,374.35,380.15,5842684,380.71,382.85,443,382.9,796,
2026-04-13T10:35:19.049,NC,NTPC,382.85,374.35,385.3,374.35,380.15,5842740,380.71,382.85,388,382.9,734,
2026-04-13T10:35:20.149,NC,NTPC,382.9,374.35,385.3,374.35,380.15,5842809,380.71,382.85,336,382.9,717,
2026-04-13T10:35:21.263,NC,NTPC,382.9,374.35,385.3,374.35,380.15,5842811,380.71,382.85,346,382.9,776,
2026-04-13T10:35:23.359,NC,NTPC,382.9,374.35,385.3,374.35,380.15,5843854,380.71,382.9,743,382.95,559,
2026-04-13T10:35:24.470,NC,NTPC,382.95,374.35,385.3,374.35,380.15,5843911,380.71,382.9,742,382.95,292,
2026-04-13T10:35:25.554,NC,NTPC,382.95,374.35,385.3,374.35,380.15,5843914,380.71,382.9,742,382.95,456,
2026-04-13T10:35:26.454,NC,NTPC,383.0,374.35,385.3,374.35,380.15,5844504,380.71,382.95,558,383.0,3221,
2026-04-13T10:35:27.562,NC,NTPC,383.0,374.35,385.3,374.35,380.15,5844520,380.71,382.95,558,383.0,3327,
2026-04-13T10:35:28.657,NC,NTPC,383.0,374.35,385.3,374.35,380.15,5844553,380.71,382.95,557,383.0,3356,
2026-04-13T10:35:29.797,NC,NTPC,383.0,374.35,385.3,374.35,380.15,5844659,380.71,382.95,557,383.0,3189,
2026-04-13T10:35:30.774,NC,NTPC,383.0,374.35,385.3,374.35,380.15,5844661,380.71,382.95,557,383.0,3065,
2026-04-13T10:35:31.859,NC,NTPC,383.0,374.35,385.3,374.35,380.15,5844875,380.71,382.95,500,383.0,3011,
2026-04-13T10:35:32.860,NC,NTPC,383.0,374.35,385.3,374.35,380.15,5845592,380.71,382.95,500,383.0,2120,
2026-04-13T10:35:33.967,NC,NTPC,383.0,374.35,385.3,374.35,380.15,5845608,380.71,382.95,1004,383.0,1982,
2026-04-13T10:35:35.063,NC,NTPC,383.0,374.35,385.3,374.35,380.15,5845649,380.71,382.95,1000,383.0,2002,
2026-04-13T10:35:36.069,NC,NTPC,383.0,374.35,385.3,374.35,380.15,5846410,380.71,382.95,984,383.0,1259,
2026-04-13T10:35:39.970,NC,NTPC,383.0,374.35,385.3,374.35,380.15,5846855,380.71,382.95,984,383.0,753,
2026-04-13T10:35:45.776,NC,NTPC,383.05,374.35,385.3,374.35,380.15,5850269,380.71,383.0,1,383.05,1322,
2026-04-13T10:35:51.193,NC,NTPC,382.95,374.35,385.3,374.35,380.15,5852631,380.71,382.85,329,382.95,189,
2026-04-13T10:35:56.701,NC,NTPC,383.0,374.35,385.3,374.35,380.15,5854742,380.71,382.9,122,383.0,312,
2026-04-13T10:36:02.501,NC,NTPC,382.9,374.35,385.3,374.35,380.15,5855777,380.71,382.85,480,382.95,3,
2026-04-13T10:36:08.213,NC,NTPC,383.05,374.35,385.3,374.35,380.15,5856971,380.71,382.9,463,383.05,495,
2026-04-13T10:36:14.116,NC,NTPC,383.05,374.35,385.3,374.35,380.15,5857867,380.71,382.85,674,383.05,1374,
2026-04-13T10:36:20.037,NC,NTPC,382.8,374.35,385.3,374.35,380.15,5870174,380.72,382.8,792,383.0,2818,
2026-04-13T10:36:26.342,NC,NTPC,382.7,374.35,385.3,374.35,380.15,5876863,380.72,382.7,60,382.85,972,
2026-04-13T10:36:32.055,NC,NTPC,382.6,374.35,385.3,374.35,380.15,5883117,380.72,382.6,2823,382.8,1834,
2026-04-13T10:36:36.947,NC,NTPC,382.6,374.35,385.3,374.35,380.15,5885307,380.72,382.6,2687,382.8,980,
2026-04-13T10:36:38.070,NC,NTPC,382.6,374.35,385.3,374.35,380.15,5885635,380.72,382.6,1882,382.8,933,
2026-04-13T10:36:39.050,NC,NTPC,382.6,374.35,385.3,374.35,380.15,5885936,380.72,382.6,1747,382.8,1080,
2026-04-13T10:36:40.048,NC,NTPC,382.6,374.35,385.3,374.35,380.15,5886138,380.72,382.6,1604,382.8,1499,
2026-04-13T10:36:40.952,NC,NTPC,382.6,374.35,385.3,374.35,380.15,5886308,380.73,382.6,1464,382.8,1378,
2026-04-13T10:36:42.056,NC,NTPC,382.6,374.35,385.3,374.35,380.15,5886467,380.73,382.6,1811,382.8,1041,
2026-04-13T10:36:43.051,NC,NTPC,382.6,374.35,385.3,374.35,380.15,5886624,380.73,382.6,1676,382.8,1043,
2026-04-13T10:36:44.060,NC,NTPC,382.75,374.35,385.3,374.35,380.15,5887966,380.73,382.6,1633,382.75,3,
2026-04-13T10:36:45.058,NC,NTPC,382.8,374.35,385.3,374.35,380.15,5888125,380.73,382.65,1067,382.8,207,
2026-04-13T10:36:45.965,NC,NTPC,382.75,374.35,385.3,374.35,380.15,5888284,380.73,382.75,4,382.85,2573,
2026-04-13T10:36:47.059,NC,NTPC,382.65,374.35,385.3,374.35,380.15,5888434,380.73,382.7,345,382.8,1014,
2026-04-13T10:36:48.059,NC,NTPC,382.75,374.35,385.3,374.35,380.15,5891205,380.73,382.6,3349,382.75,990,
2026-04-13T10:36:49.063,NC,NTPC,382.75,374.35,385.3,374.35,380.15,5892727,380.73,382.6,3714,382.75,2597,
2026-04-13T10:36:50.164,NC,NTPC,382.6,374.35,385.3,374.35,380.15,5893227,380.73,382.6,3484,382.75,1397,
2026-04-13T10:36:51.269,NC,NTPC,382.6,374.35,385.3,374.35,380.15,5893399,380.73,382.6,3348,382.75,2067,
2026-04-13T10:36:52.174,NC,NTPC,382.6,374.35,385.3,374.35,380.15,5893559,380.73,382.6,3338,382.75,1261,
2026-04-13T10:36:53.279,NC,NTPC,382.65,374.35,385.3,374.35,380.15,5894131,380.73,382.65,290,382.75,711,
2026-04-13T10:36:54.278,NC,NTPC,382.6,374.35,385.3,374.35,380.15,5894353,380.73,382.6,3078,382.75,662,
2026-04-13T10:36:55.275,NC,NTPC,382.6,374.35,385.3,374.35,380.15,5894699,380.73,382.6,2788,382.75,808,
2026-04-13T10:36:56.292,NC,NTPC,382.6,374.35,385.3,374.35,380.15,5894898,380.73,382.6,2653,382.75,1411,
2026-04-13T10:36:57.374,NC,NTPC,382.7,374.35,385.3,374.35,380.15,5896916,380.73,382.6,988,382.7,1059,
2026-04-13T10:36:58.286,NC,NTPC,382.6,374.35,385.3,374.35,380.15,5897132,380.73,382.6,853,382.7,1050,
2026-04-13T10:36:59.375,NC,NTPC,382.6,374.35,385.3,374.35,380.15,5897293,380.73,382.6,718,382.7,1476,
2026-04-13T10:37:00.504,NC,NTPC,382.7,374.35,385.3,374.35,380.15,5897455,380.73,382.6,583,382.7,2394,
2026-04-13T10:37:01.587,NC,NTPC,382.6,374.35,385.3,374.35,380.15,5897637,380.73,382.6,448,382.7,1807,
2026-04-13T10:37:02.683,NC,NTPC,382.6,374.35,385.3,374.35,380.15,5897953,380.73,382.6,268,382.65,1019,
2026-04-13T10:37:03.784,NC,NTPC,382.55,374.35,385.3,374.35,380.15,5898282,380.73,382.55,285,382.65,900,
2026-04-13T10:37:04.906,NC,NTPC,382.65,374.35,385.3,374.35,380.15,5898928,380.73,382.55,149,382.65,3,
2026-04-13T10:37:05.894,NC,NTPC,382.55,374.35,385.3,374.35,380.15,5899166,380.73,382.6,165,382.7,3124,
2026-04-13T10:37:07.096,NC,NTPC,382.7,374.35,385.3,374.35,380.15,5899345,380.73,382.55,24,382.7,1685,
2026-04-13T10:37:08.101,NC,NTPC,382.7,374.35,385.3,374.35,380.15,5899816,380.73,382.5,2561,382.7,1665,
2026-04-13T10:37:09.205,NC,NTPC,382.55,374.35,385.3,374.35,380.15,5900070,380.73,382.55,1365,382.7,1836,
2026-04-13T10:37:10.204,NC,NTPC,382.55,374.35,385.3,374.35,380.15,5902751,380.73,382.55,3,382.6,1053,
2026-04-13T10:37:11.315,NC,NTPC,382.55,374.35,385.3,374.35,380.15,5903122,380.73,382.5,1592,382.55,170,
2026-04-13T10:37:12.323,NC,NTPC,382.5,374.35,385.3,374.35,380.15,5903683,380.73,382.5,1406,382.6,600,
2026-04-13T10:37:13.429,NC,NTPC,382.5,374.35,385.3,374.35,380.15,5903950,380.73,382.5,1266,382.6,129,
2026-04-13T10:37:14.617,NC,NTPC,382.5,374.35,385.3,374.35,380.15,5905256,380.73,382.4,3705,382.55,1033,
2026-04-13T10:37:15.626,NC,NTPC,382.5,374.35,385.3,374.35,380.15,5906658,380.73,382.5,40,382.6,2425,
2026-04-13T10:37:16.837,NC,NTPC,382.6,374.35,385.3,374.35,380.15,5906769,380.73,382.4,3700,382.6,2987,
2026-04-13T10:37:17.844,NC,NTPC,382.55,374.35,385.3,374.35,380.15,5906849,380.73,382.4,3655,382.55,420,
2026-04-13T10:37:18.933,NC,NTPC,382.4,374.35,385.3,374.35,380.15,5906917,380.73,382.4,3600,382.55,470,
2026-04-13T10:37:20.045,NC,NTPC,382.4,374.35,385.3,374.35,380.15,5906971,380.73,382.4,3555,382.55,257,
2026-04-13T10:37:21.156,NC,NTPC,382.4,374.35,385.3,374.35,380.15,5907392,380.73,382.4,3412,382.6,3216,
2026-04-13T10:37:22.237,NC,NTPC,382.4,374.35,385.3,374.35,380.15,5907439,380.73,382.4,3367,382.55,587,
2026-04-13T10:37:23.340,NC,NTPC,382.4,374.35,385.3,374.35,380.15,5907716,380.73,382.4,3322,382.55,355,
2026-04-13T10:37:24.339,NC,NTPC,382.4,374.35,385.3,374.35,380.15,5907784,380.73,382.4,3267,382.55,584,
2026-04-13T10:37:25.454,NC,NTPC,382.55,374.35,385.3,374.35,380.15,5907840,380.73,382.4,3227,382.55,1054,
2026-04-13T10:37:26.544,NC,NTPC,382.5,374.35,385.3,374.35,380.15,5909398,380.73,382.4,1877,382.5,237,
2026-04-13T10:37:27.646,NC,NTPC,382.5,374.35,385.3,374.35,380.15,5909433,380.73,382.4,2138,382.5,529,
2026-04-13T10:37:28.661,NC,NTPC,382.5,374.35,385.3,374.35,380.15,5909451,380.73,382.4,2124,382.5,529,
2026-04-13T10:37:29.749,NC,NTPC,382.5,374.35,385.3,374.35,380.15,5909624,380.73,382.4,1974,382.5,506,
2026-04-13T10:37:30.867,NC,NTPC,382.5,374.35,385.3,374.35,380.15,5909651,380.73,382.4,1974,382.5,480,
2026-04-13T10:37:31.860,NC,NTPC,382.5,374.35,385.3,374.35,380.15,5910684,380.73,382.4,1104,382.5,447,
2026-04-13T10:37:32.961,NC,NTPC,382.5,374.35,385.3,374.35,380.15,5910855,380.73,382.4,1102,382.5,278,
2026-04-13T10:37:34.049,NC,NTPC,382.5,374.35,385.3,374.35,380.15,5911040,380.73,382.4,1393,382.5,194,
2026-04-13T10:37:35.060,NC,NTPC,382.5,374.35,385.3,374.35,380.15,5911193,380.73,382.45,134,382.5,55,
2026-04-13T10:37:36.154,NC,NTPC,382.6,374.35,385.3,374.35,380.15,5911212,380.73,382.5,134,382.6,1459,
2026-04-13T10:37:37.362,NC,NTPC,382.5,374.35,385.3,374.35,380.15,5911408,380.73,382.4,871,382.5,127,
2026-04-13T10:37:38.463,NC,NTPC,382.5,374.35,385.3,374.35,380.15,5912499,380.73,382.5,15,382.55,1459,
2026-04-13T10:37:39.466,NC,NTPC,382.5,374.35,385.3,374.35,380.15,5912605,380.73,382.5,9,382.55,1359,
2026-04-13T10:37:40.562,NC,NTPC,382.55,374.35,385.3,374.35,380.15,5912669,380.73,382.5,17,382.55,1301,
2026-04-13T10:37:41.668,NC,NTPC,382.45,374.35,385.3,374.35,380.15,5912998,380.73,382.45,122,382.55,1123,
2026-04-13T10:37:42.667,NC,NTPC,382.55,374.35,385.3,374.35,380.15,5913078,380.73,382.4,1535,382.55,1043,
2026-04-13T10:37:43.805,NC,NTPC,382.55,374.35,385.3,374.35,380.15,5913141,380.73,382.4,1527,382.55,980,
2026-04-13T10:37:44.775,NC,NTPC,382.55,374.35,385.3,374.35,380.15,5913187,380.73,382.4,1543,382.55,934,
2026-04-13T10:37:45.785,NC,NTPC,382.5,374.35,385.3,374.35,380.15,5913245,380.73,382.45,20,382.5,68,
2026-04-13T10:37:46.785,NC,NTPC,382.55,374.35,385.3,374.35,380.15,5913561,380.73,382.4,1372,382.55,983,
2026-04-13T10:37:47.878,NC,NTPC,382.55,374.35,385.3,374.35,380.15,5913646,380.73,382.45,122,382.55,736,
2026-04-13T10:37:49.049,NC,NTPC,382.55,374.35,385.3,374.35,380.15,5913815,380.73,382.45,1396,382.55,517,
2026-04-13T10:37:50.084,NC,NTPC,382.55,374.35,385.3,374.35,380.15,5914398,380.73,382.55,1093,382.7,2399,
2026-04-13T10:37:51.098,NC,NTPC,382.7,374.35,385.3,374.35,380.15,5914895,380.73,382.55,1349,382.7,3,
2026-04-13T10:37:52.194,NC,NTPC,382.7,374.35,385.3,374.35,380.15,5914982,380.73,382.55,378,382.7,1427,
2026-04-13T10:37:53.301,NC,NTPC,382.7,374.35,385.3,374.35,380.15,5915937,380.73,382.55,378,382.7,2035,
2026-04-13T10:37:54.392,NC,NTPC,382.7,374.35,385.3,374.35,380.15,5916593,380.73,382.5,568,382.7,1466,
2026-04-13T10:37:55.503,NC,NTPC,382.7,374.35,385.3,374.35,380.15,5916796,380.73,382.55,1287,382.7,424,
2026-04-13T10:37:56.504,NC,NTPC,382.7,374.35,385.3,374.35,380.15,5916863,380.73,382.55,1510,382.7,357,
2026-04-13T10:37:57.496,NC,NTPC,382.7,374.35,385.3,374.35,380.15,5916919,380.73,382.55,1510,382.7,267,
2026-04-13T10:37:58.494,NC,NTPC,382.7,374.35,385.3,374.35,380.15,5916974,380.73,382.55,3409,382.7,212,
2026-04-13T10:37:59.594,NC,NTPC,382.7,374.35,385.3,374.35,380.15,5917030,380.73,382.55,3433,382.7,156,
2026-04-13T10:38:00.702,NC,NTPC,382.7,374.35,385.3,374.35,380.15,5917179,380.73,382.55,3383,382.7,157,
2026-04-13T10:38:01.795,NC,NTPC,382.75,374.35,385.3,374.35,380.15,5918246,380.74,382.65,878,382.75,2042,
2026-04-13T10:38:02.815,NC,NTPC,382.75,374.35,385.3,374.35,380.15,5918304,380.74,382.65,878,382.75,1984,
2026-04-13T10:38:03.904,NC,NTPC,382.75,374.35,385.3,374.35,380.15,5918360,380.74,382.65,878,382.75,1928,
2026-04-13T10:38:05.012,NC,NTPC,382.75,374.35,385.3,374.35,380.15,5918421,380.74,382.65,1097,382.75,1867,
2026-04-13T10:38:06.099,NC,NTPC,382.75,374.35,385.3,374.35,380.15,5918430,380.74,382.7,3,382.75,1826,
2026-04-13T10:38:07.216,NC,NTPC,382.75,374.35,385.3,374.35,380.15,5919590,380.74,382.7,434,382.75,667,
2026-04-13T10:38:08.101,NC,NTPC,382.75,374.35,385.3,374.35,380.15,5919798,380.74,382.7,434,382.75,459,
2026-04-13T10:38:09.210,NC,NTPC,382.75,374.35,385.3,374.35,380.15,5919855,380.74,382.7,3,382.75,402,
2026-04-13T10:38:10.204,NC,NTPC,382.65,374.35,385.3,374.35,380.15,5919903,380.74,382.65,757,382.75,393,
2026-04-13T10:38:11.208,NC,NTPC,382.75,374.35,385.3,374.35,380.15,5919911,380.74,382.65,1125,382.75,385,
2026-04-13T10:38:12.308,NC,NTPC,382.65,374.35,385.3,374.35,380.15,5920363,380.74,382.65,673,382.75,388,
2026-04-13T10:38:13.405,NC,NTPC,382.75,374.35,385.3,374.35,380.15,5920448,380.74,382.6,146,382.75,1226,
2026-04-13T10:38:14.527,NC,NTPC,382.75,374.35,385.3,374.35,380.15,5920863,380.74,382.75,538,382.8,349,
2026-04-13T10:38:15.619,NC,NTPC,382.65,374.35,385.3,374.35,380.15,5921449,380.74,382.5,1402,382.65,465,
2026-04-13T10:38:16.611,NC,NTPC,382.5,374.35,385.3,374.35,380.15,5921721,380.74,382.5,1352,382.65,310,
2026-04-13T10:38:17.612,NC,NTPC,382.5,374.35,385.3,374.35,380.15,5921811,380.74,382.5,1305,382.6,1589,
2026-04-13T10:38:18.614,NC,NTPC,382.6,374.35,385.3,374.35,380.15,5921880,380.74,382.5,1260,382.6,1693,
2026-04-13T10:38:19.616,NC,NTPC,382.3,374.35,385.3,374.35,380.15,5925216,380.74,382.3,1907,382.4,1683,
2026-04-13T10:38:20.524,NC,NTPC,382.4,374.35,385.3,374.35,380.15,5925385,380.74,382.3,362,382.4,1602,
2026-04-13T10:38:21.525,NC,NTPC,382.35,374.35,385.3,374.35,380.15,5927061,380.74,382.35,312,382.5,1286,
2026-04-13T10:38:22.640,NC,NTPC,382.5,374.35,385.3,374.35,380.15,5927509,380.74,382.35,1518,382.5,883,
2026-04-13T10:38:23.656,NC,NTPC,382.3,374.35,385.3,374.35,380.15,5927736,380.74,382.3,2275,382.5,2184,
2026-04-13T10:38:24.623,NC,NTPC,382.3,374.35,385.3,374.35,380.15,5927814,380.74,382.3,2230,382.5,2151,
2026-04-13T10:38:25.623,NC,NTPC,382.3,374.35,385.3,374.35,380.15,5927875,380.74,382.3,2185,382.5,2135,
2026-04-13T10:38:26.631,NC,NTPC,382.5,374.35,385.3,374.35,380.15,5927957,380.74,382.35,109,382.5,2098,
2026-04-13T10:38:27.624,NC,NTPC,382.35,374.35,385.3,374.35,380.15,5928014,380.74,382.35,64,382.5,2086,
2026-04-13T10:38:28.630,NC,NTPC,382.5,374.35,385.3,374.35,380.15,5928190,380.74,382.3,2349,382.5,1955,
2026-04-13T10:38:29.733,NC,NTPC,382.3,374.35,385.3,374.35,380.15,5928262,380.74,382.3,2133,382.5,1928,
2026-04-13T10:38:30.731,NC,NTPC,382.5,374.35,385.3,374.35,380.15,5928326,380.74,382.3,2088,382.5,1963,
2026-04-13T10:38:31.736,NC,NTPC,382.5,374.35,385.3,374.35,380.15,5928507,380.74,382.45,3,382.5,1978,
2026-04-13T10:38:32.742,NC,NTPC,382.3,374.35,385.3,374.35,380.15,5928587,380.74,382.3,1880,382.5,1968,
2026-04-13T10:38:33.837,NC,NTPC,382.3,374.35,385.3,374.35,380.15,5930773,380.74,382.2,270,382.3,6201,
2026-04-13T10:38:34.943,NC,NTPC,382.3,374.35,385.3,374.35,380.15,5931196,380.74,382.25,4,382.3,5695,
2026-04-13T10:38:36.037,NC,NTPC,382.2,374.35,385.3,374.35,380.15,5931410,380.74,382.2,308,382.3,5531,
2026-04-13T10:38:40.846,NC,NTPC,382.3,374.35,385.3,374.35,380.15,5932938,380.74,382.1,3223,382.3,5759,
2026-04-13T10:38:46.364,NC,NTPC,382.1,374.35,385.3,374.35,380.15,5934892,380.74,382.1,2900,382.3,5164,
2026-04-13T10:38:51.794,NC,NTPC,382.3,374.35,385.3,374.35,380.15,5936370,380.74,382.1,589,382.2,450,
2026-04-13T10:38:57.096,NC,NTPC,382.6,374.35,385.3,374.35,380.15,5947392,380.74,382.4,999,382.6,1082,
2026-04-13T10:39:03.006,NC,NTPC,382.7,374.35,385.3,374.35,380.15,5949333,380.74,382.6,138,382.7,86,
2026-04-13T10:39:08.907,NC,NTPC,382.7,374.35,385.3,374.35,380.15,5952194,380.74,382.65,224,382.7,21,
2026-04-13T10:39:14.819,NC,NTPC,382.8,374.35,385.3,374.35,380.15,5956173,380.75,382.75,390,382.8,445,
2026-04-13T10:39:20.651,NC,NTPC,382.8,374.35,385.3,374.35,380.15,5956411,380.75,382.7,10,382.8,345,
2026-04-13T10:39:26.536,NC,NTPC,382.9,374.35,385.3,374.35,380.15,5956984,380.75,382.8,1065,382.9,647,
2026-04-13T10:39:32.558,NC,NTPC,383.0,374.35,385.3,374.35,380.15,5958682,380.75,382.8,1588,383.0,4189,
2026-04-13T10:39:37.143,NC,NTPC,382.9,374.35,385.3,374.35,380.15,5960240,380.75,382.8,873,382.9,319,
2026-04-13T10:39:38.143,NC,NTPC,382.9,374.35,385.3,374.35,380.15,5960321,380.75,382.8,458,382.9,366,
2026-04-13T10:39:39.309,NC,NTPC,382.9,374.35,385.3,374.35,380.15,5960375,380.75,382.8,1181,382.9,312,
2026-04-13T10:39:40.247,NC,NTPC,382.9,374.35,385.3,374.35,380.15,5960429,380.75,382.8,1181,382.9,258,
2026-04-13T10:39:41.163,NC,NTPC,382.9,374.35,385.3,374.35,380.15,5960491,380.75,382.8,1174,382.9,156,
2026-04-13T10:39:42.168,NC,NTPC,382.9,374.35,385.3,374.35,380.15,5960547,380.75,382.8,1319,382.9,19,
2026-04-13T10:39:43.249,NC,NTPC,382.95,374.35,385.3,374.35,380.15,5960600,380.75,382.8,1371,382.95,1469,
2026-04-13T10:39:44.370,NC,NTPC,382.95,374.35,385.3,374.35,380.15,5960659,380.75,382.9,52,382.95,1282,
2026-04-13T10:39:45.354,NC,NTPC,382.95,374.35,385.3,374.35,380.15,5960714,380.75,382.9,52,382.95,1227,
2026-04-13T10:39:46.454,NC,NTPC,382.95,374.35,385.3,374.35,380.15,5963402,380.75,382.85,1618,383.0,1758,
2026-04-13T10:39:47.466,NC,NTPC,383.0,374.35,385.3,374.35,380.15,5963447,380.75,382.85,1618,383.0,1713,
2026-04-13T10:39:48.460,NC,NTPC,383.0,374.35,385.3,374.35,380.15,5963842,380.75,382.85,1787,383.0,1319,
2026-04-13T10:39:49.559,NC,NTPC,383.0,374.35,385.3,374.35,380.15,5963902,380.75,382.85,344,383.0,1512,
2026-04-13T10:39:50.662,NC,NTPC,383.0,374.35,385.3,374.35,380.15,5964069,380.75,382.85,244,383.0,1386,
2026-04-13T10:39:51.867,NC,NTPC,383.0,374.35,385.3,374.35,380.15,5964152,380.75,382.85,244,383.0,1362,
2026-04-13T10:39:52.773,NC,NTPC,383.0,374.35,385.3,374.35,380.15,5964377,380.75,382.85,489,382.95,15,
2026-04-13T10:39:53.862,NC,NTPC,383.05,374.35,385.3,374.35,380.15,5965510,380.75,383.0,268,383.05,907,
2026-04-13T10:39:54.963,NC,NTPC,383.0,374.35,385.3,374.35,380.15,5965642,380.75,383.0,348,383.05,4,
2026-04-13T10:39:56.067,NC,NTPC,383.05,374.35,385.3,374.35,380.15,5966243,380.75,383.05,130,383.1,1354,
2026-04-13T10:39:57.262,NC,NTPC,383.1,374.35,385.3,374.35,380.15,5966518,380.75,382.9,1425,383.1,1182,
2026-04-13T10:39:58.290,NC,NTPC,383.1,374.35,385.3,374.35,380.15,5966596,380.75,382.9,1367,383.1,1022,
2026-04-13T10:39:59.368,NC,NTPC,383.1,374.35,385.3,374.35,380.15,5966786,380.75,382.9,1564,383.0,10,
2026-04-13T10:40:00.486,NC,NTPC,383.1,374.35,385.3,374.35,380.15,5966841,380.75,383.0,1377,383.1,1353,
2026-04-13T10:40:01.570,NC,NTPC,383.1,374.35,385.3,374.35,380.15,5967049,380.75,383.0,1545,383.1,1344,
2026-04-13T10:40:02.784,NC,NTPC,383.1,374.35,385.3,374.35,380.15,5967151,380.75,383.0,2045,383.1,1242,
2026-04-13T10:40:03.772,NC,NTPC,383.1,374.35,385.3,374.35,380.15,5967207,380.75,383.05,237,383.1,1186,
2026-04-13T10:40:04.882,NC,NTPC,383.1,374.35,385.3,374.35,380.15,5967677,380.75,383.1,124,383.2,560,
2026-04-13T10:40:05.990,NC,NTPC,383.1,374.35,385.3,374.35,380.15,5967834,380.75,383.1,726,383.2,444,
2026-04-13T10:40:07.103,NC,NTPC,383.2,374.35,385.3,374.35,380.15,5967923,380.75,383.05,607,383.2,371,
2026-04-13T10:40:08.189,NC,NTPC,383.2,374.35,385.3,374.35,380.15,5968098,380.75,383.1,1760,383.2,196,
2026-04-13T10:40:09.284,NC,NTPC,383.2,374.35,385.3,374.35,380.15,5968114,380.75,383.1,1760,383.2,180,
2026-04-13T10:40:10.310,NC,NTPC,383.25,374.35,385.3,374.35,380.15,5968666,380.75,383.15,150,383.25,474,
2026-04-13T10:40:11.326,NC,NTPC,383.25,374.35,385.3,374.35,380.15,5968749,380.75,383.2,1,383.25,452,
2026-04-13T10:40:12.397,NC,NTPC,383.25,374.35,385.3,374.35,380.15,5969113,380.75,383.1,500,383.25,4100,
2026-04-13T10:40:13.512,NC,NTPC,383.15,374.35,385.3,374.35,380.15,5970168,380.75,383.05,100,383.15,3100,
2026-04-13T10:40:14.510,NC,NTPC,383.0,374.35,385.3,374.35,380.15,5971077,380.75,382.9,100,383.05,2638,
2026-04-13T10:40:15.504,NC,NTPC,383.05,374.35,385.3,374.35,380.15,5971183,380.75,382.9,90,383.05,2610,
2026-04-13T10:40:16.610,NC,NTPC,383.05,374.35,385.3,374.35,380.15,5971356,380.75,383.0,4,383.05,1486,
2026-04-13T10:40:17.710,NC,NTPC,383.05,374.35,385.3,374.35,380.15,5971653,380.75,383.0,3,383.05,613,
2026-04-13T10:40:18.810,NC,NTPC,382.9,374.35,385.3,374.35,380.15,5972017,380.75,382.9,655,383.05,245,
2026-04-13T10:40:19.828,NC,NTPC,383.05,374.35,385.3,374.35,380.15,5972069,380.75,382.9,655,383.05,193,
2026-04-13T10:40:20.822,NC,NTPC,383.05,374.35,385.3,374.35,380.15,5972079,380.75,382.9,655,383.05,354,
2026-04-13T10:40:22.918,NC,NTPC,382.9,374.35,385.3,374.35,380.15,5972249,380.75,382.9,654,383.05,91,
2026-04-13T10:40:23.923,NC,NTPC,383.05,374.35,385.3,374.35,380.15,5972573,380.75,382.85,1292,383.05,1144,
2026-04-13T10:40:24.922,NC,NTPC,382.85,374.35,385.3,374.35,380.15,5972720,380.75,382.85,1502,383.05,95,
2026-04-13T10:40:26.031,NC,NTPC,383.0,374.35,385.3,374.35,380.15,5972872,380.75,383.0,41,383.05,228,
2026-04-13T10:40:27.031,NC,NTPC,383.05,374.35,385.3,374.35,380.15,5972897,380.75,383.0,41,383.05,75,
2026-04-13T10:40:28.169,NC,NTPC,383.05,374.35,385.3,374.35,380.15,5973125,380.75,382.85,1482,383.05,1162,
2026-04-13T10:40:29.131,NC,NTPC,383.05,374.35,385.3,374.35,380.15,5973156,380.75,382.85,1482,383.05,1188,
2026-04-13T10:40:30.238,NC,NTPC,383.05,374.35,385.3,374.35,380.15,5973197,380.75,382.85,921,383.05,1914,
2026-04-13T10:40:31.347,NC,NTPC,383.0,374.35,385.3,374.35,380.15,5973227,380.75,382.85,370,383.0,509,
2026-04-13T10:40:32.437,NC,NTPC,383.0,374.35,385.3,374.35,380.15,5973233,380.75,382.85,370,383.0,555,
2026-04-13T10:40:33.446,NC,NTPC,383.0,374.35,385.3,374.35,380.15,5974239,380.75,382.85,370,383.0,516,
2026-04-13T10:40:34.437,NC,NTPC,382.75,374.35,385.3,374.35,380.15,5975109,380.75,382.7,10,382.85,2487,
2026-04-13T10:40:35.546,NC,NTPC,382.85,374.35,385.3,374.35,380.15,5975242,380.75,382.7,10,382.85,2714,
2026-04-13T10:40:36.658,NC,NTPC,382.85,374.35,385.3,374.35,380.15,5975262,380.75,382.7,10,382.85,2160,
2026-04-13T10:40:42.162,NC,NTPC,382.7,374.35,385.3,374.35,380.15,5975405,380.75,382.7,5,382.85,1008,
2026-04-13T10:40:47.661,NC,NTPC,382.75,374.35,385.3,374.35,380.15,5975757,380.75,382.7,17,382.75,249,
2026-04-13T10:40:53.268,NC,NTPC,382.7,374.35,385.3,374.35,380.15,5976011,380.75,382.55,1042,382.7,13,
2026-04-13T10:40:59.080,NC,NTPC,382.7,374.35,385.3,374.35,380.15,5976514,380.75,382.5,1257,382.75,3375,
2026-04-13T10:41:04.784,NC,NTPC,382.65,374.35,385.3,374.35,380.15,5976567,380.75,382.65,3,382.7,1202,
2026-04-13T10:41:10.497,NC,NTPC,382.7,374.35,385.3,374.35,380.15,5977597,380.75,382.55,244,382.7,743,
2026-04-13T10:41:16.335,NC,NTPC,382.65,374.35,385.3,374.35,380.15,5977957,380.75,382.65,3,382.7,130,
2026-04-13T10:41:22.254,NC,NTPC,382.55,374.35,385.3,374.35,380.15,5978304,380.75,382.55,960,382.7,1625,
2026-04-13T10:41:27.929,NC,NTPC,382.7,374.35,385.3,374.35,380.15,5978695,380.75,382.55,4015,382.7,1274,
2026-04-13T10:41:33.432,NC,NTPC,382.7,374.35,385.3,374.35,380.15,5979677,380.75,382.65,25,382.7,2091,
2026-04-13T10:41:39.536,NC,NTPC,382.05,374.35,385.3,374.35,380.15,5987693,380.76,382.05,598,382.2,709,
2026-04-13T10:41:46.651,NC,NTPC,381.85,374.35,385.3,374.35,380.15,6010208,380.76,381.8,132,381.9,783,
2026-04-13T10:41:53.752,NC,NTPC,381.6,374.35,385.3,374.35,380.15,6018780,380.76,381.6,678,381.75,1083,
2026-04-13T10:42:00.660,NC,NTPC,381.9,374.35,385.3,374.35,380.15,6024137,380.76,381.8,1539,381.9,75,
2026-04-13T10:42:07.264,NC,NTPC,381.9,374.35,385.3,374.35,380.15,6026450,380.76,381.8,1612,381.9,725,
2026-04-13T10:42:13.878,NC,NTPC,382.0,374.35,385.3,374.35,380.15,6028862,380.76,381.75,925,381.85,3,
2026-04-13T10:42:20.395,NC,NTPC,381.95,374.35,385.3,374.35,380.15,6034295,380.77,381.85,4,381.95,327,
2026-04-13T10:42:26.592,NC,NTPC,382.0,374.35,385.3,374.35,380.15,6037120,380.77,381.9,3,382.0,994,
2026-04-13T10:42:32.594,NC,NTPC,382.05,374.35,385.3,374.35,380.15,6038441,380.77,382.0,414,382.05,1459,
2026-04-13T10:42:38.448,NC,NTPC,382.1,374.35,385.3,374.35,380.15,6039983,380.77,382.0,118,382.1,1134,
2026-04-13T10:42:44.402,NC,NTPC,382.0,374.35,385.3,374.35,380.15,6042026,380.77,381.95,20,382.0,95,
2026-04-13T10:42:50.071,NC,NTPC,381.95,374.35,385.3,374.35,380.15,6043001,380.77,381.95,52,382.1,73,
2026-04-13T10:42:55.781,NC,NTPC,382.15,374.35,385.3,374.35,380.15,6043485,380.77,382.1,17,382.15,502,
2026-04-13T10:43:01.392,NC,NTPC,382.15,374.35,385.3,374.35,380.15,6044124,380.77,382.05,51,382.15,84,
2026-04-13T10:43:07.326,NC,NTPC,382.2,374.35,385.3,374.35,380.15,6044469,380.77,382.05,122,382.2,1036,
2026-04-13T10:43:13.515,NC,NTPC,382.15,374.35,385.3,374.35,380.15,6044907,380.77,382.05,122,382.15,286,
2026-04-13T10:43:19.618,NC,NTPC,382.2,374.35,385.3,374.35,380.15,6045656,380.77,382.0,1285,382.2,2135,
2026-04-13T10:43:25.525,NC,NTPC,382.2,374.35,385.3,374.35,380.15,6046051,380.77,382.05,888,382.2,1841,
2026-04-13T10:43:31.426,NC,NTPC,382.3,374.35,385.3,374.35,380.15,6049127,380.77,382.3,15,382.35,54,
2026-04-13T10:43:37.247,NC,NTPC,382.3,374.35,385.3,374.35,380.15,6050907,380.77,382.3,13,382.4,1935,
2026-04-13T10:43:43.353,NC,NTPC,382.3,374.35,385.3,374.35,380.15,6051716,380.77,382.3,332,382.45,593,
2026-04-13T10:43:48.971,NC,NTPC,382.45,374.35,385.3,374.35,380.15,6051803,380.77,382.4,6,382.45,874,
2026-04-13T10:43:54.373,NC,NTPC,382.45,374.35,385.3,374.35,380.15,6051998,380.77,382.4,6,382.45,296,
2026-04-13T10:43:59.771,NC,NTPC,382.45,374.35,385.3,374.35,380.15,6052298,380.77,382.45,30,382.5,1047,
2026-04-13T10:44:05.480,NC,NTPC,382.55,374.35,385.3,374.35,380.15,6052968,380.77,382.5,2,382.55,210,
2026-04-13T10:44:11.490,NC,NTPC,382.6,374.35,385.3,374.35,380.15,6053197,380.77,382.55,229,382.6,758,
2026-04-13T10:44:17.496,NC,NTPC,381.95,374.35,385.3,374.35,380.15,6065917,380.77,381.85,1,381.95,276,
2026-04-13T10:44:23.406,NC,NTPC,382.0,374.35,385.3,374.35,380.15,6066412,380.77,382.0,8,382.05,130,
2026-04-13T10:44:29.014,NC,NTPC,381.8,374.35,385.3,374.35,380.15,6069038,380.77,381.85,915,382.05,1606,
2026-04-13T10:44:34.534,NC,NTPC,382.05,374.35,385.3,374.35,380.15,6069485,380.77,382.0,2,382.05,1048,
2026-04-13T10:44:40.429,NC,NTPC,382.05,374.35,385.3,374.35,380.15,6070404,380.77,381.9,113,382.05,436,
2026-04-13T10:44:46.337,NC,NTPC,382.0,374.35,385.3,374.35,380.15,6070660,380.77,381.9,469,382.0,19,
2026-04-13T10:44:51.960,NC,NTPC,382.0,374.35,385.3,374.35,380.15,6071067,380.77,381.9,98,382.0,521,
2026-04-13T10:44:57.673,NC,NTPC,382.0,374.35,385.3,374.35,380.15,6071662,380.77,381.85,1586,382.0,234,
2026-04-13T10:45:03.794,NC,NTPC,382.0,374.35,385.3,374.35,380.15,6071957,380.77,381.85,1184,382.0,89,
2026-04-13T10:45:09.910,NC,NTPC,382.1,374.35,385.3,374.35,380.15,6073111,380.77,381.9,484,382.1,476,
2026-04-13T10:45:16.116,NC,NTPC,382.0,374.35,385.3,374.35,380.15,6073331,380.77,381.95,282,382.0,4606,
2026-04-13T10:45:22.206,NC,NTPC,382.0,374.35,385.3,374.35,380.15,6074124,380.77,381.9,870,382.0,2360,
2026-04-13T10:45:28.316,NC,NTPC,381.9,374.35,385.3,374.35,380.15,6075320,380.78,381.85,673,381.9,196,
2026-04-13T10:45:34.640,NC,NTPC,381.95,374.35,385.3,374.35,380.15,6088675,380.78,381.9,132,381.95,32,
2026-04-13T10:45:40.872,NC,NTPC,382.0,374.35,385.3,374.35,380.15,6090606,380.78,382.0,1213,382.1,6,
2026-04-13T10:45:46.442,NC,NTPC,382.2,374.35,385.3,374.35,380.15,6092770,380.78,382.1,5,382.2,1328,
2026-04-13T10:45:52.054,NC,NTPC,382.0,374.35,385.3,374.35,380.15,6093243,380.78,382.0,58,382.1,149,
2026-04-13T10:45:57.574,NC,NTPC,382.1,374.35,385.3,374.35,380.15,6093867,380.78,382.0,377,382.1,128,
2026-04-13T10:46:03.367,NC,NTPC,382.1,374.35,385.3,374.35,380.15,6094118,380.78,382.0,483,382.1,348,
2026-04-13T10:46:09.561,NC,NTPC,382.0,374.35,385.3,374.35,380.15,6094751,380.78,382.0,568,382.15,1343,
2026-04-13T10:46:15.668,NC,NTPC,382.15,374.35,385.3,374.35,380.15,6101038,380.78,382.1,116,382.15,149,
2026-04-13T10:46:21.689,NC,NTPC,382.0,374.35,385.3,374.35,380.15,6103318,380.78,382.0,1566,382.15,402,
2026-04-13T10:46:27.692,NC,NTPC,382.15,374.35,385.3,374.35,380.15,6104534,380.78,382.0,1131,382.15,814,
2026-04-13T10:46:33.701,NC,NTPC,382.1,374.35,385.3,374.35,380.15,6104961,380.78,382.1,4,382.15,702,
2026-04-13T10:46:39.438,NC,NTPC,382.15,374.35,385.3,374.35,380.15,6106448,380.78,382.05,603,382.15,12,
2026-04-13T10:46:45.112,NC,NTPC,382.2,374.35,385.3,374.35,380.15,6106738,380.78,382.05,2668,382.2,80,
2026-04-13T10:46:50.912,NC,NTPC,382.2,374.35,385.3,374.35,380.15,6106814,380.78,382.2,50,382.35,2153,
2026-04-13T10:46:57.026,NC,NTPC,382.25,374.35,385.3,374.35,380.15,6107079,380.78,382.05,1052,382.25,554,
2026-04-13T10:47:03.336,NC,NTPC,382.2,374.35,385.3,374.35,380.15,6107847,380.78,382.1,1,382.2,1120,
2026-04-13T10:47:09.761,NC,NTPC,382.2,374.35,385.3,374.35,380.15,6108289,380.78,382.1,1,382.2,1223,
2026-04-13T10:47:16.255,NC,NTPC,382.15,374.35,385.3,374.35,380.15,6108594,380.78,382.05,1615,382.15,180,
2026-04-13T10:47:22.363,NC,NTPC,382.2,374.35,385.3,374.35,380.15,6109586,380.78,382.1,1572,382.15,1431,
2026-04-13T10:47:28.570,NC,NTPC,382.15,374.35,385.3,374.35,380.15,6112562,380.78,382.1,1630,382.15,464,
2026-04-13T10:47:34.789,NC,NTPC,382.1,374.35,385.3,374.35,380.15,6114611,380.78,382.05,1611,382.1,263,
2026-04-13T10:47:41.086,NC,NTPC,382.1,374.35,385.3,374.35,380.15,6115055,380.78,382.1,64,382.15,295,
2026-04-13T10:47:46.989,NC,NTPC,382.15,374.35,385.3,374.35,380.15,6115849,380.78,382.15,505,382.2,729,
2026-04-13T10:47:52.805,NC,NTPC,382.2,374.35,385.3,374.35,380.15,6116302,380.78,382.2,1520,382.35,145,
2026-04-13T10:47:58.913,NC,NTPC,382.2,374.35,385.3,374.35,380.15,6116579,380.78,382.2,1358,382.3,1203,
2026-04-13T10:48:04.732,NC,NTPC,382.3,374.35,385.3,374.35,380.15,6117145,380.78,382.2,1378,382.3,680,
2026-04-13T10:48:11.027,NC,NTPC,382.3,374.35,385.3,374.35,380.15,6117555,380.78,382.25,102,382.3,416,
2026-04-13T10:48:17.255,NC,NTPC,382.3,374.35,385.3,374.35,380.15,6118144,380.78,382.3,1321,382.35,457,
2026-04-13T10:48:23.247,NC,NTPC,382.35,374.35,385.3,374.35,380.15,6118682,380.78,382.35,1581,382.5,2577,
2026-04-13T10:48:29.262,NC,NTPC,382.45,374.35,385.3,374.35,380.15,6119183,380.78,382.35,137,382.45,511,
2026-04-13T10:48:35.059,NC,NTPC,382.6,374.35,385.3,374.35,380.15,6121573,380.79,382.5,263,382.6,1330,
2026-04-13T10:48:41.068,NC,NTPC,382.6,374.35,385.3,374.35,380.15,6124107,380.79,382.6,3024,382.7,139,
2026-04-13T10:48:47.178,NC,NTPC,382.5,374.35,385.3,374.35,380.15,6139562,380.79,382.35,998,382.5,691,
2026-04-13T10:48:53.076,NC,NTPC,382.4,374.35,385.3,374.35,380.15,6141722,380.79,382.35,10,382.4,546,
2026-04-13T10:48:58.898,NC,NTPC,382.4,374.35,385.3,374.35,380.15,6141922,380.79,382.3,1301,382.35,70,
2026-04-13T10:49:04.706,NC,NTPC,382.35,374.35,385.3,374.35,380.15,6142691,380.79,382.3,1200,382.35,279,
2026-04-13T10:49:11.325,NC,NTPC,382.2,374.35,385.3,374.35,380.15,6144239,380.79,382.15,394,382.2,135,
2026-04-13T10:49:18.018,NC,NTPC,382.1,374.35,385.3,374.35,380.15,6145118,380.79,382.05,4799,382.1,158,
2026-04-13T10:49:24.423,NC,NTPC,382.15,374.35,385.3,374.35,380.15,6145843,380.79,382.15,510,382.2,1000,
2026-04-13T10:49:30.638,NC,NTPC,382.1,374.35,385.3,374.35,380.15,6147674,380.79,382.15,52,382.25,39,
2026-04-13T10:49:36.872,NC,NTPC,382.25,374.35,385.3,374.35,380.15,6148022,380.79,382.25,1,382.3,13,
2026-04-13T10:49:42.890,NC,NTPC,382.35,374.35,385.3,374.35,380.15,6148600,380.79,382.3,537,382.4,6,
2026-04-13T10:49:48.967,NC,NTPC,382.4,374.35,385.3,374.35,380.15,6149137,380.79,382.3,636,382.4,14,
2026-04-13T10:49:54.974,NC,NTPC,382.85,374.35,385.3,374.35,380.15,6317035,380.85,382.8,380,382.85,193,
2026-04-13T10:50:00.774,NC,NTPC,382.65,374.35,385.3,374.35,380.15,6328992,380.85,382.65,371,382.8,1418,
2026-04-13T10:50:06.776,NC,NTPC,382.8,374.35,385.3,374.35,380.15,6334970,380.86,382.65,1838,382.8,13,
2026-04-13T10:50:12.518,NC,NTPC,382.8,374.35,385.3,374.35,380.15,6335089,380.86,382.65,1867,382.8,42,
2026-04-13T10:50:18.745,NC,NTPC,382.9,374.35,385.3,374.35,380.15,6338808,380.86,382.75,3,382.9,1227,
2026-04-13T10:50:24.735,NC,NTPC,382.8,374.35,385.3,374.35,380.15,6339276,380.86,382.7,31,382.8,1200,
2026-04-13T10:50:31.137,NC,NTPC,382.8,374.35,385.3,374.35,380.15,6339498,380.86,382.65,1785,382.8,1927,
2026-04-13T10:50:36.740,NC,NTPC,382.8,374.35,385.3,374.35,380.15,6339700,380.86,382.75,724,382.8,797,
2026-04-13T10:50:37.845,NC,NTPC,382.8,374.35,385.3,374.35,380.15,6339812,380.86,382.75,673,382.8,737,
2026-04-13T10:50:38.946,NC,NTPC,382.8,374.35,385.3,374.35,380.15,6339833,380.86,382.75,672,382.8,719,
2026-04-13T10:50:40.049,NC,NTPC,382.8,374.35,385.3,374.35,380.15,6339836,380.86,382.75,671,382.8,718,
2026-04-13T10:50:41.148,NC,NTPC,382.85,374.35,385.3,374.35,380.15,6340613,380.86,382.85,1446,382.9,1853,
2026-04-13T10:50:42.252,NC,NTPC,382.85,374.35,385.3,374.35,380.15,6340752,380.86,382.85,1801,382.9,380,
2026-04-13T10:50:43.351,NC,NTPC,382.9,374.35,385.3,374.35,380.15,6341347,380.86,382.9,1914,383.0,1626,
2026-04-13T10:50:44.453,NC,NTPC,383.0,374.35,385.3,374.35,380.15,6341432,380.86,382.9,1914,383.0,1284,
2026-04-13T10:50:45.563,NC,NTPC,383.0,374.35,385.3,374.35,380.15,6341434,380.86,382.9,1914,383.0,1283,
2026-04-13T10:50:46.457,NC,NTPC,383.0,374.35,385.3,374.35,380.15,6341563,380.86,382.9,2078,383.0,1155,
2026-04-13T10:50:47.584,NC,NTPC,383.0,374.35,385.3,374.35,380.15,6341586,380.86,382.9,2078,383.0,1135,
2026-04-13T10:50:48.663,NC,NTPC,383.0,374.35,385.3,374.35,380.15,6342372,380.86,382.9,2794,383.0,358,
2026-04-13T10:50:49.763,NC,NTPC,383.0,374.35,385.3,374.35,380.15,6342640,380.86,382.9,2794,383.0,193,
2026-04-13T10:50:50.965,NC,NTPC,383.0,374.35,385.3,374.35,380.15,6342665,380.86,382.95,656,383.0,128,
2026-04-13T10:50:51.970,NC,NTPC,383.0,374.35,385.3,374.35,380.15,6342977,380.86,382.95,386,383.0,1533,
2026-04-13T10:50:52.970,NC,NTPC,382.95,374.35,385.3,374.35,380.15,6343738,380.86,382.9,1205,382.95,865,
2026-04-13T10:50:54.170,NC,NTPC,382.95,374.35,385.3,374.35,380.15,6343889,380.86,382.9,1190,382.95,735,
2026-04-13T10:50:57.380,NC,NTPC,382.95,374.35,385.3,374.35,380.15,6343899,380.86,382.9,1190,382.95,704,
2026-04-13T10:50:58.472,NC,NTPC,382.9,374.35,385.3,374.35,380.15,6343968,380.86,382.9,1123,382.95,640,
2026-04-13T10:50:59.578,NC,NTPC,383.05,374.35,385.3,374.35,380.15,6482843,380.9,383.0,1998,383.1,135,
2026-04-13T10:51:00.678,NC,NTPC,383.05,374.35,385.3,374.35,380.15,6484171,380.9,383.05,764,383.2,1625,
2026-04-13T10:51:01.912,NC,NTPC,383.2,374.35,385.3,374.35,380.15,6485785,380.9,383.2,24,383.25,120,
2026-04-13T10:51:02.887,NC,NTPC,383.05,374.35,385.3,374.35,380.15,6486991,380.91,383.05,721,383.2,19,
2026-04-13T10:51:03.886,NC,NTPC,383.1,374.35,385.3,374.35,380.15,6487203,380.91,383.05,966,383.1,95,
2026-04-13T10:51:04.879,NC,NTPC,383.1,374.35,385.3,374.35,380.15,6488587,380.91,383.0,2150,383.2,1484,
2026-04-13T10:51:05.980,NC,NTPC,383.2,374.35,385.3,374.35,380.15,6490035,380.91,383.2,129,383.3,124,
2026-04-13T10:51:07.084,NC,NTPC,383.1,374.35,385.3,374.35,380.15,6491609,380.91,383.1,1862,383.2,98,
2026-04-13T10:51:08.184,NC,NTPC,383.1,374.35,385.3,374.35,380.15,6493831,380.91,383.1,1126,383.2,73,
2026-04-13T10:51:09.384,NC,NTPC,383.1,374.35,385.3,374.35,380.15,6495842,380.91,383.1,1436,383.2,50,
2026-04-13T10:51:10.287,NC,NTPC,383.15,374.35,385.3,374.35,380.15,6497335,380.91,383.15,97,383.2,30,
2026-04-13T10:51:11.385,NC,NTPC,383.2,374.35,385.3,374.35,380.15,6498825,380.91,383.2,630,383.35,55,
2026-04-13T10:51:12.491,NC,NTPC,383.4,374.35,385.3,374.35,380.15,6500260,380.91,383.35,1863,383.45,23,
2026-04-13T10:51:13.585,NC,NTPC,383.5,374.35,385.3,374.35,380.15,6500439,380.91,383.45,16,383.5,1902,
2026-04-13T10:51:14.690,NC,NTPC,383.5,374.35,385.3,374.35,380.15,6500560,380.91,383.45,16,383.5,1784,
2026-04-13T10:51:15.792,NC,NTPC,383.45,374.35,385.3,374.35,380.15,6501409,380.91,383.35,52,383.45,1081,
2026-04-13T10:51:16.807,NC,NTPC,383.5,374.35,385.3,374.35,380.15,6502626,380.91,383.45,1,383.5,1474,
2026-04-13T10:51:17.991,NC,NTPC,383.5,374.35,385.3,374.35,380.15,6502811,380.91,383.45,1,383.5,1204,
2026-04-13T10:51:18.993,NC,NTPC,383.5,374.35,385.3,374.35,380.15,6504010,380.91,383.35,8,383.5,909,
2026-04-13T10:51:20.094,NC,NTPC,383.35,374.35,385.3,374.35,380.15,6504229,380.91,383.35,1873,383.5,58,
2026-04-13T10:51:21.292,NC,NTPC,383.5,374.35,385.3,374.35,380.15,6504255,380.91,383.4,35,383.5,61,
2026-04-13T10:51:22.290,NC,NTPC,383.5,374.35,385.3,374.35,380.15,6504259,380.91,383.4,35,383.5,58,
2026-04-13T10:51:23.391,NC,NTPC,383.55,374.35,385.3,374.35,380.15,6505103,380.91,383.45,1,383.5,73,
2026-04-13T10:51:24.492,NC,NTPC,383.55,374.35,385.3,374.35,380.15,6505426,380.91,383.5,62,383.55,706,
2026-04-13T10:51:25.598,NC,NTPC,383.5,374.35,385.3,374.35,380.15,6505482,380.91,383.5,61,383.55,654,
2026-04-13T10:51:26.698,NC,NTPC,383.5,374.35,385.3,374.35,380.15,6505683,380.91,383.5,56,383.55,992,
2026-04-13T10:51:27.699,NC,NTPC,383.5,374.35,385.3,374.35,380.15,6505770,380.91,383.5,56,383.55,749,
2026-04-13T10:51:28.707,NC,NTPC,383.5,374.35,385.3,374.35,380.15,6505888,380.91,383.5,56,383.55,1040,
2026-04-13T10:51:29.810,NC,NTPC,383.55,374.35,385.3,374.35,380.15,6506221,380.91,383.4,100,383.55,1036,
2026-04-13T10:51:30.804,NC,NTPC,383.4,374.35,385.3,374.35,380.15,6506461,380.91,383.35,1226,383.4,28,
2026-04-13T10:51:31.910,NC,NTPC,383.5,374.35,385.3,374.35,380.15,6506776,380.91,383.4,3,383.5,2,
2026-04-13T10:51:33.009,NC,NTPC,383.5,374.35,385.3,374.35,380.15,6506798,380.91,383.4,3,383.45,69,
2026-04-13T10:51:34.204,NC,NTPC,383.4,374.35,385.3,374.35,380.15,6507000,380.91,383.4,492,383.45,242,
2026-04-13T10:51:35.209,NC,NTPC,383.3,374.35,385.3,374.35,380.15,6507585,380.91,383.3,289,383.4,75,
2026-04-13T10:51:36.309,NC,NTPC,383.4,374.35,385.3,374.35,380.15,6507673,380.91,383.3,720,383.4,13,
2026-04-13T10:51:37.615,NC,NTPC,383.5,374.35,385.3,374.35,380.15,6507789,380.91,383.3,1406,383.45,3,
2026-04-13T10:51:38.716,NC,NTPC,383.3,374.35,385.3,374.35,380.15,6507903,380.91,383.3,1140,383.45,6,
2026-04-13T10:51:39.715,NC,NTPC,383.3,374.35,385.3,374.35,380.15,6507956,380.91,383.4,66,383.55,2748,
2026-04-13T10:51:40.816,NC,NTPC,383.5,374.35,385.3,374.35,380.15,6507984,380.91,383.4,58,383.5,520,
2026-04-13T10:51:41.917,NC,NTPC,383.55,374.35,385.3,374.35,380.15,6509988,380.91,383.4,58,383.5,414,
2026-04-13T10:51:43.018,NC,NTPC,383.45,374.35,385.3,374.35,380.15,6510333,380.91,383.4,58,383.45,23,
2026-04-13T10:51:44.118,NC,NTPC,383.45,374.35,385.3,374.35,380.15,6510340,380.91,383.4,1558,383.45,83,
2026-04-13T10:51:45.022,NC,NTPC,383.4,374.35,385.3,374.35,380.15,6511123,380.91,383.4,3,383.45,720,
2026-04-13T10:51:46.120,NC,NTPC,383.45,374.35,385.3,374.35,380.15,6511280,380.91,383.4,89,383.45,318,
2026-04-13T10:51:47.226,NC,NTPC,383.45,374.35,385.3,374.35,380.15,6511428,380.91,383.4,89,383.45,68,
2026-04-13T10:51:48.320,NC,NTPC,383.5,374.35,385.3,374.35,380.15,6511575,380.91,383.4,89,383.5,33,
2026-04-13T10:51:49.422,NC,NTPC,383.4,374.35,385.3,374.35,380.15,6511610,380.91,383.4,383,383.5,33,
2026-04-13T10:51:50.529,NC,NTPC,383.5,374.35,385.3,374.35,380.15,6511612,380.91,383.45,1,383.5,38,
2026-04-13T10:51:52.529,NC,NTPC,383.4,374.35,385.3,374.35,380.15,6511879,380.91,383.4,284,383.5,24,
2026-04-13T10:51:53.538,NC,NTPC,383.5,374.35,385.3,374.35,380.15,6511919,380.91,383.4,284,383.5,24,
2026-04-13T10:51:54.630,NC,NTPC,383.5,374.35,385.3,374.35,380.15,6512042,380.91,383.4,183,383.5,29,
2026-04-13T10:51:55.730,NC,NTPC,383.5,374.35,385.3,374.35,380.15,6512094,380.91,383.4,183,383.5,13,
2026-04-13T10:51:56.647,NC,NTPC,383.5,374.35,385.3,374.35,380.15,6512115,380.91,383.4,178,383.5,5,
2026-04-13T10:52:00.865,NC,NTPC,383.5,374.35,385.3,374.35,380.15,6512160,380.91,383.35,944,383.5,342,
2026-04-13T10:52:01.955,NC,NTPC,383.5,374.35,385.3,374.35,380.15,6512167,380.91,383.35,1736,383.5,376,
2026-04-13T10:52:02.954,NC,NTPC,383.5,374.35,385.3,374.35,380.15,6512227,380.91,383.35,1894,383.5,316,
2026-04-13T10:52:04.046,NC,NTPC,383.5,374.35,385.3,374.35,380.15,6512228,380.91,383.35,2774,383.5,317,
2026-04-13T10:52:05.047,NC,NTPC,383.5,374.35,385.3,374.35,380.15,6512428,380.91,383.35,1757,383.5,159,
2026-04-13T10:52:06.050,NC,NTPC,383.5,374.35,385.3,374.35,380.15,6512484,380.91,383.45,50,383.5,106,
2026-04-13T10:52:07.047,NC,NTPC,383.55,374.35,385.3,374.35,380.15,6514378,380.92,383.5,3354,383.55,20,
2026-04-13T10:52:08.150,NC,NTPC,383.6,374.35,385.3,374.35,380.15,6519695,380.92,383.55,968,383.6,42,
2026-04-13T10:52:09.150,NC,NTPC,383.55,374.35,385.3,374.35,380.15,6520937,380.92,383.5,4567,383.6,264,
2026-04-13T10:52:10.250,NC,NTPC,383.6,374.35,385.3,374.35,380.15,6521071,380.92,383.5,4567,383.6,130,
2026-04-13T10:52:11.349,NC,NTPC,383.6,374.35,385.3,374.35,380.15,6521138,380.92,383.5,4557,383.6,170,
2026-04-13T10:52:12.355,NC,NTPC,383.7,374.35,385.3,374.35,380.15,6521269,380.92,383.5,6192,383.7,1541,
2026-04-13T10:52:13.360,NC,NTPC,383.6,374.35,385.3,374.35,380.15,6521288,380.92,383.55,1142,383.6,12,
2026-04-13T10:52:14.260,NC,NTPC,383.6,374.35,385.3,374.35,380.15,6521700,380.92,383.6,6,383.7,1330,
2026-04-13T10:52:15.262,NC,NTPC,383.55,374.35,385.3,374.35,380.15,6523302,380.92,383.55,1673,383.75,2281,
2026-04-13T10:52:16.256,NC,NTPC,383.75,374.35,385.3,374.35,380.15,6523557,380.92,383.7,4,383.75,970,
2026-04-13T10:52:17.253,NC,NTPC,383.7,374.35,385.3,374.35,380.15,6523570,380.92,383.7,4,383.75,1106,
2026-04-13T10:52:18.368,NC,NTPC,383.75,374.35,385.3,374.35,380.15,6523584,380.92,383.7,4,383.75,1177,
2026-04-13T10:52:19.463,NC,NTPC,383.7,374.35,385.3,374.35,380.15,6524707,380.92,383.55,1705,383.7,207,
2026-04-13T10:52:20.567,NC,NTPC,383.7,374.35,385.3,374.35,380.15,6524732,380.92,383.6,1,383.7,358,
2026-04-13T10:52:21.581,NC,NTPC,383.6,374.35,385.3,374.35,380.15,6524734,380.92,383.6,1,383.7,558,
2026-04-13T10:52:22.568,NC,NTPC,383.7,374.35,385.3,374.35,380.15,6525040,380.92,383.6,1,383.7,1387,
2026-04-13T10:52:23.568,NC,NTPC,383.75,374.35,385.3,374.35,380.15,6527346,380.92,383.6,1121,383.7,309,
2026-04-13T10:52:24.569,NC,NTPC,383.6,374.35,385.3,374.35,380.15,6527981,380.92,383.6,562,383.7,1164,
2026-04-13T10:52:25.572,NC,NTPC,383.7,374.35,385.3,374.35,380.15,6528353,380.92,383.6,561,383.7,951,
2026-04-13T10:52:26.667,NC,NTPC,383.7,374.35,385.3,374.35,380.15,6528414,380.92,383.6,561,383.7,1685,
2026-04-13T10:52:27.674,NC,NTPC,383.6,374.35,385.3,374.35,380.15,6528469,380.92,383.6,551,383.7,1642,
2026-04-13T10:52:28.774,NC,NTPC,383.7,374.35,385.3,374.35,380.15,6528473,380.92,383.6,550,383.7,86,
2026-04-13T10:52:29.875,NC,NTPC,383.7,374.35,385.3,374.35,380.15,6528490,380.92,383.6,550,383.7,70,
2026-04-13T10:52:30.877,NC,NTPC,383.7,374.35,385.3,374.35,380.15,6528570,380.92,383.6,525,383.7,17,
2026-04-13T10:52:31.979,NC,NTPC,383.7,374.35,385.3,374.35,380.15,6528709,380.92,383.6,435,383.7,206,
2026-04-13T10:52:33.078,NC,NTPC,383.7,374.35,385.3,374.35,380.15,6528742,380.92,383.6,435,383.7,543,
2026-04-13T10:52:34.182,NC,NTPC,383.7,374.35,385.3,374.35,380.15,6528749,380.92,383.6,439,383.7,537,
2026-04-13T10:52:42.004,NC,NTPC,383.4,374.35,385.3,374.35,380.15,6586991,380.94,383.25,770,383.4,118,
2026-04-13T10:52:48.013,NC,NTPC,383.9,374.35,385.3,374.35,380.15,6645060,380.97,383.7,735,383.9,658,
2026-04-13T10:52:53.718,NC,NTPC,384.1,374.35,385.3,374.35,380.15,6663693,380.98,384.0,5237,384.1,140,
2026-04-13T10:52:59.222,NC,NTPC,384.15,374.35,385.3,374.35,380.15,6664480,380.98,384.1,5,384.15,308,
2026-04-13T10:53:04.931,NC,NTPC,384.15,374.35,385.3,374.35,380.15,6667166,380.98,384.05,947,384.15,338,
2026-04-13T10:53:10.824,NC,NTPC,384.15,374.35,385.3,374.35,380.15,6669138,380.98,384.0,821,384.15,130,
2026-04-13T10:53:16.431,NC,NTPC,384.15,374.35,385.3,374.35,380.15,6669337,380.98,384.15,869,384.2,591,
2026-04-13T10:53:22.252,NC,NTPC,384.2,374.35,385.3,374.35,380.15,6670674,380.98,384.15,66,384.2,419,
2026-04-13T10:53:27.758,NC,NTPC,384.25,374.35,385.3,374.35,380.15,6672837,380.98,384.15,123,384.25,1410,
2026-04-13T10:53:33.649,NC,NTPC,384.2,374.35,385.3,374.35,380.15,6673350,380.98,384.1,300,384.2,549,
2026-04-13T10:53:36.872,NC,NTPC,384.25,374.35,385.3,374.35,380.15,6674929,380.98,384.15,3,384.25,2890,
2026-04-13T10:53:37.854,NC,NTPC,384.25,374.35,385.3,374.35,380.15,6675066,380.98,384.1,300,384.25,2763,
2026-04-13T10:53:38.868,NC,NTPC,384.25,374.35,385.3,374.35,380.15,6675069,380.98,384.2,1100,384.25,2349,
2026-04-13T10:53:39.855,NC,NTPC,384.25,374.35,385.3,374.35,380.15,6675267,380.98,384.2,1099,384.25,2105,
2026-04-13T10:53:40.957,NC,NTPC,384.2,374.35,385.3,374.35,380.15,6675300,380.98,384.2,1094,384.25,2139,
2026-04-13T10:53:41.957,NC,NTPC,384.25,374.35,385.3,374.35,380.15,6675643,380.98,384.2,794,384.25,2034,
2026-04-13T10:53:42.877,NC,NTPC,384.25,374.35,385.3,374.35,380.15,6676183,380.98,384.2,767,384.25,870,
2026-04-13T10:53:43.865,NC,NTPC,384.25,374.35,385.3,374.35,380.15,6676275,380.98,384.2,767,384.25,778,
2026-04-13T10:53:44.963,NC,NTPC,384.25,374.35,385.3,374.35,380.15,6676622,380.98,384.2,567,384.25,631,
2026-04-13T10:53:45.968,NC,NTPC,384.25,374.35,385.3,374.35,380.15,6676769,380.98,384.2,542,384.25,510,
2026-04-13T10:53:46.967,NC,NTPC,384.3,374.35,385.3,374.35,380.15,6679093,380.98,384.2,2200,384.3,3658,
2026-04-13T10:53:47.968,NC,NTPC,384.3,374.35,385.3,374.35,380.15,6680163,380.98,384.2,1517,384.3,2589,
2026-04-13T10:53:48.969,NC,NTPC,384.45,374.35,385.3,374.35,380.15,6683509,380.99,384.35,1790,384.45,302,
2026-04-13T10:53:50.070,NC,NTPC,384.45,374.35,385.3,374.35,380.15,6683527,380.99,384.4,99,384.45,1484,
2026-04-13T10:53:51.180,NC,NTPC,384.45,374.35,385.3,374.35,380.15,6683976,380.99,384.35,835,384.45,1305,
2026-04-13T10:53:52.271,NC,NTPC,384.4,374.35,385.3,374.35,380.15,6684129,380.99,384.3,1578,384.4,17,
2026-04-13T10:53:53.374,NC,NTPC,384.45,374.35,385.3,374.35,380.15,6684154,380.99,384.4,10,384.45,1454,
2026-04-13T10:53:54.384,NC,NTPC,384.45,374.35,385.3,374.35,380.15,6684506,380.99,384.3,608,384.45,2118,
2026-04-13T10:53:55.477,NC,NTPC,384.45,374.35,385.3,374.35,380.15,6684526,380.99,384.3,608,384.4,500,
2026-04-13T10:53:56.494,NC,NTPC,384.35,374.35,385.3,374.35,380.15,6684647,380.99,384.3,80,384.35,22,
2026-04-13T10:53:57.592,NC,NTPC,384.35,374.35,385.3,374.35,380.15,6684662,380.99,384.3,55,384.35,7,
2026-04-13T10:53:58.581,NC,NTPC,384.4,374.35,385.3,374.35,380.15,6684674,380.99,384.3,55,384.4,1024,
2026-04-13T10:53:59.583,NC,NTPC,384.4,374.35,385.3,374.35,380.15,6684944,380.99,384.25,1590,384.4,428,
2026-04-13T10:54:00.485,NC,NTPC,384.4,374.35,385.3,374.35,380.15,6684984,380.99,384.25,1792,384.4,388,
2026-04-13T10:54:01.489,NC,NTPC,384.4,374.35,385.3,374.35,380.15,6684990,380.99,384.35,3,384.4,382,
2026-04-13T10:54:02.537,NC,NTPC,384.25,374.35,385.3,374.35,380.15,6685141,380.99,384.25,2009,384.4,378,
2026-04-13T10:54:03.491,NC,NTPC,384.4,374.35,385.3,374.35,380.15,6685165,380.99,384.25,2201,384.4,354,
2026-04-13T10:54:04.645,NC,NTPC,384.45,374.35,385.3,374.35,380.15,6686372,380.99,384.4,52,384.45,1550,
2026-04-13T10:54:05.594,NC,NTPC,384.45,374.35,385.3,374.35,380.15,6687138,380.99,384.35,1171,384.45,1284,
2026-04-13T10:54:06.593,NC,NTPC,384.45,374.35,385.3,374.35,380.15,6687153,380.99,384.35,829,384.45,1269,
2026-04-13T10:54:07.602,NC,NTPC,384.3,374.35,385.3,374.35,380.15,6688657,380.99,384.3,397,384.45,2459,
2026-04-13T10:54:08.608,NC,NTPC,384.45,374.35,385.3,374.35,380.15,6688883,380.99,384.25,1049,384.45,2335,
2026-04-13T10:54:09.610,NC,NTPC,384.45,374.35,385.3,374.35,380.15,6688917,380.99,384.3,10,384.45,2123,
2026-04-13T10:54:10.620,NC,NTPC,384.45,374.35,385.3,374.35,380.15,6688923,380.99,384.3,10,384.45,2300,
2026-04-13T10:54:11.606,NC,NTPC,384.45,374.35,385.3,374.35,380.15,6688934,380.99,384.3,935,384.45,1750,
2026-04-13T10:54:12.606,NC,NTPC,384.45,374.35,385.3,374.35,380.15,6688935,380.99,384.4,1,384.45,1552,
2026-04-13T10:54:13.613,NC,NTPC,384.45,374.35,385.3,374.35,380.15,6688938,380.99,384.4,1,384.45,1518,
2026-04-13T10:54:14.613,NC,NTPC,384.45,374.35,385.3,374.35,380.15,6688949,380.99,384.4,1,384.45,1517,
2026-04-13T10:54:15.611,NC,NTPC,384.4,374.35,385.3,374.35,380.15,6688952,380.99,384.4,1,384.45,1568,
2026-04-13T10:54:16.628,NC,NTPC,384.45,374.35,385.3,374.35,380.15,6689435,380.99,384.4,1,384.45,850,
2026-04-13T10:54:17.612,NC,NTPC,384.45,374.35,385.3,374.35,380.15,6689518,380.99,384.4,1,384.45,866,
2026-04-13T10:54:18.614,NC,NTPC,384.4,374.35,385.3,374.35,380.15,6689525,380.99,384.3,882,384.4,5,
2026-04-13T10:54:19.623,NC,NTPC,384.4,374.35,385.3,374.35,380.15,6689526,380.99,384.35,1,384.4,4,
2026-04-13T10:54:20.628,NC,NTPC,384.4,374.35,385.3,374.35,380.15,6689589,380.99,384.3,758,384.4,10,
2026-04-13T10:54:21.626,NC,NTPC,384.25,374.35,385.3,374.35,380.15,6692072,380.99,384.25,1562,384.45,672,
2026-04-13T10:54:22.639,NC,NTPC,384.45,374.35,385.3,374.35,380.15,6692604,380.99,384.25,1563,384.45,3,
2026-04-13T10:54:23.623,NC,NTPC,384.45,374.35,385.3,374.35,380.15,6692633,380.99,384.45,1,384.5,5561,
2026-04-13T10:54:24.626,NC,NTPC,384.45,374.35,385.3,374.35,380.15,6692634,380.99,384.3,413,384.45,69,
2026-04-13T10:54:25.628,NC,NTPC,384.45,374.35,385.3,374.35,380.15,6692757,380.99,384.25,2140,384.45,1677,
2026-04-13T10:54:26.624,NC,NTPC,384.4,374.35,385.3,374.35,380.15,6692776,380.99,384.25,1736,384.4,66,
2026-04-13T10:54:27.625,NC,NTPC,384.4,374.35,385.3,374.35,380.15,6692779,380.99,384.25,1246,384.4,63,
2026-04-13T10:54:29.628,NC,NTPC,384.25,374.35,385.3,374.35,380.15,6692880,380.99,384.25,1523,384.4,145,
2026-04-13T10:54:30.627,NC,NTPC,384.25,374.35,385.3,374.35,380.15,6693420,380.99,384.25,658,384.35,182,
2026-04-13T10:54:31.629,NC,NTPC,384.35,374.35,385.3,374.35,380.15,6693524,380.99,384.25,658,384.35,145,
2026-04-13T10:54:32.649,NC,NTPC,384.15,374.35,385.3,374.35,380.15,6694013,380.99,384.1,1399,384.2,106,
2026-04-13T10:54:33.634,NC,NTPC,384.2,374.35,385.3,374.35,380.15,6694088,380.99,384.1,1399,384.2,31,
2026-04-13T10:54:34.636,NC,NTPC,384.2,374.35,385.3,374.35,380.15,6694401,380.99,384.1,106,384.25,976,
2026-04-13T10:54:35.634,NC,NTPC,384.25,374.35,385.3,374.35,380.15,6694430,380.99,384.2,1,384.25,1211,
2026-04-13T10:54:40.552,NC,NTPC,384.05,374.35,385.3,374.35,380.15,6694641,380.99,384.1,1310,384.2,1,
2026-04-13T10:54:46.752,NC,NTPC,384.65,374.35,385.3,374.35,380.15,6721652,381.01,384.55,656,384.65,1,
2026-04-13T10:54:52.576,NC,NTPC,384.55,374.35,385.3,374.35,380.15,6727094,381.01,384.5,800,384.55,1095,
2026-04-13T10:54:58.485,NC,NTPC,384.6,374.35,385.3,374.35,380.15,6728714,381.01,384.5,800,384.6,297,
2026-04-13T10:55:04.481,NC,NTPC,384.5,374.35,385.3,374.35,380.15,6734059,381.01,384.5,114,384.65,2397,
2026-04-13T10:55:10.788,NC,NTPC,384.6,374.35,385.3,374.35,380.15,6736819,381.01,384.5,180,384.6,55,
2026-04-13T10:55:16.899,NC,NTPC,384.65,374.35,385.3,374.35,380.15,6738981,381.01,384.6,6,384.65,777,
2026-04-13T10:55:23.103,NC,NTPC,384.6,374.35,385.3,374.35,380.15,6739533,381.01,384.5,800,384.6,1182,
2026-04-13T10:55:29.113,NC,NTPC,384.5,374.35,385.3,374.35,380.15,6743850,381.02,384.5,664,384.6,628,
2026-04-13T10:55:35.123,NC,NTPC,384.6,374.35,385.3,374.35,380.15,6745190,381.02,384.6,4,384.65,1617,
2026-04-13T10:55:41.429,NC,NTPC,384.5,374.35,385.3,374.35,380.15,6745904,381.02,384.5,2271,384.6,290,
2026-04-13T10:55:47.648,NC,NTPC,384.55,374.35,385.3,374.35,380.15,6749278,381.02,384.5,300,384.55,520,
2026-04-13T10:55:54.153,NC,NTPC,384.6,374.35,385.3,374.35,380.15,6751238,381.02,384.6,126,384.65,2070,
2026-04-13T10:56:00.474,NC,NTPC,384.65,374.35,385.3,374.35,380.15,6752548,381.02,384.55,766,384.65,478,
2026-04-13T10:56:06.762,NC,NTPC,384.65,374.35,385.3,374.35,380.15,6757475,381.02,384.6,30,384.65,115,
2026-04-13T10:56:12.876,NC,NTPC,384.7,374.35,385.3,374.35,380.15,6923992,381.12,384.7,1131,384.85,1668,
2026-04-13T10:56:18.783,NC,NTPC,384.85,374.35,385.3,374.35,380.15,6952119,381.13,384.65,377,384.85,1161,
2026-04-13T10:56:24.684,NC,NTPC,385.05,374.35,385.3,374.35,380.15,6990060,381.15,385.05,430,385.1,1860,
2026-04-13T10:56:30.792,NC,NTPC,385.15,374.35,385.3,374.35,380.15,6991063,381.16,385.1,401,385.15,336,
2026-04-13T10:56:36.695,NC,NTPC,385.2,374.35,385.3,374.35,380.15,6996125,381.16,385.15,364,385.2,2320,
2026-04-13T10:56:37.795,NC,NTPC,385.05,374.35,385.3,374.35,380.15,6997219,381.16,385.0,1297,385.05,363,
2026-04-13T10:56:38.899,NC,NTPC,385.0,374.35,385.3,374.35,380.15,6997644,381.16,385.0,1002,385.05,198,
2026-04-13T10:56:39.904,NC,NTPC,385.05,374.35,385.3,374.35,380.15,6997709,381.16,385.0,17,385.05,392,
2026-04-13T10:56:40.916,NC,NTPC,384.9,374.35,385.3,374.35,380.15,6998637,381.16,384.9,977,385.05,98,
2026-04-13T10:56:41.908,NC,NTPC,385.05,374.35,385.3,374.35,380.15,6998740,381.16,385.05,9,385.1,1062,
2026-04-13T10:56:42.921,NC,NTPC,385.1,374.35,385.3,374.35,380.15,6998856,381.16,385.05,9,385.1,946,
2026-04-13T10:56:43.911,NC,NTPC,385.1,374.35,385.3,374.35,380.15,6998871,381.16,385.05,9,385.1,514,
2026-04-13T10:56:45.007,NC,NTPC,385.0,374.35,385.3,374.35,380.15,6999373,381.16,385.0,7163,385.1,512,
2026-04-13T10:56:45.930,NC,NTPC,385.1,374.35,385.3,374.35,380.15,6999968,381.16,385.0,6663,385.1,417,
2026-04-13T10:56:47.013,NC,NTPC,385.0,374.35,385.3,374.35,380.15,7001789,381.16,385.0,5703,385.15,120,
2026-04-13T10:56:48.108,NC,NTPC,385.15,374.35,385.3,374.35,380.15,7001909,381.16,385.15,28,385.2,1221,
2026-04-13T10:56:49.209,NC,NTPC,385.15,374.35,385.3,374.35,380.15,7001991,381.16,385.15,28,385.2,860,
2026-04-13T10:56:50.326,NC,NTPC,385.2,374.35,385.3,374.35,380.15,7002235,381.16,385.15,27,385.2,429,
2026-04-13T10:56:51.320,NC,NTPC,385.15,374.35,385.3,374.35,380.15,7002269,381.16,385.15,51,385.2,539,
2026-04-13T10:56:52.320,NC,NTPC,385.15,374.35,385.3,374.35,380.15,7002366,381.16,385.15,24,385.2,540,
2026-04-13T10:56:53.420,NC,NTPC,385.0,374.35,385.3,374.35,380.15,7003636,381.16,385.0,6758,385.15,1963,
2026-04-13T10:56:54.546,NC,NTPC,385.15,374.35,385.3,374.35,380.15,7004173,381.16,385.0,6516,385.15,1509,
2026-04-13T10:56:55.547,NC,NTPC,385.15,374.35,385.3,374.35,380.15,7004185,381.16,385.1,1,385.15,303,
2026-04-13T10:56:56.552,NC,NTPC,385.1,374.35,385.3,374.35,380.15,7004188,381.16,385.0,6666,385.15,301,
2026-04-13T10:56:57.554,NC,NTPC,385.15,374.35,385.3,374.35,380.15,7004477,381.16,385.0,5684,385.15,224,
2026-04-13T10:56:58.457,NC,NTPC,385.15,374.35,385.3,374.35,380.15,7004484,381.16,385.0,6184,385.15,105,
2026-04-13T10:56:59.458,NC,NTPC,385.15,374.35,385.3,374.35,380.15,7004541,381.16,385.0,6134,385.15,98,
2026-04-13T10:57:00.558,NC,NTPC,384.75,374.35,385.3,374.35,380.15,7028460,381.18,384.55,1899,384.8,1816,
2026-04-13T10:57:01.658,NC,NTPC,384.5,374.35,385.3,374.35,380.15,7032072,381.18,384.5,335,384.6,234,
2026-04-13T10:57:02.657,NC,NTPC,384.6,374.35,385.3,374.35,380.15,7032222,381.18,384.5,335,384.6,463,
2026-04-13T10:57:03.675,NC,NTPC,384.5,374.35,385.3,374.35,380.15,7032293,381.18,384.5,1315,384.6,162,
2026-04-13T10:57:04.562,NC,NTPC,384.5,374.35,385.3,374.35,380.15,7032314,381.18,384.5,1614,384.6,149,
2026-04-13T10:57:05.566,NC,NTPC,384.5,374.35,385.3,374.35,380.15,7032478,381.18,384.5,2184,384.7,386,
2026-04-13T10:57:06.565,NC,NTPC,384.5,374.35,385.3,374.35,380.15,7032488,381.18,384.5,1340,384.65,124,
2026-04-13T10:57:07.575,NC,NTPC,384.5,374.35,385.3,374.35,380.15,7032690,381.18,384.5,1940,384.7,806,
2026-04-13T10:57:08.580,NC,NTPC,384.7,374.35,385.3,374.35,380.15,7032797,381.18,384.5,1917,384.7,723,
2026-04-13T10:57:09.578,NC,NTPC,384.7,374.35,385.3,374.35,380.15,7032929,381.18,384.5,1798,384.7,1005,
2026-04-13T10:57:10.579,NC,NTPC,384.5,374.35,385.3,374.35,380.15,7032963,381.18,384.5,1784,384.65,124,
2026-04-13T10:57:11.580,NC,NTPC,384.65,374.35,385.3,374.35,380.15,7032967,381.18,384.5,301,384.65,379,
2026-04-13T10:57:12.601,NC,NTPC,384.5,374.35,385.3,374.35,380.15,7033487,381.18,384.5,1957,384.7,1079,
2026-04-13T10:57:13.581,NC,NTPC,384.7,374.35,385.3,374.35,380.15,7033522,381.18,384.5,2471,384.7,117,
2026-04-13T10:57:14.584,NC,NTPC,384.7,374.35,385.3,374.35,380.15,7033535,381.18,384.7,3,384.75,1348,
2026-04-13T10:57:15.587,NC,NTPC,384.7,374.35,385.3,374.35,380.15,7033537,381.18,384.7,1,384.75,689,
2026-04-13T10:57:16.609,NC,NTPC,384.75,374.35,385.3,374.35,380.15,7033765,381.18,384.6,1711,384.75,449,
2026-04-13T10:57:17.691,NC,NTPC,384.6,374.35,385.3,374.35,380.15,7034009,381.18,384.6,1328,384.75,399,
2026-04-13T10:57:18.693,NC,NTPC,384.6,374.35,385.3,374.35,380.15,7034027,381.18,384.6,335,384.75,1328,
2026-04-13T10:57:19.793,NC,NTPC,384.6,374.35,385.3,374.35,380.15,7034029,381.18,384.6,334,384.75,1511,
2026-04-13T10:57:20.804,NC,NTPC,384.55,374.35,385.3,374.35,380.15,7034401,381.18,384.55,168,384.65,25,
2026-04-13T10:57:21.797,NC,NTPC,384.5,374.35,385.3,374.35,380.15,7034919,381.18,384.5,601,384.65,820,
2026-04-13T10:57:22.806,NC,NTPC,384.65,374.35,385.3,374.35,380.15,7035223,381.18,384.5,587,384.65,531,
2026-04-13T10:57:23.906,NC,NTPC,384.65,374.35,385.3,374.35,380.15,7035328,381.18,384.5,562,384.65,451,
2026-04-13T10:57:25.006,NC,NTPC,384.65,374.35,385.3,374.35,380.15,7035342,381.18,384.5,561,384.55,200,
2026-04-13T10:57:26.006,NC,NTPC,384.55,374.35,385.3,374.35,380.15,7035348,381.18,384.5,559,384.55,196,
2026-04-13T10:57:27.005,NC,NTPC,384.5,374.35,385.3,374.35,380.15,7035399,381.18,384.5,509,384.55,195,
2026-04-13T10:57:28.008,NC,NTPC,384.65,374.35,385.3,374.35,380.15,7036337,381.18,384.5,1565,384.65,200,
2026-04-13T10:57:29.027,NC,NTPC,384.5,374.35,385.3,374.35,380.15,7036390,381.18,384.5,1542,384.65,169,
2026-04-13T10:57:30.019,NC,NTPC,384.65,374.35,385.3,374.35,380.15,7036399,381.18,384.5,1539,384.65,162,
2026-04-13T10:57:31.010,NC,NTPC,384.65,374.35,385.3,374.35,380.15,7036401,381.18,384.6,3,384.65,488,
2026-04-13T10:57:32.014,NC,NTPC,384.65,374.35,385.3,374.35,380.15,7036404,381.18,384.6,2,384.65,485,
2026-04-13T10:57:33.123,NC,NTPC,384.6,374.35,385.3,374.35,380.15,7036416,381.18,384.6,3,384.65,483,
2026-04-13T10:57:34.123,NC,NTPC,384.6,374.35,385.3,374.35,380.15,7036419,381.18,384.6,7,384.65,501,
2026-04-13T10:57:35.225,NC,NTPC,384.65,374.35,385.3,374.35,380.15,7036454,381.18,384.6,3,384.65,726,
2026-04-13T10:57:36.343,NC,NTPC,384.6,374.35,385.3,374.35,380.15,7036510,381.18,384.5,699,384.55,1178,
2026-04-13T10:57:37.228,NC,NTPC,384.55,374.35,385.3,374.35,380.15,7036511,381.18,384.5,699,384.55,1177,
2026-04-13T10:57:38.330,NC,NTPC,384.65,374.35,385.3,374.35,380.15,7036643,381.18,384.55,1,384.65,2071,
2026-04-13T10:57:39.439,NC,NTPC,384.5,374.35,385.3,374.35,380.15,7036677,381.18,384.5,358,384.6,248,
2026-04-13T10:57:40.439,NC,NTPC,384.6,374.35,385.3,374.35,380.15,7036680,381.18,384.5,458,384.6,245,
2026-04-13T10:57:41.446,NC,NTPC,384.6,374.35,385.3,374.35,380.15,7036825,381.18,384.5,452,384.6,106,
2026-04-13T10:57:42.436,NC,NTPC,384.5,374.35,385.3,374.35,380.15,7036961,381.18,384.5,336,384.6,1263,
2026-04-13T10:57:43.454,NC,NTPC,384.6,374.35,385.3,374.35,380.15,7036966,381.18,384.5,336,384.6,1258,
2026-04-13T10:57:44.435,NC,NTPC,384.55,374.35,385.3,374.35,380.15,7037967,381.18,384.55,14,384.6,1257,
2026-04-13T10:57:45.532,NC,NTPC,384.6,374.35,385.3,374.35,380.15,7038117,381.18,384.55,14,384.6,1107,
2026-04-13T10:57:46.657,NC,NTPC,384.6,374.35,385.3,374.35,380.15,7038120,381.18,384.6,8,384.65,4464,
2026-04-13T10:57:47.736,NC,NTPC,384.6,374.35,385.3,374.35,380.15,7038121,381.18,384.6,131,384.65,3101,
2026-04-13T10:57:48.738,NC,NTPC,384.65,374.35,385.3,374.35,380.15,7041202,381.18,384.75,878,384.9,401,
2026-04-13T10:57:49.847,NC,NTPC,384.9,374.35,385.3,374.35,380.15,7041319,381.18,384.75,780,384.9,282,
2026-04-13T10:57:50.945,NC,NTPC,384.9,374.35,385.3,374.35,380.15,7041431,381.18,384.8,777,384.9,196,
2026-04-13T10:57:51.846,NC,NTPC,384.9,374.35,385.3,374.35,380.15,7041627,381.18,384.85,805,384.95,105,
2026-04-13T10:57:52.920,NC,NTPC,384.95,374.35,385.3,374.35,380.15,7041849,381.18,384.85,868,384.95,90,
2026-04-13T10:57:53.858,NC,NTPC,384.95,374.35,385.3,374.35,380.15,7041862,381.18,384.85,868,384.95,77,
2026-04-13T10:57:54.857,NC,NTPC,384.95,374.35,385.3,374.35,380.15,7042537,381.18,384.8,499,384.95,100,
2026-04-13T10:57:55.851,NC,NTPC,384.85,374.35,385.3,374.35,380.15,7042591,381.18,384.85,4,384.95,68,
2026-04-13T10:57:56.868,NC,NTPC,384.95,374.35,385.3,374.35,380.15,7042694,381.18,384.85,4,384.95,326,
2026-04-13T10:57:57.855,NC,NTPC,384.75,374.35,385.3,374.35,380.15,7042725,381.18,384.75,889,384.9,960,
2026-04-13T10:57:58.855,NC,NTPC,384.9,374.35,385.3,374.35,380.15,7042754,381.18,384.7,1653,384.9,1076,
2026-04-13T10:57:59.859,NC,NTPC,384.75,374.35,385.3,374.35,380.15,7042762,381.18,384.75,893,384.9,122,
2026-04-13T10:58:00.866,NC,NTPC,384.75,374.35,385.3,374.35,380.15,7042763,381.18,384.85,3,384.95,2187,
2026-04-13T10:58:01.864,NC,NTPC,384.7,374.35,385.3,374.35,380.15,7042940,381.18,384.7,2717,384.9,1437,
2026-04-13T10:58:02.776,NC,NTPC,384.75,374.35,385.3,374.35,380.15,7042976,381.18,384.75,852,384.9,5,
2026-04-13T10:58:03.862,NC,NTPC,384.7,374.35,385.3,374.35,380.15,7043047,381.18,384.7,1686,384.85,122,
2026-04-13T10:58:04.871,NC,NTPC,384.7,374.35,385.3,374.35,380.15,7043074,381.18,384.7,1672,384.85,110,
2026-04-13T10:58:05.868,NC,NTPC,384.85,374.35,385.3,374.35,380.15,7043188,381.18,384.7,1329,384.85,813,
2026-04-13T10:58:06.898,NC,NTPC,384.7,374.35,385.3,374.35,380.15,7043219,381.18,384.7,987,384.8,37,
2026-04-13T10:58:07.864,NC,NTPC,384.85,374.35,385.3,374.35,380.15,7043721,381.18,384.7,987,384.85,1315,
2026-04-13T10:58:08.782,NC,NTPC,384.6,374.35,385.3,374.35,380.15,7045910,381.18,384.6,106,384.75,888,
2026-04-13T10:58:09.768,NC,NTPC,384.8,374.35,385.3,374.35,380.15,7048306,381.19,384.6,1438,384.8,332,
2026-04-13T10:58:10.768,NC,NTPC,384.8,374.35,385.3,374.35,380.15,7048672,381.19,384.65,485,384.8,25,
2026-04-13T10:58:11.797,NC,NTPC,384.65,374.35,385.3,374.35,380.15,7048810,381.19,384.6,1505,384.8,16,
2026-04-13T10:58:12.767,NC,NTPC,384.6,374.35,385.3,374.35,380.15,7049093,381.19,384.6,1372,384.8,105,
2026-04-13T10:58:13.883,NC,NTPC,384.6,374.35,385.3,374.35,380.15,7049112,381.19,384.6,839,384.7,70,
2026-04-13T10:58:14.771,NC,NTPC,384.5,374.35,385.3,374.35,380.15,7053118,381.19,384.5,791,384.7,1246,
2026-04-13T10:58:15.676,NC,NTPC,384.5,374.35,385.3,374.35,380.15,7053814,381.19,384.5,1238,384.7,1088,
2026-04-13T10:58:16.675,NC,NTPC,384.55,374.35,385.3,374.35,380.15,7053908,381.19,384.5,1902,384.7,876,
2026-04-13T10:58:17.673,NC,NTPC,384.7,374.35,385.3,374.35,380.15,7053941,381.19,384.6,20,384.7,1172,
2026-04-13T10:58:18.779,NC,NTPC,384.6,374.35,385.3,374.35,380.15,7053965,381.19,384.5,1172,384.6,146,
2026-04-13T10:58:19.779,NC,NTPC,384.5,374.35,385.3,374.35,380.15,7053969,381.19,384.5,1171,384.6,143,
2026-04-13T10:58:20.777,NC,NTPC,384.6,374.35,385.3,374.35,380.15,7054084,381.19,384.5,1070,384.6,822,
2026-04-13T10:58:21.682,NC,NTPC,384.5,374.35,385.3,374.35,380.15,7054087,381.19,384.55,100,384.6,307,
2026-04-13T10:58:22.783,NC,NTPC,384.6,374.35,385.3,374.35,380.15,7054662,381.19,384.6,17,384.65,869,
2026-04-13T10:58:23.687,NC,NTPC,384.55,374.35,385.3,374.35,380.15,7055269,381.19,384.55,68,384.6,152,
2026-04-13T10:58:24.797,NC,NTPC,384.6,374.35,385.3,374.35,380.15,7055325,381.19,384.55,68,384.6,600,
2026-04-13T10:58:25.793,NC,NTPC,384.6,374.35,385.3,374.35,380.15,7055557,381.19,384.5,691,384.6,65,
2026-04-13T10:58:26.694,NC,NTPC,384.5,374.35,385.3,374.35,380.15,7055637,381.19,384.5,611,384.6,66,
2026-04-13T10:58:27.690,NC,NTPC,384.55,374.35,385.3,374.35,380.15,7055647,381.19,384.5,604,384.55,1550,
2026-04-13T10:58:28.628,NC,NTPC,384.55,374.35,385.3,374.35,380.15,7056858,381.19,384.5,247,384.55,1339,
2026-04-13T10:58:29.632,NC,NTPC,384.5,374.35,385.3,374.35,380.15,7056903,381.19,384.5,246,384.55,1295,
2026-04-13T10:58:30.603,NC,NTPC,384.55,374.35,385.3,374.35,380.15,7056904,381.19,384.45,1,384.55,1294,
2026-04-13T10:58:31.635,NC,NTPC,384.1,374.35,385.3,374.35,380.15,7149949,381.24,384.1,1383,384.25,368,
2026-04-13T10:58:32.704,NC,NTPC,384.05,374.35,385.3,374.35,380.15,7150208,381.24,384.05,1919,384.2,118,
2026-04-13T10:58:33.609,NC,NTPC,384.05,374.35,385.3,374.35,380.15,7150660,381.24,384.05,809,384.1,1,
2026-04-13T10:58:34.605,NC,NTPC,384.1,374.35,385.3,374.35,380.15,7151686,381.24,384.1,4,384.15,448,
2026-04-13T10:58:35.609,NC,NTPC,384.05,374.35,385.3,374.35,380.15,7151886,381.24,384.05,1766,384.2,158,
2026-04-13T10:58:36.651,NC,NTPC,384.0,374.35,385.3,374.35,380.15,7161981,381.24,383.95,30,384.0,3,
2026-04-13T10:58:37.728,NC,NTPC,383.9,374.35,385.3,374.35,380.15,7162321,381.24,383.85,621,383.9,92,
2026-04-13T10:58:38.717,NC,NTPC,383.85,374.35,385.3,374.35,380.15,7163001,381.24,383.75,476,383.9,596,
2026-04-13T10:58:39.811,NC,NTPC,383.75,374.35,385.3,374.35,380.15,7163302,381.24,383.75,958,383.95,552,
2026-04-13T10:58:40.911,NC,NTPC,383.75,374.35,385.3,374.35,380.15,7163308,381.24,383.75,298,383.9,53,
2026-04-13T10:58:41.931,NC,NTPC,383.75,374.35,385.3,374.35,380.15,7163311,381.24,383.75,514,383.9,53,
2026-04-13T10:58:43.018,NC,NTPC,383.75,374.35,385.3,374.35,380.15,7163312,381.24,383.75,513,383.9,52,
2026-04-13T10:58:44.134,NC,NTPC,383.75,374.35,385.3,374.35,380.15,7163452,381.24,383.75,1173,383.9,52,
2026-04-13T10:58:45.214,NC,NTPC,383.75,374.35,385.3,374.35,380.15,7163456,381.24,383.8,100,383.9,52,
2026-04-13T10:58:46.224,NC,NTPC,383.65,374.35,385.3,374.35,380.15,7165523,381.24,383.65,1703,383.85,458,
2026-04-13T10:58:47.234,NC,NTPC,383.65,374.35,385.3,374.35,380.15,7165654,381.24,383.65,1536,383.85,447,
2026-04-13T10:58:48.316,NC,NTPC,383.65,374.35,385.3,374.35,380.15,7165678,381.24,383.65,2362,383.85,751,
2026-04-13T10:58:49.428,NC,NTPC,383.7,374.35,385.3,374.35,380.15,7165736,381.24,383.7,429,383.85,549,
2026-04-13T10:58:50.520,NC,NTPC,383.7,374.35,385.3,374.35,380.15,7165741,381.24,383.7,1113,383.85,549,
2026-04-13T10:58:51.626,NC,NTPC,383.7,374.35,385.3,374.35,380.15,7165742,381.24,383.7,1112,383.85,549,
2026-04-13T10:58:52.707,NC,NTPC,383.85,374.35,385.3,374.35,380.15,7165909,381.24,383.7,1112,383.85,330,
2026-04-13T10:58:53.628,NC,NTPC,383.75,374.35,385.3,374.35,380.15,7165926,381.24,383.75,1509,383.9,122,
2026-04-13T10:58:54.634,NC,NTPC,383.75,374.35,385.3,374.35,380.15,7165928,381.24,383.75,1507,383.9,122,
2026-04-13T10:58:56.533,NC,NTPC,383.75,374.35,385.3,374.35,380.15,7165929,381.24,383.75,1384,383.95,606,
2026-04-13T10:58:57.535,NC,NTPC,383.95,374.35,385.3,374.35,380.15,7165930,381.24,383.75,1384,383.95,605,
2026-04-13T10:58:58.534,NC,NTPC,383.75,374.35,385.3,374.35,380.15,7165940,381.24,383.75,1374,383.95,605,
2026-04-13T10:59:00.604,NC,NTPC,383.75,374.35,385.3,374.35,380.15,7165941,381.24,383.8,2,383.85,123,
2026-04-13T10:59:01.606,NC,NTPC,383.7,374.35,385.3,374.35,380.15,7166064,381.24,383.7,10,383.85,487,
2026-04-13T10:59:02.508,NC,NTPC,383.85,374.35,385.3,374.35,380.15,7166284,381.24,383.75,50,383.85,693,
2026-04-13T10:59:04.708,NC,NTPC,383.75,374.35,385.3,374.35,380.15,7166285,381.24,383.75,499,383.85,823,
2026-04-13T10:59:06.904,NC,NTPC,383.8,374.35,385.3,374.35,380.15,7166593,381.24,383.75,193,383.8,195,
2026-04-13T10:59:08.009,NC,NTPC,383.75,374.35,385.3,374.35,380.15,7166618,381.24,383.75,168,383.8,247,
2026-04-13T10:59:09.122,NC,NTPC,383.85,374.35,385.3,374.35,380.15,7167258,381.24,383.75,162,383.85,560,
2026-04-13T10:59:10.210,NC,NTPC,383.7,374.35,385.3,374.35,380.15,7168202,381.24,383.7,161,383.85,807,
2026-04-13T10:59:11.214,NC,NTPC,383.7,374.35,385.3,374.35,380.15,7168261,381.24,383.65,600,383.85,807,
2026-04-13T10:59:12.310,NC,NTPC,383.6,374.35,385.3,374.35,380.15,7168268,381.24,383.6,2047,383.75,1,
2026-04-13T10:59:13.427,NC,NTPC,383.6,374.35,385.3,374.35,380.15,7168269,381.24,383.6,1569,383.75,107,
2026-04-13T10:59:14.313,NC,NTPC,383.6,374.35,385.3,374.35,380.15,7168379,381.24,383.6,1153,383.75,768,
2026-04-13T10:59:15.412,NC,NTPC,383.75,374.35,385.3,374.35,380.15,7168381,381.24,383.6,1735,383.75,613,
2026-04-13T10:59:16.546,NC,NTPC,383.6,374.35,385.3,374.35,380.15,7168408,381.24,383.6,1309,383.75,495,
2026-04-13T10:59:17.670,NC,NTPC,383.65,374.35,385.3,374.35,380.15,7168508,381.24,383.6,1149,383.75,495,
2026-04-13T10:59:18.617,NC,NTPC,383.6,374.35,385.3,374.35,380.15,7168527,381.24,383.6,1298,383.75,436,
2026-04-13T10:59:19.618,NC,NTPC,383.6,374.35,385.3,374.35,380.15,7168528,381.24,383.6,1391,383.75,435,
2026-04-13T10:59:20.523,NC,NTPC,383.7,374.35,385.3,374.35,380.15,7168778,381.24,383.6,1391,383.7,752,
2026-04-13T10:59:21.621,NC,NTPC,383.6,374.35,385.3,374.35,380.15,7168803,381.24,383.6,1366,383.7,750,
2026-04-13T10:59:22.738,NC,NTPC,383.6,374.35,385.3,374.35,380.15,7170308,381.24,383.55,55,383.6,893,
2026-04-13T10:59:23.828,NC,NTPC,383.65,374.35,385.3,374.35,380.15,7170339,381.24,383.55,25,383.65,732,
2026-04-13T10:59:24.931,NC,NTPC,383.55,374.35,385.3,374.35,380.15,7170342,381.24,383.55,22,383.65,732,
2026-04-13T10:59:26.037,NC,NTPC,383.65,374.35,385.3,374.35,380.15,7170481,381.24,383.55,22,383.65,6,
2026-04-13T10:59:27.035,NC,NTPC,383.7,374.35,385.3,374.35,380.15,7170695,381.24,383.55,8,383.7,1652,
2026-04-13T10:59:28.037,NC,NTPC,383.55,374.35,385.3,374.35,380.15,7170717,381.24,383.55,55,383.7,1612,
2026-04-13T10:59:29.042,NC,NTPC,383.55,374.35,385.3,374.35,380.15,7170719,381.24,383.55,53,383.7,1264,
2026-04-13T10:59:32.242,NC,NTPC,383.7,374.35,385.3,374.35,380.15,7170722,381.24,383.65,3,383.7,575,
2026-04-13T10:59:34.346,NC,NTPC,383.55,374.35,385.3,374.35,380.15,7170787,381.24,383.55,1556,383.65,1,
2026-04-13T10:59:35.450,NC,NTPC,383.7,374.35,385.3,374.35,380.15,7171111,381.24,383.55,1921,383.7,1531,
2026-04-13T10:59:36.546,NC,NTPC,383.55,374.35,385.3,374.35,380.15,7171143,381.24,383.55,1695,383.7,1531,
2026-04-13T10:59:41.950,NC,NTPC,383.55,374.35,385.3,374.35,380.15,7171365,381.24,383.55,3187,383.7,667,
2026-04-13T10:59:47.868,NC,NTPC,383.65,374.35,385.3,374.35,380.15,7172220,381.24,383.65,3,383.75,341,
2026-04-13T10:59:53.771,NC,NTPC,383.55,374.35,385.3,374.35,380.15,7172515,381.24,383.55,3025,383.7,268,
2026-04-13T10:59:59.379,NC,NTPC,383.7,374.35,385.3,374.35,380.15,7175023,381.25,383.55,754,383.7,388,
2026-04-13T11:00:04.927,NC,NTPC,383.7,374.35,385.3,374.35,380.15,7176598,381.25,383.55,1411,383.7,350,
2026-04-13T11:00:11.202,NC,NTPC,383.55,374.35,385.3,374.35,380.15,7176958,381.25,383.55,873,383.7,314,
2026-04-13T11:00:17.307,NC,NTPC,383.65,374.35,385.3,374.35,380.15,7177194,381.25,383.65,1405,383.8,31,
2026-04-13T11:00:23.222,NC,NTPC,383.8,374.35,385.3,374.35,380.15,7177566,381.25,383.7,95,383.75,26,
2026-04-13T11:00:28.839,NC,NTPC,383.7,374.35,385.3,374.35,380.15,7177862,381.25,383.7,1675,383.85,8483,
2026-04-13T11:00:34.434,NC,NTPC,383.7,374.35,385.3,374.35,380.15,7178439,381.25,383.7,1989,383.85,8472,
2026-04-13T11:00:40.355,NC,NTPC,383.85,374.35,385.3,374.35,380.15,7179240,381.25,383.7,1566,383.85,8455,
2026-04-13T11:00:46.054,NC,NTPC,383.8,374.35,385.3,374.35,380.15,7180004,381.25,383.7,1317,383.8,4,
2026-04-13T11:00:51.760,NC,NTPC,383.95,374.35,385.3,374.35,380.15,7188947,381.25,383.85,1849,383.95,1500,
2026-04-13T11:00:57.188,NC,NTPC,383.85,374.35,385.3,374.35,380.15,7189319,381.25,383.85,953,383.95,1231,
2026-04-13T11:01:02.591,NC,NTPC,383.85,374.35,385.3,374.35,380.15,7189417,381.25,383.85,427,383.95,1164,
2026-04-13T11:01:08.074,NC,NTPC,383.85,374.35,385.3,374.35,380.15,7189441,381.25,383.85,2468,384.0,531,
2026-04-13T11:01:13.907,NC,NTPC,383.95,374.35,385.3,374.35,380.15,7189456,381.25,383.9,341,383.95,238,
2026-04-13T11:01:19.698,NC,NTPC,383.95,374.35,385.3,374.35,380.15,7190104,381.25,383.95,1002,384.0,437,
2026-04-13T11:01:25.522,NC,NTPC,384.0,374.35,385.3,374.35,380.15,7190611,381.25,384.0,1639,384.05,1,
2026-04-13T11:01:31.315,NC,NTPC,384.15,374.35,385.3,374.35,380.15,7190769,381.25,384.05,204,384.15,11,
2026-04-13T11:01:37.160,NC,NTPC,384.1,374.35,385.3,374.35,380.15,7192218,381.25,384.1,3,384.15,16,
2026-04-13T11:01:43.019,NC,NTPC,383.85,374.35,385.3,374.35,380.15,7195386,381.25,383.85,253,383.9,763,
2026-04-13T11:01:48.632,NC,NTPC,383.7,374.35,385.3,374.35,380.15,7199092,381.25,383.7,719,383.85,584,
2026-04-13T11:01:54.335,NC,NTPC,383.85,374.35,385.3,374.35,380.15,7200246,381.25,383.85,2797,384.05,171,
2026-04-13T11:02:00.356,NC,NTPC,384.0,374.35,385.3,374.35,380.15,7200828,381.25,383.85,200,384.0,2405,
2026-04-13T11:02:06.441,NC,NTPC,384.05,374.35,385.3,374.35,380.15,7200894,381.25,384.0,2,384.05,1131,
2026-04-13T11:02:12.496,NC,NTPC,384.05,374.35,385.3,374.35,380.15,7201130,381.25,384.05,23,384.15,699,
2026-04-13T11:02:18.698,NC,NTPC,384.15,374.35,385.3,374.35,380.15,7202325,381.26,384.05,944,384.15,1,
2026-04-13T11:02:24.270,NC,NTPC,384.15,374.35,385.3,374.35,380.15,7202502,381.26,384.15,17,384.2,1564,
2026-04-13T11:02:29.987,NC,NTPC,384.0,374.35,385.3,374.35,380.15,7203237,381.26,384.0,4692,384.15,1646,
2026-04-13T11:02:35.670,NC,NTPC,384.05,374.35,385.3,374.35,380.15,7205222,381.26,384.0,4413,384.05,1460,
2026-04-13T11:02:36.872,NC,NTPC,384.0,374.35,385.3,374.35,380.15,7205242,381.26,384.0,4393,384.05,1459,
2026-04-13T11:02:38.771,NC,NTPC,384.05,374.35,385.3,374.35,380.15,7205248,381.26,384.0,4391,384.05,1457,
2026-04-13T11:02:39.875,NC,NTPC,384.05,374.35,385.3,374.35,380.15,7205459,381.26,384.0,4469,384.05,1246,
2026-04-13T11:02:40.880,NC,NTPC,384.05,374.35,385.3,374.35,380.15,7205480,381.26,384.0,4464,384.05,1233,
2026-04-13T11:02:41.973,NC,NTPC,384.0,374.35,385.3,374.35,380.15,7206303,381.26,384.0,4239,384.05,985,
2026-04-13T11:02:43.072,NC,NTPC,384.0,374.35,385.3,374.35,380.15,7206386,381.26,384.0,4156,384.05,983,
2026-04-13T11:02:44.075,NC,NTPC,384.0,374.35,385.3,374.35,380.15,7206436,381.26,384.0,4113,384.05,976,
2026-04-13T11:02:45.091,NC,NTPC,384.0,374.35,385.3,374.35,380.15,7206697,381.26,384.0,3774,384.05,977,
2026-04-13T11:02:46.178,NC,NTPC,384.0,374.35,385.3,374.35,380.15,7206747,381.26,384.0,3748,384.05,951,
2026-04-13T11:02:47.278,NC,NTPC,384.05,374.35,385.3,374.35,380.15,7206754,381.26,384.0,4685,384.05,1,
2026-04-13T11:02:48.379,NC,NTPC,384.15,374.35,385.3,374.35,380.15,7206758,381.26,384.0,3967,384.05,1,
2026-04-13T11:02:49.281,NC,NTPC,384.0,374.35,385.3,374.35,380.15,7206809,381.26,384.0,3926,384.05,1,
2026-04-13T11:02:50.384,NC,NTPC,384.0,374.35,385.3,374.35,380.15,7207066,381.26,384.0,3637,384.05,2,
2026-04-13T11:02:51.501,NC,NTPC,384.15,374.35,385.3,374.35,380.15,7207132,381.26,384.05,81,384.15,2162,
2026-04-13T11:02:52.586,NC,NTPC,384.15,374.35,385.3,374.35,380.15,7207345,381.26,384.05,74,384.15,952,
2026-04-13T11:02:53.689,NC,NTPC,384.05,374.35,385.3,374.35,380.15,7207419,381.26,384.0,3745,384.05,3,
2026-04-13T11:02:54.794,NC,NTPC,384.05,374.35,385.3,374.35,380.15,7207618,381.26,384.05,546,384.1,537,
2026-04-13T11:02:55.913,NC,NTPC,384.05,374.35,385.3,374.35,380.15,7207665,381.26,384.05,499,384.1,537,
2026-04-13T11:02:56.989,NC,NTPC,384.15,374.35,385.3,374.35,380.15,7207916,381.26,384.05,499,384.15,1468,
2026-04-13T11:02:58.103,NC,NTPC,384.05,374.35,385.3,374.35,380.15,7207946,381.26,384.05,469,384.15,1137,
2026-04-13T11:02:59.204,NC,NTPC,384.05,374.35,385.3,374.35,380.15,7207949,381.26,384.05,516,384.15,531,
2026-04-13T11:03:01.439,NC,NTPC,384.05,374.35,385.3,374.35,380.15,7208499,381.26,384.0,9107,384.15,1710,
2026-04-13T11:03:02.507,NC,NTPC,384.0,374.35,385.3,374.35,380.15,7208557,381.26,384.0,9052,384.15,1702,
2026-04-13T11:03:03.602,NC,NTPC,384.0,374.35,385.3,374.35,380.15,7208565,381.26,384.0,9044,384.15,1703,
2026-04-13T11:03:04.704,NC,NTPC,384.0,374.35,385.3,374.35,380.15,7208588,381.26,384.0,9031,384.15,1692,
2026-04-13T11:03:05.708,NC,NTPC,384.0,374.35,385.3,374.35,380.15,7208590,381.26,384.0,9029,384.15,1893,
2026-04-13T11:03:06.813,NC,NTPC,384.15,374.35,385.3,374.35,380.15,7208622,381.26,384.0,9119,384.15,1987,
2026-04-13T11:03:07.921,NC,NTPC,383.8,374.35,385.3,374.35,380.15,7219009,381.26,383.8,631,383.95,2423,
2026-04-13T11:03:09.026,NC,NTPC,384.05,374.35,385.3,374.35,380.15,7223619,381.26,383.85,645,384.05,750,
2026-04-13T11:03:11.016,NC,NTPC,383.9,374.35,385.3,374.35,380.15,7223880,381.26,383.9,1858,384.05,1,
2026-04-13T11:03:12.155,NC,NTPC,384.05,374.35,385.3,374.35,380.15,7224020,381.26,384.05,22,384.1,607,
2026-04-13T11:03:13.215,NC,NTPC,384.05,374.35,385.3,374.35,380.15,7224039,381.26,384.05,3,384.1,807,
2026-04-13T11:03:15.419,NC,NTPC,383.9,374.35,385.3,374.35,380.15,7224131,381.26,383.9,1471,384.05,161,
2026-04-13T11:03:16.516,NC,NTPC,383.9,374.35,385.3,374.35,380.15,7224140,381.26,384.0,94,384.05,39,
2026-04-13T11:03:17.627,NC,NTPC,384.05,374.35,385.3,374.35,380.15,7224242,381.26,384.0,93,384.05,90,
2026-04-13T11:03:18.726,NC,NTPC,384.0,374.35,385.3,374.35,380.15,7224262,381.26,384.0,93,384.05,80,
2026-04-13T11:03:19.827,NC,NTPC,384.0,374.35,385.3,374.35,380.15,7224266,381.26,384.0,93,384.05,80,
2026-04-13T11:03:20.928,NC,NTPC,384.0,374.35,385.3,374.35,380.15,7224267,381.26,384.0,167,384.05,80,
2026-04-13T11:03:21.928,NC,NTPC,384.0,374.35,385.3,374.35,380.15,7224268,381.26,384.0,166,384.05,79,
2026-04-13T11:03:23.028,NC,NTPC,384.05,374.35,385.3,374.35,380.15,7224348,381.26,384.05,16,384.1,361,
2026-04-13T11:03:24.139,NC,NTPC,384.05,374.35,385.3,374.35,380.15,7224356,381.26,384.05,125,384.1,10,
2026-04-13T11:03:25.240,NC,NTPC,384.0,374.35,385.3,374.35,380.15,7224956,381.26,384.0,1386,384.15,43,
2026-04-13T11:03:26.333,NC,NTPC,384.15,374.35,385.3,374.35,380.15,7225213,381.26,384.15,25,384.2,15,
2026-04-13T11:03:27.441,NC,NTPC,384.15,374.35,385.3,374.35,380.15,7225256,381.26,384.15,25,384.2,16,
2026-04-13T11:03:28.549,NC,NTPC,384.15,374.35,385.3,374.35,380.15,7225262,381.26,384.15,21,384.2,13,
2026-04-13T11:03:29.645,NC,NTPC,384.25,374.35,385.3,374.35,380.15,7225344,381.26,384.2,17,384.25,1086,
2026-04-13T11:03:31.746,NC,NTPC,384.25,374.35,385.3,374.35,380.15,7225424,381.26,384.2,186,384.25,750,
2026-04-13T11:03:32.843,NC,NTPC,384.2,374.35,385.3,374.35,380.15,7225508,381.26,384.2,163,384.25,445,
2026-04-13T11:03:33.946,NC,NTPC,384.2,374.35,385.3,374.35,380.15,7225509,381.26,384.2,88,384.3,1541,
2026-04-13T11:03:35.051,NC,NTPC,384.3,374.35,385.3,374.35,380.15,7226297,381.26,384.25,85,384.3,643,
2026-04-13T11:03:36.245,NC,NTPC,384.3,374.35,385.3,374.35,380.15,7226395,381.26,384.25,22,384.3,639,
2026-04-13T11:03:40.061,NC,NTPC,384.25,374.35,385.3,374.35,380.15,7226463,381.26,384.05,243,384.25,1537,
2026-04-13T11:03:45.674,NC,NTPC,384.15,374.35,385.3,374.35,380.15,7227985,381.27,384.15,317,384.3,1254,
2026-04-13T11:03:51.292,NC,NTPC,384.15,374.35,385.3,374.35,380.15,7228134,381.27,384.15,435,384.25,7,
2026-04-13T11:03:56.701,NC,NTPC,384.3,374.35,385.3,374.35,380.15,7230207,381.27,384.25,21,384.3,3,
2026-04-13T11:04:02.220,NC,NTPC,384.3,374.35,385.3,374.35,380.15,7230410,381.27,384.3,7,384.4,769,
2026-04-13T11:04:07.737,NC,NTPC,384.3,374.35,385.3,374.35,380.15,7231738,381.27,384.3,296,384.4,111,
2026-04-13T11:04:13.224,NC,NTPC,384.3,374.35,385.3,374.35,380.15,7232094,381.27,384.3,269,384.35,1,
2026-04-13T11:04:18.819,NC,NTPC,384.35,374.35,385.3,374.35,380.15,7233590,381.27,384.35,914,384.4,7,
2026-04-13T11:04:24.320,NC,NTPC,384.5,374.35,385.3,374.35,380.15,7234548,381.27,384.35,4215,384.5,8,
2026-04-13T11:04:30.035,NC,NTPC,384.35,374.35,385.3,374.35,380.15,7235588,381.27,384.35,2558,384.5,2363,
2026-04-13T11:04:35.841,NC,NTPC,384.45,374.35,385.3,374.35,380.15,7241589,381.27,384.25,52,384.35,141,
2026-04-13T11:04:41.258,NC,NTPC,384.35,374.35,385.3,374.35,380.15,7242428,381.27,384.35,6,384.4,1430,
2026-04-13T11:04:46.355,NC,NTPC,384.25,374.35,385.3,374.35,380.15,7260035,381.28,384.05,428,384.25,1439,
2026-04-13T11:04:51.860,NC,NTPC,384.05,374.35,385.3,374.35,380.15,7260633,381.28,384.05,801,384.15,1,
2026-04-13T11:04:57.066,NC,NTPC,383.8,374.35,385.3,374.35,380.15,7264238,381.28,383.8,1190,384.0,1890,
2026-04-13T11:05:02.370,NC,NTPC,383.8,374.35,385.3,374.35,380.15,7267450,381.28,383.85,930,384.0,990,
2026-04-13T11:05:08.172,NC,NTPC,384.0,374.35,385.3,374.35,380.15,7268379,381.28,383.85,601,384.0,764,
2026-04-13T11:05:13.801,NC,NTPC,383.8,374.35,385.3,374.35,380.15,7268765,381.28,383.8,576,384.0,1986,
2026-04-13T11:05:19.502,NC,NTPC,383.95,374.35,385.3,374.35,380.15,7269669,381.28,383.85,760,383.95,8,
2026-04-13T11:05:25.007,NC,NTPC,383.7,374.35,385.3,374.35,380.15,7271692,381.28,383.7,1713,383.85,4,
2026-04-13T11:05:30.210,NC,NTPC,383.85,374.35,385.3,374.35,380.15,7271877,381.28,383.85,13,383.9,1546,
2026-04-13T11:05:35.423,NC,NTPC,383.85,374.35,385.3,374.35,380.15,7272720,381.28,383.85,4,383.9,2180,
2026-04-13T11:05:37.130,NC,NTPC,383.7,374.35,385.3,374.35,380.15,7272731,381.28,383.7,2568,383.85,1,
2026-04-13T11:05:38.024,NC,NTPC,383.7,374.35,385.3,374.35,380.15,7273107,381.28,383.7,2192,383.85,2,
2026-04-13T11:05:39.220,NC,NTPC,383.7,374.35,385.3,374.35,380.15,7273142,381.28,383.7,2111,383.8,1644,
2026-04-13T11:05:40.334,NC,NTPC,383.7,374.35,385.3,374.35,380.15,7273162,381.28,383.7,2106,383.8,1628,
2026-04-13T11:05:41.438,NC,NTPC,383.7,374.35,385.3,374.35,380.15,7273496,381.28,383.7,2078,383.8,1371,
2026-04-13T11:05:42.523,NC,NTPC,383.7,374.35,385.3,374.35,380.15,7273526,381.28,383.7,2052,383.8,1365,
2026-04-13T11:05:43.621,NC,NTPC,383.7,374.35,385.3,374.35,380.15,7273529,381.28,383.7,2049,383.8,1362,
2026-04-13T11:05:44.721,NC,NTPC,383.65,374.35,385.3,374.35,380.15,7288414,381.29,383.65,1459,383.85,1734,
2026-04-13T11:05:45.720,NC,NTPC,383.85,374.35,385.3,374.35,380.15,7288573,381.29,383.65,1363,383.85,752,
2026-04-13T11:05:46.821,NC,NTPC,383.95,374.35,385.3,374.35,380.15,7291591,381.29,383.8,3,383.95,1588,
2026-04-13T11:05:47.923,NC,NTPC,383.8,374.35,385.3,374.35,380.15,7291706,381.29,383.75,223,383.8,27,
2026-04-13T11:05:48.927,NC,NTPC,383.7,374.35,385.3,374.35,380.15,7291980,381.29,383.7,1915,383.8,1,
2026-04-13T11:05:49.941,NC,NTPC,383.7,374.35,385.3,374.35,380.15,7292001,381.29,383.7,1894,383.85,1,
2026-04-13T11:05:50.930,NC,NTPC,383.7,374.35,385.3,374.35,380.15,7292002,381.29,383.7,1893,383.85,1,
2026-04-13T11:05:51.930,NC,NTPC,383.75,374.35,385.3,374.35,380.15,7292233,381.29,383.75,336,383.85,2,
2026-04-13T11:05:52.934,NC,NTPC,383.85,374.35,385.3,374.35,380.15,7292298,381.29,383.85,137,383.9,1311,
2026-04-13T11:05:53.933,NC,NTPC,383.85,374.35,385.3,374.35,380.15,7292355,381.29,383.85,98,383.9,1017,
2026-04-13T11:05:54.934,NC,NTPC,383.9,374.35,385.3,374.35,380.15,7293084,381.29,383.85,26,383.9,107,
2026-04-13T11:05:55.939,NC,NTPC,383.9,374.35,385.3,374.35,380.15,7293092,381.29,383.85,19,383.9,158,
2026-04-13T11:05:56.952,NC,NTPC,383.9,374.35,385.3,374.35,380.15,7293306,381.29,383.9,25,383.95,616,
2026-04-13T11:05:57.949,NC,NTPC,383.95,374.35,385.3,374.35,380.15,7293329,381.29,383.9,4,383.95,482,
2026-04-13T11:05:58.840,NC,NTPC,383.9,374.35,385.3,374.35,380.15,7293331,381.29,383.9,2,383.95,488,
2026-04-13T11:05:59.945,NC,NTPC,383.9,374.35,385.3,374.35,380.15,7293509,381.29,383.9,173,383.95,379,
2026-04-13T11:06:00.942,NC,NTPC,383.9,374.35,385.3,374.35,380.15,7293717,381.29,383.7,197,383.9,2030,
2026-04-13T11:06:01.962,NC,NTPC,383.7,374.35,385.3,374.35,380.15,7293741,381.29,383.7,1222,383.9,660,
2026-04-13T11:06:02.964,NC,NTPC,383.7,374.35,385.3,374.35,380.15,7293755,381.29,383.7,1393,383.85,5,
2026-04-13T11:06:03.859,NC,NTPC,383.7,374.35,385.3,374.35,380.15,7293757,381.29,383.7,1392,383.85,6,
2026-04-13T11:06:04.952,NC,NTPC,383.7,374.35,385.3,374.35,380.15,7294478,381.29,383.7,1326,383.9,932,
2026-04-13T11:06:05.952,NC,NTPC,383.9,374.35,385.3,374.35,380.15,7294535,381.29,383.7,1135,383.9,890,
2026-04-13T11:06:06.953,NC,NTPC,383.7,374.35,385.3,374.35,380.15,7294647,381.29,383.7,1123,383.9,849,
2026-04-13T11:06:07.955,NC,NTPC,383.7,374.35,385.3,374.35,380.15,7294658,381.29,383.7,1112,383.9,1838,
2026-04-13T11:06:08.956,NC,NTPC,383.65,374.35,385.3,374.35,380.15,7294859,381.29,383.65,161,383.7,7,
2026-04-13T11:06:09.953,NC,NTPC,383.7,374.35,385.3,374.35,380.15,7294911,381.29,383.65,113,383.7,7,
2026-04-13T11:06:10.955,NC,NTPC,383.55,374.35,385.3,374.35,380.15,7294952,381.29,383.55,2151,383.8,2536,
2026-04-13T11:06:11.958,NC,NTPC,383.7,374.35,385.3,374.35,380.15,7295208,381.29,383.7,144,383.8,2288,
2026-04-13T11:06:12.964,NC,NTPC,383.7,374.35,385.3,374.35,380.15,7295234,381.29,383.7,125,383.8,2286,
2026-04-13T11:06:13.957,NC,NTPC,383.7,374.35,385.3,374.35,380.15,7295237,381.29,383.7,122,383.8,2286,
2026-04-13T11:06:14.959,NC,NTPC,383.8,374.35,385.3,374.35,380.15,7295895,381.29,383.7,216,383.8,58,
2026-04-13T11:06:15.956,NC,NTPC,383.7,374.35,385.3,374.35,380.15,7295990,381.29,383.7,146,383.8,35,
2026-04-13T11:06:16.960,NC,NTPC,383.7,374.35,385.3,374.35,380.15,7296045,381.29,383.6,8,383.75,667,
2026-04-13T11:06:17.965,NC,NTPC,383.6,374.35,385.3,374.35,380.15,7297046,381.29,383.6,777,383.8,1286,
2026-04-13T11:06:19.059,NC,NTPC,383.8,374.35,385.3,374.35,380.15,7297159,381.29,383.55,96,383.7,995,
2026-04-13T11:06:20.063,NC,NTPC,383.5,374.35,385.3,374.35,380.15,7298211,381.29,383.5,5712,383.65,431,
2026-04-13T11:06:21.070,NC,NTPC,383.65,374.35,385.3,374.35,380.15,7298291,381.29,383.5,5731,383.65,441,
2026-04-13T11:06:22.063,NC,NTPC,383.65,374.35,385.3,374.35,380.15,7298398,381.29,383.5,5626,383.65,429,
2026-04-13T11:06:23.162,NC,NTPC,383.5,374.35,385.3,374.35,380.15,7299245,381.29,383.5,4946,383.65,1119,
2026-04-13T11:06:24.265,NC,NTPC,383.65,374.35,385.3,374.35,380.15,7300025,381.29,383.5,4826,383.65,460,
2026-04-13T11:06:25.368,NC,NTPC,383.5,374.35,385.3,374.35,380.15,7300041,381.29,383.5,4810,383.65,518,
2026-04-13T11:06:26.375,NC,NTPC,383.5,374.35,385.3,374.35,380.15,7300390,381.29,383.5,4709,383.6,645,
2026-04-13T11:06:27.376,NC,NTPC,383.5,374.35,385.3,374.35,380.15,7301036,381.29,383.5,5173,383.7,2038,
2026-04-13T11:06:28.479,NC,NTPC,383.7,374.35,385.3,374.35,380.15,7302411,381.29,383.65,1190,383.8,375,
2026-04-13T11:06:29.473,NC,NTPC,383.7,374.35,385.3,374.35,380.15,7302550,381.29,383.6,1549,383.7,6,
2026-04-13T11:06:30.474,NC,NTPC,383.7,374.35,385.3,374.35,380.15,7302564,381.29,383.6,1539,383.7,2,
2026-04-13T11:06:31.476,NC,NTPC,383.7,374.35,385.3,374.35,380.15,7302758,381.29,383.65,163,383.7,81,
2026-04-13T11:06:32.378,NC,NTPC,383.65,374.35,385.3,374.35,380.15,7302762,381.29,383.65,1016,383.7,80,
2026-04-13T11:06:33.480,NC,NTPC,383.65,374.35,385.3,374.35,380.15,7302775,381.29,383.6,1256,383.7,81,
2026-04-13T11:06:34.485,NC,NTPC,383.8,374.35,385.3,374.35,380.15,7303465,381.29,383.6,1256,383.8,1220,
2026-04-13T11:06:35.477,NC,NTPC,383.7,374.35,385.3,374.35,380.15,7303491,381.29,383.6,1285,383.7,124,
2026-04-13T11:06:36.477,NC,NTPC,383.6,374.35,385.3,374.35,380.15,7303560,381.29,383.6,1187,383.7,125,
2026-04-13T11:06:37.577,NC,NTPC,383.6,374.35,385.3,374.35,380.15,7303571,381.29,383.6,1229,383.7,123,
2026-04-13T11:06:38.579,NC,NTPC,383.6,374.35,385.3,374.35,380.15,7303639,381.29,383.6,866,383.7,124,
2026-04-13T11:06:39.693,NC,NTPC,383.6,374.35,385.3,374.35,380.15,7303647,381.29,383.6,442,383.7,123,
2026-04-13T11:06:40.688,NC,NTPC,383.6,374.35,385.3,374.35,380.15,7303653,381.29,383.6,436,383.7,124,
2026-04-13T11:06:41.683,NC,NTPC,383.7,374.35,385.3,374.35,380.15,7303827,381.29,383.7,25,383.75,816,
2026-04-13T11:06:42.784,NC,NTPC,383.6,374.35,385.3,374.35,380.15,7303927,381.29,383.6,2,383.75,2509,
2026-04-13T11:06:43.687,NC,NTPC,383.6,374.35,385.3,374.35,380.15,7303931,381.29,383.55,1892,383.6,1,
2026-04-13T11:06:44.790,NC,NTPC,383.6,374.35,385.3,374.35,380.15,7304616,381.29,383.55,1836,383.6,6,
2026-04-13T11:06:45.889,NC,NTPC,383.6,374.35,385.3,374.35,380.15,7304698,381.29,383.6,1808,383.8,1805,
2026-04-13T11:06:48.089,NC,NTPC,383.6,374.35,385.3,374.35,380.15,7304702,381.29,383.6,1802,383.8,832,
2026-04-13T11:06:49.095,NC,NTPC,383.6,374.35,385.3,374.35,380.15,7304784,381.29,383.6,958,383.8,1635,
2026-04-13T11:06:50.194,NC,NTPC,383.8,374.35,385.3,374.35,380.15,7304796,381.29,383.6,949,383.8,1632,
2026-04-13T11:06:51.291,NC,NTPC,383.7,374.35,385.3,374.35,380.15,7304801,381.29,383.7,3,383.8,1829,
2026-04-13T11:06:52.408,NC,NTPC,383.7,374.35,385.3,374.35,380.15,7304802,381.29,383.7,4,383.8,1962,
2026-04-13T11:06:53.398,NC,NTPC,383.8,374.35,385.3,374.35,380.15,7305045,381.29,383.6,802,383.8,1076,
2026-04-13T11:06:54.396,NC,NTPC,383.6,374.35,385.3,374.35,380.15,7305725,381.29,383.6,2018,383.8,410,
2026-04-13T11:06:55.313,NC,NTPC,383.6,374.35,385.3,374.35,380.15,7305793,381.29,383.6,1839,383.8,456,
2026-04-13T11:06:56.397,NC,NTPC,383.65,374.35,385.3,374.35,380.15,7306049,381.29,383.65,1830,383.8,24,
2026-04-13T11:06:57.506,NC,NTPC,383.6,374.35,385.3,374.35,380.15,7306077,381.29,383.6,137,383.75,30,
2026-04-13T11:06:59.506,NC,NTPC,383.6,374.35,385.3,374.35,380.15,7306145,381.29,383.55,2488,383.65,2,
2026-04-13T11:07:00.526,NC,NTPC,383.55,374.35,385.3,374.35,380.15,7306146,381.29,383.6,614,383.65,2,
2026-04-13T11:07:01.504,NC,NTPC,383.75,374.35,385.3,374.35,380.15,7306164,381.29,383.65,86,383.75,15,
2026-04-13T11:07:02.506,NC,NTPC,383.75,374.35,385.3,374.35,380.15,7306168,381.29,383.65,86,383.75,12,
2026-04-13T11:07:04.407,NC,NTPC,383.8,374.35,385.3,374.35,380.15,7306823,381.29,383.65,1327,383.8,8,
2026-04-13T11:07:05.509,NC,NTPC,383.75,374.35,385.3,374.35,380.15,7306895,381.29,383.7,1405,383.75,3,
2026-04-13T11:07:06.642,NC,NTPC,383.75,374.35,385.3,374.35,380.15,7307020,381.29,383.7,1353,383.75,7,
2026-04-13T11:07:07.731,NC,NTPC,383.7,374.35,385.3,374.35,380.15,7307340,381.29,383.7,1108,383.75,6,
2026-04-13T11:07:08.713,NC,NTPC,383.7,374.35,385.3,374.35,380.15,7307407,381.29,383.7,3,383.85,1681,
2026-04-13T11:07:09.618,NC,NTPC,383.8,374.35,385.3,374.35,380.15,7307457,381.29,383.7,3,383.85,1690,
2026-04-13T11:07:10.715,NC,NTPC,383.7,374.35,385.3,374.35,380.15,7307536,381.29,383.7,1,383.8,201,
2026-04-13T11:07:11.717,NC,NTPC,383.6,374.35,385.3,374.35,380.15,7309114,381.29,383.6,1081,383.8,513,
2026-04-13T11:07:12.833,NC,NTPC,383.6,374.35,385.3,374.35,380.15,7309154,381.29,383.6,1125,383.75,2,
2026-04-13T11:07:13.922,NC,NTPC,383.6,374.35,385.3,374.35,380.15,7309156,381.29,383.65,822,383.75,1,
2026-04-13T11:07:14.938,NC,NTPC,383.7,374.35,385.3,374.35,380.15,7309931,381.29,383.7,940,383.9,816,
2026-04-13T11:07:16.926,NC,NTPC,383.7,374.35,385.3,374.35,380.15,7310443,381.3,383.7,678,383.85,2,
2026-04-13T11:07:18.018,NC,NTPC,383.75,374.35,385.3,374.35,380.15,7311200,381.3,383.75,122,383.85,6,
2026-04-13T11:07:19.127,NC,NTPC,383.7,374.35,385.3,374.35,380.15,7311355,381.3,383.7,132,383.85,4,
2026-04-13T11:07:20.227,NC,NTPC,383.7,374.35,385.3,374.35,380.15,7311373,381.3,383.7,164,383.8,1,
2026-04-13T11:07:21.220,NC,NTPC,383.8,374.35,385.3,374.35,380.15,7311376,381.3,383.75,92,383.85,2,
2026-04-13T11:07:22.219,NC,NTPC,383.75,374.35,385.3,374.35,380.15,7311378,381.3,383.75,90,383.85,2,
2026-04-13T11:07:23.220,NC,NTPC,383.9,374.35,385.3,374.35,380.15,7311384,381.3,383.85,1867,383.9,852,
2026-04-13T11:07:24.226,NC,NTPC,383.9,374.35,385.3,374.35,380.15,7312057,381.3,383.85,1945,383.9,12,
2026-04-13T11:07:25.231,NC,NTPC,383.85,374.35,385.3,374.35,380.15,7312159,381.3,383.85,1781,383.9,32,
2026-04-13T11:07:26.327,NC,NTPC,383.9,374.35,385.3,374.35,380.15,7312210,381.3,383.9,16,383.95,2,
2026-04-13T11:07:27.225,NC,NTPC,383.9,374.35,385.3,374.35,380.15,7312215,381.3,383.9,11,383.95,1,
2026-04-13T11:07:28.243,NC,NTPC,384.0,374.35,385.3,374.35,380.15,7312315,381.3,383.9,11,384.0,2828,
2026-04-13T11:07:29.235,NC,NTPC,384.0,374.35,385.3,374.35,380.15,7312916,381.3,383.9,25,384.0,2324,
2026-04-13T11:07:30.353,NC,NTPC,383.85,374.35,385.3,374.35,380.15,7313348,381.3,383.85,1738,384.0,1833,
2026-04-13T11:07:31.444,NC,NTPC,383.95,374.35,385.3,374.35,380.15,7313436,381.3,383.95,3,384.0,2085,
2026-04-13T11:07:32.556,NC,NTPC,383.95,374.35,385.3,374.35,380.15,7313448,381.3,383.95,3,384.0,2085,
2026-04-13T11:07:33.543,NC,NTPC,383.95,374.35,385.3,374.35,380.15,7313449,381.3,383.95,3,384.0,2085,
2026-04-13T11:07:34.547,NC,NTPC,384.0,374.35,385.3,374.35,380.15,7314144,381.3,383.95,75,384.0,1427,
2026-04-13T11:07:35.544,NC,NTPC,383.95,374.35,385.3,374.35,380.15,7314319,381.3,383.85,2105,383.95,1,
2026-04-13T11:07:36.543,NC,NTPC,383.85,374.35,385.3,374.35,380.15,7314347,381.3,383.85,1632,384.0,1658,
2026-04-13T11:07:37.643,NC,NTPC,384.0,374.35,385.3,374.35,380.15,7314355,381.3,383.85,1629,384.0,1919,
2026-04-13T11:07:38.646,NC,NTPC,383.85,374.35,385.3,374.35,380.15,7314424,381.3,383.85,1488,384.0,1971,
2026-04-13T11:07:39.755,NC,NTPC,383.85,374.35,385.3,374.35,380.15,7314431,381.3,383.85,1481,384.0,2232,
2026-04-13T11:07:40.754,NC,NTPC,383.85,374.35,385.3,374.35,380.15,7314437,381.3,383.85,1475,384.0,2231,
2026-04-13T11:07:41.752,NC,NTPC,383.85,374.35,385.3,374.35,380.15,7314711,381.3,383.85,1500,384.0,907,
2026-04-13T11:07:42.754,NC,NTPC,383.9,374.35,385.3,374.35,380.15,7314869,381.3,383.85,1519,383.9,1,
2026-04-13T11:07:43.854,NC,NTPC,383.8,374.35,385.3,374.35,380.15,7316706,381.3,383.75,2026,383.9,1,
2026-04-13T11:07:44.957,NC,NTPC,383.95,374.35,385.3,374.35,380.15,7317445,381.3,383.8,1584,383.95,360,
2026-04-13T11:07:46.057,NC,NTPC,383.9,374.35,385.3,374.35,380.15,7317756,381.3,383.8,534,383.9,2,
2026-04-13T11:07:47.155,NC,NTPC,383.8,374.35,385.3,374.35,380.15,7317818,381.3,383.8,910,384.0,672,
2026-04-13T11:07:48.259,NC,NTPC,383.8,374.35,385.3,374.35,380.15,7318093,381.3,383.8,671,383.95,94,
2026-04-13T11:07:49.364,NC,NTPC,383.8,374.35,385.3,374.35,380.15,7318171,381.3,383.8,71,383.95,143,
2026-04-13T11:07:50.359,NC,NTPC,383.8,374.35,385.3,374.35,380.15,7318172,381.3,383.8,70,383.95,201,
2026-04-13T11:07:51.363,NC,NTPC,383.75,374.35,385.3,374.35,380.15,7318322,381.3,383.75,1197,383.95,211,
2026-04-13T11:07:52.360,NC,NTPC,383.75,374.35,385.3,374.35,380.15,7318343,381.3,383.75,1180,383.95,157,
2026-04-13T11:07:53.274,NC,NTPC,384.1,374.35,385.3,374.35,380.15,7321548,381.3,383.8,117,383.95,32,
2026-04-13T11:07:54.270,NC,NTPC,384.0,374.35,385.3,374.35,380.15,7324058,381.3,383.8,1064,384.0,344,
2026-04-13T11:07:55.374,NC,NTPC,383.85,374.35,385.3,374.35,380.15,7324325,381.3,383.8,413,384.0,1098,
2026-04-13T11:07:56.406,NC,NTPC,384.0,374.35,385.3,374.35,380.15,7325593,381.3,383.85,1120,384.0,57,
2026-04-13T11:07:57.370,NC,NTPC,384.0,374.35,385.3,374.35,380.15,7325825,381.3,383.85,17,384.0,2466,
2026-04-13T11:07:58.422,NC,NTPC,383.85,374.35,385.3,374.35,380.15,7325848,381.3,383.9,110,384.0,2053,
2026-04-13T11:07:59.517,NC,NTPC,384.0,374.35,385.3,374.35,380.15,7326029,381.3,383.95,98,384.0,1953,
2026-04-13T11:08:00.747,NC,NTPC,384.0,374.35,385.3,374.35,380.15,7326170,381.3,383.95,2,384.0,1934,
2026-04-13T11:08:01.490,NC,NTPC,384.0,374.35,385.3,374.35,380.15,7326200,381.3,383.95,2,384.0,1908,
2026-04-13T11:08:02.488,NC,NTPC,383.95,374.35,385.3,374.35,380.15,7326203,381.3,383.95,11,384.0,1907,
2026-04-13T11:08:03.582,NC,NTPC,384.0,374.35,385.3,374.35,380.15,7326204,381.3,383.95,11,384.0,3991,
2026-04-13T11:08:04.681,NC,NTPC,384.0,374.35,385.3,374.35,380.15,7326861,381.3,383.95,11,384.0,3444,
2026-04-13T11:08:05.688,NC,NTPC,383.85,374.35,385.3,374.35,380.15,7326975,381.3,383.85,89,383.95,2,
2026-04-13T11:08:06.694,NC,NTPC,383.8,374.35,385.3,374.35,380.15,7327039,381.3,383.8,1268,383.9,2,
2026-04-13T11:08:07.687,NC,NTPC,383.85,374.35,385.3,374.35,380.15,7327132,381.3,383.85,514,383.95,76,
2026-04-13T11:08:08.681,NC,NTPC,383.85,374.35,385.3,374.35,380.15,7327277,381.3,383.85,2051,384.0,3350,
2026-04-13T11:08:09.586,NC,NTPC,384.0,374.35,385.3,374.35,380.15,7327285,381.3,383.85,2559,384.0,3349,
2026-04-13T11:08:10.590,NC,NTPC,384.05,374.35,385.3,374.35,380.15,7330708,381.3,384.05,580,384.15,203,
2026-04-13T11:08:11.601,NC,NTPC,384.2,374.35,385.3,374.35,380.15,7331532,381.3,384.0,1398,384.2,589,
2026-04-13T11:08:12.601,NC,NTPC,384.15,374.35,385.3,374.35,380.15,7331574,381.3,384.0,1646,384.2,581,
2026-04-13T11:08:13.602,NC,NTPC,384.0,374.35,385.3,374.35,380.15,7331579,381.3,384.0,702,384.2,1047,
2026-04-13T11:08:14.501,NC,NTPC,384.3,374.35,385.3,374.35,380.15,7332244,381.3,384.05,1462,384.25,181,
2026-04-13T11:08:15.601,NC,NTPC,384.05,374.35,385.3,374.35,380.15,7332310,381.3,384.05,1396,384.25,175,
2026-04-13T11:08:16.601,NC,NTPC,384.3,374.35,385.3,374.35,380.15,7332318,381.3,384.2,3,384.3,620,
2026-04-13T11:08:17.609,NC,NTPC,384.2,374.35,385.3,374.35,380.15,7332342,381.3,384.2,322,384.3,1,
2026-04-13T11:08:18.607,NC,NTPC,384.2,374.35,385.3,374.35,380.15,7332411,381.3,384.2,788,384.35,5,
2026-04-13T11:08:19.611,NC,NTPC,384.4,374.35,385.3,374.35,380.15,7332611,381.3,384.3,50,384.4,1008,
2026-04-13T11:08:20.515,NC,NTPC,384.4,374.35,385.3,374.35,380.15,7332639,381.3,384.3,23,384.4,632,
2026-04-13T11:08:21.510,NC,NTPC,384.2,374.35,385.3,374.35,380.15,7333080,381.3,384.2,3538,384.4,959,
2026-04-13T11:08:22.511,NC,NTPC,384.4,374.35,385.3,374.35,380.15,7333293,381.3,384.2,1627,384.35,54,
2026-04-13T11:08:23.510,NC,NTPC,384.2,374.35,385.3,374.35,380.15,7334175,381.3,384.2,121,384.4,1639,
2026-04-13T11:08:24.510,NC,NTPC,384.4,374.35,385.3,374.35,380.15,7335265,381.3,384.15,1201,384.4,1732,
2026-04-13T11:08:25.417,NC,NTPC,384.15,374.35,385.3,374.35,380.15,7335375,381.3,384.15,1134,384.35,337,
2026-04-13T11:08:26.512,NC,NTPC,384.2,374.35,385.3,374.35,380.15,7335636,381.3,384.15,923,384.3,1,
2026-04-13T11:08:27.516,NC,NTPC,384.15,374.35,385.3,374.35,380.15,7335662,381.3,384.15,866,384.3,1,
2026-04-13T11:08:28.528,NC,NTPC,384.15,374.35,385.3,374.35,380.15,7335731,381.3,384.15,842,384.3,13,
2026-04-13T11:08:29.522,NC,NTPC,384.15,374.35,385.3,374.35,380.15,7335757,381.3,384.15,682,384.3,59,
2026-04-13T11:08:30.520,NC,NTPC,384.15,374.35,385.3,374.35,380.15,7335762,381.3,384.15,870,384.3,58,
2026-04-13T11:08:31.523,NC,NTPC,384.3,374.35,385.3,374.35,380.15,7335763,381.3,384.25,3,384.3,11,
2026-04-13T11:08:32.530,NC,NTPC,384.35,374.35,385.3,374.35,380.15,7336443,381.3,384.25,2,384.35,461,
2026-04-13T11:08:33.531,NC,NTPC,384.25,374.35,385.3,374.35,380.15,7336512,381.3,384.15,1093,384.25,8,
2026-04-13T11:08:34.627,NC,NTPC,384.2,374.35,385.3,374.35,380.15,7336555,381.3,384.2,131,384.3,4,
2026-04-13T11:08:35.539,NC,NTPC,384.35,374.35,385.3,374.35,380.15,7336587,381.3,384.2,130,384.3,40,
2026-04-13T11:08:36.529,NC,NTPC,384.25,374.35,385.3,374.35,380.15,7336590,381.3,384.25,1,384.3,41,
2026-04-13T11:08:37.534,NC,NTPC,384.3,374.35,385.3,374.35,380.15,7336622,381.3,384.2,551,384.3,14,
2026-04-13T11:08:38.628,NC,NTPC,384.2,374.35,385.3,374.35,380.15,7337324,381.3,384.2,370,384.3,20,
2026-04-13T11:08:39.630,NC,NTPC,384.35,374.35,385.3,374.35,380.15,7337419,381.3,384.2,300,384.35,536,
2026-04-13T11:08:40.633,NC,NTPC,384.2,374.35,385.3,374.35,380.15,7337447,381.31,384.2,292,384.25,5,
2026-04-13T11:08:41.633,NC,NTPC,384.3,374.35,385.3,374.35,380.15,7337466,381.31,384.25,19,384.3,1828,
2026-04-13T11:08:42.734,NC,NTPC,384.3,374.35,385.3,374.35,380.15,7338150,381.31,384.25,15,384.3,1149,
2026-04-13T11:08:43.839,NC,NTPC,384.3,374.35,385.3,374.35,380.15,7338231,381.31,384.25,15,384.3,1146,
2026-04-13T11:08:44.934,NC,NTPC,384.25,374.35,385.3,374.35,380.15,7338395,381.31,384.25,5,384.3,1036,
2026-04-13T11:08:45.934,NC,NTPC,384.3,374.35,385.3,374.35,380.15,7338635,381.31,384.2,231,384.3,873,
2026-04-13T11:08:47.039,NC,NTPC,384.3,374.35,385.3,374.35,380.15,7338656,381.31,384.2,1079,384.3,871,
2026-04-13T11:08:48.138,NC,NTPC,384.2,374.35,385.3,374.35,380.15,7338878,381.31,384.2,967,384.3,861,
2026-04-13T11:08:49.147,NC,NTPC,384.2,374.35,385.3,374.35,380.15,7338968,381.31,384.2,877,384.25,1,
2026-04-13T11:08:50.287,NC,NTPC,384.2,374.35,385.3,374.35,380.15,7338978,381.31,384.2,1376,384.25,1,
2026-04-13T11:08:51.289,NC,NTPC,384.25,374.35,385.3,374.35,380.15,7338979,381.31,384.2,1376,384.25,1,
2026-04-13T11:08:52.194,NC,NTPC,384.3,374.35,385.3,374.35,380.15,7339656,381.31,384.2,1376,384.3,1689,
2026-04-13T11:08:53.191,NC,NTPC,384.2,374.35,385.3,374.35,380.15,7340045,381.31,384.2,1155,384.3,1871,
2026-04-13T11:08:54.197,NC,NTPC,384.2,374.35,385.3,374.35,380.15,7340084,381.31,384.2,1116,384.3,2068,
2026-04-13T11:08:55.195,NC,NTPC,384.3,374.35,385.3,374.35,380.15,7340090,381.31,384.2,1112,384.3,2066,
2026-04-13T11:08:56.196,NC,NTPC,384.25,374.35,385.3,374.35,380.15,7340094,381.31,384.2,1111,384.25,7,
2026-04-13T11:08:57.200,NC,NTPC,384.3,374.35,385.3,374.35,380.15,7340118,381.31,384.25,17,384.3,2051,
2026-04-13T11:08:58.297,NC,NTPC,384.3,374.35,385.3,374.35,380.15,7340122,381.31,384.25,16,384.3,2048,
2026-04-13T11:08:59.398,NC,NTPC,384.3,374.35,385.3,374.35,380.15,7340363,381.31,384.2,1211,384.3,1883,
2026-04-13T11:09:00.402,NC,NTPC,384.2,374.35,385.3,374.35,380.15,7340387,381.31,384.2,1187,384.25,6,
2026-04-13T11:09:01.400,NC,NTPC,384.3,374.35,385.3,374.35,380.15,7340394,381.31,384.25,3,384.3,1882,
2026-04-13T11:09:02.405,NC,NTPC,384.3,374.35,385.3,374.35,380.15,7341073,381.31,384.25,3,384.3,1204,
2026-04-13T11:09:03.410,NC,NTPC,384.2,374.35,385.3,374.35,380.15,7341141,381.31,384.2,1136,384.25,5,
2026-04-13T11:09:04.412,NC,NTPC,384.2,374.35,385.3,374.35,380.15,7341152,381.31,384.2,1165,384.25,6,
2026-04-13T11:09:05.503,NC,NTPC,384.25,374.35,385.3,374.35,380.15,7341203,381.31,384.2,1126,384.25,1,
2026-04-13T11:09:06.603,NC,NTPC,384.2,374.35,385.3,374.35,380.15,7341204,381.31,384.2,1125,384.3,819,
2026-04-13T11:09:07.710,NC,NTPC,384.2,374.35,385.3,374.35,380.15,7341205,381.31,384.2,1124,384.3,819,
2026-04-13T11:09:08.712,NC,NTPC,384.25,374.35,385.3,374.35,380.15,7341273,381.31,384.25,432,384.3,203,
2026-04-13T11:09:09.817,NC,NTPC,384.35,374.35,385.3,374.35,380.15,7341800,381.31,384.25,365,384.35,1639,
2026-04-13T11:09:10.919,NC,NTPC,384.25,374.35,385.3,374.35,380.15,7341859,381.31,384.25,319,384.35,1620,
2026-04-13T11:09:12.011,NC,NTPC,384.25,374.35,385.3,374.35,380.15,7342248,381.31,384.25,279,384.35,975,
2026-04-13T11:09:12.917,NC,NTPC,384.4,374.35,385.3,374.35,380.15,7342998,381.31,384.25,207,384.4,703,
2026-04-13T11:09:13.953,NC,NTPC,384.4,374.35,385.3,374.35,380.15,7343215,381.31,384.25,92,384.4,997,
2026-04-13T11:09:14.959,NC,NTPC,384.25,374.35,385.3,374.35,380.15,7343238,381.31,384.25,70,384.3,4,
2026-04-13T11:09:16.064,NC,NTPC,384.3,374.35,385.3,374.35,380.15,7343264,381.31,384.25,68,384.3,7,
2026-04-13T11:09:17.171,NC,NTPC,384.3,374.35,385.3,374.35,380.15,7343286,381.31,384.25,50,384.3,2,
2026-04-13T11:09:18.261,NC,NTPC,384.25,374.35,385.3,374.35,380.15,7343310,381.31,384.25,47,384.4,990,
2026-04-13T11:09:19.264,NC,NTPC,384.25,374.35,385.3,374.35,380.15,7343397,381.31,384.25,513,384.4,583,
2026-04-13T11:09:20.363,NC,NTPC,384.25,374.35,385.3,374.35,380.15,7343404,381.31,384.2,1071,384.3,2,
2026-04-13T11:09:21.462,NC,NTPC,384.25,374.35,385.3,374.35,380.15,7343407,381.31,384.2,1408,384.25,6,
2026-04-13T11:09:22.566,NC,NTPC,384.2,374.35,385.3,374.35,380.15,7345095,381.31,384.2,585,384.4,1229,
2026-04-13T11:09:23.671,NC,NTPC,384.3,374.35,385.3,374.35,380.15,7345271,381.31,384.2,887,384.3,2,
2026-04-13T11:09:24.563,NC,NTPC,384.2,374.35,385.3,374.35,380.15,7345287,381.31,384.2,447,384.3,2,
2026-04-13T11:09:25.668,NC,NTPC,384.25,374.35,385.3,374.35,380.15,7345333,381.31,384.25,93,384.3,1,
2026-04-13T11:09:26.676,NC,NTPC,384.3,374.35,385.3,374.35,380.15,7345336,381.31,384.3,24,384.35,46,
2026-04-13T11:09:27.770,NC,NTPC,384.35,374.35,385.3,374.35,380.15,7345338,381.31,384.3,24,384.35,99,
2026-04-13T11:09:28.810,NC,NTPC,384.3,374.35,385.3,374.35,380.15,7345416,381.31,384.3,25,384.35,142,
2026-04-13T11:09:29.871,NC,NTPC,384.35,374.35,385.3,374.35,380.15,7345604,381.31,384.25,145,384.35,836,
2026-04-13T11:09:30.972,NC,NTPC,384.35,374.35,385.3,374.35,380.15,7345646,381.31,384.25,126,384.35,839,
2026-04-13T11:09:32.080,NC,NTPC,384.2,374.35,385.3,374.35,380.15,7346649,381.31,384.2,643,384.3,1,
2026-04-13T11:09:33.176,NC,NTPC,384.4,374.35,385.3,374.35,380.15,7348699,381.31,384.2,228,384.4,1628,
2026-04-13T11:09:34.176,NC,NTPC,384.2,374.35,385.3,374.35,380.15,7348841,381.31,384.2,490,384.4,1351,
2026-04-13T11:09:35.096,NC,NTPC,384.2,374.35,385.3,374.35,380.15,7348856,381.31,384.25,4,384.4,1278,
2026-04-13T11:09:36.192,NC,NTPC,384.3,374.35,385.3,374.35,380.15,7348915,381.31,384.3,139,384.4,226,
2026-04-13T11:09:37.687,NC,NTPC,384.4,374.35,385.3,374.35,380.15,7349181,381.31,384.3,138,384.4,119,
2026-04-13T11:09:43.134,NC,NTPC,384.2,374.35,385.3,374.35,380.15,7351495,381.31,384.25,764,384.35,1,
2026-04-13T11:09:48.397,NC,NTPC,384.3,374.35,385.3,374.35,380.15,7351624,381.31,384.3,1528,384.45,236,
2026-04-13T11:09:54.108,NC,NTPC,384.25,374.35,385.3,374.35,380.15,7353082,381.31,384.2,198,384.25,4,
2026-04-13T11:09:59.725,NC,NTPC,384.25,374.35,385.3,374.35,380.15,7353861,381.31,384.25,341,384.4,50,
2026-04-13T11:10:05.217,NC,NTPC,384.4,374.35,385.3,374.35,380.15,7354714,381.31,384.4,16,384.5,1623,
2026-04-13T11:10:10.747,NC,NTPC,384.45,374.35,385.3,374.35,380.15,7355973,381.31,384.3,460,384.45,9,
2026-04-13T11:10:16.035,NC,NTPC,384.45,374.35,385.3,374.35,380.15,7358951,381.31,384.45,5,384.5,21,
2026-04-13T11:10:21.342,NC,NTPC,384.5,374.35,385.3,374.35,380.15,7359536,381.31,384.4,352,384.5,2,
2026-04-13T11:10:26.774,NC,NTPC,384.5,374.35,385.3,374.35,380.15,7360925,381.31,384.5,65,384.65,7,
2026-04-13T11:10:31.864,NC,NTPC,384.65,374.35,385.3,374.35,380.15,7361242,381.31,384.65,24,384.7,110,
2026-04-13T11:10:37.056,NC,NTPC,384.4,374.35,385.3,374.35,380.15,7363135,381.32,384.4,939,384.5,96,
2026-04-13T11:10:38.060,NC,NTPC,384.4,374.35,385.3,374.35,380.15,7363173,381.32,384.4,903,384.5,91,
2026-04-13T11:10:39.062,NC,NTPC,384.6,374.35,385.3,374.35,380.15,7363405,381.32,384.4,1231,384.6,250,
2026-04-13T11:10:39.995,NC,NTPC,384.4,374.35,385.3,374.35,380.15,7363431,381.32,384.4,1205,384.6,248,
2026-04-13T11:10:40.968,NC,NTPC,384.65,374.35,385.3,374.35,380.15,7364442,381.32,384.45,359,384.65,1157,
2026-04-13T11:10:42.000,NC,NTPC,384.45,374.35,385.3,374.35,380.15,7364792,381.32,384.45,317,384.65,716,
2026-04-13T11:10:42.891,NC,NTPC,384.45,374.35,385.3,374.35,380.15,7365496,381.32,384.45,998,384.65,490,
2026-04-13T11:10:43.983,NC,NTPC,384.65,374.35,385.3,374.35,380.15,7366499,381.32,384.45,345,384.6,417,
2026-04-13T11:10:44.975,NC,NTPC,384.4,374.35,385.3,374.35,380.15,7366602,381.32,384.4,1149,384.6,1343,
2026-04-13T11:10:46.108,NC,NTPC,384.55,374.35,385.3,374.35,380.15,7366846,381.32,384.55,4,384.6,747,
2026-04-13T11:10:47.179,NC,NTPC,384.6,374.35,385.3,374.35,380.15,7366856,381.32,384.55,3,384.6,696,
2026-04-13T11:10:48.175,NC,NTPC,384.4,374.35,385.3,374.35,380.15,7366870,381.32,384.4,1113,384.55,2,
2026-04-13T11:10:49.290,NC,NTPC,384.6,374.35,385.3,374.35,380.15,7366947,381.32,384.45,1,384.55,202,
2026-04-13T11:10:50.376,NC,NTPC,384.45,374.35,385.3,374.35,380.15,7366948,381.32,384.4,1082,384.45,1,
2026-04-13T11:10:51.479,NC,NTPC,384.55,374.35,385.3,374.35,380.15,7367006,381.32,384.4,1025,384.55,201,
2026-04-13T11:10:52.479,NC,NTPC,384.6,374.35,385.3,374.35,380.15,7367718,381.32,384.4,1032,384.6,720,
2026-04-13T11:10:53.601,NC,NTPC,384.55,374.35,385.3,374.35,380.15,7367905,381.32,384.4,623,384.55,167,
2026-04-13T11:10:54.687,NC,NTPC,384.4,374.35,385.3,374.35,380.15,7368015,381.32,384.4,634,384.55,148,
2026-04-13T11:10:55.788,NC,NTPC,384.55,374.35,385.3,374.35,380.15,7369659,381.32,384.35,1021,384.55,187,
2026-04-13T11:10:56.788,NC,NTPC,384.5,374.35,385.3,374.35,380.15,7370038,381.32,384.35,882,384.4,1,
2026-04-13T11:10:57.890,NC,NTPC,384.3,374.35,385.3,374.35,380.15,7370052,381.32,384.3,237,384.4,238,
2026-04-13T11:10:59.000,NC,NTPC,384.2,374.35,385.3,374.35,380.15,7370293,381.32,384.2,10,384.25,7,
2026-04-13T11:11:01.199,NC,NTPC,384.2,374.35,385.3,374.35,380.15,7370390,381.32,384.2,4,384.4,1186,
2026-04-13T11:11:02.299,NC,NTPC,384.4,374.35,385.3,374.35,380.15,7371079,381.32,384.2,64,384.35,7,
2026-04-13T11:11:03.399,NC,NTPC,384.35,374.35,385.3,374.35,380.15,7371148,381.32,384.2,574,384.35,2,
2026-04-13T11:11:04.405,NC,NTPC,384.4,374.35,385.3,374.35,380.15,7371205,381.32,384.2,556,384.4,585,
2026-04-13T11:11:05.503,NC,NTPC,384.15,374.35,385.3,374.35,380.15,7371211,381.32,384.15,758,384.35,394,
2026-04-13T11:11:06.600,NC,NTPC,384.2,374.35,385.3,374.35,380.15,7371222,381.32,384.2,1,384.35,416,
2026-04-13T11:11:07.603,NC,NTPC,384.2,374.35,385.3,374.35,380.15,7371556,381.32,384.15,159,384.2,1,
2026-04-13T11:11:08.701,NC,NTPC,384.15,374.35,385.3,374.35,380.15,7371656,381.32,384.15,100,384.2,1,
2026-04-13T11:11:09.817,NC,NTPC,384.3,374.35,385.3,374.35,380.15,7371659,381.32,384.1,893,384.3,431,
2026-04-13T11:11:10.915,NC,NTPC,384.1,374.35,385.3,374.35,380.15,7371667,381.32,384.15,575,384.3,317,
2026-04-13T11:11:12.008,NC,NTPC,384.15,374.35,385.3,374.35,380.15,7371941,381.32,384.15,540,384.3,171,
2026-04-13T11:11:13.019,NC,NTPC,384.3,374.35,385.3,374.35,380.15,7374339,381.32,384.3,518,384.45,257,
2026-04-13T11:11:14.110,NC,NTPC,384.3,374.35,385.3,374.35,380.15,7374368,381.32,384.3,945,384.4,2,
2026-04-13T11:11:15.215,NC,NTPC,384.5,374.35,385.3,374.35,380.15,7374573,381.32,384.3,940,384.5,292,
2026-04-13T11:11:16.315,NC,NTPC,384.45,374.35,385.3,374.35,380.15,7374617,381.32,384.3,693,384.45,1,
2026-04-13T11:11:17.318,NC,NTPC,384.3,374.35,385.3,374.35,380.15,7374622,381.32,384.35,1147,384.55,455,
2026-04-13T11:11:18.417,NC,NTPC,384.35,374.35,385.3,374.35,380.15,7374682,381.32,384.35,1141,384.5,99,
2026-04-13T11:11:19.417,NC,NTPC,384.35,374.35,385.3,374.35,380.15,7374768,381.32,384.35,1012,384.5,99,
2026-04-13T11:11:20.515,NC,NTPC,384.35,374.35,385.3,374.35,380.15,7374769,381.32,384.35,754,384.5,99,
2026-04-13T11:11:21.616,NC,NTPC,384.5,374.35,385.3,374.35,380.15,7374773,381.32,384.35,754,384.5,98,
2026-04-13T11:11:22.719,NC,NTPC,384.5,374.35,385.3,374.35,380.15,7375497,381.32,384.5,17,384.55,184,
2026-04-13T11:11:23.819,NC,NTPC,384.5,374.35,385.3,374.35,380.15,7375579,381.32,384.5,4,384.55,183,
2026-04-13T11:11:24.819,NC,NTPC,384.6,374.35,385.3,374.35,380.15,7375829,381.32,384.5,4,384.6,484,
2026-04-13T11:11:25.820,NC,NTPC,384.4,374.35,385.3,374.35,380.15,7376016,381.32,384.45,2083,384.6,271,
2026-04-13T11:11:26.925,NC,NTPC,384.65,374.35,385.3,374.35,380.15,7376170,381.32,384.6,18,384.65,181,
2026-04-13T11:11:28.033,NC,NTPC,384.6,374.35,385.3,374.35,380.15,7376219,381.32,384.6,24,384.65,182,
2026-04-13T11:11:29.027,NC,NTPC,384.5,374.35,385.3,374.35,380.15,7376506,381.32,384.45,966,384.6,483,
2026-04-13T11:11:30.028,NC,NTPC,384.6,374.35,385.3,374.35,380.15,7376536,381.32,384.45,897,384.6,480,
2026-04-13T11:11:31.133,NC,NTPC,384.45,374.35,385.3,374.35,380.15,7376606,381.32,384.55,3,384.6,155,
2026-04-13T11:11:32.244,NC,NTPC,384.65,374.35,385.3,374.35,380.15,7377292,381.32,384.55,62,384.65,276,
2026-04-13T11:11:33.336,NC,NTPC,384.55,374.35,385.3,374.35,380.15,7377360,381.32,384.55,62,384.65,184,
2026-04-13T11:11:34.361,NC,NTPC,384.55,374.35,385.3,374.35,380.15,7377419,381.32,384.45,100,384.6,393,
2026-04-13T11:11:35.241,NC,NTPC,384.45,374.35,385.3,374.35,380.15,7378402,381.32,384.45,78,384.5,660,
2026-04-13T11:11:36.241,NC,NTPC,384.5,374.35,385.3,374.35,380.15,7378404,381.32,384.45,78,384.5,667,
2026-04-13T11:11:38.454,NC,NTPC,384.6,374.35,385.3,374.35,380.15,7379617,381.32,384.45,352,384.6,70,
2026-04-13T11:11:43.846,NC,NTPC,384.4,374.35,385.3,374.35,380.15,7381335,381.32,384.4,1003,384.55,41,
2026-04-13T11:11:49.455,NC,NTPC,384.45,374.35,385.3,374.35,380.15,7382419,381.32,384.45,375,384.6,73,
2026-04-13T11:11:55.164,NC,NTPC,384.65,374.35,385.3,374.35,380.15,7383954,381.32,384.6,9,384.65,2230,
2026-04-13T11:12:00.359,NC,NTPC,384.7,374.35,385.3,374.35,380.15,7385557,381.33,384.5,1027,384.65,181,
2026-04-13T11:12:05.561,NC,NTPC,384.75,374.35,385.3,374.35,380.15,7387171,381.33,384.55,1089,384.75,4611,
2026-04-13T11:12:11.372,NC,NTPC,384.7,374.35,385.3,374.35,380.15,7387782,381.33,384.55,127,384.7,96,
2026-04-13T11:12:17.489,NC,NTPC,384.7,374.35,385.3,374.35,380.15,7390058,381.33,384.5,25493,384.65,2,
2026-04-13T11:12:23.082,NC,NTPC,384.65,374.35,385.3,374.35,380.15,7391133,381.33,384.65,14,384.75,2948,
2026-04-13T11:12:28.227,NC,NTPC,384.75,374.35,385.3,374.35,380.15,7393538,381.33,384.65,30,384.75,2685,
2026-04-13T11:12:33.622,NC,NTPC,384.75,374.35,385.3,374.35,380.15,7395231,381.33,384.55,2083,384.7,180,
2026-04-13T11:12:39.034,NC,NTPC,384.7,374.35,385.3,374.35,380.15,7395871,381.33,384.55,1932,384.7,179,
2026-04-13T11:12:44.538,NC,NTPC,384.6,374.35,385.3,374.35,380.15,7397655,381.33,384.6,822,384.75,565,
2026-04-13T11:12:50.152,NC,NTPC,384.7,374.35,385.3,374.35,380.15,7398498,381.33,384.7,273,384.75,461,
2026-04-13T11:12:55.647,NC,NTPC,384.75,374.35,385.3,374.35,380.15,7399623,381.33,384.75,17,384.8,4145,
2026-04-13T11:13:01.051,NC,NTPC,384.8,374.35,385.3,374.35,380.15,7403712,381.33,384.6,1306,384.8,2626,
2026-04-13T11:13:06.649,NC,NTPC,384.7,374.35,385.3,374.35,380.15,7404743,381.33,384.7,92,384.75,1077,
2026-04-13T11:13:12.088,NC,NTPC,384.75,374.35,385.3,374.35,380.15,7405787,381.33,384.55,844,384.75,1600,
2026-04-13T11:13:17.617,NC,NTPC,384.75,374.35,385.3,374.35,380.15,7408189,381.34,384.7,3,384.75,306,
2026-04-13T11:13:23.202,NC,NTPC,384.8,374.35,385.3,374.35,380.15,7409456,381.34,384.75,17,384.8,1984,
2026-04-13T11:13:28.814,NC,NTPC,384.5,374.35,385.3,374.35,380.15,7438189,381.35,384.25,1304,384.5,1941,
2026-04-13T11:13:34.624,NC,NTPC,384.35,374.35,385.3,374.35,380.15,7440446,381.35,384.4,4,384.55,1164,
2026-04-13T11:13:36.909,NC,NTPC,384.5,374.35,385.3,374.35,380.15,7440502,381.35,384.5,56,384.55,407,
2026-04-13T11:13:38.010,NC,NTPC,384.5,374.35,385.3,374.35,380.15,7440533,381.35,384.5,49,384.55,379,
2026-04-13T11:13:39.118,NC,NTPC,384.65,374.35,385.3,374.35,380.15,7440852,381.35,384.4,1591,384.6,1647,
2026-04-13T11:13:41.317,NC,NTPC,384.4,374.35,385.3,374.35,380.15,7441300,381.35,384.4,1712,384.6,513,
2026-04-13T11:13:42.227,NC,NTPC,384.6,374.35,385.3,374.35,380.15,7442077,381.35,384.4,1372,384.6,623,
2026-04-13T11:13:43.416,NC,NTPC,384.45,374.35,385.3,374.35,380.15,7442197,381.35,384.45,1780,384.6,1,
2026-04-13T11:13:44.518,NC,NTPC,384.6,374.35,385.3,374.35,380.15,7442205,381.35,384.45,933,384.6,1500,
2026-04-13T11:13:45.626,NC,NTPC,384.45,374.35,385.3,374.35,380.15,7442432,381.35,384.45,1098,384.55,1,
2026-04-13T11:13:46.725,NC,NTPC,384.55,374.35,385.3,374.35,380.15,7442479,381.35,384.5,20,384.55,2,
2026-04-13T11:13:47.622,NC,NTPC,384.5,374.35,385.3,374.35,380.15,7442483,381.35,384.5,17,384.55,11,
2026-04-13T11:13:48.726,NC,NTPC,384.5,374.35,385.3,374.35,380.15,7442500,381.35,384.45,1349,384.5,7,
2026-04-13T11:13:49.826,NC,NTPC,384.5,374.35,385.3,374.35,380.15,7442505,381.35,384.45,1346,384.5,5,
2026-04-13T11:13:50.968,NC,NTPC,384.55,374.35,385.3,374.35,380.15,7442560,381.35,384.45,1292,384.55,9,
2026-04-13T11:13:52.028,NC,NTPC,384.6,374.35,385.3,374.35,380.15,7442631,381.35,384.45,1331,384.6,1403,
2026-04-13T11:13:53.026,NC,NTPC,384.45,374.35,385.3,374.35,380.15,7443599,381.35,384.45,1047,384.6,537,
2026-04-13T11:13:54.128,NC,NTPC,384.6,374.35,385.3,374.35,380.15,7443710,381.35,384.45,1048,384.55,1,
2026-04-13T11:13:55.229,NC,NTPC,384.6,374.35,385.3,374.35,380.15,7443782,381.35,384.45,1036,384.6,478,
2026-04-13T11:13:56.329,NC,NTPC,384.6,374.35,385.3,374.35,380.15,7444038,381.35,384.45,1031,384.6,227,
2026-04-13T11:13:57.329,NC,NTPC,384.55,374.35,385.3,374.35,380.15,7444867,381.35,384.45,1269,384.55,200,
2026-04-13T11:13:58.334,NC,NTPC,384.45,374.35,385.3,374.35,380.15,7444947,381.35,384.45,1189,384.55,200,
2026-04-13T11:13:59.434,NC,NTPC,384.55,374.35,385.3,374.35,380.15,7445215,381.35,384.45,1260,384.6,335,
2026-04-13T11:14:00.446,NC,NTPC,384.45,374.35,385.3,374.35,380.15,7445240,381.35,384.5,2,384.6,333,
2026-04-13T11:14:01.534,NC,NTPC,384.5,374.35,385.3,374.35,380.15,7445268,381.35,384.5,1,384.6,309,
2026-04-13T11:14:02.638,NC,NTPC,384.55,374.35,385.3,374.35,380.15,7445958,381.35,384.4,1901,384.55,660,
2026-04-13T11:14:03.740,NC,NTPC,384.4,374.35,385.3,374.35,380.15,7447001,381.35,384.4,55,384.5,10,
2026-04-13T11:14:04.840,NC,NTPC,384.4,374.35,385.3,374.35,380.15,7447103,381.35,384.4,300,384.45,2,
2026-04-13T11:14:05.940,NC,NTPC,384.45,374.35,385.3,374.35,380.15,7447119,381.35,384.4,299,384.45,1,
2026-04-13T11:14:07.058,NC,NTPC,384.5,374.35,385.3,374.35,380.15,7447127,381.35,384.4,952,384.5,11,
2026-04-13T11:14:08.042,NC,NTPC,384.5,374.35,385.3,374.35,380.15,7447132,381.35,384.4,951,384.5,8,
2026-04-13T11:14:09.141,NC,NTPC,384.4,374.35,385.3,374.35,380.15,7447382,381.35,384.4,465,384.5,7,
2026-04-13T11:14:10.245,NC,NTPC,384.5,374.35,385.3,374.35,380.15,7447422,381.35,384.4,536,384.5,11,
2026-04-13T11:14:11.343,NC,NTPC,384.55,374.35,385.3,374.35,380.15,7447554,381.35,384.5,25,384.55,183,
2026-04-13T11:14:12.447,NC,NTPC,384.6,374.35,385.3,374.35,380.15,7448244,381.35,384.5,13,384.6,596,
2026-04-13T11:14:13.458,NC,NTPC,384.5,374.35,385.3,374.35,380.15,7448336,381.35,384.5,25,384.6,626,
2026-04-13T11:14:14.543,NC,NTPC,384.6,374.35,385.3,374.35,380.15,7448463,381.35,384.4,1743,384.55,3,
2026-04-13T11:14:15.644,NC,NTPC,384.55,374.35,385.3,374.35,380.15,7448478,381.35,384.5,100,384.55,5,
2026-04-13T11:14:16.743,NC,NTPC,384.55,374.35,385.3,374.35,380.15,7448504,381.35,384.5,98,384.55,2,
2026-04-13T11:14:17.846,NC,NTPC,384.5,374.35,385.3,374.35,380.15,7448508,381.35,384.5,95,384.65,1636,
2026-04-13T11:14:18.947,NC,NTPC,384.5,374.35,385.3,374.35,380.15,7448704,381.35,384.4,799,384.5,1,
2026-04-13T11:14:19.949,NC,NTPC,384.4,374.35,385.3,374.35,380.15,7448719,381.35,384.4,784,384.55,3,
2026-04-13T11:14:21.048,NC,NTPC,384.4,374.35,385.3,374.35,380.15,7448721,381.35,384.4,782,384.55,2,
2026-04-13T11:14:22.150,NC,NTPC,384.65,374.35,385.3,374.35,380.15,7449467,381.35,384.4,1285,384.65,1687,
2026-04-13T11:14:23.055,NC,NTPC,384.45,374.35,385.3,374.35,380.15,7449753,381.35,384.45,1492,384.65,1591,
2026-04-13T11:14:24.155,NC,NTPC,384.45,374.35,385.3,374.35,380.15,7450379,381.35,384.45,1433,384.6,1,
2026-04-13T11:14:25.254,NC,NTPC,384.45,374.35,385.3,374.35,380.15,7450392,381.35,384.45,834,384.6,1,
2026-04-13T11:14:26.257,NC,NTPC,384.6,374.35,385.3,374.35,380.15,7450644,381.35,384.45,1,384.6,126,
2026-04-13T11:14:27.358,NC,NTPC,384.6,374.35,385.3,374.35,380.15,7450670,381.35,384.4,894,384.6,18,
2026-04-13T11:14:28.565,NC,NTPC,384.45,374.35,385.3,374.35,380.15,7450850,381.35,384.45,630,384.5,2,
2026-04-13T11:14:29.558,NC,NTPC,384.6,374.35,385.3,374.35,380.15,7450876,381.35,384.45,769,384.6,16,
2026-04-13T11:14:30.665,NC,NTPC,384.6,374.35,385.3,374.35,380.15,7450879,381.35,384.45,658,384.5,1,
2026-04-13T11:14:31.768,NC,NTPC,384.5,374.35,385.3,374.35,380.15,7451650,381.35,384.5,71,384.6,251,
2026-04-13T11:14:32.882,NC,NTPC,384.7,374.35,385.3,374.35,380.15,7452534,381.36,384.5,517,384.7,1315,
2026-04-13T11:14:33.765,NC,NTPC,384.5,374.35,385.3,374.35,380.15,7452568,381.36,384.5,365,384.6,1000,
2026-04-13T11:14:34.863,NC,NTPC,384.5,374.35,385.3,374.35,380.15,7452685,381.36,384.55,4,384.6,997,
2026-04-13T11:14:35.866,NC,NTPC,384.6,374.35,385.3,374.35,380.15,7452810,381.36,384.55,3,384.6,983,
2026-04-13T11:14:41.283,NC,NTPC,384.45,374.35,385.3,374.35,380.15,7453166,381.36,384.45,1929,384.6,756,
2026-04-13T11:14:46.404,NC,NTPC,384.55,374.35,385.3,374.35,380.15,7454071,381.36,384.55,3,384.6,1079,
2026-04-13T11:14:51.608,NC,NTPC,384.4,374.35,385.3,374.35,380.15,7454310,381.36,384.4,515,384.55,3,
2026-04-13T11:14:57.311,NC,NTPC,384.55,374.35,385.3,374.35,380.15,7455967,381.36,384.55,22,384.65,450,
2026-04-13T11:15:02.912,NC,NTPC,384.7,374.35,385.3,374.35,380.15,7457962,381.36,384.6,1833,384.7,911,
2026-04-13T11:15:08.517,NC,NTPC,384.6,374.35,385.3,374.35,380.15,7460846,381.36,384.6,956,384.65,1,
2026-04-13T11:15:13.961,NC,NTPC,384.65,374.35,385.3,374.35,380.15,7462454,381.36,384.65,33,384.7,342,
2026-04-13T11:15:19.357,NC,NTPC,384.75,374.35,385.3,374.35,380.15,7463322,381.36,384.65,107,384.75,1043,
2026-04-13T11:15:24.977,NC,NTPC,384.6,374.35,385.3,374.35,380.15,7464679,381.36,384.6,628,384.65,1,
2026-04-13T11:15:30.474,NC,NTPC,384.35,374.35,385.3,374.35,380.15,7468677,381.36,384.35,870,384.5,225,
2026-04-13T11:15:36.181,NC,NTPC,384.6,374.35,385.3,374.35,380.15,7471394,381.36,384.45,1055,384.6,191,
2026-04-13T11:15:41.786,NC,NTPC,384.55,374.35,385.3,374.35,380.15,7473009,381.36,384.35,1818,384.55,122,
2026-04-13T11:15:46.910,NC,NTPC,384.5,374.35,385.3,374.35,380.15,7473825,381.36,384.5,4,384.55,382,
2026-04-13T11:15:52.099,NC,NTPC,384.4,374.35,385.3,374.35,380.15,7474029,381.36,384.4,2675,384.55,79,
2026-04-13T11:15:57.604,NC,NTPC,384.55,374.35,385.3,374.35,380.15,7475543,381.37,384.4,2660,384.6,3731,
2026-04-13T11:16:02.915,NC,NTPC,384.6,374.35,385.3,374.35,380.15,7476471,381.37,384.45,12,384.55,9,
2026-04-13T11:16:07.930,NC,NTPC,384.4,374.35,385.3,374.35,380.15,7476962,381.37,384.4,1511,384.55,1096,
2026-04-13T11:16:13.035,NC,NTPC,384.55,374.35,385.3,374.35,380.15,7480367,381.37,384.4,765,384.55,950,
2026-04-13T11:16:18.430,NC,NTPC,384.4,374.35,385.3,374.35,380.15,7480670,381.37,384.4,618,384.55,300,
2026-04-13T11:16:23.738,NC,NTPC,384.4,374.35,385.3,374.35,380.15,7481701,381.37,384.4,482,384.55,424,
2026-04-13T11:16:29.181,NC,NTPC,384.4,374.35,385.3,374.35,380.15,7482084,381.37,384.4,352,384.5,129,
2026-04-13T11:16:34.770,NC,NTPC,384.65,374.35,385.3,374.35,380.15,7483763,381.37,384.6,5,384.65,3126,
2026-04-13T11:16:40.187,NC,NTPC,384.45,374.35,385.3,374.35,380.15,7486603,381.37,384.45,524,384.6,157,
2026-04-13T11:16:45.311,NC,NTPC,384.35,374.35,385.3,374.35,380.15,7489223,381.37,384.35,1303,384.55,616,
2026-04-13T11:16:50.624,NC,NTPC,384.6,374.35,385.3,374.35,380.15,7490334,381.37,384.4,8,384.55,1066,
2026-04-13T11:16:55.727,NC,NTPC,384.4,374.35,385.3,374.35,380.15,7491367,381.37,384.4,525,384.45,2,
2026-04-13T11:17:00.542,NC,NTPC,384.5,374.35,385.3,374.35,380.15,7491541,381.37,384.5,423,384.55,22,
2026-04-13T11:17:05.845,NC,NTPC,384.5,374.35,385.3,374.35,380.15,7493362,381.37,384.5,264,384.55,182,
2026-04-13T11:17:11.050,NC,NTPC,384.55,374.35,385.3,374.35,380.15,7493449,381.37,384.5,186,384.55,192,
2026-04-13T11:17:16.258,NC,NTPC,384.55,374.35,385.3,374.35,380.15,7494599,381.37,384.5,3000,384.55,229,
2026-04-13T11:17:21.571,NC,NTPC,384.35,374.35,385.3,374.35,380.15,7499637,381.38,384.25,839,384.35,1,
2026-04-13T11:17:26.582,NC,NTPC,384.35,374.35,385.3,374.35,380.15,7500443,381.38,384.35,29,384.45,589,
2026-04-13T11:17:31.287,NC,NTPC,384.25,374.35,385.3,374.35,380.15,7500834,381.38,384.25,898,384.45,530,
2026-04-13T11:17:36.491,NC,NTPC,384.4,374.35,385.3,374.35,380.15,7501891,381.38,384.35,98,384.45,426,
2026-04-13T11:17:41.895,NC,NTPC,384.25,374.35,385.3,374.35,380.15,7502447,381.38,384.25,1647,384.4,47,
2026-04-13T11:17:46.952,NC,NTPC,384.45,374.35,385.3,374.35,380.15,7503253,381.38,384.35,61,384.45,64,
2026-04-13T11:17:51.868,NC,NTPC,384.35,374.35,385.3,374.35,380.15,7503612,381.38,384.4,43,384.45,232,
2026-04-13T11:17:56.562,NC,NTPC,384.45,374.35,385.3,374.35,380.15,7504961,381.38,384.45,24,384.5,3492,
2026-04-13T11:18:01.466,NC,NTPC,384.45,374.35,385.3,374.35,380.15,7505335,381.38,384.3,1140,384.45,860,
2026-04-13T11:18:06.576,NC,NTPC,384.4,374.35,385.3,374.35,380.15,7506412,381.38,384.3,870,384.4,41,
2026-04-13T11:18:11.688,NC,NTPC,384.3,374.35,385.3,374.35,380.15,7507204,381.38,384.25,951,384.3,16,
2026-04-13T11:18:16.598,NC,NTPC,384.25,374.35,385.3,374.35,380.15,7508968,381.38,384.25,1296,384.4,33,
2026-04-13T11:18:21.687,NC,NTPC,384.25,374.35,385.3,374.35,380.15,7509072,381.38,384.25,1093,384.4,31,
2026-04-13T11:18:26.294,NC,NTPC,384.4,374.35,385.3,374.35,380.15,7510283,381.38,384.4,17,384.5,3844,
2026-04-13T11:18:31.102,NC,NTPC,384.5,374.35,385.3,374.35,380.15,7510958,381.38,384.35,2151,384.5,41,
2026-04-13T11:18:36.002,NC,NTPC,384.45,374.35,385.3,374.35,380.15,7511815,381.38,384.45,4,384.5,982,
2026-04-13T11:18:41.416,NC,NTPC,384.5,374.35,385.3,374.35,380.15,7513078,381.38,384.4,987,384.55,1043,
2026-04-13T11:18:46.535,NC,NTPC,384.5,374.35,385.3,374.35,380.15,7514184,381.38,384.5,4,384.55,335,
2026-04-13T11:18:51.434,NC,NTPC,384.45,374.35,385.3,374.35,380.15,7514257,381.38,384.4,574,384.45,10,
2026-04-13T11:18:56.398,NC,NTPC,384.45,374.35,385.3,374.35,380.15,7515191,381.38,384.45,213,384.6,998,
2026-04-13T11:19:01.343,NC,NTPC,384.6,374.35,385.3,374.35,380.15,7516056,381.38,384.45,224,384.6,610,
2026-04-13T11:19:06.247,NC,NTPC,384.4,374.35,385.3,374.35,380.15,7517682,381.38,384.4,442,384.6,224,
2026-04-13T11:19:11.259,NC,NTPC,384.6,374.35,385.3,374.35,380.15,7518025,381.38,384.5,2,384.6,317,
2026-04-13T11:19:16.257,NC,NTPC,384.6,374.35,385.3,374.35,380.15,7519452,381.38,384.4,1616,384.6,441,
2026-04-13T11:19:21.471,NC,NTPC,384.45,374.35,385.3,374.35,380.15,7520043,381.38,384.45,55,384.5,1,
2026-04-13T11:19:26.373,NC,NTPC,384.4,374.35,385.3,374.35,380.15,7521914,381.38,384.5,25,384.55,176,
2026-04-13T11:19:31.180,NC,NTPC,384.55,374.35,385.3,374.35,380.15,7522115,381.38,384.55,7,384.6,515,
2026-04-13T11:19:36.216,NC,NTPC,384.7,374.35,385.3,374.35,380.15,7548730,381.4,384.7,937,384.8,312,
2026-04-13T11:19:41.104,NC,NTPC,384.5,374.35,385.3,374.35,380.15,7552624,381.4,384.5,1438,384.6,1,
2026-04-13T11:19:45.807,NC,NTPC,384.6,374.35,385.3,374.35,380.15,7553487,381.4,384.6,27,384.75,559,
2026-04-13T11:19:50.610,NC,NTPC,384.6,374.35,385.3,374.35,380.15,7553843,381.4,384.6,581,384.7,1,
2026-04-13T11:19:55.527,NC,NTPC,384.7,374.35,385.3,374.35,380.15,7554713,381.4,384.7,4,384.75,1,
2026-04-13T11:20:00.645,NC,NTPC,384.75,374.35,385.3,374.35,380.15,7555073,381.4,384.75,43,384.8,138,
2026-04-13T11:20:05.945,NC,NTPC,384.65,374.35,385.3,374.35,380.15,7556085,381.4,384.65,1701,384.8,57,
2026-04-13T11:20:11.344,NC,NTPC,384.75,374.35,385.3,374.35,380.15,7556742,381.4,384.75,54,384.85,1411,
2026-04-13T11:20:16.351,NC,NTPC,384.65,374.35,385.3,374.35,380.15,7560335,381.4,384.7,9,384.75,1,
2026-04-13T11:20:21.656,NC,NTPC,384.75,374.35,385.3,374.35,380.15,7560792,381.4,384.6,1421,384.75,2,
2026-04-13T11:20:27.066,NC,NTPC,384.75,374.35,385.3,374.35,380.15,7561658,381.4,384.75,32,384.8,616,
2026-04-13T11:20:32.682,NC,NTPC,384.6,374.35,385.3,374.35,380.15,7563280,381.4,384.6,560,384.8,605,
2026-04-13T11:20:37.795,NC,NTPC,384.6,374.35,385.3,374.35,380.15,7563366,381.4,384.6,463,384.75,601,
2026-04-13T11:20:42.786,NC,NTPC,384.6,374.35,385.3,374.35,380.15,7564435,381.4,384.5,3027,384.6,27,
2026-04-13T11:20:47.810,NC,NTPC,384.5,374.35,385.3,374.35,380.15,7564581,381.4,384.5,2059,384.6,10,
2026-04-13T11:20:53.100,NC,NTPC,384.9,374.35,385.3,374.35,380.15,7574883,381.41,384.8,1007,384.9,30,
2026-04-13T11:20:58.010,NC,NTPC,385.0,374.35,385.3,374.35,380.15,7577090,381.41,384.9,531,385.0,16454,
2026-04-13T11:21:02.910,NC,NTPC,384.95,374.35,385.3,374.35,380.15,7578475,381.41,384.9,252,384.95,74,
2026-04-13T11:21:08.123,NC,NTPC,385.0,374.35,385.3,374.35,380.15,7579690,381.41,384.85,600,385.0,15958,
2026-04-13T11:21:13.623,NC,NTPC,385.0,374.35,385.3,374.35,380.15,7580964,381.41,384.95,485,385.0,14802,
2026-04-13T11:21:18.947,NC,NTPC,384.95,374.35,385.3,374.35,380.15,7581522,381.41,384.95,264,385.0,11713,
2026-04-13T11:21:24.143,NC,NTPC,385.1,374.35,385.3,374.35,380.15,7594739,381.42,385.05,678,385.1,5556,
2026-04-13T11:21:29.355,NC,NTPC,385.1,374.35,385.3,374.35,380.15,7600582,381.42,385.1,713,385.15,540,
2026-04-13T11:21:34.163,NC,NTPC,385.2,374.35,385.3,374.35,380.15,7602102,381.42,385.1,1419,385.2,2022,
2026-04-13T11:21:39.355,NC,NTPC,385.1,374.35,385.3,374.35,380.15,7602765,381.42,385.1,1486,385.2,1858,
2026-04-13T11:21:44.863,NC,NTPC,385.15,374.35,385.3,374.35,380.15,7603820,381.42,385.15,384,385.2,908,
2026-04-13T11:21:50.084,NC,NTPC,385.1,374.35,385.3,374.35,380.15,7603944,381.42,385.1,11,385.2,1001,
2026-04-13T11:21:55.282,NC,NTPC,385.05,374.35,385.3,374.35,380.15,7606463,381.42,385.05,636,385.25,5099,
2026-04-13T11:22:00.190,NC,NTPC,385.05,374.35,385.3,374.35,380.15,7606929,381.42,385.05,1209,385.15,3,
2026-04-13T11:22:05.384,NC,NTPC,385.15,374.35,385.3,374.35,380.15,7610976,381.42,385.1,2024,385.15,1,
2026-04-13T11:22:10.589,NC,NTPC,385.25,374.35,385.3,374.35,380.15,7613435,381.43,385.15,122,385.25,2341,
2026-04-13T11:22:16.510,NC,NTPC,385.25,374.35,385.3,374.35,380.15,7616386,381.43,385.25,4,385.3,3400,
2026-04-13T11:22:22.612,NC,NTPC,385.3,374.35,385.3,374.35,380.15,7621059,381.43,385.15,905,385.3,2268,
2026-04-13T11:22:27.918,NC,NTPC,385.15,374.35,385.3,374.35,380.15,7622016,381.43,385.15,808,385.2,762,
2026-04-13T11:22:32.931,NC,NTPC,385.25,374.35,385.3,374.35,380.15,7623023,381.43,385.15,678,385.25,1970,
2026-04-13T11:22:38.145,NC,NTPC,385.45,374.35,385.45,374.35,380.15,7632855,381.44,385.2,1601,385.45,3138,
2026-04-13T11:22:43.337,NC,NTPC,385.4,374.35,385.45,374.35,380.15,7636045,381.44,385.25,1059,385.45,1882,
2026-04-13T11:22:48.281,NC,NTPC,385.3,374.35,385.5,374.35,380.15,7638306,381.44,385.3,366,385.45,1174,
2026-04-13T11:22:53.568,NC,NTPC,385.1,374.35,385.5,374.35,380.15,7643673,381.44,385.1,1213,385.25,347,
2026-04-13T11:22:58.958,NC,NTPC,385.3,374.35,385.5,374.35,380.15,7644437,381.44,385.25,25,385.3,744,
2026-04-13T11:23:04.470,NC,NTPC,385.25,374.35,385.5,374.35,380.15,7645084,381.44,385.1,92,385.25,734,
2026-04-13T11:23:09.878,NC,NTPC,385.25,374.35,385.5,374.35,380.15,7645274,381.44,385.1,92,385.25,1095,
2026-04-13T11:23:14.892,NC,NTPC,385.1,374.35,385.5,374.35,380.15,7647715,381.44,385.0,2795,385.1,102,
2026-04-13T11:23:19.788,NC,NTPC,385.1,374.35,385.5,374.35,380.15,7648021,381.44,385.0,4317,385.1,64,
2026-04-13T11:23:24.790,NC,NTPC,385.05,374.35,385.5,374.35,380.15,7648824,381.44,385.05,755,385.2,536,
2026-04-13T11:23:30.010,NC,NTPC,385.1,374.35,385.5,374.35,380.15,7649553,381.44,385.1,388,385.2,4,
2026-04-13T11:23:35.398,NC,NTPC,385.0,374.35,385.5,374.35,380.15,7650611,381.44,385.0,3603,385.1,1067,
2026-04-13T11:23:41.302,NC,NTPC,385.1,374.35,385.5,374.35,380.15,7651120,381.44,385.0,3653,385.1,730,
2026-04-13T11:23:46.715,NC,NTPC,385.1,374.35,385.5,374.35,380.15,7651179,381.44,385.0,3878,385.05,1372,
2026-04-13T11:23:51.728,NC,NTPC,385.05,374.35,385.5,374.35,380.15,7653381,381.45,385.05,1751,385.2,122,
2026-04-13T11:23:56.829,NC,NTPC,385.0,374.35,385.5,374.35,380.15,7653948,381.45,385.0,3779,385.15,354,
2026-04-13T11:24:02.139,NC,NTPC,385.0,374.35,385.5,374.35,380.15,7654426,381.45,385.0,3884,385.05,19,
2026-04-13T11:24:07.544,NC,NTPC,385.1,374.35,385.5,374.35,380.15,7654711,381.45,385.1,10,385.2,1297,
2026-04-13T11:24:13.262,NC,NTPC,384.9,374.35,385.5,374.35,380.15,7660227,381.45,384.7,1425,384.9,406,
2026-04-13T11:24:18.662,NC,NTPC,384.7,374.35,385.5,374.35,380.15,7660900,381.45,384.7,2282,384.9,549,
2026-04-13T11:24:23.885,NC,NTPC,384.65,374.35,385.5,374.35,380.15,7661965,381.45,384.65,1804,384.85,186,
2026-04-13T11:24:28.780,NC,NTPC,384.65,374.35,385.5,374.35,380.15,7662826,381.45,384.65,11,384.7,6,
2026-04-13T11:24:33.899,NC,NTPC,384.45,374.35,385.5,374.35,380.15,7669909,381.45,384.3,1003,384.45,136,
2026-04-13T11:24:36.983,NC,NTPC,384.35,374.35,385.5,374.35,380.15,7670724,381.45,384.35,955,384.5,122,
2026-04-13T11:24:38.085,NC,NTPC,384.35,374.35,385.5,374.35,380.15,7670814,381.45,384.35,1057,384.5,122,
2026-04-13T11:24:39.187,NC,NTPC,384.5,374.35,385.5,374.35,380.15,7670973,381.45,384.3,1380,384.45,175,
2026-04-13T11:24:40.295,NC,NTPC,384.3,374.35,385.5,374.35,380.15,7671248,381.45,384.3,1525,384.5,121,
2026-04-13T11:24:41.188,NC,NTPC,384.5,374.35,385.5,374.35,380.15,7671347,381.45,384.3,983,384.5,804,
2026-04-13T11:24:42.188,NC,NTPC,384.3,374.35,385.5,374.35,380.15,7671980,381.45,384.3,1322,384.5,628,
2026-04-13T11:24:43.196,NC,NTPC,384.5,374.35,385.5,374.35,380.15,7673113,381.45,384.3,2218,384.5,932,
2026-04-13T11:24:44.098,NC,NTPC,384.3,374.35,385.5,374.35,380.15,7673203,381.45,384.3,2494,384.5,932,
2026-04-13T11:24:45.104,NC,NTPC,384.3,374.35,385.5,374.35,380.15,7673293,381.45,384.3,1535,384.45,1,
2026-04-13T11:24:46.120,NC,NTPC,384.3,374.35,385.5,374.35,380.15,7673383,381.45,384.4,4,384.45,1,
2026-04-13T11:24:47.098,NC,NTPC,384.3,374.35,385.5,374.35,380.15,7673473,381.45,384.4,1,384.45,155,
2026-04-13T11:24:48.104,NC,NTPC,384.3,374.35,385.5,374.35,380.15,7673563,381.45,384.3,1457,384.45,154,
2026-04-13T11:24:49.098,NC,NTPC,384.3,374.35,385.5,374.35,380.15,7673721,381.45,384.3,1180,384.45,154,
2026-04-13T11:24:50.210,NC,NTPC,384.3,374.35,385.5,374.35,380.15,7673812,381.45,384.3,313,384.45,155,
2026-04-13T11:24:51.111,NC,NTPC,384.3,374.35,385.5,374.35,380.15,7674904,381.45,384.3,1645,384.45,155,
2026-04-13T11:24:52.107,NC,NTPC,384.3,374.35,385.5,374.35,380.15,7675087,381.46,384.35,533,384.45,145,
2026-04-13T11:24:53.307,NC,NTPC,384.35,374.35,385.5,374.35,380.15,7675848,381.46,384.35,8,384.5,916,
2026-04-13T11:24:54.315,NC,NTPC,384.5,374.35,385.5,374.35,380.15,7675939,381.46,384.3,2244,384.45,241,
2026-04-13T11:24:55.410,NC,NTPC,384.3,374.35,385.5,374.35,380.15,7676029,381.46,384.3,1936,384.45,144,
2026-04-13T11:24:56.415,NC,NTPC,384.45,374.35,385.5,374.35,380.15,7676231,381.46,384.45,12,384.5,1393,
2026-04-13T11:24:57.418,NC,NTPC,384.45,374.35,385.5,374.35,380.15,7676276,381.46,384.45,25,384.5,200,
2026-04-13T11:24:58.519,NC,NTPC,384.35,374.35,385.5,374.35,380.15,7676399,381.46,384.35,1308,384.5,200,
2026-04-13T11:24:59.521,NC,NTPC,384.35,374.35,385.5,374.35,380.15,7676699,381.46,384.35,973,384.5,196,
2026-04-13T11:25:00.570,NC,NTPC,384.35,374.35,385.5,374.35,380.15,7676744,381.46,384.4,2,384.5,246,
2026-04-13T11:25:01.521,NC,NTPC,384.5,374.35,385.5,374.35,380.15,7676812,381.46,384.35,1633,384.5,174,
2026-04-13T11:25:02.527,NC,NTPC,384.35,374.35,385.5,374.35,380.15,7676858,381.46,384.35,1588,384.5,173,
2026-04-13T11:25:03.558,NC,NTPC,384.5,374.35,385.5,374.35,380.15,7676927,381.46,384.35,1543,384.5,149,
2026-04-13T11:25:04.532,NC,NTPC,384.35,374.35,385.5,374.35,380.15,7677113,381.46,384.35,1073,384.5,1060,
2026-04-13T11:25:05.550,NC,NTPC,384.35,374.35,385.5,374.35,380.15,7677158,381.46,384.35,1028,384.5,1260,
2026-04-13T11:25:06.535,NC,NTPC,384.5,374.35,385.5,374.35,380.15,7677258,381.46,384.3,2676,384.5,1260,
2026-04-13T11:25:07.530,NC,NTPC,384.3,374.35,385.5,374.35,380.15,7677333,381.46,384.3,2632,384.5,1040,
2026-04-13T11:25:08.530,NC,NTPC,384.5,374.35,385.5,374.35,380.15,7677341,381.46,384.3,1864,384.5,317,
2026-04-13T11:25:09.632,NC,NTPC,384.5,374.35,385.5,374.35,380.15,7677342,381.46,384.35,1773,384.5,316,
2026-04-13T11:25:10.631,NC,NTPC,384.5,374.35,385.5,374.35,380.15,7677413,381.46,384.4,741,384.5,306,
2026-04-13T11:25:11.733,NC,NTPC,384.55,374.35,385.5,374.35,380.15,7677803,381.46,384.45,567,384.5,2,
2026-04-13T11:25:12.830,NC,NTPC,384.55,374.35,385.5,374.35,380.15,7677977,381.46,384.35,389,384.55,2103,
2026-04-13T11:25:16.140,NC,NTPC,384.5,374.35,385.5,374.35,380.15,7678102,381.46,384.35,890,384.55,1475,
2026-04-13T11:25:18.050,NC,NTPC,384.3,374.35,385.5,374.35,380.15,7680901,381.46,384.3,3,384.45,1620,
2026-04-13T11:25:19.032,NC,NTPC,384.3,374.35,385.5,374.35,380.15,7680913,381.46,384.25,25,384.3,4,
2026-04-13T11:25:21.039,NC,NTPC,384.25,374.35,385.5,374.35,380.15,7680986,381.46,384.2,2343,384.25,41,
2026-04-13T11:25:23.042,NC,NTPC,384.25,374.35,385.5,374.35,380.15,7681243,381.46,384.2,2209,384.25,13,
2026-04-13T11:25:25.152,NC,NTPC,384.25,374.35,385.5,374.35,380.15,7681245,381.46,384.2,2275,384.25,20,
2026-04-13T11:25:26.252,NC,NTPC,384.2,374.35,385.5,374.35,380.15,7682896,381.46,384.2,268,384.25,75,
2026-04-13T11:25:27.248,NC,NTPC,384.25,374.35,385.5,374.35,380.15,7683297,381.46,384.15,2857,384.25,36,
2026-04-13T11:25:28.257,NC,NTPC,384.25,374.35,385.5,374.35,380.15,7683300,381.46,384.15,2705,384.25,88,
2026-04-13T11:25:29.249,NC,NTPC,384.15,374.35,385.5,374.35,380.15,7683310,381.46,384.15,2290,384.2,1,
2026-04-13T11:25:30.149,NC,NTPC,384.2,374.35,385.5,374.35,380.15,7683314,381.46,384.15,2197,384.2,653,
2026-04-13T11:25:31.353,NC,NTPC,384.15,374.35,385.5,374.35,380.15,7684021,381.46,384.15,1603,384.2,19,
2026-04-13T11:25:32.453,NC,NTPC,384.2,374.35,385.5,374.35,380.15,7684077,381.46,384.15,1593,384.2,28,
2026-04-13T11:25:33.374,NC,NTPC,384.15,374.35,385.5,374.35,380.15,7684194,381.46,384.15,1545,384.2,24,
2026-04-13T11:25:34.353,NC,NTPC,384.15,374.35,385.5,374.35,380.15,7684247,381.46,384.15,1548,384.2,28,
2026-04-13T11:25:35.355,NC,NTPC,384.2,374.35,385.5,374.35,380.15,7684327,381.46,384.15,1706,384.2,7,
2026-04-13T11:25:36.376,NC,NTPC,384.2,374.35,385.5,374.35,380.15,7684897,381.46,384.15,1181,384.2,8,
2026-04-13T11:25:41.663,NC,NTPC,384.2,374.35,385.5,374.35,380.15,7687223,381.46,384.2,560,384.25,95,
2026-04-13T11:25:47.502,NC,NTPC,384.35,374.35,385.5,374.35,380.15,7688839,381.46,384.3,165,384.35,36,
2026-04-13T11:25:52.904,NC,NTPC,384.45,374.35,385.5,374.35,380.15,7691237,381.46,384.25,1999,384.45,1351,
2026-04-13T11:25:58.099,NC,NTPC,384.1,374.35,385.5,374.35,380.15,7694467,381.46,384.05,665,384.1,36,
2026-04-13T11:26:03.489,NC,NTPC,384.1,374.35,385.5,374.35,380.15,7696971,381.46,384.05,644,384.1,40,
2026-04-13T11:26:08.505,NC,NTPC,384.1,374.35,385.5,374.35,380.15,7697553,381.46,384.05,218,384.1,25,
2026-04-13T11:26:13.603,NC,NTPC,384.15,374.35,385.5,374.35,380.15,7698673,381.46,384.05,123,384.1,2,
2026-04-13T11:26:18.704,NC,NTPC,384.1,374.35,385.5,374.35,380.15,7701660,381.46,384.0,1084,384.05,9,
2026-04-13T11:26:23.738,NC,NTPC,384.1,374.35,385.5,374.35,380.15,7702756,381.46,384.05,17,384.1,51,
2026-04-13T11:26:29.029,NC,NTPC,383.95,374.35,385.5,374.35,380.15,7703808,381.47,383.95,718,384.0,63,
2026-04-13T11:26:33.926,NC,NTPC,384.05,374.35,385.5,374.35,380.15,7705576,381.47,384.0,284,384.05,372,
2026-04-13T11:26:37.424,NC,NTPC,384.0,374.35,385.5,374.35,380.15,7706009,381.47,383.9,1573,384.0,999,
2026-04-13T11:26:39.525,NC,NTPC,384.0,374.35,385.5,374.35,380.15,7706059,381.47,383.95,1,384.0,958,
2026-04-13T11:26:41.332,NC,NTPC,384.0,374.35,385.5,374.35,380.15,7706308,381.47,383.9,464,384.0,806,
2026-04-13T11:26:43.535,NC,NTPC,384.0,374.35,385.5,374.35,380.15,7706831,381.47,383.9,1224,384.0,319,
2026-04-13T11:26:45.534,NC,NTPC,384.0,374.35,385.5,374.35,380.15,7706832,381.47,383.95,755,384.0,346,
2026-04-13T11:26:46.436,NC,NTPC,384.0,374.35,385.5,374.35,380.15,7706956,381.47,383.95,755,384.0,240,
2026-04-13T11:26:47.540,NC,NTPC,384.0,374.35,385.5,374.35,380.15,7706961,381.47,383.95,755,384.0,239,
2026-04-13T11:26:48.658,NC,NTPC,383.95,374.35,385.5,374.35,380.15,7707031,381.47,383.95,685,384.0,239,
2026-04-13T11:26:49.652,NC,NTPC,384.0,374.35,385.5,374.35,380.15,7707032,381.47,383.95,685,384.0,246,
2026-04-13T11:26:50.660,NC,NTPC,383.95,374.35,385.5,374.35,380.15,7707033,381.47,383.95,684,384.0,246,
2026-04-13T11:26:51.552,NC,NTPC,383.95,374.35,385.5,374.35,380.15,7707124,381.47,383.95,593,384.0,236,
2026-04-13T11:26:52.653,NC,NTPC,384.0,374.35,385.5,374.35,380.15,7707319,381.47,383.95,593,384.0,124,
2026-04-13T11:26:53.756,NC,NTPC,383.95,374.35,385.5,374.35,380.15,7707546,381.47,383.95,493,384.0,127,
2026-04-13T11:26:55.967,NC,NTPC,383.95,374.35,385.5,374.35,380.15,7707646,381.47,383.95,393,384.0,127,
2026-04-13T11:26:56.862,NC,NTPC,383.95,374.35,385.5,374.35,380.15,7707962,381.47,383.95,325,384.0,126,
2026-04-13T11:26:59.065,NC,NTPC,383.95,374.35,385.5,374.35,380.15,7708030,381.47,383.95,257,384.0,126,
2026-04-13T11:27:01.271,NC,NTPC,384.0,374.35,385.5,374.35,380.15,7708053,381.47,383.95,259,384.0,116,
2026-04-13T11:27:03.470,NC,NTPC,383.95,374.35,385.5,374.35,380.15,7708553,381.47,383.95,585,384.0,118,
2026-04-13T11:27:04.575,NC,NTPC,384.0,374.35,385.5,374.35,380.15,7708560,381.47,383.95,506,384.0,717,
2026-04-13T11:27:08.782,NC,NTPC,384.0,374.35,385.5,374.35,380.15,7708562,381.47,383.95,656,384.0,886,
2026-04-13T11:27:10.983,NC,NTPC,383.95,374.35,385.5,374.35,380.15,7708639,381.47,383.95,586,384.0,837,
2026-04-13T11:27:11.990,NC,NTPC,384.0,374.35,385.5,374.35,380.15,7709343,381.47,383.95,494,384.0,655,
2026-04-13T11:27:12.989,NC,NTPC,383.95,374.35,385.5,374.35,380.15,7709358,381.47,383.95,479,384.0,655,
2026-04-13T11:27:14.987,NC,NTPC,383.95,374.35,385.5,374.35,380.15,7709362,381.47,383.95,478,384.0,5153,
2026-04-13T11:27:15.988,NC,NTPC,384.0,374.35,385.5,374.35,380.15,7709386,381.47,383.95,478,384.0,630,
2026-04-13T11:27:16.993,NC,NTPC,384.0,374.35,385.5,374.35,380.15,7709388,381.47,383.95,478,384.0,675,
2026-04-13T11:27:17.991,NC,NTPC,383.95,374.35,385.5,374.35,380.15,7709433,381.47,383.95,433,384.0,675,
2026-04-13T11:27:18.994,NC,NTPC,383.95,374.35,385.5,374.35,380.15,7709547,381.47,383.95,319,384.0,932,
2026-04-13T11:27:20.100,NC,NTPC,384.0,374.35,385.5,374.35,380.15,7709602,381.47,383.95,294,384.0,922,
2026-04-13T11:27:21.100,NC,NTPC,383.95,374.35,385.5,374.35,380.15,7709647,381.47,383.95,249,384.0,922,
2026-04-13T11:27:22.226,NC,NTPC,383.9,374.35,385.5,374.35,380.15,7709937,381.47,383.9,266,384.0,1030,
2026-04-13T11:27:23.307,NC,NTPC,383.9,374.35,385.5,374.35,380.15,7710151,381.47,383.9,225,384.0,787,
2026-04-13T11:27:24.307,NC,NTPC,383.9,374.35,385.5,374.35,380.15,7710196,381.47,383.9,440,383.95,1,
2026-04-13T11:27:25.307,NC,NTPC,383.9,374.35,385.5,374.35,380.15,7710241,381.47,383.9,395,383.95,1,
2026-04-13T11:27:26.416,NC,NTPC,383.95,374.35,385.5,374.35,380.15,7710394,381.47,383.95,25,384.0,944,
2026-04-13T11:27:27.519,NC,NTPC,383.95,374.35,385.5,374.35,380.15,7710439,381.47,383.95,6,384.0,944,
2026-04-13T11:27:28.609,NC,NTPC,383.95,374.35,385.5,374.35,380.15,7710790,381.47,383.9,208,383.95,6,
2026-04-13T11:27:29.713,NC,NTPC,383.85,374.35,385.5,374.35,380.15,7711149,381.47,383.85,660,383.95,6,
2026-04-13T11:27:30.813,NC,NTPC,383.85,374.35,385.5,374.35,380.15,7711272,381.47,383.95,3,384.0,674,
2026-04-13T11:27:31.925,NC,NTPC,383.95,374.35,385.5,374.35,380.15,7711318,381.47,383.95,2,384.0,673,
2026-04-13T11:27:32.913,NC,NTPC,383.85,374.35,385.5,374.35,380.15,7711373,381.47,383.85,247,383.9,90,
2026-04-13T11:27:34.113,NC,NTPC,384.0,374.35,385.5,374.35,380.15,7711525,381.47,383.85,545,384.0,614,
2026-04-13T11:27:35.114,NC,NTPC,383.85,374.35,385.5,374.35,380.15,7711570,381.47,383.9,4,383.95,474,
2026-04-13T11:27:36.221,NC,NTPC,383.75,374.35,385.5,374.35,380.15,7712850,381.47,383.75,1499,383.9,873,
2026-04-13T11:27:37.622,NC,NTPC,383.75,374.35,385.5,374.35,380.15,7712946,381.47,383.75,1659,383.9,476,
2026-04-13T11:27:43.335,NC,NTPC,383.9,374.35,385.5,374.35,380.15,7714878,381.47,383.8,1215,383.9,78,
2026-04-13T11:27:48.938,NC,NTPC,383.8,374.35,385.5,374.35,380.15,7715409,381.47,383.8,867,383.85,18,
2026-04-13T11:27:54.361,NC,NTPC,383.75,374.35,385.5,374.35,380.15,7716476,381.47,383.75,1239,383.8,10,
2026-04-13T11:27:59.553,NC,NTPC,383.75,374.35,385.5,374.35,380.15,7716835,381.47,383.75,1140,383.9,1124,
2026-04-13T11:28:04.667,NC,NTPC,383.8,374.35,385.5,374.35,380.15,7718136,381.47,383.8,51,383.9,437,
2026-04-13T11:28:10.064,NC,NTPC,383.75,374.35,385.5,374.35,380.15,7719691,381.47,383.6,546,383.75,1480,
2026-04-13T11:28:15.469,NC,NTPC,383.55,374.35,385.5,374.35,380.15,7720733,381.47,383.55,979,383.75,1205,
2026-04-13T11:28:20.978,NC,NTPC,383.55,374.35,385.5,374.35,380.15,7721561,381.47,383.55,1198,383.7,8,
2026-04-13T11:28:26.304,NC,NTPC,383.75,374.35,385.5,374.35,380.15,7723246,381.47,383.75,1167,383.95,392,
2026-04-13T11:28:31.697,NC,NTPC,383.75,374.35,385.5,374.35,380.15,7724114,381.47,383.75,585,383.9,1,
2026-04-13T11:28:37.094,NC,NTPC,383.9,374.35,385.5,374.35,380.15,7724264,381.47,383.8,20,383.9,742,
2026-04-13T11:28:38.994,NC,NTPC,383.9,374.35,385.5,374.35,380.15,7724364,381.47,383.8,20,383.9,649,
2026-04-13T11:28:40.994,NC,NTPC,383.8,374.35,385.5,374.35,380.15,7724384,381.47,383.75,488,383.8,7,
2026-04-13T11:28:41.995,NC,NTPC,383.95,374.35,385.5,374.35,380.15,7724508,381.47,383.8,25,383.95,220,
2026-04-13T11:28:43.910,NC,NTPC,383.8,374.35,385.5,374.35,380.15,7724514,381.47,383.8,19,383.95,747,
2026-04-13T11:28:45.009,NC,NTPC,383.95,374.35,385.5,374.35,380.15,7724705,381.47,383.8,834,383.95,21,
2026-04-13T11:28:46.902,NC,NTPC,383.95,374.35,385.5,374.35,380.15,7724715,381.47,383.9,73,383.95,187,
2026-04-13T11:28:48.901,NC,NTPC,383.95,374.35,385.5,374.35,380.15,7724718,381.47,383.9,73,383.95,16,
2026-04-13T11:28:49.905,NC,NTPC,383.9,374.35,385.5,374.35,380.15,7724724,381.47,383.9,771,383.95,16,
2026-04-13T11:28:50.906,NC,NTPC,383.9,374.35,385.5,374.35,380.15,7725139,381.47,383.9,360,383.95,9,
2026-04-13T11:28:51.818,NC,NTPC,383.9,374.35,385.5,374.35,380.15,7725641,381.47,383.8,207,383.9,6,
2026-04-13T11:28:52.832,NC,NTPC,383.9,374.35,385.5,374.35,380.15,7725734,381.47,383.9,11,383.95,2,
2026-04-13T11:28:53.814,NC,NTPC,383.95,374.35,385.5,374.35,380.15,7725735,381.47,383.9,11,383.95,1,
2026-04-13T11:28:54.818,NC,NTPC,384.0,374.35,385.5,374.35,380.15,7725745,381.47,383.9,11,384.0,1629,
2026-04-13T11:28:56.816,NC,NTPC,384.0,374.35,385.5,374.35,380.15,7725993,381.47,383.9,11,384.0,1513,
2026-04-13T11:28:57.818,NC,NTPC,384.0,374.35,385.5,374.35,380.15,7727043,381.47,383.9,11,384.0,636,
2026-04-13T11:28:58.919,NC,NTPC,383.9,374.35,385.5,374.35,380.15,7727044,381.47,383.9,10,384.0,643,
2026-04-13T11:28:59.922,NC,NTPC,384.0,374.35,385.5,374.35,380.15,7727127,381.47,383.8,2267,384.0,732,
2026-04-13T11:29:01.030,NC,NTPC,383.9,374.35,385.5,374.35,380.15,7727173,381.47,383.8,1316,383.9,7,
2026-04-13T11:29:02.125,NC,NTPC,383.9,374.35,385.5,374.35,380.15,7727189,381.47,383.85,957,383.9,5,
2026-04-13T11:29:03.151,NC,NTPC,383.85,374.35,385.5,374.35,380.15,7727200,381.47,383.85,1082,384.0,347,
2026-04-13T11:29:04.128,NC,NTPC,384.0,374.35,385.5,374.35,380.15,7727207,381.47,383.85,1511,384.0,342,
2026-04-13T11:29:07.129,NC,NTPC,383.85,374.35,385.5,374.35,380.15,7727227,381.47,383.85,369,383.9,20,
2026-04-13T11:29:08.248,NC,NTPC,383.9,374.35,385.5,374.35,380.15,7727381,381.47,383.85,146,383.9,10,
2026-04-13T11:29:09.231,NC,NTPC,383.85,374.35,385.5,374.35,380.15,7727468,381.47,383.85,79,383.9,17,
2026-04-13T11:29:10.339,NC,NTPC,383.9,374.35,385.5,374.35,380.15,7727498,381.47,383.85,597,383.9,14,
2026-04-13T11:29:11.434,NC,NTPC,383.9,374.35,385.5,374.35,380.15,7727598,381.47,383.9,25,383.95,79,
2026-04-13T11:29:12.443,NC,NTPC,383.85,374.35,385.5,374.35,380.15,7728424,381.47,383.85,212,383.95,68,
2026-04-13T11:29:15.543,NC,NTPC,383.9,374.35,385.5,374.35,380.15,7728425,381.47,383.85,701,383.95,135,
2026-04-13T11:29:16.539,NC,NTPC,383.95,374.35,385.5,374.35,380.15,7728449,381.47,383.85,8,383.95,178,
2026-04-13T11:29:19.452,NC,NTPC,383.85,374.35,385.5,374.35,380.15,7728618,381.47,383.8,376,383.85,76,
2026-04-13T11:29:21.447,NC,NTPC,384.0,374.35,385.5,374.35,380.15,7729069,381.47,383.8,688,384.0,1192,
2026-04-13T11:29:22.457,NC,NTPC,383.8,374.35,385.5,374.35,380.15,7729208,381.47,383.8,228,383.9,92,
2026-04-13T11:29:23.450,NC,NTPC,383.9,374.35,385.5,374.35,380.15,7729377,381.47,383.8,33,383.95,551,
2026-04-13T11:29:24.464,NC,NTPC,383.95,374.35,385.5,374.35,380.15,7729476,381.47,383.8,113,383.95,175,
2026-04-13T11:29:25.449,NC,NTPC,383.8,374.35,385.5,374.35,380.15,7729544,381.47,383.8,43,383.9,67,
2026-04-13T11:29:26.450,NC,NTPC,383.9,374.35,385.5,374.35,380.15,7729793,381.47,383.8,150,383.95,179,
2026-04-13T11:29:29.458,NC,NTPC,383.8,374.35,385.5,374.35,380.15,7729794,381.47,383.8,725,383.9,7,
2026-04-13T11:29:31.452,NC,NTPC,384.0,374.35,385.5,374.35,380.15,7729957,381.47,383.9,2,384.0,642,
2026-04-13T11:29:32.454,NC,NTPC,384.0,374.35,385.5,374.35,380.15,7729958,381.47,383.9,2,384.0,268,
2026-04-13T11:29:35.566,NC,NTPC,383.95,374.35,385.5,374.35,380.15,7729993,381.47,383.9,2,383.95,119,
2026-04-13T11:29:39.957,NC,NTPC,383.8,374.35,385.5,374.35,380.15,7730025,381.47,383.8,745,383.9,54,
2026-04-13T11:29:45.084,NC,NTPC,384.1,374.35,385.5,374.35,380.15,7744006,381.48,384.1,987,384.15,164,
2026-04-13T11:29:50.075,NC,NTPC,384.15,374.35,385.5,374.35,380.15,7745924,381.48,384.1,326,384.15,195,
2026-04-13T11:29:55.081,NC,NTPC,384.1,374.35,385.5,374.35,380.15,7747649,381.48,384.1,201,384.15,124,
2026-04-13T11:30:00.089,NC,NTPC,384.15,374.35,385.5,374.35,380.15,7748363,381.48,384.1,246,384.15,66,
2026-04-13T11:30:04.902,NC,NTPC,384.15,374.35,385.5,374.35,380.15,7748845,381.48,384.1,336,384.15,376,
2026-04-13T11:30:10.601,NC,NTPC,384.1,374.35,385.5,374.35,380.15,7752135,381.48,384.1,58,384.15,464,
2026-04-13T11:30:15.710,NC,NTPC,384.65,374.35,385.5,374.35,380.15,7763241,381.48,384.4,1266,384.6,339,
2026-04-13T11:30:20.822,NC,NTPC,384.85,374.35,385.5,374.35,380.15,7763884,381.49,384.6,852,384.8,454,
2026-04-13T11:30:25.736,NC,NTPC,384.85,374.35,385.5,374.35,380.15,7764706,381.49,384.75,723,384.9,150,
2026-04-13T11:30:30.836,NC,NTPC,385.05,374.35,385.5,374.35,380.15,7769990,381.49,384.95,498,385.05,1,
2026-04-13T11:30:36.440,NC,NTPC,385.05,374.35,385.5,374.35,380.15,7770481,381.49,385.05,288,385.1,242,
2026-04-13T11:30:38.445,NC,NTPC,385.05,374.35,385.5,374.35,380.15,7770543,381.49,385.05,226,385.1,242,
2026-04-13T11:30:39.439,NC,NTPC,385.05,374.35,385.5,374.35,380.15,7770661,381.49,385.05,243,385.1,460,
2026-04-13T11:30:40.441,NC,NTPC,385.05,374.35,385.5,374.35,380.15,7770904,381.49,385.0,501,385.1,1372,
2026-04-13T11:30:41.446,NC,NTPC,385.1,374.35,385.5,374.35,380.15,7771158,381.49,385.05,159,385.1,262,
2026-04-13T11:30:42.566,NC,NTPC,385.05,374.35,385.5,374.35,380.15,7771160,381.49,385.05,159,385.1,848,
2026-04-13T11:30:43.545,NC,NTPC,385.0,374.35,385.5,374.35,380.15,7771260,381.49,384.95,1080,385.15,860,
2026-04-13T11:30:44.544,NC,NTPC,384.95,374.35,385.5,374.35,380.15,7771278,381.49,384.95,1098,385.05,3,
2026-04-13T11:30:46.554,NC,NTPC,385.15,374.35,385.5,374.35,380.15,7771446,381.49,385.0,1096,385.15,222,
2026-04-13T11:30:49.456,NC,NTPC,385.15,374.35,385.5,374.35,380.15,7771468,381.49,385.0,1085,385.15,219,
2026-04-13T11:30:50.558,NC,NTPC,385.0,374.35,385.5,374.35,380.15,7771536,381.49,385.0,1017,385.15,212,
2026-04-13T11:30:51.548,NC,NTPC,385.0,374.35,385.5,374.35,380.15,7771628,381.49,385.0,925,385.1,200,
2026-04-13T11:30:52.647,NC,NTPC,385.0,374.35,385.5,374.35,380.15,7774878,381.49,385.0,780,385.2,5639,
2026-04-13T11:30:53.756,NC,NTPC,385.0,374.35,385.5,374.35,380.15,7774918,381.49,385.0,1012,385.15,129,
2026-04-13T11:30:54.853,NC,NTPC,385.0,374.35,385.5,374.35,380.15,7775022,381.49,385.0,890,385.15,125,
2026-04-13T11:30:55.854,NC,NTPC,385.1,374.35,385.5,374.35,380.15,7775023,381.49,385.0,456,385.1,99,
2026-04-13T11:30:56.852,NC,NTPC,385.1,374.35,385.5,374.35,380.15,7775122,381.49,385.1,25,385.15,302,
2026-04-13T11:30:57.860,NC,NTPC,385.05,374.35,385.5,374.35,380.15,7776549,381.49,385.05,5,385.15,1637,
2026-04-13T11:30:58.855,NC,NTPC,385.05,374.35,385.5,374.35,380.15,7776555,381.49,385.0,516,385.05,1,
2026-04-13T11:31:00.760,NC,NTPC,385.0,374.35,385.5,374.35,380.15,7776667,381.49,385.0,480,385.1,321,
2026-04-13T11:31:01.865,NC,NTPC,385.1,374.35,385.5,374.35,380.15,7776690,381.49,385.0,490,385.1,298,
2026-04-13T11:31:02.877,NC,NTPC,385.1,374.35,385.5,374.35,380.15,7776720,381.49,385.0,490,385.1,268,
2026-04-13T11:31:03.860,NC,NTPC,385.05,374.35,385.5,374.35,380.15,7776721,381.49,385.0,490,385.05,1,
2026-04-13T11:31:04.897,NC,NTPC,385.05,374.35,385.5,374.35,380.15,7776722,381.49,385.0,490,385.1,268,
2026-04-13T11:31:05.860,NC,NTPC,385.0,374.35,385.5,374.35,380.15,7777123,381.49,385.0,89,385.1,496,
2026-04-13T11:31:06.867,NC,NTPC,385.1,374.35,385.5,374.35,380.15,7777133,381.49,385.0,89,385.1,496,
2026-04-13T11:31:07.975,NC,NTPC,385.1,374.35,385.5,374.35,380.15,7777185,381.49,385.0,42,385.1,444,
2026-04-13T11:31:09.095,NC,NTPC,385.1,374.35,385.5,374.35,380.15,7777240,381.49,385.0,44,385.1,396,
2026-04-13T11:31:10.182,NC,NTPC,385.1,374.35,385.5,374.35,380.15,7777379,381.49,385.0,44,385.1,257,
2026-04-13T11:31:11.282,NC,NTPC,385.1,374.35,385.5,374.35,380.15,7777713,381.49,385.0,546,385.1,130,
2026-04-13T11:31:12.380,NC,NTPC,385.0,374.35,385.5,374.35,380.15,7777779,381.49,385.0,480,385.1,100,
2026-04-13T11:31:14.579,NC,NTPC,385.0,374.35,385.5,374.35,380.15,7777789,381.49,385.0,1270,385.1,100,
2026-04-13T11:31:15.680,NC,NTPC,385.1,374.35,385.5,374.35,380.15,7777879,381.49,385.0,1270,385.1,417,
2026-04-13T11:31:16.580,NC,NTPC,385.0,374.35,385.5,374.35,380.15,7777904,381.49,385.0,1269,385.1,393,
2026-04-13T11:31:17.681,NC,NTPC,385.05,374.35,385.5,374.35,380.15,7778648,381.49,385.05,295,385.15,82,
2026-04-13T11:31:18.683,NC,NTPC,385.2,374.35,385.5,374.35,380.15,7778935,381.49,385.05,46,385.2,26049,
2026-04-13T11:31:19.690,NC,NTPC,385.0,374.35,385.5,374.35,380.15,7779722,381.49,385.0,1477,385.15,127,
2026-04-13T11:31:20.693,NC,NTPC,385.0,374.35,385.5,374.35,380.15,7780181,381.49,385.0,1115,385.1,70,
2026-04-13T11:31:21.686,NC,NTPC,385.15,374.35,385.5,374.35,380.15,7780327,381.49,385.1,64,385.15,797,
2026-04-13T11:31:22.686,NC,NTPC,385.15,374.35,385.5,374.35,380.15,7800362,381.5,385.05,1425,385.2,5108,
2026-04-13T11:31:23.687,NC,NTPC,385.2,374.35,385.5,374.35,380.15,7800527,381.5,385.05,2269,385.2,4993,
2026-04-13T11:31:24.693,NC,NTPC,385.05,374.35,385.5,374.35,380.15,7800825,381.5,385.05,1581,385.2,4993,
2026-04-13T11:31:26.702,NC,NTPC,385.2,374.35,385.5,374.35,380.15,7801192,381.5,385.1,43,385.2,4666,
2026-04-13T11:31:27.595,NC,NTPC,385.2,374.35,385.5,374.35,380.15,7801194,381.5,385.1,450,385.2,4923,
2026-04-13T11:31:28.602,NC,NTPC,385.2,374.35,385.5,374.35,380.15,7801214,381.5,385.1,43,385.2,4910,
2026-04-13T11:31:29.604,NC,NTPC,385.05,374.35,385.5,374.35,380.15,7803464,381.5,385.05,767,385.1,757,
2026-04-13T11:31:30.596,NC,NTPC,385.05,374.35,385.5,374.35,380.15,7804044,381.5,385.05,269,385.1,245,
2026-04-13T11:31:31.598,NC,NTPC,385.05,374.35,385.5,374.35,380.15,7804159,381.5,385.05,120,385.1,222,
2026-04-13T11:31:35.603,NC,NTPC,385.1,374.35,385.5,374.35,380.15,7804648,381.5,385.1,407,385.2,4832,
2026-04-13T11:31:36.603,NC,NTPC,385.35,374.35,385.5,374.35,380.15,7812156,381.51,385.35,258,385.4,730,
2026-04-13T11:31:40.008,NC,NTPC,385.4,374.35,385.5,374.35,380.15,7813945,381.51,385.35,237,385.4,125,
2026-04-13T11:31:45.134,NC,NTPC,385.25,374.35,385.5,374.35,380.15,7815060,381.51,385.25,1102,385.4,428,
2026-04-13T11:31:49.929,NC,NTPC,385.4,374.35,385.5,374.35,380.15,7817222,381.51,385.25,17,385.4,2135,
2026-04-13T11:31:55.054,NC,NTPC,385.45,374.35,385.5,374.35,380.15,7820588,381.51,385.25,884,385.4,547,
2026-04-13T11:32:00.835,NC,NTPC,385.3,374.35,385.5,374.35,380.15,7823176,381.51,385.2,2,385.3,2026,
2026-04-13T11:32:06.654,NC,NTPC,385.0,374.35,385.5,374.35,380.15,7825717,381.51,385.0,1502,385.2,577,
2026-04-13T11:32:12.552,NC,NTPC,385.35,374.35,385.5,374.35,380.15,7838876,381.52,385.3,2002,385.35,257,
2026-04-13T11:32:18.349,NC,NTPC,385.3,374.35,385.5,374.35,380.15,7845559,381.52,385.3,2065,385.45,1165,
2026-04-13T11:32:23.659,NC,NTPC,385.4,374.35,385.5,374.35,380.15,7846103,381.52,385.4,1425,385.45,1215,
2026-04-13T11:32:28.664,NC,NTPC,385.4,374.35,385.5,374.35,380.15,7850053,381.53,385.4,155,385.45,266,
2026-04-13T11:32:33.985,NC,NTPC,385.4,374.35,385.5,374.35,380.15,7850717,381.53,385.4,159,385.45,610,
2026-04-13T11:32:39.189,NC,NTPC,385.3,374.35,385.5,374.35,380.15,7858239,381.53,385.3,2096,385.4,816,
2026-04-13T11:32:44.400,NC,NTPC,385.3,374.35,385.5,374.35,380.15,7858847,381.53,385.3,2336,385.4,3640,
2026-04-13T11:32:49.707,NC,NTPC,385.35,374.35,385.5,374.35,380.15,7859567,381.53,385.35,259,385.4,3042,
2026-04-13T11:32:54.617,NC,NTPC,385.35,374.35,385.5,374.35,380.15,7860307,381.53,385.35,6,385.4,3051,
2026-04-13T11:32:59.236,NC,NTPC,385.4,374.35,385.5,374.35,380.15,7863610,381.53,385.35,1401,385.4,7,
2026-04-13T11:33:04.127,NC,NTPC,385.4,374.35,385.5,374.35,380.15,7864382,381.53,385.4,505,385.45,48,
2026-04-13T11:33:09.140,NC,NTPC,385.35,374.35,385.5,374.35,380.15,7866190,381.53,385.35,439,385.45,1,
2026-04-13T11:33:14.036,NC,NTPC,385.4,374.35,385.5,374.35,380.15,7866545,381.53,385.4,202,385.45,711,
2026-04-13T11:33:18.852,NC,NTPC,385.5,374.35,385.5,374.35,380.15,7867383,381.53,385.4,1720,385.5,4109,
2026-04-13T11:33:23.761,NC,NTPC,385.5,374.35,385.5,374.35,380.15,7868228,381.53,385.4,1796,385.5,3356,
2026-04-13T11:33:28.562,NC,NTPC,385.5,374.35,385.5,374.35,380.15,7869693,381.54,385.4,2791,385.5,2876,
2026-04-13T11:33:33.364,NC,NTPC,385.8,374.35,385.8,374.35,380.15,7886344,381.54,385.65,1937,385.8,567,
2026-04-13T11:33:38.270,NC,NTPC,385.85,374.35,385.85,374.35,380.15,7888962,381.55,385.8,111,385.85,474,
2026-04-13T11:33:43.183,NC,NTPC,385.9,374.35,385.9,374.35,380.15,7889663,381.55,385.7,708,385.9,2393,
2026-04-13T11:33:48.088,NC,NTPC,385.8,374.35,385.9,374.35,380.15,7890146,381.55,385.75,341,385.8,306,
2026-04-13T11:33:52.991,NC,NTPC,385.9,374.35,385.9,374.35,380.15,7891460,381.55,385.85,224,385.9,725,
2026-04-13T11:33:57.713,NC,NTPC,385.7,374.35,385.9,374.35,380.15,7895443,381.55,385.75,1655,385.85,11,
2026-04-13T11:34:02.828,NC,NTPC,385.85,374.35,385.9,374.35,380.15,7896890,381.55,385.85,3,385.9,255,
2026-04-13T11:34:08.320,NC,NTPC,385.85,374.35,385.95,374.35,380.15,7897487,381.55,385.85,2,385.9,739,
2026-04-13T11:34:13.920,NC,NTPC,385.9,374.35,385.95,374.35,380.15,7900201,381.55,385.75,1048,385.9,100,
2026-04-13T11:34:19.334,NC,NTPC,385.75,374.35,385.95,374.35,380.15,7900666,381.55,385.75,314,385.85,126,
2026-04-13T11:34:24.446,NC,NTPC,385.9,374.35,385.95,374.35,380.15,7917582,381.56,385.75,52,385.9,894,
2026-04-13T11:34:29.760,NC,NTPC,385.95,374.35,385.95,374.35,380.15,7920228,381.56,385.75,1164,385.95,6761,
2026-04-13T11:34:34.547,NC,NTPC,385.95,374.35,385.95,374.35,380.15,7921985,381.56,385.8,8,385.95,12754,
2026-04-13T11:34:36.657,NC,NTPC,385.8,374.35,385.95,374.35,380.15,7922110,381.56,385.9,1,385.95,14594,
2026-04-13T11:34:37.751,NC,NTPC,386.05,374.35,386.15,374.35,380.15,7986685,381.6,386.05,289,386.2,4953,
2026-04-13T11:34:38.849,NC,NTPC,385.95,374.35,386.2,374.35,380.15,7987688,381.6,385.95,137,386.15,2288,
2026-04-13T11:34:39.854,NC,NTPC,386.0,374.35,386.2,374.35,380.15,7987729,381.6,386.0,59,386.15,1601,
2026-04-13T11:34:40.854,NC,NTPC,385.65,374.35,386.2,374.35,380.15,7992175,381.6,385.55,976,385.75,1754,
2026-04-13T11:34:41.755,NC,NTPC,385.7,374.35,386.2,374.35,380.15,7992455,381.6,385.55,9,385.7,189,
2026-04-13T11:34:42.857,NC,NTPC,385.75,374.35,386.2,374.35,380.15,7992655,381.6,385.55,682,385.75,1380,
2026-04-13T11:34:43.863,NC,NTPC,385.8,374.35,386.2,374.35,380.15,7993655,381.6,385.7,1,385.8,1306,
2026-04-13T11:34:44.875,NC,NTPC,386.1,374.35,386.2,374.35,380.15,8010350,381.61,386.0,1852,386.1,246,
2026-04-13T11:34:45.857,NC,NTPC,386.1,374.35,386.2,374.35,380.15,8012228,381.61,386.0,2269,386.1,318,
2026-04-13T11:34:46.857,NC,NTPC,386.0,374.35,386.2,374.35,380.15,8016794,381.62,386.0,2245,386.1,1576,
2026-04-13T11:34:47.864,NC,NTPC,386.1,374.35,386.2,374.35,380.15,8016867,381.62,386.0,2245,386.1,414,
2026-04-13T11:34:48.869,NC,NTPC,386.0,374.35,386.2,374.35,380.15,8016940,381.62,386.0,2172,386.1,862,
2026-04-13T11:34:49.874,NC,NTPC,386.0,374.35,386.2,374.35,380.15,8017340,381.62,386.0,1772,386.1,1121,
2026-04-13T11:34:51.019,NC,NTPC,386.05,374.35,386.2,374.35,380.15,8027376,381.62,386.0,2230,386.05,488,
2026-04-13T11:34:51.988,NC,NTPC,386.0,374.35,386.2,374.35,380.15,8027468,381.62,386.0,2639,386.1,551,
2026-04-13T11:34:53.072,NC,NTPC,386.0,374.35,386.2,374.35,380.15,8027618,381.62,386.0,2489,386.1,135,
2026-04-13T11:34:54.075,NC,NTPC,386.0,374.35,386.2,374.35,380.15,8030619,381.62,386.0,1121,386.1,1,
2026-04-13T11:34:55.166,NC,NTPC,386.0,374.35,386.2,374.35,380.15,8030834,381.62,386.0,1413,386.15,1436,
2026-04-13T11:34:56.264,NC,NTPC,386.1,374.35,386.2,374.35,380.15,8031987,381.62,386.0,1467,386.1,1574,
2026-04-13T11:34:57.170,NC,NTPC,385.85,374.35,386.2,374.35,380.15,8033987,381.63,385.85,93,386.05,872,
2026-04-13T11:34:58.267,NC,NTPC,386.0,374.35,386.2,374.35,380.15,8034089,381.63,385.85,51,386.0,313,
2026-04-13T11:34:59.367,NC,NTPC,386.0,374.35,386.2,374.35,380.15,8034444,381.63,385.85,309,386.0,226,
2026-04-13T11:35:00.370,NC,NTPC,386.0,374.35,386.2,374.35,380.15,8034719,381.63,385.9,259,386.0,769,
2026-04-13T11:35:01.271,NC,NTPC,386.0,374.35,386.2,374.35,380.15,8036535,381.63,386.0,2106,386.1,840,
2026-04-13T11:35:02.473,NC,NTPC,386.0,374.35,386.2,374.35,380.15,8036865,381.63,386.0,3110,386.1,1004,
2026-04-13T11:35:03.574,NC,NTPC,386.1,374.35,386.2,374.35,380.15,8037125,381.63,386.05,259,386.1,671,
2026-04-13T11:35:04.675,NC,NTPC,386.15,374.35,386.2,374.35,380.15,8039409,381.63,386.05,259,386.15,390,
2026-04-13T11:35:05.779,NC,NTPC,386.0,374.35,386.2,374.35,380.15,8039739,381.63,386.05,259,386.15,1034,
2026-04-13T11:35:06.877,NC,NTPC,386.15,374.35,386.2,374.35,380.15,8041873,381.63,386.15,257,386.2,4216,
2026-04-13T11:35:07.879,NC,NTPC,386.2,374.35,386.2,374.35,380.15,8041968,381.63,386.15,258,386.2,4500,
2026-04-13T11:35:08.881,NC,NTPC,386.25,374.35,386.25,374.35,380.15,8053646,381.64,386.1,174,386.25,2069,
2026-04-13T11:35:09.985,NC,NTPC,386.15,374.35,386.25,374.35,380.15,8053801,381.64,386.15,258,386.2,200,
2026-04-13T11:35:10.887,NC,NTPC,386.2,374.35,386.25,374.35,380.15,8053905,381.64,386.15,258,386.2,96,
2026-04-13T11:35:11.979,NC,NTPC,386.25,374.35,386.3,374.35,380.15,8058648,381.64,386.25,126,386.3,278,
2026-04-13T11:35:12.980,NC,NTPC,386.4,374.35,386.4,374.35,380.15,8059003,381.64,386.25,753,386.4,266,
2026-04-13T11:35:13.981,NC,NTPC,386.45,374.35,386.45,374.35,380.15,8059555,381.64,386.35,705,386.45,358,
2026-04-13T11:35:15.082,NC,NTPC,386.45,374.35,386.45,374.35,380.15,8059676,381.64,386.35,684,386.45,258,
2026-04-13T11:35:16.082,NC,NTPC,386.4,374.35,386.45,374.35,380.15,8059700,381.64,386.25,746,386.45,590,
2026-04-13T11:35:17.083,NC,NTPC,386.3,374.35,386.45,374.35,380.15,8060103,381.64,386.3,286,386.45,266,
2026-04-13T11:35:18.083,NC,NTPC,386.3,374.35,386.45,374.35,380.15,8060128,381.64,386.3,311,386.4,50,
2026-04-13T11:35:19.083,NC,NTPC,386.4,374.35,386.45,374.35,380.15,8060197,381.64,386.3,313,386.4,49,
2026-04-13T11:35:20.192,NC,NTPC,386.45,374.35,386.45,374.35,380.15,8060766,381.64,386.3,463,386.45,216,
2026-04-13T11:35:21.187,NC,NTPC,386.3,374.35,386.45,374.35,380.15,8060884,381.64,386.35,67,386.45,198,
2026-04-13T11:35:22.189,NC,NTPC,386.45,374.35,386.45,374.35,380.15,8060984,381.64,386.35,67,386.45,101,
2026-04-13T11:35:23.201,NC,NTPC,386.3,374.35,386.45,374.35,380.15,8061853,381.64,386.35,617,386.45,2,
2026-04-13T11:35:24.189,NC,NTPC,386.35,374.35,386.45,374.35,380.15,8061854,381.64,386.35,616,386.45,2,
2026-04-13T11:35:25.186,NC,NTPC,386.45,374.35,386.45,374.35,380.15,8062425,381.64,386.35,633,386.45,470,
2026-04-13T11:35:26.286,NC,NTPC,386.45,374.35,386.45,374.35,380.15,8062625,381.64,386.35,19,386.4,2190,
2026-04-13T11:35:27.390,NC,NTPC,386.4,374.35,386.45,374.35,380.15,8063299,381.64,386.35,19,386.4,1516,
2026-04-13T11:35:28.502,NC,NTPC,386.4,374.35,386.45,374.35,380.15,8063430,381.64,386.35,19,386.4,1385,
2026-04-13T11:35:29.494,NC,NTPC,386.4,374.35,386.45,374.35,380.15,8063537,381.64,386.35,2,386.4,1335,
2026-04-13T11:35:30.490,NC,NTPC,386.4,374.35,386.45,374.35,380.15,8063542,381.64,386.35,2,386.4,1330,
2026-04-13T11:35:31.493,NC,NTPC,386.5,374.35,386.5,374.35,380.15,8068114,381.64,386.35,556,386.5,5692,
2026-04-13T11:35:32.493,NC,NTPC,386.35,374.35,386.5,374.35,380.15,8068179,381.64,386.3,1199,386.5,6029,
2026-04-13T11:35:33.594,NC,NTPC,386.5,374.35,386.5,374.35,380.15,8068679,381.64,386.3,969,386.45,2026,
2026-04-13T11:35:34.598,NC,NTPC,386.4,374.35,386.5,374.35,380.15,8071195,381.65,386.3,1048,386.4,879,
2026-04-13T11:35:35.500,NC,NTPC,386.2,374.35,386.5,374.35,380.15,8075474,381.65,386.15,200,386.3,895,
2026-04-13T11:35:36.915,NC,NTPC,386.15,374.35,386.5,374.35,380.15,8076638,381.65,386.15,50,386.3,1899,
2026-04-13T11:35:38.003,NC,NTPC,386.3,374.35,386.5,374.35,380.15,8077038,381.65,386.15,50,386.3,1580,
2026-04-13T11:35:39.004,NC,NTPC,386.3,374.35,386.5,374.35,380.15,8078538,381.65,386.15,50,386.3,1077,
2026-04-13T11:35:39.904,NC,NTPC,386.3,374.35,386.5,374.35,380.15,8078540,381.65,386.15,643,386.3,747,
2026-04-13T11:35:41.008,NC,NTPC,386.15,374.35,386.5,374.35,380.15,8078616,381.65,386.15,569,386.3,738,
2026-04-13T11:35:42.012,NC,NTPC,386.15,374.35,386.5,374.35,380.15,8078914,381.65,386.15,519,386.3,490,
2026-04-13T11:35:43.017,NC,NTPC,386.2,374.35,386.5,374.35,380.15,8079034,381.65,386.2,365,386.3,58,
2026-04-13T11:35:44.015,NC,NTPC,386.2,374.35,386.5,374.35,380.15,8079035,381.65,386.2,364,386.3,59,
2026-04-13T11:35:45.010,NC,NTPC,386.2,374.35,386.5,374.35,380.15,8079037,381.65,386.2,363,386.3,558,
2026-04-13T11:35:46.011,NC,NTPC,386.25,374.35,386.5,374.35,380.15,8079596,381.65,386.3,4,386.45,1974,
2026-04-13T11:35:47.019,NC,NTPC,386.2,374.35,386.5,374.35,380.15,8079621,381.65,386.2,2088,386.3,36,
2026-04-13T11:35:48.114,NC,NTPC,386.2,374.35,386.5,374.35,380.15,8079627,381.65,386.2,2106,386.3,37,
2026-04-13T11:35:49.113,NC,NTPC,386.2,374.35,386.5,374.35,380.15,8079751,381.65,386.2,1822,386.3,37,
2026-04-13T11:35:50.120,NC,NTPC,386.4,374.35,386.5,374.35,380.15,8080665,381.65,386.2,1746,386.4,339,
2026-04-13T11:35:51.220,NC,NTPC,386.25,374.35,386.5,374.35,380.15,8080800,381.65,386.25,262,386.45,3210,
2026-04-13T11:35:52.220,NC,NTPC,386.25,374.35,386.5,374.35,380.15,8080892,381.65,386.2,1670,386.4,694,
2026-04-13T11:35:53.322,NC,NTPC,386.4,374.35,386.5,374.35,380.15,8080939,381.65,386.2,2007,386.4,1001,
2026-04-13T11:35:54.334,NC,NTPC,386.4,374.35,386.5,374.35,380.15,8080994,381.65,386.2,2186,386.4,864,
2026-04-13T11:35:55.425,NC,NTPC,386.2,374.35,386.5,374.35,380.15,8081104,381.65,386.2,1987,386.4,1189,
2026-04-13T11:35:56.524,NC,NTPC,386.35,374.35,386.5,374.35,380.15,8081527,381.65,386.2,1515,386.35,1571,
2026-04-13T11:35:57.535,NC,NTPC,386.15,374.35,386.5,374.35,380.15,8085837,381.65,386.0,4776,386.15,1730,
2026-04-13T11:35:58.531,NC,NTPC,385.75,374.35,386.5,374.35,380.15,8113669,381.67,385.6,1198,385.75,1392,
2026-04-13T11:35:59.525,NC,NTPC,385.5,374.35,386.5,374.35,380.15,8115059,381.67,385.5,2773,385.7,1092,
2026-04-13T11:36:00.635,NC,NTPC,385.6,374.35,386.5,374.35,380.15,8115761,381.67,385.55,1055,385.6,7,
2026-04-13T11:36:01.732,NC,NTPC,385.7,374.35,386.5,374.35,380.15,8116851,381.67,385.6,3,385.7,1049,
2026-04-13T11:36:02.746,NC,NTPC,385.6,374.35,386.5,374.35,380.15,8119599,381.67,385.5,2295,385.6,1499,
2026-04-13T11:36:03.735,NC,NTPC,385.6,374.35,386.5,374.35,380.15,8120189,381.67,385.5,2597,385.6,909,
2026-04-13T11:36:04.637,NC,NTPC,385.6,374.35,386.5,374.35,380.15,8120290,381.67,385.5,2596,385.6,809,
2026-04-13T11:36:05.738,NC,NTPC,385.7,374.35,386.5,374.35,380.15,8121380,381.67,385.55,28,385.7,30,
2026-04-13T11:36:06.738,NC,NTPC,385.55,374.35,386.5,374.35,380.15,8122790,381.67,385.55,8,385.75,1111,
2026-04-13T11:36:07.755,NC,NTPC,385.7,374.35,386.5,374.35,380.15,8122947,381.67,385.5,2294,385.7,1446,
2026-04-13T11:36:08.741,NC,NTPC,385.65,374.35,386.5,374.35,380.15,8123037,381.67,385.55,663,385.65,141,
2026-04-13T11:36:09.640,NC,NTPC,385.7,374.35,386.5,374.35,380.15,8123280,381.67,385.5,6285,385.65,130,
2026-04-13T11:36:10.750,NC,NTPC,385.65,374.35,386.5,374.35,380.15,8124619,381.67,385.5,5071,385.7,829,
2026-04-13T11:36:11.751,NC,NTPC,385.7,374.35,386.5,374.35,380.15,8125289,381.68,385.5,4741,385.7,784,
2026-04-13T11:36:12.760,NC,NTPC,385.65,374.35,386.5,374.35,380.15,8125435,381.68,385.5,4691,385.65,641,
2026-04-13T11:36:13.748,NC,NTPC,385.5,374.35,386.5,374.35,380.15,8125615,381.68,385.5,4601,385.65,551,
2026-04-13T11:36:14.858,NC,NTPC,385.65,374.35,386.5,374.35,380.15,8125859,381.68,385.55,1,385.65,345,
2026-04-13T11:36:15.745,NC,NTPC,385.7,374.35,386.5,374.35,380.15,8125979,381.68,385.65,10,385.7,1304,
2026-04-13T11:36:16.745,NC,NTPC,385.7,374.35,386.5,374.35,380.15,8126118,381.68,385.5,4461,385.7,1894,
2026-04-13T11:36:17.753,NC,NTPC,385.75,374.35,386.5,374.35,380.15,8126624,381.68,385.55,702,385.75,1288,
2026-04-13T11:36:18.755,NC,NTPC,385.75,374.35,386.5,374.35,380.15,8126766,381.68,385.65,2,385.75,534,
2026-04-13T11:36:19.858,NC,NTPC,385.75,374.35,386.5,374.35,380.15,8126856,381.68,385.65,2,385.75,444,
2026-04-13T11:36:20.953,NC,NTPC,385.65,374.35,386.5,374.35,380.15,8126950,381.68,385.6,50,385.65,7,
2026-04-13T11:36:21.869,NC,NTPC,385.7,374.35,386.5,374.35,380.15,8127040,381.68,385.6,50,385.7,180,
2026-04-13T11:36:22.877,NC,NTPC,385.7,374.35,386.5,374.35,380.15,8127138,381.68,385.65,102,385.7,341,
2026-04-13T11:36:23.966,NC,NTPC,385.7,374.35,386.5,374.35,380.15,8127968,381.68,385.6,1082,385.7,51,
2026-04-13T11:36:24.961,NC,NTPC,385.6,374.35,386.5,374.35,380.15,8128073,381.68,385.6,1067,385.75,329,
2026-04-13T11:36:25.963,NC,NTPC,385.7,374.35,386.5,374.35,380.15,8131394,381.68,385.6,1082,385.7,1459,
2026-04-13T11:36:26.962,NC,NTPC,385.6,374.35,386.5,374.35,380.15,8131757,381.68,385.6,1057,385.7,685,
2026-04-13T11:36:27.969,NC,NTPC,385.7,374.35,386.5,374.35,380.15,8131847,381.68,385.6,1057,385.7,595,
2026-04-13T11:36:28.964,NC,NTPC,385.7,374.35,386.5,374.35,380.15,8131937,381.68,385.6,1057,385.7,391,
2026-04-13T11:36:29.966,NC,NTPC,385.7,374.35,386.5,374.35,380.15,8132107,381.68,385.6,1057,385.7,221,
2026-04-13T11:36:30.968,NC,NTPC,385.7,374.35,386.5,374.35,380.15,8132389,381.68,385.6,989,385.7,545,
2026-04-13T11:36:31.966,NC,NTPC,385.6,374.35,386.5,374.35,380.15,8132662,381.68,385.6,807,385.7,444,
2026-04-13T11:36:32.967,NC,NTPC,385.7,374.35,386.5,374.35,380.15,8132822,381.68,385.6,807,385.7,1121,
2026-04-13T11:36:33.971,NC,NTPC,385.7,374.35,386.5,374.35,380.15,8133719,381.68,385.6,1086,385.7,1975,
2026-04-13T11:36:34.978,NC,NTPC,385.7,374.35,386.5,374.35,380.15,8133860,381.68,385.65,4,385.7,1199,
2026-04-13T11:36:35.979,NC,NTPC,385.7,374.35,386.5,374.35,380.15,8133950,381.68,385.65,4,385.7,1109,
2026-04-13T11:36:37.186,NC,NTPC,385.7,374.35,386.5,374.35,380.15,8134104,381.68,385.65,4,385.7,366,
2026-04-13T11:36:38.182,NC,NTPC,385.6,374.35,386.5,374.35,380.15,8134304,381.68,385.6,957,385.7,600,
2026-04-13T11:36:39.181,NC,NTPC,385.7,374.35,386.5,374.35,380.15,8134462,381.68,385.6,959,385.7,510,
2026-04-13T11:36:40.281,NC,NTPC,385.6,374.35,386.5,374.35,380.15,8134553,381.68,385.6,958,385.7,420,
2026-04-13T11:36:41.287,NC,NTPC,385.7,374.35,386.5,374.35,380.15,8134897,381.68,385.6,2413,385.7,82,
2026-04-13T11:36:42.298,NC,NTPC,385.7,374.35,386.5,374.35,380.15,8136487,381.68,385.6,1082,385.7,251,
2026-04-13T11:36:43.289,NC,NTPC,385.7,374.35,386.5,374.35,380.15,8136577,381.68,385.6,1082,385.7,161,
2026-04-13T11:36:44.303,NC,NTPC,385.8,374.35,386.5,374.35,380.15,8137521,381.68,385.65,2,385.8,2013,
2026-04-13T11:36:45.289,NC,NTPC,385.8,374.35,386.5,374.35,380.15,8137611,381.68,385.65,2,385.8,1668,
2026-04-13T11:36:46.289,NC,NTPC,385.7,374.35,386.5,374.35,380.15,8137725,381.68,385.65,2,385.7,2,
2026-04-13T11:36:47.293,NC,NTPC,385.8,374.35,386.5,374.35,380.15,8138165,381.68,385.65,2,385.8,1550,
2026-04-13T11:36:48.192,NC,NTPC,385.7,374.35,386.5,374.35,380.15,8138256,381.68,385.65,1,385.7,215,
2026-04-13T11:36:49.297,NC,NTPC,385.7,374.35,386.5,374.35,380.15,8138346,381.68,385.65,1,385.7,132,
2026-04-13T11:36:50.295,NC,NTPC,385.7,374.35,386.5,374.35,380.15,8138441,381.68,385.6,1121,385.7,42,
2026-04-13T11:36:51.358,NC,NTPC,385.8,374.35,386.5,374.35,380.15,8138601,381.68,385.7,100,385.8,1145,
2026-04-13T11:36:52.457,NC,NTPC,385.8,374.35,386.5,374.35,380.15,8139701,381.68,385.7,100,385.8,26,
2026-04-13T11:36:53.458,NC,NTPC,385.85,374.35,386.5,374.35,380.15,8139746,381.68,385.7,120,385.85,1640,
2026-04-13T11:36:54.459,NC,NTPC,385.85,374.35,386.5,374.35,380.15,8139791,381.68,385.7,120,385.85,1595,
2026-04-13T11:36:55.465,NC,NTPC,385.9,374.35,386.5,374.35,380.15,8141351,381.68,385.7,220,385.9,1690,
2026-04-13T11:36:56.481,NC,NTPC,385.85,374.35,386.5,374.35,380.15,8141840,381.68,385.7,122,385.9,1431,
2026-04-13T11:36:57.463,NC,NTPC,385.65,374.35,386.5,374.35,380.15,8141900,381.68,385.65,393,385.85,2868,
2026-04-13T11:36:58.464,NC,NTPC,385.6,374.35,386.5,374.35,380.15,8144914,381.68,385.6,2569,385.75,259,
2026-04-13T11:36:59.464,NC,NTPC,385.65,374.35,386.5,374.35,380.15,8144982,381.68,385.65,3550,385.75,259,
2026-04-13T11:37:00.473,NC,NTPC,385.85,374.35,386.5,374.35,380.15,8146147,381.69,385.75,2,385.85,517,
2026-04-13T11:37:01.469,NC,NTPC,385.85,374.35,386.5,374.35,380.15,8146176,381.69,385.75,2,385.85,420,
2026-04-13T11:37:02.473,NC,NTPC,385.85,374.35,386.5,374.35,380.15,8146226,381.69,385.75,2,385.85,371,
2026-04-13T11:37:03.466,NC,NTPC,385.7,374.35,386.5,374.35,380.15,8146247,381.69,385.7,1117,385.85,340,
2026-04-13T11:37:06.479,NC,NTPC,385.85,374.35,386.5,374.35,380.15,8146250,381.69,385.7,1764,385.85,297,
2026-04-13T11:37:07.478,NC,NTPC,385.7,374.35,386.5,374.35,380.15,8146300,381.69,385.7,1984,385.85,297,
2026-04-13T11:37:08.477,NC,NTPC,385.85,374.35,386.5,374.35,380.15,8146320,381.69,385.7,1984,385.85,277,
2026-04-13T11:37:09.586,NC,NTPC,385.7,374.35,386.5,374.35,380.15,8146721,381.69,385.7,2766,385.85,283,
2026-04-13T11:37:10.683,NC,NTPC,385.85,374.35,386.5,374.35,380.15,8147220,381.69,385.8,2102,385.95,1,
2026-04-13T11:37:11.782,NC,NTPC,385.95,374.35,386.5,374.35,380.15,8147227,381.69,385.95,18,386.0,1794,
2026-04-13T11:37:12.880,NC,NTPC,386.0,374.35,386.5,374.35,380.15,8147737,381.69,385.95,18,386.0,1285,
2026-04-13T11:37:13.986,NC,NTPC,385.95,374.35,386.5,374.35,380.15,8147855,381.69,385.95,25,386.0,1185,
2026-04-13T11:37:14.985,NC,NTPC,386.1,374.35,386.5,374.35,380.15,8149078,381.69,385.9,2884,386.1,141,
2026-04-13T11:37:15.983,NC,NTPC,385.9,374.35,386.5,374.35,380.15,8149108,381.69,385.9,2644,386.0,26,
2026-04-13T11:37:17.095,NC,NTPC,386.0,374.35,386.5,374.35,380.15,8149135,381.69,385.95,1495,386.1,3,
2026-04-13T11:37:18.098,NC,NTPC,385.95,374.35,386.5,374.35,380.15,8149170,381.69,385.95,1464,386.1,3,
2026-04-13T11:37:19.088,NC,NTPC,385.95,374.35,386.5,374.35,380.15,8149241,381.69,385.95,1301,386.1,2,
2026-04-13T11:37:20.089,NC,NTPC,386.0,374.35,386.5,374.35,380.15,8150341,381.69,386.0,1838,386.1,2,
2026-04-13T11:37:23.300,NC,NTPC,386.0,374.35,386.5,374.35,380.15,8150371,381.69,386.0,2647,386.05,67,
2026-04-13T11:37:26.492,NC,NTPC,386.05,374.35,386.5,374.35,380.15,8150629,381.69,386.05,25,386.2,909,
2026-04-13T11:37:27.494,NC,NTPC,386.15,374.35,386.5,374.35,380.15,8150630,381.69,386.05,25,386.15,138,
2026-04-13T11:37:28.602,NC,NTPC,386.05,374.35,386.5,374.35,380.15,8150723,381.69,386.05,25,386.1,1,
2026-04-13T11:37:29.703,NC,NTPC,386.1,374.35,386.5,374.35,380.15,8150728,381.69,386.1,20,386.15,138,
2026-04-13T11:37:30.793,NC,NTPC,386.1,374.35,386.5,374.35,380.15,8150787,381.69,386.0,1027,386.15,1364,
2026-04-13T11:37:31.901,NC,NTPC,386.1,374.35,386.5,374.35,380.15,8151102,381.69,386.1,3,386.15,1311,
2026-04-13T11:37:33.104,NC,NTPC,386.15,374.35,386.5,374.35,380.15,8151164,381.69,386.05,1137,386.15,60,
2026-04-13T11:37:34.203,NC,NTPC,386.15,374.35,386.5,374.35,380.15,8151419,381.69,386.05,249,386.15,738,
2026-04-13T11:37:35.107,NC,NTPC,386.1,374.35,386.5,374.35,380.15,8151420,381.69,386.1,3,386.15,141,
2026-04-13T11:37:36.210,NC,NTPC,386.15,374.35,386.5,374.35,380.15,8151549,381.69,386.1,3,386.15,105,
2026-04-13T11:37:38.603,NC,NTPC,386.15,374.35,386.5,374.35,380.15,8151658,381.69,386.1,280,386.15,67,
2026-04-13T11:37:40.802,NC,NTPC,386.1,374.35,386.5,374.35,380.15,8151781,381.69,386.1,157,386.15,138,
2026-04-13T11:37:41.907,NC,NTPC,386.1,374.35,386.5,374.35,380.15,8152034,381.69,386.1,153,386.15,138,
2026-04-13T11:37:43.907,NC,NTPC,386.1,374.35,386.5,374.35,380.15,8152067,381.69,386.1,300,386.15,60,
2026-04-13T11:37:45.107,NC,NTPC,386.1,374.35,386.5,374.35,380.15,8152297,381.69,386.1,232,386.15,60,
2026-04-13T11:37:46.033,NC,NTPC,386.15,374.35,386.5,374.35,380.15,8152347,381.69,386.1,212,386.15,60,
2026-04-13T11:37:47.114,NC,NTPC,386.15,374.35,386.5,374.35,380.15,8153005,381.69,386.15,11,386.2,1439,
2026-04-13T11:37:49.357,NC,NTPC,386.15,374.35,386.5,374.35,380.15,8153073,381.69,386.15,326,386.2,1389,
2026-04-13T11:37:51.319,NC,NTPC,386.15,374.35,386.5,374.35,380.15,8156111,381.69,386.1,277,386.2,1254,
2026-04-13T11:37:52.422,NC,NTPC,386.1,374.35,386.5,374.35,380.15,8156162,381.69,386.1,226,386.2,1407,
2026-04-13T11:37:53.523,NC,NTPC,386.2,374.35,386.5,374.35,380.15,8156177,381.69,386.1,221,386.2,1136,
2026-04-13T11:37:54.723,NC,NTPC,386.2,374.35,386.5,374.35,380.15,8156257,381.69,386.1,141,386.2,1311,
2026-04-13T11:37:55.724,NC,NTPC,386.0,374.35,386.5,374.35,380.15,8161170,381.69,386.0,503,386.1,1716,
2026-04-13T11:37:56.924,NC,NTPC,386.1,374.35,386.5,374.35,380.15,8161428,381.69,386.0,595,386.1,1472,
2026-04-13T11:37:58.025,NC,NTPC,386.0,374.35,386.5,374.35,380.15,8163525,381.69,385.75,272,386.0,2351,
2026-04-13T11:37:59.127,NC,NTPC,386.0,374.35,386.5,374.35,380.15,8163530,381.69,385.75,1015,386.0,1851,
2026-04-13T11:38:01.233,NC,NTPC,385.95,374.35,386.5,374.35,380.15,8165571,381.7,385.95,3,386.0,989,
2026-04-13T11:38:02.336,NC,NTPC,385.95,374.35,386.5,374.35,380.15,8165590,381.7,385.75,409,386.0,2362,
2026-04-13T11:38:03.434,NC,NTPC,386.0,374.35,386.5,374.35,380.15,8165592,381.7,385.75,1276,386.0,1940,
2026-04-13T11:38:05.635,NC,NTPC,385.95,374.35,386.5,374.35,380.15,8165792,381.7,385.75,1426,385.95,506,
2026-04-13T11:38:06.738,NC,NTPC,385.85,374.35,386.5,374.35,380.15,8165795,381.7,385.8,1573,385.85,1,
2026-04-13T11:38:07.838,NC,NTPC,385.85,374.35,386.5,374.35,380.15,8165797,381.7,385.85,122,385.95,310,
2026-04-13T11:38:08.940,NC,NTPC,385.95,374.35,386.5,374.35,380.15,8166065,381.7,385.85,122,385.95,110,
2026-04-13T11:38:11.136,NC,NTPC,385.85,374.35,386.5,374.35,380.15,8166138,381.7,385.8,228,385.95,541,
2026-04-13T11:38:12.137,NC,NTPC,385.95,374.35,386.5,374.35,380.15,8166477,381.7,385.8,137,385.95,960,
2026-04-13T11:38:14.343,NC,NTPC,385.95,374.35,386.5,374.35,380.15,8166488,381.7,385.8,136,385.95,965,
2026-04-13T11:38:19.246,NC,NTPC,385.9,374.35,386.5,374.35,380.15,8166542,381.7,385.8,1147,385.95,68,
2026-04-13T11:38:20.247,NC,NTPC,385.8,374.35,386.5,374.35,380.15,8167739,381.7,385.7,41,385.85,305,
2026-04-13T11:38:21.249,NC,NTPC,385.8,374.35,386.5,374.35,380.15,8167880,381.7,385.65,3540,385.8,778,
2026-04-13T11:38:22.247,NC,NTPC,385.65,374.35,386.5,374.35,380.15,8168085,381.7,385.65,4526,385.9,1387,
2026-04-13T11:38:23.252,NC,NTPC,385.9,374.35,386.5,374.35,380.15,8168087,381.7,385.7,701,385.9,2033,
2026-04-13T11:38:25.252,NC,NTPC,385.65,374.35,386.5,374.35,380.15,8171187,381.7,385.65,1311,385.9,2462,
2026-04-13T11:38:26.259,NC,NTPC,385.9,374.35,386.5,374.35,380.15,8171451,381.7,385.65,1821,385.85,52,
2026-04-13T11:38:27.354,NC,NTPC,385.65,374.35,386.5,374.35,380.15,8172451,381.7,385.65,1740,385.85,715,
2026-04-13T11:38:29.469,NC,NTPC,385.85,374.35,386.5,374.35,380.15,8172619,381.7,385.65,1779,385.85,465,
2026-04-13T11:38:31.675,NC,NTPC,385.8,374.35,386.5,374.35,380.15,8172643,381.7,385.65,1583,385.75,2,
2026-04-13T11:38:32.579,NC,NTPC,385.65,374.35,386.5,374.35,380.15,8172893,381.7,385.65,1333,385.75,2,
2026-04-13T11:38:33.567,NC,NTPC,385.8,374.35,386.5,374.35,380.15,8173008,381.7,385.65,1334,385.8,69,
2026-04-13T11:38:34.574,NC,NTPC,385.65,374.35,386.5,374.35,380.15,8173050,381.7,385.65,1405,385.8,11,
2026-04-13T11:38:36.567,NC,NTPC,385.7,374.35,386.5,374.35,380.15,8173187,381.7,385.65,1998,385.8,161,
2026-04-13T11:38:38.777,NC,NTPC,385.7,374.35,386.5,374.35,380.15,8173416,381.7,385.65,2054,385.8,1,
2026-04-13T11:38:39.876,NC,NTPC,385.7,374.35,386.5,374.35,380.15,8174491,381.7,385.7,264,385.85,1273,
2026-04-13T11:38:40.984,NC,NTPC,385.7,374.35,386.5,374.35,380.15,8174546,381.7,385.7,311,385.85,539,
2026-04-13T11:38:42.086,NC,NTPC,385.7,374.35,386.5,374.35,380.15,8174819,381.7,385.7,100,385.85,689,
2026-04-13T11:38:45.383,NC,NTPC,385.7,374.35,386.5,374.35,380.15,8174820,381.7,385.7,151,385.85,546,
2026-04-13T11:38:48.593,NC,NTPC,385.85,374.35,386.5,374.35,380.15,8174860,381.7,385.8,4,385.85,981,
2026-04-13T11:38:51.605,NC,NTPC,385.8,374.35,386.5,374.35,380.15,8175006,381.7,385.7,107,385.8,291,
2026-04-13T11:38:52.782,NC,NTPC,385.7,374.35,386.5,374.35,380.15,8175044,381.7,385.7,94,385.8,284,
2026-04-13T11:38:54.788,NC,NTPC,385.7,374.35,386.5,374.35,380.15,8175045,381.7,385.7,93,385.75,1,
2026-04-13T11:38:55.889,NC,NTPC,385.9,374.35,386.5,374.35,380.15,8184331,381.71,385.9,152,385.95,1151,
2026-04-13T11:38:57.004,NC,NTPC,385.9,374.35,386.5,374.35,380.15,8184609,381.71,385.9,122,385.95,894,
2026-04-13T11:38:59.190,NC,NTPC,385.9,374.35,386.5,374.35,380.15,8185178,381.71,385.9,153,385.95,894,
2026-04-13T11:39:00.293,NC,NTPC,385.9,374.35,386.5,374.35,380.15,8185399,381.71,385.9,32,385.95,878,
2026-04-13T11:39:01.292,NC,NTPC,385.95,374.35,386.5,374.35,380.15,8185820,381.71,385.75,1711,385.95,902,
2026-04-13T11:39:02.445,NC,NTPC,385.8,374.35,386.5,374.35,380.15,8186022,381.71,385.8,302,385.95,181,
2026-04-13T11:39:06.631,NC,NTPC,385.95,374.35,386.5,374.35,380.15,8186042,381.71,385.9,502,385.95,3,
2026-04-13T11:39:08.831,NC,NTPC,385.9,374.35,386.5,374.35,380.15,8186321,381.71,385.9,253,385.95,3,
2026-04-13T11:39:09.938,NC,NTPC,386.0,374.35,386.5,374.35,380.15,8187326,381.71,385.9,30,386.0,120,
2026-04-13T11:39:12.041,NC,NTPC,386.0,374.35,386.5,374.35,380.15,8187553,381.71,386.0,22,386.05,184,
2026-04-13T11:39:14.237,NC,NTPC,385.95,374.35,386.5,374.35,380.15,8188079,381.71,385.95,4,386.1,988,
2026-04-13T11:39:16.436,NC,NTPC,386.0,374.35,386.5,374.35,380.15,8188121,381.71,386.0,1511,386.1,520,
2026-04-13T11:39:17.539,NC,NTPC,386.1,374.35,386.5,374.35,380.15,8188177,381.71,386.0,1460,386.1,515,
2026-04-13T11:39:18.639,NC,NTPC,386.1,374.35,386.5,374.35,380.15,8188278,381.71,386.0,1852,386.1,461,
2026-04-13T11:39:19.648,NC,NTPC,386.1,374.35,386.5,374.35,380.15,8188281,381.71,386.0,1852,386.1,458,
2026-04-13T11:39:20.850,NC,NTPC,386.05,374.35,386.5,374.35,380.15,8188364,381.71,386.05,429,386.1,411,
2026-04-13T11:39:21.869,NC,NTPC,386.1,374.35,386.5,374.35,380.15,8188781,381.71,386.05,659,386.15,1149,
2026-04-13T11:39:25.060,NC,NTPC,386.15,374.35,386.5,374.35,380.15,8189281,381.71,386.0,2676,386.15,1609,
2026-04-13T11:39:26.162,NC,NTPC,386.15,374.35,386.5,374.35,380.15,8189298,381.71,386.0,1960,386.1,118,
2026-04-13T11:39:27.260,NC,NTPC,386.15,374.35,386.5,374.35,380.15,8193345,381.71,386.15,162,386.2,2470,
2026-04-13T11:39:28.158,NC,NTPC,386.2,374.35,386.5,374.35,380.15,8193355,381.71,386.15,162,386.2,2446,
2026-04-13T11:39:29.259,NC,NTPC,386.15,374.35,386.5,374.35,380.15,8193577,381.71,386.1,25,386.15,1338,
2026-04-13T11:39:30.369,NC,NTPC,386.0,374.35,386.5,374.35,380.15,8195116,381.71,386.0,983,386.15,1391,
2026-04-13T11:39:31.371,NC,NTPC,386.05,374.35,386.5,374.35,380.15,8195215,381.71,386.0,2822,386.15,1301,
2026-04-13T11:39:32.464,NC,NTPC,386.15,374.35,386.5,374.35,380.15,8196215,381.71,386.0,2458,386.1,200,
2026-04-13T11:39:33.462,NC,NTPC,386.0,374.35,386.5,374.35,380.15,8196620,381.71,386.0,1261,386.1,200,
2026-04-13T11:39:34.664,NC,NTPC,386.0,374.35,386.5,374.35,380.15,8197620,381.71,386.05,562,386.1,201,
2026-04-13T11:39:35.766,NC,NTPC,386.0,374.35,386.5,374.35,380.15,8198116,381.71,386.0,5301,386.05,66,
2026-04-13T11:39:36.867,NC,NTPC,386.05,374.35,386.5,374.35,380.15,8198706,381.71,386.0,5267,386.05,67,
2026-04-13T11:39:37.883,NC,NTPC,386.0,374.35,386.5,374.35,380.15,8199433,381.71,386.0,5069,386.05,67,
2026-04-13T11:39:38.976,NC,NTPC,386.0,374.35,386.5,374.35,380.15,8199568,381.71,386.0,4934,386.05,67,
2026-04-13T11:39:39.976,NC,NTPC,386.0,374.35,386.5,374.35,380.15,8199642,381.71,386.0,4860,386.05,167,
2026-04-13T11:39:40.971,NC,NTPC,385.85,374.35,386.5,374.35,380.15,8209305,381.72,385.7,809,385.9,1195,
2026-04-13T11:39:42.974,NC,NTPC,386.05,374.35,386.5,374.35,380.15,8209506,381.72,385.9,25,386.0,1,
2026-04-13T11:39:44.879,NC,NTPC,386.0,374.35,386.5,374.35,380.15,8209829,381.72,385.9,833,386.0,949,
2026-04-13T11:39:45.984,NC,NTPC,386.0,374.35,386.5,374.35,380.15,8209880,381.72,385.9,257,386.0,1248,
2026-04-13T11:39:46.982,NC,NTPC,386.0,374.35,386.5,374.35,380.15,8211128,381.72,385.9,277,386.0,10,
2026-04-13T11:39:47.980,NC,NTPC,386.0,374.35,386.5,374.35,380.15,8211141,381.72,385.9,277,385.95,1,
2026-04-13T11:39:48.984,NC,NTPC,385.95,374.35,386.5,374.35,380.15,8211365,381.72,385.95,84,386.0,17,
2026-04-13T11:39:49.981,NC,NTPC,386.0,374.35,386.5,374.35,380.15,8211447,381.72,385.85,592,386.0,12,
2026-04-13T11:39:51.082,NC,NTPC,385.85,374.35,386.5,374.35,380.15,8211483,381.72,385.9,259,386.0,310,
2026-04-13T11:39:52.182,NC,NTPC,386.0,374.35,386.5,374.35,380.15,8211592,381.72,385.9,259,386.0,113,
2026-04-13T11:39:53.283,NC,NTPC,386.0,374.35,386.5,374.35,380.15,8211624,381.72,385.9,259,386.0,377,
2026-04-13T11:39:54.288,NC,NTPC,386.0,374.35,386.5,374.35,380.15,8211734,381.72,385.9,259,386.0,267,
2026-04-13T11:39:56.395,NC,NTPC,386.0,374.35,386.5,374.35,380.15,8211986,381.72,385.9,259,385.95,100,
2026-04-13T11:39:58.403,NC,NTPC,386.05,374.35,386.5,374.35,380.15,8213459,381.72,386.05,259,386.1,1937,
2026-04-13T11:39:59.398,NC,NTPC,386.05,374.35,386.5,374.35,380.15,8213527,381.72,386.05,259,386.1,1937,
2026-04-13T11:40:00.302,NC,NTPC,386.1,374.35,386.5,374.35,380.15,8213652,381.72,386.05,259,386.1,1837,
2026-04-13T11:40:01.300,NC,NTPC,385.9,374.35,386.5,374.35,380.15,8216054,381.72,385.95,343,386.05,1500,
2026-04-13T11:40:02.306,NC,NTPC,385.95,374.35,386.5,374.35,380.15,8216254,381.72,385.95,149,386.0,3,
2026-04-13T11:40:04.434,NC,NTPC,386.0,374.35,386.5,374.35,380.15,8216257,381.72,385.95,179,386.05,1500,
2026-04-13T11:40:05.423,NC,NTPC,386.0,374.35,386.5,374.35,380.15,8217766,381.72,385.95,1142,386.05,1500,
2026-04-13T11:40:06.420,NC,NTPC,385.95,374.35,386.5,374.35,380.15,8217917,381.72,385.95,1318,386.05,1509,
2026-04-13T11:40:07.527,NC,NTPC,385.95,374.35,386.5,374.35,380.15,8217927,381.72,385.95,1215,386.05,1509,
2026-04-13T11:40:08.626,NC,NTPC,385.95,374.35,386.5,374.35,380.15,8218065,381.72,385.95,919,386.0,51,
2026-04-13T11:40:09.729,NC,NTPC,386.05,374.35,386.5,374.35,380.15,8218270,381.72,385.95,748,386.05,1360,
2026-04-13T11:40:11.775,NC,NTPC,386.0,374.35,386.5,374.35,380.15,8218437,381.72,386.0,25,386.05,1350,
2026-04-13T11:40:12.738,NC,NTPC,386.0,374.35,386.5,374.35,380.15,8218447,381.72,386.0,40,386.05,1345,
2026-04-13T11:40:14.739,NC,NTPC,386.1,374.35,386.5,374.35,380.15,8219253,381.72,385.9,169,386.05,126,
2026-04-13T11:40:15.745,NC,NTPC,386.0,374.35,386.5,374.35,380.15,8219309,381.72,385.9,743,386.0,1289,
2026-04-13T11:40:16.842,NC,NTPC,386.0,374.35,386.5,374.35,380.15,8219354,381.72,385.9,292,386.0,1271,
2026-04-13T11:40:20.149,NC,NTPC,385.85,374.35,386.5,374.35,380.15,8222610,381.73,385.85,883,386.05,932,
2026-04-13T11:40:21.144,NC,NTPC,386.0,374.35,386.5,374.35,380.15,8222717,381.73,385.85,712,386.0,112,
2026-04-13T11:40:22.248,NC,NTPC,386.0,374.35,386.5,374.35,380.15,8222718,381.73,385.85,712,386.0,411,
2026-04-13T11:40:24.349,NC,NTPC,386.0,374.35,386.5,374.35,380.15,8223018,381.73,385.85,1570,386.0,1613,
2026-04-13T11:40:25.455,NC,NTPC,386.0,374.35,386.5,374.35,380.15,8223318,381.73,385.85,1732,386.0,1663,
2026-04-13T11:40:26.563,NC,NTPC,386.0,374.35,386.5,374.35,380.15,8223566,381.73,385.85,1732,386.0,2925,
2026-04-13T11:40:27.658,NC,NTPC,385.85,374.35,386.5,374.35,380.15,8223621,381.73,385.85,1058,386.0,2975,
2026-04-13T11:40:28.681,NC,NTPC,386.0,374.35,386.5,374.35,380.15,8223636,381.73,385.85,1058,386.0,2967,
2026-04-13T11:40:30.666,NC,NTPC,385.9,374.35,386.5,374.35,380.15,8223914,381.73,385.9,52,386.0,2922,
2026-04-13T11:40:31.764,NC,NTPC,385.9,374.35,386.5,374.35,380.15,8224528,381.73,385.9,316,386.0,2390,
2026-04-13T11:40:32.763,NC,NTPC,386.0,374.35,386.5,374.35,380.15,8229518,381.73,386.0,1344,386.1,156,
2026-04-13T11:40:34.964,NC,NTPC,386.0,374.35,386.5,374.35,380.15,8230105,381.73,386.0,108,386.1,23,
2026-04-13T11:40:37.373,NC,NTPC,386.0,374.35,386.5,374.35,380.15,8231755,381.73,386.0,447,386.1,23,
2026-04-13T11:40:38.495,NC,NTPC,386.15,374.35,386.5,374.35,380.15,8231848,381.73,386.0,447,386.15,2171,
2026-04-13T11:40:40.595,NC,NTPC,386.0,374.35,386.5,374.35,380.15,8231921,381.73,386.0,374,386.1,93,
2026-04-13T11:40:41.604,NC,NTPC,386.1,374.35,386.5,374.35,380.15,8232170,381.73,386.0,374,386.15,1735,
2026-04-13T11:40:42.589,NC,NTPC,386.0,374.35,386.5,374.35,380.15,8232570,381.73,386.0,386,386.15,1759,
2026-04-13T11:40:46.611,NC,NTPC,386.15,374.35,386.5,374.35,380.15,8232601,381.73,386.1,3,386.15,70,
2026-04-13T11:40:47.625,NC,NTPC,386.0,374.35,386.5,374.35,380.15,8232631,381.73,386.0,984,386.1,1000,
2026-04-13T11:40:48.596,NC,NTPC,386.0,374.35,386.5,374.35,380.15,8232699,381.73,386.0,916,386.1,1000,
2026-04-13T11:40:49.604,NC,NTPC,386.0,374.35,386.5,374.35,380.15,8233714,381.73,386.0,337,386.1,987,
2026-04-13T11:40:50.602,NC,NTPC,386.0,374.35,386.5,374.35,380.15,8233719,381.73,386.0,332,386.1,987,
2026-04-13T11:40:51.603,NC,NTPC,386.0,374.35,386.5,374.35,380.15,8233813,381.73,386.0,336,386.1,987,
2026-04-13T11:40:53.617,NC,NTPC,385.9,374.35,386.5,374.35,380.15,8234592,381.73,385.9,291,386.0,761,
2026-04-13T11:40:54.636,NC,NTPC,386.0,374.35,386.5,374.35,380.15,8234597,381.73,385.9,291,386.0,756,
2026-04-13T11:40:56.607,NC,NTPC,386.0,374.35,386.5,374.35,380.15,8234845,381.73,385.9,13,386.0,508,
2026-04-13T11:40:57.603,NC,NTPC,385.9,374.35,386.5,374.35,380.15,8234846,381.73,385.9,12,385.95,1,
2026-04-13T11:40:58.622,NC,NTPC,385.85,374.35,386.5,374.35,380.15,8234935,381.73,385.85,2973,386.0,507,
2026-04-13T11:40:59.617,NC,NTPC,386.0,374.35,386.5,374.35,380.15,8235100,381.73,385.9,118,386.0,444,
2026-04-13T11:41:01.611,NC,NTPC,386.0,374.35,386.5,374.35,380.15,8235123,381.73,385.95,2,386.0,421,
2026-04-13T11:41:03.610,NC,NTPC,386.0,374.35,386.5,374.35,380.15,8235567,381.73,385.95,2,386.05,1414,
2026-04-13T11:41:05.715,NC,NTPC,386.0,374.35,386.5,374.35,380.15,8235598,381.73,385.85,1133,386.0,1169,
2026-04-13T11:41:06.730,NC,NTPC,386.0,374.35,386.5,374.35,380.15,8235599,381.73,385.85,1133,386.0,1084,
2026-04-13T11:41:07.614,NC,NTPC,386.0,374.35,386.5,374.35,380.15,8235899,381.73,385.95,367,386.0,634,
2026-04-13T11:41:09.726,NC,NTPC,385.95,374.35,386.5,374.35,380.15,8236199,381.73,385.95,362,386.0,276,
2026-04-13T11:41:10.827,NC,NTPC,385.95,374.35,386.5,374.35,380.15,8236267,381.73,385.95,294,386.0,269,
2026-04-13T11:41:11.927,NC,NTPC,385.95,374.35,386.5,374.35,380.15,8236606,381.73,385.95,297,386.0,11,
2026-04-13T11:41:12.932,NC,NTPC,386.0,374.35,386.5,374.35,380.15,8236627,381.73,386.0,984,386.1,2436,
2026-04-13T11:41:13.829,NC,NTPC,385.95,374.35,386.5,374.35,380.15,8237627,381.73,385.95,276,386.05,1057,
2026-04-13T11:41:15.828,NC,NTPC,386.05,374.35,386.5,374.35,380.15,8237651,381.73,385.95,344,386.05,292,
2026-04-13T11:41:18.836,NC,NTPC,385.95,374.35,386.5,374.35,380.15,8237951,381.73,385.95,411,386.05,8,
2026-04-13T11:41:20.832,NC,NTPC,385.95,374.35,386.5,374.35,380.15,8238019,381.73,385.95,416,386.05,260,
2026-04-13T11:41:24.036,NC,NTPC,386.0,374.35,386.5,374.35,380.15,8239149,381.73,385.95,1418,386.0,370,
2026-04-13T11:41:26.136,NC,NTPC,386.0,374.35,386.5,374.35,380.15,8239172,381.73,385.95,1325,386.0,367,
2026-04-13T11:41:27.237,NC,NTPC,386.0,374.35,386.5,374.35,380.15,8239421,381.73,385.95,1325,386.0,128,
2026-04-13T11:41:28.348,NC,NTPC,385.95,374.35,386.5,374.35,380.15,8239521,381.73,385.95,1326,386.0,128,
2026-04-13T11:41:29.342,NC,NTPC,385.95,374.35,386.5,374.35,380.15,8239589,381.73,385.95,1342,386.0,691,
2026-04-13T11:41:30.443,NC,NTPC,386.0,374.35,386.5,374.35,380.15,8239778,381.73,385.95,1342,386.0,512,
2026-04-13T11:41:31.550,NC,NTPC,386.05,374.35,386.5,374.35,380.15,8240722,381.73,386.0,1952,386.1,1235,
2026-04-13T11:41:32.644,NC,NTPC,386.1,374.35,386.5,374.35,380.15,8241957,381.74,386.1,705,386.15,1020,
2026-04-13T11:41:33.643,NC,NTPC,386.05,374.35,386.5,374.35,380.15,8242957,381.74,386.05,1418,386.15,1020,
2026-04-13T11:41:34.658,NC,NTPC,386.15,374.35,386.5,374.35,380.15,8243984,381.74,386.1,1810,386.2,1488,
2026-04-13T11:41:37.143,NC,NTPC,386.2,374.35,386.5,374.35,380.15,8244147,381.74,386.1,1861,386.2,1472,
2026-04-13T11:41:38.144,NC,NTPC,386.2,374.35,386.5,374.35,380.15,8245672,381.74,386.15,954,386.2,222,
2026-04-13T11:41:40.149,NC,NTPC,386.2,374.35,386.5,374.35,380.15,8246820,381.74,386.1,1860,386.2,222,
2026-04-13T11:41:42.152,NC,NTPC,386.15,374.35,386.5,374.35,380.15,8246829,381.74,386.15,16,386.2,208,
2026-04-13T11:41:44.150,NC,NTPC,386.2,374.35,386.5,374.35,380.15,8246839,381.74,386.15,16,386.2,209,
2026-04-13T11:41:45.158,NC,NTPC,386.2,374.35,386.5,374.35,380.15,8247082,381.74,386.15,6,386.2,205,
2026-04-13T11:41:46.151,NC,NTPC,386.2,374.35,386.5,374.35,380.15,8247106,381.74,386.15,6,386.2,203,
2026-04-13T11:41:47.172,NC,NTPC,386.2,374.35,386.5,374.35,380.15,8247166,381.74,386.05,977,386.2,132,
2026-04-13T11:41:50.155,NC,NTPC,386.15,374.35,386.5,374.35,380.15,8247167,381.74,386.15,49,386.2,154,
2026-04-13T11:41:51.164,NC,NTPC,386.05,374.35,386.5,374.35,380.15,8247267,381.74,386.05,495,386.15,7,
2026-04-13T11:41:52.161,NC,NTPC,386.05,374.35,386.5,374.35,380.15,8247358,381.74,386.1,20,386.15,7,
2026-04-13T11:41:53.156,NC,NTPC,386.0,374.35,386.5,374.35,380.15,8247433,381.74,386.0,1541,386.1,7,
2026-04-13T11:41:55.254,NC,NTPC,386.0,374.35,386.5,374.35,380.15,8247478,381.74,386.0,2137,386.1,1,
2026-04-13T11:41:56.271,NC,NTPC,386.1,374.35,386.5,374.35,380.15,8247533,381.74,386.05,463,386.1,168,
2026-04-13T11:41:57.259,NC,NTPC,386.1,374.35,386.5,374.35,380.15,8247809,381.74,386.1,292,386.2,604,
2026-04-13T11:41:58.269,NC,NTPC,386.2,374.35,386.5,374.35,380.15,8247859,381.74,386.1,292,386.2,574,
2026-04-13T11:41:59.276,NC,NTPC,386.2,374.35,386.5,374.35,380.15,8247860,381.74,386.1,292,386.2,649,
2026-04-13T11:42:00.269,NC,NTPC,386.2,374.35,386.5,374.35,380.15,8247965,381.74,386.15,2,386.2,286,
2026-04-13T11:42:01.270,NC,NTPC,386.15,374.35,386.5,374.35,380.15,8248001,381.74,386.1,263,386.15,7,
2026-04-13T11:42:02.281,NC,NTPC,386.1,374.35,386.5,374.35,380.15,8248203,381.74,386.1,64,386.15,7,
2026-04-13T11:42:03.283,NC,NTPC,386.1,374.35,386.5,374.35,380.15,8248235,381.74,386.15,150,386.2,263,
2026-04-13T11:42:04.331,NC,NTPC,386.15,374.35,386.5,374.35,380.15,8248305,381.74,386.15,80,386.2,167,
2026-04-13T11:42:05.290,NC,NTPC,386.15,374.35,386.5,374.35,380.15,8248352,381.74,386.15,35,386.2,241,
2026-04-13T11:42:06.301,NC,NTPC,386.1,374.35,386.5,374.35,380.15,8248397,381.74,386.1,272,386.2,251,
2026-04-13T11:42:07.288,NC,NTPC,386.1,374.35,386.5,374.35,380.15,8248492,381.74,386.1,204,386.15,6,
2026-04-13T11:42:08.313,NC,NTPC,386.1,374.35,386.5,374.35,380.15,8248537,381.74,386.05,1078,386.15,6,
2026-04-13T11:42:09.294,NC,NTPC,386.05,374.35,386.5,374.35,380.15,8248582,381.74,386.05,1305,386.1,7,
2026-04-13T11:42:10.306,NC,NTPC,386.1,374.35,386.5,374.35,380.15,8248655,381.74,386.05,615,386.1,7,
2026-04-13T11:42:11.297,NC,NTPC,386.0,374.35,386.5,374.35,380.15,8248839,381.74,386.1,82,386.15,1514,
2026-04-13T11:42:12.298,NC,NTPC,386.1,374.35,386.5,374.35,380.15,8248884,381.74,386.1,62,386.15,1515,
2026-04-13T11:42:13.303,NC,NTPC,386.1,374.35,386.5,374.35,380.15,8248929,381.74,386.1,17,386.15,1515,
2026-04-13T11:42:14.200,NC,NTPC,386.3,374.35,386.5,374.35,380.15,8252645,381.74,386.3,388,386.35,10,
2026-04-13T11:42:15.204,NC,NTPC,386.4,374.35,386.5,374.35,380.15,8254930,381.74,386.35,1450,386.45,58,
2026-04-13T11:42:16.318,NC,NTPC,386.45,374.35,386.5,374.35,380.15,8254999,381.74,386.35,1430,386.45,35,
2026-04-13T11:42:17.408,NC,NTPC,386.45,374.35,386.5,374.35,380.15,8255222,381.74,386.4,490,386.45,17,
2026-04-13T11:42:18.512,NC,NTPC,386.4,374.35,386.5,374.35,380.15,8256534,381.74,386.35,421,386.4,6,
2026-04-13T11:42:19.534,NC,NTPC,386.5,374.35,386.5,374.35,380.15,8256684,381.74,386.35,300,386.5,7092,
2026-04-13T11:42:20.613,NC,NTPC,386.35,374.35,386.5,374.35,380.15,8256774,381.74,386.35,154,386.5,7032,
2026-04-13T11:42:21.714,NC,NTPC,386.35,374.35,386.5,374.35,380.15,8256819,381.74,386.35,109,386.5,7304,
2026-04-13T11:42:22.816,NC,NTPC,386.3,374.35,386.5,374.35,380.15,8256967,381.74,386.3,837,386.5,7384,
2026-04-13T11:42:23.926,NC,NTPC,386.3,374.35,386.5,374.35,380.15,8257131,381.74,386.3,895,386.5,7429,
2026-04-13T11:42:24.928,NC,NTPC,386.3,374.35,386.5,374.35,380.15,8257197,381.74,386.3,1264,386.5,7429,
2026-04-13T11:42:26.026,NC,NTPC,386.3,374.35,386.5,374.35,380.15,8257242,381.74,386.3,784,386.5,7430,
2026-04-13T11:42:27.122,NC,NTPC,386.3,374.35,386.5,374.35,380.15,8257545,381.74,386.3,304,386.45,2500,
2026-04-13T11:42:28.222,NC,NTPC,386.45,374.35,386.5,374.35,380.15,8257592,381.74,386.3,503,386.45,2498,
2026-04-13T11:42:29.323,NC,NTPC,386.3,374.35,386.5,374.35,380.15,8257637,381.74,386.3,33,386.4,1,
2026-04-13T11:42:30.437,NC,NTPC,386.45,374.35,386.5,374.35,380.15,8257684,381.74,386.3,1302,386.45,2504,
2026-04-13T11:42:31.536,NC,NTPC,386.3,374.35,386.5,374.35,380.15,8257822,381.74,386.3,2681,386.4,10,
2026-04-13T11:42:32.629,NC,NTPC,386.3,374.35,386.5,374.35,380.15,8258032,381.74,386.3,2776,386.45,2447,
2026-04-13T11:42:33.734,NC,NTPC,386.3,374.35,386.5,374.35,380.15,8258082,381.74,386.3,1287,386.45,2447,
2026-04-13T11:42:34.731,NC,NTPC,386.4,374.35,386.5,374.35,380.15,8258128,381.74,386.4,54,386.45,2447,
2026-04-13T11:42:35.730,NC,NTPC,386.4,374.35,386.5,374.35,380.15,8258308,381.74,386.4,9,386.45,11312,
2026-04-13T11:42:36.747,NC,NTPC,386.4,374.35,386.5,374.35,380.15,8258354,381.74,386.4,100,386.45,11312,
2026-04-13T11:42:37.841,NC,NTPC,386.4,374.35,386.5,374.35,380.15,8258401,381.74,386.4,53,386.45,11312,
2026-04-13T11:42:38.938,NC,NTPC,386.4,374.35,386.5,374.35,380.15,8258714,381.74,386.4,100,386.45,11584,
2026-04-13T11:42:39.950,NC,NTPC,386.45,374.35,386.5,374.35,380.15,8258794,381.74,386.4,55,386.45,11559,
2026-04-13T11:42:40.942,NC,NTPC,386.4,374.35,386.5,374.35,380.15,8258865,381.74,386.4,100,386.45,11559,
2026-04-13T11:42:42.039,NC,NTPC,386.4,374.35,386.5,374.35,380.15,8259158,381.74,386.4,55,386.45,11039,
2026-04-13T11:42:43.141,NC,NTPC,386.4,374.35,386.5,374.35,380.15,8259464,381.74,386.4,100,386.45,11094,
2026-04-13T11:42:44.241,NC,NTPC,386.4,374.35,386.5,374.35,380.15,8260024,381.75,386.4,40,386.45,10590,
2026-04-13T11:42:45.152,NC,NTPC,386.4,374.35,386.5,374.35,380.15,8260069,381.75,386.4,4,386.45,10862,
2026-04-13T11:42:46.244,NC,NTPC,386.45,374.35,386.5,374.35,380.15,8260148,381.75,386.3,427,386.45,10740,
2026-04-13T11:42:47.244,NC,NTPC,386.45,374.35,386.5,374.35,380.15,8260243,381.75,386.3,1569,386.45,10526,
2026-04-13T11:42:48.268,NC,NTPC,386.45,374.35,386.5,374.35,380.15,8260309,381.75,386.3,2055,386.45,10505,
2026-04-13T11:42:49.251,NC,NTPC,386.45,374.35,386.5,374.35,380.15,8260404,381.75,386.3,3106,386.45,10462,
2026-04-13T11:42:50.370,NC,NTPC,386.45,374.35,386.5,374.35,380.15,8262829,381.75,386.3,3101,386.45,8082,
2026-04-13T11:42:51.355,NC,NTPC,386.3,374.35,386.5,374.35,380.15,8263034,381.75,386.3,2904,386.45,8065,
2026-04-13T11:42:52.457,NC,NTPC,386.45,374.35,386.5,374.35,380.15,8263130,381.75,386.3,2096,386.45,7014,
2026-04-13T11:42:53.458,NC,NTPC,386.35,374.35,386.5,374.35,380.15,8263176,381.75,386.3,1289,386.45,7014,
2026-04-13T11:42:54.458,NC,NTPC,386.4,374.35,386.5,374.35,380.15,8263281,381.75,386.3,965,386.4,30,
2026-04-13T11:42:55.456,NC,NTPC,386.3,374.35,386.5,374.35,380.15,8263353,381.75,386.3,388,386.4,31,
2026-04-13T11:42:56.468,NC,NTPC,386.4,374.35,386.5,374.35,380.15,8263430,381.75,386.4,23,386.45,7019,
2026-04-13T11:42:57.575,NC,NTPC,386.4,374.35,386.5,374.35,380.15,8263475,381.75,386.4,25,386.45,7019,
2026-04-13T11:42:58.658,NC,NTPC,386.3,374.35,386.5,374.35,380.15,8263667,381.75,386.3,752,386.45,7218,
2026-04-13T11:42:59.759,NC,NTPC,386.3,374.35,386.5,374.35,380.15,8263713,381.75,386.3,430,386.4,51,
2026-04-13T11:43:00.662,NC,NTPC,386.3,374.35,386.5,374.35,380.15,8263795,381.75,386.3,358,386.4,51,
2026-04-13T11:43:01.865,NC,NTPC,386.3,374.35,386.5,374.35,380.15,8264125,381.75,386.3,8,386.4,28,
2026-04-13T11:43:02.977,NC,NTPC,386.4,374.35,386.5,374.35,380.15,8264221,381.75,386.3,2419,386.4,1,
2026-04-13T11:43:04.067,NC,NTPC,386.25,374.35,386.5,374.35,380.15,8265316,381.75,386.25,3000,386.4,1,
2026-04-13T11:43:05.067,NC,NTPC,386.45,374.35,386.5,374.35,380.15,8265666,381.75,386.25,2783,386.45,8748,
2026-04-13T11:43:06.064,NC,NTPC,386.45,374.35,386.5,374.35,380.15,8265667,381.75,386.25,3662,386.45,8747,
2026-04-13T11:43:08.166,NC,NTPC,386.25,374.35,386.5,374.35,380.15,8265680,381.75,386.25,394,386.4,1707,
2026-04-13T11:43:09.268,NC,NTPC,386.25,374.35,386.5,374.35,380.15,8265748,381.75,386.25,435,386.4,1118,
2026-04-13T11:43:10.170,NC,NTPC,386.4,374.35,386.5,374.35,380.15,8265749,381.75,386.25,1968,386.4,1117,
2026-04-13T11:43:11.172,NC,NTPC,386.25,374.35,386.5,374.35,380.15,8265840,381.75,386.25,2004,386.4,1065,
2026-04-13T11:43:12.285,NC,NTPC,386.4,374.35,386.5,374.35,380.15,8266088,381.75,386.25,2004,386.4,800,
2026-04-13T11:43:16.178,NC,NTPC,386.35,374.35,386.5,374.35,380.15,8266092,381.75,386.35,4,386.4,854,
2026-04-13T11:43:17.382,NC,NTPC,386.4,374.35,386.5,374.35,380.15,8266094,381.75,386.35,3,386.4,853,
2026-04-13T11:43:19.598,NC,NTPC,386.4,374.35,386.5,374.35,380.15,8266095,381.75,386.35,3,386.4,3489,
2026-04-13T11:43:20.693,NC,NTPC,386.35,374.35,386.5,374.35,380.15,8266114,381.75,386.25,9,386.35,3,
2026-04-13T11:43:21.694,NC,NTPC,386.4,374.35,386.5,374.35,380.15,8266631,381.75,386.25,9,386.4,5783,
2026-04-13T11:43:22.809,NC,NTPC,386.4,374.35,386.5,374.35,380.15,8266632,381.75,386.25,9,386.4,5782,
2026-04-13T11:43:23.900,NC,NTPC,386.4,374.35,386.5,374.35,380.15,8266633,381.75,386.25,9,386.4,5781,
2026-04-13T11:43:25.009,NC,NTPC,386.2,374.35,386.5,374.35,380.15,8266683,381.75,386.2,3303,386.4,5781,
2026-04-13T11:43:25.996,NC,NTPC,386.2,374.35,386.5,374.35,380.15,8266704,381.75,386.2,2659,386.4,5780,
2026-04-13T11:43:27.098,NC,NTPC,386.4,374.35,386.5,374.35,380.15,8266956,381.75,386.25,2380,386.4,3934,
2026-04-13T11:43:29.308,NC,NTPC,386.25,374.35,386.5,374.35,380.15,8269106,381.75,386.25,1147,386.4,4207,
2026-04-13T11:43:30.303,NC,NTPC,386.4,374.35,386.5,374.35,380.15,8269107,381.75,386.25,1147,386.4,4207,
2026-04-13T11:43:31.399,NC,NTPC,386.25,374.35,386.5,374.35,380.15,8269338,381.75,386.25,163,386.4,4190,
2026-04-13T11:43:32.501,NC,NTPC,386.4,374.35,386.5,374.35,380.15,8269345,381.75,386.25,163,386.35,1000,
2026-04-13T11:43:35.616,NC,NTPC,386.3,374.35,386.5,374.35,380.15,8269346,381.75,386.3,3,386.35,1000,
2026-04-13T11:43:37.808,NC,NTPC,386.35,374.35,386.5,374.35,380.15,8269466,381.75,386.2,1820,386.35,980,
2026-04-13T11:43:42.412,NC,NTPC,386.35,374.35,386.5,374.35,380.15,8270064,381.75,386.2,1700,386.35,549,
2026-04-13T11:43:47.128,NC,NTPC,386.3,374.35,386.5,374.35,380.15,8271104,381.75,386.3,4,386.35,1100,
2026-04-13T11:43:51.932,NC,NTPC,386.3,374.35,386.5,374.35,380.15,8271475,381.75,386.2,2116,386.3,9,
2026-04-13T11:43:56.654,NC,NTPC,386.35,374.35,386.5,374.35,380.15,8276813,381.75,386.3,26,386.35,2524,
2026-04-13T11:44:01.376,NC,NTPC,386.3,374.35,386.5,374.35,380.15,8277310,381.75,386.15,628,386.3,973,
2026-04-13T11:44:06.272,NC,NTPC,386.3,374.35,386.5,374.35,380.15,8278787,381.76,386.15,361,386.3,143,
2026-04-13T11:44:11.169,NC,NTPC,386.35,374.35,386.5,374.35,380.15,8280221,381.76,386.2,215,386.35,1263,
2026-04-13T11:44:16.196,NC,NTPC,386.3,374.35,386.5,374.35,380.15,8281218,381.76,386.2,727,386.3,32,
2026-04-13T11:44:21.779,NC,NTPC,386.35,374.35,386.5,374.35,380.15,8282246,381.76,386.2,1798,386.35,74,
2026-04-13T11:44:26.596,NC,NTPC,386.4,374.35,386.5,374.35,380.15,8282473,381.76,386.35,25,386.4,3036,
2026-04-13T11:44:31.307,NC,NTPC,386.4,374.35,386.5,374.35,380.15,8283347,381.76,386.2,1717,386.4,2964,
2026-04-13T11:44:35.897,NC,NTPC,386.35,374.35,386.5,374.35,380.15,8283727,381.76,386.3,4,386.35,949,
2026-04-13T11:44:40.802,NC,NTPC,386.3,374.35,386.5,374.35,380.15,8284340,381.76,386.3,1650,386.35,1577,
2026-04-13T11:44:45.608,NC,NTPC,386.35,374.35,386.5,374.35,380.15,8285525,381.76,386.3,2015,386.35,105,
2026-04-13T11:44:50.406,NC,NTPC,386.35,374.35,386.5,374.35,380.15,8285806,381.76,386.3,1876,386.35,18,
2026-04-13T11:44:55.308,NC,NTPC,386.4,374.35,386.5,374.35,380.15,8286698,381.76,386.3,1290,386.4,1712,
2026-04-13T11:45:00.240,NC,NTPC,386.4,374.35,386.5,374.35,380.15,8287226,381.76,386.3,1495,386.4,1245,
2026-04-13T11:45:05.526,NC,NTPC,386.4,374.35,386.5,374.35,380.15,8287937,381.76,386.3,2067,386.4,613,
2026-04-13T11:45:10.843,NC,NTPC,386.3,374.35,386.5,374.35,380.15,8288993,381.76,386.3,1641,386.35,1,
2026-04-13T11:45:15.743,NC,NTPC,386.35,374.35,386.5,374.35,380.15,8290281,381.76,386.35,136,386.4,1630,
2026-04-13T11:45:20.652,NC,NTPC,386.35,374.35,386.5,374.35,380.15,8293300,381.76,386.35,6664,386.4,776,
2026-04-13T11:45:25.470,NC,NTPC,386.4,374.35,386.5,374.35,380.15,8293366,381.76,386.35,6118,386.4,1038,
2026-04-13T11:45:30.376,NC,NTPC,386.35,374.35,386.5,374.35,380.15,8296213,381.77,386.35,3979,386.4,3576,
2026-04-13T11:45:35.180,NC,NTPC,386.4,374.35,386.5,374.35,380.15,8296842,381.77,386.35,3927,386.4,3429,
2026-04-13T11:45:40.090,NC,NTPC,386.4,374.35,386.5,374.35,380.15,8297127,381.77,386.35,3937,386.4,1315,
2026-04-13T11:45:45.091,NC,NTPC,386.4,374.35,386.5,374.35,380.15,8297551,381.77,386.35,3860,386.4,1410,
2026-04-13T11:45:50.802,NC,NTPC,386.4,374.35,386.5,374.35,380.15,8298606,381.77,386.35,4231,386.4,835,
2026-04-13T11:45:56.301,NC,NTPC,386.45,374.35,386.5,374.35,380.15,8299575,381.77,386.4,112,386.45,22605,
2026-04-13T11:46:01.710,NC,NTPC,386.4,374.35,386.5,374.35,380.15,8301332,381.77,386.4,545,386.45,21199,
2026-04-13T11:46:07.326,NC,NTPC,386.4,374.35,386.5,374.35,380.15,8301752,381.77,386.4,15,386.45,21142,
2026-04-13T11:46:12.444,NC,NTPC,386.45,374.35,386.5,374.35,380.15,8302552,381.77,386.35,3930,386.45,20747,
2026-04-13T11:46:17.525,NC,NTPC,386.6,374.35,386.8,374.35,380.15,8339805,381.79,386.55,52,386.6,1732,
2026-04-13T11:46:22.539,NC,NTPC,386.55,374.35,386.8,374.35,380.15,8342473,381.79,386.55,280,386.65,2189,
2026-04-13T11:46:27.236,NC,NTPC,386.5,374.35,386.8,374.35,380.15,8344664,381.79,386.5,884,386.6,3,
2026-04-13T11:46:32.029,NC,NTPC,386.4,374.35,386.8,374.35,380.15,8346242,381.79,386.5,11,386.55,611,
2026-04-13T11:46:36.836,NC,NTPC,386.4,374.35,386.8,374.35,380.15,8352877,381.8,386.4,83,386.5,1675,
2026-04-13T11:46:37.837,NC,NTPC,386.5,374.35,386.8,374.35,380.15,8362864,381.8,386.5,142,386.65,930,
2026-04-13T11:46:38.839,NC,NTPC,386.4,374.35,386.8,374.35,380.15,8362959,381.8,386.4,938,386.5,7,
2026-04-13T11:46:39.745,NC,NTPC,386.4,374.35,386.8,374.35,380.15,8363031,381.8,386.4,2032,386.5,7,
2026-04-13T11:46:40.642,NC,NTPC,386.4,374.35,386.8,374.35,380.15,8366323,381.81,386.35,3561,386.55,1660,
2026-04-13T11:46:41.655,NC,NTPC,386.4,374.35,386.8,374.35,380.15,8367573,381.81,386.45,1000,386.5,94,
2026-04-13T11:46:42.743,NC,NTPC,386.45,374.35,386.8,374.35,380.15,8367818,381.81,386.45,955,386.6,2309,
2026-04-13T11:46:43.646,NC,NTPC,386.45,374.35,386.8,374.35,380.15,8367873,381.81,386.45,931,386.6,2533,
2026-04-13T11:46:44.743,NC,NTPC,386.45,374.35,386.8,374.35,380.15,8367918,381.81,386.45,886,386.6,2404,
2026-04-13T11:46:45.642,NC,NTPC,386.45,374.35,386.8,374.35,380.15,8367963,381.81,386.45,841,386.6,2404,
2026-04-13T11:46:46.649,NC,NTPC,386.45,374.35,386.8,374.35,380.15,8368047,381.81,386.45,802,386.55,365,
2026-04-13T11:46:47.745,NC,NTPC,386.45,374.35,386.8,374.35,380.15,8368092,381.81,386.45,757,386.55,624,
2026-04-13T11:46:48.645,NC,NTPC,386.45,374.35,386.8,374.35,380.15,8368849,381.81,386.4,173,386.5,1908,
2026-04-13T11:46:49.746,NC,NTPC,386.4,374.35,386.8,374.35,380.15,8368982,381.81,386.4,90,386.5,2152,
2026-04-13T11:46:50.752,NC,NTPC,386.4,374.35,386.8,374.35,380.15,8369327,381.81,386.4,545,386.5,1852,
2026-04-13T11:46:51.648,NC,NTPC,386.4,374.35,386.8,374.35,380.15,8369463,381.81,386.4,409,386.5,1852,
2026-04-13T11:46:52.663,NC,NTPC,386.4,374.35,386.8,374.35,380.15,8369509,381.81,386.4,363,386.5,1602,
2026-04-13T11:46:53.551,NC,NTPC,386.5,374.35,386.8,374.35,380.15,8369519,381.81,386.4,363,386.5,1592,
2026-04-13T11:46:54.552,NC,NTPC,386.4,374.35,386.8,374.35,380.15,8369564,381.81,386.4,318,386.5,184,
2026-04-13T11:46:55.551,NC,NTPC,386.4,374.35,386.8,374.35,380.15,8369739,381.81,386.4,143,386.45,2,
2026-04-13T11:46:56.551,NC,NTPC,386.45,374.35,386.8,374.35,380.15,8369811,381.81,386.45,25,386.5,55,
2026-04-13T11:46:57.562,NC,NTPC,386.55,374.35,386.8,374.35,380.15,8370117,381.81,386.45,24,386.55,1926,
2026-04-13T11:46:58.556,NC,NTPC,386.4,374.35,386.8,374.35,380.15,8370380,381.81,386.4,310,386.5,363,
2026-04-13T11:46:59.557,NC,NTPC,386.5,374.35,386.8,374.35,380.15,8370381,381.81,386.4,310,386.5,131,
2026-04-13T11:47:00.559,NC,NTPC,386.4,374.35,386.8,374.35,380.15,8370424,381.81,386.45,2,386.5,1,
2026-04-13T11:47:01.565,NC,NTPC,386.5,374.35,386.8,374.35,380.15,8370447,381.81,386.45,2,386.5,3,
2026-04-13T11:47:03.467,NC,NTPC,386.55,374.35,386.8,374.35,380.15,8371497,381.81,386.35,3895,386.55,1351,
2026-04-13T11:47:04.475,NC,NTPC,386.35,374.35,386.8,374.35,380.15,8371681,381.81,386.35,3511,386.55,1963,
2026-04-13T11:47:05.471,NC,NTPC,386.55,374.35,386.8,374.35,380.15,8371781,381.81,386.4,4020,386.5,2,
2026-04-13T11:47:06.469,NC,NTPC,386.5,374.35,386.8,374.35,380.15,8371796,381.81,386.4,4010,386.5,8,
2026-04-13T11:47:09.474,NC,NTPC,386.4,374.35,386.8,374.35,380.15,8371816,381.81,386.4,4340,386.5,9,
2026-04-13T11:47:11.377,NC,NTPC,386.1,374.35,386.8,374.35,380.15,8393297,381.82,386.0,178,386.1,179,
2026-04-13T11:47:12.475,NC,NTPC,386.1,374.35,386.8,374.35,380.15,8393397,381.82,386.0,178,386.1,1626,
2026-04-13T11:47:15.482,NC,NTPC,386.0,374.35,386.8,374.35,380.15,8393457,381.82,386.0,118,386.1,1626,
2026-04-13T11:47:16.383,NC,NTPC,386.1,374.35,386.8,374.35,380.15,8393556,381.82,386.0,118,386.1,1527,
2026-04-13T11:47:17.490,NC,NTPC,386.0,374.35,386.8,374.35,380.15,8393610,381.82,386.0,66,386.1,1369,
2026-04-13T11:47:18.493,NC,NTPC,386.0,374.35,386.8,374.35,380.15,8393611,381.82,386.0,387,386.1,1272,
2026-04-13T11:47:19.487,NC,NTPC,386.0,374.35,386.8,374.35,380.15,8393883,381.82,386.0,161,386.1,1266,
2026-04-13T11:47:22.391,NC,NTPC,386.0,374.35,386.8,374.35,380.15,8393885,381.82,386.0,1485,386.1,1276,
2026-04-13T11:47:23.396,NC,NTPC,386.0,374.35,386.8,374.35,380.15,8394126,381.82,386.0,1424,386.1,1096,
2026-04-13T11:47:24.393,NC,NTPC,386.1,374.35,386.8,374.35,380.15,8394626,381.82,386.0,1624,386.1,596,
2026-04-13T11:47:25.394,NC,NTPC,386.1,374.35,386.8,374.35,380.15,8394726,381.82,386.0,1897,386.1,496,
2026-04-13T11:47:26.397,NC,NTPC,386.1,374.35,386.8,374.35,380.15,8394975,381.82,386.0,1633,386.1,257,
2026-04-13T11:47:28.300,NC,NTPC,386.0,374.35,386.8,374.35,380.15,8395036,381.82,386.0,1441,386.1,1552,
2026-04-13T11:47:29.316,NC,NTPC,386.0,374.35,386.8,374.35,380.15,8395104,381.82,386.0,577,386.1,1552,
2026-04-13T11:47:30.207,NC,NTPC,386.1,374.35,386.8,374.35,380.15,8395211,381.82,386.0,855,386.1,1446,
2026-04-13T11:47:31.306,NC,NTPC,386.0,374.35,386.8,374.35,380.15,8395325,381.82,386.0,1545,386.1,1413,
2026-04-13T11:47:32.414,NC,NTPC,386.1,374.35,386.8,374.35,380.15,8395326,381.82,386.0,3890,386.1,1412,
2026-04-13T11:47:33.404,NC,NTPC,386.0,374.35,386.8,374.35,380.15,8395526,381.82,386.0,3690,386.1,1412,
2026-04-13T11:47:35.409,NC,NTPC,386.1,374.35,386.8,374.35,380.15,8397101,381.82,386.1,975,386.3,1939,
2026-04-13T11:47:38.515,NC,NTPC,386.1,374.35,386.8,374.35,380.15,8397169,381.82,386.1,8,386.2,4,
2026-04-13T11:47:40.623,NC,NTPC,386.1,374.35,386.8,374.35,380.15,8397186,381.82,386.1,3,386.2,4,
2026-04-13T11:47:41.624,NC,NTPC,386.3,374.35,386.8,374.35,380.15,8397310,381.82,386.2,142,386.3,1676,
2026-04-13T11:47:43.733,NC,NTPC,386.2,374.35,386.8,374.35,380.15,8397315,381.82,386.2,162,386.25,20,
2026-04-13T11:47:44.719,NC,NTPC,386.3,374.35,386.8,374.35,380.15,8397336,381.82,386.25,6,386.3,1367,
2026-04-13T11:47:45.819,NC,NTPC,386.3,374.35,386.8,374.35,380.15,8397548,381.82,386.25,68,386.3,1343,
2026-04-13T11:47:46.820,NC,NTPC,386.3,374.35,386.8,374.35,380.15,8397941,381.82,386.25,68,386.3,58,
2026-04-13T11:47:47.824,NC,NTPC,386.3,374.35,386.8,374.35,380.15,8397957,381.82,386.25,52,386.3,62,
2026-04-13T11:47:48.727,NC,NTPC,386.2,374.35,386.8,374.35,380.15,8398125,381.82,386.2,21,386.3,685,
2026-04-13T11:47:51.726,NC,NTPC,386.2,374.35,386.8,374.35,380.15,8398207,381.82,386.2,140,386.25,2,
2026-04-13T11:47:52.740,NC,NTPC,386.2,374.35,386.8,374.35,380.15,8398407,381.82,386.2,140,386.25,2,
2026-04-13T11:47:54.727,NC,NTPC,386.2,374.35,386.8,374.35,380.15,8398937,381.82,386.2,110,386.25,1,
2026-04-13T11:47:55.726,NC,NTPC,386.3,374.35,386.8,374.35,380.15,8399437,381.82,386.2,120,386.3,1322,
2026-04-13T11:47:56.731,NC,NTPC,386.3,374.35,386.8,374.35,380.15,8399785,381.82,386.2,120,386.3,1305,
2026-04-13T11:47:57.729,NC,NTPC,386.2,374.35,386.8,374.35,380.15,8399820,381.82,386.2,85,386.3,1405,
2026-04-13T11:47:58.642,NC,NTPC,386.2,374.35,386.8,374.35,380.15,8399898,381.82,386.2,247,386.25,1,
2026-04-13T11:48:00.735,NC,NTPC,386.2,374.35,386.8,374.35,380.15,8399931,381.82,386.2,216,386.25,1,
2026-04-13T11:48:01.733,NC,NTPC,386.25,374.35,386.8,374.35,380.15,8399946,381.82,386.25,3,386.3,3782,
2026-04-13T11:48:02.737,NC,NTPC,386.25,374.35,386.8,374.35,380.15,8399952,381.82,386.25,1,386.3,3717,
2026-04-13T11:48:04.640,NC,NTPC,386.2,374.35,386.8,374.35,380.15,8400207,381.82,386.2,164,386.3,2020,
2026-04-13T11:48:05.640,NC,NTPC,386.2,374.35,386.8,374.35,380.15,8400431,381.82,386.2,140,386.3,1827,
2026-04-13T11:48:06.668,NC,NTPC,386.3,374.35,386.8,374.35,380.15,8400626,381.82,386.2,191,386.3,1804,
2026-04-13T11:48:07.641,NC,NTPC,386.3,374.35,386.8,374.35,380.15,8400821,381.82,386.2,41,386.3,2017,
2026-04-13T11:48:08.641,NC,NTPC,386.3,374.35,386.8,374.35,380.15,8400960,381.82,386.2,101,386.3,1972,
2026-04-13T11:48:09.643,NC,NTPC,386.3,374.35,386.8,374.35,380.15,8401005,381.82,386.2,101,386.3,1927,
2026-04-13T11:48:10.662,NC,NTPC,386.25,374.35,386.8,374.35,380.15,8431449,381.84,386.0,2580,386.25,1809,
2026-04-13T11:48:11.641,NC,NTPC,386.2,374.35,386.8,374.35,380.15,8433230,381.84,386.0,1781,386.2,169,
2026-04-13T11:48:12.648,NC,NTPC,386.2,374.35,386.8,374.35,380.15,8433325,381.84,386.0,1924,386.2,259,
2026-04-13T11:48:13.642,NC,NTPC,386.2,374.35,386.8,374.35,380.15,8433370,381.84,386.0,1879,386.2,1013,
2026-04-13T11:48:14.643,NC,NTPC,386.2,374.35,386.8,374.35,380.15,8433415,381.84,386.0,1164,386.2,1878,
2026-04-13T11:48:15.647,NC,NTPC,386.2,374.35,386.8,374.35,380.15,8433460,381.84,386.0,1164,386.2,1646,
2026-04-13T11:48:16.646,NC,NTPC,386.2,374.35,386.8,374.35,380.15,8433509,381.84,386.15,4,386.2,1124,
2026-04-13T11:48:17.685,NC,NTPC,386.2,374.35,386.8,374.35,380.15,8433560,381.84,386.15,4,386.2,2836,
2026-04-13T11:48:18.748,NC,NTPC,386.45,374.35,386.8,374.35,380.15,8439014,381.84,386.35,385,386.45,1507,
2026-04-13T11:48:19.757,NC,NTPC,386.45,374.35,386.8,374.35,380.15,8443259,381.84,386.3,301,386.45,1775,
2026-04-13T11:48:20.749,NC,NTPC,386.45,374.35,386.8,374.35,380.15,8443423,381.84,386.3,408,386.45,1725,
2026-04-13T11:48:21.750,NC,NTPC,386.45,374.35,386.8,374.35,380.15,8443926,381.84,386.35,4,386.45,1695,
2026-04-13T11:48:22.755,NC,NTPC,386.45,374.35,386.8,374.35,380.15,8444110,381.85,386.25,1981,386.45,2439,
2026-04-13T11:48:23.754,NC,NTPC,386.45,374.35,386.8,374.35,380.15,8444155,381.85,386.25,2199,386.45,2481,
2026-04-13T11:48:24.754,NC,NTPC,386.45,374.35,386.8,374.35,380.15,8444200,381.85,386.25,2363,386.45,1679,
2026-04-13T11:48:25.753,NC,NTPC,386.4,374.35,386.8,374.35,380.15,8444251,381.85,386.25,2038,386.4,1501,
2026-04-13T11:48:26.873,NC,NTPC,386.4,374.35,386.8,374.35,380.15,8444545,381.85,386.25,1815,386.4,1511,
2026-04-13T11:48:28.059,NC,NTPC,386.4,374.35,386.8,374.35,380.15,8444615,381.85,386.25,1736,386.4,1511,
2026-04-13T11:48:29.061,NC,NTPC,386.4,374.35,386.8,374.35,380.15,8444811,381.85,386.25,1564,386.4,1518,
2026-04-13T11:48:30.058,NC,NTPC,386.4,374.35,386.8,374.35,380.15,8444856,381.85,386.25,1564,386.4,18,
2026-04-13T11:48:31.059,NC,NTPC,386.4,374.35,386.8,374.35,380.15,8445062,381.85,386.35,3,386.4,1511,
2026-04-13T11:48:32.068,NC,NTPC,386.4,374.35,386.8,374.35,380.15,8445563,381.85,386.35,3,386.4,1530,
2026-04-13T11:48:33.061,NC,NTPC,386.3,374.35,386.8,374.35,380.15,8445623,381.85,386.25,3110,386.4,1529,
2026-04-13T11:48:34.070,NC,NTPC,386.4,374.35,386.8,374.35,380.15,8445673,381.85,386.3,4,386.4,1501,
2026-04-13T11:48:35.071,NC,NTPC,386.4,374.35,386.8,374.35,380.15,8445719,381.85,386.35,3,386.4,1501,
2026-04-13T11:48:36.066,NC,NTPC,386.4,374.35,386.8,374.35,380.15,8445914,381.85,386.35,3,386.4,1501,
2026-04-13T11:48:37.470,NC,NTPC,386.4,374.35,386.8,374.35,380.15,8445966,381.85,386.4,4,386.45,3100,
2026-04-13T11:48:42.675,NC,NTPC,386.25,374.35,386.8,374.35,380.15,8448130,381.85,386.25,181,386.3,852,
2026-04-13T11:48:47.480,NC,NTPC,386.25,374.35,386.8,374.35,380.15,8448230,381.85,386.25,1,386.3,825,
2026-04-13T11:48:52.288,NC,NTPC,386.15,374.35,386.8,374.35,380.15,8448530,381.85,386.15,1537,386.25,566,
2026-04-13T11:48:56.986,NC,NTPC,386.15,374.35,386.8,374.35,380.15,8449167,381.85,386.15,2137,386.25,66,
2026-04-13T11:49:02.017,NC,NTPC,386.25,374.35,386.8,374.35,380.15,8451441,381.85,386.2,2,386.3,1542,
2026-04-13T11:49:06.698,NC,NTPC,386.3,374.35,386.8,374.35,380.15,8451588,381.85,386.2,52,386.25,510,
2026-04-13T11:49:11.519,NC,NTPC,386.3,374.35,386.8,374.35,380.15,8453538,381.85,386.3,13840,386.35,201,
2026-04-13T11:49:16.305,NC,NTPC,386.4,374.35,386.8,374.35,380.15,8453946,381.85,386.35,112,386.4,2380,
2026-04-13T11:49:21.128,NC,NTPC,386.3,374.35,386.8,374.35,380.15,8456560,381.85,386.3,12495,386.35,6,
2026-04-13T11:49:25.920,NC,NTPC,386.3,374.35,386.8,374.35,380.15,8456853,381.85,386.3,12340,386.35,58,
2026-04-13T11:49:30.627,NC,NTPC,386.3,374.35,386.8,374.35,380.15,8457237,381.85,386.3,12304,386.35,1,
2026-04-13T11:49:35.439,NC,NTPC,386.3,374.35,386.8,374.35,380.15,8469599,381.86,386.25,5,386.3,635,
2026-04-13T11:49:37.933,NC,NTPC,386.2,374.35,386.8,374.35,380.15,8470198,381.86,386.2,100,386.3,455,
2026-04-13T11:49:39.036,NC,NTPC,386.2,374.35,386.8,374.35,380.15,8470374,381.86,386.2,32,386.3,1424,
2026-04-13T11:49:40.044,NC,NTPC,386.15,374.35,386.8,374.35,380.15,8470780,381.86,386.15,1736,386.25,1,
2026-04-13T11:49:41.033,NC,NTPC,386.3,374.35,386.8,374.35,380.15,8470810,381.86,386.15,1711,386.25,1,
2026-04-13T11:49:42.035,NC,NTPC,386.25,374.35,386.8,374.35,380.15,8470816,381.86,386.25,159,386.3,494,
2026-04-13T11:49:42.937,NC,NTPC,386.3,374.35,386.8,374.35,380.15,8470841,381.86,386.25,183,386.3,1028,
2026-04-13T11:49:43.936,NC,NTPC,386.3,374.35,386.8,374.35,380.15,8470898,381.86,386.25,129,386.3,2325,
2026-04-13T11:49:44.937,NC,NTPC,386.3,374.35,386.8,374.35,380.15,8471126,381.86,386.25,103,386.3,2058,
2026-04-13T11:49:45.944,NC,NTPC,386.3,374.35,386.8,374.35,380.15,8471150,381.86,386.25,103,386.3,1982,
2026-04-13T11:49:46.842,NC,NTPC,386.25,374.35,386.8,374.35,380.15,8471185,381.86,386.25,68,386.3,2043,
2026-04-13T11:49:47.846,NC,NTPC,386.25,374.35,386.8,374.35,380.15,8471395,381.86,386.25,8,386.3,1412,
2026-04-13T11:49:48.860,NC,NTPC,386.15,374.35,386.8,374.35,380.15,8472528,381.86,386.15,3747,386.3,310,
2026-04-13T11:49:50.868,NC,NTPC,386.35,374.35,386.8,374.35,380.15,8473028,381.86,386.2,1,386.35,1479,
2026-04-13T11:49:51.954,NC,NTPC,386.15,374.35,386.8,374.35,380.15,8473128,381.86,386.15,2743,386.25,1,
2026-04-13T11:49:52.858,NC,NTPC,386.15,374.35,386.8,374.35,380.15,8473178,381.86,386.15,2748,386.25,1,
2026-04-13T11:49:53.854,NC,NTPC,386.15,374.35,386.8,374.35,380.15,8473282,381.86,386.15,2870,386.25,1,
2026-04-13T11:49:56.859,NC,NTPC,386.35,374.35,386.8,374.35,380.15,8473530,381.86,386.15,2416,386.35,1374,
2026-04-13T11:49:57.902,NC,NTPC,386.15,374.35,386.8,374.35,380.15,8473584,381.86,386.15,2362,386.35,1622,
2026-04-13T11:49:59.002,NC,NTPC,386.2,374.35,386.8,374.35,380.15,8473706,381.86,386.2,225,386.25,1,
2026-04-13T11:50:00.066,NC,NTPC,386.35,374.35,386.8,374.35,380.15,8474075,381.86,386.35,106,386.4,1563,
2026-04-13T11:50:01.194,NC,NTPC,386.35,374.35,386.8,374.35,380.15,8474639,381.86,386.3,67,386.35,995,
2026-04-13T11:50:02.577,NC,NTPC,386.3,374.35,386.8,374.35,380.15,8475014,381.86,386.3,1,386.35,630,
2026-04-13T11:50:04.271,NC,NTPC,386.3,374.35,386.8,374.35,380.15,8475015,381.86,386.2,949,386.3,44,
2026-04-13T11:50:05.267,NC,NTPC,386.3,374.35,386.8,374.35,380.15,8475017,381.86,386.2,1006,386.3,43,
2026-04-13T11:50:08.072,NC,NTPC,386.2,374.35,386.8,374.35,380.15,8475019,381.86,386.2,780,386.3,67,
2026-04-13T11:50:09.082,NC,NTPC,386.2,374.35,386.8,374.35,380.15,8475202,381.86,386.2,364,386.3,64,
2026-04-13T11:50:10.070,NC,NTPC,386.2,374.35,386.8,374.35,380.15,8475203,381.86,386.2,363,386.3,64,
2026-04-13T11:50:11.076,NC,NTPC,386.3,374.35,386.8,374.35,380.15,8475283,381.86,386.15,2032,386.3,1160,
2026-04-13T11:50:11.971,NC,NTPC,386.3,374.35,386.8,374.35,380.15,8475599,381.86,386.15,2292,386.3,21,
2026-04-13T11:50:13.074,NC,NTPC,386.2,374.35,386.8,374.35,380.15,8475699,381.86,386.2,469,386.3,21,
2026-04-13T11:50:13.986,NC,NTPC,386.2,374.35,386.8,374.35,380.15,8475818,381.86,386.2,414,386.35,1269,
2026-04-13T11:50:15.879,NC,NTPC,386.3,374.35,386.8,374.35,380.15,8475954,381.86,386.3,4,386.35,1621,
2026-04-13T11:50:16.976,NC,NTPC,386.35,374.35,386.8,374.35,380.15,8476545,381.86,386.3,204,386.35,30,
2026-04-13T11:50:17.878,NC,NTPC,386.45,374.35,386.8,374.35,380.15,8480946,381.86,386.4,57,386.45,1759,
2026-04-13T11:50:18.883,NC,NTPC,386.4,374.35,386.8,374.35,380.15,8481400,381.86,386.4,187,386.45,1766,
2026-04-13T11:50:19.883,NC,NTPC,386.45,374.35,386.8,374.35,380.15,8481413,381.86,386.3,1058,386.45,1753,
2026-04-13T11:50:20.782,NC,NTPC,386.3,374.35,386.8,374.35,380.15,8481481,381.86,386.3,994,386.45,1746,
2026-04-13T11:50:21.791,NC,NTPC,386.3,374.35,386.8,374.35,380.15,8481540,381.86,386.3,894,386.45,1746,
2026-04-13T11:50:22.820,NC,NTPC,386.45,374.35,386.8,374.35,380.15,8481782,381.86,386.3,57,386.45,1505,
2026-04-13T11:50:23.897,NC,NTPC,386.3,374.35,386.8,374.35,380.15,8482140,381.87,386.3,8,386.45,2392,
2026-04-13T11:50:24.984,NC,NTPC,386.25,374.35,386.8,374.35,380.15,8482155,381.87,386.25,1659,386.45,2921,
2026-04-13T11:50:26.095,NC,NTPC,386.45,374.35,386.8,374.35,380.15,8482505,381.87,386.25,3420,386.4,1,
2026-04-13T11:50:27.104,NC,NTPC,386.4,374.35,386.8,374.35,380.15,8482585,381.87,386.4,20,386.45,1694,
2026-04-13T11:50:28.092,NC,NTPC,386.45,374.35,386.8,374.35,380.15,8483019,381.87,386.4,20,386.45,414,
2026-04-13T11:50:29.124,NC,NTPC,386.4,374.35,386.8,374.35,380.15,8483124,381.87,386.4,24,386.45,421,
2026-04-13T11:50:30.095,NC,NTPC,386.45,374.35,386.8,374.35,380.15,8483213,381.87,386.3,1235,386.45,332,
2026-04-13T11:50:31.103,NC,NTPC,386.3,374.35,386.8,374.35,380.15,8483282,381.87,386.4,50,386.45,324,
2026-04-13T11:50:32.200,NC,NTPC,386.45,374.35,386.8,374.35,380.15,8483789,381.87,386.45,279,386.5,2695,
2026-04-13T11:50:33.101,NC,NTPC,386.5,374.35,386.8,374.35,380.15,8486492,381.87,386.45,1346,386.55,300,
2026-04-13T11:50:34.204,NC,NTPC,386.55,374.35,386.8,374.35,380.15,8486846,381.87,386.55,455,386.6,576,
2026-04-13T11:50:35.314,NC,NTPC,386.65,374.35,386.8,374.35,380.15,8488148,381.87,386.6,331,386.65,832,
2026-04-13T11:50:36.406,NC,NTPC,386.7,374.35,386.8,374.35,380.15,8489063,381.87,386.65,67,386.7,288,
2026-04-13T11:50:41.417,NC,NTPC,386.8,374.35,386.85,374.35,380.15,8493332,381.87,386.75,405,386.8,5,
2026-04-13T11:50:47.021,NC,NTPC,386.9,374.35,386.9,374.35,380.15,8494432,381.87,386.8,76,386.9,2496,
2026-04-13T11:50:52.247,NC,NTPC,386.85,374.35,386.9,374.35,380.15,8495883,381.87,386.8,30,386.85,763,
2026-04-13T11:50:57.236,NC,NTPC,386.9,374.35,386.9,374.35,380.15,8497402,381.87,386.85,36,386.9,2323,
2026-04-13T11:51:02.899,NC,NTPC,387.0,374.35,387.0,374.35,380.15,8517915,381.89,386.95,243,387.0,24173,
2026-04-13T11:51:08.145,NC,NTPC,387.0,374.35,387.0,374.35,380.15,8524786,381.89,386.9,43,387.0,20630,
2026-04-13T11:51:13.453,NC,NTPC,387.0,374.35,387.0,374.35,380.15,8525933,381.89,386.9,920,387.0,20019,
2026-04-13T11:51:18.654,NC,NTPC,386.9,374.35,387.0,374.35,380.15,8527006,381.89,386.9,448,387.0,20349,
2026-04-13T11:51:23.868,NC,NTPC,386.9,374.35,387.0,374.35,380.15,8528453,381.89,386.85,43,386.9,41,
2026-04-13T11:51:28.880,NC,NTPC,386.9,374.35,387.0,374.35,380.15,8528797,381.89,386.9,126,386.95,618,
2026-04-13T11:51:33.774,NC,NTPC,386.9,374.35,387.0,374.35,380.15,8530994,381.89,386.9,24,386.95,1913,
2026-04-13T11:51:38.790,NC,NTPC,386.9,374.35,387.0,374.35,380.15,8531370,381.89,386.9,882,386.95,421,
2026-04-13T11:51:43.890,NC,NTPC,386.9,374.35,387.0,374.35,380.15,8534057,381.9,386.9,370,386.95,954,
2026-04-13T11:51:49.298,NC,NTPC,386.95,374.35,387.0,374.35,380.15,8536068,381.9,386.85,111,386.9,6,
2026-04-13T11:51:54.727,NC,NTPC,387.1,374.35,387.2,374.35,380.15,8560636,381.91,387.1,100,387.2,711,
2026-04-13T11:51:59.712,NC,NTPC,387.2,374.35,387.25,374.35,380.15,8562518,381.91,387.2,14,387.25,535,
2026-04-13T11:52:05.020,NC,NTPC,387.35,374.35,387.35,374.35,380.15,8564875,381.91,387.25,157,387.35,2175,
2026-04-13T11:52:10.453,NC,NTPC,387.05,374.35,387.35,374.35,380.15,8569565,381.92,387.05,52,387.2,1588,
2026-04-13T11:52:15.451,NC,NTPC,387.05,374.35,387.35,374.35,380.15,8571339,381.92,386.95,42,387.0,100,
2026-04-13T11:52:20.464,NC,NTPC,386.8,374.35,387.35,374.35,380.15,8572013,381.92,386.8,74,387.0,3214,
2026-04-13T11:52:25.372,NC,NTPC,386.95,374.35,387.35,374.35,380.15,8572800,381.92,386.95,896,387.0,1555,
2026-04-13T11:52:30.283,NC,NTPC,387.0,374.35,387.35,374.35,380.15,8573491,381.92,386.95,692,387.0,2283,
2026-04-13T11:52:35.402,NC,NTPC,386.9,374.35,387.35,374.35,380.15,8575555,381.92,386.85,132,386.95,1961,
2026-04-13T11:52:37.292,NC,NTPC,386.95,374.35,387.35,374.35,380.15,8575733,381.92,386.85,62,386.95,1241,
2026-04-13T11:52:38.394,NC,NTPC,386.95,374.35,387.35,374.35,380.15,8576034,381.92,386.85,63,386.95,1155,
2026-04-13T11:52:39.505,NC,NTPC,386.75,374.35,387.35,374.35,380.15,8577301,381.92,386.75,959,386.9,1390,
2026-04-13T11:52:40.494,NC,NTPC,386.75,374.35,387.35,374.35,380.15,8592530,381.93,386.75,604,386.9,582,
2026-04-13T11:52:41.496,NC,NTPC,386.9,374.35,387.35,374.35,380.15,8592779,381.93,386.75,889,386.9,333,
2026-04-13T11:52:42.498,NC,NTPC,386.75,374.35,387.35,374.35,380.15,8592864,381.93,386.75,697,386.9,333,
2026-04-13T11:52:43.505,NC,NTPC,386.75,374.35,387.35,374.35,380.15,8593400,381.93,386.75,291,386.9,102,
2026-04-13T11:52:44.496,NC,NTPC,386.7,374.35,387.35,374.35,380.15,8593406,381.93,386.7,877,386.75,1,
2026-04-13T11:52:45.401,NC,NTPC,386.75,374.35,387.35,374.35,380.15,8593407,381.93,386.7,1143,386.85,345,
2026-04-13T11:52:46.401,NC,NTPC,386.85,374.35,387.35,374.35,380.15,8593457,381.93,386.8,5,386.85,147,
2026-04-13T11:52:47.399,NC,NTPC,386.85,374.35,387.35,374.35,380.15,8593604,381.93,386.8,102,386.85,10,
2026-04-13T11:52:48.302,NC,NTPC,386.85,374.35,387.35,374.35,380.15,8593722,381.93,386.85,24,386.95,1891,
2026-04-13T11:52:49.402,NC,NTPC,386.85,374.35,387.35,374.35,380.15,8593957,381.93,386.8,519,386.85,1,
2026-04-13T11:52:50.409,NC,NTPC,386.8,374.35,387.35,374.35,380.15,8594057,381.93,386.8,395,386.85,1,
2026-04-13T11:52:51.418,NC,NTPC,386.8,374.35,387.35,374.35,380.15,8594058,381.93,386.8,232,386.95,828,
2026-04-13T11:52:52.410,NC,NTPC,386.9,374.35,387.35,374.35,380.15,8594108,381.93,386.8,4,386.85,2,
2026-04-13T11:52:53.306,NC,NTPC,386.85,374.35,387.35,374.35,380.15,8594110,381.93,386.85,22,386.9,244,
2026-04-13T11:52:54.311,NC,NTPC,386.85,374.35,387.35,374.35,380.15,8594169,381.93,386.85,253,386.9,239,
2026-04-13T11:52:56.314,NC,NTPC,386.9,374.35,387.35,374.35,380.15,8594408,381.93,386.9,25,386.95,572,
2026-04-13T11:52:57.322,NC,NTPC,386.95,374.35,387.35,374.35,380.15,8594465,381.93,386.9,25,386.95,567,
2026-04-13T11:52:58.316,NC,NTPC,386.95,374.35,387.35,374.35,380.15,8594698,381.93,386.9,25,386.95,334,
2026-04-13T11:52:59.321,NC,NTPC,386.9,374.35,387.35,374.35,380.15,8594952,381.93,386.9,25,386.95,687,
2026-04-13T11:53:00.320,NC,NTPC,386.75,374.35,387.35,374.35,380.15,8595190,381.93,386.75,1340,386.95,810,
2026-04-13T11:53:01.423,NC,NTPC,386.95,374.35,387.35,374.35,380.15,8595320,381.93,386.9,364,386.95,497,
2026-04-13T11:53:02.525,NC,NTPC,386.95,374.35,387.35,374.35,380.15,8595454,381.93,386.9,562,386.95,294,
2026-04-13T11:53:03.600,NC,NTPC,386.9,374.35,387.35,374.35,380.15,8595828,381.93,386.9,448,387.0,917,
2026-04-13T11:53:04.535,NC,NTPC,386.9,374.35,387.35,374.35,380.15,8595829,381.93,386.9,447,387.0,917,
2026-04-13T11:53:05.630,NC,NTPC,386.9,374.35,387.35,374.35,380.15,8596030,381.93,386.9,247,387.0,917,
2026-04-13T11:53:06.630,NC,NTPC,386.95,374.35,387.35,374.35,380.15,8596031,381.93,386.95,6,387.0,594,
2026-04-13T11:53:07.632,NC,NTPC,387.0,374.35,387.35,374.35,380.15,8596289,381.93,386.95,247,387.0,336,
2026-04-13T11:53:08.633,NC,NTPC,386.95,374.35,387.35,374.35,380.15,8596411,381.93,386.95,325,387.0,276,
2026-04-13T11:53:09.633,NC,NTPC,386.95,374.35,387.35,374.35,380.15,8596412,381.93,386.95,324,387.0,276,
2026-04-13T11:53:10.637,NC,NTPC,386.95,374.35,387.35,374.35,380.15,8596548,381.93,386.95,256,387.0,976,
2026-04-13T11:53:11.739,NC,NTPC,387.0,374.35,387.35,374.35,380.15,8596887,381.93,386.95,165,387.0,718,
2026-04-13T11:53:12.840,NC,NTPC,386.85,374.35,387.35,374.35,380.15,8597269,381.93,386.85,1009,386.95,250,
2026-04-13T11:53:13.855,NC,NTPC,386.85,374.35,387.35,374.35,380.15,8597323,381.93,386.85,789,386.95,250,
2026-04-13T11:53:14.850,NC,NTPC,386.85,374.35,387.35,374.35,380.15,8597368,381.93,386.85,744,386.95,250,
2026-04-13T11:53:15.856,NC,NTPC,387.0,374.35,387.35,374.35,380.15,8597668,381.93,386.95,4,387.0,446,
2026-04-13T11:53:16.871,NC,NTPC,386.95,374.35,387.35,374.35,380.15,8597676,381.93,386.95,4,387.0,446,
2026-04-13T11:53:17.856,NC,NTPC,387.0,374.35,387.35,374.35,380.15,8597934,381.93,386.95,4,387.0,188,
2026-04-13T11:53:18.867,NC,NTPC,386.9,374.35,387.35,374.35,380.15,8599153,381.93,386.9,227,386.95,6,
2026-04-13T11:53:19.852,NC,NTPC,386.9,374.35,387.35,374.35,380.15,8599173,381.93,386.9,259,386.95,56,
2026-04-13T11:53:20.951,NC,NTPC,386.95,374.35,387.35,374.35,380.15,8599247,381.93,386.9,378,386.95,6,
2026-04-13T11:53:21.948,NC,NTPC,387.05,374.35,387.35,374.35,380.15,8599503,381.93,386.9,732,387.05,118,
2026-04-13T11:53:22.950,NC,NTPC,387.05,374.35,387.35,374.35,380.15,8599734,381.93,386.9,157,387.05,1231,
2026-04-13T11:53:23.949,NC,NTPC,386.9,374.35,387.35,374.35,380.15,8599789,381.93,386.9,203,386.95,2,
2026-04-13T11:53:24.951,NC,NTPC,386.95,374.35,387.35,374.35,380.15,8599797,381.93,386.9,914,386.95,2,
2026-04-13T11:53:25.960,NC,NTPC,386.95,374.35,387.35,374.35,380.15,8600085,381.93,386.9,809,387.0,50,
2026-04-13T11:53:27.052,NC,NTPC,386.9,374.35,387.35,374.35,380.15,8600564,381.93,386.85,1114,387.0,343,
2026-04-13T11:53:27.957,NC,NTPC,387.0,374.35,387.35,374.35,380.15,8600796,381.93,386.9,899,387.0,111,
2026-04-13T11:53:28.959,NC,NTPC,387.0,374.35,387.35,374.35,380.15,8601040,381.94,386.9,408,387.0,7,
2026-04-13T11:53:30.958,NC,NTPC,386.95,374.35,387.35,374.35,380.15,8601177,381.94,387.0,297,387.1,2892,
2026-04-13T11:53:31.972,NC,NTPC,387.0,374.35,387.35,374.35,380.15,8601197,381.94,387.0,346,387.1,2892,
2026-04-13T11:53:32.971,NC,NTPC,387.1,374.35,387.35,374.35,380.15,8602428,381.94,387.0,195,387.05,1,
2026-04-13T11:53:33.954,NC,NTPC,387.05,374.35,387.35,374.35,380.15,8602487,381.94,387.05,4,387.15,1624,
2026-04-13T11:53:35.968,NC,NTPC,387.15,374.35,387.35,374.35,380.15,8602592,381.94,387.15,7,387.2,2148,
2026-04-13T11:53:41.173,NC,NTPC,387.15,374.35,387.35,374.35,380.15,8608469,381.94,387.15,160,387.2,1,
2026-04-13T11:53:46.481,NC,NTPC,387.25,374.35,387.35,374.35,380.15,8609717,381.94,387.25,347,387.35,2240,
2026-04-13T11:53:51.180,NC,NTPC,387.3,374.35,387.4,374.35,380.15,8612030,381.94,387.3,409,387.35,1023,
2026-04-13T11:53:56.092,NC,NTPC,387.35,374.35,387.4,374.35,380.15,8613608,381.94,387.3,245,387.35,1353,
2026-04-13T11:54:00.692,NC,NTPC,387.3,374.35,387.4,374.35,380.15,8614758,381.94,387.2,67,387.3,126,
2026-04-13T11:54:05.599,NC,NTPC,387.45,374.35,387.5,374.35,380.15,8620789,381.95,387.45,914,387.5,10322,
2026-04-13T11:54:10.850,NC,NTPC,387.35,374.35,387.5,374.35,380.15,8627516,381.95,387.35,192,387.45,1318,
2026-04-13T11:54:15.918,NC,NTPC,387.45,374.35,387.5,374.35,380.15,8629081,381.95,387.3,1496,387.45,2431,
2026-04-13T11:54:20.923,NC,NTPC,387.3,374.35,387.5,374.35,380.15,8630138,381.95,387.3,932,387.4,1,
2026-04-13T11:54:25.735,NC,NTPC,387.35,374.35,387.5,374.35,380.15,8631932,381.95,387.3,135,387.35,361,
2026-04-13T11:54:30.533,NC,NTPC,387.35,374.35,387.5,374.35,380.15,8635662,381.96,387.35,183,387.45,3415,
2026-04-13T11:54:35.348,NC,NTPC,387.35,374.35,387.5,374.35,380.15,8636518,381.96,387.3,4,387.35,9,
2026-04-13T11:54:36.732,NC,NTPC,387.35,374.35,387.5,374.35,380.15,8636607,381.96,387.35,203,387.4,131,
2026-04-13T11:54:37.731,NC,NTPC,387.4,374.35,387.5,374.35,380.15,8636738,381.96,387.4,40,387.45,7696,
2026-04-13T11:54:38.735,NC,NTPC,387.4,374.35,387.5,374.35,380.15,8637499,381.96,387.4,103,387.45,6666,
2026-04-13T11:54:39.849,NC,NTPC,387.25,374.35,387.5,374.35,380.15,8637853,381.96,387.25,996,387.35,9712,
2026-04-13T11:54:41.039,NC,NTPC,387.3,374.35,387.5,374.35,380.15,8637920,381.96,387.25,996,387.3,7,
2026-04-13T11:54:42.049,NC,NTPC,387.35,374.35,387.5,374.35,380.15,8638199,381.96,387.3,211,387.35,9443,
2026-04-13T11:54:43.044,NC,NTPC,387.35,374.35,387.5,374.35,380.15,8638582,381.96,387.3,84,387.35,9212,
2026-04-13T11:54:44.050,NC,NTPC,387.35,374.35,387.5,374.35,380.15,8638771,381.96,387.3,160,387.35,9077,
2026-04-13T11:54:45.044,NC,NTPC,387.35,374.35,387.5,374.35,380.15,8639011,381.96,387.3,192,387.35,8848,
2026-04-13T11:54:46.143,NC,NTPC,387.35,374.35,387.5,374.35,380.15,8639169,381.96,387.3,192,387.35,8700,
2026-04-13T11:54:47.171,NC,NTPC,387.35,374.35,387.5,374.35,380.15,8639476,381.96,387.3,255,387.35,8393,
2026-04-13T11:54:48.148,NC,NTPC,387.35,374.35,387.5,374.35,380.15,8639896,381.96,387.3,202,387.35,8026,
2026-04-13T11:54:49.251,NC,NTPC,387.35,374.35,387.5,374.35,380.15,8640294,381.96,387.3,214,387.35,7690,
2026-04-13T11:54:50.250,NC,NTPC,387.35,374.35,387.5,374.35,380.15,8644725,381.96,387.3,2107,387.35,4377,
2026-04-13T11:54:51.265,NC,NTPC,387.3,374.35,387.5,374.35,380.15,8649816,381.97,387.3,1176,387.4,1937,
2026-04-13T11:54:53.356,NC,NTPC,387.4,374.35,387.5,374.35,380.15,8650316,381.97,387.35,28,387.4,1639,
2026-04-13T11:54:54.355,NC,NTPC,387.35,374.35,387.5,374.35,380.15,8650444,381.97,387.3,695,387.35,6,
2026-04-13T11:54:55.356,NC,NTPC,387.4,374.35,387.5,374.35,380.15,8651452,381.97,387.3,846,387.4,559,
2026-04-13T11:54:56.258,NC,NTPC,387.4,374.35,387.5,374.35,380.15,8651739,381.97,387.35,63,387.4,510,
2026-04-13T11:54:57.359,NC,NTPC,387.4,374.35,387.5,374.35,380.15,8652259,381.97,387.4,81,387.45,5911,
2026-04-13T11:54:58.263,NC,NTPC,387.45,374.35,387.5,374.35,380.15,8652708,381.97,387.4,67,387.45,5068,
2026-04-13T11:54:59.462,NC,NTPC,387.45,374.35,387.5,374.35,380.15,8654152,381.97,387.4,81,387.45,3685,
2026-04-13T11:55:00.564,NC,NTPC,387.4,374.35,387.5,374.35,380.15,8654532,381.97,387.4,97,387.45,3676,
2026-04-13T11:55:01.672,NC,NTPC,387.45,374.35,387.5,374.35,380.15,8655295,381.97,387.4,227,387.45,2913,
2026-04-13T11:55:02.579,NC,NTPC,387.45,374.35,387.5,374.35,380.15,8655599,381.97,387.4,1291,387.45,2619,
2026-04-13T11:55:03.569,NC,NTPC,387.4,374.35,387.5,374.35,380.15,8656524,381.97,387.4,677,387.45,1748,
2026-04-13T11:55:04.767,NC,NTPC,387.5,374.35,387.5,374.35,380.15,8658840,381.97,387.4,2699,387.5,3646,
2026-04-13T11:55:05.767,NC,NTPC,387.6,374.35,387.6,374.35,380.15,8663439,381.97,387.55,552,387.6,1963,
2026-04-13T11:55:06.969,NC,NTPC,387.6,374.35,387.6,374.35,380.15,8672605,381.98,387.45,1039,387.6,1398,
2026-04-13T11:55:07.987,NC,NTPC,387.6,374.35,387.6,374.35,380.15,8672837,381.98,387.5,197,387.6,1296,
2026-04-13T11:55:08.972,NC,NTPC,387.55,374.35,387.6,374.35,380.15,8672971,381.98,387.55,67,387.6,1131,
2026-04-13T11:55:09.980,NC,NTPC,387.4,374.35,387.6,374.35,380.15,8673381,381.98,387.4,734,387.55,670,
2026-04-13T11:55:10.974,NC,NTPC,387.4,374.35,387.6,374.35,380.15,8673949,381.98,387.4,1062,387.6,2110,
2026-04-13T11:55:12.076,NC,NTPC,387.6,374.35,387.6,374.35,380.15,8674344,381.98,387.45,50,387.55,10,
2026-04-13T11:55:12.980,NC,NTPC,387.6,374.35,387.6,374.35,380.15,8675270,381.98,387.55,24,387.6,1622,
2026-04-13T11:55:13.984,NC,NTPC,387.4,374.35,387.6,374.35,380.15,8675510,381.98,387.4,466,387.55,122,
2026-04-13T11:55:15.103,NC,NTPC,387.4,374.35,387.6,374.35,380.15,8675718,381.98,387.4,1503,387.5,1,
2026-04-13T11:55:16.188,NC,NTPC,387.5,374.35,387.6,374.35,380.15,8675786,381.98,387.5,4,387.6,628,
2026-04-13T11:55:17.292,NC,NTPC,387.5,374.35,387.6,374.35,380.15,8675788,381.98,387.5,135,387.6,628,
2026-04-13T11:55:18.393,NC,NTPC,387.5,374.35,387.6,374.35,380.15,8676168,381.98,387.4,180,387.5,688,
2026-04-13T11:55:19.494,NC,NTPC,387.5,374.35,387.6,374.35,380.15,8676226,381.98,387.4,126,387.5,912,
2026-04-13T11:55:20.594,NC,NTPC,387.4,374.35,387.6,374.35,380.15,8676294,381.98,387.4,255,387.5,834,
2026-04-13T11:55:22.700,NC,NTPC,387.5,374.35,387.6,374.35,380.15,8676657,381.98,387.5,77,387.55,1129,
2026-04-13T11:55:23.715,NC,NTPC,387.5,374.35,387.6,374.35,380.15,8676711,381.98,387.5,47,387.55,1193,
2026-04-13T11:55:24.595,NC,NTPC,387.45,374.35,387.6,374.35,380.15,8676811,381.98,387.45,162,387.55,345,
2026-04-13T11:55:25.700,NC,NTPC,387.55,374.35,387.6,374.35,380.15,8676921,381.98,387.5,204,387.55,788,
2026-04-13T11:55:26.706,NC,NTPC,387.45,374.35,387.6,374.35,380.15,8678384,381.98,387.45,116,387.55,264,
2026-04-13T11:55:27.801,NC,NTPC,387.55,374.35,387.6,374.35,380.15,8678617,381.98,387.5,167,387.55,12,
2026-04-13T11:55:28.902,NC,NTPC,387.5,374.35,387.6,374.35,380.15,8678672,381.98,387.5,113,387.55,19,
2026-04-13T11:55:30.103,NC,NTPC,387.55,374.35,387.6,374.35,380.15,8678772,381.98,387.5,243,387.55,9,
2026-04-13T11:55:31.104,NC,NTPC,387.5,374.35,387.6,374.35,380.15,8678903,381.98,387.5,185,387.55,11,
2026-04-13T11:55:32.205,NC,NTPC,387.5,374.35,387.6,374.35,380.15,8678913,381.98,387.5,175,387.55,1,
2026-04-13T11:55:33.312,NC,NTPC,387.55,374.35,387.6,374.35,380.15,8678958,381.98,387.55,15,387.6,1753,
2026-04-13T11:55:34.309,NC,NTPC,387.55,374.35,387.6,374.35,380.15,8679014,381.98,387.55,28,387.6,953,
2026-04-13T11:55:35.321,NC,NTPC,387.6,374.35,387.6,374.35,380.15,8679057,381.98,387.55,201,387.6,6,
2026-04-13T11:55:36.412,NC,NTPC,387.55,374.35,387.6,374.35,380.15,8679392,381.98,387.55,45,387.6,1034,
2026-04-13T11:55:41.936,NC,NTPC,387.6,374.35,387.6,374.35,380.15,8681392,381.99,387.5,278,387.6,1592,
2026-04-13T11:55:46.730,NC,NTPC,387.55,374.35,387.6,374.35,380.15,8682137,381.99,387.4,69,387.55,1132,
2026-04-13T11:55:51.632,NC,NTPC,387.35,374.35,387.6,374.35,380.15,8683084,381.99,387.35,632,387.55,1631,
2026-04-13T11:55:56.552,NC,NTPC,387.35,374.35,387.6,374.35,380.15,8684815,381.99,387.3,2182,387.5,1671,
2026-04-13T11:56:01.354,NC,NTPC,387.35,374.35,387.6,374.35,380.15,8687049,381.99,387.5,67,387.6,1358,
2026-04-13T11:56:06.454,NC,NTPC,387.55,374.35,387.6,374.35,380.15,8687749,381.99,387.5,2000,387.55,13,
2026-04-13T11:56:11.555,NC,NTPC,387.55,374.35,387.6,374.35,380.15,8688993,381.99,387.55,1224,387.6,94,
2026-04-13T11:56:16.365,NC,NTPC,387.55,374.35,387.65,374.35,380.15,8691842,381.99,387.5,1153,387.6,1722,
2026-04-13T11:56:21.263,NC,NTPC,387.5,374.35,387.65,374.35,380.15,8696429,382.0,387.35,894,387.5,5,
2026-04-13T11:56:26.177,NC,NTPC,387.55,374.35,387.65,374.35,380.15,8696638,382.0,387.5,23,387.55,1717,
2026-04-13T11:56:30.972,NC,NTPC,387.45,374.35,387.65,374.35,380.15,8697873,382.0,387.3,2345,387.45,7,
2026-04-13T11:56:35.579,NC,NTPC,387.45,374.35,387.65,374.35,380.15,8699591,382.0,387.45,1,387.5,1700,
2026-04-13T11:56:37.282,NC,NTPC,387.45,374.35,387.65,374.35,380.15,8699628,382.0,387.3,1622,387.45,1301,
2026-04-13T11:56:38.284,NC,NTPC,387.45,374.35,387.65,374.35,380.15,8699861,382.0,387.3,1622,387.4,375,
2026-04-13T11:56:39.284,NC,NTPC,387.2,374.35,387.65,374.35,380.15,8705485,382.0,387.05,1351,387.25,533,
2026-04-13T11:56:40.393,NC,NTPC,387.0,374.35,387.65,374.35,380.15,8712046,382.0,387.05,1519,387.25,1070,
2026-04-13T11:56:41.491,NC,NTPC,387.2,374.35,387.65,374.35,380.15,8712878,382.0,387.05,271,387.2,493,
2026-04-13T11:56:42.596,NC,NTPC,387.05,374.35,387.65,374.35,380.15,8713107,382.0,387.2,24,387.25,1033,
2026-04-13T11:56:43.611,NC,NTPC,387.2,374.35,387.65,374.35,380.15,8713237,382.01,387.2,20,387.25,1182,
2026-04-13T11:56:44.714,NC,NTPC,387.25,374.35,387.65,374.35,380.15,8713287,382.01,387.2,24,387.25,971,
2026-04-13T11:56:45.699,NC,NTPC,387.25,374.35,387.65,374.35,380.15,8713369,382.01,387.1,122,387.25,852,
2026-04-13T11:56:46.717,NC,NTPC,387.05,374.35,387.65,374.35,380.15,8713401,382.01,387.05,2336,387.25,933,
2026-04-13T11:56:47.600,NC,NTPC,387.25,374.35,387.65,374.35,380.15,8713633,382.01,387.05,2505,387.25,629,
2026-04-13T11:56:48.704,NC,NTPC,387.05,374.35,387.65,374.35,380.15,8713822,382.01,387.05,469,387.25,1535,
2026-04-13T11:56:50.702,NC,NTPC,387.1,374.35,387.65,374.35,380.15,8713940,382.01,387.1,86,387.2,2321,
2026-04-13T11:56:51.605,NC,NTPC,387.0,374.35,387.65,374.35,380.15,8714140,382.01,387.0,10,387.1,1354,
2026-04-13T11:56:52.711,NC,NTPC,387.0,374.35,387.65,374.35,380.15,8716596,382.01,386.85,163,387.0,475,
2026-04-13T11:56:53.803,NC,NTPC,386.85,374.35,387.65,374.35,380.15,8716777,382.01,386.85,248,387.0,301,
2026-04-13T11:56:54.812,NC,NTPC,387.0,374.35,387.65,374.35,380.15,8716877,382.01,386.8,118,386.95,122,
2026-04-13T11:56:55.807,NC,NTPC,386.95,374.35,387.65,374.35,380.15,8716881,382.01,386.95,1,387.0,2100,
2026-04-13T11:56:56.809,NC,NTPC,386.95,374.35,387.65,374.35,380.15,8717156,382.01,386.8,1511,386.95,49,
2026-04-13T11:56:57.706,NC,NTPC,386.95,374.35,387.65,374.35,380.15,8717389,382.01,386.8,525,386.95,122,
2026-04-13T11:56:58.808,NC,NTPC,386.8,374.35,387.65,374.35,380.15,8717444,382.01,386.8,1249,387.0,1081,
2026-04-13T11:56:59.811,NC,NTPC,386.75,374.35,387.65,374.35,380.15,8718605,382.01,386.75,1806,386.95,130,
2026-04-13T11:57:00.857,NC,NTPC,386.8,374.35,387.65,374.35,380.15,8718673,382.01,386.85,163,387.0,1428,
2026-04-13T11:57:01.819,NC,NTPC,387.0,374.35,387.65,374.35,380.15,8718823,382.01,386.9,3,387.0,1278,
2026-04-13T11:57:02.916,NC,NTPC,387.0,374.35,387.65,374.35,380.15,8720054,382.01,386.9,3,387.0,1150,
2026-04-13T11:57:03.923,NC,NTPC,387.0,374.35,387.65,374.35,380.15,8720360,382.01,386.9,3,387.0,397,
2026-04-13T11:57:04.918,NC,NTPC,387.0,374.35,387.65,374.35,380.15,8720367,382.01,386.95,2,387.0,436,
2026-04-13T11:57:05.920,NC,NTPC,387.0,374.35,387.65,374.35,380.15,8720421,382.01,386.95,3,387.05,1010,
2026-04-13T11:57:06.922,NC,NTPC,386.95,374.35,387.65,374.35,380.15,8720422,382.01,386.95,2,387.0,1000,
2026-04-13T11:57:07.923,NC,NTPC,386.95,374.35,387.65,374.35,380.15,8720673,382.01,386.85,1394,387.0,769,
2026-04-13T11:57:08.947,NC,NTPC,386.85,374.35,387.65,374.35,380.15,8720727,382.01,386.85,1181,386.95,7,
2026-04-13T11:57:09.932,NC,NTPC,386.95,374.35,387.65,374.35,380.15,8720738,382.01,386.85,1180,386.95,7,
2026-04-13T11:57:11.032,NC,NTPC,386.85,374.35,387.65,374.35,380.15,8721100,382.01,386.85,147,387.0,1055,
2026-04-13T11:57:12.135,NC,NTPC,387.0,374.35,387.65,374.35,380.15,8721441,382.01,386.85,248,387.0,806,
2026-04-13T11:57:13.134,NC,NTPC,387.0,374.35,387.65,374.35,380.15,8721672,382.01,386.85,55,387.0,575,
2026-04-13T11:57:14.139,NC,NTPC,386.85,374.35,387.65,374.35,380.15,8721726,382.01,386.8,1577,386.95,1,
2026-04-13T11:57:15.234,NC,NTPC,386.95,374.35,387.65,374.35,380.15,8721728,382.01,386.95,1,387.0,670,
2026-04-13T11:57:16.338,NC,NTPC,387.0,374.35,387.65,374.35,380.15,8721762,382.01,386.95,1,387.0,975,
2026-04-13T11:57:18.446,NC,NTPC,387.0,374.35,387.65,374.35,380.15,8722047,382.01,386.8,1481,387.0,1911,
2026-04-13T11:57:19.441,NC,NTPC,386.8,374.35,387.65,374.35,380.15,8724070,382.01,386.8,1131,387.0,1372,
2026-04-13T11:57:20.546,NC,NTPC,386.8,374.35,387.65,374.35,380.15,8724138,382.01,386.8,2635,387.0,911,
2026-04-13T11:57:21.546,NC,NTPC,387.0,374.35,387.65,374.35,380.15,8725059,382.01,387.0,903,387.2,2383,
2026-04-13T11:57:23.551,NC,NTPC,387.05,374.35,387.65,374.35,380.15,8725341,382.01,387.0,1307,387.05,6,
2026-04-13T11:57:25.855,NC,NTPC,387.05,374.35,387.65,374.35,380.15,8725347,382.01,387.0,1419,387.05,7,
2026-04-13T11:57:26.850,NC,NTPC,387.05,374.35,387.65,374.35,380.15,8725561,382.01,387.05,25,387.2,2028,
2026-04-13T11:57:27.752,NC,NTPC,387.2,374.35,387.65,374.35,380.15,8725793,382.01,387.05,25,387.2,1796,
2026-04-13T11:57:28.953,NC,NTPC,387.05,374.35,387.65,374.35,380.15,8725909,382.01,387.0,1804,387.05,7,
2026-04-13T11:57:29.952,NC,NTPC,387.05,374.35,387.65,374.35,380.15,8725920,382.01,387.0,1102,387.05,6,
2026-04-13T11:57:31.055,NC,NTPC,387.0,374.35,387.65,374.35,380.15,8725955,382.01,387.05,3,387.1,952,
2026-04-13T11:57:32.066,NC,NTPC,387.05,374.35,387.65,374.35,380.15,8725957,382.01,387.05,3,387.1,544,
2026-04-13T11:57:33.155,NC,NTPC,387.15,374.35,387.65,374.35,380.15,8726792,382.01,387.05,450,387.15,781,
2026-04-13T11:57:34.161,NC,NTPC,387.1,374.35,387.65,374.35,380.15,8727017,382.01,387.1,4,387.15,860,
2026-04-13T11:57:35.159,NC,NTPC,387.15,374.35,387.65,374.35,380.15,8727093,382.01,387.1,104,387.15,814,
2026-04-13T11:57:37.567,NC,NTPC,387.15,374.35,387.65,374.35,380.15,8727292,382.01,387.1,1414,387.15,258,
2026-04-13T11:57:38.483,NC,NTPC,387.1,374.35,387.65,374.35,380.15,8727526,382.01,387.1,1413,387.15,25,
2026-04-13T11:57:39.470,NC,NTPC,387.1,374.35,387.65,374.35,380.15,8727679,382.01,387.1,1263,387.15,25,
2026-04-13T11:57:40.474,NC,NTPC,387.1,374.35,387.65,374.35,380.15,8727736,382.01,387.1,1256,387.2,951,
2026-04-13T11:57:41.582,NC,NTPC,387.2,374.35,387.65,374.35,380.15,8728034,382.01,387.1,1218,387.2,892,
2026-04-13T11:57:43.689,NC,NTPC,387.1,374.35,387.65,374.35,380.15,8728322,382.01,387.1,1294,387.15,54,
2026-04-13T11:57:45.775,NC,NTPC,387.15,374.35,387.65,374.35,380.15,8728329,382.01,387.1,1294,387.15,259,
2026-04-13T11:57:46.780,NC,NTPC,387.1,374.35,387.65,374.35,380.15,8728358,382.01,387.1,1289,387.15,245,
2026-04-13T11:57:47.880,NC,NTPC,387.15,374.35,387.65,374.35,380.15,8728591,382.01,387.1,1420,387.15,12,
2026-04-13T11:57:48.987,NC,NTPC,387.1,374.35,387.65,374.35,380.15,8728647,382.01,387.1,1366,387.15,19,
2026-04-13T11:57:49.984,NC,NTPC,387.1,374.35,387.65,374.35,380.15,8728657,382.01,387.1,1356,387.15,19,
2026-04-13T11:57:51.085,NC,NTPC,387.15,374.35,387.65,374.35,380.15,8728830,382.01,387.1,1188,387.15,7,
2026-04-13T11:57:52.230,NC,NTPC,387.2,374.35,387.65,374.35,380.15,8729420,382.01,387.1,1101,387.15,1,
2026-04-13T11:57:53.190,NC,NTPC,387.15,374.35,387.65,374.35,380.15,8729428,382.01,387.15,781,387.2,2250,
2026-04-13T11:57:54.197,NC,NTPC,387.2,374.35,387.65,374.35,380.15,8729495,382.01,387.15,781,387.2,2237,
2026-04-13T11:57:55.204,NC,NTPC,387.2,374.35,387.65,374.35,380.15,8729504,382.01,387.15,779,387.2,2346,
2026-04-13T11:57:56.093,NC,NTPC,387.15,374.35,387.65,374.35,380.15,8730467,382.01,387.1,466,387.15,1002,
2026-04-13T11:57:57.095,NC,NTPC,387.15,374.35,387.65,374.35,380.15,8730772,382.02,387.1,466,387.15,439,
2026-04-13T11:57:58.094,NC,NTPC,387.15,374.35,387.65,374.35,380.15,8731397,382.02,387.1,205,387.15,932,
2026-04-13T11:57:59.114,NC,NTPC,387.1,374.35,387.65,374.35,380.15,8731451,382.02,387.1,151,387.15,939,
2026-04-13T11:58:00.103,NC,NTPC,387.15,374.35,387.65,374.35,380.15,8731523,382.02,387.1,152,387.15,491,
2026-04-13T11:58:01.107,NC,NTPC,387.15,374.35,387.65,374.35,380.15,8731725,382.02,387.1,571,387.2,1272,
2026-04-13T11:58:02.209,NC,NTPC,387.2,374.35,387.65,374.35,380.15,8732725,382.02,387.1,864,387.2,272,
2026-04-13T11:58:03.307,NC,NTPC,387.2,374.35,387.65,374.35,380.15,8732961,382.02,387.1,994,387.15,1,
2026-04-13T11:58:04.306,NC,NTPC,387.1,374.35,387.65,374.35,380.15,8733017,382.02,387.1,840,387.15,2,
2026-04-13T11:58:05.401,NC,NTPC,387.15,374.35,387.65,374.35,380.15,8733030,382.02,387.1,845,387.15,1,
2026-04-13T11:58:06.583,NC,NTPC,387.15,374.35,387.65,374.35,380.15,8733340,382.02,387.1,353,387.15,33,
2026-04-13T11:58:07.608,NC,NTPC,387.15,374.35,387.65,374.35,380.15,8733473,382.02,387.15,20,387.25,1144,
2026-04-13T11:58:08.698,NC,NTPC,387.15,374.35,387.65,374.35,380.15,8733585,382.02,387.1,225,387.15,7,
2026-04-13T11:58:09.696,NC,NTPC,387.1,374.35,387.65,374.35,380.15,8733646,382.02,387.1,189,387.2,8,
2026-04-13T11:58:10.696,NC,NTPC,387.25,374.35,387.65,374.35,380.15,8733656,382.02,387.2,188,387.25,1021,
2026-04-13T11:58:11.699,NC,NTPC,387.25,374.35,387.65,374.35,380.15,8733911,382.02,387.2,182,387.25,249,
2026-04-13T11:58:12.703,NC,NTPC,387.25,374.35,387.65,374.35,380.15,8734144,382.02,387.2,181,387.25,64,
2026-04-13T11:58:13.702,NC,NTPC,387.25,374.35,387.65,374.35,380.15,8734202,382.02,387.2,126,387.25,61,
2026-04-13T11:58:14.711,NC,NTPC,387.2,374.35,387.65,374.35,380.15,8734221,382.02,387.2,107,387.25,617,
2026-04-13T11:58:15.708,NC,NTPC,387.2,374.35,387.65,374.35,380.15,8734238,382.02,387.2,97,387.25,1205,
2026-04-13T11:58:16.614,NC,NTPC,387.25,374.35,387.65,374.35,380.15,8734392,382.02,387.2,68,387.25,1029,
2026-04-13T11:58:17.710,NC,NTPC,387.1,374.35,387.65,374.35,380.15,8737786,382.02,387.1,451,387.25,479,
2026-04-13T11:58:18.728,NC,NTPC,387.1,374.35,387.65,374.35,380.15,8737883,382.02,387.1,907,387.2,1,
2026-04-13T11:58:20.615,NC,NTPC,387.15,374.35,387.65,374.35,380.15,8737954,382.02,387.15,97,387.3,2153,
2026-04-13T11:58:22.717,NC,NTPC,387.25,374.35,387.65,374.35,380.15,8738255,382.02,387.1,611,387.25,135,
2026-04-13T11:58:23.818,NC,NTPC,387.1,374.35,387.65,374.35,380.15,8738309,382.02,387.1,876,387.2,10,
2026-04-13T11:58:25.818,NC,NTPC,387.2,374.35,387.65,374.35,380.15,8738315,382.02,387.1,876,387.2,4,
2026-04-13T11:58:26.840,NC,NTPC,387.2,374.35,387.65,374.35,380.15,8738425,382.02,387.2,11,387.25,732,
2026-04-13T11:58:27.822,NC,NTPC,387.25,374.35,387.65,374.35,380.15,8738707,382.02,387.2,25,387.25,54,
2026-04-13T11:58:28.820,NC,NTPC,387.25,374.35,387.65,374.35,380.15,8738858,382.02,387.1,815,387.2,6,
2026-04-13T11:58:30.019,NC,NTPC,387.3,374.35,387.65,374.35,380.15,8739079,382.02,387.1,268,387.25,1128,
2026-04-13T11:58:32.020,NC,NTPC,387.1,374.35,387.65,374.35,380.15,8739119,382.02,387.1,306,387.25,39,
2026-04-13T11:58:33.140,NC,NTPC,387.25,374.35,387.65,374.35,380.15,8739178,382.02,387.25,4,387.3,1166,
2026-04-13T11:58:34.131,NC,NTPC,387.25,374.35,387.65,374.35,380.15,8739352,382.02,387.15,4,387.25,122,
2026-04-13T11:58:35.131,NC,NTPC,387.25,374.35,387.65,374.35,380.15,8739839,382.02,387.1,144,387.25,163,
2026-04-13T11:58:38.930,NC,NTPC,387.2,374.35,387.65,374.35,380.15,8740198,382.02,387.0,684,387.1,6,
2026-04-13T11:58:44.071,NC,NTPC,387.15,374.35,387.65,374.35,380.15,8740660,382.02,387.1,48,387.15,599,
2026-04-13T11:58:49.000,NC,NTPC,387.15,374.35,387.65,374.35,380.15,8742461,382.02,387.15,46,387.25,1946,
2026-04-13T11:58:53.684,NC,NTPC,387.2,374.35,387.65,374.35,380.15,8743477,382.02,387.05,1547,387.15,5,
2026-04-13T11:58:58.254,NC,NTPC,387.25,374.35,387.65,374.35,380.15,8743609,382.02,387.15,983,387.25,123,
2026-04-13T11:59:02.803,NC,NTPC,387.25,374.35,387.65,374.35,380.15,8744411,382.02,387.25,56,387.3,1686,
2026-04-13T11:59:07.821,NC,NTPC,387.25,374.35,387.65,374.35,380.15,8745133,382.02,387.15,16,387.25,1804,
2026-04-13T11:59:12.633,NC,NTPC,387.2,374.35,387.65,374.35,380.15,8748689,382.03,387.0,852,387.2,1310,
2026-04-13T11:59:17.535,NC,NTPC,387.0,374.35,387.65,374.35,380.15,8748821,382.03,387.0,489,387.15,1339,
2026-04-13T11:59:23.356,NC,NTPC,387.0,374.35,387.65,374.35,380.15,8749502,382.03,386.9,132,387.0,270,
2026-04-13T11:59:30.168,NC,NTPC,387.0,374.35,387.65,374.35,380.15,8750112,382.03,387.0,1,387.1,908,
2026-04-13T11:59:35.672,NC,NTPC,387.0,374.35,387.65,374.35,380.15,8751237,382.03,387.05,130,387.1,502,
2026-04-13T11:59:36.969,NC,NTPC,387.1,374.35,387.65,374.35,380.15,8751375,382.03,387.0,814,387.1,414,
2026-04-13T11:59:37.961,NC,NTPC,387.1,374.35,387.65,374.35,380.15,8751608,382.03,387.0,1544,387.1,181,
2026-04-13T11:59:38.965,NC,NTPC,387.0,374.35,387.65,374.35,380.15,8751662,382.03,387.0,1490,387.1,188,
2026-04-13T11:59:39.968,NC,NTPC,387.0,374.35,387.65,374.35,380.15,8751664,382.03,387.0,1488,387.1,188,
2026-04-13T11:59:40.967,NC,NTPC,387.0,374.35,387.65,374.35,380.15,8752087,382.03,387.0,1332,387.1,181,
2026-04-13T11:59:41.964,NC,NTPC,387.15,374.35,387.65,374.35,380.15,8752285,382.03,387.1,25,387.15,1136,
2026-04-13T11:59:43.077,NC,NTPC,387.15,374.35,387.65,374.35,380.15,8752541,382.03,387.1,25,387.15,1044,
2026-04-13T11:59:44.067,NC,NTPC,387.1,374.35,387.65,374.35,380.15,8752568,382.03,387.0,1565,387.1,6,
2026-04-13T11:59:45.063,NC,NTPC,387.15,374.35,387.65,374.35,380.15,8752601,382.03,387.1,174,387.15,848,
2026-04-13T11:59:46.067,NC,NTPC,387.15,374.35,387.65,374.35,380.15,8752625,382.03,387.1,174,387.15,8,
2026-04-13T11:59:47.091,NC,NTPC,387.1,374.35,387.65,374.35,380.15,8752905,382.03,387.1,74,387.2,3183,
2026-04-13T11:59:48.086,NC,NTPC,387.2,374.35,387.65,374.35,380.15,8753137,382.03,387.1,74,387.2,2761,
2026-04-13T11:59:49.173,NC,NTPC,387.1,374.35,387.65,374.35,380.15,8753194,382.03,387.1,19,387.15,1,
2026-04-13T11:59:50.074,NC,NTPC,387.0,374.35,387.65,374.35,380.15,8753245,382.03,387.0,2606,387.15,2,
2026-04-13T11:59:51.177,NC,NTPC,387.0,374.35,387.65,374.35,380.15,8753339,382.03,387.0,2755,387.15,15,
2026-04-13T11:59:53.080,NC,NTPC,387.2,374.35,387.65,374.35,380.15,8753687,382.03,387.15,9,387.2,2599,
2026-04-13T11:59:54.085,NC,NTPC,387.15,374.35,387.65,374.35,380.15,8753903,382.03,387.1,1,387.15,6,
2026-04-13T11:59:55.182,NC,NTPC,387.15,374.35,387.65,374.35,380.15,8753941,382.03,387.15,97,387.2,2319,
2026-04-13T11:59:56.292,NC,NTPC,387.2,374.35,387.65,374.35,380.15,8754189,382.03,387.15,97,387.2,2071,
2026-04-13T11:59:58.388,NC,NTPC,387.2,374.35,387.65,374.35,380.15,8754627,382.03,387.05,1198,387.2,1833,
2026-04-13T11:59:59.496,NC,NTPC,387.05,374.35,387.65,374.35,380.15,8754681,382.03,387.1,68,387.2,1840,
2026-04-13T12:00:01.510,NC,NTPC,387.2,374.35,387.65,374.35,380.15,8754777,382.03,387.15,69,387.2,1805,
2026-04-13T12:00:02.509,NC,NTPC,387.15,374.35,387.65,374.35,380.15,8754817,382.03,387.15,44,387.2,1790,
2026-04-13T12:00:03.601,NC,NTPC,387.15,374.35,387.65,374.35,380.15,8755209,382.03,387.15,2,387.2,1452,
2026-04-13T12:00:04.705,NC,NTPC,387.2,374.35,387.65,374.35,380.15,8755210,382.03,387.15,2,387.2,1951,
2026-04-13T12:00:05.802,NC,NTPC,387.2,374.35,387.65,374.35,380.15,8755217,382.03,387.15,2,387.2,1944,
2026-04-13T12:00:06.905,NC,NTPC,387.2,374.35,387.65,374.35,380.15,8755811,382.03,387.1,514,387.2,1394,
2026-04-13T12:00:08.004,NC,NTPC,387.2,374.35,387.65,374.35,380.15,8756133,382.03,387.1,424,387.2,1162,
2026-04-13T12:00:09.014,NC,NTPC,387.1,374.35,387.65,374.35,380.15,8756255,382.03,387.1,552,387.15,1,
2026-04-13T12:00:09.922,NC,NTPC,387.1,374.35,387.65,374.35,380.15,8756256,382.03,387.1,507,387.15,1,
2026-04-13T12:00:12.114,NC,NTPC,387.2,374.35,387.65,374.35,380.15,8756357,382.03,387.15,21,387.2,1148,
2026-04-13T12:00:13.233,NC,NTPC,387.2,374.35,387.65,374.35,380.15,8756588,382.03,387.15,21,387.2,917,
2026-04-13T12:00:14.220,NC,NTPC,387.15,374.35,387.65,374.35,380.15,8756809,382.03,387.15,25,387.2,862,
2026-04-13T12:00:15.315,NC,NTPC,387.2,374.35,387.65,374.35,380.15,8756905,382.03,387.1,11,387.2,766,
2026-04-13T12:00:16.419,NC,NTPC,387.2,374.35,387.65,374.35,380.15,8756944,382.03,387.1,11,387.2,833,
2026-04-13T12:00:17.519,NC,NTPC,387.1,374.35,387.65,374.35,380.15,8756954,382.03,387.1,1,387.15,20,
2026-04-13T12:00:18.517,NC,NTPC,387.1,374.35,387.65,374.35,380.15,8757190,382.03,387.05,1018,387.1,5,
2026-04-13T12:00:19.418,NC,NTPC,387.05,374.35,387.65,374.35,380.15,8757200,382.03,387.05,631,387.1,5,
2026-04-13T12:00:20.520,NC,NTPC,387.05,374.35,387.65,374.35,380.15,8757821,382.03,387.05,2372,387.2,833,
2026-04-13T12:00:22.729,NC,NTPC,387.2,374.35,387.65,374.35,380.15,8758052,382.03,387.05,1043,387.2,653,
2026-04-13T12:00:23.823,NC,NTPC,387.2,374.35,387.65,374.35,380.15,8758107,382.03,387.05,930,387.15,4,
2026-04-13T12:00:25.938,NC,NTPC,387.15,374.35,387.65,374.35,380.15,8758113,382.03,387.05,1252,387.15,1,
2026-04-13T12:00:27.029,NC,NTPC,387.15,374.35,387.65,374.35,380.15,8758323,382.03,387.15,25,387.2,652,
2026-04-13T12:00:28.028,NC,NTPC,387.2,374.35,387.65,374.35,380.15,8761555,382.03,387.1,269,387.2,420,
2026-04-13T12:00:28.930,NC,NTPC,387.2,374.35,387.65,374.35,380.15,8761810,382.03,387.1,215,387.2,226,
2026-04-13T12:00:31.033,NC,NTPC,387.0,374.35,387.65,374.35,380.15,8763881,382.03,387.05,1070,387.2,219,
2026-04-13T12:00:32.032,NC,NTPC,387.2,374.35,387.65,374.35,380.15,8763931,382.03,387.05,1446,387.2,169,
2026-04-13T12:00:33.033,NC,NTPC,387.2,374.35,387.65,374.35,380.15,8764126,382.03,387.2,3,387.25,909,
2026-04-13T12:00:34.048,NC,NTPC,387.2,374.35,387.65,374.35,380.15,8764182,382.03,387.2,7,387.25,1105,
2026-04-13T12:00:35.135,NC,NTPC,387.25,374.35,387.65,374.35,380.15,8764198,382.03,387.15,10,387.25,2144,
2026-04-13T12:00:36.136,NC,NTPC,387.25,374.35,387.65,374.35,380.15,8764200,382.03,387.15,10,387.25,2142,
2026-04-13T12:00:40.946,NC,NTPC,387.25,374.35,387.65,374.35,380.15,8765138,382.04,387.05,2128,387.25,2017,
2026-04-13T12:00:45.652,NC,NTPC,387.2,374.35,387.65,374.35,380.15,8768183,382.04,387.05,219,387.2,264,
2026-04-13T12:00:50.160,NC,NTPC,387.05,374.35,387.65,374.35,380.15,8769125,382.04,387.0,3477,387.15,85,
2026-04-13T12:00:54.664,NC,NTPC,387.15,374.35,387.65,374.35,380.15,8769315,382.04,387.15,19,387.2,484,
2026-04-13T12:00:59.476,NC,NTPC,387.2,374.35,387.65,374.35,380.15,8770175,382.04,387.2,31,387.25,57,
2026-04-13T12:01:04.674,NC,NTPC,387.3,374.35,387.65,374.35,380.15,8770897,382.04,387.25,38,387.3,1153,
2026-04-13T12:01:09.791,NC,NTPC,387.25,374.35,387.65,374.35,380.15,8771767,382.04,387.2,2,387.25,769,
2026-04-13T12:01:14.892,NC,NTPC,387.2,374.35,387.65,374.35,380.15,8772559,382.04,387.2,626,387.25,57,
2026-04-13T12:01:19.809,NC,NTPC,387.25,374.35,387.65,374.35,380.15,8773128,382.04,387.2,455,387.25,628,
2026-04-13T12:01:24.202,NC,NTPC,387.25,374.35,387.65,374.35,380.15,8773274,382.04,387.25,19,387.3,2417,
2026-04-13T12:01:28.826,NC,NTPC,387.3,374.35,387.65,374.35,380.15,8773958,382.04,387.2,405,387.25,6,
2026-04-13T12:01:33.316,NC,NTPC,387.25,374.35,387.65,374.35,380.15,8774372,382.04,387.2,245,387.25,1133,
2026-04-13T12:01:37.819,NC,NTPC,387.15,374.35,387.65,374.35,380.15,8774870,382.04,387.0,1453,387.15,804,
2026-04-13T12:01:42.725,NC,NTPC,387.1,374.35,387.65,374.35,380.15,8775448,382.04,387.0,1168,387.1,706,
2026-04-13T12:01:47.641,NC,NTPC,387.05,374.35,387.65,374.35,380.15,8781624,382.04,386.85,1519,387.05,1271,
2026-04-13T12:01:52.362,NC,NTPC,386.85,374.35,387.65,374.35,380.15,8783163,382.05,386.85,1283,387.0,3189,
2026-04-13T12:01:57.278,NC,NTPC,387.0,374.35,387.65,374.35,380.15,8783707,382.05,386.85,1011,387.0,2712,
2026-04-13T12:02:02.401,NC,NTPC,386.95,374.35,387.65,374.35,380.15,8784414,382.05,386.95,2,387.0,2979,
2026-04-13T12:02:07.692,NC,NTPC,387.0,374.35,387.65,374.35,380.15,8784929,382.05,386.85,1605,387.0,2828,
2026-04-13T12:02:12.993,NC,NTPC,387.0,374.35,387.65,374.35,380.15,8785710,382.05,386.85,553,387.0,5775,
2026-04-13T12:02:18.101,NC,NTPC,386.85,374.35,387.65,374.35,380.15,8786284,382.05,386.8,859,386.85,44,
2026-04-13T12:02:23.712,NC,NTPC,386.85,374.35,387.65,374.35,380.15,8787224,382.05,386.85,24,386.95,1258,
2026-04-13T12:02:28.618,NC,NTPC,386.95,374.35,387.65,374.35,380.15,8787976,382.05,386.8,1,386.85,16,
2026-04-13T12:02:33.126,NC,NTPC,386.85,374.35,387.65,374.35,380.15,8788253,382.05,386.85,717,386.95,1,
2026-04-13T12:02:37.929,NC,NTPC,386.95,374.35,387.65,374.35,380.15,8788932,382.05,386.95,23,387.0,9997,
2026-04-13T12:02:42.334,NC,NTPC,386.95,374.35,387.65,374.35,380.15,8789727,382.05,386.8,2823,386.95,3200,
2026-04-13T12:02:47.052,NC,NTPC,386.95,374.35,387.65,374.35,380.15,8790969,382.05,386.9,4,386.95,2473,
2026-04-13T12:02:51.854,NC,NTPC,386.9,374.35,387.65,374.35,380.15,8791282,382.05,386.85,421,386.9,16,
2026-04-13T12:02:56.672,NC,NTPC,386.95,374.35,387.65,374.35,380.15,8791980,382.05,386.9,25,386.95,1893,
2026-04-13T12:03:01.270,NC,NTPC,387.0,374.35,387.65,374.35,380.15,8794268,382.05,386.95,45,387.0,33932,
2026-04-13T12:03:06.101,NC,NTPC,386.95,374.35,387.65,374.35,380.15,8800564,382.05,386.9,88,386.95,892,
2026-04-13T12:03:11.092,NC,NTPC,386.85,374.35,387.65,374.35,380.15,8800998,382.06,386.85,784,386.9,3,
2026-04-13T12:03:16.506,NC,NTPC,386.9,374.35,387.65,374.35,380.15,8801214,382.06,386.9,663,386.95,682,
2026-04-13T12:03:21.698,NC,NTPC,386.9,374.35,387.65,374.35,380.15,8802475,382.06,386.9,688,387.0,34365,
2026-04-13T12:03:27.214,NC,NTPC,386.95,374.35,387.65,374.35,380.15,8803060,382.06,386.9,1182,386.95,60,
2026-04-13T12:03:32.606,NC,NTPC,386.9,374.35,387.65,374.35,380.15,8803408,382.06,386.95,24,387.0,33309,
2026-04-13T12:03:37.615,NC,NTPC,387.0,374.35,387.65,374.35,380.15,8803950,382.06,386.9,1197,387.0,33935,
2026-04-13T12:03:42.740,NC,NTPC,387.0,374.35,387.65,374.35,380.15,8804636,382.06,386.95,1,387.0,32646,
2026-04-13T12:03:47.733,NC,NTPC,387.0,374.35,387.65,374.35,380.15,8806873,382.06,386.9,1524,387.0,3265,
2026-04-13T12:03:52.738,NC,NTPC,387.0,374.35,387.65,374.35,380.15,8808231,382.06,386.9,988,387.0,3448,
2026-04-13T12:03:58.352,NC,NTPC,387.0,374.35,387.65,374.35,380.15,8808983,382.06,386.9,856,387.0,2861,
2026-04-13T12:04:03.662,NC,NTPC,386.9,374.35,387.65,374.35,380.15,8809574,382.06,386.9,700,387.0,3258,
2026-04-13T12:04:09.067,NC,NTPC,386.9,374.35,387.65,374.35,380.15,8820478,382.07,386.85,712,386.9,13,
2026-04-13T12:04:14.282,NC,NTPC,386.9,374.35,387.65,374.35,380.15,8820934,382.07,386.9,44,386.95,8,
2026-04-13T12:04:19.286,NC,NTPC,387.0,374.35,387.65,374.35,380.15,8821203,382.07,386.95,162,387.0,4809,
2026-04-13T12:04:24.692,NC,NTPC,387.0,374.35,387.65,374.35,380.15,8824148,382.07,386.9,448,386.95,7,
2026-04-13T12:04:29.792,NC,NTPC,386.95,374.35,387.65,374.35,380.15,8824419,382.07,386.95,81,387.0,3066,
2026-04-13T12:04:34.904,NC,NTPC,387.0,374.35,387.65,374.35,380.15,8825028,382.07,386.95,29,387.0,2498,
2026-04-13T12:04:38.113,NC,NTPC,387.0,374.35,387.65,374.35,380.15,8825331,382.07,386.95,199,387.0,2799,
2026-04-13T12:04:39.203,NC,NTPC,386.95,374.35,387.65,374.35,380.15,8825385,382.07,386.95,145,387.0,2806,
2026-04-13T12:04:40.304,NC,NTPC,387.0,374.35,387.65,374.35,380.15,8825390,382.07,386.95,141,387.0,2705,
2026-04-13T12:04:41.315,NC,NTPC,387.0,374.35,387.65,374.35,380.15,8825712,382.07,386.95,40,387.0,2263,
2026-04-13T12:04:42.404,NC,NTPC,387.0,374.35,387.65,374.35,380.15,8825721,382.07,386.95,141,387.0,2254,
2026-04-13T12:04:43.305,NC,NTPC,387.0,374.35,387.65,374.35,380.15,8825952,382.07,386.95,141,387.0,2023,
2026-04-13T12:04:44.325,NC,NTPC,386.95,374.35,387.65,374.35,380.15,8826006,382.07,386.9,840,387.0,2023,
2026-04-13T12:04:45.408,NC,NTPC,387.0,374.35,387.65,374.35,380.15,8828129,382.07,387.0,568,387.1,175,
2026-04-13T12:04:46.511,NC,NTPC,387.1,374.35,387.65,374.35,380.15,8828153,382.07,387.0,568,387.1,161,
2026-04-13T12:04:48.516,NC,NTPC,387.0,374.35,387.65,374.35,380.15,8828477,382.07,387.05,40,387.1,7,
2026-04-13T12:04:49.515,NC,NTPC,387.0,374.35,387.65,374.35,380.15,8829480,382.07,387.0,209,387.1,10,
2026-04-13T12:04:50.517,NC,NTPC,387.0,374.35,387.65,374.35,380.15,8829549,382.07,387.0,140,387.1,3,
2026-04-13T12:04:53.527,NC,NTPC,387.1,374.35,387.65,374.35,380.15,8829650,382.07,387.1,24,387.15,839,
2026-04-13T12:04:54.519,NC,NTPC,387.1,374.35,387.65,374.35,380.15,8829651,382.07,387.1,23,387.15,839,
2026-04-13T12:04:55.426,NC,NTPC,387.15,374.35,387.65,374.35,380.15,8829658,382.07,387.1,23,387.15,832,
2026-04-13T12:04:56.439,NC,NTPC,387.15,374.35,387.65,374.35,380.15,8830035,382.07,387.0,184,387.15,1948,
2026-04-13T12:04:57.527,NC,NTPC,387.0,374.35,387.65,374.35,380.15,8830036,382.07,387.0,183,387.15,2185,
2026-04-13T12:04:58.429,NC,NTPC,387.15,374.35,387.65,374.35,380.15,8830269,382.07,387.0,183,387.15,2202,
2026-04-13T12:04:59.439,NC,NTPC,387.15,374.35,387.65,374.35,380.15,8830324,382.07,387.0,178,387.15,2156,
2026-04-13T12:05:00.533,NC,NTPC,387.0,374.35,387.65,374.35,380.15,8830392,382.07,387.0,343,387.15,1685,
2026-04-13T12:05:01.433,NC,NTPC,387.15,374.35,387.65,374.35,380.15,8830644,382.07,387.1,3,387.15,414,
2026-04-13T12:05:02.538,NC,NTPC,387.1,374.35,387.65,374.35,380.15,8830654,382.07,387.1,2,387.15,414,
2026-04-13T12:05:03.570,NC,NTPC,387.1,374.35,387.65,374.35,380.15,8831016,382.07,387.0,161,387.1,6,
2026-04-13T12:05:04.542,NC,NTPC,387.05,374.35,387.65,374.35,380.15,8831030,382.07,387.05,128,387.1,6,
2026-04-13T12:05:05.544,NC,NTPC,387.1,374.35,387.65,374.35,380.15,8831037,382.07,387.05,128,387.1,6,
2026-04-13T12:05:08.642,NC,NTPC,387.1,374.35,387.65,374.35,380.15,8831228,382.07,387.1,14,387.15,7,
2026-04-13T12:05:09.641,NC,NTPC,387.15,374.35,387.65,374.35,380.15,8831442,382.07,387.15,256,387.2,1451,
2026-04-13T12:05:11.565,NC,NTPC,387.2,374.35,387.65,374.35,380.15,8831724,382.07,387.15,258,387.2,1548,
2026-04-13T12:05:12.548,NC,NTPC,387.15,374.35,387.65,374.35,380.15,8831982,382.07,387.1,258,387.15,1242,
2026-04-13T12:05:13.555,NC,NTPC,387.1,374.35,387.65,374.35,380.15,8832268,382.07,387.1,258,387.15,1011,
2026-04-13T12:05:15.458,NC,NTPC,387.15,374.35,387.65,374.35,380.15,8832275,382.07,387.1,258,387.15,1004,
2026-04-13T12:05:16.461,NC,NTPC,387.2,374.35,387.65,374.35,380.15,8834228,382.07,387.15,746,387.2,132,
2026-04-13T12:05:17.456,NC,NTPC,387.2,374.35,387.65,374.35,380.15,8834363,382.07,387.15,659,387.2,1,
2026-04-13T12:05:18.458,NC,NTPC,387.25,374.35,387.65,374.35,380.15,8834657,382.07,387.15,339,387.25,1609,
2026-04-13T12:05:19.463,NC,NTPC,387.15,374.35,387.65,374.35,380.15,8834711,382.07,387.15,381,387.2,1,
2026-04-13T12:05:20.566,NC,NTPC,387.15,374.35,387.65,374.35,380.15,8834780,382.07,387.15,357,387.25,1609,
2026-04-13T12:05:23.567,NC,NTPC,387.15,374.35,387.65,374.35,380.15,8835069,382.07,387.15,359,387.25,1380,
2026-04-13T12:05:24.576,NC,NTPC,387.2,374.35,387.65,374.35,380.15,8835169,382.07,387.2,440,387.25,1380,
2026-04-13T12:05:25.567,NC,NTPC,387.25,374.35,387.65,374.35,380.15,8835175,382.07,387.2,440,387.25,1374,
2026-04-13T12:05:26.572,NC,NTPC,387.25,374.35,387.65,374.35,380.15,8835459,382.07,387.2,534,387.25,1100,
2026-04-13T12:05:28.579,NC,NTPC,387.2,374.35,387.65,374.35,380.15,8835747,382.07,387.2,384,387.25,875,
2026-04-13T12:05:29.484,NC,NTPC,387.25,374.35,387.65,374.35,380.15,8836247,382.07,387.2,384,387.25,375,
2026-04-13T12:05:30.578,NC,NTPC,387.2,374.35,387.65,374.35,380.15,8836415,382.07,387.2,216,387.25,373,
2026-04-13T12:05:31.598,NC,NTPC,387.2,374.35,387.65,374.35,380.15,8836646,382.08,387.2,24,387.25,392,
2026-04-13T12:05:32.481,NC,NTPC,387.25,374.35,387.65,374.35,380.15,8836647,382.08,387.2,24,387.25,391,
2026-04-13T12:05:33.584,NC,NTPC,387.2,374.35,387.65,374.35,380.15,8837232,382.08,387.15,597,387.2,6,
2026-04-13T12:05:35.481,NC,NTPC,387.2,374.35,387.65,374.35,380.15,8837240,382.08,387.15,488,387.2,6,
2026-04-13T12:05:40.201,NC,NTPC,387.2,374.35,387.65,374.35,380.15,8837405,382.08,387.2,63,387.25,859,
2026-04-13T12:05:44.816,NC,NTPC,387.25,374.35,387.65,374.35,380.15,8844763,382.08,387.25,195,387.4,2370,
2026-04-13T12:05:49.500,NC,NTPC,387.35,374.35,387.65,374.35,380.15,8845749,382.08,387.2,1026,387.25,6,
2026-04-13T12:05:54.215,NC,NTPC,387.2,374.35,387.65,374.35,380.15,8846240,382.08,387.2,42,387.35,1116,
2026-04-13T12:05:58.810,NC,NTPC,387.2,374.35,387.65,374.35,380.15,8850832,382.08,387.2,538,387.35,243,
2026-04-13T12:06:03.618,NC,NTPC,387.2,374.35,387.65,374.35,380.15,8851193,382.08,387.2,1509,387.35,592,
2026-04-13T12:06:08.417,NC,NTPC,387.35,374.35,387.65,374.35,380.15,8852886,382.08,387.25,39,387.35,42,
2026-04-13T12:06:13.228,NC,NTPC,387.3,374.35,387.65,374.35,380.15,8853641,382.09,387.3,810,387.35,42,
2026-04-13T12:06:18.132,NC,NTPC,387.45,374.35,387.65,374.35,380.15,8853929,382.09,387.35,24,387.45,987,
2026-04-13T12:06:22.631,NC,NTPC,387.45,374.35,387.65,374.35,380.15,8854562,382.09,387.25,1189,387.45,2600,
2026-04-13T12:06:27.542,NC,NTPC,387.25,374.35,387.65,374.35,380.15,8854920,382.09,387.25,1477,387.4,253,
2026-04-13T12:06:32.538,NC,NTPC,387.25,374.35,387.65,374.35,380.15,8858020,382.09,387.3,122,387.45,2662,
2026-04-13T12:06:37.041,NC,NTPC,387.45,374.35,387.65,374.35,380.15,8859088,382.09,387.3,119,387.45,257,
2026-04-13T12:06:38.156,NC,NTPC,387.45,374.35,387.65,374.35,380.15,8859322,382.09,387.3,848,387.45,140,
2026-04-13T12:06:39.251,NC,NTPC,387.3,374.35,387.65,374.35,380.15,8859376,382.09,387.25,1442,387.45,280,
2026-04-13T12:06:40.245,NC,NTPC,387.45,374.35,387.65,374.35,380.15,8859406,382.09,387.25,2366,387.45,274,
2026-04-13T12:06:41.283,NC,NTPC,387.25,374.35,387.65,374.35,380.15,8859473,382.09,387.3,527,387.45,218,
2026-04-13T12:06:42.349,NC,NTPC,387.45,374.35,387.65,374.35,380.15,8859741,382.09,387.35,138,387.5,1071,
2026-04-13T12:06:43.445,NC,NTPC,387.5,374.35,387.65,374.35,380.15,8860472,382.09,387.25,1329,387.4,1,
2026-04-13T12:06:44.447,NC,NTPC,387.25,374.35,387.65,374.35,380.15,8860526,382.09,387.3,1,387.4,1,
2026-04-13T12:06:45.348,NC,NTPC,387.45,374.35,387.65,374.35,380.15,8860686,382.09,387.4,1,387.45,126,
2026-04-13T12:06:46.447,NC,NTPC,387.45,374.35,387.65,374.35,380.15,8860710,382.09,387.4,1,387.45,1179,
2026-04-13T12:06:47.548,NC,NTPC,387.3,374.35,387.65,374.35,380.15,8860720,382.09,387.3,56,387.45,1091,
2026-04-13T12:06:48.556,NC,NTPC,387.3,374.35,387.65,374.35,380.15,8861025,382.09,387.35,1,387.45,1465,
2026-04-13T12:06:51.051,NC,NTPC,387.35,374.35,387.65,374.35,380.15,8861026,382.09,387.25,916,387.35,6,
2026-04-13T12:06:52.066,NC,NTPC,387.45,374.35,387.65,374.35,380.15,8861247,382.09,387.25,918,387.45,2764,
2026-04-13T12:06:53.060,NC,NTPC,387.45,374.35,387.65,374.35,380.15,8861497,382.09,387.25,1013,387.4,122,
2026-04-13T12:06:54.054,NC,NTPC,387.3,374.35,387.65,374.35,380.15,8861552,382.09,387.3,33,387.45,2889,
2026-04-13T12:06:55.053,NC,NTPC,387.45,374.35,387.65,374.35,380.15,8861619,382.09,387.25,707,387.45,2882,
2026-04-13T12:06:57.164,NC,NTPC,387.45,374.35,387.65,374.35,380.15,8862268,382.09,387.25,1386,387.45,357,
2026-04-13T12:06:58.163,NC,NTPC,387.45,374.35,387.65,374.35,380.15,8862501,382.09,387.3,10,387.45,74,
2026-04-13T12:06:59.159,NC,NTPC,387.3,374.35,387.65,374.35,380.15,8862511,382.09,387.25,1268,387.3,6,
2026-04-13T12:07:00.170,NC,NTPC,387.45,374.35,387.65,374.35,380.15,8862611,382.09,387.25,2196,387.45,79,
2026-04-13T12:07:01.174,NC,NTPC,387.25,374.35,387.65,374.35,380.15,8862679,382.09,387.4,3,387.45,73,
2026-04-13T12:07:02.192,NC,NTPC,387.4,374.35,387.65,374.35,380.15,8862680,382.09,387.4,2,387.45,73,
2026-04-13T12:07:03.165,NC,NTPC,387.45,374.35,387.65,374.35,380.15,8862913,382.09,387.4,3,387.45,386,
2026-04-13T12:07:04.262,NC,NTPC,387.4,374.35,387.65,374.35,380.15,8862935,382.09,387.2,1417,387.4,1805,
2026-04-13T12:07:05.455,NC,NTPC,387.25,374.35,387.65,374.35,380.15,8862952,382.09,387.2,1516,387.4,705,
2026-04-13T12:07:06.364,NC,NTPC,387.25,374.35,387.65,374.35,380.15,8862957,382.09,387.25,845,387.35,20,
2026-04-13T12:07:07.471,NC,NTPC,387.3,374.35,387.65,374.35,380.15,8863090,382.09,387.3,8,387.4,11,
2026-04-13T12:07:08.565,NC,NTPC,387.4,374.35,387.65,374.35,380.15,8863322,382.09,387.25,452,387.45,1398,
2026-04-13T12:07:09.663,NC,NTPC,387.45,374.35,387.65,374.35,380.15,8863939,382.09,387.25,675,387.45,870,
2026-04-13T12:07:10.665,NC,NTPC,387.25,374.35,387.65,374.35,380.15,8864965,382.09,387.25,655,387.45,260,
2026-04-13T12:07:11.666,NC,NTPC,387.45,374.35,387.65,374.35,380.15,8865990,382.09,387.45,25,387.5,1630,
2026-04-13T12:07:12.770,NC,NTPC,387.5,374.35,387.65,374.35,380.15,8866246,382.09,387.45,25,387.5,1105,
2026-04-13T12:07:13.680,NC,NTPC,387.45,374.35,387.65,374.35,380.15,8866274,382.09,387.4,150,387.45,6,
2026-04-13T12:07:15.881,NC,NTPC,387.45,374.35,387.65,374.35,380.15,8866303,382.09,387.45,2,387.5,846,
2026-04-13T12:07:16.889,NC,NTPC,387.3,374.35,387.65,374.35,380.15,8866557,382.09,387.3,1662,387.5,846,
2026-04-13T12:07:17.994,NC,NTPC,387.5,374.35,387.65,374.35,380.15,8866792,382.09,387.3,1660,387.5,1274,
2026-04-13T12:07:18.985,NC,NTPC,387.3,374.35,387.65,374.35,380.15,8867151,382.09,387.3,1232,387.45,133,
2026-04-13T12:07:20.083,NC,NTPC,387.3,374.35,387.65,374.35,380.15,8867171,382.09,387.3,1222,387.45,130,
2026-04-13T12:07:21.185,NC,NTPC,387.45,374.35,387.65,374.35,380.15,8867233,382.09,387.3,70,387.4,132,
2026-04-13T12:07:22.187,NC,NTPC,387.4,374.35,387.65,374.35,380.15,8867283,382.09,387.3,70,387.4,84,
2026-04-13T12:07:23.101,NC,NTPC,387.45,374.35,387.65,374.35,380.15,8867834,382.09,387.4,15,387.45,146,
2026-04-13T12:07:24.219,NC,NTPC,387.45,374.35,387.65,374.35,380.15,8867931,382.09,387.4,24,387.45,243,
2026-04-13T12:07:25.204,NC,NTPC,387.45,374.35,387.65,374.35,380.15,8867942,382.09,387.4,19,387.45,465,
2026-04-13T12:07:26.303,NC,NTPC,387.45,374.35,387.65,374.35,380.15,8868271,382.09,387.3,122,387.45,386,
2026-04-13T12:07:28.518,NC,NTPC,387.3,374.35,387.65,374.35,380.15,8868658,382.09,387.3,68,387.45,1346,
2026-04-13T12:07:29.610,NC,NTPC,387.3,374.35,387.65,374.35,380.15,8868823,382.09,387.25,10702,387.45,1486,
2026-04-13T12:07:30.609,NC,NTPC,387.4,374.35,387.65,374.35,380.15,8868825,382.09,387.25,10962,387.4,6,
2026-04-13T12:07:31.611,NC,NTPC,387.3,374.35,387.65,374.35,380.15,8868919,382.09,387.3,1271,387.4,1,
2026-04-13T12:07:32.513,NC,NTPC,387.3,374.35,387.65,374.35,380.15,8868981,382.09,387.3,1355,387.45,130,
2026-04-13T12:07:33.523,NC,NTPC,387.3,374.35,387.65,374.35,380.15,8869269,382.09,387.3,251,387.45,787,
2026-04-13T12:07:35.722,NC,NTPC,387.45,374.35,387.65,374.35,380.15,8869544,382.09,387.3,199,387.45,697,
2026-04-13T12:07:36.829,NC,NTPC,387.45,374.35,387.65,374.35,380.15,8869644,382.09,387.3,199,387.45,811,
2026-04-13T12:07:37.725,NC,NTPC,387.45,374.35,387.65,374.35,380.15,8869877,382.09,387.3,199,387.45,578,
2026-04-13T12:07:38.727,NC,NTPC,387.3,374.35,387.65,374.35,380.15,8869931,382.09,387.3,145,387.45,1399,
2026-04-13T12:07:39.725,NC,NTPC,387.3,374.35,387.65,374.35,380.15,8869933,382.09,387.3,143,387.45,1453,
2026-04-13T12:07:40.728,NC,NTPC,387.3,374.35,387.65,374.35,380.15,8870006,382.09,387.3,70,387.4,537,
2026-04-13T12:07:41.728,NC,NTPC,387.4,374.35,387.65,374.35,380.15,8870255,382.1,387.3,197,387.4,288,
2026-04-13T12:07:42.731,NC,NTPC,387.4,374.35,387.65,374.35,380.15,8870486,382.1,387.3,197,387.4,57,
2026-04-13T12:07:43.745,NC,NTPC,387.25,374.35,387.65,374.35,380.15,8874526,382.1,387.25,6165,387.35,769,
2026-04-13T12:07:44.747,NC,NTPC,387.25,374.35,387.65,374.35,380.15,8881491,382.1,387.1,10,387.25,1288,
2026-04-13T12:07:45.752,NC,NTPC,387.25,374.35,387.65,374.35,380.15,8881497,382.1,387.1,10,387.25,1291,
2026-04-13T12:07:46.751,NC,NTPC,387.25,374.35,387.65,374.35,380.15,8881632,382.1,387.05,1267,387.25,1315,
2026-04-13T12:07:47.756,NC,NTPC,387.25,374.35,387.65,374.35,380.15,8881864,382.1,387.1,1,387.25,1020,
2026-04-13T12:07:48.754,NC,NTPC,387.1,374.35,387.65,374.35,380.15,8881921,382.1,387.05,1637,387.25,956,
2026-04-13T12:07:49.754,NC,NTPC,387.25,374.35,387.65,374.35,380.15,8881961,382.1,387.1,519,387.25,372,
2026-04-13T12:07:50.754,NC,NTPC,387.1,374.35,387.65,374.35,380.15,8882029,382.1,387.1,767,387.25,11,
2026-04-13T12:07:51.757,NC,NTPC,387.1,374.35,387.65,374.35,380.15,8882120,382.1,387.1,748,387.25,2,
2026-04-13T12:07:52.759,NC,NTPC,387.3,374.35,387.65,374.35,380.15,8882231,382.1,387.25,24,387.3,324,
2026-04-13T12:07:53.765,NC,NTPC,387.25,374.35,387.65,374.35,380.15,8882286,382.1,387.25,24,387.3,325,
2026-04-13T12:07:54.766,NC,NTPC,387.25,374.35,387.65,374.35,380.15,8882296,382.1,387.25,14,387.3,325,
2026-04-13T12:07:55.872,NC,NTPC,387.25,374.35,387.65,374.35,380.15,8883299,382.1,387.15,430,387.25,328,
2026-04-13T12:07:56.877,NC,NTPC,387.25,374.35,387.65,374.35,380.15,8883547,382.1,387.15,430,387.25,80,
2026-04-13T12:07:57.878,NC,NTPC,387.25,374.35,387.65,374.35,380.15,8883780,382.1,387.15,256,387.25,500,
2026-04-13T12:07:58.880,NC,NTPC,387.15,374.35,387.65,374.35,380.15,8883834,382.1,387.15,254,387.25,557,
2026-04-13T12:08:01.100,NC,NTPC,387.1,374.35,387.65,374.35,380.15,8884119,382.1,387.1,948,387.25,427,
2026-04-13T12:08:02.197,NC,NTPC,387.1,374.35,387.65,374.35,380.15,8884125,382.1,387.1,942,387.25,427,
2026-04-13T12:08:03.195,NC,NTPC,387.25,374.35,387.65,374.35,380.15,8884356,382.1,387.1,1115,387.25,196,
2026-04-13T12:08:04.189,NC,NTPC,387.1,374.35,387.65,374.35,380.15,8884412,382.1,387.1,1061,387.25,194,
2026-04-13T12:08:05.190,NC,NTPC,387.25,374.35,387.65,374.35,380.15,8884419,382.1,387.1,1061,387.25,187,
2026-04-13T12:08:07.197,NC,NTPC,387.25,374.35,387.65,374.35,380.15,8884421,382.1,387.1,888,387.25,195,
2026-04-13T12:08:08.197,NC,NTPC,387.1,374.35,387.65,374.35,380.15,8884708,382.1,387.1,833,387.25,320,
2026-04-13T12:08:09.101,NC,NTPC,387.25,374.35,387.65,374.35,380.15,8884943,382.1,387.1,1325,387.25,209,
2026-04-13T12:08:10.197,NC,NTPC,387.1,374.35,387.65,374.35,380.15,8884951,382.1,387.1,1503,387.25,207,
2026-04-13T12:08:11.095,NC,NTPC,387.3,374.35,387.65,374.35,380.15,8885451,382.1,387.1,1421,387.3,1108,
2026-04-13T12:08:12.097,NC,NTPC,387.1,374.35,387.65,374.35,380.15,8885895,382.1,387.1,1159,387.3,1534,
2026-04-13T12:08:13.098,NC,NTPC,387.3,374.35,387.65,374.35,380.15,8886127,382.1,387.1,1258,387.3,2124,
2026-04-13T12:08:14.099,NC,NTPC,387.1,374.35,387.65,374.35,380.15,8886181,382.1,387.1,1254,387.3,2124,
2026-04-13T12:08:15.099,NC,NTPC,387.3,374.35,387.65,374.35,380.15,8886288,382.1,387.1,259,387.3,1714,
2026-04-13T12:08:16.111,NC,NTPC,387.25,374.35,387.65,374.35,380.15,8886799,382.1,387.25,127,387.3,1279,
2026-04-13T12:08:17.115,NC,NTPC,387.3,374.35,387.65,374.35,380.15,8887023,382.1,387.25,39,387.3,1292,
2026-04-13T12:08:18.103,NC,NTPC,387.3,374.35,387.65,374.35,380.15,8887257,382.1,387.25,38,387.3,1593,
2026-04-13T12:08:19.122,NC,NTPC,387.3,374.35,387.65,374.35,380.15,8887533,382.11,387.15,122,387.3,1314,
2026-04-13T12:08:20.229,NC,NTPC,387.3,374.35,387.65,374.35,380.15,8887633,382.11,387.1,1252,387.25,132,
2026-04-13T12:08:21.210,NC,NTPC,387.15,374.35,387.65,374.35,380.15,8887701,382.11,387.15,1432,387.25,132,
2026-04-13T12:08:23.013,NC,NTPC,387.3,374.35,387.65,374.35,380.15,8887921,382.11,387.25,24,387.3,656,
2026-04-13T12:08:24.109,NC,NTPC,387.3,374.35,387.65,374.35,380.15,8888027,382.11,387.25,24,387.3,604,
2026-04-13T12:08:25.110,NC,NTPC,387.3,374.35,387.65,374.35,380.15,8888138,382.11,387.25,19,387.3,498,
2026-04-13T12:08:26.109,NC,NTPC,387.3,374.35,387.65,374.35,380.15,8888310,382.11,387.15,1856,387.3,326,
2026-04-13T12:08:27.116,NC,NTPC,387.15,374.35,387.65,374.35,380.15,8888579,382.11,387.15,1978,387.3,87,
2026-04-13T12:08:28.014,NC,NTPC,387.3,374.35,387.65,374.35,380.15,8888811,382.11,387.15,2629,387.35,1707,
2026-04-13T12:08:29.020,NC,NTPC,387.15,374.35,387.65,374.35,380.15,8888865,382.11,387.15,2575,387.3,244,
2026-04-13T12:08:31.025,NC,NTPC,387.25,374.35,387.65,374.35,380.15,8889035,382.11,387.15,1773,387.25,2,
2026-04-13T12:08:32.020,NC,NTPC,387.15,374.35,387.65,374.35,380.15,8889235,382.11,387.15,1573,387.25,2,
2026-04-13T12:08:33.025,NC,NTPC,387.3,374.35,387.65,374.35,380.15,8889340,382.11,387.25,24,387.3,234,
2026-04-13T12:08:34.029,NC,NTPC,387.25,374.35,387.65,374.35,380.15,8889397,382.11,387.25,24,387.3,257,
2026-04-13T12:08:35.028,NC,NTPC,387.3,374.35,387.65,374.35,380.15,8889406,382.11,387.25,24,387.3,302,
2026-04-13T12:08:35.944,NC,NTPC,387.3,374.35,387.65,374.35,380.15,8889582,382.11,387.15,1863,387.3,334,
2026-04-13T12:08:38.233,NC,NTPC,387.15,374.35,387.65,374.35,380.15,8889825,382.11,387.15,2034,387.3,102,
2026-04-13T12:08:42.856,NC,NTPC,387.3,374.35,387.65,374.35,380.15,8890791,382.11,387.2,271,387.3,223,
2026-04-13T12:08:47.578,NC,NTPC,387.15,374.35,387.65,374.35,380.15,8894561,382.11,387.1,40,387.2,1239,
2026-04-13T12:08:52.654,NC,NTPC,387.2,374.35,387.65,374.35,380.15,8895941,382.11,387.05,280,387.2,1230,
2026-04-13T12:08:57.166,NC,NTPC,387.2,374.35,387.65,374.35,380.15,8896355,382.11,387.05,311,387.15,1,
2026-04-13T12:09:01.980,NC,NTPC,387.15,374.35,387.65,374.35,380.15,8896963,382.11,387.15,9470,387.2,1202,
2026-04-13T12:09:06.694,NC,NTPC,387.2,374.35,387.65,374.35,380.15,8897959,382.11,387.15,9315,387.2,584,
2026-04-13T12:09:11.792,NC,NTPC,387.15,374.35,387.65,374.35,380.15,8899504,382.11,387.15,9059,387.25,115,
2026-04-13T12:09:17.000,NC,NTPC,387.25,374.35,387.65,374.35,380.15,8900201,382.11,387.25,5,387.3,75,
2026-04-13T12:09:21.712,NC,NTPC,387.25,374.35,387.65,374.35,380.15,8900759,382.11,387.25,5,387.4,3349,
2026-04-13T12:09:26.124,NC,NTPC,387.2,374.35,387.65,374.35,380.15,8901017,382.11,387.2,621,387.25,31,
2026-04-13T12:09:30.615,NC,NTPC,387.35,374.35,387.65,374.35,380.15,8901569,382.11,387.25,78,387.35,69,
2026-04-13T12:09:35.139,NC,NTPC,387.4,374.35,387.65,374.35,380.15,8901906,382.11,387.35,21,387.4,1644,
2026-04-13T12:09:39.622,NC,NTPC,387.25,374.35,387.65,374.35,380.15,8902776,382.11,387.25,582,387.4,1047,
2026-04-13T12:09:44.131,NC,NTPC,387.3,374.35,387.65,374.35,380.15,8903486,382.11,387.3,1202,387.4,565,
2026-04-13T12:09:48.748,NC,NTPC,387.4,374.35,387.65,374.35,380.15,8903955,382.11,387.25,361,387.3,6,
2026-04-13T12:09:52.949,NC,NTPC,387.4,374.35,387.65,374.35,380.15,8904216,382.11,387.3,24,387.4,2559,
2026-04-13T12:09:57.152,NC,NTPC,387.4,374.35,387.65,374.35,380.15,8905735,382.12,387.25,3957,387.4,1487,
2026-04-13T12:10:01.658,NC,NTPC,387.4,374.35,387.65,374.35,380.15,8906231,382.12,387.35,3,387.4,1124,
2026-04-13T12:10:06.256,NC,NTPC,387.4,374.35,387.65,374.35,380.15,8906726,382.12,387.3,534,387.4,1130,
2026-04-13T12:10:11.080,NC,NTPC,387.35,374.35,387.65,374.35,380.15,8907569,382.12,387.3,651,387.35,7,
2026-04-13T12:10:15.671,NC,NTPC,387.25,374.35,387.65,374.35,380.15,8908889,382.12,387.3,784,387.4,945,
2026-04-13T12:10:20.300,NC,NTPC,387.3,374.35,387.65,374.35,380.15,8910340,382.12,387.35,6,387.4,893,
2026-04-13T12:10:24.591,NC,NTPC,387.3,374.35,387.65,374.35,380.15,8910847,382.12,387.3,403,387.4,751,
2026-04-13T12:10:29.499,NC,NTPC,387.4,374.35,387.65,374.35,380.15,8920095,382.12,387.4,139,387.45,1460,
2026-04-13T12:10:34.392,NC,NTPC,387.45,374.35,387.65,374.35,380.15,8920663,382.12,387.4,59,387.45,972,
2026-04-13T12:10:36.893,NC,NTPC,387.4,374.35,387.65,374.35,380.15,8920871,382.12,387.4,99,387.45,964,
2026-04-13T12:10:37.899,NC,NTPC,387.45,374.35,387.65,374.35,380.15,8921104,382.12,387.4,99,387.45,731,
2026-04-13T12:10:38.898,NC,NTPC,387.35,374.35,387.65,374.35,380.15,8921270,382.12,387.35,36,387.4,5,
2026-04-13T12:10:39.997,NC,NTPC,387.4,374.35,387.65,374.35,380.15,8921284,382.12,387.35,33,387.4,401,
2026-04-13T12:10:40.999,NC,NTPC,387.4,374.35,387.65,374.35,380.15,8921651,382.12,387.3,2775,387.4,93,
2026-04-13T12:10:42.004,NC,NTPC,387.35,374.35,387.65,374.35,380.15,8922245,382.13,387.35,391,387.45,731,
2026-04-13T12:10:43.012,NC,NTPC,387.45,374.35,387.65,374.35,380.15,8922479,382.13,387.35,388,387.45,500,
2026-04-13T12:10:44.105,NC,NTPC,387.35,374.35,387.65,374.35,380.15,8922533,382.13,387.4,294,387.45,500,
2026-04-13T12:10:45.202,NC,NTPC,387.5,374.35,387.65,374.35,380.15,8927205,382.13,387.45,206,387.5,698,
2026-04-13T12:10:46.105,NC,NTPC,387.5,374.35,387.65,374.35,380.15,8927229,382.13,387.45,206,387.5,674,
2026-04-13T12:10:47.916,NC,NTPC,387.5,374.35,387.65,374.35,380.15,8927534,382.13,387.45,205,387.5,389,
2026-04-13T12:10:49.024,NC,NTPC,387.55,374.35,387.65,374.35,380.15,8927940,382.13,387.45,151,387.55,894,
2026-04-13T12:10:49.913,NC,NTPC,387.55,374.35,387.65,374.35,380.15,8927945,382.13,387.5,1,387.55,1812,
2026-04-13T12:10:51.908,NC,NTPC,387.5,374.35,387.65,374.35,380.15,8927946,382.13,387.4,1250,387.5,286,
2026-04-13T12:10:52.911,NC,NTPC,387.5,374.35,387.65,374.35,380.15,8928238,382.13,387.4,1344,387.5,281,
2026-04-13T12:10:53.907,NC,NTPC,387.3,374.35,387.65,374.35,380.15,8931807,382.13,387.3,384,387.4,6,
2026-04-13T12:10:54.820,NC,NTPC,387.3,374.35,387.65,374.35,380.15,8931907,382.13,387.3,225,387.4,8,
2026-04-13T12:10:55.809,NC,NTPC,387.4,374.35,387.65,374.35,380.15,8931914,382.13,387.3,326,387.4,7,
2026-04-13T12:10:56.814,NC,NTPC,387.5,374.35,387.65,374.35,380.15,8932762,382.13,387.3,368,387.45,69,
2026-04-13T12:10:57.916,NC,NTPC,387.4,374.35,387.65,374.35,380.15,8933169,382.13,387.3,17,387.4,123,
2026-04-13T12:10:58.818,NC,NTPC,387.3,374.35,387.65,374.35,380.15,8933186,382.13,387.2,1106,387.3,207,
2026-04-13T12:10:59.831,NC,NTPC,387.2,374.35,387.65,374.35,380.15,8933318,382.13,387.2,1171,387.3,181,
2026-04-13T12:11:00.961,NC,NTPC,387.3,374.35,387.65,374.35,380.15,8933425,382.13,387.2,1020,387.3,98,
2026-04-13T12:11:01.924,NC,NTPC,387.3,374.35,387.65,374.35,380.15,8933430,382.13,387.2,1020,387.3,110,
2026-04-13T12:11:02.930,NC,NTPC,387.3,374.35,387.65,374.35,380.15,8933565,382.13,387.3,24,387.4,605,
2026-04-13T12:11:03.923,NC,NTPC,387.3,374.35,387.65,374.35,380.15,8933623,382.13,387.3,24,387.35,1,
2026-04-13T12:11:04.928,NC,NTPC,387.4,374.35,387.65,374.35,380.15,8933731,382.13,387.3,24,387.4,427,
2026-04-13T12:11:05.931,NC,NTPC,387.4,374.35,387.65,374.35,380.15,8933772,382.13,387.3,10,387.4,502,
2026-04-13T12:11:07.946,NC,NTPC,387.4,374.35,387.65,374.35,380.15,8934009,382.13,387.3,10,387.4,86,
2026-04-13T12:11:08.928,NC,NTPC,387.25,374.35,387.65,374.35,380.15,8934251,382.13,387.25,962,387.3,6,
2026-04-13T12:11:09.928,NC,NTPC,387.25,374.35,387.65,374.35,380.15,8934271,382.13,387.25,1688,387.3,6,
2026-04-13T12:11:10.943,NC,NTPC,387.25,374.35,387.65,374.35,380.15,8934339,382.13,387.25,1743,387.3,6,
2026-04-13T12:11:11.936,NC,NTPC,387.3,374.35,387.65,374.35,380.15,8934424,382.13,387.3,309,387.45,64,
2026-04-13T12:11:12.840,NC,NTPC,387.45,374.35,387.65,374.35,380.15,8934756,382.13,387.3,412,387.5,1371,
2026-04-13T12:11:13.935,NC,NTPC,387.3,374.35,387.65,374.35,380.15,8934810,382.13,387.3,381,387.5,1247,
2026-04-13T12:11:14.876,NC,NTPC,387.3,374.35,387.65,374.35,380.15,8935095,382.13,387.3,515,387.5,755,
2026-04-13T12:11:15.940,NC,NTPC,387.5,374.35,387.65,374.35,380.15,8935102,382.13,387.45,45,387.5,157,
2026-04-13T12:11:16.850,NC,NTPC,387.45,374.35,387.65,374.35,380.15,8935104,382.13,387.45,45,387.5,157,
2026-04-13T12:11:17.942,NC,NTPC,387.35,374.35,387.65,374.35,380.15,8936395,382.13,387.3,766,387.5,129,
2026-04-13T12:11:18.945,NC,NTPC,387.35,374.35,387.65,374.35,380.15,8938849,382.14,387.35,47,387.5,126,
2026-04-13T12:11:20.946,NC,NTPC,387.55,374.35,387.65,374.35,380.15,8939018,382.14,387.35,1154,387.55,811,
2026-04-13T12:11:21.949,NC,NTPC,387.35,374.35,387.65,374.35,380.15,8939396,382.14,387.35,916,387.5,292,
2026-04-13T12:11:22.947,NC,NTPC,387.5,374.35,387.65,374.35,380.15,8939629,382.14,387.35,8,387.5,1282,
2026-04-13T12:11:23.952,NC,NTPC,387.5,374.35,387.65,374.35,380.15,8939685,382.14,387.35,932,387.55,1967,
2026-04-13T12:11:24.948,NC,NTPC,387.5,374.35,387.65,374.35,380.15,8939691,382.14,387.35,932,387.5,167,
2026-04-13T12:11:25.957,NC,NTPC,387.5,374.35,387.65,374.35,380.15,8939692,382.14,387.35,932,387.5,166,
2026-04-13T12:11:26.960,NC,NTPC,387.35,374.35,387.65,374.35,380.15,8940042,382.14,387.35,900,387.5,139,
2026-04-13T12:11:27.951,NC,NTPC,387.5,374.35,387.65,374.35,380.15,8940274,382.14,387.35,221,387.5,314,
2026-04-13T12:11:28.949,NC,NTPC,387.5,374.35,387.65,374.35,380.15,8940435,382.14,387.35,588,387.5,215,
2026-04-13T12:11:30.950,NC,NTPC,387.35,374.35,387.65,374.35,380.15,8940503,382.14,387.45,169,387.5,201,
2026-04-13T12:11:32.853,NC,NTPC,387.55,374.35,387.65,374.35,380.15,8941234,382.14,387.45,169,387.55,2029,
2026-04-13T12:11:33.852,NC,NTPC,387.3,374.35,387.65,374.35,380.15,8941703,382.14,387.35,535,387.5,120,
2026-04-13T12:11:34.853,NC,NTPC,387.5,374.35,387.65,374.35,380.15,8941726,382.14,387.35,555,387.5,400,
2026-04-13T12:11:35.853,NC,NTPC,387.35,374.35,387.65,374.35,380.15,8941834,382.14,387.35,100,387.5,2831,
2026-04-13T12:11:37.056,NC,NTPC,387.5,374.35,387.65,374.35,380.15,8942093,382.14,387.3,580,387.5,4266,
2026-04-13T12:11:38.161,NC,NTPC,387.5,374.35,387.65,374.35,380.15,8942331,382.14,387.3,706,387.5,3411,
2026-04-13T12:11:39.179,NC,NTPC,387.5,374.35,387.65,374.35,380.15,8942391,382.14,387.35,10,387.5,3762,
2026-04-13T12:11:40.163,NC,NTPC,387.35,374.35,387.65,374.35,380.15,8942392,382.14,387.35,9,387.5,3762,
2026-04-13T12:11:41.167,NC,NTPC,387.35,374.35,387.65,374.35,380.15,8942410,382.14,387.3,736,387.35,7,
2026-04-13T12:11:42.073,NC,NTPC,387.35,374.35,387.65,374.35,380.15,8942465,382.14,387.35,25,387.5,3755,
2026-04-13T12:11:43.172,NC,NTPC,387.5,374.35,387.65,374.35,380.15,8942696,382.14,387.35,77,387.5,31610,
2026-04-13T12:11:44.270,NC,NTPC,387.35,374.35,387.65,374.35,380.15,8942750,382.14,387.35,48,387.5,31411,
2026-04-13T12:11:45.189,NC,NTPC,387.5,374.35,387.65,374.35,380.15,8943044,382.14,387.35,3,387.5,30938,
2026-04-13T12:11:46.174,NC,NTPC,387.45,374.35,387.65,374.35,380.15,8943072,382.14,387.3,3,387.45,3581,
2026-04-13T12:11:48.175,NC,NTPC,387.45,374.35,387.65,374.35,380.15,8943304,382.14,387.3,3,387.45,2917,
2026-04-13T12:11:49.180,NC,NTPC,387.45,374.35,387.65,374.35,380.15,8943504,382.14,387.25,905,387.45,2322,
2026-04-13T12:11:51.182,NC,NTPC,387.25,374.35,387.65,374.35,380.15,8943874,382.14,387.25,753,387.45,2734,
2026-04-13T12:11:53.281,NC,NTPC,387.45,374.35,387.65,374.35,380.15,8944206,382.14,387.25,753,387.45,2034,
2026-04-13T12:11:54.284,NC,NTPC,387.25,374.35,387.65,374.35,380.15,8944261,382.14,387.25,740,387.45,1778,
2026-04-13T12:11:55.287,NC,NTPC,387.45,374.35,387.65,374.35,380.15,8944318,382.14,387.25,1377,387.45,1184,
2026-04-13T12:11:57.288,NC,NTPC,387.25,374.35,387.65,374.35,380.15,8944743,382.14,387.25,1200,387.45,996,
2026-04-13T12:11:58.386,NC,NTPC,387.45,374.35,387.65,374.35,380.15,8944976,382.14,387.25,1201,387.45,2144,
2026-04-13T12:11:59.395,NC,NTPC,387.25,374.35,387.65,374.35,380.15,8945033,382.14,387.25,2565,387.45,1310,
2026-04-13T12:12:01.403,NC,NTPC,387.45,374.35,387.65,374.35,380.15,8945204,382.14,387.4,86,387.45,1786,
2026-04-13T12:12:02.299,NC,NTPC,387.25,374.35,387.65,374.35,380.15,8947404,382.14,387.25,2461,387.45,1747,
2026-04-13T12:12:03.404,NC,NTPC,387.45,374.35,387.65,374.35,380.15,8947637,382.14,387.25,2063,387.45,2521,
2026-04-13T12:12:04.318,NC,NTPC,387.4,374.35,387.65,374.35,380.15,8947706,382.14,387.25,2009,387.4,117,
2026-04-13T12:12:05.310,NC,NTPC,387.4,374.35,387.65,374.35,380.15,8948213,382.14,387.25,1763,387.4,110,
2026-04-13T12:12:07.332,NC,NTPC,387.25,374.35,387.65,374.35,380.15,8948218,382.14,387.25,27,387.4,1286,
2026-04-13T12:12:08.305,NC,NTPC,387.4,374.35,387.65,374.35,380.15,8948450,382.14,387.25,337,387.4,917,
2026-04-13T12:12:09.322,NC,NTPC,387.4,374.35,387.65,374.35,380.15,8948659,382.14,387.25,426,387.4,769,
2026-04-13T12:12:10.308,NC,NTPC,387.25,374.35,387.65,374.35,380.15,8948660,382.14,387.25,424,387.4,769,
2026-04-13T12:12:11.307,NC,NTPC,387.4,374.35,387.65,374.35,380.15,8949178,382.14,387.25,373,387.4,383,
2026-04-13T12:12:13.314,NC,NTPC,387.4,374.35,387.65,374.35,380.15,8949409,382.14,387.25,374,387.4,664,
2026-04-13T12:12:14.321,NC,NTPC,387.25,374.35,387.65,374.35,380.15,8949463,382.14,387.25,320,387.4,664,
2026-04-13T12:12:15.320,NC,NTPC,387.4,374.35,387.65,374.35,380.15,8949470,382.14,387.25,320,387.4,657,
2026-04-13T12:12:16.313,NC,NTPC,387.4,374.35,387.65,374.35,380.15,8950120,382.14,387.35,4,387.4,630,
2026-04-13T12:12:17.312,NC,NTPC,387.4,374.35,387.65,374.35,380.15,8950221,382.14,387.35,4,387.4,578,
2026-04-13T12:12:18.311,NC,NTPC,387.4,374.35,387.65,374.35,380.15,8950454,382.14,387.35,4,387.4,345,
2026-04-13T12:12:19.311,NC,NTPC,387.4,374.35,387.65,374.35,380.15,8950530,382.14,387.25,227,387.4,331,
2026-04-13T12:12:21.220,NC,NTPC,387.4,374.35,387.65,374.35,380.15,8951255,382.14,387.4,12,387.45,1732,
2026-04-13T12:12:22.224,NC,NTPC,387.4,374.35,387.65,374.35,380.15,8951347,382.14,387.3,1,387.4,383,
2026-04-13T12:12:23.231,NC,NTPC,387.4,374.35,387.65,374.35,380.15,8951655,382.14,387.25,620,387.4,253,
2026-04-13T12:12:24.224,NC,NTPC,387.25,374.35,387.65,374.35,380.15,8951748,382.14,387.25,1205,387.4,180,
2026-04-13T12:12:25.224,NC,NTPC,387.4,374.35,387.65,374.35,380.15,8951865,382.14,387.25,732,387.4,456,
2026-04-13T12:12:26.260,NC,NTPC,387.45,374.35,387.65,374.35,380.15,8952365,382.14,387.25,996,387.4,140,
2026-04-13T12:12:27.226,NC,NTPC,387.25,374.35,387.65,374.35,380.15,8952615,382.14,387.25,1359,387.4,50,
2026-04-13T12:12:28.230,NC,NTPC,387.45,374.35,387.65,374.35,380.15,8952716,382.14,387.4,476,387.45,261,
2026-04-13T12:12:29.227,NC,NTPC,387.4,374.35,387.65,374.35,380.15,8953138,382.14,387.4,163,387.45,392,
2026-04-13T12:12:31.127,NC,NTPC,387.45,374.35,387.65,374.35,380.15,8953319,382.14,387.4,139,387.45,211,
2026-04-13T12:12:32.150,NC,NTPC,387.45,374.35,387.65,374.35,380.15,8953481,382.14,387.4,249,387.45,48,
2026-04-13T12:12:33.137,NC,NTPC,387.5,374.35,387.65,374.35,380.15,8953582,382.14,387.45,262,387.5,33776,
2026-04-13T12:12:34.142,NC,NTPC,387.45,374.35,387.65,374.35,380.15,8954177,382.14,387.45,21,387.5,33638,
2026-04-13T12:12:35.132,NC,NTPC,387.5,374.35,387.65,374.35,380.15,8954296,382.14,387.4,67,387.5,33630,
2026-04-13T12:12:37.736,NC,NTPC,387.5,374.35,387.65,374.35,380.15,8954529,382.14,387.45,134,387.5,35239,
2026-04-13T12:12:42.445,NC,NTPC,387.45,374.35,387.65,374.35,380.15,8955337,382.14,387.4,380,387.45,1016,
2026-04-13T12:12:47.247,NC,NTPC,387.45,374.35,387.65,374.35,380.15,8956154,382.15,387.4,324,387.45,944,
2026-04-13T12:12:51.857,NC,NTPC,387.2,374.35,387.65,374.35,380.15,8957138,382.15,387.2,5838,387.25,7,
2026-04-13T12:12:56.970,NC,NTPC,387.3,374.35,387.65,374.35,380.15,8958225,382.15,387.25,92,387.3,248,
2026-04-13T12:13:01.763,NC,NTPC,387.3,374.35,387.65,374.35,380.15,8961636,382.15,387.3,26,387.45,3572,
2026-04-13T12:13:06.765,NC,NTPC,387.45,374.35,387.65,374.35,380.15,8962547,382.15,387.25,1571,387.45,3423,
2026-04-13T12:13:11.579,NC,NTPC,387.25,374.35,387.65,374.35,380.15,8963313,382.15,387.25,1336,387.3,1102,
2026-04-13T12:13:16.476,NC,NTPC,387.3,374.35,387.65,374.35,380.15,8964515,382.15,387.25,1110,387.3,479,
2026-04-13T12:13:21.690,NC,NTPC,387.25,374.35,387.65,374.35,380.15,8966000,382.15,387.25,1377,387.3,154,
2026-04-13T12:13:26.488,NC,NTPC,387.35,374.35,387.65,374.35,380.15,8967615,382.15,387.3,3,387.35,10,
2026-04-13T12:13:31.293,NC,NTPC,387.3,374.35,387.65,374.35,380.15,8968369,382.15,387.2,7081,387.3,67,
2026-04-13T12:13:36.102,NC,NTPC,387.3,374.35,387.65,374.35,380.15,8968649,382.15,387.2,7333,387.3,52,
2026-04-13T12:13:40.711,NC,NTPC,387.2,374.35,387.65,374.35,380.15,8969318,382.15,387.2,7001,387.3,551,
2026-04-13T12:13:45.320,NC,NTPC,387.3,374.35,387.65,374.35,380.15,8970811,382.15,387.2,6170,387.3,292,
2026-04-13T12:13:50.026,NC,NTPC,387.2,374.35,387.65,374.35,380.15,8972279,382.15,387.2,4986,387.3,98,
2026-04-13T12:13:54.542,NC,NTPC,387.3,374.35,387.65,374.35,380.15,8973367,382.16,387.2,4772,387.3,515,
2026-04-13T12:13:58.955,NC,NTPC,387.2,374.35,387.65,374.35,380.15,8974093,382.16,387.2,4667,387.3,1018,
2026-04-13T12:14:03.559,NC,NTPC,387.3,374.35,387.65,374.35,380.15,8975204,382.16,387.2,4876,387.3,182,
2026-04-13T12:14:08.364,NC,NTPC,387.3,374.35,387.65,374.35,380.15,8975532,382.16,387.25,8,387.3,10,
2026-04-13T12:14:12.866,NC,NTPC,387.35,374.35,387.65,374.35,380.15,8977178,382.16,387.2,4798,387.35,255,
2026-04-13T12:14:17.468,NC,NTPC,387.35,374.35,387.65,374.35,380.15,8979845,382.16,387.2,1866,387.3,90,
2026-04-13T12:14:21.978,NC,NTPC,387.2,374.35,387.65,374.35,380.15,8980272,382.16,387.2,1725,387.3,528,
2026-04-13T12:14:26.494,NC,NTPC,387.2,374.35,387.65,374.35,380.15,8980939,382.16,387.2,1644,387.3,10,
2026-04-13T12:14:31.598,NC,NTPC,387.2,374.35,387.65,374.35,380.15,8981354,382.16,387.2,2601,387.3,240,
2026-04-13T12:14:36.193,NC,NTPC,387.2,374.35,387.65,374.35,380.15,8982200,382.16,387.2,1170,387.35,1021,
2026-04-13T12:14:40.815,NC,NTPC,387.3,374.35,387.65,374.35,380.15,8983140,382.16,387.2,1067,387.3,2,
2026-04-13T12:14:45.627,NC,NTPC,387.35,374.35,387.65,374.35,380.15,8983335,382.16,387.3,38,387.35,424,
2026-04-13T12:14:50.814,NC,NTPC,387.35,374.35,387.65,374.35,380.15,8984600,382.16,387.35,64,387.4,912,
2026-04-13T12:14:55.620,NC,NTPC,387.35,374.35,387.65,374.35,380.15,8986169,382.16,387.25,786,387.35,360,
2026-04-13T12:15:00.040,NC,NTPC,387.3,374.35,387.65,374.35,380.15,8986910,382.16,387.3,10,387.35,131,
2026-04-13T12:15:05.151,NC,NTPC,387.45,374.35,387.65,374.35,380.15,8987380,382.16,387.35,202,387.45,2843,
2026-04-13T12:15:09.933,NC,NTPC,387.3,374.35,387.65,374.35,380.15,8988250,382.16,387.3,897,387.35,6,
2026-04-13T12:15:14.737,NC,NTPC,387.35,374.35,387.65,374.35,380.15,8988554,382.16,387.35,145,387.45,2172,
2026-04-13T12:15:20.240,NC,NTPC,387.45,374.35,387.65,374.35,380.15,8989509,382.16,387.4,555,387.45,1475,
2026-04-13T12:15:26.049,NC,NTPC,387.45,374.35,387.65,374.35,380.15,8989975,382.16,387.4,253,387.45,1126,
2026-04-13T12:15:31.064,NC,NTPC,387.45,374.35,387.65,374.35,380.15,8991267,382.17,387.4,41,387.45,56,
2026-04-13T12:15:35.967,NC,NTPC,387.4,374.35,387.65,374.35,380.15,8991990,382.17,387.35,32,387.4,6,
2026-04-13T12:15:41.077,NC,NTPC,387.45,374.35,387.65,374.35,380.15,8992338,382.17,387.4,178,387.45,13155,
2026-04-13T12:15:46.885,NC,NTPC,387.3,374.35,387.65,374.35,380.15,8993645,382.17,387.3,9886,387.4,130,
2026-04-13T12:15:52.899,NC,NTPC,387.4,374.35,387.65,374.35,380.15,8994463,382.17,387.3,10019,387.4,1088,
2026-04-13T12:15:58.111,NC,NTPC,387.4,374.35,387.65,374.35,380.15,8995065,382.17,387.3,9993,387.4,1092,
2026-04-13T12:16:03.037,NC,NTPC,387.3,374.35,387.65,374.35,380.15,8997507,382.17,387.3,7464,387.4,967,
2026-04-13T12:16:07.836,NC,NTPC,387.25,374.35,387.65,374.35,380.15,9017454,382.18,387.1,716,387.25,420,
2026-04-13T12:16:12.533,NC,NTPC,387.25,374.35,387.65,374.35,380.15,9018033,382.18,387.05,2089,387.25,2940,
2026-04-13T12:16:17.347,NC,NTPC,387.2,374.35,387.65,374.35,380.15,9018417,382.18,387.05,1738,387.25,3418,
2026-04-13T12:16:22.175,NC,NTPC,387.2,374.35,387.65,374.35,380.15,9018585,382.18,387.05,1799,387.2,265,
2026-04-13T12:16:26.754,NC,NTPC,387.15,374.35,387.65,374.35,380.15,9019382,382.18,387.0,1738,387.15,3637,
2026-04-13T12:16:31.166,NC,NTPC,387.05,374.35,387.65,374.35,380.15,9024697,382.18,387.0,1,387.05,669,
2026-04-13T12:16:35.956,NC,NTPC,387.0,374.35,387.65,374.35,380.15,9024829,382.18,386.95,1473,387.0,6,
2026-04-13T12:16:41.667,NC,NTPC,387.0,374.35,387.65,374.35,380.15,9026153,382.18,386.95,720,387.0,1705,
2026-04-13T12:16:46.863,NC,NTPC,386.95,374.35,387.65,374.35,380.15,9026913,382.19,386.95,611,387.0,1683,
2026-04-13T12:16:51.472,NC,NTPC,386.95,374.35,387.65,374.35,380.15,9034405,382.19,386.9,105,386.95,820,
2026-04-13T12:16:56.503,NC,NTPC,386.9,374.35,387.65,374.35,380.15,9034929,382.19,386.8,1232,386.9,91,
2026-04-13T12:17:01.199,NC,NTPC,386.9,374.35,387.65,374.35,380.15,9040277,382.19,386.8,1514,386.9,523,
2026-04-13T12:17:05.897,NC,NTPC,386.9,374.35,387.65,374.35,380.15,9040856,382.19,386.8,1852,386.9,393,
2026-04-13T12:17:10.526,NC,NTPC,386.85,374.35,387.65,374.35,380.15,9041110,382.19,386.85,324,386.9,399,
2026-04-13T12:17:15.304,NC,NTPC,386.9,374.35,387.65,374.35,380.15,9042036,382.19,386.85,967,386.9,377,
2026-04-13T12:17:20.114,NC,NTPC,386.85,374.35,387.65,374.35,380.15,9043182,382.19,386.8,896,386.85,4,
2026-04-13T12:17:25.015,NC,NTPC,386.85,374.35,387.65,374.35,380.15,9043649,382.19,386.8,182,386.85,451,
2026-04-13T12:17:29.640,NC,NTPC,386.7,374.35,387.65,374.35,380.15,9045497,382.19,386.7,41,386.8,405,
2026-04-13T12:17:34.432,NC,NTPC,386.65,374.35,387.65,374.35,380.15,9046014,382.2,386.65,2185,386.8,604,
2026-04-13T12:17:39.137,NC,NTPC,386.7,374.35,387.65,374.35,380.15,9046281,382.2,386.7,621,386.8,499,
2026-04-13T12:17:43.948,NC,NTPC,386.7,374.35,387.65,374.35,380.15,9047579,382.2,386.7,341,386.8,237,
2026-04-13T12:17:48.561,NC,NTPC,386.7,374.35,387.65,374.35,380.15,9048906,382.2,386.7,1000,386.8,576,
2026-04-13T12:17:53.362,NC,NTPC,386.8,374.35,387.65,374.35,380.15,9049824,382.2,386.7,651,386.8,465,
2026-04-13T12:17:58.184,NC,NTPC,386.7,374.35,387.65,374.35,380.15,9050589,382.2,386.7,309,386.8,326,
2026-04-13T12:18:03.108,NC,NTPC,386.8,374.35,387.65,374.35,380.15,9052166,382.2,386.8,105,386.85,1950,
2026-04-13T12:18:07.905,NC,NTPC,386.85,374.35,387.65,374.35,380.15,9052230,382.2,386.8,312,386.85,352,
2026-04-13T12:18:13.014,NC,NTPC,386.85,374.35,387.65,374.35,380.15,9055107,382.2,386.7,1164,386.85,633,
2026-04-13T12:18:18.117,NC,NTPC,386.75,374.35,387.65,374.35,380.15,9056400,382.2,386.75,348,386.85,21,
2026-04-13T12:18:22.926,NC,NTPC,386.9,374.35,387.65,374.35,380.15,9063035,382.2,386.7,1117,386.8,20,
2026-04-13T12:18:27.637,NC,NTPC,386.8,374.35,387.65,374.35,380.15,9063349,382.2,386.8,225,386.9,2442,
2026-04-13T12:18:32.154,NC,NTPC,386.85,374.35,387.65,374.35,380.15,9063669,382.2,386.8,53,386.85,2,
2026-04-13T12:18:36.942,NC,NTPC,386.9,374.35,387.65,374.35,380.15,9063949,382.2,386.75,1435,386.9,1632,
2026-04-13T12:18:41.650,NC,NTPC,386.9,374.35,387.65,374.35,380.15,9064364,382.2,386.75,850,386.9,2144,
2026-04-13T12:18:46.456,NC,NTPC,386.85,374.35,387.65,374.35,380.15,9065457,382.2,386.85,138,386.9,839,
2026-04-13T12:18:51.066,NC,NTPC,386.85,374.35,387.65,374.35,380.15,9066368,382.21,386.85,966,386.9,11,
2026-04-13T12:18:55.578,NC,NTPC,386.95,374.35,387.65,374.35,380.15,9066965,382.21,386.85,224,386.95,1739,
2026-04-13T12:19:00.091,NC,NTPC,386.9,374.35,387.65,374.35,380.15,9067615,382.21,386.85,1762,386.9,8,
2026-04-13T12:19:04.892,NC,NTPC,386.9,374.35,387.65,374.35,380.15,9067851,382.21,386.85,1417,386.95,448,
2026-04-13T12:19:09.403,NC,NTPC,386.85,374.35,387.65,374.35,380.15,9068715,382.21,386.85,773,386.95,451,
2026-04-13T12:19:13.915,NC,NTPC,386.9,374.35,387.65,374.35,380.15,9069229,382.21,386.85,368,386.95,2448,
2026-04-13T12:19:18.520,NC,NTPC,386.85,374.35,387.65,374.35,380.15,9069324,382.21,386.85,304,386.9,1,
2026-04-13T12:19:23.024,NC,NTPC,386.75,374.35,387.65,374.35,380.15,9073960,382.21,386.75,485,386.85,532,
2026-04-13T12:19:27.537,NC,NTPC,386.85,374.35,387.65,374.35,380.15,9074324,382.21,386.75,350,386.85,786,
2026-04-13T12:19:32.642,NC,NTPC,386.85,374.35,387.65,374.35,380.15,9075316,382.21,386.8,671,386.85,520,
2026-04-13T12:19:37.847,NC,NTPC,386.85,374.35,387.65,374.35,380.15,9076432,382.21,386.8,276,386.85,403,
2026-04-13T12:19:42.552,NC,NTPC,386.9,374.35,387.65,374.35,380.15,9076991,382.21,386.8,147,386.9,474,
2026-04-13T12:19:47.562,NC,NTPC,386.9,374.35,387.65,374.35,380.15,9077789,382.21,386.75,3506,386.9,372,
2026-04-13T12:19:52.865,NC,NTPC,386.9,374.35,387.65,374.35,380.15,9078119,382.21,386.8,1601,386.9,880,
2026-04-13T12:19:58.102,NC,NTPC,386.85,374.35,387.65,374.35,380.15,9078469,382.21,386.85,297,386.9,547,
2026-04-13T12:20:03.384,NC,NTPC,386.9,374.35,387.65,374.35,380.15,9078716,382.21,386.85,176,386.9,433,
2026-04-13T12:20:08.487,NC,NTPC,386.85,374.35,387.65,374.35,380.15,9078906,382.21,386.85,457,386.9,437,
2026-04-13T12:20:13.504,NC,NTPC,386.9,374.35,387.65,374.35,380.15,9079489,382.21,386.85,280,386.9,392,
2026-04-13T12:20:18.401,NC,NTPC,386.9,374.35,387.65,374.35,380.15,9082059,382.21,386.9,1270,387.0,36946,
2026-04-13T12:20:23.304,NC,NTPC,387.0,374.35,387.65,374.35,380.15,9083637,382.21,386.9,711,387.0,35882,
2026-04-13T12:20:28.111,NC,NTPC,387.0,374.35,387.65,374.35,380.15,9084120,382.21,386.9,963,387.0,35472,
2026-04-13T12:20:33.125,NC,NTPC,386.9,374.35,387.65,374.35,380.15,9084463,382.21,386.9,401,387.0,35655,
2026-04-13T12:20:38.130,NC,NTPC,387.0,374.35,387.65,374.35,380.15,9084548,382.21,386.9,388,387.0,35674,
2026-04-13T12:20:42.940,NC,NTPC,386.85,374.35,387.65,374.35,380.15,9085714,382.22,386.85,332,386.9,76,
2026-04-13T12:20:47.540,NC,NTPC,386.85,374.35,387.65,374.35,380.15,9085997,382.22,386.85,52,386.9,654,
2026-04-13T12:20:52.248,NC,NTPC,386.9,374.35,387.65,374.35,380.15,9086952,382.22,386.85,66,386.9,681,
2026-04-13T12:20:56.851,NC,NTPC,386.9,374.35,387.65,374.35,380.15,9087367,382.22,386.85,32,386.9,862,
2026-04-13T12:21:01.457,NC,NTPC,386.9,374.35,387.65,374.35,380.15,9090275,382.22,386.7,2164,386.9,1361,
2026-04-13T12:21:06.261,NC,NTPC,386.85,374.35,387.65,374.35,380.15,9090442,382.22,386.7,2035,386.85,3719,
2026-04-13T12:21:11.267,NC,NTPC,386.7,374.35,387.65,374.35,380.15,9092112,382.22,386.7,778,386.85,3251,
2026-04-13T12:21:15.974,NC,NTPC,386.85,374.35,387.65,374.35,380.15,9092534,382.22,386.8,4,386.85,2894,
2026-04-13T12:21:20.386,NC,NTPC,386.8,374.35,387.65,374.35,380.15,9094565,382.22,386.75,471,386.8,6,
2026-04-13T12:21:24.791,NC,NTPC,386.75,374.35,387.65,374.35,380.15,9094876,382.22,386.75,287,386.8,427,
2026-04-13T12:21:29.097,NC,NTPC,386.8,374.35,387.65,374.35,380.15,9095552,382.22,386.75,152,386.8,11,
2026-04-13T12:21:33.406,NC,NTPC,386.75,374.35,387.65,374.35,380.15,9125885,382.23,386.7,1111,386.8,2,
2026-04-13T12:21:38.406,NC,NTPC,386.85,374.35,387.65,374.35,380.15,9126223,382.23,386.8,56,386.85,3392,
2026-04-13T12:21:43.935,NC,NTPC,386.85,374.35,387.65,374.35,380.15,9126682,382.23,386.7,1068,386.8,806,
2026-04-13T12:21:48.533,NC,NTPC,386.7,374.35,387.65,374.35,380.15,9127205,382.24,386.7,1877,386.8,753,
2026-04-13T12:21:52.986,NC,NTPC,386.8,374.35,387.65,374.35,380.15,9127495,382.24,386.75,52,386.8,627,
2026-04-13T12:21:57.495,NC,NTPC,386.8,374.35,387.65,374.35,380.15,9127944,382.24,386.7,1039,386.8,367,
2026-04-13T12:22:02.122,NC,NTPC,386.8,374.35,387.65,374.35,380.15,9128171,382.24,386.7,983,386.8,613,
2026-04-13T12:22:06.927,NC,NTPC,386.8,374.35,387.65,374.35,380.15,9128234,382.24,386.7,650,386.8,614,
2026-04-13T12:22:11.728,NC,NTPC,386.8,374.35,387.65,374.35,380.15,9129092,382.24,386.7,537,386.8,661,
2026-04-13T12:22:16.518,NC,NTPC,386.8,374.35,387.65,374.35,380.15,9129289,382.24,386.7,456,386.8,918,
2026-04-13T12:22:21.025,NC,NTPC,386.75,374.35,387.65,374.35,380.15,9129603,382.24,386.7,661,386.75,7,
2026-04-13T12:22:25.636,NC,NTPC,386.8,374.35,387.65,374.35,380.15,9130696,382.24,386.75,518,386.8,1122,
2026-04-13T12:22:30.136,NC,NTPC,386.7,374.35,387.65,374.35,380.15,9132136,382.24,386.7,1166,386.75,152,
2026-04-13T12:22:34.643,NC,NTPC,386.75,374.35,387.65,374.35,380.15,9132570,382.24,386.7,1072,386.8,300,
2026-04-13T12:22:39.279,NC,NTPC,386.7,374.35,387.65,374.35,380.15,9133058,382.24,386.7,802,386.8,233,
2026-04-13T12:22:43.754,NC,NTPC,386.8,374.35,387.65,374.35,380.15,9134891,382.24,386.8,165,386.85,547,
2026-04-13T12:22:48.062,NC,NTPC,386.8,374.35,387.65,374.35,380.15,9135025,382.24,386.8,61,386.85,847,
2026-04-13T12:22:52.565,NC,NTPC,386.75,374.35,387.65,374.35,380.15,9135222,382.24,386.7,776,386.75,3,
2026-04-13T12:22:57.267,NC,NTPC,386.75,374.35,387.65,374.35,380.15,9137184,382.24,386.7,910,386.8,3723,
2026-04-13T12:23:02.423,NC,NTPC,386.8,374.35,387.65,374.35,380.15,9137783,382.24,386.75,2,386.8,2605,
2026-04-13T12:23:07.376,NC,NTPC,386.8,374.35,387.65,374.35,380.15,9137907,382.24,386.7,729,386.8,2709,
2026-04-13T12:23:12.588,NC,NTPC,386.8,374.35,387.65,374.35,380.15,9140178,382.24,386.6,1417,386.8,2008,
2026-04-13T12:23:18.191,NC,NTPC,386.75,374.35,387.65,374.35,380.15,9140253,382.24,386.75,3,386.8,2002,
2026-04-13T12:23:22.702,NC,NTPC,386.75,374.35,387.65,374.35,380.15,9140538,382.24,386.6,1174,386.75,3910,
2026-04-13T12:23:27.216,NC,NTPC,386.75,374.35,387.65,374.35,380.15,9140900,382.24,386.6,231,386.75,5711,
2026-04-13T12:23:31.915,NC,NTPC,386.7,374.35,387.65,374.35,380.15,9141235,382.24,386.6,1206,386.7,8,
2026-04-13T12:23:36.520,NC,NTPC,386.55,374.35,387.65,374.35,380.15,9141565,382.24,386.55,1256,386.7,989,
2026-04-13T12:23:41.122,NC,NTPC,386.7,374.35,387.65,374.35,380.15,9141896,382.24,386.6,3,386.7,1223,
2026-04-13T12:23:45.635,NC,NTPC,386.7,374.35,387.65,374.35,380.15,9142966,382.24,386.6,1,386.7,1796,
2026-04-13T12:23:50.244,NC,NTPC,386.7,374.35,387.65,374.35,380.15,9143124,382.24,386.6,389,386.7,1723,
2026-04-13T12:23:54.951,NC,NTPC,386.7,374.35,387.65,374.35,380.15,9144049,382.24,386.6,80,386.7,1993,
2026-04-13T12:24:00.246,NC,NTPC,386.65,374.35,387.65,374.35,380.15,9144361,382.24,386.6,92,386.7,2315,
2026-04-13T12:24:05.056,NC,NTPC,386.6,374.35,387.65,374.35,380.15,9147885,382.25,386.55,372,386.6,6,
2026-04-13T12:24:09.670,NC,NTPC,386.55,374.35,387.65,374.35,380.15,9149809,382.25,386.55,252,386.6,405,
2026-04-13T12:24:14.261,NC,NTPC,386.55,374.35,387.65,374.35,380.15,9150858,382.25,386.55,1442,386.6,13439,
2026-04-13T12:24:18.873,NC,NTPC,386.55,374.35,387.65,374.35,380.15,9151573,382.25,386.55,112,386.6,15680,
2026-04-13T12:24:23.283,NC,NTPC,386.5,374.35,387.65,374.35,380.15,9152293,382.25,386.5,401,386.55,621,
2026-04-13T12:24:28.096,NC,NTPC,386.45,374.35,387.65,374.35,380.15,9153971,382.25,386.4,2307,386.55,495,
2026-04-13T12:24:33.002,NC,NTPC,386.55,374.35,387.65,374.35,380.15,9154299,382.25,386.5,170,386.55,924,
2026-04-13T12:24:37.314,NC,NTPC,386.45,374.35,387.65,374.35,380.15,9154874,382.25,386.45,1142,386.5,3528,
2026-04-13T12:24:42.117,NC,NTPC,386.55,374.35,387.65,374.35,380.15,9163543,382.25,386.55,414,386.6,11848,
2026-04-13T12:24:47.133,NC,NTPC,386.65,374.35,387.65,374.35,380.15,9180831,382.26,386.6,727,386.65,147,
2026-04-13T12:24:52.452,NC,NTPC,386.55,374.35,387.65,374.35,380.15,9181536,382.26,386.55,2223,386.65,143,
2026-04-13T12:24:57.057,NC,NTPC,386.45,374.35,387.65,374.35,380.15,9182780,382.26,386.45,278,386.6,580,
2026-04-13T12:25:01.863,NC,NTPC,386.5,374.35,387.65,374.35,380.15,9182937,382.26,386.45,3,386.5,442,
2026-04-13T12:25:06.461,NC,NTPC,386.45,374.35,387.65,374.35,380.15,9183087,382.26,386.4,500,386.45,415,
2026-04-13T12:25:10.981,NC,NTPC,386.45,374.35,387.65,374.35,380.15,9183468,382.26,386.4,385,386.45,57,
2026-04-13T12:25:15.684,NC,NTPC,386.2,374.35,387.65,374.35,380.15,9185226,382.26,386.25,71,386.3,259,
2026-04-13T12:25:20.596,NC,NTPC,386.25,374.35,387.65,374.35,380.15,9185678,382.26,386.2,4830,386.25,1,
2026-04-13T12:25:25.409,NC,NTPC,386.3,374.35,387.65,374.35,380.15,9188511,382.26,386.2,2452,386.3,1850,
2026-04-13T12:25:30.001,NC,NTPC,386.2,374.35,387.65,374.35,380.15,9189933,382.26,386.2,2410,386.3,568,
2026-04-13T12:25:34.410,NC,NTPC,386.25,374.35,387.65,374.35,380.15,9192364,382.27,386.2,251,386.25,1011,
2026-04-13T12:25:36.715,NC,NTPC,386.25,374.35,387.65,374.35,380.15,9192552,382.27,386.2,171,386.25,1008,
2026-04-13T12:25:37.609,NC,NTPC,386.2,374.35,387.65,374.35,380.15,9192682,382.27,386.2,41,386.25,1113,
2026-04-13T12:25:38.612,NC,NTPC,386.2,374.35,387.65,374.35,380.15,9192724,382.27,386.15,2692,386.2,13,
2026-04-13T12:25:39.715,NC,NTPC,386.2,374.35,387.65,374.35,380.15,9192822,382.27,386.2,7,386.25,8,
2026-04-13T12:25:40.714,NC,NTPC,386.25,374.35,387.65,374.35,380.15,9192833,382.27,386.2,4,386.25,3,
2026-04-13T12:25:41.626,NC,NTPC,386.25,374.35,387.65,374.35,380.15,9193104,382.27,386.25,25,386.3,995,
2026-04-13T12:25:42.623,NC,NTPC,386.25,374.35,387.65,374.35,380.15,9193178,382.27,386.15,2691,386.25,556,
2026-04-13T12:25:43.623,NC,NTPC,386.15,374.35,387.65,374.35,380.15,9193349,382.27,386.15,2520,386.25,556,
2026-04-13T12:25:44.630,NC,NTPC,386.3,374.35,387.65,374.35,380.15,9193483,382.27,386.15,2540,386.3,848,
2026-04-13T12:25:45.522,NC,NTPC,386.3,374.35,387.65,374.35,380.15,9193489,382.27,386.2,1,386.3,1030,
2026-04-13T12:25:46.526,NC,NTPC,386.15,374.35,387.65,374.35,380.15,9193521,382.27,386.15,2535,386.25,130,
2026-04-13T12:25:47.526,NC,NTPC,386.15,374.35,387.65,374.35,380.15,9193560,382.27,386.15,2496,386.25,8,
2026-04-13T12:25:48.527,NC,NTPC,386.15,374.35,387.65,374.35,380.15,9194082,382.27,386.15,1974,386.25,447,
2026-04-13T12:25:49.434,NC,NTPC,386.25,374.35,387.65,374.35,380.15,9194086,382.27,386.15,1974,386.25,443,
2026-04-13T12:25:51.540,NC,NTPC,386.15,374.35,387.65,374.35,380.15,9194427,382.27,386.15,1733,386.3,1620,
2026-04-13T12:25:52.531,NC,NTPC,386.3,374.35,387.65,374.35,380.15,9194528,382.27,386.15,1733,386.3,1519,
2026-04-13T12:25:53.542,NC,NTPC,386.15,374.35,387.65,374.35,380.15,9194588,382.27,386.15,1676,386.3,1736,
2026-04-13T12:25:54.541,NC,NTPC,386.3,374.35,387.65,374.35,380.15,9194589,382.27,386.15,2076,386.3,1735,
2026-04-13T12:25:55.538,NC,NTPC,386.3,374.35,387.65,374.35,380.15,9194601,382.27,386.15,2076,386.3,2083,
2026-04-13T12:25:56.540,NC,NTPC,386.3,374.35,387.65,374.35,380.15,9194874,382.27,386.15,2076,386.3,3405,
2026-04-13T12:25:57.548,NC,NTPC,386.15,374.35,387.65,374.35,380.15,9195163,382.27,386.15,2037,386.25,944,
2026-04-13T12:25:58.545,NC,NTPC,386.15,374.35,387.65,374.35,380.15,9195285,382.27,386.15,1915,386.25,1444,
2026-04-13T12:26:01.551,NC,NTPC,386.25,374.35,387.65,374.35,380.15,9195455,382.27,386.2,105,386.25,1313,
2026-04-13T12:26:02.549,NC,NTPC,386.2,374.35,387.65,374.35,380.15,9195522,382.27,386.2,38,386.25,1144,
2026-04-13T12:26:03.456,NC,NTPC,386.15,374.35,387.65,374.35,380.15,9196122,382.27,386.15,1575,386.25,547,
2026-04-13T12:26:04.448,NC,NTPC,386.25,374.35,387.65,374.35,380.15,9196479,382.27,386.15,1220,386.25,761,
2026-04-13T12:26:05.550,NC,NTPC,386.15,374.35,387.65,374.35,380.15,9196637,382.27,386.15,1070,386.25,761,
2026-04-13T12:26:08.875,NC,NTPC,386.2,374.35,387.65,374.35,380.15,9196867,382.27,386.2,259,386.25,558,
2026-04-13T12:26:10.883,NC,NTPC,386.25,374.35,387.65,374.35,380.15,9196872,382.27,386.2,258,386.25,755,
2026-04-13T12:26:11.860,NC,NTPC,386.2,374.35,387.65,374.35,380.15,9197215,382.27,386.2,164,386.25,276,
2026-04-13T12:26:13.955,NC,NTPC,386.15,374.35,387.65,374.35,380.15,9197465,382.27,386.15,1061,386.2,45,
2026-04-13T12:26:14.962,NC,NTPC,386.25,374.35,387.65,374.35,380.15,9197686,382.27,386.15,1341,386.25,24,
2026-04-13T12:26:15.959,NC,NTPC,386.25,374.35,387.65,374.35,380.15,9197710,382.27,386.15,1017,386.3,2778,
2026-04-13T12:26:16.882,NC,NTPC,386.3,374.35,387.65,374.35,380.15,9198270,382.27,386.15,918,386.3,2434,
2026-04-13T12:26:18.869,NC,NTPC,386.15,374.35,387.65,374.35,380.15,9198324,382.27,386.15,869,386.25,4,
2026-04-13T12:26:19.861,NC,NTPC,386.25,374.35,387.65,374.35,380.15,9198327,382.27,386.2,3,386.25,1,
2026-04-13T12:26:20.870,NC,NTPC,386.2,374.35,387.65,374.35,380.15,9198351,382.27,386.15,448,386.2,7,
2026-04-13T12:26:22.784,NC,NTPC,386.15,374.35,387.65,374.35,380.15,9198396,382.27,386.15,403,386.25,1193,
2026-04-13T12:26:23.767,NC,NTPC,386.15,374.35,387.65,374.35,380.15,9198453,382.27,386.15,349,386.25,1434,
2026-04-13T12:26:24.770,NC,NTPC,386.25,374.35,387.65,374.35,380.15,9198580,382.27,386.15,322,386.25,1337,
2026-04-13T12:26:25.771,NC,NTPC,386.25,374.35,387.65,374.35,380.15,9198590,382.27,386.15,322,386.25,1327,
2026-04-13T12:26:26.771,NC,NTPC,386.25,374.35,387.65,374.35,380.15,9198839,382.27,386.15,415,386.2,1,
2026-04-13T12:26:27.867,NC,NTPC,386.15,374.35,387.65,374.35,380.15,9199089,382.27,386.15,122,386.2,1,
2026-04-13T12:26:28.783,NC,NTPC,386.15,374.35,387.65,374.35,380.15,9199211,382.27,386.1,277,386.15,6,
2026-04-13T12:26:29.782,NC,NTPC,386.15,374.35,387.65,374.35,380.15,9199433,382.27,386.1,63,386.15,5,
2026-04-13T12:26:31.778,NC,NTPC,386.1,374.35,387.65,374.35,380.15,9199613,382.27,386.1,245,386.2,98,
2026-04-13T12:26:32.773,NC,NTPC,386.1,374.35,387.65,374.35,380.15,9199871,382.27,386.1,380,386.25,2346,
2026-04-13T12:26:33.680,NC,NTPC,386.1,374.35,387.65,374.35,380.15,9200125,382.27,386.1,557,386.15,100,
2026-04-13T12:26:34.676,NC,NTPC,386.15,374.35,387.65,374.35,380.15,9200225,382.27,386.1,2116,386.25,429,
2026-04-13T12:26:35.682,NC,NTPC,386.25,374.35,387.65,374.35,380.15,9200237,382.27,386.15,258,386.25,417,
2026-04-13T12:26:36.885,NC,NTPC,386.15,374.35,387.65,374.35,380.15,9200287,382.27,386.15,233,386.25,392,
2026-04-13T12:26:41.284,NC,NTPC,386.25,374.35,387.65,374.35,380.15,9200869,382.27,386.15,658,386.25,89,
2026-04-13T12:26:45.697,NC,NTPC,386.3,374.35,387.65,374.35,380.15,9201155,382.27,386.2,91,386.3,2013,
2026-04-13T12:26:50.102,NC,NTPC,386.25,374.35,387.65,374.35,380.15,9201336,382.27,386.2,37,386.25,1,
2026-04-13T12:26:54.410,NC,NTPC,386.25,374.35,387.65,374.35,380.15,9202016,382.27,386.2,70,386.25,401,
2026-04-13T12:27:00.313,NC,NTPC,386.25,374.35,387.65,374.35,380.15,9203541,382.27,386.2,614,386.25,46,
2026-04-13T12:27:06.213,NC,NTPC,386.2,374.35,387.65,374.35,380.15,9204513,382.27,386.1,82,386.2,962,
2026-04-13T12:27:11.327,NC,NTPC,386.1,374.35,387.65,374.35,380.15,9205239,382.27,386.05,391,386.1,13,
2026-04-13T12:27:16.141,NC,NTPC,386.1,374.35,387.65,374.35,380.15,9205637,382.27,386.1,23,386.2,1345,
2026-04-13T12:27:20.440,NC,NTPC,386.05,374.35,387.65,374.35,380.15,9205824,382.27,386.05,80,386.1,4,
2026-04-13T12:27:25.065,NC,NTPC,386.1,374.35,387.65,374.35,380.15,9209871,382.27,385.9,1399,386.1,2079,
2026-04-13T12:27:30.048,NC,NTPC,386.1,374.35,387.65,374.35,380.15,9210990,382.27,386.05,502,386.1,28,
2026-04-13T12:27:34.755,NC,NTPC,386.1,374.35,387.65,374.35,380.15,9212119,382.27,386.1,299,386.2,596,
2026-04-13T12:27:39.759,NC,NTPC,386.15,374.35,387.65,374.35,380.15,9212375,382.27,386.15,13,386.2,507,
2026-04-13T12:27:44.766,NC,NTPC,386.2,374.35,387.65,374.35,380.15,9213142,382.27,386.1,458,386.2,143,
2026-04-13T12:27:49.483,NC,NTPC,386.25,374.35,387.65,374.35,380.15,9216030,382.28,386.25,230,386.3,393,
2026-04-13T12:27:53.895,NC,NTPC,386.25,374.35,387.65,374.35,380.15,9216364,382.28,386.25,377,386.3,291,
2026-04-13T12:27:58.588,NC,NTPC,386.65,374.35,387.65,374.35,380.15,9218319,382.28,386.65,67,386.75,1779,
2026-04-13T12:28:03.421,NC,NTPC,386.75,374.35,387.65,374.35,380.15,9219979,382.28,386.65,1,386.8,1434,
2026-04-13T12:28:08.403,NC,NTPC,386.6,374.35,387.65,374.35,380.15,9220002,382.28,386.5,356,386.65,563,
2026-04-13T12:28:13.310,NC,NTPC,386.55,374.35,387.65,374.35,380.15,9221303,382.28,386.4,53,386.55,1542,
2026-04-13T12:28:18.415,NC,NTPC,386.3,374.35,387.65,374.35,380.15,9221721,382.28,386.3,1272,386.5,1767,
2026-04-13T12:28:22.914,NC,NTPC,386.3,374.35,387.65,374.35,380.15,9222141,382.28,386.3,803,386.5,2586,
2026-04-13T12:28:27.225,NC,NTPC,386.5,374.35,387.65,374.35,380.15,9222655,382.28,386.3,1166,386.5,1657,
2026-04-13T12:28:31.531,NC,NTPC,386.3,374.35,387.65,374.35,380.15,9223633,382.28,386.35,122,386.5,1248,
2026-04-13T12:28:35.744,NC,NTPC,386.5,374.35,387.65,374.35,380.15,9223965,382.28,386.35,119,386.5,1561,
2026-04-13T12:28:40.239,NC,NTPC,386.35,374.35,387.65,374.35,380.15,9225920,382.28,386.4,80,386.5,1336,
2026-04-13T12:28:44.846,NC,NTPC,386.45,374.35,387.65,374.35,380.15,9226387,382.28,386.45,61,386.5,826,
2026-04-13T12:28:49.262,NC,NTPC,386.45,374.35,387.65,374.35,380.15,9226813,382.28,386.3,133,386.45,172,
2026-04-13T12:28:54.258,NC,NTPC,386.3,374.35,387.65,374.35,380.15,9227981,382.28,386.3,218,386.45,122,
2026-04-13T12:28:59.563,NC,NTPC,386.3,374.35,387.65,374.35,380.15,9228619,382.28,386.3,118,386.45,908,
2026-04-13T12:29:04.475,NC,NTPC,386.45,374.35,387.65,374.35,380.15,9229052,382.28,386.3,68,386.45,897,
2026-04-13T12:29:08.983,NC,NTPC,386.3,374.35,387.65,374.35,380.15,9229304,382.28,386.3,11,386.45,1489,
2026-04-13T12:29:13.398,NC,NTPC,386.45,374.35,387.65,374.35,380.15,9229894,382.28,386.3,228,386.45,1745,
2026-04-13T12:29:17.986,NC,NTPC,386.35,374.35,387.65,374.35,380.15,9230227,382.28,386.35,31,386.4,87,
2026-04-13T12:29:22.534,NC,NTPC,386.4,374.35,387.65,374.35,380.15,9230685,382.28,386.25,1818,386.4,850,
2026-04-13T12:29:27.422,NC,NTPC,386.25,374.35,387.65,374.35,380.15,9231004,382.28,386.25,1759,386.4,649,
2026-04-13T12:29:31.918,NC,NTPC,386.25,374.35,387.65,374.35,380.15,9231635,382.28,386.25,2011,386.35,281,
2026-04-13T12:29:36.337,NC,NTPC,386.35,374.35,387.65,374.35,380.15,9232237,382.28,386.25,2369,386.35,778,
2026-04-13T12:29:40.828,NC,NTPC,386.3,374.35,387.65,374.35,380.15,9232495,382.28,386.25,3179,386.3,7,
2026-04-13T12:29:45.245,NC,NTPC,386.3,374.35,387.65,374.35,380.15,9233411,382.28,386.25,1918,386.3,477,
2026-04-13T12:29:50.042,NC,NTPC,386.35,374.35,387.65,374.35,380.15,9234272,382.28,386.3,1235,386.35,420,
2026-04-13T12:29:54.740,NC,NTPC,386.35,374.35,387.65,374.35,380.15,9234428,382.28,386.3,1181,386.35,318,
2026-04-13T12:29:59.163,NC,NTPC,386.35,374.35,387.65,374.35,380.15,9235104,382.28,386.3,967,386.35,165,
2026-04-13T12:30:04.375,NC,NTPC,386.35,374.35,387.65,374.35,380.15,9236292,382.28,386.3,971,386.35,1442,
2026-04-13T12:30:10.271,NC,NTPC,386.4,374.35,387.65,374.35,380.15,9238796,382.29,386.35,1500,386.4,285,
2026-04-13T12:30:15.689,NC,NTPC,386.4,374.35,387.65,374.35,380.15,9239588,382.29,386.35,2238,386.4,156,
2026-04-13T12:30:20.991,NC,NTPC,386.4,374.35,387.65,374.35,380.15,9240011,382.29,386.35,2121,386.4,392,
2026-04-13T12:30:25.987,NC,NTPC,386.35,374.35,387.65,374.35,380.15,9242423,382.29,386.3,483,386.35,636,
2026-04-13T12:30:31.092,NC,NTPC,386.3,374.35,387.65,374.35,380.15,9243938,382.29,386.25,226,386.3,1221,
2026-04-13T12:30:36.129,NC,NTPC,386.25,374.35,387.65,374.35,380.15,9244319,382.29,386.15,233,386.25,5,
2026-04-13T12:30:41.144,NC,NTPC,386.25,374.35,387.65,374.35,380.15,9244615,382.29,386.15,1841,386.25,419,
2026-04-13T12:30:45.817,NC,NTPC,386.25,374.35,387.65,374.35,380.15,9245559,382.29,386.2,16,386.25,117,
2026-04-13T12:30:50.230,NC,NTPC,386.3,374.35,387.65,374.35,380.15,9251071,382.29,386.2,1290,386.35,889,
2026-04-13T12:30:54.741,NC,NTPC,386.35,374.35,387.65,374.35,380.15,9251487,382.29,386.2,2693,386.35,3,
2026-04-13T12:30:59.450,NC,NTPC,386.25,374.35,387.65,374.35,380.15,9251931,382.29,386.3,17,386.35,7,
2026-04-13T12:31:04.140,NC,NTPC,386.4,374.35,387.65,374.35,380.15,9252320,382.29,386.35,37,386.4,570,
2026-04-13T12:31:09.538,NC,NTPC,386.4,374.35,387.65,374.35,380.15,9252941,382.29,386.4,476,386.45,506,
2026-04-13T12:31:14.246,NC,NTPC,386.4,374.35,387.65,374.35,380.15,9253347,382.29,386.4,60,386.45,154,
2026-04-13T12:31:18.648,NC,NTPC,386.4,374.35,387.65,374.35,380.15,9253438,382.29,386.35,275,386.45,130,
2026-04-13T12:31:22.859,NC,NTPC,386.5,374.35,387.65,374.35,380.15,9253730,382.29,386.3,1087,386.5,3823,
2026-04-13T12:31:26.957,NC,NTPC,386.5,374.35,387.65,374.35,380.15,9254068,382.29,386.45,50,386.5,3233,
2026-04-13T12:31:31.367,NC,NTPC,386.4,374.35,387.65,374.35,380.15,9254491,382.29,386.35,2470,386.4,9,
2026-04-13T12:31:35.674,NC,NTPC,386.45,374.35,387.65,374.35,380.15,9254565,382.29,386.4,1904,386.45,1,
2026-04-13T12:31:40.277,NC,NTPC,386.45,374.35,387.65,374.35,380.15,9254801,382.29,386.4,1830,386.5,3496,
2026-04-13T12:31:45.196,NC,NTPC,386.4,374.35,387.65,374.35,380.15,9256100,382.29,386.4,4174,386.5,2909,
2026-04-13T12:31:49.787,NC,NTPC,386.5,374.35,387.65,374.35,380.15,9256941,382.29,386.45,895,386.5,2728,
2026-04-13T12:31:54.194,NC,NTPC,386.45,374.35,387.65,374.35,380.15,9260872,382.3,386.45,1765,386.55,453,
2026-04-13T12:31:58.705,NC,NTPC,386.45,374.35,387.65,374.35,380.15,9261811,382.3,386.45,833,386.55,102,
2026-04-13T12:32:03.415,NC,NTPC,386.55,374.35,387.65,374.35,380.15,9262534,382.3,386.55,3,386.6,1780,
2026-04-13T12:32:08.018,NC,NTPC,386.6,374.35,387.65,374.35,380.15,9262973,382.3,386.45,520,386.6,1691,
2026-04-13T12:32:12.423,NC,NTPC,386.55,374.35,387.65,374.35,380.15,9263590,382.3,386.4,2765,386.55,3,
2026-04-13T12:32:16.841,NC,NTPC,386.6,374.35,387.65,374.35,380.15,9263752,382.3,386.5,4,386.6,2182,
2026-04-13T12:32:21.539,NC,NTPC,386.6,374.35,387.65,374.35,380.15,9263899,382.3,386.55,20,386.6,586,
2026-04-13T12:32:25.964,NC,NTPC,386.65,374.35,387.65,374.35,380.15,9264733,382.3,386.6,3,386.65,622,
2026-04-13T12:32:30.149,NC,NTPC,386.6,374.35,387.65,374.35,380.15,9265004,382.3,386.55,1503,386.6,6,
2026-04-13T12:32:34.344,NC,NTPC,386.55,374.35,387.65,374.35,380.15,9265540,382.3,386.55,1255,386.65,713,
2026-04-13T12:32:39.048,NC,NTPC,386.55,374.35,387.65,374.35,380.15,9265693,382.3,386.55,1113,386.6,191,
2026-04-13T12:32:43.850,NC,NTPC,386.6,374.35,387.65,374.35,380.15,9265973,382.3,386.6,26,386.65,781,
2026-04-13T12:32:48.657,NC,NTPC,386.6,374.35,387.65,374.35,380.15,9266238,382.3,386.55,560,386.6,17,
2026-04-13T12:32:53.367,NC,NTPC,386.65,374.35,387.65,374.35,380.15,9267414,382.3,386.6,1046,386.65,112,
2026-04-13T12:32:58.011,NC,NTPC,386.65,374.35,387.65,374.35,380.15,9267715,382.3,386.65,25,386.7,1160,
2026-04-13T12:33:02.186,NC,NTPC,386.7,374.35,387.65,374.35,380.15,9267996,382.3,386.65,2,386.7,1041,
2026-04-13T12:33:06.587,NC,NTPC,386.7,374.35,387.65,374.35,380.15,9268429,382.3,386.65,1,386.7,633,
2026-04-13T12:33:10.897,NC,NTPC,386.65,374.35,387.65,374.35,380.15,9268638,382.3,386.6,881,386.65,5,
2026-04-13T12:33:15.114,NC,NTPC,386.65,374.35,387.65,374.35,380.15,9269321,382.3,386.65,25,386.75,2508,
2026-04-13T12:33:19.510,NC,NTPC,386.7,374.35,387.65,374.35,380.15,9269637,382.3,386.6,1790,386.7,77,
2026-04-13T12:33:24.108,NC,NTPC,386.6,374.35,387.65,374.35,380.15,9270014,382.3,386.6,1519,386.7,1154,
2026-04-13T12:33:28.824,NC,NTPC,386.45,374.35,387.65,374.35,380.15,9272776,382.3,386.3,954,386.45,372,
2026-04-13T12:33:33.618,NC,NTPC,386.3,374.35,387.65,374.35,380.15,9273054,382.3,386.3,177,386.45,1397,
2026-04-13T12:33:38.179,NC,NTPC,386.25,374.35,387.65,374.35,380.15,9273401,382.3,386.25,410,386.4,880,
2026-04-13T12:33:42.987,NC,NTPC,386.2,374.35,387.65,374.35,380.15,9274164,382.3,386.25,1,386.35,8,
2026-04-13T12:33:47.882,NC,NTPC,386.2,374.35,387.65,374.35,380.15,9274522,382.3,386.25,610,386.35,658,
2026-04-13T12:33:52.980,NC,NTPC,386.35,374.35,387.65,374.35,380.15,9275029,382.3,386.25,496,386.35,1471,
2026-04-13T12:33:58.398,NC,NTPC,386.35,374.35,387.65,374.35,380.15,9278458,382.3,386.3,67,386.35,200,
2026-04-13T12:34:03.801,NC,NTPC,386.3,374.35,387.65,374.35,380.15,9279286,382.3,386.3,647,386.35,556,
2026-04-13T12:34:08.808,NC,NTPC,386.3,374.35,387.65,374.35,380.15,9279916,382.3,386.3,592,386.35,15,
2026-04-13T12:34:13.619,NC,NTPC,386.35,374.35,387.65,374.35,380.15,9280104,382.3,386.35,25,386.4,1008,
2026-04-13T12:34:18.230,NC,NTPC,386.4,374.35,387.65,374.35,380.15,9281045,382.3,386.35,30,386.4,845,
2026-04-13T12:34:23.141,NC,NTPC,386.2,374.35,387.65,374.35,380.15,9281383,382.3,386.2,2303,386.35,333,
2026-04-13T12:34:27.828,NC,NTPC,386.4,374.35,387.65,374.35,380.15,9282691,382.31,386.35,115,386.4,596,
2026-04-13T12:34:32.434,NC,NTPC,386.3,374.35,387.65,374.35,380.15,9283217,382.31,386.3,5,386.35,171,
2026-04-13T12:34:37.639,NC,NTPC,386.35,374.35,387.65,374.35,380.15,9283994,382.31,386.25,1300,386.3,170,
2026-04-13T12:34:42.346,NC,NTPC,386.4,374.35,387.65,374.35,380.15,9288897,382.31,386.4,208,386.5,1234,
2026-04-13T12:34:46.863,NC,NTPC,386.4,374.35,387.65,374.35,380.15,9290952,382.31,386.4,325,386.5,5,
2026-04-13T12:34:51.253,NC,NTPC,386.55,374.35,387.65,374.35,380.15,9295495,382.31,386.35,1133,386.55,2036,
2026-04-13T12:34:56.057,NC,NTPC,386.55,374.35,387.65,374.35,380.15,9296900,382.31,386.35,1861,386.55,1582,
2026-04-13T12:35:00.872,NC,NTPC,386.45,374.35,387.65,374.35,380.15,9299881,382.31,386.45,879,386.6,1008,
2026-04-13T12:35:06.271,NC,NTPC,386.7,374.35,387.65,374.35,380.15,9301298,382.31,386.7,236,386.8,2028,
2026-04-13T12:35:11.382,NC,NTPC,386.75,374.35,387.65,374.35,380.15,9303045,382.31,386.6,403,386.75,1608,
2026-04-13T12:35:16.256,NC,NTPC,386.55,374.35,387.65,374.35,380.15,9303464,382.31,386.55,1435,386.7,49,
2026-04-13T12:35:20.866,NC,NTPC,386.8,374.35,387.65,374.35,380.15,9303852,382.31,386.7,3,386.8,1322,
2026-04-13T12:35:25.362,NC,NTPC,386.75,374.35,387.65,374.35,380.15,9305064,382.32,386.75,1,386.8,1219,
2026-04-13T12:35:29.764,NC,NTPC,386.75,374.35,387.65,374.35,380.15,9305597,382.32,386.6,1962,386.75,1199,
2026-04-13T12:35:34.163,NC,NTPC,386.75,374.35,387.65,374.35,380.15,9306550,382.32,386.6,1204,386.75,1343,
2026-04-13T12:35:38.619,NC,NTPC,386.8,374.35,387.65,374.35,380.15,9307831,382.32,386.7,19,386.8,2082,
2026-04-13T12:35:43.030,NC,NTPC,386.8,374.35,387.65,374.35,380.15,9308104,382.32,386.6,1204,386.75,440,
2026-04-13T12:35:47.426,NC,NTPC,386.75,374.35,387.65,374.35,380.15,9308806,382.32,386.7,3,386.75,442,
2026-04-13T12:35:52.034,NC,NTPC,386.6,374.35,387.65,374.35,380.15,9309153,382.32,386.6,1033,386.75,505,
2026-04-13T12:35:56.742,NC,NTPC,386.45,374.35,387.65,374.35,380.15,9311457,382.32,386.45,615,386.6,283,
2026-04-13T12:36:01.346,NC,NTPC,386.6,374.35,387.65,374.35,380.15,9312352,382.32,386.55,3,386.6,252,
2026-04-13T12:36:06.148,NC,NTPC,386.55,374.35,387.65,374.35,380.15,9312885,382.32,386.5,135,386.55,6,
2026-04-13T12:36:11.156,NC,NTPC,386.6,374.35,387.65,374.35,380.15,9314401,382.32,386.6,15,386.65,502,
2026-04-13T12:36:15.864,NC,NTPC,386.55,374.35,387.65,374.35,380.15,9315098,382.32,386.45,52,386.55,28,
2026-04-13T12:36:20.267,NC,NTPC,386.6,374.35,387.65,374.35,380.15,9315470,382.32,386.5,3,386.6,1508,
2026-04-13T12:36:25.077,NC,NTPC,386.45,374.35,387.65,374.35,380.15,9318087,382.32,386.45,1346,386.55,1721,
2026-04-13T12:36:30.284,NC,NTPC,386.3,374.35,387.65,374.35,380.15,9318616,382.32,386.3,468,386.4,24,
2026-04-13T12:36:35.392,NC,NTPC,386.45,374.35,387.65,374.35,380.15,9321004,382.32,386.3,1441,386.45,847,
2026-04-13T12:36:37.191,NC,NTPC,386.3,374.35,387.65,374.35,380.15,9321118,382.32,386.3,1327,386.45,1715,
2026-04-13T12:36:39.198,NC,NTPC,386.25,374.35,387.65,374.35,380.15,9322319,382.32,386.2,102,386.25,15,
2026-04-13T12:36:40.196,NC,NTPC,386.2,374.35,387.65,374.35,380.15,9322329,382.32,386.2,646,386.25,15,
2026-04-13T12:36:41.232,NC,NTPC,386.3,374.35,387.65,374.35,380.15,9322604,382.32,386.25,2,386.3,53,
2026-04-13T12:36:42.197,NC,NTPC,386.25,374.35,387.65,374.35,380.15,9322605,382.32,386.25,27,386.3,53,
2026-04-13T12:36:43.099,NC,NTPC,386.3,374.35,387.65,374.35,380.15,9322640,382.32,386.25,27,386.3,48,
2026-04-13T12:36:44.198,NC,NTPC,386.3,374.35,387.65,374.35,380.15,9323167,382.32,386.3,600,386.45,295,
2026-04-13T12:36:45.198,NC,NTPC,386.45,374.35,387.65,374.35,380.15,9323346,382.32,386.3,1100,386.45,91,
2026-04-13T12:36:46.101,NC,NTPC,386.4,374.35,387.65,374.35,380.15,9323364,382.32,386.4,7,386.5,2190,
2026-04-13T12:36:47.106,NC,NTPC,386.4,374.35,387.65,374.35,380.15,9323366,382.32,386.4,7,386.45,1,
2026-04-13T12:36:48.022,NC,NTPC,386.3,374.35,387.65,374.35,380.15,9323670,382.32,386.3,1188,386.4,18,
2026-04-13T12:36:49.108,NC,NTPC,386.45,374.35,387.65,374.35,380.15,9323897,382.32,386.45,12,386.5,1835,
2026-04-13T12:36:50.111,NC,NTPC,386.45,374.35,387.65,374.35,380.15,9323903,382.32,386.45,8,386.5,1922,
2026-04-13T12:36:51.012,NC,NTPC,386.45,374.35,387.65,374.35,380.15,9323911,382.32,386.45,17,386.5,1824,
2026-04-13T12:36:52.020,NC,NTPC,386.45,374.35,387.65,374.35,380.15,9324013,382.32,386.45,7,386.5,1556,
2026-04-13T12:36:52.926,NC,NTPC,386.5,374.35,387.65,374.35,380.15,9324098,382.32,386.45,7,386.5,1589,
2026-04-13T12:36:53.917,NC,NTPC,386.3,374.35,387.65,374.35,380.15,9325843,382.32,386.3,928,386.4,305,
2026-04-13T12:36:55.020,NC,NTPC,386.4,374.35,387.65,374.35,380.15,9326531,382.33,386.3,824,386.4,192,
2026-04-13T12:36:55.924,NC,NTPC,386.4,374.35,387.65,374.35,380.15,9326535,382.33,386.3,824,386.4,188,
2026-04-13T12:36:56.924,NC,NTPC,386.4,374.35,387.65,374.35,380.15,9326855,382.33,386.4,25,386.5,1252,
2026-04-13T12:36:58.921,NC,NTPC,386.4,374.35,387.65,374.35,380.15,9326886,382.33,386.35,17,386.4,13,
2026-04-13T12:37:00.034,NC,NTPC,386.35,374.35,387.65,374.35,380.15,9326891,382.33,386.35,15,386.4,13,
2026-04-13T12:37:01.127,NC,NTPC,386.5,374.35,387.65,374.35,380.15,9327133,382.33,386.4,3,386.5,1141,
2026-04-13T12:37:03.230,NC,NTPC,386.45,374.35,387.65,374.35,380.15,9327209,382.33,386.45,3,386.5,993,
2026-04-13T12:37:04.129,NC,NTPC,386.4,374.35,387.65,374.35,380.15,9327975,382.33,386.4,275,386.5,916,
2026-04-13T12:37:05.127,NC,NTPC,386.4,374.35,387.65,374.35,380.15,9328110,382.33,386.4,250,386.5,806,
2026-04-13T12:37:06.036,NC,NTPC,386.5,374.35,387.65,374.35,380.15,9328200,382.33,386.4,200,386.5,844,
2026-04-13T12:37:09.338,NC,NTPC,386.5,374.35,387.65,374.35,380.15,9329410,382.33,386.4,13,386.5,37,
2026-04-13T12:37:11.242,NC,NTPC,386.35,374.35,387.65,374.35,380.15,9329538,382.33,386.35,461,386.4,6,
2026-04-13T12:37:12.255,NC,NTPC,386.4,374.35,387.65,374.35,380.15,9329584,382.33,386.4,15,386.5,1527,
2026-04-13T12:37:13.244,NC,NTPC,386.4,374.35,387.65,374.35,380.15,9329686,382.33,386.4,13,386.5,901,
2026-04-13T12:37:14.146,NC,NTPC,386.4,374.35,387.65,374.35,380.15,9329886,382.33,386.35,18,386.4,14,
2026-04-13T12:37:15.146,NC,NTPC,386.4,374.35,387.65,374.35,380.15,9329903,382.33,386.35,9,386.4,33,
2026-04-13T12:37:16.247,NC,NTPC,386.4,374.35,387.65,374.35,380.15,9330129,382.33,386.3,1016,386.4,57,
2026-04-13T12:37:17.246,NC,NTPC,386.3,374.35,387.65,374.35,380.15,9330520,382.33,386.3,710,386.5,1555,
2026-04-13T12:37:18.150,NC,NTPC,386.4,374.35,387.65,374.35,380.15,9330521,382.33,386.4,4,386.5,1311,
2026-04-13T12:37:19.247,NC,NTPC,386.4,374.35,387.65,374.35,380.15,9330532,382.33,386.3,713,386.4,7,
2026-04-13T12:37:20.152,NC,NTPC,386.35,374.35,387.65,374.35,380.15,9330534,382.33,386.3,313,386.35,977,
2026-04-13T12:37:21.155,NC,NTPC,386.3,374.35,387.65,374.35,380.15,9330822,382.33,386.3,76,386.35,877,
2026-04-13T12:37:22.248,NC,NTPC,386.35,374.35,387.65,374.35,380.15,9331295,382.33,386.3,650,386.35,477,
2026-04-13T12:37:24.156,NC,NTPC,386.35,374.35,387.65,374.35,380.15,9332379,382.33,386.35,12,386.5,2029,
2026-04-13T12:37:25.152,NC,NTPC,386.5,374.35,387.65,374.35,380.15,9332385,382.33,386.35,12,386.5,1321,
2026-04-13T12:37:26.175,NC,NTPC,386.5,374.35,387.65,374.35,380.15,9332479,382.33,386.4,3,386.5,1369,
2026-04-13T12:37:27.161,NC,NTPC,386.4,374.35,387.65,374.35,380.15,9332737,382.33,386.4,3,386.5,1287,
2026-04-13T12:37:28.255,NC,NTPC,386.4,374.35,387.65,374.35,380.15,9332748,382.33,386.3,789,386.4,1,
2026-04-13T12:37:29.268,NC,NTPC,386.5,374.35,387.65,374.35,380.15,9332903,382.33,386.3,5884,386.5,1058,
2026-04-13T12:37:30.157,NC,NTPC,386.5,374.35,387.65,374.35,380.15,9333003,382.33,386.35,122,386.5,684,
2026-04-13T12:37:31.258,NC,NTPC,386.35,374.35,387.65,374.35,380.15,9333158,382.33,386.35,2570,386.5,291,
2026-04-13T12:37:33.260,NC,NTPC,386.5,374.35,387.65,374.35,380.15,9333163,382.33,386.4,495,386.5,217,
2026-04-13T12:37:34.438,NC,NTPC,386.5,374.35,387.65,374.35,380.15,9333382,382.33,386.4,441,386.5,52,
2026-04-13T12:37:35.368,NC,NTPC,386.4,374.35,387.65,374.35,380.15,9333753,382.33,386.4,495,386.5,41,
2026-04-13T12:37:36.362,NC,NTPC,386.4,374.35,387.65,374.35,380.15,9333756,382.33,386.4,492,386.5,41,
2026-04-13T12:37:37.279,NC,NTPC,386.4,374.35,387.65,374.35,380.15,9333861,382.33,386.4,679,386.55,974,
2026-04-13T12:37:42.280,NC,NTPC,386.55,374.35,387.65,374.35,380.15,9335615,382.33,386.45,3,386.55,288,
2026-04-13T12:37:46.975,NC,NTPC,386.4,374.35,387.65,374.35,380.15,9335773,382.33,386.4,807,386.55,135,
2026-04-13T12:37:51.581,NC,NTPC,386.4,374.35,387.65,374.35,380.15,9336191,382.33,386.4,557,386.5,50,
2026-04-13T12:37:56.082,NC,NTPC,386.55,374.35,387.65,374.35,380.15,9337978,382.33,386.55,9,386.6,769,
2026-04-13T12:38:00.591,NC,NTPC,386.6,374.35,387.65,374.35,380.15,9338504,382.33,386.5,645,386.6,204,
2026-04-13T12:38:05.402,NC,NTPC,386.6,374.35,387.65,374.35,380.15,9338947,382.33,386.6,1353,386.65,519,
2026-04-13T12:38:10.614,NC,NTPC,386.75,374.35,387.65,374.35,380.15,9341162,382.33,386.6,423,386.75,690,
2026-04-13T12:38:15.530,NC,NTPC,386.55,374.35,387.65,374.35,380.15,9341543,382.33,386.55,242,386.6,6,
2026-04-13T12:38:20.428,NC,NTPC,386.65,374.35,387.65,374.35,380.15,9341863,382.33,386.55,1099,386.65,29,
2026-04-13T12:38:25.335,NC,NTPC,386.7,374.35,387.65,374.35,380.15,9343709,382.33,386.55,534,386.7,711,
2026-04-13T12:38:30.059,NC,NTPC,386.7,374.35,387.65,374.35,380.15,9344096,382.33,386.55,447,386.7,991,
2026-04-13T12:38:34.746,NC,NTPC,386.6,374.35,387.65,374.35,380.15,9344543,382.33,386.55,239,386.6,1711,
2026-04-13T12:38:39.851,NC,NTPC,386.55,374.35,387.65,374.35,380.15,9345952,382.33,386.5,4,386.55,13,
2026-04-13T12:38:44.553,NC,NTPC,386.55,374.35,387.65,374.35,380.15,9346308,382.33,386.55,25,386.6,3196,
2026-04-13T12:38:49.258,NC,NTPC,386.5,374.35,387.65,374.35,380.15,9346838,382.33,386.4,5866,386.5,1206,
2026-04-13T12:38:54.067,NC,NTPC,386.4,374.35,387.65,374.35,380.15,9348590,382.34,386.4,5444,386.5,979,
2026-04-13T12:38:58.688,NC,NTPC,386.4,374.35,387.65,374.35,380.15,9349327,382.34,386.4,6839,386.45,1500,
2026-04-13T12:39:03.179,NC,NTPC,386.45,374.35,387.65,374.35,380.15,9349444,382.34,386.4,6761,386.45,2006,
2026-04-13T12:39:07.699,NC,NTPC,386.45,374.35,387.65,374.35,380.15,9349774,382.34,386.4,7207,386.45,1740,
2026-04-13T12:39:12.200,NC,NTPC,386.4,374.35,387.65,374.35,380.15,9351677,382.34,386.4,6721,386.45,312,
2026-04-13T12:39:17.114,NC,NTPC,386.45,374.35,387.65,374.35,380.15,9351888,382.34,386.4,6664,386.45,155,
2026-04-13T12:39:21.937,NC,NTPC,386.5,374.35,387.65,374.35,380.15,9352572,382.34,386.4,6260,386.5,793,
2026-04-13T12:39:27.327,NC,NTPC,386.5,374.35,387.65,374.35,380.15,9354620,382.34,386.45,4900,386.5,722,
2026-04-13T12:39:32.644,NC,NTPC,386.5,374.35,387.65,374.35,380.15,9356035,382.34,386.5,639,386.55,985,
2026-04-13T12:39:37.455,NC,NTPC,386.5,374.35,387.65,374.35,380.15,9357093,382.34,386.45,4663,386.5,567,
2026-04-13T12:39:42.165,NC,NTPC,386.5,374.35,387.65,374.35,380.15,9364219,382.34,386.5,21,386.55,2341,
2026-04-13T12:39:46.800,NC,NTPC,386.55,374.35,387.65,374.35,380.15,9364599,382.34,386.45,1667,386.55,2559,
2026-04-13T12:39:50.984,NC,NTPC,386.45,374.35,387.65,374.35,380.15,9364948,382.34,386.45,1469,386.55,2188,
2026-04-13T12:39:55.365,NC,NTPC,386.5,374.35,387.65,374.35,380.15,9366358,382.34,386.45,1322,386.5,682,
2026-04-13T12:40:00.286,NC,NTPC,386.45,374.35,387.65,374.35,380.15,9366662,382.34,386.45,1270,386.5,730,
2026-04-13T12:40:05.185,NC,NTPC,386.45,374.35,387.65,374.35,380.15,9368263,382.34,386.4,3269,386.45,225,
2026-04-13T12:40:10.099,NC,NTPC,386.5,374.35,387.65,374.35,380.15,9369519,382.34,386.45,1,386.5,856,
2026-04-13T12:40:14.817,NC,NTPC,386.5,374.35,387.65,374.35,380.15,9370667,382.34,386.45,445,386.5,411,
2026-04-13T12:40:19.710,NC,NTPC,386.45,374.35,387.65,374.35,380.15,9371106,382.35,386.45,303,386.5,182,
2026-04-13T12:40:24.615,NC,NTPC,386.45,374.35,387.65,374.35,380.15,9374122,382.35,386.4,1833,386.45,251,
2026-04-13T12:40:29.828,NC,NTPC,386.25,374.35,387.65,374.35,380.15,9376610,382.35,386.25,306,386.35,359,
2026-04-13T12:40:34.822,NC,NTPC,386.25,374.35,387.65,374.35,380.15,9377214,382.35,386.2,589,386.25,73,
2026-04-13T12:40:40.231,NC,NTPC,386.3,374.35,387.65,374.35,380.15,9378509,382.35,386.2,642,386.3,98,
2026-04-13T12:40:45.540,NC,NTPC,386.3,374.35,387.65,374.35,380.15,9379015,382.35,386.25,7,386.3,530,
2026-04-13T12:40:49.855,NC,NTPC,386.3,374.35,387.65,374.35,380.15,9379421,382.35,386.25,565,386.3,195,
2026-04-13T12:40:54.459,NC,NTPC,386.3,374.35,387.65,374.35,380.15,9380814,382.35,386.3,277,386.4,839,
2026-04-13T12:40:59.171,NC,NTPC,386.3,374.35,387.65,374.35,380.15,9381445,382.35,386.3,110,386.4,451,
2026-04-13T12:41:04.276,NC,NTPC,386.45,374.35,387.65,374.35,380.15,9381776,382.35,386.35,1,386.45,836,
2026-04-13T12:41:09.081,NC,NTPC,386.4,374.35,387.65,374.35,380.15,9382639,382.35,386.4,73,386.45,1066,
2026-04-13T12:41:13.899,NC,NTPC,386.45,374.35,387.65,374.35,380.15,9383743,382.35,386.25,1134,386.4,141,
2026-04-13T12:41:18.789,NC,NTPC,386.25,374.35,387.65,374.35,380.15,9383888,382.35,386.25,792,386.4,115,
2026-04-13T12:41:23.194,NC,NTPC,386.3,374.35,387.65,374.35,380.15,9384553,382.35,386.35,3,386.45,2,
2026-04-13T12:41:27.610,NC,NTPC,386.5,374.35,387.65,374.35,380.15,9385802,382.35,386.45,28,386.55,2529,
2026-04-13T12:41:31.912,NC,NTPC,386.5,374.35,387.65,374.35,380.15,9386194,382.35,386.4,490,386.5,8,
2026-04-13T12:41:36.525,NC,NTPC,386.35,374.35,387.65,374.35,380.15,9386669,382.35,386.35,334,386.45,64,
2026-04-13T12:41:40.822,NC,NTPC,386.35,374.35,387.65,374.35,380.15,9388553,382.35,386.3,1280,386.5,251,
2026-04-13T12:41:45.228,NC,NTPC,386.5,374.35,387.65,374.35,380.15,9389264,382.35,386.35,180,386.5,717,
2026-04-13T12:41:49.930,NC,NTPC,386.4,374.35,387.65,374.35,380.15,9389583,382.35,386.35,1,386.4,572,
2026-04-13T12:41:54.354,NC,NTPC,386.4,374.35,387.65,374.35,380.15,9390843,382.35,386.3,184,386.35,6,
2026-04-13T12:41:58.746,NC,NTPC,386.35,374.35,387.65,374.35,380.15,9391077,382.35,386.35,25,386.4,126,
2026-04-13T12:42:03.364,NC,NTPC,386.4,374.35,387.65,374.35,380.15,9391706,382.35,386.45,28,386.5,363,
2026-04-13T12:42:08.459,NC,NTPC,386.55,374.35,387.65,374.35,380.15,9393049,382.35,386.5,12,386.55,1032,
2026-04-13T12:42:13.273,NC,NTPC,386.5,374.35,387.65,374.35,380.15,9393551,382.35,386.5,3,386.55,724,
2026-04-13T12:42:18.015,NC,NTPC,386.5,374.35,387.65,374.35,380.15,9393706,382.35,386.45,20,386.5,24,
2026-04-13T12:42:22.578,NC,NTPC,386.55,374.35,387.65,374.35,380.15,9394059,382.35,386.45,3,386.55,266,
2026-04-13T12:42:27.204,NC,NTPC,386.45,374.35,387.65,374.35,380.15,9395623,382.36,386.45,1,386.5,2702,
2026-04-13T12:42:32.291,NC,NTPC,386.5,374.35,387.65,374.35,380.15,9396135,382.36,386.4,480,386.5,3210,
2026-04-13T12:42:37.400,NC,NTPC,386.35,374.35,387.65,374.35,380.15,9396647,382.36,386.35,448,386.5,793,
2026-04-13T12:42:42.605,NC,NTPC,386.55,374.35,387.65,374.35,380.15,9398376,382.36,386.5,478,386.55,3442,
2026-04-13T12:42:47.121,NC,NTPC,386.5,374.35,387.65,374.35,380.15,9399615,382.36,386.5,96,386.55,2573,
2026-04-13T12:42:51.621,NC,NTPC,386.4,374.35,387.65,374.35,380.15,9400190,382.36,386.4,220,386.5,11,
2026-04-13T12:42:55.828,NC,NTPC,386.55,374.35,387.65,374.35,380.15,9401681,382.36,386.5,1,386.55,1786,
2026-04-13T12:43:00.134,NC,NTPC,386.4,374.35,387.65,374.35,380.15,9402040,382.36,386.45,3,386.5,13,
2026-04-13T12:43:04.349,NC,NTPC,386.5,374.35,387.65,374.35,380.15,9402281,382.36,386.4,202,386.5,2,
2026-04-13T12:43:09.218,NC,NTPC,386.4,374.35,387.65,374.35,380.15,9403687,382.36,386.4,222,386.5,1,
2026-04-13T12:43:14.007,NC,NTPC,386.4,374.35,387.65,374.35,380.15,9404095,382.36,386.4,233,386.55,974,
2026-04-13T12:43:18.926,NC,NTPC,386.55,374.35,387.65,374.35,380.15,9404396,382.36,386.4,111,386.55,1045,
2026-04-13T12:43:23.324,NC,NTPC,386.5,374.35,387.65,374.35,380.15,9405556,382.36,386.45,3,386.5,107,
2026-04-13T12:43:27.531,NC,NTPC,386.55,374.35,387.65,374.35,380.15,9406348,382.36,386.5,28,386.55,354,
2026-04-13T12:43:32.334,NC,NTPC,386.45,374.35,387.65,374.35,380.15,9407430,382.36,386.45,17,386.5,355,
2026-04-13T12:43:37.045,NC,NTPC,386.45,374.35,387.65,374.35,380.15,9407714,382.36,386.45,1,386.5,33,
2026-04-13T12:43:41.557,NC,NTPC,386.5,374.35,387.65,374.35,380.15,9409173,382.36,386.4,64,386.5,187,
2026-04-13T12:43:45.968,NC,NTPC,386.5,374.35,387.65,374.35,380.15,9409657,382.36,386.4,1115,386.5,160,
2026-04-13T12:43:50.179,NC,NTPC,386.4,374.35,387.65,374.35,380.15,9410535,382.36,386.4,703,386.5,15,
2026-04-13T12:43:54.373,NC,NTPC,386.55,374.35,387.65,374.35,380.15,9412082,382.36,386.55,12,386.6,159,
2026-04-13T12:43:58.378,NC,NTPC,386.6,374.35,387.65,374.35,380.15,9412441,382.36,386.5,43,386.55,25,
2026-04-13T12:44:02.585,NC,NTPC,386.55,374.35,387.65,374.35,380.15,9412657,382.36,386.55,3,386.6,1,
2026-04-13T12:44:06.989,NC,NTPC,386.55,374.35,387.65,374.35,380.15,9412895,382.36,386.45,2,386.55,78,
2026-04-13T12:44:11.899,NC,NTPC,386.55,374.35,387.65,374.35,380.15,9414417,382.36,386.4,716,386.55,432,
2026-04-13T12:44:16.300,NC,NTPC,386.5,374.35,387.65,374.35,380.15,9414484,382.36,386.5,4,386.55,252,
2026-04-13T12:44:20.706,NC,NTPC,387.3,374.35,387.65,374.35,380.15,9467358,382.39,386.95,787,387.15,1647,
2026-04-13T12:44:24.907,NC,NTPC,387.3,374.35,387.65,374.35,380.15,9468573,382.39,387.15,1,387.25,123,
2026-04-13T12:44:29.217,NC,NTPC,387.15,374.35,387.65,374.35,380.15,9470222,382.39,387.0,1373,387.15,23,
2026-04-13T12:44:33.322,NC,NTPC,387.2,374.35,387.65,374.35,380.15,9470445,382.39,387.1,60,387.15,29,
2026-04-13T12:44:37.335,NC,NTPC,387.15,374.35,387.65,374.35,380.15,9470685,382.39,387.15,1,387.25,158,
2026-04-13T12:44:38.326,NC,NTPC,387.25,374.35,387.65,374.35,380.15,9470689,382.39,387.1,409,387.25,154,
2026-04-13T12:44:39.324,NC,NTPC,387.15,374.35,387.65,374.35,380.15,9471897,382.39,387.15,133,387.25,468,
2026-04-13T12:44:41.330,NC,NTPC,387.25,374.35,387.65,374.35,380.15,9473459,382.39,387.05,141,387.25,525,
2026-04-13T12:44:42.333,NC,NTPC,387.25,374.35,387.65,374.35,380.15,9473609,382.39,387.05,52,387.25,669,
2026-04-13T12:44:43.336,NC,NTPC,387.0,374.35,387.65,374.35,380.15,9475680,382.39,387.0,843,387.2,869,
2026-04-13T12:44:44.342,NC,NTPC,387.0,374.35,387.65,374.35,380.15,9475734,382.39,387.05,72,387.2,1170,
2026-04-13T12:44:45.336,NC,NTPC,387.0,374.35,387.65,374.35,380.15,9475841,382.39,387.0,657,387.2,925,
2026-04-13T12:44:46.351,NC,NTPC,387.15,374.35,387.65,374.35,380.15,9475847,382.39,387.15,4,387.2,1056,
2026-04-13T12:44:47.355,NC,NTPC,387.2,374.35,387.65,374.35,380.15,9475927,382.39,387.15,4,387.2,976,
2026-04-13T12:44:48.357,NC,NTPC,387.0,374.35,387.65,374.35,380.15,9476027,382.39,387.0,1072,387.15,254,
2026-04-13T12:44:49.246,NC,NTPC,387.15,374.35,387.65,374.35,380.15,9476398,382.39,387.1,39,387.2,559,
2026-04-13T12:44:50.153,NC,NTPC,387.15,374.35,387.65,374.35,380.15,9476439,382.39,387.0,963,387.2,1590,
2026-04-13T12:44:51.153,NC,NTPC,387.2,374.35,387.65,374.35,380.15,9476440,382.39,387.0,1130,387.2,1589,
2026-04-13T12:44:52.258,NC,NTPC,387.0,374.35,387.65,374.35,380.15,9476532,382.39,387.0,1038,387.2,1579,
2026-04-13T12:44:54.366,NC,NTPC,387.0,374.35,387.65,374.35,380.15,9477735,382.39,387.0,1289,387.2,622,
2026-04-13T12:44:55.460,NC,NTPC,387.15,374.35,387.65,374.35,380.15,9477755,382.39,387.0,1279,387.15,90,
2026-04-13T12:44:56.559,NC,NTPC,387.15,374.35,387.65,374.35,380.15,9478002,382.39,387.15,18,387.2,522,
2026-04-13T12:44:58.761,NC,NTPC,387.0,374.35,387.65,374.35,380.15,9479061,382.4,387.0,985,387.2,673,
2026-04-13T12:45:00.769,NC,NTPC,387.1,374.35,387.65,374.35,380.15,9479130,382.4,387.1,134,387.2,595,
2026-04-13T12:45:01.878,NC,NTPC,387.1,374.35,387.65,374.35,380.15,9479155,382.4,387.1,134,387.2,572,
2026-04-13T12:45:04.075,NC,NTPC,387.0,374.35,387.65,374.35,380.15,9479410,382.4,387.0,1070,387.15,1,
2026-04-13T12:45:05.078,NC,NTPC,387.15,374.35,387.65,374.35,380.15,9479521,382.4,387.05,33,387.15,87,
2026-04-13T12:45:06.075,NC,NTPC,387.15,374.35,387.65,374.35,380.15,9479524,382.4,387.05,345,387.15,84,
2026-04-13T12:45:07.179,NC,NTPC,387.05,374.35,387.65,374.35,380.15,9479582,382.4,387.05,584,387.15,94,
2026-04-13T12:45:09.183,NC,NTPC,387.25,374.35,387.65,374.35,380.15,9480793,382.4,387.1,495,387.3,1735,
2026-04-13T12:45:10.177,NC,NTPC,387.3,374.35,387.65,374.35,380.15,9480823,382.4,387.1,436,387.3,1705,
2026-04-13T12:45:11.178,NC,NTPC,387.1,374.35,387.65,374.35,380.15,9480953,382.4,387.1,907,387.3,1414,
2026-04-13T12:45:12.182,NC,NTPC,387.3,374.35,387.65,374.35,380.15,9481202,382.4,387.1,1542,387.3,1225,
2026-04-13T12:45:13.180,NC,NTPC,387.3,374.35,387.65,374.35,380.15,9481302,382.4,387.15,280,387.3,1125,
2026-04-13T12:45:14.188,NC,NTPC,387.15,374.35,387.65,374.35,380.15,9481357,382.4,387.15,623,387.25,1,
2026-04-13T12:45:15.188,NC,NTPC,387.25,374.35,387.65,374.35,380.15,9481360,382.4,387.25,1,387.3,854,
2026-04-13T12:45:16.186,NC,NTPC,387.3,374.35,387.65,374.35,380.15,9481411,382.4,387.25,1,387.3,905,
2026-04-13T12:45:17.188,NC,NTPC,387.25,374.35,387.65,374.35,380.15,9481413,382.4,387.15,398,387.3,1131,
2026-04-13T12:45:18.191,NC,NTPC,387.3,374.35,387.65,374.35,380.15,9481415,382.4,387.15,448,387.3,1389,
2026-04-13T12:45:19.192,NC,NTPC,387.15,374.35,387.65,374.35,380.15,9481475,382.4,387.15,239,387.3,1406,
2026-04-13T12:45:20.192,NC,NTPC,387.3,374.35,387.65,374.35,380.15,9481507,382.4,387.15,317,387.25,1,
2026-04-13T12:45:21.492,NC,NTPC,387.3,374.35,387.65,374.35,380.15,9481675,382.4,387.15,249,387.3,1271,
2026-04-13T12:45:22.495,NC,NTPC,387.15,374.35,387.65,374.35,380.15,9481725,382.4,387.15,199,387.25,1,
2026-04-13T12:45:23.512,NC,NTPC,387.3,374.35,387.65,374.35,380.15,9482874,382.4,387.15,199,387.3,647,
2026-04-13T12:45:24.497,NC,NTPC,387.15,374.35,387.65,374.35,380.15,9482928,382.4,387.2,133,387.3,710,
2026-04-13T12:45:25.512,NC,NTPC,387.15,374.35,387.65,374.35,380.15,9483078,382.4,387.1,420,387.15,355,
2026-04-13T12:45:26.498,NC,NTPC,387.15,374.35,387.65,374.35,380.15,9483337,382.4,387.1,1055,387.15,116,
2026-04-13T12:45:27.501,NC,NTPC,387.15,374.35,387.65,374.35,380.15,9483535,382.4,387.15,802,387.3,978,
2026-04-13T12:45:28.501,NC,NTPC,387.15,374.35,387.65,374.35,380.15,9483603,382.4,387.15,1456,387.25,1,
2026-04-13T12:45:29.505,NC,NTPC,387.25,374.35,387.65,374.35,380.15,9483760,382.4,387.15,1205,387.2,1,
2026-04-13T12:45:31.505,NC,NTPC,387.2,374.35,387.65,374.35,380.15,9483762,382.4,387.2,3,387.25,147,
2026-04-13T12:45:32.510,NC,NTPC,387.2,374.35,387.65,374.35,380.15,9483765,382.4,387.2,2,387.3,1340,
2026-04-13T12:45:33.511,NC,NTPC,387.3,374.35,387.65,374.35,380.15,9484015,382.4,387.2,2,387.3,2616,
2026-04-13T12:45:34.512,NC,NTPC,387.2,374.35,387.65,374.35,380.15,9484045,382.4,387.15,2313,387.2,6,
2026-04-13T12:45:35.506,NC,NTPC,387.2,374.35,387.65,374.35,380.15,9486369,382.4,387.15,1282,387.2,6,
2026-04-13T12:45:36.707,NC,NTPC,387.3,374.35,387.65,374.35,380.15,9486644,382.4,387.15,1267,387.3,2913,
2026-04-13T12:45:37.712,NC,NTPC,387.3,374.35,387.65,374.35,380.15,9488144,382.4,387.15,1713,387.25,1,
2026-04-13T12:45:38.712,NC,NTPC,387.15,374.35,387.65,374.35,380.15,9489879,382.4,387.15,1755,387.3,8,
2026-04-13T12:45:39.813,NC,NTPC,387.3,374.35,387.65,374.35,380.15,9491889,382.4,387.1,1297,387.3,326,
2026-04-13T12:45:40.711,NC,NTPC,387.2,374.35,387.65,374.35,380.15,9492499,382.4,387.1,738,387.2,455,
2026-04-13T12:45:41.713,NC,NTPC,387.2,374.35,387.65,374.35,380.15,9492852,382.4,387.1,738,387.2,102,
2026-04-13T12:45:42.820,NC,NTPC,387.1,374.35,387.65,374.35,380.15,9492877,382.4,387.1,755,387.15,1,
2026-04-13T12:45:43.723,NC,NTPC,387.1,374.35,387.65,374.35,380.15,9492931,382.4,387.1,750,387.15,1,
2026-04-13T12:45:44.722,NC,NTPC,387.2,374.35,387.65,374.35,380.15,9493031,382.4,387.1,1283,387.2,10,
2026-04-13T12:45:45.826,NC,NTPC,387.2,374.35,387.65,374.35,380.15,9493037,382.4,387.1,1041,387.2,6,
2026-04-13T12:45:46.921,NC,NTPC,387.2,374.35,387.65,374.35,380.15,9493049,382.4,387.2,5,387.25,437,
2026-04-13T12:45:49.124,NC,NTPC,387.2,374.35,387.65,374.35,380.15,9493062,382.4,387.1,836,387.2,7,
2026-04-13T12:45:50.223,NC,NTPC,387.2,374.35,387.65,374.35,380.15,9493564,382.4,387.1,328,387.2,13,
2026-04-13T12:45:51.131,NC,NTPC,387.1,374.35,387.65,374.35,380.15,9493618,382.4,387.1,324,387.2,6,
2026-04-13T12:45:52.231,NC,NTPC,387.1,374.35,387.65,374.35,380.15,9493709,382.4,387.05,1,387.15,1541,
2026-04-13T12:45:53.137,NC,NTPC,387.15,374.35,387.65,374.35,380.15,9493835,382.4,387.05,1,387.15,1242,
2026-04-13T12:45:54.135,NC,NTPC,387.05,374.35,387.65,374.35,380.15,9495004,382.4,387.0,2222,387.05,7,
2026-04-13T12:45:55.144,NC,NTPC,386.95,374.35,387.65,374.35,380.15,9497346,382.4,386.8,355,386.95,516,
2026-04-13T12:45:56.146,NC,NTPC,386.75,374.35,387.65,374.35,380.15,9497401,382.4,386.75,441,386.95,949,
2026-04-13T12:45:57.140,NC,NTPC,386.75,374.35,387.65,374.35,380.15,9497651,382.4,386.75,539,386.95,635,
2026-04-13T12:45:59.141,NC,NTPC,386.95,374.35,387.65,374.35,380.15,9498096,382.4,386.8,74,386.95,410,
2026-04-13T12:46:01.144,NC,NTPC,386.95,374.35,387.65,374.35,380.15,9498196,382.4,386.9,3,386.95,416,
2026-04-13T12:46:02.147,NC,NTPC,386.9,374.35,387.65,374.35,380.15,9498216,382.4,386.9,3,386.95,921,
2026-04-13T12:46:04.154,NC,NTPC,386.9,374.35,387.65,374.35,380.15,9498236,382.4,386.85,2,386.9,6,
2026-04-13T12:46:05.055,NC,NTPC,386.9,374.35,387.65,374.35,380.15,9498245,382.4,386.85,2,386.9,7,
2026-04-13T12:46:06.150,NC,NTPC,386.9,374.35,387.65,374.35,380.15,9498279,382.4,386.9,66,386.95,1528,
2026-04-13T12:46:07.143,NC,NTPC,386.8,374.35,387.65,374.35,380.15,9498917,382.4,386.8,685,386.9,10,
2026-04-13T12:46:08.147,NC,NTPC,386.9,374.35,387.65,374.35,380.15,9498920,382.4,386.8,570,386.9,564,
2026-04-13T12:46:09.146,NC,NTPC,386.8,374.35,387.65,374.35,380.15,9500238,382.41,386.8,1150,386.95,477,
2026-04-13T12:46:10.048,NC,NTPC,386.95,374.35,387.65,374.35,380.15,9500739,382.41,386.8,795,386.95,674,
2026-04-13T12:46:11.054,NC,NTPC,386.95,374.35,387.65,374.35,380.15,9500749,382.41,386.8,795,386.95,664,
2026-04-13T12:46:12.051,NC,NTPC,386.95,374.35,387.65,374.35,380.15,9500998,382.41,386.8,1024,386.95,217,
2026-04-13T12:46:14.057,NC,NTPC,386.8,374.35,387.65,374.35,380.15,9501052,382.41,386.8,1089,386.95,217,
2026-04-13T12:46:14.968,NC,NTPC,386.95,374.35,387.65,374.35,380.15,9501059,382.41,386.8,1089,386.95,210,
2026-04-13T12:46:16.957,NC,NTPC,386.95,374.35,387.65,374.35,380.15,9501161,382.41,386.9,5,386.95,110,
2026-04-13T12:46:18.960,NC,NTPC,386.9,374.35,387.65,374.35,380.15,9501210,382.41,386.85,565,386.9,5,
2026-04-13T12:46:19.873,NC,NTPC,386.9,374.35,387.65,374.35,380.15,9501528,382.41,386.85,231,386.9,2,
2026-04-13T12:46:20.877,NC,NTPC,386.85,374.35,387.65,374.35,380.15,9501596,382.41,386.85,114,386.9,2,
2026-04-13T12:46:21.867,NC,NTPC,386.85,374.35,387.65,374.35,380.15,9501621,382.41,386.85,39,386.9,2,
2026-04-13T12:46:22.971,NC,NTPC,386.8,374.35,387.65,374.35,380.15,9501721,382.41,386.8,790,386.9,3,
2026-04-13T12:46:24.067,NC,NTPC,387.0,374.35,387.65,374.35,380.15,9502898,382.41,386.95,12,387.0,243,
2026-04-13T12:46:25.071,NC,NTPC,387.0,374.35,387.65,374.35,380.15,9503004,382.41,386.95,12,387.0,761,
2026-04-13T12:46:25.975,NC,NTPC,387.0,374.35,387.65,374.35,380.15,9503011,382.41,386.95,11,387.0,755,
2026-04-13T12:46:27.097,NC,NTPC,387.0,374.35,387.65,374.35,380.15,9503300,382.41,386.8,1073,387.0,592,
2026-04-13T12:46:28.977,NC,NTPC,387.0,374.35,387.65,374.35,380.15,9503554,382.41,387.0,71,387.05,863,
2026-04-13T12:46:30.981,NC,NTPC,387.05,374.35,387.65,374.35,380.15,9503577,382.41,387.0,71,387.05,846,
2026-04-13T12:46:31.980,NC,NTPC,387.0,374.35,387.65,374.35,380.15,9503584,382.41,387.0,64,387.05,578,
2026-04-13T12:46:32.994,NC,NTPC,387.05,374.35,387.65,374.35,380.15,9503685,382.41,387.0,64,387.05,477,
2026-04-13T12:46:33.987,NC,NTPC,387.0,374.35,387.65,374.35,380.15,9503744,382.41,387.0,40,387.05,518,
2026-04-13T12:46:34.980,NC,NTPC,387.05,374.35,387.65,374.35,380.15,9503755,382.41,387.0,39,387.05,508,
2026-04-13T12:46:41.299,NC,NTPC,387.0,374.35,387.65,374.35,380.15,9505544,382.41,386.95,2,387.05,909,
2026-04-13T12:46:45.815,NC,NTPC,387.0,374.35,387.65,374.35,380.15,9508544,382.41,386.95,41,387.0,923,
2026-04-13T12:46:50.710,NC,NTPC,386.95,374.35,387.65,374.35,380.15,9508790,382.41,386.9,488,387.0,1466,
2026-04-13T12:46:55.111,NC,NTPC,386.95,374.35,387.65,374.35,380.15,9510128,382.41,386.95,118,387.0,740,
2026-04-13T12:46:59.927,NC,NTPC,386.95,374.35,387.65,374.35,380.15,9511914,382.41,386.9,876,386.95,3,
2026-04-13T12:47:05.032,NC,NTPC,387.05,374.35,387.65,374.35,380.15,9512768,382.41,386.95,341,387.05,137,
2026-04-13T12:47:09.960,NC,NTPC,387.0,374.35,387.65,374.35,380.15,9514544,382.41,386.9,761,386.95,6,
2026-04-13T12:47:14.543,NC,NTPC,386.95,374.35,387.65,374.35,380.15,9517816,382.41,386.95,197,387.0,150,
2026-04-13T12:47:19.552,NC,NTPC,387.0,374.35,387.65,374.35,380.15,9518099,382.41,386.95,66,387.0,621,
2026-04-13T12:47:24.258,NC,NTPC,387.05,374.35,387.65,374.35,380.15,9519683,382.41,387.0,12,387.05,272,
2026-04-13T12:47:29.069,NC,NTPC,387.0,374.35,387.65,374.35,380.15,9520130,382.42,386.95,67,387.0,5,
2026-04-13T12:47:33.693,NC,NTPC,386.95,374.35,387.65,374.35,380.15,9520385,382.42,387.0,67,387.1,931,
2026-04-13T12:47:38.189,NC,NTPC,387.05,374.35,387.65,374.35,380.15,9520864,382.42,387.0,379,387.1,2276,
2026-04-13T12:47:42.803,NC,NTPC,387.0,374.35,387.65,374.35,380.15,9523693,382.42,386.95,386,387.1,1787,
2026-04-13T12:47:47.405,NC,NTPC,387.1,374.35,387.65,374.35,380.15,9524211,382.42,387.05,4,387.1,2680,
2026-04-13T12:47:52.010,NC,NTPC,387.1,374.35,387.65,374.35,380.15,9525027,382.42,386.9,1469,387.1,3155,
2026-04-13T12:47:56.910,NC,NTPC,387.1,374.35,387.65,374.35,380.15,9528864,382.42,387.05,106,387.1,1473,
2026-04-13T12:48:01.715,NC,NTPC,387.1,374.35,387.65,374.35,380.15,9532021,382.42,387.1,3,387.25,912,
2026-04-13T12:48:06.522,NC,NTPC,387.25,374.35,387.65,374.35,380.15,9532134,382.42,387.15,2,387.25,647,
2026-04-13T12:48:11.460,NC,NTPC,387.3,374.35,387.65,374.35,380.15,9535943,382.42,387.3,67,387.35,822,
2026-04-13T12:48:16.505,NC,NTPC,387.35,374.35,387.65,374.35,380.15,9538058,382.42,387.15,933,387.35,1006,
2026-04-13T12:48:21.153,NC,NTPC,387.35,374.35,387.65,374.35,380.15,9538328,382.42,387.15,388,387.3,455,
2026-04-13T12:48:25.564,NC,NTPC,387.2,374.35,387.65,374.35,380.15,9540097,382.43,387.2,1,387.25,2,
2026-04-13T12:48:29.959,NC,NTPC,387.1,374.35,387.65,374.35,380.15,9540369,382.43,387.1,44,387.2,1351,
2026-04-13T12:48:34.364,NC,NTPC,387.1,374.35,387.65,374.35,380.15,9540728,382.43,387.1,129,387.2,540,
2026-04-13T12:48:36.965,NC,NTPC,387.2,374.35,387.65,374.35,380.15,9542019,382.43,387.05,1362,387.2,255,
2026-04-13T12:48:38.966,NC,NTPC,387.05,374.35,387.65,374.35,380.15,9543235,382.43,387.05,915,387.25,419,
2026-04-13T12:48:40.874,NC,NTPC,387.25,374.35,387.65,374.35,380.15,9543348,382.43,387.15,3,387.25,158,
2026-04-13T12:48:41.993,NC,NTPC,387.25,374.35,387.65,374.35,380.15,9543531,382.43,387.25,25,387.3,1391,
2026-04-13T12:48:42.975,NC,NTPC,387.3,374.35,387.65,374.35,380.15,9543564,382.43,387.25,18,387.3,1949,
2026-04-13T12:48:43.976,NC,NTPC,387.25,374.35,387.65,374.35,380.15,9543637,382.43,387.05,1116,387.25,204,
2026-04-13T12:48:44.993,NC,NTPC,387.2,374.35,387.65,374.35,380.15,9543643,382.43,387.05,643,387.2,384,
2026-04-13T12:48:45.984,NC,NTPC,387.05,374.35,387.65,374.35,380.15,9543644,382.43,387.15,4,387.2,1742,
2026-04-13T12:48:46.980,NC,NTPC,387.15,374.35,387.65,374.35,380.15,9543649,382.43,387.15,3,387.2,1670,
2026-04-13T12:48:49.010,NC,NTPC,387.2,374.35,387.65,374.35,380.15,9543768,382.43,387.05,136,387.15,6,
2026-04-13T12:48:49.991,NC,NTPC,387.15,374.35,387.65,374.35,380.15,9543803,382.43,387.05,134,387.15,7,
2026-04-13T12:48:50.982,NC,NTPC,387.15,374.35,387.65,374.35,380.15,9543806,382.43,387.05,134,387.15,54,
2026-04-13T12:48:51.983,NC,NTPC,387.05,374.35,387.65,374.35,380.15,9543897,382.43,387.05,43,387.15,54,
2026-04-13T12:48:52.984,NC,NTPC,387.15,374.35,387.65,374.35,380.15,9543899,382.43,387.05,42,387.15,247,
2026-04-13T12:48:53.993,NC,NTPC,387.15,374.35,387.65,374.35,380.15,9546340,382.43,387.15,6,387.2,1125,
2026-04-13T12:48:54.998,NC,NTPC,387.2,374.35,387.65,374.35,380.15,9546386,382.43,387.15,4,387.2,1117,
2026-04-13T12:48:55.991,NC,NTPC,387.15,374.35,387.65,374.35,380.15,9546404,382.43,387.15,4,387.2,2614,
2026-04-13T12:48:56.896,NC,NTPC,387.2,374.35,387.65,374.35,380.15,9546853,382.43,387.0,905,387.2,2407,
2026-04-13T12:48:57.990,NC,NTPC,387.0,374.35,387.65,374.35,380.15,9546861,382.43,387.05,2,387.15,128,
2026-04-13T12:48:58.894,NC,NTPC,387.0,374.35,387.65,374.35,380.15,9546930,382.43,387.0,484,387.05,6,
2026-04-13T12:49:00.996,NC,NTPC,387.05,374.35,387.65,374.35,380.15,9546955,382.43,387.0,856,387.05,6,
2026-04-13T12:49:03.902,NC,NTPC,387.0,374.35,387.65,374.35,380.15,9547040,382.43,387.0,23,387.15,653,
2026-04-13T12:49:04.908,NC,NTPC,387.15,374.35,387.65,374.35,380.15,9547141,382.43,387.05,1,387.15,414,
2026-04-13T12:49:06.006,NC,NTPC,387.1,374.35,387.65,374.35,380.15,9547226,382.43,387.1,3,387.15,345,
2026-04-13T12:49:08.507,NC,NTPC,387.15,374.35,387.65,374.35,380.15,9548399,382.43,387.1,2,387.15,7,
2026-04-13T12:49:09.610,NC,NTPC,387.0,374.35,387.65,374.35,380.15,9548410,382.43,387.0,1562,387.1,4,
2026-04-13T12:49:10.608,NC,NTPC,387.1,374.35,387.65,374.35,380.15,9548444,382.43,387.0,1521,387.1,6,
2026-04-13T12:49:11.611,NC,NTPC,387.1,374.35,387.65,374.35,380.15,9548468,382.43,387.1,1,387.15,249,
2026-04-13T12:49:12.614,NC,NTPC,387.1,374.35,387.65,374.35,380.15,9548793,382.43,387.0,730,387.1,1175,
2026-04-13T12:49:13.615,NC,NTPC,387.0,374.35,387.65,374.35,380.15,9548847,382.43,387.0,2889,387.1,1175,
2026-04-13T12:49:14.619,NC,NTPC,387.1,374.35,387.65,374.35,380.15,9548848,382.43,387.0,2794,387.1,1841,
2026-04-13T12:49:15.722,NC,NTPC,387.1,374.35,387.65,374.35,380.15,9551442,382.43,387.05,363,387.15,1747,
2026-04-13T12:49:16.755,NC,NTPC,387.15,374.35,387.65,374.35,380.15,9551466,382.43,387.05,363,387.15,1723,
2026-04-13T12:49:18.719,NC,NTPC,387.0,374.35,387.65,374.35,380.15,9551520,382.43,387.0,2520,387.15,1730,
2026-04-13T12:49:20.738,NC,NTPC,387.15,374.35,387.65,374.35,380.15,9551647,382.43,387.05,1,387.15,2150,
2026-04-13T12:49:21.728,NC,NTPC,387.0,374.35,387.65,374.35,380.15,9551649,382.43,387.0,2711,387.15,2150,
2026-04-13T12:49:23.728,NC,NTPC,387.15,374.35,387.65,374.35,380.15,9553439,382.43,387.0,2572,387.05,6,
2026-04-13T12:49:24.731,NC,NTPC,387.0,374.35,387.65,374.35,380.15,9553464,382.43,387.0,2387,387.05,6,
2026-04-13T12:49:25.732,NC,NTPC,387.05,374.35,387.65,374.35,380.15,9553484,382.43,387.0,2716,387.05,2,
2026-04-13T12:49:26.735,NC,NTPC,387.05,374.35,387.65,374.35,380.15,9553610,382.43,387.05,25,387.15,627,
2026-04-13T12:49:27.741,NC,NTPC,387.05,374.35,387.65,374.35,380.15,9553611,382.43,387.05,24,387.15,901,
2026-04-13T12:49:28.737,NC,NTPC,387.05,374.35,387.65,374.35,380.15,9553833,382.43,387.0,1855,387.05,6,
2026-04-13T12:49:29.737,NC,NTPC,387.05,374.35,387.65,374.35,380.15,9553844,382.43,387.05,189,387.1,7,
2026-04-13T12:49:30.836,NC,NTPC,387.05,374.35,387.65,374.35,380.15,9553937,382.43,387.1,3,387.15,802,
2026-04-13T12:49:31.738,NC,NTPC,387.1,374.35,387.65,374.35,380.15,9553939,382.43,387.1,3,387.15,802,
2026-04-13T12:49:33.842,NC,NTPC,387.1,374.35,387.65,374.35,380.15,9554461,382.43,387.0,2236,387.1,6,
2026-04-13T12:49:35.043,NC,NTPC,387.1,374.35,387.65,374.35,380.15,9554484,382.43,387.05,1,387.1,6,
2026-04-13T12:49:36.142,NC,NTPC,387.1,374.35,387.65,374.35,380.15,9554486,382.43,387.05,1,387.1,6,
2026-04-13T12:49:38.749,NC,NTPC,387.05,374.35,387.65,374.35,380.15,9555805,382.43,387.0,2218,387.05,3,
2026-04-13T12:49:43.159,NC,NTPC,387.1,374.35,387.65,374.35,380.15,9556329,382.43,387.1,3,387.2,1768,
2026-04-13T12:49:47.357,NC,NTPC,386.9,374.35,387.65,374.35,380.15,9558576,382.43,386.75,100,386.9,733,
2026-04-13T12:49:51.684,NC,NTPC,386.7,374.35,387.65,374.35,380.15,9560052,382.43,386.7,625,386.9,1229,
2026-04-13T12:49:56.765,NC,NTPC,386.85,374.35,387.65,374.35,380.15,9561574,382.44,386.65,1303,386.85,295,
2026-04-13T12:50:01.879,NC,NTPC,386.9,374.35,387.65,374.35,380.15,9561806,382.44,386.8,34,386.9,37,
2026-04-13T12:50:06.411,NC,NTPC,387.0,374.35,387.65,374.35,380.15,9563552,382.44,386.85,598,387.0,3200,
2026-04-13T12:50:11.106,NC,NTPC,387.0,374.35,387.65,374.35,380.15,9564944,382.44,386.85,528,387.0,1051,
2026-04-13T12:50:16.016,NC,NTPC,386.95,374.35,387.65,374.35,380.15,9565392,382.44,386.85,62,386.95,170,
2026-04-13T12:50:21.012,NC,NTPC,386.85,374.35,387.65,374.35,380.15,9565801,382.44,386.75,3,386.85,3,
2026-04-13T12:50:25.919,NC,NTPC,386.85,374.35,387.65,374.35,380.15,9567115,382.44,386.7,1032,386.85,268,
2026-04-13T12:50:30.726,NC,NTPC,386.7,374.35,387.65,374.35,380.15,9568108,382.44,386.7,576,386.85,556,
2026-04-13T12:50:35.134,NC,NTPC,386.85,374.35,387.65,374.35,380.15,9568271,382.44,386.75,122,386.85,447,
2026-04-13T12:50:37.332,NC,NTPC,386.65,374.35,387.65,374.35,380.15,9569274,382.44,386.7,2000,386.85,445,
2026-04-13T12:50:38.361,NC,NTPC,386.85,374.35,387.65,374.35,380.15,9570306,382.44,386.85,1,386.9,1364,
2026-04-13T12:50:39.435,NC,NTPC,386.85,374.35,387.65,374.35,380.15,9570429,382.44,386.7,2050,386.85,6,
2026-04-13T12:50:40.473,NC,NTPC,386.85,374.35,387.65,374.35,380.15,9570433,382.44,386.75,3,386.85,2,
2026-04-13T12:50:41.443,NC,NTPC,386.85,374.35,387.65,374.35,380.15,9570566,382.44,386.85,25,386.9,1330,
2026-04-13T12:50:42.441,NC,NTPC,386.85,374.35,387.65,374.35,380.15,9571141,382.44,386.85,25,386.9,975,
2026-04-13T12:50:43.540,NC,NTPC,386.85,374.35,387.65,374.35,380.15,9571242,382.44,386.85,11,386.9,822,
2026-04-13T12:50:44.659,NC,NTPC,386.9,374.35,387.65,374.35,380.15,9571299,382.44,386.85,3,386.9,744,
2026-04-13T12:50:45.644,NC,NTPC,386.7,374.35,387.65,374.35,380.15,9571458,382.44,386.7,2590,386.9,1034,
2026-04-13T12:50:46.647,NC,NTPC,386.7,374.35,387.65,374.35,380.15,9571717,382.44,386.7,2354,386.85,600,
2026-04-13T12:50:48.650,NC,NTPC,386.7,374.35,387.65,374.35,380.15,9572140,382.44,386.7,2287,386.85,1058,
2026-04-13T12:50:49.651,NC,NTPC,386.85,374.35,387.65,374.35,380.15,9572149,382.44,386.75,101,386.85,1049,
2026-04-13T12:50:50.561,NC,NTPC,386.85,374.35,387.65,374.35,380.15,9572185,382.44,386.7,2286,386.85,1013,
2026-04-13T12:50:51.658,NC,NTPC,386.7,374.35,387.65,374.35,380.15,9572276,382.44,386.7,3595,386.85,1013,
2026-04-13T12:50:52.756,NC,NTPC,386.75,374.35,387.65,374.35,380.15,9573579,382.44,386.75,586,386.85,10,
2026-04-13T12:50:53.758,NC,NTPC,386.9,374.35,387.65,374.35,380.15,9574686,382.44,386.9,4,386.95,1241,
2026-04-13T12:50:55.766,NC,NTPC,386.85,374.35,387.65,374.35,380.15,9574732,382.44,386.85,1,386.95,937,
2026-04-13T12:50:56.770,NC,NTPC,386.95,374.35,387.65,374.35,380.15,9575087,382.44,386.8,148,386.95,1073,
2026-04-13T12:50:57.783,NC,NTPC,386.9,374.35,387.65,374.35,380.15,9575090,382.44,386.8,177,386.9,1,
2026-04-13T12:50:58.777,NC,NTPC,386.8,374.35,387.65,374.35,380.15,9575126,382.44,386.75,995,386.8,6,
2026-04-13T12:51:00.797,NC,NTPC,386.75,374.35,387.65,374.35,380.15,9575194,382.44,386.75,932,386.8,7,
2026-04-13T12:51:01.894,NC,NTPC,386.8,374.35,387.65,374.35,380.15,9575216,382.44,386.8,1,386.85,259,
2026-04-13T12:51:03.891,NC,NTPC,386.8,374.35,387.65,374.35,380.15,9575253,382.44,386.75,429,386.8,6,
2026-04-13T12:51:04.887,NC,NTPC,386.85,374.35,387.65,374.35,380.15,9575354,382.44,386.75,647,386.8,1,
2026-04-13T12:51:05.987,NC,NTPC,386.75,374.35,387.65,374.35,380.15,9575421,382.44,386.75,515,386.85,177,
2026-04-13T12:51:06.990,NC,NTPC,386.85,374.35,387.65,374.35,380.15,9575682,382.44,386.8,568,386.85,269,
2026-04-13T12:51:09.094,NC,NTPC,386.75,374.35,387.65,374.35,380.15,9577306,382.44,386.75,767,386.8,6,
2026-04-13T12:51:09.993,NC,NTPC,386.75,374.35,387.65,374.35,380.15,9577387,382.44,386.7,3001,386.75,237,
2026-04-13T12:51:10.992,NC,NTPC,386.75,374.35,387.65,374.35,380.15,9577510,382.44,386.7,2959,386.75,182,
2026-04-13T12:51:11.999,NC,NTPC,386.8,374.35,387.65,374.35,380.15,9577820,382.44,386.7,2830,386.8,6,
2026-04-13T12:51:13.095,NC,NTPC,386.7,374.35,387.65,374.35,380.15,9577925,382.44,386.7,2825,386.85,457,
2026-04-13T12:51:14.198,NC,NTPC,386.7,374.35,387.65,374.35,380.15,9577980,382.44,386.7,2771,386.85,1049,
2026-04-13T12:51:15.204,NC,NTPC,386.85,374.35,387.65,374.35,380.15,9577987,382.44,386.7,2771,386.85,1042,
2026-04-13T12:51:16.199,NC,NTPC,386.8,374.35,387.65,374.35,380.15,9577993,382.44,386.8,4,386.85,715,
2026-04-13T12:51:17.208,NC,NTPC,386.8,374.35,387.65,374.35,380.15,9577995,382.44,386.8,4,386.85,307,
2026-04-13T12:51:18.306,NC,NTPC,386.7,374.35,387.65,374.35,380.15,9578063,382.44,386.7,2744,386.85,696,
2026-04-13T12:51:19.304,NC,NTPC,386.7,374.35,387.65,374.35,380.15,9578185,382.44,386.7,2574,386.85,1023,
2026-04-13T12:51:20.206,NC,NTPC,386.7,374.35,387.65,374.35,380.15,9578186,382.44,386.75,3,386.85,1251,
2026-04-13T12:51:21.209,NC,NTPC,386.75,374.35,387.65,374.35,380.15,9578304,382.44,386.75,3,386.8,612,
2026-04-13T12:51:22.207,NC,NTPC,386.75,374.35,387.65,374.35,380.15,9578515,382.44,386.7,2573,386.75,169,
2026-04-13T12:51:23.210,NC,NTPC,386.8,374.35,387.65,374.35,380.15,9578578,382.44,386.7,2573,386.8,831,
2026-04-13T12:51:24.313,NC,NTPC,386.8,374.35,387.65,374.35,380.15,9579647,382.44,386.8,13,386.85,1275,
2026-04-13T12:51:25.320,NC,NTPC,386.8,374.35,387.65,374.35,380.15,9579666,382.44,386.8,13,386.85,1269,
2026-04-13T12:51:26.320,NC,NTPC,386.85,374.35,387.65,374.35,380.15,9579944,382.44,386.8,13,386.85,558,
2026-04-13T12:51:27.322,NC,NTPC,386.75,374.35,387.65,374.35,380.15,9580045,382.44,386.75,11,386.85,939,
2026-04-13T12:51:29.426,NC,NTPC,386.7,374.35,387.65,374.35,380.15,9580159,382.44,386.7,2571,386.75,6,
2026-04-13T12:51:30.426,NC,NTPC,386.75,374.35,387.65,374.35,380.15,9580171,382.44,386.7,3098,386.75,6,
2026-04-13T12:51:31.427,NC,NTPC,386.7,374.35,387.65,374.35,380.15,9580285,382.44,386.7,3015,386.75,6,
2026-04-13T12:51:32.540,NC,NTPC,386.75,374.35,387.65,374.35,380.15,9580306,382.44,386.7,2988,386.75,1,
2026-04-13T12:51:33.442,NC,NTPC,386.8,374.35,387.65,374.35,380.15,9580331,382.44,386.7,2988,386.8,1542,
2026-04-13T12:51:34.435,NC,NTPC,386.7,374.35,387.65,374.35,380.15,9580385,382.44,386.75,5,386.8,1542,
2026-04-13T12:51:35.536,NC,NTPC,386.8,374.35,387.65,374.35,380.15,9580695,382.44,386.7,2637,386.8,1532,
2026-04-13T12:51:36.545,NC,NTPC,386.8,374.35,387.65,374.35,380.15,9582227,382.44,386.75,1113,386.8,105,
2026-04-13T12:51:37.639,NC,NTPC,386.75,374.35,387.65,374.35,380.15,9582657,382.45,386.75,866,386.8,2,
2026-04-13T12:51:38.636,NC,NTPC,386.85,374.35,387.65,374.35,380.15,9583742,382.45,386.85,288,386.95,43,
2026-04-13T12:51:40.741,NC,NTPC,386.9,374.35,387.65,374.35,380.15,9583820,382.45,386.9,2,387.0,2348,
2026-04-13T12:51:41.741,NC,NTPC,387.0,374.35,387.65,374.35,380.15,9584189,382.45,386.9,2,387.0,1979,
2026-04-13T12:51:43.753,NC,NTPC,386.9,374.35,387.65,374.35,380.15,9584213,382.45,386.85,602,386.9,6,
2026-04-13T12:51:44.745,NC,NTPC,386.95,374.35,387.65,374.35,380.15,9584343,382.45,386.85,854,386.95,19,
2026-04-13T12:51:45.744,NC,NTPC,386.85,374.35,387.65,374.35,380.15,9584350,382.45,386.85,853,386.95,13,
2026-04-13T12:51:46.745,NC,NTPC,386.95,374.35,387.65,374.35,380.15,9584653,382.45,386.85,853,386.95,58,
2026-04-13T12:51:47.653,NC,NTPC,386.85,374.35,387.65,374.35,380.15,9585114,382.45,386.85,851,387.0,1653,
2026-04-13T12:51:48.648,NC,NTPC,386.85,374.35,387.65,374.35,380.15,9585236,382.45,386.85,724,387.0,1653,
2026-04-13T12:51:49.660,NC,NTPC,386.85,374.35,387.65,374.35,380.15,9585337,382.45,386.85,748,386.9,1,
2026-04-13T12:51:50.665,NC,NTPC,386.9,374.35,387.65,374.35,380.15,9585339,382.45,386.85,748,386.9,1,
2026-04-13T12:51:52.582,NC,NTPC,387.0,374.35,387.65,374.35,380.15,9585441,382.45,386.85,655,386.95,1,
2026-04-13T12:51:53.552,NC,NTPC,386.85,374.35,387.65,374.35,380.15,9586644,382.45,386.85,1139,387.0,407,
2026-04-13T12:51:55.556,NC,NTPC,387.0,374.35,387.65,374.35,380.15,9588651,382.45,386.85,610,387.0,985,
2026-04-13T12:51:56.457,NC,NTPC,387.0,374.35,387.65,374.35,380.15,9588906,382.45,386.85,609,387.0,1429,
2026-04-13T12:51:57.375,NC,NTPC,386.8,374.35,387.65,374.35,380.15,9590406,382.45,386.8,814,387.0,1429,
2026-04-13T12:51:59.458,NC,NTPC,386.8,374.35,387.65,374.35,380.15,9590528,382.45,386.8,890,386.9,26,
2026-04-13T12:52:01.458,NC,NTPC,387.0,374.35,387.65,374.35,380.15,9590628,382.45,386.9,3,386.95,2,
2026-04-13T12:52:03.562,NC,NTPC,386.9,374.35,387.65,374.35,380.15,9590675,382.45,386.85,427,386.9,4,
2026-04-13T12:52:05.664,NC,NTPC,387.0,374.35,387.65,374.35,380.15,9590689,382.45,386.9,1,387.0,776,
2026-04-13T12:52:07.566,NC,NTPC,386.85,374.35,387.65,374.35,380.15,9590741,382.45,386.85,542,386.95,1,
2026-04-13T12:52:08.584,NC,NTPC,387.0,374.35,387.65,374.35,380.15,9591928,382.45,387.0,12,387.05,1085,
2026-04-13T12:52:10.777,NC,NTPC,387.05,374.35,387.65,374.35,380.15,9592014,382.45,387.0,1,387.05,1176,
2026-04-13T12:52:11.772,NC,NTPC,387.05,374.35,387.65,374.35,380.15,9592263,382.45,386.85,1155,387.05,917,
2026-04-13T12:52:13.975,NC,NTPC,386.9,374.35,387.65,374.35,380.15,9592322,382.45,386.9,180,387.0,1,
2026-04-13T12:52:15.071,NC,NTPC,387.0,374.35,387.65,374.35,380.15,9592325,382.45,387.0,1,387.05,940,
2026-04-13T12:52:16.091,NC,NTPC,387.05,374.35,387.65,374.35,380.15,9592349,382.45,387.0,1,387.05,684,
2026-04-13T12:52:17.182,NC,NTPC,387.05,374.35,387.65,374.35,380.15,9592451,382.45,387.0,1,387.05,583,
2026-04-13T12:52:18.289,NC,NTPC,387.0,374.35,387.65,374.35,380.15,9592456,382.45,386.9,247,387.0,62,
2026-04-13T12:52:19.282,NC,NTPC,386.95,374.35,387.65,374.35,380.15,9592527,382.45,386.9,192,387.0,120,
2026-04-13T12:52:21.287,NC,NTPC,386.9,374.35,387.65,374.35,380.15,9592597,382.45,386.9,124,387.0,112,
2026-04-13T12:52:22.299,NC,NTPC,386.9,374.35,387.65,374.35,380.15,9592598,382.45,386.9,123,387.0,112,
2026-04-13T12:52:23.392,NC,NTPC,387.0,374.35,387.65,374.35,380.15,9593712,382.45,387.0,8,387.05,442,
2026-04-13T12:52:24.393,NC,NTPC,386.9,374.35,387.65,374.35,380.15,9593866,382.45,386.85,506,387.05,1611,
2026-04-13T12:52:25.395,NC,NTPC,387.05,374.35,387.65,374.35,380.15,9594472,382.45,386.85,1329,387.05,802,
2026-04-13T12:52:26.394,NC,NTPC,387.05,374.35,387.65,374.35,380.15,9594724,382.45,386.85,1428,387.05,560,
2026-04-13T12:52:27.297,NC,NTPC,387.05,374.35,387.65,374.35,380.15,9594774,382.45,386.9,289,387.05,540,
2026-04-13T12:52:28.297,NC,NTPC,386.9,374.35,387.65,374.35,380.15,9594833,382.45,386.9,178,387.05,650,
2026-04-13T12:52:29.299,NC,NTPC,386.85,374.35,387.65,374.35,380.15,9595105,382.45,386.85,955,387.0,122,
2026-04-13T12:52:30.499,NC,NTPC,386.9,374.35,387.65,374.35,380.15,9595135,382.45,386.85,1230,387.0,1,
2026-04-13T12:52:31.506,NC,NTPC,386.85,374.35,387.65,374.35,380.15,9595227,382.45,386.85,1634,387.0,1,
2026-04-13T12:52:32.602,NC,NTPC,387.05,374.35,387.65,374.35,380.15,9595328,382.45,386.85,1562,387.05,580,
2026-04-13T12:52:34.604,NC,NTPC,386.85,374.35,387.65,374.35,380.15,9595583,382.45,386.85,1413,387.0,1,
2026-04-13T12:52:35.708,NC,NTPC,387.05,374.35,387.65,374.35,380.15,9595752,382.45,387.0,1,387.05,925,
2026-04-13T12:52:36.712,NC,NTPC,387.0,374.35,387.65,374.35,380.15,9595754,382.45,386.85,7470,387.0,66,
2026-04-13T12:52:40.517,NC,NTPC,386.9,374.35,387.65,374.35,380.15,9596918,382.45,386.9,198,386.95,130,
2026-04-13T12:52:44.918,NC,NTPC,387.0,374.35,387.65,374.35,380.15,9597728,382.45,387.0,1,387.05,95,
2026-04-13T12:52:49.522,NC,NTPC,387.05,374.35,387.65,374.35,380.15,9597933,382.45,386.9,683,387.0,6,
2026-04-13T12:52:53.947,NC,NTPC,386.95,374.35,387.65,374.35,380.15,9599273,382.45,386.95,624,387.0,30,
2026-04-13T12:52:58.536,NC,NTPC,387.0,374.35,387.65,374.35,380.15,9599867,382.45,386.95,732,387.0,45,
2026-04-13T12:53:03.140,NC,NTPC,387.0,374.35,387.65,374.35,380.15,9600406,382.45,387.0,1042,387.05,145,
2026-04-13T12:53:07.585,NC,NTPC,387.05,374.35,387.65,374.35,380.15,9603146,382.45,386.95,1143,387.05,443,
2026-04-13T12:53:12.248,NC,NTPC,386.95,374.35,387.65,374.35,380.15,9604895,382.46,386.95,627,387.05,637,
2026-04-13T12:53:17.079,NC,NTPC,386.95,374.35,387.65,374.35,380.15,9606988,382.46,386.85,5376,386.95,271,
2026-04-13T12:53:21.467,NC,NTPC,386.9,374.35,387.65,374.35,380.15,9607514,382.46,386.85,5653,387.05,1381,
2026-04-13T12:53:25.665,NC,NTPC,387.0,374.35,387.65,374.35,380.15,9608737,382.46,386.85,11119,387.0,59,
2026-04-13T12:53:29.967,NC,NTPC,386.9,374.35,387.65,374.35,380.15,9609302,382.46,386.9,184,387.0,621,
2026-04-13T12:53:34.373,NC,NTPC,386.9,374.35,387.65,374.35,380.15,9609568,382.46,386.85,10449,386.9,6,
2026-04-13T12:53:37.076,NC,NTPC,386.9,374.35,387.65,374.35,380.15,9609681,382.46,386.85,10599,386.9,394,
2026-04-13T12:53:39.275,NC,NTPC,386.9,374.35,387.65,374.35,380.15,9610888,382.46,386.9,998,387.0,56,
2026-04-13T12:53:41.179,NC,NTPC,386.9,374.35,387.65,374.35,380.15,9610985,382.46,386.9,409,386.95,130,
2026-04-13T12:53:42.192,NC,NTPC,386.95,374.35,387.65,374.35,380.15,9611339,382.46,386.95,25,387.05,1865,
2026-04-13T12:53:43.081,NC,NTPC,387.0,374.35,387.65,374.35,380.15,9611347,382.46,386.95,25,387.0,59,
2026-04-13T12:53:44.179,NC,NTPC,386.95,374.35,387.65,374.35,380.15,9611391,382.46,386.9,1115,386.95,6,
2026-04-13T12:53:45.086,NC,NTPC,387.4,374.35,387.65,374.35,380.15,9619739,382.46,387.25,936,387.35,67,
2026-04-13T12:53:46.189,NC,NTPC,387.25,374.35,387.65,374.35,380.15,9620141,382.46,387.2,1397,387.35,476,
2026-04-13T12:53:47.188,NC,NTPC,387.2,374.35,387.65,374.35,380.15,9626171,382.47,387.25,2053,387.4,611,
2026-04-13T12:53:48.187,NC,NTPC,387.25,374.35,387.65,374.35,380.15,9626521,382.47,387.25,2072,387.45,11123,
2026-04-13T12:53:49.188,NC,NTPC,387.25,374.35,387.65,374.35,380.15,9626644,382.47,387.25,1989,387.4,489,
2026-04-13T12:53:50.190,NC,NTPC,387.35,374.35,387.65,374.35,380.15,9626646,382.47,387.25,1625,387.3,200,
2026-04-13T12:53:51.190,NC,NTPC,387.35,374.35,387.65,374.35,380.15,9626847,382.47,387.25,1633,387.35,133,
2026-04-13T12:53:52.193,NC,NTPC,387.4,374.35,387.65,374.35,380.15,9627062,382.47,387.35,1,387.45,10558,
2026-04-13T12:53:53.294,NC,NTPC,387.45,374.35,387.65,374.35,380.15,9628732,382.47,387.3,2149,387.45,9888,
2026-04-13T12:53:54.292,NC,NTPC,387.3,374.35,387.65,374.35,380.15,9629934,382.47,387.35,5,387.45,8740,
2026-04-13T12:53:55.293,NC,NTPC,387.45,374.35,387.65,374.35,380.15,9629942,382.47,387.35,293,387.45,8708,
2026-04-13T12:53:56.300,NC,NTPC,387.45,374.35,387.65,374.35,380.15,9638904,382.47,387.45,256,387.5,13234,
2026-04-13T12:53:57.401,NC,NTPC,387.45,374.35,387.65,374.35,380.15,9639669,382.47,387.45,593,387.5,11999,
2026-04-13T12:53:58.301,NC,NTPC,387.45,374.35,387.65,374.35,380.15,9639890,382.47,387.45,181,387.5,11999,
2026-04-13T12:53:59.408,NC,NTPC,387.45,374.35,387.65,374.35,380.15,9641868,382.47,387.4,339,387.5,10867,
2026-04-13T12:54:01.412,NC,NTPC,387.45,374.35,387.65,374.35,380.15,9642193,382.47,387.4,169,387.5,10867,
2026-04-13T12:54:02.415,NC,NTPC,387.4,374.35,387.65,374.35,380.15,9643823,382.48,387.4,146,387.45,5,
2026-04-13T12:54:04.418,NC,NTPC,387.45,374.35,387.65,374.35,380.15,9643884,382.48,387.45,1494,387.5,9364,
2026-04-13T12:54:05.418,NC,NTPC,387.45,374.35,387.65,374.35,380.15,9645385,382.48,387.4,79,387.5,9692,
2026-04-13T12:54:06.419,NC,NTPC,387.45,374.35,387.65,374.35,380.15,9645687,382.48,387.4,308,387.45,66,
2026-04-13T12:54:08.427,NC,NTPC,387.5,374.35,387.65,374.35,380.15,9656432,382.48,387.5,122,387.55,528,
2026-04-13T12:54:09.423,NC,NTPC,387.55,374.35,387.65,374.35,380.15,9656600,382.48,387.45,792,387.5,6,
2026-04-13T12:54:10.428,NC,NTPC,387.6,374.35,387.65,374.35,380.15,9661198,382.48,387.5,1728,387.6,989,
2026-04-13T12:54:11.436,NC,NTPC,387.6,374.35,387.65,374.35,380.15,9661541,382.48,387.5,1777,387.6,696,
2026-04-13T12:54:13.432,NC,NTPC,387.55,374.35,387.65,374.35,380.15,9661632,382.48,387.5,1105,387.6,681,
2026-04-13T12:54:14.437,NC,NTPC,387.6,374.35,387.65,374.35,380.15,9664058,382.49,387.6,160,387.65,2451,
2026-04-13T12:54:15.535,NC,NTPC,387.6,374.35,387.65,374.35,380.15,9664225,382.49,387.55,194,387.6,333,
2026-04-13T12:54:16.549,NC,NTPC,387.6,374.35,387.65,374.35,380.15,9664350,382.49,387.55,194,387.6,208,
2026-04-13T12:54:17.470,NC,NTPC,387.6,374.35,387.65,374.35,380.15,9664425,382.49,387.55,279,387.6,133,
2026-04-13T12:54:18.544,NC,NTPC,387.55,374.35,387.65,374.35,380.15,9664479,382.49,387.55,140,387.6,140,
2026-04-13T12:54:20.542,NC,NTPC,387.55,374.35,387.65,374.35,380.15,9664548,382.49,387.55,74,387.6,133,
2026-04-13T12:54:21.640,NC,NTPC,387.6,374.35,387.65,374.35,380.15,9664561,382.49,387.55,63,387.6,131,
2026-04-13T12:54:22.568,NC,NTPC,387.55,374.35,387.65,374.35,380.15,9664661,382.49,387.55,3,387.6,1131,
2026-04-13T12:54:23.547,NC,NTPC,387.45,374.35,387.65,374.35,380.15,9666190,382.49,387.5,200,387.55,415,
2026-04-13T12:54:24.549,NC,NTPC,387.55,374.35,387.65,374.35,380.15,9666292,382.49,387.5,456,387.55,287,
2026-04-13T12:54:25.561,NC,NTPC,387.55,374.35,387.65,374.35,380.15,9666329,382.49,387.5,430,387.55,328,
2026-04-13T12:54:26.555,NC,NTPC,387.5,374.35,387.65,374.35,380.15,9667007,382.49,387.35,3446,387.55,20,
2026-04-13T12:54:29.458,NC,NTPC,387.5,374.35,387.65,374.35,380.15,9667017,382.49,387.4,1568,387.5,19,
2026-04-13T12:54:31.356,NC,NTPC,387.6,374.35,387.65,374.35,380.15,9667898,382.49,387.45,2383,387.6,1,
2026-04-13T12:54:32.269,NC,NTPC,387.45,374.35,387.65,374.35,380.15,9667905,382.49,387.45,2244,387.6,2,
2026-04-13T12:54:33.269,NC,NTPC,387.5,374.35,387.65,374.35,380.15,9669025,382.49,387.5,640,387.55,2,
2026-04-13T12:54:34.359,NC,NTPC,387.65,374.35,387.65,374.35,380.15,9672079,382.49,387.45,760,387.55,1500,
2026-04-13T12:54:35.269,NC,NTPC,387.55,374.35,387.65,374.35,380.15,9672087,382.49,387.45,498,387.55,1492,
2026-04-13T12:54:36.362,NC,NTPC,387.4,374.35,387.65,374.35,380.15,9673326,382.49,387.4,2014,387.55,1611,
2026-04-13T12:54:37.369,NC,NTPC,387.4,374.35,387.65,374.35,380.15,9673545,382.49,387.3,3799,387.4,1251,
2026-04-13T12:54:38.366,NC,NTPC,387.35,374.35,387.65,374.35,380.15,9677841,382.49,387.2,2327,387.35,1388,
2026-04-13T12:54:39.396,NC,NTPC,387.45,374.35,387.65,374.35,380.15,9680895,382.49,387.35,300,387.4,1500,
2026-04-13T12:54:40.372,NC,NTPC,387.65,374.35,387.65,374.35,380.15,9685405,382.5,387.5,1500,387.6,1500,
2026-04-13T12:54:41.382,NC,NTPC,387.55,374.35,387.65,374.35,380.15,9688415,382.5,387.6,1494,387.7,3354,
2026-04-13T12:54:42.370,NC,NTPC,387.6,374.35,387.65,374.35,380.15,9688715,382.5,387.6,1194,387.7,3354,
2026-04-13T12:54:43.373,NC,NTPC,387.7,374.35,387.7,374.35,380.15,9689736,382.5,387.65,3,387.7,2437,
2026-04-13T12:54:44.378,NC,NTPC,387.6,374.35,387.7,374.35,380.15,9690145,382.5,387.6,894,387.7,2382,
2026-04-13T12:54:45.376,NC,NTPC,387.7,374.35,387.7,374.35,380.15,9690251,382.5,387.6,894,387.7,2276,
2026-04-13T12:54:46.386,NC,NTPC,387.7,374.35,387.7,374.35,380.15,9690576,382.5,387.6,894,387.7,1754,
2026-04-13T12:54:47.375,NC,NTPC,387.7,374.35,387.7,374.35,380.15,9695215,382.5,387.6,1706,387.7,116,
2026-04-13T12:54:49.379,NC,NTPC,387.6,374.35,387.7,374.35,380.15,9695370,382.5,387.6,1018,387.7,373,
2026-04-13T12:54:50.389,NC,NTPC,387.6,374.35,387.7,374.35,380.15,9695423,382.5,387.6,654,387.7,1132,
2026-04-13T12:54:51.378,NC,NTPC,387.6,374.35,387.7,374.35,380.15,9695674,382.5,387.6,690,387.7,268,
2026-04-13T12:54:52.394,NC,NTPC,387.7,374.35,387.7,374.35,380.15,9696317,382.5,387.6,604,387.7,127,
2026-04-13T12:54:53.393,NC,NTPC,387.75,374.35,387.75,374.35,380.15,9698276,382.5,387.7,13,387.75,850,
2026-04-13T12:54:54.386,NC,NTPC,387.7,374.35,387.75,374.35,380.15,9698330,382.5,387.7,12,387.75,1654,
2026-04-13T12:54:55.387,NC,NTPC,387.7,374.35,387.75,374.35,380.15,9698401,382.5,387.6,894,387.75,1316,
2026-04-13T12:54:56.394,NC,NTPC,387.75,374.35,387.75,374.35,380.15,9698654,382.5,387.6,637,387.7,54,
2026-04-13T12:54:57.492,NC,NTPC,387.7,374.35,387.75,374.35,380.15,9698756,382.5,387.6,680,387.65,1,
2026-04-13T12:54:59.496,NC,NTPC,387.6,374.35,387.75,374.35,380.15,9698810,382.5,387.6,537,387.65,1,
2026-04-13T12:55:00.495,NC,NTPC,387.6,374.35,387.75,374.35,380.15,9698811,382.5,387.6,280,387.65,1,
2026-04-13T12:55:01.675,NC,NTPC,387.65,374.35,387.75,374.35,380.15,9698935,382.5,387.65,2,387.75,1326,
2026-04-13T12:55:02.600,NC,NTPC,387.6,374.35,387.75,374.35,380.15,9699035,382.5,387.6,323,387.7,1,
2026-04-13T12:55:03.709,NC,NTPC,387.7,374.35,387.75,374.35,380.15,9699111,382.5,387.7,246,387.75,3,
2026-04-13T12:55:04.805,NC,NTPC,387.7,374.35,387.8,374.35,380.15,9699219,382.5,387.7,241,387.8,2122,
2026-04-13T12:55:05.909,NC,NTPC,387.8,374.35,387.8,374.35,380.15,9699303,382.5,387.75,3,387.8,2359,
2026-04-13T12:55:07.013,NC,NTPC,387.8,374.35,387.8,374.35,380.15,9699401,382.5,387.7,103,387.8,2274,
2026-04-13T12:55:08.110,NC,NTPC,387.8,374.35,387.8,374.35,380.15,9699501,382.5,387.7,103,387.8,2052,
2026-04-13T12:55:09.214,NC,NTPC,387.8,374.35,387.8,374.35,380.15,9700775,382.5,387.75,100,387.8,9,
2026-04-13T12:55:10.315,NC,NTPC,387.7,374.35,387.8,374.35,380.15,9700915,382.5,387.7,1521,387.8,9,
2026-04-13T12:55:11.415,NC,NTPC,387.8,374.35,387.85,374.35,380.15,9701309,382.51,387.8,113,387.85,2089,
2026-04-13T12:55:12.418,NC,NTPC,387.75,374.35,387.85,374.35,380.15,9701909,382.51,387.75,257,387.85,2312,
2026-04-13T12:55:13.524,NC,NTPC,387.8,374.35,387.85,374.35,380.15,9702326,382.51,387.8,23,387.85,2080,
2026-04-13T12:55:14.521,NC,NTPC,387.85,374.35,387.85,374.35,380.15,9703911,382.51,387.7,971,387.8,110,
2026-04-13T12:55:15.526,NC,NTPC,387.8,374.35,387.85,374.35,380.15,9704022,382.51,387.7,1780,387.8,110,
2026-04-13T12:55:16.622,NC,NTPC,387.8,374.35,387.85,374.35,380.15,9704047,382.51,387.7,1374,387.75,1,
2026-04-13T12:55:19.336,NC,NTPC,387.85,374.35,387.85,374.35,380.15,9705001,382.51,387.7,896,387.85,1526,
2026-04-13T12:55:20.432,NC,NTPC,387.75,374.35,387.85,374.35,380.15,9705516,382.51,387.7,639,387.8,1321,
2026-04-13T12:55:21.531,NC,NTPC,387.8,374.35,387.85,374.35,380.15,9706028,382.51,387.7,239,387.8,1394,
2026-04-13T12:55:22.643,NC,NTPC,387.7,374.35,387.85,374.35,380.15,9706030,382.51,387.7,238,387.8,1394,
2026-04-13T12:55:23.731,NC,NTPC,387.7,374.35,387.85,374.35,380.15,9707406,382.51,387.7,10,387.75,734,
2026-04-13T12:55:24.627,NC,NTPC,387.65,374.35,387.85,374.35,380.15,9707706,382.51,387.65,3,387.7,100,
2026-04-13T12:55:25.736,NC,NTPC,387.8,374.35,387.85,374.35,380.15,9708743,382.51,387.65,1,387.8,1556,
2026-04-13T12:55:26.734,NC,NTPC,387.6,374.35,387.85,374.35,380.15,9708997,382.51,387.6,466,387.8,1326,
2026-04-13T12:55:27.831,NC,NTPC,387.7,374.35,387.85,374.35,380.15,9709001,382.51,387.6,816,387.8,1333,
2026-04-13T12:55:28.831,NC,NTPC,387.8,374.35,387.85,374.35,380.15,9709246,382.51,387.65,323,387.8,867,
2026-04-13T12:55:30.739,NC,NTPC,387.65,374.35,387.85,374.35,380.15,9709346,382.51,387.65,223,387.8,501,
2026-04-13T12:55:31.737,NC,NTPC,387.65,374.35,387.85,374.35,380.15,9709370,382.51,387.65,230,387.75,10,
2026-04-13T12:55:33.739,NC,NTPC,387.75,374.35,387.85,374.35,380.15,9709444,382.51,387.7,533,387.75,10,
2026-04-13T12:55:34.742,NC,NTPC,387.8,374.35,387.85,374.35,380.15,9709549,382.51,387.7,805,387.8,33,
2026-04-13T12:55:35.743,NC,NTPC,387.8,374.35,387.85,374.35,380.15,9709557,382.51,387.7,977,387.8,144,
2026-04-13T12:55:36.951,NC,NTPC,387.7,374.35,387.85,374.35,380.15,9709671,382.51,387.7,424,387.8,595,
2026-04-13T12:55:38.047,NC,NTPC,387.7,374.35,387.85,374.35,380.15,9709721,382.51,387.7,349,387.8,595,
2026-04-13T12:55:39.144,NC,NTPC,387.8,374.35,387.85,374.35,380.15,9710857,382.51,387.8,16,387.85,1421,
2026-04-13T12:55:40.247,NC,NTPC,387.8,374.35,387.85,374.35,380.15,9710885,382.51,387.8,13,387.85,1947,
2026-04-13T12:55:41.360,NC,NTPC,387.85,374.35,387.85,374.35,380.15,9711225,382.51,387.8,4,387.85,1686,
2026-04-13T12:55:42.448,NC,NTPC,387.85,374.35,387.85,374.35,380.15,9711734,382.51,387.65,1680,387.85,1482,
2026-04-13T12:55:43.464,NC,NTPC,387.85,374.35,387.85,374.35,380.15,9711754,382.51,387.7,50,387.85,1945,
2026-04-13T12:55:44.556,NC,NTPC,387.85,374.35,387.85,374.35,380.15,9711914,382.51,387.65,928,387.85,1920,
2026-04-13T12:55:45.651,NC,NTPC,387.85,374.35,387.85,374.35,380.15,9712377,382.51,387.7,1,387.85,1385,
2026-04-13T12:55:46.559,NC,NTPC,387.8,374.35,387.85,374.35,380.15,9712383,382.51,387.8,4,387.85,1404,
2026-04-13T12:55:48.755,NC,NTPC,387.85,374.35,387.85,374.35,380.15,9712653,382.51,387.65,673,387.85,1163,
2026-04-13T12:55:49.758,NC,NTPC,387.85,374.35,387.85,374.35,380.15,9712663,382.51,387.65,496,387.85,6481,
2026-04-13T12:55:50.760,NC,NTPC,387.65,374.35,387.85,374.35,380.15,9712698,382.51,387.65,429,387.85,8278,
2026-04-13T12:55:51.664,NC,NTPC,387.7,374.35,387.85,374.35,380.15,9712712,382.51,387.6,1547,387.7,6,
2026-04-13T12:55:52.707,NC,NTPC,387.75,374.35,387.85,374.35,380.15,9712813,382.51,387.6,974,387.8,240,
2026-04-13T12:55:53.666,NC,NTPC,387.8,374.35,387.85,374.35,380.15,9713905,382.51,387.8,13,387.85,8452,
2026-04-13T12:55:54.667,NC,NTPC,387.8,374.35,387.85,374.35,380.15,9713962,382.51,387.65,295,387.8,195,
2026-04-13T12:55:55.768,NC,NTPC,387.8,374.35,387.85,374.35,380.15,9713976,382.51,387.65,295,387.8,129,
2026-04-13T12:55:56.672,NC,NTPC,387.8,374.35,387.85,374.35,380.15,9714116,382.51,387.8,14,387.85,8430,
2026-04-13T12:55:57.873,NC,NTPC,387.8,374.35,387.85,374.35,380.15,9718621,382.51,387.6,233,387.8,918,
2026-04-13T12:55:58.879,NC,NTPC,387.6,374.35,387.85,374.35,380.15,9718675,382.51,387.6,379,387.8,998,
2026-04-13T12:55:59.881,NC,NTPC,387.8,374.35,387.85,374.35,380.15,9718798,382.51,387.65,1106,387.8,616,
2026-04-13T12:56:00.882,NC,NTPC,387.8,374.35,387.85,374.35,380.15,9718987,382.51,387.75,3,387.8,488,
2026-04-13T12:56:01.883,NC,NTPC,387.75,374.35,387.85,374.35,380.15,9718988,382.51,387.75,33,387.8,488,
2026-04-13T12:56:02.892,NC,NTPC,387.85,374.35,387.85,374.35,380.15,9720188,382.52,387.75,243,387.85,7022,
2026-04-13T12:56:03.989,NC,NTPC,387.75,374.35,387.85,374.35,380.15,9724441,382.52,387.75,488,387.85,2834,
2026-04-13T12:56:05.090,NC,NTPC,387.85,374.35,387.85,374.35,380.15,9724562,382.52,387.75,201,387.85,3212,
2026-04-13T12:56:07.093,NC,NTPC,387.85,374.35,387.85,374.35,380.15,9726172,382.52,387.8,100,387.85,2978,
2026-04-13T12:56:08.094,NC,NTPC,387.7,374.35,387.85,374.35,380.15,9726539,382.52,387.75,5,387.8,130,
2026-04-13T12:56:09.192,NC,NTPC,387.85,374.35,387.85,374.35,380.15,9727742,382.52,387.8,12,387.85,2776,
2026-04-13T12:56:10.203,NC,NTPC,387.85,374.35,387.85,374.35,380.15,9727768,382.52,387.8,12,387.85,2869,
2026-04-13T12:56:11.198,NC,NTPC,387.75,374.35,387.85,374.35,380.15,9727848,382.52,387.6,875,387.75,13,
2026-04-13T12:56:12.298,NC,NTPC,387.6,374.35,387.85,374.35,380.15,9728693,382.52,387.6,567,387.8,852,
2026-04-13T12:56:13.400,NC,NTPC,387.8,374.35,387.85,374.35,380.15,9728941,382.52,387.6,718,387.8,847,
2026-04-13T12:56:14.401,NC,NTPC,387.75,374.35,387.85,374.35,380.15,9729019,382.52,387.6,315,387.75,149,
2026-04-13T12:56:15.408,NC,NTPC,387.75,374.35,387.85,374.35,380.15,9729026,382.52,387.6,265,387.75,743,
2026-04-13T12:56:16.430,NC,NTPC,387.55,374.35,387.85,374.35,380.15,9729580,382.52,387.55,756,387.75,1093,
2026-04-13T12:56:17.432,NC,NTPC,387.75,374.35,387.85,374.35,380.15,9729831,382.52,387.6,1,387.75,881,
2026-04-13T12:56:18.316,NC,NTPC,387.7,374.35,387.85,374.35,380.15,9730031,382.52,387.5,1287,387.7,530,
2026-04-13T12:56:19.336,NC,NTPC,387.5,374.35,387.85,374.35,380.15,9730085,382.52,387.5,1344,387.7,589,
2026-04-13T12:56:20.319,NC,NTPC,387.5,374.35,387.85,374.35,380.15,9730098,382.52,387.5,1331,387.65,122,
2026-04-13T12:56:21.333,NC,NTPC,387.5,374.35,387.85,374.35,380.15,9730195,382.52,387.5,1234,387.6,100,
2026-04-13T12:56:22.328,NC,NTPC,387.6,374.35,387.85,374.35,380.15,9730201,382.52,387.5,213,387.55,5,
2026-04-13T12:56:23.327,NC,NTPC,387.65,374.35,387.85,374.35,380.15,9730301,382.52,387.5,172,387.65,609,
2026-04-13T12:56:24.426,NC,NTPC,387.5,374.35,387.85,374.35,380.15,9731903,382.52,387.5,111,387.6,667,
2026-04-13T12:56:25.525,NC,NTPC,387.6,374.35,387.85,374.35,380.15,9732154,382.52,387.5,101,387.6,1061,
2026-04-13T12:56:26.626,NC,NTPC,387.6,374.35,387.85,374.35,380.15,9732403,382.52,387.5,101,387.6,946,
2026-04-13T12:56:28.835,NC,NTPC,387.5,374.35,387.85,374.35,380.15,9732458,382.52,387.5,46,387.55,355,
2026-04-13T12:56:29.930,NC,NTPC,387.5,374.35,387.85,374.35,380.15,9733273,382.52,387.4,99,387.5,157,
2026-04-13T12:56:31.034,NC,NTPC,387.5,374.35,387.85,374.35,380.15,9733750,382.52,387.45,32,387.5,1346,
2026-04-13T12:56:32.050,NC,NTPC,387.3,374.35,387.85,374.35,380.15,9734012,382.52,387.3,1306,387.45,10,
2026-04-13T12:56:33.036,NC,NTPC,387.5,374.35,387.85,374.35,380.15,9734112,382.52,387.35,142,387.5,739,
2026-04-13T12:56:34.143,NC,NTPC,387.35,374.35,387.85,374.35,380.15,9734166,382.52,387.35,303,387.45,51,
2026-04-13T12:56:35.242,NC,NTPC,387.45,374.35,387.85,374.35,380.15,9734199,382.52,387.35,393,387.45,26,
2026-04-13T12:56:37.644,NC,NTPC,387.45,374.35,387.85,374.35,380.15,9734201,382.52,387.35,443,387.45,24,
2026-04-13T12:56:38.738,NC,NTPC,387.35,374.35,387.85,374.35,380.15,9735583,382.52,387.35,572,387.5,87,
2026-04-13T12:56:39.837,NC,NTPC,387.35,374.35,387.85,374.35,380.15,9735584,382.52,387.4,3,387.5,87,
2026-04-13T12:56:40.941,NC,NTPC,387.45,374.35,387.85,374.35,380.15,9735714,382.52,387.35,52,387.45,45,
2026-04-13T12:56:42.040,NC,NTPC,387.45,374.35,387.85,374.35,380.15,9735759,382.52,387.45,25,387.5,87,
2026-04-13T12:56:43.040,NC,NTPC,387.5,374.35,387.85,374.35,380.15,9735762,382.52,387.45,24,387.5,85,
2026-04-13T12:56:43.944,NC,NTPC,387.3,374.35,387.85,374.35,380.15,9736931,382.52,387.3,370,387.45,123,
2026-04-13T12:56:45.143,NC,NTPC,387.45,374.35,387.85,374.35,380.15,9736937,382.52,387.3,570,387.45,444,
2026-04-13T12:56:47.350,NC,NTPC,387.4,374.35,387.85,374.35,380.15,9736949,382.52,387.4,4,387.45,701,
2026-04-13T12:56:48.356,NC,NTPC,387.3,374.35,387.85,374.35,380.15,9737015,382.52,387.3,2017,387.45,453,
2026-04-13T12:56:49.451,NC,NTPC,387.3,374.35,387.85,374.35,380.15,9737285,382.52,387.3,1848,387.45,347,
2026-04-13T12:56:50.457,NC,NTPC,387.45,374.35,387.85,374.35,380.15,9737340,382.52,387.3,1843,387.45,568,
2026-04-13T12:56:51.462,NC,NTPC,387.3,374.35,387.85,374.35,380.15,9737432,382.52,387.3,1937,387.45,558,
2026-04-13T12:56:52.561,NC,NTPC,387.45,374.35,387.85,374.35,380.15,9737434,382.52,387.3,2105,387.45,437,
2026-04-13T12:56:53.560,NC,NTPC,387.45,374.35,387.85,374.35,380.15,9738695,382.52,387.45,8,387.5,3027,
2026-04-13T12:56:54.668,NC,NTPC,387.45,374.35,387.85,374.35,380.15,9738710,382.52,387.45,6,387.5,3580,
2026-04-13T12:56:55.784,NC,NTPC,387.5,374.35,387.85,374.35,380.15,9738724,382.52,387.45,5,387.5,3454,
2026-04-13T12:56:56.988,NC,NTPC,387.45,374.35,387.85,374.35,380.15,9739105,382.53,387.3,1691,387.45,196,
2026-04-13T12:56:59.014,NC,NTPC,387.3,374.35,387.85,374.35,380.15,9739254,382.53,387.3,1541,387.45,1492,
2026-04-13T12:57:00.093,NC,NTPC,387.3,374.35,387.85,374.35,380.15,9740269,382.53,387.3,246,387.4,935,
2026-04-13T12:57:01.290,NC,NTPC,387.25,374.35,387.85,374.35,380.15,9741276,382.53,387.25,590,387.4,504,
2026-04-13T12:57:02.393,NC,NTPC,387.4,374.35,387.85,374.35,380.15,9741291,382.53,387.3,1500,387.4,493,
2026-04-13T12:57:04.597,NC,NTPC,387.4,374.35,387.85,374.35,380.15,9742000,382.53,387.25,946,387.4,384,
2026-04-13T12:57:05.700,NC,NTPC,387.4,374.35,387.85,374.35,380.15,9742257,382.53,387.3,258,387.4,908,
2026-04-13T12:57:06.797,NC,NTPC,387.4,374.35,387.85,374.35,380.15,9742263,382.53,387.3,1755,387.4,806,
2026-04-13T12:57:07.897,NC,NTPC,387.25,374.35,387.85,374.35,380.15,9742622,382.53,387.2,1312,387.25,122,
2026-04-13T12:57:09.008,NC,NTPC,387.25,374.35,387.85,374.35,380.15,9743894,382.53,387.25,13,387.3,1063,
2026-04-13T12:57:10.100,NC,NTPC,387.25,374.35,387.85,374.35,380.15,9743976,382.53,387.2,1312,387.25,164,
2026-04-13T12:57:11.203,NC,NTPC,387.15,374.35,387.85,374.35,380.15,9745620,382.53,387.05,100,387.15,607,
2026-04-13T12:57:12.304,NC,NTPC,387.15,374.35,387.85,374.35,380.15,9745869,382.53,387.05,100,387.15,568,
2026-04-13T12:57:13.422,NC,NTPC,387.0,374.35,387.85,374.35,380.15,9746272,382.53,387.0,1267,387.15,376,
2026-04-13T12:57:14.511,NC,NTPC,387.0,374.35,387.85,374.35,380.15,9746326,382.53,387.0,1213,387.15,585,
2026-04-13T12:57:15.686,NC,NTPC,387.15,374.35,387.85,374.35,380.15,9746547,382.53,387.0,1213,387.15,949,
2026-04-13T12:57:16.718,NC,NTPC,387.0,374.35,387.85,374.35,380.15,9746662,382.53,387.0,1122,387.15,1403,
2026-04-13T12:57:17.814,NC,NTPC,387.15,374.35,387.85,374.35,380.15,9746684,382.53,387.0,1730,387.15,1026,
2026-04-13T12:57:18.918,NC,NTPC,387.15,374.35,387.85,374.35,380.15,9746744,382.53,387.05,568,387.15,582,
2026-04-13T12:57:20.022,NC,NTPC,387.15,374.35,387.85,374.35,380.15,9746870,382.53,387.05,214,387.15,572,
2026-04-13T12:57:20.925,NC,NTPC,387.15,374.35,387.85,374.35,380.15,9747238,382.53,387.05,52,387.1,1681,
2026-04-13T12:57:22.026,NC,NTPC,387.1,374.35,387.85,374.35,380.15,9747400,382.53,387.0,1879,387.1,2170,
2026-04-13T12:57:24.243,NC,NTPC,387.15,374.35,387.85,374.35,380.15,9749904,382.53,387.15,764,387.2,223,
2026-04-13T12:57:25.326,NC,NTPC,387.25,374.35,387.85,374.35,380.15,9750981,382.53,387.2,1,387.25,137,
2026-04-13T12:57:26.430,NC,NTPC,387.2,374.35,387.85,374.35,380.15,9751235,382.53,387.2,1,387.25,210,
2026-04-13T12:57:27.330,NC,NTPC,387.2,374.35,387.85,374.35,380.15,9751240,382.53,387.15,579,387.2,97,
2026-04-13T12:57:29.547,NC,NTPC,387.2,374.35,387.85,374.35,380.15,9751460,382.53,387.2,3,387.25,81,
2026-04-13T12:57:31.732,NC,NTPC,387.2,374.35,387.85,374.35,380.15,9751487,382.53,387.15,524,387.2,6,
2026-04-13T12:57:33.933,NC,NTPC,387.1,374.35,387.85,374.35,380.15,9752487,382.53,387.1,2013,387.15,6,
2026-04-13T12:57:35.039,NC,NTPC,387.25,374.35,387.85,374.35,380.15,9752619,382.53,387.15,126,387.25,50,
2026-04-13T12:57:37.036,NC,NTPC,387.25,374.35,387.85,374.35,380.15,9752722,382.53,387.15,288,387.25,86,
2026-04-13T12:57:43.242,NC,NTPC,387.25,374.35,387.85,374.35,380.15,9754034,382.53,387.25,25,387.3,981,
2026-04-13T12:57:49.053,NC,NTPC,387.3,374.35,387.85,374.35,380.15,9754871,382.53,387.25,460,387.3,3,
2026-04-13T12:57:55.253,NC,NTPC,387.3,374.35,387.85,374.35,380.15,9760956,382.54,387.3,762,387.4,114,
2026-04-13T12:58:01.671,NC,NTPC,387.45,374.35,387.85,374.35,380.15,9762546,382.54,387.4,848,387.5,1068,
2026-04-13T12:58:07.693,NC,NTPC,387.5,374.35,387.85,374.35,380.15,9762670,382.54,387.45,3,387.5,1019,
2026-04-13T12:58:13.802,NC,NTPC,387.5,374.35,387.85,374.35,380.15,9765505,382.54,387.5,738,387.65,327,
2026-04-13T12:58:19.701,NC,NTPC,387.5,374.35,387.85,374.35,380.15,9766100,382.54,387.5,383,387.6,6,
2026-04-13T12:58:25.226,NC,NTPC,387.65,374.35,387.85,374.35,380.15,9775132,382.54,387.6,1,387.65,260,
2026-04-13T12:58:30.823,NC,NTPC,387.55,374.35,387.85,374.35,380.15,9776532,382.54,387.55,1608,387.65,1,
2026-04-13T12:58:36.426,NC,NTPC,387.65,374.35,387.85,374.35,380.15,9777546,382.54,387.65,295,387.7,322,
2026-04-13T12:58:42.031,NC,NTPC,387.7,374.35,387.85,374.35,380.15,9780433,382.55,387.55,380,387.65,80,
2026-04-13T12:58:47.333,NC,NTPC,387.55,374.35,387.85,374.35,380.15,9781429,382.55,387.5,395,387.6,67,
2026-04-13T12:58:52.539,NC,NTPC,387.6,374.35,387.85,374.35,380.15,9781929,382.55,387.45,126,387.6,1265,
2026-04-13T12:58:57.841,NC,NTPC,387.55,374.35,387.85,374.35,380.15,9783518,382.55,387.45,1062,387.55,66,
2026-04-13T12:59:03.469,NC,NTPC,387.5,374.35,387.85,374.35,380.15,9783925,382.55,387.5,2,387.55,541,
2026-04-13T12:59:08.873,NC,NTPC,387.55,374.35,387.85,374.35,380.15,9785818,382.55,387.5,263,387.6,1011,
2026-04-13T12:59:14.278,NC,NTPC,387.6,374.35,387.85,374.35,380.15,9786680,382.55,387.45,434,387.5,6,
2026-04-13T12:59:19.291,NC,NTPC,387.45,374.35,387.85,374.35,380.15,9786889,382.55,387.4,793,387.6,1169,
2026-04-13T12:59:24.285,NC,NTPC,387.6,374.35,387.85,374.35,380.15,9788696,382.55,387.4,808,387.5,137,
2026-04-13T12:59:29.286,NC,NTPC,387.4,374.35,387.85,374.35,380.15,9789663,382.55,387.4,167,387.5,296,
2026-04-13T12:59:34.295,NC,NTPC,387.4,374.35,387.85,374.35,380.15,9790403,382.55,387.3,933,387.4,6,
2026-04-13T12:59:38.995,NC,NTPC,387.3,374.35,387.85,374.35,380.15,9792652,382.55,387.3,5512,387.5,16045,
2026-04-13T12:59:44.025,NC,NTPC,387.5,374.35,387.85,374.35,380.15,9794641,382.55,387.3,7307,387.5,14667,
2026-04-13T12:59:49.420,NC,NTPC,387.4,374.35,387.85,374.35,380.15,9795165,382.55,387.4,167,387.5,14045,
2026-04-13T12:59:54.432,NC,NTPC,387.4,374.35,387.85,374.35,380.15,9796646,382.55,387.35,6377,387.45,117,
2026-04-13T12:59:59.537,NC,NTPC,387.45,374.35,387.85,374.35,380.15,9797691,382.55,387.35,6090,387.45,570,
2026-04-13T13:00:04.738,NC,NTPC,387.5,374.35,387.85,374.35,380.15,9804997,382.56,387.45,159,387.5,6560,
2026-04-13T13:00:10.355,NC,NTPC,387.5,374.35,387.85,374.35,380.15,9808198,382.56,387.45,171,387.5,4442,
2026-04-13T13:00:15.458,NC,NTPC,387.5,374.35,387.85,374.35,380.15,9810510,382.56,387.4,41,387.5,5283,
2026-04-13T13:00:20.860,NC,NTPC,387.35,374.35,387.85,374.35,380.15,9810728,382.56,387.35,4777,387.4,6,
2026-04-13T13:00:25.882,NC,NTPC,387.5,374.35,387.85,374.35,380.15,9812550,382.56,387.45,16,387.5,5551,
2026-04-13T13:00:30.778,NC,NTPC,387.35,374.35,387.85,374.35,380.15,9813016,382.56,387.35,3159,387.45,426,
2026-04-13T13:00:35.786,NC,NTPC,387.5,374.35,387.85,374.35,380.15,9815719,382.56,387.45,283,387.5,3505,
2026-04-13T13:00:40.794,NC,NTPC,387.45,374.35,387.85,374.35,380.15,9820422,382.57,387.35,3817,387.45,91,
2026-04-13T13:00:46.206,NC,NTPC,387.5,374.35,387.85,374.35,380.15,9822468,382.57,387.5,151,387.55,472,
2026-04-13T13:00:51.901,NC,NTPC,387.4,374.35,387.85,374.35,380.15,9823250,382.57,387.4,3135,387.6,3463,
2026-04-13T13:00:57.506,NC,NTPC,387.45,374.35,387.85,374.35,380.15,9824909,382.57,387.45,108,387.5,6,
2026-04-13T13:01:02.726,NC,NTPC,387.45,374.35,387.85,374.35,380.15,9826826,382.57,387.45,322,387.6,1058,
2026-04-13T13:01:08.625,NC,NTPC,387.55,374.35,387.85,374.35,380.15,9828375,382.57,387.55,12,387.6,361,
2026-04-13T13:01:14.135,NC,NTPC,387.55,374.35,387.85,374.35,380.15,9828808,382.57,387.4,276,387.55,6,
2026-04-13T13:01:19.054,NC,NTPC,387.4,374.35,387.85,374.35,380.15,9828947,382.57,387.4,667,387.55,9,
2026-04-13T13:01:24.057,NC,NTPC,387.45,374.35,387.85,374.35,380.15,9830270,382.57,387.45,140,387.55,86,
2026-04-13T13:01:29.055,NC,NTPC,387.5,374.35,387.85,374.35,380.15,9830632,382.57,387.4,804,387.45,6,
2026-04-13T13:01:33.874,NC,NTPC,387.45,374.35,387.85,374.35,380.15,9831028,382.57,387.4,3107,387.45,6,
2026-04-13T13:01:39.070,NC,NTPC,387.5,374.35,387.85,374.35,380.15,9832325,382.57,387.4,4598,387.55,82,
2026-04-13T13:01:44.704,NC,NTPC,387.5,374.35,387.85,374.35,380.15,9836977,382.57,387.35,445,387.5,125,
2026-04-13T13:01:49.696,NC,NTPC,387.35,374.35,387.85,374.35,380.15,9837061,382.57,387.35,122,387.45,1,
2026-04-13T13:01:54.588,NC,NTPC,387.45,374.35,387.85,374.35,380.15,9838326,382.57,387.45,33,387.5,1572,
2026-04-13T13:01:59.201,NC,NTPC,387.35,374.35,387.85,374.35,380.15,9839312,382.58,387.35,902,387.45,501,
2026-04-13T13:02:04.013,NC,NTPC,387.2,374.35,387.85,374.35,380.15,9842226,382.58,387.2,258,387.35,1656,
2026-04-13T13:02:09.016,NC,NTPC,387.2,374.35,387.85,374.35,380.15,9843815,382.58,387.2,2677,387.35,1306,
2026-04-13T13:02:13.947,NC,NTPC,387.2,374.35,387.85,374.35,380.15,9844649,382.58,387.2,2125,387.35,1716,
2026-04-13T13:02:18.729,NC,NTPC,387.2,374.35,387.85,374.35,380.15,9847938,382.58,387.2,145,387.3,292,
2026-04-13T13:02:23.544,NC,NTPC,387.35,374.35,387.85,374.35,380.15,9849115,382.58,387.3,13,387.35,1062,
2026-04-13T13:02:28.145,NC,NTPC,387.2,374.35,387.85,374.35,380.15,9851607,382.58,387.15,50,387.2,17,
2026-04-13T13:02:33.045,NC,NTPC,387.25,374.35,387.85,374.35,380.15,9852129,382.58,387.05,1827,387.25,106,
2026-04-13T13:02:36.751,NC,NTPC,387.25,374.35,387.85,374.35,380.15,9852403,382.58,387.05,1355,387.25,955,
2026-04-13T13:02:38.856,NC,NTPC,387.05,374.35,387.85,374.35,380.15,9853610,382.58,387.05,253,387.2,239,
2026-04-13T13:02:39.859,NC,NTPC,387.1,374.35,387.85,374.35,380.15,9853613,382.58,387.15,3,387.25,1659,
2026-04-13T13:02:40.961,NC,NTPC,387.25,374.35,387.85,374.35,380.15,9853749,382.58,387.05,1414,387.25,589,
2026-04-13T13:02:42.103,NC,NTPC,387.25,374.35,387.85,374.35,380.15,9853998,382.58,387.1,26,387.25,1578,
2026-04-13T13:02:44.274,NC,NTPC,387.1,374.35,387.85,374.35,380.15,9854032,382.58,387.05,200,387.1,4,
2026-04-13T13:02:45.181,NC,NTPC,387.1,374.35,387.85,374.35,380.15,9854103,382.58,387.1,1,387.2,721,
2026-04-13T13:02:46.176,NC,NTPC,387.2,374.35,387.85,374.35,380.15,9854227,382.58,387.05,314,387.2,704,
2026-04-13T13:02:47.288,NC,NTPC,387.0,374.35,387.85,374.35,380.15,9855772,382.58,387.0,482,387.15,2376,
2026-04-13T13:02:48.379,NC,NTPC,387.15,374.35,387.85,374.35,380.15,9855950,382.58,387.0,309,387.15,2261,
2026-04-13T13:02:49.382,NC,NTPC,387.0,374.35,387.85,374.35,380.15,9856209,382.58,387.0,150,387.1,1,
2026-04-13T13:02:51.487,NC,NTPC,387.1,374.35,387.85,374.35,380.15,9856523,382.58,386.95,986,387.1,57,
2026-04-13T13:02:53.589,NC,NTPC,386.95,374.35,387.85,374.35,380.15,9857692,382.58,386.95,888,387.15,1072,
2026-04-13T13:02:55.892,NC,NTPC,387.0,374.35,387.85,374.35,380.15,9857731,382.58,387.0,11,387.15,1694,
2026-04-13T13:02:56.998,NC,NTPC,387.1,374.35,387.85,374.35,380.15,9859580,382.58,386.9,2015,387.1,752,
2026-04-13T13:02:59.095,NC,NTPC,386.9,374.35,387.85,374.35,380.15,9859634,382.58,386.9,363,387.1,2911,
2026-04-13T13:03:00.205,NC,NTPC,386.95,374.35,387.85,374.35,380.15,9859764,382.58,386.95,1871,387.1,3194,
2026-04-13T13:03:01.293,NC,NTPC,387.05,374.35,387.85,374.35,380.15,9860005,382.58,387.0,2,387.1,2555,
2026-04-13T13:03:02.296,NC,NTPC,386.85,374.35,387.85,374.35,380.15,9863005,382.59,386.9,1265,387.1,1606,
2026-04-13T13:03:04.500,NC,NTPC,387.1,374.35,387.85,374.35,380.15,9863060,382.59,387.0,1,387.1,632,
2026-04-13T13:03:05.602,NC,NTPC,387.1,374.35,387.85,374.35,380.15,9863168,382.59,387.0,305,387.1,524,
2026-04-13T13:03:06.618,NC,NTPC,387.1,374.35,387.85,374.35,380.15,9863170,382.59,387.0,1,387.1,1703,
2026-04-13T13:03:07.705,NC,NTPC,387.0,374.35,387.85,374.35,380.15,9863174,382.59,386.95,374,387.1,1708,
2026-04-13T13:03:08.804,NC,NTPC,387.0,374.35,387.85,374.35,380.15,9864859,382.59,386.9,1366,387.0,7,
2026-04-13T13:03:09.907,NC,NTPC,386.9,374.35,387.85,374.35,380.15,9865209,382.59,386.85,3668,387.0,2070,
2026-04-13T13:03:11.007,NC,NTPC,387.0,374.35,387.85,374.35,380.15,9865262,382.59,386.85,3620,387.0,2199,
2026-04-13T13:03:12.009,NC,NTPC,386.85,374.35,387.85,374.35,380.15,9866257,382.59,386.85,3268,386.9,912,
2026-04-13T13:03:13.113,NC,NTPC,386.9,374.35,387.85,374.35,380.15,9869625,382.59,386.8,2298,386.9,1284,
2026-04-13T13:03:14.212,NC,NTPC,386.9,374.35,387.85,374.35,380.15,9869804,382.59,386.8,2123,386.9,1282,
2026-04-13T13:03:15.323,NC,NTPC,386.9,374.35,387.85,374.35,380.15,9869811,382.59,386.8,2124,386.9,890,
2026-04-13T13:03:16.432,NC,NTPC,386.9,374.35,387.85,374.35,380.15,9870192,382.59,386.8,1767,386.9,1304,
2026-04-13T13:03:17.568,NC,NTPC,386.9,374.35,387.85,374.35,380.15,9870202,382.59,386.8,1767,386.9,1346,
2026-04-13T13:03:18.625,NC,NTPC,386.8,374.35,387.85,374.35,380.15,9870256,382.59,386.8,1713,386.9,1453,
2026-04-13T13:03:20.826,NC,NTPC,386.9,374.35,387.85,374.35,380.15,9870424,382.59,386.8,1645,386.9,1047,
2026-04-13T13:03:22.922,NC,NTPC,386.9,374.35,387.85,374.35,380.15,9870427,382.59,386.8,2046,386.9,1416,
2026-04-13T13:03:24.024,NC,NTPC,386.8,374.35,387.85,374.35,380.15,9872553,382.59,386.85,1,386.95,1042,
2026-04-13T13:03:24.943,NC,NTPC,386.95,374.35,387.85,374.35,380.15,9872559,382.59,386.85,1,386.95,1219,
2026-04-13T13:03:26.029,NC,NTPC,386.95,374.35,387.85,374.35,380.15,9872563,382.59,386.85,1,386.95,1773,
2026-04-13T13:03:27.138,NC,NTPC,386.8,374.35,387.85,374.35,380.15,9873111,382.59,386.85,1,386.9,489,
2026-04-13T13:03:29.335,NC,NTPC,386.85,374.35,387.85,374.35,380.15,9873286,382.59,386.8,1699,386.85,5,
2026-04-13T13:03:31.355,NC,NTPC,386.8,374.35,387.85,374.35,380.15,9873601,382.59,386.8,1407,386.85,744,
2026-04-13T13:03:33.354,NC,NTPC,386.8,374.35,387.85,374.35,380.15,9873602,382.59,386.8,1406,386.85,916,
2026-04-13T13:03:34.354,NC,NTPC,386.8,374.35,387.85,374.35,380.15,9873706,382.59,386.8,1303,386.85,1078,
2026-04-13T13:03:35.361,NC,NTPC,386.8,374.35,387.85,374.35,380.15,9873842,382.59,386.8,1176,386.85,901,
2026-04-13T13:03:36.460,NC,NTPC,386.85,374.35,387.85,374.35,380.15,9873844,382.59,386.8,1176,386.85,1357,
2026-04-13T13:03:38.765,NC,NTPC,386.85,374.35,387.85,374.35,380.15,9875153,382.59,386.8,1121,386.85,403,
2026-04-13T13:03:44.274,NC,NTPC,386.8,374.35,387.85,374.35,380.15,9875616,382.59,386.8,995,386.85,802,
2026-04-13T13:03:49.686,NC,NTPC,386.85,374.35,387.85,374.35,380.15,9875919,382.59,386.8,840,386.85,1247,
2026-04-13T13:03:55.191,NC,NTPC,386.85,374.35,387.85,374.35,380.15,9878302,382.59,386.75,1213,386.85,362,
2026-04-13T13:04:01.108,NC,NTPC,386.9,374.35,387.85,374.35,380.15,9881236,382.59,386.9,403,387.0,3288,
2026-04-13T13:04:07.503,NC,NTPC,386.95,374.35,387.85,374.35,380.15,9881519,382.59,386.95,443,387.0,3055,
2026-04-13T13:04:13.514,NC,NTPC,386.95,374.35,387.85,374.35,380.15,9885006,382.6,386.95,1234,387.05,714,
2026-04-13T13:04:19.026,NC,NTPC,386.95,374.35,387.85,374.35,380.15,9887250,382.6,386.95,180,387.05,839,
2026-04-13T13:04:24.725,NC,NTPC,387.05,374.35,387.85,374.35,380.15,9889076,382.6,386.95,566,387.05,209,
2026-04-13T13:04:30.130,NC,NTPC,387.1,374.35,387.85,374.35,380.15,9890005,382.6,387.05,7,387.1,1386,
2026-04-13T13:04:35.239,NC,NTPC,387.05,374.35,387.85,374.35,380.15,9890143,382.6,386.95,234,387.05,192,
2026-04-13T13:04:40.459,NC,NTPC,387.05,374.35,387.85,374.35,380.15,9901243,382.6,387.05,13,387.1,552,
2026-04-13T13:04:45.463,NC,NTPC,387.05,374.35,387.85,374.35,380.15,9903082,382.6,386.95,877,387.05,85,
2026-04-13T13:04:50.366,NC,NTPC,387.05,374.35,387.85,374.35,380.15,9903884,382.6,387.05,430,387.15,3272,
2026-04-13T13:04:55.374,NC,NTPC,387.1,374.35,387.85,374.35,380.15,9905116,382.6,387.05,513,387.1,93,
2026-04-13T13:05:00.269,NC,NTPC,387.1,374.35,387.85,374.35,380.15,9905463,382.6,387.1,28,387.15,1928,
2026-04-13T13:05:05.283,NC,NTPC,387.15,374.35,387.85,374.35,380.15,9906560,382.61,387.05,813,387.15,1747,
2026-04-13T13:05:10.381,NC,NTPC,387.35,374.35,387.85,374.35,380.15,9910663,382.61,387.2,383,387.35,438,
2026-04-13T13:05:15.392,NC,NTPC,387.35,374.35,387.85,374.35,380.15,9911307,382.61,387.35,1,387.4,1381,
2026-04-13T13:05:20.500,NC,NTPC,387.3,374.35,387.85,374.35,380.15,9911383,382.61,387.3,163,387.35,6,
2026-04-13T13:05:25.510,NC,NTPC,387.4,374.35,387.85,374.35,380.15,9912905,382.61,387.4,18,387.45,1347,
2026-04-13T13:05:30.510,NC,NTPC,387.3,374.35,387.85,374.35,380.15,9913705,382.61,387.3,74,387.4,83,
2026-04-13T13:05:35.718,NC,NTPC,387.4,374.35,387.85,374.35,380.15,9914320,382.61,387.3,1879,387.4,41,
2026-04-13T13:05:36.915,NC,NTPC,387.5,374.35,387.85,374.35,380.15,9914472,382.61,387.3,1888,387.5,2105,
2026-04-13T13:05:37.917,NC,NTPC,387.5,374.35,387.85,374.35,380.15,9915041,382.61,387.3,1903,387.4,1,
2026-04-13T13:05:38.821,NC,NTPC,387.5,374.35,387.85,374.35,380.15,9916252,382.61,387.3,1883,387.5,682,
2026-04-13T13:05:39.921,NC,NTPC,387.3,374.35,387.85,374.35,380.15,9916255,382.61,387.35,229,387.4,1,
2026-04-13T13:05:41.021,NC,NTPC,387.35,374.35,387.85,374.35,380.15,9916333,382.61,387.35,150,387.4,1,
2026-04-13T13:05:42.124,NC,NTPC,387.4,374.35,387.85,374.35,380.15,9916405,382.61,387.4,139,387.5,3157,
2026-04-13T13:05:43.229,NC,NTPC,387.45,374.35,387.85,374.35,380.15,9916409,382.61,387.45,3,387.5,2865,
2026-04-13T13:05:44.220,NC,NTPC,387.45,374.35,387.85,374.35,380.15,9916424,382.61,387.4,26,387.45,1277,
2026-04-13T13:05:45.336,NC,NTPC,387.45,374.35,387.85,374.35,380.15,9916805,382.61,387.4,1,387.45,922,
2026-04-13T13:05:46.422,NC,NTPC,387.45,374.35,387.85,374.35,380.15,9916829,382.61,387.4,1,387.45,621,
2026-04-13T13:05:47.519,NC,NTPC,387.3,374.35,387.85,374.35,380.15,9916839,382.61,387.3,798,387.45,80,
2026-04-13T13:05:48.529,NC,NTPC,387.3,374.35,387.85,374.35,380.15,9917057,382.61,387.3,530,387.4,100,
2026-04-13T13:05:49.439,NC,NTPC,387.3,374.35,387.85,374.35,380.15,9917165,382.61,387.3,422,387.4,100,
2026-04-13T13:05:51.447,NC,NTPC,387.3,374.35,387.85,374.35,380.15,9917256,382.61,387.3,657,387.4,100,
2026-04-13T13:05:52.550,NC,NTPC,387.45,374.35,387.85,374.35,380.15,9917359,382.61,387.3,826,387.45,287,
2026-04-13T13:05:53.566,NC,NTPC,387.5,374.35,387.85,374.35,380.15,9918389,382.61,387.45,13,387.5,3610,
2026-04-13T13:05:54.611,NC,NTPC,387.5,374.35,387.85,374.35,380.15,9918740,382.61,387.45,13,387.5,4023,
2026-04-13T13:05:55.543,NC,NTPC,387.4,374.35,387.85,374.35,380.15,9918960,382.61,387.3,1100,387.45,1399,
2026-04-13T13:05:56.554,NC,NTPC,387.45,374.35,387.85,374.35,380.15,9919346,382.61,387.3,1130,387.45,1058,
2026-04-13T13:05:57.557,NC,NTPC,387.3,374.35,387.85,374.35,380.15,9919347,382.61,387.3,1129,387.4,404,
2026-04-13T13:05:59.458,NC,NTPC,387.3,374.35,387.85,374.35,380.15,9919469,382.61,387.3,1007,387.4,404,
2026-04-13T13:06:00.458,NC,NTPC,387.3,374.35,387.85,374.35,380.15,9920308,382.61,387.15,1251,387.35,1552,
2026-04-13T13:06:01.573,NC,NTPC,387.35,374.35,387.85,374.35,380.15,9920408,382.61,387.3,3,387.35,1931,
2026-04-13T13:06:02.559,NC,NTPC,387.3,374.35,387.85,374.35,380.15,9920410,382.61,387.3,3,387.35,1793,
2026-04-13T13:06:04.458,NC,NTPC,387.25,374.35,387.85,374.35,380.15,9920441,382.61,387.25,3,387.3,5,
2026-04-13T13:06:05.559,NC,NTPC,387.3,374.35,387.85,374.35,380.15,9920448,382.61,387.25,3,387.3,6,
2026-04-13T13:06:06.663,NC,NTPC,387.3,374.35,387.85,374.35,380.15,9920451,382.61,387.25,3,387.3,13,
2026-04-13T13:06:07.763,NC,NTPC,387.3,374.35,387.85,374.35,380.15,9920456,382.61,387.25,3,387.3,14,
2026-04-13T13:06:08.762,NC,NTPC,387.15,374.35,387.85,374.35,380.15,9921732,382.61,387.1,995,387.25,6,
2026-04-13T13:06:09.763,NC,NTPC,387.1,374.35,387.85,374.35,380.15,9921760,382.61,387.1,798,387.25,6,
2026-04-13T13:06:10.864,NC,NTPC,387.1,374.35,387.85,374.35,380.15,9921832,382.61,387.1,889,387.25,2,
2026-04-13T13:06:11.965,NC,NTPC,387.25,374.35,387.85,374.35,380.15,9922131,382.61,387.1,402,387.25,42,
2026-04-13T13:06:13.064,NC,NTPC,387.25,374.35,387.85,374.35,380.15,9922135,382.61,387.1,929,387.25,615,
2026-04-13T13:06:14.065,NC,NTPC,387.1,374.35,387.85,374.35,380.15,9922190,382.61,387.1,348,387.25,615,
2026-04-13T13:06:15.167,NC,NTPC,387.25,374.35,387.85,374.35,380.15,9922227,382.61,387.1,348,387.25,579,
2026-04-13T13:06:16.271,NC,NTPC,387.25,374.35,387.85,374.35,380.15,9922228,382.61,387.2,4,387.25,1057,
2026-04-13T13:06:17.299,NC,NTPC,387.25,374.35,387.85,374.35,380.15,9922329,382.61,387.2,4,387.25,477,
2026-04-13T13:06:18.284,NC,NTPC,387.25,374.35,387.85,374.35,380.15,9922332,382.61,387.2,4,387.25,478,
2026-04-13T13:06:19.286,NC,NTPC,387.1,374.35,387.85,374.35,380.15,9922856,382.61,387.1,2530,387.2,6,
2026-04-13T13:06:20.376,NC,NTPC,387.1,374.35,387.85,374.35,380.15,9923256,382.61,387.15,3,387.2,113,
2026-04-13T13:06:21.475,NC,NTPC,387.15,374.35,387.85,374.35,380.15,9923416,382.61,387.1,2421,387.15,4,
2026-04-13T13:06:22.590,NC,NTPC,387.1,374.35,387.85,374.35,380.15,9923457,382.61,387.1,2540,387.15,7,
2026-04-13T13:06:23.684,NC,NTPC,387.1,374.35,387.85,374.35,380.15,9925195,382.61,387.1,2756,387.25,794,
2026-04-13T13:06:24.686,NC,NTPC,387.25,374.35,387.85,374.35,380.15,9925295,382.61,387.15,576,387.25,694,
2026-04-13T13:06:25.698,NC,NTPC,387.25,374.35,387.85,374.35,380.15,9925396,382.61,387.15,1093,387.25,593,
2026-04-13T13:06:26.790,NC,NTPC,387.15,374.35,387.85,374.35,380.15,9925655,382.61,387.15,898,387.2,1,
2026-04-13T13:06:27.893,NC,NTPC,387.15,374.35,387.85,374.35,380.15,9925689,382.61,387.15,753,387.2,1,
2026-04-13T13:06:28.814,NC,NTPC,387.15,374.35,387.85,374.35,380.15,9925813,382.61,387.15,483,387.2,1,
2026-04-13T13:06:29.900,NC,NTPC,387.25,374.35,387.85,374.35,380.15,9925934,382.61,387.15,321,387.25,821,
2026-04-13T13:06:30.996,NC,NTPC,387.25,374.35,387.85,374.35,380.15,9925986,382.61,387.15,321,387.25,904,
2026-04-13T13:06:32.021,NC,NTPC,387.15,374.35,387.85,374.35,380.15,9926078,382.61,387.15,229,387.2,3,
2026-04-13T13:06:33.099,NC,NTPC,387.25,374.35,387.85,374.35,380.15,9926467,382.61,387.1,2637,387.25,854,
2026-04-13T13:06:34.099,NC,NTPC,387.1,374.35,387.85,374.35,380.15,9926521,382.61,387.1,2493,387.25,854,
2026-04-13T13:06:35.200,NC,NTPC,387.2,374.35,387.85,374.35,380.15,9926613,382.61,387.2,1,387.25,1602,
2026-04-13T13:06:36.308,NC,NTPC,387.2,374.35,387.85,374.35,380.15,9926614,382.61,387.2,1,387.25,1166,
2026-04-13T13:06:37.427,NC,NTPC,387.25,374.35,387.85,374.35,380.15,9926756,382.61,387.05,490,387.25,956,
2026-04-13T13:06:38.412,NC,NTPC,387.25,374.35,387.85,374.35,380.15,9927909,382.62,387.1,122,387.25,994,
2026-04-13T13:06:39.419,NC,NTPC,387.2,374.35,387.85,374.35,380.15,9927998,382.62,387.0,5781,387.2,1467,
2026-04-13T13:06:40.514,NC,NTPC,387.0,374.35,387.85,374.35,380.15,9928078,382.62,387.0,6556,387.1,2,
2026-04-13T13:06:41.630,NC,NTPC,387.2,374.35,387.85,374.35,380.15,9928270,382.62,387.1,23,387.2,911,
2026-04-13T13:06:42.746,NC,NTPC,387.1,374.35,387.85,374.35,380.15,9928335,382.62,387.1,25,387.2,808,
2026-04-13T13:06:43.729,NC,NTPC,387.1,374.35,387.85,374.35,380.15,9928394,382.62,387.1,25,387.2,803,
2026-04-13T13:06:44.628,NC,NTPC,387.05,374.35,387.85,374.35,380.15,9928611,382.62,387.05,1,387.2,745,
2026-04-13T13:06:45.628,NC,NTPC,387.0,374.35,387.85,374.35,380.15,9928644,382.62,387.0,6271,387.15,722,
2026-04-13T13:06:47.627,NC,NTPC,387.15,374.35,387.85,374.35,380.15,9928733,382.62,387.1,4,387.15,380,
2026-04-13T13:06:48.824,NC,NTPC,387.1,374.35,387.85,374.35,380.15,9928971,382.62,387.05,1455,387.1,6,
2026-04-13T13:06:49.728,NC,NTPC,387.2,374.35,387.85,374.35,380.15,9930539,382.62,387.1,1634,387.2,127,
2026-04-13T13:06:50.827,NC,NTPC,387.1,374.35,387.85,374.35,380.15,9930642,382.62,387.1,1307,387.2,127,
2026-04-13T13:06:51.834,NC,NTPC,387.15,374.35,387.85,374.35,380.15,9930838,382.62,387.2,1,387.3,612,
2026-04-13T13:06:52.834,NC,NTPC,387.15,374.35,387.85,374.35,380.15,9930948,382.62,387.15,1148,387.3,612,
2026-04-13T13:06:53.827,NC,NTPC,387.3,374.35,387.85,374.35,380.15,9932022,382.62,387.3,9,387.4,1368,
2026-04-13T13:06:55.858,NC,NTPC,387.4,374.35,387.85,374.35,380.15,9932058,382.62,387.3,10,387.4,1226,
2026-04-13T13:06:56.828,NC,NTPC,387.4,374.35,387.85,374.35,380.15,9932456,382.62,387.25,8,387.4,528,
2026-04-13T13:06:57.840,NC,NTPC,387.25,374.35,387.85,374.35,380.15,9932759,382.62,387.25,1408,387.4,1,
2026-04-13T13:06:58.840,NC,NTPC,387.25,374.35,387.85,374.35,380.15,9932881,382.62,387.25,1870,387.4,1,
2026-04-13T13:06:59.854,NC,NTPC,387.3,374.35,387.85,374.35,380.15,9932926,382.62,387.25,1485,387.3,1,
2026-04-13T13:07:00.848,NC,NTPC,387.25,374.35,387.85,374.35,380.15,9932936,382.62,387.25,1450,387.3,2,
2026-04-13T13:07:01.847,NC,NTPC,387.3,374.35,387.85,374.35,380.15,9932938,382.62,387.3,261,387.45,1579,
2026-04-13T13:07:02.849,NC,NTPC,387.3,374.35,387.85,374.35,380.15,9932988,382.62,387.3,213,387.45,410,
2026-04-13T13:07:03.759,NC,NTPC,387.3,374.35,387.85,374.35,380.15,9933042,382.62,387.3,159,387.45,411,
2026-04-13T13:07:04.748,NC,NTPC,387.45,374.35,387.85,374.35,380.15,9933183,382.62,387.3,119,387.45,442,
2026-04-13T13:07:05.765,NC,NTPC,387.45,374.35,387.85,374.35,380.15,9933190,382.62,387.3,119,387.45,435,
2026-04-13T13:07:06.760,NC,NTPC,387.35,374.35,387.85,374.35,380.15,9933198,382.62,387.35,3,387.45,297,
2026-04-13T13:07:08.760,NC,NTPC,387.35,374.35,387.85,374.35,380.15,9934398,382.62,387.3,965,387.35,1,
2026-04-13T13:07:09.759,NC,NTPC,387.3,374.35,387.85,374.35,380.15,9934403,382.62,387.3,1026,387.35,2,
2026-04-13T13:07:10.770,NC,NTPC,387.5,374.35,387.85,374.35,380.15,9934683,382.62,387.35,2,387.5,4127,
2026-04-13T13:07:11.877,NC,NTPC,387.5,374.35,387.85,374.35,380.15,9934931,382.62,387.35,4,387.5,4245,
2026-04-13T13:07:12.872,NC,NTPC,387.5,374.35,387.85,374.35,380.15,9935031,382.62,387.35,4,387.4,1,
2026-04-13T13:07:14.079,NC,NTPC,387.35,374.35,387.85,374.35,380.15,9935085,382.62,387.3,1223,387.4,1,
2026-04-13T13:07:15.008,NC,NTPC,387.4,374.35,387.85,374.35,380.15,9935088,382.62,387.4,1,387.5,4040,
2026-04-13T13:07:16.205,NC,NTPC,387.5,374.35,387.85,374.35,380.15,9935116,382.62,387.4,1,387.45,1,
2026-04-13T13:07:17.207,NC,NTPC,387.35,374.35,387.85,374.35,380.15,9935121,382.62,387.35,14,387.45,1,
2026-04-13T13:07:19.214,NC,NTPC,387.35,374.35,387.85,374.35,380.15,9935244,382.62,387.3,1505,387.45,1,
2026-04-13T13:07:20.213,NC,NTPC,387.35,374.35,387.85,374.35,380.15,9935278,382.62,387.3,1296,387.35,66,
2026-04-13T13:07:21.216,NC,NTPC,387.5,374.35,387.85,374.35,380.15,9935378,382.62,387.3,1296,387.45,106,
2026-04-13T13:07:22.219,NC,NTPC,387.3,374.35,387.85,374.35,380.15,9935381,382.62,387.3,1295,387.45,104,
2026-04-13T13:07:24.122,NC,NTPC,387.35,374.35,387.85,374.35,380.15,9936665,382.62,387.3,1016,387.5,3269,
2026-04-13T13:07:25.124,NC,NTPC,387.5,374.35,387.85,374.35,380.15,9936671,382.62,387.3,1016,387.5,3263,
2026-04-13T13:07:26.119,NC,NTPC,387.5,374.35,387.85,374.35,380.15,9936675,382.62,387.35,30,387.4,1,
2026-04-13T13:07:27.124,NC,NTPC,387.5,374.35,387.85,374.35,380.15,9936769,382.62,387.4,25,387.45,4,
2026-04-13T13:07:28.134,NC,NTPC,387.35,374.35,387.85,374.35,380.15,9936994,382.62,387.3,1236,387.45,9,
2026-04-13T13:07:29.128,NC,NTPC,387.3,374.35,387.85,374.35,380.15,9937267,382.62,387.3,844,387.5,4004,
2026-04-13T13:07:30.127,NC,NTPC,387.3,374.35,387.85,374.35,380.15,9937297,382.62,387.3,706,387.4,1,
2026-04-13T13:07:31.138,NC,NTPC,387.4,374.35,387.85,374.35,380.15,9937399,382.62,387.4,3,387.45,2,
2026-04-13T13:07:32.029,NC,NTPC,387.5,374.35,387.85,374.35,380.15,9937799,382.62,387.4,3,387.5,3425,
2026-04-13T13:07:34.131,NC,NTPC,387.4,374.35,387.85,374.35,380.15,9937820,382.62,387.3,168,387.4,6,
2026-04-13T13:07:35.131,NC,NTPC,387.45,374.35,387.85,374.35,380.15,9937861,382.62,387.3,5,387.45,1661,
2026-04-13T13:07:36.131,NC,NTPC,387.45,374.35,387.85,374.35,380.15,9937864,382.62,387.3,5,387.4,1,
2026-04-13T13:07:37.032,NC,NTPC,387.45,374.35,387.85,374.35,380.15,9937967,382.62,387.3,5,387.45,852,
2026-04-13T13:07:39.034,NC,NTPC,387.45,374.35,387.85,374.35,380.15,9939129,382.62,387.3,451,387.45,253,
2026-04-13T13:07:41.035,NC,NTPC,387.45,374.35,387.85,374.35,380.15,9939141,382.62,387.4,15,387.45,640,
2026-04-13T13:07:42.036,NC,NTPC,387.45,374.35,387.85,374.35,380.15,9939390,382.62,387.4,15,387.45,401,
2026-04-13T13:07:43.154,NC,NTPC,387.45,374.35,387.85,374.35,380.15,9939399,382.62,387.4,16,387.45,465,
2026-04-13T13:07:44.236,NC,NTPC,387.4,374.35,387.85,374.35,380.15,9939436,382.62,387.3,231,387.4,6,
2026-04-13T13:07:45.339,NC,NTPC,387.45,374.35,387.85,374.35,380.15,9939841,382.62,387.3,358,387.45,323,
2026-04-13T13:07:46.456,NC,NTPC,387.4,374.35,387.85,374.35,380.15,9939842,382.62,387.4,3,387.45,494,
2026-04-13T13:07:49.453,NC,NTPC,387.4,374.35,387.85,374.35,380.15,9939871,382.62,387.3,1076,387.4,13,
2026-04-13T13:07:50.454,NC,NTPC,387.45,374.35,387.85,374.35,380.15,9940271,382.62,387.35,8,387.45,108,
2026-04-13T13:07:51.453,NC,NTPC,387.35,374.35,387.85,374.35,380.15,9940291,382.62,387.3,1144,387.35,10,
2026-04-13T13:07:52.464,NC,NTPC,387.3,374.35,387.85,374.35,380.15,9940333,382.62,387.3,974,387.35,8,
2026-04-13T13:07:53.562,NC,NTPC,387.35,374.35,387.85,374.35,380.15,9941648,382.62,387.35,122,387.5,1601,
2026-04-13T13:07:55.556,NC,NTPC,387.5,374.35,387.85,374.35,380.15,9941663,382.62,387.35,168,387.5,1660,
2026-04-13T13:07:56.653,NC,NTPC,387.35,374.35,387.85,374.35,380.15,9941924,382.62,387.35,319,387.5,1159,
2026-04-13T13:07:57.756,NC,NTPC,387.35,374.35,387.85,374.35,380.15,9941929,382.62,387.35,1537,387.5,755,
2026-04-13T13:07:58.767,NC,NTPC,387.5,374.35,387.85,374.35,380.15,9942052,382.62,387.35,1158,387.5,754,
2026-04-13T13:08:00.761,NC,NTPC,387.35,374.35,387.85,374.35,380.15,9942172,382.62,387.35,1134,387.5,654,
2026-04-13T13:08:01.760,NC,NTPC,387.4,374.35,387.85,374.35,380.15,9942183,382.62,387.45,3,387.5,1478,
2026-04-13T13:08:02.764,NC,NTPC,387.35,374.35,387.85,374.35,380.15,9942273,382.62,387.35,162,387.45,8,
2026-04-13T13:08:03.828,NC,NTPC,387.35,374.35,387.85,374.35,380.15,9942357,382.62,387.3,1430,387.45,161,
2026-04-13T13:08:04.759,NC,NTPC,387.4,374.35,387.85,374.35,380.15,9942359,382.62,387.35,219,387.45,161,
2026-04-13T13:08:05.770,NC,NTPC,387.45,374.35,387.85,374.35,380.15,9942366,382.62,387.3,1314,387.45,154,
2026-04-13T13:08:06.759,NC,NTPC,387.45,374.35,387.85,374.35,380.15,9942368,382.62,387.35,599,387.45,170,
2026-04-13T13:08:08.772,NC,NTPC,387.45,374.35,387.85,374.35,380.15,9943624,382.62,387.45,29,387.5,809,
2026-04-13T13:08:09.773,NC,NTPC,387.45,374.35,387.85,374.35,380.15,9943674,382.62,387.45,6,387.5,600,
2026-04-13T13:08:10.769,NC,NTPC,387.5,374.35,387.85,374.35,380.15,9943754,382.62,387.35,172,387.5,813,
2026-04-13T13:08:11.881,NC,NTPC,387.35,374.35,387.85,374.35,380.15,9944005,382.62,387.35,1081,387.5,140,
2026-04-13T13:08:12.975,NC,NTPC,387.4,374.35,387.85,374.35,380.15,9944007,382.62,387.35,636,387.5,1224,
2026-04-13T13:08:14.000,NC,NTPC,387.35,374.35,387.85,374.35,380.15,9944061,382.62,387.35,582,387.5,1664,
2026-04-13T13:08:14.995,NC,NTPC,387.5,374.35,387.85,374.35,380.15,9944068,382.62,387.35,465,387.5,1745,
2026-04-13T13:08:16.976,NC,NTPC,387.5,374.35,387.85,374.35,380.15,9944169,382.62,387.45,4,387.5,1808,
2026-04-13T13:08:17.979,NC,NTPC,387.35,374.35,387.85,374.35,380.15,9944580,382.62,387.35,119,387.5,2051,
2026-04-13T13:08:18.983,NC,NTPC,387.35,374.35,387.85,374.35,380.15,9944736,382.62,387.3,1155,387.5,2219,
2026-04-13T13:08:19.980,NC,NTPC,387.5,374.35,387.85,374.35,380.15,9944743,382.62,387.35,457,387.5,1444,
2026-04-13T13:08:20.989,NC,NTPC,387.35,374.35,387.85,374.35,380.15,9945013,382.62,387.35,187,387.5,1290,
2026-04-13T13:08:21.886,NC,NTPC,387.5,374.35,387.85,374.35,380.15,9945015,382.62,387.35,187,387.5,1288,
2026-04-13T13:08:22.883,NC,NTPC,387.5,374.35,387.85,374.35,380.15,9945052,382.62,387.35,53,387.45,302,
2026-04-13T13:08:23.884,NC,NTPC,387.45,374.35,387.85,374.35,380.15,9946162,382.62,387.45,12,387.5,837,
2026-04-13T13:08:24.994,NC,NTPC,387.5,374.35,387.85,374.35,380.15,9946273,382.62,387.45,12,387.5,986,
2026-04-13T13:08:25.984,NC,NTPC,387.5,374.35,387.85,374.35,380.15,9946278,382.62,387.45,12,387.5,147,
2026-04-13T13:08:26.933,NC,NTPC,387.55,374.35,387.85,374.35,380.15,9946591,382.62,387.4,1068,387.55,1803,
2026-04-13T13:08:27.890,NC,NTPC,387.4,374.35,387.85,374.35,380.15,9946593,382.62,387.4,1066,387.55,1803,
2026-04-13T13:08:28.999,NC,NTPC,387.55,374.35,387.85,374.35,380.15,9946907,382.62,387.4,304,387.55,1766,
2026-04-13T13:08:30.992,NC,NTPC,387.4,374.35,387.85,374.35,380.15,9946908,382.62,387.5,3,387.55,1766,
2026-04-13T13:08:32.893,NC,NTPC,387.55,374.35,387.85,374.35,380.15,9947008,382.62,387.5,3,387.55,1667,
2026-04-13T13:08:33.898,NC,NTPC,387.5,374.35,387.85,374.35,380.15,9947063,382.62,387.4,1594,387.55,1667,
2026-04-13T13:08:34.905,NC,NTPC,387.55,374.35,387.85,374.35,380.15,9947073,382.62,387.4,1443,387.55,1659,
2026-04-13T13:08:35.898,NC,NTPC,387.4,374.35,387.85,374.35,380.15,9947103,382.62,387.4,774,387.5,1,
2026-04-13T13:08:37.016,NC,NTPC,387.5,374.35,387.85,374.35,380.15,9947209,382.62,387.45,462,387.55,1752,
2026-04-13T13:08:38.008,NC,NTPC,387.5,374.35,387.85,374.35,380.15,9947283,382.62,387.45,272,387.55,1692,
2026-04-13T13:08:39.199,NC,NTPC,387.55,374.35,387.85,374.35,380.15,9959680,382.63,387.5,998,387.6,1632,
2026-04-13T13:08:41.307,NC,NTPC,387.6,374.35,387.85,374.35,380.15,9960091,382.63,387.5,944,387.6,1299,
2026-04-13T13:08:44.510,NC,NTPC,387.55,374.35,387.85,374.35,380.15,9960146,382.63,387.55,374,387.6,1299,
2026-04-13T13:08:45.610,NC,NTPC,387.6,374.35,387.85,374.35,380.15,9960802,382.63,387.55,163,387.6,1293,
2026-04-13T13:08:46.710,NC,NTPC,387.6,374.35,387.85,374.35,380.15,9960826,382.63,387.55,163,387.6,1280,
2026-04-13T13:08:47.828,NC,NTPC,387.55,374.35,387.85,374.35,380.15,9960876,382.63,387.5,799,387.6,1579,
2026-04-13T13:08:48.917,NC,NTPC,387.5,374.35,387.85,374.35,380.15,9961031,382.63,387.5,927,387.6,1487,
2026-04-13T13:08:52.119,NC,NTPC,387.6,374.35,387.85,374.35,380.15,9961130,382.63,387.45,442,387.6,1599,
2026-04-13T13:08:53.222,NC,NTPC,387.45,374.35,387.85,374.35,380.15,9961141,382.63,387.45,483,387.55,2,
2026-04-13T13:08:54.318,NC,NTPC,387.45,374.35,387.85,374.35,380.15,9962310,382.63,387.45,1123,387.55,1,
2026-04-13T13:08:55.329,NC,NTPC,387.55,374.35,387.85,374.35,380.15,9962314,382.63,387.55,1,387.6,139,
2026-04-13T13:08:56.318,NC,NTPC,387.6,374.35,387.85,374.35,380.15,9962567,382.63,387.55,1,387.6,1977,
2026-04-13T13:08:57.419,NC,NTPC,387.6,374.35,387.85,374.35,380.15,9962668,382.63,387.55,1,387.6,1887,
2026-04-13T13:08:58.520,NC,NTPC,387.6,374.35,387.85,374.35,380.15,9963129,382.63,387.5,252,387.6,1433,
2026-04-13T13:08:59.521,NC,NTPC,387.5,374.35,387.85,374.35,380.15,9963187,382.63,387.5,194,387.6,1433,
2026-04-13T13:09:00.526,NC,NTPC,387.5,374.35,387.85,374.35,380.15,9963214,382.63,387.45,1467,387.5,7,
2026-04-13T13:09:01.428,NC,NTPC,387.5,374.35,387.85,374.35,380.15,9963237,382.63,387.45,1588,387.5,7,
2026-04-13T13:09:02.531,NC,NTPC,387.45,374.35,387.85,374.35,380.15,9963257,382.63,387.45,1287,387.5,1,
2026-04-13T13:09:03.643,NC,NTPC,387.45,374.35,387.85,374.35,380.15,9963896,382.63,387.45,1402,387.6,790,
2026-04-13T13:09:04.628,NC,NTPC,387.6,374.35,387.85,374.35,380.15,9963997,382.63,387.5,403,387.6,638,
2026-04-13T13:09:05.630,NC,NTPC,387.6,374.35,387.85,374.35,380.15,9964004,382.63,387.45,1668,387.6,691,
2026-04-13T13:09:06.530,NC,NTPC,387.6,374.35,387.85,374.35,380.15,9964006,382.63,387.5,150,387.6,719,
2026-04-13T13:09:07.638,NC,NTPC,387.45,374.35,387.85,374.35,380.15,9964271,382.63,387.45,1333,387.55,1,
2026-04-13T13:09:08.633,NC,NTPC,387.5,374.35,387.85,374.35,380.15,9968283,382.64,387.5,7,387.6,25,
2026-04-13T13:09:09.644,NC,NTPC,387.45,374.35,387.85,374.35,380.15,9968333,382.64,387.45,916,387.55,345,
2026-04-13T13:09:10.639,NC,NTPC,387.55,374.35,387.85,374.35,380.15,9968346,382.64,387.45,216,387.55,344,
2026-04-13T13:09:11.650,NC,NTPC,387.55,374.35,387.85,374.35,380.15,9968596,382.64,387.45,378,387.5,284,
2026-04-13T13:09:12.642,NC,NTPC,387.55,374.35,387.85,374.35,380.15,9968981,382.64,387.5,163,387.55,338,
2026-04-13T13:09:13.667,NC,NTPC,387.5,374.35,387.85,374.35,380.15,9969035,382.64,387.5,110,387.55,338,
2026-04-13T13:09:15.682,NC,NTPC,387.5,374.35,387.85,374.35,380.15,9969043,382.64,387.5,555,387.55,1,
2026-04-13T13:09:16.651,NC,NTPC,387.55,374.35,387.85,374.35,380.15,9969068,382.64,387.5,741,387.55,276,
2026-04-13T13:09:18.654,NC,NTPC,387.5,374.35,387.85,374.35,380.15,9969123,382.64,387.5,686,387.55,283,
2026-04-13T13:09:20.667,NC,NTPC,387.55,374.35,387.85,374.35,380.15,9969292,382.64,387.5,243,387.55,176,
2026-04-13T13:09:21.662,NC,NTPC,387.55,374.35,387.85,374.35,380.15,9969294,382.64,387.5,243,387.55,174,
2026-04-13T13:09:22.657,NC,NTPC,387.5,374.35,387.85,374.35,380.15,9969344,382.64,387.5,193,387.55,174,
2026-04-13T13:09:23.760,NC,NTPC,387.65,374.35,387.85,374.35,380.15,9970457,382.64,387.55,11,387.65,878,
2026-04-13T13:09:24.772,NC,NTPC,387.4,374.35,387.85,374.35,380.15,9971857,382.64,387.5,163,387.55,311,
2026-04-13T13:09:25.760,NC,NTPC,387.55,374.35,387.85,374.35,380.15,9971868,382.64,387.5,163,387.55,300,
2026-04-13T13:09:26.766,NC,NTPC,387.55,374.35,387.85,374.35,380.15,9972116,382.64,387.45,1596,387.55,271,
2026-04-13T13:09:27.765,NC,NTPC,387.55,374.35,387.85,374.35,380.15,9972716,382.64,387.5,2886,387.55,313,
2026-04-13T13:09:28.806,NC,NTPC,387.5,374.35,387.85,374.35,380.15,9972871,382.64,387.5,3313,387.55,321,
2026-04-13T13:09:29.769,NC,NTPC,387.55,374.35,387.85,374.35,380.15,9973071,382.64,387.5,3313,387.55,141,
2026-04-13T13:09:30.791,NC,NTPC,387.5,374.35,387.85,374.35,380.15,9973164,382.64,387.5,3565,387.55,12,
2026-04-13T13:09:31.870,NC,NTPC,387.55,374.35,387.85,374.35,380.15,9973250,382.64,387.55,139,387.65,2,
2026-04-13T13:09:34.072,NC,NTPC,387.55,374.35,387.85,374.35,380.15,9973309,382.64,387.55,3484,387.65,3,
2026-04-13T13:09:35.175,NC,NTPC,387.6,374.35,387.85,374.35,380.15,9973318,382.64,387.6,155,387.7,864,
2026-04-13T13:09:36.081,NC,NTPC,387.6,374.35,387.85,374.35,380.15,9973340,382.64,387.6,133,387.7,982,
2026-04-13T13:09:37.177,NC,NTPC,387.7,374.35,387.85,374.35,380.15,9973442,382.64,387.6,133,387.7,880,
2026-04-13T13:09:38.183,NC,NTPC,387.65,374.35,387.85,374.35,380.15,9973443,382.64,387.6,390,387.65,1,
2026-04-13T13:09:39.178,NC,NTPC,387.7,374.35,387.85,374.35,380.15,9974405,382.64,387.7,32,387.75,794,
2026-04-13T13:09:41.179,NC,NTPC,387.6,374.35,387.85,374.35,380.15,9974616,382.64,387.6,894,387.75,923,
2026-04-13T13:09:42.199,NC,NTPC,387.6,374.35,387.85,374.35,380.15,9974865,382.64,387.6,893,387.75,431,
2026-04-13T13:09:44.186,NC,NTPC,387.6,374.35,387.85,374.35,380.15,9974919,382.64,387.6,313,387.75,1640,
2026-04-13T13:09:45.097,NC,NTPC,387.75,374.35,387.85,374.35,380.15,9976526,382.64,387.55,3609,387.75,862,
2026-04-13T13:09:47.201,NC,NTPC,387.75,374.35,387.85,374.35,380.15,9976529,382.64,387.7,4,387.75,746,
2026-04-13T13:09:48.190,NC,NTPC,387.75,374.35,387.85,374.35,380.15,9976579,382.64,387.7,4,387.75,575,
2026-04-13T13:09:49.289,NC,NTPC,387.7,374.35,387.85,374.35,380.15,9976601,382.64,387.6,335,387.7,2,
2026-04-13T13:09:51.294,NC,NTPC,387.6,374.35,387.85,374.35,380.15,9976761,382.64,387.6,946,387.7,4,
2026-04-13T13:09:52.307,NC,NTPC,387.7,374.35,387.85,374.35,380.15,9976764,382.64,387.6,985,387.7,8,
2026-04-13T13:09:53.323,NC,NTPC,387.8,374.35,387.85,374.35,380.15,9976865,382.64,387.6,781,387.7,3,
2026-04-13T13:09:54.300,NC,NTPC,387.8,374.35,387.85,374.35,380.15,9979074,382.64,387.65,119,387.8,1612,
2026-04-13T13:09:55.296,NC,NTPC,387.8,374.35,387.85,374.35,380.15,9979091,382.64,387.6,942,387.8,2018,
2026-04-13T13:09:56.420,NC,NTPC,387.8,374.35,387.85,374.35,380.15,9979345,382.64,387.6,994,387.8,1794,
2026-04-13T13:09:57.399,NC,NTPC,387.6,374.35,387.85,374.35,380.15,9979373,382.64,387.6,4277,387.8,1438,
2026-04-13T13:09:58.499,NC,NTPC,387.65,374.35,387.85,374.35,380.15,9979428,382.64,387.6,3842,387.65,7,
2026-04-13T13:09:59.403,NC,NTPC,387.6,374.35,387.85,374.35,380.15,9979483,382.64,387.6,5287,387.65,8,
2026-04-13T13:10:01.501,NC,NTPC,387.7,374.35,387.85,374.35,380.15,9979602,382.64,387.65,3,387.7,552,
2026-04-13T13:10:02.504,NC,NTPC,387.7,374.35,387.85,374.35,380.15,9979634,382.64,387.65,2,387.7,374,
2026-04-13T13:10:03.606,NC,NTPC,387.65,374.35,387.85,374.35,380.15,9979662,382.64,387.6,86,387.65,6,
2026-04-13T13:10:05.705,NC,NTPC,387.65,374.35,387.85,374.35,380.15,9979669,382.64,387.6,86,387.65,6,
2026-04-13T13:10:06.824,NC,NTPC,387.6,374.35,387.85,374.35,380.15,9979749,382.64,387.6,21,387.65,9,
2026-04-13T13:10:07.905,NC,NTPC,387.55,374.35,387.85,374.35,380.15,9979828,382.64,387.55,5047,387.65,7,
2026-04-13T13:10:09.006,NC,NTPC,387.75,374.35,387.85,374.35,380.15,9981456,382.64,387.6,865,387.75,374,
2026-04-13T13:10:11.108,NC,NTPC,387.7,374.35,387.85,374.35,380.15,9981560,382.64,387.6,118,387.7,182,
2026-04-13T13:10:12.107,NC,NTPC,387.7,374.35,387.85,374.35,380.15,9981828,382.64,387.6,1253,387.7,178,
2026-04-13T13:10:14.309,NC,NTPC,387.65,374.35,387.85,374.35,380.15,9981884,382.64,387.6,1198,387.7,179,
2026-04-13T13:10:15.321,NC,NTPC,387.7,374.35,387.85,374.35,380.15,9981891,382.64,387.6,1186,387.7,194,
2026-04-13T13:10:16.325,NC,NTPC,387.7,374.35,387.85,374.35,380.15,9981915,382.64,387.6,1594,387.7,170,
2026-04-13T13:10:17.312,NC,NTPC,387.7,374.35,387.85,374.35,380.15,9982166,382.64,387.6,1595,387.7,137,
2026-04-13T13:10:19.332,NC,NTPC,387.65,374.35,387.85,374.35,380.15,9982176,382.64,387.6,647,387.65,6,
2026-04-13T13:10:20.223,NC,NTPC,387.65,374.35,387.85,374.35,380.15,9982225,382.64,387.65,11,387.7,108,
2026-04-13T13:10:21.323,NC,NTPC,387.65,374.35,387.85,374.35,380.15,9982236,382.64,387.6,470,387.65,7,
2026-04-13T13:10:22.328,NC,NTPC,387.65,374.35,387.85,374.35,380.15,9982538,382.64,387.6,170,387.65,5,
2026-04-13T13:10:23.426,NC,NTPC,387.8,374.35,387.85,374.35,380.15,9983664,382.64,387.7,13,387.8,1712,
2026-04-13T13:10:24.432,NC,NTPC,387.7,374.35,387.85,374.35,380.15,9983865,382.64,387.7,13,387.75,227,
2026-04-13T13:10:25.450,NC,NTPC,387.8,374.35,387.85,374.35,380.15,9983973,382.64,387.75,176,387.8,1864,
2026-04-13T13:10:26.442,NC,NTPC,387.8,374.35,387.85,374.35,380.15,9984511,382.64,387.75,191,387.8,1242,
2026-04-13T13:10:27.441,NC,NTPC,387.75,374.35,387.85,374.35,380.15,9985155,382.64,387.75,3,387.8,997,
2026-04-13T13:10:28.446,NC,NTPC,387.75,374.35,387.85,374.35,380.15,9985163,382.64,387.75,3,387.8,997,
2026-04-13T13:10:29.444,NC,NTPC,387.75,374.35,387.85,374.35,380.15,9985171,382.64,387.7,41,387.75,64,
2026-04-13T13:10:30.542,NC,NTPC,387.7,374.35,387.85,374.35,380.15,9985212,382.64,387.6,425,387.7,7,
2026-04-13T13:10:31.547,NC,NTPC,387.7,374.35,387.85,374.35,380.15,9985935,382.64,387.6,1544,387.7,10,
2026-04-13T13:10:32.644,NC,NTPC,387.75,374.35,387.85,374.35,380.15,9986036,382.64,387.6,2474,387.75,49,
2026-04-13T13:10:33.647,NC,NTPC,387.6,374.35,387.85,374.35,380.15,9986205,382.64,387.6,2381,387.75,49,
2026-04-13T13:10:35.750,NC,NTPC,387.6,374.35,387.85,374.35,380.15,9986258,382.64,387.6,2626,387.75,49,
2026-04-13T13:10:37.853,NC,NTPC,387.75,374.35,387.85,374.35,380.15,9986260,382.64,387.65,1,387.75,49,
2026-04-13T13:10:42.668,NC,NTPC,387.7,374.35,387.85,374.35,380.15,9988271,382.65,387.6,6281,387.8,1208,
2026-04-13T13:10:47.276,NC,NTPC,387.6,374.35,387.85,374.35,380.15,9988718,382.65,387.6,5930,387.75,122,
2026-04-13T13:10:51.879,NC,NTPC,387.75,374.35,387.85,374.35,380.15,9989070,382.65,387.6,5049,387.75,526,
2026-04-13T13:10:56.480,NC,NTPC,387.75,374.35,387.85,374.35,380.15,9991691,382.65,387.75,69,387.8,207,
2026-04-13T13:11:01.198,NC,NTPC,387.8,374.35,387.85,374.35,380.15,9992433,382.65,387.75,5,387.8,210,
2026-04-13T13:11:06.091,NC,NTPC,387.8,374.35,387.85,374.35,380.15,9992814,382.65,387.6,5732,387.8,609,
2026-04-13T13:11:11.398,NC,NTPC,387.8,374.35,387.85,374.35,380.15,9994312,382.65,387.65,1314,387.8,140,
2026-04-13T13:11:16.504,NC,NTPC,387.8,374.35,387.85,374.35,380.15,9994796,382.65,387.75,4,387.8,940,
2026-04-13T13:11:21.722,NC,NTPC,387.8,374.35,387.85,374.35,380.15,9995087,382.65,387.65,595,387.8,1917,
2026-04-13T13:11:26.316,NC,NTPC,387.8,374.35,387.85,374.35,380.15,9997498,382.65,387.75,1,387.8,3107,
2026-04-13T13:11:30.833,NC,NTPC,387.6,374.35,387.85,374.35,380.15,9997669,382.65,387.6,1633,387.75,10,
2026-04-13T13:11:35.219,NC,NTPC,387.7,374.35,387.85,374.35,380.15,9997882,382.65,387.7,1,387.75,644,
2026-04-13T13:11:40.151,NC,NTPC,387.75,374.35,387.85,374.35,380.15,9999318,382.65,387.6,1402,387.75,376,
2026-04-13T13:11:44.831,NC,NTPC,387.75,374.35,387.85,374.35,380.15,10000261,382.65,387.6,1883,387.75,272,
2026-04-13T13:11:49.539,NC,NTPC,387.6,374.35,387.85,374.35,380.15,10000838,382.65,387.6,1172,387.75,281,
2026-04-13T13:11:54.347,NC,NTPC,387.8,374.35,387.85,374.35,380.15,10002225,382.65,387.75,13,387.8,1736,
2026-04-13T13:11:59.146,NC,NTPC,387.8,374.35,387.85,374.35,380.15,10004548,382.65,387.6,7581,387.75,6,
2026-04-13T13:12:03.957,NC,NTPC,387.8,374.35,387.85,374.35,380.15,10005571,382.65,387.7,135,387.8,160,
2026-04-13T13:12:09.363,NC,NTPC,387.8,374.35,387.85,374.35,380.15,10007543,382.65,387.65,663,387.8,235,
2026-04-13T13:12:14.880,NC,NTPC,387.65,374.35,387.85,374.35,380.15,10007901,382.66,387.65,443,387.75,1,
2026-04-13T13:12:20.198,NC,NTPC,387.75,374.35,387.85,374.35,380.15,10008685,382.66,387.65,5910,387.75,7,
2026-04-13T13:12:25.381,NC,NTPC,387.8,374.35,387.85,374.35,380.15,10010038,382.66,387.75,1,387.8,310,
2026-04-13T13:12:30.291,NC,NTPC,387.75,374.35,387.85,374.35,380.15,10010348,382.66,387.75,246,387.8,156,
2026-04-13T13:12:35.712,NC,NTPC,387.8,374.35,387.85,374.35,380.15,10012590,382.66,387.7,4702,387.8,961,
2026-04-13T13:12:36.998,NC,NTPC,387.8,374.35,387.85,374.35,380.15,10012593,382.66,387.7,4702,387.75,1,
2026-04-13T13:12:38.004,NC,NTPC,387.7,374.35,387.85,374.35,380.15,10012594,382.66,387.7,4701,387.75,2,
2026-04-13T13:12:39.003,NC,NTPC,387.75,374.35,387.85,374.35,380.15,10012717,382.66,387.7,4579,387.75,2,
2026-04-13T13:12:40.003,NC,NTPC,387.7,374.35,387.85,374.35,380.15,10014676,382.66,387.7,4180,387.8,460,
2026-04-13T13:12:41.002,NC,NTPC,387.85,374.35,387.85,374.35,380.15,10016285,382.66,387.7,4603,387.75,155,
2026-04-13T13:12:41.907,NC,NTPC,387.75,374.35,387.85,374.35,380.15,10016534,382.66,387.7,4424,387.75,154,
2026-04-13T13:12:43.011,NC,NTPC,387.75,374.35,387.85,374.35,380.15,10016686,382.66,387.7,4457,387.75,2,
2026-04-13T13:12:44.106,NC,NTPC,387.7,374.35,387.85,374.35,380.15,10016741,382.66,387.7,4294,387.75,18,
2026-04-13T13:12:45.303,NC,NTPC,387.75,374.35,387.85,374.35,380.15,10016747,382.66,387.7,4294,387.75,167,
2026-04-13T13:12:46.307,NC,NTPC,387.75,374.35,387.85,374.35,380.15,10016771,382.66,387.7,4294,387.75,153,
2026-04-13T13:12:47.506,NC,NTPC,387.75,374.35,387.85,374.35,380.15,10017192,382.66,387.7,1510,387.75,558,
2026-04-13T13:12:49.528,NC,NTPC,387.75,374.35,387.85,374.35,380.15,10017547,382.66,387.65,3807,387.75,364,
2026-04-13T13:12:50.619,NC,NTPC,387.65,374.35,387.85,374.35,380.15,10017715,382.66,387.65,3890,387.75,358,
2026-04-13T13:12:51.713,NC,NTPC,387.75,374.35,387.85,374.35,380.15,10017717,382.66,387.65,3890,387.75,356,
2026-04-13T13:12:52.809,NC,NTPC,387.7,374.35,387.85,374.35,380.15,10018717,382.66,387.7,500,387.75,356,
2026-04-13T13:12:53.823,NC,NTPC,387.7,374.35,387.85,374.35,380.15,10018771,382.66,387.7,446,387.75,436,
2026-04-13T13:12:54.817,NC,NTPC,387.75,374.35,387.85,374.35,380.15,10019902,382.66,387.75,4,387.8,185,
2026-04-13T13:12:55.814,NC,NTPC,387.8,374.35,387.85,374.35,380.15,10019914,382.66,387.75,4,387.8,178,
2026-04-13T13:12:56.824,NC,NTPC,387.85,374.35,387.85,374.35,380.15,10020709,382.66,387.75,4,387.85,19479,
2026-04-13T13:12:57.816,NC,NTPC,387.65,374.35,387.85,374.35,380.15,10020728,382.66,387.65,759,387.8,1001,
2026-04-13T13:12:58.915,NC,NTPC,387.65,374.35,387.85,374.35,380.15,10020850,382.66,387.65,585,387.8,3082,
2026-04-13T13:13:00.030,NC,NTPC,387.6,374.35,387.85,374.35,380.15,10022850,382.66,387.65,3,387.7,490,
2026-04-13T13:13:01.119,NC,NTPC,387.7,374.35,387.85,374.35,380.15,10022883,382.66,387.65,5,387.7,1038,
2026-04-13T13:13:02.138,NC,NTPC,387.7,374.35,387.85,374.35,380.15,10022895,382.66,387.65,5,387.7,1027,
2026-04-13T13:13:03.320,NC,NTPC,387.65,374.35,387.85,374.35,380.15,10022896,382.66,387.65,4,387.7,1061,
2026-04-13T13:13:04.327,NC,NTPC,387.65,374.35,387.85,374.35,380.15,10022939,382.66,387.6,5656,387.65,6,
2026-04-13T13:13:05.320,NC,NTPC,387.65,374.35,387.85,374.35,380.15,10023554,382.66,387.6,5858,387.65,534,
2026-04-13T13:13:06.225,NC,NTPC,387.6,374.35,387.85,374.35,380.15,10023654,382.66,387.6,5534,387.65,549,
2026-04-13T13:13:07.326,NC,NTPC,387.65,374.35,387.85,374.35,380.15,10023656,382.66,387.6,5406,387.65,547,
2026-04-13T13:13:08.432,NC,NTPC,387.65,374.35,387.85,374.35,380.15,10023657,382.66,387.6,5271,387.65,546,
2026-04-13T13:13:09.534,NC,NTPC,387.7,374.35,387.85,374.35,380.15,10024745,382.66,387.65,13,387.7,384,
2026-04-13T13:13:10.632,NC,NTPC,387.65,374.35,387.85,374.35,380.15,10024755,382.66,387.65,13,387.7,130,
2026-04-13T13:13:11.534,NC,NTPC,387.7,374.35,387.85,374.35,380.15,10024885,382.66,387.7,25,387.75,207,
2026-04-13T13:13:12.635,NC,NTPC,387.65,374.35,387.85,374.35,380.15,10025267,382.66,387.6,4938,387.65,9638,
2026-04-13T13:13:13.635,NC,NTPC,387.6,374.35,387.85,374.35,380.15,10025322,382.66,387.6,4883,387.65,11479,
2026-04-13T13:13:15.645,NC,NTPC,387.6,374.35,387.85,374.35,380.15,10025529,382.66,387.6,4568,387.65,11472,
2026-04-13T13:13:16.641,NC,NTPC,387.65,374.35,387.85,374.35,380.15,10026077,382.66,387.6,4433,387.65,10925,
2026-04-13T13:13:18.753,NC,NTPC,387.6,374.35,387.85,374.35,380.15,10026313,382.66,387.6,4368,387.65,10824,
2026-04-13T13:13:19.775,NC,NTPC,387.6,374.35,387.85,374.35,380.15,10026328,382.66,387.6,4356,387.65,10925,
2026-04-13T13:13:20.772,NC,NTPC,387.7,374.35,387.85,374.35,380.15,10038518,382.67,387.65,2755,387.7,237,
2026-04-13T13:13:21.747,NC,NTPC,387.7,374.35,387.85,374.35,380.15,10038520,382.67,387.65,2706,387.7,235,
2026-04-13T13:13:22.761,NC,NTPC,387.7,374.35,387.85,374.35,380.15,10038521,382.67,387.65,2164,387.7,234,
2026-04-13T13:13:23.753,NC,NTPC,387.65,374.35,387.85,374.35,380.15,10038848,382.67,387.65,1837,387.7,234,
2026-04-13T13:13:24.655,NC,NTPC,387.8,374.35,387.85,374.35,380.15,10041051,382.67,387.7,13,387.8,2542,
2026-04-13T13:13:25.760,NC,NTPC,387.8,374.35,387.85,374.35,380.15,10041063,382.67,387.75,3,387.8,2995,
2026-04-13T13:13:26.869,NC,NTPC,387.8,374.35,387.85,374.35,380.15,10041312,382.67,387.75,3,387.8,2272,
2026-04-13T13:13:27.857,NC,NTPC,387.8,374.35,387.85,374.35,380.15,10041431,382.67,387.75,3,387.8,2608,
2026-04-13T13:13:28.760,NC,NTPC,387.8,374.35,387.85,374.35,380.15,10042733,382.67,387.6,7368,387.8,2269,
2026-04-13T13:13:30.761,NC,NTPC,387.6,374.35,387.85,374.35,380.15,10042734,382.67,387.65,2,387.7,992,
2026-04-13T13:13:31.762,NC,NTPC,387.7,374.35,387.85,374.35,380.15,10043224,382.67,387.65,133,387.75,1794,
2026-04-13T13:13:32.761,NC,NTPC,387.65,374.35,387.85,374.35,380.15,10043225,382.67,387.65,132,387.75,1794,
2026-04-13T13:13:33.885,NC,NTPC,387.65,374.35,387.85,374.35,380.15,10043280,382.67,387.65,77,387.7,1,
2026-04-13T13:13:35.866,NC,NTPC,387.7,374.35,387.85,374.35,380.15,10043284,382.67,387.7,77,387.75,1744,
2026-04-13T13:13:37.367,NC,NTPC,387.75,374.35,387.85,374.35,380.15,10043886,382.67,387.6,4280,387.75,1275,
2026-04-13T13:13:42.599,NC,NTPC,387.75,374.35,387.85,374.35,380.15,10045426,382.67,387.7,18,387.75,11481,
2026-04-13T13:13:47.378,NC,NTPC,387.7,374.35,387.85,374.35,380.15,10045655,382.67,387.6,4071,387.7,119,
2026-04-13T13:13:52.619,NC,NTPC,387.55,374.35,387.85,374.35,380.15,10061596,382.68,387.35,2659,387.55,991,
2026-04-13T13:13:57.929,NC,NTPC,387.55,374.35,387.85,374.35,380.15,10063059,382.68,387.35,1651,387.5,10,
2026-04-13T13:14:02.860,NC,NTPC,387.45,374.35,387.85,374.35,380.15,10063333,382.68,387.45,107,387.55,1,
2026-04-13T13:14:07.550,NC,NTPC,387.5,374.35,387.85,374.35,380.15,10066887,382.68,387.45,1,387.5,499,
2026-04-13T13:14:12.158,NC,NTPC,387.45,374.35,387.85,374.35,380.15,10069172,382.69,387.35,58,387.45,1475,
2026-04-13T13:14:17.260,NC,NTPC,387.4,374.35,387.85,374.35,380.15,10070328,382.69,387.25,233,387.4,2139,
2026-04-13T13:14:22.479,NC,NTPC,387.4,374.35,387.85,374.35,380.15,10070614,382.69,387.25,1559,387.4,240,
2026-04-13T13:14:27.278,NC,NTPC,387.4,374.35,387.85,374.35,380.15,10072630,382.69,387.4,25,387.45,730,
2026-04-13T13:14:31.674,NC,NTPC,387.4,374.35,387.85,374.35,380.15,10074134,382.69,387.25,1611,387.4,6,
2026-04-13T13:14:36.378,NC,NTPC,387.3,374.35,387.85,374.35,380.15,10074346,382.69,387.3,1182,387.45,72,
2026-04-13T13:14:37.576,NC,NTPC,387.45,374.35,387.85,374.35,380.15,10074348,382.69,387.3,1182,387.4,1,
2026-04-13T13:14:38.584,NC,NTPC,387.3,374.35,387.85,374.35,380.15,10074480,382.69,387.3,1068,387.4,4,
2026-04-13T13:14:39.677,NC,NTPC,387.5,374.35,387.85,374.35,380.15,10075598,382.69,387.45,4,387.5,10954,
2026-04-13T13:14:40.681,NC,NTPC,387.5,374.35,387.85,374.35,380.15,10075707,382.69,387.45,4,387.5,10528,
2026-04-13T13:14:41.681,NC,NTPC,387.5,374.35,387.85,374.35,380.15,10076161,382.69,387.35,1159,387.5,10135,
2026-04-13T13:14:43.684,NC,NTPC,387.35,374.35,387.85,374.35,380.15,10076215,382.69,387.35,1105,387.5,10135,
2026-04-13T13:14:45.683,NC,NTPC,387.5,374.35,387.85,374.35,380.15,10076222,382.69,387.45,1,387.5,10267,
2026-04-13T13:14:46.693,NC,NTPC,387.5,374.35,387.85,374.35,380.15,10076246,382.69,387.35,431,387.5,10092,
2026-04-13T13:14:47.608,NC,NTPC,387.35,374.35,387.85,374.35,380.15,10076247,382.69,387.35,430,387.5,10092,
2026-04-13T13:14:48.585,NC,NTPC,387.35,374.35,387.85,374.35,380.15,10076404,382.69,387.35,374,387.5,9998,
2026-04-13T13:14:50.592,NC,NTPC,387.35,374.35,387.85,374.35,380.15,10076473,382.69,387.35,306,387.5,10114,
2026-04-13T13:14:51.617,NC,NTPC,387.5,374.35,387.85,374.35,380.15,10076567,382.69,387.35,206,387.5,10102,
2026-04-13T13:14:53.610,NC,NTPC,387.35,374.35,387.85,374.35,380.15,10076774,382.69,387.35,23,387.4,186,
2026-04-13T13:14:54.610,NC,NTPC,387.5,374.35,387.85,374.35,380.15,10080463,382.69,387.45,35,387.5,8000,
2026-04-13T13:14:55.627,NC,NTPC,387.5,374.35,387.85,374.35,380.15,10080470,382.69,387.45,35,387.5,7993,
2026-04-13T13:14:56.616,NC,NTPC,387.5,374.35,387.85,374.35,380.15,10080822,382.69,387.45,35,387.5,7512,
2026-04-13T13:14:57.619,NC,NTPC,387.5,374.35,387.85,374.35,380.15,10081283,382.69,387.4,122,387.5,7051,
2026-04-13T13:14:58.621,NC,NTPC,387.4,374.35,387.85,374.35,380.15,10081291,382.69,387.35,1517,387.4,13,
2026-04-13T13:14:59.631,NC,NTPC,387.4,374.35,387.85,374.35,380.15,10081298,382.69,387.35,1517,387.4,13,
2026-04-13T13:15:00.609,NC,NTPC,387.35,374.35,387.85,374.35,380.15,10081352,382.69,387.35,1595,387.4,6,
2026-04-13T13:15:01.618,NC,NTPC,387.35,374.35,387.85,374.35,380.15,10081389,382.69,387.35,1977,387.4,6,
2026-04-13T13:15:03.655,NC,NTPC,387.35,374.35,387.85,374.35,380.15,10081462,382.69,387.35,776,387.5,7575,
2026-04-13T13:15:04.624,NC,NTPC,387.5,374.35,387.85,374.35,380.15,10081563,382.69,387.4,1,387.5,7527,
2026-04-13T13:15:05.623,NC,NTPC,387.5,374.35,387.85,374.35,380.15,10081570,382.69,387.4,1,387.5,7520,
2026-04-13T13:15:06.626,NC,NTPC,387.6,374.35,387.85,374.35,380.15,10090181,382.7,387.45,1962,387.6,726,
2026-04-13T13:15:08.628,NC,NTPC,387.45,374.35,387.85,374.35,380.15,10090235,382.7,387.45,2145,387.6,733,
2026-04-13T13:15:09.631,NC,NTPC,387.6,374.35,387.85,374.35,380.15,10091100,382.7,387.6,111,387.65,244,
2026-04-13T13:15:10.631,NC,NTPC,387.65,374.35,387.85,374.35,380.15,10091181,382.7,387.6,141,387.65,30,
2026-04-13T13:15:11.642,NC,NTPC,387.7,374.35,387.85,374.35,380.15,10091312,382.7,387.65,19,387.7,320,
2026-04-13T13:15:12.730,NC,NTPC,387.65,374.35,387.85,374.35,380.15,10092322,382.7,387.65,40,387.75,2158,
2026-04-13T13:15:13.832,NC,NTPC,387.65,374.35,387.85,374.35,380.15,10092379,382.7,387.65,10,387.75,1940,
2026-04-13T13:15:14.934,NC,NTPC,387.75,374.35,387.85,374.35,380.15,10092493,382.7,387.65,3,387.75,1826,
2026-04-13T13:15:15.938,NC,NTPC,387.75,374.35,387.85,374.35,380.15,10092585,382.7,387.65,3,387.75,2065,
2026-04-13T13:15:16.937,NC,NTPC,387.5,374.35,387.85,374.35,380.15,10094229,382.7,387.5,1152,387.7,621,
2026-04-13T13:15:19.138,NC,NTPC,387.5,374.35,387.85,374.35,380.15,10094351,382.7,387.5,1814,387.7,271,
2026-04-13T13:15:21.147,NC,NTPC,387.7,374.35,387.85,374.35,380.15,10094452,382.7,387.5,3085,387.7,119,
2026-04-13T13:15:22.145,NC,NTPC,387.75,374.35,387.85,374.35,380.15,10096455,382.7,387.55,998,387.7,69,
2026-04-13T13:15:23.146,NC,NTPC,387.55,374.35,387.85,374.35,380.15,10096456,382.7,387.55,472,387.75,1728,
2026-04-13T13:15:24.052,NC,NTPC,387.55,374.35,387.85,374.35,380.15,10096510,382.7,387.55,1333,387.75,1728,
2026-04-13T13:15:25.067,NC,NTPC,387.75,374.35,387.85,374.35,380.15,10097576,382.7,387.75,18,387.8,2023,
2026-04-13T13:15:25.953,NC,NTPC,387.75,374.35,387.85,374.35,380.15,10097938,382.7,387.55,654,387.75,2203,
2026-04-13T13:15:26.956,NC,NTPC,387.75,374.35,387.85,374.35,380.15,10098204,382.7,387.55,480,387.75,1999,
2026-04-13T13:15:28.052,NC,NTPC,387.55,374.35,387.85,374.35,380.15,10098339,382.7,387.55,345,387.75,2137,
2026-04-13T13:15:29.154,NC,NTPC,387.55,374.35,387.85,374.35,380.15,10098495,382.7,387.55,335,387.75,3804,
2026-04-13T13:15:31.360,NC,NTPC,387.75,374.35,387.85,374.35,380.15,10099195,382.7,387.7,37,387.75,1847,
2026-04-13T13:15:32.355,NC,NTPC,387.75,374.35,387.85,374.35,380.15,10099196,382.7,387.7,37,387.75,1846,
2026-04-13T13:15:33.360,NC,NTPC,387.7,374.35,387.85,374.35,380.15,10109198,382.7,387.55,759,387.7,754,
2026-04-13T13:15:34.359,NC,NTPC,387.55,374.35,387.85,374.35,380.15,10109253,382.7,387.55,552,387.7,84,
2026-04-13T13:15:35.360,NC,NTPC,387.7,374.35,387.85,374.35,380.15,10109368,382.7,387.55,372,387.75,3498,
2026-04-13T13:15:36.365,NC,NTPC,387.75,374.35,387.85,374.35,380.15,10109993,382.7,387.55,881,387.75,2100,
2026-04-13T13:15:37.464,NC,NTPC,387.55,374.35,387.85,374.35,380.15,10111402,382.71,387.55,45,387.7,2162,
2026-04-13T13:15:38.465,NC,NTPC,387.55,374.35,387.85,374.35,380.15,10111414,382.71,387.5,891,387.7,2195,
2026-04-13T13:15:39.368,NC,NTPC,387.65,374.35,387.85,374.35,380.15,10111878,382.71,387.45,2373,387.65,1712,
2026-04-13T13:15:40.468,NC,NTPC,387.65,374.35,387.85,374.35,380.15,10112667,382.71,387.65,4,387.7,454,
2026-04-13T13:15:41.475,NC,NTPC,387.65,374.35,387.85,374.35,380.15,10112930,382.71,387.65,4,387.7,235,
2026-04-13T13:15:42.470,NC,NTPC,387.65,374.35,387.85,374.35,380.15,10112942,382.71,387.6,399,387.7,1855,
2026-04-13T13:15:43.575,NC,NTPC,387.6,374.35,387.85,374.35,380.15,10112999,382.71,387.6,356,387.7,2259,
2026-04-13T13:15:44.580,NC,NTPC,387.7,374.35,387.85,374.35,380.15,10113099,382.71,387.6,356,387.7,579,
2026-04-13T13:15:45.679,NC,NTPC,387.7,374.35,387.85,374.35,380.15,10113105,382.71,387.6,356,387.7,573,
2026-04-13T13:15:46.778,NC,NTPC,387.6,374.35,387.85,374.35,380.15,10113180,382.71,387.6,306,387.7,1662,
2026-04-13T13:15:48.779,NC,NTPC,387.6,374.35,387.85,374.35,380.15,10113235,382.71,387.6,292,387.65,7,
2026-04-13T13:15:50.780,NC,NTPC,387.6,374.35,387.85,374.35,380.15,10113303,382.71,387.6,184,387.65,475,
2026-04-13T13:15:51.796,NC,NTPC,387.6,374.35,387.85,374.35,380.15,10113448,382.71,387.5,1858,387.65,10,
2026-04-13T13:15:52.797,NC,NTPC,387.7,374.35,387.85,374.35,380.15,10113550,382.71,387.5,1858,387.65,122,
2026-04-13T13:15:53.787,NC,NTPC,387.5,374.35,387.85,374.35,380.15,10113604,382.71,387.5,2512,387.6,1,
2026-04-13T13:15:54.697,NC,NTPC,387.75,374.35,387.85,374.35,380.15,10114635,382.71,387.7,17,387.75,1726,
2026-04-13T13:15:55.790,NC,NTPC,387.75,374.35,387.85,374.35,380.15,10114696,382.71,387.7,17,387.75,1665,
2026-04-13T13:15:56.792,NC,NTPC,387.7,374.35,387.85,374.35,380.15,10115015,382.71,387.7,18,387.75,1336,
2026-04-13T13:15:57.792,NC,NTPC,387.75,374.35,387.85,374.35,380.15,10115067,382.71,387.6,1298,387.75,2172,
2026-04-13T13:15:58.703,NC,NTPC,387.6,374.35,387.85,374.35,380.15,10115121,382.71,387.6,990,387.75,2135,
2026-04-13T13:15:59.703,NC,NTPC,387.75,374.35,387.85,374.35,380.15,10115124,382.71,387.6,997,387.75,2132,
2026-04-13T13:16:00.706,NC,NTPC,387.75,374.35,387.85,374.35,380.15,10115306,382.71,387.6,943,387.75,1132,
2026-04-13T13:16:02.698,NC,NTPC,387.75,374.35,387.85,374.35,380.15,10115308,382.71,387.7,4,387.75,1259,
2026-04-13T13:16:03.698,NC,NTPC,387.7,374.35,387.85,374.35,380.15,10115333,382.71,387.65,3,387.7,6,
2026-04-13T13:16:05.903,NC,NTPC,387.7,374.35,387.85,374.35,380.15,10115340,382.71,387.65,3,387.7,560,
2026-04-13T13:16:06.902,NC,NTPC,387.7,374.35,387.85,374.35,380.15,10115342,382.71,387.65,3,387.7,568,
2026-04-13T13:16:08.005,NC,NTPC,387.65,374.35,387.85,374.35,380.15,10115345,382.71,387.65,3,387.7,673,
2026-04-13T13:16:09.110,NC,NTPC,387.7,374.35,387.85,374.35,380.15,10115562,382.71,387.6,31,387.65,318,
2026-04-13T13:16:10.016,NC,NTPC,387.7,374.35,387.85,374.35,380.15,10116720,382.71,387.6,31,387.7,894,
2026-04-13T13:16:11.015,NC,NTPC,387.6,374.35,387.85,374.35,380.15,10117454,382.71,387.6,58,387.7,382,
2026-04-13T13:16:12.010,NC,NTPC,387.55,374.35,387.85,374.35,380.15,10117774,382.71,387.55,826,387.7,2090,
2026-04-13T13:16:13.012,NC,NTPC,387.55,374.35,387.85,374.35,380.15,10117779,382.71,387.55,821,387.7,1415,
2026-04-13T13:16:14.112,NC,NTPC,387.55,374.35,387.85,374.35,380.15,10117901,382.71,387.55,649,387.7,1664,
2026-04-13T13:16:15.115,NC,NTPC,387.7,374.35,387.85,374.35,380.15,10117908,382.71,387.55,649,387.7,1393,
2026-04-13T13:16:17.420,NC,NTPC,387.65,374.35,387.85,374.35,380.15,10118014,382.71,387.65,5,387.7,1680,
2026-04-13T13:16:18.524,NC,NTPC,387.65,374.35,387.85,374.35,380.15,10118037,382.71,387.55,231,387.65,5,
2026-04-13T13:16:19.430,NC,NTPC,387.55,374.35,387.85,374.35,380.15,10118091,382.71,387.55,177,387.65,5,
2026-04-13T13:16:21.426,NC,NTPC,387.6,374.35,387.85,374.35,380.15,10118143,382.71,387.6,61,387.7,272,
2026-04-13T13:16:22.527,NC,NTPC,387.7,374.35,387.85,374.35,380.15,10118147,382.71,387.6,61,387.7,283,
2026-04-13T13:16:23.627,NC,NTPC,387.6,374.35,387.85,374.35,380.15,10118201,382.71,387.6,83,387.7,285,
2026-04-13T13:16:24.528,NC,NTPC,387.7,374.35,387.85,374.35,380.15,10119245,382.71,387.7,17,387.75,2374,
2026-04-13T13:16:25.541,NC,NTPC,387.7,374.35,387.85,374.35,380.15,10119482,382.71,387.55,1703,387.7,1077,
2026-04-13T13:16:26.528,NC,NTPC,387.7,374.35,387.85,374.35,380.15,10119644,382.71,387.7,33,387.75,2880,
2026-04-13T13:16:27.437,NC,NTPC,387.7,374.35,387.85,374.35,380.15,10119702,382.71,387.7,33,387.75,2963,
2026-04-13T13:16:28.441,NC,NTPC,387.7,374.35,387.85,374.35,380.15,10119750,382.71,387.65,42,387.7,985,
2026-04-13T13:16:29.366,NC,NTPC,387.65,374.35,387.85,374.35,380.15,10119792,382.71,387.55,1653,387.65,6,
2026-04-13T13:16:30.338,NC,NTPC,387.65,374.35,387.85,374.35,380.15,10119793,382.71,387.5,3934,387.65,55,
2026-04-13T13:16:31.342,NC,NTPC,387.5,374.35,387.85,374.35,380.15,10119983,382.71,387.6,4,387.65,492,
2026-04-13T13:16:33.350,NC,NTPC,387.7,374.35,387.85,374.35,380.15,10120183,382.71,387.6,143,387.7,4677,
2026-04-13T13:16:34.341,NC,NTPC,387.7,374.35,387.85,374.35,380.15,10120288,382.71,387.6,122,387.7,3512,
2026-04-13T13:16:35.440,NC,NTPC,387.7,374.35,387.85,374.35,380.15,10120297,382.71,387.6,121,387.7,3656,
2026-04-13T13:16:36.344,NC,NTPC,387.7,374.35,387.85,374.35,380.15,10120298,382.71,387.65,133,387.7,3400,
2026-04-13T13:16:37.544,NC,NTPC,387.7,374.35,387.85,374.35,380.15,10120300,382.71,387.65,133,387.7,3399,
2026-04-13T13:16:39.554,NC,NTPC,387.7,374.35,387.85,374.35,380.15,10121603,382.71,387.6,47,387.7,2673,
2026-04-13T13:16:40.651,NC,NTPC,387.7,374.35,387.85,374.35,380.15,10121751,382.71,387.5,1394,387.7,3117,
2026-04-13T13:16:41.750,NC,NTPC,387.7,374.35,387.85,374.35,380.15,10122005,382.71,387.6,1,387.7,2631,
2026-04-13T13:16:43.860,NC,NTPC,387.6,374.35,387.85,374.35,380.15,10122031,382.71,387.5,1394,387.6,5,
2026-04-13T13:16:44.952,NC,NTPC,387.6,374.35,387.85,374.35,380.15,10122037,382.71,387.5,1394,387.6,6,
2026-04-13T13:16:45.952,NC,NTPC,387.6,374.35,387.85,374.35,380.15,10122084,382.71,387.6,2,387.65,1845,
2026-04-13T13:16:46.959,NC,NTPC,387.6,374.35,387.85,374.35,380.15,10122091,382.71,387.5,1394,387.6,9,
2026-04-13T13:16:47.960,NC,NTPC,387.6,374.35,387.85,374.35,380.15,10122421,382.71,387.5,1394,387.6,168,
2026-04-13T13:16:48.963,NC,NTPC,387.5,374.35,387.85,374.35,380.15,10122575,382.71,387.5,1340,387.6,128,
2026-04-13T13:16:50.957,NC,NTPC,387.5,374.35,387.85,374.35,380.15,10122648,382.71,387.5,1267,387.6,1623,
2026-04-13T13:16:52.065,NC,NTPC,387.6,374.35,387.85,374.35,380.15,10122731,382.71,387.5,1186,387.6,1125,
2026-04-13T13:16:53.967,NC,NTPC,387.5,374.35,387.85,374.35,380.15,10122787,382.71,387.5,1131,387.6,1400,
2026-04-13T13:16:55.058,NC,NTPC,387.6,374.35,387.85,374.35,380.15,10123943,382.71,387.5,1131,387.6,33,
2026-04-13T13:16:56.160,NC,NTPC,387.6,374.35,387.85,374.35,380.15,10123948,382.71,387.5,1131,387.65,3245,
2026-04-13T13:16:57.157,NC,NTPC,387.65,374.35,387.85,374.35,380.15,10124296,382.71,387.5,1131,387.65,2797,
2026-04-13T13:16:58.158,NC,NTPC,387.6,374.35,387.85,374.35,380.15,10124324,382.71,387.5,1128,387.6,409,
2026-04-13T13:16:59.159,NC,NTPC,387.5,374.35,387.85,374.35,380.15,10124403,382.71,387.5,1049,387.6,568,
2026-04-13T13:17:00.176,NC,NTPC,387.5,374.35,387.85,374.35,380.15,10124903,382.71,387.5,574,387.6,614,
2026-04-13T13:17:01.165,NC,NTPC,387.6,374.35,387.85,374.35,380.15,10124994,382.71,387.55,2,387.6,584,
2026-04-13T13:17:02.344,NC,NTPC,387.6,374.35,387.85,374.35,380.15,10124997,382.71,387.55,2,387.6,1347,
2026-04-13T13:17:03.378,NC,NTPC,387.5,374.35,387.85,374.35,380.15,10125501,382.71,387.4,3653,387.6,1568,
2026-04-13T13:17:04.370,NC,NTPC,387.4,374.35,387.85,374.35,380.15,10125555,382.71,387.4,3599,387.6,1587,
2026-04-13T13:17:05.470,NC,NTPC,387.4,374.35,387.85,374.35,380.15,10125664,382.71,387.4,1868,387.6,1067,
2026-04-13T13:17:06.471,NC,NTPC,387.6,374.35,387.85,374.35,380.15,10126057,382.71,387.5,502,387.55,260,
2026-04-13T13:17:07.577,NC,NTPC,387.55,374.35,387.85,374.35,380.15,10126059,382.71,387.5,502,387.55,1629,
2026-04-13T13:17:08.575,NC,NTPC,387.5,374.35,387.85,374.35,380.15,10126113,382.71,387.5,448,387.55,1414,
2026-04-13T13:17:09.588,NC,NTPC,387.55,374.35,387.85,374.35,380.15,10127267,382.71,387.5,454,387.55,814,
2026-04-13T13:17:10.577,NC,NTPC,387.5,374.35,387.85,374.35,380.15,10127335,382.71,387.5,386,387.55,859,
2026-04-13T13:17:11.578,NC,NTPC,387.55,374.35,387.85,374.35,380.15,10127669,382.71,387.5,304,387.55,486,
2026-04-13T13:17:12.579,NC,NTPC,387.55,374.35,387.85,374.35,380.15,10127769,382.71,387.5,304,387.55,386,
2026-04-13T13:17:13.580,NC,NTPC,387.5,374.35,387.85,374.35,380.15,10127823,382.71,387.5,250,387.55,386,
2026-04-13T13:17:14.579,NC,NTPC,387.5,374.35,387.85,374.35,380.15,10127873,382.71,387.5,200,387.55,386,
2026-04-13T13:17:15.585,NC,NTPC,387.55,374.35,387.85,374.35,380.15,10127880,382.71,387.5,200,387.55,1472,
2026-04-13T13:17:16.584,NC,NTPC,387.5,374.35,387.85,374.35,380.15,10128117,382.71,387.4,929,387.5,450,
2026-04-13T13:17:18.601,NC,NTPC,387.4,374.35,387.85,374.35,380.15,10128249,382.71,387.4,932,387.5,1005,
2026-04-13T13:17:19.600,NC,NTPC,387.4,374.35,387.85,374.35,380.15,10128252,382.71,387.4,927,387.5,1005,
2026-04-13T13:17:20.611,NC,NTPC,387.5,374.35,387.85,374.35,380.15,10128352,382.71,387.45,4,387.5,905,
2026-04-13T13:17:21.595,NC,NTPC,387.5,374.35,387.85,374.35,380.15,10128656,382.71,387.4,719,387.5,701,
2026-04-13T13:17:23.795,NC,NTPC,387.4,374.35,387.85,374.35,380.15,10128710,382.71,387.4,665,387.5,701,
2026-04-13T13:17:24.821,NC,NTPC,387.5,374.35,387.85,374.35,380.15,10129661,382.71,387.5,30,387.55,2847,
2026-04-13T13:17:25.801,NC,NTPC,387.5,374.35,387.85,374.35,380.15,10129929,382.71,387.4,665,387.5,185,
2026-04-13T13:17:26.839,NC,NTPC,387.5,374.35,387.85,374.35,380.15,10130178,382.71,387.4,665,387.5,128,
2026-04-13T13:17:28.823,NC,NTPC,387.4,374.35,387.85,374.35,380.15,10130559,382.71,387.4,2136,387.5,35,
2026-04-13T13:17:31.000,NC,NTPC,387.5,374.35,387.85,374.35,380.15,10130951,382.71,387.4,2080,387.5,14,
2026-04-13T13:17:32.015,NC,NTPC,387.4,374.35,387.85,374.35,380.15,10131002,382.71,387.4,1986,387.5,25,
2026-04-13T13:17:34.208,NC,NTPC,387.4,374.35,387.85,374.35,380.15,10131086,382.71,387.4,1645,387.5,25,
2026-04-13T13:17:35.223,NC,NTPC,387.5,374.35,387.85,374.35,380.15,10131115,382.71,387.45,72,387.5,101,
2026-04-13T13:17:37.227,NC,NTPC,387.55,374.35,387.85,374.35,380.15,10131321,382.71,387.5,627,387.55,466,
2026-04-13T13:17:38.230,NC,NTPC,387.5,374.35,387.85,374.35,380.15,10131557,382.72,387.5,391,387.55,559,
2026-04-13T13:17:39.235,NC,NTPC,387.5,374.35,387.85,374.35,380.15,10131679,382.72,387.5,269,387.55,559,
2026-04-13T13:17:40.237,NC,NTPC,387.5,374.35,387.85,374.35,380.15,10132885,382.72,387.5,221,387.6,1839,
2026-04-13T13:17:41.239,NC,NTPC,387.6,374.35,387.85,374.35,380.15,10133142,382.72,387.5,216,387.6,1412,
2026-04-13T13:17:42.340,NC,NTPC,387.5,374.35,387.85,374.35,380.15,10133179,382.72,387.5,182,387.6,1197,
2026-04-13T13:17:43.258,NC,NTPC,387.55,374.35,387.85,374.35,380.15,10133180,382.72,387.55,73,387.6,1410,
2026-04-13T13:17:44.354,NC,NTPC,387.55,374.35,387.85,374.35,380.15,10133235,382.72,387.55,21,387.6,1029,
2026-04-13T13:17:45.357,NC,NTPC,387.6,374.35,387.85,374.35,380.15,10133351,382.72,387.55,21,387.6,1042,
2026-04-13T13:17:46.349,NC,NTPC,387.55,374.35,387.85,374.35,380.15,10133381,382.72,387.55,15,387.6,1024,
2026-04-13T13:17:47.446,NC,NTPC,387.55,374.35,387.85,374.35,380.15,10133389,382.72,387.55,7,387.6,1024,
2026-04-13T13:17:49.551,NC,NTPC,387.55,374.35,387.85,374.35,380.15,10133470,382.72,387.5,143,387.55,9,
2026-04-13T13:17:50.657,NC,NTPC,387.5,374.35,387.85,374.35,380.15,10133481,382.72,387.5,132,387.55,94,
2026-04-13T13:17:51.758,NC,NTPC,387.4,374.35,387.85,374.35,380.15,10133626,382.72,387.4,1571,387.55,5,
2026-04-13T13:17:52.758,NC,NTPC,387.6,374.35,387.85,374.35,380.15,10133728,382.72,387.4,1531,387.6,2299,
2026-04-13T13:17:53.882,NC,NTPC,387.4,374.35,387.85,374.35,380.15,10133782,382.72,387.4,1542,387.6,2694,
2026-04-13T13:17:54.865,NC,NTPC,387.6,374.35,387.85,374.35,380.15,10134930,382.72,387.4,1571,387.6,1232,
2026-04-13T13:17:55.861,NC,NTPC,387.6,374.35,387.85,374.35,380.15,10134941,382.72,387.4,1592,387.6,1309,
2026-04-13T13:17:56.766,NC,NTPC,387.6,374.35,387.85,374.35,380.15,10135189,382.72,387.4,1805,387.6,931,
2026-04-13T13:17:57.868,NC,NTPC,387.4,374.35,387.85,374.35,380.15,10135191,382.72,387.45,30,387.55,122,
2026-04-13T13:17:58.874,NC,NTPC,387.45,374.35,387.85,374.35,380.15,10135265,382.72,387.4,1820,387.45,6,
2026-04-13T13:18:00.881,NC,NTPC,387.5,374.35,387.85,374.35,380.15,10135625,382.72,387.45,3,387.5,221,
2026-04-13T13:18:03.968,NC,NTPC,387.45,374.35,387.85,374.35,380.15,10135674,382.72,387.4,343,387.45,5,
2026-04-13T13:18:04.968,NC,NTPC,387.45,374.35,387.85,374.35,380.15,10136565,382.72,387.45,1,387.5,131,
2026-04-13T13:18:05.872,NC,NTPC,387.5,374.35,387.85,374.35,380.15,10136833,382.72,387.45,58,387.5,136,
2026-04-13T13:18:07.075,NC,NTPC,387.5,374.35,387.85,374.35,380.15,10136904,382.72,387.4,1832,387.5,76,
2026-04-13T13:18:08.191,NC,NTPC,387.4,374.35,387.85,374.35,380.15,10136967,382.72,387.45,119,387.5,26,
2026-04-13T13:18:09.287,NC,NTPC,387.45,374.35,387.85,374.35,380.15,10137191,382.72,387.45,265,387.5,7,
2026-04-13T13:18:10.293,NC,NTPC,387.6,374.35,387.85,374.35,380.15,10138364,382.72,387.55,79,387.6,80,
2026-04-13T13:18:11.283,NC,NTPC,387.6,374.35,387.85,374.35,380.15,10138444,382.72,387.6,28,387.65,2120,
2026-04-13T13:18:12.384,NC,NTPC,387.65,374.35,387.85,374.35,380.15,10138572,382.72,387.6,18,387.65,2002,
2026-04-13T13:18:13.386,NC,NTPC,387.6,374.35,387.85,374.35,380.15,10138590,382.72,387.6,25,387.65,2220,
2026-04-13T13:18:14.385,NC,NTPC,387.65,374.35,387.85,374.35,380.15,10138739,382.72,387.5,75,387.65,2857,
2026-04-13T13:18:15.387,NC,NTPC,387.65,374.35,387.85,374.35,380.15,10138898,382.72,387.55,1,387.65,2299,
2026-04-13T13:18:16.388,NC,NTPC,387.65,374.35,387.85,374.35,380.15,10139068,382.72,387.5,783,387.65,1841,
2026-04-13T13:18:17.392,NC,NTPC,387.65,374.35,387.85,374.35,380.15,10139169,382.72,387.5,783,387.6,1,
2026-04-13T13:18:18.409,NC,NTPC,387.65,374.35,387.85,374.35,380.15,10141769,382.72,387.5,860,387.65,595,
2026-04-13T13:18:19.423,NC,NTPC,387.5,374.35,387.85,374.35,380.15,10141825,382.72,387.5,900,387.6,7,
2026-04-13T13:18:20.412,NC,NTPC,387.6,374.35,387.85,374.35,380.15,10141831,382.72,387.55,3,387.6,1,
2026-04-13T13:18:21.308,NC,NTPC,387.55,374.35,387.85,374.35,380.15,10141883,382.72,387.5,894,387.55,7,
2026-04-13T13:18:22.329,NC,NTPC,387.55,374.35,387.85,374.35,380.15,10141885,382.72,387.5,894,387.55,5,
2026-04-13T13:18:23.317,NC,NTPC,387.65,374.35,387.85,374.35,380.15,10142351,382.72,387.5,743,387.65,147,
2026-04-13T13:18:24.314,NC,NTPC,387.5,374.35,387.85,374.35,380.15,10142405,382.72,387.5,650,387.65,147,
2026-04-13T13:18:25.209,NC,NTPC,387.65,374.35,387.85,374.35,380.15,10143677,382.72,387.5,790,387.65,353,
2026-04-13T13:18:26.311,NC,NTPC,387.65,374.35,387.85,374.35,380.15,10143950,382.72,387.5,1883,387.65,109,
2026-04-13T13:18:28.412,NC,NTPC,387.65,374.35,387.85,374.35,380.15,10143954,382.72,387.5,3171,387.65,105,
2026-04-13T13:18:29.310,NC,NTPC,387.5,374.35,387.85,374.35,380.15,10144008,382.72,387.5,2903,387.65,112,
2026-04-13T13:18:30.418,NC,NTPC,387.7,374.35,387.85,374.35,380.15,10147469,382.72,387.5,2734,387.7,8174,
2026-04-13T13:18:33.319,NC,NTPC,387.7,374.35,387.85,374.35,380.15,10147570,382.72,387.65,90,387.7,8015,
2026-04-13T13:18:34.218,NC,NTPC,387.7,374.35,387.85,374.35,380.15,10147630,382.72,387.65,38,387.7,8310,
2026-04-13T13:18:35.315,NC,NTPC,387.7,374.35,387.85,374.35,380.15,10147638,382.72,387.65,38,387.7,9481,
2026-04-13T13:18:36.314,NC,NTPC,387.7,374.35,387.85,374.35,380.15,10148638,382.72,387.65,38,387.7,8481,
2026-04-13T13:18:41.231,NC,NTPC,387.7,374.35,387.85,374.35,380.15,10150606,382.72,387.65,1,387.7,7042,
2026-04-13T13:18:46.339,NC,NTPC,387.6,374.35,387.85,374.35,380.15,10151008,382.72,387.6,61,387.7,6938,
2026-04-13T13:18:50.947,NC,NTPC,387.65,374.35,387.85,374.35,380.15,10151607,382.72,387.55,8,387.65,143,
2026-04-13T13:18:55.368,NC,NTPC,387.7,374.35,387.85,374.35,380.15,10153174,382.73,387.65,14,387.7,6589,
2026-04-13T13:18:59.562,NC,NTPC,387.65,374.35,387.85,374.35,380.15,10154101,382.73,387.55,222,387.65,7,
2026-04-13T13:19:04.471,NC,NTPC,387.6,374.35,387.85,374.35,380.15,10154917,382.73,387.6,80,387.65,934,
2026-04-13T13:19:09.586,NC,NTPC,387.7,374.35,387.85,374.35,380.15,10158847,382.73,387.65,66,387.7,2515,
2026-04-13T13:19:14.890,NC,NTPC,387.65,374.35,387.85,374.35,380.15,10159756,382.73,387.65,28,387.7,2071,
2026-04-13T13:19:20.002,NC,NTPC,387.65,374.35,387.85,374.35,380.15,10160029,382.73,387.6,2168,387.65,6,
2026-04-13T13:19:25.023,NC,NTPC,387.7,374.35,387.85,374.35,380.15,10161425,382.73,387.6,2383,387.7,684,
2026-04-13T13:19:29.909,NC,NTPC,387.75,374.35,387.85,374.35,380.15,10162288,382.73,387.7,270,387.75,2512,
2026-04-13T13:19:34.540,NC,NTPC,387.65,374.35,387.85,374.35,380.15,10163504,382.73,387.65,1535,387.7,6,
2026-04-13T13:19:39.031,NC,NTPC,387.65,374.35,387.85,374.35,380.15,10164250,382.73,387.6,100,387.65,57,
2026-04-13T13:19:43.431,NC,NTPC,387.7,374.35,387.85,374.35,380.15,10165977,382.73,387.65,24,387.7,2325,
2026-04-13T13:19:48.038,NC,NTPC,387.6,374.35,387.85,374.35,380.15,10166445,382.73,387.6,51,387.7,2780,
2026-04-13T13:19:52.643,NC,NTPC,387.6,374.35,387.85,374.35,380.15,10166781,382.73,387.5,2535,387.6,6,
2026-04-13T13:19:57.051,NC,NTPC,387.7,374.35,387.85,374.35,380.15,10168050,382.73,387.6,25,387.7,1858,
2026-04-13T13:20:01.563,NC,NTPC,387.7,374.35,387.85,374.35,380.15,10168506,382.73,387.6,381,387.7,1048,
2026-04-13T13:20:06.354,NC,NTPC,387.65,374.35,387.85,374.35,380.15,10168819,382.73,387.65,1,387.7,1150,
2026-04-13T13:20:11.056,NC,NTPC,387.75,374.35,387.85,374.35,380.15,10170335,382.73,387.7,71,387.75,1993,
2026-04-13T13:20:16.170,NC,NTPC,387.65,374.35,387.85,374.35,380.15,10171139,382.73,387.55,1133,387.65,65,
2026-04-13T13:20:20.966,NC,NTPC,387.75,374.35,387.85,374.35,380.15,10171945,382.73,387.6,716,387.75,1497,
2026-04-13T13:20:25.180,NC,NTPC,387.75,374.35,387.85,374.35,380.15,10173357,382.74,387.6,833,387.75,1090,
2026-04-13T13:20:29.983,NC,NTPC,387.8,374.35,387.85,374.35,380.15,10176822,382.74,387.6,630,387.7,120,
2026-04-13T13:20:34.694,NC,NTPC,387.6,374.35,387.85,374.35,380.15,10177538,382.74,387.6,1449,387.75,1072,
2026-04-13T13:20:39.500,NC,NTPC,387.6,374.35,387.85,374.35,380.15,10180157,382.74,387.5,3772,387.6,517,
2026-04-13T13:20:44.112,NC,NTPC,387.5,374.35,387.85,374.35,380.15,10180897,382.74,387.5,3203,387.6,1490,
2026-04-13T13:20:48.509,NC,NTPC,387.6,374.35,387.85,374.35,380.15,10181605,382.74,387.45,188,387.6,2160,
2026-04-13T13:20:53.528,NC,NTPC,387.6,374.35,387.85,374.35,380.15,10183878,382.74,387.5,1000,387.6,2157,
2026-04-13T13:20:58.446,NC,NTPC,387.45,374.35,387.85,374.35,380.15,10190253,382.74,387.45,926,387.6,879,
2026-04-13T13:21:03.138,NC,NTPC,387.6,374.35,387.85,374.35,380.15,10190378,382.74,387.55,7,387.6,973,
2026-04-13T13:21:07.842,NC,NTPC,387.6,374.35,387.85,374.35,380.15,10190645,382.74,387.55,5,387.6,726,
2026-04-13T13:21:12.851,NC,NTPC,387.6,374.35,387.85,374.35,380.15,10192411,382.74,387.45,1949,387.6,1040,
2026-04-13T13:21:17.574,NC,NTPC,387.6,374.35,387.85,374.35,380.15,10193059,382.74,387.55,4,387.6,1888,
2026-04-13T13:21:22.461,NC,NTPC,387.6,374.35,387.85,374.35,380.15,10193239,382.74,387.45,44,387.6,2643,
2026-04-13T13:21:26.877,NC,NTPC,387.6,374.35,387.85,374.35,380.15,10194807,382.75,387.5,309,387.6,577,
2026-04-13T13:21:31.173,NC,NTPC,387.55,374.35,387.85,374.35,380.15,10195012,382.75,387.5,512,387.55,7,
2026-04-13T13:21:35.587,NC,NTPC,387.6,374.35,387.85,374.35,380.15,10195215,382.75,387.5,204,387.6,1460,
2026-04-13T13:21:37.084,NC,NTPC,387.55,374.35,387.85,374.35,380.15,10195317,382.75,387.55,86,387.6,1358,
2026-04-13T13:21:37.983,NC,NTPC,387.55,374.35,387.85,374.35,380.15,10195448,382.75,387.55,46,387.6,1267,
2026-04-13T13:21:39.086,NC,NTPC,387.55,374.35,387.85,374.35,380.15,10195494,382.75,387.5,1500,387.55,12,
2026-04-13T13:21:40.088,NC,NTPC,387.6,374.35,387.85,374.35,380.15,10196726,382.75,387.55,1,387.6,112,
2026-04-13T13:21:41.189,NC,NTPC,387.55,374.35,387.85,374.35,380.15,10196744,382.75,387.55,34,387.6,100,
2026-04-13T13:21:42.197,NC,NTPC,387.6,374.35,387.85,374.35,380.15,10197081,382.75,387.55,208,387.6,763,
2026-04-13T13:21:43.292,NC,NTPC,387.55,374.35,387.85,374.35,380.15,10197196,382.75,387.55,98,387.6,755,
2026-04-13T13:21:44.292,NC,NTPC,387.55,374.35,387.85,374.35,380.15,10197250,382.75,387.55,3,387.6,755,
2026-04-13T13:21:45.392,NC,NTPC,387.6,374.35,387.85,374.35,380.15,10197447,382.75,387.55,2,387.6,559,
2026-04-13T13:21:46.395,NC,NTPC,387.6,374.35,387.85,374.35,380.15,10197476,382.75,387.55,986,387.6,545,
2026-04-13T13:21:47.300,NC,NTPC,387.6,374.35,387.85,374.35,380.15,10197845,382.75,387.55,3821,387.6,945,
2026-04-13T13:21:48.414,NC,NTPC,387.6,374.35,387.85,374.35,380.15,10199365,382.75,387.55,4119,387.6,10,
2026-04-13T13:21:49.506,NC,NTPC,387.55,374.35,387.85,374.35,380.15,10199419,382.75,387.55,3823,387.6,18,
2026-04-13T13:21:50.507,NC,NTPC,387.65,374.35,387.85,374.35,380.15,10200919,382.75,387.55,3741,387.65,201,
2026-04-13T13:21:52.411,NC,NTPC,387.6,374.35,387.85,374.35,380.15,10200979,382.75,387.6,1443,387.65,201,
2026-04-13T13:21:53.411,NC,NTPC,387.65,374.35,387.85,374.35,380.15,10201082,382.75,387.6,1443,387.65,102,
2026-04-13T13:21:54.320,NC,NTPC,387.6,374.35,387.85,374.35,380.15,10201137,382.75,387.6,1388,387.65,102,
2026-04-13T13:21:55.414,NC,NTPC,387.7,374.35,387.85,374.35,380.15,10202167,382.75,387.65,16,387.7,390,
2026-04-13T13:21:56.316,NC,NTPC,387.65,374.35,387.85,374.35,380.15,10202445,382.75,387.65,14,387.7,115,
2026-04-13T13:21:57.323,NC,NTPC,387.7,374.35,387.85,374.35,380.15,10202455,382.75,387.65,14,387.7,105,
2026-04-13T13:21:58.324,NC,NTPC,387.75,374.35,387.85,374.35,380.15,10202617,382.75,387.65,1502,387.75,559,
2026-04-13T13:21:59.322,NC,NTPC,387.65,374.35,387.85,374.35,380.15,10202722,382.75,387.65,1399,387.75,607,
2026-04-13T13:22:00.232,NC,NTPC,387.65,374.35,387.85,374.35,380.15,10202732,382.75,387.65,1389,387.7,1,
2026-04-13T13:22:01.234,NC,NTPC,387.75,374.35,387.85,374.35,380.15,10202900,382.75,387.7,5,387.75,71,
2026-04-13T13:22:02.226,NC,NTPC,387.7,374.35,387.85,374.35,380.15,10202902,382.75,387.7,5,387.75,208,
2026-04-13T13:22:03.329,NC,NTPC,387.75,374.35,387.85,374.35,380.15,10202932,382.75,387.7,5,387.75,178,
2026-04-13T13:22:04.326,NC,NTPC,387.7,374.35,387.85,374.35,380.15,10202971,382.75,387.65,1321,387.7,1,
2026-04-13T13:22:05.330,NC,NTPC,387.7,374.35,387.85,374.35,380.15,10203245,382.75,387.65,1054,387.7,6,
2026-04-13T13:22:06.232,NC,NTPC,387.7,374.35,387.85,374.35,380.15,10203250,382.75,387.65,1054,387.7,11,
2026-04-13T13:22:07.252,NC,NTPC,387.8,374.35,387.85,374.35,380.15,10204250,382.75,387.65,1054,387.75,1630,
2026-04-13T13:22:08.331,NC,NTPC,387.65,374.35,387.85,374.35,380.15,10204258,382.75,387.65,1048,387.7,1,
2026-04-13T13:22:09.332,NC,NTPC,387.65,374.35,387.85,374.35,380.15,10204480,382.75,387.65,926,387.75,2180,
2026-04-13T13:22:10.244,NC,NTPC,387.65,374.35,387.85,374.35,380.15,10205637,382.75,387.65,925,387.75,1000,
2026-04-13T13:22:11.334,NC,NTPC,387.7,374.35,387.85,374.35,380.15,10205891,382.75,387.6,4388,387.7,81,
2026-04-13T13:22:13.337,NC,NTPC,387.7,374.35,387.85,374.35,380.15,10205896,382.75,387.6,4896,387.7,130,
2026-04-13T13:22:14.238,NC,NTPC,387.7,374.35,387.85,374.35,380.15,10206006,382.75,387.6,4657,387.7,75,
2026-04-13T13:22:15.240,NC,NTPC,387.7,374.35,387.85,374.35,380.15,10206013,382.75,387.6,4657,387.7,70,
2026-04-13T13:22:16.246,NC,NTPC,387.7,374.35,387.85,374.35,380.15,10206040,382.75,387.6,1330,387.7,369,
2026-04-13T13:22:17.348,NC,NTPC,387.7,374.35,387.85,374.35,380.15,10206141,382.75,387.6,1330,387.7,419,
2026-04-13T13:22:19.251,NC,NTPC,387.6,374.35,387.85,374.35,380.15,10206196,382.75,387.55,1758,387.6,575,
2026-04-13T13:22:21.145,NC,NTPC,387.55,374.35,387.85,374.35,380.15,10206264,382.75,387.55,1503,387.6,575,
2026-04-13T13:22:23.166,NC,NTPC,387.6,374.35,387.85,374.35,380.15,10206321,382.75,387.55,1503,387.6,518,
2026-04-13T13:22:24.162,NC,NTPC,387.55,374.35,387.85,374.35,380.15,10206375,382.75,387.55,1707,387.6,518,
2026-04-13T13:22:25.155,NC,NTPC,387.7,374.35,387.85,374.35,380.15,10207507,382.75,387.6,13,387.7,58,
2026-04-13T13:22:26.153,NC,NTPC,387.6,374.35,387.85,374.35,380.15,10207561,382.75,387.6,14,387.7,54,
2026-04-13T13:22:27.251,NC,NTPC,387.7,374.35,387.85,374.35,380.15,10207760,382.75,387.7,25,387.75,1402,
2026-04-13T13:22:28.156,NC,NTPC,387.75,374.35,387.85,374.35,380.15,10207860,382.75,387.7,25,387.75,1056,
2026-04-13T13:22:29.258,NC,NTPC,387.7,374.35,387.85,374.35,380.15,10207909,382.75,387.6,275,387.7,22,
2026-04-13T13:22:30.258,NC,NTPC,387.6,374.35,387.85,374.35,380.15,10208638,382.75,387.55,3655,387.6,771,
2026-04-13T13:22:31.266,NC,NTPC,387.6,374.35,387.85,374.35,380.15,10208730,382.75,387.55,3733,387.6,748,
2026-04-13T13:22:32.297,NC,NTPC,387.55,374.35,387.85,374.35,380.15,10208769,382.75,387.55,3632,387.6,748,
2026-04-13T13:22:33.262,NC,NTPC,387.75,374.35,387.85,374.35,380.15,10210365,382.75,387.6,1674,387.75,836,
2026-04-13T13:22:34.279,NC,NTPC,387.6,374.35,387.85,374.35,380.15,10210445,382.75,387.6,1805,387.75,274,
2026-04-13T13:22:35.384,NC,NTPC,387.6,374.35,387.85,374.35,380.15,10210533,382.75,387.6,2191,387.7,1,
2026-04-13T13:22:36.363,NC,NTPC,387.7,374.35,387.85,374.35,380.15,10210570,382.75,387.6,2022,387.7,102,
2026-04-13T13:22:37.275,NC,NTPC,387.6,374.35,387.85,374.35,380.15,10210660,382.75,387.6,1854,387.7,102,
2026-04-13T13:22:38.387,NC,NTPC,387.7,374.35,387.85,374.35,380.15,10210663,382.75,387.6,1450,387.7,101,
2026-04-13T13:22:39.572,NC,NTPC,387.75,374.35,387.85,374.35,380.15,10211749,382.75,387.7,13,387.75,288,
2026-04-13T13:22:40.576,NC,NTPC,387.8,374.35,387.85,374.35,380.15,10212657,382.75,387.65,445,387.8,4656,
2026-04-13T13:22:41.484,NC,NTPC,387.8,374.35,387.85,374.35,380.15,10214111,382.75,387.65,445,387.8,3377,
2026-04-13T13:22:43.584,NC,NTPC,387.65,374.35,387.85,374.35,380.15,10214166,382.75,387.65,390,387.75,172,
2026-04-13T13:22:45.784,NC,NTPC,387.65,374.35,387.85,374.35,380.15,10214173,382.75,387.65,389,387.75,122,
2026-04-13T13:22:46.687,NC,NTPC,387.6,374.35,387.85,374.35,380.15,10214198,382.75,387.6,267,387.7,1799,
2026-04-13T13:22:47.589,NC,NTPC,387.65,374.35,387.85,374.35,380.15,10214200,382.75,387.65,2,387.7,2082,
2026-04-13T13:22:48.693,NC,NTPC,387.65,374.35,387.85,374.35,380.15,10214309,382.75,387.6,267,387.65,552,
2026-04-13T13:22:49.688,NC,NTPC,387.65,374.35,387.85,374.35,380.15,10214586,382.76,387.5,150,387.65,2896,
2026-04-13T13:22:50.684,NC,NTPC,387.5,374.35,387.85,374.35,380.15,10214639,382.76,387.5,97,387.65,2765,
2026-04-13T13:22:51.691,NC,NTPC,387.5,374.35,387.85,374.35,380.15,10214731,382.76,387.5,5,387.65,2765,
2026-04-13T13:22:52.692,NC,NTPC,387.65,374.35,387.85,374.35,380.15,10214783,382.76,387.5,5,387.65,2713,
2026-04-13T13:22:53.698,NC,NTPC,387.5,374.35,387.85,374.35,380.15,10214795,382.76,387.45,394,387.5,12,
2026-04-13T13:22:54.788,NC,NTPC,387.6,374.35,387.85,374.35,380.15,10215937,382.76,387.5,1,387.6,454,
2026-04-13T13:22:55.693,NC,NTPC,387.6,374.35,387.85,374.35,380.15,10215998,382.76,387.5,1,387.6,897,
2026-04-13T13:22:56.703,NC,NTPC,387.6,374.35,387.85,374.35,380.15,10216346,382.76,387.5,1,387.6,559,
2026-04-13T13:22:57.699,NC,NTPC,387.6,374.35,387.85,374.35,380.15,10216355,382.76,387.45,65,387.6,565,
2026-04-13T13:22:58.698,NC,NTPC,387.45,374.35,387.85,374.35,380.15,10216460,382.76,387.4,1852,387.45,1,
2026-04-13T13:22:59.611,NC,NTPC,387.45,374.35,387.85,374.35,380.15,10216467,382.76,387.4,1930,387.45,6,
2026-04-13T13:23:00.704,NC,NTPC,387.4,374.35,387.85,374.35,380.15,10216524,382.76,387.4,1875,387.45,6,
2026-04-13T13:23:01.709,NC,NTPC,387.6,374.35,387.85,374.35,380.15,10217077,382.76,387.45,3,387.55,72,
2026-04-13T13:23:02.803,NC,NTPC,387.55,374.35,387.85,374.35,380.15,10217078,382.76,387.5,3,387.55,71,
2026-04-13T13:23:03.816,NC,NTPC,387.5,374.35,387.85,374.35,380.15,10217115,382.76,387.45,11,387.5,5,
2026-04-13T13:23:04.813,NC,NTPC,387.55,374.35,387.85,374.35,380.15,10217226,382.76,387.45,3,387.55,1343,
2026-04-13T13:23:05.919,NC,NTPC,387.55,374.35,387.85,374.35,380.15,10217233,382.76,387.5,3,387.55,1680,
2026-04-13T13:23:06.909,NC,NTPC,387.4,374.35,387.85,374.35,380.15,10218233,382.76,387.4,981,387.55,1066,
2026-04-13T13:23:07.822,NC,NTPC,387.55,374.35,387.85,374.35,380.15,10218235,382.76,387.4,981,387.55,1064,
2026-04-13T13:23:08.829,NC,NTPC,387.45,374.35,387.85,374.35,380.15,10218290,382.76,387.45,335,387.55,667,
2026-04-13T13:23:09.808,NC,NTPC,387.6,374.35,387.85,374.35,380.15,10219541,382.76,387.55,13,387.6,1167,
2026-04-13T13:23:10.811,NC,NTPC,387.55,374.35,387.85,374.35,380.15,10219579,382.76,387.55,13,387.6,1222,
2026-04-13T13:23:11.710,NC,NTPC,387.55,374.35,387.85,374.35,380.15,10219828,382.76,387.55,13,387.6,989,
2026-04-13T13:23:12.712,NC,NTPC,387.65,374.35,387.85,374.35,380.15,10220248,382.76,387.55,67,387.65,2263,
2026-04-13T13:23:13.715,NC,NTPC,387.6,374.35,387.85,374.35,380.15,10220638,382.76,387.6,148,387.65,1496,
2026-04-13T13:23:14.815,NC,NTPC,387.65,374.35,387.85,374.35,380.15,10220775,382.76,387.6,210,387.65,955,
2026-04-13T13:23:15.812,NC,NTPC,387.6,374.35,387.85,374.35,380.15,10220783,382.76,387.6,197,387.65,949,
2026-04-13T13:23:16.821,NC,NTPC,387.65,374.35,387.85,374.35,380.15,10220857,382.76,387.6,197,387.65,875,
2026-04-13T13:23:17.815,NC,NTPC,387.6,374.35,387.85,374.35,380.15,10220858,382.76,387.6,263,387.65,875,
2026-04-13T13:23:18.715,NC,NTPC,387.65,374.35,387.85,374.35,380.15,10220968,382.76,387.6,87,387.65,830,
2026-04-13T13:23:20.719,NC,NTPC,387.65,374.35,387.85,374.35,380.15,10221136,382.76,387.6,25,387.65,735,
2026-04-13T13:23:21.722,NC,NTPC,387.65,374.35,387.85,374.35,380.15,10221137,382.76,387.6,3,387.65,734,
2026-04-13T13:23:22.724,NC,NTPC,387.65,374.35,387.85,374.35,380.15,10221139,382.76,387.6,3,387.65,732,
2026-04-13T13:23:23.724,NC,NTPC,387.6,374.35,387.85,374.35,380.15,10221193,382.76,387.6,31,387.65,732,
2026-04-13T13:23:24.634,NC,NTPC,387.65,374.35,387.85,374.35,380.15,10221941,382.76,387.65,54,387.7,819,
2026-04-13T13:23:25.644,NC,NTPC,387.7,374.35,387.85,374.35,380.15,10224051,382.76,387.55,214,387.7,1492,
2026-04-13T13:23:26.669,NC,NTPC,387.7,374.35,387.85,374.35,380.15,10224300,382.76,387.65,5,387.7,897,
2026-04-13T13:23:28.730,NC,NTPC,387.65,374.35,387.85,374.35,380.15,10224493,382.76,387.55,1521,387.65,6,
2026-04-13T13:23:30.635,NC,NTPC,387.55,374.35,387.85,374.35,380.15,10224508,382.76,387.55,999,387.65,159,
2026-04-13T13:23:31.651,NC,NTPC,387.55,374.35,387.85,374.35,380.15,10224623,382.76,387.55,1015,387.65,142,
2026-04-13T13:23:32.737,NC,NTPC,387.55,374.35,387.85,374.35,380.15,10224673,382.76,387.55,1074,387.65,142,
2026-04-13T13:23:33.637,NC,NTPC,387.55,374.35,387.85,374.35,380.15,10224764,382.76,387.55,858,387.65,136,
2026-04-13T13:23:34.648,NC,NTPC,387.65,374.35,387.85,374.35,380.15,10224905,382.76,387.55,1094,387.7,698,
2026-04-13T13:23:35.639,NC,NTPC,387.7,374.35,387.85,374.35,380.15,10224913,382.76,387.55,1094,387.7,691,
2026-04-13T13:23:36.544,NC,NTPC,387.7,374.35,387.85,374.35,380.15,10225013,382.76,387.55,1094,387.7,592,
2026-04-13T13:23:37.547,NC,NTPC,387.7,374.35,387.85,374.35,380.15,10225018,382.76,387.55,971,387.7,787,
2026-04-13T13:23:39.549,NC,NTPC,387.75,374.35,387.85,374.35,380.15,10226408,382.76,387.7,390,387.75,17793,
2026-04-13T13:23:40.551,NC,NTPC,387.75,374.35,387.85,374.35,380.15,10227365,382.76,387.7,58,387.75,18568,
2026-04-13T13:23:41.557,NC,NTPC,387.75,374.35,387.85,374.35,380.15,10227613,382.76,387.7,58,387.75,17779,
2026-04-13T13:23:42.552,NC,NTPC,387.75,374.35,387.85,374.35,380.15,10228104,382.76,387.7,15,387.75,16994,
2026-04-13T13:23:44.466,NC,NTPC,387.7,374.35,387.85,374.35,380.15,10228119,382.76,387.55,3898,387.7,13,
2026-04-13T13:23:45.457,NC,NTPC,387.75,374.35,387.85,374.35,380.15,10228230,382.76,387.7,1,387.75,17144,
2026-04-13T13:23:46.453,NC,NTPC,387.75,374.35,387.85,374.35,380.15,10228254,382.76,387.7,1,387.75,17130,
2026-04-13T13:23:47.462,NC,NTPC,387.75,374.35,387.85,374.35,380.15,10228263,382.76,387.7,1,387.75,17212,
2026-04-13T13:23:48.456,NC,NTPC,387.65,374.35,387.85,374.35,380.15,10228319,382.76,387.65,1,387.7,8,
2026-04-13T13:23:49.459,NC,NTPC,387.7,374.35,387.85,374.35,380.15,10228511,382.76,387.7,310,387.75,17461,
2026-04-13T13:23:51.471,NC,NTPC,387.7,374.35,387.85,374.35,380.15,10228602,382.76,387.7,219,387.75,16755,
2026-04-13T13:23:52.467,NC,NTPC,387.75,374.35,387.85,374.35,380.15,10228694,382.76,387.7,130,387.75,16827,
2026-04-13T13:23:53.562,NC,NTPC,387.7,374.35,387.85,374.35,380.15,10228810,382.76,387.7,116,387.75,16815,
2026-04-13T13:23:54.569,NC,NTPC,387.75,374.35,387.85,374.35,380.15,10230062,382.76,387.7,62,387.75,15452,
2026-04-13T13:23:55.675,NC,NTPC,387.75,374.35,387.85,374.35,380.15,10230074,382.76,387.7,62,387.75,15640,
2026-04-13T13:23:56.580,NC,NTPC,387.75,374.35,387.85,374.35,380.15,10230322,382.76,387.7,62,387.75,15392,
2026-04-13T13:23:58.769,NC,NTPC,387.7,374.35,387.85,374.35,380.15,10230484,382.76,387.55,30,387.7,1886,
2026-04-13T13:23:59.782,NC,NTPC,387.55,374.35,387.85,374.35,380.15,10230485,382.76,387.55,107,387.7,1491,
2026-04-13T13:24:00.883,NC,NTPC,387.65,374.35,387.85,374.35,380.15,10230655,382.76,387.65,2,387.7,565,
2026-04-13T13:24:01.885,NC,NTPC,387.7,374.35,387.85,374.35,380.15,10230656,382.76,387.65,2,387.7,1242,
2026-04-13T13:24:03.889,NC,NTPC,387.5,374.35,387.85,374.35,380.15,10230708,382.76,387.5,1309,387.65,12,
2026-04-13T13:24:05.889,NC,NTPC,387.65,374.35,387.85,374.35,380.15,10230715,382.76,387.45,458,387.65,2596,
2026-04-13T13:24:06.894,NC,NTPC,387.65,374.35,387.85,374.35,380.15,10230717,382.76,387.45,1624,387.65,1729,
2026-04-13T13:24:07.895,NC,NTPC,387.65,374.35,387.85,374.35,380.15,10230719,382.76,387.45,1531,387.65,1828,
2026-04-13T13:24:08.892,NC,NTPC,387.45,374.35,387.85,374.35,380.15,10230964,382.76,387.45,1438,387.65,1919,
2026-04-13T13:24:10.015,NC,NTPC,387.45,374.35,387.85,374.35,380.15,10232628,382.76,387.45,1322,387.65,640,
2026-04-13T13:24:11.031,NC,NTPC,387.45,374.35,387.85,374.35,380.15,10232701,382.76,387.45,1031,387.65,3360,
2026-04-13T13:24:12.020,NC,NTPC,387.65,374.35,387.85,374.35,380.15,10232950,382.76,387.45,1031,387.65,2985,
2026-04-13T13:24:12.998,NC,NTPC,387.65,374.35,387.85,374.35,380.15,10232960,382.76,387.45,2706,387.65,3018,
2026-04-13T13:24:14.001,NC,NTPC,387.45,374.35,387.85,374.35,380.15,10233015,382.76,387.45,2550,387.65,3226,
2026-04-13T13:24:15.101,NC,NTPC,387.65,374.35,387.85,374.35,380.15,10233022,382.76,387.45,2734,387.55,100,
2026-04-13T13:24:16.099,NC,NTPC,387.55,374.35,387.85,374.35,380.15,10233046,382.76,387.45,1501,387.55,76,
2026-04-13T13:24:17.102,NC,NTPC,387.45,374.35,387.85,374.35,380.15,10233934,382.76,387.45,802,387.6,1918,
2026-04-13T13:24:19.108,NC,NTPC,387.6,374.35,387.85,374.35,380.15,10234085,382.76,387.45,807,387.6,3502,
2026-04-13T13:24:20.109,NC,NTPC,387.45,374.35,387.85,374.35,380.15,10234086,382.76,387.5,3,387.6,3115,
2026-04-13T13:24:23.414,NC,NTPC,387.5,374.35,387.85,374.35,380.15,10234158,382.76,387.5,154,387.6,1653,
2026-04-13T13:24:24.511,NC,NTPC,387.6,374.35,387.85,374.35,380.15,10235362,382.76,387.45,1440,387.6,61,
2026-04-13T13:24:25.613,NC,NTPC,387.6,374.35,387.85,374.35,380.15,10235580,382.76,387.45,1311,387.6,51,
2026-04-13T13:24:26.615,NC,NTPC,387.65,374.35,387.85,374.35,380.15,10235929,382.77,387.6,25,387.65,3241,
2026-04-13T13:24:27.517,NC,NTPC,387.65,374.35,387.85,374.35,380.15,10236079,382.77,387.6,25,387.65,3084,
2026-04-13T13:24:28.619,NC,NTPC,387.6,374.35,387.85,374.35,380.15,10236133,382.77,387.6,25,387.65,3391,
2026-04-13T13:24:29.621,NC,NTPC,387.65,374.35,387.85,374.35,380.15,10236252,382.77,387.5,1567,387.65,3227,
2026-04-13T13:24:30.720,NC,NTPC,387.6,374.35,387.85,374.35,380.15,10236442,382.77,387.5,2025,387.6,92,
2026-04-13T13:24:31.727,NC,NTPC,387.6,374.35,387.85,374.35,380.15,10236533,382.77,387.55,134,387.6,4,
2026-04-13T13:24:32.728,NC,NTPC,387.6,374.35,387.85,374.35,380.15,10236633,382.77,387.55,134,387.6,94,
2026-04-13T13:24:33.737,NC,NTPC,387.6,374.35,387.85,374.35,380.15,10237122,382.77,387.6,246,387.65,2465,
2026-04-13T13:24:34.828,NC,NTPC,387.65,374.35,387.85,374.35,380.15,10237123,382.77,387.6,182,387.65,2464,
2026-04-13T13:24:35.930,NC,NTPC,387.65,374.35,387.85,374.35,380.15,10237266,382.77,387.6,235,387.65,2322,
2026-04-13T13:24:37.929,NC,NTPC,387.65,374.35,387.85,374.35,380.15,10237630,382.77,387.6,273,387.65,1958,
2026-04-13T13:24:39.032,NC,NTPC,387.65,374.35,387.85,374.35,380.15,10237819,382.77,387.6,219,387.65,1830,
2026-04-13T13:24:40.035,NC,NTPC,387.7,374.35,387.85,374.35,380.15,10240808,382.77,387.65,507,387.7,183,
2026-04-13T13:24:41.142,NC,NTPC,387.65,374.35,387.85,374.35,380.15,10241037,382.77,387.65,525,387.7,11,
2026-04-13T13:24:42.141,NC,NTPC,387.7,374.35,387.85,374.35,380.15,10241149,382.77,387.7,25,387.75,32728,
2026-04-13T13:24:43.135,NC,NTPC,387.75,374.35,387.85,374.35,380.15,10241250,382.77,387.7,62,387.75,32627,
2026-04-13T13:24:44.154,NC,NTPC,387.75,374.35,387.85,374.35,380.15,10241376,382.77,387.7,231,387.75,32610,
2026-04-13T13:24:45.146,NC,NTPC,387.75,374.35,387.85,374.35,380.15,10241576,382.77,387.7,206,387.75,32430,
2026-04-13T13:24:46.136,NC,NTPC,387.75,374.35,387.85,374.35,380.15,10241700,382.77,387.7,106,387.75,32406,
2026-04-13T13:24:47.036,NC,NTPC,387.75,374.35,387.85,374.35,380.15,10241834,382.77,387.7,106,387.75,32282,
2026-04-13T13:24:48.036,NC,NTPC,387.75,374.35,387.85,374.35,380.15,10241969,382.77,387.7,173,387.75,32147,
2026-04-13T13:24:49.038,NC,NTPC,387.75,374.35,387.85,374.35,380.15,10242291,382.77,387.7,118,387.75,31887,
2026-04-13T13:24:50.955,NC,NTPC,387.7,374.35,387.85,374.35,380.15,10242360,382.77,387.7,4,387.75,31880,
2026-04-13T13:24:52.045,NC,NTPC,387.65,374.35,387.85,374.35,380.15,10242430,382.77,387.65,375,387.7,10,
2026-04-13T13:24:53.099,NC,NTPC,387.7,374.35,387.85,374.35,380.15,10242644,382.77,387.7,130,387.75,31983,
2026-04-13T13:24:54.055,NC,NTPC,387.7,374.35,387.85,374.35,380.15,10242698,382.77,387.7,76,387.75,31983,
2026-04-13T13:24:55.067,NC,NTPC,387.75,374.35,387.85,374.35,380.15,10243934,382.77,387.7,62,387.75,30744,
2026-04-13T13:24:56.047,NC,NTPC,387.75,374.35,387.85,374.35,380.15,10243939,382.77,387.7,62,387.75,30739,
2026-04-13T13:24:57.047,NC,NTPC,387.7,374.35,387.85,374.35,380.15,10244313,382.77,387.7,38,387.75,30285,
2026-04-13T13:24:58.150,NC,NTPC,387.75,374.35,387.85,374.35,380.15,10244483,382.77,387.7,38,387.75,30115,
2026-04-13T13:24:59.246,NC,NTPC,387.7,374.35,387.85,374.35,380.15,10244527,382.77,387.65,164,387.7,12,
2026-04-13T13:25:00.389,NC,NTPC,387.7,374.35,387.85,374.35,380.15,10244574,382.77,387.65,160,387.7,184,
2026-04-13T13:25:01.365,NC,NTPC,387.7,374.35,387.85,374.35,380.15,10244665,382.77,387.65,94,387.7,161,
2026-04-13T13:25:02.351,NC,NTPC,387.65,374.35,387.85,374.35,380.15,10244683,382.77,387.65,76,387.7,161,
2026-04-13T13:25:03.965,NC,NTPC,387.65,374.35,387.85,374.35,380.15,10244737,382.77,387.65,22,387.7,740,
2026-04-13T13:25:04.958,NC,NTPC,387.7,374.35,387.85,374.35,380.15,10244945,382.77,387.55,2078,387.7,632,
2026-04-13T13:25:06.062,NC,NTPC,387.7,374.35,387.85,374.35,380.15,10244955,382.77,387.6,135,387.7,622,
2026-04-13T13:25:07.057,NC,NTPC,387.6,374.35,387.85,374.35,380.15,10245055,382.77,387.6,35,387.7,632,
2026-04-13T13:25:08.062,NC,NTPC,387.7,374.35,387.85,374.35,380.15,10245058,382.77,387.6,1247,387.7,629,
2026-04-13T13:25:08.977,NC,NTPC,387.7,374.35,387.85,374.35,380.15,10245180,382.77,387.65,67,387.7,568,
2026-04-13T13:25:10.066,NC,NTPC,387.75,374.35,387.85,374.35,380.15,10246449,382.77,387.7,147,387.75,29568,
2026-04-13T13:25:11.162,NC,NTPC,387.65,374.35,387.85,374.35,380.15,10246954,382.77,387.65,8,387.75,29553,
2026-04-13T13:25:12.270,NC,NTPC,387.75,374.35,387.85,374.35,380.15,10247202,382.77,387.65,8,387.7,2,
2026-04-13T13:25:13.379,NC,NTPC,387.7,374.35,387.85,374.35,380.15,10247357,382.77,387.7,28,387.75,29194,
2026-04-13T13:25:14.267,NC,NTPC,387.7,374.35,387.85,374.35,380.15,10247385,382.77,387.65,8,387.7,6,
2026-04-13T13:25:15.367,NC,NTPC,387.65,374.35,387.85,374.35,380.15,10247442,382.77,387.65,8,387.7,6,
2026-04-13T13:25:16.372,NC,NTPC,387.7,374.35,387.85,374.35,380.15,10247489,382.77,387.7,2,387.75,29413,
2026-04-13T13:25:18.370,NC,NTPC,387.75,374.35,387.85,374.35,380.15,10247500,382.77,387.7,1,387.75,29442,
2026-04-13T13:25:19.269,NC,NTPC,387.6,374.35,387.85,374.35,380.15,10247626,382.77,387.6,1017,387.7,6,
2026-04-13T13:25:21.280,NC,NTPC,387.75,374.35,387.85,374.35,380.15,10247794,382.77,387.6,846,387.75,29305,
2026-04-13T13:25:22.275,NC,NTPC,387.6,374.35,387.85,374.35,380.15,10247796,382.77,387.6,763,387.75,29506,
2026-04-13T13:25:23.280,NC,NTPC,387.6,374.35,387.85,374.35,380.15,10247810,382.77,387.6,751,387.75,29504,
2026-04-13T13:25:24.391,NC,NTPC,387.75,374.35,387.85,374.35,380.15,10248987,382.77,387.65,1,387.75,28802,
2026-04-13T13:25:25.281,NC,NTPC,387.75,374.35,387.85,374.35,380.15,10249018,382.77,387.65,1,387.75,28771,
2026-04-13T13:25:26.281,NC,NTPC,387.6,374.35,387.85,374.35,380.15,10249470,382.77,387.6,111,387.75,28529,
2026-04-13T13:25:28.281,NC,NTPC,387.75,374.35,387.85,374.35,380.15,10250020,382.77,387.6,111,387.75,28141,
2026-04-13T13:25:29.200,NC,NTPC,387.6,374.35,387.85,374.35,380.15,10250225,382.77,387.6,7,387.75,28203,
2026-04-13T13:25:31.185,NC,NTPC,387.6,374.35,387.85,374.35,380.15,10250303,382.77,387.5,2248,387.6,7,
2026-04-13T13:25:32.193,NC,NTPC,387.6,374.35,387.85,374.35,380.15,10250395,382.77,387.5,2209,387.6,6,
2026-04-13T13:25:33.092,NC,NTPC,387.5,374.35,387.85,374.35,380.15,10250418,382.77,387.55,1334,387.75,28519,
2026-04-13T13:25:34.214,NC,NTPC,387.65,374.35,387.85,374.35,380.15,10250676,382.77,387.55,1845,387.7,311,
2026-04-13T13:25:35.195,NC,NTPC,387.7,374.35,387.85,374.35,380.15,10250684,382.77,387.55,1845,387.7,303,
2026-04-13T13:25:40.111,NC,NTPC,387.7,374.35,387.85,374.35,380.15,10252025,382.77,387.6,3,387.7,92,
2026-04-13T13:25:45.031,NC,NTPC,387.6,374.35,387.85,374.35,380.15,10252801,382.77,387.5,230,387.6,6,
2026-04-13T13:25:49.831,NC,NTPC,387.5,374.35,387.85,374.35,380.15,10252990,382.77,387.5,65,387.6,22,
2026-04-13T13:25:54.348,NC,NTPC,387.5,374.35,387.85,374.35,380.15,10254821,382.77,387.45,297,387.5,6,
2026-04-13T13:25:58.547,NC,NTPC,387.5,374.35,387.85,374.35,380.15,10256502,382.77,387.45,145,387.5,7,
2026-04-13T13:26:03.045,NC,NTPC,387.5,374.35,387.85,374.35,380.15,10256739,382.78,387.45,3,387.5,789,
2026-04-13T13:26:07.542,NC,NTPC,387.45,374.35,387.85,374.35,380.15,10256778,382.78,387.4,768,387.45,15,
2026-04-13T13:26:12.053,NC,NTPC,387.5,374.35,387.85,374.35,380.15,10259348,382.78,387.45,25,387.5,2220,
2026-04-13T13:26:16.951,NC,NTPC,387.3,374.35,387.85,374.35,380.15,10260414,382.78,387.3,2149,387.5,1226,
2026-04-13T13:26:21.659,NC,NTPC,387.5,374.35,387.85,374.35,380.15,10261762,382.78,387.5,274,387.55,2057,
2026-04-13T13:26:25.968,NC,NTPC,387.55,374.35,387.85,374.35,380.15,10263447,382.78,387.4,161,387.55,475,
2026-04-13T13:26:30.366,NC,NTPC,387.55,374.35,387.85,374.35,380.15,10264711,382.78,387.35,261,387.55,1445,
2026-04-13T13:26:34.580,NC,NTPC,387.35,374.35,387.85,374.35,380.15,10264990,382.78,387.35,1518,387.55,797,
2026-04-13T13:26:37.274,NC,NTPC,387.55,374.35,387.85,374.35,380.15,10264998,382.78,387.35,1868,387.55,844,
2026-04-13T13:26:38.276,NC,NTPC,387.35,374.35,387.85,374.35,380.15,10266000,382.78,387.35,526,387.55,1795,
2026-04-13T13:26:39.371,NC,NTPC,387.5,374.35,387.85,374.35,380.15,10267169,382.78,387.35,1,387.5,1607,
2026-04-13T13:26:40.371,NC,NTPC,387.5,374.35,387.85,374.35,380.15,10267170,382.78,387.4,3,387.5,1774,
2026-04-13T13:26:41.278,NC,NTPC,387.5,374.35,387.85,374.35,380.15,10267529,382.78,387.4,3,387.5,156,
2026-04-13T13:26:42.278,NC,NTPC,387.5,374.35,387.85,374.35,380.15,10267530,382.78,387.4,3,387.5,155,
2026-04-13T13:26:43.281,NC,NTPC,387.5,374.35,387.85,374.35,380.15,10267539,382.78,387.45,2,387.5,148,
2026-04-13T13:26:44.290,NC,NTPC,387.45,374.35,387.85,374.35,380.15,10267559,382.78,387.4,1,387.45,6,
2026-04-13T13:26:45.289,NC,NTPC,387.45,374.35,387.85,374.35,380.15,10267565,382.78,387.4,1,387.45,6,
2026-04-13T13:26:46.385,NC,NTPC,387.45,374.35,387.85,374.35,380.15,10267589,382.78,387.4,1,387.45,14,
2026-04-13T13:26:47.486,NC,NTPC,387.45,374.35,387.85,374.35,380.15,10267590,382.78,387.4,1,387.45,23,
2026-04-13T13:26:49.586,NC,NTPC,387.4,374.35,387.85,374.35,380.15,10267692,382.78,387.35,751,387.4,4,
2026-04-13T13:26:50.596,NC,NTPC,387.35,374.35,387.85,374.35,380.15,10267743,382.78,387.35,711,387.4,6,
2026-04-13T13:26:51.690,NC,NTPC,387.35,374.35,387.85,374.35,380.15,10267791,382.78,387.35,664,387.4,6,
2026-04-13T13:26:52.929,NC,NTPC,387.4,374.35,387.85,374.35,380.15,10267880,382.78,387.35,642,387.4,8,
2026-04-13T13:26:53.892,NC,NTPC,387.35,374.35,387.85,374.35,380.15,10267965,382.78,387.35,567,387.4,2,
2026-04-13T13:26:54.889,NC,NTPC,387.5,374.35,387.85,374.35,380.15,10268995,382.78,387.45,13,387.5,123,
2026-04-13T13:26:55.796,NC,NTPC,387.5,374.35,387.85,374.35,380.15,10269000,382.78,387.45,13,387.5,119,
2026-04-13T13:26:57.105,NC,NTPC,387.55,374.35,387.85,374.35,380.15,10269219,382.78,387.5,10,387.55,1266,
2026-04-13T13:26:58.095,NC,NTPC,387.55,374.35,387.85,374.35,380.15,10269343,382.78,387.5,10,387.55,727,
2026-04-13T13:26:59.095,NC,NTPC,387.55,374.35,387.85,374.35,380.15,10269402,382.78,387.5,26,387.55,825,
2026-04-13T13:27:00.124,NC,NTPC,387.4,374.35,387.85,374.35,380.15,10269484,382.78,387.4,745,387.55,1440,
2026-04-13T13:27:01.100,NC,NTPC,387.5,374.35,387.85,374.35,380.15,10269586,382.78,387.5,2,387.55,606,
2026-04-13T13:27:03.103,NC,NTPC,387.55,374.35,387.85,374.35,380.15,10270306,382.78,387.5,3,387.55,94,
2026-04-13T13:27:04.110,NC,NTPC,387.5,374.35,387.85,374.35,380.15,10270330,382.78,387.45,778,387.5,6,
2026-04-13T13:27:05.022,NC,NTPC,387.45,374.35,387.85,374.35,380.15,10270465,382.78,387.5,1,387.55,22,
2026-04-13T13:27:06.112,NC,NTPC,387.55,374.35,387.85,374.35,380.15,10270802,382.78,387.5,134,387.55,99,
2026-04-13T13:27:08.116,NC,NTPC,387.55,374.35,387.85,374.35,380.15,10270804,382.78,387.5,134,387.55,107,
2026-04-13T13:27:09.132,NC,NTPC,387.5,374.35,387.85,374.35,380.15,10270858,382.78,387.5,147,387.55,138,
2026-04-13T13:27:10.009,NC,NTPC,387.6,374.35,387.85,374.35,380.15,10271891,382.78,387.55,13,387.6,1221,
2026-04-13T13:27:11.008,NC,NTPC,387.6,374.35,387.85,374.35,380.15,10272239,382.78,387.5,61,387.6,1834,
2026-04-13T13:27:12.011,NC,NTPC,387.6,374.35,387.85,374.35,380.15,10272557,382.78,387.5,67,387.6,1173,
2026-04-13T13:27:13.012,NC,NTPC,387.6,374.35,387.85,374.35,380.15,10272724,382.78,387.55,261,387.6,365,
2026-04-13T13:27:14.018,NC,NTPC,387.55,374.35,387.85,374.35,380.15,10272939,382.78,387.5,134,387.55,6,
2026-04-13T13:27:14.914,NC,NTPC,387.55,374.35,387.85,374.35,380.15,10272947,382.78,387.5,134,387.55,6,
2026-04-13T13:27:15.914,NC,NTPC,387.55,374.35,387.85,374.35,380.15,10273013,382.78,387.55,206,387.6,416,
2026-04-13T13:27:16.922,NC,NTPC,387.6,374.35,387.85,374.35,380.15,10273080,382.78,387.55,206,387.6,184,
2026-04-13T13:27:17.915,NC,NTPC,387.65,374.35,387.85,374.35,380.15,10273714,382.78,387.55,191,387.65,1919,
2026-04-13T13:27:18.920,NC,NTPC,387.55,374.35,387.85,374.35,380.15,10274803,382.78,387.55,7,387.65,745,
2026-04-13T13:27:20.821,NC,NTPC,387.65,374.35,387.85,374.35,380.15,10275205,382.78,387.5,659,387.65,1240,
2026-04-13T13:27:21.824,NC,NTPC,387.6,374.35,387.85,374.35,380.15,10275206,382.78,387.5,843,387.65,108,
2026-04-13T13:27:22.822,NC,NTPC,387.65,374.35,387.85,374.35,380.15,10275208,382.78,387.5,843,387.65,106,
2026-04-13T13:27:23.824,NC,NTPC,387.5,374.35,387.85,374.35,380.15,10275723,382.78,387.5,871,387.65,44,
2026-04-13T13:27:24.823,NC,NTPC,387.65,374.35,387.85,374.35,380.15,10276840,382.78,387.65,4,387.7,795,
2026-04-13T13:27:25.835,NC,NTPC,387.7,374.35,387.85,374.35,380.15,10276851,382.78,387.65,4,387.7,688,
2026-04-13T13:27:26.832,NC,NTPC,387.65,374.35,387.85,374.35,380.15,10277120,382.78,387.65,3,387.7,1183,
2026-04-13T13:27:27.746,NC,NTPC,387.7,374.35,387.85,374.35,380.15,10277131,382.78,387.55,1,387.7,2383,
2026-04-13T13:27:28.729,NC,NTPC,387.55,374.35,387.85,374.35,380.15,10277239,382.78,387.5,552,387.55,5,
2026-04-13T13:27:30.732,NC,NTPC,387.55,374.35,387.85,374.35,380.15,10277312,382.78,387.5,536,387.55,6,
2026-04-13T13:27:31.733,NC,NTPC,387.55,374.35,387.85,374.35,380.15,10277438,382.78,387.5,585,387.55,7,
2026-04-13T13:27:33.642,NC,NTPC,387.5,374.35,387.85,374.35,380.15,10277501,382.78,387.5,1769,387.7,1207,
2026-04-13T13:27:35.645,NC,NTPC,387.55,374.35,387.85,374.35,380.15,10277515,382.78,387.5,1160,387.55,1,
2026-04-13T13:27:36.644,NC,NTPC,387.7,374.35,387.85,374.35,380.15,10277915,382.78,387.5,1160,387.7,1225,
2026-04-13T13:27:37.644,NC,NTPC,387.65,374.35,387.85,374.35,380.15,10277918,382.78,387.5,1197,387.7,1140,
2026-04-13T13:27:38.645,NC,NTPC,387.5,374.35,387.85,374.35,380.15,10277976,382.78,387.5,1371,387.55,1,
2026-04-13T13:27:39.745,NC,NTPC,387.7,374.35,387.85,374.35,380.15,10279010,382.79,387.65,103,387.7,1106,
2026-04-13T13:27:40.644,NC,NTPC,387.65,374.35,387.85,374.35,380.15,10279022,382.79,387.65,121,387.7,1102,
2026-04-13T13:27:41.746,NC,NTPC,387.7,374.35,387.85,374.35,380.15,10279270,382.79,387.65,121,387.7,716,
2026-04-13T13:27:42.745,NC,NTPC,387.7,374.35,387.85,374.35,380.15,10279383,382.79,387.65,115,387.7,513,
2026-04-13T13:27:43.870,NC,NTPC,387.65,374.35,387.85,374.35,380.15,10279454,382.79,387.65,60,387.7,433,
2026-04-13T13:27:44.851,NC,NTPC,387.7,374.35,387.85,374.35,380.15,10279554,382.79,387.65,60,387.7,333,
2026-04-13T13:27:45.852,NC,NTPC,387.5,374.35,387.85,374.35,380.15,10279651,382.79,387.5,1333,387.7,783,
2026-04-13T13:27:46.865,NC,NTPC,387.5,374.35,387.85,374.35,380.15,10279700,382.79,387.5,1488,387.7,783,
2026-04-13T13:27:48.853,NC,NTPC,387.6,374.35,387.85,374.35,380.15,10279823,382.79,387.5,150,387.6,1623,
2026-04-13T13:27:50.957,NC,NTPC,387.4,374.35,387.85,374.35,380.15,10280027,382.79,387.4,2596,387.6,2008,
2026-04-13T13:27:51.965,NC,NTPC,387.4,374.35,387.85,374.35,380.15,10280119,382.79,387.4,2504,387.6,2007,
2026-04-13T13:27:52.960,NC,NTPC,387.6,374.35,387.85,374.35,380.15,10280222,382.79,387.4,2504,387.6,1904,
2026-04-13T13:27:53.866,NC,NTPC,387.4,374.35,387.85,374.35,380.15,10280276,382.79,387.4,2450,387.6,1905,
2026-04-13T13:27:54.866,NC,NTPC,387.6,374.35,387.85,374.35,380.15,10281424,382.79,387.45,122,387.6,1119,
2026-04-13T13:27:55.964,NC,NTPC,387.6,374.35,387.85,374.35,380.15,10281436,382.79,387.45,2,387.6,2138,
2026-04-13T13:27:57.066,NC,NTPC,387.6,374.35,387.85,374.35,380.15,10281697,382.79,387.45,2,387.6,1970,
2026-04-13T13:27:57.976,NC,NTPC,387.45,374.35,387.85,374.35,380.15,10281698,382.79,387.45,1,387.6,1805,
2026-04-13T13:27:59.066,NC,NTPC,387.45,374.35,387.85,374.35,380.15,10281849,382.79,387.45,327,387.6,791,
2026-04-13T13:28:00.972,NC,NTPC,387.6,374.35,387.85,374.35,380.15,10281949,382.79,387.55,3,387.6,287,
2026-04-13T13:28:02.070,NC,NTPC,387.6,374.35,387.85,374.35,380.15,10282006,382.79,387.55,3,387.6,381,
2026-04-13T13:28:02.977,NC,NTPC,387.45,374.35,387.85,374.35,380.15,10282116,382.79,387.45,709,387.6,336,
2026-04-13T13:28:04.075,NC,NTPC,387.45,374.35,387.85,374.35,380.15,10282215,382.79,387.5,1,387.6,290,
2026-04-13T13:28:05.084,NC,NTPC,387.6,374.35,387.85,374.35,380.15,10282392,382.79,387.45,456,387.6,244,
2026-04-13T13:28:05.985,NC,NTPC,387.45,374.35,387.85,374.35,380.15,10282455,382.79,387.45,463,387.6,209,
2026-04-13T13:28:07.079,NC,NTPC,387.6,374.35,387.85,374.35,380.15,10282500,382.79,387.55,1,387.6,174,
2026-04-13T13:28:08.080,NC,NTPC,387.6,374.35,387.85,374.35,380.15,10282547,382.79,387.55,1,387.6,127,
2026-04-13T13:28:09.179,NC,NTPC,387.55,374.35,387.85,374.35,380.15,10282739,382.79,387.45,63,387.55,6,
2026-04-13T13:28:10.182,NC,NTPC,387.65,374.35,387.85,374.35,380.15,10283836,382.79,387.6,11,387.65,1505,
2026-04-13T13:28:11.180,NC,NTPC,387.65,374.35,387.85,374.35,380.15,10283886,382.79,387.6,11,387.65,1455,
2026-04-13T13:28:12.097,NC,NTPC,387.65,374.35,387.85,374.35,380.15,10284135,382.79,387.6,11,387.65,1103,
2026-04-13T13:28:13.087,NC,NTPC,387.65,374.35,387.85,374.35,380.15,10284300,382.79,387.45,1556,387.65,769,
2026-04-13T13:28:14.198,NC,NTPC,387.65,374.35,387.85,374.35,380.15,10284445,382.79,387.45,711,387.6,229,
2026-04-13T13:28:15.307,NC,NTPC,387.6,374.35,387.85,374.35,380.15,10284597,382.79,387.45,497,387.6,8,
2026-04-13T13:28:16.411,NC,NTPC,387.65,374.35,387.85,374.35,380.15,10284642,382.79,387.55,4,387.65,971,
2026-04-13T13:28:17.392,NC,NTPC,387.65,374.35,387.85,374.35,380.15,10284788,382.79,387.55,4,387.65,831,
2026-04-13T13:28:18.392,NC,NTPC,387.55,374.35,387.85,374.35,380.15,10284834,382.79,387.55,3,387.65,786,
2026-04-13T13:28:19.316,NC,NTPC,387.55,374.35,387.85,374.35,380.15,10284908,382.79,387.45,527,387.55,7,
2026-04-13T13:28:20.401,NC,NTPC,387.5,374.35,387.85,374.35,380.15,10284971,382.79,387.5,3,387.65,469,
2026-04-13T13:28:21.398,NC,NTPC,387.65,374.35,387.85,374.35,380.15,10285016,382.79,387.5,3,387.65,950,
2026-04-13T13:28:22.502,NC,NTPC,387.65,374.35,387.85,374.35,380.15,10285068,382.79,387.5,56,387.65,1506,
2026-04-13T13:28:23.446,NC,NTPC,387.65,374.35,387.85,374.35,380.15,10285122,382.79,387.55,3,387.65,1822,
2026-04-13T13:28:24.500,NC,NTPC,387.65,374.35,387.85,374.35,380.15,10286263,382.79,387.65,9,387.7,3931,
2026-04-13T13:28:25.503,NC,NTPC,387.7,374.35,387.85,374.35,380.15,10286414,382.79,387.65,9,387.7,3690,
2026-04-13T13:28:26.603,NC,NTPC,387.7,374.35,387.85,374.35,380.15,10286882,382.79,387.65,9,387.7,3232,
2026-04-13T13:28:27.610,NC,NTPC,387.7,374.35,387.85,374.35,380.15,10287125,382.79,387.65,25,387.7,2989,
2026-04-13T13:28:28.719,NC,NTPC,387.65,374.35,387.85,374.35,380.15,10287196,382.79,387.55,115,387.65,6,
2026-04-13T13:28:29.803,NC,NTPC,387.7,374.35,387.85,374.35,380.15,10287241,382.79,387.6,1,387.7,3207,
2026-04-13T13:28:30.802,NC,NTPC,387.6,374.35,387.85,374.35,380.15,10287293,382.79,387.55,2190,387.6,7,
2026-04-13T13:28:31.906,NC,NTPC,387.55,374.35,387.85,374.35,380.15,10287453,382.79,387.55,2046,387.6,129,
2026-04-13T13:28:33.011,NC,NTPC,387.6,374.35,387.85,374.35,380.15,10287712,382.79,387.55,1647,387.6,77,
2026-04-13T13:28:34.105,NC,NTPC,387.7,374.35,387.85,374.35,380.15,10289101,382.79,387.6,170,387.7,2217,
2026-04-13T13:28:35.206,NC,NTPC,387.65,374.35,387.85,374.35,380.15,10289155,382.79,387.6,170,387.65,16,
2026-04-13T13:28:36.317,NC,NTPC,387.65,374.35,387.85,374.35,380.15,10289204,382.79,387.5,865,387.65,1546,
2026-04-13T13:28:37.306,NC,NTPC,387.65,374.35,387.85,374.35,380.15,10289258,382.79,387.5,1091,387.6,1,
2026-04-13T13:28:38.314,NC,NTPC,387.65,374.35,387.85,374.35,380.15,10289305,382.79,387.5,1091,387.65,505,
2026-04-13T13:28:39.313,NC,NTPC,387.65,374.35,387.85,374.35,380.15,10289404,382.79,387.5,1037,387.65,716,
2026-04-13T13:28:40.312,NC,NTPC,387.65,374.35,387.85,374.35,380.15,10290601,382.79,387.55,3,387.65,1098,
2026-04-13T13:28:41.411,NC,NTPC,387.65,374.35,387.85,374.35,380.15,10291038,382.79,387.5,1151,387.65,75,
2026-04-13T13:28:42.420,NC,NTPC,387.7,374.35,387.85,374.35,380.15,10291333,382.79,387.5,1132,387.7,2135,
2026-04-13T13:28:43.522,NC,NTPC,387.65,374.35,387.85,374.35,380.15,10291389,382.79,387.5,1109,387.65,246,
2026-04-13T13:28:44.627,NC,NTPC,387.65,374.35,387.85,374.35,380.15,10291488,382.79,387.5,462,387.65,259,
2026-04-13T13:28:45.628,NC,NTPC,387.5,374.35,387.85,374.35,380.15,10291552,382.79,387.5,448,387.65,208,
2026-04-13T13:28:46.728,NC,NTPC,387.65,374.35,387.85,374.35,380.15,10291597,382.79,387.6,4,387.65,721,
2026-04-13T13:28:47.826,NC,NTPC,387.6,374.35,387.85,374.35,380.15,10291646,382.79,387.6,4,387.65,712,
2026-04-13T13:28:48.930,NC,NTPC,387.5,374.35,387.85,374.35,380.15,10291812,382.79,387.5,269,387.6,6,
2026-04-13T13:28:50.036,NC,NTPC,387.65,374.35,387.85,374.35,380.15,10291869,382.79,387.55,100,387.65,413,
2026-04-13T13:28:51.034,NC,NTPC,387.55,374.35,387.85,374.35,380.15,10291931,382.79,387.55,84,387.65,366,
2026-04-13T13:28:52.137,NC,NTPC,387.65,374.35,387.85,374.35,380.15,10292288,382.79,387.5,190,387.65,201,
2026-04-13T13:28:53.240,NC,NTPC,387.6,374.35,387.85,374.35,380.15,10292337,382.79,387.5,143,387.6,356,
2026-04-13T13:28:54.338,NC,NTPC,387.6,374.35,387.85,374.35,380.15,10292436,382.79,387.5,89,387.6,311,
2026-04-13T13:28:55.443,NC,NTPC,387.6,374.35,387.85,374.35,380.15,10293512,382.79,387.6,14,387.65,1003,
2026-04-13T13:28:56.550,NC,NTPC,387.65,374.35,387.85,374.35,380.15,10293911,382.79,387.6,13,387.65,467,
2026-04-13T13:28:57.641,NC,NTPC,387.7,374.35,387.85,374.35,380.15,10294616,382.79,387.6,1,387.7,1809,
2026-04-13T13:28:58.741,NC,NTPC,387.6,374.35,387.85,374.35,380.15,10294710,382.79,387.5,1173,387.6,6,
2026-04-13T13:28:59.846,NC,NTPC,387.65,374.35,387.85,374.35,380.15,10294801,382.79,387.55,3,387.65,6,
2026-04-13T13:29:00.941,NC,NTPC,387.7,374.35,387.85,374.35,380.15,10294891,382.79,387.65,3,387.7,1124,
2026-04-13T13:29:02.041,NC,NTPC,387.7,374.35,387.85,374.35,380.15,10294936,382.79,387.65,3,387.7,1583,
2026-04-13T13:29:03.142,NC,NTPC,387.7,374.35,387.85,374.35,380.15,10295111,382.79,387.65,6,387.7,1220,
2026-04-13T13:29:04.045,NC,NTPC,387.7,374.35,387.85,374.35,380.15,10295203,382.79,387.6,2,387.7,1452,
2026-04-13T13:29:05.170,NC,NTPC,387.7,374.35,387.85,374.35,380.15,10295360,382.79,387.6,2,387.7,1375,
2026-04-13T13:29:06.244,NC,NTPC,387.7,374.35,387.85,374.35,380.15,10295410,382.79,387.6,3,387.7,1389,
2026-04-13T13:29:07.247,NC,NTPC,387.7,374.35,387.85,374.35,380.15,10295455,382.79,387.6,3,387.65,100,
2026-04-13T13:29:08.247,NC,NTPC,387.65,374.35,387.85,374.35,380.15,10295503,382.79,387.6,3,387.65,52,
2026-04-13T13:29:09.249,NC,NTPC,387.5,374.35,387.85,374.35,380.15,10295570,382.79,387.5,1280,387.65,51,
2026-04-13T13:29:10.365,NC,NTPC,387.7,374.35,387.85,374.35,380.15,10296733,382.79,387.65,4,387.7,803,
2026-04-13T13:29:11.351,NC,NTPC,387.7,374.35,387.85,374.35,380.15,10297370,382.79,387.6,10,387.7,411,
2026-04-13T13:29:12.363,NC,NTPC,387.7,374.35,387.85,374.35,380.15,10297415,382.79,387.6,10,387.7,287,
2026-04-13T13:29:13.359,NC,NTPC,387.5,374.35,387.85,374.35,380.15,10297861,382.79,387.55,52,387.7,783,
2026-04-13T13:29:14.454,NC,NTPC,387.5,374.35,387.85,374.35,380.15,10298180,382.79,387.5,1216,387.7,746,
2026-04-13T13:29:15.570,NC,NTPC,387.65,374.35,387.85,374.35,380.15,10298233,382.79,387.5,1178,387.65,122,
2026-04-13T13:29:16.569,NC,NTPC,387.65,374.35,387.85,374.35,380.15,10298278,382.79,387.6,4,387.65,1,
2026-04-13T13:29:17.498,NC,NTPC,387.7,374.35,387.85,374.35,380.15,10298323,382.79,387.6,4,387.7,1327,
2026-04-13T13:29:18.581,NC,NTPC,387.6,374.35,387.85,374.35,380.15,10298392,382.79,387.5,605,387.6,6,
2026-04-13T13:29:19.682,NC,NTPC,387.7,374.35,387.85,374.35,380.15,10298507,382.79,387.5,1194,387.7,1314,
2026-04-13T13:29:20.681,NC,NTPC,387.65,374.35,387.85,374.35,380.15,10298907,382.79,387.45,1236,387.65,928,
2026-04-13T13:29:21.587,NC,NTPC,387.6,374.35,387.85,374.35,380.15,10298908,382.79,387.45,1236,387.65,1477,
2026-04-13T13:29:22.590,NC,NTPC,387.65,374.35,387.85,374.35,380.15,10298955,382.79,387.45,1236,387.65,1430,
2026-04-13T13:29:23.700,NC,NTPC,387.65,374.35,387.85,374.35,380.15,10299100,382.79,387.45,951,387.65,1865,
2026-04-13T13:29:24.713,NC,NTPC,387.65,374.35,387.85,374.35,380.15,10300294,382.8,387.45,951,387.65,1369,
2026-04-13T13:29:25.690,NC,NTPC,387.65,374.35,387.85,374.35,380.15,10300349,382.8,387.45,951,387.65,1663,
2026-04-13T13:29:26.791,NC,NTPC,387.6,374.35,387.85,374.35,380.15,10300643,382.8,387.45,548,387.6,77,
2026-04-13T13:29:27.891,NC,NTPC,387.6,374.35,387.85,374.35,380.15,10300688,382.8,387.45,548,387.6,33,
2026-04-13T13:29:28.991,NC,NTPC,387.65,374.35,387.85,374.35,380.15,10300888,382.8,387.45,495,387.6,500,
2026-04-13T13:29:30.107,NC,NTPC,387.6,374.35,387.85,374.35,380.15,10300933,382.8,387.45,495,387.6,455,
2026-04-13T13:29:31.196,NC,NTPC,387.55,374.35,387.85,374.35,380.15,10300994,382.8,387.55,3,387.6,410,
2026-04-13T13:29:32.300,NC,NTPC,387.6,374.35,387.85,374.35,380.15,10301131,382.8,387.45,360,387.6,890,
2026-04-13T13:29:33.302,NC,NTPC,387.6,374.35,387.85,374.35,380.15,10301176,382.8,387.45,400,387.6,838,
2026-04-13T13:29:34.329,NC,NTPC,387.6,374.35,387.85,374.35,380.15,10301275,382.8,387.45,346,387.6,794,
2026-04-13T13:29:35.301,NC,NTPC,387.6,374.35,387.85,374.35,380.15,10301328,382.8,387.45,306,387.6,741,
2026-04-13T13:29:36.306,NC,NTPC,387.6,374.35,387.85,374.35,380.15,10301377,382.8,387.45,342,387.6,697,
2026-04-13T13:29:37.406,NC,NTPC,387.6,374.35,387.85,374.35,380.15,10301522,382.8,387.45,342,387.6,552,
2026-04-13T13:29:38.306,NC,NTPC,387.6,374.35,387.85,374.35,380.15,10301569,382.8,387.45,342,387.6,505,
2026-04-13T13:29:39.407,NC,NTPC,387.65,374.35,387.85,374.35,380.15,10302699,382.8,387.6,13,387.65,614,
2026-04-13T13:29:40.514,NC,NTPC,387.65,374.35,387.85,374.35,380.15,10304604,382.8,387.6,5,387.7,7871,
2026-04-13T13:29:41.615,NC,NTPC,387.7,374.35,387.85,374.35,380.15,10304852,382.8,387.6,5,387.7,9348,
2026-04-13T13:29:42.615,NC,NTPC,387.7,374.35,387.85,374.35,380.15,10304869,382.8,387.6,13,387.65,2,
2026-04-13T13:29:43.617,NC,NTPC,387.6,374.35,387.85,374.35,380.15,10304920,382.8,387.5,1555,387.6,6,
2026-04-13T13:29:44.718,NC,NTPC,387.7,374.35,387.85,374.35,380.15,10305020,382.8,387.5,1490,387.7,8938,
2026-04-13T13:29:45.719,NC,NTPC,387.7,374.35,387.85,374.35,380.15,10305026,382.8,387.5,1490,387.7,8932,
2026-04-13T13:29:46.827,NC,NTPC,387.65,374.35,387.85,374.35,380.15,10305029,382.8,387.65,4,387.7,8790,
2026-04-13T13:29:47.921,NC,NTPC,387.7,374.35,387.85,374.35,380.15,10305031,382.8,387.65,4,387.7,8788,
2026-04-13T13:29:48.924,NC,NTPC,387.65,374.35,387.85,374.35,380.15,10305052,382.8,387.55,53,387.65,3,
2026-04-13T13:29:50.927,NC,NTPC,387.55,374.35,387.85,374.35,380.15,10305121,382.8,387.55,526,387.65,3,
2026-04-13T13:29:51.980,NC,NTPC,387.55,374.35,387.85,374.35,380.15,10305212,382.8,387.55,404,387.65,3,
2026-04-13T13:29:52.828,NC,NTPC,387.65,374.35,387.85,374.35,380.15,10305361,382.8,387.55,359,387.7,8922,
2026-04-13T13:29:53.831,NC,NTPC,387.55,374.35,387.85,374.35,380.15,10305460,382.8,387.55,260,387.65,1,
2026-04-13T13:29:54.841,NC,NTPC,387.55,374.35,387.85,374.35,380.15,10306653,382.8,387.55,567,387.7,7181,
2026-04-13T13:29:55.937,NC,NTPC,387.7,374.35,387.85,374.35,380.15,10306710,382.8,387.55,346,387.7,7169,
2026-04-13T13:29:56.843,NC,NTPC,387.55,374.35,387.85,374.35,380.15,10307003,382.8,387.55,477,387.7,6921,
2026-04-13T13:29:57.942,NC,NTPC,387.55,374.35,387.85,374.35,380.15,10307048,382.8,387.55,432,387.65,1,
2026-04-13T13:29:58.940,NC,NTPC,387.55,374.35,387.85,374.35,380.15,10307215,382.8,387.5,1107,387.65,1,
2026-04-13T13:29:59.942,NC,NTPC,387.55,374.35,387.85,374.35,380.15,10307260,382.8,387.55,42,387.65,1,
2026-04-13T13:30:00.951,NC,NTPC,387.7,374.35,387.85,374.35,380.15,10307464,382.8,387.65,3,387.7,7909,
2026-04-13T13:30:02.048,NC,NTPC,387.55,374.35,387.85,374.35,380.15,10307510,382.8,387.55,9,387.7,7857,
2026-04-13T13:30:03.153,NC,NTPC,387.7,374.35,387.85,374.35,380.15,10307569,382.8,387.55,51,387.7,8262,
2026-04-13T13:30:04.165,NC,NTPC,387.65,374.35,387.85,374.35,380.15,10308369,382.8,387.5,607,387.7,7747,
2026-04-13T13:30:05.150,NC,NTPC,387.7,374.35,387.85,374.35,380.15,10308421,382.8,387.5,852,387.7,7740,
2026-04-13T13:30:06.075,NC,NTPC,387.5,374.35,387.85,374.35,380.15,10308466,382.8,387.5,1194,387.7,7740,
2026-04-13T13:30:07.159,NC,NTPC,387.5,374.35,387.85,374.35,380.15,10308511,382.8,387.5,749,387.7,7752,
2026-04-13T13:30:08.171,NC,NTPC,387.5,374.35,387.85,374.35,380.15,10308559,382.8,387.5,1765,387.7,7749,
2026-04-13T13:30:09.168,NC,NTPC,387.5,374.35,387.85,374.35,380.15,10308826,382.8,387.5,2460,387.7,7475,
2026-04-13T13:30:10.180,NC,NTPC,387.55,374.35,387.85,374.35,380.15,10310039,382.8,387.55,23,387.7,5940,
2026-04-13T13:30:11.175,NC,NTPC,387.7,374.35,387.85,374.35,380.15,10310089,382.8,387.5,1763,387.7,6012,
2026-04-13T13:30:12.197,NC,NTPC,387.5,374.35,387.85,374.35,380.15,10310505,382.8,387.5,1581,387.7,5816,
2026-04-13T13:30:13.206,NC,NTPC,387.5,374.35,387.85,374.35,380.15,10310590,382.8,387.5,1728,387.7,5761,
2026-04-13T13:30:14.061,NC,NTPC,387.5,374.35,387.85,374.35,380.15,10310690,382.8,387.5,2275,387.7,5815,
2026-04-13T13:30:14.966,NC,NTPC,387.7,374.35,387.85,374.35,380.15,10310742,382.8,387.55,22,387.7,5808,
2026-04-13T13:30:15.960,NC,NTPC,387.7,374.35,387.85,374.35,380.15,10310887,382.8,387.65,4,387.7,5695,
2026-04-13T13:30:16.966,NC,NTPC,387.5,374.35,387.85,374.35,380.15,10311034,382.8,387.5,1613,387.7,5643,
2026-04-13T13:30:17.988,NC,NTPC,387.5,374.35,387.85,374.35,380.15,10311079,382.8,387.5,1584,387.7,23221,
2026-04-13T13:30:18.873,NC,NTPC,387.55,374.35,387.85,374.35,380.15,10311313,382.8,387.55,102,387.65,1,
2026-04-13T13:30:19.869,NC,NTPC,387.55,374.35,387.85,374.35,380.15,10311378,382.8,387.6,192,387.65,534,
2026-04-13T13:30:20.777,NC,NTPC,387.6,374.35,387.85,374.35,380.15,10311491,382.8,387.6,79,387.65,534,
2026-04-13T13:30:21.892,NC,NTPC,387.6,374.35,387.85,374.35,380.15,10311537,382.8,387.55,101,387.65,540,
2026-04-13T13:30:22.804,NC,NTPC,387.55,374.35,387.85,374.35,380.15,10311585,382.8,387.55,55,387.65,538,
2026-04-13T13:30:23.890,NC,NTPC,387.5,374.35,387.85,374.35,380.15,10311684,382.8,387.5,1984,387.65,538,
2026-04-13T13:30:24.893,NC,NTPC,387.7,374.35,387.85,374.35,380.15,10312947,382.8,387.65,11,387.7,22121,
2026-04-13T13:30:25.907,NC,NTPC,387.7,374.35,387.85,374.35,380.15,10312996,382.8,387.65,4,387.7,22170,
2026-04-13T13:30:26.892,NC,NTPC,387.5,374.35,387.85,374.35,380.15,10313289,382.8,387.5,3627,387.7,21774,
2026-04-13T13:30:27.803,NC,NTPC,387.7,374.35,387.85,374.35,380.15,10313829,382.8,387.5,2673,387.7,22314,
2026-04-13T13:30:28.792,NC,NTPC,387.55,374.35,387.85,374.35,380.15,10313935,382.8,387.55,298,387.7,22069,
2026-04-13T13:30:29.793,NC,NTPC,387.6,374.35,387.85,374.35,380.15,10314117,382.8,387.6,20,387.7,21934,
2026-04-13T13:30:30.805,NC,NTPC,387.55,374.35,387.85,374.35,380.15,10314263,382.8,387.55,489,387.6,7,
2026-04-13T13:30:31.902,NC,NTPC,387.55,374.35,387.85,374.35,380.15,10314433,382.8,387.55,201,387.6,571,
2026-04-13T13:30:32.995,NC,NTPC,387.55,374.35,387.85,374.35,380.15,10315218,382.8,387.5,195,387.6,32,
2026-04-13T13:30:33.906,NC,NTPC,387.5,374.35,387.85,374.35,380.15,10315317,382.8,387.5,96,387.6,32,
2026-04-13T13:30:34.897,NC,NTPC,387.6,374.35,387.85,374.35,380.15,10315370,382.8,387.5,523,387.6,24,
2026-04-13T13:30:35.901,NC,NTPC,387.5,374.35,387.85,374.35,380.15,10315841,382.8,387.5,481,387.65,2024,
2026-04-13T13:30:37.003,NC,NTPC,387.5,374.35,387.85,374.35,380.15,10315922,382.8,387.5,400,387.6,1,
2026-04-13T13:30:37.910,NC,NTPC,387.5,374.35,387.85,374.35,380.15,10315969,382.8,387.5,355,387.6,1,
2026-04-13T13:30:39.012,NC,NTPC,387.5,374.35,387.85,374.35,380.15,10316137,382.8,387.5,187,387.6,6,
2026-04-13T13:30:40.009,NC,NTPC,387.5,374.35,387.85,374.35,380.15,10317334,382.8,387.55,3,387.65,1734,
2026-04-13T13:30:41.007,NC,NTPC,387.5,374.35,387.85,374.35,380.15,10318159,382.8,387.45,1653,387.5,332,
2026-04-13T13:30:42.007,NC,NTPC,387.5,374.35,387.85,374.35,380.15,10318536,382.8,387.5,2028,387.6,1,
2026-04-13T13:30:42.915,NC,NTPC,387.5,374.35,387.85,374.35,380.15,10318581,382.8,387.5,1573,387.6,1,
2026-04-13T13:30:43.913,NC,NTPC,387.5,374.35,387.85,374.35,380.15,10318682,382.8,387.5,1379,387.65,1,
2026-04-13T13:30:45.018,NC,NTPC,387.65,374.35,387.85,374.35,380.15,10318733,382.8,387.65,1,387.7,22886,
2026-04-13T13:30:46.011,NC,NTPC,387.7,374.35,387.85,374.35,380.15,10318902,382.8,387.5,2852,387.7,22718,
2026-04-13T13:30:46.915,NC,NTPC,387.5,374.35,387.85,374.35,380.15,10319027,382.8,387.5,1022,387.7,23104,
2026-04-13T13:30:47.919,NC,NTPC,387.5,374.35,387.85,374.35,380.15,10319072,382.8,387.5,1966,387.7,23104,
2026-04-13T13:30:48.923,NC,NTPC,387.5,374.35,387.85,374.35,380.15,10319339,382.8,387.5,422,387.65,539,
2026-04-13T13:30:49.926,NC,NTPC,387.45,374.35,387.85,374.35,380.15,10319384,382.8,387.45,2391,387.5,85,
2026-04-13T13:30:50.938,NC,NTPC,387.5,374.35,387.85,374.35,380.15,10319528,382.8,387.5,99,387.6,1,
2026-04-13T13:30:51.931,NC,NTPC,387.45,374.35,387.85,374.35,380.15,10319685,382.8,387.45,2226,387.6,1,
2026-04-13T13:30:52.930,NC,NTPC,387.65,374.35,387.85,374.35,380.15,10319738,382.8,387.45,2075,387.65,1228,
2026-04-13T13:30:53.928,NC,NTPC,387.45,374.35,387.85,374.35,380.15,10319837,382.8,387.45,1891,387.6,1,
2026-04-13T13:30:54.931,NC,NTPC,387.65,374.35,387.85,374.35,380.15,10321038,382.8,387.45,2137,387.65,1890,
2026-04-13T13:30:55.931,NC,NTPC,387.45,374.35,387.85,374.35,380.15,10321083,382.8,387.45,2274,387.65,2008,
2026-04-13T13:30:56.869,NC,NTPC,387.45,374.35,387.85,374.35,380.15,10321477,382.81,387.45,2184,387.65,1401,
2026-04-13T13:30:57.870,NC,NTPC,387.45,374.35,387.85,374.35,380.15,10321522,382.81,387.45,3227,387.6,1,
2026-04-13T13:30:58.971,NC,NTPC,387.45,374.35,387.85,374.35,380.15,10321689,382.81,387.45,1772,387.6,1,
2026-04-13T13:30:59.975,NC,NTPC,387.45,374.35,387.85,374.35,380.15,10321734,382.81,387.5,3,387.6,1,
2026-04-13T13:31:00.884,NC,NTPC,387.6,374.35,387.85,374.35,380.15,10321783,382.81,387.6,3,387.65,959,
2026-04-13T13:31:01.978,NC,NTPC,387.45,374.35,387.85,374.35,380.15,10321840,382.81,387.45,1671,387.65,1981,
2026-04-13T13:31:02.978,NC,NTPC,387.45,374.35,387.85,374.35,380.15,10321885,382.81,387.45,2151,387.65,3022,
2026-04-13T13:31:03.980,NC,NTPC,387.45,374.35,387.85,374.35,380.15,10321986,382.81,387.45,1497,387.6,604,
2026-04-13T13:31:04.978,NC,NTPC,387.6,374.35,387.85,374.35,380.15,10322139,382.81,387.45,2146,387.6,496,
2026-04-13T13:31:05.983,NC,NTPC,387.5,374.35,387.85,374.35,380.15,10322184,382.81,387.5,1455,387.6,496,
2026-04-13T13:31:06.980,NC,NTPC,387.5,374.35,387.85,374.35,380.15,10322229,382.81,387.5,1410,387.6,506,
2026-04-13T13:31:07.983,NC,NTPC,387.5,374.35,387.85,374.35,380.15,10322276,382.81,387.5,1365,387.6,504,
2026-04-13T13:31:09.005,NC,NTPC,387.5,374.35,387.85,374.35,380.15,10322445,382.81,387.5,1196,387.6,1362,
2026-04-13T13:31:09.988,NC,NTPC,387.5,374.35,387.85,374.35,380.15,10323645,382.81,387.5,1151,387.55,226,
2026-04-13T13:31:11.008,NC,NTPC,387.5,374.35,387.85,374.35,380.15,10323694,382.81,387.5,1106,387.55,879,
2026-04-13T13:31:12.179,NC,NTPC,387.5,374.35,387.85,374.35,380.15,10324179,382.81,387.5,971,387.55,307,
2026-04-13T13:31:13.178,NC,NTPC,387.5,374.35,387.85,374.35,380.15,10324324,382.81,387.5,926,387.55,207,
2026-04-13T13:31:14.193,NC,NTPC,387.5,374.35,387.85,374.35,380.15,10324423,382.81,387.5,827,387.55,207,
2026-04-13T13:31:15.183,NC,NTPC,387.55,374.35,387.85,374.35,380.15,10324475,382.81,387.5,782,387.55,200,
2026-04-13T13:31:16.071,NC,NTPC,387.5,374.35,387.85,374.35,380.15,10324572,382.81,387.5,709,387.55,176,
2026-04-13T13:31:17.067,NC,NTPC,387.5,374.35,387.85,374.35,380.15,10324617,382.81,387.5,664,387.6,1681,
2026-04-13T13:31:18.071,NC,NTPC,387.5,374.35,387.85,374.35,380.15,10324673,382.81,387.5,617,387.6,2170,
2026-04-13T13:31:19.074,NC,NTPC,387.5,374.35,387.85,374.35,380.15,10325295,382.81,387.45,589,387.5,50,
2026-04-13T13:31:20.100,NC,NTPC,387.45,374.35,387.85,374.35,380.15,10325340,382.81,387.45,547,387.5,50,
2026-04-13T13:31:20.992,NC,NTPC,387.45,374.35,387.85,374.35,380.15,10325486,382.81,387.45,502,387.5,241,
2026-04-13T13:31:21.993,NC,NTPC,387.45,374.35,387.85,374.35,380.15,10325531,382.81,387.45,457,387.5,241,
2026-04-13T13:31:22.903,NC,NTPC,387.45,374.35,387.85,374.35,380.15,10325579,382.81,387.45,412,387.5,1360,
2026-04-13T13:31:23.998,NC,NTPC,387.45,374.35,387.85,374.35,380.15,10325678,382.81,387.45,313,387.5,1731,
2026-04-13T13:31:24.899,NC,NTPC,387.5,374.35,387.85,374.35,380.15,10326877,382.81,387.45,268,387.5,487,
2026-04-13T13:31:25.900,NC,NTPC,387.45,374.35,387.85,374.35,380.15,10326927,382.81,387.45,222,387.5,482,
2026-04-13T13:31:26.801,NC,NTPC,387.45,374.35,387.85,374.35,380.15,10327320,382.81,387.45,97,387.5,244,
2026-04-13T13:31:27.803,NC,NTPC,387.45,374.35,387.85,374.35,380.15,10327370,382.81,387.45,47,387.5,244,
2026-04-13T13:31:28.807,NC,NTPC,387.4,374.35,387.85,374.35,380.15,10327584,382.81,387.4,67,387.45,6,
2026-04-13T13:31:29.803,NC,NTPC,387.4,374.35,387.85,374.35,380.15,10327629,382.81,387.4,21,387.45,6,
2026-04-13T13:31:30.809,NC,NTPC,387.35,374.35,387.85,374.35,380.15,10327674,382.81,387.35,125,387.45,6,
2026-04-13T13:31:31.818,NC,NTPC,387.35,374.35,387.85,374.35,380.15,10328234,382.81,387.35,43,387.45,7,
2026-04-13T13:31:32.812,NC,NTPC,387.3,374.35,387.85,374.35,380.15,10328280,382.81,387.3,3075,387.45,6,
2026-04-13T13:31:33.811,NC,NTPC,387.3,374.35,387.85,374.35,380.15,10328435,382.81,387.3,2017,387.45,1,
2026-04-13T13:31:34.709,NC,NTPC,387.3,374.35,387.85,374.35,380.15,10328481,382.81,387.3,2087,387.45,2,
2026-04-13T13:31:35.806,NC,NTPC,387.3,374.35,387.85,374.35,380.15,10328547,382.81,387.3,2203,387.5,911,
2026-04-13T13:31:36.815,NC,NTPC,387.3,374.35,387.85,374.35,380.15,10328692,382.81,387.35,74,387.5,812,
2026-04-13T13:31:37.810,NC,NTPC,387.35,374.35,387.85,374.35,380.15,10328740,382.81,387.35,73,387.5,809,
2026-04-13T13:31:38.808,NC,NTPC,387.3,374.35,387.85,374.35,380.15,10328853,382.81,387.3,1871,387.5,810,
2026-04-13T13:31:39.729,NC,NTPC,387.35,374.35,387.85,374.35,380.15,10330050,382.81,387.35,88,387.5,307,
2026-04-13T13:31:40.808,NC,NTPC,387.35,374.35,387.85,374.35,380.15,10330211,382.81,387.35,854,387.4,7,
2026-04-13T13:31:41.710,NC,NTPC,387.4,374.35,387.85,374.35,380.15,10330320,382.81,387.4,25,387.5,783,
2026-04-13T13:31:42.908,NC,NTPC,387.35,374.35,387.85,374.35,380.15,10330545,382.81,387.35,1994,387.5,783,
2026-04-13T13:31:43.812,NC,NTPC,387.4,374.35,387.85,374.35,380.15,10330644,382.81,387.4,1455,387.5,783,
2026-04-13T13:31:44.715,NC,NTPC,387.4,374.35,387.85,374.35,380.15,10330789,382.81,387.4,1410,387.5,804,
2026-04-13T13:31:45.738,NC,NTPC,387.4,374.35,387.85,374.35,380.15,10330840,382.81,387.4,1365,387.5,798,
2026-04-13T13:31:46.815,NC,NTPC,387.4,374.35,387.85,374.35,380.15,10330909,382.81,387.4,1320,387.5,875,
2026-04-13T13:31:47.816,NC,NTPC,387.4,374.35,387.85,374.35,380.15,10330958,382.81,387.4,1271,387.5,875,
2026-04-13T13:31:48.817,NC,NTPC,387.4,374.35,387.85,374.35,380.15,10331225,382.81,387.4,1004,387.5,875,
2026-04-13T13:31:49.915,NC,NTPC,387.4,374.35,387.85,374.35,380.15,10331470,382.81,387.4,759,387.5,875,
2026-04-13T13:31:50.915,NC,NTPC,387.4,374.35,387.85,374.35,380.15,10331665,382.81,387.4,664,387.5,929,
2026-04-13T13:31:51.918,NC,NTPC,387.4,374.35,387.85,374.35,380.15,10331801,382.81,387.4,528,387.5,919,
2026-04-13T13:31:52.840,NC,NTPC,387.4,374.35,387.85,374.35,380.15,10332422,382.81,387.4,10,387.5,456,
2026-04-13T13:31:53.927,NC,NTPC,387.4,374.35,387.85,374.35,380.15,10332477,382.81,387.4,1889,387.5,456,
2026-04-13T13:31:54.930,NC,NTPC,387.6,374.35,387.85,374.35,380.15,10333514,382.81,387.5,52,387.6,572,
2026-04-13T13:31:55.938,NC,NTPC,387.55,374.35,387.85,374.35,380.15,10333559,382.81,387.5,13,387.55,2,
2026-04-13T13:31:56.931,NC,NTPC,387.55,374.35,387.85,374.35,380.15,10333707,382.81,387.55,146,387.65,2025,
2026-04-13T13:31:57.841,NC,NTPC,387.65,374.35,387.85,374.35,380.15,10333827,382.81,387.55,146,387.65,1905,
2026-04-13T13:31:58.834,NC,NTPC,387.55,374.35,387.85,374.35,380.15,10334016,382.81,387.55,852,387.6,3,
2026-04-13T13:31:59.833,NC,NTPC,387.65,374.35,387.85,374.35,380.15,10334021,382.81,387.6,25,387.65,1744,
2026-04-13T13:32:00.836,NC,NTPC,387.65,374.35,387.85,374.35,380.15,10334122,382.81,387.6,26,387.65,1644,
2026-04-13T13:32:01.838,NC,NTPC,387.65,374.35,387.85,374.35,380.15,10334228,382.81,387.6,11,387.65,1553,
2026-04-13T13:32:02.841,NC,NTPC,387.65,374.35,387.85,374.35,380.15,10334460,382.81,387.6,2,387.65,1321,
2026-04-13T13:32:03.838,NC,NTPC,387.6,374.35,387.85,374.35,380.15,10334540,382.81,387.55,2178,387.6,6,
2026-04-13T13:32:04.849,NC,NTPC,387.6,374.35,387.85,374.35,380.15,10334567,382.81,387.6,1473,387.65,1487,
2026-04-13T13:32:05.965,NC,NTPC,387.6,374.35,387.85,374.35,380.15,10334588,382.81,387.6,1459,387.65,1480,
2026-04-13T13:32:06.947,NC,NTPC,387.6,374.35,387.85,374.35,380.15,10334598,382.81,387.55,2003,387.65,1490,
2026-04-13T13:32:07.959,NC,NTPC,387.65,374.35,387.85,374.35,380.15,10334700,382.81,387.55,2003,387.65,1388,
2026-04-13T13:32:08.951,NC,NTPC,387.55,374.35,387.85,374.35,380.15,10334854,382.81,387.55,1949,387.65,1297,
2026-04-13T13:32:09.949,NC,NTPC,387.65,374.35,387.85,374.35,380.15,10336009,382.81,387.55,2000,387.65,142,
2026-04-13T13:32:10.951,NC,NTPC,387.55,374.35,387.85,374.35,380.15,10336181,382.81,387.55,1832,387.65,131,
2026-04-13T13:32:11.951,NC,NTPC,387.65,374.35,387.85,374.35,380.15,10336622,382.81,387.55,1648,387.65,15,
2026-04-13T13:32:14.052,NC,NTPC,387.55,374.35,387.85,374.35,380.15,10336727,382.81,387.55,795,387.65,15,
2026-04-13T13:32:15.067,NC,NTPC,387.65,374.35,387.85,374.35,380.15,10336834,382.81,387.55,2168,387.65,223,
2026-04-13T13:32:16.060,NC,NTPC,387.65,374.35,387.85,374.35,380.15,10336859,382.81,387.55,2220,387.65,198,
2026-04-13T13:32:17.067,NC,NTPC,387.65,374.35,387.85,374.35,380.15,10336960,382.81,387.55,2220,387.65,97,
2026-04-13T13:32:17.959,NC,NTPC,387.6,374.35,387.85,374.35,380.15,10336962,382.81,387.6,1500,387.65,97,
2026-04-13T13:32:19.093,NC,NTPC,387.6,374.35,387.85,374.35,380.15,10337085,382.81,387.6,1377,387.65,97,
2026-04-13T13:32:20.068,NC,NTPC,387.6,374.35,387.85,374.35,380.15,10337335,382.81,387.6,1130,387.65,97,
2026-04-13T13:32:22.072,NC,NTPC,387.7,374.35,387.85,374.35,380.15,10337399,382.81,387.6,1083,387.7,24471,
2026-04-13T13:32:22.997,NC,NTPC,387.6,374.35,387.85,374.35,380.15,10337553,382.81,387.6,974,387.7,24500,
2026-04-13T13:32:24.081,NC,NTPC,387.6,374.35,387.85,374.35,380.15,10337607,382.81,387.6,920,387.65,2,
2026-04-13T13:32:25.069,NC,NTPC,387.6,374.35,387.85,374.35,380.15,10338881,382.81,387.6,901,387.7,23025,
2026-04-13T13:32:26.081,NC,NTPC,387.7,374.35,387.85,374.35,380.15,10338886,382.81,387.6,901,387.7,23020,
2026-04-13T13:32:26.982,NC,NTPC,387.7,374.35,387.85,374.35,380.15,10339135,382.81,387.6,3,387.65,602,
2026-04-13T13:32:28.077,NC,NTPC,387.5,374.35,387.85,374.35,380.15,10339737,382.81,387.55,1,387.65,605,
2026-04-13T13:32:29.176,NC,NTPC,387.65,374.35,387.85,374.35,380.15,10339866,382.81,387.6,1500,387.65,599,
2026-04-13T13:32:30.367,NC,NTPC,387.6,374.35,387.85,374.35,380.15,10340018,382.81,387.6,1398,387.65,560,
2026-04-13T13:32:31.282,NC,NTPC,387.6,374.35,387.85,374.35,380.15,10340132,382.81,387.6,1307,387.65,422,
2026-04-13T13:32:32.184,NC,NTPC,387.65,374.35,387.85,374.35,380.15,10340836,382.81,387.6,1618,387.65,18,
2026-04-13T13:32:33.288,NC,NTPC,387.7,374.35,387.85,374.35,380.15,10340936,382.81,387.65,146,387.7,22716,
2026-04-13T13:32:34.288,NC,NTPC,387.65,374.35,387.85,374.35,380.15,10340990,382.81,387.65,92,387.7,22716,
2026-04-13T13:32:35.293,NC,NTPC,387.7,374.35,387.85,374.35,380.15,10341145,382.81,387.65,146,387.7,22574,
2026-04-13T13:32:40.210,NC,NTPC,387.55,374.35,387.85,374.35,380.15,10342622,382.81,387.55,1784,387.7,22635,
2026-04-13T13:32:45.706,NC,NTPC,387.6,374.35,387.85,374.35,380.15,10343409,382.82,387.6,1315,387.65,66,
2026-04-13T13:32:50.914,NC,NTPC,387.65,374.35,387.85,374.35,380.15,10343832,382.82,387.6,2594,387.65,634,
2026-04-13T13:32:56.121,NC,NTPC,387.7,374.35,387.85,374.35,380.15,10345153,382.82,387.65,14,387.7,22235,
2026-04-13T13:33:01.231,NC,NTPC,387.7,374.35,387.85,374.35,380.15,10346348,382.82,387.65,70,387.7,18613,
2026-04-13T13:33:06.553,NC,NTPC,387.7,374.35,387.85,374.35,380.15,10346870,382.82,387.65,1570,387.7,18255,
2026-04-13T13:33:11.950,NC,NTPC,387.8,374.35,387.85,374.35,380.15,10376361,382.83,387.75,3259,387.8,791,
2026-04-13T13:33:16.763,NC,NTPC,387.9,374.35,387.9,374.35,380.15,10381077,382.83,387.85,491,387.9,1490,
2026-04-13T13:33:21.456,NC,NTPC,387.9,374.35,387.9,374.35,380.15,10381847,382.83,387.85,370,387.9,753,
2026-04-13T13:33:26.067,NC,NTPC,387.95,374.35,387.95,374.35,380.15,10383990,382.83,387.9,1,387.95,2284,
2026-04-13T13:33:31.056,NC,NTPC,387.85,374.35,388.0,374.35,380.15,10389409,382.84,387.75,3236,387.85,7,
2026-04-13T13:33:36.271,NC,NTPC,387.85,374.35,388.0,374.35,380.15,10391091,382.84,387.85,1498,387.9,429,
2026-04-13T13:33:41.270,NC,NTPC,387.85,374.35,388.0,374.35,380.15,10394361,382.84,387.7,345,387.8,250,
2026-04-13T13:33:46.486,NC,NTPC,387.6,374.35,388.0,374.35,380.15,10398337,382.84,387.5,353,387.65,388,
2026-04-13T13:33:51.810,NC,NTPC,387.6,374.35,388.0,374.35,380.15,10399480,382.84,387.45,1613,387.6,8,
2026-04-13T13:33:56.506,NC,NTPC,387.6,374.35,388.0,374.35,380.15,10401377,382.84,387.45,1575,387.6,529,
2026-04-13T13:34:01.311,NC,NTPC,387.4,374.35,388.0,374.35,380.15,10404076,382.84,387.35,2,387.4,828,
2026-04-13T13:34:06.418,NC,NTPC,387.3,374.35,388.0,374.35,380.15,10405289,382.84,387.3,836,387.4,148,
2026-04-13T13:34:11.341,NC,NTPC,387.45,374.35,388.0,374.35,380.15,10406859,382.85,387.4,25,387.45,1590,
2026-04-13T13:34:16.334,NC,NTPC,387.3,374.35,388.0,374.35,380.15,10408298,382.85,387.35,67,387.4,1,
2026-04-13T13:34:21.167,NC,NTPC,387.45,374.35,388.0,374.35,380.15,10408778,382.85,387.4,232,387.45,124,
2026-04-13T13:34:25.847,NC,NTPC,387.45,374.35,388.0,374.35,380.15,10410910,382.85,387.4,229,387.45,456,
2026-04-13T13:34:30.559,NC,NTPC,387.3,374.35,388.0,374.35,380.15,10412784,382.85,387.3,1571,387.4,6,
2026-04-13T13:34:35.058,NC,NTPC,387.3,374.35,388.0,374.35,380.15,10413366,382.85,387.4,176,387.45,1761,
2026-04-13T13:34:36.760,NC,NTPC,387.45,374.35,388.0,374.35,380.15,10413374,382.85,387.4,176,387.45,1521,
2026-04-13T13:34:37.863,NC,NTPC,387.45,374.35,388.0,374.35,380.15,10413376,382.85,387.4,176,387.45,1519,
2026-04-13T13:34:38.970,NC,NTPC,387.4,374.35,388.0,374.35,380.15,10413430,382.85,387.4,122,387.45,1526,
2026-04-13T13:34:40.068,NC,NTPC,387.45,374.35,388.0,374.35,380.15,10414583,382.85,387.4,122,387.45,373,
2026-04-13T13:34:41.170,NC,NTPC,387.4,374.35,388.0,374.35,380.15,10414831,382.85,387.4,1488,387.45,252,
2026-04-13T13:34:42.070,NC,NTPC,387.4,374.35,388.0,374.35,380.15,10415183,382.85,387.4,1485,387.45,7,
2026-04-13T13:34:43.173,NC,NTPC,387.4,374.35,388.0,374.35,380.15,10415273,382.85,387.4,1395,387.45,10,
2026-04-13T13:34:44.173,NC,NTPC,387.4,374.35,388.0,374.35,380.15,10415587,382.85,387.4,1081,387.45,3,
2026-04-13T13:34:45.182,NC,NTPC,387.4,374.35,388.0,374.35,380.15,10415647,382.85,387.4,1035,387.45,3,
2026-04-13T13:34:46.216,NC,NTPC,387.4,374.35,388.0,374.35,380.15,10416751,382.85,387.4,7,387.45,791,
2026-04-13T13:34:47.197,NC,NTPC,387.3,374.35,388.0,374.35,380.15,10416797,382.85,387.3,2587,387.45,983,
2026-04-13T13:34:48.196,NC,NTPC,387.4,374.35,388.0,374.35,380.15,10416914,382.85,387.4,136,387.45,769,
2026-04-13T13:34:49.216,NC,NTPC,387.4,374.35,388.0,374.35,380.15,10417191,382.85,387.4,870,387.45,61,
2026-04-13T13:34:50.093,NC,NTPC,387.4,374.35,388.0,374.35,380.15,10417423,382.85,387.35,1379,387.45,32,
2026-04-13T13:34:51.210,NC,NTPC,387.4,374.35,388.0,374.35,380.15,10417519,382.85,387.4,1,387.45,27,
2026-04-13T13:34:52.220,NC,NTPC,387.35,374.35,388.0,374.35,380.15,10417567,382.85,387.35,1090,387.4,2,
2026-04-13T13:34:53.307,NC,NTPC,387.35,374.35,388.0,374.35,380.15,10417623,382.85,387.35,908,387.4,1,
2026-04-13T13:34:54.330,NC,NTPC,387.35,374.35,388.0,374.35,380.15,10417724,382.85,387.35,1076,387.4,1,
2026-04-13T13:34:55.402,NC,NTPC,387.4,374.35,388.0,374.35,380.15,10418935,382.85,387.4,19,387.55,466,
2026-04-13T13:34:56.502,NC,NTPC,387.4,374.35,388.0,374.35,380.15,10419235,382.85,387.35,314,387.5,2,
2026-04-13T13:34:57.511,NC,NTPC,387.35,374.35,388.0,374.35,380.15,10419389,382.85,387.35,882,387.5,100,
2026-04-13T13:34:58.505,NC,NTPC,387.35,374.35,388.0,374.35,380.15,10419528,382.85,387.35,635,387.5,201,
2026-04-13T13:34:59.606,NC,NTPC,387.35,374.35,388.0,374.35,380.15,10419678,382.85,387.35,485,387.5,208,
2026-04-13T13:35:00.713,NC,NTPC,387.35,374.35,388.0,374.35,380.15,10419916,382.85,387.35,52,387.5,675,
2026-04-13T13:35:01.637,NC,NTPC,387.35,374.35,388.0,374.35,380.15,10419992,382.85,387.35,6,387.45,645,
2026-04-13T13:35:02.613,NC,NTPC,387.3,374.35,388.0,374.35,380.15,10420037,382.85,387.3,811,387.45,645,
2026-04-13T13:35:03.718,NC,NTPC,387.3,374.35,388.0,374.35,380.15,10420571,382.85,387.3,199,387.35,1000,
2026-04-13T13:35:04.865,NC,NTPC,387.35,374.35,388.0,374.35,380.15,10420760,382.85,387.3,150,387.35,860,
2026-04-13T13:35:05.822,NC,NTPC,387.3,374.35,388.0,374.35,380.15,10420812,382.85,387.3,50,387.35,873,
2026-04-13T13:35:06.822,NC,NTPC,387.25,374.35,388.0,374.35,380.15,10422081,382.85,387.25,44,387.3,1529,
2026-04-13T13:35:07.821,NC,NTPC,387.1,374.35,388.0,374.35,380.15,10423750,382.85,387.1,2051,387.15,140,
2026-04-13T13:35:08.920,NC,NTPC,387.3,374.35,388.0,374.35,380.15,10423955,382.85,387.15,1017,387.3,186,
2026-04-13T13:35:09.822,NC,NTPC,387.35,374.35,388.0,374.35,380.15,10425032,382.85,387.3,13,387.35,909,
2026-04-13T13:35:10.821,NC,NTPC,387.35,374.35,388.0,374.35,380.15,10425081,382.85,387.3,8,387.35,384,
2026-04-13T13:35:11.857,NC,NTPC,387.2,374.35,388.0,374.35,380.15,10425407,382.85,387.2,1227,387.35,266,
2026-04-13T13:35:12.826,NC,NTPC,387.35,374.35,388.0,374.35,380.15,10425561,382.85,387.2,772,387.35,157,
2026-04-13T13:35:13.824,NC,NTPC,387.2,374.35,388.0,374.35,380.15,10426412,382.85,387.15,982,387.2,1,
2026-04-13T13:35:14.826,NC,NTPC,387.15,374.35,388.0,374.35,380.15,10426508,382.85,387.15,826,387.2,6,
2026-04-13T13:35:15.928,NC,NTPC,387.2,374.35,388.0,374.35,380.15,10426623,382.85,387.15,1102,387.2,4,
2026-04-13T13:35:17.034,NC,NTPC,387.25,374.35,388.0,374.35,380.15,10426848,382.85,387.15,997,387.25,161,
2026-04-13T13:35:18.139,NC,NTPC,387.15,374.35,388.0,374.35,380.15,10426939,382.85,387.15,67,387.25,160,
2026-04-13T13:35:19.235,NC,NTPC,387.2,374.35,388.0,374.35,380.15,10427106,382.85,387.2,322,387.25,181,
2026-04-13T13:35:20.338,NC,NTPC,387.2,374.35,388.0,374.35,380.15,10427214,382.85,387.2,218,387.25,180,
2026-04-13T13:35:21.339,NC,NTPC,387.2,374.35,388.0,374.35,380.15,10427368,382.85,387.2,173,387.25,159,
2026-04-13T13:35:22.442,NC,NTPC,387.2,374.35,388.0,374.35,380.15,10427413,382.85,387.2,128,387.25,211,
2026-04-13T13:35:23.341,NC,NTPC,387.2,374.35,388.0,374.35,380.15,10427515,382.85,387.2,28,387.25,1251,
2026-04-13T13:35:24.363,NC,NTPC,387.1,374.35,388.0,374.35,380.15,10427630,382.85,387.1,1023,387.2,6,
2026-04-13T13:35:25.267,NC,NTPC,387.1,374.35,388.0,374.35,380.15,10428836,382.85,387.15,67,387.25,1022,
2026-04-13T13:35:26.350,NC,NTPC,387.25,374.35,388.0,374.35,380.15,10429202,382.85,387.1,1013,387.25,757,
2026-04-13T13:35:27.349,NC,NTPC,387.1,374.35,388.0,374.35,380.15,10429247,382.85,387.1,895,387.25,1507,
2026-04-13T13:35:28.359,NC,NTPC,387.1,374.35,388.0,374.35,380.15,10429754,382.86,387.1,388,387.2,1265,
2026-04-13T13:35:29.407,NC,NTPC,387.1,374.35,388.0,374.35,380.15,10430032,382.86,387.1,287,387.2,380,
2026-04-13T13:35:30.352,NC,NTPC,387.1,374.35,388.0,374.35,380.15,10430077,382.86,387.15,67,387.2,385,
2026-04-13T13:35:31.460,NC,NTPC,387.15,374.35,388.0,374.35,380.15,10430303,382.86,387.15,120,387.2,329,
2026-04-13T13:35:32.458,NC,NTPC,387.2,374.35,388.0,374.35,380.15,10430417,382.86,387.15,75,387.2,260,
2026-04-13T13:35:33.459,NC,NTPC,387.3,374.35,388.0,374.35,380.15,10431945,382.86,387.3,171,387.4,433,
2026-04-13T13:35:34.476,NC,NTPC,387.25,374.35,388.0,374.35,380.15,10432049,382.86,387.3,67,387.4,433,
2026-04-13T13:35:35.363,NC,NTPC,387.25,374.35,388.0,374.35,380.15,10432233,382.86,387.25,874,387.4,442,
2026-04-13T13:35:36.462,NC,NTPC,387.3,374.35,388.0,374.35,380.15,10432278,382.86,387.3,22,387.4,442,
2026-04-13T13:35:37.464,NC,NTPC,387.25,374.35,388.0,374.35,380.15,10432435,382.86,387.3,68,387.4,330,
2026-04-13T13:35:38.465,NC,NTPC,387.3,374.35,388.0,374.35,380.15,10432551,382.86,387.35,90,387.4,259,
2026-04-13T13:35:39.467,NC,NTPC,387.55,374.35,388.0,374.35,380.15,10434167,382.86,387.4,13,387.5,1247,
2026-04-13T13:35:40.366,NC,NTPC,387.5,374.35,388.0,374.35,380.15,10434216,382.86,387.4,8,387.5,1429,
2026-04-13T13:35:41.371,NC,NTPC,387.45,374.35,388.0,374.35,380.15,10434750,382.86,387.3,271,387.45,87,
2026-04-13T13:35:43.378,NC,NTPC,387.3,374.35,388.0,374.35,380.15,10435057,382.86,387.3,107,387.4,1,
2026-04-13T13:35:44.383,NC,NTPC,387.25,374.35,388.0,374.35,380.15,10435303,382.86,387.25,1328,387.45,123,
2026-04-13T13:35:45.296,NC,NTPC,387.45,374.35,388.0,374.35,380.15,10435418,382.86,387.25,1308,387.45,274,
2026-04-13T13:35:46.397,NC,NTPC,387.45,374.35,388.0,374.35,380.15,10435611,382.86,387.45,103,387.55,1172,
2026-04-13T13:35:47.390,NC,NTPC,387.55,374.35,388.0,374.35,380.15,10435616,382.86,387.5,135,387.55,44,
2026-04-13T13:35:48.387,NC,NTPC,387.55,374.35,388.0,374.35,380.15,10436269,382.86,387.55,201,387.6,257,
2026-04-13T13:35:49.389,NC,NTPC,387.55,374.35,388.0,374.35,380.15,10436399,382.86,387.5,79,387.65,2780,
2026-04-13T13:35:51.300,NC,NTPC,387.6,374.35,388.0,374.35,380.15,10436434,382.86,387.55,4,387.6,442,
2026-04-13T13:35:52.292,NC,NTPC,387.55,374.35,388.0,374.35,380.15,10436897,382.86,387.55,3,387.65,3319,
2026-04-13T13:35:53.292,NC,NTPC,387.6,374.35,388.0,374.35,380.15,10437155,382.86,387.55,3,387.65,2931,
2026-04-13T13:35:54.292,NC,NTPC,387.6,374.35,388.0,374.35,380.15,10438174,382.86,387.4,782,387.55,122,
2026-04-13T13:35:55.295,NC,NTPC,387.6,374.35,388.0,374.35,380.15,10439391,382.86,387.55,13,387.6,1253,
2026-04-13T13:35:56.295,NC,NTPC,387.6,374.35,388.0,374.35,380.15,10439645,382.86,387.55,13,387.6,707,
2026-04-13T13:35:57.305,NC,NTPC,387.55,374.35,388.0,374.35,380.15,10439839,382.86,387.4,53,387.6,1120,
2026-04-13T13:35:59.392,NC,NTPC,387.4,374.35,388.0,374.35,380.15,10440343,382.86,387.4,52,387.55,186,
2026-04-13T13:36:01.298,NC,NTPC,387.55,374.35,388.0,374.35,380.15,10441011,382.86,387.55,56,387.6,337,
2026-04-13T13:36:02.294,NC,NTPC,387.4,374.35,388.0,374.35,380.15,10441275,382.86,387.4,769,387.55,3,
2026-04-13T13:36:03.395,NC,NTPC,387.5,374.35,388.0,374.35,380.15,10441276,382.86,387.4,1028,387.55,4,
2026-04-13T13:36:04.397,NC,NTPC,387.4,374.35,388.0,374.35,380.15,10441331,382.86,387.4,826,387.5,1,
2026-04-13T13:36:05.500,NC,NTPC,387.5,374.35,388.0,374.35,380.15,10441349,382.86,387.4,1,387.5,1174,
2026-04-13T13:36:07.520,NC,NTPC,387.5,374.35,388.0,374.35,380.15,10441351,382.86,387.4,1,387.5,1060,
2026-04-13T13:36:09.542,NC,NTPC,387.45,374.35,388.0,374.35,380.15,10443301,382.86,387.45,4,387.5,796,
2026-04-13T13:36:11.535,NC,NTPC,387.5,374.35,388.0,374.35,380.15,10443554,382.86,387.45,4,387.5,15,
2026-04-13T13:36:12.535,NC,NTPC,387.5,374.35,388.0,374.35,380.15,10443581,382.86,387.35,540,387.5,4,
2026-04-13T13:36:13.532,NC,NTPC,387.3,374.35,388.0,374.35,380.15,10443590,382.86,387.3,520,387.45,50,
2026-04-13T13:36:14.541,NC,NTPC,387.3,374.35,388.0,374.35,380.15,10443645,382.86,387.35,338,387.45,50,
2026-04-13T13:36:15.637,NC,NTPC,387.45,374.35,388.0,374.35,380.15,10443681,382.86,387.35,365,387.45,20,
2026-04-13T13:36:16.646,NC,NTPC,387.5,374.35,388.0,374.35,380.15,10443821,382.86,387.35,378,387.5,27,
2026-04-13T13:36:17.636,NC,NTPC,387.35,374.35,388.0,374.35,380.15,10443909,382.86,387.35,249,387.45,1,
2026-04-13T13:36:18.639,NC,NTPC,387.35,374.35,388.0,374.35,380.15,10444081,382.86,387.35,127,387.5,10,
2026-04-13T13:36:19.642,NC,NTPC,387.35,374.35,388.0,374.35,380.15,10444082,382.86,387.35,298,387.45,1,
2026-04-13T13:36:20.640,NC,NTPC,387.35,374.35,388.0,374.35,380.15,10444105,382.86,387.35,211,387.5,6,
2026-04-13T13:36:22.639,NC,NTPC,387.5,374.35,388.0,374.35,380.15,10444108,382.86,387.35,60,387.5,429,
2026-04-13T13:36:23.650,NC,NTPC,387.35,374.35,388.0,374.35,380.15,10444162,382.86,387.35,6,387.5,565,
2026-04-13T13:36:24.576,NC,NTPC,387.5,374.35,388.0,374.35,380.15,10445420,382.86,387.35,6,387.5,321,
2026-04-13T13:36:25.684,NC,NTPC,387.45,374.35,388.0,374.35,380.15,10445441,382.86,387.3,586,387.45,575,
2026-04-13T13:36:26.582,NC,NTPC,387.45,374.35,388.0,374.35,380.15,10445689,382.86,387.3,518,387.45,630,
2026-04-13T13:36:27.690,NC,NTPC,387.3,374.35,388.0,374.35,380.15,10445771,382.86,387.3,449,387.45,630,
2026-04-13T13:36:28.594,NC,NTPC,387.3,374.35,388.0,374.35,380.15,10445902,382.86,387.3,272,387.45,471,
2026-04-13T13:36:29.487,NC,NTPC,387.3,374.35,388.0,374.35,380.15,10445903,382.86,387.3,271,387.45,471,
2026-04-13T13:36:30.483,NC,NTPC,387.3,374.35,388.0,374.35,380.15,10446003,382.86,387.3,171,387.45,212,
2026-04-13T13:36:31.484,NC,NTPC,387.3,374.35,388.0,374.35,380.15,10446199,382.86,387.3,555,387.45,167,
2026-04-13T13:36:33.485,NC,NTPC,387.45,374.35,388.0,374.35,380.15,10446308,382.86,387.35,205,387.45,59,
2026-04-13T13:36:34.487,NC,NTPC,387.35,374.35,388.0,374.35,380.15,10446362,382.86,387.35,151,387.45,59,
2026-04-13T13:36:35.488,NC,NTPC,387.45,374.35,388.0,374.35,380.15,10446370,382.86,387.35,151,387.45,51,
2026-04-13T13:36:36.990,NC,NTPC,387.45,374.35,388.0,374.35,380.15,10446531,382.86,387.35,982,387.45,34,
2026-04-13T13:36:37.992,NC,NTPC,387.45,374.35,388.0,374.35,380.15,10446533,382.86,387.35,1156,387.45,16,
2026-04-13T13:36:38.996,NC,NTPC,387.35,374.35,388.0,374.35,380.15,10446687,382.86,387.4,297,387.45,23,
2026-04-13T13:36:39.996,NC,NTPC,387.55,374.35,388.0,374.35,380.15,10447830,382.86,387.45,1,387.55,11,
2026-04-13T13:36:40.995,NC,NTPC,387.55,374.35,388.0,374.35,380.15,10447949,382.86,387.55,2,387.6,629,
2026-04-13T13:36:41.899,NC,NTPC,387.6,374.35,388.0,374.35,380.15,10448197,382.86,387.55,2,387.6,468,
2026-04-13T13:36:43.002,NC,NTPC,387.6,374.35,388.0,374.35,380.15,10448200,382.86,387.55,2,387.6,516,
2026-04-13T13:36:44.000,NC,NTPC,387.55,374.35,388.0,374.35,380.15,10448203,382.86,387.45,201,387.55,3,
2026-04-13T13:36:44.919,NC,NTPC,387.55,374.35,388.0,374.35,380.15,10448238,382.86,387.45,180,387.55,7,
2026-04-13T13:36:46.006,NC,NTPC,387.55,374.35,388.0,374.35,380.15,10448262,382.86,387.45,180,387.55,154,
2026-04-13T13:36:47.930,NC,NTPC,387.5,374.35,388.0,374.35,380.15,10448263,382.86,387.45,180,387.5,114,
2026-04-13T13:36:48.915,NC,NTPC,387.45,374.35,388.0,374.35,380.15,10448457,382.86,387.45,95,387.5,12,
2026-04-13T13:36:50.811,NC,NTPC,387.5,374.35,388.0,374.35,380.15,10448545,382.86,387.45,27,387.5,13,
2026-04-13T13:36:51.814,NC,NTPC,387.45,374.35,388.0,374.35,380.15,10448572,382.86,387.35,474,387.45,10,
2026-04-13T13:36:52.819,NC,NTPC,387.45,374.35,388.0,374.35,380.15,10448583,382.86,387.35,581,387.45,11,
2026-04-13T13:36:53.819,NC,NTPC,387.35,374.35,388.0,374.35,380.15,10448638,382.86,387.35,557,387.45,12,
2026-04-13T13:36:54.924,NC,NTPC,387.35,374.35,388.0,374.35,380.15,10449866,382.86,387.45,1,387.55,472,
2026-04-13T13:36:55.918,NC,NTPC,387.45,374.35,388.0,374.35,380.15,10449878,382.86,387.35,956,387.55,444,
2026-04-13T13:36:56.918,NC,NTPC,387.55,374.35,388.0,374.35,380.15,10450236,382.86,387.35,932,387.55,273,
2026-04-13T13:36:57.933,NC,NTPC,387.35,374.35,388.0,374.35,380.15,10450727,382.86,387.35,799,387.45,143,
2026-04-13T13:36:59.024,NC,NTPC,387.3,374.35,388.0,374.35,380.15,10451427,382.86,387.3,622,387.35,13,
2026-04-13T13:37:01.035,NC,NTPC,387.35,374.35,388.0,374.35,380.15,10451541,382.86,387.3,350,387.35,2,
2026-04-13T13:37:03.036,NC,NTPC,387.35,374.35,388.0,374.35,380.15,10451559,382.86,387.35,249,387.4,117,
2026-04-13T13:37:04.029,NC,NTPC,387.4,374.35,388.0,374.35,380.15,10452023,382.86,387.35,398,387.4,120,
2026-04-13T13:37:04.934,NC,NTPC,387.4,374.35,388.0,374.35,380.15,10452185,382.86,387.35,398,387.4,87,
2026-04-13T13:37:06.028,NC,NTPC,387.4,374.35,388.0,374.35,380.15,10452230,382.86,387.35,465,387.4,42,
2026-04-13T13:37:06.930,NC,NTPC,387.4,374.35,388.0,374.35,380.15,10452275,382.86,387.35,680,387.4,38,
2026-04-13T13:37:07.933,NC,NTPC,387.4,374.35,388.0,374.35,380.15,10452323,382.86,387.35,764,387.4,13,
2026-04-13T13:37:08.935,NC,NTPC,387.35,374.35,388.0,374.35,380.15,10452530,382.87,387.35,678,387.4,25,
2026-04-13T13:37:09.941,NC,NTPC,387.4,374.35,388.0,374.35,380.15,10453725,382.87,387.4,1,387.55,114,
2026-04-13T13:37:10.932,NC,NTPC,387.55,374.35,388.0,374.35,380.15,10453915,382.87,387.35,867,387.5,1,
2026-04-13T13:37:11.943,NC,NTPC,387.35,374.35,388.0,374.35,380.15,10454357,382.87,387.45,3,387.55,358,
2026-04-13T13:37:12.934,NC,NTPC,387.55,374.35,388.0,374.35,380.15,10454511,382.87,387.45,3,387.55,171,
2026-04-13T13:37:13.936,NC,NTPC,387.45,374.35,388.0,374.35,380.15,10454577,382.87,387.35,567,387.45,6,
2026-04-13T13:37:14.837,NC,NTPC,387.55,374.35,388.0,374.35,380.15,10454622,382.87,387.35,596,387.55,204,
2026-04-13T13:37:15.936,NC,NTPC,387.35,374.35,388.0,374.35,380.15,10454675,382.87,387.5,4,387.55,417,
2026-04-13T13:37:16.852,NC,NTPC,387.55,374.35,388.0,374.35,380.15,10454731,382.87,387.5,4,387.55,287,
2026-04-13T13:37:17.938,NC,NTPC,387.55,374.35,388.0,374.35,380.15,10454778,382.87,387.5,4,387.55,43,
2026-04-13T13:37:19.071,NC,NTPC,387.4,374.35,388.0,374.35,380.15,10454875,382.87,387.4,833,387.5,6,
2026-04-13T13:37:20.050,NC,NTPC,387.55,374.35,388.0,374.35,380.15,10454968,382.87,387.5,3,387.55,16,
2026-04-13T13:37:21.142,NC,NTPC,387.55,374.35,388.0,374.35,380.15,10455391,382.87,387.4,317,387.55,659,
2026-04-13T13:37:22.149,NC,NTPC,387.55,374.35,388.0,374.35,380.15,10455922,382.87,387.4,308,387.55,260,
2026-04-13T13:37:23.141,NC,NTPC,387.55,374.35,388.0,374.35,380.15,10455970,382.87,387.4,308,387.55,226,
2026-04-13T13:37:24.144,NC,NTPC,387.55,374.35,388.0,374.35,380.15,10456069,382.87,387.4,893,387.55,186,
2026-04-13T13:37:25.150,NC,NTPC,387.6,374.35,388.0,374.35,380.15,10457153,382.87,387.55,24,387.6,133,
2026-04-13T13:37:26.147,NC,NTPC,387.6,374.35,388.0,374.35,380.15,10457344,382.87,387.45,82,387.6,84,
2026-04-13T13:37:27.150,NC,NTPC,387.6,374.35,388.0,374.35,380.15,10457637,382.87,387.45,202,387.6,53,
2026-04-13T13:37:28.152,NC,NTPC,387.6,374.35,388.0,374.35,380.15,10457682,382.87,387.55,1,387.6,13,
2026-04-13T13:37:29.166,NC,NTPC,387.55,374.35,388.0,374.35,380.15,10457838,382.87,387.45,75,387.55,6,
2026-04-13T13:37:30.158,NC,NTPC,387.55,374.35,388.0,374.35,380.15,10457883,382.87,387.45,75,387.55,59,
2026-04-13T13:37:31.168,NC,NTPC,387.55,374.35,388.0,374.35,380.15,10457984,382.87,387.45,42,387.55,103,
2026-04-13T13:37:32.155,NC,NTPC,387.55,374.35,388.0,374.35,380.15,10458029,382.87,387.45,58,387.55,63,
2026-04-13T13:37:33.156,NC,NTPC,387.55,374.35,388.0,374.35,380.15,10458582,382.87,387.4,726,387.55,53,
2026-04-13T13:37:34.157,NC,NTPC,387.55,374.35,388.0,374.35,380.15,10458681,382.87,387.4,692,387.55,9,
2026-04-13T13:37:35.260,NC,NTPC,387.55,374.35,388.0,374.35,380.15,10458734,382.87,387.4,600,387.55,56,
2026-04-13T13:37:36.261,NC,NTPC,387.55,374.35,388.0,374.35,380.15,10458779,382.87,387.4,837,387.55,13,
2026-04-13T13:37:37.173,NC,NTPC,387.6,374.35,388.0,374.35,380.15,10458933,382.87,387.4,361,387.55,122,
2026-04-13T13:37:38.267,NC,NTPC,387.55,374.35,388.0,374.35,380.15,10458991,382.87,387.4,361,387.55,65,
2026-04-13T13:37:39.273,NC,NTPC,387.55,374.35,388.0,374.35,380.15,10459090,382.87,387.4,85,387.55,529,
2026-04-13T13:37:40.266,NC,NTPC,387.55,374.35,388.0,374.35,380.15,10460287,382.87,387.45,3,387.55,31,
2026-04-13T13:37:41.267,NC,NTPC,387.55,374.35,388.0,374.35,380.15,10460595,382.87,387.45,3,387.55,449,
2026-04-13T13:37:42.168,NC,NTPC,387.6,374.35,388.0,374.35,380.15,10460640,382.87,387.45,3,387.6,1999,
2026-04-13T13:37:43.168,NC,NTPC,387.55,374.35,388.0,374.35,380.15,10460685,382.87,387.45,3,387.55,69,
2026-04-13T13:37:44.172,NC,NTPC,387.55,374.35,388.0,374.35,380.15,10460806,382.87,387.4,510,387.55,56,
2026-04-13T13:37:45.271,NC,NTPC,387.55,374.35,388.0,374.35,380.15,10460968,382.87,387.4,515,387.55,907,
2026-04-13T13:37:46.374,NC,NTPC,387.55,374.35,388.0,374.35,380.15,10461037,382.87,387.35,507,387.55,734,
2026-04-13T13:37:47.373,NC,NTPC,387.55,374.35,388.0,374.35,380.15,10461083,382.87,387.35,506,387.55,613,
2026-04-13T13:37:48.476,NC,NTPC,387.55,374.35,388.0,374.35,380.15,10461128,382.87,387.35,506,387.45,1,
2026-04-13T13:37:49.576,NC,NTPC,387.4,374.35,388.0,374.35,380.15,10461242,382.87,387.35,537,387.55,615,
2026-04-13T13:37:50.580,NC,NTPC,387.35,374.35,388.0,374.35,380.15,10461355,382.87,387.35,1510,387.55,563,
2026-04-13T13:37:51.577,NC,NTPC,387.55,374.35,388.0,374.35,380.15,10461494,382.87,387.4,245,387.55,525,
2026-04-13T13:37:52.580,NC,NTPC,387.55,374.35,388.0,374.35,380.15,10461652,382.87,387.4,536,387.55,164,
2026-04-13T13:37:53.680,NC,NTPC,387.4,374.35,388.0,374.35,380.15,10461754,382.87,387.4,833,387.5,42,
2026-04-13T13:37:54.784,NC,NTPC,387.6,374.35,388.0,374.35,380.15,10462831,382.87,387.5,13,387.6,1033,
2026-04-13T13:37:55.883,NC,NTPC,387.6,374.35,388.0,374.35,380.15,10462887,382.87,387.5,13,387.6,779,
2026-04-13T13:37:56.983,NC,NTPC,387.6,374.35,388.0,374.35,380.15,10463188,382.87,387.5,13,387.55,1,
2026-04-13T13:37:58.085,NC,NTPC,387.6,374.35,388.0,374.35,380.15,10463352,382.87,387.45,2,387.6,508,
2026-04-13T13:37:59.192,NC,NTPC,387.6,374.35,388.0,374.35,380.15,10463453,382.87,387.4,2919,387.6,129,
2026-04-13T13:38:00.097,NC,NTPC,387.4,374.35,388.0,374.35,380.15,10463589,382.87,387.45,273,387.6,239,
2026-04-13T13:38:01.089,NC,NTPC,387.45,374.35,388.0,374.35,380.15,10463861,382.87,387.45,827,387.6,10,
2026-04-13T13:38:02.119,NC,NTPC,387.6,374.35,388.0,374.35,380.15,10463906,382.87,387.45,827,387.6,9,
2026-04-13T13:38:03.192,NC,NTPC,387.65,374.35,388.0,374.35,380.15,10463951,382.87,387.45,1295,387.65,3472,
2026-04-13T13:38:04.302,NC,NTPC,387.45,374.35,388.0,374.35,380.15,10464035,382.87,387.45,452,387.65,3906,
2026-04-13T13:38:05.407,NC,NTPC,387.6,374.35,388.0,374.35,380.15,10464050,382.87,387.45,1011,387.6,93,
2026-04-13T13:38:06.400,NC,NTPC,387.6,374.35,388.0,374.35,380.15,10464051,382.87,387.45,529,387.6,600,
2026-04-13T13:38:07.503,NC,NTPC,387.6,374.35,388.0,374.35,380.15,10464366,382.87,387.45,351,387.6,447,
2026-04-13T13:38:08.607,NC,NTPC,387.45,374.35,388.0,374.35,380.15,10464481,382.87,387.4,1071,387.45,6,
2026-04-13T13:38:09.605,NC,NTPC,387.6,374.35,388.0,374.35,380.15,10466702,382.87,387.4,665,387.6,1232,
2026-04-13T13:38:10.625,NC,NTPC,387.4,374.35,388.0,374.35,380.15,10466763,382.87,387.4,363,387.6,1759,
2026-04-13T13:38:11.606,NC,NTPC,387.4,374.35,388.0,374.35,380.15,10467099,382.87,387.4,602,387.6,1137,
2026-04-13T13:38:12.611,NC,NTPC,387.4,374.35,388.0,374.35,380.15,10467108,382.87,387.4,553,387.6,1121,
2026-04-13T13:38:13.519,NC,NTPC,387.4,374.35,388.0,374.35,380.15,10467721,382.87,387.35,948,387.5,1,
2026-04-13T13:38:14.613,NC,NTPC,387.35,374.35,388.0,374.35,380.15,10467775,382.87,387.35,688,387.5,1,
2026-04-13T13:38:15.613,NC,NTPC,387.5,374.35,388.0,374.35,380.15,10467782,382.87,387.35,2066,387.55,4669,
2026-04-13T13:38:16.613,NC,NTPC,387.5,374.35,388.0,374.35,380.15,10467904,382.87,387.5,4,387.55,4400,
2026-04-13T13:38:17.714,NC,NTPC,387.5,374.35,388.0,374.35,380.15,10467905,382.87,387.5,3,387.55,4485,
2026-04-13T13:38:18.815,NC,NTPC,387.35,374.35,388.0,374.35,380.15,10468180,382.87,387.35,1844,387.5,6,
2026-04-13T13:38:19.928,NC,NTPC,387.35,374.35,388.0,374.35,380.15,10468340,382.87,387.35,2205,387.55,4283,
2026-04-13T13:38:20.918,NC,NTPC,387.55,374.35,388.0,374.35,380.15,10468348,382.87,387.35,1896,387.55,4275,
2026-04-13T13:38:22.024,NC,NTPC,387.55,374.35,388.0,374.35,380.15,10468353,382.87,387.35,421,387.5,122,
2026-04-13T13:38:23.029,NC,NTPC,387.5,374.35,388.0,374.35,380.15,10468355,382.87,387.35,1391,387.5,516,
2026-04-13T13:38:25.029,NC,NTPC,387.55,374.35,388.0,374.35,380.15,10469555,382.87,387.5,13,387.55,3828,
2026-04-13T13:38:26.024,NC,NTPC,387.55,374.35,388.0,374.35,380.15,10469560,382.87,387.5,13,387.55,3768,
2026-04-13T13:38:26.931,NC,NTPC,387.55,374.35,388.0,374.35,380.15,10469809,382.87,387.5,13,387.55,3217,
2026-04-13T13:38:28.032,NC,NTPC,387.55,374.35,388.0,374.35,380.15,10469927,382.87,387.4,1227,387.55,3237,
2026-04-13T13:38:29.027,NC,NTPC,387.4,374.35,388.0,374.35,380.15,10469990,382.87,387.4,1316,387.55,3235,
2026-04-13T13:38:30.026,NC,NTPC,387.55,374.35,388.0,374.35,380.15,10470095,382.87,387.35,2401,387.5,1,
2026-04-13T13:38:31.075,NC,NTPC,387.4,374.35,388.0,374.35,380.15,10470163,382.87,387.45,3,387.5,1,
2026-04-13T13:38:32.034,NC,NTPC,387.45,374.35,388.0,374.35,380.15,10470196,382.87,387.4,1072,387.45,10,
2026-04-13T13:38:33.085,NC,NTPC,387.5,374.35,388.0,374.35,380.15,10470306,382.87,387.4,2829,387.5,100,
2026-04-13T13:38:34.029,NC,NTPC,387.4,374.35,388.0,374.35,380.15,10470461,382.87,387.4,2516,387.5,149,
2026-04-13T13:38:35.030,NC,NTPC,387.5,374.35,388.0,374.35,380.15,10470533,382.87,387.4,2454,387.5,140,
2026-04-13T13:38:37.452,NC,NTPC,387.5,374.35,388.0,374.35,380.15,10470541,382.87,387.4,2454,387.5,648,
2026-04-13T13:38:38.461,NC,NTPC,387.5,374.35,388.0,374.35,380.15,10470543,382.87,387.4,2454,387.5,667,
2026-04-13T13:38:39.538,NC,NTPC,387.5,374.35,388.0,374.35,380.15,10471750,382.87,387.4,2399,387.5,38,
2026-04-13T13:38:40.658,NC,NTPC,387.5,374.35,388.0,374.35,380.15,10471890,382.87,387.4,2399,387.5,29,
2026-04-13T13:38:41.738,NC,NTPC,387.5,374.35,388.0,374.35,380.15,10471989,382.87,387.5,25,387.55,3453,
2026-04-13T13:38:42.841,NC,NTPC,387.55,374.35,388.0,374.35,380.15,10472303,382.87,387.5,25,387.55,3139,
2026-04-13T13:38:43.841,NC,NTPC,387.5,374.35,388.0,374.35,380.15,10472357,382.87,387.5,25,387.55,3139,
2026-04-13T13:38:44.871,NC,NTPC,387.55,374.35,388.0,374.35,380.15,10472460,382.87,387.4,899,387.55,2908,
2026-04-13T13:38:45.843,NC,NTPC,387.5,374.35,388.0,374.35,380.15,10472484,382.87,387.5,92,387.55,3102,
2026-04-13T13:38:46.851,NC,NTPC,387.55,374.35,388.0,374.35,380.15,10472508,382.87,387.5,92,387.55,3088,
2026-04-13T13:38:47.844,NC,NTPC,387.5,374.35,388.0,374.35,380.15,10472533,382.87,387.5,67,387.55,2960,
2026-04-13T13:38:48.948,NC,NTPC,387.55,374.35,388.0,374.35,380.15,10472710,382.87,387.4,899,387.5,6,
2026-04-13T13:38:50.952,NC,NTPC,387.45,374.35,388.0,374.35,380.15,10472720,382.87,387.45,57,387.5,6,
2026-04-13T13:38:52.046,NC,NTPC,387.45,374.35,388.0,374.35,380.15,10472777,382.87,387.4,1210,387.45,10,
2026-04-13T13:38:53.054,NC,NTPC,387.45,374.35,388.0,374.35,380.15,10472788,382.87,387.4,1157,387.45,10,
2026-04-13T13:38:54.155,NC,NTPC,387.4,374.35,388.0,374.35,380.15,10472896,382.87,387.4,1049,387.45,495,
2026-04-13T13:38:55.153,NC,NTPC,387.45,374.35,388.0,374.35,380.15,10473940,382.87,387.45,10,387.55,1933,
2026-04-13T13:38:56.376,NC,NTPC,387.55,374.35,388.0,374.35,380.15,10474199,382.87,387.45,13,387.55,1804,
2026-04-13T13:38:57.448,NC,NTPC,387.55,374.35,388.0,374.35,380.15,10474416,382.87,387.4,1317,387.55,1603,
2026-04-13T13:38:59.452,NC,NTPC,387.45,374.35,388.0,374.35,380.15,10474961,382.87,387.45,961,387.55,1570,
2026-04-13T13:39:00.455,NC,NTPC,387.4,374.35,388.0,374.35,380.15,10476022,382.88,387.4,1715,387.55,1930,
2026-04-13T13:39:01.552,NC,NTPC,387.45,374.35,388.0,374.35,380.15,10476139,382.88,387.45,1,387.55,2086,
2026-04-13T13:39:03.755,NC,NTPC,387.45,374.35,388.0,374.35,380.15,10476142,382.88,387.4,1647,387.45,5,
2026-04-13T13:39:04.870,NC,NTPC,387.5,374.35,388.0,374.35,380.15,10476253,382.88,387.4,1647,387.5,446,
2026-04-13T13:39:05.960,NC,NTPC,387.5,374.35,388.0,374.35,380.15,10476260,382.88,387.4,1647,387.5,1003,
2026-04-13T13:39:07.059,NC,NTPC,387.5,374.35,388.0,374.35,380.15,10476267,382.88,387.4,1647,387.45,2,
2026-04-13T13:39:08.156,NC,NTPC,387.4,374.35,388.0,374.35,380.15,10476319,382.88,387.4,1597,387.45,1,
2026-04-13T13:39:09.163,NC,NTPC,387.4,374.35,388.0,374.35,380.15,10476449,382.88,387.4,1475,387.45,532,
2026-04-13T13:39:10.165,NC,NTPC,387.5,374.35,388.0,374.35,380.15,10477481,382.88,387.45,13,387.5,1646,
2026-04-13T13:39:11.263,NC,NTPC,387.5,374.35,388.0,374.35,380.15,10478026,382.88,387.45,13,387.5,1182,
2026-04-13T13:39:12.264,NC,NTPC,387.45,374.35,388.0,374.35,380.15,10478030,382.88,387.45,13,387.5,479,
2026-04-13T13:39:13.274,NC,NTPC,387.5,374.35,388.0,374.35,380.15,10478320,382.88,387.45,3,387.5,157,
2026-04-13T13:39:14.168,NC,NTPC,387.4,374.35,388.0,374.35,380.15,10478365,382.88,387.4,388,387.45,6,
2026-04-13T13:39:15.201,NC,NTPC,387.45,374.35,388.0,374.35,380.15,10478417,382.88,387.4,343,387.45,7,
2026-04-13T13:39:16.170,NC,NTPC,387.5,374.35,388.0,374.35,380.15,10478582,382.88,387.45,4,387.5,90,
2026-04-13T13:39:17.072,NC,NTPC,387.4,374.35,388.0,374.35,380.15,10478635,382.88,387.4,277,387.5,251,
2026-04-13T13:39:18.185,NC,NTPC,387.4,374.35,388.0,374.35,380.15,10478680,382.88,387.4,232,387.5,1894,
2026-04-13T13:39:19.194,NC,NTPC,387.35,374.35,388.0,374.35,380.15,10479042,382.88,387.3,281,387.35,250,
2026-04-13T13:39:20.276,NC,NTPC,387.35,374.35,388.0,374.35,380.15,10479255,382.88,387.3,181,387.35,112,
2026-04-13T13:39:21.279,NC,NTPC,387.3,374.35,388.0,374.35,380.15,10479477,382.88,387.3,68,387.35,3,
2026-04-13T13:39:22.277,NC,NTPC,387.3,374.35,388.0,374.35,380.15,10479817,382.88,387.3,23,387.35,1,
2026-04-13T13:39:23.374,NC,NTPC,387.4,374.35,388.0,374.35,380.15,10480493,382.88,387.25,249,387.4,999,
2026-04-13T13:39:24.278,NC,NTPC,387.2,374.35,388.0,374.35,380.15,10480821,382.88,387.2,900,387.25,6,
2026-04-13T13:39:25.188,NC,NTPC,387.4,374.35,388.0,374.35,380.15,10482031,382.88,387.2,1810,387.4,660,
2026-04-13T13:39:26.298,NC,NTPC,387.4,374.35,388.0,374.35,380.15,10482535,382.88,387.3,6,387.4,49,
2026-04-13T13:39:27.284,NC,NTPC,387.25,374.35,388.0,374.35,380.15,10482701,382.88,387.25,75,387.4,49,
2026-04-13T13:39:28.290,NC,NTPC,387.25,374.35,388.0,374.35,380.15,10482750,382.88,387.25,435,387.4,45,
2026-04-13T13:39:29.287,NC,NTPC,387.25,374.35,388.0,374.35,380.15,10483027,382.88,387.25,337,387.4,49,
2026-04-13T13:39:30.188,NC,NTPC,387.25,374.35,388.0,374.35,380.15,10483074,382.88,387.2,1558,387.4,697,
2026-04-13T13:39:31.287,NC,NTPC,387.35,374.35,388.0,374.35,380.15,10483141,382.88,387.35,1,387.4,1190,
2026-04-13T13:39:32.287,NC,NTPC,387.2,374.35,388.0,374.35,380.15,10483386,382.88,387.2,623,387.4,1223,
2026-04-13T13:39:33.191,NC,NTPC,387.2,374.35,388.0,374.35,380.15,10483439,382.88,387.2,697,387.4,1792,
2026-04-13T13:39:34.194,NC,NTPC,387.2,374.35,388.0,374.35,380.15,10483550,382.88,387.2,599,387.25,28,
2026-04-13T13:39:35.091,NC,NTPC,387.2,374.35,388.0,374.35,380.15,10484147,382.88,387.15,1565,387.25,50,
2026-04-13T13:39:37.298,NC,NTPC,387.1,374.35,388.0,374.35,380.15,10486256,382.88,387.15,780,387.3,170,
2026-04-13T13:39:38.407,NC,NTPC,387.15,374.35,388.0,374.35,380.15,10486322,382.88,387.15,778,387.2,10,
2026-04-13T13:39:39.418,NC,NTPC,387.35,374.35,388.0,374.35,380.15,10487480,382.88,387.3,12,387.35,473,
2026-04-13T13:39:40.401,NC,NTPC,387.3,374.35,388.0,374.35,380.15,10487526,382.88,387.3,11,387.35,488,
2026-04-13T13:39:41.402,NC,NTPC,387.35,374.35,388.0,374.35,380.15,10487854,382.88,387.2,1475,387.35,598,
2026-04-13T13:39:43.403,NC,NTPC,387.3,374.35,388.0,374.35,380.15,10487863,382.88,387.25,1,387.3,1,
2026-04-13T13:39:44.411,NC,NTPC,387.3,374.35,388.0,374.35,380.15,10487964,382.88,387.2,806,387.3,457,
2026-04-13T13:39:45.306,NC,NTPC,387.3,374.35,388.0,374.35,380.15,10488079,382.88,387.2,1821,387.3,342,
2026-04-13T13:39:46.312,NC,NTPC,387.3,374.35,388.0,374.35,380.15,10488103,382.88,387.2,209,387.3,363,
2026-04-13T13:39:49.312,NC,NTPC,387.2,374.35,388.0,374.35,380.15,10488166,382.88,387.2,137,387.3,362,
2026-04-13T13:39:51.221,NC,NTPC,387.15,374.35,388.0,374.35,380.15,10488260,382.88,387.15,1046,387.2,5,
2026-04-13T13:39:52.218,NC,NTPC,387.2,374.35,388.0,374.35,380.15,10488279,382.88,387.15,1046,387.2,8,
2026-04-13T13:39:53.240,NC,NTPC,387.2,374.35,388.0,374.35,380.15,10489009,382.88,387.15,1301,387.3,234,
2026-04-13T13:39:54.164,NC,NTPC,387.2,374.35,388.0,374.35,380.15,10489513,382.88,387.2,50,387.3,360,
2026-04-13T13:39:55.140,NC,NTPC,387.3,374.35,388.0,374.35,380.15,10490580,382.88,387.3,13,387.35,6250,
2026-04-13T13:39:56.124,NC,NTPC,387.35,374.35,388.0,374.35,380.15,10490598,382.88,387.3,13,387.35,6245,
2026-04-13T13:39:57.124,NC,NTPC,387.35,374.35,388.0,374.35,380.15,10490856,382.88,387.3,13,387.35,6129,
2026-04-13T13:39:58.127,NC,NTPC,387.35,374.35,388.0,374.35,380.15,10490931,382.88,387.2,2537,387.35,6054,
2026-04-13T13:39:59.027,NC,NTPC,387.35,374.35,388.0,374.35,380.15,10490992,382.88,387.2,2483,387.35,6054,
2026-04-13T13:40:00.129,NC,NTPC,387.35,374.35,388.0,374.35,380.15,10490993,382.88,387.25,3,387.35,6053,
2026-04-13T13:40:01.143,NC,NTPC,387.35,374.35,388.0,374.35,380.15,10491156,382.88,387.25,2,387.35,5951,
2026-04-13T13:40:04.234,NC,NTPC,387.25,374.35,388.0,374.35,380.15,10491210,382.88,387.2,2076,387.35,1251,
2026-04-13T13:40:05.234,NC,NTPC,387.35,374.35,388.0,374.35,380.15,10491225,382.88,387.2,2076,387.35,1236,
2026-04-13T13:40:06.336,NC,NTPC,387.35,374.35,388.0,374.35,380.15,10491333,382.88,387.2,2101,387.35,1146,
2026-04-13T13:40:08.356,NC,NTPC,387.35,374.35,388.0,374.35,380.15,10491336,382.88,387.25,458,387.35,1143,
2026-04-13T13:40:09.356,NC,NTPC,387.35,374.35,388.0,374.35,380.15,10491509,382.88,387.25,972,387.35,956,
2026-04-13T13:40:10.348,NC,NTPC,387.25,374.35,388.0,374.35,380.15,10492807,382.88,387.25,4150,387.35,44,
2026-04-13T13:40:11.452,NC,NTPC,387.35,374.35,388.0,374.35,380.15,10493132,382.88,387.3,1724,387.35,60,
2026-04-13T13:40:13.452,NC,NTPC,387.4,374.35,388.0,374.35,380.15,10493258,382.88,387.35,3560,387.4,676,
2026-04-13T13:40:14.353,NC,NTPC,387.35,374.35,388.0,374.35,380.15,10493373,382.88,387.35,3465,387.4,692,
2026-04-13T13:40:15.358,NC,NTPC,387.4,374.35,388.0,374.35,380.15,10494060,382.88,387.35,2767,387.4,505,
2026-04-13T13:40:16.362,NC,NTPC,387.4,374.35,388.0,374.35,380.15,10494084,382.88,387.35,3085,387.4,481,
2026-04-13T13:40:17.353,NC,NTPC,387.4,374.35,388.0,374.35,380.15,10495494,382.88,387.4,2405,387.5,1481,
2026-04-13T13:40:19.390,NC,NTPC,387.5,374.35,388.0,374.35,380.15,10497116,382.88,387.45,923,387.5,31,
2026-04-13T13:40:21.374,NC,NTPC,387.5,374.35,388.0,374.35,380.15,10497124,382.88,387.45,926,387.5,29,
2026-04-13T13:40:22.362,NC,NTPC,387.5,374.35,388.0,374.35,380.15,10497636,382.88,387.45,1349,387.55,584,
2026-04-13T13:40:23.277,NC,NTPC,387.5,374.35,388.0,374.35,380.15,10497639,382.88,387.5,2,387.55,584,
2026-04-13T13:40:24.362,NC,NTPC,387.5,374.35,388.0,374.35,380.15,10497662,382.88,387.45,996,387.5,6,
2026-04-13T13:40:25.390,NC,NTPC,387.55,374.35,388.0,374.35,380.15,10499092,382.89,387.45,1266,387.5,94,
2026-04-13T13:40:26.362,NC,NTPC,387.5,374.35,388.0,374.35,380.15,10499347,382.89,387.45,1198,387.5,16,
2026-04-13T13:40:27.365,NC,NTPC,387.5,374.35,388.0,374.35,380.15,10499349,382.89,387.45,1198,387.5,79,
2026-04-13T13:40:29.265,NC,NTPC,387.5,374.35,388.0,374.35,380.15,10499618,382.89,387.5,793,387.55,1,
2026-04-13T13:40:31.273,NC,NTPC,387.55,374.35,388.0,374.35,380.15,10499621,382.89,387.55,3,387.65,1732,
2026-04-13T13:40:33.296,NC,NTPC,387.55,374.35,388.0,374.35,380.15,10499732,382.89,387.55,3,387.6,106,
2026-04-13T13:40:34.277,NC,NTPC,387.55,374.35,388.0,374.35,380.15,10499750,382.89,387.5,793,387.55,6,
2026-04-13T13:40:35.281,NC,NTPC,387.55,374.35,388.0,374.35,380.15,10499758,382.89,387.5,793,387.55,6,
2026-04-13T13:40:36.278,NC,NTPC,387.5,374.35,388.0,374.35,380.15,10499796,382.89,387.5,755,387.55,7,
2026-04-13T13:40:37.182,NC,NTPC,387.55,374.35,388.0,374.35,380.15,10499804,382.89,387.5,755,387.55,6,
2026-04-13T13:40:38.182,NC,NTPC,387.55,374.35,388.0,374.35,380.15,10499806,382.89,387.5,755,387.55,172,
2026-04-13T13:40:39.182,NC,NTPC,387.5,374.35,388.0,374.35,380.15,10500561,382.89,387.35,200,387.5,597,
2026-04-13T13:40:40.184,NC,NTPC,387.5,374.35,388.0,374.35,380.15,10501713,382.89,387.35,266,387.5,262,
2026-04-13T13:40:41.286,NC,NTPC,387.5,374.35,388.0,374.35,380.15,10502251,382.89,387.35,79,387.5,284,
2026-04-13T13:40:44.211,NC,NTPC,387.4,374.35,388.0,374.35,380.15,10502306,382.89,387.35,319,387.4,1,
2026-04-13T13:40:45.201,NC,NTPC,387.45,374.35,388.0,374.35,380.15,10502320,382.89,387.25,2336,387.45,946,
2026-04-13T13:40:48.204,NC,NTPC,387.4,374.35,388.0,374.35,380.15,10502369,382.89,387.2,2164,387.4,773,
2026-04-13T13:40:49.233,NC,NTPC,387.2,374.35,388.0,374.35,380.15,10502532,382.89,387.2,2322,387.4,1277,
2026-04-13T13:40:50.221,NC,NTPC,387.2,374.35,388.0,374.35,380.15,10502533,382.89,387.2,2321,387.4,1278,
2026-04-13T13:40:51.225,NC,NTPC,387.2,374.35,388.0,374.35,380.15,10502633,382.89,387.2,1747,387.4,1244,
2026-04-13T13:40:52.223,NC,NTPC,387.2,374.35,388.0,374.35,380.15,10502725,382.89,387.2,1949,387.4,1243,
2026-04-13T13:40:53.240,NC,NTPC,387.4,374.35,388.0,374.35,380.15,10502739,382.89,387.2,1948,387.4,1230,
2026-04-13T13:40:54.229,NC,NTPC,387.2,374.35,388.0,374.35,380.15,10505593,382.89,387.2,415,387.4,1182,
2026-04-13T13:40:55.215,NC,NTPC,387.4,374.35,388.0,374.35,380.15,10506749,382.89,387.25,236,387.4,664,
2026-04-13T13:40:56.324,NC,NTPC,387.4,374.35,388.0,374.35,380.15,10507002,382.89,387.25,1051,387.4,481,
2026-04-13T13:40:57.319,NC,NTPC,387.4,374.35,388.0,374.35,380.15,10507113,382.89,387.25,1051,387.4,870,
2026-04-13T13:40:58.420,NC,NTPC,387.25,374.35,388.0,374.35,380.15,10508269,382.89,387.25,658,387.4,878,
2026-04-13T13:40:59.553,NC,NTPC,387.25,374.35,388.0,374.35,380.15,10508392,382.89,387.25,1728,387.4,877,
2026-04-13T13:41:00.644,NC,NTPC,387.4,374.35,388.0,374.35,380.15,10508400,382.89,387.3,3,387.4,869,
2026-04-13T13:41:01.734,NC,NTPC,387.4,374.35,388.0,374.35,380.15,10508423,382.89,387.35,2,387.4,846,
2026-04-13T13:41:03.836,NC,NTPC,387.35,374.35,388.0,374.35,380.15,10508478,382.89,387.25,2097,387.4,796,
2026-04-13T13:41:04.935,NC,NTPC,387.4,374.35,388.0,374.35,380.15,10508741,382.89,387.25,1677,387.4,679,
2026-04-13T13:41:08.142,NC,NTPC,387.4,374.35,388.0,374.35,380.15,10508743,382.89,387.3,1,387.4,687,
2026-04-13T13:41:09.136,NC,NTPC,387.3,374.35,388.0,374.35,380.15,10508791,382.89,387.25,1875,387.3,6,
2026-04-13T13:41:10.150,NC,NTPC,387.4,374.35,388.0,374.35,380.15,10509938,382.89,387.4,1,387.45,1579,
2026-04-13T13:41:11.237,NC,NTPC,387.45,374.35,388.0,374.35,380.15,10510013,382.89,387.4,2,387.45,575,
2026-04-13T13:41:12.338,NC,NTPC,387.3,374.35,388.0,374.35,380.15,10510266,382.89,387.3,424,387.45,294,
2026-04-13T13:41:13.439,NC,NTPC,387.45,374.35,388.0,374.35,380.15,10510375,382.89,387.3,853,387.4,1,
2026-04-13T13:41:14.358,NC,NTPC,387.4,374.35,388.0,374.35,380.15,10510436,382.89,387.3,799,387.4,1,
2026-04-13T13:41:15.449,NC,NTPC,387.45,374.35,388.0,374.35,380.15,10510441,382.89,387.4,1,387.45,228,
2026-04-13T13:41:16.533,NC,NTPC,387.45,374.35,388.0,374.35,380.15,10510499,382.89,387.4,1,387.45,126,
2026-04-13T13:41:17.564,NC,NTPC,387.45,374.35,388.0,374.35,380.15,10510507,382.89,387.4,1,387.45,185,
2026-04-13T13:41:18.659,NC,NTPC,387.45,374.35,388.0,374.35,380.15,10510511,382.89,387.3,964,387.4,6,
2026-04-13T13:41:19.762,NC,NTPC,387.4,374.35,388.0,374.35,380.15,10510557,382.89,387.35,3,387.4,2058,
2026-04-13T13:41:20.759,NC,NTPC,387.4,374.35,388.0,374.35,380.15,10510836,382.89,387.35,1,387.4,2501,
2026-04-13T13:41:21.757,NC,NTPC,387.4,374.35,388.0,374.35,380.15,10512519,382.89,387.3,1737,387.4,923,
2026-04-13T13:41:22.868,NC,NTPC,387.3,374.35,388.0,374.35,380.15,10512617,382.89,387.3,1376,387.4,925,
2026-04-13T13:41:23.861,NC,NTPC,387.3,374.35,388.0,374.35,380.15,10512820,382.89,387.3,1228,387.4,866,
2026-04-13T13:41:24.866,NC,NTPC,387.4,374.35,388.0,374.35,380.15,10514021,382.89,387.3,1458,387.4,58,
2026-04-13T13:41:25.969,NC,NTPC,387.4,374.35,388.0,374.35,380.15,10514076,382.89,387.3,1138,387.4,48,
2026-04-13T13:41:27.073,NC,NTPC,387.4,374.35,388.0,374.35,380.15,10514371,382.89,387.3,836,387.4,9,
2026-04-13T13:41:27.971,NC,NTPC,387.3,374.35,388.0,374.35,380.15,10514416,382.89,387.3,791,387.4,290,
2026-04-13T13:41:29.069,NC,NTPC,387.4,374.35,388.0,374.35,380.15,10514704,382.89,387.3,442,387.4,326,
2026-04-13T13:41:30.080,NC,NTPC,387.35,374.35,388.0,374.35,380.15,10514762,382.89,387.35,46,387.4,326,
2026-04-13T13:41:31.073,NC,NTPC,387.4,374.35,388.0,374.35,380.15,10514831,382.89,387.3,1996,387.4,303,
2026-04-13T13:41:31.980,NC,NTPC,387.3,374.35,388.0,374.35,380.15,10514911,382.89,387.3,3127,387.4,293,
2026-04-13T13:41:33.083,NC,NTPC,387.4,374.35,388.0,374.35,380.15,10514994,382.89,387.35,1098,387.4,258,
2026-04-13T13:41:34.178,NC,NTPC,387.35,374.35,388.0,374.35,380.15,10515145,382.89,387.35,947,387.4,258,
2026-04-13T13:41:35.181,NC,NTPC,387.35,374.35,388.0,374.35,380.15,10515202,382.89,387.35,899,387.4,249,
2026-04-13T13:41:36.280,NC,NTPC,387.35,374.35,388.0,374.35,380.15,10515247,382.89,387.35,854,387.4,249,
2026-04-13T13:41:37.298,NC,NTPC,387.25,374.35,388.0,374.35,380.15,10516255,382.89,387.2,1501,387.35,782,
2026-04-13T13:41:38.287,NC,NTPC,387.2,374.35,388.0,374.35,380.15,10516302,382.89,387.2,1456,387.35,668,
2026-04-13T13:41:39.385,NC,NTPC,387.35,374.35,388.0,374.35,380.15,10517509,382.89,387.2,1551,387.35,224,
2026-04-13T13:41:40.389,NC,NTPC,387.2,374.35,388.0,374.35,380.15,10517667,382.89,387.2,1319,387.35,229,
2026-04-13T13:41:41.391,NC,NTPC,387.35,374.35,388.0,374.35,380.15,10517974,382.89,387.2,1,387.3,1257,
2026-04-13T13:41:42.388,NC,NTPC,387.15,374.35,388.0,374.35,380.15,10518019,382.89,387.15,108,387.3,1724,
2026-04-13T13:41:43.389,NC,NTPC,387.15,374.35,388.0,374.35,380.15,10518064,382.89,387.15,63,387.3,1778,
2026-04-13T13:41:44.389,NC,NTPC,387.1,374.35,388.0,374.35,380.15,10518188,382.89,387.1,2671,387.3,2056,
2026-04-13T13:41:45.414,NC,NTPC,387.1,374.35,388.0,374.35,380.15,10518348,382.89,387.1,2722,387.3,1496,
2026-04-13T13:41:46.292,NC,NTPC,387.1,374.35,388.0,374.35,380.15,10518394,382.89,387.1,2702,387.3,1628,
2026-04-13T13:41:47.298,NC,NTPC,387.1,374.35,388.0,374.35,380.15,10518440,382.89,387.1,2573,387.3,1654,
2026-04-13T13:41:48.294,NC,NTPC,387.1,374.35,388.0,374.35,380.15,10518485,382.89,387.1,2529,387.3,1628,
2026-04-13T13:41:49.299,NC,NTPC,387.15,374.35,388.0,374.35,380.15,10518660,382.89,387.15,2985,387.3,1620,
2026-04-13T13:41:50.307,NC,NTPC,387.15,374.35,388.0,374.35,380.15,10518705,382.89,387.15,3184,387.3,584,
2026-04-13T13:41:51.302,NC,NTPC,387.15,374.35,388.0,374.35,380.15,10518841,382.89,387.15,3154,387.3,574,
2026-04-13T13:41:52.311,NC,NTPC,387.2,374.35,388.0,374.35,380.15,10519021,382.89,387.2,307,387.3,439,
2026-04-13T13:41:53.322,NC,NTPC,387.25,374.35,388.0,374.35,380.15,10519245,382.89,387.25,112,387.3,260,
2026-04-13T13:41:54.309,NC,NTPC,387.25,374.35,388.0,374.35,380.15,10519355,382.89,387.2,62,387.3,260,
2026-04-13T13:41:55.316,NC,NTPC,387.3,374.35,388.0,374.35,380.15,10520433,382.89,387.3,11,387.35,30,
2026-04-13T13:41:56.320,NC,NTPC,387.35,374.35,388.0,374.35,380.15,10520576,382.89,387.35,10,387.4,2181,
2026-04-13T13:41:57.330,NC,NTPC,387.4,374.35,388.0,374.35,380.15,10520710,382.89,387.35,25,387.4,2045,
2026-04-13T13:41:58.319,NC,NTPC,387.35,374.35,388.0,374.35,380.15,10520924,382.89,387.35,15,387.4,718,
2026-04-13T13:41:59.418,NC,NTPC,387.25,374.35,388.0,374.35,380.15,10521098,382.89,387.25,1467,387.35,4,
2026-04-13T13:42:00.419,NC,NTPC,387.25,374.35,388.0,374.35,380.15,10521153,382.89,387.25,1444,387.35,4,
2026-04-13T13:42:01.525,NC,NTPC,387.3,374.35,388.0,374.35,380.15,10521308,382.89,387.3,24,387.4,416,
2026-04-13T13:42:02.426,NC,NTPC,387.25,374.35,388.0,374.35,380.15,10521353,382.89,387.25,993,387.4,416,
2026-04-13T13:42:03.520,NC,NTPC,387.25,374.35,388.0,374.35,380.15,10521408,382.89,387.25,995,387.4,442,
2026-04-13T13:42:04.533,NC,NTPC,387.25,374.35,388.0,374.35,380.15,10521510,382.89,387.25,893,387.4,442,
2026-04-13T13:42:05.537,NC,NTPC,387.25,374.35,388.0,374.35,380.15,10521571,382.89,387.25,848,387.4,426,
2026-04-13T13:42:06.627,NC,NTPC,387.25,374.35,388.0,374.35,380.15,10521626,382.89,387.25,895,387.4,436,
2026-04-13T13:42:07.527,NC,NTPC,387.4,374.35,388.0,374.35,380.15,10521673,382.89,387.3,1209,387.4,444,
2026-04-13T13:42:08.625,NC,NTPC,387.3,374.35,388.0,374.35,380.15,10521950,382.89,387.3,1041,387.4,335,
2026-04-13T13:42:09.625,NC,NTPC,387.45,374.35,388.0,374.35,380.15,10523038,382.9,387.4,13,387.45,240,
2026-04-13T13:42:10.627,NC,NTPC,387.45,374.35,388.0,374.35,380.15,10523146,382.9,387.4,12,387.45,82,
2026-04-13T13:42:11.631,NC,NTPC,387.45,374.35,388.0,374.35,380.15,10523278,382.9,387.45,24,387.5,707,
2026-04-13T13:42:12.556,NC,NTPC,387.45,374.35,388.0,374.35,380.15,10523333,382.9,387.45,15,387.5,736,
2026-04-13T13:42:13.532,NC,NTPC,387.5,374.35,388.0,374.35,380.15,10523521,382.9,387.45,25,387.5,593,
2026-04-13T13:42:14.531,NC,NTPC,387.4,374.35,388.0,374.35,380.15,10524035,382.9,387.35,1115,387.4,24,
2026-04-13T13:42:15.539,NC,NTPC,387.45,374.35,388.0,374.35,380.15,10526064,382.9,387.45,269,387.5,9,
2026-04-13T13:42:16.557,NC,NTPC,387.55,374.35,388.0,374.35,380.15,10526221,382.9,387.45,465,387.55,663,
2026-04-13T13:42:17.538,NC,NTPC,387.55,374.35,388.0,374.35,380.15,10526356,382.9,387.45,403,387.55,574,
2026-04-13T13:42:18.547,NC,NTPC,387.45,374.35,388.0,374.35,380.15,10526476,382.9,387.45,1594,387.5,2,
2026-04-13T13:42:19.548,NC,NTPC,387.5,374.35,388.0,374.35,380.15,10526533,382.9,387.45,1539,387.55,613,
2026-04-13T13:42:20.552,NC,NTPC,387.55,374.35,388.0,374.35,380.15,10526563,382.9,387.45,1539,387.55,583,
2026-04-13T13:42:22.552,NC,NTPC,387.55,374.35,388.0,374.35,380.15,10526565,382.9,387.5,1510,387.55,581,
2026-04-13T13:42:23.557,NC,NTPC,387.55,374.35,388.0,374.35,380.15,10526660,382.9,387.5,1510,387.55,486,
2026-04-13T13:42:24.559,NC,NTPC,387.6,374.35,388.0,374.35,380.15,10527868,382.9,387.55,13,387.6,565,
2026-04-13T13:42:25.571,NC,NTPC,387.55,374.35,388.0,374.35,380.15,10527875,382.9,387.55,13,387.6,494,
2026-04-13T13:42:26.563,NC,NTPC,387.6,374.35,388.0,374.35,380.15,10528129,382.9,387.55,12,387.6,404,
2026-04-13T13:42:27.563,NC,NTPC,387.6,374.35,388.0,374.35,380.15,10528247,382.9,387.5,1456,387.6,841,
2026-04-13T13:42:28.473,NC,NTPC,387.5,374.35,388.0,374.35,380.15,10528547,382.9,387.5,1156,387.55,166,
2026-04-13T13:42:29.364,NC,NTPC,387.5,374.35,388.0,374.35,380.15,10528677,382.9,387.5,1034,387.55,275,
2026-04-13T13:42:31.471,NC,NTPC,387.4,374.35,388.0,374.35,380.15,10528793,382.9,387.4,54,387.55,1297,
2026-04-13T13:42:33.473,NC,NTPC,387.4,374.35,388.0,374.35,380.15,10528927,382.9,387.4,29,387.55,1328,
2026-04-13T13:42:34.376,NC,NTPC,387.4,374.35,388.0,374.35,380.15,10528962,382.9,387.35,691,387.4,6,
2026-04-13T13:42:35.372,NC,NTPC,387.55,374.35,388.0,374.35,380.15,10528989,382.9,387.4,3075,387.55,23,
2026-04-13T13:42:37.478,NC,NTPC,387.55,374.35,388.0,374.35,380.15,10528997,382.9,387.4,4223,387.5,50,
2026-04-13T13:42:38.574,NC,NTPC,387.5,374.35,388.0,374.35,380.15,10529000,382.9,387.4,4170,387.5,54,
2026-04-13T13:42:39.673,NC,NTPC,387.6,374.35,388.0,374.35,380.15,10530171,382.9,387.5,4,387.6,1202,
2026-04-13T13:42:40.696,NC,NTPC,387.5,374.35,388.0,374.35,380.15,10530322,382.9,387.4,3749,387.5,92,
2026-04-13T13:42:41.683,NC,NTPC,387.55,374.35,388.0,374.35,380.15,10530431,382.9,387.5,19,387.55,734,
2026-04-13T13:42:42.790,NC,NTPC,387.5,374.35,388.0,374.35,380.15,10530519,382.9,387.5,19,387.55,1194,
2026-04-13T13:42:43.888,NC,NTPC,387.5,374.35,388.0,374.35,380.15,10530582,382.9,387.4,1101,387.5,6,
2026-04-13T13:42:44.993,NC,NTPC,387.5,374.35,388.0,374.35,380.15,10530596,382.9,387.4,1101,387.5,4,
2026-04-13T13:42:46.093,NC,NTPC,387.4,374.35,388.0,374.35,380.15,10530681,382.9,387.4,1092,387.45,1,
2026-04-13T13:42:49.403,NC,NTPC,387.45,374.35,388.0,374.35,380.15,10558941,382.91,387.45,70,387.5,6,
2026-04-13T13:42:50.407,NC,NTPC,387.4,374.35,388.0,374.35,380.15,10559184,382.91,387.4,4451,387.5,6,
2026-04-13T13:42:51.415,NC,NTPC,387.4,374.35,388.0,374.35,380.15,10563701,382.91,387.35,183,387.5,1097,
2026-04-13T13:42:53.423,NC,NTPC,387.4,374.35,388.0,374.35,380.15,10563744,382.91,387.4,2,387.45,3,
2026-04-13T13:42:54.417,NC,NTPC,387.55,374.35,388.0,374.35,380.15,10564927,382.91,387.5,13,387.55,465,
2026-04-13T13:42:55.511,NC,NTPC,387.55,374.35,388.0,374.35,380.15,10564939,382.91,387.5,13,387.55,455,
2026-04-13T13:42:56.419,NC,NTPC,387.55,374.35,388.0,374.35,380.15,10565188,382.91,387.5,13,387.55,252,
2026-04-13T13:42:57.418,NC,NTPC,387.55,374.35,388.0,374.35,380.15,10565416,382.91,387.45,120,387.55,436,
2026-04-13T13:42:58.419,NC,NTPC,387.45,374.35,388.0,374.35,380.15,10565482,382.91,387.45,54,387.5,2,
2026-04-13T13:42:59.421,NC,NTPC,387.45,374.35,388.0,374.35,380.15,10565603,382.91,387.4,678,387.45,1,
2026-04-13T13:43:01.426,NC,NTPC,387.45,374.35,388.0,374.35,380.15,10565612,382.91,387.45,3,387.5,2,
2026-04-13T13:43:02.428,NC,NTPC,387.5,374.35,388.0,374.35,380.15,10565616,382.91,387.45,23,387.5,3,
2026-04-13T13:43:03.438,NC,NTPC,387.45,374.35,388.0,374.35,380.15,10565622,382.91,387.45,20,387.5,3,
2026-04-13T13:43:04.434,NC,NTPC,387.5,374.35,388.0,374.35,380.15,10565681,382.91,387.45,20,387.5,1,
2026-04-13T13:43:05.445,NC,NTPC,387.55,374.35,388.0,374.35,380.15,10565942,382.91,387.5,1,387.55,188,
2026-04-13T13:43:07.434,NC,NTPC,387.55,374.35,388.0,374.35,380.15,10566423,382.91,387.5,839,387.55,234,
2026-04-13T13:43:08.543,NC,NTPC,387.55,374.35,388.0,374.35,380.15,10566825,382.92,387.5,986,387.55,63,
2026-04-13T13:43:09.538,NC,NTPC,387.75,374.35,388.0,374.35,380.15,10567920,382.92,387.6,59,387.7,356,
2026-04-13T13:43:10.543,NC,NTPC,387.55,374.35,388.0,374.35,380.15,10568424,382.92,387.55,63,387.65,1,
2026-04-13T13:43:11.444,NC,NTPC,387.65,374.35,388.0,374.35,380.15,10568438,382.92,387.65,27,387.75,1823,
2026-04-13T13:43:13.444,NC,NTPC,387.65,374.35,388.0,374.35,380.15,10568580,382.92,387.65,26,387.7,736,
2026-04-13T13:43:14.454,NC,NTPC,387.7,374.35,388.0,374.35,380.15,10568832,382.92,387.55,122,387.7,409,
2026-04-13T13:43:15.451,NC,NTPC,387.7,374.35,388.0,374.35,380.15,10568839,382.92,387.5,3127,387.6,93,
2026-04-13T13:43:16.460,NC,NTPC,387.6,374.35,388.0,374.35,380.15,10568908,382.92,387.5,2471,387.55,400,
2026-04-13T13:43:17.462,NC,NTPC,387.45,374.35,388.0,374.35,380.15,10570482,382.92,387.4,510,387.45,338,
2026-04-13T13:43:18.459,NC,NTPC,387.45,374.35,388.0,374.35,380.15,10570527,382.92,387.4,510,387.45,293,
2026-04-13T13:43:19.469,NC,NTPC,387.45,374.35,388.0,374.35,380.15,10570627,382.92,387.4,456,387.45,254,
2026-04-13T13:43:20.465,NC,NTPC,387.45,374.35,388.0,374.35,380.15,10570672,382.92,387.4,459,387.45,209,
2026-04-13T13:43:21.381,NC,NTPC,387.45,374.35,388.0,374.35,380.15,10570894,382.92,387.4,391,387.45,26,
2026-04-13T13:43:22.468,NC,NTPC,387.45,374.35,388.0,374.35,380.15,10571241,382.92,387.4,91,387.45,19,
2026-04-13T13:43:23.508,NC,NTPC,387.45,374.35,388.0,374.35,380.15,10571286,382.92,387.4,91,387.45,31,
2026-04-13T13:43:24.481,NC,NTPC,387.6,374.35,388.0,374.35,380.15,10572447,382.92,387.5,13,387.6,1385,
2026-04-13T13:43:25.477,NC,NTPC,387.6,374.35,388.0,374.35,380.15,10572507,382.92,387.55,1,387.6,903,
2026-04-13T13:43:26.476,NC,NTPC,387.6,374.35,388.0,374.35,380.15,10572800,382.92,387.55,4,387.6,1320,
2026-04-13T13:43:27.476,NC,NTPC,387.4,374.35,388.0,374.35,380.15,10572992,382.92,387.4,1773,387.6,887,
2026-04-13T13:43:28.482,NC,NTPC,387.6,374.35,388.0,374.35,380.15,10573037,382.92,387.4,1773,387.6,842,
2026-04-13T13:43:29.482,NC,NTPC,387.6,374.35,388.0,374.35,380.15,10573246,382.92,387.4,1784,387.5,3,
2026-04-13T13:43:30.488,NC,NTPC,387.6,374.35,388.0,374.35,380.15,10573291,382.92,387.4,1700,387.6,859,
2026-04-13T13:43:31.482,NC,NTPC,387.45,374.35,388.0,374.35,380.15,10573495,382.92,387.4,1632,387.6,910,
2026-04-13T13:43:32.579,NC,NTPC,387.55,374.35,388.0,374.35,380.15,10573548,382.92,387.4,1800,387.6,860,
2026-04-13T13:43:33.581,NC,NTPC,387.45,374.35,388.0,374.35,380.15,10573603,382.92,387.45,171,387.6,505,
2026-04-13T13:43:34.693,NC,NTPC,387.6,374.35,388.0,374.35,380.15,10573786,382.92,387.45,52,387.5,1,
2026-04-13T13:43:35.637,NC,NTPC,387.5,374.35,388.0,374.35,380.15,10573790,382.92,387.5,1,387.6,1073,
2026-04-13T13:43:36.588,NC,NTPC,387.6,374.35,388.0,374.35,380.15,10573944,382.92,387.5,1,387.6,788,
2026-04-13T13:43:37.591,NC,NTPC,387.6,374.35,388.0,374.35,380.15,10573991,382.92,387.5,1,387.6,1309,
2026-04-13T13:43:38.611,NC,NTPC,387.55,374.35,388.0,374.35,380.15,10574040,382.92,387.4,2069,387.5,6,
2026-04-13T13:43:39.599,NC,NTPC,387.6,374.35,388.0,374.35,380.15,10575231,382.92,387.55,1,387.6,57,
2026-04-13T13:43:40.696,NC,NTPC,387.6,374.35,388.0,374.35,380.15,10575334,382.92,387.55,1,387.6,118,
2026-04-13T13:43:41.602,NC,NTPC,387.6,374.35,388.0,374.35,380.15,10575552,382.92,387.6,25,387.65,619,
2026-04-13T13:43:42.805,NC,NTPC,387.65,374.35,388.0,374.35,380.15,10575646,382.92,387.6,25,387.65,316,
2026-04-13T13:43:43.893,NC,NTPC,387.65,374.35,388.0,374.35,380.15,10576230,382.92,387.6,55,387.65,89,
2026-04-13T13:43:44.910,NC,NTPC,387.65,374.35,388.0,374.35,380.15,10576407,382.92,387.6,38,387.65,29,
2026-04-13T13:43:45.902,NC,NTPC,387.65,374.35,388.0,374.35,380.15,10576476,382.92,387.6,38,387.65,57,
2026-04-13T13:43:46.995,NC,NTPC,387.65,374.35,388.0,374.35,380.15,10576521,382.92,387.6,38,387.65,22,
2026-04-13T13:43:47.997,NC,NTPC,387.65,374.35,388.0,374.35,380.15,10576566,382.92,387.6,38,387.65,13,
2026-04-13T13:43:49.002,NC,NTPC,387.65,374.35,388.0,374.35,380.15,10576657,382.92,387.5,511,387.65,18,
2026-04-13T13:43:49.901,NC,NTPC,387.6,374.35,388.0,374.35,380.15,10576705,382.92,387.5,511,387.6,37,
2026-04-13T13:43:50.903,NC,NTPC,387.6,374.35,388.0,374.35,380.15,10576808,382.92,387.5,849,387.6,89,
2026-04-13T13:43:51.904,NC,NTPC,387.6,374.35,388.0,374.35,380.15,10576906,382.92,387.5,865,387.6,51,
2026-04-13T13:43:52.907,NC,NTPC,387.6,374.35,388.0,374.35,380.15,10577068,382.92,387.5,865,387.6,78,
2026-04-13T13:43:53.918,NC,NTPC,387.6,374.35,388.0,374.35,380.15,10577167,382.92,387.5,811,387.6,33,
2026-04-13T13:43:54.911,NC,NTPC,387.7,374.35,388.0,374.35,380.15,10578341,382.92,387.6,5,387.7,187,
2026-04-13T13:43:56.013,NC,NTPC,387.6,374.35,388.0,374.35,380.15,10578407,382.92,387.6,5,387.75,1853,
2026-04-13T13:43:57.010,NC,NTPC,387.7,374.35,388.0,374.35,380.15,10578708,382.92,387.6,5,387.7,214,
2026-04-13T13:43:58.014,NC,NTPC,387.7,374.35,388.0,374.35,380.15,10578777,382.92,387.55,176,387.7,168,
2026-04-13T13:43:59.016,NC,NTPC,387.7,374.35,388.0,374.35,380.15,10578877,382.92,387.55,118,387.7,130,
2026-04-13T13:43:59.915,NC,NTPC,387.65,374.35,388.0,374.35,380.15,10579023,382.92,387.6,3,387.65,45,
2026-04-13T13:44:01.018,NC,NTPC,387.65,374.35,388.0,374.35,380.15,10579402,382.92,387.6,2,387.65,5,
2026-04-13T13:44:02.123,NC,NTPC,387.7,374.35,388.0,374.35,380.15,10579458,382.92,387.6,843,387.7,22,
2026-04-13T13:44:03.143,NC,NTPC,387.7,374.35,388.0,374.35,380.15,10579503,382.92,387.6,514,387.65,100,
2026-04-13T13:44:04.227,NC,NTPC,387.75,374.35,388.0,374.35,380.15,10579799,382.92,387.6,990,387.75,8,
2026-04-13T13:44:05.336,NC,NTPC,387.75,374.35,388.0,374.35,380.15,10579859,382.92,387.6,800,387.75,1,
2026-04-13T13:44:06.431,NC,NTPC,387.75,374.35,388.0,374.35,380.15,10579916,382.92,387.6,990,387.75,17,
2026-04-13T13:44:07.340,NC,NTPC,387.75,374.35,388.0,374.35,380.15,10579961,382.92,387.6,990,387.75,13,
2026-04-13T13:44:08.431,NC,NTPC,387.75,374.35,388.0,374.35,380.15,10580008,382.92,387.6,440,387.7,400,
2026-04-13T13:44:09.434,NC,NTPC,387.8,374.35,388.0,374.35,380.15,10581251,382.92,387.7,13,387.8,2187,
2026-04-13T13:44:10.542,NC,NTPC,387.8,374.35,388.0,374.35,380.15,10581306,382.92,387.7,13,387.8,2226,
2026-04-13T13:44:11.533,NC,NTPC,387.8,374.35,388.0,374.35,380.15,10581619,382.92,387.7,13,387.8,2411,
2026-04-13T13:44:12.536,NC,NTPC,387.8,374.35,388.0,374.35,380.15,10581786,382.92,387.6,195,387.75,43,
2026-04-13T13:44:13.639,NC,NTPC,387.7,374.35,388.0,374.35,380.15,10581938,382.92,387.6,141,387.7,827,
2026-04-13T13:44:14.638,NC,NTPC,387.65,374.35,388.0,374.35,380.15,10581983,382.92,387.6,141,387.65,50,
2026-04-13T13:44:15.754,NC,NTPC,387.6,374.35,388.0,374.35,380.15,10582131,382.92,387.4,581,387.55,935,
2026-04-13T13:44:16.752,NC,NTPC,387.55,374.35,388.0,374.35,380.15,10582242,382.92,387.5,4,387.55,270,
2026-04-13T13:44:18.767,NC,NTPC,387.5,374.35,388.0,374.35,380.15,10582266,382.92,387.4,691,387.5,6,
2026-04-13T13:44:19.760,NC,NTPC,387.5,374.35,388.0,374.35,380.15,10582286,382.92,387.45,3,387.5,552,
2026-04-13T13:44:20.755,NC,NTPC,387.45,374.35,388.0,374.35,380.15,10582332,382.92,387.4,630,387.45,7,
2026-04-13T13:44:21.748,NC,NTPC,387.45,374.35,388.0,374.35,380.15,10582358,382.92,387.4,605,387.45,544,
2026-04-13T13:44:22.884,NC,NTPC,387.4,374.35,388.0,374.35,380.15,10582379,382.92,387.4,586,387.45,538,
2026-04-13T13:44:23.952,NC,NTPC,387.4,374.35,388.0,374.35,380.15,10582444,382.92,387.4,521,387.45,538,
2026-04-13T13:44:25.058,NC,NTPC,387.5,374.35,388.0,374.35,380.15,10583701,382.92,387.45,13,387.5,54,
2026-04-13T13:44:26.154,NC,NTPC,387.5,374.35,388.0,374.35,380.15,10583705,382.92,387.45,13,387.5,50,
2026-04-13T13:44:27.053,NC,NTPC,387.5,374.35,388.0,374.35,380.15,10583954,382.92,387.45,13,387.5,62,
2026-04-13T13:44:28.175,NC,NTPC,387.4,374.35,388.0,374.35,380.15,10584091,382.92,387.4,802,387.55,954,
2026-04-13T13:44:29.254,NC,NTPC,387.4,374.35,388.0,374.35,380.15,10584222,382.92,387.4,680,387.55,859,
2026-04-13T13:44:31.156,NC,NTPC,387.5,374.35,388.0,374.35,380.15,10584246,382.92,387.4,637,387.5,1479,
2026-04-13T13:44:33.460,NC,NTPC,387.5,374.35,388.0,374.35,380.15,10584434,382.92,387.4,709,387.5,1378,
2026-04-13T13:44:34.562,NC,NTPC,387.4,374.35,388.0,374.35,380.15,10584489,382.92,387.4,654,387.5,1378,
2026-04-13T13:44:35.563,NC,NTPC,387.5,374.35,388.0,374.35,380.15,10584597,382.92,387.4,654,387.5,1320,
2026-04-13T13:44:37.268,NC,NTPC,387.5,374.35,388.0,374.35,380.15,10584605,382.92,387.4,654,387.5,1312,
2026-04-13T13:44:38.361,NC,NTPC,387.5,374.35,388.0,374.35,380.15,10584607,382.92,387.4,730,387.5,1310,
2026-04-13T13:44:39.463,NC,NTPC,387.5,374.35,388.0,374.35,380.15,10585814,382.92,387.4,600,387.5,707,
2026-04-13T13:44:40.465,NC,NTPC,387.4,374.35,388.0,374.35,380.15,10585823,382.92,387.4,595,387.5,703,
2026-04-13T13:44:41.568,NC,NTPC,387.5,374.35,388.0,374.35,380.15,10586481,382.92,387.4,1197,387.5,193,
2026-04-13T13:44:44.371,NC,NTPC,387.4,374.35,388.0,374.35,380.15,10586535,382.92,387.4,1305,387.5,193,
2026-04-13T13:44:45.373,NC,NTPC,387.5,374.35,388.0,374.35,380.15,10586549,382.92,387.4,1372,387.5,179,
2026-04-13T13:44:46.372,NC,NTPC,387.5,374.35,388.0,374.35,380.15,10586573,382.92,387.4,1372,387.5,165,
2026-04-13T13:44:48.580,NC,NTPC,387.5,374.35,388.0,374.35,380.15,10586682,382.92,387.45,73,387.5,63,
2026-04-13T13:44:49.674,NC,NTPC,387.5,374.35,388.0,374.35,380.15,10586747,382.92,387.45,19,387.5,53,
2026-04-13T13:44:50.676,NC,NTPC,387.4,374.35,388.0,374.35,380.15,10586915,382.92,387.4,948,387.5,46,
2026-04-13T13:44:51.675,NC,NTPC,387.45,374.35,388.0,374.35,380.15,10586933,382.92,387.4,948,387.45,9,
2026-04-13T13:44:52.678,NC,NTPC,387.45,374.35,388.0,374.35,380.15,10586944,382.92,387.4,948,387.45,14,
2026-04-13T13:44:53.577,NC,NTPC,387.45,374.35,388.0,374.35,380.15,10587062,382.92,387.45,271,387.5,38,
2026-04-13T13:44:54.678,NC,NTPC,387.55,374.35,388.0,374.35,380.15,10588231,382.92,387.5,4,387.55,432,
2026-04-13T13:44:55.677,NC,NTPC,387.5,374.35,388.0,374.35,380.15,10588370,382.92,387.45,247,387.5,1,
2026-04-13T13:44:56.681,NC,NTPC,387.55,374.35,388.0,374.35,380.15,10588554,382.92,387.5,25,387.55,987,
2026-04-13T13:44:57.586,NC,NTPC,387.5,374.35,388.0,374.35,380.15,10588555,382.92,387.5,24,387.55,555,
2026-04-13T13:44:58.586,NC,NTPC,387.5,374.35,388.0,374.35,380.15,10588677,382.92,387.5,25,387.55,674,
2026-04-13T13:44:59.587,NC,NTPC,387.55,374.35,388.0,374.35,380.15,10588727,382.92,387.45,100,387.55,617,
2026-04-13T13:45:00.592,NC,NTPC,387.55,374.35,388.0,374.35,380.15,10588735,382.92,387.45,133,387.55,873,
2026-04-13T13:45:01.693,NC,NTPC,387.45,374.35,388.0,374.35,380.15,10588759,382.92,387.45,134,387.5,1,
2026-04-13T13:45:03.788,NC,NTPC,387.55,374.35,388.0,374.35,380.15,10588974,382.92,387.45,80,387.55,514,
2026-04-13T13:45:04.888,NC,NTPC,387.55,374.35,388.0,374.35,380.15,10589085,382.92,387.45,80,387.5,2,
2026-04-13T13:45:05.988,NC,NTPC,387.5,374.35,388.0,374.35,380.15,10589092,382.92,387.45,80,387.5,1,
2026-04-13T13:45:06.996,NC,NTPC,387.55,374.35,388.0,374.35,380.15,10589293,382.92,387.45,80,387.55,109,
2026-04-13T13:45:07.894,NC,NTPC,387.55,374.35,388.0,374.35,380.15,10589297,382.92,387.45,79,387.55,106,
2026-04-13T13:45:08.904,NC,NTPC,387.45,374.35,388.0,374.35,380.15,10589402,382.92,387.4,533,387.45,13,
2026-04-13T13:45:09.898,NC,NTPC,387.5,374.35,388.0,374.35,380.15,10590434,382.93,387.45,13,387.5,668,
2026-04-13T13:45:10.895,NC,NTPC,387.5,374.35,388.0,374.35,380.15,10590439,382.93,387.45,13,387.5,663,
2026-04-13T13:45:11.898,NC,NTPC,387.35,374.35,388.0,374.35,380.15,10591121,382.93,387.3,50,387.4,265,
2026-04-13T13:45:13.096,NC,NTPC,387.4,374.35,388.0,374.35,380.15,10591231,382.93,387.3,50,387.4,483,
2026-04-13T13:45:14.099,NC,NTPC,387.3,374.35,388.0,374.35,380.15,10591281,382.93,387.25,5,387.3,6,
2026-04-13T13:45:15.303,NC,NTPC,387.3,374.35,388.0,374.35,380.15,10591287,382.93,387.3,1,387.35,175,
2026-04-13T13:45:16.302,NC,NTPC,387.35,374.35,388.0,374.35,380.15,10591337,382.93,387.2,943,387.35,173,
2026-04-13T13:45:17.306,NC,NTPC,387.2,374.35,388.0,374.35,380.15,10591346,382.93,387.2,942,387.35,159,
2026-04-13T13:45:19.503,NC,NTPC,387.35,374.35,388.0,374.35,380.15,10591490,382.93,387.25,56,387.35,110,
2026-04-13T13:45:20.605,NC,NTPC,387.35,374.35,388.0,374.35,380.15,10591599,382.93,387.3,4,387.35,95,
2026-04-13T13:45:23.516,NC,NTPC,387.35,374.35,388.0,374.35,380.15,10591602,382.93,387.3,4,387.35,109,
2026-04-13T13:45:24.508,NC,NTPC,387.45,374.35,388.0,374.35,380.15,10592657,382.93,387.35,14,387.45,433,
2026-04-13T13:45:25.609,NC,NTPC,387.35,374.35,388.0,374.35,380.15,10592673,382.93,387.35,13,387.45,1072,
2026-04-13T13:45:26.512,NC,NTPC,387.45,374.35,388.0,374.35,380.15,10592929,382.93,387.35,13,387.45,684,
2026-04-13T13:45:27.613,NC,NTPC,387.45,374.35,388.0,374.35,380.15,10595046,382.93,387.3,39,387.45,357,
2026-04-13T13:45:28.612,NC,NTPC,387.3,374.35,388.0,374.35,380.15,10595210,382.93,387.3,136,387.45,254,
2026-04-13T13:45:30.613,NC,NTPC,387.35,374.35,388.0,374.35,380.15,10595213,382.93,387.3,70,387.35,4,
2026-04-13T13:45:31.513,NC,NTPC,387.35,374.35,388.0,374.35,380.15,10595236,382.93,387.3,165,387.35,7,
2026-04-13T13:45:32.516,NC,NTPC,387.35,374.35,388.0,374.35,380.15,10595316,382.93,387.35,76,387.45,308,
2026-04-13T13:45:33.514,NC,NTPC,387.35,374.35,388.0,374.35,380.15,10595374,382.93,387.35,26,387.45,300,
2026-04-13T13:45:34.617,NC,NTPC,387.35,374.35,388.0,374.35,380.15,10595428,382.93,387.35,99,387.45,300,
2026-04-13T13:45:35.615,NC,NTPC,387.35,374.35,388.0,374.35,380.15,10595467,382.93,387.35,175,387.45,291,
2026-04-13T13:45:36.520,NC,NTPC,387.35,374.35,388.0,374.35,380.15,10595477,382.93,387.35,346,387.45,291,
2026-04-13T13:45:39.430,NC,NTPC,387.45,374.35,388.0,374.35,380.15,10596638,382.93,387.45,27,387.5,508,
2026-04-13T13:45:44.536,NC,NTPC,387.45,374.35,388.0,374.35,380.15,10597060,382.93,387.4,1,387.45,698,
2026-04-13T13:45:49.542,NC,NTPC,387.4,374.35,388.0,374.35,380.15,10597318,382.93,387.35,252,387.4,12,
2026-04-13T13:45:53.961,NC,NTPC,387.35,374.35,388.0,374.35,380.15,10597699,382.93,387.35,273,387.4,150,
2026-04-13T13:45:58.069,NC,NTPC,387.4,374.35,388.0,374.35,380.15,10599138,382.93,387.35,395,387.4,82,
2026-04-13T13:46:02.557,NC,NTPC,387.35,374.35,388.0,374.35,380.15,10600167,382.93,387.35,114,387.45,37,
2026-04-13T13:46:07.567,NC,NTPC,387.4,374.35,388.0,374.35,380.15,10600248,382.93,387.35,382,387.4,2,
2026-04-13T13:46:12.079,NC,NTPC,387.25,374.35,388.0,374.35,380.15,10603222,382.93,387.2,794,387.35,373,
2026-04-13T13:46:16.681,NC,NTPC,387.35,374.35,388.0,374.35,380.15,10603403,382.93,387.3,5,387.35,1056,
2026-04-13T13:46:21.094,NC,NTPC,387.3,374.35,388.0,374.35,380.15,10603763,382.93,387.25,41,387.3,6,
2026-04-13T13:46:25.683,NC,NTPC,387.25,374.35,388.0,374.35,380.15,10606284,382.93,387.15,395,387.25,131,
2026-04-13T13:46:30.086,NC,NTPC,387.25,374.35,388.0,374.35,380.15,10606557,382.93,387.15,17,387.25,500,
2026-04-13T13:46:34.403,NC,NTPC,387.15,374.35,388.0,374.35,380.15,10606716,382.93,387.1,1646,387.15,6,
2026-04-13T13:46:36.997,NC,NTPC,387.25,374.35,388.0,374.35,380.15,10607748,382.93,387.15,39,387.25,33,
2026-04-13T13:46:38.006,NC,NTPC,387.25,374.35,388.0,374.35,380.15,10607781,382.93,387.15,38,387.25,50,
2026-04-13T13:46:39.012,NC,NTPC,387.15,374.35,388.0,374.35,380.15,10607835,382.93,387.15,730,387.25,57,
2026-04-13T13:46:40.013,NC,NTPC,387.15,374.35,388.0,374.35,380.15,10608916,382.93,387.3,11,387.35,970,
2026-04-13T13:46:40.907,NC,NTPC,387.35,374.35,388.0,374.35,380.15,10609035,382.93,387.3,6,387.35,597,
2026-04-13T13:46:41.908,NC,NTPC,387.3,374.35,388.0,374.35,380.15,10609301,382.93,387.3,13,387.35,481,
2026-04-13T13:46:43.010,NC,NTPC,387.3,374.35,388.0,374.35,380.15,10609407,382.93,387.25,4,387.3,313,
2026-04-13T13:46:44.009,NC,NTPC,387.25,374.35,388.0,374.35,380.15,10609436,382.93,387.15,55,387.25,3,
2026-04-13T13:46:45.011,NC,NTPC,387.25,374.35,388.0,374.35,380.15,10609454,382.93,387.15,58,387.25,7,
2026-04-13T13:46:46.014,NC,NTPC,387.25,374.35,388.0,374.35,380.15,10609480,382.93,387.25,41,387.3,570,
2026-04-13T13:46:47.013,NC,NTPC,387.1,374.35,388.0,374.35,380.15,10609988,382.93,387.1,792,387.2,927,
2026-04-13T13:46:49.010,NC,NTPC,387.1,374.35,388.0,374.35,380.15,10610219,382.93,387.1,671,387.2,467,
2026-04-13T13:46:50.915,NC,NTPC,387.1,374.35,388.0,374.35,380.15,10610220,382.93,387.1,669,387.2,467,
2026-04-13T13:46:51.924,NC,NTPC,387.05,374.35,388.0,374.35,380.15,10611396,382.93,387.05,31,387.1,16,
2026-04-13T13:46:52.916,NC,NTPC,387.1,374.35,388.0,374.35,380.15,10611437,382.93,387.05,60,387.1,6,
2026-04-13T13:46:53.925,NC,NTPC,387.05,374.35,388.0,374.35,380.15,10611680,382.93,387.0,21358,387.05,6,
2026-04-13T13:46:54.935,NC,NTPC,387.15,374.35,388.0,374.35,380.15,10617165,382.94,387.05,1,387.15,847,
2026-04-13T13:46:55.939,NC,NTPC,387.0,374.35,388.0,374.35,380.15,10617180,382.94,387.0,16919,387.15,799,
2026-04-13T13:46:56.940,NC,NTPC,387.15,374.35,388.0,374.35,380.15,10618126,382.94,387.0,16899,387.15,630,
2026-04-13T13:46:57.945,NC,NTPC,387.0,374.35,388.0,374.35,380.15,10621109,382.94,387.0,14016,387.1,955,
2026-04-13T13:46:58.942,NC,NTPC,387.0,374.35,388.0,374.35,380.15,10621233,382.94,387.0,13893,387.1,1630,
2026-04-13T13:46:59.950,NC,NTPC,387.0,374.35,388.0,374.35,380.15,10621235,382.94,387.05,4,387.1,1133,
2026-04-13T13:47:01.056,NC,NTPC,387.1,374.35,388.0,374.35,380.15,10621288,382.94,387.05,5,387.1,1102,
2026-04-13T13:47:03.058,NC,NTPC,387.1,374.35,388.0,374.35,380.15,10621291,382.94,387.05,5,387.1,878,
2026-04-13T13:47:04.050,NC,NTPC,387.05,374.35,388.0,374.35,380.15,10621316,382.94,387.0,13892,387.05,6,
2026-04-13T13:47:05.063,NC,NTPC,387.05,374.35,388.0,374.35,380.15,10621433,382.94,387.0,13892,387.05,421,
2026-04-13T13:47:06.066,NC,NTPC,387.0,374.35,388.0,374.35,380.15,10621440,382.94,387.0,13891,387.05,415,
2026-04-13T13:47:08.056,NC,NTPC,387.05,374.35,388.0,374.35,380.15,10621442,382.94,387.0,13891,387.05,423,
2026-04-13T13:47:08.955,NC,NTPC,387.0,374.35,388.0,374.35,380.15,10635349,382.94,386.9,1079,387.0,490,
2026-04-13T13:47:09.958,NC,NTPC,386.85,374.35,388.0,374.35,380.15,10637724,382.94,386.85,565,387.0,223,
2026-04-13T13:47:11.055,NC,NTPC,386.85,374.35,388.0,374.35,380.15,10638939,382.94,386.8,866,386.85,156,
2026-04-13T13:47:12.064,NC,NTPC,386.85,374.35,388.0,374.35,380.15,10640618,382.95,386.8,501,386.85,6,
2026-04-13T13:47:13.070,NC,NTPC,386.95,374.35,388.0,374.35,380.15,10641483,382.95,386.8,52,386.95,214,
2026-04-13T13:47:14.062,NC,NTPC,386.9,374.35,388.0,374.35,380.15,10641697,382.95,386.85,190,386.9,92,
2026-04-13T13:47:15.063,NC,NTPC,386.9,374.35,388.0,374.35,380.15,10641704,382.95,386.85,190,386.9,85,
2026-04-13T13:47:16.060,NC,NTPC,386.9,374.35,388.0,374.35,380.15,10642074,382.95,386.75,1147,386.9,27,
2026-04-13T13:47:17.063,NC,NTPC,386.85,374.35,388.0,374.35,380.15,10643710,382.95,386.7,1479,386.85,1650,
2026-04-13T13:47:19.072,NC,NTPC,386.85,374.35,388.0,374.35,380.15,10645054,382.95,386.7,2200,386.85,685,
2026-04-13T13:47:21.166,NC,NTPC,386.85,374.35,388.0,374.35,380.15,10645190,382.95,386.75,1,386.85,833,
2026-04-13T13:47:22.181,NC,NTPC,386.85,374.35,388.0,374.35,380.15,10645390,382.95,386.75,310,386.85,422,
2026-04-13T13:47:23.189,NC,NTPC,386.85,374.35,388.0,374.35,380.15,10645402,382.95,386.7,1910,386.85,520,
2026-04-13T13:47:24.179,NC,NTPC,386.7,374.35,388.0,374.35,380.15,10645456,382.95,386.7,1804,386.85,520,
2026-04-13T13:47:25.273,NC,NTPC,386.7,374.35,388.0,374.35,380.15,10647604,382.95,386.7,1880,386.9,543,
2026-04-13T13:47:26.181,NC,NTPC,386.9,374.35,388.0,374.35,380.15,10647610,382.95,386.75,3,386.9,1063,
2026-04-13T13:47:27.204,NC,NTPC,386.7,374.35,388.0,374.35,380.15,10648728,382.95,386.7,1109,386.9,1363,
2026-04-13T13:47:28.176,NC,NTPC,386.9,374.35,388.0,374.35,380.15,10648818,382.95,386.7,2172,386.9,86,
2026-04-13T13:47:29.176,NC,NTPC,386.7,374.35,388.0,374.35,380.15,10648983,382.95,386.7,1274,386.9,101,
2026-04-13T13:47:30.280,NC,NTPC,386.9,374.35,388.0,374.35,380.15,10649072,382.95,386.75,53,386.9,64,
2026-04-13T13:47:31.175,NC,NTPC,386.85,374.35,388.0,374.35,380.15,10649131,382.95,386.85,3,386.9,145,
2026-04-13T13:47:32.180,NC,NTPC,386.75,374.35,388.0,374.35,380.15,10649202,382.95,386.75,90,386.9,273,
2026-04-13T13:47:33.183,NC,NTPC,386.9,374.35,388.0,374.35,380.15,10649299,382.95,386.75,91,386.9,197,
2026-04-13T13:47:34.188,NC,NTPC,386.75,374.35,388.0,374.35,380.15,10650353,382.95,386.75,440,386.9,69,
2026-04-13T13:47:35.183,NC,NTPC,386.9,374.35,388.0,374.35,380.15,10650450,382.95,386.75,388,386.9,20,
2026-04-13T13:47:37.084,NC,NTPC,386.9,374.35,388.0,374.35,380.15,10650560,382.95,386.75,388,386.9,44,
2026-04-13T13:47:38.241,NC,NTPC,386.9,374.35,388.0,374.35,380.15,10650653,382.95,386.75,514,386.9,129,
2026-04-13T13:47:39.295,NC,NTPC,386.75,374.35,388.0,374.35,380.15,10650707,382.95,386.75,397,386.9,136,
2026-04-13T13:47:40.303,NC,NTPC,386.9,374.35,388.0,374.35,380.15,10651742,382.95,386.9,13,386.95,882,
2026-04-13T13:47:41.287,NC,NTPC,386.9,374.35,388.0,374.35,380.15,10652054,382.95,386.9,14,386.95,45,
2026-04-13T13:47:42.289,NC,NTPC,386.9,374.35,388.0,374.35,380.15,10652057,382.95,386.9,12,386.95,1015,
2026-04-13T13:47:43.290,NC,NTPC,386.9,374.35,388.0,374.35,380.15,10652229,382.95,386.75,108,386.9,519,
2026-04-13T13:47:44.291,NC,NTPC,386.75,374.35,388.0,374.35,380.15,10652564,382.95,386.8,290,386.95,504,
2026-04-13T13:47:45.311,NC,NTPC,386.95,374.35,388.0,374.35,380.15,10653339,382.95,386.8,470,386.95,244,
2026-04-13T13:47:46.403,NC,NTPC,386.95,374.35,388.0,374.35,380.15,10653431,382.95,386.9,4,386.95,239,
2026-04-13T13:47:48.493,NC,NTPC,386.9,374.35,388.0,374.35,380.15,10653465,382.95,386.85,1,386.9,1,
2026-04-13T13:47:49.498,NC,NTPC,386.9,374.35,388.0,374.35,380.15,10653705,382.95,386.9,19,386.95,606,
2026-04-13T13:47:50.496,NC,NTPC,386.9,374.35,388.0,374.35,380.15,10653707,382.95,386.9,17,386.95,554,
2026-04-13T13:47:51.503,NC,NTPC,386.9,374.35,388.0,374.35,380.15,10653724,382.95,386.85,8,386.9,10,
2026-04-13T13:47:52.504,NC,NTPC,386.9,374.35,388.0,374.35,380.15,10653726,382.95,386.85,437,386.9,10,
2026-04-13T13:47:53.422,NC,NTPC,386.9,374.35,388.0,374.35,380.15,10653838,382.95,386.85,130,386.9,2,
2026-04-13T13:47:54.514,NC,NTPC,386.95,374.35,388.0,374.35,380.15,10655040,382.95,386.85,98,386.95,58,
2026-04-13T13:47:55.603,NC,NTPC,386.95,374.35,388.0,374.35,380.15,10655047,382.95,386.85,50,386.95,51,
2026-04-13T13:47:56.606,NC,NTPC,386.95,374.35,388.0,374.35,380.15,10655189,382.95,386.95,25,387.0,2692,
2026-04-13T13:47:57.614,NC,NTPC,386.95,374.35,388.0,374.35,380.15,10655197,382.95,386.95,17,387.0,2692,
2026-04-13T13:47:58.506,NC,NTPC,386.95,374.35,388.0,374.35,380.15,10655265,382.95,386.95,2,387.0,2761,
2026-04-13T13:47:59.712,NC,NTPC,386.9,374.35,388.0,374.35,380.15,10655311,382.95,386.8,1284,386.95,6,
2026-04-13T13:48:00.826,NC,NTPC,387.0,374.35,388.0,374.35,380.15,10655474,382.95,386.9,2,387.0,3013,
2026-04-13T13:48:01.918,NC,NTPC,387.0,374.35,388.0,374.35,380.15,10655497,382.95,386.95,2,387.0,2901,
2026-04-13T13:48:03.909,NC,NTPC,386.9,374.35,388.0,374.35,380.15,10655507,382.95,386.9,3,386.95,6,
2026-04-13T13:48:04.911,NC,NTPC,387.0,374.35,388.0,374.35,380.15,10655625,382.95,386.9,3,387.0,2719,
2026-04-13T13:48:08.219,NC,NTPC,387.0,374.35,388.0,374.35,380.15,10655628,382.95,386.95,1,387.0,2570,
2026-04-13T13:48:09.321,NC,NTPC,386.95,374.35,388.0,374.35,380.15,10655738,382.95,386.9,3,386.95,5,
2026-04-13T13:48:10.421,NC,NTPC,386.95,374.35,388.0,374.35,380.15,10656895,382.95,386.9,3,386.95,1,
2026-04-13T13:48:11.520,NC,NTPC,387.0,374.35,388.0,374.35,380.15,10657062,382.95,386.95,25,387.0,1348,
2026-04-13T13:48:12.529,NC,NTPC,387.0,374.35,388.0,374.35,380.15,10657118,382.95,386.95,25,387.0,1292,
2026-04-13T13:48:13.626,NC,NTPC,387.0,374.35,388.0,374.35,380.15,10657236,382.95,386.95,25,387.0,1228,
2026-04-13T13:48:14.645,NC,NTPC,387.0,374.35,388.0,374.35,380.15,10657287,382.95,386.95,1,387.0,1177,
2026-04-13T13:48:15.646,NC,NTPC,387.0,374.35,388.0,374.35,380.15,10657296,382.95,386.95,1,387.0,1168,
2026-04-13T13:48:16.627,NC,NTPC,387.0,374.35,388.0,374.35,380.15,10657451,382.95,386.95,2,387.0,1034,
2026-04-13T13:48:17.628,NC,NTPC,386.95,374.35,388.0,374.35,380.15,10657542,382.95,386.9,8,386.95,9,
2026-04-13T13:48:18.729,NC,NTPC,386.95,374.35,388.0,374.35,380.15,10658961,382.95,386.9,8,386.95,5,
2026-04-13T13:48:19.831,NC,NTPC,386.95,374.35,388.0,374.35,380.15,10659077,382.95,386.95,1,387.0,97,
2026-04-13T13:48:20.931,NC,NTPC,386.95,374.35,388.0,374.35,380.15,10659091,382.95,386.9,140,387.0,302,
2026-04-13T13:48:22.063,NC,NTPC,387.0,374.35,388.0,374.35,380.15,10659181,382.95,386.95,2,387.0,326,
2026-04-13T13:48:23.131,NC,NTPC,387.0,374.35,388.0,374.35,380.15,10659255,382.95,386.85,517,387.0,400,
2026-04-13T13:48:24.243,NC,NTPC,387.0,374.35,388.0,374.35,380.15,10659398,382.95,386.9,2,387.0,428,
2026-04-13T13:48:25.241,NC,NTPC,387.0,374.35,388.0,374.35,380.15,10660666,382.95,386.9,53,386.95,266,
2026-04-13T13:48:26.239,NC,NTPC,386.95,374.35,388.0,374.35,380.15,10660762,382.95,386.9,525,386.95,180,
2026-04-13T13:48:27.136,NC,NTPC,386.95,374.35,388.0,374.35,380.15,10661012,382.95,386.9,486,386.95,8,
2026-04-13T13:48:28.236,NC,NTPC,386.95,374.35,388.0,374.35,380.15,10661014,382.95,386.9,428,386.95,7,
2026-04-13T13:48:29.235,NC,NTPC,386.95,374.35,388.0,374.35,380.15,10661099,382.95,386.9,438,386.95,4,
2026-04-13T13:48:30.236,NC,NTPC,386.95,374.35,388.0,374.35,380.15,10661110,382.95,386.9,60,386.95,10,
2026-04-13T13:48:31.244,NC,NTPC,386.95,374.35,388.0,374.35,380.15,10661160,382.95,387.0,1494,387.1,1007,
2026-04-13T13:48:32.342,NC,NTPC,387.05,374.35,388.0,374.35,380.15,10661162,382.95,387.0,1494,387.05,2,
2026-04-13T13:48:33.349,NC,NTPC,387.05,374.35,388.0,374.35,380.15,10661272,382.95,387.05,1,387.1,1166,
2026-04-13T13:48:34.446,NC,NTPC,387.05,374.35,388.0,374.35,380.15,10661273,382.95,387.0,1494,387.05,6,
2026-04-13T13:48:35.544,NC,NTPC,387.05,374.35,388.0,374.35,380.15,10661283,382.95,387.0,1494,387.05,3,
2026-04-13T13:48:36.681,NC,NTPC,387.05,374.35,388.0,374.35,380.15,10661293,382.95,387.0,1497,387.05,7,
2026-04-13T13:48:37.950,NC,NTPC,387.05,374.35,388.0,374.35,380.15,10661295,382.95,387.0,1567,387.05,5,
2026-04-13T13:48:39.050,NC,NTPC,387.0,374.35,388.0,374.35,380.15,10661535,382.95,387.0,1327,387.05,9,
2026-04-13T13:48:40.048,NC,NTPC,387.1,374.35,388.0,374.35,380.15,10662678,382.95,387.05,1,387.1,20,
2026-04-13T13:48:41.057,NC,NTPC,387.1,374.35,388.0,374.35,380.15,10662800,382.95,387.05,4,387.1,36,
2026-04-13T13:48:42.064,NC,NTPC,387.0,374.35,388.0,374.35,380.15,10663249,382.95,387.0,1149,387.15,1172,
2026-04-13T13:48:44.062,NC,NTPC,387.0,374.35,388.0,374.35,380.15,10663303,382.95,387.0,1095,387.1,2,
2026-04-13T13:48:44.952,NC,NTPC,387.15,374.35,388.0,374.35,380.15,10663317,382.95,387.0,1115,387.15,1056,
2026-04-13T13:48:45.959,NC,NTPC,387.1,374.35,388.0,374.35,380.15,10663326,382.95,387.1,4,387.15,822,
2026-04-13T13:48:48.958,NC,NTPC,387.15,374.35,388.0,374.35,380.15,10663453,382.95,387.05,750,387.1,6,
2026-04-13T13:48:50.868,NC,NTPC,387.05,374.35,388.0,374.35,380.15,10663908,382.95,387.05,641,387.1,6,
2026-04-13T13:48:51.868,NC,NTPC,387.05,374.35,388.0,374.35,380.15,10664110,382.95,387.05,697,387.15,13,
2026-04-13T13:48:52.861,NC,NTPC,387.15,374.35,388.0,374.35,380.15,10664122,382.95,387.05,407,387.15,2,
2026-04-13T13:48:53.862,NC,NTPC,387.2,374.35,388.0,374.35,380.15,10664265,382.95,387.05,407,387.2,411,
2026-04-13T13:48:54.867,NC,NTPC,387.2,374.35,388.0,374.35,380.15,10665464,382.95,387.05,385,387.1,100,
2026-04-13T13:48:55.877,NC,NTPC,387.1,374.35,388.0,374.35,380.15,10665475,382.95,387.05,908,387.1,90,
2026-04-13T13:48:56.863,NC,NTPC,387.15,374.35,388.0,374.35,380.15,10665863,382.95,387.1,25,387.15,120,
2026-04-13T13:48:57.884,NC,NTPC,387.1,374.35,388.0,374.35,380.15,10665912,382.95,387.1,57,387.15,132,
2026-04-13T13:48:58.871,NC,NTPC,387.1,374.35,388.0,374.35,380.15,10666035,382.95,387.1,47,387.15,132,
2026-04-13T13:48:59.775,NC,NTPC,387.15,374.35,388.0,374.35,380.15,10666124,382.95,387.1,449,387.15,43,
2026-04-13T13:49:00.769,NC,NTPC,387.3,374.35,388.0,374.35,380.15,10667072,382.96,387.2,67,387.3,518,
2026-04-13T13:49:01.872,NC,NTPC,387.35,374.35,388.0,374.35,380.15,10667186,382.96,387.25,2,387.35,60,
2026-04-13T13:49:02.967,NC,NTPC,387.35,374.35,388.0,374.35,380.15,10667253,382.96,387.3,3,387.35,109,
2026-04-13T13:49:04.071,NC,NTPC,387.3,374.35,388.0,374.35,380.15,10667277,382.96,387.25,3,387.3,6,
2026-04-13T13:49:05.172,NC,NTPC,387.3,374.35,388.0,374.35,380.15,10667391,382.96,387.3,1,387.35,297,
2026-04-13T13:49:07.371,NC,NTPC,387.3,374.35,388.0,374.35,380.15,10667393,382.96,387.3,1,387.35,419,
2026-04-13T13:49:08.474,NC,NTPC,387.35,374.35,388.0,374.35,380.15,10667397,382.96,387.3,3,387.35,570,
2026-04-13T13:49:09.375,NC,NTPC,387.1,374.35,388.0,374.35,380.15,10669426,382.96,387.15,620,387.3,6,
2026-04-13T13:49:10.483,NC,NTPC,387.35,374.35,388.0,374.35,380.15,10670573,382.96,387.35,12,387.4,962,
2026-04-13T13:49:11.477,NC,NTPC,387.35,374.35,388.0,374.35,380.15,10670846,382.96,387.35,24,387.4,658,
2026-04-13T13:49:12.578,NC,NTPC,387.4,374.35,388.0,374.35,380.15,10671012,382.96,387.35,11,387.4,757,
2026-04-13T13:49:13.683,NC,NTPC,387.35,374.35,388.0,374.35,380.15,10671023,382.96,387.3,260,387.35,61,
2026-04-13T13:49:15.781,NC,NTPC,387.35,374.35,388.0,374.35,380.15,10671030,382.96,387.3,260,387.35,60,
2026-04-13T13:49:16.884,NC,NTPC,387.35,374.35,388.0,374.35,380.15,10671145,382.96,387.3,178,387.35,27,
2026-04-13T13:49:18.983,NC,NTPC,387.3,374.35,388.0,374.35,380.15,10671278,382.96,387.3,45,387.35,66,
2026-04-13T13:49:21.194,NC,NTPC,387.35,374.35,388.0,374.35,380.15,10671432,382.96,387.25,221,387.35,233,
2026-04-13T13:49:23.388,NC,NTPC,387.35,374.35,388.0,374.35,380.15,10671435,382.96,387.2,219,387.35,931,
2026-04-13T13:49:24.484,NC,NTPC,387.35,374.35,388.0,374.35,380.15,10672674,382.96,387.2,745,387.35,22,
2026-04-13T13:49:25.586,NC,NTPC,387.35,374.35,388.0,374.35,380.15,10672688,382.96,387.2,742,387.35,8,
2026-04-13T13:49:26.714,NC,NTPC,387.35,374.35,388.0,374.35,380.15,10672942,382.96,387.2,215,387.35,55,
2026-04-13T13:49:27.585,NC,NTPC,387.35,374.35,388.0,374.35,380.15,10673017,382.96,387.2,383,387.3,56,
2026-04-13T13:49:28.689,NC,NTPC,387.2,374.35,388.0,374.35,380.15,10673332,382.96,387.2,561,387.4,443,
2026-04-13T13:49:29.791,NC,NTPC,387.2,374.35,388.0,374.35,380.15,10673482,382.96,387.2,471,387.4,807,
2026-04-13T13:49:31.899,NC,NTPC,387.4,374.35,388.0,374.35,380.15,10673483,382.96,387.35,3,387.4,546,
2026-04-13T13:49:32.896,NC,NTPC,387.4,374.35,388.0,374.35,380.15,10673519,382.96,387.25,219,387.4,316,
2026-04-13T13:49:33.994,NC,NTPC,387.25,374.35,388.0,374.35,380.15,10673573,382.96,387.25,165,387.4,316,
2026-04-13T13:49:35.095,NC,NTPC,387.4,374.35,388.0,374.35,380.15,10673581,382.96,387.25,165,387.4,308,
2026-04-13T13:49:36.110,NC,NTPC,387.25,374.35,388.0,374.35,380.15,10673586,382.96,387.25,160,387.4,308,
2026-04-13T13:49:37.200,NC,NTPC,387.4,374.35,388.0,374.35,380.15,10673695,382.96,387.25,210,387.4,199,
2026-04-13T13:49:38.201,NC,NTPC,387.25,374.35,388.0,374.35,380.15,10673789,382.96,387.25,158,387.4,282,
2026-04-13T13:49:39.219,NC,NTPC,387.25,374.35,388.0,374.35,380.15,10673911,382.96,387.25,1,387.4,986,
2026-04-13T13:49:40.204,NC,NTPC,387.3,374.35,388.0,374.35,380.15,10675073,382.96,387.3,221,387.4,86,
2026-04-13T13:49:41.210,NC,NTPC,387.4,374.35,388.0,374.35,380.15,10675341,382.96,387.25,1,387.4,1166,
2026-04-13T13:49:44.330,NC,NTPC,387.25,374.35,388.0,374.35,380.15,10675395,382.96,387.25,367,387.4,216,
2026-04-13T13:49:45.337,NC,NTPC,387.25,374.35,388.0,374.35,380.15,10675724,382.96,387.25,102,387.4,361,
2026-04-13T13:49:46.419,NC,NTPC,387.25,374.35,388.0,374.35,380.15,10675769,382.96,387.25,714,387.4,173,
2026-04-13T13:49:47.517,NC,NTPC,387.4,374.35,388.0,374.35,380.15,10676383,382.96,387.25,762,387.4,83,
2026-04-13T13:49:48.619,NC,NTPC,387.25,374.35,388.0,374.35,380.15,10676559,382.96,387.25,286,387.4,265,
2026-04-13T13:49:49.625,NC,NTPC,387.25,374.35,388.0,374.35,380.15,10676604,382.96,387.25,241,387.4,265,
2026-04-13T13:49:50.527,NC,NTPC,387.35,374.35,388.0,374.35,380.15,10676651,382.96,387.15,2484,387.35,1041,
2026-04-13T13:49:51.526,NC,NTPC,387.2,374.35,388.0,374.35,380.15,10676747,382.96,387.2,1599,387.35,613,
2026-04-13T13:49:52.550,NC,NTPC,387.2,374.35,388.0,374.35,380.15,10676792,382.96,387.2,1504,387.3,480,
2026-04-13T13:49:53.529,NC,NTPC,387.05,374.35,388.0,374.35,380.15,10679450,382.96,387.05,2165,387.25,165,
2026-04-13T13:49:54.633,NC,NTPC,387.25,374.35,388.0,374.35,380.15,10680604,382.96,387.25,11,387.3,540,
2026-04-13T13:49:55.732,NC,NTPC,387.3,374.35,388.0,374.35,380.15,10680762,382.96,387.25,7,387.3,1188,
2026-04-13T13:49:56.734,NC,NTPC,387.15,374.35,388.0,374.35,380.15,10681196,382.96,387.15,88,387.3,1505,
2026-04-13T13:49:57.732,NC,NTPC,387.15,374.35,388.0,374.35,380.15,10681249,382.96,387.1,1765,387.3,1578,
2026-04-13T13:49:58.740,NC,NTPC,387.1,374.35,388.0,374.35,380.15,10681416,382.96,387.1,607,387.3,1570,
2026-04-13T13:49:59.639,NC,NTPC,387.1,374.35,388.0,374.35,380.15,10681497,382.96,387.1,1,387.25,586,
2026-04-13T13:50:00.738,NC,NTPC,387.25,374.35,388.0,374.35,380.15,10681651,382.96,387.05,1177,387.25,345,
2026-04-13T13:50:01.754,NC,NTPC,387.05,374.35,388.0,374.35,380.15,10681696,382.96,387.05,1173,387.25,840,
2026-04-13T13:50:02.737,NC,NTPC,387.25,374.35,388.0,374.35,380.15,10681765,382.96,387.05,2166,387.25,816,
2026-04-13T13:50:03.740,NC,NTPC,387.05,374.35,388.0,374.35,380.15,10681864,382.96,387.05,892,387.2,122,
2026-04-13T13:50:04.747,NC,NTPC,387.15,374.35,388.0,374.35,380.15,10681917,382.96,387.0,1341,387.15,126,
2026-04-13T13:50:05.754,NC,NTPC,387.0,374.35,388.0,374.35,380.15,10681969,382.96,387.0,1296,387.15,787,
2026-04-13T13:50:06.743,NC,NTPC,387.0,374.35,388.0,374.35,380.15,10682014,382.96,387.0,1251,387.15,797,
2026-04-13T13:50:07.746,NC,NTPC,387.0,374.35,388.0,374.35,380.15,10682059,382.96,387.0,1554,387.15,553,
2026-04-13T13:50:08.744,NC,NTPC,387.0,374.35,388.0,374.35,380.15,10682438,382.96,387.0,1507,387.15,341,
2026-04-13T13:50:09.745,NC,NTPC,387.2,374.35,388.0,374.35,380.15,10683526,382.96,387.15,13,387.2,521,
2026-04-13T13:50:10.746,NC,NTPC,387.2,374.35,388.0,374.35,380.15,10683576,382.96,387.15,7,387.2,650,
2026-04-13T13:50:11.753,NC,NTPC,387.0,374.35,388.0,374.35,380.15,10683947,382.96,387.0,1605,387.2,992,
2026-04-13T13:50:12.747,NC,NTPC,387.2,374.35,388.0,374.35,380.15,10684585,382.96,387.0,1560,387.2,1006,
2026-04-13T13:50:13.747,NC,NTPC,387.0,374.35,388.0,374.35,380.15,10684784,382.96,387.0,1018,387.15,148,
2026-04-13T13:50:14.747,NC,NTPC,387.0,374.35,388.0,374.35,380.15,10685334,382.96,387.0,945,387.15,178,
2026-04-13T13:50:15.755,NC,NTPC,387.2,374.35,388.0,374.35,380.15,10687086,382.96,387.0,712,387.15,192,
2026-04-13T13:50:16.749,NC,NTPC,387.15,374.35,388.0,374.35,380.15,10687241,382.96,387.0,691,387.15,288,
2026-04-13T13:50:17.752,NC,NTPC,387.0,374.35,388.0,374.35,380.15,10687286,382.96,387.0,2060,387.15,317,
2026-04-13T13:50:18.750,NC,NTPC,387.0,374.35,388.0,374.35,380.15,10687463,382.96,387.0,2072,387.15,293,
2026-04-13T13:50:19.854,NC,NTPC,387.0,374.35,388.0,374.35,380.15,10687508,382.96,387.05,3,387.15,380,
2026-04-13T13:50:20.950,NC,NTPC,387.15,374.35,388.0,374.35,380.15,10687761,382.96,387.05,123,387.15,21,
2026-04-13T13:50:22.066,NC,NTPC,387.05,374.35,388.0,374.35,380.15,10687806,382.96,387.05,1,387.15,21,
2026-04-13T13:50:23.152,NC,NTPC,387.0,374.35,388.0,374.35,380.15,10687898,382.96,387.0,2211,387.15,69,
2026-04-13T13:50:24.265,NC,NTPC,387.0,374.35,388.0,374.35,380.15,10687998,382.96,387.0,2362,387.15,76,
2026-04-13T13:50:25.262,NC,NTPC,387.0,374.35,388.0,374.35,380.15,10689278,382.96,387.0,2078,387.2,1108,
2026-04-13T13:50:26.264,NC,NTPC,387.2,374.35,388.0,374.35,380.15,10689595,382.96,387.0,2204,387.2,1160,
2026-04-13T13:50:27.165,NC,NTPC,387.0,374.35,388.0,374.35,380.15,10689640,382.96,387.0,2159,387.15,25,
2026-04-13T13:50:28.262,NC,NTPC,387.0,374.35,388.0,374.35,380.15,10690269,382.96,387.0,2114,387.2,1459,
2026-04-13T13:50:29.366,NC,NTPC,387.0,374.35,388.0,374.35,380.15,10690445,382.96,387.0,1996,387.15,1,
2026-04-13T13:50:30.471,NC,NTPC,387.0,374.35,388.0,374.35,380.15,10690490,382.96,387.0,1970,387.15,2,
2026-04-13T13:50:31.569,NC,NTPC,387.05,374.35,388.0,374.35,380.15,10690626,382.96,387.05,8,387.15,2,
2026-04-13T13:50:32.672,NC,NTPC,387.2,374.35,388.0,374.35,380.15,10690781,382.96,387.05,123,387.2,1069,
2026-04-13T13:50:33.572,NC,NTPC,387.1,374.35,388.0,374.35,380.15,10691027,382.96,387.05,153,387.2,725,
2026-04-13T13:50:34.673,NC,NTPC,387.1,374.35,388.0,374.35,380.15,10693342,382.97,387.0,966,387.1,5,
2026-04-13T13:50:35.678,NC,NTPC,386.95,374.35,388.0,374.35,380.15,10694496,382.97,386.95,17,387.05,134,
2026-04-13T13:50:36.681,NC,NTPC,387.05,374.35,388.0,374.35,380.15,10694565,382.97,386.9,2227,387.05,782,
2026-04-13T13:50:37.586,NC,NTPC,386.9,374.35,388.0,374.35,380.15,10694617,382.97,386.9,2175,387.05,796,
2026-04-13T13:50:38.583,NC,NTPC,386.9,374.35,388.0,374.35,380.15,10694791,382.97,386.9,2045,387.0,773,
2026-04-13T13:50:39.588,NC,NTPC,386.9,374.35,388.0,374.35,380.15,10696055,382.97,386.9,1934,387.05,916,
2026-04-13T13:50:40.602,NC,NTPC,387.0,374.35,388.0,374.35,380.15,10696314,382.97,386.9,1789,387.0,24,
2026-04-13T13:50:41.584,NC,NTPC,386.9,374.35,388.0,374.35,380.15,10696376,382.97,387.0,25,387.05,913,
2026-04-13T13:50:42.586,NC,NTPC,387.0,374.35,388.0,374.35,380.15,10696461,382.97,387.0,15,387.05,778,
2026-04-13T13:50:43.584,NC,NTPC,387.0,374.35,388.0,374.35,380.15,10696517,382.97,387.0,19,387.05,1296,
2026-04-13T13:50:44.691,NC,NTPC,386.95,374.35,388.0,374.35,380.15,10696677,382.97,386.9,1918,386.95,155,
2026-04-13T13:50:45.811,NC,NTPC,386.9,374.35,388.0,374.35,380.15,10696805,382.97,386.9,1730,386.95,149,
2026-04-13T13:50:46.890,NC,NTPC,386.95,374.35,388.0,374.35,380.15,10696829,382.97,386.9,1665,386.95,135,
2026-04-13T13:50:47.992,NC,NTPC,386.9,374.35,388.0,374.35,380.15,10696969,382.97,386.9,1768,386.95,227,
2026-04-13T13:50:49.097,NC,NTPC,386.9,374.35,388.0,374.35,380.15,10697209,382.97,386.9,1453,386.95,697,
2026-04-13T13:50:50.194,NC,NTPC,386.9,374.35,388.0,374.35,380.15,10697227,382.97,386.9,1445,386.95,697,
2026-04-13T13:50:51.397,NC,NTPC,386.9,374.35,388.0,374.35,380.15,10697319,382.97,386.9,1353,386.95,1245,
2026-04-13T13:50:52.299,NC,NTPC,386.9,374.35,388.0,374.35,380.15,10697362,382.97,386.9,1310,386.95,1245,
2026-04-13T13:50:53.412,NC,NTPC,386.9,374.35,388.0,374.35,380.15,10697995,382.97,386.9,1147,386.95,796,
2026-04-13T13:50:54.503,NC,NTPC,386.95,374.35,388.0,374.35,380.15,10699249,382.97,386.9,1041,386.95,84,
2026-04-13T13:50:55.698,NC,NTPC,386.95,374.35,388.0,374.35,380.15,10699354,382.97,386.9,948,386.95,72,
2026-04-13T13:50:56.610,NC,NTPC,386.95,374.35,388.0,374.35,380.15,10699822,382.97,386.9,837,386.95,42,
2026-04-13T13:50:58.800,NC,NTPC,386.9,374.35,388.0,374.35,380.15,10699918,382.97,386.9,741,386.95,49,
2026-04-13T13:50:59.910,NC,NTPC,386.95,374.35,388.0,374.35,380.15,10699919,382.97,386.9,741,386.95,31,
2026-04-13T13:51:01.021,NC,NTPC,386.95,374.35,388.0,374.35,380.15,10700018,382.97,386.9,680,386.95,10,
2026-04-13T13:51:02.034,NC,NTPC,386.95,374.35,388.0,374.35,380.15,10700028,382.97,386.9,680,387.0,624,
2026-04-13T13:51:04.223,NC,NTPC,386.9,374.35,388.0,374.35,380.15,10700083,382.97,386.9,711,387.0,1108,
2026-04-13T13:51:05.333,NC,NTPC,386.9,374.35,388.0,374.35,380.15,10700202,382.97,386.9,775,387.0,711,
2026-04-13T13:51:06.327,NC,NTPC,387.0,374.35,388.0,374.35,380.15,10700203,382.97,386.9,775,387.0,720,
2026-04-13T13:51:07.335,NC,NTPC,386.9,374.35,388.0,374.35,380.15,10700303,382.97,386.9,544,387.0,720,
2026-04-13T13:51:08.435,NC,NTPC,387.0,374.35,388.0,374.35,380.15,10700986,382.97,386.9,94,387.0,839,
2026-04-13T13:51:09.637,NC,NTPC,387.0,374.35,388.0,374.35,380.15,10702204,382.97,386.9,105,387.0,491,
2026-04-13T13:51:10.740,NC,NTPC,386.9,374.35,388.0,374.35,380.15,10702258,382.97,386.9,2,387.0,2680,
2026-04-13T13:51:11.838,NC,NTPC,386.9,374.35,388.0,374.35,380.15,10702575,382.97,386.85,491,387.0,2762,
2026-04-13T13:51:12.842,NC,NTPC,387.0,374.35,388.0,374.35,380.15,10702684,382.97,386.85,491,387.0,2730,
2026-04-13T13:51:13.939,NC,NTPC,386.85,374.35,388.0,374.35,380.15,10702752,382.97,386.9,1,386.95,1,
2026-04-13T13:51:14.947,NC,NTPC,386.95,374.35,388.0,374.35,380.15,10702759,382.97,386.9,21,387.0,3050,
2026-04-13T13:51:15.945,NC,NTPC,387.0,374.35,388.0,374.35,380.15,10702783,382.97,386.9,21,387.0,3079,
2026-04-13T13:51:16.942,NC,NTPC,387.0,374.35,388.0,374.35,380.15,10702791,382.97,386.9,72,387.0,3074,
2026-04-13T13:51:19.145,NC,NTPC,386.9,374.35,388.0,374.35,380.15,10702845,382.97,386.9,57,386.95,1,
2026-04-13T13:51:21.357,NC,NTPC,386.9,374.35,388.0,374.35,380.15,10703008,382.97,386.85,1136,387.0,2746,
2026-04-13T13:51:22.457,NC,NTPC,386.9,374.35,388.0,374.35,380.15,10703132,382.97,386.85,940,386.9,2,
2026-04-13T13:51:23.555,NC,NTPC,386.9,374.35,388.0,374.35,380.15,10703136,382.97,386.85,224,386.9,1,
2026-04-13T13:51:24.654,NC,NTPC,387.0,374.35,388.0,374.35,380.15,10704229,382.97,386.95,13,387.0,2251,
2026-04-13T13:51:25.753,NC,NTPC,387.0,374.35,388.0,374.35,380.15,10704241,382.97,386.95,13,387.0,4090,
2026-04-13T13:51:26.863,NC,NTPC,386.95,374.35,388.0,374.35,380.15,10704999,382.97,386.95,13,387.0,3352,
2026-04-13T13:51:27.959,NC,NTPC,387.0,374.35,388.0,374.35,380.15,10705742,382.97,386.9,8,387.0,2609,
2026-04-13T13:51:29.063,NC,NTPC,386.9,374.35,388.0,374.35,380.15,10706235,382.97,386.8,1687,386.9,6,
2026-04-13T13:51:31.162,NC,NTPC,386.9,374.35,388.0,374.35,380.15,10706257,382.97,386.9,2,387.0,2751,
2026-04-13T13:51:32.270,NC,NTPC,386.9,374.35,388.0,374.35,380.15,10706349,382.97,386.9,122,387.0,2558,
2026-04-13T13:51:33.271,NC,NTPC,387.0,374.35,388.0,374.35,380.15,10706357,382.97,386.9,122,387.0,2607,
2026-04-13T13:51:34.274,NC,NTPC,386.9,374.35,388.0,374.35,380.15,10706411,382.97,386.9,1,387.0,2607,
2026-04-13T13:51:35.273,NC,NTPC,386.9,374.35,388.0,374.35,380.15,10706472,382.97,386.9,68,387.0,2289,
2026-04-13T13:51:36.489,NC,NTPC,387.0,374.35,388.0,374.35,380.15,10706498,382.97,386.9,43,387.0,2288,
2026-04-13T13:51:37.390,NC,NTPC,387.0,374.35,388.0,374.35,380.15,10706608,382.97,386.9,79,386.95,14,
2026-04-13T13:51:41.800,NC,NTPC,386.95,374.35,388.0,374.35,380.15,10708317,382.97,386.95,35,387.0,1889,
2026-04-13T13:51:46.106,NC,NTPC,387.0,374.35,388.0,374.35,380.15,10711917,382.97,386.95,2,387.0,170,
2026-04-13T13:51:50.606,NC,NTPC,386.9,374.35,388.0,374.35,380.15,10712304,382.97,386.9,540,387.0,632,
2026-04-13T13:51:54.907,NC,NTPC,386.95,374.35,388.0,374.35,380.15,10714147,382.97,386.95,1,387.0,130,
2026-04-13T13:51:59.466,NC,NTPC,386.95,374.35,388.0,374.35,380.15,10714847,382.97,386.95,15,387.0,57,
2026-04-13T13:52:04.881,NC,NTPC,387.0,374.35,388.0,374.35,380.15,10715567,382.97,386.95,2,387.0,1805,
2026-04-13T13:52:09.688,NC,NTPC,387.0,374.35,388.0,374.35,380.15,10718194,382.97,386.95,119,387.0,1073,
2026-04-13T13:52:14.494,NC,NTPC,386.95,374.35,388.0,374.35,380.15,10718718,382.97,386.9,38,386.95,6,
2026-04-13T13:52:18.911,NC,NTPC,386.9,374.35,388.0,374.35,380.15,10718898,382.98,386.85,218,386.9,12,
2026-04-13T13:52:25.117,NC,NTPC,387.0,374.35,388.0,374.35,380.15,10721093,382.98,386.95,58,387.0,53,
2026-04-13T13:52:31.832,NC,NTPC,386.85,374.35,388.0,374.35,380.15,10721525,382.98,386.8,1227,386.85,7,
2026-04-13T13:52:38.249,NC,NTPC,386.9,374.35,388.0,374.35,380.15,10722789,382.98,386.85,1,386.9,488,
2026-04-13T13:52:44.963,NC,NTPC,386.85,374.35,388.0,374.35,380.15,10724677,382.98,386.8,669,386.85,7,
2026-04-13T13:52:51.178,NC,NTPC,386.85,374.35,388.0,374.35,380.15,10725234,382.98,386.8,219,386.85,10,
2026-04-13T13:52:56.384,NC,NTPC,387.0,374.35,388.0,374.35,380.15,10727282,382.98,386.95,67,387.0,78,
2026-04-13T13:53:01.811,NC,NTPC,387.0,374.35,388.0,374.35,380.15,10727940,382.98,387.0,29,387.05,379,
2026-04-13T13:53:07.212,NC,NTPC,387.0,374.35,388.0,374.35,380.15,10728429,382.98,386.9,98,387.0,152,
2026-04-13T13:53:12.125,NC,NTPC,387.05,374.35,388.0,374.35,380.15,10730270,382.98,387.0,36,387.05,569,
2026-04-13T13:53:17.022,NC,NTPC,387.0,374.35,388.0,374.35,380.15,10730982,382.98,386.8,903,387.0,173,
2026-04-13T13:53:21.741,NC,NTPC,387.0,374.35,388.0,374.35,380.15,10731214,382.98,386.9,3,387.0,15,
2026-04-13T13:53:26.739,NC,NTPC,386.9,374.35,388.0,374.35,380.15,10734117,382.98,386.85,340,386.9,10,
2026-04-13T13:53:31.987,NC,NTPC,386.9,374.35,388.0,374.35,380.15,10734323,382.98,386.9,3,386.95,429,
2026-04-13T13:53:37.255,NC,NTPC,386.95,374.35,388.0,374.35,380.15,10734475,382.98,386.85,50,386.95,312,
2026-04-13T13:53:42.256,NC,NTPC,386.95,374.35,388.0,374.35,380.15,10735580,382.98,386.95,33,387.0,646,
2026-04-13T13:53:47.055,NC,NTPC,387.0,374.35,388.0,374.35,380.15,10736108,382.98,386.95,2,387.0,1187,
2026-04-13T13:53:51.670,NC,NTPC,386.8,374.35,388.0,374.35,380.15,10736332,382.98,386.8,722,387.0,1415,
2026-04-13T13:53:56.674,NC,NTPC,387.0,374.35,388.0,374.35,380.15,10740170,382.98,386.95,270,387.0,756,
2026-04-13T13:54:02.014,NC,NTPC,387.15,374.35,388.0,374.35,380.15,10742475,382.98,387.1,9,387.15,360,
2026-04-13T13:54:07.296,NC,NTPC,386.95,374.35,388.0,374.35,380.15,10743133,382.98,386.95,840,387.1,12,
2026-04-13T13:54:12.395,NC,NTPC,387.1,374.35,388.0,374.35,380.15,10744928,382.98,387.1,28,387.2,1075,
2026-04-13T13:54:17.200,NC,NTPC,387.15,374.35,388.0,374.35,380.15,10745639,382.98,387.0,584,387.15,176,
2026-04-13T13:54:21.505,NC,NTPC,387.2,374.35,388.0,374.35,380.15,10746048,382.99,387.15,67,387.2,371,
2026-04-13T13:54:26.120,NC,NTPC,387.25,374.35,388.0,374.35,380.15,10748427,382.99,387.2,205,387.25,38,
2026-04-13T13:54:30.819,NC,NTPC,387.2,374.35,388.0,374.35,380.15,10748739,382.99,387.2,57,387.3,100,
2026-04-13T13:54:35.441,NC,NTPC,387.3,374.35,388.0,374.35,380.15,10749220,382.99,387.25,100,387.3,54,
2026-04-13T13:54:40.435,NC,NTPC,387.25,374.35,388.0,374.35,380.15,10750715,382.99,387.1,587,387.3,1143,
2026-04-13T13:54:45.233,NC,NTPC,387.3,374.35,388.0,374.35,380.15,10751608,382.99,387.25,57,387.3,300,
2026-04-13T13:54:50.143,NC,NTPC,387.15,374.35,388.0,374.35,380.15,10753328,382.99,387.15,296,387.35,1327,
2026-04-13T13:54:54.960,NC,NTPC,387.35,374.35,388.0,374.35,380.15,10755283,382.99,387.35,69,387.4,1979,
2026-04-13T13:55:00.261,NC,NTPC,387.4,374.35,388.0,374.35,380.15,10757051,382.99,387.3,401,387.4,308,
2026-04-13T13:55:05.464,NC,NTPC,387.4,374.35,388.0,374.35,380.15,10757419,382.99,387.35,288,387.4,165,
2026-04-13T13:55:10.368,NC,NTPC,387.5,374.35,388.0,374.35,380.15,10758752,382.99,387.4,13,387.5,1662,
2026-04-13T13:55:15.279,NC,NTPC,387.4,374.35,388.0,374.35,380.15,10759254,382.99,387.35,67,387.4,6,
2026-04-13T13:55:20.088,NC,NTPC,387.3,374.35,388.0,374.35,380.15,10760632,382.99,387.2,436,387.4,1829,
2026-04-13T13:55:25.103,NC,NTPC,387.25,374.35,388.0,374.35,380.15,10762011,382.99,387.25,1,387.3,1231,
2026-04-13T13:55:29.791,NC,NTPC,387.25,374.35,388.0,374.35,380.15,10762384,382.99,387.1,913,387.25,35,
2026-04-13T13:55:34.899,NC,NTPC,387.25,374.35,388.0,374.35,380.15,10762956,382.99,387.2,124,387.25,1104,
2026-04-13T13:55:36.920,NC,NTPC,387.25,374.35,388.0,374.35,380.15,10763068,382.99,387.2,124,387.25,1229,
2026-04-13T13:55:37.997,NC,NTPC,387.25,374.35,388.0,374.35,380.15,10763070,382.99,387.2,169,387.25,1228,
2026-04-13T13:55:39.099,NC,NTPC,387.2,374.35,388.0,374.35,380.15,10763125,382.99,387.2,79,387.25,1235,
2026-04-13T13:55:40.100,NC,NTPC,387.25,374.35,388.0,374.35,380.15,10764277,382.99,387.2,109,387.25,177,
2026-04-13T13:55:41.102,NC,NTPC,387.25,374.35,388.0,374.35,380.15,10764409,382.99,387.15,265,387.25,153,
2026-04-13T13:55:42.107,NC,NTPC,387.25,374.35,388.0,374.35,380.15,10764658,382.99,387.15,264,387.25,56,
2026-04-13T13:55:44.205,NC,NTPC,387.25,374.35,388.0,374.35,380.15,10764719,382.99,387.15,604,387.25,27,
2026-04-13T13:55:45.216,NC,NTPC,387.25,374.35,388.0,374.35,380.15,10764837,382.99,387.15,604,387.25,31,
2026-04-13T13:55:46.314,NC,NTPC,387.25,374.35,388.0,374.35,380.15,10764983,382.99,387.25,278,387.3,23,
2026-04-13T13:55:47.436,NC,NTPC,387.3,374.35,388.0,374.35,380.15,10765028,382.99,387.25,385,387.35,100,
2026-04-13T13:55:48.514,NC,NTPC,387.25,374.35,388.0,374.35,380.15,10765099,382.99,387.25,103,387.35,100,
2026-04-13T13:55:49.615,NC,NTPC,387.35,374.35,388.0,374.35,380.15,10765165,382.99,387.25,49,387.35,98,
2026-04-13T13:55:51.813,NC,NTPC,387.35,374.35,388.0,374.35,380.15,10765192,382.99,387.25,22,387.35,135,
2026-04-13T13:55:52.829,NC,NTPC,387.15,374.35,388.0,374.35,380.15,10765495,382.99,387.2,398,387.35,18,
2026-04-13T13:55:53.919,NC,NTPC,387.2,374.35,388.0,374.35,380.15,10765662,382.99,387.2,820,387.4,847,
2026-04-13T13:55:55.036,NC,NTPC,387.35,374.35,388.0,374.35,380.15,10766818,382.99,387.25,1,387.4,883,
2026-04-13T13:55:56.131,NC,NTPC,387.4,374.35,388.0,374.35,380.15,10766822,382.99,387.25,1,387.4,1487,
2026-04-13T13:55:57.129,NC,NTPC,387.4,374.35,388.0,374.35,380.15,10767082,382.99,387.25,1,387.4,1334,
2026-04-13T13:55:59.327,NC,NTPC,387.25,374.35,388.0,374.35,380.15,10767092,382.99,387.2,1889,387.25,6,
2026-04-13T13:56:00.435,NC,NTPC,387.25,374.35,388.0,374.35,380.15,10767098,382.99,387.2,1892,387.25,8,
2026-04-13T13:56:01.560,NC,NTPC,387.25,374.35,388.0,374.35,380.15,10767312,382.99,387.25,2,387.35,805,
2026-04-13T13:56:04.639,NC,NTPC,387.3,374.35,388.0,374.35,380.15,10767337,382.99,387.25,2,387.3,6,
2026-04-13T13:56:05.742,NC,NTPC,387.3,374.35,388.0,374.35,380.15,10767356,382.99,387.25,3,387.3,512,
2026-04-13T13:56:09.057,NC,NTPC,387.25,374.35,388.0,374.35,380.15,10767482,382.99,387.2,1510,387.25,5,
2026-04-13T13:56:10.047,NC,NTPC,387.3,374.35,388.0,374.35,380.15,10768638,382.99,387.25,1,387.3,25,
2026-04-13T13:56:11.062,NC,NTPC,387.25,374.35,388.0,374.35,380.15,10768661,382.99,387.2,1542,387.25,5,
2026-04-13T13:56:12.056,NC,NTPC,387.25,374.35,388.0,374.35,380.15,10768765,382.99,387.25,1576,387.3,32,
2026-04-13T13:56:13.053,NC,NTPC,387.3,374.35,388.0,374.35,380.15,10768808,382.99,387.25,1576,387.3,41,
2026-04-13T13:56:14.157,NC,NTPC,387.3,374.35,388.0,374.35,380.15,10768869,382.99,387.25,1547,387.3,34,
2026-04-13T13:56:15.253,NC,NTPC,387.3,374.35,388.0,374.35,380.15,10769056,382.99,387.25,1530,387.3,45,
2026-04-13T13:56:16.254,NC,NTPC,387.3,374.35,388.0,374.35,380.15,10769130,382.99,387.25,1547,387.3,21,
2026-04-13T13:56:17.160,NC,NTPC,387.35,374.35,388.0,374.35,380.15,10769246,382.99,387.25,1547,387.35,443,
2026-04-13T13:56:18.260,NC,NTPC,387.35,374.35,388.0,374.35,380.15,10769426,382.99,387.25,70,387.35,263,
2026-04-13T13:56:19.258,NC,NTPC,387.2,374.35,388.0,374.35,380.15,10769580,382.99,387.2,1548,387.3,253,
2026-04-13T13:56:20.266,NC,NTPC,387.25,374.35,388.0,374.35,380.15,10769581,382.99,387.25,2,387.3,323,
2026-04-13T13:56:21.260,NC,NTPC,387.25,374.35,388.0,374.35,380.15,10769616,382.99,387.2,1402,387.25,7,
2026-04-13T13:56:23.163,NC,NTPC,387.2,374.35,388.0,374.35,380.15,10769681,382.99,387.2,1337,387.25,2,
2026-04-13T13:56:24.303,NC,NTPC,387.2,374.35,388.0,374.35,380.15,10769788,382.99,387.2,1230,387.25,2,
2026-04-13T13:56:25.269,NC,NTPC,387.3,374.35,388.0,374.35,380.15,10771048,383.0,387.25,1,387.3,26,
2026-04-13T13:56:26.274,NC,NTPC,387.3,374.35,388.0,374.35,380.15,10771052,383.0,387.25,1,387.3,32,
2026-04-13T13:56:27.275,NC,NTPC,387.3,374.35,388.0,374.35,380.15,10771301,383.0,387.25,1,387.3,3,
2026-04-13T13:56:28.179,NC,NTPC,387.2,374.35,388.0,374.35,380.15,10771331,383.0,387.2,1264,387.3,13,
2026-04-13T13:56:29.179,NC,NTPC,387.45,374.35,388.0,374.35,380.15,10789499,383.0,387.35,1,387.45,348,
2026-04-13T13:56:30.180,NC,NTPC,387.3,374.35,388.0,374.35,380.15,10789509,383.0,387.35,57,387.45,374,
2026-04-13T13:56:31.187,NC,NTPC,387.3,374.35,388.0,374.35,380.15,10789590,383.0,387.3,283,387.4,5,
2026-04-13T13:56:33.191,NC,NTPC,387.45,374.35,388.0,374.35,380.15,10790064,383.0,387.25,602,387.45,974,
2026-04-13T13:56:34.323,NC,NTPC,387.25,374.35,388.0,374.35,380.15,10790118,383.0,387.25,607,387.4,1,
2026-04-13T13:56:35.387,NC,NTPC,387.3,374.35,388.0,374.35,380.15,10790151,383.0,387.3,41,387.45,491,
2026-04-13T13:56:36.489,NC,NTPC,387.3,374.35,388.0,374.35,380.15,10790153,383.0,387.3,39,387.4,1,
2026-04-13T13:56:39.610,NC,NTPC,387.45,374.35,388.0,374.35,380.15,10792036,383.0,387.25,667,387.45,670,
2026-04-13T13:56:44.722,NC,NTPC,387.45,374.35,388.0,374.35,380.15,10793742,383.0,387.25,636,387.4,1,
2026-04-13T13:56:49.613,NC,NTPC,387.45,374.35,388.0,374.35,380.15,10793994,383.0,387.25,744,387.45,844,
2026-04-13T13:56:54.415,NC,NTPC,387.35,374.35,388.0,374.35,380.15,10795504,383.01,387.25,452,387.45,1543,
2026-04-13T13:56:59.322,NC,NTPC,387.45,374.35,388.0,374.35,380.15,10795946,383.01,387.25,193,387.45,1992,
2026-04-13T13:57:04.238,NC,NTPC,387.15,374.35,388.0,374.35,380.15,10797240,383.01,387.2,1,387.25,6,
2026-04-13T13:57:09.236,NC,NTPC,387.1,374.35,388.0,374.35,380.15,10797852,383.01,387.1,1301,387.2,6,
2026-04-13T13:57:14.749,NC,NTPC,387.3,374.35,388.0,374.35,380.15,10799633,383.01,387.2,25,387.3,946,
2026-04-13T13:57:20.970,NC,NTPC,387.3,374.35,388.0,374.35,380.15,10800121,383.01,387.15,14,387.3,917,
2026-04-13T13:57:27.264,NC,NTPC,387.3,374.35,388.0,374.35,380.15,10801598,383.01,387.15,471,387.3,82,
2026-04-13T13:57:32.979,NC,NTPC,387.35,374.35,388.0,374.35,380.15,10802044,383.01,387.25,3,387.35,937,
2026-04-13T13:57:37.906,NC,NTPC,387.25,374.35,388.0,374.35,380.15,10802188,383.01,387.15,660,387.25,1,
2026-04-13T13:57:42.801,NC,NTPC,387.25,374.35,388.0,374.35,380.15,10803966,383.01,387.3,3,387.35,661,
2026-04-13T13:57:47.692,NC,NTPC,387.2,374.35,388.0,374.35,380.15,10804572,383.01,387.25,15,387.3,10,
2026-04-13T13:57:52.701,NC,NTPC,387.3,374.35,388.0,374.35,380.15,10805332,383.01,387.25,52,387.3,147,
2026-04-13T13:57:57.805,NC,NTPC,387.3,374.35,388.0,374.35,380.15,10806819,383.01,387.25,7,387.3,220,
2026-04-13T13:58:03.410,NC,NTPC,387.15,374.35,388.0,374.35,380.15,10807460,383.01,387.2,380,387.3,418,
2026-04-13T13:58:09.336,NC,NTPC,387.25,374.35,388.0,374.35,380.15,10807710,383.01,387.2,710,387.25,15,
2026-04-13T13:58:14.721,NC,NTPC,387.25,374.35,388.0,374.35,380.15,10809199,383.01,387.2,664,387.25,217,
2026-04-13T13:58:19.727,NC,NTPC,387.25,374.35,388.0,374.35,380.15,10809403,383.01,387.2,481,387.25,96,
2026-04-13T13:58:24.729,NC,NTPC,387.35,374.35,388.0,374.35,380.15,10810673,383.01,387.3,9,387.35,294,
2026-04-13T13:58:29.757,NC,NTPC,387.2,374.35,388.0,374.35,380.15,10816086,383.01,387.1,50,387.2,335,
2026-04-13T13:58:34.648,NC,NTPC,387.1,374.35,388.0,374.35,380.15,10816917,383.01,387.0,522,387.1,11,
2026-04-13T13:58:36.954,NC,NTPC,387.1,374.35,388.0,374.35,380.15,10816967,383.01,387.0,523,387.1,9,
2026-04-13T13:58:37.840,NC,NTPC,387.0,374.35,388.0,374.35,380.15,10817503,383.01,386.9,566,387.0,1061,
2026-04-13T13:58:38.939,NC,NTPC,386.9,374.35,388.0,374.35,380.15,10817585,383.01,386.9,484,387.0,1100,
2026-04-13T13:58:39.947,NC,NTPC,387.0,374.35,388.0,374.35,380.15,10818788,383.01,386.95,3,387.0,51,
2026-04-13T13:58:40.941,NC,NTPC,387.0,374.35,388.0,374.35,380.15,10818930,383.01,386.9,442,387.0,81,
2026-04-13T13:58:41.950,NC,NTPC,387.0,374.35,388.0,374.35,380.15,10819179,383.01,386.9,474,387.0,97,
2026-04-13T13:58:43.941,NC,NTPC,386.9,374.35,388.0,374.35,380.15,10819233,383.01,386.9,1151,387.0,58,
2026-04-13T13:58:44.941,NC,NTPC,387.0,374.35,388.0,374.35,380.15,10819257,383.01,386.9,2683,387.0,37,
2026-04-13T13:58:45.945,NC,NTPC,387.0,374.35,388.0,374.35,380.15,10819281,383.01,386.9,2683,387.0,14,
2026-04-13T13:58:46.847,NC,NTPC,387.0,374.35,388.0,374.35,380.15,10819283,383.01,386.9,2683,387.0,22,
2026-04-13T13:58:48.847,NC,NTPC,386.9,374.35,388.0,374.35,380.15,10819437,383.01,386.9,967,387.0,302,
2026-04-13T13:58:49.850,NC,NTPC,387.0,374.35,388.0,374.35,380.15,10819449,383.01,386.9,597,387.0,290,
2026-04-13T13:58:50.847,NC,NTPC,386.9,374.35,388.0,374.35,380.15,10819543,383.01,386.9,529,387.0,257,
2026-04-13T13:58:51.883,NC,NTPC,387.0,374.35,388.0,374.35,380.15,10819626,383.01,386.9,526,387.0,252,
2026-04-13T13:58:52.849,NC,NTPC,387.0,374.35,388.0,374.35,380.15,10819878,383.01,386.9,1250,387.0,36,
2026-04-13T13:58:53.848,NC,NTPC,386.9,374.35,388.0,374.35,380.15,10819945,383.01,386.9,1396,387.0,26,
2026-04-13T13:58:54.856,NC,NTPC,387.0,374.35,388.0,374.35,380.15,10822081,383.02,386.9,1508,387.1,288,
2026-04-13T13:58:55.857,NC,NTPC,387.1,374.35,388.0,374.35,380.15,10822095,383.02,386.9,1617,387.1,187,
2026-04-13T13:58:56.755,NC,NTPC,387.15,374.35,388.0,374.35,380.15,10822483,383.02,386.95,376,387.1,122,
2026-04-13T13:58:57.759,NC,NTPC,387.1,374.35,388.0,374.35,380.15,10822495,383.02,386.95,233,387.1,153,
2026-04-13T13:58:58.863,NC,NTPC,386.95,374.35,388.0,374.35,380.15,10822551,383.02,386.95,217,387.1,26,
2026-04-13T13:58:59.766,NC,NTPC,387.0,374.35,388.0,374.35,380.15,10822561,383.02,387.0,4,387.1,984,
2026-04-13T13:59:00.760,NC,NTPC,387.0,374.35,388.0,374.35,380.15,10822565,383.02,386.95,40,387.0,3,
2026-04-13T13:59:01.672,NC,NTPC,387.0,374.35,388.0,374.35,380.15,10822636,383.02,386.95,114,387.0,1,
2026-04-13T13:59:02.792,NC,NTPC,386.95,374.35,388.0,374.35,380.15,10822647,383.02,386.95,72,387.0,1,
2026-04-13T13:59:03.868,NC,NTPC,386.95,374.35,388.0,374.35,380.15,10822710,383.02,386.9,1158,387.0,3,
2026-04-13T13:59:04.872,NC,NTPC,387.0,374.35,388.0,374.35,380.15,10822824,383.02,386.95,30,387.0,1391,
2026-04-13T13:59:05.964,NC,NTPC,387.0,374.35,388.0,374.35,380.15,10822890,383.02,386.95,31,387.0,1456,
2026-04-13T13:59:08.067,NC,NTPC,386.95,374.35,388.0,374.35,380.15,10822924,383.02,386.9,522,386.95,17,
2026-04-13T13:59:09.188,NC,NTPC,387.0,374.35,388.0,374.35,380.15,10825056,383.02,386.95,842,387.0,54,
2026-04-13T13:59:10.375,NC,NTPC,387.0,374.35,388.0,374.35,380.15,10826536,383.02,387.0,1075,387.1,14,
2026-04-13T13:59:11.274,NC,NTPC,387.1,374.35,388.0,374.35,380.15,10826661,383.02,387.1,25,387.15,5,
2026-04-13T13:59:12.285,NC,NTPC,387.1,374.35,388.0,374.35,380.15,10826664,383.02,387.1,22,387.15,6,
2026-04-13T13:59:13.275,NC,NTPC,387.2,374.35,388.0,374.35,380.15,10826825,383.02,387.15,51,387.2,1188,
2026-04-13T13:59:14.276,NC,NTPC,387.2,374.35,388.0,374.35,380.15,10827028,383.02,387.1,60,387.2,1127,
2026-04-13T13:59:15.381,NC,NTPC,387.2,374.35,388.0,374.35,380.15,10827174,383.02,387.15,113,387.2,923,
2026-04-13T13:59:16.276,NC,NTPC,387.15,374.35,388.0,374.35,380.15,10827268,383.02,387.15,110,387.2,814,
2026-04-13T13:59:17.182,NC,NTPC,387.2,374.35,388.0,374.35,380.15,10827283,383.02,387.15,177,387.2,881,
2026-04-13T13:59:19.084,NC,NTPC,387.15,374.35,388.0,374.35,380.15,10827337,383.02,387.15,123,387.2,880,
2026-04-13T13:59:20.987,NC,NTPC,387.2,374.35,388.0,374.35,380.15,10827557,383.02,387.1,105,387.2,761,
2026-04-13T13:59:22.089,NC,NTPC,387.2,374.35,388.0,374.35,380.15,10827558,383.02,387.1,105,387.2,760,
2026-04-13T13:59:22.991,NC,NTPC,387.2,374.35,388.0,374.35,380.15,10827658,383.02,387.1,105,387.2,757,
2026-04-13T13:59:24.008,NC,NTPC,387.1,374.35,388.0,374.35,380.15,10827755,383.02,387.1,8,387.2,853,
2026-04-13T13:59:24.993,NC,NTPC,387.2,374.35,388.0,374.35,380.15,10828930,383.02,387.05,1255,387.2,43,
2026-04-13T13:59:25.993,NC,NTPC,387.15,374.35,388.0,374.35,380.15,10829043,383.02,387.05,312,387.15,206,
2026-04-13T13:59:26.925,NC,NTPC,387.15,374.35,388.0,374.35,380.15,10829292,383.02,387.05,494,387.15,186,
2026-04-13T13:59:27.899,NC,NTPC,387.05,374.35,388.0,374.35,380.15,10829293,383.02,387.05,311,387.15,207,
2026-04-13T13:59:28.825,NC,NTPC,387.05,374.35,388.0,374.35,380.15,10829516,383.02,387.05,189,387.15,189,
2026-04-13T13:59:29.906,NC,NTPC,387.05,374.35,388.0,374.35,380.15,10829534,383.02,387.05,188,387.1,1,
2026-04-13T13:59:30.902,NC,NTPC,387.1,374.35,388.0,374.35,380.15,10829541,383.02,387.1,3,387.15,354,
2026-04-13T13:59:31.808,NC,NTPC,387.1,374.35,388.0,374.35,380.15,10829557,383.02,387.0,135,387.1,10,
2026-04-13T13:59:32.903,NC,NTPC,387.1,374.35,388.0,374.35,380.15,10829570,383.02,387.05,1,387.1,17,
2026-04-13T13:59:33.902,NC,NTPC,387.05,374.35,388.0,374.35,380.15,10829571,383.02,387.0,143,387.05,5,
2026-04-13T13:59:35.803,NC,NTPC,387.0,374.35,388.0,374.35,380.15,10830528,383.02,387.0,1055,387.05,6,
2026-04-13T13:59:36.708,NC,NTPC,387.1,374.35,388.0,374.35,380.15,10830694,383.02,386.95,3241,387.1,149,
2026-04-13T13:59:37.858,NC,NTPC,387.0,374.35,388.0,374.35,380.15,10830707,383.02,387.0,988,387.1,137,
2026-04-13T13:59:38.716,NC,NTPC,387.0,374.35,388.0,374.35,380.15,10830829,383.02,387.0,866,387.05,1500,
2026-04-13T13:59:39.915,NC,NTPC,387.05,374.35,388.0,374.35,380.15,10832057,383.02,387.0,791,387.05,831,
2026-04-13T13:59:40.931,NC,NTPC,387.05,374.35,388.0,374.35,380.15,10832074,383.02,386.9,341,387.05,819,
2026-04-13T13:59:41.914,NC,NTPC,387.05,374.35,388.0,374.35,380.15,10832322,383.02,386.9,997,387.05,571,
2026-04-13T13:59:42.934,NC,NTPC,387.15,374.35,388.0,374.35,380.15,10834022,383.02,386.95,50,387.1,300,
2026-04-13T13:59:45.226,NC,NTPC,386.95,374.35,388.0,374.35,380.15,10834146,383.02,386.95,121,387.05,10,
2026-04-13T13:59:46.117,NC,NTPC,387.0,374.35,388.0,374.35,380.15,10834183,383.02,387.0,492,387.05,96,
2026-04-13T13:59:47.117,NC,NTPC,387.05,374.35,388.0,374.35,380.15,10834643,383.02,387.0,492,387.05,32,
2026-04-13T13:59:48.118,NC,NTPC,387.05,374.35,388.0,374.35,380.15,10834748,383.02,386.9,1183,387.05,27,
2026-04-13T13:59:49.019,NC,NTPC,387.05,374.35,388.0,374.35,380.15,10834915,383.02,386.9,1128,387.05,23,
2026-04-13T13:59:51.218,NC,NTPC,387.0,374.35,388.0,374.35,380.15,10834956,383.02,386.9,562,387.0,1,
2026-04-13T13:59:52.226,NC,NTPC,387.05,374.35,388.0,374.35,380.15,10834975,383.02,387.0,137,387.05,259,
2026-04-13T13:59:53.247,NC,NTPC,387.05,374.35,388.0,374.35,380.15,10835089,383.02,387.0,137,387.05,155,
2026-04-13T13:59:54.232,NC,NTPC,387.05,374.35,388.0,374.35,380.15,10835203,383.02,387.0,33,387.05,145,
2026-04-13T13:59:55.229,NC,NTPC,387.15,374.35,388.0,374.35,380.15,10836234,383.02,387.05,114,387.15,1155,
2026-04-13T13:59:56.236,NC,NTPC,387.15,374.35,388.0,374.35,380.15,10836532,383.02,387.05,80,387.15,1306,
2026-04-13T13:59:57.229,NC,NTPC,387.15,374.35,388.0,374.35,380.15,10836544,383.02,387.05,80,387.1,4,
2026-04-13T13:59:58.146,NC,NTPC,387.15,374.35,388.0,374.35,380.15,10836655,383.02,387.05,91,387.1,1,
2026-04-13T13:59:59.233,NC,NTPC,387.15,374.35,388.0,374.35,380.15,10836719,383.02,387.05,35,387.15,1178,
2026-04-13T14:00:00.363,NC,NTPC,387.0,374.35,388.0,374.35,380.15,10836912,383.02,386.95,204,387.15,1315,
2026-04-13T14:00:01.431,NC,NTPC,387.15,374.35,388.0,374.35,380.15,10837126,383.02,387.05,2,387.15,1478,
2026-04-13T14:00:03.532,NC,NTPC,387.1,374.35,388.0,374.35,380.15,10837139,383.02,387.05,2,387.1,13,
2026-04-13T14:00:04.539,NC,NTPC,387.1,374.35,388.0,374.35,380.15,10837223,383.02,387.1,105,387.15,1279,
2026-04-13T14:00:05.535,NC,NTPC,387.15,374.35,388.0,374.35,380.15,10837242,383.02,387.1,172,387.15,1525,
2026-04-13T14:00:06.556,NC,NTPC,387.15,374.35,388.0,374.35,380.15,10837376,383.02,387.1,239,387.15,1033,
2026-04-13T14:00:07.642,NC,NTPC,387.15,374.35,388.0,374.35,380.15,10838019,383.02,387.1,67,387.15,671,
2026-04-13T14:00:08.735,NC,NTPC,387.1,374.35,388.0,374.35,380.15,10838174,383.02,387.1,13,387.15,577,
2026-04-13T14:00:09.748,NC,NTPC,387.05,374.35,388.0,374.35,380.15,10839390,383.02,387.05,835,387.15,35,
2026-04-13T14:00:10.737,NC,NTPC,387.05,374.35,388.0,374.35,380.15,10839609,383.02,387.05,867,387.15,92,
2026-04-13T14:00:11.756,NC,NTPC,387.05,374.35,388.0,374.35,380.15,10839991,383.02,387.05,696,387.2,1,
2026-04-13T14:00:13.743,NC,NTPC,387.15,374.35,388.0,374.35,380.15,10840005,383.02,387.1,350,387.15,5,
2026-04-13T14:00:14.747,NC,NTPC,387.15,374.35,388.0,374.35,380.15,10840011,383.02,387.1,350,387.15,7,
2026-04-13T14:00:15.746,NC,NTPC,387.15,374.35,388.0,374.35,380.15,10840018,383.02,387.1,350,387.15,8,
2026-04-13T14:00:16.639,NC,NTPC,387.15,374.35,388.0,374.35,380.15,10840143,383.02,387.1,350,387.15,448,
2026-04-13T14:00:17.741,NC,NTPC,387.15,374.35,388.0,374.35,380.15,10840155,383.02,387.1,350,387.15,480,
2026-04-13T14:00:18.839,NC,NTPC,387.1,374.35,388.0,374.35,380.15,10840228,383.02,387.1,277,387.15,481,
2026-04-13T14:00:19.863,NC,NTPC,387.15,374.35,388.0,374.35,380.15,10840230,383.02,387.1,280,387.15,513,
2026-04-13T14:00:20.940,NC,NTPC,387.15,374.35,388.0,374.35,380.15,10840310,383.02,387.1,212,387.15,1036,
2026-04-13T14:00:22.952,NC,NTPC,387.1,374.35,388.0,374.35,380.15,10840315,383.02,387.1,207,387.15,828,
2026-04-13T14:00:24.050,NC,NTPC,387.1,374.35,388.0,374.35,380.15,10840372,383.02,387.1,150,387.15,863,
2026-04-13T14:00:25.044,NC,NTPC,387.15,374.35,388.0,374.35,380.15,10841826,383.02,387.1,17,387.15,36,
2026-04-13T14:00:26.053,NC,NTPC,387.15,374.35,388.0,374.35,380.15,10842030,383.02,387.1,17,387.15,188,
2026-04-13T14:00:26.949,NC,NTPC,387.15,374.35,388.0,374.35,380.15,10842278,383.02,387.1,17,387.15,297,
2026-04-13T14:00:29.053,NC,NTPC,387.15,374.35,388.0,374.35,380.15,10842334,383.02,387.0,1,387.15,535,
2026-04-13T14:00:30.051,NC,NTPC,386.95,374.35,388.0,374.35,380.15,10842446,383.02,386.95,1893,387.15,1203,
2026-04-13T14:00:31.076,NC,NTPC,386.95,374.35,388.0,374.35,380.15,10842514,383.02,387.1,3,387.15,1025,
2026-04-13T14:00:31.956,NC,NTPC,387.0,374.35,388.0,374.35,380.15,10842553,383.02,387.05,1,387.1,10,
2026-04-13T14:00:32.855,NC,NTPC,387.15,374.35,388.0,374.35,380.15,10842668,383.02,387.0,177,387.15,727,
2026-04-13T14:00:33.955,NC,NTPC,387.0,374.35,388.0,374.35,380.15,10843029,383.02,386.95,769,387.0,6,
2026-04-13T14:00:34.960,NC,NTPC,387.0,374.35,388.0,374.35,380.15,10843037,383.02,386.95,769,387.0,491,
2026-04-13T14:00:35.958,NC,NTPC,387.0,374.35,388.0,374.35,380.15,10843040,383.02,386.95,785,387.0,489,
2026-04-13T14:00:37.059,NC,NTPC,387.0,374.35,388.0,374.35,380.15,10843104,383.02,386.95,2285,387.0,425,
2026-04-13T14:00:38.061,NC,NTPC,387.15,374.35,388.0,374.35,380.15,10843668,383.02,387.0,1373,387.15,614,
2026-04-13T14:00:39.064,NC,NTPC,387.0,374.35,388.0,374.35,380.15,10843723,383.02,387.05,67,387.15,621,
2026-04-13T14:00:40.072,NC,NTPC,387.2,374.35,388.0,374.35,380.15,10844821,383.02,387.15,13,387.2,124,
2026-04-13T14:00:41.062,NC,NTPC,387.2,374.35,388.0,374.35,380.15,10844945,383.02,387.15,8,387.2,463,
2026-04-13T14:00:42.063,NC,NTPC,387.2,374.35,388.0,374.35,380.15,10845194,383.02,387.15,8,387.2,385,
2026-04-13T14:00:43.066,NC,NTPC,387.2,374.35,388.0,374.35,380.15,10845309,383.02,387.15,3,387.2,306,
2026-04-13T14:00:44.072,NC,NTPC,387.15,374.35,388.0,374.35,380.15,10845340,383.02,387.1,67,387.15,6,
2026-04-13T14:00:45.087,NC,NTPC,387.15,374.35,388.0,374.35,380.15,10845358,383.02,387.1,67,387.15,4,
2026-04-13T14:00:46.071,NC,NTPC,386.55,374.35,388.0,374.35,380.15,10890285,383.04,386.7,249,386.85,246,
2026-04-13T14:00:47.073,NC,NTPC,386.6,374.35,388.0,374.35,380.15,10895715,383.04,386.6,50,386.75,8,
2026-04-13T14:00:47.977,NC,NTPC,386.5,374.35,388.0,374.35,380.15,10905692,383.04,386.55,67,386.65,8,
2026-04-13T14:00:49.079,NC,NTPC,386.55,374.35,388.0,374.35,380.15,10912935,383.05,386.5,210,386.55,8,
2026-04-13T14:00:50.175,NC,NTPC,386.5,374.35,388.0,374.35,380.15,10932790,383.05,386.5,243,386.7,1219,
2026-04-13T14:00:51.176,NC,NTPC,386.35,374.35,388.0,374.35,380.15,10943078,383.06,386.35,244,386.55,2345,
2026-04-13T14:00:52.178,NC,NTPC,386.25,374.35,388.0,374.35,380.15,10954006,383.06,386.25,143,386.45,1932,
2026-04-13T14:00:53.178,NC,NTPC,386.2,374.35,388.0,374.35,380.15,10969965,383.06,386.25,243,386.4,262,
2026-04-13T14:00:54.195,NC,NTPC,386.35,374.35,388.0,374.35,380.15,10978950,383.07,386.25,5,386.35,101,
2026-04-13T14:00:55.186,NC,NTPC,386.35,374.35,388.0,374.35,380.15,10984615,383.07,386.2,243,386.35,143,
2026-04-13T14:00:56.183,NC,NTPC,386.45,374.35,388.0,374.35,380.15,11011780,383.07,386.4,243,386.5,472,
2026-04-13T14:00:57.187,NC,NTPC,386.3,374.35,388.0,374.35,380.15,11022344,383.08,386.3,238,386.5,1844,
2026-04-13T14:00:58.184,NC,NTPC,386.25,374.35,388.0,374.35,380.15,11034555,383.08,386.25,1743,386.4,40,
2026-04-13T14:00:59.190,NC,NTPC,386.25,374.35,388.0,374.35,380.15,11062674,383.09,386.1,581,386.25,6,
2026-04-13T14:01:00.089,NC,NTPC,386.2,374.35,388.0,374.35,380.15,11064949,383.09,386.1,517,386.25,1025,
2026-04-13T14:01:01.091,NC,NTPC,386.0,374.35,388.0,374.35,380.15,11067824,383.09,386.1,444,386.25,338,
2026-04-13T14:01:02.190,NC,NTPC,386.15,374.35,388.0,374.35,380.15,11093938,383.1,386.2,200,386.35,2773,
2026-04-13T14:01:03.291,NC,NTPC,386.0,374.35,388.0,374.35,380.15,11098167,383.1,386.1,373,386.3,1064,
2026-04-13T14:01:04.291,NC,NTPC,386.1,374.35,388.0,374.35,380.15,11102581,383.1,386.15,315,386.3,107,
2026-04-13T14:01:05.199,NC,NTPC,386.25,374.35,388.0,374.35,380.15,11114642,383.1,386.15,441,386.3,519,
2026-04-13T14:01:06.207,NC,NTPC,386.3,374.35,388.0,374.35,380.15,11121785,383.1,386.2,990,386.3,85,
2026-04-13T14:01:07.219,NC,NTPC,386.0,374.35,388.0,374.35,380.15,11128058,383.11,386.1,1874,386.3,1615,
2026-04-13T14:01:08.309,NC,NTPC,386.0,374.35,388.0,374.35,380.15,11136253,383.11,386.05,1500,386.2,483,
2026-04-13T14:01:09.418,NC,NTPC,386.25,374.35,388.0,374.35,380.15,11139799,383.11,386.0,1911,386.2,974,
2026-04-13T14:01:10.406,NC,NTPC,386.1,374.35,388.0,374.35,380.15,11142757,383.11,386.1,14,386.25,1276,
2026-04-13T14:01:11.413,NC,NTPC,386.0,374.35,388.0,374.35,380.15,11144775,383.11,386.0,788,386.2,620,
2026-04-13T14:01:12.411,NC,NTPC,386.0,374.35,388.0,374.35,380.15,11161034,383.12,385.95,399,386.15,1011,
2026-04-13T14:01:13.410,NC,NTPC,386.15,374.35,388.0,374.35,380.15,11161348,383.12,386.0,227,386.15,1245,
2026-04-13T14:01:14.328,NC,NTPC,385.95,374.35,388.0,374.35,380.15,11162433,383.12,385.9,2609,386.1,52,
2026-04-13T14:01:15.414,NC,NTPC,386.15,374.35,388.0,374.35,380.15,11163631,383.12,386.1,67,386.15,813,
2026-04-13T14:01:16.418,NC,NTPC,386.0,374.35,388.0,374.35,380.15,11165543,383.12,386.0,27,386.1,8,
2026-04-13T14:01:17.426,NC,NTPC,386.0,374.35,388.0,374.35,380.15,11165585,383.12,385.95,1714,386.1,8,
2026-04-13T14:01:18.426,NC,NTPC,386.1,374.35,388.0,374.35,380.15,11168363,383.12,386.0,142,386.1,10,
2026-04-13T14:01:19.423,NC,NTPC,386.0,374.35,388.0,374.35,380.15,11171421,383.12,385.95,27,386.1,925,
2026-04-13T14:01:20.334,NC,NTPC,386.1,374.35,388.0,374.35,380.15,11171451,383.12,385.95,142,386.1,11,
2026-04-13T14:01:21.445,NC,NTPC,386.0,374.35,388.0,374.35,380.15,11171691,383.12,385.95,108,386.15,752,
2026-04-13T14:01:22.428,NC,NTPC,386.0,374.35,388.0,374.35,380.15,11171698,383.12,386.0,7005,386.15,502,
2026-04-13T14:01:23.428,NC,NTPC,386.0,374.35,388.0,374.35,380.15,11179227,383.12,386.0,86,386.15,821,
2026-04-13T14:01:24.425,NC,NTPC,386.15,374.35,388.0,374.35,380.15,11180529,383.12,386.1,182,386.15,439,
2026-04-13T14:01:25.349,NC,NTPC,386.1,374.35,388.0,374.35,380.15,11181051,383.12,386.0,501,386.2,227,
2026-04-13T14:01:26.330,NC,NTPC,386.0,374.35,388.0,374.35,380.15,11182085,383.12,386.0,115,386.15,148,
2026-04-13T14:01:27.234,NC,NTPC,386.0,374.35,388.0,374.35,380.15,11182940,383.12,385.95,1848,386.15,152,
2026-04-13T14:01:28.242,NC,NTPC,386.0,374.35,388.0,374.35,380.15,11184000,383.12,386.0,142,386.15,698,
2026-04-13T14:01:29.338,NC,NTPC,386.15,374.35,388.0,374.35,380.15,11184343,383.12,386.0,142,386.15,232,
2026-04-13T14:01:30.236,NC,NTPC,386.1,374.35,388.0,374.35,380.15,11188960,383.12,386.0,122,386.1,8,
2026-04-13T14:01:31.338,NC,NTPC,385.95,374.35,388.0,374.35,380.15,11189178,383.12,385.95,760,386.1,8,
2026-04-13T14:01:32.356,NC,NTPC,385.95,374.35,388.0,374.35,380.15,11189993,383.12,385.9,752,386.05,100,
2026-04-13T14:01:33.349,NC,NTPC,386.1,374.35,388.0,374.35,380.15,11190827,383.12,385.95,919,386.1,1,
2026-04-13T14:01:34.242,NC,NTPC,386.1,374.35,388.0,374.35,380.15,11190901,383.12,386.0,1464,386.1,8,
2026-04-13T14:01:35.244,NC,NTPC,385.95,374.35,388.0,374.35,380.15,11193993,383.12,385.9,5147,386.05,92,
2026-04-13T14:01:36.345,NC,NTPC,386.0,374.35,388.0,374.35,380.15,11195813,383.12,385.95,2103,386.15,1206,
2026-04-13T14:01:37.542,NC,NTPC,385.95,374.35,388.0,374.35,380.15,11196676,383.12,385.95,569,386.15,1528,
2026-04-13T14:01:38.641,NC,NTPC,386.0,374.35,388.0,374.35,380.15,11198897,383.12,385.95,3312,386.0,13,
2026-04-13T14:01:39.742,NC,NTPC,386.15,374.35,388.0,374.35,380.15,11200446,383.13,386.05,3,386.15,162,
2026-04-13T14:01:40.846,NC,NTPC,386.0,374.35,388.0,374.35,380.15,11206317,383.13,385.95,1641,386.05,1,
2026-04-13T14:01:41.944,NC,NTPC,386.05,374.35,388.0,374.35,380.15,11206578,383.13,385.95,141,386.1,1310,
2026-04-13T14:01:42.945,NC,NTPC,386.1,374.35,388.0,374.35,380.15,11207021,383.13,385.95,141,386.1,1030,
2026-04-13T14:01:44.058,NC,NTPC,386.0,374.35,388.0,374.35,380.15,11207040,383.13,385.95,140,386.0,6,
2026-04-13T14:01:45.058,NC,NTPC,386.1,374.35,388.0,374.35,380.15,11207304,383.13,385.95,27,386.1,1577,
2026-04-13T14:01:46.047,NC,NTPC,386.1,374.35,388.0,374.35,380.15,11207404,383.13,386.05,4,386.1,671,
2026-04-13T14:01:47.158,NC,NTPC,386.0,374.35,388.0,374.35,380.15,11207509,383.13,385.95,558,386.1,656,
2026-04-13T14:01:48.155,NC,NTPC,386.0,374.35,388.0,374.35,380.15,11209036,383.13,385.95,432,386.1,1262,
2026-04-13T14:01:49.052,NC,NTPC,385.95,374.35,388.0,374.35,380.15,11209278,383.13,385.9,1552,386.0,6,
2026-04-13T14:01:50.173,NC,NTPC,386.0,374.35,388.0,374.35,380.15,11215340,383.13,385.95,435,386.15,1767,
2026-04-13T14:01:51.156,NC,NTPC,386.0,374.35,388.0,374.35,380.15,11215440,383.13,385.95,342,386.15,2190,
2026-04-13T14:01:52.164,NC,NTPC,385.95,374.35,388.0,374.35,380.15,11216087,383.13,385.9,1985,386.15,2190,
2026-04-13T14:01:53.157,NC,NTPC,386.15,374.35,388.0,374.35,380.15,11216201,383.13,385.95,685,386.15,1613,
2026-04-13T14:01:54.164,NC,NTPC,386.0,374.35,388.0,374.35,380.15,11216334,383.13,386.05,1500,386.15,303,
2026-04-13T14:01:55.275,NC,NTPC,386.0,374.35,388.0,374.35,380.15,11222612,383.13,386.0,1692,386.2,1374,
2026-04-13T14:01:56.399,NC,NTPC,386.2,374.35,388.0,374.35,380.15,11226300,383.13,386.0,1516,386.2,1633,
2026-04-13T14:01:57.463,NC,NTPC,386.15,374.35,388.0,374.35,380.15,11229483,383.13,386.0,3116,386.2,1495,
2026-04-13T14:01:58.375,NC,NTPC,386.05,374.35,388.0,374.35,380.15,11233921,383.13,386.0,1616,386.2,1602,
2026-04-13T14:01:59.470,NC,NTPC,386.2,374.35,388.0,374.35,380.15,11235913,383.13,386.0,1645,386.2,1565,
2026-04-13T14:02:00.571,NC,NTPC,386.0,374.35,388.0,374.35,380.15,11240035,383.14,386.0,1617,386.15,422,
2026-04-13T14:02:01.574,NC,NTPC,386.1,374.35,388.0,374.35,380.15,11242400,383.14,386.05,117,386.1,7,
2026-04-13T14:02:02.579,NC,NTPC,386.1,374.35,388.0,374.35,380.15,11244946,383.14,386.05,122,386.1,8,
2026-04-13T14:02:03.580,NC,NTPC,386.0,374.35,388.0,374.35,380.15,11246591,383.14,385.95,2705,386.1,34,
2026-04-13T14:02:04.578,NC,NTPC,386.15,374.35,388.0,374.35,380.15,11247216,383.14,385.95,2655,386.15,754,
2026-04-13T14:02:05.686,NC,NTPC,385.95,374.35,388.0,374.35,380.15,11248754,383.14,385.95,2698,386.15,442,
2026-04-13T14:02:06.830,NC,NTPC,386.0,374.35,388.0,374.35,380.15,11249448,383.14,385.95,2698,386.15,296,
2026-04-13T14:02:07.880,NC,NTPC,386.0,374.35,388.0,374.35,380.15,11250976,383.14,385.95,2698,386.15,188,
2026-04-13T14:02:08.880,NC,NTPC,386.15,374.35,388.0,374.35,380.15,11254568,383.14,385.95,3110,386.15,144,
2026-04-13T14:02:09.882,NC,NTPC,386.1,374.35,388.0,374.35,380.15,11271524,383.14,386.1,94,386.2,531,
2026-04-13T14:02:10.903,NC,NTPC,386.0,374.35,388.0,374.35,380.15,11273051,383.14,386.0,126,386.15,309,
2026-04-13T14:02:11.898,NC,NTPC,386.0,374.35,388.0,374.35,380.15,11277485,383.15,386.0,2368,386.15,54,
2026-04-13T14:02:12.993,NC,NTPC,386.1,374.35,388.0,374.35,380.15,11279988,383.15,386.0,4646,386.15,19,
2026-04-13T14:02:13.886,NC,NTPC,386.0,374.35,388.0,374.35,380.15,11284834,383.15,386.0,974,386.1,8,
2026-04-13T14:02:15.113,NC,NTPC,386.1,374.35,388.0,374.35,380.15,11289125,383.15,385.95,2215,386.15,15,
2026-04-13T14:02:16.189,NC,NTPC,386.15,374.35,388.0,374.35,380.15,11290780,383.15,386.1,4,386.15,11,
2026-04-13T14:02:17.199,NC,NTPC,386.2,374.35,388.0,374.35,380.15,11290918,383.15,386.1,1,386.2,514,
2026-04-13T14:02:18.296,NC,NTPC,386.05,374.35,388.0,374.35,380.15,11294104,383.15,386.05,141,386.15,50,
2026-04-13T14:02:19.205,NC,NTPC,386.05,374.35,388.0,374.35,380.15,11294418,383.15,386.0,146,386.1,7,
2026-04-13T14:02:20.299,NC,NTPC,386.0,374.35,388.0,374.35,380.15,11294591,383.15,386.0,145,386.1,8,
2026-04-13T14:02:21.400,NC,NTPC,386.0,374.35,388.0,374.35,380.15,11294893,383.15,386.0,145,386.1,4,
2026-04-13T14:02:22.406,NC,NTPC,385.95,374.35,388.0,374.35,380.15,11295041,383.15,385.95,2617,386.1,93,
2026-04-13T14:02:23.510,NC,NTPC,386.1,374.35,388.0,374.35,380.15,11295914,383.15,386.05,2,386.1,316,
2026-04-13T14:02:24.404,NC,NTPC,386.15,374.35,388.0,374.35,380.15,11300395,383.15,386.1,10,386.15,1102,
2026-04-13T14:02:25.516,NC,NTPC,386.0,374.35,388.0,374.35,380.15,11300750,383.15,385.95,2592,386.15,1460,
2026-04-13T14:02:26.608,NC,NTPC,386.0,374.35,388.0,374.35,380.15,11301216,383.15,386.0,105,386.15,1715,
2026-04-13T14:02:27.607,NC,NTPC,386.0,374.35,388.0,374.35,380.15,11302821,383.15,385.95,1709,386.15,2873,
2026-04-13T14:02:28.709,NC,NTPC,386.0,374.35,388.0,374.35,380.15,11303003,383.15,386.0,150,386.15,1173,
2026-04-13T14:02:29.712,NC,NTPC,385.95,374.35,388.0,374.35,380.15,11303348,383.15,385.95,1102,386.1,1030,
2026-04-13T14:02:30.711,NC,NTPC,385.95,374.35,388.0,374.35,380.15,11303349,383.15,386.0,63,386.1,633,
2026-04-13T14:02:31.714,NC,NTPC,385.95,374.35,388.0,374.35,380.15,11304093,383.15,385.95,1670,386.1,40,
2026-04-13T14:02:32.718,NC,NTPC,385.95,374.35,388.0,374.35,380.15,11304254,383.15,385.95,1608,386.1,40,
2026-04-13T14:02:33.721,NC,NTPC,386.0,374.35,388.0,374.35,380.15,11304383,383.15,385.95,1549,386.05,7,
2026-04-13T14:02:34.723,NC,NTPC,385.95,374.35,388.0,374.35,380.15,11304396,383.15,385.95,1536,386.05,8,
2026-04-13T14:02:35.724,NC,NTPC,386.0,374.35,388.0,374.35,380.15,11315712,383.15,386.05,28,386.2,1303,
2026-04-13T14:02:36.825,NC,NTPC,386.0,374.35,388.0,374.35,380.15,11319708,383.16,386.0,1527,386.15,174,
2026-04-13T14:02:37.834,NC,NTPC,386.0,374.35,388.0,374.35,380.15,11322747,383.16,386.0,1528,386.1,8,
2026-04-13T14:02:38.845,NC,NTPC,386.0,374.35,388.0,374.35,380.15,11325925,383.16,385.95,2278,386.1,334,
2026-04-13T14:02:39.844,NC,NTPC,386.1,374.35,388.0,374.35,380.15,11327080,383.16,386.05,1500,386.1,232,
2026-04-13T14:02:40.837,NC,NTPC,386.1,374.35,388.0,374.35,380.15,11328838,383.16,385.95,2179,386.1,956,
2026-04-13T14:02:41.845,NC,NTPC,386.1,374.35,388.0,374.35,380.15,11329098,383.16,386.0,1500,386.1,1066,
2026-04-13T14:02:42.855,NC,NTPC,385.95,374.35,388.0,374.35,380.15,11332806,383.16,385.95,1529,386.05,407,
2026-04-13T14:02:43.854,NC,NTPC,385.95,374.35,388.0,374.35,380.15,11332807,383.16,385.95,1528,386.0,6,
2026-04-13T14:02:44.838,NC,NTPC,385.95,374.35,388.0,374.35,380.15,11332902,383.16,385.95,1464,386.05,919,
2026-04-13T14:02:45.851,NC,NTPC,386.05,374.35,388.0,374.35,380.15,11332920,383.16,385.95,1464,386.05,901,
2026-04-13T14:02:46.864,NC,NTPC,386.05,374.35,388.0,374.35,380.15,11332944,383.16,385.95,1464,386.05,887,
2026-04-13T14:02:47.849,NC,NTPC,385.9,374.35,388.0,374.35,380.15,11346703,383.16,385.85,124,385.9,172,
2026-04-13T14:02:48.947,NC,NTPC,385.95,374.35,388.0,374.35,380.15,11346966,383.16,385.8,2184,385.95,712,
2026-04-13T14:02:50.048,NC,NTPC,385.85,374.35,388.0,374.35,380.15,11346969,383.16,385.85,1499,385.95,548,
2026-04-13T14:02:52.062,NC,NTPC,385.85,374.35,388.0,374.35,380.15,11347103,383.16,385.85,1365,385.95,1276,
2026-04-13T14:02:53.055,NC,NTPC,385.95,374.35,388.0,374.35,380.15,11348918,383.16,385.8,2106,385.95,1279,
2026-04-13T14:02:54.968,NC,NTPC,385.95,374.35,388.0,374.35,380.15,11350073,383.16,385.8,1982,385.95,1586,
2026-04-13T14:02:56.062,NC,NTPC,385.95,374.35,388.0,374.35,380.15,11350537,383.16,385.8,1982,385.95,1304,
2026-04-13T14:02:57.063,NC,NTPC,385.95,374.35,388.0,374.35,380.15,11350897,383.16,385.8,1982,385.95,1448,
2026-04-13T14:02:58.066,NC,NTPC,385.95,374.35,388.0,374.35,380.15,11350939,383.16,385.8,1982,385.95,1554,
2026-04-13T14:02:59.065,NC,NTPC,385.8,374.35,388.0,374.35,380.15,11351040,383.16,385.8,2030,385.95,2751,
2026-04-13T14:02:59.973,NC,NTPC,385.95,374.35,388.0,374.35,380.15,11351047,383.16,385.85,10,385.95,1809,
2026-04-13T14:03:00.971,NC,NTPC,385.95,374.35,388.0,374.35,380.15,11351150,383.16,385.9,2,385.95,1767,
2026-04-13T14:03:01.974,NC,NTPC,385.8,374.35,388.0,374.35,380.15,11351326,383.16,385.8,2131,385.95,1352,
2026-04-13T14:03:04.176,NC,NTPC,385.95,374.35,388.0,374.35,380.15,11351335,383.16,385.85,156,385.95,1343,
2026-04-13T14:03:05.080,NC,NTPC,385.95,374.35,388.0,374.35,380.15,11352039,383.16,385.85,656,385.95,893,
2026-04-13T14:03:08.178,NC,NTPC,385.85,374.35,388.0,374.35,380.15,11352132,383.16,385.85,489,385.95,1920,
2026-04-13T14:03:09.183,NC,NTPC,385.85,374.35,388.0,374.35,380.15,11352407,383.16,385.85,226,385.95,2217,
2026-04-13T14:03:10.185,NC,NTPC,385.95,374.35,388.0,374.35,380.15,11353562,383.16,385.9,10,385.95,1437,
2026-04-13T14:03:11.189,NC,NTPC,385.95,374.35,388.0,374.35,380.15,11353577,383.16,385.9,1,385.95,1433,
2026-04-13T14:03:12.197,NC,NTPC,385.95,374.35,388.0,374.35,380.15,11354009,383.16,385.85,177,385.95,946,
2026-04-13T14:03:13.202,NC,NTPC,385.95,374.35,388.0,374.35,380.15,11354180,383.16,385.85,304,385.95,954,
2026-04-13T14:03:14.195,NC,NTPC,385.95,374.35,388.0,374.35,380.15,11354686,383.16,385.8,2548,385.95,898,
2026-04-13T14:03:15.193,NC,NTPC,385.95,374.35,388.0,374.35,380.15,11354693,383.16,385.9,1,385.95,1025,
2026-04-13T14:03:16.092,NC,NTPC,385.95,374.35,388.0,374.35,380.15,11354717,383.16,385.9,1,385.95,915,
2026-04-13T14:03:17.099,NC,NTPC,385.9,374.35,388.0,374.35,380.15,11354734,383.16,385.8,2548,385.9,1495,
2026-04-13T14:03:19.137,NC,NTPC,385.9,374.35,388.0,374.35,380.15,11354834,383.16,385.8,2548,385.9,2201,
2026-04-13T14:03:20.118,NC,NTPC,385.8,374.35,388.0,374.35,380.15,11354878,383.16,385.8,2529,385.85,16,
2026-04-13T14:03:21.010,NC,NTPC,385.9,374.35,388.0,374.35,380.15,11355659,383.16,385.8,2582,385.9,1726,
2026-04-13T14:03:24.012,NC,NTPC,385.8,374.35,388.0,374.35,380.15,11355662,383.16,385.8,2547,385.9,2119,
2026-04-13T14:03:25.116,NC,NTPC,385.9,374.35,388.0,374.35,380.15,11356833,383.17,385.8,2775,385.9,952,
2026-04-13T14:03:26.120,NC,NTPC,385.9,374.35,388.0,374.35,380.15,11356837,383.17,385.8,2775,385.9,948,
2026-04-13T14:03:27.115,NC,NTPC,385.9,374.35,388.0,374.35,380.15,11357086,383.17,385.8,2775,385.9,709,
