Timestamp,Exchange,Symbol,LTP,Open,High,Low,Close,Volume,VWAP,Best_Bid,Bid_Qty,Best_Ask,Ask_Qty,OI
2026-04-10T09:31:56.539,NC,CASTROLIND,180.16,180.6,180.7,179.55,179.42,179072,180.1,180.01,511,180.16,51,
2026-04-10T09:32:00.306,NC,CASTROLIND,180.15,180.6,180.7,179.55,179.42,180072,180.1,180.03,65,180.17,61,
2026-04-10T09:32:07.807,NC,CASTROLIND,180.13,180.6,180.7,179.55,179.42,181192,180.1,180.03,1,180.12,10,
2026-04-10T09:32:15.491,NC,CASTROLIND,180.03,180.6,180.7,179.55,179.42,181233,180.1,180.0,472,180.03,511,
2026-04-10T09:32:23.080,NC,CASTROLIND,180.03,180.6,180.7,179.55,179.42,181374,180.1,180.0,1472,180.03,370,
2026-04-10T09:32:30.594,NC,CASTROLIND,180.0,180.6,180.7,179.55,179.42,181750,180.1,180.0,1174,180.03,294,
2026-04-10T09:32:45.746,NC,CASTROLIND,180.03,180.6,180.7,179.55,179.42,182127,180.1,180.0,987,180.03,175,
2026-04-10T09:32:53.375,NC,CASTROLIND,180.03,180.6,180.7,179.55,179.42,182187,180.1,180.01,114,180.03,63,
2026-04-10T09:33:00.750,NC,CASTROLIND,180.03,180.6,180.7,179.55,179.42,182231,180.1,180.01,89,180.03,44,
2026-04-10T09:33:08.253,NC,CASTROLIND,180.03,180.6,180.7,179.55,179.42,182232,180.1,180.01,89,180.03,43,
2026-04-10T09:33:16.067,NC,CASTROLIND,180.13,180.6,180.7,179.55,179.42,183232,180.1,180.01,89,180.12,62,
2026-04-10T09:33:23.578,NC,CASTROLIND,180.12,180.6,180.7,179.55,179.42,183238,180.1,180.01,335,180.12,41,
2026-04-10T09:33:31.002,NC,CASTROLIND,180.1,180.6,180.7,179.55,179.42,183239,180.1,180.05,50,180.1,77,
2026-04-10T09:33:38.328,NC,CASTROLIND,180.1,180.6,180.7,179.55,179.42,183249,180.1,180.05,50,180.1,67,
2026-04-10T09:33:45.632,NC,CASTROLIND,180.1,180.6,180.7,179.55,179.42,183284,180.1,180.05,50,180.1,32,
2026-04-10T09:33:53.031,NC,CASTROLIND,180.12,180.6,180.7,179.55,179.42,183349,180.1,180.05,139,180.12,8,
2026-04-10T09:34:00.748,NC,CASTROLIND,180.12,180.6,180.7,179.55,179.42,183359,180.1,180.05,130,180.12,7,
2026-04-10T09:34:08.459,NC,CASTROLIND,180.02,180.6,180.7,179.55,179.42,183619,180.1,180.0,2298,180.12,104,
2026-04-10T09:34:15.960,NC,CASTROLIND,180.0,180.6,180.7,179.55,179.42,183700,180.1,180.0,2258,180.12,60,
2026-04-10T09:34:23.677,NC,CASTROLIND,180.12,180.6,180.7,179.55,179.42,183831,180.1,180.02,69,180.12,42,
2026-04-10T09:34:31.087,NC,CASTROLIND,180.23,180.6,180.7,179.55,179.42,204128,180.13,180.23,43,180.37,245,
2026-04-10T09:34:38.704,NC,CASTROLIND,180.16,180.6,180.7,179.55,179.42,204559,180.13,180.03,77,180.16,19,
2026-04-10T09:34:46.005,NC,CASTROLIND,180.15,180.6,180.7,179.55,179.42,205157,180.13,180.02,1,180.15,654,
2026-04-10T09:34:53.622,NC,CASTROLIND,180.06,180.6,180.7,179.55,179.42,206763,180.12,180.0,2309,180.11,108,
2026-04-10T09:35:01.026,NC,CASTROLIND,180.0,180.6,180.7,179.55,179.42,206998,180.12,180.0,2074,180.1,200,
2026-04-10T09:35:08.735,NC,CASTROLIND,180.01,180.6,180.7,179.55,179.42,207098,180.12,180.01,400,180.1,41,
2026-04-10T09:35:16.353,NC,CASTROLIND,180.1,180.6,180.7,179.55,179.42,207100,180.12,180.01,400,180.1,40,
2026-04-10T09:35:24.166,NC,CASTROLIND,179.98,180.6,180.7,179.55,179.42,209684,180.12,179.9,251,179.99,230,
2026-04-10T09:35:31.871,NC,CASTROLIND,179.95,180.6,180.7,179.55,179.42,209945,180.12,179.85,1,179.95,335,
2026-04-10T09:35:39.588,NC,CASTROLIND,179.94,180.6,180.7,179.55,179.42,209946,180.12,179.85,1,179.94,167,
2026-04-10T09:35:47.107,NC,CASTROLIND,179.93,180.6,180.7,179.55,179.42,210351,180.12,179.8,127,179.92,138,
2026-04-10T09:36:01.717,NC,CASTROLIND,179.92,180.6,180.7,179.55,179.42,210380,180.12,179.81,40,179.9,62,
2026-04-10T09:36:09.021,NC,CASTROLIND,179.9,180.6,180.7,179.55,179.42,210500,180.12,179.8,90,179.89,130,
2026-04-10T09:36:16.250,NC,CASTROLIND,179.89,180.6,180.7,179.55,179.42,210502,180.12,179.8,90,179.89,30,
2026-04-10T09:36:23.755,NC,CASTROLIND,179.89,180.6,180.7,179.55,179.42,210562,180.12,179.8,52,179.89,30,
2026-04-10T09:36:30.854,NC,CASTROLIND,179.89,180.6,180.7,179.55,179.42,210765,180.12,179.8,185,179.89,218,
2026-04-10T09:36:37.859,NC,CASTROLIND,179.89,180.6,180.7,179.55,179.42,210767,180.12,179.81,14,179.89,219,
2026-04-10T09:36:45.265,NC,CASTROLIND,179.89,180.6,180.7,179.55,179.42,210779,180.12,179.81,14,179.89,162,
2026-04-10T09:36:52.280,NC,CASTROLIND,179.89,180.6,180.7,179.55,179.42,210796,180.12,179.8,873,179.89,318,
2026-04-10T09:36:59.283,NC,CASTROLIND,179.85,180.6,180.7,179.55,179.42,210975,180.12,179.8,852,179.85,19,
2026-04-10T09:37:06.286,NC,CASTROLIND,179.89,180.6,180.7,179.55,179.42,211035,180.12,179.8,843,179.85,100,
2026-04-10T09:37:13.300,NC,CASTROLIND,179.85,180.6,180.7,179.55,179.42,211226,180.12,179.8,869,179.89,107,
2026-04-10T09:37:20.607,NC,CASTROLIND,179.85,180.6,180.7,179.55,179.42,211236,180.12,179.85,90,179.89,127,
2026-04-10T09:37:27.928,NC,CASTROLIND,179.89,180.6,180.7,179.55,179.42,211386,180.12,179.81,14,179.89,161,
2026-04-10T09:37:35.245,NC,CASTROLIND,179.89,180.6,180.7,179.55,179.42,211391,180.12,179.84,112,179.89,156,
2026-04-10T09:37:42.543,NC,CASTROLIND,179.89,180.6,180.7,179.55,179.42,211392,180.12,179.84,126,179.89,155,
2026-04-10T09:37:49.566,NC,CASTROLIND,179.89,180.6,180.7,179.55,179.42,211735,180.12,179.82,113,179.89,20,
2026-04-10T09:38:03.582,NC,CASTROLIND,179.89,180.6,180.7,179.55,179.42,212153,180.12,179.87,297,180.0,237,
2026-04-10T09:38:10.620,NC,CASTROLIND,179.89,180.6,180.7,179.55,179.42,212164,180.12,179.9,107,180.0,232,
2026-04-10T09:38:17.998,NC,CASTROLIND,179.9,180.6,180.7,179.55,179.42,212208,180.12,179.89,111,180.0,232,
2026-04-10T09:38:31.909,NC,CASTROLIND,179.93,180.6,180.7,179.55,179.42,212714,180.12,179.94,175,180.07,14,
2026-04-10T09:38:46.585,NC,CASTROLIND,180.03,180.6,180.7,179.55,179.42,217894,180.12,179.9,31,180.03,104,
2026-04-10T09:38:54.139,NC,CASTROLIND,180.0,180.6,180.7,179.55,179.42,218353,180.12,180.0,4671,180.08,54,
2026-04-10T09:39:01.448,NC,CASTROLIND,180.08,180.6,180.7,179.55,179.42,218364,180.12,180.0,4671,180.08,43,
2026-04-10T09:39:08.850,NC,CASTROLIND,180.0,180.6,180.7,179.55,179.42,218384,180.12,180.0,4656,180.08,205,
2026-04-10T09:39:16.271,NC,CASTROLIND,180.08,180.6,180.7,179.55,179.42,218394,180.12,180.0,4726,180.08,33,
2026-04-10T09:39:23.601,NC,CASTROLIND,180.08,180.6,180.7,179.55,179.42,218398,180.12,180.0,4726,180.08,29,
2026-04-10T09:39:30.911,NC,CASTROLIND,180.08,180.6,180.7,179.55,179.42,218435,180.12,180.0,5036,180.1,61,
2026-04-10T09:39:38.183,NC,CASTROLIND,180.09,180.6,180.7,179.55,179.42,218538,180.12,180.0,5037,180.1,61,
2026-04-10T09:39:45.501,NC,CASTROLIND,180.1,180.6,180.7,179.55,179.42,218539,180.12,180.01,9,180.1,60,
2026-04-10T09:39:52.399,NC,CASTROLIND,180.08,180.6,180.7,179.55,179.42,218589,180.12,180.01,9,180.1,60,
2026-04-10T09:39:59.309,NC,CASTROLIND,180.08,180.6,180.7,179.55,179.42,218599,180.12,180.01,10,180.1,80,
2026-04-10T09:40:06.416,NC,CASTROLIND,180.1,180.6,180.7,179.55,179.42,218634,180.12,180.01,68,180.1,510,
2026-04-10T09:40:14.034,NC,CASTROLIND,180.1,180.6,180.7,179.55,179.42,219017,180.12,180.0,5342,180.1,475,
2026-04-10T09:40:21.368,NC,CASTROLIND,180.1,180.6,180.7,179.55,179.42,222877,180.11,180.0,2328,180.1,483,
2026-04-10T09:40:28.658,NC,CASTROLIND,180.0,180.6,180.7,179.55,179.42,223677,180.11,180.0,1838,180.09,22,
2026-04-10T09:40:36.183,NC,CASTROLIND,180.09,180.6,180.7,179.55,179.42,223712,180.11,180.0,1833,180.09,22,
2026-04-10T09:40:43.494,NC,CASTROLIND,180.09,180.6,180.7,179.55,179.42,223749,180.11,180.0,1863,180.09,68,
2026-04-10T09:40:57.509,NC,CASTROLIND,180.09,180.6,180.7,179.55,179.42,224060,180.11,180.0,1903,180.09,29,
2026-04-10T09:41:04.808,NC,CASTROLIND,180.09,180.6,180.7,179.55,179.42,224076,180.11,180.01,50,180.09,29,
2026-04-10T09:41:12.218,NC,CASTROLIND,180.1,180.6,180.7,179.55,179.42,224469,180.11,180.09,117,180.1,132,
2026-04-10T09:41:19.587,NC,CASTROLIND,180.09,180.6,180.7,179.55,179.42,224696,180.11,180.09,1941,180.1,14,
2026-04-10T09:41:27.056,NC,CASTROLIND,180.09,180.6,180.7,179.55,179.42,226699,180.11,180.01,6,180.1,28,
2026-04-10T09:41:55.603,NC,CASTROLIND,180.1,180.6,180.7,179.55,179.42,226702,180.11,180.09,2,180.1,102,
2026-04-10T09:42:02.800,NC,CASTROLIND,180.09,180.6,180.7,179.55,179.42,226709,180.11,180.09,1,180.1,96,
2026-04-10T09:42:10.011,NC,CASTROLIND,180.1,180.6,180.7,179.55,179.42,226710,180.11,180.09,1,180.1,105,
2026-04-10T09:42:17.133,NC,CASTROLIND,180.1,180.6,180.7,179.55,179.42,226716,180.11,180.09,1,180.1,99,
2026-04-10T09:42:23.944,NC,CASTROLIND,180.1,180.6,180.7,179.55,179.42,226993,180.11,180.1,423,180.16,162,
2026-04-10T09:42:37.875,NC,CASTROLIND,180.16,180.6,180.7,179.55,179.42,226995,180.11,180.1,448,180.16,49,
2026-04-10T09:42:44.688,NC,CASTROLIND,180.16,180.6,180.7,179.55,179.42,226998,180.11,180.1,606,180.16,46,
2026-04-10T09:42:51.662,NC,CASTROLIND,180.16,180.6,180.7,179.55,179.42,227044,180.11,180.16,109,180.2,1578,
2026-04-10T09:42:58.362,NC,CASTROLIND,180.2,180.6,180.7,179.55,179.42,227354,180.11,180.16,1109,180.2,1268,
2026-04-10T09:43:05.244,NC,CASTROLIND,180.2,180.6,180.7,179.55,179.42,228623,180.11,180.16,1131,180.24,44,
2026-04-10T09:43:12.284,NC,CASTROLIND,180.2,180.6,180.7,179.55,179.42,228625,180.11,180.16,1117,180.2,99,
2026-04-10T09:43:19.283,NC,CASTROLIND,180.24,180.6,180.7,179.55,179.42,228829,180.11,180.24,50,180.31,95,
2026-04-10T09:43:26.210,NC,CASTROLIND,180.3,180.6,180.7,179.55,179.42,228833,180.11,180.3,79,180.31,20,
2026-04-10T09:43:40.413,NC,CASTROLIND,180.29,180.6,180.7,179.55,179.42,229723,180.11,180.2,80,180.29,125,
2026-04-10T09:43:47.613,NC,CASTROLIND,180.29,180.6,180.7,179.55,179.42,229725,180.11,180.2,80,180.29,19,
2026-04-10T09:44:01.912,NC,CASTROLIND,180.29,180.6,180.7,179.55,179.42,229750,180.11,180.2,50,180.29,825,
2026-04-10T09:44:08.918,NC,CASTROLIND,180.29,180.6,180.7,179.55,179.42,229754,180.11,180.2,49,180.29,822,
2026-04-10T09:44:16.346,NC,CASTROLIND,180.29,180.6,180.7,179.55,179.42,229755,180.11,180.2,49,180.29,975,
2026-04-10T09:44:30.630,NC,CASTROLIND,180.28,180.6,180.7,179.55,179.42,229761,180.11,180.2,49,180.28,28,
2026-04-10T09:44:37.546,NC,CASTROLIND,180.28,180.6,180.7,179.55,179.42,229852,180.11,180.2,49,180.28,169,
2026-04-10T09:44:44.447,NC,CASTROLIND,180.28,180.6,180.7,179.55,179.42,230054,180.11,180.2,49,180.28,92,
2026-04-10T09:44:51.719,NC,CASTROLIND,180.28,180.6,180.7,179.55,179.42,230065,180.11,180.2,49,180.25,420,
2026-04-10T09:44:58.630,NC,CASTROLIND,180.25,180.6,180.7,179.55,179.42,230068,180.11,180.2,49,180.25,1417,
2026-04-10T09:45:05.439,NC,CASTROLIND,180.25,180.6,180.7,179.55,179.42,230073,180.11,180.2,49,180.25,1912,
2026-04-10T09:45:12.447,NC,CASTROLIND,180.2,180.6,180.7,179.55,179.42,230574,180.11,180.16,6,180.2,78,
2026-04-10T09:45:26.269,NC,CASTROLIND,180.2,180.6,180.7,179.55,179.42,230576,180.11,180.16,6,180.2,867,
2026-04-10T09:45:33.190,NC,CASTROLIND,180.2,180.6,180.7,179.55,179.42,231048,180.11,180.16,4,180.2,417,
2026-04-10T09:45:40.323,NC,CASTROLIND,180.2,180.6,180.7,179.55,179.42,231049,180.11,180.16,4,180.2,1308,
2026-04-10T09:45:47.443,NC,CASTROLIND,180.2,180.6,180.7,179.55,179.42,231058,180.11,180.16,4,180.2,1299,
2026-04-10T09:46:01.465,NC,CASTROLIND,180.2,180.6,180.7,179.55,179.42,231160,180.12,180.16,5,180.2,1197,
2026-04-10T09:46:08.466,NC,CASTROLIND,180.13,180.6,180.7,179.55,179.42,231197,180.12,180.13,106,180.2,1196,
2026-04-10T09:46:15.289,NC,CASTROLIND,180.2,180.6,180.7,179.55,179.42,231198,180.12,180.13,106,180.2,1195,
2026-04-10T09:46:28.896,NC,CASTROLIND,180.2,180.6,180.7,179.55,179.42,231203,180.12,180.13,1,180.2,1360,
2026-04-10T09:46:36.000,NC,CASTROLIND,180.13,180.6,180.7,179.55,179.42,231323,180.12,180.12,41,180.13,25,
2026-04-10T09:46:43.230,NC,CASTROLIND,180.13,180.6,180.7,179.55,179.42,231477,180.12,180.12,28,180.13,20,
2026-04-10T09:46:50.233,NC,CASTROLIND,180.11,180.6,180.7,179.55,179.42,232538,180.12,180.11,61,180.2,308,
2026-04-10T09:46:57.048,NC,CASTROLIND,180.12,180.6,180.7,179.55,179.42,232650,180.12,180.11,137,180.2,308,
2026-04-10T09:47:04.258,NC,CASTROLIND,180.2,180.6,180.7,179.55,179.42,232665,180.12,180.12,29,180.2,293,
2026-04-10T09:47:11.814,NC,CASTROLIND,180.2,180.6,180.7,179.55,179.42,232667,180.12,180.11,179,180.2,291,
2026-04-10T09:47:19.399,NC,CASTROLIND,180.2,180.6,180.7,179.55,179.42,232670,180.12,180.11,179,180.2,288,
2026-04-10T09:47:26.611,NC,CASTROLIND,180.25,180.6,180.7,179.55,179.42,232984,180.12,180.2,51,180.25,974,
2026-04-10T09:47:33.817,NC,CASTROLIND,180.2,180.6,180.7,179.55,179.42,233055,180.12,180.14,132,180.2,55,
2026-04-10T09:47:41.266,NC,CASTROLIND,180.25,180.6,180.7,179.55,179.42,233361,180.12,180.14,393,180.25,708,
2026-04-10T09:47:48.502,NC,CASTROLIND,180.25,180.6,180.7,179.55,179.42,233366,180.12,180.2,82,180.25,703,
2026-04-10T09:47:55.787,NC,CASTROLIND,180.25,180.6,180.7,179.55,179.42,233647,180.12,180.2,82,180.25,422,
2026-04-10T09:48:09.507,NC,CASTROLIND,180.25,180.6,180.7,179.55,179.42,233657,180.12,180.2,82,180.25,422,
2026-04-10T09:48:16.609,NC,CASTROLIND,180.25,180.6,180.7,179.55,179.42,233682,180.12,180.2,83,180.25,397,
2026-04-10T09:48:23.840,NC,CASTROLIND,180.18,180.6,180.7,179.55,179.42,234080,180.12,180.16,301,180.25,967,
2026-04-10T09:48:30.838,NC,CASTROLIND,180.16,180.6,180.7,179.55,179.42,234181,180.12,180.16,170,180.25,867,
2026-04-10T09:48:37.765,NC,CASTROLIND,180.25,180.6,180.7,179.55,179.42,234291,180.12,180.19,1,180.25,877,
2026-04-10T09:48:44.771,NC,CASTROLIND,180.25,180.6,180.7,179.55,179.42,234471,180.12,180.19,1,180.25,697,
2026-04-10T09:48:58.495,NC,CASTROLIND,180.16,180.6,180.7,179.55,179.42,235124,180.12,180.16,82,180.25,123,
2026-04-10T09:49:12.309,NC,CASTROLIND,180.25,180.6,180.7,179.55,179.42,235205,180.12,180.16,24,180.25,198,
2026-04-10T09:49:19.617,NC,CASTROLIND,180.25,180.6,180.7,179.55,179.42,235495,180.12,180.16,157,180.27,30,
2026-04-10T09:49:26.920,NC,CASTROLIND,180.3,180.6,180.7,179.55,179.42,235737,180.12,180.19,362,180.35,158,
2026-04-10T09:49:33.729,NC,CASTROLIND,180.35,180.6,180.7,179.55,179.42,235767,180.12,180.21,136,180.35,1020,
2026-04-10T09:49:40.750,NC,CASTROLIND,180.35,180.6,180.7,179.55,179.42,235806,180.12,180.21,364,180.35,981,
2026-04-10T09:49:47.585,NC,CASTROLIND,180.35,180.6,180.7,179.55,179.42,235833,180.12,180.24,22,180.35,1054,
2026-04-10T09:50:00.704,NC,CASTROLIND,180.35,180.6,180.7,179.55,179.42,236035,180.12,180.25,125,180.35,852,
2026-04-10T09:50:07.512,NC,CASTROLIND,180.25,180.6,180.7,179.55,179.42,236135,180.12,180.25,25,180.35,852,
2026-04-10T09:50:28.855,NC,CASTROLIND,180.25,180.6,180.7,179.55,179.42,236190,180.12,180.2,20,180.25,45,
2026-04-10T09:50:35.509,NC,CASTROLIND,180.2,180.6,180.7,179.55,179.42,236210,180.12,180.2,1,180.25,65,
2026-04-10T09:50:41.977,NC,CASTROLIND,180.25,180.6,180.7,179.55,179.42,236213,180.12,180.2,1,180.25,82,
2026-04-10T09:50:48.787,NC,CASTROLIND,180.25,180.6,180.7,179.55,179.42,236263,180.12,180.2,1,180.25,32,
2026-04-10T09:50:55.697,NC,CASTROLIND,180.25,180.6,180.7,179.55,179.42,236367,180.12,180.2,2,180.25,20,
2026-04-10T09:51:02.411,NC,CASTROLIND,180.35,180.6,180.7,179.55,179.42,236528,180.12,180.25,1460,180.35,698,
2026-04-10T09:51:09.431,NC,CASTROLIND,180.35,180.6,180.7,179.55,179.42,236728,180.12,180.25,1510,180.35,498,
2026-04-10T09:51:16.727,NC,CASTROLIND,180.25,180.6,180.7,179.55,179.42,236732,180.12,180.25,1460,180.35,556,
2026-04-10T09:51:23.935,NC,CASTROLIND,180.25,180.6,180.7,179.55,179.42,237732,180.12,180.25,442,180.35,595,
2026-04-10T09:51:30.747,NC,CASTROLIND,180.35,180.6,180.7,179.55,179.42,238125,180.12,180.25,52,180.35,108,
2026-04-10T09:51:37.650,NC,CASTROLIND,180.25,180.6,180.7,179.55,179.42,239196,180.12,180.24,1,180.37,164,
2026-04-10T09:51:44.453,NC,CASTROLIND,180.23,180.6,180.7,179.55,179.42,241613,180.12,180.2,116,180.36,104,
2026-04-10T09:51:51.164,NC,CASTROLIND,180.36,180.6,180.7,179.55,179.42,243425,180.12,180.25,5,180.36,20,
2026-04-10T09:51:57.877,NC,CASTROLIND,180.36,180.6,180.7,179.55,179.42,243436,180.12,180.2,222,180.35,110,
2026-04-10T09:52:04.600,NC,CASTROLIND,180.35,180.6,180.7,179.55,179.42,243444,180.12,180.2,222,180.35,121,
2026-04-10T09:52:11.312,NC,CASTROLIND,180.35,180.6,180.7,179.55,179.42,243808,180.12,180.25,3,180.39,390,
2026-04-10T09:52:18.237,NC,CASTROLIND,180.25,180.6,180.7,179.55,179.42,243810,180.12,180.24,32,180.39,415,
2026-04-10T09:52:24.970,NC,CASTROLIND,180.41,180.6,180.7,179.55,179.42,244923,180.12,180.26,14,180.38,68,
2026-04-10T09:52:31.537,NC,CASTROLIND,180.25,180.6,180.7,179.55,179.42,247538,180.12,180.17,163,180.25,2181,
2026-04-10T09:52:37.946,NC,CASTROLIND,180.11,180.6,180.7,179.55,179.42,247985,180.13,180.11,21,180.17,24,
2026-04-10T09:52:50.754,NC,CASTROLIND,180.11,180.6,180.7,179.55,179.42,248018,180.13,180.11,26,180.15,415,
2026-04-10T09:52:57.267,NC,CASTROLIND,180.15,180.6,180.7,179.55,179.42,249992,180.12,180.04,56,180.15,365,
2026-04-10T09:53:03.886,NC,CASTROLIND,180.11,180.6,180.7,179.55,179.42,250025,180.12,180.03,42,180.13,20,
2026-04-10T09:53:10.693,NC,CASTROLIND,180.13,180.6,180.7,179.55,179.42,250058,180.12,180.11,41,180.13,20,
2026-04-10T09:53:17.696,NC,CASTROLIND,180.13,180.6,180.7,179.55,179.42,250109,180.12,180.04,28,180.13,19,
2026-04-10T09:53:24.414,NC,CASTROLIND,180.13,180.6,180.7,179.55,179.42,250120,180.12,180.1,2,180.13,8,
2026-04-10T09:53:31.013,NC,CASTROLIND,180.13,180.6,180.7,179.55,179.42,250136,180.12,180.1,2,180.13,40,
2026-04-10T09:53:37.724,NC,CASTROLIND,180.13,180.6,180.7,179.55,179.42,250759,180.12,180.16,96,180.31,114,
2026-04-10T09:53:44.433,NC,CASTROLIND,180.19,180.6,180.7,179.55,179.42,250859,180.12,180.17,52,180.32,60,
2026-04-10T09:53:51.235,NC,CASTROLIND,180.32,180.6,180.7,179.55,179.42,250862,180.12,180.19,57,180.32,57,
2026-04-10T09:53:57.839,NC,CASTROLIND,180.34,180.6,180.7,179.55,179.42,250866,180.12,180.19,555,180.33,50,
2026-04-10T09:54:10.846,NC,CASTROLIND,180.39,180.6,180.7,179.55,179.42,251102,180.12,180.3,50,180.4,200,
2026-04-10T09:54:17.481,NC,CASTROLIND,180.34,180.6,180.7,179.55,179.42,251133,180.12,180.3,20,180.34,99,
2026-04-10T09:54:24.075,NC,CASTROLIND,180.34,180.6,180.7,179.55,179.42,251453,180.13,180.2,63,180.33,25,
2026-04-10T09:54:30.777,NC,CASTROLIND,180.34,180.6,180.7,179.55,179.42,251503,180.13,180.2,45,180.33,99,
2026-04-10T09:54:37.505,NC,CASTROLIND,180.33,180.6,180.7,179.55,179.42,251528,180.13,180.2,73,180.33,74,
2026-04-10T09:54:44.112,NC,CASTROLIND,180.25,180.6,180.7,179.55,179.42,251690,180.13,180.16,37,180.33,126,
2026-04-10T09:54:50.601,NC,CASTROLIND,180.33,180.6,180.7,179.55,179.42,251840,180.13,180.18,39,180.34,215,
2026-04-10T09:54:57.010,NC,CASTROLIND,180.33,180.6,180.7,179.55,179.42,251869,180.13,180.19,1,180.33,28,
2026-04-10T09:55:09.937,NC,CASTROLIND,180.33,180.6,180.7,179.55,179.42,251886,180.13,180.2,51,180.32,100,
2026-04-10T09:55:22.853,NC,CASTROLIND,180.16,180.6,180.7,179.55,179.42,252158,180.13,180.16,50,180.31,72,
2026-04-10T09:55:36.265,NC,CASTROLIND,180.29,180.6,180.7,179.55,179.42,252459,180.13,180.14,352,180.29,20,
2026-04-10T09:55:42.799,NC,CASTROLIND,180.29,180.6,180.7,179.55,179.42,252460,180.13,180.14,417,180.29,119,
2026-04-10T09:55:55.308,NC,CASTROLIND,180.22,180.6,180.7,179.55,179.42,252510,180.13,180.22,150,180.29,340,
2026-04-10T09:56:01.909,NC,CASTROLIND,180.22,180.6,180.7,179.55,179.42,252542,180.13,180.22,149,180.29,185,
2026-04-10T09:56:08.526,NC,CASTROLIND,180.22,180.6,180.7,179.55,179.42,252580,180.13,180.22,122,180.25,275,
2026-04-10T09:56:15.046,NC,CASTROLIND,180.25,180.6,180.7,179.55,179.42,252635,180.13,180.22,122,180.25,220,
2026-04-10T09:56:47.080,NC,CASTROLIND,180.25,180.6,180.7,179.55,179.42,252637,180.13,180.22,167,180.25,485,
2026-04-10T09:56:53.304,NC,CASTROLIND,180.25,180.6,180.7,179.55,179.42,252652,180.13,180.22,167,180.25,304,
2026-04-10T09:56:59.513,NC,CASTROLIND,180.27,180.6,180.7,179.55,179.42,254171,180.13,180.13,11,180.23,107,
2026-04-10T09:57:05.802,NC,CASTROLIND,180.23,180.6,180.7,179.55,179.42,254216,180.13,180.13,69,180.23,92,
2026-04-10T09:57:12.197,NC,CASTROLIND,180.31,180.6,180.7,179.55,179.42,256236,180.13,180.13,57,180.2,500,
2026-04-10T09:57:18.604,NC,CASTROLIND,180.2,180.6,180.7,179.55,179.42,256238,180.13,180.13,35,180.2,522,
2026-04-10T09:57:31.558,NC,CASTROLIND,180.2,180.6,180.7,179.55,179.42,256339,180.13,180.13,11,180.2,421,
2026-04-10T09:57:37.732,NC,CASTROLIND,180.2,180.6,180.7,179.55,179.42,256381,180.13,180.13,21,180.2,379,
2026-04-10T09:57:43.940,NC,CASTROLIND,180.2,180.6,180.7,179.55,179.42,256382,180.13,180.13,21,180.2,378,
2026-04-10T09:57:50.441,NC,CASTROLIND,180.2,180.6,180.7,179.55,179.42,256482,180.13,180.13,21,180.2,278,
2026-04-10T09:57:57.261,NC,CASTROLIND,180.2,180.6,180.7,179.55,179.42,256483,180.13,180.15,1,180.2,527,
2026-04-10T09:58:10.321,NC,CASTROLIND,180.2,180.6,180.7,179.55,179.42,256499,180.13,180.15,1,180.2,511,
2026-04-10T09:58:16.739,NC,CASTROLIND,180.2,180.6,180.7,179.55,179.42,256509,180.13,180.15,1,180.2,501,
2026-04-10T09:58:23.147,NC,CASTROLIND,180.2,180.6,180.7,179.55,179.42,256514,180.13,180.15,1,180.2,496,
2026-04-10T09:58:29.553,NC,CASTROLIND,180.2,180.6,180.7,179.55,179.42,256531,180.13,180.13,2,180.2,489,
2026-04-10T09:58:36.258,NC,CASTROLIND,180.12,180.6,180.7,179.55,179.42,256536,180.13,180.12,25,180.2,489,
2026-04-10T09:58:49.280,NC,CASTROLIND,180.2,180.6,180.7,179.55,179.42,256558,180.13,180.12,5,180.2,467,
2026-04-10T09:58:56.196,NC,CASTROLIND,180.2,180.6,180.7,179.55,179.42,256563,180.13,180.12,5,180.2,462,
2026-04-10T09:59:02.803,NC,CASTROLIND,180.13,180.6,180.7,179.55,179.42,256601,180.13,180.13,64,180.18,122,
2026-04-10T09:59:09.527,NC,CASTROLIND,180.18,180.6,180.7,179.55,179.42,256606,180.13,180.13,65,180.18,117,
2026-04-10T09:59:16.427,NC,CASTROLIND,180.17,180.6,180.7,179.55,179.42,256868,180.13,180.06,28,180.17,161,
2026-04-10T09:59:23.242,NC,CASTROLIND,180.05,180.6,180.7,179.55,179.42,257226,180.13,180.05,12,180.15,62,
2026-04-10T09:59:29.767,NC,CASTROLIND,180.15,180.6,180.7,179.55,179.42,257236,180.13,180.05,12,180.15,102,
2026-04-10T09:59:36.283,NC,CASTROLIND,180.05,180.6,180.7,179.55,179.42,257319,180.13,180.05,12,180.15,113,
2026-04-10T09:59:42.885,NC,CASTROLIND,180.12,180.6,180.7,179.55,179.42,257577,180.13,180.01,603,180.12,102,
2026-04-10T09:59:49.523,NC,CASTROLIND,180.01,180.6,180.7,179.55,179.42,257597,180.13,180.01,567,180.12,24,
2026-04-10T10:00:02.519,NC,CASTROLIND,180.1,180.6,180.7,179.55,179.42,257599,180.13,180.01,423,180.1,229,
2026-04-10T10:00:09.343,NC,CASTROLIND,180.02,180.6,180.7,179.55,179.42,263491,180.12,180.02,1838,180.04,24,
2026-04-10T10:00:16.161,NC,CASTROLIND,180.1,180.6,180.7,179.55,179.42,264422,180.12,180.02,1199,180.1,107,
2026-04-10T10:00:22.668,NC,CASTROLIND,180.1,180.6,180.7,179.55,179.42,264424,180.12,180.03,11,180.1,105,
2026-04-10T10:00:28.999,NC,CASTROLIND,180.1,180.6,180.7,179.55,179.42,264434,180.12,180.03,11,180.1,95,
2026-04-10T10:00:35.480,NC,CASTROLIND,180.1,180.6,180.7,179.55,179.42,264435,180.12,180.03,11,180.1,94,
2026-04-10T10:00:42.076,NC,CASTROLIND,180.02,180.6,180.7,179.55,179.42,264464,180.12,180.02,1287,180.1,84,
2026-04-10T10:00:48.386,NC,CASTROLIND,180.1,180.6,180.7,179.55,179.42,264496,180.12,180.02,1287,180.1,52,
2026-04-10T10:00:54.899,NC,CASTROLIND,180.1,180.6,180.7,179.55,179.42,264522,180.12,180.02,1281,180.1,126,
2026-04-10T10:01:01.122,NC,CASTROLIND,180.1,180.6,180.7,179.55,179.42,264525,180.12,180.02,1293,180.1,123,
2026-04-10T10:01:13.745,NC,CASTROLIND,180.1,180.6,180.7,179.55,179.42,264537,180.12,180.07,20,180.1,111,
2026-04-10T10:01:19.949,NC,CASTROLIND,180.15,180.6,180.7,179.55,179.42,264748,180.12,180.1,5,180.15,143,
2026-04-10T10:01:26.174,NC,CASTROLIND,180.07,180.6,180.7,179.55,179.42,264765,180.12,180.07,8,180.15,143,
2026-04-10T10:01:38.903,NC,CASTROLIND,180.15,180.6,180.7,179.55,179.42,264789,180.12,180.1,46,180.15,119,
2026-04-10T10:01:45.191,NC,CASTROLIND,180.15,180.6,180.7,179.55,179.42,264791,180.12,180.1,46,180.15,117,
2026-04-10T10:01:51.598,NC,CASTROLIND,180.15,180.6,180.7,179.55,179.42,264792,180.12,180.1,47,180.15,116,
2026-04-10T10:02:17.046,NC,CASTROLIND,180.15,180.6,180.7,179.55,179.42,264915,180.12,180.07,115,180.15,35,
2026-04-10T10:02:29.392,NC,CASTROLIND,180.15,180.6,180.7,179.55,179.42,265021,180.12,180.07,139,180.15,34,
2026-04-10T10:02:35.716,NC,CASTROLIND,180.14,180.6,180.7,179.55,179.42,265036,180.12,180.07,20,180.14,119,
2026-04-10T10:02:48.724,NC,CASTROLIND,180.07,180.6,180.7,179.55,179.42,265099,180.12,180.07,11,180.14,66,
2026-04-10T10:02:55.122,NC,CASTROLIND,180.14,180.6,180.7,179.55,179.42,265100,180.12,180.07,11,180.14,65,
2026-04-10T10:03:01.431,NC,CASTROLIND,180.14,180.6,180.7,179.55,179.42,265116,180.12,180.07,11,180.14,49,
2026-04-10T10:03:07.744,NC,CASTROLIND,180.14,180.6,180.7,179.55,179.42,265129,180.12,180.07,1,180.14,56,
2026-04-10T10:03:14.145,NC,CASTROLIND,180.14,180.6,180.7,179.55,179.42,265139,180.12,180.07,1,180.14,56,
2026-04-10T10:03:20.341,NC,CASTROLIND,180.27,180.6,180.7,179.55,179.42,267216,180.12,180.08,257,180.2,101,
2026-04-10T10:03:26.347,NC,CASTROLIND,180.21,180.6,180.7,179.55,179.42,267351,180.12,180.09,28,180.2,104,
2026-04-10T10:03:38.557,NC,CASTROLIND,180.2,180.6,180.7,179.55,179.42,268151,180.12,180.07,59,180.23,378,
2026-04-10T10:03:45.167,NC,CASTROLIND,180.22,180.6,180.7,179.55,179.42,268154,180.12,180.07,59,180.22,149,
2026-04-10T10:03:51.474,NC,CASTROLIND,180.19,180.6,180.7,179.55,179.42,268164,180.12,180.07,59,180.19,175,
2026-04-10T10:03:57.778,NC,CASTROLIND,180.07,180.6,180.7,179.55,179.42,268186,180.12,180.07,37,180.19,175,
2026-04-10T10:04:04.389,NC,CASTROLIND,180.17,180.6,180.7,179.55,179.42,268596,180.12,180.07,1,180.17,59,
2026-04-10T10:04:11.104,NC,CASTROLIND,180.05,180.6,180.7,179.55,179.42,268607,180.12,180.07,1,180.16,11,
2026-04-10T10:04:17.715,NC,CASTROLIND,180.16,180.6,180.7,179.55,179.42,268657,180.12,180.07,1,180.16,32,
2026-04-10T10:04:37.740,NC,CASTROLIND,180.05,180.6,180.7,179.55,179.42,268677,180.12,180.05,759,180.16,122,
2026-04-10T10:04:44.342,NC,CASTROLIND,180.15,180.6,180.7,179.55,179.42,268685,180.12,180.05,759,180.15,22,
2026-04-10T10:04:50.970,NC,CASTROLIND,180.15,180.6,180.7,179.55,179.42,268691,180.12,180.05,757,180.14,158,
2026-04-10T10:04:57.355,NC,CASTROLIND,180.14,180.6,180.7,179.55,179.42,268711,180.12,180.05,757,180.14,156,
2026-04-10T10:05:03.973,NC,CASTROLIND,180.14,180.6,180.7,179.55,179.42,269773,180.12,180.05,795,180.15,88,
2026-04-10T10:05:18.938,NC,CASTROLIND,180.0,180.6,180.7,179.55,179.42,278634,180.12,179.9,260,179.98,107,
2026-04-10T10:05:26.523,NC,CASTROLIND,179.98,180.6,180.7,179.55,179.42,279136,180.12,179.9,260,179.98,18,
2026-04-10T10:05:33.726,NC,CASTROLIND,179.98,180.6,180.7,179.55,179.42,279173,180.12,179.9,413,179.98,20,
2026-04-10T10:05:48.259,NC,CASTROLIND,179.98,180.6,180.7,179.55,179.42,279189,180.12,179.9,460,179.98,112,
2026-04-10T10:05:55.647,NC,CASTROLIND,179.98,180.6,180.7,179.55,179.42,279392,180.12,179.9,284,179.98,110,
2026-04-10T10:06:03.067,NC,CASTROLIND,179.98,180.6,180.7,179.55,179.42,279456,180.12,179.9,501,179.98,8,
2026-04-10T10:06:10.620,NC,CASTROLIND,179.98,180.6,180.7,179.55,179.42,279461,180.12,179.9,439,179.98,3,
2026-04-10T10:06:17.811,NC,CASTROLIND,179.98,180.6,180.7,179.55,179.42,279511,180.12,179.9,377,179.98,80,
2026-04-10T10:06:24.733,NC,CASTROLIND,179.98,180.6,180.7,179.55,179.42,279587,180.12,179.9,377,179.98,44,
2026-04-10T10:06:31.641,NC,CASTROLIND,179.98,180.6,180.7,179.55,179.42,279616,180.12,179.9,288,179.98,35,
2026-04-10T10:06:38.556,NC,CASTROLIND,179.9,180.6,180.7,179.55,179.42,279712,180.12,179.9,193,179.98,34,
2026-04-10T10:06:45.560,NC,CASTROLIND,179.98,180.6,180.7,179.55,179.42,279713,180.12,179.9,193,179.98,33,
2026-04-10T10:06:52.472,NC,CASTROLIND,179.9,180.6,180.7,179.55,179.42,279739,180.12,179.9,168,179.98,32,
2026-04-10T10:06:58.988,NC,CASTROLIND,179.98,180.6,180.7,179.55,179.42,279854,180.12,179.9,170,179.98,10,
2026-04-10T10:07:12.291,NC,CASTROLIND,179.91,180.6,180.7,179.55,179.42,279959,180.12,179.91,745,179.98,27,
2026-04-10T10:07:19.113,NC,CASTROLIND,179.91,180.6,180.7,179.55,179.42,280359,180.12,179.91,345,179.98,27,
2026-04-10T10:07:26.120,NC,CASTROLIND,179.98,180.6,180.7,179.55,179.42,280381,180.12,179.91,345,179.98,5,
2026-04-10T10:07:32.927,NC,CASTROLIND,179.91,180.6,180.7,179.55,179.42,280425,180.12,179.91,301,179.98,5,
2026-04-10T10:07:39.841,NC,CASTROLIND,179.86,180.6,180.7,179.55,179.42,281031,180.12,179.85,100,179.97,102,
2026-04-10T10:07:46.352,NC,CASTROLIND,179.96,180.6,180.7,179.55,179.42,281152,180.12,179.85,100,179.95,178,
2026-04-10T10:07:53.060,NC,CASTROLIND,179.85,180.6,180.7,179.55,179.42,281177,180.12,179.85,75,179.95,48,
2026-04-10T10:07:59.897,NC,CASTROLIND,179.94,180.6,180.7,179.55,179.42,281277,180.12,179.85,75,179.94,20,
2026-04-10T10:08:13.473,NC,CASTROLIND,179.94,180.6,180.7,179.55,179.42,281282,180.12,179.86,10,179.94,43,
2026-04-10T10:08:20.176,NC,CASTROLIND,179.94,180.6,180.7,179.55,179.42,281283,180.12,179.86,10,179.94,14,
2026-04-10T10:08:26.899,NC,CASTROLIND,179.85,180.6,180.7,179.55,179.42,281296,180.12,179.85,74,179.94,92,
2026-04-10T10:08:33.303,NC,CASTROLIND,179.94,180.6,180.7,179.55,179.42,281316,180.12,179.85,74,179.94,92,
2026-04-10T10:08:39.923,NC,CASTROLIND,179.94,180.6,180.7,179.55,179.42,281317,180.12,179.85,124,179.94,442,
2026-04-10T10:08:46.136,NC,CASTROLIND,179.85,180.6,180.7,179.55,179.42,281347,180.12,179.85,94,179.9,112,
2026-04-10T10:08:58.941,NC,CASTROLIND,179.85,180.6,180.7,179.55,179.42,281354,180.12,179.85,89,179.9,110,
2026-04-10T10:09:05.562,NC,CASTROLIND,179.9,180.6,180.7,179.55,179.42,281379,180.12,179.85,89,179.9,85,
2026-04-10T10:09:12.452,NC,CASTROLIND,179.9,180.6,180.7,179.55,179.42,281380,180.12,179.85,90,179.9,84,
2026-04-10T10:09:19.064,NC,CASTROLIND,179.9,180.6,180.7,179.55,179.42,281658,180.12,179.87,205,179.9,30,
2026-04-10T10:09:25.968,NC,CASTROLIND,179.9,180.6,180.7,179.55,179.42,281671,180.12,179.86,83,179.9,107,
2026-04-10T10:09:32.472,NC,CASTROLIND,179.9,180.6,180.7,179.55,179.42,281771,180.12,179.85,407,179.9,29,
2026-04-10T10:09:45.214,NC,CASTROLIND,179.9,180.6,180.7,179.55,179.42,281922,180.12,179.87,156,179.9,112,
2026-04-10T10:09:51.413,NC,CASTROLIND,179.79,180.6,180.7,179.55,179.42,282993,180.12,179.77,80,179.89,71,
2026-04-10T10:09:57.803,NC,CASTROLIND,179.74,180.6,180.7,179.55,179.42,284093,180.12,179.73,48,179.87,31,
2026-04-10T10:10:11.020,NC,CASTROLIND,179.86,180.6,180.7,179.55,179.42,284111,180.12,179.8,60,179.86,20,
2026-04-10T10:10:17.840,NC,CASTROLIND,179.86,180.6,180.7,179.55,179.42,284125,180.12,179.8,60,179.86,27,
2026-04-10T10:10:24.364,NC,CASTROLIND,179.86,180.6,180.7,179.55,179.42,284143,180.12,179.8,60,179.86,12,
2026-04-10T10:10:31.056,NC,CASTROLIND,179.86,180.6,180.7,179.55,179.42,284280,180.12,179.81,255,179.86,2,
2026-04-10T10:10:56.186,NC,CASTROLIND,179.81,180.6,180.7,179.55,179.42,284386,180.12,179.8,250,179.86,20,
2026-04-10T10:11:14.514,NC,CASTROLIND,179.81,180.6,180.7,179.55,179.42,284486,180.12,179.81,510,179.86,20,
2026-04-10T10:11:20.625,NC,CASTROLIND,179.9,180.6,180.7,179.55,179.42,285674,180.11,179.87,280,179.96,350,
2026-04-10T10:11:26.934,NC,CASTROLIND,179.96,180.6,180.7,179.55,179.42,285689,180.11,179.87,104,179.96,335,
2026-04-10T10:11:33.047,NC,CASTROLIND,179.96,180.6,180.7,179.55,179.42,285691,180.11,179.87,104,179.96,333,
2026-04-10T10:11:39.151,NC,CASTROLIND,179.96,180.6,180.7,179.55,179.42,286253,180.11,179.96,18,179.98,71,
2026-04-10T10:11:45.264,NC,CASTROLIND,179.98,180.6,180.7,179.55,179.42,286263,180.11,179.96,18,179.98,61,
2026-04-10T10:11:51.587,NC,CASTROLIND,179.98,180.6,180.7,179.55,179.42,286334,180.11,179.98,7,180.0,669,
2026-04-10T10:12:09.629,NC,CASTROLIND,179.98,180.6,180.7,179.55,179.42,286414,180.11,179.98,1,180.0,713,
2026-04-10T10:12:15.522,NC,CASTROLIND,179.9,180.6,180.7,179.55,179.42,286460,180.11,179.86,43,179.99,102,
2026-04-10T10:12:27.332,NC,CASTROLIND,179.9,180.6,180.7,179.55,179.42,286465,180.11,179.9,848,180.0,794,
2026-04-10T10:12:33.336,NC,CASTROLIND,179.9,180.6,180.7,179.55,179.42,286466,180.11,179.9,847,180.0,694,
2026-04-10T10:12:39.544,NC,CASTROLIND,180.0,180.6,180.7,179.55,179.42,287160,180.11,179.97,270,180.09,62,
2026-04-10T10:12:57.798,NC,CASTROLIND,180.0,180.6,180.7,179.55,179.42,287207,180.11,180.01,61,180.1,100,
2026-04-10T10:13:04.221,NC,CASTROLIND,180.1,180.6,180.7,179.55,179.42,287208,180.11,180.0,420,180.1,99,
2026-04-10T10:13:10.638,NC,CASTROLIND,180.1,180.6,180.7,179.55,179.42,287228,180.11,180.0,439,180.1,179,
2026-04-10T10:13:23.142,NC,CASTROLIND,180.1,180.6,180.7,179.55,179.42,287233,180.11,180.03,109,180.1,174,
2026-04-10T10:13:29.252,NC,CASTROLIND,180.1,180.6,180.7,179.55,179.42,287236,180.11,180.03,109,180.1,371,
2026-04-10T10:13:40.970,NC,CASTROLIND,180.1,180.6,180.7,179.55,179.42,287442,180.11,180.03,108,180.1,831,
2026-04-10T10:13:47.200,NC,CASTROLIND,180.07,180.6,180.7,179.55,179.42,287677,180.11,180.07,73,180.17,53,
2026-04-10T10:13:53.613,NC,CASTROLIND,180.04,180.6,180.7,179.55,179.42,287862,180.11,180.04,253,180.17,307,
2026-04-10T10:14:05.722,NC,CASTROLIND,180.17,180.6,180.7,179.55,179.42,287865,180.11,180.04,274,180.16,101,
2026-04-10T10:14:25.147,NC,CASTROLIND,180.04,180.6,180.7,179.55,179.42,287922,180.11,180.04,125,180.16,59,
2026-04-10T10:14:31.382,NC,CASTROLIND,180.17,180.6,180.7,179.55,179.42,288086,180.11,180.05,322,180.18,107,
2026-04-10T10:14:37.685,NC,CASTROLIND,180.17,180.6,180.7,179.55,179.42,288087,180.11,180.05,108,180.17,202,
2026-04-10T10:14:43.995,NC,CASTROLIND,180.16,180.6,180.7,179.55,179.42,288120,180.11,180.05,108,180.15,20,
2026-04-10T10:14:50.170,NC,CASTROLIND,180.15,180.6,180.7,179.55,179.42,288167,180.11,180.1,1,180.15,30,
2026-04-10T10:15:02.477,NC,CASTROLIND,180.05,180.6,180.7,179.55,179.42,288177,180.11,180.05,150,180.15,30,
2026-04-10T10:15:28.421,NC,CASTROLIND,179.91,180.6,180.7,179.55,179.42,292647,180.11,179.91,30,180.05,48,
2026-04-10T10:15:40.217,NC,CASTROLIND,180.05,180.6,180.7,179.55,179.42,292665,180.11,179.91,378,180.05,120,
2026-04-10T10:15:45.928,NC,CASTROLIND,180.04,180.6,180.7,179.55,179.42,292688,180.11,179.91,356,180.04,17,
2026-04-10T10:15:51.934,NC,CASTROLIND,180.04,180.6,180.7,179.55,179.42,292690,180.11,179.95,5,180.04,65,
2026-04-10T10:15:58.135,NC,CASTROLIND,180.0,180.6,180.7,179.55,179.42,292790,180.11,179.95,5,180.0,237,
2026-04-10T10:16:04.358,NC,CASTROLIND,180.0,180.6,180.7,179.55,179.42,293077,180.11,179.95,5,180.0,42,
2026-04-10T10:16:10.873,NC,CASTROLIND,180.0,180.6,180.7,179.55,179.42,293178,180.11,179.95,5,180.0,25,
2026-04-10T10:16:17.058,NC,CASTROLIND,180.0,180.6,180.7,179.55,179.42,293183,180.11,179.95,5,180.0,40,
2026-04-10T10:16:23.165,NC,CASTROLIND,180.0,180.6,180.7,179.55,179.42,293193,180.11,179.95,5,180.0,30,
2026-04-10T10:16:29.368,NC,CASTROLIND,180.12,180.6,180.7,179.55,179.42,294198,180.11,179.95,5,180.0,69,
2026-04-10T10:16:35.578,NC,CASTROLIND,180.0,180.6,180.7,179.55,179.42,294208,180.11,179.95,19,180.0,10,
2026-04-10T10:16:42.180,NC,CASTROLIND,180.0,180.6,180.7,179.55,179.42,294234,180.11,179.95,5,180.0,10,
2026-04-10T10:16:48.690,NC,CASTROLIND,180.0,180.6,180.7,179.55,179.42,294445,180.11,180.0,39,180.13,332,
2026-04-10T10:16:55.197,NC,CASTROLIND,180.13,180.6,180.7,179.55,179.42,294456,180.11,180.0,64,180.13,230,
2026-04-10T10:17:14.828,NC,CASTROLIND,180.17,180.6,180.7,179.55,179.42,294656,180.11,180.04,375,180.17,177,
2026-04-10T10:17:28.001,NC,CASTROLIND,180.16,180.6,180.7,179.55,179.42,294670,180.11,180.04,1,180.16,144,
2026-04-10T10:17:34.526,NC,CASTROLIND,179.99,180.6,180.7,179.55,179.42,297881,180.11,179.95,5,180.09,227,
2026-04-10T10:17:40.944,NC,CASTROLIND,180.08,180.6,180.7,179.55,179.42,298001,180.11,179.95,5,180.08,83,
2026-04-10T10:17:52.935,NC,CASTROLIND,180.08,180.6,180.7,179.55,179.42,298021,180.11,180.0,6,180.08,69,
2026-04-10T10:17:59.244,NC,CASTROLIND,180.08,180.6,180.7,179.55,179.42,298022,180.11,180.0,6,180.08,1569,
2026-04-10T10:18:05.470,NC,CASTROLIND,180.0,180.6,180.7,179.55,179.42,298067,180.11,179.95,1,180.07,110,
2026-04-10T10:18:11.870,NC,CASTROLIND,180.0,180.6,180.7,179.55,179.42,298088,180.11,179.95,1,180.0,20,
2026-04-10T10:18:17.872,NC,CASTROLIND,180.0,180.6,180.7,179.55,179.42,298189,180.11,179.95,110,180.0,19,
2026-04-10T10:18:23.996,NC,CASTROLIND,180.0,180.6,180.7,179.55,179.42,298268,180.11,179.95,110,180.0,18,
2026-04-10T10:18:30.025,NC,CASTROLIND,180.08,180.6,180.7,179.55,179.42,298356,180.11,180.0,40,180.08,1533,
2026-04-10T10:18:36.018,NC,CASTROLIND,180.08,180.6,180.7,179.55,179.42,298361,180.11,180.0,41,180.08,1689,
2026-04-10T10:18:41.821,NC,CASTROLIND,180.0,180.6,180.7,179.55,179.42,298381,180.11,180.0,23,180.07,28,
2026-04-10T10:18:47.747,NC,CASTROLIND,180.08,180.6,180.7,179.55,179.42,298431,180.11,180.0,23,180.08,1529,
2026-04-10T10:18:59.156,NC,CASTROLIND,180.08,180.6,180.7,179.55,179.42,298432,180.11,180.0,23,180.08,1500,
2026-04-10T10:19:04.871,NC,CASTROLIND,180.08,180.6,180.7,179.55,179.42,298435,180.11,180.0,21,180.08,1577,
2026-04-10T10:19:23.112,NC,CASTROLIND,180.08,180.6,180.7,179.55,179.42,298529,180.11,180.0,1069,180.08,1555,
2026-04-10T10:19:28.910,NC,CASTROLIND,180.08,180.6,180.7,179.55,179.42,298550,180.11,180.0,1022,180.08,1700,
2026-04-10T10:19:35.016,NC,CASTROLIND,180.08,180.6,180.7,179.55,179.42,298851,180.11,180.0,726,180.08,1699,
2026-04-10T10:19:41.422,NC,CASTROLIND,180.08,180.6,180.7,179.55,179.42,298853,180.11,180.0,736,180.08,1532,
2026-04-10T10:19:48.130,NC,CASTROLIND,180.08,180.6,180.7,179.55,179.42,298855,180.11,180.0,736,180.08,1617,
2026-04-10T10:19:54.140,NC,CASTROLIND,180.08,180.6,180.7,179.55,179.42,299108,180.11,180.0,748,180.08,1200,
2026-04-10T10:19:59.949,NC,CASTROLIND,180.08,180.6,180.7,179.55,179.42,299133,180.11,180.0,736,180.08,1441,
2026-04-10T10:20:11.965,NC,CASTROLIND,180.08,180.6,180.7,179.55,179.42,299196,180.11,180.0,693,180.08,1428,
2026-04-10T10:20:17.968,NC,CASTROLIND,180.08,180.6,180.7,179.55,179.42,299218,180.11,180.0,705,180.08,1406,
2026-04-10T10:20:23.882,NC,CASTROLIND,180.08,180.6,180.7,179.55,179.42,299219,180.11,180.0,706,180.08,1405,
2026-04-10T10:20:29.880,NC,CASTROLIND,180.08,180.6,180.7,179.55,179.42,299220,180.11,180.0,772,180.08,1238,
2026-04-10T10:20:36.184,NC,CASTROLIND,180.08,180.6,180.7,179.55,179.42,299311,180.11,180.0,654,180.08,1405,
2026-04-10T10:20:42.192,NC,CASTROLIND,180.08,180.6,180.7,179.55,179.42,299340,180.11,180.0,661,180.08,1376,
2026-04-10T10:20:48.206,NC,CASTROLIND,180.08,180.6,180.7,179.55,179.42,299345,180.11,180.0,673,180.08,1203,
2026-04-10T10:20:54.120,NC,CASTROLIND,180.08,180.6,180.7,179.55,179.42,299356,180.11,180.0,788,180.08,1192,
2026-04-10T10:21:00.127,NC,CASTROLIND,180.08,180.6,180.7,179.55,179.42,299398,180.11,180.0,776,180.08,1314,
2026-04-10T10:21:12.128,NC,CASTROLIND,180.07,180.6,180.7,179.55,179.42,299399,180.11,180.0,776,180.07,723,
2026-04-10T10:21:18.247,NC,CASTROLIND,180.07,180.6,180.7,179.55,179.42,299474,180.11,180.0,791,180.07,748,
2026-04-10T10:21:29.865,NC,CASTROLIND,180.0,180.6,180.7,179.55,179.42,300295,180.11,180.0,695,180.07,189,
2026-04-10T10:21:35.964,NC,CASTROLIND,180.09,180.6,180.7,179.55,179.42,301575,180.11,180.02,376,180.09,1,
2026-04-10T10:21:42.076,NC,CASTROLIND,180.09,180.6,180.7,179.55,179.42,301625,180.11,180.0,724,180.09,155,
2026-04-10T10:21:53.885,NC,CASTROLIND,180.09,180.6,180.7,179.55,179.42,301640,180.11,180.07,6,180.09,54,
2026-04-10T10:22:11.817,NC,CASTROLIND,180.09,180.6,180.7,179.55,179.42,301651,180.11,180.07,7,180.09,165,
2026-04-10T10:22:17.826,NC,CASTROLIND,180.09,180.6,180.7,179.55,179.42,301653,180.11,180.07,7,180.09,163,
2026-04-10T10:22:23.760,NC,CASTROLIND,180.09,180.6,180.7,179.55,179.42,301660,180.11,180.07,7,180.09,156,
2026-04-10T10:22:29.578,NC,CASTROLIND,180.09,180.6,180.7,179.55,179.42,301670,180.11,180.07,7,180.09,146,
2026-04-10T10:22:35.490,NC,CASTROLIND,180.09,180.6,180.7,179.55,179.42,301673,180.11,180.07,7,180.09,143,
2026-04-10T10:22:54.119,NC,CASTROLIND,180.09,180.6,180.7,179.55,179.42,301674,180.11,180.07,7,180.09,142,
2026-04-10T10:23:00.531,NC,CASTROLIND,180.09,180.6,180.7,179.55,179.42,301707,180.11,180.07,7,180.09,109,
2026-04-10T10:23:07.043,NC,CASTROLIND,180.09,180.6,180.7,179.55,179.42,301710,180.11,180.07,7,180.09,106,
2026-04-10T10:23:13.550,NC,CASTROLIND,180.09,180.6,180.7,179.55,179.42,301711,180.11,180.07,7,180.09,105,
2026-04-10T10:23:19.953,NC,CASTROLIND,180.09,180.6,180.7,179.55,179.42,301778,180.11,180.0,637,180.09,85,
2026-04-10T10:23:26.072,NC,CASTROLIND,180.0,180.6,180.7,179.55,179.42,301858,180.11,180.0,529,180.09,85,
2026-04-10T10:23:32.280,NC,CASTROLIND,180.0,180.6,180.7,179.55,179.42,302746,180.11,179.97,22,180.0,20,
2026-04-10T10:23:38.778,NC,CASTROLIND,180.0,180.6,180.7,179.55,179.42,302762,180.11,179.95,115,180.0,170,
2026-04-10T10:23:50.888,NC,CASTROLIND,180.05,180.6,180.7,179.55,179.42,302934,180.11,179.99,1,180.05,90,
2026-04-10T10:24:02.905,NC,CASTROLIND,180.05,180.6,180.7,179.55,179.42,302935,180.11,180.0,5,180.05,216,
2026-04-10T10:24:09.228,NC,CASTROLIND,180.05,180.6,180.7,179.55,179.42,303015,180.11,180.0,113,180.05,136,
2026-04-10T10:24:15.746,NC,CASTROLIND,180.05,180.6,180.7,179.55,179.42,303020,180.11,180.02,40,180.05,131,
2026-04-10T10:24:21.836,NC,CASTROLIND,180.05,180.6,180.7,179.55,179.42,303027,180.11,180.02,40,180.05,124,
2026-04-10T10:24:28.040,NC,CASTROLIND,180.05,180.6,180.7,179.55,179.42,303033,180.11,180.02,40,180.05,118,
2026-04-10T10:24:34.060,NC,CASTROLIND,180.05,180.6,180.7,179.55,179.42,303042,180.11,180.02,42,180.05,109,
2026-04-10T10:24:40.207,NC,CASTROLIND,180.0,180.6,180.7,179.55,179.42,303742,180.11,180.0,537,180.12,105,
2026-04-10T10:24:46.148,NC,CASTROLIND,180.11,180.6,180.7,179.55,179.42,303773,180.11,180.0,529,180.12,13,
2026-04-10T10:24:57.733,NC,CASTROLIND,180.11,180.6,180.7,179.55,179.42,303782,180.11,180.0,541,180.11,170,
2026-04-10T10:25:03.544,NC,CASTROLIND,180.11,180.6,180.7,179.55,179.42,304588,180.11,179.99,394,180.11,6,
2026-04-10T10:25:09.653,NC,CASTROLIND,180.11,180.6,180.7,179.55,179.42,305539,180.11,179.98,60,180.11,63,
2026-04-10T10:25:33.878,NC,CASTROLIND,180.11,180.6,180.7,179.55,179.42,305544,180.11,180.0,390,180.11,5,
2026-04-10T10:25:39.908,NC,CASTROLIND,180.0,180.6,180.7,179.55,179.42,306121,180.11,179.96,10,180.0,223,
2026-04-10T10:25:45.849,NC,CASTROLIND,180.0,180.6,180.7,179.55,179.42,306131,180.11,179.95,115,180.0,64,
2026-04-10T10:25:51.954,NC,CASTROLIND,179.76,180.6,180.7,179.55,179.42,311132,180.1,179.9,1,179.98,28,
2026-04-10T10:25:57.959,NC,CASTROLIND,179.97,180.6,180.7,179.55,179.42,311145,180.1,179.86,127,179.97,38,
2026-04-10T10:26:03.670,NC,CASTROLIND,179.97,180.6,180.7,179.55,179.42,311151,180.1,179.86,114,179.97,32,
2026-04-10T10:26:09.379,NC,CASTROLIND,179.85,180.6,180.7,179.55,179.42,311301,180.1,179.9,4,179.97,699,
2026-04-10T10:26:15.199,NC,CASTROLIND,179.97,180.6,180.7,179.55,179.42,311332,180.1,179.9,4,179.96,110,
2026-04-10T10:26:21.287,NC,CASTROLIND,179.96,180.6,180.7,179.55,179.42,311361,180.1,179.9,5,179.96,12,
2026-04-10T10:26:27.295,NC,CASTROLIND,179.9,180.6,180.7,179.55,179.42,311375,180.1,179.9,6,179.96,11,
2026-04-10T10:26:38.709,NC,CASTROLIND,179.96,180.6,180.7,179.55,179.42,311376,180.1,179.9,6,179.96,10,
2026-04-10T10:26:44.712,NC,CASTROLIND,179.96,180.6,180.7,179.55,179.42,311379,180.1,179.9,6,179.96,35,
2026-04-10T10:26:50.922,NC,CASTROLIND,179.96,180.6,180.7,179.55,179.42,311414,180.1,179.9,3,179.96,143,
2026-04-10T10:26:57.129,NC,CASTROLIND,179.78,180.6,180.7,179.55,179.42,312414,180.1,179.79,90,179.95,525,
2026-04-10T10:27:03.434,NC,CASTROLIND,179.95,180.6,180.7,179.55,179.42,312415,180.1,179.78,5,179.9,48,
2026-04-10T10:27:10.137,NC,CASTROLIND,179.78,180.6,180.7,179.55,179.42,312420,180.1,179.86,15,179.9,333,
2026-04-10T10:27:16.255,NC,CASTROLIND,179.9,180.6,180.7,179.55,179.42,312437,180.1,179.86,4,179.9,840,
2026-04-10T10:27:22.556,NC,CASTROLIND,179.9,180.6,180.7,179.55,179.42,312455,180.1,179.86,4,179.9,906,
2026-04-10T10:27:28.951,NC,CASTROLIND,179.9,180.6,180.7,179.55,179.42,312489,180.1,179.86,4,179.9,784,
2026-04-10T10:27:35.260,NC,CASTROLIND,179.9,180.6,180.7,179.55,179.42,312603,180.1,179.86,4,179.9,690,
2026-04-10T10:27:41.174,NC,CASTROLIND,179.9,180.6,180.7,179.55,179.42,312604,180.1,179.86,4,179.9,689,
2026-04-10T10:27:47.485,NC,CASTROLIND,179.9,180.6,180.7,179.55,179.42,312705,180.1,179.86,5,179.9,588,
2026-04-10T10:27:53.544,NC,CASTROLIND,179.9,180.6,180.7,179.55,179.42,312730,180.1,179.86,5,179.9,563,
2026-04-10T10:27:59.511,NC,CASTROLIND,179.9,180.6,180.7,179.55,179.42,312815,180.1,179.86,5,179.9,478,
2026-04-10T10:28:05.721,NC,CASTROLIND,179.95,180.6,180.7,179.55,179.42,314915,180.1,179.86,5,179.93,112,
2026-04-10T10:28:18.936,NC,CASTROLIND,179.93,180.6,180.7,179.55,179.42,314916,180.1,179.86,6,179.93,131,
2026-04-10T10:28:25.464,NC,CASTROLIND,179.93,180.6,180.7,179.55,179.42,314930,180.1,179.86,6,179.93,117,
2026-04-10T10:28:38.068,NC,CASTROLIND,179.78,180.6,180.7,179.55,179.42,315830,180.1,179.76,180,179.89,78,
2026-04-10T10:28:44.474,NC,CASTROLIND,179.89,180.6,180.7,179.55,179.42,316162,180.1,179.79,92,179.91,108,
2026-04-10T10:28:56.192,NC,CASTROLIND,179.9,180.6,180.7,179.55,179.42,316175,180.1,179.78,500,179.88,104,
2026-04-10T10:29:08.197,NC,CASTROLIND,179.89,180.6,180.7,179.55,179.42,316177,180.1,179.78,500,179.89,259,
2026-04-10T10:29:14.000,NC,CASTROLIND,179.91,180.6,180.7,179.55,179.42,316189,180.1,179.85,11,179.91,175,
2026-04-10T10:29:19.907,NC,CASTROLIND,179.91,180.6,180.7,179.55,179.42,316209,180.1,179.85,11,179.91,265,
2026-04-10T10:29:25.526,NC,CASTROLIND,179.9,180.6,180.7,179.55,179.42,316349,180.1,179.85,11,179.91,110,
2026-04-10T10:29:31.426,NC,CASTROLIND,179.92,180.6,180.7,179.55,179.42,316378,180.1,179.85,11,179.92,28,
2026-04-10T10:29:37.137,NC,CASTROLIND,179.91,180.6,180.7,179.55,179.42,316494,180.1,179.78,585,179.91,31,
2026-04-10T10:29:43.039,NC,CASTROLIND,179.9,180.6,180.7,179.55,179.42,316520,180.1,179.78,533,179.9,27,
2026-04-10T10:29:48.551,NC,CASTROLIND,179.9,180.6,180.7,179.55,179.42,316741,180.1,179.78,500,179.9,87,
2026-04-10T10:29:54.467,NC,CASTROLIND,179.9,180.6,180.7,179.55,179.42,316777,180.1,179.78,500,179.92,110,
2026-04-10T10:30:00.675,NC,CASTROLIND,179.93,180.6,180.7,179.55,179.42,316818,180.1,179.79,290,179.92,98,
2026-04-10T10:30:07.302,NC,CASTROLIND,179.93,180.6,180.7,179.55,179.42,316839,180.1,179.79,366,179.93,249,
2026-04-10T10:30:13.706,NC,CASTROLIND,179.93,180.6,180.7,179.55,179.42,316862,180.1,179.8,108,179.93,221,
2026-04-10T10:30:20.117,NC,CASTROLIND,179.93,180.6,180.7,179.55,179.42,316864,180.1,179.8,108,179.93,219,
2026-04-10T10:30:26.526,NC,CASTROLIND,179.93,180.6,180.7,179.55,179.42,316865,180.1,179.8,108,179.93,52,
2026-04-10T10:30:32.826,NC,CASTROLIND,179.92,180.6,180.7,179.55,179.42,316868,180.1,179.8,108,179.93,234,
2026-04-10T10:30:45.242,NC,CASTROLIND,179.93,180.6,180.7,179.55,179.42,316981,180.1,179.8,108,179.93,231,
2026-04-10T10:30:57.372,NC,CASTROLIND,179.92,180.6,180.7,179.55,179.42,317208,180.1,179.81,95,179.92,20,
2026-04-10T10:31:03.294,NC,CASTROLIND,179.92,180.6,180.7,179.55,179.42,317255,180.1,179.81,105,179.92,20,
2026-04-10T10:31:09.299,NC,CASTROLIND,179.61,180.6,180.7,179.55,179.42,327361,180.09,179.69,214,179.84,28,
2026-04-10T10:31:15.597,NC,CASTROLIND,179.82,180.6,180.7,179.55,179.42,327942,180.09,179.67,223,179.82,46,
2026-04-10T10:31:21.524,NC,CASTROLIND,179.69,180.6,180.7,179.55,179.42,327989,180.09,179.69,5,179.82,19,
2026-04-10T10:31:33.227,NC,CASTROLIND,179.81,180.6,180.7,179.55,179.42,328017,180.09,179.7,1,179.81,27,
2026-04-10T10:31:39.032,NC,CASTROLIND,179.82,180.6,180.7,179.55,179.42,328197,180.09,179.75,1,179.81,50,
2026-04-10T10:31:45.240,NC,CASTROLIND,179.81,180.6,180.7,179.55,179.42,328198,180.09,179.75,2,179.81,49,
2026-04-10T10:31:57.556,NC,CASTROLIND,179.81,180.6,180.7,179.55,179.42,328199,180.09,179.75,2,179.81,48,
2026-04-10T10:32:03.468,NC,CASTROLIND,179.81,180.6,180.7,179.55,179.42,328213,180.09,179.75,2,179.81,361,
2026-04-10T10:32:09.778,NC,CASTROLIND,179.75,180.6,180.7,179.55,179.42,328272,180.09,179.7,79,179.75,294,
2026-04-10T10:32:15.871,NC,CASTROLIND,179.7,180.6,180.7,179.55,179.42,328406,180.09,179.65,21,179.75,239,
2026-04-10T10:32:21.687,NC,CASTROLIND,179.59,180.6,180.7,179.55,179.42,329991,180.08,179.56,63,179.7,274,
2026-04-10T10:32:34.522,NC,CASTROLIND,179.66,180.6,180.7,179.55,179.42,330216,180.08,179.55,312,179.66,303,
2026-04-10T10:32:40.724,NC,CASTROLIND,179.66,180.6,180.7,179.55,179.42,330226,180.08,179.59,1010,179.66,200,
2026-04-10T10:32:46.722,NC,CASTROLIND,179.66,180.6,180.7,179.55,179.42,330278,180.08,179.59,1010,179.66,168,
2026-04-10T10:32:52.728,NC,CASTROLIND,179.66,180.6,180.7,179.55,179.42,330279,180.08,179.59,1010,179.66,167,
2026-04-10T10:32:58.536,NC,CASTROLIND,179.66,180.6,180.7,179.55,179.42,330280,180.08,179.59,1010,179.66,204,
2026-04-10T10:33:04.041,NC,CASTROLIND,179.66,180.6,180.7,179.55,179.42,330281,180.08,179.59,1010,179.66,45,
2026-04-10T10:33:09.864,NC,CASTROLIND,179.66,180.6,180.7,179.55,179.42,330293,180.08,179.6,59,179.66,33,
2026-04-10T10:33:16.159,NC,CASTROLIND,179.66,180.6,180.7,179.55,179.42,330314,180.08,179.6,59,179.66,207,
2026-04-10T10:33:22.467,NC,CASTROLIND,179.66,180.6,180.7,179.55,179.42,330316,180.08,179.6,59,179.66,205,
2026-04-10T10:33:28.374,NC,CASTROLIND,179.66,180.6,180.7,179.55,179.42,330359,180.08,179.6,59,179.66,41,
2026-04-10T10:33:34.302,NC,CASTROLIND,179.66,180.6,180.7,179.55,179.42,330460,180.08,179.6,79,179.66,147,
2026-04-10T10:33:40.322,NC,CASTROLIND,179.66,180.6,180.7,179.55,179.42,331497,180.08,179.6,43,179.66,18,
2026-04-10T10:33:51.826,NC,CASTROLIND,179.6,180.6,180.7,179.55,179.42,331515,180.08,179.6,25,179.66,18,
2026-04-10T10:34:03.850,NC,CASTROLIND,179.66,180.6,180.7,179.55,179.42,331615,180.08,179.6,25,179.65,150,
2026-04-10T10:34:10.143,NC,CASTROLIND,179.65,180.6,180.7,179.55,179.42,331836,180.08,179.59,991,179.65,104,
2026-04-10T10:34:22.281,NC,CASTROLIND,179.65,180.6,180.7,179.55,179.42,331867,180.08,179.59,1064,179.65,29,
2026-04-10T10:34:28.086,NC,CASTROLIND,179.65,180.6,180.7,179.55,179.42,331871,180.08,179.59,1064,179.65,25,
2026-04-10T10:34:33.680,NC,CASTROLIND,179.65,180.6,180.7,179.55,179.42,331891,180.08,179.59,1064,179.65,25,
2026-04-10T10:34:39.486,NC,CASTROLIND,179.65,180.6,180.7,179.55,179.42,331900,180.08,179.6,1,179.65,36,
2026-04-10T10:34:45.499,NC,CASTROLIND,179.65,180.6,180.7,179.55,179.42,331958,180.08,179.6,1,179.65,38,
2026-04-10T10:34:51.411,NC,CASTROLIND,179.59,180.6,180.7,179.55,179.42,331998,180.08,179.59,980,179.65,48,
2026-04-10T10:34:57.126,NC,CASTROLIND,179.65,180.6,180.7,179.55,179.42,332005,180.08,179.59,1006,179.65,41,
2026-04-10T10:35:08.036,NC,CASTROLIND,179.79,180.6,180.7,179.55,179.42,332236,180.08,179.66,421,179.79,56,
2026-04-10T10:35:13.536,NC,CASTROLIND,179.81,180.6,180.7,179.55,179.42,332247,180.08,179.68,250,179.8,98,
2026-04-10T10:35:30.443,NC,CASTROLIND,179.81,180.6,180.7,179.55,179.42,332827,180.08,179.7,1,179.81,23,
2026-04-10T10:35:36.151,NC,CASTROLIND,179.9,180.6,180.7,179.55,179.42,332879,180.08,179.81,1,179.93,42,
2026-04-10T10:35:41.661,NC,CASTROLIND,179.93,180.6,180.7,179.55,179.42,332884,180.08,179.81,4,179.93,175,
2026-04-10T10:35:47.375,NC,CASTROLIND,179.81,180.6,180.7,179.55,179.42,332888,180.08,179.77,1,179.81,76,
2026-04-10T10:35:52.991,NC,CASTROLIND,179.86,180.6,180.7,179.55,179.42,332974,180.08,179.77,1,179.88,283,
2026-04-10T10:35:58.304,NC,CASTROLIND,179.87,180.6,180.7,179.55,179.42,332984,180.08,179.77,1,179.87,96,
2026-04-10T10:36:09.526,NC,CASTROLIND,179.86,180.6,180.7,179.55,179.42,332998,180.08,179.77,1,179.87,6,
2026-04-10T10:36:15.039,NC,CASTROLIND,179.87,180.6,180.7,179.55,179.42,333124,180.08,179.77,1,179.87,179,
2026-04-10T10:36:20.846,NC,CASTROLIND,179.83,180.6,180.7,179.55,179.42,333634,180.08,179.69,72,179.83,93,
2026-04-10T10:36:26.556,NC,CASTROLIND,179.84,180.6,180.7,179.55,179.42,333742,180.08,179.69,139,179.82,107,
2026-04-10T10:36:32.071,NC,CASTROLIND,179.82,180.6,180.7,179.55,179.42,333769,180.08,179.69,72,179.82,15,
2026-04-10T10:36:37.383,NC,CASTROLIND,179.82,180.6,180.7,179.55,179.42,333799,180.08,179.69,108,179.82,20,
2026-04-10T10:36:42.878,NC,CASTROLIND,179.69,180.6,180.7,179.55,179.42,333826,180.08,179.69,45,179.82,20,
2026-04-10T10:36:48.492,NC,CASTROLIND,179.82,180.6,180.7,179.55,179.42,333890,180.08,179.69,254,179.82,3,
2026-04-10T10:36:54.102,NC,CASTROLIND,179.82,180.6,180.7,179.55,179.42,333895,180.08,179.69,290,179.82,20,
2026-04-10T10:37:06.108,NC,CASTROLIND,179.81,180.6,180.7,179.55,179.42,334141,180.08,179.7,315,179.81,7,
2026-04-10T10:37:23.226,NC,CASTROLIND,179.87,180.6,180.7,179.55,179.42,334156,180.08,179.8,250,179.89,105,
2026-04-10T10:37:35.203,NC,CASTROLIND,179.9,180.6,180.7,179.55,179.42,334157,180.08,179.8,250,179.89,103,
2026-04-10T10:37:46.573,NC,CASTROLIND,179.89,180.6,180.7,179.55,179.42,334158,180.08,179.8,252,179.89,102,
2026-04-10T10:37:51.878,NC,CASTROLIND,179.8,180.6,180.7,179.55,179.42,334308,180.08,179.8,102,179.89,264,
2026-04-10T10:37:57.282,NC,CASTROLIND,179.89,180.6,180.7,179.55,179.42,334328,180.08,179.8,152,179.89,205,
2026-04-10T10:38:02.691,NC,CASTROLIND,179.89,180.6,180.7,179.55,179.42,334338,180.08,179.8,177,179.89,35,
2026-04-10T10:38:14.109,NC,CASTROLIND,179.89,180.6,180.7,179.55,179.42,334362,180.08,179.8,177,179.89,188,
2026-04-10T10:38:30.427,NC,CASTROLIND,179.9,180.6,180.7,179.55,179.42,334512,180.08,179.8,177,179.9,249,
2026-04-10T10:38:35.933,NC,CASTROLIND,179.8,180.6,180.7,179.55,179.42,334717,180.08,179.75,40,179.87,242,
2026-04-10T10:39:07.568,NC,CASTROLIND,179.87,180.6,180.7,179.55,179.42,334718,180.08,179.8,751,179.87,57,
2026-04-10T10:39:18.076,NC,CASTROLIND,179.8,180.6,180.7,179.55,179.42,334759,180.08,179.8,711,179.89,99,
2026-04-10T10:39:23.879,NC,CASTROLIND,179.9,180.6,180.7,179.55,179.42,334761,180.08,179.8,711,179.89,107,
2026-04-10T10:39:29.596,NC,CASTROLIND,179.9,180.6,180.7,179.55,179.42,334766,180.08,179.8,711,179.89,101,
2026-04-10T10:39:35.100,NC,CASTROLIND,179.86,180.6,180.7,179.55,179.42,335978,180.08,179.75,40,179.84,106,
2026-04-10T10:39:40.501,NC,CASTROLIND,179.8,180.6,180.7,179.55,179.42,335984,180.08,179.8,11,179.86,87,
2026-04-10T10:39:46.203,NC,CASTROLIND,179.75,180.6,180.7,179.55,179.42,335997,180.08,179.8,1,179.9,52,
2026-04-10T10:39:51.910,NC,CASTROLIND,179.76,180.6,180.7,179.55,179.42,336037,180.08,179.75,382,179.89,102,
2026-04-10T10:39:57.310,NC,CASTROLIND,179.89,180.6,180.7,179.55,179.42,336039,180.08,179.76,123,179.89,100,
2026-04-10T10:40:08.019,NC,CASTROLIND,179.9,180.6,180.7,179.55,179.42,336049,180.08,179.89,28,179.93,1,
2026-04-10T10:40:19.050,NC,CASTROLIND,179.89,180.6,180.7,179.55,179.42,336077,180.08,179.8,71,179.9,1000,
2026-04-10T10:40:24.246,NC,CASTROLIND,179.9,180.6,180.7,179.55,179.42,336577,180.08,179.8,10,179.89,105,
2026-04-10T10:40:29.453,NC,CASTROLIND,179.89,180.6,180.7,179.55,179.42,336585,180.08,179.8,10,179.89,116,
2026-04-10T10:40:40.665,NC,CASTROLIND,179.89,180.6,180.7,179.55,179.42,336586,180.08,179.8,10,179.89,19,
2026-04-10T10:40:45.771,NC,CASTROLIND,179.89,180.6,180.7,179.55,179.42,336686,180.08,179.8,571,179.89,20,
2026-04-10T10:40:56.893,NC,CASTROLIND,179.89,180.6,180.7,179.55,179.42,336689,180.08,179.8,510,179.89,181,
2026-04-10T10:41:29.314,NC,CASTROLIND,179.89,180.6,180.7,179.55,179.42,336723,180.08,179.81,20,179.89,175,
2026-04-10T10:41:34.831,NC,CASTROLIND,179.89,180.6,180.7,179.55,179.42,336774,180.08,179.81,120,179.89,114,
2026-04-10T10:41:40.435,NC,CASTROLIND,179.89,180.6,180.7,179.55,179.42,336779,180.08,179.81,120,179.89,109,
2026-04-10T10:41:51.166,NC,CASTROLIND,179.89,180.6,180.7,179.55,179.42,336835,180.08,179.81,120,179.89,20,
2026-04-10T10:41:56.959,NC,CASTROLIND,179.8,180.6,180.7,179.55,179.42,337340,180.08,179.8,413,179.89,15,
2026-04-10T10:42:02.367,NC,CASTROLIND,179.8,180.6,180.7,179.55,179.42,337444,180.08,179.8,313,179.89,11,
2026-04-10T10:42:07.681,NC,CASTROLIND,179.89,180.6,180.7,179.55,179.42,337450,180.08,179.85,100,179.89,5,
2026-04-10T10:42:28.995,NC,CASTROLIND,179.89,180.6,180.7,179.55,179.42,337481,180.08,179.85,71,179.89,3,
2026-04-10T10:42:34.115,NC,CASTROLIND,179.89,180.6,180.7,179.55,179.42,337486,180.08,179.85,71,179.89,20,
2026-04-10T10:42:39.305,NC,CASTROLIND,179.89,180.6,180.7,179.55,179.42,337496,180.08,179.85,71,179.89,10,
2026-04-10T10:42:44.428,NC,CASTROLIND,179.89,180.6,180.7,179.55,179.42,337502,180.08,179.85,71,179.89,7,
2026-04-10T10:42:49.726,NC,CASTROLIND,179.89,180.6,180.7,179.55,179.42,337529,180.08,179.85,71,179.89,15,
2026-04-10T10:42:55.144,NC,CASTROLIND,179.89,180.6,180.7,179.55,179.42,337539,180.08,179.85,71,179.89,5,
2026-04-10T10:43:00.347,NC,CASTROLIND,179.89,180.6,180.7,179.55,179.42,337586,180.08,179.85,71,179.9,500,
2026-04-10T10:43:05.654,NC,CASTROLIND,179.89,180.6,180.7,179.55,179.42,337592,180.08,179.85,71,179.89,1,
2026-04-10T10:43:10.862,NC,CASTROLIND,179.89,180.6,180.7,179.55,179.42,337599,180.08,179.85,65,179.9,499,
2026-04-10T10:43:21.872,NC,CASTROLIND,179.9,180.6,180.7,179.55,179.42,337799,180.08,179.89,1,179.9,299,
2026-04-10T10:43:27.374,NC,CASTROLIND,179.9,180.6,180.7,179.55,179.42,337809,180.08,179.89,2,179.9,289,
2026-04-10T10:43:38.103,NC,CASTROLIND,179.9,180.6,180.7,179.55,179.42,337917,180.08,179.85,59,179.9,189,
2026-04-10T10:43:53.204,NC,CASTROLIND,179.9,180.6,180.7,179.55,179.42,338106,180.08,179.9,11,179.91,9,
2026-04-10T10:44:13.540,NC,CASTROLIND,179.91,180.6,180.7,179.55,179.42,338113,180.08,179.9,16,179.91,2,
2026-04-10T10:44:24.134,NC,CASTROLIND,179.95,180.6,180.7,179.55,179.42,338119,180.08,179.9,17,179.95,75,
2026-04-10T10:44:29.446,NC,CASTROLIND,179.95,180.6,180.7,179.55,179.42,338122,180.08,179.9,17,179.95,72,
2026-04-10T10:44:34.346,NC,CASTROLIND,179.95,180.6,180.7,179.55,179.42,338127,180.08,179.9,16,179.95,67,
2026-04-10T10:44:39.360,NC,CASTROLIND,179.95,180.6,180.7,179.55,179.42,338131,180.08,179.9,17,179.95,63,
2026-04-10T10:44:44.256,NC,CASTROLIND,179.95,180.6,180.7,179.55,179.42,338132,180.08,179.9,17,179.95,62,
2026-04-10T10:44:49.265,NC,CASTROLIND,179.95,180.6,180.7,179.55,179.42,338137,180.08,179.9,17,179.95,57,
2026-04-10T10:44:59.274,NC,CASTROLIND,179.95,180.6,180.7,179.55,179.42,338437,180.08,179.9,17,179.99,407,
2026-04-10T10:45:04.680,NC,CASTROLIND,179.9,180.6,180.7,179.55,179.42,338455,180.08,179.85,59,179.95,169,
2026-04-10T10:45:10.022,NC,CASTROLIND,179.95,180.6,180.7,179.55,179.42,338460,180.08,179.85,59,179.94,102,
2026-04-10T10:45:15.115,NC,CASTROLIND,179.97,180.6,180.7,179.55,179.42,338761,180.08,179.85,59,179.98,109,
2026-04-10T10:45:20.328,NC,CASTROLIND,179.97,180.6,180.7,179.55,179.42,338763,180.08,179.85,59,179.97,106,
2026-04-10T10:45:42.344,NC,CASTROLIND,179.95,180.6,180.7,179.55,179.42,338770,180.08,179.85,1159,179.95,274,
2026-04-10T10:45:47.854,NC,CASTROLIND,179.95,180.6,180.7,179.55,179.42,338776,180.08,179.85,1159,179.95,128,
2026-04-10T10:45:53.161,NC,CASTROLIND,179.96,180.6,180.7,179.55,179.42,339176,180.08,179.85,1210,179.97,89,
2026-04-10T10:45:58.101,NC,CASTROLIND,179.9,180.6,180.7,179.55,179.42,339177,180.08,179.85,1159,179.96,93,
2026-04-10T10:46:03.580,NC,CASTROLIND,179.85,180.6,180.7,179.55,179.42,339257,180.08,179.85,1079,179.97,55,
2026-04-10T10:46:08.878,NC,CASTROLIND,179.96,180.6,180.7,179.55,179.42,339269,180.08,179.85,1079,179.99,62,
2026-04-10T10:46:25.301,NC,CASTROLIND,179.99,180.6,180.7,179.55,179.42,339270,180.08,179.85,1286,179.99,57,
2026-04-10T10:46:37.010,NC,CASTROLIND,179.98,180.6,180.7,179.55,179.42,339404,180.08,179.85,1286,179.96,99,
2026-04-10T10:46:42.825,NC,CASTROLIND,179.85,180.6,180.7,179.55,179.42,339434,180.07,179.85,1156,179.96,26,
2026-04-10T10:46:48.443,NC,CASTROLIND,179.96,180.6,180.7,179.55,179.42,339436,180.07,179.85,1049,179.95,208,
2026-04-10T10:46:59.346,NC,CASTROLIND,179.95,180.6,180.7,179.55,179.42,339441,180.07,179.85,1050,179.95,149,
2026-04-10T10:47:04.847,NC,CASTROLIND,179.95,180.6,180.7,179.55,179.42,339442,180.07,179.85,1050,179.95,147,
2026-04-10T10:47:10.365,NC,CASTROLIND,179.95,180.6,180.7,179.55,179.42,339944,180.07,179.85,1050,179.98,82,
2026-04-10T10:47:16.467,NC,CASTROLIND,180.0,180.6,180.7,179.55,179.42,340076,180.07,179.85,1074,180.0,1597,
2026-04-10T10:47:33.563,NC,CASTROLIND,180.0,180.6,180.7,179.55,179.42,340085,180.07,179.86,60,180.0,1802,
2026-04-10T10:47:38.626,NC,CASTROLIND,180.0,180.6,180.7,179.55,179.42,340320,180.07,179.86,91,180.0,1456,
2026-04-10T10:47:55.141,NC,CASTROLIND,179.99,180.6,180.7,179.55,179.42,340337,180.07,179.86,62,179.99,428,
2026-04-10T10:48:00.454,NC,CASTROLIND,179.99,180.6,180.7,179.55,179.42,340438,180.07,179.89,60,180.0,1274,
2026-04-10T10:48:06.062,NC,CASTROLIND,179.99,180.6,180.7,179.55,179.42,340533,180.07,179.89,60,179.99,137,
2026-04-10T10:48:17.102,NC,CASTROLIND,179.85,180.6,180.7,179.55,179.42,341621,180.07,179.81,100,179.94,214,
2026-04-10T10:48:22.382,NC,CASTROLIND,179.91,180.6,180.7,179.55,179.42,341632,180.07,179.81,100,179.91,24,
2026-04-10T10:48:32.301,NC,CASTROLIND,179.8,180.6,180.7,179.55,179.42,341842,180.07,179.81,1,179.88,24,
2026-04-10T10:48:37.207,NC,CASTROLIND,179.88,180.6,180.7,179.55,179.42,341870,180.07,179.81,1,179.88,24,
2026-04-10T10:48:42.403,NC,CASTROLIND,179.88,180.6,180.7,179.55,179.42,341924,180.07,179.81,1,179.88,20,
2026-04-10T10:48:56.314,NC,CASTROLIND,179.88,180.6,180.7,179.55,179.42,341936,180.07,179.81,40,179.88,29,
2026-04-10T10:49:01.926,NC,CASTROLIND,179.8,180.6,180.7,179.55,179.42,341996,180.07,179.75,42,179.87,50,
2026-04-10T10:49:07.946,NC,CASTROLIND,179.7,180.6,180.7,179.55,179.42,350316,180.06,179.7,16947,179.82,395,
2026-04-10T10:49:19.152,NC,CASTROLIND,179.8,180.6,180.7,179.55,179.42,350331,180.06,179.7,16947,179.8,115,
2026-04-10T10:49:24.651,NC,CASTROLIND,179.7,180.6,180.7,179.55,179.42,350431,180.06,179.7,16847,179.8,29,
2026-04-10T10:49:30.059,NC,CASTROLIND,179.7,180.6,180.7,179.55,179.42,350731,180.06,179.7,16547,179.8,29,
2026-04-10T10:49:40.278,NC,CASTROLIND,179.8,180.6,180.7,179.55,179.42,350796,180.06,179.71,149,179.8,24,
2026-04-10T10:49:50.390,NC,CASTROLIND,179.71,180.6,180.7,179.55,179.42,350797,180.06,179.71,148,179.8,124,
2026-04-10T10:49:55.603,NC,CASTROLIND,179.8,180.6,180.7,179.55,179.42,350800,180.06,179.71,148,179.8,41,
2026-04-10T10:50:01.114,NC,CASTROLIND,179.8,180.6,180.7,179.55,179.42,350801,180.06,179.71,10,179.8,140,
2026-04-10T10:50:06.711,NC,CASTROLIND,179.8,180.6,180.7,179.55,179.42,350816,180.06,179.71,11,179.8,129,
2026-04-10T10:50:18.028,NC,CASTROLIND,179.71,180.6,180.7,179.55,179.42,350838,180.06,179.7,16587,179.8,321,
2026-04-10T10:50:28.646,NC,CASTROLIND,179.8,180.6,180.7,179.55,179.42,350918,180.06,179.71,3,179.8,349,
2026-04-10T10:50:38.770,NC,CASTROLIND,179.79,180.6,180.7,179.55,179.42,350925,180.06,179.71,7,179.79,546,
2026-04-10T10:50:44.281,NC,CASTROLIND,179.79,180.6,180.7,179.55,179.42,350928,180.06,179.71,7,179.79,543,
2026-04-10T10:50:49.472,NC,CASTROLIND,179.7,180.6,180.7,179.55,179.42,351245,180.06,179.7,16579,179.79,241,
2026-04-10T10:51:05.304,NC,CASTROLIND,179.51,180.6,180.7,179.51,179.42,376545,180.04,179.53,64,179.67,526,
2026-04-10T10:51:10.912,NC,CASTROLIND,179.49,180.6,180.7,179.38,179.42,382790,180.03,179.39,568,179.49,20,
2026-04-10T10:51:16.616,NC,CASTROLIND,179.49,180.6,180.7,179.38,179.42,383048,180.03,179.41,516,179.49,20,
2026-04-10T10:51:22.034,NC,CASTROLIND,179.65,180.6,180.7,179.38,179.42,383865,180.03,179.53,62,179.65,100,
2026-04-10T10:51:32.258,NC,CASTROLIND,179.42,180.6,180.7,179.38,179.42,389365,180.02,179.46,315,179.6,108,
2026-04-10T10:51:42.557,NC,CASTROLIND,179.59,180.6,180.7,179.38,179.42,389768,180.02,179.47,486,179.59,20,
2026-04-10T10:51:52.970,NC,CASTROLIND,179.6,180.6,180.7,179.38,179.42,390241,180.02,179.47,483,179.6,736,
2026-04-10T10:52:03.380,NC,CASTROLIND,179.59,180.6,180.7,179.38,179.42,390250,180.02,179.48,63,179.6,856,
2026-04-10T10:52:08.889,NC,CASTROLIND,179.59,180.6,180.7,179.38,179.42,390252,180.02,179.46,67,179.59,56,
2026-04-10T10:52:20.114,NC,CASTROLIND,179.6,180.6,180.7,179.38,179.42,390267,180.02,179.55,15,179.6,867,
2026-04-10T10:52:25.913,NC,CASTROLIND,179.6,180.6,180.7,179.38,179.42,390282,180.02,179.59,5,179.6,875,
2026-04-10T10:52:31.221,NC,CASTROLIND,179.6,180.6,180.7,179.38,179.42,390287,180.02,179.59,2,179.6,922,
2026-04-10T10:52:41.442,NC,CASTROLIND,179.59,180.6,180.7,179.38,179.42,390463,180.02,179.5,211,179.59,9,
2026-04-10T10:52:46.244,NC,CASTROLIND,179.6,180.6,180.7,179.38,179.42,390473,180.02,179.5,211,179.59,99,
2026-04-10T10:52:51.242,NC,CASTROLIND,179.6,180.6,180.7,179.38,179.42,390474,180.02,179.5,211,179.6,875,
2026-04-10T10:52:56.342,NC,CASTROLIND,179.59,180.6,180.7,179.38,179.42,390475,180.02,179.5,278,179.59,187,
2026-04-10T10:53:01.450,NC,CASTROLIND,179.59,180.6,180.7,179.38,179.42,390482,180.02,179.5,211,179.59,180,
2026-04-10T10:53:17.664,NC,CASTROLIND,179.59,180.6,180.7,179.38,179.42,390485,180.02,179.54,9,179.59,177,
2026-04-10T10:53:23.274,NC,CASTROLIND,179.59,180.6,180.7,179.38,179.42,390486,180.02,179.54,9,179.59,176,
2026-04-10T10:53:44.304,NC,CASTROLIND,179.59,180.6,180.7,179.38,179.42,390549,180.02,179.54,10,179.59,213,
2026-04-10T10:53:55.117,NC,CASTROLIND,179.56,180.6,180.7,179.38,179.42,390599,180.02,179.54,10,179.59,113,
2026-04-10T10:54:00.474,NC,CASTROLIND,179.59,180.6,180.7,179.38,179.42,390693,180.02,179.54,9,179.59,19,
2026-04-10T10:54:10.998,NC,CASTROLIND,179.59,180.6,180.7,179.38,179.42,390700,180.02,179.54,9,179.59,70,
2026-04-10T10:54:16.197,NC,CASTROLIND,179.59,180.6,180.7,179.38,179.42,390731,180.02,179.54,11,179.59,39,
2026-04-10T10:54:26.516,NC,CASTROLIND,179.58,180.6,180.7,179.38,179.42,396021,180.01,179.44,145,179.57,56,
2026-04-10T10:54:31.322,NC,CASTROLIND,179.56,180.6,180.7,179.38,179.42,396081,180.01,179.45,119,179.56,56,
2026-04-10T10:54:36.738,NC,CASTROLIND,179.56,180.6,180.7,179.38,179.42,396084,180.01,179.45,119,179.56,17,
2026-04-10T10:54:42.136,NC,CASTROLIND,179.56,180.6,180.7,179.38,179.42,396110,180.01,179.43,121,179.56,744,
2026-04-10T10:54:47.540,NC,CASTROLIND,179.55,180.6,180.7,179.38,179.42,396111,180.01,179.43,121,179.55,21,
2026-04-10T10:54:52.856,NC,CASTROLIND,179.56,180.6,180.7,179.38,179.42,397057,180.01,179.46,51,179.55,20,
2026-04-10T10:54:58.155,NC,CASTROLIND,179.55,180.6,180.7,179.38,179.42,397070,180.01,179.46,51,179.55,7,
2026-04-10T10:55:03.562,NC,CASTROLIND,179.59,180.6,180.7,179.38,179.42,397780,180.01,179.45,39,179.55,20,
2026-04-10T10:55:14.078,NC,CASTROLIND,179.55,180.6,180.7,179.38,179.42,397789,180.01,179.46,2,179.55,31,
2026-04-10T10:55:19.288,NC,CASTROLIND,179.55,180.6,180.7,179.38,179.42,397839,180.01,179.46,2,179.55,21,
2026-04-10T10:55:29.694,NC,CASTROLIND,179.55,180.6,180.7,179.38,179.42,398018,180.01,179.55,21,179.6,835,
2026-04-10T10:55:34.904,NC,CASTROLIND,179.6,180.6,180.7,179.38,179.42,398039,180.01,179.55,1000,179.6,795,
2026-04-10T10:55:40.225,NC,CASTROLIND,179.55,180.6,180.7,179.38,179.42,398139,180.01,179.55,900,179.6,702,
2026-04-10T10:55:50.724,NC,CASTROLIND,179.6,180.6,180.7,179.38,179.42,398152,180.01,179.56,900,179.6,682,
2026-04-10T10:55:55.839,NC,CASTROLIND,179.56,180.6,180.7,179.38,179.42,398259,180.01,179.56,793,179.6,682,
2026-04-10T10:56:07.642,NC,CASTROLIND,179.76,180.6,180.7,179.38,179.42,399399,180.0,179.64,119,179.76,101,
2026-04-10T10:56:13.263,NC,CASTROLIND,179.76,180.6,180.7,179.38,179.42,399412,180.0,179.66,523,179.76,13,
2026-04-10T10:56:23.974,NC,CASTROLIND,179.94,180.6,180.7,179.38,179.42,401941,180.0,179.84,73,179.95,480,
2026-04-10T10:56:34.983,NC,CASTROLIND,180.0,180.6,180.7,179.38,179.42,412121,180.0,180.0,1593,180.01,22,
2026-04-10T10:56:40.495,NC,CASTROLIND,180.03,180.6,180.7,179.38,179.42,413130,180.0,180.0,1585,180.03,99,
2026-04-10T10:56:46.210,NC,CASTROLIND,180.03,180.6,180.7,179.38,179.42,413138,180.0,180.0,1585,180.03,91,
2026-04-10T10:56:56.937,NC,CASTROLIND,180.03,180.6,180.7,179.38,179.42,413326,180.0,180.01,273,180.03,71,
2026-04-10T10:57:13.960,NC,CASTROLIND,180.08,180.6,180.7,179.38,179.42,413438,180.0,180.01,273,180.08,122,
2026-04-10T10:57:19.475,NC,CASTROLIND,180.08,180.6,180.7,179.38,179.42,413439,180.0,180.01,273,180.08,121,
2026-04-10T10:57:24.871,NC,CASTROLIND,180.08,180.6,180.7,179.38,179.42,413446,180.0,180.01,273,180.08,114,
2026-04-10T10:57:35.783,NC,CASTROLIND,180.14,180.6,180.7,179.38,179.42,414009,180.0,180.01,213,180.13,99,
2026-04-10T10:57:41.894,NC,CASTROLIND,180.01,180.6,180.7,179.38,179.42,414109,180.0,180.01,113,180.13,197,
2026-04-10T10:57:47.698,NC,CASTROLIND,180.08,180.6,180.7,179.38,179.42,414867,180.0,180.01,1113,180.15,235,
2026-04-10T10:57:53.645,NC,CASTROLIND,180.0,180.6,180.7,179.38,179.42,420226,180.0,180.0,19,180.08,160,
2026-04-10T10:57:59.537,NC,CASTROLIND,180.07,180.6,180.7,179.38,179.42,420247,180.0,180.0,19,180.07,20,
2026-04-10T10:58:05.346,NC,CASTROLIND,180.08,180.6,180.7,179.38,179.42,420428,180.0,180.0,1018,180.07,20,
2026-04-10T10:58:16.364,NC,CASTROLIND,180.12,180.6,180.7,179.38,179.42,420708,180.0,180.0,1040,180.11,100,
2026-04-10T10:58:21.876,NC,CASTROLIND,180.11,180.6,180.7,179.38,179.42,420718,180.0,180.0,1040,180.11,190,
2026-04-10T10:58:27.176,NC,CASTROLIND,180.16,180.6,180.7,179.38,179.42,420828,180.0,180.08,10,180.16,61,
2026-04-10T10:58:32.481,NC,CASTROLIND,180.11,180.6,180.7,179.38,179.42,420848,180.0,180.08,10,180.16,74,
2026-04-10T10:58:37.688,NC,CASTROLIND,180.08,180.6,180.7,179.38,179.42,420875,180.0,180.0,1040,180.08,97,
2026-04-10T10:58:43.297,NC,CASTROLIND,180.0,180.6,180.7,179.38,179.42,420912,180.0,180.0,1021,180.08,79,
2026-04-10T10:58:54.438,NC,CASTROLIND,180.08,180.6,180.7,179.38,179.42,420914,180.0,180.0,820,180.08,77,
2026-04-10T10:59:00.048,NC,CASTROLIND,180.08,180.6,180.7,179.38,179.42,420916,180.0,180.0,833,180.08,172,
2026-04-10T10:59:11.067,NC,CASTROLIND,180.08,180.6,180.7,179.38,179.42,420966,180.0,180.01,562,180.08,25,
2026-04-10T10:59:22.288,NC,CASTROLIND,180.08,180.6,180.7,179.38,179.42,420991,180.0,180.08,475,180.16,51,
2026-04-10T10:59:38.802,NC,CASTROLIND,180.08,180.6,180.7,179.38,179.42,421262,180.0,180.08,204,180.15,50,
2026-04-10T10:59:44.354,NC,CASTROLIND,180.15,180.6,180.7,179.38,179.42,421933,180.0,180.1,460,180.15,43,
2026-04-10T10:59:54.756,NC,CASTROLIND,180.15,180.6,180.7,179.38,179.42,421960,180.0,180.1,526,180.15,86,
2026-04-10T10:59:59.957,NC,CASTROLIND,180.15,180.6,180.7,179.38,179.42,422078,180.0,180.1,526,180.15,20,
2026-04-10T11:00:05.672,NC,CASTROLIND,180.15,180.6,180.7,179.38,179.42,422179,180.0,180.1,471,180.15,39,
2026-04-10T11:00:16.372,NC,CASTROLIND,180.15,180.6,180.7,179.38,179.42,422186,180.0,180.1,471,180.15,32,
2026-04-10T11:00:21.496,NC,CASTROLIND,180.1,180.6,180.7,179.38,179.42,422206,180.0,180.1,451,180.15,12,
2026-04-10T11:00:26.775,NC,CASTROLIND,180.15,180.6,180.7,179.38,179.42,422207,180.0,180.1,731,180.15,11,
2026-04-10T11:00:31.992,NC,CASTROLIND,180.1,180.6,180.7,179.38,179.42,423877,180.0,180.1,516,180.16,168,
2026-04-10T11:00:37.200,NC,CASTROLIND,180.16,180.6,180.7,179.38,179.42,423885,180.0,180.1,475,180.16,110,
2026-04-10T11:00:53.410,NC,CASTROLIND,180.11,180.6,180.7,179.38,179.42,433426,180.0,180.01,31,180.11,173,
2026-04-10T11:01:10.829,NC,CASTROLIND,180.0,180.6,180.7,179.38,179.42,436823,180.0,179.97,1,180.05,109,
2026-04-10T11:01:16.337,NC,CASTROLIND,180.05,180.6,180.7,179.38,179.42,436830,180.0,179.97,1,180.05,143,
2026-04-10T11:01:21.538,NC,CASTROLIND,180.05,180.6,180.7,179.38,179.42,436831,180.0,179.97,1,180.05,52,
2026-04-10T11:01:31.744,NC,CASTROLIND,179.97,180.6,180.7,179.38,179.42,436843,180.0,179.89,143,179.97,198,
2026-04-10T11:01:36.748,NC,CASTROLIND,179.89,180.6,180.7,179.38,179.42,437049,180.0,179.89,1,179.97,218,
2026-04-10T11:01:47.167,NC,CASTROLIND,179.97,180.6,180.7,179.38,179.42,437074,180.0,179.89,1,179.97,193,
2026-04-10T11:01:57.070,NC,CASTROLIND,179.85,180.6,180.7,179.38,179.42,437079,180.0,179.83,156,179.96,270,
2026-04-10T11:02:02.475,NC,CASTROLIND,179.88,180.6,180.7,179.38,179.42,437263,180.0,179.83,1,179.88,532,
2026-04-10T11:02:07.712,NC,CASTROLIND,179.88,180.6,180.7,179.38,179.42,437283,180.0,179.83,1,179.88,512,
2026-04-10T11:02:12.996,NC,CASTROLIND,179.88,180.6,180.7,179.38,179.42,437406,180.0,179.83,1,179.88,389,
2026-04-10T11:02:18.315,NC,CASTROLIND,179.8,180.6,180.7,179.38,179.42,438772,180.0,179.83,241,179.97,173,
2026-04-10T11:02:23.703,NC,CASTROLIND,179.9,180.6,180.7,179.38,179.42,438773,180.0,179.9,1,179.97,264,
2026-04-10T11:02:34.129,NC,CASTROLIND,179.97,180.6,180.7,179.38,179.42,438783,180.0,179.9,1,179.97,204,
2026-04-10T11:02:44.738,NC,CASTROLIND,179.97,180.6,180.7,179.38,179.42,438786,180.0,179.9,1,179.97,277,
2026-04-10T11:02:55.051,NC,CASTROLIND,179.97,180.6,180.7,179.38,179.42,438841,180.0,179.9,5,179.97,222,
2026-04-10T11:03:00.166,NC,CASTROLIND,179.97,180.6,180.7,179.38,179.42,438842,180.0,179.9,5,179.97,211,
2026-04-10T11:03:05.662,NC,CASTROLIND,179.85,180.6,180.7,179.38,179.42,438853,180.0,179.84,70,179.96,206,
2026-04-10T11:03:11.172,NC,CASTROLIND,179.96,180.6,180.7,179.38,179.42,438854,180.0,179.82,56,179.96,364,
2026-04-10T11:03:27.403,NC,CASTROLIND,179.81,180.6,180.7,179.38,179.42,438864,180.0,179.81,53,179.93,526,
2026-04-10T11:03:33.090,NC,CASTROLIND,179.93,180.6,180.7,179.38,179.42,438894,180.0,179.81,109,179.93,337,
2026-04-10T11:03:54.533,NC,CASTROLIND,179.92,180.6,180.7,179.38,179.42,438910,180.0,179.81,53,179.92,282,
2026-04-10T11:03:59.676,NC,CASTROLIND,179.91,180.6,180.7,179.38,179.42,439016,180.0,179.81,1,179.9,100,
2026-04-10T11:04:04.847,NC,CASTROLIND,179.9,180.6,180.7,179.38,179.42,439017,180.0,179.81,1,179.9,120,
2026-04-10T11:04:10.361,NC,CASTROLIND,179.78,180.6,180.7,179.38,179.42,439056,180.0,179.77,205,179.9,17,
2026-04-10T11:04:20.656,NC,CASTROLIND,179.9,180.6,180.7,179.38,179.42,439057,180.0,179.8,200,179.89,105,
2026-04-10T11:04:30.770,NC,CASTROLIND,179.89,180.6,180.7,179.38,179.42,439058,180.0,179.8,200,179.89,263,
2026-04-10T11:04:46.894,NC,CASTROLIND,179.89,180.6,180.7,179.38,179.42,439059,180.0,179.8,200,179.89,268,
2026-04-10T11:04:51.995,NC,CASTROLIND,179.89,180.6,180.7,179.38,179.42,439343,180.0,179.8,200,179.89,5,
2026-04-10T11:05:14.014,NC,CASTROLIND,179.89,180.6,180.7,179.38,179.42,439453,180.0,179.8,200,179.89,21,
2026-04-10T11:05:25.058,NC,CASTROLIND,179.89,180.6,180.7,179.38,179.42,439458,180.0,179.8,200,179.89,16,
2026-04-10T11:05:35.749,NC,CASTROLIND,179.89,180.6,180.7,179.38,179.42,439459,180.0,179.8,200,179.89,15,
2026-04-10T11:05:41.253,NC,CASTROLIND,179.89,180.6,180.7,179.38,179.42,439529,180.0,179.8,200,179.89,21,
2026-04-10T11:05:46.663,NC,CASTROLIND,179.8,180.6,180.7,179.38,179.42,439561,180.0,179.8,168,179.89,21,
2026-04-10T11:06:15.393,NC,CASTROLIND,179.89,180.6,180.7,179.38,179.42,439562,180.0,179.8,174,179.89,21,
2026-04-10T11:06:21.100,NC,CASTROLIND,179.89,180.6,180.7,179.38,179.42,439568,180.0,179.8,174,179.89,15,
2026-04-10T11:06:26.913,NC,CASTROLIND,179.9,180.6,180.7,179.38,179.42,439678,180.0,179.8,175,179.92,532,
2026-04-10T11:06:32.418,NC,CASTROLIND,179.89,180.6,180.7,179.38,179.42,439679,180.0,179.8,174,179.93,229,
2026-04-10T11:06:37.740,NC,CASTROLIND,179.81,180.6,180.7,179.38,179.42,445235,180.0,179.67,60,179.81,99,
2026-04-10T11:06:43.133,NC,CASTROLIND,179.81,180.6,180.7,179.38,179.42,445285,180.0,179.7,20,179.81,184,
2026-04-10T11:06:58.658,NC,CASTROLIND,179.8,180.6,180.7,179.38,179.42,445290,180.0,179.7,50,179.8,441,
2026-04-10T11:07:04.063,NC,CASTROLIND,179.8,180.6,180.7,179.38,179.42,445295,180.0,179.7,50,179.8,91,
2026-04-10T11:07:09.573,NC,CASTROLIND,179.7,180.6,180.7,179.38,179.42,445305,180.0,179.7,40,179.79,294,
2026-04-10T11:07:15.385,NC,CASTROLIND,179.75,180.6,180.7,179.38,179.42,445355,180.0,179.7,40,179.79,164,
2026-04-10T11:07:20.688,NC,CASTROLIND,179.81,180.6,180.7,179.38,179.42,446355,180.0,179.7,40,179.82,105,
2026-04-10T11:07:35.907,NC,CASTROLIND,179.87,180.6,180.7,179.38,179.42,446919,180.0,179.71,42,179.85,100,
2026-04-10T11:07:46.720,NC,CASTROLIND,179.86,180.6,180.7,179.38,179.42,446920,180.0,179.71,43,179.86,262,
2026-04-10T11:07:57.642,NC,CASTROLIND,179.8,180.6,180.7,179.38,179.42,447028,180.0,179.71,1,179.84,399,
2026-04-10T11:08:08.849,NC,CASTROLIND,179.82,180.6,180.7,179.38,179.42,447081,180.0,179.68,151,179.82,60,
2026-04-10T11:08:26.191,NC,CASTROLIND,179.84,180.6,180.7,179.38,179.42,447091,180.0,179.75,100,179.88,102,
2026-04-10T11:08:31.290,NC,CASTROLIND,179.88,180.6,180.7,179.38,179.42,447092,180.0,179.75,100,179.88,101,
2026-04-10T11:08:46.809,NC,CASTROLIND,179.88,180.6,180.7,179.38,179.42,447094,180.0,179.75,100,179.88,326,
2026-04-10T11:08:57.315,NC,CASTROLIND,179.89,180.6,180.7,179.38,179.42,447304,180.0,179.75,169,179.9,54,
2026-04-10T11:09:02.529,NC,CASTROLIND,179.89,180.6,180.7,179.38,179.42,447330,180.0,179.75,169,179.89,127,
2026-04-10T11:09:12.849,NC,CASTROLIND,179.85,180.6,180.7,179.38,179.42,447335,180.0,179.85,10,179.89,20,
2026-04-10T11:09:22.748,NC,CASTROLIND,179.89,180.6,180.7,179.38,179.42,447345,180.0,179.85,10,179.89,10,
2026-04-10T11:09:32.166,NC,CASTROLIND,179.85,180.6,180.7,179.38,179.42,447365,180.0,179.75,107,179.88,234,
2026-04-10T11:09:36.961,NC,CASTROLIND,179.85,180.6,180.7,179.38,179.42,447383,180.0,179.75,107,179.87,78,
2026-04-10T11:09:51.976,NC,CASTROLIND,179.85,180.6,180.7,179.38,179.42,447495,180.0,179.8,400,179.85,907,
2026-04-10T11:09:57.091,NC,CASTROLIND,179.8,180.6,180.7,179.38,179.42,447895,180.0,179.75,107,179.8,507,
2026-04-10T11:10:02.085,NC,CASTROLIND,179.75,180.6,180.7,179.38,179.42,448102,180.0,179.65,116,179.75,805,
2026-04-10T11:10:12.802,NC,CASTROLIND,179.75,180.6,180.7,179.38,179.42,448108,180.0,179.66,56,179.75,558,
2026-04-10T11:10:22.910,NC,CASTROLIND,179.75,180.6,180.7,179.38,179.42,448288,180.0,179.65,116,179.75,20,
2026-04-10T11:10:27.632,NC,CASTROLIND,179.75,180.6,180.7,179.38,179.42,448289,180.0,179.66,56,179.75,19,
2026-04-10T11:10:37.338,NC,CASTROLIND,179.75,180.6,180.7,179.38,179.42,448302,180.0,179.66,56,179.75,6,
2026-04-10T11:10:42.543,NC,CASTROLIND,179.66,180.6,180.7,179.38,179.42,448676,180.0,179.66,136,179.78,35,
2026-04-10T11:10:58.053,NC,CASTROLIND,179.8,180.6,180.7,179.38,179.42,448708,180.0,179.75,100,179.8,243,
2026-04-10T11:11:03.152,NC,CASTROLIND,179.8,180.6,180.7,179.38,179.42,448710,180.0,179.75,101,179.8,241,
2026-04-10T11:11:08.570,NC,CASTROLIND,179.8,180.6,180.7,179.38,179.42,448714,180.0,179.75,101,179.8,237,
2026-04-10T11:11:19.182,NC,CASTROLIND,179.8,180.6,180.7,179.38,179.42,448774,180.0,179.75,101,179.8,177,
2026-04-10T11:11:29.186,NC,CASTROLIND,179.66,180.6,180.7,179.38,179.42,448975,180.0,179.65,230,179.75,154,
2026-04-10T11:11:53.822,NC,CASTROLIND,179.75,180.6,180.7,179.38,179.42,449001,180.0,179.66,68,179.75,296,
2026-04-10T11:12:03.532,NC,CASTROLIND,179.75,180.6,180.7,179.38,179.42,449116,180.0,179.66,53,179.75,204,
2026-04-10T11:12:08.342,NC,CASTROLIND,179.75,180.6,180.7,179.38,179.42,449121,180.0,179.66,53,179.75,45,
2026-04-10T11:12:17.873,NC,CASTROLIND,179.8,180.6,180.7,179.38,179.42,449421,180.0,179.66,53,179.79,99,
2026-04-10T11:12:46.492,NC,CASTROLIND,179.82,180.6,180.7,179.38,179.42,451672,180.0,179.67,11,179.82,220,
2026-04-10T11:12:55.743,NC,CASTROLIND,179.65,180.6,180.7,179.38,179.42,451722,180.0,179.65,24,179.77,282,
2026-04-10T11:13:05.849,NC,CASTROLIND,179.75,180.6,180.7,179.38,179.42,452724,180.0,179.64,71,179.76,74,
2026-04-10T11:13:10.963,NC,CASTROLIND,179.76,180.6,180.7,179.38,179.42,452735,180.0,179.64,71,179.76,63,
2026-04-10T11:13:20.566,NC,CASTROLIND,179.75,180.6,180.7,179.38,179.42,452737,180.0,179.64,141,179.74,14,
2026-04-10T11:13:25.582,NC,CASTROLIND,179.74,180.6,180.7,179.38,179.42,452786,180.0,179.64,141,179.74,25,
2026-04-10T11:13:41.216,NC,CASTROLIND,179.72,180.6,180.7,179.38,179.42,452801,180.0,179.59,73,179.72,115,
2026-04-10T11:13:46.616,NC,CASTROLIND,179.72,180.6,180.7,179.38,179.42,452809,180.0,179.59,73,179.72,193,
2026-04-10T11:13:52.027,NC,CASTROLIND,179.61,180.6,180.7,179.38,179.42,453019,180.0,179.61,30,179.72,15,
2026-04-10T11:14:02.742,NC,CASTROLIND,179.71,180.6,180.7,179.38,179.42,454020,179.99,179.56,654,179.71,60,
2026-04-10T11:14:13.058,NC,CASTROLIND,179.56,180.6,180.7,179.38,179.42,456583,179.99,179.57,103,179.73,63,
2026-04-10T11:14:18.366,NC,CASTROLIND,179.73,180.6,180.7,179.38,179.42,456593,179.99,179.61,50,179.69,21,
2026-04-10T11:14:28.704,NC,CASTROLIND,179.69,180.6,180.7,179.38,179.42,456798,179.99,179.61,50,179.69,33,
2026-04-10T11:14:39.595,NC,CASTROLIND,179.69,180.6,180.7,179.38,179.42,456939,179.99,179.61,50,179.69,19,
2026-04-10T11:14:44.802,NC,CASTROLIND,179.69,180.6,180.7,179.38,179.42,456941,179.99,179.61,50,179.69,17,
2026-04-10T11:15:10.940,NC,CASTROLIND,179.69,180.6,180.7,179.38,179.42,456942,179.99,179.61,50,179.69,36,
2026-04-10T11:15:16.445,NC,CASTROLIND,179.69,180.6,180.7,179.38,179.42,456973,179.99,179.65,1,179.69,186,
2026-04-10T11:15:27.661,NC,CASTROLIND,179.69,180.6,180.7,179.38,179.42,457019,179.99,179.65,1,179.69,160,
2026-04-10T11:15:32.961,NC,CASTROLIND,179.61,180.6,180.7,179.38,179.42,457047,179.99,179.65,1,179.69,170,
2026-04-10T11:15:38.259,NC,CASTROLIND,179.62,180.6,180.7,179.38,179.42,457070,179.99,179.62,27,179.69,170,
2026-04-10T11:15:43.366,NC,CASTROLIND,179.69,180.6,180.7,179.38,179.42,457080,179.99,179.62,27,179.69,160,
2026-04-10T11:15:48.873,NC,CASTROLIND,179.69,180.6,180.7,179.38,179.42,457081,179.99,179.62,27,179.69,159,
2026-04-10T11:15:54.371,NC,CASTROLIND,179.69,180.6,180.7,179.38,179.42,457091,179.99,179.62,27,179.69,149,
2026-04-10T11:16:05.579,NC,CASTROLIND,179.69,180.6,180.7,179.38,179.42,457101,179.99,179.62,27,179.69,147,
2026-04-10T11:16:11.186,NC,CASTROLIND,179.69,180.6,180.7,179.38,179.42,457196,179.99,179.62,27,179.69,44,
2026-04-10T11:16:16.193,NC,CASTROLIND,179.69,180.6,180.7,179.38,179.42,457201,179.99,179.62,27,179.69,39,
2026-04-10T11:16:26.604,NC,CASTROLIND,179.69,180.6,180.7,179.38,179.42,457220,179.99,179.65,1,179.69,20,
2026-04-10T11:16:32.204,NC,CASTROLIND,179.69,180.6,180.7,179.38,179.42,457233,179.99,179.62,27,179.69,19,
2026-04-10T11:16:43.746,NC,CASTROLIND,179.69,180.6,180.7,179.38,179.42,457234,179.99,179.68,1,179.69,18,
2026-04-10T11:16:54.943,NC,CASTROLIND,179.69,180.6,180.7,179.38,179.42,457244,179.99,179.62,27,179.69,38,
2026-04-10T11:17:00.405,NC,CASTROLIND,179.51,180.6,180.7,179.38,179.42,462765,179.99,179.53,55,179.68,220,
2026-04-10T11:17:05.604,NC,CASTROLIND,179.68,180.6,180.7,179.38,179.42,463552,179.99,179.6,47,179.68,10,
2026-04-10T11:17:11.008,NC,CASTROLIND,179.68,180.6,180.7,179.38,179.42,464868,179.99,179.65,173,179.79,92,
2026-04-10T11:17:16.311,NC,CASTROLIND,179.79,180.6,180.7,179.38,179.42,464870,179.99,179.66,60,179.79,113,
2026-04-10T11:17:21.317,NC,CASTROLIND,179.88,180.6,180.7,179.38,179.42,464942,179.99,179.79,450,179.88,104,
2026-04-10T11:17:30.944,NC,CASTROLIND,179.89,180.6,180.7,179.38,179.42,465011,179.99,179.79,395,179.89,145,
2026-04-10T11:17:40.651,NC,CASTROLIND,179.88,180.6,180.7,179.38,179.42,465047,179.99,179.79,374,179.88,85,
2026-04-10T11:17:45.668,NC,CASTROLIND,179.88,180.6,180.7,179.38,179.42,465049,179.99,179.79,374,179.88,83,
2026-04-10T11:17:51.462,NC,CASTROLIND,179.88,180.6,180.7,179.38,179.42,465062,179.99,179.85,250,179.89,34,
2026-04-10T11:18:02.267,NC,CASTROLIND,179.89,180.6,180.7,179.38,179.42,465076,179.99,179.85,250,179.89,20,
2026-04-10T11:18:07.770,NC,CASTROLIND,179.76,180.6,180.7,179.38,179.42,475125,179.98,179.68,137,179.8,126,
2026-04-10T11:18:12.979,NC,CASTROLIND,179.8,180.6,180.7,179.38,179.42,475138,179.98,179.76,1,179.8,11,
2026-04-10T11:18:23.190,NC,CASTROLIND,179.79,180.6,180.7,179.38,179.42,475151,179.98,179.76,1,179.79,18,
2026-04-10T11:18:27.991,NC,CASTROLIND,179.99,180.6,180.7,179.38,179.42,485162,179.98,179.7,101,179.78,20,
2026-04-10T11:18:32.903,NC,CASTROLIND,179.59,180.6,180.7,179.38,179.42,485436,179.98,179.52,189,179.66,97,
2026-04-10T11:18:37.820,NC,CASTROLIND,179.5,180.6,180.7,179.38,179.42,488388,179.97,179.46,2,179.61,292,
2026-04-10T11:18:42.613,NC,CASTROLIND,179.59,180.6,180.7,179.38,179.42,488407,179.97,179.46,2,179.59,139,
2026-04-10T11:18:47.618,NC,CASTROLIND,179.5,180.6,180.7,179.38,179.42,488808,179.97,179.5,604,179.58,64,
2026-04-10T11:18:52.827,NC,CASTROLIND,179.58,180.6,180.7,179.38,179.42,488821,179.97,179.5,604,179.58,51,
2026-04-10T11:19:03.646,NC,CASTROLIND,179.5,180.6,180.7,179.38,179.42,488885,179.97,179.5,554,179.58,45,
2026-04-10T11:19:14.182,NC,CASTROLIND,179.4,180.6,180.7,179.38,179.42,490783,179.97,179.41,140,179.55,58,
2026-04-10T11:19:19.576,NC,CASTROLIND,179.55,180.6,180.7,179.38,179.42,491081,179.97,179.5,804,179.55,40,
2026-04-10T11:19:24.885,NC,CASTROLIND,179.55,180.6,180.7,179.38,179.42,491094,179.97,179.54,5,179.55,27,
2026-04-10T11:19:34.401,NC,CASTROLIND,179.55,180.6,180.7,179.38,179.42,491178,179.97,179.54,5,179.55,33,
2026-04-10T11:19:45.008,NC,CASTROLIND,179.55,180.6,180.7,179.38,179.42,491271,179.97,179.5,769,179.55,27,
2026-04-10T11:19:50.415,NC,CASTROLIND,179.55,180.6,180.7,179.38,179.42,491312,179.97,179.5,768,179.55,27,
2026-04-10T11:20:00.929,NC,CASTROLIND,179.55,180.6,180.7,179.38,179.42,491326,179.97,179.5,868,179.55,13,
2026-04-10T11:20:06.136,NC,CASTROLIND,179.55,180.6,180.7,179.38,179.42,491363,179.97,179.5,868,179.55,28,
2026-04-10T11:20:11.758,NC,CASTROLIND,179.55,180.6,180.7,179.38,179.42,491676,179.97,179.5,668,179.55,11,
2026-04-10T11:20:16.848,NC,CASTROLIND,179.55,180.6,180.7,179.38,179.42,491736,179.97,179.5,668,179.55,20,
2026-04-10T11:20:21.856,NC,CASTROLIND,179.55,180.6,180.7,179.38,179.42,491749,179.97,179.5,668,179.55,7,
2026-04-10T11:20:27.159,NC,CASTROLIND,179.5,180.6,180.7,179.38,179.42,492111,179.97,179.5,310,179.55,7,
2026-04-10T11:20:32.164,NC,CASTROLIND,179.55,180.6,180.7,179.38,179.42,492125,179.97,179.5,316,179.55,20,
2026-04-10T11:20:37.567,NC,CASTROLIND,179.55,180.6,180.7,179.38,179.42,492128,179.97,179.5,316,179.55,17,
2026-04-10T11:20:42.490,NC,CASTROLIND,179.55,180.6,180.7,179.38,179.42,492144,179.97,179.5,391,179.55,1,
2026-04-10T11:20:47.385,NC,CASTROLIND,179.55,180.6,180.7,179.38,179.42,492222,179.97,179.5,336,179.55,17,
2026-04-10T11:20:52.197,NC,CASTROLIND,179.55,180.6,180.7,179.38,179.42,492235,179.97,179.5,436,179.55,4,
2026-04-10T11:21:02.306,NC,CASTROLIND,179.55,180.6,180.7,179.38,179.42,492277,179.97,179.5,413,179.55,15,
2026-04-10T11:21:08.415,NC,CASTROLIND,179.5,180.6,180.7,179.38,179.42,492421,179.97,179.5,270,179.55,114,
2026-04-10T11:21:14.622,NC,CASTROLIND,179.5,180.6,180.7,179.38,179.42,492534,179.97,179.5,170,179.55,1,
2026-04-10T11:21:25.634,NC,CASTROLIND,179.55,180.6,180.7,179.38,179.42,492576,179.97,179.5,670,179.55,158,
2026-04-10T11:21:30.851,NC,CASTROLIND,179.55,180.6,180.7,179.38,179.42,492590,179.97,179.5,670,179.55,144,
2026-04-10T11:21:36.244,NC,CASTROLIND,179.55,180.6,180.7,179.38,179.42,492591,179.97,179.5,670,179.55,143,
2026-04-10T11:21:41.552,NC,CASTROLIND,179.55,180.6,180.7,179.38,179.42,492604,179.97,179.5,670,179.55,150,
2026-04-10T11:21:51.671,NC,CASTROLIND,179.55,180.6,180.7,179.38,179.42,492618,179.97,179.5,670,179.55,53,
2026-04-10T11:22:01.784,NC,CASTROLIND,179.55,180.6,180.7,179.38,179.42,492778,179.97,179.5,670,179.55,10,
2026-04-10T11:22:12.307,NC,CASTROLIND,179.55,180.6,180.7,179.38,179.42,492849,179.97,179.55,43,179.6,57,
2026-04-10T11:22:22.720,NC,CASTROLIND,179.64,180.6,180.7,179.38,179.42,492863,179.97,179.55,43,179.64,72,
2026-04-10T11:22:27.820,NC,CASTROLIND,179.64,180.6,180.7,179.38,179.42,492873,179.97,179.55,43,179.64,162,
2026-04-10T11:22:32.818,NC,CASTROLIND,179.64,180.6,180.7,179.38,179.42,492902,179.97,179.55,43,179.64,133,
2026-04-10T11:22:43.230,NC,CASTROLIND,179.68,180.6,180.7,179.38,179.42,492925,179.97,179.55,94,179.68,67,
2026-04-10T11:22:52.938,NC,CASTROLIND,179.67,180.6,180.7,179.38,179.42,492938,179.97,179.55,93,179.67,313,
2026-04-10T11:22:57.644,NC,CASTROLIND,179.67,180.6,180.7,179.38,179.42,492939,179.97,179.55,93,179.67,188,
2026-04-10T11:23:02.451,NC,CASTROLIND,179.72,180.6,180.7,179.38,179.42,493153,179.97,179.58,26,179.72,78,
2026-04-10T11:23:13.480,NC,CASTROLIND,179.74,180.6,180.7,179.38,179.42,493167,179.97,179.67,50,179.74,88,
2026-04-10T11:23:23.885,NC,CASTROLIND,179.74,180.6,180.7,179.38,179.42,493187,179.97,179.67,50,179.74,68,
2026-04-10T11:23:28.894,NC,CASTROLIND,179.74,180.6,180.7,179.38,179.42,493189,179.97,179.67,50,179.74,66,
2026-04-10T11:23:33.829,NC,CASTROLIND,179.74,180.6,180.7,179.38,179.42,493203,179.97,179.67,50,179.74,52,
2026-04-10T11:23:44.120,NC,CASTROLIND,179.74,180.6,180.7,179.38,179.42,493216,179.97,179.67,50,179.77,201,
2026-04-10T11:23:49.521,NC,CASTROLIND,179.71,180.6,180.7,179.38,179.42,493721,179.97,179.57,70,179.7,108,
2026-04-10T11:23:54.636,NC,CASTROLIND,179.69,180.6,180.7,179.38,179.42,493734,179.97,179.57,72,179.7,128,
2026-04-10T11:24:04.855,NC,CASTROLIND,179.7,180.6,180.7,179.38,179.42,493748,179.97,179.57,72,179.7,114,
2026-04-10T11:24:15.257,NC,CASTROLIND,179.69,180.6,180.7,179.38,179.42,493762,179.97,179.6,2,179.69,17,
2026-04-10T11:24:25.474,NC,CASTROLIND,179.69,180.6,180.7,179.38,179.42,493844,179.97,179.61,20,179.69,49,
2026-04-10T11:24:34.971,NC,CASTROLIND,179.69,180.6,180.7,179.38,179.42,493861,179.97,179.61,20,179.69,40,
2026-04-10T11:24:40.183,NC,CASTROLIND,179.69,180.6,180.7,179.38,179.42,493911,179.97,179.61,22,179.69,10,
2026-04-10T11:24:45.293,NC,CASTROLIND,179.69,180.6,180.7,179.38,179.42,493925,179.97,179.61,22,179.69,19,
2026-04-10T11:24:50.587,NC,CASTROLIND,179.69,180.6,180.7,179.38,179.42,493938,179.97,179.61,22,179.69,6,
2026-04-10T11:24:56.005,NC,CASTROLIND,179.62,180.6,180.7,179.38,179.42,494194,179.97,179.61,22,179.62,300,
2026-04-10T11:25:01.411,NC,CASTROLIND,179.62,180.6,180.7,179.38,179.42,494239,179.97,179.61,21,179.62,256,
2026-04-10T11:25:11.923,NC,CASTROLIND,179.59,180.6,180.7,179.38,179.42,497126,179.97,179.5,925,179.54,10,
2026-04-10T11:25:17.025,NC,CASTROLIND,179.54,180.6,180.7,179.38,179.42,497149,179.97,179.5,955,179.54,7,
2026-04-10T11:25:22.028,NC,CASTROLIND,179.54,180.6,180.7,179.38,179.42,497170,179.97,179.5,952,179.54,20,
2026-04-10T11:25:31.958,NC,CASTROLIND,179.54,180.6,180.7,179.38,179.42,497184,179.97,179.5,952,179.54,6,
2026-04-10T11:25:42.070,NC,CASTROLIND,179.54,180.6,180.7,179.38,179.42,497199,179.97,179.5,952,179.54,20,
2026-04-10T11:25:51.385,NC,CASTROLIND,179.54,180.6,180.7,179.38,179.42,497212,179.97,179.5,952,179.54,7,
2026-04-10T11:26:01.296,NC,CASTROLIND,179.54,180.6,180.7,179.38,179.42,497226,179.97,179.5,952,179.54,205,
2026-04-10T11:26:06.216,NC,CASTROLIND,179.54,180.6,180.7,179.38,179.42,497256,179.97,179.5,952,179.54,175,
2026-04-10T11:26:11.110,NC,CASTROLIND,179.54,180.6,180.7,179.38,179.42,497269,179.97,179.5,952,179.54,162,
2026-04-10T11:26:16.130,NC,CASTROLIND,179.54,180.6,180.7,179.38,179.42,497379,179.97,179.5,952,179.54,180,
2026-04-10T11:26:21.235,NC,CASTROLIND,179.54,180.6,180.7,179.38,179.42,497392,179.97,179.5,952,179.54,167,
2026-04-10T11:26:30.769,NC,CASTROLIND,179.54,180.6,180.7,179.38,179.42,497406,179.97,179.5,952,179.54,153,
2026-04-10T11:26:35.454,NC,CASTROLIND,179.5,180.6,180.7,179.38,179.42,497706,179.97,179.5,663,179.54,153,
2026-04-10T11:26:45.280,NC,CASTROLIND,179.54,180.6,180.7,179.38,179.42,497719,179.97,179.5,663,179.54,204,
2026-04-10T11:26:54.779,NC,CASTROLIND,179.54,180.6,180.7,179.38,179.42,497732,179.97,179.5,773,179.54,211,
2026-04-10T11:27:04.593,NC,CASTROLIND,179.54,180.6,180.7,179.38,179.42,497746,179.97,179.5,823,179.54,197,
2026-04-10T11:27:14.904,NC,CASTROLIND,179.54,180.6,180.7,179.38,179.42,497781,179.97,179.5,798,179.54,162,
2026-04-10T11:27:20.408,NC,CASTROLIND,179.54,180.6,180.7,179.38,179.42,497794,179.97,179.5,798,179.54,149,
2026-04-10T11:27:25.415,NC,CASTROLIND,179.54,180.6,180.7,179.38,179.42,497819,179.97,179.5,773,179.54,188,
2026-04-10T11:27:30.134,NC,CASTROLIND,179.54,180.6,180.7,179.38,179.42,497826,179.97,179.5,774,179.54,181,
2026-04-10T11:27:35.137,NC,CASTROLIND,179.54,180.6,180.7,179.38,179.42,497840,179.97,179.5,775,179.54,167,
2026-04-10T11:27:44.740,NC,CASTROLIND,179.54,180.6,180.7,179.38,179.42,497858,179.97,179.5,775,179.54,149,
2026-04-10T11:27:49.464,NC,CASTROLIND,179.54,180.6,180.7,179.38,179.42,497863,179.97,179.5,775,179.54,208,
2026-04-10T11:27:54.268,NC,CASTROLIND,179.54,180.6,180.7,179.38,179.42,497881,179.97,179.5,770,179.54,190,
2026-04-10T11:27:59.560,NC,CASTROLIND,179.54,180.6,180.7,179.38,179.42,497884,179.97,179.5,770,179.54,187,
2026-04-10T11:28:05.167,NC,CASTROLIND,179.54,180.6,180.7,179.38,179.42,497898,179.97,179.5,770,179.54,333,
2026-04-10T11:28:10.273,NC,CASTROLIND,179.54,180.6,180.7,179.38,179.42,497923,179.97,179.5,770,179.54,212,
2026-04-10T11:28:15.202,NC,CASTROLIND,179.54,180.6,180.7,179.38,179.42,497961,179.97,179.5,772,179.54,356,
2026-04-10T11:28:19.900,NC,CASTROLIND,179.54,180.6,180.7,179.38,179.42,497963,179.97,179.5,772,179.54,354,
2026-04-10T11:28:24.928,NC,CASTROLIND,179.54,180.6,180.7,179.38,179.42,498006,179.96,179.5,773,179.54,311,
2026-04-10T11:28:35.215,NC,CASTROLIND,179.54,180.6,180.7,179.38,179.42,498020,179.96,179.5,777,179.54,199,
2026-04-10T11:28:40.203,NC,CASTROLIND,179.54,180.6,180.7,179.38,179.42,498021,179.96,179.5,777,179.54,366,
2026-04-10T11:28:45.232,NC,CASTROLIND,179.54,180.6,180.7,179.38,179.42,498034,179.96,179.5,777,179.54,200,
2026-04-10T11:28:50.136,NC,CASTROLIND,179.5,180.6,180.7,179.38,179.42,498534,179.96,179.5,277,179.54,446,
2026-04-10T11:28:55.230,NC,CASTROLIND,179.54,180.6,180.7,179.38,179.42,498557,179.96,179.5,278,179.54,197,
2026-04-10T11:29:05.257,NC,CASTROLIND,179.54,180.6,180.7,179.38,179.42,498571,179.96,179.5,279,179.54,413,
2026-04-10T11:29:10.561,NC,CASTROLIND,179.54,180.6,180.7,179.38,179.42,498584,179.96,179.5,279,179.54,400,
2026-04-10T11:29:15.748,NC,CASTROLIND,179.54,180.6,180.7,179.38,179.42,498614,179.96,179.5,279,179.54,190,
2026-04-10T11:29:20.971,NC,CASTROLIND,179.54,180.6,180.7,179.38,179.42,498631,179.96,179.5,276,179.54,338,
2026-04-10T11:29:31.392,NC,CASTROLIND,179.5,180.6,180.7,179.38,179.42,498964,179.96,179.44,30,179.53,338,
2026-04-10T11:29:36.411,NC,CASTROLIND,179.53,180.6,180.7,179.38,179.42,498967,179.96,179.44,30,179.53,366,
2026-04-10T11:29:41.397,NC,CASTROLIND,179.52,180.6,180.7,179.38,179.42,499130,179.96,179.44,30,179.53,290,
2026-04-10T11:29:50.924,NC,CASTROLIND,179.53,180.6,180.7,179.38,179.42,499173,179.96,179.44,30,179.53,163,
2026-04-10T11:30:01.514,NC,CASTROLIND,179.52,180.6,180.7,179.38,179.42,499187,179.96,179.42,1,179.52,130,
2026-04-10T11:30:13.121,NC,CASTROLIND,179.52,180.6,180.7,179.38,179.42,499200,179.96,179.42,1,179.52,102,
2026-04-10T11:30:18.753,NC,CASTROLIND,179.52,180.6,180.7,179.38,179.42,499420,179.96,179.42,56,179.52,40,
2026-04-10T11:30:24.052,NC,CASTROLIND,179.52,180.6,180.7,179.38,179.42,499435,179.96,179.42,56,179.52,25,
2026-04-10T11:30:29.346,NC,CASTROLIND,179.52,180.6,180.7,179.38,179.42,499438,179.96,179.42,3,179.51,122,
2026-04-10T11:30:34.255,NC,CASTROLIND,179.51,180.6,180.7,179.38,179.42,499552,179.96,179.42,3,179.51,359,
2026-04-10T11:30:44.574,NC,CASTROLIND,179.51,180.6,180.7,179.38,179.42,499565,179.96,179.42,4,179.51,160,
2026-04-10T11:30:49.788,NC,CASTROLIND,179.51,180.6,180.7,179.38,179.42,499603,179.96,179.42,4,179.51,16,
2026-04-10T11:30:54.881,NC,CASTROLIND,179.51,180.6,180.7,179.38,179.42,499616,179.96,179.42,4,179.51,21,
2026-04-10T11:31:05.126,NC,CASTROLIND,179.51,180.6,180.7,179.38,179.42,499630,179.96,179.42,4,179.51,107,
2026-04-10T11:31:10.804,NC,CASTROLIND,179.51,180.6,180.7,179.38,179.42,499643,179.96,179.42,4,179.51,23,
2026-04-10T11:31:16.333,NC,CASTROLIND,179.52,180.6,180.7,179.38,179.42,499656,179.96,179.42,4,179.51,40,
2026-04-10T11:31:21.417,NC,CASTROLIND,179.51,180.6,180.7,179.38,179.42,499670,179.96,179.42,5,179.51,26,
2026-04-10T11:31:26.734,NC,CASTROLIND,179.51,180.6,180.7,179.38,179.42,499675,179.96,179.42,5,179.54,177,
2026-04-10T11:31:32.250,NC,CASTROLIND,179.54,180.6,180.7,179.38,179.42,499689,179.96,179.5,5,179.53,93,
2026-04-10T11:31:37.358,NC,CASTROLIND,179.54,180.6,180.7,179.38,179.42,499769,179.96,179.5,7,179.54,219,
2026-04-10T11:31:42.661,NC,CASTROLIND,179.54,180.6,180.7,179.38,179.42,499782,179.96,179.5,7,179.54,206,
2026-04-10T11:31:47.866,NC,CASTROLIND,179.54,180.6,180.7,179.38,179.42,499806,179.96,179.5,7,179.54,182,
2026-04-10T11:31:52.975,NC,CASTROLIND,179.52,180.6,180.7,179.38,179.42,499832,179.96,179.42,113,179.52,89,
2026-04-10T11:31:57.897,NC,CASTROLIND,179.5,180.6,180.7,179.38,179.42,499840,179.96,179.42,3,179.5,456,
2026-04-10T11:32:03.092,NC,CASTROLIND,179.5,180.6,180.7,179.38,179.42,499854,179.96,179.42,3,179.5,442,
2026-04-10T11:32:08.313,NC,CASTROLIND,179.54,180.6,180.7,179.38,179.42,501856,179.96,179.42,3,179.54,98,
2026-04-10T11:32:13.936,NC,CASTROLIND,179.54,180.6,180.7,179.38,179.42,501874,179.96,179.42,7,179.54,100,
2026-04-10T11:32:24.113,NC,CASTROLIND,179.54,180.6,180.7,179.38,179.42,501893,179.96,179.5,87,179.54,47,
2026-04-10T11:32:34.241,NC,CASTROLIND,179.54,180.6,180.7,179.38,179.42,501923,179.96,179.5,87,179.54,17,
2026-04-10T11:32:44.748,NC,CASTROLIND,179.54,180.6,180.7,179.38,179.42,502264,179.96,179.5,10,179.54,1,
2026-04-10T11:32:54.466,NC,CASTROLIND,179.54,180.6,180.7,179.38,179.42,502319,179.96,179.5,16,179.54,20,
2026-04-10T11:32:59.069,NC,CASTROLIND,179.54,180.6,180.7,179.38,179.42,502321,179.96,179.5,16,179.54,1021,
2026-04-10T11:33:04.005,NC,CASTROLIND,179.54,180.6,180.7,179.38,179.42,502335,179.96,179.5,16,179.54,1033,
2026-04-10T11:33:08.974,NC,CASTROLIND,179.54,180.6,180.7,179.38,179.42,502345,179.96,179.5,16,179.54,1017,
2026-04-10T11:33:13.788,NC,CASTROLIND,179.54,180.6,180.7,179.38,179.42,502358,179.96,179.5,16,179.54,1001,
2026-04-10T11:33:18.698,NC,CASTROLIND,179.54,180.6,180.7,179.38,179.42,502362,179.96,179.5,16,179.54,997,
2026-04-10T11:33:23.627,NC,CASTROLIND,179.54,180.6,180.7,179.38,179.42,502375,179.96,179.5,16,179.54,1006,
2026-04-10T11:33:28.625,NC,CASTROLIND,179.54,180.6,180.7,179.38,179.42,502376,179.96,179.5,16,179.54,1005,
2026-04-10T11:33:33.426,NC,CASTROLIND,179.54,180.6,180.7,179.38,179.42,502420,179.96,179.5,17,179.54,939,
2026-04-10T11:33:38.025,NC,CASTROLIND,179.54,180.6,180.7,179.38,179.42,502470,179.96,179.5,17,179.54,889,
2026-04-10T11:33:42.535,NC,CASTROLIND,179.5,180.6,180.7,179.38,179.42,503410,179.96,179.43,206,179.5,87,
2026-04-10T11:33:52.453,NC,CASTROLIND,179.5,180.6,180.7,179.38,179.42,503438,179.96,179.42,3,179.5,79,
2026-04-10T11:33:57.560,NC,CASTROLIND,179.5,180.6,180.7,179.38,179.42,503439,179.96,179.42,3,179.5,78,
2026-04-10T11:34:02.562,NC,CASTROLIND,179.5,180.6,180.7,179.38,179.42,503754,179.96,179.42,3,179.5,20,
2026-04-10T11:34:07.668,NC,CASTROLIND,179.5,180.6,180.7,179.38,179.42,503784,179.96,179.42,3,179.5,20,
2026-04-10T11:34:12.472,NC,CASTROLIND,179.5,180.6,180.7,179.38,179.42,503802,179.96,179.42,3,179.5,2,
2026-04-10T11:34:17.162,NC,CASTROLIND,179.5,180.6,180.7,179.38,179.42,503812,179.96,179.42,3,179.51,616,
2026-04-10T11:34:21.878,NC,CASTROLIND,179.51,180.6,180.7,179.38,179.42,503845,179.96,179.42,3,179.52,182,
2026-04-10T11:34:26.992,NC,CASTROLIND,179.51,180.6,180.7,179.38,179.42,503849,179.96,179.42,3,179.51,25,
2026-04-10T11:34:31.676,NC,CASTROLIND,179.51,180.6,180.7,179.38,179.42,503863,179.96,179.42,3,179.51,11,
2026-04-10T11:34:36.290,NC,CASTROLIND,179.51,180.6,180.7,179.38,179.42,503890,179.96,179.42,3,179.53,23,
2026-04-10T11:34:41.088,NC,CASTROLIND,179.53,180.6,180.7,179.38,179.42,503903,179.96,179.42,3,179.53,159,
2026-04-10T11:34:45.721,NC,CASTROLIND,179.53,180.6,180.7,179.38,179.42,504159,179.96,179.42,3,179.53,118,
2026-04-10T11:34:50.411,NC,CASTROLIND,179.54,180.6,180.7,179.38,179.42,504275,179.96,179.5,5,179.54,846,
2026-04-10T11:34:55.232,NC,CASTROLIND,179.43,180.6,180.7,179.38,179.42,504475,179.96,179.42,3,179.54,905,
2026-04-10T11:34:59.620,NC,CASTROLIND,179.54,180.6,180.7,179.38,179.42,505414,179.96,179.54,7,179.56,2,
2026-04-10T11:35:04.224,NC,CASTROLIND,179.6,180.6,180.7,179.38,179.42,505428,179.96,179.54,7,179.6,49,
2026-04-10T11:35:13.333,NC,CASTROLIND,179.6,180.6,180.7,179.38,179.42,505441,179.96,179.54,7,179.6,36,
2026-04-10T11:35:23.554,NC,CASTROLIND,179.6,180.6,180.7,179.38,179.42,505454,179.96,179.54,7,179.6,23,
2026-04-10T11:35:32.962,NC,CASTROLIND,179.62,180.6,180.7,179.38,179.42,505568,179.96,179.54,7,179.62,165,
2026-04-10T11:35:42.388,NC,CASTROLIND,179.66,180.6,180.7,179.38,179.42,506106,179.96,179.54,7,179.66,294,
2026-04-10T11:35:47.188,NC,CASTROLIND,179.66,180.6,180.7,179.38,179.42,506116,179.96,179.54,7,179.66,284,
2026-04-10T11:35:52.404,NC,CASTROLIND,179.66,180.6,180.7,179.38,179.42,506149,179.96,179.54,7,179.66,152,
2026-04-10T11:35:57.097,NC,CASTROLIND,179.54,180.6,180.7,179.38,179.42,506150,179.96,179.54,118,179.66,110,
2026-04-10T11:36:01.726,NC,CASTROLIND,179.66,180.6,180.7,179.38,179.42,506164,179.96,179.54,6,179.65,104,
2026-04-10T11:36:11.631,NC,CASTROLIND,179.65,180.6,180.7,179.38,179.42,506197,179.96,179.54,212,179.65,91,
2026-04-10T11:36:21.556,NC,CASTROLIND,179.65,180.6,180.7,179.38,179.42,506215,179.96,179.54,6,179.65,20,
2026-04-10T11:36:26.051,NC,CASTROLIND,179.6,180.6,180.7,179.38,179.42,506223,179.96,179.6,499,179.65,13,
2026-04-10T11:36:30.658,NC,CASTROLIND,179.65,180.6,180.7,179.38,179.42,506387,179.96,179.6,499,179.65,6,
2026-04-10T11:36:36.073,NC,CASTROLIND,179.65,180.6,180.7,179.38,179.42,506887,179.96,179.6,499,179.69,92,
2026-04-10T11:36:41.164,NC,CASTROLIND,179.69,180.6,180.7,179.38,179.42,506900,179.96,179.6,499,179.69,110,
2026-04-10T11:36:46.380,NC,CASTROLIND,179.69,180.6,180.7,179.38,179.42,506911,179.96,179.6,499,179.69,205,
2026-04-10T11:36:51.572,NC,CASTROLIND,179.6,180.6,180.7,179.38,179.42,507428,179.96,179.54,6,179.66,430,
2026-04-10T11:36:56.404,NC,CASTROLIND,179.64,180.6,180.7,179.38,179.42,507434,179.96,179.54,6,179.65,265,
2026-04-10T11:37:01.182,NC,CASTROLIND,179.65,180.6,180.7,179.38,179.42,507448,179.96,179.54,6,179.65,251,
2026-04-10T11:37:06.191,NC,CASTROLIND,179.6,180.6,180.7,179.38,179.42,507462,179.96,179.54,6,179.64,99,
2026-04-10T11:37:11.489,NC,CASTROLIND,179.64,180.6,180.7,179.38,179.42,507476,179.96,179.54,6,179.63,107,
2026-04-10T11:37:21.607,NC,CASTROLIND,179.63,180.6,180.7,179.38,179.42,507565,179.96,179.54,6,179.64,56,
2026-04-10T11:37:31.334,NC,CASTROLIND,179.64,180.6,180.7,179.38,179.42,507582,179.96,179.54,6,179.64,105,
2026-04-10T11:37:36.222,NC,CASTROLIND,179.63,180.6,180.7,179.38,179.42,507592,179.96,179.55,1,179.66,543,
2026-04-10T11:37:41.329,NC,CASTROLIND,179.63,180.6,180.7,179.38,179.42,507605,179.96,179.55,51,179.63,99,
2026-04-10T11:37:45.839,NC,CASTROLIND,179.63,180.6,180.7,179.38,179.42,507615,179.96,179.55,51,179.63,89,
2026-04-10T11:37:50.632,NC,CASTROLIND,179.63,180.6,180.7,179.38,179.42,507682,179.96,179.55,51,179.63,22,
2026-04-10T11:37:55.265,NC,CASTROLIND,179.63,180.6,180.7,179.38,179.42,507712,179.96,179.55,51,179.64,130,
2026-04-10T11:38:00.158,NC,CASTROLIND,179.64,180.6,180.7,179.38,179.42,507812,179.96,179.55,50,179.64,30,
2026-04-10T11:38:05.570,NC,CASTROLIND,179.64,180.6,180.7,179.38,179.42,507926,179.96,179.55,51,179.64,25,
2026-04-10T11:38:10.577,NC,CASTROLIND,179.64,180.6,180.7,179.38,179.42,507940,179.96,179.55,119,179.64,11,
2026-04-10T11:38:15.578,NC,CASTROLIND,179.53,180.6,180.7,179.38,179.42,508520,179.96,179.53,334,179.64,11,
2026-04-10T11:38:20.585,NC,CASTROLIND,179.64,180.6,180.7,179.38,179.42,508533,179.96,179.55,111,179.66,46,
2026-04-10T11:38:30.709,NC,CASTROLIND,179.66,180.6,180.7,179.38,179.42,508558,179.96,179.55,110,179.66,126,
2026-04-10T11:38:40.617,NC,CASTROLIND,179.66,180.6,180.7,179.38,179.42,508572,179.96,179.57,110,179.66,20,
2026-04-10T11:38:45.619,NC,CASTROLIND,179.66,180.6,180.7,179.38,179.42,508600,179.96,179.57,110,179.66,20,
2026-04-10T11:38:50.421,NC,CASTROLIND,179.66,180.6,180.7,179.38,179.42,508622,179.96,179.57,106,179.66,2,
2026-04-10T11:38:59.746,NC,CASTROLIND,179.66,180.6,180.7,179.38,179.42,508628,179.96,179.58,270,179.66,18,
2026-04-10T11:39:04.650,NC,CASTROLIND,179.66,180.6,180.7,179.38,179.42,508643,179.96,179.58,270,179.66,3,
2026-04-10T11:39:14.683,NC,CASTROLIND,179.64,180.6,180.7,179.38,179.42,508659,179.96,179.6,20,179.66,20,
2026-04-10T11:39:19.671,NC,CASTROLIND,179.66,180.6,180.7,179.38,179.42,508689,179.96,179.61,107,179.66,20,
2026-04-10T11:39:25.191,NC,CASTROLIND,179.66,180.6,180.7,179.38,179.42,508702,179.96,179.61,107,179.66,7,
2026-04-10T11:39:30.391,NC,CASTROLIND,179.66,180.6,180.7,179.38,179.42,508716,179.96,179.61,107,179.66,20,
2026-04-10T11:39:35.810,NC,CASTROLIND,179.68,180.6,180.7,179.38,179.42,508766,179.96,179.61,107,179.68,40,
2026-04-10T11:39:41.046,NC,CASTROLIND,179.68,180.6,180.7,179.38,179.42,508779,179.96,179.6,17,179.68,27,
2026-04-10T11:39:45.940,NC,CASTROLIND,179.68,180.6,180.7,179.38,179.42,508781,179.96,179.6,37,179.68,25,
2026-04-10T11:39:50.926,NC,CASTROLIND,179.68,180.6,180.7,179.38,179.42,508794,179.96,179.6,37,179.68,12,
2026-04-10T11:39:55.852,NC,CASTROLIND,179.58,180.6,180.7,179.38,179.42,508894,179.96,179.58,207,179.68,263,
2026-04-10T11:40:00.849,NC,CASTROLIND,179.67,180.6,180.7,179.38,179.42,508969,179.96,179.58,156,179.68,101,
2026-04-10T11:40:10.952,NC,CASTROLIND,179.58,180.6,180.7,179.38,179.42,508987,179.96,179.58,215,179.71,78,
2026-04-10T11:40:15.767,NC,CASTROLIND,179.71,180.6,180.7,179.38,179.42,508988,179.96,179.58,328,179.71,98,
2026-04-10T11:40:20.717,NC,CASTROLIND,179.71,180.6,180.7,179.38,179.42,509001,179.96,179.58,328,179.71,253,
2026-04-10T11:40:30.503,NC,CASTROLIND,179.7,180.6,180.7,179.38,179.42,509215,179.96,179.58,398,179.7,10,
2026-04-10T11:40:40.110,NC,CASTROLIND,179.7,180.6,180.7,179.38,179.42,509218,179.96,179.58,398,179.71,540,
2026-04-10T11:40:44.825,NC,CASTROLIND,179.54,180.6,180.7,179.38,179.42,510231,179.95,179.54,63,179.69,302,
2026-04-10T11:40:49.637,NC,CASTROLIND,179.68,180.6,180.7,179.38,179.42,510533,179.95,179.54,72,179.69,1005,
2026-04-10T11:40:55.028,NC,CASTROLIND,179.69,180.6,180.7,179.38,179.42,510546,179.95,179.54,72,179.68,214,
2026-04-10T11:41:04.459,NC,CASTROLIND,179.67,180.6,180.7,179.38,179.42,510560,179.95,179.54,1,179.66,60,
2026-04-10T11:41:09.645,NC,CASTROLIND,179.66,180.6,180.7,179.38,179.42,510561,179.95,179.54,1,179.66,676,
2026-04-10T11:41:14.751,NC,CASTROLIND,179.66,180.6,180.7,179.38,179.42,510575,179.95,179.54,1,179.66,662,
2026-04-10T11:41:24.362,NC,CASTROLIND,179.66,180.6,180.7,179.38,179.42,510589,179.95,179.54,1,179.66,668,
2026-04-10T11:41:28.860,NC,CASTROLIND,179.53,180.6,180.7,179.38,179.42,510595,179.95,179.53,335,179.65,323,
2026-04-10T11:41:33.471,NC,CASTROLIND,179.65,180.6,180.7,179.38,179.42,510609,179.95,179.53,335,179.65,813,
2026-04-10T11:41:38.275,NC,CASTROLIND,179.65,180.6,180.7,179.38,179.42,510691,179.95,179.53,336,179.65,613,
2026-04-10T11:41:42.805,NC,CASTROLIND,179.65,180.6,180.7,179.38,179.42,510707,179.95,179.53,336,179.65,597,
2026-04-10T11:41:52.095,NC,CASTROLIND,179.65,180.6,180.7,179.38,179.42,510721,179.95,179.53,336,179.65,583,
2026-04-10T11:42:01.914,NC,CASTROLIND,179.65,180.6,180.7,179.38,179.42,510766,179.95,179.53,336,179.65,538,
2026-04-10T11:42:06.740,NC,CASTROLIND,179.65,180.6,180.7,179.38,179.42,510771,179.95,179.53,426,179.65,533,
2026-04-10T11:42:11.620,NC,CASTROLIND,179.65,180.6,180.7,179.38,179.42,510828,179.95,179.53,426,179.65,675,
2026-04-10T11:42:21.754,NC,CASTROLIND,179.63,180.6,180.7,179.38,179.42,510843,179.95,179.53,337,179.63,20,
2026-04-10T11:42:26.460,NC,CASTROLIND,179.62,180.6,180.7,179.38,179.42,510863,179.95,179.53,336,179.62,20,
2026-04-10T11:42:31.685,NC,CASTROLIND,179.62,180.6,180.7,179.38,179.42,510877,179.95,179.53,336,179.62,6,
2026-04-10T11:42:42.098,NC,CASTROLIND,179.62,180.6,180.7,179.38,179.42,510893,179.95,179.53,336,179.62,654,
2026-04-10T11:42:52.611,NC,CASTROLIND,179.62,180.6,180.7,179.38,179.42,510906,179.95,179.53,336,179.62,491,
2026-04-10T11:43:02.424,NC,CASTROLIND,179.62,180.6,180.7,179.38,179.42,510920,179.95,179.53,336,179.62,20,
2026-04-10T11:43:12.530,NC,CASTROLIND,179.62,180.6,180.7,179.38,179.42,510934,179.95,179.53,336,179.62,169,
2026-04-10T11:43:22.546,NC,CASTROLIND,179.62,180.6,180.7,179.38,179.42,510947,179.95,179.53,335,179.62,191,
2026-04-10T11:43:27.562,NC,CASTROLIND,179.68,180.6,180.7,179.38,179.42,511689,179.95,179.55,112,179.66,100,
2026-04-10T11:43:32.858,NC,CASTROLIND,179.66,180.6,180.7,179.38,179.42,511703,179.95,179.55,112,179.67,275,
2026-04-10T11:43:43.076,NC,CASTROLIND,179.67,180.6,180.7,179.38,179.42,511716,179.95,179.57,112,179.67,26,
2026-04-10T11:43:48.377,NC,CASTROLIND,179.66,180.6,180.7,179.38,179.42,511719,179.95,179.66,41,179.68,337,
2026-04-10T11:43:53.590,NC,CASTROLIND,179.68,180.6,180.7,179.38,179.42,511732,179.95,179.66,41,179.68,324,
2026-04-10T11:43:58.495,NC,CASTROLIND,179.63,180.6,180.7,179.38,179.42,511832,179.95,179.62,80,179.68,324,
2026-04-10T11:44:03.212,NC,CASTROLIND,179.62,180.6,180.7,179.38,179.42,511853,179.95,179.62,78,179.68,386,
2026-04-10T11:44:13.207,NC,CASTROLIND,179.68,180.6,180.7,179.38,179.42,511866,179.95,179.62,79,179.68,402,
2026-04-10T11:44:23.415,NC,CASTROLIND,179.68,180.6,180.7,179.38,179.42,511880,179.95,179.62,79,179.68,357,
2026-04-10T11:44:33.922,NC,CASTROLIND,179.71,180.6,180.7,179.38,179.42,512405,179.95,179.62,79,179.69,49,
2026-04-10T11:44:43.732,NC,CASTROLIND,179.7,180.6,180.7,179.38,179.42,512747,179.95,179.62,78,179.72,128,
2026-04-10T11:44:48.532,NC,CASTROLIND,179.62,180.6,180.7,179.38,179.42,512751,179.95,179.62,74,179.71,231,
2026-04-10T11:44:53.240,NC,CASTROLIND,179.71,180.6,180.7,179.38,179.42,512764,179.95,179.62,74,179.71,217,
2026-04-10T11:44:58.047,NC,CASTROLIND,179.6,180.6,180.7,179.38,179.42,512864,179.95,179.57,71,179.7,78,
2026-04-10T11:45:02.951,NC,CASTROLIND,179.7,180.6,180.7,179.38,179.42,512981,179.95,179.59,106,179.7,110,
2026-04-10T11:45:13.461,NC,CASTROLIND,179.76,180.6,180.7,179.38,179.42,513543,179.95,179.63,15,179.76,66,
2026-04-10T11:45:23.383,NC,CASTROLIND,179.75,180.6,180.7,179.38,179.42,513556,179.95,179.63,10,179.75,156,
2026-04-10T11:45:28.288,NC,CASTROLIND,179.7,180.6,180.7,179.38,179.42,513565,179.95,179.7,2,179.75,72,
2026-04-10T11:45:33.004,NC,CASTROLIND,179.75,180.6,180.7,179.38,179.42,513581,179.95,179.7,3,179.75,46,
2026-04-10T11:45:42.215,NC,CASTROLIND,179.75,180.6,180.7,179.38,179.42,513594,179.95,179.7,3,179.75,53,
2026-04-10T11:45:51.113,NC,CASTROLIND,179.75,180.6,180.7,179.38,179.42,513612,179.95,179.7,1,179.75,47,
2026-04-10T11:46:04.843,NC,CASTROLIND,179.7,180.6,180.7,179.38,179.42,513627,179.95,179.64,106,179.75,139,
2026-04-10T11:46:09.427,NC,CASTROLIND,179.75,180.6,180.7,179.38,179.42,513643,179.95,179.64,106,179.74,99,
2026-04-10T11:46:14.051,NC,CASTROLIND,179.74,180.6,180.7,179.38,179.42,513656,179.95,179.64,106,179.74,90,
2026-04-10T11:46:18.747,NC,CASTROLIND,179.7,180.6,180.7,179.38,179.42,515661,179.95,179.55,86,179.69,164,
2026-04-10T11:46:23.746,NC,CASTROLIND,179.69,180.6,180.7,179.38,179.42,515708,179.95,179.64,5,179.68,4,
2026-04-10T11:46:33.155,NC,CASTROLIND,179.68,180.6,180.7,179.38,179.42,515722,179.95,179.64,5,179.68,20,
2026-04-10T11:46:38.262,NC,CASTROLIND,179.68,180.6,180.7,179.38,179.42,515724,179.95,179.64,5,179.68,19,
2026-04-10T11:46:43.362,NC,CASTROLIND,179.68,180.6,180.7,179.38,179.42,515738,179.95,179.64,5,179.68,4,
2026-04-10T11:46:53.887,NC,CASTROLIND,179.68,180.6,180.7,179.38,179.42,515751,179.95,179.64,5,179.68,14,
2026-04-10T11:46:58.788,NC,CASTROLIND,179.68,180.6,180.7,179.38,179.42,515752,179.95,179.64,5,179.68,13,
2026-04-10T11:47:03.698,NC,CASTROLIND,179.68,180.6,180.7,179.38,179.42,515776,179.95,179.64,5,179.68,20,
2026-04-10T11:47:13.816,NC,CASTROLIND,179.68,180.6,180.7,179.38,179.42,515789,179.95,179.64,5,179.68,8,
2026-04-10T11:47:24.226,NC,CASTROLIND,179.68,180.6,180.7,179.38,179.42,515832,179.95,179.64,5,179.68,20,
2026-04-10T11:47:28.935,NC,CASTROLIND,179.68,180.6,180.7,179.38,179.42,515833,179.95,179.64,5,179.68,19,
2026-04-10T11:47:33.637,NC,CASTROLIND,179.68,180.6,180.7,179.38,179.42,515847,179.95,179.64,5,179.68,5,
2026-04-10T11:47:38.664,NC,CASTROLIND,179.68,180.6,180.7,179.38,179.42,515883,179.95,179.64,5,179.68,35,
2026-04-10T11:47:44.256,NC,CASTROLIND,179.68,180.6,180.7,179.38,179.42,515896,179.95,179.64,5,179.68,24,
2026-04-10T11:47:49.461,NC,CASTROLIND,179.68,180.6,180.7,179.38,179.42,515990,179.95,179.64,5,179.68,20,
2026-04-10T11:47:54.663,NC,CASTROLIND,179.68,180.6,180.7,179.38,179.42,516015,179.95,179.64,5,179.68,20,
2026-04-10T11:47:59.983,NC,CASTROLIND,179.64,180.6,180.7,179.38,179.42,516020,179.95,179.53,6,179.63,161,
2026-04-10T11:48:07.006,NC,CASTROLIND,179.45,180.6,180.7,179.38,179.42,517884,179.95,179.43,1,179.51,226,
2026-04-10T11:48:14.031,NC,CASTROLIND,179.51,180.6,180.7,179.38,179.42,517897,179.95,179.43,1,179.51,145,
2026-04-10T11:48:21.232,NC,CASTROLIND,179.51,180.6,180.7,179.38,179.42,517910,179.95,179.45,11,179.51,132,
2026-04-10T11:48:28.238,NC,CASTROLIND,179.51,180.6,180.7,179.38,179.42,517920,179.95,179.45,11,179.51,122,
2026-04-10T11:48:34.563,NC,CASTROLIND,179.51,180.6,180.7,179.38,179.42,518134,179.95,179.45,11,179.51,28,
2026-04-10T11:48:40.495,NC,CASTROLIND,179.51,180.6,180.7,179.38,179.42,518147,179.95,179.45,11,179.51,18,
2026-04-10T11:48:46.984,NC,CASTROLIND,179.51,180.6,180.7,179.38,179.42,518157,179.95,179.45,11,179.51,8,
2026-04-10T11:48:53.291,NC,CASTROLIND,179.51,180.6,180.7,179.38,179.42,518170,179.95,179.45,11,179.51,15,
2026-04-10T11:48:59.105,NC,CASTROLIND,179.51,180.6,180.7,179.38,179.42,518175,179.95,179.45,12,179.51,10,
2026-04-10T11:49:04.528,NC,CASTROLIND,179.51,180.6,180.7,179.38,179.42,518189,179.95,179.45,12,179.51,20,
2026-04-10T11:49:15.349,NC,CASTROLIND,179.51,180.6,180.7,179.38,179.42,518207,179.95,179.45,12,179.51,2,
2026-04-10T11:49:20.856,NC,CASTROLIND,179.51,180.6,180.7,179.38,179.42,518220,179.95,179.45,12,179.51,20,
2026-04-10T11:49:26.353,NC,CASTROLIND,179.51,180.6,180.7,179.38,179.42,518320,179.95,179.45,12,179.51,20,
2026-04-10T11:49:31.958,NC,CASTROLIND,179.52,180.6,180.7,179.38,179.42,518534,179.95,179.45,12,179.52,63,
2026-04-10T11:49:42.676,NC,CASTROLIND,179.52,180.6,180.7,179.38,179.42,518548,179.95,179.45,11,179.52,49,
2026-04-10T11:49:48.176,NC,CASTROLIND,179.54,180.6,180.7,179.38,179.42,518691,179.95,179.45,12,179.54,23,
2026-04-10T11:49:53.983,NC,CASTROLIND,179.4,180.6,180.7,179.38,179.42,519354,179.95,179.4,1360,179.54,272,
2026-04-10T11:50:05.010,NC,CASTROLIND,179.54,180.6,180.7,179.38,179.42,519369,179.95,179.42,330,179.54,58,
2026-04-10T11:50:11.200,NC,CASTROLIND,179.44,180.6,180.7,179.38,179.42,519442,179.95,179.44,78,179.54,45,
2026-04-10T11:50:22.608,NC,CASTROLIND,179.54,180.6,180.7,179.38,179.42,519463,179.95,179.45,121,179.54,24,
2026-04-10T11:50:33.735,NC,CASTROLIND,179.54,180.6,180.7,179.38,179.42,519482,179.95,179.47,177,179.54,5,
2026-04-10T11:50:39.250,NC,CASTROLIND,179.55,180.6,180.7,179.38,179.42,519538,179.95,179.6,81,179.72,66,
2026-04-10T11:50:44.668,NC,CASTROLIND,179.72,180.6,180.7,179.38,179.42,519551,179.95,179.6,81,179.71,107,
2026-04-10T11:50:55.791,NC,CASTROLIND,179.72,180.6,180.7,179.38,179.42,519564,179.95,179.6,81,179.71,100,
2026-04-10T11:51:01.172,NC,CASTROLIND,179.73,180.6,180.7,179.38,179.42,519579,179.95,179.62,217,179.74,129,
2026-04-10T11:51:12.790,NC,CASTROLIND,179.72,180.6,180.7,179.38,179.42,519607,179.95,179.63,35,179.76,337,
2026-04-10T11:51:23.098,NC,CASTROLIND,179.76,180.6,180.7,179.38,179.42,519620,179.95,179.63,35,179.76,324,
2026-04-10T11:51:28.100,NC,CASTROLIND,179.76,180.6,180.7,179.38,179.42,519690,179.95,179.63,35,179.75,104,
2026-04-10T11:51:33.408,NC,CASTROLIND,179.53,180.6,180.7,179.27,179.42,547120,179.92,179.43,110,179.58,69,
2026-04-10T11:51:38.553,NC,CASTROLIND,179.34,180.6,180.7,179.27,179.42,547273,179.92,179.33,114,179.46,164,
2026-04-10T11:51:43.716,NC,CASTROLIND,179.27,180.6,180.7,179.27,179.42,548004,179.92,179.25,170,179.41,134,
2026-04-10T11:51:48.837,NC,CASTROLIND,179.21,180.6,180.7,179.2,179.42,570416,179.89,179.21,54,179.37,413,
2026-04-10T11:51:53.842,NC,CASTROLIND,179.2,180.6,180.7,179.2,179.42,571419,179.89,179.2,29186,179.29,7,
2026-04-10T11:51:58.734,NC,CASTROLIND,179.15,180.6,180.7,179.15,179.42,601715,179.86,179.1,5579,179.24,473,
2026-04-10T11:52:03.542,NC,CASTROLIND,179.0,180.6,180.7,179.0,179.42,629323,179.82,179.0,40657,179.12,141,
2026-04-10T11:52:08.243,NC,CASTROLIND,179.0,180.6,180.7,179.0,179.42,631699,179.82,179.0,38314,179.12,183,
2026-04-10T11:52:13.351,NC,CASTROLIND,179.12,180.6,180.7,179.0,179.42,632504,179.82,179.0,37722,179.09,126,
2026-04-10T11:52:18.767,NC,CASTROLIND,179.0,180.6,180.7,179.0,179.42,647524,179.8,179.01,50,179.09,27,
2026-04-10T11:52:23.871,NC,CASTROLIND,178.98,180.6,180.7,178.98,179.42,649163,179.79,178.96,100,179.02,205,
2026-04-10T11:52:28.579,NC,CASTROLIND,178.96,180.6,180.7,178.96,179.42,649944,179.79,178.96,200,178.99,138,
2026-04-10T11:52:33.491,NC,CASTROLIND,179.04,180.6,180.7,178.96,179.42,650858,179.79,178.96,204,179.04,118,
2026-04-10T11:52:42.904,NC,CASTROLIND,179.04,180.6,180.7,178.96,179.42,651078,179.79,178.97,474,179.12,36,
2026-04-10T11:52:47.504,NC,CASTROLIND,179.15,180.6,180.7,178.96,179.42,651090,179.79,179.01,131,179.16,112,
2026-04-10T11:52:52.206,NC,CASTROLIND,179.13,180.6,180.7,178.96,179.42,651107,179.79,179.01,131,179.13,99,
2026-04-10T11:52:56.903,NC,CASTROLIND,179.14,180.6,180.7,178.96,179.42,651236,179.79,179.04,5,179.14,3,
2026-04-10T11:53:01.616,NC,CASTROLIND,179.14,180.6,180.7,178.96,179.42,651239,179.79,179.14,2,179.15,1,
2026-04-10T11:53:06.218,NC,CASTROLIND,179.17,180.6,180.7,178.96,179.42,651250,179.79,179.05,60,179.2,538,
2026-04-10T11:53:10.932,NC,CASTROLIND,179.16,180.6,180.7,178.96,179.42,651765,179.79,179.02,26,179.16,99,
2026-04-10T11:53:15.631,NC,CASTROLIND,179.0,180.6,180.7,178.96,179.42,652963,179.79,179.01,274,179.19,66,
2026-04-10T11:53:20.434,NC,CASTROLIND,179.17,180.6,180.7,178.96,179.42,652976,179.79,179.02,369,179.17,50,
2026-04-10T11:53:25.042,NC,CASTROLIND,179.16,180.6,180.7,178.96,179.42,653242,179.79,179.0,400,179.15,112,
2026-04-10T11:53:29.448,NC,CASTROLIND,179.0,180.6,180.7,178.96,179.42,653322,179.79,179.0,398,179.14,56,
2026-04-10T11:53:33.966,NC,CASTROLIND,179.17,180.6,180.7,178.96,179.42,653346,179.79,179.05,100,179.16,141,
2026-04-10T11:53:38.578,NC,CASTROLIND,179.16,180.6,180.7,178.96,179.42,653368,179.79,179.05,100,179.16,137,
2026-04-10T11:53:44.084,NC,CASTROLIND,179.05,180.6,180.7,178.96,179.42,653481,179.79,179.02,167,179.16,40,
2026-04-10T11:53:54.109,NC,CASTROLIND,179.13,180.6,180.7,178.96,179.42,653495,179.79,179.01,255,179.13,104,
2026-04-10T11:54:04.016,NC,CASTROLIND,179.15,180.6,180.7,178.96,179.42,653528,179.79,179.02,252,179.15,230,
2026-04-10T11:54:14.441,NC,CASTROLIND,179.01,180.6,180.7,178.96,179.42,653742,179.79,179.01,145,179.15,270,
2026-04-10T11:54:24.558,NC,CASTROLIND,179.15,180.6,180.7,178.96,179.42,653793,179.79,179.01,146,179.15,214,
2026-04-10T11:54:29.260,NC,CASTROLIND,179.15,180.6,180.7,178.96,179.42,653794,179.79,179.01,190,179.15,225,
2026-04-10T11:54:34.268,NC,CASTROLIND,179.15,180.6,180.7,178.96,179.42,653833,179.79,179.03,112,179.15,28,
2026-04-10T11:54:39.473,NC,CASTROLIND,179.15,180.6,180.7,178.96,179.42,653862,179.79,179.15,171,179.16,370,
2026-04-10T11:54:44.379,NC,CASTROLIND,179.16,180.6,180.7,178.96,179.42,653880,179.79,179.15,171,179.16,188,
2026-04-10T11:54:53.487,NC,CASTROLIND,179.16,180.6,180.7,178.96,179.42,653931,179.79,179.15,181,179.16,157,
2026-04-10T11:55:03.517,NC,CASTROLIND,179.16,180.6,180.7,178.96,179.42,654045,179.79,179.15,181,179.16,201,
2026-04-10T11:55:09.004,NC,CASTROLIND,179.02,180.6,180.7,178.96,179.42,654622,179.79,179.02,150,179.16,201,
2026-04-10T11:55:14.027,NC,CASTROLIND,179.16,180.6,180.7,178.96,179.42,654660,179.79,179.05,75,179.16,163,
2026-04-10T11:55:24.025,NC,CASTROLIND,179.16,180.6,180.7,178.96,179.42,654711,179.79,179.04,96,179.15,101,
2026-04-10T11:55:29.131,NC,CASTROLIND,179.15,180.6,180.7,178.96,179.42,654812,179.79,179.01,217,179.14,102,
2026-04-10T11:55:34.237,NC,CASTROLIND,179.14,180.6,180.7,178.96,179.42,654828,179.79,179.01,217,179.13,119,
2026-04-10T11:55:43.872,NC,CASTROLIND,179.13,180.6,180.7,178.96,179.42,654841,179.79,179.01,174,179.12,98,
2026-04-10T11:55:48.963,NC,CASTROLIND,179.12,180.6,180.7,178.96,179.42,654859,179.79,179.01,174,179.12,9,
2026-04-10T11:55:53.766,NC,CASTROLIND,179.06,180.6,180.7,178.96,179.42,655378,179.79,179.12,90,179.2,44,
2026-04-10T11:55:58.475,NC,CASTROLIND,179.2,180.6,180.7,178.96,179.42,655379,179.79,179.12,90,179.2,43,
2026-04-10T11:56:03.078,NC,CASTROLIND,179.19,180.6,180.7,178.96,179.42,655543,179.79,179.05,64,179.19,156,
2026-04-10T11:56:12.497,NC,CASTROLIND,179.19,180.6,180.7,178.96,179.42,655556,179.79,179.05,1,179.18,100,
2026-04-10T11:56:22.125,NC,CASTROLIND,179.19,180.6,180.7,178.96,179.42,655603,179.79,179.19,2,179.2,970,
2026-04-10T11:56:26.637,NC,CASTROLIND,179.19,180.6,180.7,178.96,179.42,655617,179.79,179.1,1,179.2,1134,
2026-04-10T11:56:30.947,NC,CASTROLIND,179.2,180.6,180.7,178.96,179.42,655631,179.79,179.1,1,179.2,1285,
2026-04-10T11:56:40.656,NC,CASTROLIND,179.2,180.6,180.7,178.96,179.42,655654,179.79,179.16,1,179.2,1048,
2026-04-10T11:56:45.462,NC,CASTROLIND,179.2,180.6,180.7,178.96,179.42,655699,179.79,179.16,1,179.2,1003,
2026-04-10T11:56:49.860,NC,CASTROLIND,179.2,180.6,180.7,178.96,179.42,655749,179.79,179.16,1,179.2,953,
2026-04-10T11:56:54.365,NC,CASTROLIND,179.2,180.6,180.7,178.96,179.42,655762,179.79,179.16,1,179.2,940,
2026-04-10T11:56:59.161,NC,CASTROLIND,179.2,180.6,180.7,178.96,179.42,655772,179.79,179.16,1,179.2,930,
2026-04-10T11:57:04.074,NC,CASTROLIND,179.2,180.6,180.7,178.96,179.42,655786,179.79,179.16,1,179.2,916,
2026-04-10T11:57:08.771,NC,CASTROLIND,179.1,180.6,180.7,178.96,179.42,655796,179.79,179.1,83,179.2,916,
2026-04-10T11:57:13.572,NC,CASTROLIND,179.2,180.6,180.7,178.96,179.42,655809,179.79,179.1,83,179.2,903,
2026-04-10T11:57:18.674,NC,CASTROLIND,179.2,180.6,180.7,178.96,179.42,655810,179.79,179.1,83,179.2,728,
2026-04-10T11:57:23.898,NC,CASTROLIND,179.2,180.6,180.7,178.96,179.42,655860,179.79,179.07,5,179.19,101,
2026-04-10T11:57:28.785,NC,CASTROLIND,179.19,180.6,180.7,178.96,179.42,655864,179.79,179.18,1,179.2,842,
2026-04-10T11:57:33.590,NC,CASTROLIND,179.2,180.6,180.7,178.96,179.42,655922,179.79,179.18,1,179.2,784,
2026-04-10T11:57:38.391,NC,CASTROLIND,179.07,180.6,180.7,178.96,179.42,655964,179.79,179.19,76,179.2,784,
2026-04-10T11:57:43.796,NC,CASTROLIND,179.2,180.6,180.7,178.96,179.42,655979,179.79,179.19,76,179.2,605,
2026-04-10T11:57:53.720,NC,CASTROLIND,179.2,180.6,180.7,178.96,179.42,656060,179.79,179.19,76,179.2,724,
2026-04-10T11:58:03.226,NC,CASTROLIND,179.2,180.6,180.7,178.96,179.42,656075,179.79,179.19,76,179.2,709,
2026-04-10T11:58:08.158,NC,CASTROLIND,179.2,180.6,180.7,178.96,179.42,656141,179.79,179.19,76,179.2,443,
2026-04-10T11:58:13.052,NC,CASTROLIND,179.2,180.6,180.7,178.96,179.42,656180,179.79,179.19,76,179.2,704,
2026-04-10T11:58:17.760,NC,CASTROLIND,179.15,180.6,180.7,178.96,179.42,656381,179.79,179.15,176,179.2,704,
2026-04-10T11:58:22.480,NC,CASTROLIND,179.2,180.6,180.7,178.96,179.42,656457,179.79,179.15,176,179.2,648,
2026-04-10T11:58:26.979,NC,CASTROLIND,179.15,180.6,180.7,178.96,179.42,656608,179.79,179.15,25,179.2,516,
2026-04-10T11:58:31.693,NC,CASTROLIND,179.2,180.6,180.7,178.96,179.42,656636,179.79,179.15,25,179.2,438,
2026-04-10T11:58:36.387,NC,CASTROLIND,179.2,180.6,180.7,178.96,179.42,656673,179.79,179.15,125,179.2,401,
2026-04-10T11:58:41.092,NC,CASTROLIND,179.2,180.6,180.7,178.96,179.42,656686,179.79,179.15,125,179.2,388,
2026-04-10T11:58:45.910,NC,CASTROLIND,179.2,180.6,180.7,178.96,179.42,656795,179.79,179.15,125,179.2,279,
2026-04-10T11:58:51.727,NC,CASTROLIND,179.26,180.6,180.7,178.96,179.42,657267,179.79,179.2,45,179.26,37,
2026-04-10T11:58:56.830,NC,CASTROLIND,179.2,180.6,180.7,178.96,179.42,657346,179.79,179.15,125,179.2,1059,
2026-04-10T11:59:01.536,NC,CASTROLIND,179.2,180.6,180.7,178.96,179.42,667465,179.78,179.15,125,179.23,121,
2026-04-10T11:59:06.342,NC,CASTROLIND,179.2,180.6,180.7,178.96,179.42,667466,179.78,179.2,8,179.23,141,
2026-04-10T11:59:11.346,NC,CASTROLIND,179.23,180.6,180.7,178.96,179.42,667479,179.78,179.2,8,179.23,90,
2026-04-10T11:59:16.157,NC,CASTROLIND,179.23,180.6,180.7,178.96,179.42,667581,179.78,179.2,8,179.23,18,
2026-04-10T11:59:20.987,NC,CASTROLIND,179.23,180.6,180.7,178.96,179.42,667632,179.78,179.2,8,179.23,7,
2026-04-10T11:59:25.671,NC,CASTROLIND,179.23,180.6,180.7,178.96,179.42,667634,179.78,179.2,8,179.23,84,
2026-04-10T11:59:30.165,NC,CASTROLIND,179.23,180.6,180.7,178.96,179.42,667754,179.78,179.2,8,179.23,20,
2026-04-10T11:59:34.812,NC,CASTROLIND,179.23,180.6,180.7,178.96,179.42,667768,179.78,179.2,8,179.23,6,
2026-04-10T11:59:39.467,NC,CASTROLIND,179.23,180.6,180.7,178.96,179.42,667769,179.78,179.2,8,179.23,5,
2026-04-10T11:59:43.992,NC,CASTROLIND,179.23,180.6,180.7,178.96,179.42,667837,179.78,179.2,8,179.23,10,
2026-04-10T11:59:53.190,NC,CASTROLIND,179.23,180.6,180.7,178.96,179.42,667889,179.78,179.2,10,179.23,7,
2026-04-10T12:00:02.910,NC,CASTROLIND,179.23,180.6,180.7,178.96,179.42,667969,179.78,179.2,109,179.23,14,
2026-04-10T12:00:08.217,NC,CASTROLIND,179.23,180.6,180.7,178.96,179.42,667975,179.78,179.2,109,179.23,8,
2026-04-10T12:00:13.632,NC,CASTROLIND,179.23,180.6,180.7,178.96,179.42,668091,179.78,179.2,209,179.23,4,
2026-04-10T12:00:18.183,NC,CASTROLIND,179.23,180.6,180.7,178.96,179.42,668101,179.78,179.2,209,179.23,20,
2026-04-10T12:00:22.755,NC,CASTROLIND,179.23,180.6,180.7,178.96,179.42,668151,179.78,179.2,209,179.23,7,
2026-04-10T12:00:27.358,NC,CASTROLIND,179.23,180.6,180.7,178.96,179.42,668154,179.78,179.2,209,179.23,4,
2026-04-10T12:00:32.384,NC,CASTROLIND,179.23,180.6,180.7,178.96,179.42,668292,179.78,179.2,110,179.23,6,
2026-04-10T12:00:37.512,NC,CASTROLIND,179.23,180.6,180.7,178.96,179.42,668296,179.78,179.2,110,179.23,2,
2026-04-10T12:00:42.606,NC,CASTROLIND,179.23,180.6,180.7,178.96,179.42,668309,179.78,179.2,110,179.23,20,
2026-04-10T12:00:47.926,NC,CASTROLIND,179.23,180.6,180.7,178.96,179.42,668412,179.78,179.2,110,179.23,18,
2026-04-10T12:00:53.031,NC,CASTROLIND,179.23,180.6,180.7,178.96,179.42,668464,179.78,179.2,110,179.23,7,
2026-04-10T12:01:03.246,NC,CASTROLIND,179.23,180.6,180.7,178.96,179.42,668479,179.78,179.21,4,179.23,81,
2026-04-10T12:01:13.345,NC,CASTROLIND,179.23,180.6,180.7,178.96,179.42,668503,179.78,179.21,5,179.23,7,
2026-04-10T12:01:18.450,NC,CASTROLIND,179.23,180.6,180.7,178.96,179.42,668508,179.78,179.21,5,179.23,2,
2026-04-10T12:01:22.977,NC,CASTROLIND,179.18,180.6,180.7,178.96,179.42,673566,179.77,179.05,299,179.18,56,
2026-04-10T12:01:27.581,NC,CASTROLIND,179.17,180.6,180.7,178.96,179.42,673627,179.77,179.05,297,179.16,107,
2026-04-10T12:01:32.077,NC,CASTROLIND,179.15,180.6,180.7,178.96,179.42,673661,179.77,179.03,249,179.15,133,
2026-04-10T12:01:36.578,NC,CASTROLIND,179.15,180.6,180.7,178.96,179.42,673662,179.77,179.02,311,179.15,132,
2026-04-10T12:01:41.384,NC,CASTROLIND,179.15,180.6,180.7,178.96,179.42,673695,179.77,179.02,62,179.15,99,
2026-04-10T12:01:50.793,NC,CASTROLIND,179.15,180.6,180.7,178.96,179.42,673756,179.77,179.05,4,179.15,30,
2026-04-10T12:02:00.142,NC,CASTROLIND,179.15,180.6,180.7,178.96,179.42,673764,179.77,179.05,4,179.15,22,
2026-04-10T12:02:04.818,NC,CASTROLIND,179.15,180.6,180.7,178.96,179.42,673778,179.77,179.11,206,179.15,11,
2026-04-10T12:02:14.634,NC,CASTROLIND,179.06,180.6,180.7,178.96,179.42,673840,179.77,179.06,28,179.15,36,
2026-04-10T12:02:19.635,NC,CASTROLIND,179.15,180.6,180.7,178.96,179.42,673866,179.77,179.06,28,179.15,20,
2026-04-10T12:02:24.645,NC,CASTROLIND,179.2,180.6,180.7,178.96,179.42,674465,179.77,179.15,601,179.2,112,
2026-04-10T12:02:33.860,NC,CASTROLIND,179.21,180.6,180.7,178.96,179.42,675080,179.77,179.15,1,179.21,707,
2026-04-10T12:02:43.070,NC,CASTROLIND,179.21,180.6,180.7,178.96,179.42,675292,179.77,179.2,50,179.21,505,
2026-04-10T12:02:51.984,NC,CASTROLIND,179.21,180.6,180.7,178.96,179.42,675348,179.77,179.2,50,179.21,449,
2026-04-10T12:02:56.351,NC,CASTROLIND,179.21,180.6,180.7,178.96,179.42,675358,179.77,179.2,50,179.21,439,
2026-04-10T12:03:00.600,NC,CASTROLIND,179.21,180.6,180.7,178.96,179.42,675522,179.77,179.2,50,179.21,275,
2026-04-10T12:03:05.810,NC,CASTROLIND,179.21,180.6,180.7,178.96,179.42,675797,179.77,179.2,50,179.33,225,
2026-04-10T12:03:11.015,NC,CASTROLIND,179.33,180.6,180.7,178.96,179.42,675810,179.77,179.2,50,179.32,107,
2026-04-10T12:03:15.838,NC,CASTROLIND,179.32,180.6,180.7,178.96,179.42,675912,179.77,179.2,75,179.31,214,
2026-04-10T12:03:21.127,NC,CASTROLIND,179.31,180.6,180.7,178.96,179.42,675983,179.77,179.31,4,179.36,112,
2026-04-10T12:03:26.541,NC,CASTROLIND,179.36,180.6,180.7,178.96,179.42,676012,179.77,179.21,224,179.34,108,
2026-04-10T12:03:31.643,NC,CASTROLIND,179.34,180.6,180.7,178.96,179.42,676026,179.77,179.21,224,179.34,94,
2026-04-10T12:03:36.667,NC,CASTROLIND,179.39,180.6,180.7,178.96,179.42,676080,179.77,179.34,5,179.39,129,
2026-04-10T12:03:41.566,NC,CASTROLIND,179.39,180.6,180.7,178.96,179.42,676093,179.77,179.34,5,179.39,49,
2026-04-10T12:03:50.896,NC,CASTROLIND,179.39,180.6,180.7,178.96,179.42,676149,179.77,179.34,7,179.39,12,
2026-04-10T12:04:04.798,NC,CASTROLIND,179.39,180.6,180.7,178.96,179.42,676163,179.77,179.34,7,179.39,18,
2026-04-10T12:04:14.311,NC,CASTROLIND,179.34,180.6,180.7,178.96,179.42,676183,179.77,179.28,69,179.34,8,
2026-04-10T12:04:23.643,NC,CASTROLIND,179.34,180.6,180.7,178.96,179.42,676234,179.77,179.28,69,179.34,7,
2026-04-10T12:04:32.736,NC,CASTROLIND,179.34,180.6,180.7,178.96,179.42,676248,179.77,179.28,69,179.34,20,
2026-04-10T12:04:42.248,NC,CASTROLIND,179.34,180.6,180.7,178.96,179.42,676261,179.77,179.3,10,179.34,7,
2026-04-10T12:04:46.563,NC,CASTROLIND,179.34,180.6,180.7,178.96,179.42,676291,179.77,179.3,10,179.34,20,
2026-04-10T12:04:51.162,NC,CASTROLIND,179.3,180.6,180.7,178.96,179.42,676353,179.77,179.23,86,179.3,10,
2026-04-10T12:05:01.375,NC,CASTROLIND,179.3,180.6,180.7,178.96,179.42,676368,179.77,179.23,56,179.3,2,
2026-04-10T12:05:11.690,NC,CASTROLIND,179.3,180.6,180.7,178.96,179.42,676381,179.77,179.23,56,179.3,8,
2026-04-10T12:05:16.597,NC,CASTROLIND,179.32,180.6,180.7,178.96,179.42,676391,179.77,179.22,3,179.32,104,
2026-04-10T12:05:22.213,NC,CASTROLIND,179.36,180.6,180.7,178.96,179.42,676404,179.77,179.32,4,179.36,45,
2026-04-10T12:05:28.111,NC,CASTROLIND,179.37,180.6,180.7,178.96,179.42,676451,179.77,179.3,100,179.37,16,
2026-04-10T12:05:32.919,NC,CASTROLIND,179.37,180.6,180.7,178.96,179.42,676465,179.77,179.3,100,179.37,184,
2026-04-10T12:05:38.017,NC,CASTROLIND,179.46,180.6,180.7,178.96,179.42,677465,179.77,179.3,100,179.41,103,
2026-04-10T12:05:43.039,NC,CASTROLIND,179.42,180.6,180.7,178.96,179.42,677478,179.77,179.32,50,179.42,257,
2026-04-10T12:05:47.648,NC,CASTROLIND,179.42,180.6,180.7,178.96,179.42,677479,179.77,179.37,150,179.42,166,
2026-04-10T12:05:52.142,NC,CASTROLIND,179.42,180.6,180.7,178.96,179.42,677542,179.77,179.37,150,179.42,104,
2026-04-10T12:05:56.445,NC,CASTROLIND,179.46,180.6,180.7,178.96,179.42,678043,179.77,179.37,150,179.47,98,
2026-04-10T12:06:01.251,NC,CASTROLIND,179.47,180.6,180.7,178.96,179.42,678058,179.77,179.37,150,179.47,83,
2026-04-10T12:06:06.246,NC,CASTROLIND,179.49,180.6,180.7,178.96,179.42,678160,179.77,179.37,150,179.48,101,
2026-04-10T12:06:10.970,NC,CASTROLIND,179.5,180.6,180.7,178.96,179.42,678173,179.77,179.4,600,179.52,157,
2026-04-10T12:06:15.670,NC,CASTROLIND,179.46,180.6,180.7,178.96,179.42,678174,179.77,179.47,150,179.54,92,
2026-04-10T12:06:20.264,NC,CASTROLIND,179.54,180.6,180.7,178.96,179.42,678261,179.77,179.47,100,179.54,82,
2026-04-10T12:06:24.980,NC,CASTROLIND,179.47,180.6,180.7,178.96,179.42,678275,179.77,179.47,99,179.55,291,
2026-04-10T12:06:34.195,NC,CASTROLIND,179.57,180.6,180.7,178.96,179.42,678346,179.77,179.48,25,179.57,135,
2026-04-10T12:06:43.793,NC,CASTROLIND,179.58,180.6,180.7,178.96,179.42,678360,179.77,179.5,115,179.58,36,
2026-04-10T12:06:48.301,NC,CASTROLIND,179.58,180.6,180.7,178.96,179.42,678365,179.77,179.5,115,179.58,31,
2026-04-10T12:06:52.802,NC,CASTROLIND,179.6,180.6,180.7,178.96,179.42,678422,179.77,179.5,115,179.6,141,
2026-04-10T12:07:02.334,NC,CASTROLIND,179.6,180.6,180.7,178.96,179.42,678436,179.77,179.5,142,179.6,161,
2026-04-10T12:07:07.035,NC,CASTROLIND,179.6,180.6,180.7,178.96,179.42,678441,179.77,179.5,142,179.59,101,
2026-04-10T12:07:12.161,NC,CASTROLIND,179.59,180.6,180.7,178.96,179.42,678473,179.77,179.5,142,179.59,69,
2026-04-10T12:07:16.834,NC,CASTROLIND,179.59,180.6,180.7,178.96,179.42,678476,179.77,179.5,142,179.6,99,
2026-04-10T12:07:21.238,NC,CASTROLIND,179.59,180.6,180.7,178.96,179.42,678528,179.77,179.5,142,179.59,100,
2026-04-10T12:07:25.642,NC,CASTROLIND,179.59,180.6,180.7,178.96,179.42,678563,179.77,179.5,115,179.59,65,
2026-04-10T12:07:29.847,NC,CASTROLIND,179.55,180.6,180.7,178.96,179.42,678657,179.77,179.5,115,179.6,162,
2026-04-10T12:07:34.555,NC,CASTROLIND,179.6,180.6,180.7,178.96,179.42,678671,179.77,179.5,115,179.6,197,
2026-04-10T12:07:43.768,NC,CASTROLIND,179.6,180.6,180.7,178.96,179.42,678728,179.77,179.5,115,179.6,101,
2026-04-10T12:07:48.272,NC,CASTROLIND,179.6,180.6,180.7,178.96,179.42,678735,179.77,179.5,116,179.6,121,
2026-04-10T12:07:52.978,NC,CASTROLIND,179.6,180.6,180.7,178.96,179.42,678786,179.77,179.5,115,179.6,43,
2026-04-10T12:07:57.302,NC,CASTROLIND,179.6,180.6,180.7,178.96,179.42,678805,179.77,179.5,115,179.6,46,
2026-04-10T12:08:01.602,NC,CASTROLIND,179.6,180.6,180.7,178.96,179.42,678819,179.77,179.5,115,179.6,132,
2026-04-10T12:08:10.821,NC,CASTROLIND,179.6,180.6,180.7,178.96,179.42,678852,179.77,179.5,116,179.6,119,
2026-04-10T12:08:15.519,NC,CASTROLIND,179.6,180.6,180.7,178.96,179.42,678871,179.77,179.5,116,179.6,1,
2026-04-10T12:08:20.127,NC,CASTROLIND,179.59,180.6,180.7,178.96,179.42,678908,179.77,179.5,116,179.59,20,
2026-04-10T12:08:24.742,NC,CASTROLIND,179.59,180.6,180.7,178.96,179.42,678922,179.77,179.5,116,179.59,6,
2026-04-10T12:08:29.540,NC,CASTROLIND,179.59,180.6,180.7,178.96,179.42,678943,179.77,179.5,116,179.59,20,
2026-04-10T12:08:34.363,NC,CASTROLIND,179.59,180.6,180.7,178.96,179.42,678959,179.77,179.5,116,179.59,4,
2026-04-10T12:08:39.250,NC,CASTROLIND,179.59,180.6,180.7,178.96,179.42,679014,179.77,179.5,116,179.59,20,
2026-04-10T12:08:43.854,NC,CASTROLIND,179.6,180.6,180.7,178.96,179.42,679048,179.77,179.5,116,179.6,110,
2026-04-10T12:08:53.659,NC,CASTROLIND,179.59,180.6,180.7,178.96,179.42,679100,179.77,179.5,116,179.59,748,
2026-04-10T12:08:59.074,NC,CASTROLIND,179.59,180.6,180.7,178.96,179.42,679161,179.77,179.5,73,179.59,729,
2026-04-10T12:09:04.268,NC,CASTROLIND,179.59,180.6,180.7,178.96,179.42,679185,179.77,179.5,73,179.59,705,
2026-04-10T12:09:13.998,NC,CASTROLIND,179.58,180.6,180.7,178.96,179.42,679391,179.77,179.47,104,179.57,174,
2026-04-10T12:09:18.895,NC,CASTROLIND,179.53,180.6,180.7,178.96,179.42,679425,179.77,179.47,104,179.58,264,
2026-04-10T12:09:23.505,NC,CASTROLIND,179.58,180.6,180.7,178.96,179.42,679479,179.77,179.47,104,179.58,185,
2026-04-10T12:09:28.110,NC,CASTROLIND,179.58,180.6,180.7,178.96,179.42,679498,179.77,179.47,104,179.58,166,
2026-04-10T12:09:32.422,NC,CASTROLIND,179.58,180.6,180.7,178.96,179.42,679512,179.77,179.47,104,179.58,40,
2026-04-10T12:09:37.127,NC,CASTROLIND,179.58,180.6,180.7,178.96,179.42,679513,179.77,179.5,1,179.58,49,
2026-04-10T12:09:42.032,NC,CASTROLIND,179.58,180.6,180.7,178.96,179.42,679545,179.77,179.5,1,179.58,17,
2026-04-10T12:09:51.662,NC,CASTROLIND,179.59,180.6,180.7,178.96,179.42,679598,179.77,179.5,1,179.59,735,
2026-04-10T12:09:56.279,NC,CASTROLIND,179.59,180.6,180.7,178.96,179.42,679599,179.77,179.5,1,179.59,734,
2026-04-10T12:10:01.077,NC,CASTROLIND,179.59,180.6,180.7,178.96,179.42,679614,179.77,179.47,104,179.59,720,
2026-04-10T12:10:10.692,NC,CASTROLIND,179.59,180.6,180.7,178.96,179.42,679627,179.77,179.53,100,179.59,707,
2026-04-10T12:10:20.815,NC,CASTROLIND,179.59,180.6,180.7,178.96,179.42,679692,179.77,179.53,100,179.59,615,
2026-04-10T12:10:31.425,NC,CASTROLIND,179.59,180.6,180.7,178.96,179.42,679706,179.77,179.53,100,179.59,601,
2026-04-10T12:10:36.228,NC,CASTROLIND,179.59,180.6,180.7,178.96,179.42,679736,179.77,179.53,100,179.59,552,
2026-04-10T12:10:40.936,NC,CASTROLIND,179.55,180.6,180.7,178.96,179.42,680537,179.77,179.41,9,179.55,343,
2026-04-10T12:10:50.549,NC,CASTROLIND,179.54,180.6,180.7,178.96,179.42,680848,179.77,179.41,196,179.54,302,
2026-04-10T12:10:59.777,NC,CASTROLIND,179.54,180.6,180.7,178.96,179.42,680852,179.77,179.41,9,179.54,296,
2026-04-10T12:11:04.601,NC,CASTROLIND,179.5,180.6,180.7,178.96,179.42,680874,179.77,179.41,9,179.54,200,
2026-04-10T12:11:14.476,NC,CASTROLIND,179.54,180.6,180.7,178.96,179.42,680887,179.77,179.41,9,179.52,150,
2026-04-10T12:11:19.488,NC,CASTROLIND,179.5,180.6,180.7,178.96,179.42,680889,179.77,179.41,9,179.53,292,
2026-04-10T12:11:23.994,NC,CASTROLIND,179.41,180.6,180.7,178.96,179.42,681837,179.77,179.4,8,179.41,12,
2026-04-10T12:11:33.006,NC,CASTROLIND,179.41,180.6,180.7,178.96,179.42,681851,179.77,179.4,8,179.41,118,
2026-04-10T12:11:41.617,NC,CASTROLIND,179.41,180.6,180.7,178.96,179.42,681865,179.77,179.4,8,179.41,104,
2026-04-10T12:11:45.727,NC,CASTROLIND,179.41,180.6,180.7,178.96,179.42,681867,179.77,179.4,8,179.41,102,
2026-04-10T12:11:50.126,NC,CASTROLIND,179.41,180.6,180.7,178.96,179.42,681930,179.77,179.4,8,179.41,39,
2026-04-10T12:11:54.542,NC,CASTROLIND,179.41,180.6,180.7,178.96,179.42,681943,179.77,179.4,8,179.41,7,
2026-04-10T12:12:03.567,NC,CASTROLIND,179.4,180.6,180.7,178.96,179.42,681959,179.77,179.4,6,179.41,20,
2026-04-10T12:12:12.368,NC,CASTROLIND,179.41,180.6,180.7,178.96,179.42,681972,179.77,179.4,6,179.41,7,
2026-04-10T12:12:21.286,NC,CASTROLIND,179.41,180.6,180.7,178.96,179.42,682022,179.77,179.4,6,179.41,7,
2026-04-10T12:12:25.690,NC,CASTROLIND,179.41,180.6,180.7,178.96,179.42,682088,179.77,179.4,6,179.41,20,
2026-04-10T12:12:34.920,NC,CASTROLIND,179.41,180.6,180.7,178.96,179.42,682102,179.77,179.4,7,179.41,6,
2026-04-10T12:12:39.503,NC,CASTROLIND,179.41,180.6,180.7,178.96,179.42,682111,179.77,179.4,7,179.41,19,
2026-04-10T12:12:44.211,NC,CASTROLIND,179.41,180.6,180.7,178.96,179.42,682125,179.77,179.4,7,179.41,5,
2026-04-10T12:12:48.810,NC,CASTROLIND,179.41,180.6,180.7,178.96,179.42,682126,179.77,179.4,7,179.41,4,
2026-04-10T12:12:53.619,NC,CASTROLIND,179.46,180.6,180.7,178.96,179.42,682177,179.77,179.4,7,179.46,452,
2026-04-10T12:13:03.632,NC,CASTROLIND,179.46,180.6,180.7,178.96,179.42,682495,179.77,179.46,29,179.52,100,
2026-04-10T12:13:08.749,NC,CASTROLIND,179.62,180.6,180.7,178.96,179.42,683866,179.76,179.5,38,179.62,42,
2026-04-10T12:13:13.840,NC,CASTROLIND,179.62,180.6,180.7,178.96,179.42,684092,179.76,179.5,145,179.62,9,
2026-04-10T12:13:18.652,NC,CASTROLIND,179.46,180.6,180.7,178.96,179.42,684164,179.76,179.4,6,179.54,572,
2026-04-10T12:13:23.454,NC,CASTROLIND,179.51,180.6,180.7,178.96,179.42,684215,179.76,179.4,6,179.46,1770,
2026-04-10T12:13:27.968,NC,CASTROLIND,179.46,180.6,180.7,178.96,179.42,684261,179.76,179.4,7,179.46,1724,
2026-04-10T12:13:32.665,NC,CASTROLIND,179.46,180.6,180.7,178.96,179.42,684275,179.76,179.4,57,179.46,1710,
2026-04-10T12:13:41.775,NC,CASTROLIND,179.46,180.6,180.7,178.96,179.42,684318,179.76,179.4,52,179.46,1672,
2026-04-10T12:13:50.778,NC,CASTROLIND,179.46,180.6,180.7,178.96,179.42,684469,179.76,179.4,54,179.46,1521,
2026-04-10T12:13:55.185,NC,CASTROLIND,179.4,180.6,180.7,178.96,179.42,684517,179.76,179.4,17,179.46,1575,
2026-04-10T12:14:04.100,NC,CASTROLIND,179.46,180.6,180.7,178.96,179.42,684552,179.76,179.4,20,179.46,1486,
2026-04-10T12:14:13.214,NC,CASTROLIND,179.46,180.6,180.7,178.96,179.42,684565,179.76,179.4,20,179.46,1473,
2026-04-10T12:14:17.620,NC,CASTROLIND,179.46,180.6,180.7,178.96,179.42,684567,179.76,179.4,20,179.46,1471,
2026-04-10T12:14:22.146,NC,CASTROLIND,179.46,180.6,180.7,178.96,179.42,684717,179.76,179.4,20,179.46,1321,
2026-04-10T12:14:31.336,NC,CASTROLIND,179.46,180.6,180.7,178.96,179.42,684731,179.76,179.4,12,179.46,1307,
2026-04-10T12:14:36.049,NC,CASTROLIND,179.46,180.6,180.7,178.96,179.42,685231,179.76,179.4,17,179.46,807,
2026-04-10T12:14:40.868,NC,CASTROLIND,179.46,180.6,180.7,178.96,179.42,685244,179.76,179.4,17,179.46,794,
2026-04-10T12:14:45.762,NC,CASTROLIND,179.4,180.6,180.7,178.96,179.42,685245,179.76,179.4,16,179.46,794,
2026-04-10T12:14:51.464,NC,CASTROLIND,179.46,180.6,180.7,178.96,179.42,685311,179.76,179.4,16,179.46,728,
2026-04-10T12:15:01.777,NC,CASTROLIND,179.4,180.6,180.7,178.96,179.42,685329,179.76,179.4,12,179.46,714,
2026-04-10T12:15:11.591,NC,CASTROLIND,179.46,180.6,180.7,178.96,179.42,685342,179.76,179.4,44,179.46,701,
2026-04-10T12:15:21.501,NC,CASTROLIND,179.46,180.6,180.7,178.96,179.42,685392,179.76,179.4,46,179.46,651,
2026-04-10T12:15:26.506,NC,CASTROLIND,179.46,180.6,180.7,178.96,179.42,685393,179.76,179.4,46,179.46,650,
2026-04-10T12:15:31.237,NC,CASTROLIND,179.46,180.6,180.7,178.96,179.42,685419,179.76,179.4,46,179.46,624,
2026-04-10T12:15:35.947,NC,CASTROLIND,179.46,180.6,180.7,178.96,179.42,685424,179.76,179.41,6,179.46,657,
2026-04-10T12:15:41.035,NC,CASTROLIND,179.46,180.6,180.7,178.96,179.42,685937,179.76,179.41,7,179.46,175,
2026-04-10T12:15:52.041,NC,CASTROLIND,179.46,180.6,180.7,178.96,179.42,685989,179.76,179.42,90,179.46,143,
2026-04-10T12:15:57.147,NC,CASTROLIND,179.46,180.6,180.7,178.96,179.42,685999,179.76,179.42,90,179.46,133,
2026-04-10T12:16:01.955,NC,CASTROLIND,179.49,180.6,180.7,178.96,179.42,687099,179.76,179.42,83,179.5,190,
2026-04-10T12:16:12.803,NC,CASTROLIND,179.49,180.6,180.7,178.96,179.42,687116,179.76,179.42,82,179.5,51,
2026-04-10T12:16:22.884,NC,CASTROLIND,179.5,180.6,180.7,178.96,179.42,687167,179.76,179.42,82,179.5,24,
2026-04-10T12:16:32.580,NC,CASTROLIND,179.52,180.6,180.7,178.96,179.42,687383,179.76,179.42,82,179.52,104,
2026-04-10T12:16:37.998,NC,CASTROLIND,179.4,180.6,180.7,178.96,179.42,687538,179.76,179.4,148,179.51,25,
2026-04-10T12:16:43.012,NC,CASTROLIND,179.5,180.6,180.7,178.96,179.42,687554,179.76,179.4,34,179.5,173,
2026-04-10T12:16:52.665,NC,CASTROLIND,179.4,180.6,180.7,178.96,179.42,687639,179.76,179.4,17,179.52,375,
2026-04-10T12:17:01.864,NC,CASTROLIND,179.52,180.6,180.7,178.96,179.42,687653,179.76,179.4,17,179.5,98,
2026-04-10T12:17:06.586,NC,CASTROLIND,179.5,180.6,180.7,178.96,179.42,687654,179.76,179.4,17,179.5,97,
2026-04-10T12:17:11.275,NC,CASTROLIND,179.51,180.6,180.7,178.96,179.42,687667,179.76,179.4,17,179.5,102,
2026-04-10T12:17:21.692,NC,CASTROLIND,179.52,180.6,180.7,178.96,179.42,687717,179.76,179.45,50,179.53,20,
2026-04-10T12:17:31.210,NC,CASTROLIND,179.55,180.6,180.7,178.96,179.42,687756,179.76,179.45,50,179.54,99,
2026-04-10T12:17:35.904,NC,CASTROLIND,179.5,180.6,180.7,178.96,179.42,687766,179.76,179.45,50,179.55,92,
2026-04-10T12:17:40.715,NC,CASTROLIND,179.54,180.6,180.7,178.96,179.42,687800,179.76,179.45,50,179.54,137,
2026-04-10T12:17:45.424,NC,CASTROLIND,179.45,180.6,180.7,178.96,179.42,687801,179.76,179.45,49,179.55,138,
2026-04-10T12:17:49.952,NC,CASTROLIND,179.55,180.6,180.7,178.96,179.42,687840,179.76,179.45,49,179.55,40,
2026-04-10T12:17:54.433,NC,CASTROLIND,179.55,180.6,180.7,178.96,179.42,687858,179.76,179.45,49,179.55,41,
2026-04-10T12:18:03.545,NC,CASTROLIND,179.55,180.6,180.7,178.96,179.42,687875,179.76,179.45,49,179.55,39,
2026-04-10T12:18:08.357,NC,CASTROLIND,179.54,180.6,180.7,178.96,179.42,687912,179.76,179.45,50,179.54,64,
2026-04-10T12:18:13.581,NC,CASTROLIND,179.54,180.6,180.7,178.96,179.42,687945,179.76,179.45,50,179.55,34,
2026-04-10T12:18:23.664,NC,CASTROLIND,179.4,180.6,180.7,178.96,179.42,688264,179.76,179.4,106,179.49,291,
2026-04-10T12:18:29.071,NC,CASTROLIND,179.49,180.6,180.7,178.96,179.42,688564,179.76,179.4,106,179.49,96,
2026-04-10T12:18:33.896,NC,CASTROLIND,179.49,180.6,180.7,178.96,179.42,688593,179.76,179.4,107,179.49,6,
2026-04-10T12:18:43.388,NC,CASTROLIND,179.52,180.6,180.7,178.96,179.42,688906,179.76,179.4,107,179.52,41,
2026-04-10T12:18:52.802,NC,CASTROLIND,179.55,180.6,180.7,178.96,179.42,688982,179.76,179.4,106,179.54,72,
2026-04-10T12:19:02.818,NC,CASTROLIND,179.53,180.6,180.7,178.96,179.42,688996,179.76,179.4,155,179.53,153,
2026-04-10T12:19:12.735,NC,CASTROLIND,179.53,180.6,180.7,178.96,179.42,689009,179.76,179.4,155,179.51,101,
2026-04-10T12:19:22.242,NC,CASTROLIND,179.52,180.6,180.7,178.96,179.42,689084,179.76,179.4,155,179.52,60,
2026-04-10T12:19:31.482,NC,CASTROLIND,179.56,180.6,180.7,178.96,179.42,689102,179.76,179.41,58,179.56,64,
2026-04-10T12:19:36.267,NC,CASTROLIND,179.56,180.6,180.7,178.96,179.42,689190,179.76,179.41,58,179.56,77,
2026-04-10T12:19:41.469,NC,CASTROLIND,179.56,180.6,180.7,178.96,179.42,689203,179.76,179.41,58,179.56,63,
2026-04-10T12:19:51.392,NC,CASTROLIND,179.56,180.6,180.7,178.96,179.42,689254,179.76,179.41,58,179.56,94,
2026-04-10T12:19:56.106,NC,CASTROLIND,179.57,180.6,180.7,178.96,179.42,689562,179.76,179.43,156,179.57,28,
2026-04-10T12:20:01.002,NC,CASTROLIND,179.57,180.6,180.7,178.96,179.42,689576,179.76,179.44,48,179.59,93,
2026-04-10T12:20:10.834,NC,CASTROLIND,179.57,180.6,180.7,178.96,179.42,689639,179.76,179.44,48,179.57,22,
2026-04-10T12:20:21.239,NC,CASTROLIND,179.56,180.6,180.7,178.96,179.42,690684,179.76,179.44,48,179.56,278,
2026-04-10T12:20:30.973,NC,CASTROLIND,179.56,180.6,180.7,178.96,179.42,690698,179.76,179.44,1,179.54,34,
2026-04-10T12:20:35.760,NC,CASTROLIND,179.55,180.6,180.7,178.96,179.42,691201,179.76,179.44,1,179.54,154,
2026-04-10T12:20:40.861,NC,CASTROLIND,179.54,180.6,180.7,178.96,179.42,691357,179.76,179.44,1,179.54,172,
2026-04-10T12:20:50.581,NC,CASTROLIND,179.54,180.6,180.7,178.96,179.42,691414,179.76,179.45,2,179.54,19,
2026-04-10T12:20:55.297,NC,CASTROLIND,179.54,180.6,180.7,178.96,179.42,691415,179.76,179.45,3,179.54,48,
2026-04-10T12:21:00.115,NC,CASTROLIND,179.41,180.6,180.7,178.96,179.42,691515,179.76,179.4,155,179.52,106,
2026-04-10T12:21:05.402,NC,CASTROLIND,179.52,180.6,180.7,178.96,179.42,691540,179.76,179.4,145,179.52,305,
2026-04-10T12:21:10.801,NC,CASTROLIND,179.52,180.6,180.7,178.96,179.42,691553,179.76,179.4,146,179.52,292,
2026-04-10T12:21:15.907,NC,CASTROLIND,179.52,180.6,180.7,178.96,179.42,691555,179.76,179.4,146,179.52,222,
2026-04-10T12:21:20.617,NC,CASTROLIND,179.52,180.6,180.7,178.96,179.42,691606,179.76,179.4,146,179.52,153,
2026-04-10T12:21:30.235,NC,CASTROLIND,179.52,180.6,180.7,178.96,179.42,691636,179.76,179.4,146,179.52,113,
2026-04-10T12:21:34.942,NC,CASTROLIND,179.52,180.6,180.7,178.96,179.42,691660,179.76,179.4,146,179.51,105,
2026-04-10T12:21:44.766,NC,CASTROLIND,179.49,180.6,180.7,178.96,179.42,691673,179.76,179.4,146,179.49,76,
2026-04-10T12:21:50.058,NC,CASTROLIND,179.49,180.6,180.7,178.96,179.42,691711,179.76,179.4,151,179.49,223,
2026-04-10T12:21:55.178,NC,CASTROLIND,179.49,180.6,180.7,178.96,179.42,691724,179.76,179.45,5,179.49,105,
2026-04-10T12:22:00.520,NC,CASTROLIND,179.49,180.6,180.7,178.96,179.42,691738,179.76,179.45,6,179.49,117,
2026-04-10T12:22:05.497,NC,CASTROLIND,179.45,180.6,180.7,178.96,179.42,691739,179.76,179.45,5,179.49,117,
2026-04-10T12:22:10.600,NC,CASTROLIND,179.49,180.6,180.7,178.96,179.42,691763,179.76,179.45,6,179.49,87,
2026-04-10T12:22:20.505,NC,CASTROLIND,179.49,180.6,180.7,178.96,179.42,691815,179.76,179.45,6,179.49,7,
2026-04-10T12:22:25.210,NC,CASTROLIND,179.49,180.6,180.7,178.96,179.42,691819,179.76,179.45,6,179.49,3,
2026-04-10T12:22:29.623,NC,CASTROLIND,179.49,180.6,180.7,178.96,179.42,691821,179.76,179.45,6,179.49,1,
2026-04-10T12:22:34.523,NC,CASTROLIND,179.49,180.6,180.7,178.96,179.42,691835,179.76,179.45,6,179.49,20,
2026-04-10T12:22:44.432,NC,CASTROLIND,179.49,180.6,180.7,178.96,179.42,691848,179.76,179.45,6,179.49,7,
2026-04-10T12:22:49.359,NC,CASTROLIND,179.52,180.6,180.7,178.96,179.42,691987,179.76,179.45,6,179.53,70,
2026-04-10T12:22:54.551,NC,CASTROLIND,179.53,180.6,180.7,178.96,179.42,692038,179.76,179.45,5,179.54,85,
2026-04-10T12:22:59.259,NC,CASTROLIND,179.53,180.6,180.7,178.96,179.42,692041,179.76,179.45,4,179.54,100,
2026-04-10T12:23:04.278,NC,CASTROLIND,179.45,180.6,180.7,178.96,179.42,692059,179.76,179.4,101,179.52,227,
2026-04-10T12:23:13.703,NC,CASTROLIND,179.52,180.6,180.7,178.96,179.42,692072,179.76,179.45,1,179.52,9,
2026-04-10T12:23:24.111,NC,CASTROLIND,179.56,180.6,180.7,178.96,179.42,692122,179.76,179.45,1,179.55,171,
2026-04-10T12:23:34.020,NC,CASTROLIND,179.55,180.6,180.7,178.96,179.42,692136,179.76,179.45,1,179.55,190,
2026-04-10T12:23:38.923,NC,CASTROLIND,179.55,180.6,180.7,178.96,179.42,692141,179.76,179.45,1,179.55,185,
2026-04-10T12:23:43.340,NC,CASTROLIND,179.55,180.6,180.7,178.96,179.42,692154,179.76,179.45,1,179.55,172,
2026-04-10T12:23:53.247,NC,CASTROLIND,179.58,180.6,180.7,178.96,179.42,692218,179.76,179.45,1,179.58,710,
2026-04-10T12:24:02.762,NC,CASTROLIND,179.5,180.6,180.7,178.96,179.42,692239,179.76,179.46,111,179.58,63,
2026-04-10T12:24:07.666,NC,CASTROLIND,179.58,180.6,180.7,178.96,179.42,692273,179.76,179.46,111,179.58,29,
2026-04-10T12:24:12.572,NC,CASTROLIND,179.57,180.6,180.7,178.96,179.42,692287,179.76,179.46,112,179.57,90,
2026-04-10T12:24:17.180,NC,CASTROLIND,179.46,180.6,180.7,178.96,179.42,692293,179.76,179.46,112,179.57,17,
2026-04-10T12:24:22.084,NC,CASTROLIND,179.6,180.6,180.7,178.96,179.42,692433,179.76,179.49,110,179.59,102,
2026-04-10T12:24:27.585,NC,CASTROLIND,179.6,180.6,180.7,178.96,179.42,692463,179.76,179.49,110,179.59,217,
2026-04-10T12:24:32.606,NC,CASTROLIND,179.59,180.6,180.7,178.96,179.42,692477,179.76,179.49,110,179.59,371,
2026-04-10T12:24:42.082,NC,CASTROLIND,179.59,180.6,180.7,178.96,179.42,692490,179.76,179.49,111,179.59,350,
2026-04-10T12:24:51.750,NC,CASTROLIND,179.59,180.6,180.7,178.96,179.42,692541,179.76,179.5,1,179.59,135,
2026-04-10T12:24:56.455,NC,CASTROLIND,179.59,180.6,180.7,178.96,179.42,692542,179.76,179.5,1,179.59,88,
2026-04-10T12:25:01.171,NC,CASTROLIND,179.5,180.6,180.7,178.96,179.42,692558,179.76,179.49,111,179.59,142,
2026-04-10T12:25:06.282,NC,CASTROLIND,179.49,180.6,180.7,178.96,179.42,692572,179.76,179.49,96,179.59,325,
2026-04-10T12:25:11.095,NC,CASTROLIND,179.45,180.6,180.7,178.96,179.42,692780,179.76,179.4,101,179.55,270,
2026-04-10T12:25:20.601,NC,CASTROLIND,179.54,180.6,180.7,178.96,179.42,692831,179.76,179.4,101,179.55,273,
2026-04-10T12:25:34.518,NC,CASTROLIND,179.55,180.6,180.7,178.96,179.42,692845,179.76,179.41,84,179.55,189,
2026-04-10T12:25:44.438,NC,CASTROLIND,179.55,180.6,180.7,178.96,179.42,692858,179.76,179.5,40,179.55,1,
2026-04-10T12:25:53.752,NC,CASTROLIND,179.6,180.6,180.7,178.96,179.42,692909,179.76,179.5,40,179.6,1010,
2026-04-10T12:26:02.679,NC,CASTROLIND,179.5,180.6,180.7,178.96,179.42,692944,179.76,179.5,20,179.59,34,
2026-04-10T12:26:07.468,NC,CASTROLIND,179.59,180.6,180.7,178.96,179.42,692946,179.76,179.5,20,179.59,15,
2026-04-10T12:26:13.179,NC,CASTROLIND,179.59,180.6,180.7,178.96,179.42,692979,179.76,179.5,20,179.59,106,
2026-04-10T12:26:19.589,NC,CASTROLIND,178.81,180.6,180.7,178.81,179.42,744233,179.71,178.81,280,178.9,377,
2026-04-10T12:26:26.010,NC,CASTROLIND,178.71,180.6,180.7,178.71,179.42,749260,179.71,178.7,75,178.78,354,
2026-04-10T12:26:32.126,NC,CASTROLIND,178.66,180.6,180.7,178.66,179.42,750141,179.7,178.66,100,178.75,261,
2026-04-10T12:26:38.121,NC,CASTROLIND,178.66,180.6,180.7,178.65,179.42,750577,179.7,178.66,10,178.74,363,
2026-04-10T12:26:43.228,NC,CASTROLIND,178.74,180.6,180.7,178.65,179.42,750590,179.7,178.66,10,178.74,414,
2026-04-10T12:26:48.133,NC,CASTROLIND,178.66,180.6,180.7,178.65,179.42,751100,179.7,178.62,2,178.71,179,
2026-04-10T12:26:53.055,NC,CASTROLIND,178.71,180.6,180.7,178.65,179.42,751563,179.7,178.66,5,178.71,22,
2026-04-10T12:26:58.153,NC,CASTROLIND,178.71,180.6,180.7,178.65,179.42,751768,179.7,178.66,5,178.71,95,
2026-04-10T12:27:03.167,NC,CASTROLIND,178.66,180.6,180.7,178.65,179.42,751895,179.7,178.66,4,178.71,68,
2026-04-10T12:27:12.979,NC,CASTROLIND,178.78,180.6,180.7,178.65,179.42,754109,179.7,178.66,5,178.71,20,
2026-04-10T12:27:18.071,NC,CASTROLIND,178.66,180.6,180.7,178.65,179.42,755595,179.7,178.66,23,178.79,176,
2026-04-10T12:27:22.878,NC,CASTROLIND,178.75,180.6,180.7,178.65,179.42,755645,179.7,178.65,3,178.75,143,
2026-04-10T12:27:27.579,NC,CASTROLIND,178.65,180.6,180.7,178.65,179.42,755697,179.7,178.65,153,178.74,137,
2026-04-10T12:27:32.985,NC,CASTROLIND,178.74,180.6,180.7,178.65,179.42,755711,179.7,178.66,5,178.74,156,
2026-04-10T12:27:38.097,NC,CASTROLIND,178.75,180.6,180.7,178.65,179.42,755966,179.7,178.75,1260,178.82,155,
2026-04-10T12:27:43.513,NC,CASTROLIND,178.86,180.6,180.7,178.65,179.42,757085,179.69,178.75,1254,178.85,105,
2026-04-10T12:27:48.304,NC,CASTROLIND,178.82,180.6,180.7,178.65,179.42,757090,179.69,178.75,1254,178.85,289,
2026-04-10T12:27:53.309,NC,CASTROLIND,178.84,180.6,180.7,178.65,179.42,757194,179.69,178.75,1254,178.84,98,
2026-04-10T12:27:58.113,NC,CASTROLIND,178.84,180.6,180.7,178.65,179.42,757196,179.69,178.82,30,178.9,407,
2026-04-10T12:28:03.008,NC,CASTROLIND,178.9,180.6,180.7,178.65,179.42,757213,179.69,178.82,30,178.91,100,
2026-04-10T12:28:12.745,NC,CASTROLIND,178.84,180.6,180.7,178.65,179.42,757236,179.69,178.84,90,178.92,313,
2026-04-10T12:28:17.424,NC,CASTROLIND,178.92,180.6,180.7,178.65,179.42,757261,179.69,178.84,90,178.92,288,
2026-04-10T12:28:22.558,NC,CASTROLIND,178.92,180.6,180.7,178.65,179.42,757314,179.69,178.85,9,178.92,239,
2026-04-10T12:28:32.243,NC,CASTROLIND,178.92,180.6,180.7,178.65,179.42,757428,179.69,178.85,9,178.92,231,
2026-04-10T12:28:42.253,NC,CASTROLIND,178.92,180.6,180.7,178.65,179.42,757491,179.69,178.85,59,178.92,195,
2026-04-10T12:28:46.958,NC,CASTROLIND,178.85,180.6,180.7,178.65,179.42,757991,179.69,178.85,50,178.94,362,
2026-04-10T12:28:51.574,NC,CASTROLIND,178.94,180.6,180.7,178.65,179.42,758045,179.69,178.85,50,178.94,399,
2026-04-10T12:28:56.168,NC,CASTROLIND,178.92,180.6,180.7,178.65,179.42,758345,179.69,178.85,50,178.94,367,
2026-04-10T12:29:00.777,NC,CASTROLIND,178.89,180.6,180.7,178.65,179.42,758871,179.69,178.85,50,178.89,21,
2026-04-10T12:29:05.579,NC,CASTROLIND,178.89,180.6,180.7,178.65,179.42,758911,179.69,178.85,50,178.89,21,
2026-04-10T12:29:10.484,NC,CASTROLIND,178.89,180.6,180.7,178.65,179.42,758974,179.69,178.85,50,178.89,8,
2026-04-10T12:29:15.694,NC,CASTROLIND,178.92,180.6,180.7,178.65,179.42,759174,179.69,178.85,2050,178.94,174,
2026-04-10T12:29:20.910,NC,CASTROLIND,178.94,180.6,180.7,178.65,179.42,759224,179.69,178.85,3304,178.94,105,
2026-04-10T12:29:25.509,NC,CASTROLIND,178.85,180.6,180.7,178.65,179.42,759424,179.69,178.85,3113,178.94,105,
2026-04-10T12:29:30.023,NC,CASTROLIND,178.95,180.6,180.7,178.65,179.42,759428,179.69,178.86,250,178.95,331,
2026-04-10T12:29:35.232,NC,CASTROLIND,178.95,180.6,180.7,178.65,179.42,759442,179.69,178.86,250,178.96,309,
2026-04-10T12:29:39.942,NC,CASTROLIND,178.95,180.6,180.7,178.65,179.42,759457,179.69,178.86,250,178.96,143,
2026-04-10T12:29:44.437,NC,CASTROLIND,178.95,180.6,180.7,178.65,179.42,759476,179.69,178.87,9,178.95,133,
2026-04-10T12:29:49.849,NC,CASTROLIND,178.95,180.6,180.7,178.65,179.42,759515,179.69,178.87,9,178.98,80,
2026-04-10T12:29:55.357,NC,CASTROLIND,178.97,180.6,180.7,178.65,179.42,759529,179.69,178.87,11,178.97,317,
2026-04-10T12:30:04.561,NC,CASTROLIND,178.97,180.6,180.7,178.65,179.42,759941,179.69,178.9,2,178.98,296,
2026-04-10T12:30:09.866,NC,CASTROLIND,178.97,180.6,180.7,178.65,179.42,759947,179.69,178.9,2,178.98,205,
2026-04-10T12:30:15.011,NC,CASTROLIND,178.98,180.6,180.7,178.65,179.42,759960,179.69,178.9,3,178.98,456,
2026-04-10T12:30:20.213,NC,CASTROLIND,178.96,180.6,180.7,178.65,179.42,760510,179.69,178.87,11,178.98,294,
2026-04-10T12:30:24.803,NC,CASTROLIND,178.98,180.6,180.7,178.65,179.42,760523,179.69,178.91,9,178.97,294,
2026-04-10T12:30:29.506,NC,CASTROLIND,178.91,180.6,180.7,178.65,179.42,760527,179.69,178.91,5,178.96,426,
2026-04-10T12:30:34.220,NC,CASTROLIND,178.96,180.6,180.7,178.65,179.42,760653,179.69,178.91,5,178.96,300,
2026-04-10T12:30:39.040,NC,CASTROLIND,178.9,180.6,180.7,178.65,179.42,761359,179.69,178.87,1852,178.96,318,
2026-04-10T12:30:43.859,NC,CASTROLIND,178.96,180.6,180.7,178.65,179.42,761372,179.69,178.87,1852,178.96,286,
2026-04-10T12:30:53.149,NC,CASTROLIND,178.96,180.6,180.7,178.65,179.42,761423,179.69,178.9,3,178.96,235,
2026-04-10T12:31:03.265,NC,CASTROLIND,178.96,180.6,180.7,178.65,179.42,761438,179.69,178.92,1,178.96,30,
2026-04-10T12:31:08.481,NC,CASTROLIND,178.96,180.6,180.7,178.65,179.42,761443,179.69,178.92,1,178.96,25,
2026-04-10T12:31:13.594,NC,CASTROLIND,178.96,180.6,180.7,178.65,179.42,761963,179.69,178.9,247,178.97,524,
2026-04-10T12:31:18.274,NC,CASTROLIND,178.97,180.6,180.7,178.65,179.42,761964,179.69,178.92,5,178.97,72,
2026-04-10T12:31:22.784,NC,CASTROLIND,178.97,180.6,180.7,178.65,179.42,762076,179.69,178.92,5,178.97,111,
2026-04-10T12:31:27.198,NC,CASTROLIND,178.97,180.6,180.7,178.65,179.42,762134,179.69,178.92,6,178.98,198,
2026-04-10T12:31:31.800,NC,CASTROLIND,178.97,180.6,180.7,178.65,179.42,763089,179.69,178.95,619,178.97,321,
2026-04-10T12:31:41.509,NC,CASTROLIND,178.97,180.6,180.7,178.65,179.42,763102,179.69,178.95,619,178.97,464,
2026-04-10T12:31:46.166,NC,CASTROLIND,178.95,180.6,180.7,178.65,179.42,763103,179.69,178.95,618,178.97,464,
2026-04-10T12:31:50.427,NC,CASTROLIND,178.97,180.6,180.7,178.65,179.42,763154,179.69,178.95,618,178.97,413,
2026-04-10T12:31:55.337,NC,CASTROLIND,178.97,180.6,180.7,178.65,179.42,763159,179.69,178.95,618,178.97,263,
2026-04-10T12:32:00.233,NC,CASTROLIND,178.95,180.6,180.7,178.65,179.42,763180,179.69,178.96,5,178.97,429,
2026-04-10T12:32:04.947,NC,CASTROLIND,178.97,180.6,180.7,178.65,179.42,763443,179.69,178.96,4,178.97,41,
2026-04-10T12:32:13.966,NC,CASTROLIND,178.97,180.6,180.7,178.65,179.42,763456,179.69,178.96,5,178.97,21,
2026-04-10T12:32:18.863,NC,CASTROLIND,178.97,180.6,180.7,178.65,179.42,763459,179.69,178.96,5,178.97,118,
2026-04-10T12:32:23.767,NC,CASTROLIND,178.97,180.6,180.7,178.65,179.42,763510,179.69,178.96,5,178.97,88,
2026-04-10T12:32:28.274,NC,CASTROLIND,178.97,180.6,180.7,178.65,179.42,763702,179.69,178.96,5,178.97,1,
2026-04-10T12:32:32.687,NC,CASTROLIND,178.95,180.6,180.7,178.65,179.42,763863,179.69,178.95,555,178.99,865,
2026-04-10T12:32:42.102,NC,CASTROLIND,178.99,180.6,180.7,178.65,179.42,763876,179.69,178.95,555,178.99,825,
2026-04-10T12:32:46.809,NC,CASTROLIND,178.95,180.6,180.7,178.65,179.42,764047,179.69,178.95,394,178.99,1023,
2026-04-10T12:32:51.406,NC,CASTROLIND,178.99,180.6,180.7,178.65,179.42,764099,179.69,178.95,394,178.99,971,
2026-04-10T12:32:56.021,NC,CASTROLIND,178.99,180.6,180.7,178.65,179.42,764141,179.69,178.95,389,178.99,755,
2026-04-10T12:33:00.429,NC,CASTROLIND,178.99,180.6,180.7,178.65,179.42,764155,179.69,178.95,389,178.99,717,
2026-04-10T12:33:04.916,NC,CASTROLIND,178.99,180.6,180.7,178.65,179.42,764159,179.69,178.95,388,178.99,654,
2026-04-10T12:33:14.235,NC,CASTROLIND,178.99,180.6,180.7,178.65,179.42,764182,179.69,178.95,388,178.99,631,
2026-04-10T12:33:19.019,NC,CASTROLIND,178.99,180.6,180.7,178.65,179.42,764248,179.69,178.95,388,178.99,725,
2026-04-10T12:33:23.942,NC,CASTROLIND,178.99,180.6,180.7,178.65,179.42,764348,179.69,178.95,408,178.99,429,
2026-04-10T12:33:28.647,NC,CASTROLIND,178.99,180.6,180.7,178.65,179.42,764382,179.69,178.95,408,178.99,395,
2026-04-10T12:33:33.435,NC,CASTROLIND,178.95,180.6,180.7,178.65,179.42,764406,179.69,178.95,398,178.99,218,
2026-04-10T12:33:43.445,NC,CASTROLIND,178.99,180.6,180.7,178.65,179.42,764419,179.69,178.95,400,178.99,545,
2026-04-10T12:33:53.178,NC,CASTROLIND,178.99,180.6,180.7,178.65,179.42,764471,179.69,178.95,400,178.99,543,
2026-04-10T12:33:57.976,NC,CASTROLIND,178.99,180.6,180.7,178.65,179.42,764552,179.69,178.95,320,178.99,691,
2026-04-10T12:34:02.578,NC,CASTROLIND,178.95,180.6,180.7,178.65,179.42,764569,179.69,178.95,320,178.99,675,
2026-04-10T12:34:07.605,NC,CASTROLIND,178.99,180.6,180.7,178.65,179.42,764574,179.69,178.95,320,178.99,664,
2026-04-10T12:34:12.797,NC,CASTROLIND,178.99,180.6,180.7,178.65,179.42,764787,179.69,178.95,122,178.99,441,
2026-04-10T12:34:23.509,NC,CASTROLIND,178.99,180.6,180.7,178.65,179.42,764906,179.69,178.95,123,178.99,324,
2026-04-10T12:34:32.520,NC,CASTROLIND,178.99,180.6,180.7,178.65,179.42,764941,179.69,178.95,124,179.0,18144,
2026-04-10T12:34:37.230,NC,CASTROLIND,178.99,180.6,180.7,178.65,179.42,764952,179.69,178.95,123,178.99,247,
2026-04-10T12:34:42.032,NC,CASTROLIND,178.99,180.6,180.7,178.65,179.42,765170,179.69,178.95,123,178.99,429,
2026-04-10T12:34:50.948,NC,CASTROLIND,178.99,180.6,180.7,178.65,179.42,765222,179.69,178.95,124,178.99,400,
2026-04-10T12:35:01.455,NC,CASTROLIND,178.99,180.6,180.7,178.65,179.42,765386,179.69,178.95,124,178.99,516,
2026-04-10T12:35:06.564,NC,CASTROLIND,178.95,180.6,180.7,178.65,179.42,765395,179.69,178.95,115,178.99,516,
2026-04-10T12:35:11.569,NC,CASTROLIND,179.0,180.6,180.7,178.65,179.42,769265,179.68,178.95,816,179.0,16585,
2026-04-10T12:35:16.389,NC,CASTROLIND,179.0,180.6,180.7,178.65,179.42,769385,179.68,178.95,815,179.0,16503,
2026-04-10T12:35:21.387,NC,CASTROLIND,179.0,180.6,180.7,178.65,179.42,769536,179.68,178.95,816,179.0,16336,
2026-04-10T12:35:26.303,NC,CASTROLIND,179.0,180.6,180.7,178.65,179.42,770036,179.68,178.95,816,179.0,15814,
2026-04-10T12:35:31.303,NC,CASTROLIND,179.0,180.6,180.7,178.65,179.42,770050,179.68,178.95,816,179.0,15801,
2026-04-10T12:35:40.658,NC,CASTROLIND,179.0,180.6,180.7,178.65,179.42,770068,179.68,178.95,816,179.0,15806,
2026-04-10T12:35:45.531,NC,CASTROLIND,179.0,180.6,180.7,178.65,179.42,770327,179.68,178.95,816,179.0,15547,
2026-04-10T12:35:50.333,NC,CASTROLIND,179.0,180.6,180.7,178.65,179.42,770957,179.68,178.95,240,179.0,15551,
2026-04-10T12:35:55.143,NC,CASTROLIND,179.0,180.6,180.7,178.65,179.42,770990,179.68,178.95,240,178.99,630,
2026-04-10T12:35:59.547,NC,CASTROLIND,178.99,180.6,180.7,178.65,179.42,771036,179.68,178.95,239,178.99,585,
2026-04-10T12:36:03.961,NC,CASTROLIND,178.99,180.6,180.7,178.65,179.42,771050,179.68,178.95,239,178.99,530,
2026-04-10T12:36:08.882,NC,CASTROLIND,178.99,180.6,180.7,178.65,179.42,771051,179.68,178.95,239,178.99,330,
2026-04-10T12:36:13.696,NC,CASTROLIND,178.97,180.6,180.7,178.65,179.42,771667,179.68,178.87,1779,178.97,60,
2026-04-10T12:36:18.494,NC,CASTROLIND,178.97,180.6,180.7,178.65,179.42,771672,179.68,178.87,1779,178.97,83,
2026-04-10T12:36:23.300,NC,CASTROLIND,178.99,180.6,180.7,178.65,179.42,771730,179.68,178.97,10,178.99,415,
2026-04-10T12:36:32.547,NC,CASTROLIND,178.99,180.6,180.7,178.65,179.42,771745,179.68,178.97,9,178.99,301,
2026-04-10T12:36:41.875,NC,CASTROLIND,178.99,180.6,180.7,178.65,179.42,771768,179.68,178.97,1,178.99,289,
2026-04-10T12:36:51.172,NC,CASTROLIND,178.99,180.6,180.7,178.65,179.42,771856,179.68,178.97,1,178.99,289,
2026-04-10T12:37:00.078,NC,CASTROLIND,178.99,180.6,180.7,178.65,179.42,771857,179.68,178.97,1,178.99,222,
2026-04-10T12:37:04.607,NC,CASTROLIND,178.99,180.6,180.7,178.65,179.42,771872,179.68,178.97,1,178.99,509,
2026-04-10T12:37:09.389,NC,CASTROLIND,178.99,180.6,180.7,178.65,179.42,771879,179.68,178.97,1,178.99,502,
2026-04-10T12:37:14.290,NC,CASTROLIND,178.99,180.6,180.7,178.65,179.42,771971,179.68,178.97,1,178.99,410,
2026-04-10T12:37:24.203,NC,CASTROLIND,178.99,180.6,180.7,178.65,179.42,772029,179.68,178.97,1,178.99,352,
2026-04-10T12:37:29.005,NC,CASTROLIND,178.99,180.6,180.7,178.65,179.42,773031,179.68,178.97,1,179.0,15435,
2026-04-10T12:37:33.612,NC,CASTROLIND,179.0,180.6,180.7,178.65,179.42,773055,179.68,178.97,1,179.0,15385,
2026-04-10T12:37:43.222,NC,CASTROLIND,179.0,180.6,180.7,178.65,179.42,773105,179.68,178.97,1,179.0,15336,
2026-04-10T12:37:47.832,NC,CASTROLIND,179.0,180.6,180.7,178.65,179.42,773111,179.68,178.97,1,179.0,15352,
2026-04-10T12:37:52.331,NC,CASTROLIND,179.0,180.6,180.7,178.65,179.42,773173,179.68,178.97,1,179.0,15290,
2026-04-10T12:38:01.845,NC,CASTROLIND,179.0,180.6,180.7,178.65,179.42,773187,179.68,178.97,1,179.0,15276,
2026-04-10T12:38:11.777,NC,CASTROLIND,178.99,180.6,180.7,178.65,179.42,773200,179.68,178.97,1,178.99,366,
2026-04-10T12:38:21.888,NC,CASTROLIND,178.98,180.6,180.7,178.65,179.42,773303,179.68,178.97,1,178.98,222,
2026-04-10T12:38:27.087,NC,CASTROLIND,178.98,180.6,180.7,178.65,179.42,773305,179.68,178.97,1,178.98,220,
2026-04-10T12:38:31.996,NC,CASTROLIND,178.98,180.6,180.7,178.65,179.42,773332,179.68,178.97,1,178.98,177,
2026-04-10T12:38:36.801,NC,CASTROLIND,178.95,180.6,180.7,178.65,179.42,774137,179.68,178.95,716,178.98,252,
2026-04-10T12:38:41.694,NC,CASTROLIND,178.98,180.6,180.7,178.65,179.42,774160,179.68,178.95,716,178.98,7,
2026-04-10T12:38:46.406,NC,CASTROLIND,178.99,180.6,180.7,178.65,179.42,774260,179.68,178.96,90,178.99,542,
2026-04-10T12:38:50.902,NC,CASTROLIND,178.99,180.6,180.7,178.65,179.42,774348,179.68,178.96,90,178.99,454,
2026-04-10T12:38:55.514,NC,CASTROLIND,178.99,180.6,180.7,178.65,179.42,774349,179.68,178.96,90,179.0,15266,
2026-04-10T12:39:00.513,NC,CASTROLIND,179.0,180.6,180.7,178.65,179.42,774363,179.68,178.96,90,179.0,15252,
2026-04-10T12:39:05.623,NC,CASTROLIND,178.96,180.6,180.7,178.65,179.42,774373,179.68,178.99,100,179.0,15230,
2026-04-10T12:39:10.832,NC,CASTROLIND,179.0,180.6,180.7,178.65,179.42,774389,179.68,178.99,100,179.0,15214,
2026-04-10T12:39:20.244,NC,CASTROLIND,179.0,180.6,180.7,178.65,179.42,774426,179.68,178.96,102,179.0,15177,
2026-04-10T12:39:24.746,NC,CASTROLIND,179.0,180.6,180.7,178.65,179.42,774500,179.68,178.96,102,179.0,15103,
2026-04-10T12:39:29.784,NC,CASTROLIND,179.0,180.6,180.7,178.65,179.42,774580,179.68,178.96,102,179.0,15023,
2026-04-10T12:39:34.657,NC,CASTROLIND,179.0,180.6,180.7,178.65,179.42,774594,179.68,178.96,102,179.0,15009,
2026-04-10T12:39:44.086,NC,CASTROLIND,178.95,180.6,180.7,178.65,179.42,774907,179.68,178.95,705,178.99,472,
2026-04-10T12:39:53.300,NC,CASTROLIND,178.99,180.6,180.7,178.65,179.42,775028,179.68,178.95,705,178.99,351,
2026-04-10T12:40:02.312,NC,CASTROLIND,178.99,180.6,180.7,178.65,179.42,775042,179.68,178.95,705,178.99,272,
2026-04-10T12:40:07.015,NC,CASTROLIND,178.99,180.6,180.7,178.65,179.42,775142,179.68,178.95,705,178.99,405,
2026-04-10T12:40:11.421,NC,CASTROLIND,178.99,180.6,180.7,178.65,179.42,775156,179.68,178.95,704,178.99,240,
2026-04-10T12:40:15.828,NC,CASTROLIND,178.99,180.6,180.7,178.65,179.42,775157,179.68,178.95,723,178.99,547,
2026-04-10T12:40:20.236,NC,CASTROLIND,178.99,180.6,180.7,178.65,179.42,775195,179.68,178.95,723,178.99,201,
2026-04-10T12:40:24.634,NC,CASTROLIND,178.99,180.6,180.7,178.65,179.42,775213,179.68,178.95,723,178.99,283,
2026-04-10T12:40:33.042,NC,CASTROLIND,178.99,180.6,180.7,178.65,179.42,775227,179.68,178.95,724,178.99,286,
2026-04-10T12:40:37.670,NC,CASTROLIND,178.99,180.6,180.7,178.65,179.42,775292,179.68,178.95,724,178.99,221,
2026-04-10T12:40:42.171,NC,CASTROLIND,178.99,180.6,180.7,178.65,179.42,775305,179.68,178.95,724,178.99,228,
2026-04-10T12:40:46.354,NC,CASTROLIND,178.99,180.6,180.7,178.65,179.42,775307,179.68,178.95,724,178.99,326,
2026-04-10T12:40:50.669,NC,CASTROLIND,178.99,180.6,180.7,178.65,179.42,775358,179.68,178.95,724,178.99,216,
2026-04-10T12:40:55.166,NC,CASTROLIND,178.99,180.6,180.7,178.65,179.42,776579,179.68,178.96,1253,178.99,688,
2026-04-10T12:41:04.186,NC,CASTROLIND,178.96,180.6,180.7,178.65,179.42,776606,179.68,178.96,1248,178.99,568,
2026-04-10T12:41:08.994,NC,CASTROLIND,178.99,180.6,180.7,178.65,179.42,776611,179.68,178.96,1248,178.99,100,
2026-04-10T12:41:13.508,NC,CASTROLIND,178.99,180.6,180.7,178.65,179.42,776624,179.68,178.91,263,178.99,635,
2026-04-10T12:41:18.105,NC,CASTROLIND,178.99,180.6,180.7,178.65,179.42,776825,179.68,178.91,263,178.99,434,
2026-04-10T12:41:22.622,NC,CASTROLIND,178.99,180.6,180.7,178.65,179.42,776875,179.68,178.91,263,178.99,566,
2026-04-10T12:41:26.935,NC,CASTROLIND,178.89,180.6,180.7,178.65,179.42,777617,179.68,178.91,1,178.99,403,
2026-04-10T12:41:31.223,NC,CASTROLIND,178.99,180.6,180.7,178.65,179.42,777634,179.68,178.91,1,178.99,452,
2026-04-10T12:41:36.037,NC,CASTROLIND,178.99,180.6,180.7,178.65,179.42,777645,179.68,178.91,1,178.99,513,
2026-04-10T12:41:41.647,NC,CASTROLIND,178.99,180.6,180.7,178.65,179.42,777761,179.68,178.91,1,178.99,476,
2026-04-10T12:41:46.751,NC,CASTROLIND,178.91,180.6,180.7,178.65,179.42,777762,179.68,178.89,835,178.98,370,
2026-04-10T12:41:51.564,NC,CASTROLIND,178.98,180.6,180.7,178.65,179.42,777914,179.68,178.89,735,178.98,559,
2026-04-10T12:41:56.364,NC,CASTROLIND,178.98,180.6,180.7,178.65,179.42,777931,179.68,178.89,735,178.98,445,
2026-04-10T12:42:00.780,NC,CASTROLIND,178.98,180.6,180.7,178.65,179.42,777970,179.68,178.89,735,178.98,406,
2026-04-10T12:42:05.374,NC,CASTROLIND,178.98,180.6,180.7,178.65,179.42,777980,179.68,178.91,25,178.98,144,
2026-04-10T12:42:10.380,NC,CASTROLIND,178.98,180.6,180.7,178.65,179.42,778180,179.67,178.91,25,178.98,358,
2026-04-10T12:42:15.285,NC,CASTROLIND,178.88,180.6,180.7,178.65,179.42,779193,179.67,178.88,587,178.97,392,
2026-04-10T12:42:20.388,NC,CASTROLIND,178.97,180.6,180.7,178.65,179.42,779230,179.67,178.88,787,178.97,304,
2026-04-10T12:42:25.313,NC,CASTROLIND,178.97,180.6,180.7,178.65,179.42,779244,179.67,178.88,787,178.97,290,
2026-04-10T12:42:30.002,NC,CASTROLIND,178.97,180.6,180.7,178.65,179.42,779265,179.67,178.9,1,178.97,194,
2026-04-10T12:42:34.602,NC,CASTROLIND,178.97,180.6,180.7,178.65,179.42,779282,179.67,178.9,1,178.97,254,
2026-04-10T12:42:39.345,NC,CASTROLIND,178.97,180.6,180.7,178.65,179.42,779363,179.67,178.88,759,178.9,55,
2026-04-10T12:42:43.922,NC,CASTROLIND,178.9,180.6,180.7,178.65,179.42,779386,179.67,178.88,759,178.9,32,
2026-04-10T12:42:48.627,NC,CASTROLIND,178.9,180.6,180.7,178.65,179.42,779396,179.67,178.88,759,178.9,22,
2026-04-10T12:42:53.433,NC,CASTROLIND,178.9,180.6,180.7,178.65,179.42,779447,179.67,178.88,759,178.9,7,
2026-04-10T12:42:58.184,NC,CASTROLIND,178.9,180.6,180.7,178.65,179.42,779448,179.67,178.88,759,178.9,6,
2026-04-10T12:43:03.272,NC,CASTROLIND,178.9,180.6,180.7,178.65,179.42,779473,179.67,178.88,759,178.9,10,
2026-04-10T12:43:08.270,NC,CASTROLIND,178.9,180.6,180.7,178.65,179.42,779484,179.67,178.88,759,178.9,20,
2026-04-10T12:43:12.873,NC,CASTROLIND,178.9,180.6,180.7,178.65,179.42,779500,179.67,178.88,759,178.9,4,
2026-04-10T12:43:17.287,NC,CASTROLIND,178.9,180.6,180.7,178.65,179.42,779501,179.67,178.88,759,178.9,161,
2026-04-10T12:43:22.087,NC,CASTROLIND,178.9,180.6,180.7,178.65,179.42,779554,179.67,178.88,759,178.9,6,
2026-04-10T12:43:26.897,NC,CASTROLIND,178.9,180.6,180.7,178.65,179.42,779566,179.67,178.88,759,178.9,174,
2026-04-10T12:43:31.498,NC,CASTROLIND,178.9,180.6,180.7,178.65,179.42,779584,179.67,178.89,3,178.9,156,
2026-04-10T12:43:40.666,NC,CASTROLIND,178.95,180.6,180.7,178.65,179.42,779629,179.67,178.9,105,178.95,528,
2026-04-10T12:43:45.269,NC,CASTROLIND,178.95,180.6,180.7,178.65,179.42,779654,179.67,178.9,455,178.95,503,
2026-04-10T12:43:49.798,NC,CASTROLIND,178.95,180.6,180.7,178.65,179.42,779742,179.67,178.9,455,178.95,200,
2026-04-10T12:43:54.384,NC,CASTROLIND,178.95,180.6,180.7,178.65,179.42,779770,179.67,178.9,455,178.95,305,
2026-04-10T12:43:59.432,NC,CASTROLIND,178.95,180.6,180.7,178.65,179.42,779820,179.67,178.9,457,178.96,96,
2026-04-10T12:44:04.340,NC,CASTROLIND,178.96,180.6,180.7,178.65,179.42,779834,179.67,178.95,1,178.96,68,
2026-04-10T12:44:09.248,NC,CASTROLIND,178.96,180.6,180.7,178.65,179.42,779839,179.67,178.95,26,178.96,63,
2026-04-10T12:44:14.064,NC,CASTROLIND,178.96,180.6,180.7,178.65,179.42,779852,179.67,178.95,26,178.96,50,
2026-04-10T12:44:22.987,NC,CASTROLIND,178.98,180.6,180.7,178.65,179.42,779902,179.67,178.95,26,178.98,155,
2026-04-10T12:44:31.990,NC,CASTROLIND,178.98,180.6,180.7,178.65,179.42,779916,179.67,178.95,560,178.98,86,
2026-04-10T12:44:36.496,NC,CASTROLIND,178.95,180.6,180.7,178.65,179.42,780016,179.67,178.95,460,178.98,81,
2026-04-10T12:44:41.096,NC,CASTROLIND,178.98,180.6,180.7,178.65,179.42,780079,179.67,178.95,460,178.98,290,
2026-04-10T12:44:49.920,NC,CASTROLIND,178.99,180.6,180.7,178.65,179.42,780205,179.67,178.95,449,178.99,444,
2026-04-10T12:44:54.626,NC,CASTROLIND,178.9,180.6,180.7,178.65,179.42,781701,179.67,178.89,3,178.9,717,
2026-04-10T12:44:59.227,NC,CASTROLIND,178.9,180.6,180.7,178.65,179.42,781707,179.67,178.89,3,178.9,736,
2026-04-10T12:45:04.326,NC,CASTROLIND,178.9,180.6,180.7,178.65,179.42,781821,179.67,178.88,462,178.9,1277,
2026-04-10T12:45:09.432,NC,CASTROLIND,178.9,180.6,180.7,178.65,179.42,781823,179.67,178.88,462,178.9,1275,
2026-04-10T12:45:14.533,NC,CASTROLIND,178.9,180.6,180.7,178.65,179.42,781836,179.67,178.88,462,178.9,1547,
2026-04-10T12:45:19.541,NC,CASTROLIND,178.83,180.6,180.7,178.65,179.42,782391,179.67,178.83,115,178.9,977,
2026-04-10T12:45:24.254,NC,CASTROLIND,178.9,180.6,180.7,178.65,179.42,782441,179.67,178.83,115,178.9,927,
2026-04-10T12:45:28.756,NC,CASTROLIND,178.9,180.6,180.7,178.65,179.42,782443,179.67,178.83,115,178.9,925,
2026-04-10T12:45:33.373,NC,CASTROLIND,178.9,180.6,180.7,178.65,179.42,782457,179.67,178.83,115,178.9,751,
2026-04-10T12:45:42.772,NC,CASTROLIND,178.9,180.6,180.7,178.65,179.42,782670,179.67,178.83,115,178.9,638,
2026-04-10T12:45:48.087,NC,CASTROLIND,178.9,180.6,180.7,178.65,179.42,782678,179.67,178.83,115,178.9,630,
2026-04-10T12:45:53.100,NC,CASTROLIND,178.9,180.6,180.7,178.65,179.42,782734,179.67,178.83,115,178.9,574,
2026-04-10T12:46:02.234,NC,CASTROLIND,178.94,180.6,180.7,178.65,179.42,787530,179.67,178.84,287,178.94,215,
2026-04-10T12:46:07.011,NC,CASTROLIND,178.94,180.6,180.7,178.65,179.42,787535,179.67,178.84,287,178.94,169,
2026-04-10T12:46:11.818,NC,CASTROLIND,178.94,180.6,180.7,178.65,179.42,787548,179.67,178.83,116,178.94,374,
2026-04-10T12:46:16.640,NC,CASTROLIND,178.94,180.6,180.7,178.65,179.42,787549,179.67,178.83,116,178.94,396,
2026-04-10T12:46:21.133,NC,CASTROLIND,178.94,180.6,180.7,178.65,179.42,787600,179.67,178.83,116,178.94,250,
2026-04-10T12:46:34.555,NC,CASTROLIND,178.92,180.6,180.7,178.65,179.42,787614,179.67,178.87,101,178.92,350,
2026-04-10T12:46:39.259,NC,CASTROLIND,178.92,180.6,180.7,178.65,179.42,787649,179.67,178.87,101,178.92,281,
2026-04-10T12:46:43.871,NC,CASTROLIND,178.92,180.6,180.7,178.65,179.42,787662,179.67,178.87,101,178.92,65,
2026-04-10T12:46:53.294,NC,CASTROLIND,178.92,180.6,180.7,178.65,179.42,787754,179.67,178.9,10,178.92,218,
2026-04-10T12:46:57.890,NC,CASTROLIND,178.92,180.6,180.7,178.65,179.42,788054,179.67,178.91,101,178.92,81,
2026-04-10T12:47:02.695,NC,CASTROLIND,178.92,180.6,180.7,178.65,179.42,788253,179.67,178.91,101,178.92,508,
2026-04-10T12:47:12.414,NC,CASTROLIND,178.92,180.6,180.7,178.65,179.42,788476,179.67,178.91,101,178.92,395,
2026-04-10T12:47:17.111,NC,CASTROLIND,178.91,180.6,180.7,178.65,179.42,788514,179.67,178.91,63,178.92,395,
2026-04-10T12:47:21.826,NC,CASTROLIND,178.92,180.6,180.7,178.65,179.42,788729,179.66,178.91,13,178.92,230,
2026-04-10T12:47:31.337,NC,CASTROLIND,178.92,180.6,180.7,178.65,179.42,788748,179.66,178.91,13,178.92,211,
2026-04-10T12:47:36.137,NC,CASTROLIND,178.92,180.6,180.7,178.65,179.42,788749,179.66,178.91,13,178.92,210,
2026-04-10T12:47:40.546,NC,CASTROLIND,178.92,180.6,180.7,178.65,179.42,788814,179.66,178.91,13,178.92,170,
2026-04-10T12:47:44.846,NC,CASTROLIND,178.91,180.6,180.7,178.65,179.42,788909,179.66,178.91,101,178.92,120,
2026-04-10T12:47:49.452,NC,CASTROLIND,178.91,180.6,180.7,178.65,179.42,788934,179.66,178.91,76,178.92,95,
2026-04-10T12:47:54.176,NC,CASTROLIND,178.91,180.6,180.7,178.65,179.42,789513,179.66,178.91,20,178.93,202,
2026-04-10T12:47:59.172,NC,CASTROLIND,178.95,180.6,180.7,178.65,179.42,789577,179.66,178.91,20,178.95,109,
2026-04-10T12:48:04.475,NC,CASTROLIND,178.95,180.6,180.7,178.65,179.42,789610,179.66,178.91,20,178.95,1,
2026-04-10T12:48:13.985,NC,CASTROLIND,178.95,180.6,180.7,178.65,179.42,789626,179.66,178.91,20,178.95,17,
2026-04-10T12:48:23.419,NC,CASTROLIND,178.95,180.6,180.7,178.65,179.42,789789,179.66,178.95,191,178.99,170,
2026-04-10T12:48:33.138,NC,CASTROLIND,179.0,180.6,180.7,178.65,179.42,789808,179.66,178.95,192,179.0,14774,
2026-04-10T12:48:38.017,NC,CASTROLIND,179.0,180.6,180.7,178.65,179.42,790000,179.66,178.95,1,179.0,14744,
2026-04-10T12:48:43.016,NC,CASTROLIND,179.0,180.6,180.7,178.65,179.42,790023,179.66,178.95,2,179.0,14619,
2026-04-10T12:48:47.850,NC,CASTROLIND,179.0,180.6,180.7,178.65,179.42,790126,179.66,178.95,2,179.0,14516,
2026-04-10T12:48:52.539,NC,CASTROLIND,179.0,180.6,180.7,178.65,179.42,790178,179.66,178.95,2,179.0,14464,
2026-04-10T12:48:57.549,NC,CASTROLIND,179.0,180.6,180.7,178.65,179.42,790201,179.66,178.95,2,179.0,14489,
2026-04-10T12:49:03.044,NC,CASTROLIND,179.0,180.6,180.7,178.65,179.42,790217,179.66,178.95,2,179.0,14473,
2026-04-10T12:49:08.351,NC,CASTROLIND,179.0,180.6,180.7,178.65,179.42,791217,179.66,178.95,29,178.99,185,
2026-04-10T12:49:13.284,NC,CASTROLIND,178.99,180.6,180.7,178.65,179.42,791251,179.66,178.99,10,179.0,13425,
2026-04-10T12:49:23.491,NC,CASTROLIND,179.0,180.6,180.7,178.65,179.42,791305,179.66,178.99,40,179.0,13871,
2026-04-10T12:49:28.181,NC,CASTROLIND,178.99,180.6,180.7,178.65,179.42,791346,179.66,178.95,28,178.99,157,
2026-04-10T12:49:32.787,NC,CASTROLIND,178.99,180.6,180.7,178.65,179.42,791367,179.66,178.95,28,178.99,159,
2026-04-10T12:49:37.802,NC,CASTROLIND,178.99,180.6,180.7,178.65,179.42,791380,179.66,178.95,28,178.99,146,
2026-04-10T12:49:42.705,NC,CASTROLIND,178.99,180.6,180.7,178.65,179.42,791501,179.66,178.95,29,178.99,6,
2026-04-10T12:49:52.122,NC,CASTROLIND,178.99,180.6,180.7,178.65,179.42,791547,179.66,178.99,1,179.0,13930,
2026-04-10T12:49:57.127,NC,CASTROLIND,179.0,180.6,180.7,178.65,179.42,791552,179.66,178.95,28,178.99,235,
2026-04-10T12:50:01.931,NC,CASTROLIND,178.99,180.6,180.7,178.65,179.42,792014,179.66,178.95,28,178.99,351,
2026-04-10T12:50:12.340,NC,CASTROLIND,178.99,180.6,180.7,178.65,179.42,792168,179.66,178.91,13,178.99,794,
2026-04-10T12:50:23.144,NC,CASTROLIND,178.99,180.6,180.7,178.65,179.42,792226,179.66,178.91,13,178.99,537,
2026-04-10T12:50:28.252,NC,CASTROLIND,178.99,180.6,180.7,178.65,179.42,792231,179.66,178.91,13,178.99,532,
2026-04-10T12:50:33.060,NC,CASTROLIND,178.99,180.6,180.7,178.65,179.42,792245,179.66,178.91,13,178.99,666,
2026-04-10T12:50:38.064,NC,CASTROLIND,178.99,180.6,180.7,178.65,179.42,792313,179.66,178.9,84,178.99,689,
2026-04-10T12:50:43.070,NC,CASTROLIND,178.99,180.6,180.7,178.65,179.42,792382,179.66,178.9,31,178.99,528,
2026-04-10T12:50:47.681,NC,CASTROLIND,178.9,180.6,180.7,178.65,179.42,792404,179.66,178.9,9,178.99,1107,
2026-04-10T12:50:53.508,NC,CASTROLIND,178.99,180.6,180.7,178.65,179.42,792456,179.66,178.9,9,178.97,274,
2026-04-10T12:51:04.997,NC,CASTROLIND,178.97,180.6,180.7,178.65,179.42,792475,179.66,178.9,409,178.97,31,
2026-04-10T12:51:10.722,NC,CASTROLIND,178.97,180.6,180.7,178.65,179.42,792497,179.66,178.9,400,178.97,18,
2026-04-10T12:51:15.816,NC,CASTROLIND,178.97,180.6,180.7,178.65,179.42,792502,179.66,178.9,400,178.97,13,
2026-04-10T12:51:20.931,NC,CASTROLIND,178.97,180.6,180.7,178.65,179.42,792558,179.66,178.92,400,178.97,10,
2026-04-10T12:51:26.236,NC,CASTROLIND,178.97,180.6,180.7,178.65,179.42,792559,179.66,178.95,400,178.97,9,
2026-04-10T12:51:31.153,NC,CASTROLIND,178.97,180.6,180.7,178.65,179.42,792573,179.66,178.95,400,178.97,23,
2026-04-10T12:51:40.955,NC,CASTROLIND,178.97,180.6,180.7,178.65,179.42,792613,179.66,178.91,1,178.97,523,
2026-04-10T12:51:50.573,NC,CASTROLIND,178.97,180.6,180.7,178.65,179.42,792668,179.66,178.91,1,178.97,478,
2026-04-10T12:51:55.371,NC,CASTROLIND,178.97,180.6,180.7,178.65,179.42,792671,179.66,178.91,1,178.97,551,
2026-04-10T12:52:00.477,NC,CASTROLIND,178.97,180.6,180.7,178.65,179.42,792696,179.66,178.91,1,178.97,468,
2026-04-10T12:52:10.290,NC,CASTROLIND,178.97,180.6,180.7,178.65,179.42,792750,179.66,178.91,1,178.97,442,
2026-04-10T12:52:14.910,NC,CASTROLIND,178.97,180.6,180.7,178.65,179.42,792778,179.66,178.91,1,178.97,386,
2026-04-10T12:52:19.419,NC,CASTROLIND,179.0,180.6,180.7,178.65,179.42,793288,179.66,178.97,47,179.0,13786,
2026-04-10T12:52:24.128,NC,CASTROLIND,179.0,180.6,180.7,178.65,179.42,793558,179.66,178.97,47,179.0,13723,
2026-04-10T12:52:28.931,NC,CASTROLIND,178.97,180.6,180.7,178.65,179.42,793561,179.66,178.97,44,179.0,13666,
2026-04-10T12:52:33.824,NC,CASTROLIND,179.0,180.6,180.7,178.65,179.42,793742,179.66,178.97,44,179.0,13485,
2026-04-10T12:52:43.638,NC,CASTROLIND,179.0,180.6,180.7,178.65,179.42,793785,179.66,178.97,44,179.0,13442,
2026-04-10T12:52:49.236,NC,CASTROLIND,179.0,180.6,180.7,178.65,179.42,793886,179.66,178.97,44,178.99,748,
2026-04-10T12:52:53.942,NC,CASTROLIND,178.99,180.6,180.7,178.65,179.42,793937,179.66,178.97,44,178.99,655,
2026-04-10T12:52:58.555,NC,CASTROLIND,178.99,180.6,180.7,178.65,179.42,793992,179.66,178.9,95,178.99,852,
2026-04-10T12:53:03.466,NC,CASTROLIND,178.99,180.6,180.7,178.65,179.42,794009,179.66,178.9,95,178.99,792,
2026-04-10T12:53:12.772,NC,CASTROLIND,178.99,180.6,180.7,178.65,179.42,794025,179.66,178.9,96,178.99,926,
2026-04-10T12:53:17.378,NC,CASTROLIND,178.99,180.6,180.7,178.65,179.42,794140,179.66,178.9,111,178.99,699,
2026-04-10T12:53:21.882,NC,CASTROLIND,178.99,180.6,180.7,178.65,179.42,794190,179.66,178.9,136,178.99,406,
2026-04-10T12:53:31.597,NC,CASTROLIND,178.99,180.6,180.7,178.65,179.42,794216,179.66,178.9,136,178.99,160,
2026-04-10T12:53:40.606,NC,CASTROLIND,178.99,180.6,180.7,178.65,179.42,794229,179.66,178.9,122,178.99,472,
2026-04-10T12:53:44.813,NC,CASTROLIND,178.99,180.6,180.7,178.65,179.42,794281,179.66,178.9,137,178.99,584,
2026-04-10T12:53:49.126,NC,CASTROLIND,178.99,180.6,180.7,178.65,179.42,794481,179.66,178.9,140,178.99,114,
2026-04-10T12:53:53.453,NC,CASTROLIND,178.99,180.6,180.7,178.65,179.42,794541,179.66,178.95,1,178.99,43,
2026-04-10T12:53:58.483,NC,CASTROLIND,178.99,180.6,180.7,178.65,179.42,794651,179.66,178.95,1,178.99,259,
2026-04-10T12:54:03.237,NC,CASTROLIND,178.99,180.6,180.7,178.65,179.42,794665,179.66,178.95,1,178.99,66,
2026-04-10T12:54:12.957,NC,CASTROLIND,178.99,180.6,180.7,178.65,179.42,794678,179.66,178.95,2,178.99,281,
2026-04-10T12:54:18.348,NC,CASTROLIND,178.99,180.6,180.7,178.65,179.42,794684,179.66,178.95,2,178.99,262,
2026-04-10T12:54:23.452,NC,CASTROLIND,178.99,180.6,180.7,178.65,179.42,794742,179.66,178.95,2,178.99,98,
2026-04-10T12:54:28.451,NC,CASTROLIND,178.99,180.6,180.7,178.65,179.42,794743,179.66,178.95,2,178.99,97,
2026-04-10T12:54:33.167,NC,CASTROLIND,178.99,180.6,180.7,178.65,179.42,794759,179.66,178.95,2,178.99,196,
2026-04-10T12:54:37.774,NC,CASTROLIND,178.99,180.6,180.7,178.65,179.42,794765,179.66,178.95,32,178.99,40,
2026-04-10T12:54:42.514,NC,CASTROLIND,178.99,180.6,180.7,178.65,179.42,794880,179.66,178.95,32,178.99,147,
2026-04-10T12:54:47.789,NC,CASTROLIND,178.87,180.6,180.7,178.65,179.42,795092,179.66,178.87,37,178.98,413,
2026-04-10T12:54:52.889,NC,CASTROLIND,178.85,180.6,180.7,178.65,179.42,795146,179.66,178.85,110,178.98,659,
2026-04-10T12:54:57.814,NC,CASTROLIND,178.97,180.6,180.7,178.65,179.42,795348,179.66,178.9,1,178.99,48,
2026-04-10T12:55:02.905,NC,CASTROLIND,178.87,180.6,180.7,178.65,179.42,795464,179.66,178.87,11,178.99,299,
2026-04-10T12:55:07.911,NC,CASTROLIND,178.99,180.6,180.7,178.65,179.42,795474,179.66,178.87,1,178.99,609,
2026-04-10T12:55:13.015,NC,CASTROLIND,178.99,180.6,180.7,178.65,179.42,795487,179.66,178.87,2,178.99,502,
2026-04-10T12:55:18.048,NC,CASTROLIND,178.99,180.6,180.7,178.65,179.42,795488,179.66,178.87,2,178.99,357,
2026-04-10T12:55:23.044,NC,CASTROLIND,178.99,180.6,180.7,178.65,179.42,795639,179.66,178.87,2,179.0,13191,
2026-04-10T12:55:32.462,NC,CASTROLIND,178.99,180.6,180.7,178.65,179.42,795661,179.66,178.87,2,178.98,155,
2026-04-10T12:55:37.268,NC,CASTROLIND,178.98,180.6,180.7,178.65,179.42,795664,179.66,178.87,2,178.98,393,
2026-04-10T12:55:41.971,NC,CASTROLIND,178.98,180.6,180.7,178.65,179.42,795691,179.66,178.85,17,178.98,345,
2026-04-10T12:55:46.581,NC,CASTROLIND,178.98,180.6,180.7,178.65,179.42,795706,179.66,178.85,17,178.98,327,
2026-04-10T12:55:51.084,NC,CASTROLIND,178.98,180.6,180.7,178.65,179.42,795757,179.66,178.86,260,178.98,94,
2026-04-10T12:55:55.492,NC,CASTROLIND,178.98,180.6,180.7,178.65,179.42,795758,179.66,178.86,260,178.98,73,
2026-04-10T12:56:04.899,NC,CASTROLIND,178.98,180.6,180.7,178.65,179.42,795783,179.66,178.85,68,178.98,341,
2026-04-10T12:56:09.522,NC,CASTROLIND,178.98,180.6,180.7,178.65,179.42,796053,179.66,178.85,283,178.97,151,
2026-04-10T12:56:13.929,NC,CASTROLIND,178.96,180.6,180.7,178.65,179.42,796067,179.66,178.85,93,178.96,400,
2026-04-10T12:56:22.727,NC,CASTROLIND,178.99,180.6,180.7,178.65,179.42,796117,179.66,178.9,1000,178.99,773,
2026-04-10T12:56:32.773,NC,CASTROLIND,178.99,180.6,180.7,178.65,179.42,796131,179.66,178.96,145,178.99,697,
2026-04-10T12:56:41.980,NC,CASTROLIND,178.99,180.6,180.7,178.65,179.42,796144,179.66,178.98,7,178.99,661,
2026-04-10T12:56:50.780,NC,CASTROLIND,178.99,180.6,180.7,178.65,179.42,796206,179.66,178.96,142,178.99,609,
2026-04-10T12:57:03.989,NC,CASTROLIND,178.99,180.6,180.7,178.65,179.42,796220,179.66,178.96,142,178.99,595,
2026-04-10T12:57:08.597,NC,CASTROLIND,178.99,180.6,180.7,178.65,179.42,796325,179.66,178.96,142,178.99,490,
2026-04-10T12:57:13.213,NC,CASTROLIND,178.99,180.6,180.7,178.65,179.42,796438,179.66,178.96,142,178.99,592,
2026-04-10T12:57:17.809,NC,CASTROLIND,178.99,180.6,180.7,178.65,179.42,796448,179.66,178.96,142,178.99,582,
2026-04-10T12:57:22.212,NC,CASTROLIND,178.99,180.6,180.7,178.65,179.42,796498,179.66,178.96,142,178.99,562,
2026-04-10T12:57:26.623,NC,CASTROLIND,178.99,180.6,180.7,178.65,179.42,796508,179.66,178.96,142,178.99,608,
2026-04-10T12:57:31.133,NC,CASTROLIND,178.99,180.6,180.7,178.65,179.42,796564,179.66,178.96,131,178.99,745,
2026-04-10T12:57:40.447,NC,CASTROLIND,178.99,180.6,180.7,178.65,179.42,796577,179.66,178.96,131,178.99,732,
2026-04-10T12:57:50.865,NC,CASTROLIND,178.99,180.6,180.7,178.65,179.42,796628,179.66,178.96,131,178.99,625,
2026-04-10T12:57:55.810,NC,CASTROLIND,178.99,180.6,180.7,178.65,179.42,796728,179.66,178.96,131,178.99,603,
2026-04-10T12:58:00.272,NC,CASTROLIND,178.99,180.6,180.7,178.65,179.42,796797,179.66,178.96,102,178.99,563,
2026-04-10T12:58:04.582,NC,CASTROLIND,178.99,180.6,180.7,178.65,179.42,796811,179.66,178.96,102,178.99,549,
2026-04-10T12:58:09.495,NC,CASTROLIND,178.96,180.6,180.7,178.65,179.42,797013,179.66,178.9,1000,178.99,1066,
2026-04-10T12:58:14.498,NC,CASTROLIND,178.99,180.6,180.7,178.65,179.42,797026,179.66,178.9,1000,178.99,1052,
2026-04-10T12:58:19.187,NC,CASTROLIND,178.99,180.6,180.7,178.65,179.42,797051,179.66,178.9,1020,178.99,578,
2026-04-10T12:58:24.105,NC,CASTROLIND,178.99,180.6,180.7,178.65,179.42,797102,179.66,178.9,1020,178.99,493,
2026-04-10T12:58:28.496,NC,CASTROLIND,178.99,180.6,180.7,178.65,179.42,797104,179.66,178.96,3,178.99,261,
2026-04-10T12:58:32.906,NC,CASTROLIND,178.99,180.6,180.7,178.65,179.42,797118,179.66,178.96,3,179.0,13195,
2026-04-10T12:58:42.026,NC,CASTROLIND,178.99,180.6,180.7,178.65,179.42,797258,179.66,178.96,1,178.99,425,
2026-04-10T12:58:50.827,NC,CASTROLIND,179.0,180.6,180.7,178.65,179.42,797309,179.66,178.99,12,179.0,13121,
2026-04-10T12:58:55.428,NC,CASTROLIND,178.91,180.6,180.7,178.65,179.42,797374,179.66,178.9,1032,178.99,160,
2026-04-10T12:58:59.827,NC,CASTROLIND,178.9,180.6,180.7,178.65,179.42,798374,179.66,178.9,32,178.99,406,
2026-04-10T12:59:04.131,NC,CASTROLIND,178.99,180.6,180.7,178.65,179.42,798418,179.66,178.9,2,178.99,335,
2026-04-10T12:59:12.949,NC,CASTROLIND,178.87,180.6,180.7,178.65,179.42,798441,179.66,178.86,113,178.99,1081,
2026-04-10T12:59:21.963,NC,CASTROLIND,178.99,180.6,180.7,178.65,179.42,798691,179.66,178.85,394,178.98,293,
2026-04-10T12:59:30.676,NC,CASTROLIND,178.98,180.6,180.7,178.65,179.42,798725,179.66,178.85,394,178.98,385,
2026-04-10T12:59:43.911,NC,CASTROLIND,178.98,180.6,180.7,178.65,179.42,799706,179.66,178.98,115,179.0,13336,
2026-04-10T12:59:48.328,NC,CASTROLIND,178.98,180.6,180.7,178.65,179.42,799904,179.66,178.98,101,179.0,13326,
2026-04-10T12:59:52.827,NC,CASTROLIND,179.0,180.6,180.7,178.65,179.42,799957,179.66,178.98,101,179.0,13273,
2026-04-10T13:00:02.334,NC,CASTROLIND,178.99,180.6,180.7,178.65,179.42,799971,179.66,178.98,101,178.99,412,
2026-04-10T13:00:07.237,NC,CASTROLIND,178.99,180.6,180.7,178.65,179.42,800001,179.66,178.98,101,178.99,192,
2026-04-10T13:00:12.147,NC,CASTROLIND,178.99,180.6,180.7,178.65,179.42,800014,179.66,178.98,101,178.99,478,
2026-04-10T13:00:17.260,NC,CASTROLIND,178.98,180.6,180.7,178.65,179.42,800064,179.65,178.98,51,178.99,495,
2026-04-10T13:00:21.976,NC,CASTROLIND,179.0,180.6,180.7,178.65,179.42,800078,179.65,178.99,4,179.0,13260,
2026-04-10T13:00:26.581,NC,CASTROLIND,179.0,180.6,180.7,178.65,179.42,800115,179.65,178.98,51,179.0,13223,
2026-04-10T13:00:31.488,NC,CASTROLIND,179.0,180.6,180.7,178.65,179.42,800129,179.65,178.98,71,179.0,13209,
2026-04-10T13:00:41.391,NC,CASTROLIND,179.0,180.6,180.7,178.65,179.42,800165,179.65,178.98,51,179.0,13193,
2026-04-10T13:00:46.291,NC,CASTROLIND,179.0,180.6,180.7,178.65,179.42,800176,179.65,178.98,51,179.0,12977,
2026-04-10T13:00:51.094,NC,CASTROLIND,179.0,180.6,180.7,178.65,179.42,800227,179.65,178.98,51,179.0,12926,
2026-04-10T13:00:55.613,NC,CASTROLIND,179.0,180.6,180.7,178.65,179.42,800257,179.65,178.99,20,179.0,12996,
2026-04-10T13:01:00.207,NC,CASTROLIND,179.0,180.6,180.7,178.65,179.42,800262,179.65,178.99,1820,179.0,12891,
2026-04-10T13:01:04.413,NC,CASTROLIND,179.0,180.6,180.7,178.65,179.42,802106,179.65,178.98,51,179.0,12867,
2026-04-10T13:01:09.318,NC,CASTROLIND,178.98,180.6,180.7,178.65,179.42,802167,179.65,178.9,30,178.99,1033,
2026-04-10T13:01:14.132,NC,CASTROLIND,178.98,180.6,180.7,178.65,179.42,802190,179.65,178.9,31,178.99,835,
2026-04-10T13:01:18.938,NC,CASTROLIND,178.98,180.6,180.7,178.65,179.42,802245,179.65,178.88,15,178.98,524,
2026-04-10T13:01:23.446,NC,CASTROLIND,178.98,180.6,180.7,178.65,179.42,802296,179.65,178.88,15,178.98,297,
2026-04-10T13:01:28.055,NC,CASTROLIND,178.98,180.6,180.7,178.65,179.42,802301,179.65,178.88,15,178.98,668,
2026-04-10T13:01:32.563,NC,CASTROLIND,178.98,180.6,180.7,178.65,179.42,802315,179.65,178.88,28,178.98,612,
2026-04-10T13:01:37.381,NC,CASTROLIND,178.98,180.6,180.7,178.65,179.42,802326,179.65,178.88,28,178.98,538,
2026-04-10T13:01:41.983,NC,CASTROLIND,178.98,180.6,180.7,178.65,179.42,802342,179.65,178.88,28,178.98,485,
2026-04-10T13:01:46.785,NC,CASTROLIND,178.98,180.6,180.7,178.65,179.42,802402,179.65,178.88,28,178.97,157,
2026-04-10T13:01:51.697,NC,CASTROLIND,178.98,180.6,180.7,178.65,179.42,802582,179.65,178.97,4,178.99,408,
2026-04-10T13:01:56.110,NC,CASTROLIND,179.0,180.6,180.7,178.65,179.42,802661,179.65,178.9,6,179.0,13022,
2026-04-10T13:02:00.512,NC,CASTROLIND,179.0,180.6,180.7,178.65,179.42,802675,179.65,178.95,5,179.0,13008,
2026-04-10T13:02:05.035,NC,CASTROLIND,179.0,180.6,180.7,178.65,179.42,803068,179.65,178.95,5,179.0,12668,
2026-04-10T13:02:10.013,NC,CASTROLIND,179.0,180.6,180.7,178.65,179.42,803078,179.65,178.95,5,179.0,12621,
2026-04-10T13:02:14.530,NC,CASTROLIND,179.0,180.6,180.7,178.65,179.42,803093,179.65,178.95,5,179.0,12627,
2026-04-10T13:02:18.720,NC,CASTROLIND,179.0,180.6,180.7,178.65,179.42,803096,179.65,178.95,5,179.0,12608,
2026-04-10T13:02:22.929,NC,CASTROLIND,179.0,180.6,180.7,178.65,179.42,803146,179.65,178.95,5,179.0,12558,
2026-04-10T13:02:31.950,NC,CASTROLIND,179.0,180.6,180.7,178.65,179.42,803180,179.65,178.95,5,179.0,12524,
2026-04-10T13:02:41.680,NC,CASTROLIND,179.0,180.6,180.7,178.65,179.42,803243,179.65,178.95,5,179.0,12461,
2026-04-10T13:02:50.994,NC,CASTROLIND,178.99,180.6,180.7,178.65,179.42,803295,179.65,178.95,5,178.99,264,
2026-04-10T13:02:55.912,NC,CASTROLIND,178.99,180.6,180.7,178.65,179.42,803298,179.65,178.95,5,178.99,338,
2026-04-10T13:03:00.912,NC,CASTROLIND,178.99,180.6,180.7,178.65,179.42,803657,179.65,178.95,15,178.99,122,
2026-04-10T13:03:05.825,NC,CASTROLIND,178.99,180.6,180.7,178.65,179.42,803698,179.65,178.95,15,178.99,21,
2026-04-10T13:03:10.713,NC,CASTROLIND,178.99,180.6,180.7,178.65,179.42,803721,179.65,178.95,15,178.99,152,
2026-04-10T13:03:19.721,NC,CASTROLIND,178.99,180.6,180.7,178.65,179.42,803758,179.65,178.95,15,178.99,21,
2026-04-10T13:03:24.040,NC,CASTROLIND,178.99,180.6,180.7,178.65,179.42,804056,179.65,178.95,15,178.99,238,
2026-04-10T13:03:28.438,NC,CASTROLIND,178.98,180.6,180.7,178.65,179.42,804275,179.65,178.89,11,178.98,134,
2026-04-10T13:03:32.954,NC,CASTROLIND,178.98,180.6,180.7,178.65,179.42,804317,179.65,178.89,11,178.98,306,
2026-04-10T13:03:42.551,NC,CASTROLIND,179.0,180.6,180.7,178.65,179.42,804354,179.65,178.98,1,179.0,12215,
2026-04-10T13:03:46.962,NC,CASTROLIND,178.95,180.6,180.7,178.65,179.42,804384,179.65,178.95,71,179.0,12277,
2026-04-10T13:03:51.461,NC,CASTROLIND,179.0,180.6,180.7,178.65,179.42,804460,179.65,178.95,71,179.0,12139,
2026-04-10T13:03:56.468,NC,CASTROLIND,179.0,180.6,180.7,178.65,179.42,804470,179.65,178.95,71,179.0,12129,
2026-04-10T13:04:01.574,NC,CASTROLIND,179.0,180.6,180.7,178.65,179.42,804685,179.65,178.99,10,179.0,11914,
2026-04-10T13:04:06.173,NC,CASTROLIND,179.0,180.6,180.7,178.65,179.42,804785,179.65,178.99,10,179.0,11814,
2026-04-10T13:04:10.988,NC,CASTROLIND,179.0,180.6,180.7,178.65,179.42,804798,179.65,178.99,10,179.0,11801,
2026-04-10T13:04:15.699,NC,CASTROLIND,179.0,180.6,180.7,178.65,179.42,804808,179.65,178.99,10,179.0,11891,
2026-04-10T13:04:20.202,NC,CASTROLIND,179.0,180.6,180.7,178.65,179.42,804846,179.65,178.99,10,179.0,11753,
2026-04-10T13:04:25.097,NC,CASTROLIND,178.98,180.6,180.7,178.65,179.42,804924,179.65,178.98,445,179.0,11740,
2026-04-10T13:04:29.604,NC,CASTROLIND,178.98,180.6,180.7,178.65,179.42,805077,179.65,178.98,292,179.0,11740,
2026-04-10T13:04:33.930,NC,CASTROLIND,178.9,180.6,180.7,178.65,179.42,805591,179.65,178.9,97,178.99,798,
2026-04-10T13:04:43.128,NC,CASTROLIND,178.99,180.6,180.7,178.65,179.42,805604,179.65,178.9,85,178.99,1197,
2026-04-10T13:04:51.950,NC,CASTROLIND,178.99,180.6,180.7,178.65,179.42,805658,179.65,178.91,206,178.99,1109,
2026-04-10T13:05:01.248,NC,CASTROLIND,178.99,180.6,180.7,178.65,179.42,805702,179.65,178.9,256,178.99,903,
2026-04-10T13:05:05.851,NC,CASTROLIND,178.99,180.6,180.7,178.65,179.42,805974,179.65,178.9,256,178.99,615,
2026-04-10T13:05:10.653,NC,CASTROLIND,178.99,180.6,180.7,178.65,179.42,805987,179.65,178.9,256,178.99,602,
2026-04-10T13:05:14.959,NC,CASTROLIND,178.99,180.6,180.7,178.65,179.42,806016,179.65,178.98,1000,178.99,729,
2026-04-10T13:05:23.812,NC,CASTROLIND,178.98,180.6,180.7,178.65,179.42,806080,179.65,178.98,987,178.99,678,
2026-04-10T13:05:28.517,NC,CASTROLIND,178.99,180.6,180.7,178.65,179.42,807067,179.65,178.9,256,178.99,347,
2026-04-10T13:05:33.106,NC,CASTROLIND,178.99,180.6,180.7,178.65,179.42,807086,179.65,178.9,256,178.99,278,
2026-04-10T13:05:37.723,NC,CASTROLIND,178.99,180.6,180.7,178.65,179.42,807087,179.65,178.9,271,178.99,437,
2026-04-10T13:05:42.926,NC,CASTROLIND,178.99,180.6,180.7,178.65,179.42,807125,179.65,178.9,281,178.99,239,
2026-04-10T13:05:47.627,NC,CASTROLIND,178.88,180.6,180.7,178.65,179.42,807425,179.65,178.88,7,178.99,1144,
2026-04-10T13:05:52.231,NC,CASTROLIND,178.99,180.6,180.7,178.65,179.42,807477,179.65,178.88,7,178.99,932,
2026-04-10T13:06:01.350,NC,CASTROLIND,178.99,180.6,180.7,178.65,179.42,807491,179.65,178.88,7,178.99,918,
2026-04-10T13:06:06.148,NC,CASTROLIND,178.88,180.6,180.7,178.65,179.42,807493,179.65,178.88,6,178.99,918,
2026-04-10T13:06:10.855,NC,CASTROLIND,178.99,180.6,180.7,178.65,179.42,807521,179.65,178.88,6,178.99,828,
2026-04-10T13:06:24.259,NC,CASTROLIND,178.98,180.6,180.7,178.65,179.42,807582,179.65,178.88,6,178.98,347,
2026-04-10T13:06:28.560,NC,CASTROLIND,178.98,180.6,180.7,178.65,179.42,807667,179.65,178.88,6,178.98,262,
2026-04-10T13:06:32.994,NC,CASTROLIND,178.98,180.6,180.7,178.65,179.42,807683,179.65,178.89,206,178.98,69,
2026-04-10T13:06:37.771,NC,CASTROLIND,178.89,180.6,180.7,178.65,179.42,807694,179.65,178.88,6,178.98,265,
2026-04-10T13:06:42.688,NC,CASTROLIND,178.98,180.6,180.7,178.65,179.42,807907,179.65,178.88,7,178.98,20,
2026-04-10T13:06:47.587,NC,CASTROLIND,178.97,180.6,180.7,178.65,179.42,808007,179.65,178.88,6,178.97,83,
2026-04-10T13:06:51.994,NC,CASTROLIND,178.97,180.6,180.7,178.65,179.42,808070,179.65,178.88,7,178.97,81,
2026-04-10T13:06:56.504,NC,CASTROLIND,178.85,180.6,180.7,178.65,179.42,808580,179.65,178.83,365,178.96,153,
2026-04-10T13:07:00.922,NC,CASTROLIND,178.96,180.6,180.7,178.65,179.42,808594,179.65,178.83,365,178.96,201,
2026-04-10T13:07:15.069,NC,CASTROLIND,178.96,180.6,180.7,178.65,179.42,808880,179.65,178.81,391,178.96,513,
2026-04-10T13:07:19.578,NC,CASTROLIND,178.81,180.6,180.7,178.65,179.42,808885,179.65,178.89,25,178.96,465,
2026-04-10T13:07:23.990,NC,CASTROLIND,178.96,180.6,180.7,178.65,179.42,809238,179.65,178.89,25,178.96,214,
2026-04-10T13:07:28.490,NC,CASTROLIND,178.96,180.6,180.7,178.65,179.42,809295,179.65,178.89,13,178.96,43,
2026-04-10T13:07:33.115,NC,CASTROLIND,178.96,180.6,180.7,178.65,179.42,809309,179.65,178.89,13,178.96,138,
2026-04-10T13:07:42.441,NC,CASTROLIND,178.96,180.6,180.7,178.65,179.42,809417,179.65,178.9,5,178.96,250,
2026-04-10T13:07:47.032,NC,CASTROLIND,178.96,180.6,180.7,178.65,179.42,809419,179.65,178.9,5,178.96,263,
2026-04-10T13:07:51.538,NC,CASTROLIND,178.96,180.6,180.7,178.65,179.42,809470,179.65,178.9,5,178.96,88,
2026-04-10T13:07:56.450,NC,CASTROLIND,178.91,180.6,180.7,178.65,179.42,809483,179.65,178.82,20,178.91,183,
2026-04-10T13:08:01.054,NC,CASTROLIND,178.91,180.6,180.7,178.65,179.42,809497,179.65,178.82,20,178.91,189,
2026-04-10T13:08:05.562,NC,CASTROLIND,178.91,180.6,180.7,178.65,179.42,809522,179.65,178.82,20,178.91,163,
2026-04-10T13:08:14.978,NC,CASTROLIND,178.91,180.6,180.7,178.65,179.42,809535,179.65,178.82,121,178.91,133,
2026-04-10T13:08:19.297,NC,CASTROLIND,178.91,180.6,180.7,178.65,179.42,809566,179.65,178.82,122,178.91,182,
2026-04-10T13:08:23.905,NC,CASTROLIND,178.82,180.6,180.7,178.65,179.42,809628,179.65,178.82,171,178.91,112,
2026-04-10T13:08:32.809,NC,CASTROLIND,178.91,180.6,180.7,178.65,179.42,809848,179.65,178.82,81,178.91,101,
2026-04-10T13:08:37.513,NC,CASTROLIND,178.91,180.6,180.7,178.65,179.42,809948,179.65,178.82,82,178.91,20,
2026-04-10T13:08:42.026,NC,CASTROLIND,178.91,180.6,180.7,178.65,179.42,809965,179.65,178.85,1,178.91,13,
2026-04-10T13:08:46.627,NC,CASTROLIND,178.91,180.6,180.7,178.65,179.42,809970,179.65,178.85,1,178.91,9,
2026-04-10T13:08:51.640,NC,CASTROLIND,178.91,180.6,180.7,178.65,179.42,809999,179.65,178.91,2,178.99,27,
2026-04-10T13:08:56.452,NC,CASTROLIND,178.99,180.6,180.7,178.65,179.42,810029,179.65,178.91,20,178.97,164,
2026-04-10T13:09:01.434,NC,CASTROLIND,178.97,180.6,180.7,178.65,179.42,810043,179.65,178.91,20,178.97,216,
2026-04-10T13:09:11.167,NC,CASTROLIND,178.97,180.6,180.7,178.65,179.42,810061,179.65,178.91,21,178.98,163,
2026-04-10T13:09:20.778,NC,CASTROLIND,178.98,180.6,180.7,178.65,179.42,810111,179.65,178.91,20,178.98,113,
2026-04-10T13:09:26.084,NC,CASTROLIND,178.98,180.6,180.7,178.65,179.42,810117,179.65,178.91,20,178.98,107,
2026-04-10T13:09:31.101,NC,CASTROLIND,178.97,180.6,180.7,178.65,179.42,810391,179.65,178.82,428,178.97,739,
2026-04-10T13:09:35.994,NC,CASTROLIND,178.96,180.6,180.7,178.65,179.42,810524,179.65,178.84,206,178.96,151,
2026-04-10T13:09:40.701,NC,CASTROLIND,178.96,180.6,180.7,178.65,179.42,810537,179.65,178.84,206,178.96,138,
2026-04-10T13:09:45.307,NC,CASTROLIND,178.96,180.6,180.7,178.65,179.42,810690,179.65,178.83,26,178.97,321,
2026-04-10T13:09:49.834,NC,CASTROLIND,178.95,180.6,180.7,178.65,179.42,810784,179.65,178.83,39,178.95,394,
2026-04-10T13:09:54.421,NC,CASTROLIND,178.95,180.6,180.7,178.65,179.42,810797,179.65,178.84,216,178.95,381,
2026-04-10T13:09:59.235,NC,CASTROLIND,178.95,180.6,180.7,178.65,179.42,810847,179.65,178.85,25,178.94,168,
2026-04-10T13:10:04.123,NC,CASTROLIND,178.94,180.6,180.7,178.65,179.42,810862,179.65,178.85,25,178.94,172,
2026-04-10T13:10:09.454,NC,CASTROLIND,178.94,180.6,180.7,178.65,179.42,810909,179.65,178.9,1,178.94,26,
2026-04-10T13:10:14.759,NC,CASTROLIND,178.94,180.6,180.7,178.65,179.42,810923,179.65,178.9,1,178.93,41,
2026-04-10T13:10:19.658,NC,CASTROLIND,178.93,180.6,180.7,178.65,179.42,811023,179.65,178.9,1,178.93,45,
2026-04-10T13:10:24.262,NC,CASTROLIND,178.93,180.6,180.7,178.65,179.42,811074,179.65,178.9,1,178.93,20,
2026-04-10T13:10:33.467,NC,CASTROLIND,178.93,180.6,180.7,178.65,179.42,811088,179.65,178.9,3,178.93,308,
2026-04-10T13:10:43.785,NC,CASTROLIND,178.93,180.6,180.7,178.65,179.42,811111,179.65,178.9,4,178.93,386,
2026-04-10T13:10:48.591,NC,CASTROLIND,178.93,180.6,180.7,178.65,179.42,811161,179.65,178.9,10,178.93,20,
2026-04-10T13:10:53.697,NC,CASTROLIND,179.0,180.6,180.7,178.65,179.42,811284,179.65,178.93,11995,179.0,11826,
2026-04-10T13:10:58.505,NC,CASTROLIND,179.0,180.6,180.7,178.65,179.42,811347,179.65,178.94,200,179.0,11763,
2026-04-10T13:11:03.510,NC,CASTROLIND,179.34,180.6,180.7,178.65,179.42,957993,179.55,179.26,99,179.36,205,
2026-04-10T13:11:09.030,NC,CASTROLIND,179.36,180.6,180.7,178.65,179.42,958028,179.55,179.21,56,179.3,100,
2026-04-10T13:11:14.845,NC,CASTROLIND,179.3,180.6,180.7,178.65,179.42,958076,179.55,179.21,56,179.3,52,
2026-04-10T13:11:20.047,NC,CASTROLIND,179.3,180.6,180.7,178.65,179.42,958113,179.55,179.21,107,179.3,15,
2026-04-10T13:11:24.883,NC,CASTROLIND,179.3,180.6,180.7,178.65,179.42,958126,179.55,179.21,56,179.3,2,
2026-04-10T13:11:29.674,NC,CASTROLIND,179.34,180.6,180.7,178.65,179.42,958146,179.55,179.22,56,179.34,95,
2026-04-10T13:11:34.488,NC,CASTROLIND,179.34,180.6,180.7,178.65,179.42,958160,179.55,179.25,102,179.35,17,
2026-04-10T13:11:39.381,NC,CASTROLIND,179.3,180.6,180.7,178.65,179.42,958360,179.55,179.22,107,179.34,236,
2026-04-10T13:11:43.986,NC,CASTROLIND,179.34,180.6,180.7,178.65,179.42,958393,179.55,179.23,106,179.34,185,
2026-04-10T13:11:48.393,NC,CASTROLIND,179.34,180.6,180.7,178.65,179.42,958395,179.55,179.23,105,179.34,184,
2026-04-10T13:11:53.099,NC,CASTROLIND,179.34,180.6,180.7,178.65,179.42,958447,179.55,179.23,105,179.34,132,
2026-04-10T13:12:02.517,NC,CASTROLIND,179.34,180.6,180.7,178.65,179.42,958461,179.55,179.23,213,179.34,118,
2026-04-10T13:12:07.224,NC,CASTROLIND,179.34,180.6,180.7,178.65,179.42,958464,179.55,179.23,213,179.34,115,
2026-04-10T13:12:11.921,NC,CASTROLIND,179.36,180.6,180.7,178.65,179.42,958579,179.55,179.26,105,179.36,10,
2026-04-10T13:12:16.522,NC,CASTROLIND,179.3,180.6,180.7,178.65,179.42,958581,179.55,179.27,107,179.36,90,
2026-04-10T13:12:21.134,NC,CASTROLIND,179.35,180.6,180.7,178.65,179.42,958753,179.55,179.2,105,179.35,298,
2026-04-10T13:12:30.959,NC,CASTROLIND,179.35,180.6,180.7,178.65,179.42,958767,179.55,179.26,2,179.35,284,
2026-04-10T13:12:36.551,NC,CASTROLIND,179.2,180.6,180.7,178.65,179.42,958772,179.55,179.26,1,179.35,317,
2026-04-10T13:12:41.663,NC,CASTROLIND,179.35,180.6,180.7,178.65,179.42,958790,179.55,179.26,1,179.35,266,
2026-04-10T13:12:46.666,NC,CASTROLIND,179.34,180.6,180.7,178.65,179.42,958833,179.55,179.26,1,179.35,14,
2026-04-10T13:12:51.477,NC,CASTROLIND,179.34,180.6,180.7,178.65,179.42,958895,179.55,179.26,1,179.34,30,
2026-04-10T13:13:00.814,NC,CASTROLIND,179.34,180.6,180.7,178.65,179.42,958917,179.55,179.26,1,179.34,34,
2026-04-10T13:13:05.995,NC,CASTROLIND,179.18,180.6,180.7,178.65,179.42,958925,179.55,179.18,101,179.31,105,
2026-04-10T13:13:11.467,NC,CASTROLIND,179.3,180.6,180.7,178.65,179.42,958938,179.55,179.18,101,179.3,100,
2026-04-10T13:13:21.678,NC,CASTROLIND,179.3,180.6,180.7,178.65,179.42,959028,179.55,179.18,106,179.3,172,
2026-04-10T13:13:30.988,NC,CASTROLIND,179.3,180.6,180.7,178.65,179.42,959132,179.55,179.18,106,179.3,104,
2026-04-10T13:13:41.004,NC,CASTROLIND,179.3,180.6,180.7,178.65,179.42,959186,179.55,179.2,142,179.3,92,
2026-04-10T13:13:45.929,NC,CASTROLIND,179.3,180.6,180.7,178.65,179.42,959196,179.55,179.2,142,179.3,32,
2026-04-10T13:13:50.841,NC,CASTROLIND,179.3,180.6,180.7,178.65,179.42,959247,179.55,179.19,162,179.3,5,
2026-04-10T13:13:55.827,NC,CASTROLIND,179.3,180.6,180.7,178.65,179.42,959248,179.55,179.2,1,179.3,78,
2026-04-10T13:14:01.339,NC,CASTROLIND,179.3,180.6,180.7,178.65,179.42,959262,179.55,179.2,1,179.3,42,
2026-04-10T13:14:11.390,NC,CASTROLIND,179.29,180.6,180.7,178.65,179.42,959295,179.55,179.2,1,179.29,202,
2026-04-10T13:14:16.292,NC,CASTROLIND,179.29,180.6,180.7,178.65,179.42,959304,179.55,179.19,149,179.29,194,
2026-04-10T13:14:20.994,NC,CASTROLIND,179.29,180.6,180.7,178.65,179.42,959354,179.55,179.19,149,179.29,144,
2026-04-10T13:14:25.695,NC,CASTROLIND,179.29,180.6,180.7,178.65,179.42,959364,179.55,179.19,150,179.29,134,
2026-04-10T13:14:34.707,NC,CASTROLIND,179.29,180.6,180.7,178.65,179.42,959378,179.55,179.19,181,179.29,120,
2026-04-10T13:14:39.310,NC,CASTROLIND,179.29,180.6,180.7,178.65,179.42,959380,179.55,179.19,181,179.29,118,
2026-04-10T13:14:44.215,NC,CASTROLIND,179.29,180.6,180.7,178.65,179.42,959406,179.55,179.2,153,179.29,92,
2026-04-10T13:14:50.234,NC,CASTROLIND,179.29,180.6,180.7,178.65,179.42,959445,179.55,179.2,162,179.29,53,
2026-04-10T13:14:55.626,NC,CASTROLIND,179.29,180.6,180.7,178.65,179.42,959458,179.55,179.2,162,179.29,40,
2026-04-10T13:15:00.738,NC,CASTROLIND,179.29,180.6,180.7,178.65,179.42,959623,179.55,179.19,74,179.28,87,
2026-04-10T13:15:06.029,NC,CASTROLIND,179.28,180.6,180.7,178.65,179.42,959625,179.55,179.19,74,179.28,85,
2026-04-10T13:15:10.742,NC,CASTROLIND,179.28,180.6,180.7,178.65,179.42,959639,179.55,179.18,5,179.28,71,
2026-04-10T13:15:21.254,NC,CASTROLIND,179.29,180.6,180.7,178.65,179.42,959698,179.55,179.2,500,179.29,45,
2026-04-10T13:15:26.564,NC,CASTROLIND,179.25,180.6,180.7,178.65,179.42,959773,179.55,179.2,500,179.29,47,
2026-04-10T13:15:31.487,NC,CASTROLIND,179.29,180.6,180.7,178.65,179.42,959787,179.55,179.2,500,179.29,33,
2026-04-10T13:15:36.379,NC,CASTROLIND,179.29,180.6,180.7,178.65,179.42,959808,179.55,179.2,500,179.29,107,
2026-04-10T13:15:41.394,NC,CASTROLIND,179.29,180.6,180.7,178.65,179.42,959821,179.55,179.21,105,179.3,105,
2026-04-10T13:15:46.288,NC,CASTROLIND,179.21,180.6,180.7,178.65,179.42,959861,179.55,179.21,65,179.3,154,
2026-04-10T13:15:51.299,NC,CASTROLIND,179.3,180.6,180.7,178.65,179.42,959913,179.55,179.2,500,179.3,108,
2026-04-10T13:16:00.873,NC,CASTROLIND,179.3,180.6,180.7,178.65,179.42,960077,179.55,179.21,98,179.3,59,
2026-04-10T13:16:05.964,NC,CASTROLIND,179.3,180.6,180.7,178.65,179.42,960079,179.55,179.21,98,179.3,25,
2026-04-10T13:16:11.175,NC,CASTROLIND,179.21,180.6,180.7,178.65,179.42,960127,179.55,179.21,74,179.3,7,
2026-04-10T13:16:21.782,NC,CASTROLIND,179.16,180.6,180.7,178.65,179.42,960955,179.54,179.13,40,179.27,618,
2026-04-10T13:16:31.395,NC,CASTROLIND,179.27,180.6,180.7,178.65,179.42,961044,179.54,179.14,107,179.27,518,
2026-04-10T13:16:36.099,NC,CASTROLIND,179.27,180.6,180.7,178.65,179.42,961244,179.54,179.14,107,179.27,288,
2026-04-10T13:16:40.703,NC,CASTROLIND,179.26,180.6,180.7,178.65,179.42,961269,179.54,179.11,30,179.26,519,
2026-04-10T13:16:50.364,NC,CASTROLIND,179.26,180.6,180.7,178.65,179.42,961307,179.54,179.15,1,179.26,428,
2026-04-10T13:16:54.922,NC,CASTROLIND,179.14,180.6,180.7,178.65,179.42,961639,179.54,179.13,34,179.26,306,
2026-04-10T13:16:59.446,NC,CASTROLIND,179.26,180.6,180.7,178.65,179.42,961659,179.54,179.14,102,179.26,163,
2026-04-10T13:17:04.265,NC,CASTROLIND,179.26,180.6,180.7,178.65,179.42,961673,179.54,179.2,26,179.26,30,
2026-04-10T13:17:09.148,NC,CASTROLIND,179.26,180.6,180.7,178.65,179.42,961722,179.54,179.16,155,179.26,16,
2026-04-10T13:17:14.143,NC,CASTROLIND,179.26,180.6,180.7,178.65,179.42,961792,179.54,179.15,237,179.26,20,
2026-04-10T13:17:23.479,NC,CASTROLIND,179.28,180.6,180.7,178.65,179.42,961957,179.54,179.18,216,179.31,2020,
2026-04-10T13:17:32.781,NC,CASTROLIND,179.31,180.6,180.7,178.65,179.42,961971,179.54,179.18,216,179.31,2006,
2026-04-10T13:17:37.286,NC,CASTROLIND,179.28,180.6,180.7,178.65,179.42,962071,179.54,179.18,54,179.31,2037,
2026-04-10T13:17:42.093,NC,CASTROLIND,179.31,180.6,180.7,178.65,179.42,962084,179.54,179.18,54,179.31,2024,
2026-04-10T13:17:46.690,NC,CASTROLIND,179.31,180.6,180.7,178.65,179.42,962111,179.54,179.19,108,179.31,1946,
2026-04-10T13:17:51.294,NC,CASTROLIND,179.31,180.6,180.7,178.65,179.42,962252,179.54,179.19,98,179.31,1905,
2026-04-10T13:18:00.125,NC,CASTROLIND,179.31,180.6,180.7,178.65,179.42,962256,179.54,179.19,103,179.31,1801,
2026-04-10T13:18:04.613,NC,CASTROLIND,179.31,180.6,180.7,178.65,179.42,962270,179.54,179.19,103,179.31,1897,
2026-04-10T13:18:14.145,NC,CASTROLIND,179.31,180.6,180.7,178.65,179.42,962283,179.54,179.18,204,179.31,2069,
2026-04-10T13:18:23.657,NC,CASTROLIND,179.31,180.6,180.7,178.65,179.42,962338,179.54,179.19,103,179.31,1884,
2026-04-10T13:18:34.162,NC,CASTROLIND,179.28,180.6,180.7,178.65,179.42,962603,179.54,179.16,43,179.28,157,
2026-04-10T13:18:39.275,NC,CASTROLIND,179.28,180.6,180.7,178.65,179.42,962653,179.54,179.18,5,179.28,79,
2026-04-10T13:18:44.072,NC,CASTROLIND,179.28,180.6,180.7,178.65,179.42,962681,179.54,179.16,43,179.28,100,
2026-04-10T13:18:53.087,NC,CASTROLIND,179.28,180.6,180.7,178.65,179.42,962732,179.54,179.16,43,179.28,20,
2026-04-10T13:18:57.690,NC,CASTROLIND,179.18,180.6,180.7,178.65,179.42,962897,179.54,179.15,151,179.18,20,
2026-04-10T13:19:02.889,NC,CASTROLIND,179.18,180.6,180.7,178.65,179.42,962912,179.54,179.15,151,179.18,5,
2026-04-10T13:19:08.003,NC,CASTROLIND,179.18,180.6,180.7,178.65,179.42,962913,179.54,179.15,171,179.18,4,
2026-04-10T13:19:12.819,NC,CASTROLIND,179.15,180.6,180.7,178.65,179.42,963033,179.54,179.15,152,179.18,5,
2026-04-10T13:19:17.701,NC,CASTROLIND,179.18,180.6,180.7,178.65,179.42,963056,179.54,179.15,152,179.18,20,
2026-04-10T13:19:22.504,NC,CASTROLIND,179.24,180.6,180.7,178.65,179.42,963307,179.54,179.15,152,179.24,145,
2026-04-10T13:19:31.832,NC,CASTROLIND,179.31,180.6,180.7,178.65,179.42,963321,179.54,179.24,5,179.31,1696,
2026-04-10T13:19:41.033,NC,CASTROLIND,179.31,180.6,180.7,178.65,179.42,963534,179.54,179.24,5,179.31,1532,
2026-04-10T13:19:45.533,NC,CASTROLIND,179.2,180.6,180.7,178.65,179.42,963554,179.54,179.21,101,179.31,1522,
2026-04-10T13:19:49.846,NC,CASTROLIND,179.31,180.6,180.7,178.65,179.42,963593,179.54,179.2,123,179.31,1609,
2026-04-10T13:19:54.256,NC,CASTROLIND,179.31,180.6,180.7,178.65,179.42,963606,179.54,179.2,123,179.31,1596,
2026-04-10T13:19:58.862,NC,CASTROLIND,179.31,180.6,180.7,178.65,179.42,963610,179.54,179.15,332,179.2,1,
2026-04-10T13:20:04.088,NC,CASTROLIND,179.3,180.6,180.7,178.65,179.42,963624,179.54,179.2,133,179.31,1807,
2026-04-10T13:20:14.094,NC,CASTROLIND,179.3,180.6,180.7,178.65,179.42,963642,179.54,179.25,10,179.31,1579,
2026-04-10T13:20:24.110,NC,CASTROLIND,179.31,180.6,180.7,178.65,179.42,963692,179.54,179.25,10,179.31,1529,
2026-04-10T13:20:28.718,NC,CASTROLIND,179.31,180.6,180.7,178.65,179.42,963791,179.54,179.25,10,179.31,1530,
2026-04-10T13:20:33.449,NC,CASTROLIND,179.31,180.6,180.7,178.65,179.42,963805,179.54,179.25,10,179.31,1416,
2026-04-10T13:20:43.159,NC,CASTROLIND,179.31,180.6,180.7,178.65,179.42,963898,179.54,179.25,10,179.31,1323,
2026-04-10T13:20:47.763,NC,CASTROLIND,179.31,180.6,180.7,178.65,179.42,963901,179.54,179.25,10,179.31,1320,
2026-04-10T13:20:52.661,NC,CASTROLIND,179.31,180.6,180.7,178.65,179.42,963953,179.54,179.25,10,179.31,1268,
2026-04-10T13:20:57.368,NC,CASTROLIND,179.31,180.6,180.7,178.65,179.42,976159,179.54,179.16,92,179.29,218,
2026-04-10T13:21:02.473,NC,CASTROLIND,179.29,180.6,180.7,178.65,179.42,976199,179.54,179.17,273,179.29,21,
2026-04-10T13:21:07.793,NC,CASTROLIND,179.17,180.6,180.7,178.65,179.42,976201,179.54,179.17,181,179.29,20,
2026-04-10T13:21:12.987,NC,CASTROLIND,179.23,180.6,180.7,178.65,179.42,976413,179.54,179.11,137,179.23,27,
2026-04-10T13:21:23.097,NC,CASTROLIND,179.23,180.6,180.7,178.65,179.42,976466,179.54,179.13,153,179.23,182,
2026-04-10T13:21:27.915,NC,CASTROLIND,179.13,180.6,180.7,178.65,179.42,976488,179.54,179.13,131,179.23,182,
2026-04-10T13:21:32.932,NC,CASTROLIND,179.23,180.6,180.7,178.65,179.42,976502,179.54,179.12,36,179.23,208,
2026-04-10T13:21:37.829,NC,CASTROLIND,179.23,180.6,180.7,178.65,179.42,976545,179.54,179.12,36,179.23,165,
2026-04-10T13:21:42.433,NC,CASTROLIND,179.23,180.6,180.7,178.65,179.42,976583,179.54,179.13,160,179.23,2,
2026-04-10T13:21:46.659,NC,CASTROLIND,179.23,180.6,180.7,178.65,179.42,976683,179.54,179.13,160,179.23,40,
2026-04-10T13:21:50.949,NC,CASTROLIND,179.23,180.6,180.7,178.65,179.42,976784,179.54,179.14,150,179.23,40,
2026-04-10T13:21:55.165,NC,CASTROLIND,179.23,180.6,180.7,178.65,179.42,976800,179.54,179.12,36,179.23,29,
2026-04-10T13:22:04.876,NC,CASTROLIND,179.23,180.6,180.7,178.65,179.42,976814,179.54,179.13,103,179.23,55,
2026-04-10T13:22:09.468,NC,CASTROLIND,179.23,180.6,180.7,178.65,179.42,976825,179.54,179.13,105,179.23,44,
2026-04-10T13:22:14.166,NC,CASTROLIND,179.23,180.6,180.7,178.65,179.42,976838,179.54,179.13,104,179.23,71,
2026-04-10T13:22:23.408,NC,CASTROLIND,179.13,180.6,180.7,178.65,179.42,976920,179.54,179.13,73,179.23,20,
2026-04-10T13:22:33.401,NC,CASTROLIND,179.24,180.6,180.7,178.65,179.42,977034,179.54,179.13,73,179.23,20,
2026-04-10T13:22:42.731,NC,CASTROLIND,179.23,180.6,180.7,178.65,179.42,977050,179.54,179.13,73,179.23,4,
2026-04-10T13:22:51.442,NC,CASTROLIND,179.22,180.6,180.7,178.65,179.42,977101,179.54,179.13,105,179.22,110,
2026-04-10T13:22:56.044,NC,CASTROLIND,179.23,180.6,180.7,178.65,179.42,977551,179.54,179.13,27,179.22,20,
2026-04-10T13:23:00.551,NC,CASTROLIND,179.22,180.6,180.7,178.65,179.42,977585,179.54,179.12,36,179.22,6,
2026-04-10T13:23:05.055,NC,CASTROLIND,179.22,180.6,180.7,178.65,179.42,977628,179.54,179.12,36,179.22,2,
2026-04-10T13:23:09.853,NC,CASTROLIND,179.13,180.6,180.7,178.65,179.42,977663,179.54,179.12,36,179.13,20,
2026-04-10T13:23:14.628,NC,CASTROLIND,179.13,180.6,180.7,178.65,179.42,977703,179.54,179.12,36,179.13,18,
2026-04-10T13:23:23.839,NC,CASTROLIND,179.13,180.6,180.7,178.65,179.42,977760,179.54,179.12,36,179.13,14,
2026-04-10T13:23:32.565,NC,CASTROLIND,179.12,180.6,180.7,178.65,179.42,977810,179.54,179.08,100,179.12,28,
2026-04-10T13:23:36.958,NC,CASTROLIND,179.12,180.6,180.7,178.65,179.42,977913,179.54,179.08,100,179.12,20,
2026-04-10T13:23:41.389,NC,CASTROLIND,179.12,180.6,180.7,178.65,179.42,977927,179.54,179.08,100,179.12,6,
2026-04-10T13:23:45.684,NC,CASTROLIND,179.12,180.6,180.7,178.65,179.42,977937,179.54,179.08,100,179.12,20,
2026-04-10T13:23:49.929,NC,CASTROLIND,179.12,180.6,180.7,178.65,179.42,977976,179.54,179.08,100,179.12,20,
2026-04-10T13:23:54.013,NC,CASTROLIND,179.08,180.6,180.7,178.65,179.42,977994,179.54,179.08,95,179.12,7,
2026-04-10T13:23:58.604,NC,CASTROLIND,179.08,180.6,180.7,178.65,179.42,978016,179.54,179.08,75,179.12,7,
2026-04-10T13:24:03.847,NC,CASTROLIND,179.21,180.6,180.7,178.65,179.42,978030,179.54,179.12,23,179.21,149,
2026-04-10T13:24:14.622,NC,CASTROLIND,179.21,180.6,180.7,178.65,179.42,978043,179.54,179.12,23,179.21,97,
2026-04-10T13:24:19.337,NC,CASTROLIND,179.21,180.6,180.7,178.65,179.42,978044,179.54,179.12,23,179.21,204,
2026-04-10T13:24:23.943,NC,CASTROLIND,179.21,180.6,180.7,178.65,179.42,978094,179.54,179.12,23,179.21,154,
2026-04-10T13:24:28.462,NC,CASTROLIND,179.21,180.6,180.7,178.65,179.42,978194,179.54,179.13,101,179.22,1387,
2026-04-10T13:24:33.265,NC,CASTROLIND,179.12,180.6,180.7,178.65,179.42,978332,179.54,179.08,75,179.12,862,
2026-04-10T13:24:42.757,NC,CASTROLIND,179.12,180.6,180.7,178.65,179.42,978351,179.54,179.1,1,179.12,863,
2026-04-10T13:24:47.571,NC,CASTROLIND,179.12,180.6,180.7,178.65,179.42,978359,179.54,179.1,2,179.12,855,
2026-04-10T13:24:52.193,NC,CASTROLIND,179.08,180.6,180.7,178.65,179.42,978440,179.54,179.08,47,179.12,804,
2026-04-10T13:25:01.301,NC,CASTROLIND,179.12,180.6,180.7,178.65,179.42,978455,179.54,179.08,49,179.12,779,
2026-04-10T13:25:06.488,NC,CASTROLIND,179.2,180.6,180.7,178.65,179.42,979298,179.54,179.11,77,179.2,236,
2026-04-10T13:25:11.518,NC,CASTROLIND,179.2,180.6,180.7,178.65,179.42,979333,179.54,179.12,58,179.2,223,
2026-04-10T13:25:16.611,NC,CASTROLIND,179.2,180.6,180.7,178.65,179.42,979459,179.54,179.12,58,179.2,97,
2026-04-10T13:25:21.526,NC,CASTROLIND,179.2,180.6,180.7,178.65,179.42,979568,179.54,179.12,90,179.2,300,
2026-04-10T13:25:31.034,NC,CASTROLIND,179.2,180.6,180.7,178.65,179.42,979682,179.54,179.12,58,179.2,186,
2026-04-10T13:25:36.041,NC,CASTROLIND,179.2,180.6,180.7,178.65,179.42,979884,179.54,179.08,198,179.2,410,
2026-04-10T13:25:40.744,NC,CASTROLIND,179.2,180.6,180.7,178.65,179.42,980087,179.54,179.08,198,179.2,534,
2026-04-10T13:25:50.493,NC,CASTROLIND,179.2,180.6,180.7,178.65,179.42,980598,179.54,179.11,107,179.2,319,
2026-04-10T13:26:05.386,NC,CASTROLIND,179.2,180.6,180.7,178.65,179.42,980621,179.54,179.1,153,179.2,319,
2026-04-10T13:26:10.414,NC,CASTROLIND,179.2,180.6,180.7,178.65,179.42,980741,179.54,179.1,43,179.2,494,
2026-04-10T13:26:15.617,NC,CASTROLIND,179.2,180.6,180.7,178.65,179.42,980754,179.54,179.1,36,179.2,481,
2026-04-10T13:26:20.324,NC,CASTROLIND,179.2,180.6,180.7,178.65,179.42,980791,179.54,179.1,36,179.2,444,
2026-04-10T13:26:25.045,NC,CASTROLIND,179.2,180.6,180.7,178.65,179.42,980804,179.54,179.11,307,179.2,431,
2026-04-10T13:26:34.348,NC,CASTROLIND,179.2,180.6,180.7,178.65,179.42,980818,179.54,179.11,103,179.2,417,
2026-04-10T13:26:39.054,NC,CASTROLIND,179.2,180.6,180.7,178.65,179.42,980853,179.54,179.11,101,179.2,387,
2026-04-10T13:26:43.647,NC,CASTROLIND,179.2,180.6,180.7,178.65,179.42,980866,179.54,179.1,236,179.2,374,
2026-04-10T13:26:48.159,NC,CASTROLIND,179.2,180.6,180.7,178.65,179.42,980895,179.54,179.1,255,179.2,353,
2026-04-10T13:26:52.567,NC,CASTROLIND,179.2,180.6,180.7,178.65,179.42,980950,179.54,179.1,252,179.2,129,
2026-04-10T13:27:01.782,NC,CASTROLIND,179.2,180.6,180.7,178.65,179.42,980964,179.54,179.1,252,179.2,115,
2026-04-10T13:27:06.582,NC,CASTROLIND,179.2,180.6,180.7,178.65,179.42,980969,179.54,179.11,100,179.2,110,
2026-04-10T13:27:11.404,NC,CASTROLIND,179.2,180.6,180.7,178.65,179.42,980982,179.54,179.1,233,179.2,257,
2026-04-10T13:27:21.301,NC,CASTROLIND,179.2,180.6,180.7,178.65,179.42,981041,179.54,179.1,228,179.2,882,
2026-04-10T13:27:26.113,NC,CASTROLIND,179.2,180.6,180.7,178.65,179.42,981169,179.54,179.11,40,179.2,838,
2026-04-10T13:27:31.331,NC,CASTROLIND,179.2,180.6,180.7,178.65,179.42,981183,179.54,179.11,41,179.2,824,
2026-04-10T13:27:36.422,NC,CASTROLIND,179.11,180.6,180.7,178.65,179.42,981203,179.54,179.11,21,179.2,824,
2026-04-10T13:27:41.134,NC,CASTROLIND,179.2,180.6,180.7,178.65,179.42,981217,179.54,179.11,21,179.2,810,
2026-04-10T13:27:51.038,NC,CASTROLIND,179.2,180.6,180.7,178.65,179.42,981268,179.54,179.11,258,179.2,759,
2026-04-10T13:27:55.745,NC,CASTROLIND,179.2,180.6,180.7,178.65,179.42,981293,179.54,179.12,5,179.2,739,
2026-04-10T13:28:00.261,NC,CASTROLIND,179.2,180.6,180.7,178.65,179.42,981297,179.54,179.12,5,179.2,784,
2026-04-10T13:28:05.166,NC,CASTROLIND,179.05,180.6,180.7,178.65,179.42,982311,179.54,179.11,10,179.2,1021,
2026-04-10T13:28:09.689,NC,CASTROLIND,179.2,180.6,180.7,178.65,179.42,982336,179.54,179.11,11,179.2,920,
2026-04-10T13:28:14.206,NC,CASTROLIND,179.2,180.6,180.7,178.65,179.42,982349,179.54,179.11,11,179.2,732,
2026-04-10T13:28:18.787,NC,CASTROLIND,179.11,180.6,180.7,178.65,179.42,982355,179.54,179.11,5,179.2,782,
2026-04-10T13:28:23.405,NC,CASTROLIND,179.2,180.6,180.7,178.65,179.42,982406,179.54,179.11,5,179.2,681,
2026-04-10T13:28:27.897,NC,CASTROLIND,179.2,180.6,180.7,178.65,179.42,982435,179.54,179.11,10,179.2,657,
2026-04-10T13:28:32.303,NC,CASTROLIND,179.2,180.6,180.7,178.65,179.42,982449,179.54,179.11,32,179.2,643,
2026-04-10T13:28:41.518,NC,CASTROLIND,179.16,180.6,180.7,178.65,179.42,982462,179.54,179.11,10,179.16,7,
2026-04-10T13:28:50.626,NC,CASTROLIND,179.16,180.6,180.7,178.65,179.42,982513,179.54,179.11,10,179.16,7,
2026-04-10T13:28:55.159,NC,CASTROLIND,179.16,180.6,180.7,178.65,179.42,982828,179.54,179.16,1185,179.2,484,
2026-04-10T13:29:04.566,NC,CASTROLIND,179.2,180.6,180.7,178.65,179.42,982898,179.54,179.16,1180,179.2,419,
2026-04-10T13:29:09.166,NC,CASTROLIND,179.2,180.6,180.7,178.65,179.42,982908,179.54,179.16,1180,179.2,409,
2026-04-10T13:29:13.796,NC,CASTROLIND,179.2,180.6,180.7,178.65,179.42,982931,179.54,179.16,1180,179.2,624,
2026-04-10T13:29:23.281,NC,CASTROLIND,179.2,180.6,180.7,178.65,179.42,983030,179.54,179.16,1180,179.2,525,
2026-04-10T13:29:32.696,NC,CASTROLIND,179.19,180.6,180.7,178.65,179.42,983045,179.54,179.16,1180,179.19,96,
2026-04-10T13:29:41.700,NC,CASTROLIND,179.2,180.6,180.7,178.65,179.42,983058,179.54,179.16,1180,179.2,249,
2026-04-10T13:29:46.211,NC,CASTROLIND,179.2,180.6,180.7,178.65,179.42,983060,179.54,179.16,1179,179.2,248,
2026-04-10T13:29:50.812,NC,CASTROLIND,179.2,180.6,180.7,178.65,179.42,983112,179.54,179.16,1179,179.2,221,
2026-04-10T13:29:55.419,NC,CASTROLIND,179.2,180.6,180.7,178.65,179.42,983212,179.54,179.16,1179,179.2,121,
2026-04-10T13:30:05.045,NC,CASTROLIND,179.2,180.6,180.7,178.65,179.42,983364,179.54,179.16,1179,179.2,269,
2026-04-10T13:30:14.558,NC,CASTROLIND,179.16,180.6,180.7,178.65,179.42,983384,179.54,179.16,1174,179.2,414,
2026-04-10T13:30:23.559,NC,CASTROLIND,179.2,180.6,180.7,178.65,179.42,983434,179.53,179.16,1174,179.2,364,
2026-04-10T13:30:32.655,NC,CASTROLIND,179.2,180.6,180.7,178.65,179.42,983448,179.53,179.16,1174,179.2,350,
2026-04-10T13:30:41.678,NC,CASTROLIND,179.2,180.6,180.7,178.65,179.42,983461,179.53,179.16,1174,179.2,285,
2026-04-10T13:30:51.888,NC,CASTROLIND,179.2,180.6,180.7,178.65,179.42,983516,179.53,179.16,1174,179.2,122,
2026-04-10T13:31:01.411,NC,CASTROLIND,179.2,180.6,180.7,178.65,179.42,983530,179.53,179.16,1174,179.2,177,
2026-04-10T13:31:11.110,NC,CASTROLIND,179.2,180.6,180.7,178.65,179.42,983543,179.53,179.16,1174,179.2,164,
2026-04-10T13:31:21.028,NC,CASTROLIND,179.2,180.6,180.7,178.65,179.42,983600,179.53,179.16,1174,179.2,38,
2026-04-10T13:31:25.731,NC,CASTROLIND,179.16,180.6,180.7,178.65,179.42,983608,179.53,179.16,1169,179.2,35,
2026-04-10T13:31:34.947,NC,CASTROLIND,179.2,180.6,180.7,178.65,179.42,983748,179.53,179.16,1169,179.2,299,
2026-04-10T13:31:44.164,NC,CASTROLIND,179.2,180.6,180.7,178.65,179.42,983797,179.53,179.16,1172,179.2,350,
2026-04-10T13:31:53.375,NC,CASTROLIND,179.2,180.6,180.7,178.65,179.42,983848,179.53,179.16,1172,179.2,199,
2026-04-10T13:31:58.085,NC,CASTROLIND,179.2,180.6,180.7,178.65,179.42,983989,179.53,179.16,1072,179.2,208,
2026-04-10T13:32:02.784,NC,CASTROLIND,179.2,180.6,180.7,178.65,179.42,984003,179.53,179.16,1072,179.2,194,
2026-04-10T13:32:07.491,NC,CASTROLIND,179.2,180.6,180.7,178.65,179.42,984018,179.53,179.19,2,179.2,189,
2026-04-10T13:32:11.996,NC,CASTROLIND,179.2,180.6,180.7,178.65,179.42,984031,179.53,179.19,2,179.2,196,
2026-04-10T13:32:21.118,NC,CASTROLIND,179.2,180.6,180.7,178.65,179.42,984360,179.53,179.19,2,179.2,207,
2026-04-10T13:32:30.735,NC,CASTROLIND,179.2,180.6,180.7,178.65,179.42,984375,179.53,179.19,2,179.2,266,
2026-04-10T13:32:35.627,NC,CASTROLIND,179.16,180.6,180.7,178.65,179.42,984703,179.53,179.16,772,179.19,48,
2026-04-10T13:32:40.339,NC,CASTROLIND,179.19,180.6,180.7,178.65,179.42,984708,179.53,179.16,772,179.19,43,
2026-04-10T13:32:44.737,NC,CASTROLIND,179.19,180.6,180.7,178.65,179.42,984737,179.53,179.16,774,179.19,14,
2026-04-10T13:32:49.154,NC,CASTROLIND,179.2,180.6,180.7,178.65,179.42,984757,179.53,179.16,774,179.2,214,
2026-04-10T13:32:53.946,NC,CASTROLIND,179.2,180.6,180.7,178.65,179.42,984814,179.53,179.16,774,179.2,157,
2026-04-10T13:33:03.172,NC,CASTROLIND,179.2,180.6,180.7,178.65,179.42,984868,179.53,179.16,774,179.2,267,
2026-04-10T13:33:07.769,NC,CASTROLIND,179.2,180.6,180.7,178.65,179.42,984869,179.53,179.16,774,179.2,266,
2026-04-10T13:33:12.373,NC,CASTROLIND,179.16,180.6,180.7,178.65,179.42,984889,179.53,179.16,767,179.2,551,
2026-04-10T13:33:21.294,NC,CASTROLIND,179.2,180.6,180.7,178.65,179.42,984939,179.53,179.16,768,179.2,337,
2026-04-10T13:33:31.695,NC,CASTROLIND,179.2,180.6,180.7,178.65,179.42,984954,179.53,179.16,767,179.2,485,
2026-04-10T13:33:41.212,NC,CASTROLIND,179.2,180.6,180.7,178.65,179.42,984967,179.53,179.16,767,179.2,472,
2026-04-10T13:33:45.811,NC,CASTROLIND,179.2,180.6,180.7,178.65,179.42,985067,179.53,179.16,767,179.2,210,
2026-04-10T13:33:50.514,NC,CASTROLIND,179.2,180.6,180.7,178.65,179.42,985128,179.53,179.16,767,179.2,169,
2026-04-10T13:34:04.841,NC,CASTROLIND,179.2,180.6,180.7,178.65,179.42,985219,179.53,179.16,767,179.2,410,
2026-04-10T13:34:10.043,NC,CASTROLIND,179.2,180.6,180.7,178.65,179.42,985230,179.53,179.16,767,179.2,569,
2026-04-10T13:34:14.864,NC,CASTROLIND,179.2,180.6,180.7,178.65,179.42,985268,179.53,179.16,763,179.2,536,
2026-04-10T13:34:19.666,NC,CASTROLIND,179.16,180.6,180.7,178.65,179.42,985303,179.53,179.16,733,179.2,371,
2026-04-10T13:34:24.362,NC,CASTROLIND,179.16,180.6,180.7,178.65,179.42,985419,179.53,179.16,667,179.2,812,
2026-04-10T13:34:33.467,NC,CASTROLIND,179.2,180.6,180.7,178.65,179.42,985443,179.53,179.16,668,179.2,620,
2026-04-10T13:34:42.873,NC,CASTROLIND,179.2,180.6,180.7,178.65,179.42,985456,179.53,179.16,668,179.2,759,
2026-04-10T13:34:47.277,NC,CASTROLIND,179.16,180.6,180.7,178.65,179.42,985762,179.53,179.16,612,179.2,509,
2026-04-10T13:34:51.585,NC,CASTROLIND,179.2,180.6,180.7,178.65,179.42,985961,179.53,179.16,464,179.2,488,
2026-04-10T13:34:56.305,NC,CASTROLIND,179.2,180.6,180.7,178.65,179.42,986016,179.53,179.16,496,179.2,235,
2026-04-10T13:35:00.889,NC,CASTROLIND,179.2,180.6,180.7,178.65,179.42,986031,179.53,179.16,495,179.2,232,
2026-04-10T13:35:10.312,NC,CASTROLIND,179.16,180.6,180.7,178.65,179.42,986046,179.53,179.16,488,179.2,222,
2026-04-10T13:35:15.111,NC,CASTROLIND,179.2,180.6,180.7,178.65,179.42,986059,179.53,179.16,488,179.2,377,
2026-04-10T13:35:19.713,NC,CASTROLIND,179.2,180.6,180.7,178.65,179.42,986096,179.53,179.16,489,179.2,340,
2026-04-10T13:35:24.618,NC,CASTROLIND,179.2,180.6,180.7,178.65,179.42,986109,179.53,179.16,489,179.2,159,
2026-04-10T13:35:29.223,NC,CASTROLIND,179.2,180.6,180.7,178.65,179.42,986110,179.53,179.16,489,179.2,158,
2026-04-10T13:35:33.765,NC,CASTROLIND,179.2,180.6,180.7,178.65,179.42,986124,179.53,179.16,489,179.2,308,
2026-04-10T13:35:43.233,NC,CASTROLIND,179.16,180.6,180.7,178.65,179.42,986138,179.53,179.16,488,179.2,295,
2026-04-10T13:35:52.557,NC,CASTROLIND,179.2,180.6,180.7,178.65,179.42,986190,179.53,179.16,488,179.2,245,
2026-04-10T13:36:03.180,NC,CASTROLIND,179.2,180.6,180.7,178.65,179.42,986204,179.53,179.16,498,179.2,245,
2026-04-10T13:36:08.490,NC,CASTROLIND,179.2,180.6,180.7,178.65,179.42,986205,179.53,179.16,498,179.2,64,
2026-04-10T13:36:13.901,NC,CASTROLIND,179.2,180.6,180.7,178.65,179.42,986218,179.53,179.16,497,179.2,217,
2026-04-10T13:36:23.716,NC,CASTROLIND,179.2,180.6,180.7,178.65,179.42,986268,179.53,179.16,497,179.2,187,
2026-04-10T13:36:33.532,NC,CASTROLIND,179.2,180.6,180.7,178.65,179.42,986301,179.53,179.16,497,179.2,174,
2026-04-10T13:36:38.231,NC,CASTROLIND,179.2,180.6,180.7,178.65,179.42,986454,179.53,179.16,497,179.2,19,
2026-04-10T13:36:43.143,NC,CASTROLIND,179.2,180.6,180.7,178.65,179.42,986467,179.53,179.16,497,179.2,6,
2026-04-10T13:36:47.957,NC,CASTROLIND,179.16,180.6,180.7,178.65,179.42,986472,179.53,179.16,492,179.2,6,
2026-04-10T13:36:52.873,NC,CASTROLIND,179.2,180.6,180.7,178.65,179.42,986533,179.53,179.16,492,179.2,7,
2026-04-10T13:36:57.573,NC,CASTROLIND,179.19,180.6,180.7,178.65,179.42,986599,179.53,179.16,492,179.19,6,
2026-04-10T13:37:02.078,NC,CASTROLIND,179.19,180.6,180.7,178.65,179.42,986613,179.53,179.16,492,179.19,20,
2026-04-10T13:37:11.299,NC,CASTROLIND,179.19,180.6,180.7,178.65,179.42,986626,179.53,179.16,492,179.19,7,
2026-04-10T13:37:16.605,NC,CASTROLIND,179.19,180.6,180.7,178.65,179.42,986627,179.53,179.16,492,179.19,106,
2026-04-10T13:37:21.615,NC,CASTROLIND,179.19,180.6,180.7,178.65,179.42,986743,179.53,179.16,487,179.19,7,
2026-04-10T13:37:31.531,NC,CASTROLIND,179.19,180.6,180.7,178.65,179.42,986757,179.53,179.16,487,179.19,1,
2026-04-10T13:37:36.146,NC,CASTROLIND,179.21,180.6,180.7,178.65,179.42,986765,179.53,179.16,487,179.21,1114,
2026-04-10T13:37:40.653,NC,CASTROLIND,179.21,180.6,180.7,178.65,179.42,986778,179.53,179.16,455,179.21,1101,
2026-04-10T13:37:45.361,NC,CASTROLIND,179.21,180.6,180.7,178.65,179.42,986828,179.53,179.19,60,179.21,1017,
2026-04-10T13:37:49.713,NC,CASTROLIND,179.21,180.6,180.7,178.65,179.42,986848,179.53,179.19,60,179.21,997,
2026-04-10T13:37:54.215,NC,CASTROLIND,179.21,180.6,180.7,178.65,179.42,986899,179.53,179.19,60,179.21,946,
2026-04-10T13:37:59.113,NC,CASTROLIND,179.21,180.6,180.7,178.65,179.42,986924,179.53,179.19,63,179.21,921,
2026-04-10T13:38:04.024,NC,CASTROLIND,179.21,180.6,180.7,178.65,179.42,987013,179.53,179.19,63,179.21,832,
2026-04-10T13:38:08.841,NC,CASTROLIND,179.21,180.6,180.7,178.65,179.42,987016,179.53,179.19,63,179.21,929,
2026-04-10T13:38:13.634,NC,CASTROLIND,179.21,180.6,180.7,178.65,179.42,987034,179.53,179.2,30,179.21,911,
2026-04-10T13:38:18.160,NC,CASTROLIND,179.1,180.6,180.7,178.65,179.42,988034,179.53,179.2,1690,179.21,911,
2026-04-10T13:38:22.747,NC,CASTROLIND,179.21,180.6,180.7,178.65,179.42,988105,179.53,179.2,1690,179.21,840,
2026-04-10T13:38:27.491,NC,CASTROLIND,179.21,180.6,180.7,178.65,179.42,988137,179.53,179.2,1690,179.21,808,
2026-04-10T13:38:31.991,NC,CASTROLIND,179.21,180.6,180.7,178.65,179.42,988151,179.53,179.2,1690,179.21,794,
2026-04-10T13:38:36.764,NC,CASTROLIND,179.21,180.6,180.7,178.65,179.42,988152,179.53,179.2,1690,179.21,793,
2026-04-10T13:38:41.370,NC,CASTROLIND,179.21,180.6,180.7,178.65,179.42,988945,179.53,179.2,1690,179.27,21,
2026-04-10T13:38:50.388,NC,CASTROLIND,179.27,180.6,180.7,178.65,179.42,988994,179.53,179.2,1706,179.27,10,
2026-04-10T13:38:54.914,NC,CASTROLIND,179.21,180.6,180.7,178.65,179.42,989009,179.53,179.2,1732,179.27,20,
2026-04-10T13:39:04.996,NC,CASTROLIND,179.27,180.6,180.7,178.65,179.42,989129,179.53,179.2,1606,179.27,20,
2026-04-10T13:39:14.527,NC,CASTROLIND,179.2,180.6,180.7,178.65,179.42,989143,179.53,179.2,1605,179.27,7,
2026-04-10T13:39:24.413,NC,CASTROLIND,179.31,180.6,180.7,178.65,179.42,989296,179.53,179.21,410,179.31,128,
2026-04-10T13:39:33.930,NC,CASTROLIND,179.31,180.6,180.7,178.65,179.42,989326,179.53,179.21,103,179.31,98,
2026-04-10T13:39:38.732,NC,CASTROLIND,179.2,180.6,180.7,178.65,179.42,989926,179.53,179.2,1221,179.31,226,
2026-04-10T13:39:43.443,NC,CASTROLIND,179.31,180.6,180.7,178.65,179.42,989939,179.53,179.2,1221,179.31,213,
2026-04-10T13:39:48.349,NC,CASTROLIND,179.31,180.6,180.7,178.65,179.42,989996,179.53,179.21,104,179.31,28,
2026-04-10T13:39:53.051,NC,CASTROLIND,179.31,180.6,180.7,178.65,179.42,990053,179.53,179.2,1205,179.31,15,
2026-04-10T13:39:57.469,NC,CASTROLIND,179.31,180.6,180.7,178.65,179.42,990183,179.53,179.2,1227,179.31,80,
2026-04-10T13:40:02.172,NC,CASTROLIND,179.21,180.6,180.7,178.65,179.42,990198,179.53,179.2,1093,179.21,6,
2026-04-10T13:40:11.777,NC,CASTROLIND,179.21,180.6,180.7,178.65,179.42,990354,179.53,179.2,950,179.21,20,
2026-04-10T13:40:20.982,NC,CASTROLIND,179.21,180.6,180.7,178.65,179.42,990405,179.53,179.2,950,179.21,7,
2026-04-10T13:40:25.588,NC,CASTROLIND,179.21,180.6,180.7,178.65,179.42,990415,179.53,179.2,950,179.21,20,
2026-04-10T13:40:30.096,NC,CASTROLIND,179.21,180.6,180.7,178.65,179.42,990417,179.53,179.2,950,179.21,18,
2026-04-10T13:40:34.806,NC,CASTROLIND,179.28,180.6,180.7,178.65,179.42,990802,179.53,179.2,914,179.32,197,
2026-04-10T13:40:39.403,NC,CASTROLIND,179.32,180.6,180.7,178.65,179.42,990812,179.53,179.21,98,179.32,148,
2026-04-10T13:40:44.415,NC,CASTROLIND,179.32,180.6,180.7,178.65,179.42,990825,179.53,179.21,98,179.32,180,
2026-04-10T13:40:53.544,NC,CASTROLIND,179.33,180.6,180.7,178.65,179.42,990881,179.53,179.21,111,179.33,60,
2026-04-10T13:40:58.231,NC,CASTROLIND,179.32,180.6,180.7,178.65,179.42,991171,179.53,179.25,50,179.33,1,
2026-04-10T13:41:02.934,NC,CASTROLIND,179.25,180.6,180.7,178.65,179.42,991235,179.53,179.21,1,179.25,4,
2026-04-10T13:41:07.951,NC,CASTROLIND,179.25,180.6,180.7,178.65,179.42,991237,179.53,179.21,1,179.25,12,
2026-04-10T13:41:12.858,NC,CASTROLIND,179.21,180.6,180.7,178.65,179.42,991342,179.53,179.2,1807,179.29,105,
2026-04-10T13:41:17.352,NC,CASTROLIND,179.21,180.6,180.7,178.65,179.42,991343,179.53,179.2,1807,179.25,49,
2026-04-10T13:41:22.058,NC,CASTROLIND,179.31,180.6,180.7,178.65,179.42,991423,179.53,179.25,1,179.32,124,
2026-04-10T13:41:26.979,NC,CASTROLIND,179.32,180.6,180.7,178.65,179.42,991424,179.53,179.21,109,179.32,167,
2026-04-10T13:41:31.684,NC,CASTROLIND,179.32,180.6,180.7,178.65,179.42,991440,179.53,179.22,101,179.32,42,
2026-04-10T13:41:36.687,NC,CASTROLIND,179.22,180.6,180.7,178.65,179.42,991455,179.53,179.21,251,179.22,10,
2026-04-10T13:41:41.394,NC,CASTROLIND,179.3,180.6,180.7,178.65,179.42,991668,179.53,179.21,251,179.3,102,
2026-04-10T13:41:46.092,NC,CASTROLIND,179.21,180.6,180.7,178.65,179.42,991671,179.53,179.21,249,179.3,102,
2026-04-10T13:41:50.722,NC,CASTROLIND,179.3,180.6,180.7,178.65,179.42,991728,179.53,179.21,250,179.3,188,
2026-04-10T13:41:55.412,NC,CASTROLIND,179.21,180.6,180.7,178.65,179.42,991828,179.53,179.21,150,179.3,188,
2026-04-10T13:42:00.617,NC,CASTROLIND,179.25,180.6,180.7,178.65,179.42,991892,179.53,179.21,150,179.25,37,
2026-04-10T13:42:11.028,NC,CASTROLIND,179.33,180.6,180.7,178.65,179.42,992123,179.53,179.32,2,179.34,6,
2026-04-10T13:42:16.132,NC,CASTROLIND,179.34,180.6,180.7,178.65,179.42,992149,179.53,179.34,14,179.35,31,
2026-04-10T13:42:20.946,NC,CASTROLIND,179.4,180.6,180.7,178.65,179.42,992394,179.53,179.38,1,179.4,940,
2026-04-10T13:42:25.941,NC,CASTROLIND,179.4,180.6,180.7,178.65,179.42,992414,179.53,179.39,2,179.4,930,
2026-04-10T13:42:30.748,NC,CASTROLIND,179.38,180.6,180.7,178.65,179.42,992424,179.53,179.38,2,179.4,930,
2026-04-10T13:42:35.466,NC,CASTROLIND,179.4,180.6,180.7,178.65,179.42,992432,179.53,179.39,2,179.4,922,
2026-04-10T13:42:40.162,NC,CASTROLIND,179.4,180.6,180.7,178.65,179.42,992812,179.53,179.36,1,179.4,859,
2026-04-10T13:42:44.772,NC,CASTROLIND,179.4,180.6,180.7,178.65,179.42,992863,179.53,179.39,1,179.4,828,
2026-04-10T13:42:49.279,NC,CASTROLIND,179.4,180.6,180.7,178.65,179.42,992870,179.53,179.36,1,179.4,825,
2026-04-10T13:42:53.898,NC,CASTROLIND,179.4,180.6,180.7,178.65,179.42,994104,179.53,179.43,1,179.46,20,
2026-04-10T13:43:02.995,NC,CASTROLIND,179.45,180.6,180.7,178.65,179.42,994154,179.53,179.45,5,179.46,20,
2026-04-10T13:43:07.600,NC,CASTROLIND,179.45,180.6,180.7,178.65,179.42,994248,179.53,179.43,1,179.45,93,
2026-04-10T13:43:12.509,NC,CASTROLIND,179.45,180.6,180.7,178.65,179.42,994270,179.53,179.44,2,179.45,71,
2026-04-10T13:43:17.419,NC,CASTROLIND,179.45,180.6,180.7,178.65,179.42,994277,179.53,179.4,560,179.45,73,
2026-04-10T13:43:22.043,NC,CASTROLIND,179.45,180.6,180.7,178.65,179.42,994328,179.53,179.43,1,179.45,30,
2026-04-10T13:43:26.656,NC,CASTROLIND,179.45,180.6,180.7,178.65,179.42,994359,179.53,179.45,61,179.46,15,
2026-04-10T13:43:31.173,NC,CASTROLIND,179.46,180.6,180.7,178.65,179.42,994373,179.53,179.45,63,179.46,1,
2026-04-10T13:43:35.781,NC,CASTROLIND,179.45,180.6,180.7,178.65,179.42,994447,179.53,179.43,1,179.45,426,
2026-04-10T13:43:40.390,NC,CASTROLIND,179.45,180.6,180.7,178.65,179.42,994457,179.53,179.44,1,179.45,416,
2026-04-10T13:43:45.194,NC,CASTROLIND,179.45,180.6,180.7,178.65,179.42,994873,179.53,179.45,1603,179.46,1,
2026-04-10T13:43:50.200,NC,CASTROLIND,179.46,180.6,180.7,178.65,179.42,995075,179.53,179.46,3,179.49,25,
2026-04-10T13:43:55.010,NC,CASTROLIND,179.59,180.6,180.7,178.65,179.42,996550,179.53,179.56,2,179.59,902,
2026-04-10T13:44:00.115,NC,CASTROLIND,179.59,180.6,180.7,178.65,179.42,996721,179.53,179.58,3,179.59,754,
2026-04-10T13:44:05.624,NC,CASTROLIND,179.58,180.6,180.7,178.65,179.42,996759,179.53,179.52,128,179.57,38,
2026-04-10T13:44:10.644,NC,CASTROLIND,179.57,180.6,180.7,178.65,179.42,996772,179.53,179.54,1,179.57,25,
2026-04-10T13:44:15.447,NC,CASTROLIND,179.57,180.6,180.7,178.65,179.42,996822,179.53,179.55,1,179.57,27,
2026-04-10T13:44:20.154,NC,CASTROLIND,179.57,180.6,180.7,178.65,179.42,996866,179.53,179.56,2,179.57,26,
2026-04-10T13:44:24.760,NC,CASTROLIND,179.57,180.6,180.7,178.65,179.42,996880,179.53,179.56,2,179.57,12,
2026-04-10T13:44:29.361,NC,CASTROLIND,179.57,180.6,180.7,178.65,179.42,996885,179.53,179.56,1,179.57,7,
2026-04-10T13:44:33.769,NC,CASTROLIND,179.57,180.6,180.7,178.65,179.42,997031,179.53,179.58,2,179.59,695,
2026-04-10T13:44:42.974,NC,CASTROLIND,179.59,180.6,180.7,178.65,179.42,997055,179.53,179.58,1,179.59,671,
2026-04-10T13:44:47.582,NC,CASTROLIND,179.59,180.6,180.7,178.65,179.42,997071,179.53,179.58,1,179.59,664,
2026-04-10T13:44:51.797,NC,CASTROLIND,179.59,180.6,180.7,178.65,179.42,997124,179.53,179.58,2,179.59,611,
2026-04-10T13:44:56.390,NC,CASTROLIND,179.59,180.6,180.7,178.65,179.42,997155,179.53,179.58,1,179.59,580,
2026-04-10T13:45:01.197,NC,CASTROLIND,179.58,180.6,180.7,178.65,179.42,997356,179.53,179.58,1,179.59,570,
2026-04-10T13:45:06.099,NC,CASTROLIND,179.59,180.6,180.7,178.65,179.42,997889,179.53,179.58,7,179.59,37,
2026-04-10T13:45:10.810,NC,CASTROLIND,179.59,180.6,180.7,178.65,179.42,997955,179.53,179.58,1,179.59,31,
2026-04-10T13:45:15.419,NC,CASTROLIND,179.59,180.6,180.7,178.65,179.42,997959,179.53,179.58,2,179.59,28,
2026-04-10T13:45:20.325,NC,CASTROLIND,179.59,180.6,180.7,178.65,179.42,997987,179.53,179.59,5,179.6,874,
2026-04-10T13:45:24.937,NC,CASTROLIND,179.59,180.6,180.7,178.65,179.42,998017,179.53,179.59,3,179.6,845,
2026-04-10T13:45:33.937,NC,CASTROLIND,179.6,180.6,180.7,178.65,179.42,998034,179.53,179.59,3,179.6,828,
2026-04-10T13:45:39.064,NC,CASTROLIND,179.6,180.6,180.7,178.65,179.42,998036,179.53,179.59,2,179.6,826,
2026-04-10T13:45:43.846,NC,CASTROLIND,179.6,180.6,180.7,178.65,179.42,998056,179.53,179.59,2,179.6,806,
2026-04-10T13:45:48.458,NC,CASTROLIND,179.6,180.6,180.7,178.65,179.42,998057,179.53,179.59,2,179.6,939,
2026-04-10T13:45:53.072,NC,CASTROLIND,179.59,180.6,180.7,178.65,179.42,998115,179.53,179.58,1,179.59,309,
2026-04-10T13:45:57.764,NC,CASTROLIND,179.59,180.6,180.7,178.65,179.42,998116,179.53,179.57,162,179.59,308,
2026-04-10T13:46:02.687,NC,CASTROLIND,179.59,180.6,180.7,178.65,179.42,998130,179.53,179.58,1,179.59,294,
2026-04-10T13:46:07.588,NC,CASTROLIND,179.59,180.6,180.7,178.65,179.42,998141,179.53,179.58,1,179.59,283,
2026-04-10T13:46:12.490,NC,CASTROLIND,179.59,180.6,180.7,178.65,179.42,998166,179.53,179.58,2,179.59,258,
2026-04-10T13:46:17.192,NC,CASTROLIND,179.59,180.6,180.7,178.65,179.42,998169,179.53,179.58,1,179.59,255,
2026-04-10T13:46:22.496,NC,CASTROLIND,179.59,180.6,180.7,178.65,179.42,998221,179.53,179.58,2,179.59,203,
2026-04-10T13:46:27.620,NC,CASTROLIND,179.59,180.6,180.7,178.65,179.42,998256,179.53,179.58,2,179.59,188,
2026-04-10T13:46:32.316,NC,CASTROLIND,179.59,180.6,180.7,178.65,179.42,998274,179.53,179.58,1,179.59,170,
2026-04-10T13:46:37.137,NC,CASTROLIND,179.59,180.6,180.7,178.65,179.42,998276,179.53,179.57,162,179.59,168,
2026-04-10T13:46:41.633,NC,CASTROLIND,179.58,180.6,180.7,178.65,179.42,998289,179.53,179.57,163,179.58,507,
2026-04-10T13:46:50.746,NC,CASTROLIND,179.58,180.6,180.7,178.65,179.42,998352,179.53,179.57,163,179.58,455,
2026-04-10T13:46:55.260,NC,CASTROLIND,179.58,180.6,180.7,178.65,179.42,998357,179.53,179.57,162,179.58,450,
2026-04-10T13:46:59.861,NC,CASTROLIND,179.58,180.6,180.7,178.65,179.42,998359,179.53,179.57,160,179.58,448,
2026-04-10T13:47:04.871,NC,CASTROLIND,179.58,180.6,180.7,178.65,179.42,998536,179.53,179.57,164,179.58,301,
2026-04-10T13:47:09.883,NC,CASTROLIND,179.59,180.6,180.7,178.65,179.42,999159,179.53,179.58,9,179.59,5,
2026-04-10T13:47:14.785,NC,CASTROLIND,179.58,180.6,180.7,178.65,179.42,999243,179.53,179.57,162,179.58,430,
2026-04-10T13:47:19.495,NC,CASTROLIND,179.58,180.6,180.7,178.65,179.42,999298,179.53,179.57,162,179.58,375,
2026-04-10T13:47:24.102,NC,CASTROLIND,179.58,180.6,180.7,178.65,179.42,999673,179.53,179.59,4,179.6,886,
2026-04-10T13:47:33.504,NC,CASTROLIND,179.6,180.6,180.7,178.65,179.42,999689,179.53,179.59,1,179.6,870,
2026-04-10T13:47:38.313,NC,CASTROLIND,179.6,180.6,180.7,178.65,179.42,999731,179.53,179.59,2,179.6,837,
2026-04-10T13:47:43.114,NC,CASTROLIND,179.59,180.6,180.7,178.65,179.42,999749,179.53,179.58,180,179.59,281,
2026-04-10T13:47:47.621,NC,CASTROLIND,179.59,180.6,180.7,178.65,179.42,999933,179.53,179.58,7,179.59,97,
2026-04-10T13:47:52.328,NC,CASTROLIND,179.59,180.6,180.7,178.65,179.42,1000004,179.53,179.58,6,179.59,26,
2026-04-10T13:47:57.138,NC,CASTROLIND,179.6,180.6,180.7,178.65,179.42,1000139,179.53,179.59,2,179.6,715,
2026-04-10T13:48:02.049,NC,CASTROLIND,179.6,180.6,180.7,178.65,179.42,1000267,179.53,179.59,3,179.6,587,
2026-04-10T13:48:07.547,NC,CASTROLIND,179.6,180.6,180.7,178.65,179.42,1000281,179.53,179.59,2,179.6,573,
2026-04-10T13:48:12.865,NC,CASTROLIND,179.57,180.6,180.7,178.65,179.42,1000395,179.53,179.57,416,179.6,568,
2026-04-10T13:48:23.282,NC,CASTROLIND,179.6,180.6,180.7,178.65,179.42,1000455,179.53,179.59,2,179.6,515,
2026-04-10T13:48:27.993,NC,CASTROLIND,179.6,180.6,180.7,178.65,179.42,1000460,179.53,179.59,1,179.6,520,
2026-04-10T13:48:32.778,NC,CASTROLIND,179.6,180.6,180.7,178.65,179.42,1000475,179.53,179.58,1,179.6,607,
2026-04-10T13:48:37.682,NC,CASTROLIND,179.6,180.6,180.7,178.65,179.42,1001255,179.53,179.61,7,179.63,57,
2026-04-10T13:48:42.592,NC,CASTROLIND,179.63,180.6,180.7,178.65,179.42,1001329,179.53,179.62,2,179.63,197,
2026-04-10T13:48:47.704,NC,CASTROLIND,179.6,180.6,180.7,178.65,179.42,1001726,179.53,179.61,4,179.63,308,
2026-04-10T13:48:52.604,NC,CASTROLIND,179.62,180.6,180.7,178.65,179.42,1001782,179.53,179.61,1,179.63,222,
2026-04-10T13:48:57.414,NC,CASTROLIND,179.62,180.6,180.7,178.65,179.42,1001846,179.53,179.61,1,179.63,215,
2026-04-10T13:49:02.229,NC,CASTROLIND,179.63,180.6,180.7,178.65,179.42,1002054,179.53,179.64,2,179.65,33,
2026-04-10T13:49:07.234,NC,CASTROLIND,179.65,180.6,180.7,178.65,179.42,1002080,179.53,179.64,1,179.65,27,
2026-04-10T13:49:12.239,NC,CASTROLIND,179.65,180.6,180.7,178.65,179.42,1002095,179.53,179.64,1,179.65,22,
2026-04-10T13:49:16.953,NC,CASTROLIND,179.65,180.6,180.7,178.65,179.42,1002097,179.53,179.63,807,179.65,20,
2026-04-10T13:49:21.458,NC,CASTROLIND,179.64,180.6,180.7,178.65,179.42,1003555,179.53,179.63,531,179.64,738,
2026-04-10T13:49:26.162,NC,CASTROLIND,179.64,180.6,180.7,178.65,179.42,1003657,179.53,179.63,531,179.64,636,
2026-04-10T13:49:30.855,NC,CASTROLIND,179.64,180.6,180.7,178.65,179.42,1003681,179.53,179.63,531,179.64,612,
2026-04-10T13:49:36.067,NC,CASTROLIND,179.64,180.6,180.7,178.65,179.42,1003683,179.53,179.63,529,179.64,610,
2026-04-10T13:49:41.077,NC,CASTROLIND,179.64,180.6,180.7,178.65,179.42,1003696,179.53,179.63,531,179.64,620,
2026-04-10T13:49:45.882,NC,CASTROLIND,179.64,180.6,180.7,178.65,179.42,1004217,179.53,179.63,535,179.64,99,
2026-04-10T13:49:50.688,NC,CASTROLIND,179.64,180.6,180.7,178.65,179.42,1004273,179.53,179.63,535,179.64,43,
2026-04-10T13:49:55.510,NC,CASTROLIND,179.64,180.6,180.7,178.65,179.42,1004327,179.53,179.63,537,179.64,19,
2026-04-10T13:50:00.212,NC,CASTROLIND,179.64,180.6,180.7,178.65,179.42,1004334,179.53,179.63,537,179.64,13,
2026-04-10T13:50:04.827,NC,CASTROLIND,179.62,180.6,180.7,178.65,179.42,1004887,179.53,179.62,6,179.64,21,
2026-04-10T13:50:15.232,NC,CASTROLIND,179.63,180.6,180.7,178.65,179.42,1004954,179.53,179.62,2,179.63,23,
2026-04-10T13:50:20.259,NC,CASTROLIND,179.63,180.6,180.7,178.65,179.42,1004998,179.53,179.6,8,179.63,23,
2026-04-10T13:50:24.978,NC,CASTROLIND,179.63,180.6,180.7,178.65,179.42,1006193,179.53,179.62,13,179.63,2,
2026-04-10T13:50:29.873,NC,CASTROLIND,179.48,180.6,180.7,178.65,179.42,1007193,179.53,179.54,10,179.61,491,
2026-04-10T13:50:34.577,NC,CASTROLIND,179.61,180.6,180.7,178.65,179.42,1007307,179.53,179.59,1,179.61,153,
2026-04-10T13:50:39.286,NC,CASTROLIND,179.61,180.6,180.7,178.65,179.42,1007318,179.53,179.54,1,179.61,138,
2026-04-10T13:50:43.897,NC,CASTROLIND,179.61,180.6,180.7,178.65,179.42,1007332,179.53,179.59,1,179.61,138,
2026-04-10T13:50:48.620,NC,CASTROLIND,179.61,180.6,180.7,178.65,179.42,1007335,179.53,179.5,31,179.61,107,
2026-04-10T13:50:53.608,NC,CASTROLIND,179.61,180.6,180.7,178.65,179.42,1007672,179.53,179.59,1,179.61,10,
2026-04-10T13:50:58.527,NC,CASTROLIND,179.61,180.6,180.7,178.65,179.42,1007706,179.53,179.6,2,179.61,20,
2026-04-10T13:51:03.249,NC,CASTROLIND,179.45,180.6,180.7,178.65,179.42,1008174,179.53,179.46,62,179.6,510,
2026-04-10T13:51:13.260,NC,CASTROLIND,179.6,180.6,180.7,178.65,179.42,1008200,179.53,179.58,1,179.6,555,
2026-04-10T13:51:18.148,NC,CASTROLIND,179.6,180.6,180.7,178.65,179.42,1008256,179.53,179.59,2,179.6,438,
2026-04-10T13:51:22.954,NC,CASTROLIND,179.58,180.6,180.7,178.65,179.42,1008314,179.53,179.57,3,179.58,153,
2026-04-10T13:51:27.561,NC,CASTROLIND,179.58,180.6,180.7,178.65,179.42,1008320,179.53,179.5,64,179.58,162,
2026-04-10T13:51:32.177,NC,CASTROLIND,179.58,180.6,180.7,178.65,179.42,1008335,179.53,179.54,1,179.58,155,
2026-04-10T13:51:36.777,NC,CASTROLIND,179.58,180.6,180.7,178.65,179.42,1008437,179.53,179.56,1,179.58,213,
2026-04-10T13:51:41.984,NC,CASTROLIND,179.58,180.6,180.7,178.65,179.42,1008475,179.53,179.57,2,179.58,41,
2026-04-10T13:51:47.595,NC,CASTROLIND,179.58,180.6,180.7,178.65,179.42,1008479,179.53,179.46,162,179.58,87,
2026-04-10T13:51:52.491,NC,CASTROLIND,179.57,180.6,180.7,178.65,179.42,1008536,179.53,179.56,1,179.57,2,
2026-04-10T13:51:57.405,NC,CASTROLIND,179.57,180.6,180.7,178.65,179.42,1008541,179.53,179.56,1,179.57,20,
2026-04-10T13:52:02.227,NC,CASTROLIND,179.57,180.6,180.7,178.65,179.42,1008556,179.53,179.54,1,179.56,335,
2026-04-10T13:52:07.426,NC,CASTROLIND,179.55,180.6,180.7,178.65,179.42,1008569,179.53,179.45,1243,179.55,551,
2026-04-10T13:52:12.450,NC,CASTROLIND,179.55,180.6,180.7,178.65,179.42,1008582,179.53,179.5,1,179.55,437,
2026-04-10T13:52:17.450,NC,CASTROLIND,179.55,180.6,180.7,178.65,179.42,1008588,179.53,179.45,1409,179.55,424,
2026-04-10T13:52:22.168,NC,CASTROLIND,179.55,180.6,180.7,178.65,179.42,1008639,179.53,179.52,1,179.55,386,
2026-04-10T13:52:27.378,NC,CASTROLIND,179.55,180.6,180.7,178.65,179.42,1008744,179.53,179.54,1,179.55,266,
2026-04-10T13:52:32.883,NC,CASTROLIND,179.55,180.6,180.7,178.65,179.42,1008828,179.53,179.54,1,179.55,182,
2026-04-10T13:52:37.988,NC,CASTROLIND,179.55,180.6,180.7,178.65,179.42,1008835,179.53,179.52,1,179.55,175,
2026-04-10T13:52:42.916,NC,CASTROLIND,179.55,180.6,180.7,178.65,179.42,1008849,179.53,179.53,1,179.55,161,
2026-04-10T13:52:47.703,NC,CASTROLIND,179.55,180.6,180.7,178.65,179.42,1008850,179.53,179.5,1,179.55,170,
2026-04-10T13:52:52.225,NC,CASTROLIND,179.55,180.6,180.7,178.65,179.42,1008911,179.53,179.54,1,179.55,109,
2026-04-10T13:52:57.025,NC,CASTROLIND,179.55,180.6,180.7,178.65,179.42,1008924,179.53,179.54,1,179.55,96,
2026-04-10T13:53:01.539,NC,CASTROLIND,179.54,180.6,180.7,178.65,179.42,1008940,179.53,179.52,1,179.54,456,
2026-04-10T13:53:06.135,NC,CASTROLIND,179.45,180.6,180.7,178.65,179.42,1010110,179.53,179.49,12,179.53,32,
2026-04-10T13:53:10.942,NC,CASTROLIND,179.52,180.6,180.7,178.65,179.42,1010123,179.53,179.48,1,179.52,679,
2026-04-10T13:53:15.612,NC,CASTROLIND,179.52,180.6,180.7,178.65,179.42,1010241,179.53,179.5,2,179.52,561,
2026-04-10T13:53:20.046,NC,CASTROLIND,179.52,180.6,180.7,178.65,179.42,1011291,179.53,179.4,189,179.51,107,
2026-04-10T13:53:24.659,NC,CASTROLIND,179.51,180.6,180.7,178.65,179.42,1011304,179.53,179.48,1,179.51,21,
2026-04-10T13:53:29.078,NC,CASTROLIND,179.49,180.6,180.7,178.65,179.42,1011415,179.53,179.5,1,179.51,18,
2026-04-10T13:53:33.681,NC,CASTROLIND,179.51,180.6,180.7,178.65,179.42,1011437,179.53,179.5,3,179.51,15,
2026-04-10T13:53:38.577,NC,CASTROLIND,179.51,180.6,180.7,178.65,179.42,1011439,179.53,179.5,1,179.51,13,
2026-04-10T13:53:43.288,NC,CASTROLIND,179.51,180.6,180.7,178.65,179.42,1011453,179.53,179.5,2,179.51,19,
2026-04-10T13:53:48.086,NC,CASTROLIND,179.44,180.6,180.7,178.65,179.42,1011461,179.53,179.43,108,179.5,143,
2026-04-10T13:53:52.795,NC,CASTROLIND,179.5,180.6,180.7,178.65,179.42,1011515,179.53,179.48,1,179.5,128,
2026-04-10T13:53:57.714,NC,CASTROLIND,179.5,180.6,180.7,178.65,179.42,1011519,179.53,179.43,105,179.5,134,
2026-04-10T13:54:02.416,NC,CASTROLIND,179.5,180.6,180.7,178.65,179.42,1011583,179.53,179.48,1,179.5,70,
2026-04-10T13:54:07.533,NC,CASTROLIND,179.5,180.6,180.7,178.65,179.42,1011595,179.53,179.44,1,179.5,58,
2026-04-10T13:54:12.426,NC,CASTROLIND,179.5,180.6,180.7,178.65,179.42,1011609,179.53,179.47,1,179.5,44,
2026-04-10T13:54:17.139,NC,CASTROLIND,179.5,180.6,180.7,178.65,179.42,1011830,179.53,179.48,3,179.5,29,
2026-04-10T13:54:21.639,NC,CASTROLIND,179.5,180.6,180.7,178.65,179.42,1011902,179.53,179.48,2,179.5,187,
2026-04-10T13:54:26.251,NC,CASTROLIND,179.5,180.6,180.7,178.65,179.42,1011910,179.53,179.48,1,179.5,179,
2026-04-10T13:54:30.965,NC,CASTROLIND,179.5,180.6,180.7,178.65,179.42,1011924,179.53,179.49,1,179.5,165,
2026-04-10T13:54:36.061,NC,CASTROLIND,179.5,180.6,180.7,178.65,179.42,1012009,179.53,179.47,1,179.5,145,
2026-04-10T13:54:40.866,NC,CASTROLIND,179.5,180.6,180.7,178.65,179.42,1012030,179.53,179.48,1,179.5,124,
2026-04-10T13:54:45.467,NC,CASTROLIND,179.5,180.6,180.7,178.65,179.42,1012036,179.53,179.49,2,179.5,118,
2026-04-10T13:54:50.085,NC,CASTROLIND,179.5,180.6,180.7,178.65,179.42,1012077,179.53,179.43,146,179.5,77,
2026-04-10T13:54:54.676,NC,CASTROLIND,179.5,180.6,180.7,178.65,179.42,1012090,179.53,179.48,1,179.5,232,
2026-04-10T13:54:59.282,NC,CASTROLIND,179.5,180.6,180.7,178.65,179.42,1012095,179.53,179.49,1,179.5,227,
2026-04-10T13:55:03.997,NC,CASTROLIND,179.5,180.6,180.7,178.65,179.42,1012110,179.53,179.49,2,179.5,212,
2026-04-10T13:55:09.092,NC,CASTROLIND,179.5,180.6,180.7,178.65,179.42,1012117,179.53,179.46,1,179.5,205,
2026-04-10T13:55:13.807,NC,CASTROLIND,179.5,180.6,180.7,178.65,179.42,1012132,179.53,179.48,1,179.5,12,
2026-04-10T13:55:18.424,NC,CASTROLIND,179.5,180.6,180.7,178.65,179.42,1012150,179.53,179.49,2,179.5,24,
2026-04-10T13:55:22.817,NC,CASTROLIND,179.5,180.6,180.7,178.65,179.42,1012203,179.53,179.49,2,179.5,11,
2026-04-10T13:55:27.426,NC,CASTROLIND,179.48,180.6,180.7,178.65,179.42,1012721,179.53,179.44,1,179.48,124,
2026-04-10T13:55:32.431,NC,CASTROLIND,179.49,180.6,180.7,178.65,179.42,1012745,179.53,179.48,1,179.49,25,
2026-04-10T13:55:37.543,NC,CASTROLIND,179.52,180.6,180.7,178.65,179.42,1012801,179.53,179.51,1,179.52,112,
2026-04-10T13:55:42.736,NC,CASTROLIND,179.52,180.6,180.7,178.65,179.42,1012822,179.53,179.51,2,179.52,91,
2026-04-10T13:55:47.449,NC,CASTROLIND,179.52,180.6,180.7,178.65,179.42,1012824,179.53,179.43,143,179.52,89,
2026-04-10T13:55:51.953,NC,CASTROLIND,179.52,180.6,180.7,178.65,179.42,1012875,179.53,179.49,1,179.52,38,
2026-04-10T13:55:56.670,NC,CASTROLIND,179.44,180.6,180.7,178.65,179.42,1012883,179.53,179.44,89,179.52,33,
2026-04-10T13:56:01.475,NC,CASTROLIND,179.52,180.6,180.7,178.65,179.42,1012897,179.53,179.48,1,179.52,19,
2026-04-10T13:56:05.983,NC,CASTROLIND,179.54,180.6,180.7,178.65,179.42,1012981,179.53,179.52,1,179.54,366,
2026-04-10T13:56:10.604,NC,CASTROLIND,179.54,180.6,180.7,178.65,179.42,1013002,179.53,179.53,2,179.54,345,
2026-04-10T13:56:15.296,NC,CASTROLIND,179.44,180.6,180.7,178.65,179.42,1013014,179.53,179.48,1,179.52,113,
2026-04-10T13:56:19.909,NC,CASTROLIND,179.52,180.6,180.7,178.65,179.42,1013051,179.53,179.48,1,179.52,76,
2026-04-10T13:56:24.539,NC,CASTROLIND,179.52,180.6,180.7,178.65,179.42,1013065,179.53,179.5,1,179.52,62,
2026-04-10T13:56:29.418,NC,CASTROLIND,179.52,180.6,180.7,178.65,179.42,1013095,179.53,179.51,2,179.52,32,
2026-04-10T13:56:34.036,NC,CASTROLIND,179.54,180.6,180.7,178.65,179.42,1013477,179.53,179.54,1,179.56,324,
2026-04-10T13:56:38.733,NC,CASTROLIND,179.56,180.6,180.7,178.65,179.42,1013497,179.53,179.55,2,179.56,304,
2026-04-10T13:56:43.447,NC,CASTROLIND,179.56,180.6,180.7,178.65,179.42,1013668,179.53,179.55,2,179.56,133,
2026-04-10T13:56:48.753,NC,CASTROLIND,179.56,180.6,180.7,178.65,179.42,1013703,179.53,179.55,2,179.56,118,
2026-04-10T13:56:53.959,NC,CASTROLIND,179.56,180.6,180.7,178.65,179.42,1013775,179.53,179.55,2,179.56,55,
2026-04-10T13:56:58.961,NC,CASTROLIND,179.56,180.6,180.7,178.65,179.42,1013803,179.53,179.55,2,179.56,561,
2026-04-10T13:57:03.983,NC,CASTROLIND,179.55,180.6,180.7,178.65,179.42,1013838,179.53,179.53,1,179.55,982,
2026-04-10T13:57:09.187,NC,CASTROLIND,179.55,180.6,180.7,178.65,179.42,1013875,179.53,179.54,2,179.55,954,
2026-04-10T13:57:14.186,NC,CASTROLIND,179.55,180.6,180.7,178.65,179.42,1013926,179.53,179.54,2,179.55,894,
2026-04-10T13:57:18.899,NC,CASTROLIND,179.55,180.6,180.7,178.65,179.42,1013949,179.53,179.54,2,179.55,871,
2026-04-10T13:57:23.404,NC,CASTROLIND,179.58,180.6,180.7,178.65,179.42,1015536,179.53,179.6,42,179.65,270,
2026-04-10T13:57:28.196,NC,CASTROLIND,179.65,180.6,180.7,178.65,179.42,1015556,179.53,179.62,1,179.65,259,
2026-04-10T13:57:33.109,NC,CASTROLIND,179.65,180.6,180.7,178.65,179.42,1015728,179.53,179.64,3,179.65,78,
2026-04-10T13:57:37.819,NC,CASTROLIND,179.59,180.6,180.7,178.65,179.42,1015795,179.53,179.61,1,179.65,71,
2026-04-10T13:57:43.030,NC,CASTROLIND,179.65,180.6,180.7,178.65,179.42,1015813,179.53,179.63,1,179.65,53,
2026-04-10T13:57:47.943,NC,CASTROLIND,179.65,180.6,180.7,178.65,179.42,1015815,179.53,179.54,88,179.65,382,
2026-04-10T13:57:52.766,NC,CASTROLIND,179.69,180.6,180.7,178.65,179.42,1016383,179.53,179.68,1,179.7,670,
2026-04-10T13:57:57.754,NC,CASTROLIND,179.68,180.6,180.7,178.65,179.42,1016501,179.53,179.58,1,179.65,292,
2026-04-10T13:58:02.665,NC,CASTROLIND,179.65,180.6,180.7,178.65,179.42,1016516,179.53,179.61,1,179.65,103,
2026-04-10T13:58:07.868,NC,CASTROLIND,179.65,180.6,180.7,178.65,179.42,1016517,179.53,179.58,1,179.65,124,
2026-04-10T13:58:12.894,NC,CASTROLIND,179.61,180.6,180.7,178.65,179.42,1016533,179.53,179.52,8,179.58,1008,
2026-04-10T13:58:22.689,NC,CASTROLIND,179.58,180.6,180.7,178.65,179.42,1016665,179.53,179.57,1,179.58,898,
2026-04-10T13:58:27.688,NC,CASTROLIND,179.58,180.6,180.7,178.65,179.42,1016681,179.53,179.57,2,179.58,882,
2026-04-10T13:58:32.395,NC,CASTROLIND,179.49,180.6,180.7,178.65,179.42,1016996,179.53,179.47,82,179.58,858,
2026-04-10T13:58:37.216,NC,CASTROLIND,179.58,180.6,180.7,178.65,179.42,1016997,179.53,179.53,2,179.58,855,
2026-04-10T13:58:42.008,NC,CASTROLIND,179.58,180.6,180.7,178.65,179.42,1017014,179.53,179.53,1,179.58,839,
2026-04-10T13:58:46.823,NC,CASTROLIND,179.58,180.6,180.7,178.65,179.42,1017015,179.53,179.5,1,179.58,838,
2026-04-10T13:58:51.932,NC,CASTROLIND,179.58,180.6,180.7,178.65,179.42,1017086,179.53,179.57,1,179.58,767,
2026-04-10T13:58:57.343,NC,CASTROLIND,179.49,180.6,180.7,178.65,179.42,1017443,179.53,179.53,4,179.58,763,
2026-04-10T13:59:02.138,NC,CASTROLIND,179.58,180.6,180.7,178.65,179.42,1017492,179.53,179.56,1,179.58,724,
2026-04-10T13:59:07.063,NC,CASTROLIND,179.55,180.6,180.7,178.65,179.42,1017497,179.53,179.5,1,179.53,172,
2026-04-10T13:59:12.152,NC,CASTROLIND,179.53,180.6,180.7,178.65,179.42,1017516,179.53,179.5,1,179.53,153,
2026-04-10T13:59:16.953,NC,CASTROLIND,179.53,180.6,180.7,178.65,179.42,1017518,179.53,179.46,1,179.53,151,
2026-04-10T13:59:21.955,NC,CASTROLIND,179.53,180.6,180.7,178.65,179.42,1017568,179.53,179.51,33,179.53,101,
2026-04-10T13:59:26.781,NC,CASTROLIND,179.6,180.6,180.7,178.65,179.42,1018673,179.53,179.58,11,179.65,297,
2026-04-10T13:59:31.377,NC,CASTROLIND,179.65,180.6,180.7,178.65,179.42,1018797,179.53,179.61,1,179.65,186,
2026-04-10T13:59:36.076,NC,CASTROLIND,179.65,180.6,180.7,178.65,179.42,1018799,179.53,179.63,2,179.65,87,
2026-04-10T13:59:41.078,NC,CASTROLIND,179.65,180.6,180.7,178.65,179.42,1018924,179.53,179.62,1,179.65,99,
2026-04-10T13:59:46.917,NC,CASTROLIND,179.65,180.6,180.7,178.65,179.42,1018935,179.53,179.63,1,179.65,108,
2026-04-10T13:59:52.492,NC,CASTROLIND,179.62,180.6,180.7,178.65,179.42,1018990,179.53,179.61,1,179.62,104,
2026-04-10T13:59:58.100,NC,CASTROLIND,179.62,180.6,180.7,178.65,179.42,1018996,179.53,179.56,1,179.62,98,
2026-04-10T14:00:03.202,NC,CASTROLIND,179.54,180.6,180.7,178.65,179.42,1019011,179.53,179.5,2,179.54,452,
2026-04-10T14:00:08.329,NC,CASTROLIND,179.54,180.6,180.7,178.65,179.42,1019012,179.53,179.47,1,179.54,461,
2026-04-10T14:00:13.314,NC,CASTROLIND,179.54,180.6,180.7,178.65,179.42,1019225,179.53,179.52,1,179.54,268,
2026-04-10T14:00:18.123,NC,CASTROLIND,179.54,180.6,180.7,178.65,179.42,1019237,179.53,179.53,2,179.54,256,
2026-04-10T14:00:22.938,NC,CASTROLIND,179.54,180.6,180.7,178.65,179.42,1019300,179.53,179.53,2,179.54,183,
2026-04-10T14:00:28.057,NC,CASTROLIND,179.53,180.6,180.7,178.65,179.42,1019306,179.53,179.5,2,179.53,92,
2026-04-10T14:00:32.947,NC,CASTROLIND,179.54,180.6,180.7,178.65,179.42,1019739,179.53,179.59,5,179.64,130,
2026-04-10T14:00:44.071,NC,CASTROLIND,179.64,180.6,180.7,178.65,179.42,1019794,179.53,179.61,1,179.64,84,
2026-04-10T14:00:49.263,NC,CASTROLIND,179.64,180.6,180.7,178.65,179.42,1019800,179.53,179.62,1,179.65,43,
2026-04-10T14:00:54.282,NC,CASTROLIND,179.62,180.6,180.7,178.65,179.42,1020025,179.53,179.57,1,179.61,784,
2026-04-10T14:00:59.273,NC,CASTROLIND,179.61,180.6,180.7,178.65,179.42,1020026,179.53,179.54,100,179.61,783,
2026-04-10T14:01:04.390,NC,CASTROLIND,179.61,180.6,180.7,178.65,179.42,1020052,179.53,179.6,1,179.61,757,
2026-04-10T14:01:09.687,NC,CASTROLIND,179.51,180.6,180.7,178.65,179.42,1020352,179.53,179.55,3,179.61,757,
2026-04-10T14:01:14.788,NC,CASTROLIND,179.61,180.6,180.7,178.65,179.42,1020397,179.53,179.59,1,179.61,712,
2026-04-10T14:01:19.705,NC,CASTROLIND,179.61,180.6,180.7,178.65,179.42,1020404,179.53,179.52,84,179.61,705,
2026-04-10T14:01:24.424,NC,CASTROLIND,179.61,180.6,180.7,178.65,179.42,1020455,179.53,179.58,1,179.61,664,
2026-04-10T14:01:29.314,NC,CASTROLIND,179.61,180.6,180.7,178.65,179.42,1020461,179.53,179.5,1057,179.61,820,
2026-04-10T14:01:34.323,NC,CASTROLIND,179.61,180.6,180.7,178.65,179.42,1020487,179.53,179.58,1,179.61,820,
2026-04-10T14:01:39.331,NC,CASTROLIND,179.55,180.6,180.7,178.65,179.42,1020590,179.53,179.52,1,179.55,100,
2026-04-10T14:01:44.243,NC,CASTROLIND,179.55,180.6,180.7,178.65,179.42,1020616,179.53,179.54,1,179.55,84,
2026-04-10T14:01:49.453,NC,CASTROLIND,179.55,180.6,180.7,178.65,179.42,1020619,179.53,179.51,1,179.55,81,
2026-04-10T14:01:54.562,NC,CASTROLIND,179.52,180.6,180.7,178.65,179.42,1020788,179.53,179.51,1,179.55,43,
2026-04-10T14:02:04.482,NC,CASTROLIND,179.55,180.6,180.7,178.65,179.42,1020812,179.53,179.54,1,179.55,19,
2026-04-10T14:02:09.684,NC,CASTROLIND,179.55,180.6,180.7,178.65,179.42,1020842,179.53,179.53,1,179.55,106,
2026-04-10T14:02:14.691,NC,CASTROLIND,179.55,180.6,180.7,178.65,179.42,1020858,179.53,179.54,1,179.55,90,
2026-04-10T14:02:19.515,NC,CASTROLIND,179.55,180.6,180.7,178.65,179.42,1020859,179.53,179.52,1,179.55,84,
2026-04-10T14:02:24.401,NC,CASTROLIND,179.5,180.6,180.7,178.65,179.42,1020950,179.53,179.52,1,179.55,38,
2026-04-10T14:02:35.525,NC,CASTROLIND,179.55,180.6,180.7,178.65,179.42,1020993,179.53,179.52,1,179.55,23,
2026-04-10T14:02:40.826,NC,CASTROLIND,179.55,180.6,180.7,178.65,179.42,1021540,179.53,179.52,6,179.55,116,
2026-04-10T14:02:45.848,NC,CASTROLIND,179.55,180.6,180.7,178.65,179.42,1021637,179.53,179.54,1,179.55,52,
2026-04-10T14:02:50.847,NC,CASTROLIND,179.55,180.6,180.7,178.65,179.42,1021700,179.53,179.54,4,179.55,111,
2026-04-10T14:02:55.744,NC,CASTROLIND,179.55,180.6,180.7,178.65,179.42,1021797,179.53,179.54,4,179.55,142,
2026-04-10T14:03:00.568,NC,CASTROLIND,179.55,180.6,180.7,178.65,179.42,1021822,179.53,179.54,2,179.55,137,
2026-04-10T14:03:05.621,NC,CASTROLIND,179.55,180.6,180.7,178.65,179.42,1021833,179.53,179.54,3,179.55,126,
2026-04-10T14:03:10.660,NC,CASTROLIND,179.55,180.6,180.7,178.65,179.42,1021849,179.53,179.54,2,179.55,106,
2026-04-10T14:03:15.581,NC,CASTROLIND,179.54,180.6,180.7,178.65,179.42,1021862,179.53,179.52,1,179.54,272,
2026-04-10T14:03:20.477,NC,CASTROLIND,179.54,180.6,180.7,178.65,179.42,1021933,179.53,179.53,1,179.54,201,
2026-04-10T14:03:25.583,NC,CASTROLIND,179.54,180.6,180.7,178.65,179.42,1021942,179.53,179.53,2,179.54,192,
2026-04-10T14:03:30.594,NC,CASTROLIND,179.54,180.6,180.7,178.65,179.42,1021988,179.53,179.53,1,179.54,146,
2026-04-10T14:03:35.400,NC,CASTROLIND,179.54,180.6,180.7,178.65,179.42,1022256,179.53,179.53,1,179.54,78,
2026-04-10T14:03:40.317,NC,CASTROLIND,179.54,180.6,180.7,178.65,179.42,1022293,179.53,179.53,3,179.54,41,
2026-04-10T14:03:45.118,NC,CASTROLIND,179.54,180.6,180.7,178.65,179.42,1022310,179.53,179.53,2,179.54,24,
2026-04-10T14:03:49.719,NC,CASTROLIND,179.54,180.6,180.7,178.65,179.42,1022350,179.53,179.5,126,179.54,20,
2026-04-10T14:03:54.441,NC,CASTROLIND,179.54,180.6,180.7,178.65,179.42,1022363,179.53,179.53,1,179.54,7,
2026-04-10T14:03:59.030,NC,CASTROLIND,179.54,180.6,180.7,178.65,179.42,1022368,179.53,179.5,126,179.54,2,
2026-04-10T14:04:03.744,NC,CASTROLIND,179.54,180.6,180.7,178.65,179.42,1022382,179.53,179.52,1,179.53,3758,
2026-04-10T14:04:08.658,NC,CASTROLIND,179.53,180.6,180.7,178.65,179.42,1022484,179.53,179.51,1,179.53,3626,
2026-04-10T14:04:13.657,NC,CASTROLIND,179.53,180.6,180.7,178.65,179.42,1022536,179.53,179.52,3,179.53,3581,
2026-04-10T14:04:18.478,NC,CASTROLIND,179.53,180.6,180.7,178.65,179.42,1022561,179.53,179.52,2,179.53,3576,
2026-04-10T14:04:23.274,NC,CASTROLIND,179.53,180.6,180.7,178.65,179.42,1022615,179.53,179.52,2,179.53,3522,
2026-04-10T14:04:27.784,NC,CASTROLIND,179.53,180.6,180.7,178.65,179.42,1022640,179.53,179.52,2,179.53,3497,
2026-04-10T14:04:32.693,NC,CASTROLIND,179.53,180.6,180.7,178.65,179.42,1023043,179.53,179.51,1,179.53,3159,
2026-04-10T14:04:37.905,NC,CASTROLIND,179.53,180.6,180.7,178.65,179.42,1023050,179.53,179.52,5,179.53,3152,
2026-04-10T14:04:43.327,NC,CASTROLIND,179.52,180.6,180.7,178.65,179.42,1023109,179.53,179.51,1,179.53,3112,
2026-04-10T14:04:48.617,NC,CASTROLIND,179.52,180.6,180.7,178.65,179.42,1023111,179.53,179.51,1,179.53,3112,
2026-04-10T14:04:53.643,NC,CASTROLIND,179.53,180.6,180.7,178.65,179.42,1023163,179.53,179.52,2,179.53,3054,
2026-04-10T14:04:58.430,NC,CASTROLIND,179.5,180.6,180.7,178.65,179.42,1023231,179.53,179.48,1,179.5,3,
2026-04-10T14:05:03.340,NC,CASTROLIND,179.5,180.6,180.7,178.65,179.42,1023252,179.53,179.49,2,179.5,6,
2026-04-10T14:05:09.255,NC,CASTROLIND,179.5,180.6,180.7,178.65,179.42,1023258,179.53,179.5,96,179.53,3183,
2026-04-10T14:05:14.458,NC,CASTROLIND,179.53,180.6,180.7,178.65,179.42,1023367,179.53,179.5,1,179.53,3180,
2026-04-10T14:05:19.465,NC,CASTROLIND,179.53,180.6,180.7,178.65,179.42,1023382,179.53,179.52,1,179.53,3159,
2026-04-10T14:05:24.395,NC,CASTROLIND,179.5,180.6,180.7,178.65,179.42,1023450,179.53,179.49,2,179.5,62,
2026-04-10T14:05:29.371,NC,CASTROLIND,179.5,180.6,180.7,178.65,179.42,1023455,179.53,179.47,1,179.5,57,
2026-04-10T14:05:34.278,NC,CASTROLIND,179.5,180.6,180.7,178.65,179.42,1023520,179.53,179.49,2,179.5,2,
2026-04-10T14:05:39.288,NC,CASTROLIND,179.5,180.6,180.7,178.65,179.42,1023522,179.53,179.5,28,179.53,3112,
2026-04-10T14:05:44.390,NC,CASTROLIND,179.53,180.6,180.7,178.65,179.42,1023548,179.53,179.52,1,179.53,3086,
2026-04-10T14:05:49.298,NC,CASTROLIND,179.53,180.6,180.7,178.65,179.42,1023550,179.53,179.51,1,179.53,3084,
2026-04-10T14:05:54.205,NC,CASTROLIND,179.53,180.6,180.7,178.65,179.42,1023604,179.53,179.52,2,179.53,3030,
2026-04-10T14:05:59.001,NC,CASTROLIND,179.53,180.6,180.7,178.65,179.42,1023639,179.53,179.52,1,179.53,2841,
2026-04-10T14:06:03.913,NC,CASTROLIND,179.53,180.6,180.7,178.65,179.42,1023654,179.53,179.52,2,179.53,2848,
2026-04-10T14:06:08.711,NC,CASTROLIND,179.53,180.6,180.7,178.65,179.42,1023663,179.53,179.51,1,179.53,2817,
2026-04-10T14:06:13.534,NC,CASTROLIND,179.53,180.6,180.7,178.65,179.42,1023677,179.53,179.52,1,179.53,2803,
2026-04-10T14:06:18.435,NC,CASTROLIND,179.53,180.6,180.7,178.65,179.42,1023678,179.53,179.52,1,179.53,2812,
2026-04-10T14:06:24.124,NC,CASTROLIND,179.53,180.6,180.7,178.65,179.42,1023729,179.53,179.52,1,179.53,2761,
2026-04-10T14:06:29.936,NC,CASTROLIND,179.53,180.6,180.7,178.65,179.42,1023734,179.53,179.52,1,179.53,2756,
2026-04-10T14:06:35.840,NC,CASTROLIND,179.53,180.6,180.7,178.65,179.42,1023800,179.53,179.52,1,179.53,4230,
2026-04-10T14:06:42.157,NC,CASTROLIND,179.51,180.6,180.7,178.65,179.42,1023946,179.53,179.5,2,179.53,4220,
2026-04-10T14:06:47.762,NC,CASTROLIND,179.5,180.6,180.7,178.65,179.42,1024239,179.53,179.51,1,179.53,3977,
2026-04-10T14:06:52.883,NC,CASTROLIND,179.53,180.6,180.7,178.65,179.42,1024295,179.53,179.52,3,179.53,3921,
2026-04-10T14:06:57.978,NC,CASTROLIND,179.5,180.6,180.7,178.65,179.42,1025538,179.53,179.48,13,179.5,307,
2026-04-10T14:07:02.886,NC,CASTROLIND,179.5,180.6,180.7,178.65,179.42,1025676,179.53,179.49,1,179.5,321,
2026-04-10T14:07:07.915,NC,CASTROLIND,179.5,180.6,180.7,178.65,179.42,1025706,179.53,179.49,2,179.5,291,
2026-04-10T14:07:13.122,NC,CASTROLIND,179.5,180.6,180.7,178.65,179.42,1025732,179.53,179.47,1,179.5,279,
2026-04-10T14:07:18.714,NC,CASTROLIND,179.5,180.6,180.7,178.65,179.42,1025744,179.53,179.49,2,179.5,259,
2026-04-10T14:07:24.037,NC,CASTROLIND,179.53,180.6,180.7,178.65,179.42,1028297,179.53,179.51,26,179.53,265,
2026-04-10T14:07:29.229,NC,CASTROLIND,179.53,180.6,180.7,178.65,179.42,1028552,179.53,179.52,4,179.53,33,
2026-04-10T14:07:34.227,NC,CASTROLIND,179.44,180.6,180.7,178.65,179.42,1028851,179.53,179.48,3,179.53,16,
2026-04-10T14:07:44.337,NC,CASTROLIND,179.53,180.6,180.7,178.65,179.42,1028893,179.53,179.5,1,179.53,209,
2026-04-10T14:07:49.051,NC,CASTROLIND,179.55,180.6,180.7,178.65,179.42,1029397,179.53,179.52,5,179.55,96,
2026-04-10T14:07:53.858,NC,CASTROLIND,179.55,180.6,180.7,178.65,179.42,1029498,179.53,179.53,1,179.55,100,
2026-04-10T14:07:58.469,NC,CASTROLIND,179.59,180.6,180.7,178.65,179.42,1030008,179.53,179.57,5,179.61,619,
2026-04-10T14:08:03.188,NC,CASTROLIND,179.61,180.6,180.7,178.65,179.42,1030072,179.53,179.6,2,179.61,555,
2026-04-10T14:08:07.975,NC,CASTROLIND,179.61,180.6,180.7,178.65,179.42,1030082,179.53,179.52,58,179.61,545,
2026-04-10T14:08:12.677,NC,CASTROLIND,179.61,180.6,180.7,178.65,179.42,1030095,179.53,179.58,1,179.61,710,
2026-04-10T14:08:17.489,NC,CASTROLIND,179.61,180.6,180.7,178.65,179.42,1030097,179.53,179.58,3,179.61,708,
2026-04-10T14:08:22.590,NC,CASTROLIND,179.61,180.6,180.7,178.65,179.42,1030229,179.53,179.6,3,179.61,613,
2026-04-10T14:08:27.808,NC,CASTROLIND,179.61,180.6,180.7,178.65,179.42,1030269,179.53,179.6,2,179.61,573,
2026-04-10T14:08:32.299,NC,CASTROLIND,179.61,180.6,180.7,178.65,179.42,1030286,179.53,179.6,2,179.61,556,
2026-04-10T14:08:37.005,NC,CASTROLIND,179.61,180.6,180.7,178.65,179.42,1030288,179.53,179.53,5,179.61,554,
2026-04-10T14:08:41.719,NC,CASTROLIND,179.61,180.6,180.7,178.65,179.42,1030301,179.53,179.57,4,179.61,551,
2026-04-10T14:08:46.316,NC,CASTROLIND,179.61,180.6,180.7,178.65,179.42,1030303,179.53,179.57,3,179.61,559,
2026-04-10T14:08:51.022,NC,CASTROLIND,179.61,180.6,180.7,178.65,179.42,1030381,179.53,179.59,1,179.61,471,
2026-04-10T14:08:55.931,NC,CASTROLIND,179.61,180.6,180.7,178.65,179.42,1030485,179.53,179.6,3,179.61,367,
2026-04-10T14:09:00.537,NC,CASTROLIND,179.61,180.6,180.7,178.65,179.42,1030507,179.53,179.6,3,179.61,349,
2026-04-10T14:09:05.255,NC,CASTROLIND,179.53,180.6,180.7,178.65,179.42,1030734,179.53,179.51,3,179.53,155,
2026-04-10T14:09:10.070,NC,CASTROLIND,179.53,180.6,180.7,178.65,179.42,1030757,179.53,179.52,1,179.53,132,
2026-04-10T14:09:14.962,NC,CASTROLIND,179.51,180.6,180.7,178.65,179.42,1030786,179.53,179.51,3,179.53,120,
2026-04-10T14:09:19.570,NC,CASTROLIND,179.46,180.6,180.7,178.65,179.42,1031826,179.53,179.49,1,179.53,154,
2026-04-10T14:09:24.283,NC,CASTROLIND,179.53,180.6,180.7,178.65,179.42,1031955,179.53,179.52,2,179.53,18,
2026-04-10T14:09:28.984,NC,CASTROLIND,179.53,180.6,180.7,178.65,179.42,1032008,179.53,179.52,3,179.53,12,
2026-04-10T14:09:33.688,NC,CASTROLIND,179.53,180.6,180.7,178.65,179.42,1032028,179.53,179.52,5,179.53,15,
2026-04-10T14:09:38.895,NC,CASTROLIND,179.53,180.6,180.7,178.65,179.42,1032030,179.53,179.52,3,179.53,13,
2026-04-10T14:09:44.299,NC,CASTROLIND,179.52,180.6,180.7,178.65,179.42,1032073,179.53,179.42,104,179.52,396,
2026-04-10T14:09:49.515,NC,CASTROLIND,179.52,180.6,180.7,178.65,179.42,1032174,179.53,179.47,1,179.5,500,
2026-04-10T14:09:54.819,NC,CASTROLIND,179.5,180.6,180.7,178.65,179.42,1032289,179.53,179.49,4,179.5,405,
2026-04-10T14:10:00.019,NC,CASTROLIND,179.49,180.6,180.7,178.65,179.42,1032324,179.53,179.49,7,179.5,371,
2026-04-10T14:10:05.430,NC,CASTROLIND,179.5,180.6,180.7,178.65,179.42,1032715,179.53,179.5,4,179.52,305,
2026-04-10T14:10:11.344,NC,CASTROLIND,179.52,180.6,180.7,178.65,179.42,1032793,179.53,179.51,3,179.52,227,
2026-04-10T14:10:16.650,NC,CASTROLIND,179.43,180.6,180.7,178.65,179.42,1033096,179.53,179.47,2,179.52,224,
2026-04-10T14:10:22.262,NC,CASTROLIND,179.49,180.6,180.7,178.65,179.42,1033147,179.53,179.47,1,179.49,110,
2026-04-10T14:10:27.655,NC,CASTROLIND,179.49,180.6,180.7,178.65,179.42,1033172,179.53,179.48,2,179.49,85,
2026-04-10T14:10:33.362,NC,CASTROLIND,179.49,180.6,180.7,178.65,179.42,1033217,179.53,179.45,1,179.49,40,
2026-04-10T14:10:39.071,NC,CASTROLIND,179.49,180.6,180.7,178.65,179.42,1033221,179.53,179.45,1,179.49,36,
2026-04-10T14:10:44.477,NC,CASTROLIND,179.49,180.6,180.7,178.65,179.42,1033235,179.53,179.47,1,179.49,32,
2026-04-10T14:10:49.589,NC,CASTROLIND,179.45,180.6,180.7,178.65,179.42,1033237,179.53,179.47,3,179.49,21,
2026-04-10T14:10:55.195,NC,CASTROLIND,179.49,180.6,180.7,178.65,179.42,1033292,179.53,179.48,1,179.49,33,
2026-04-10T14:11:00.403,NC,CASTROLIND,179.49,180.6,180.7,178.65,179.42,1033320,179.53,179.47,1,179.49,25,
2026-04-10T14:11:05.612,NC,CASTROLIND,179.49,180.6,180.7,178.65,179.42,1033340,179.53,179.48,3,179.49,15,
2026-04-10T14:11:11.229,NC,CASTROLIND,179.49,180.6,180.7,178.65,179.42,1033386,179.53,179.48,6,179.49,20,
2026-04-10T14:11:16.839,NC,CASTROLIND,179.49,180.6,180.7,178.65,179.42,1033437,179.53,179.48,5,179.49,16,
2026-04-10T14:11:22.538,NC,CASTROLIND,179.52,180.6,180.7,178.65,179.42,1033589,179.53,179.5,1,179.52,163,
2026-04-10T14:11:27.850,NC,CASTROLIND,179.51,180.6,180.7,178.65,179.42,1034164,179.53,179.48,6,179.52,148,
2026-04-10T14:11:32.754,NC,CASTROLIND,179.52,180.6,180.7,178.65,179.42,1034236,179.53,179.51,1,179.52,76,
2026-04-10T14:11:37.667,NC,CASTROLIND,179.52,180.6,180.7,178.65,179.42,1034238,179.53,179.51,5,179.52,74,
2026-04-10T14:11:42.773,NC,CASTROLIND,179.52,180.6,180.7,178.65,179.42,1034434,179.53,179.51,1,179.52,16,
2026-04-10T14:11:47.879,NC,CASTROLIND,179.52,180.6,180.7,178.65,179.42,1034480,179.53,179.52,1,179.59,32,
2026-04-10T14:11:52.984,NC,CASTROLIND,179.6,180.6,180.7,178.65,179.42,1034621,179.53,179.59,1,179.6,28,
2026-04-10T14:11:58.296,NC,CASTROLIND,179.6,180.6,180.7,178.65,179.42,1034637,179.53,179.59,2,179.6,22,
2026-04-10T14:12:03.797,NC,CASTROLIND,179.59,180.6,180.7,178.65,179.42,1034679,179.53,179.55,1,179.59,94,
2026-04-10T14:12:09.115,NC,CASTROLIND,179.59,180.6,180.7,178.65,179.42,1034683,179.53,179.47,150,179.59,132,
2026-04-10T14:12:14.410,NC,CASTROLIND,179.55,180.6,180.7,178.65,179.42,1034708,179.53,179.51,1,179.55,455,
2026-04-10T14:12:19.427,NC,CASTROLIND,179.55,180.6,180.7,178.65,179.42,1034710,179.53,179.41,251,179.55,439,
2026-04-10T14:12:24.038,NC,CASTROLIND,179.55,180.6,180.7,178.65,179.42,1034760,179.53,179.51,1,179.55,460,
2026-04-10T14:12:29.442,NC,CASTROLIND,179.55,180.6,180.7,178.65,179.42,1034765,179.53,179.51,3,179.55,370,
2026-04-10T14:12:34.638,NC,CASTROLIND,179.55,180.6,180.7,178.65,179.42,1034811,179.53,179.54,1,179.55,374,
2026-04-10T14:12:39.839,NC,CASTROLIND,179.55,180.6,180.7,178.65,179.42,1034842,179.53,179.54,1,179.55,343,
2026-04-10T14:12:45.054,NC,CASTROLIND,179.55,180.6,180.7,178.65,179.42,1034858,179.53,179.54,2,179.55,327,
2026-04-10T14:12:49.888,NC,CASTROLIND,179.54,180.6,180.7,178.65,179.42,1034899,179.53,179.52,1,179.54,11,
2026-04-10T14:12:54.770,NC,CASTROLIND,179.55,180.6,180.7,178.65,179.42,1034912,179.53,179.54,1,179.55,273,
2026-04-10T14:12:59.777,NC,CASTROLIND,179.52,180.6,180.7,178.65,179.42,1034918,179.53,179.5,10,179.52,92,
2026-04-10T14:13:04.285,NC,CASTROLIND,179.52,180.6,180.7,178.65,179.42,1034982,179.53,179.51,2,179.52,28,
2026-04-10T14:13:09.218,NC,CASTROLIND,179.52,180.6,180.7,178.65,179.42,1034988,179.53,179.51,1,179.52,22,
2026-04-10T14:13:14.227,NC,CASTROLIND,179.52,180.6,180.7,178.65,179.42,1035002,179.53,179.51,1,179.52,8,
2026-04-10T14:13:19.301,NC,CASTROLIND,179.52,180.6,180.7,178.65,179.42,1035003,179.53,179.5,10,179.52,17,
2026-04-10T14:13:24.233,NC,CASTROLIND,179.54,180.6,180.7,178.65,179.42,1035054,179.53,179.53,3,179.54,66,
2026-04-10T14:13:29.032,NC,CASTROLIND,179.54,180.6,180.7,178.65,179.42,1035059,179.53,179.53,1,179.54,81,
2026-04-10T14:13:34.133,NC,CASTROLIND,179.47,180.6,180.7,178.65,179.42,1035099,179.53,179.48,1,179.54,92,
2026-04-10T14:13:45.450,NC,CASTROLIND,179.54,180.6,180.7,178.65,179.42,1035149,179.53,179.53,1,179.54,16,
2026-04-10T14:13:50.958,NC,CASTROLIND,179.52,180.6,180.7,178.65,179.42,1035253,179.53,179.47,3,179.52,774,
2026-04-10T14:13:55.970,NC,CASTROLIND,179.52,180.6,180.7,178.65,179.42,1035415,179.53,179.51,2,179.52,592,
2026-04-10T14:14:00.878,NC,CASTROLIND,179.52,180.6,180.7,178.65,179.42,1035455,179.53,179.51,3,179.52,552,
2026-04-10T14:14:06.281,NC,CASTROLIND,179.52,180.6,180.7,178.65,179.42,1035459,179.53,179.51,1,179.52,548,
2026-04-10T14:14:11.585,NC,CASTROLIND,179.52,180.6,180.7,178.65,179.42,1036007,179.53,179.52,466,179.54,12,
2026-04-10T14:14:22.101,NC,CASTROLIND,179.6,180.6,180.7,178.65,179.42,1036562,179.53,179.58,1,179.6,112,
2026-04-10T14:14:28.627,NC,CASTROLIND,179.55,180.6,180.7,178.65,179.42,1038659,179.53,179.55,532,179.57,239,
2026-04-10T14:14:35.628,NC,CASTROLIND,179.6,180.6,180.7,178.65,179.42,1048097,179.53,179.6,453,179.61,160,
2026-04-10T14:14:42.248,NC,CASTROLIND,179.72,180.6,180.7,178.65,179.42,1050101,179.53,179.61,431,179.72,83,
2026-04-10T14:14:48.264,NC,CASTROLIND,179.61,180.6,180.7,178.65,179.42,1050239,179.53,179.6,1000,179.71,104,
2026-04-10T14:14:53.983,NC,CASTROLIND,179.71,180.6,180.7,178.65,179.42,1050291,179.53,179.6,1000,179.71,52,
2026-04-10T14:14:59.789,NC,CASTROLIND,179.6,180.6,180.7,178.65,179.42,1050382,179.53,179.61,215,179.71,198,
2026-04-10T14:15:05.496,NC,CASTROLIND,179.73,180.6,180.7,178.65,179.42,1050896,179.53,179.61,372,179.72,104,
2026-04-10T14:15:11.306,NC,CASTROLIND,179.72,180.6,180.7,178.65,179.42,1050909,179.53,179.61,207,179.72,322,
2026-04-10T14:15:17.010,NC,CASTROLIND,179.71,180.6,180.7,178.65,179.42,1051069,179.53,179.61,472,179.71,162,
2026-04-10T14:15:22.442,NC,CASTROLIND,179.71,180.6,180.7,178.65,179.42,1051125,179.53,179.61,207,179.71,267,
2026-04-10T14:15:28.935,NC,CASTROLIND,179.61,180.6,180.7,178.65,179.42,1051652,179.53,179.61,180,179.72,369,
2026-04-10T14:15:34.741,NC,CASTROLIND,179.72,180.6,180.7,178.65,179.42,1051666,179.53,179.61,185,179.69,529,
2026-04-10T14:15:41.656,NC,CASTROLIND,179.49,180.6,180.7,178.65,179.42,1070123,179.53,179.4,205,179.47,248,
2026-04-10T14:15:48.774,NC,CASTROLIND,179.32,180.6,180.7,178.65,179.42,1070849,179.53,179.32,100,179.4,153,
2026-04-10T14:15:55.994,NC,CASTROLIND,179.4,180.6,180.7,178.65,179.42,1070900,179.53,179.32,100,179.4,88,
2026-04-10T14:16:02.876,NC,CASTROLIND,179.4,180.6,180.7,178.65,179.42,1071348,179.53,179.37,93,179.4,20,
2026-04-10T14:16:09.389,NC,CASTROLIND,179.4,180.6,180.7,178.65,179.42,1071692,179.53,179.38,15,179.4,20,
2026-04-10T14:16:16.103,NC,CASTROLIND,179.4,180.6,180.7,178.65,179.42,1071709,179.53,179.38,15,179.4,3,
2026-04-10T14:16:22.622,NC,CASTROLIND,179.4,180.6,180.7,178.65,179.42,1071764,179.53,179.32,100,179.4,468,
2026-04-10T14:16:29.140,NC,CASTROLIND,179.32,180.6,180.7,178.65,179.42,1072015,179.53,179.32,100,179.4,468,
2026-04-10T14:16:35.533,NC,CASTROLIND,179.4,180.6,180.7,178.65,179.42,1072029,179.53,179.32,100,179.4,610,
2026-04-10T14:16:41.855,NC,CASTROLIND,179.4,180.6,180.7,178.65,179.42,1072044,179.53,179.32,100,179.4,467,
2026-04-10T14:16:54.756,NC,CASTROLIND,179.4,180.6,180.7,178.65,179.42,1072096,179.53,179.32,100,179.4,436,
2026-04-10T14:17:01.094,NC,CASTROLIND,179.4,180.6,180.7,178.65,179.42,1072110,179.53,179.32,181,179.4,394,
2026-04-10T14:17:14.384,NC,CASTROLIND,179.4,180.6,180.7,178.65,179.42,1072223,179.53,179.32,167,179.4,281,
2026-04-10T14:17:21.598,NC,CASTROLIND,179.4,180.6,180.7,178.65,179.42,1072273,179.53,179.32,117,179.4,521,
2026-04-10T14:17:28.303,NC,CASTROLIND,179.32,180.6,180.7,178.65,179.42,1072451,179.53,179.32,100,179.4,491,
2026-04-10T14:17:34.708,NC,CASTROLIND,179.4,180.6,180.7,178.65,179.42,1072469,179.53,179.33,206,179.4,473,
2026-04-10T14:17:41.319,NC,CASTROLIND,179.4,180.6,180.7,178.65,179.42,1072482,179.53,179.32,212,179.4,460,
2026-04-10T14:17:54.156,NC,CASTROLIND,179.4,180.6,180.7,178.65,179.42,1072585,179.53,179.32,100,179.4,357,
2026-04-10T14:18:06.363,NC,CASTROLIND,179.4,180.6,180.7,178.65,179.42,1072600,179.53,179.32,100,179.4,356,
2026-04-10T14:18:12.682,NC,CASTROLIND,179.4,180.6,180.7,178.65,179.42,1072714,179.53,179.32,100,179.4,269,
2026-04-10T14:18:18.669,NC,CASTROLIND,179.32,180.6,180.7,178.65,179.42,1072915,179.53,179.32,53,179.4,516,
2026-04-10T14:18:24.388,NC,CASTROLIND,179.4,180.6,180.7,178.65,179.42,1072965,179.53,179.32,53,179.4,344,
2026-04-10T14:18:29.894,NC,CASTROLIND,179.4,180.6,180.7,178.65,179.42,1072984,179.53,179.35,101,179.4,299,
2026-04-10T14:18:35.605,NC,CASTROLIND,179.4,180.6,180.7,178.65,179.42,1072999,179.53,179.35,101,179.4,534,
2026-04-10T14:18:41.212,NC,CASTROLIND,179.4,180.6,180.7,178.65,179.42,1073013,179.53,179.35,101,179.4,520,
2026-04-10T14:18:46.816,NC,CASTROLIND,179.4,180.6,180.7,178.65,179.42,1073039,179.53,179.35,101,179.4,1494,
2026-04-10T14:18:52.582,NC,CASTROLIND,179.4,180.6,180.7,178.65,179.42,1073090,179.53,179.35,101,179.4,443,
2026-04-10T14:18:58.043,NC,CASTROLIND,179.4,180.6,180.7,178.65,179.42,1073110,179.53,179.35,101,179.4,423,
2026-04-10T14:19:03.851,NC,CASTROLIND,179.4,180.6,180.7,178.65,179.42,1073154,179.53,179.35,101,179.4,446,
2026-04-10T14:19:15.966,NC,CASTROLIND,179.4,180.6,180.7,178.65,179.42,1073468,179.53,179.35,101,179.4,406,
2026-04-10T14:19:21.866,NC,CASTROLIND,179.4,180.6,180.7,178.65,179.42,1073519,179.53,179.35,101,179.4,355,
2026-04-10T14:19:32.997,NC,CASTROLIND,179.4,180.6,180.7,178.65,179.42,1073573,179.53,179.35,101,179.4,301,
2026-04-10T14:19:38.602,NC,CASTROLIND,179.5,180.6,180.7,178.65,179.42,1075073,179.53,179.35,101,179.46,104,
2026-04-10T14:19:44.407,NC,CASTROLIND,179.46,180.6,180.7,178.65,179.42,1075086,179.53,179.36,206,179.46,189,
2026-04-10T14:19:50.609,NC,CASTROLIND,179.45,180.6,180.7,178.65,179.42,1075146,179.53,179.35,206,179.45,62,
2026-04-10T14:20:01.757,NC,CASTROLIND,179.33,180.6,180.7,178.65,179.42,1075565,179.53,179.32,68,179.44,102,
2026-04-10T14:20:13.460,NC,CASTROLIND,179.44,180.6,180.7,178.65,179.42,1075578,179.53,179.4,600,179.44,167,
2026-04-10T14:20:24.672,NC,CASTROLIND,179.44,180.6,180.7,178.65,179.42,1075629,179.53,179.4,618,179.44,200,
2026-04-10T14:20:30.208,NC,CASTROLIND,179.44,180.6,180.7,178.65,179.42,1075649,179.53,179.4,618,179.44,180,
2026-04-10T14:20:35.571,NC,CASTROLIND,179.44,180.6,180.7,178.65,179.42,1075680,179.53,179.4,602,179.44,165,
2026-04-10T14:20:40.987,NC,CASTROLIND,179.44,180.6,180.7,178.65,179.42,1075698,179.53,179.4,602,179.44,71,
2026-04-10T14:20:46.693,NC,CASTROLIND,179.44,180.6,180.7,178.65,179.42,1075703,179.53,179.4,602,179.44,66,
2026-04-10T14:20:52.391,NC,CASTROLIND,179.44,180.6,180.7,178.65,179.42,1075759,179.53,179.4,602,179.44,30,
2026-04-10T14:20:57.914,NC,CASTROLIND,179.45,180.6,180.7,178.65,179.42,1076760,179.53,179.4,612,179.45,147,
2026-04-10T14:21:03.422,NC,CASTROLIND,179.45,180.6,180.7,178.65,179.42,1076874,179.53,179.44,300,179.45,33,
2026-04-10T14:21:09.328,NC,CASTROLIND,179.49,180.6,180.7,178.65,179.42,1077203,179.53,179.4,619,179.49,76,
2026-04-10T14:21:15.168,NC,CASTROLIND,179.5,180.6,180.7,178.65,179.42,1077216,179.53,179.4,612,179.49,114,
2026-04-10T14:21:20.654,NC,CASTROLIND,179.49,180.6,180.7,178.65,179.42,1077274,179.53,179.45,1,179.49,8,
2026-04-10T14:21:31.570,NC,CASTROLIND,179.49,180.6,180.7,178.65,179.42,1077288,179.53,179.45,2,179.49,97,
2026-04-10T14:21:36.794,NC,CASTROLIND,179.46,180.6,180.7,178.65,179.42,1078117,179.53,179.33,16,179.46,96,
2026-04-10T14:21:42.287,NC,CASTROLIND,179.45,180.6,180.7,178.65,179.42,1078134,179.53,179.33,1,179.44,22,
2026-04-10T14:21:48.107,NC,CASTROLIND,179.44,180.6,180.7,178.65,179.42,1078144,179.53,179.33,1,179.44,167,
2026-04-10T14:21:53.602,NC,CASTROLIND,179.3,180.6,180.7,178.65,179.42,1078697,179.53,179.3,832,179.4,99,
2026-04-10T14:22:04.618,NC,CASTROLIND,179.41,180.6,180.7,178.65,179.42,1078731,179.53,179.35,1,179.41,1,
2026-04-10T14:22:10.127,NC,CASTROLIND,179.31,180.6,180.7,178.65,179.42,1078796,179.53,179.32,28,179.4,29,
2026-04-10T14:22:15.940,NC,CASTROLIND,179.4,180.6,180.7,178.65,179.42,1078809,179.53,179.3,929,179.39,130,
2026-04-10T14:22:21.441,NC,CASTROLIND,179.39,180.6,180.7,178.65,179.42,1078871,179.53,179.3,1132,179.39,21,
2026-04-10T14:22:27.244,NC,CASTROLIND,179.41,180.6,180.7,178.65,179.42,1079171,179.53,179.31,28,179.41,28,
2026-04-10T14:22:32.877,NC,CASTROLIND,179.41,180.6,180.7,178.65,179.42,1079215,179.53,179.31,28,179.41,87,
2026-04-10T14:22:43.698,NC,CASTROLIND,179.42,180.6,180.7,178.65,179.42,1079248,179.53,179.31,28,179.42,42,
2026-04-10T14:22:48.897,NC,CASTROLIND,179.42,180.6,180.7,178.65,179.42,1079498,179.53,179.31,149,179.43,69,
2026-04-10T14:22:54.382,NC,CASTROLIND,179.43,180.6,180.7,178.65,179.42,1079549,179.53,179.3,1132,179.4,159,
2026-04-10T14:23:00.088,NC,CASTROLIND,179.39,180.6,180.7,178.65,179.42,1079687,179.53,179.3,1132,179.4,143,
2026-04-10T14:23:06.198,NC,CASTROLIND,179.39,180.6,180.7,178.65,179.42,1079798,179.53,179.3,1132,179.4,119,
2026-04-10T14:23:11.903,NC,CASTROLIND,179.39,180.6,180.7,178.65,179.42,1079811,179.53,179.35,1,179.39,247,
2026-04-10T14:23:17.508,NC,CASTROLIND,179.39,180.6,180.7,178.65,179.42,1079869,179.53,179.35,1,179.39,209,
2026-04-10T14:23:23.108,NC,CASTROLIND,179.39,180.6,180.7,178.65,179.42,1079919,179.53,179.35,1,179.39,258,
2026-04-10T14:23:28.818,NC,CASTROLIND,179.39,180.6,180.7,178.65,179.42,1079927,179.53,179.35,1,179.39,250,
2026-04-10T14:23:34.531,NC,CASTROLIND,179.39,180.6,180.7,178.65,179.42,1079942,179.53,179.35,1,179.39,235,
2026-04-10T14:23:45.835,NC,CASTROLIND,179.39,180.6,180.7,178.65,179.42,1079956,179.53,179.35,1,179.39,221,
2026-04-10T14:23:51.344,NC,CASTROLIND,179.39,180.6,180.7,178.65,179.42,1080018,179.53,179.35,1,179.39,159,
2026-04-10T14:24:02.557,NC,CASTROLIND,179.39,180.6,180.7,178.65,179.42,1080067,179.53,179.35,1,179.39,160,
2026-04-10T14:24:08.368,NC,CASTROLIND,179.39,180.6,180.7,178.65,179.42,1080068,179.53,179.35,1,179.39,159,
2026-04-10T14:24:14.871,NC,CASTROLIND,179.21,180.6,180.7,178.65,179.42,1081413,179.53,179.21,652,179.27,96,
2026-04-10T14:24:21.186,NC,CASTROLIND,179.27,180.6,180.7,178.65,179.42,1081518,179.53,179.21,680,179.27,7,
2026-04-10T14:24:33.123,NC,CASTROLIND,179.27,180.6,180.7,178.65,179.42,1081532,179.53,179.22,28,179.27,20,
2026-04-10T14:24:44.816,NC,CASTROLIND,179.27,180.6,180.7,178.65,179.42,1081545,179.53,179.21,680,179.27,174,
2026-04-10T14:24:50.444,NC,CASTROLIND,179.27,180.6,180.7,178.65,179.42,1081596,179.53,179.22,28,179.27,143,
2026-04-10T14:25:01.372,NC,CASTROLIND,179.27,180.6,180.7,178.65,179.42,1081610,179.53,179.25,1,179.27,30,
2026-04-10T14:25:07.347,NC,CASTROLIND,179.27,180.6,180.7,178.65,179.42,1081630,179.53,179.25,1,179.27,27,
2026-04-10T14:25:13.155,NC,CASTROLIND,179.27,180.6,180.7,178.65,179.42,1081643,179.53,179.25,1,179.27,24,
2026-04-10T14:25:18.958,NC,CASTROLIND,179.22,180.6,180.7,178.65,179.42,1081648,179.53,179.22,25,179.27,23,
2026-04-10T14:25:24.968,NC,CASTROLIND,179.21,180.6,180.7,178.65,179.42,1081704,179.53,179.21,647,179.3,232,
2026-04-10T14:25:30.870,NC,CASTROLIND,179.29,180.6,180.7,178.65,179.42,1081718,179.53,179.21,647,179.29,128,
2026-04-10T14:25:42.892,NC,CASTROLIND,179.3,180.6,180.7,178.65,179.42,1081733,179.53,179.22,28,179.3,232,
2026-04-10T14:25:48.791,NC,CASTROLIND,179.3,180.6,180.7,178.65,179.42,1081753,179.53,179.22,28,179.3,188,
2026-04-10T14:25:54.648,NC,CASTROLIND,179.3,180.6,180.7,178.65,179.42,1081804,179.53,179.22,28,179.3,137,
2026-04-10T14:26:00.620,NC,CASTROLIND,179.3,180.6,180.7,178.65,179.42,1081818,179.53,179.22,28,179.3,100,
2026-04-10T14:26:06.937,NC,CASTROLIND,179.21,180.6,180.7,178.65,179.42,1081868,179.53,179.22,28,179.3,100,
2026-04-10T14:26:13.137,NC,CASTROLIND,179.29,180.6,180.7,178.65,179.42,1082881,179.53,179.21,28,179.3,162,
2026-04-10T14:26:24.980,NC,CASTROLIND,179.2,180.6,180.7,178.65,179.42,1084609,179.53,179.11,133,179.2,20,
2026-04-10T14:26:31.082,NC,CASTROLIND,179.19,180.6,180.7,178.65,179.42,1084623,179.53,179.11,133,179.18,28,
2026-04-10T14:26:36.779,NC,CASTROLIND,179.25,180.6,180.7,178.65,179.42,1085623,179.53,179.1,279,179.19,20,
2026-04-10T14:26:42.698,NC,CASTROLIND,179.19,180.6,180.7,178.65,179.42,1085636,179.53,179.1,279,179.19,7,
2026-04-10T14:26:48.501,NC,CASTROLIND,179.1,180.6,180.7,178.65,179.42,1085686,179.53,179.1,229,179.19,210,
2026-04-10T14:26:54.412,NC,CASTROLIND,179.19,180.6,180.7,178.65,179.42,1085743,179.53,179.1,347,179.19,2,
2026-04-10T14:27:00.511,NC,CASTROLIND,179.19,180.6,180.7,178.65,179.42,1085773,179.53,179.15,1,179.19,20,
2026-04-10T14:27:06.315,NC,CASTROLIND,179.19,180.6,180.7,178.65,179.42,1085798,179.53,179.15,1,179.19,52,
2026-04-10T14:27:12.243,NC,CASTROLIND,179.19,180.6,180.7,178.65,179.42,1085851,179.53,179.15,1,179.19,39,
2026-04-10T14:27:18.139,NC,CASTROLIND,179.11,180.6,180.7,178.65,179.42,1085863,179.53,179.11,84,179.19,38,
2026-04-10T14:27:24.049,NC,CASTROLIND,179.19,180.6,180.7,178.65,179.42,1085913,179.53,179.11,84,179.19,28,
2026-04-10T14:27:30.098,NC,CASTROLIND,179.11,180.6,180.7,178.65,179.42,1085923,179.53,179.11,1,179.19,28,
2026-04-10T14:27:36.086,NC,CASTROLIND,179.19,180.6,180.7,178.65,179.42,1085939,179.53,179.11,1,179.19,44,
2026-04-10T14:27:41.888,NC,CASTROLIND,179.19,180.6,180.7,178.65,179.42,1085952,179.53,179.11,101,179.19,20,
2026-04-10T14:27:53.315,NC,CASTROLIND,179.23,180.6,180.7,178.65,179.42,1086005,179.53,179.19,4,179.23,8,
2026-04-10T14:27:59.010,NC,CASTROLIND,179.12,180.6,180.7,178.65,179.42,1086030,179.53,179.19,9,179.23,30,
2026-04-10T14:28:04.923,NC,CASTROLIND,179.25,180.6,180.7,178.65,179.42,1086198,179.53,179.15,56,179.25,111,
2026-04-10T14:28:11.019,NC,CASTROLIND,179.23,180.6,180.7,178.65,179.42,1086211,179.53,179.15,56,179.24,369,
2026-04-10T14:28:23.243,NC,CASTROLIND,179.18,180.6,180.7,178.65,179.42,1090164,179.53,179.05,28,179.19,79,
2026-04-10T14:28:35.169,NC,CASTROLIND,179.15,180.6,180.7,178.65,179.42,1090180,179.53,179.04,59,179.16,69,
2026-04-10T14:28:41.368,NC,CASTROLIND,179.03,180.6,180.7,178.65,179.42,1091195,179.53,179.03,28,179.16,5,
2026-04-10T14:28:47.481,NC,CASTROLIND,179.16,180.6,180.7,178.65,179.42,1091200,179.53,179.03,85,179.15,20,
2026-04-10T14:28:53.283,NC,CASTROLIND,179.14,180.6,180.7,178.65,179.42,1091254,179.53,179.04,28,179.14,4,
2026-04-10T14:29:05.734,NC,CASTROLIND,179.0,180.6,180.7,178.65,179.42,1092420,179.53,179.01,28,179.12,20,
2026-04-10T14:29:11.912,NC,CASTROLIND,179.0,180.6,180.7,178.65,179.42,1095014,179.53,178.96,100,179.0,64,
2026-04-10T14:29:18.218,NC,CASTROLIND,179.0,180.6,180.7,178.65,179.42,1095018,179.53,178.97,1,179.0,60,
2026-04-10T14:29:24.326,NC,CASTROLIND,178.98,180.6,180.7,178.65,179.42,1095297,179.53,178.96,101,178.98,181,
2026-04-10T14:29:30.134,NC,CASTROLIND,178.98,180.6,180.7,178.65,179.42,1095547,179.53,178.96,101,178.98,20,
2026-04-10T14:29:36.347,NC,CASTROLIND,178.96,180.6,180.7,178.65,179.42,1095685,179.53,178.96,77,178.98,56,
2026-04-10T14:29:43.043,NC,CASTROLIND,178.98,180.6,180.7,178.65,179.42,1095710,179.53,178.97,1,178.98,61,
2026-04-10T14:29:49.766,NC,CASTROLIND,179.0,180.6,180.7,178.65,179.42,1096225,179.53,178.98,24,179.0,1161,
2026-04-10T14:29:56.770,NC,CASTROLIND,179.0,180.6,180.7,178.65,179.42,1096290,179.53,178.98,19,179.0,1101,
2026-04-10T14:30:03.396,NC,CASTROLIND,179.0,180.6,180.7,178.65,179.42,1096310,179.53,178.99,1,179.0,1081,
2026-04-10T14:30:10.288,NC,CASTROLIND,179.0,180.6,180.7,178.65,179.42,1097558,179.52,178.98,18,179.0,1050,
2026-04-10T14:30:16.996,NC,CASTROLIND,179.0,180.6,180.7,178.65,179.42,1097571,179.52,178.98,18,179.0,1037,
2026-04-10T14:30:23.417,NC,CASTROLIND,179.0,180.6,180.7,178.65,179.42,1097779,179.52,178.98,18,179.0,854,
2026-04-10T14:30:29.723,NC,CASTROLIND,179.16,180.6,180.7,178.65,179.42,1105533,179.52,179.05,384,179.18,50,
2026-04-10T14:30:36.238,NC,CASTROLIND,179.18,180.6,180.7,178.65,179.42,1105552,179.52,179.07,102,179.18,51,
2026-04-10T14:30:42.633,NC,CASTROLIND,179.17,180.6,180.7,178.65,179.42,1105567,179.52,179.08,172,179.18,20,
2026-04-10T14:30:49.259,NC,CASTROLIND,179.18,180.6,180.7,178.65,179.42,1105568,179.52,179.1,1,179.18,19,
2026-04-10T14:30:55.749,NC,CASTROLIND,179.18,180.6,180.7,178.65,179.42,1105619,179.52,179.1,1,179.18,7,
2026-04-10T14:31:01.552,NC,CASTROLIND,179.18,180.6,180.7,178.65,179.42,1105633,179.52,179.1,1,179.18,20,
2026-04-10T14:31:07.561,NC,CASTROLIND,179.18,180.6,180.7,178.65,179.42,1105636,179.52,179.1,1,179.18,17,
2026-04-10T14:31:13.753,NC,CASTROLIND,179.18,180.6,180.7,178.65,179.42,1105741,179.52,179.1,1,179.18,20,
2026-04-10T14:31:19.651,NC,CASTROLIND,179.08,180.6,180.7,178.65,179.42,1105761,179.52,179.09,103,179.18,20,
2026-04-10T14:31:25.386,NC,CASTROLIND,179.18,180.6,180.7,178.65,179.42,1105894,179.52,179.06,72,179.18,7,
2026-04-10T14:31:31.068,NC,CASTROLIND,179.18,180.6,180.7,178.65,179.42,1106008,179.52,179.06,72,179.18,6,
2026-04-10T14:31:42.385,NC,CASTROLIND,179.18,180.6,180.7,178.65,179.42,1106026,179.52,179.1,5,179.18,15,
2026-04-10T14:31:53.109,NC,CASTROLIND,179.18,180.6,180.7,178.65,179.42,1106102,179.52,179.1,35,179.18,7,
2026-04-10T14:32:03.703,NC,CASTROLIND,179.18,180.6,180.7,178.65,179.42,1106117,179.52,179.1,36,179.18,19,
2026-04-10T14:32:14.927,NC,CASTROLIND,179.18,180.6,180.7,178.65,179.42,1106180,179.52,179.1,36,179.18,20,
2026-04-10T14:32:20.235,NC,CASTROLIND,179.18,180.6,180.7,178.65,179.42,1106271,179.52,179.1,36,179.19,65,
2026-04-10T14:32:25.549,NC,CASTROLIND,179.19,180.6,180.7,178.65,179.42,1106284,179.52,179.1,35,179.19,52,
2026-04-10T14:32:30.651,NC,CASTROLIND,179.19,180.6,180.7,178.65,179.42,1106298,179.52,179.1,35,179.19,39,
2026-04-10T14:32:41.058,NC,CASTROLIND,179.1,180.6,180.7,178.65,179.42,1106558,179.52,179.03,76,179.1,76,
2026-04-10T14:32:46.559,NC,CASTROLIND,179.1,180.6,180.7,178.65,179.42,1106568,179.52,179.03,66,179.1,66,
2026-04-10T14:32:52.174,NC,CASTROLIND,179.1,180.6,180.7,178.65,179.42,1106701,179.52,179.1,44,179.19,164,
2026-04-10T14:32:57.775,NC,CASTROLIND,179.19,180.6,180.7,178.65,179.42,1106709,179.52,179.1,44,179.19,156,
2026-04-10T14:33:03.395,NC,CASTROLIND,179.19,180.6,180.7,178.65,179.42,1106724,179.52,179.1,51,179.19,141,
2026-04-10T14:33:15.099,NC,CASTROLIND,179.19,180.6,180.7,178.65,179.42,1106748,179.52,179.11,98,179.2,25,
2026-04-10T14:33:20.401,NC,CASTROLIND,179.2,180.6,180.7,178.65,179.42,1106786,179.52,179.12,106,179.26,293,
2026-04-10T14:33:26.318,NC,CASTROLIND,179.26,180.6,180.7,178.65,179.42,1106799,179.52,179.14,211,179.26,6,
2026-04-10T14:33:32.218,NC,CASTROLIND,179.26,180.6,180.7,178.65,179.42,1106829,179.52,179.18,107,179.28,353,
2026-04-10T14:33:43.328,NC,CASTROLIND,179.28,180.6,180.7,178.65,179.42,1106842,179.52,179.2,95,179.29,112,
2026-04-10T14:33:48.834,NC,CASTROLIND,179.26,180.6,180.7,178.65,179.42,1106875,179.52,179.2,202,179.29,108,
2026-04-10T14:33:54.444,NC,CASTROLIND,179.29,180.6,180.7,178.65,179.42,1106926,179.52,179.2,202,179.29,57,
2026-04-10T14:33:59.748,NC,CASTROLIND,179.29,180.6,180.7,178.65,179.42,1107057,179.52,179.16,113,179.29,121,
2026-04-10T14:34:05.557,NC,CASTROLIND,179.29,180.6,180.7,178.65,179.42,1107081,179.52,179.2,1,179.29,80,
2026-04-10T14:34:11.369,NC,CASTROLIND,179.25,180.6,180.7,178.65,179.42,1107104,179.52,179.2,1,179.29,88,
2026-04-10T14:34:22.783,NC,CASTROLIND,179.2,180.6,180.7,178.65,179.42,1107157,179.52,179.1,227,179.2,103,
2026-04-10T14:34:33.700,NC,CASTROLIND,179.14,180.6,180.7,178.65,179.42,1107175,179.52,179.1,157,179.14,85,
2026-04-10T14:34:39.101,NC,CASTROLIND,179.1,180.6,180.7,178.65,179.42,1107332,179.52,179.05,68,179.1,102,
2026-04-10T14:34:44.615,NC,CASTROLIND,179.1,180.6,180.7,178.65,179.42,1107345,179.52,179.03,56,179.1,109,
2026-04-10T14:34:50.119,NC,CASTROLIND,179.1,180.6,180.7,178.65,179.42,1107383,179.52,179.02,56,179.1,71,
2026-04-10T14:34:55.633,NC,CASTROLIND,179.1,180.6,180.7,178.65,179.42,1107396,179.52,179.05,1,179.1,78,
2026-04-10T14:35:01.241,NC,CASTROLIND,179.09,180.6,180.7,178.65,179.42,1107410,179.52,179.05,1,179.09,6,
2026-04-10T14:35:07.354,NC,CASTROLIND,179.09,180.6,180.7,178.65,179.42,1107411,179.52,179.05,1,179.09,5,
2026-04-10T14:35:13.159,NC,CASTROLIND,179.0,180.6,180.7,178.65,179.42,1107624,179.52,179.06,104,179.09,20,
2026-04-10T14:35:24.374,NC,CASTROLIND,179.08,180.6,180.7,178.65,179.42,1107674,179.52,179.06,104,179.08,7,
2026-04-10T14:35:29.989,NC,CASTROLIND,179.08,180.6,180.7,178.65,179.42,1107800,179.52,179.08,104,179.1,58,
2026-04-10T14:35:35.685,NC,CASTROLIND,179.1,180.6,180.7,178.65,179.42,1107814,179.52,179.08,104,179.1,44,
2026-04-10T14:35:42.005,NC,CASTROLIND,179.1,180.6,180.7,178.65,179.42,1107827,179.52,179.08,104,179.1,31,
2026-04-10T14:35:47.826,NC,CASTROLIND,179.1,180.6,180.7,178.65,179.42,1107836,179.52,179.08,104,179.1,888,
2026-04-10T14:35:53.406,NC,CASTROLIND,179.1,180.6,180.7,178.65,179.42,1107952,179.52,179.08,104,179.1,808,
2026-04-10T14:35:59.113,NC,CASTROLIND,179.1,180.6,180.7,178.65,179.42,1107958,179.52,179.08,104,179.1,802,
2026-04-10T14:36:04.639,NC,CASTROLIND,179.1,180.6,180.7,178.65,179.42,1107972,179.52,179.08,104,179.1,788,
2026-04-10T14:36:10.545,NC,CASTROLIND,179.08,180.6,180.7,178.65,179.42,1108193,179.52,179.08,104,179.1,775,
2026-04-10T14:36:16.539,NC,CASTROLIND,179.08,180.6,180.7,178.65,179.42,1108747,179.52,179.08,36,179.1,896,
2026-04-10T14:36:22.756,NC,CASTROLIND,179.09,180.6,180.7,178.65,179.42,1109045,179.52,179.01,50,179.09,86,
2026-04-10T14:36:28.365,NC,CASTROLIND,179.0,180.6,180.7,178.65,179.42,1109862,179.52,179.0,781,179.09,27,
2026-04-10T14:36:34.178,NC,CASTROLIND,179.09,180.6,180.7,178.65,179.42,1109901,179.52,179.0,757,179.09,43,
2026-04-10T14:36:39.683,NC,CASTROLIND,179.09,180.6,180.7,178.65,179.42,1109951,179.52,179.0,757,179.09,13,
2026-04-10T14:36:45.492,NC,CASTROLIND,179.09,180.6,180.7,178.65,179.42,1109967,179.52,179.0,758,179.09,20,
2026-04-10T14:36:51.504,NC,CASTROLIND,179.09,180.6,180.7,178.65,179.42,1110025,179.52,179.0,782,179.09,2,
2026-04-10T14:36:57.413,NC,CASTROLIND,179.0,180.6,180.7,178.65,179.42,1110075,179.52,179.01,1500,179.09,2,
2026-04-10T14:37:03.322,NC,CASTROLIND,179.09,180.6,180.7,178.65,179.42,1110094,179.52,179.01,1500,179.09,15,
2026-04-10T14:37:14.921,NC,CASTROLIND,179.09,180.6,180.7,178.65,179.42,1110107,179.52,179.02,1,179.09,2,
2026-04-10T14:37:20.854,NC,CASTROLIND,179.09,180.6,180.7,178.65,179.42,1110159,179.52,179.02,1,179.09,7,
2026-04-10T14:37:32.066,NC,CASTROLIND,179.09,180.6,180.7,178.65,179.42,1110177,179.52,179.02,4,179.09,12,
2026-04-10T14:37:37.572,NC,CASTROLIND,179.1,180.6,180.7,178.65,179.42,1110301,179.52,179.02,6,179.09,3,
2026-04-10T14:37:43.265,NC,CASTROLIND,179.1,180.6,180.7,178.65,179.42,1110337,179.52,179.02,4,179.1,427,
2026-04-10T14:37:49.090,NC,CASTROLIND,179.1,180.6,180.7,178.65,179.42,1110338,179.52,179.02,4,179.1,426,
2026-04-10T14:37:54.686,NC,CASTROLIND,179.1,180.6,180.7,178.65,179.42,1110393,179.52,179.02,4,179.1,371,
2026-04-10T14:38:00.198,NC,CASTROLIND,179.1,180.6,180.7,178.65,179.42,1110394,179.52,179.04,5,179.1,370,
2026-04-10T14:38:05.914,NC,CASTROLIND,179.1,180.6,180.7,178.65,179.42,1110408,179.52,179.04,5,179.1,356,
2026-04-10T14:38:11.911,NC,CASTROLIND,179.1,180.6,180.7,178.65,179.42,1110764,179.52,179.1,658,179.13,13,
2026-04-10T14:38:17.934,NC,CASTROLIND,179.18,180.6,180.7,178.65,179.42,1110814,179.52,179.1,658,179.18,69,
2026-04-10T14:38:23.442,NC,CASTROLIND,179.2,180.6,180.7,178.65,179.42,1110938,179.52,179.1,638,179.2,48,
2026-04-10T14:38:34.882,NC,CASTROLIND,179.24,180.6,180.7,178.65,179.42,1110957,179.52,179.11,103,179.24,130,
2026-04-10T14:38:40.961,NC,CASTROLIND,179.21,180.6,180.7,178.65,179.42,1110970,179.52,179.11,103,179.21,18,
2026-04-10T14:38:46.878,NC,CASTROLIND,179.11,180.6,180.7,178.65,179.42,1110971,179.52,179.11,102,179.21,18,
2026-04-10T14:38:52.397,NC,CASTROLIND,179.21,180.6,180.7,178.65,179.42,1111024,179.52,179.1,638,179.21,117,
2026-04-10T14:38:58.189,NC,CASTROLIND,179.21,180.6,180.7,178.65,179.42,1111074,179.52,179.1,638,179.21,231,
2026-04-10T14:39:03.497,NC,CASTROLIND,179.1,180.6,180.7,178.65,179.42,1111138,179.52,179.1,588,179.21,309,
2026-04-10T14:39:14.121,NC,CASTROLIND,179.2,180.6,180.7,178.65,179.42,1111151,179.52,179.1,589,179.21,529,
2026-04-10T14:39:19.522,NC,CASTROLIND,179.21,180.6,180.7,178.65,179.42,1111152,179.52,179.1,590,179.21,689,
2026-04-10T14:39:24.954,NC,CASTROLIND,179.1,180.6,180.7,178.65,179.42,1111203,179.52,179.11,100,179.21,516,
2026-04-10T14:39:30.338,NC,CASTROLIND,179.21,180.6,180.7,178.65,179.42,1111204,179.52,179.1,589,179.21,515,
2026-04-10T14:39:35.736,NC,CASTROLIND,179.21,180.6,180.7,178.65,179.42,1111218,179.52,179.11,104,179.21,341,
2026-04-10T14:39:41.356,NC,CASTROLIND,179.21,180.6,180.7,178.65,179.42,1111231,179.52,179.1,771,179.21,328,
2026-04-10T14:39:46.654,NC,CASTROLIND,179.21,180.6,180.7,178.65,179.42,1111234,179.52,179.1,770,179.21,2052,
2026-04-10T14:39:52.065,NC,CASTROLIND,179.21,180.6,180.7,178.65,179.42,1111300,179.52,179.1,660,179.21,1944,
2026-04-10T14:39:57.868,NC,CASTROLIND,179.21,180.6,180.7,178.65,179.42,1111325,179.52,179.1,660,179.21,2108,
2026-04-10T14:40:03.568,NC,CASTROLIND,179.18,180.6,180.7,178.65,179.42,1111927,179.52,179.05,149,179.17,98,
2026-04-10T14:40:09.286,NC,CASTROLIND,179.17,180.6,180.7,178.65,179.42,1111932,179.52,179.05,149,179.17,93,
2026-04-10T14:40:15.009,NC,CASTROLIND,179.17,180.6,180.7,178.65,179.42,1111945,179.52,179.05,256,179.18,100,
2026-04-10T14:40:20.599,NC,CASTROLIND,179.18,180.6,180.7,178.65,179.42,1111997,179.52,179.05,328,179.18,48,
2026-04-10T14:40:32.306,NC,CASTROLIND,179.18,180.6,180.7,178.65,179.42,1112011,179.52,179.05,256,179.18,111,
2026-04-10T14:40:38.018,NC,CASTROLIND,179.18,180.6,180.7,178.65,179.42,1112529,179.52,179.05,281,179.17,108,
2026-04-10T14:40:43.663,NC,CASTROLIND,179.17,180.6,180.7,178.65,179.42,1112542,179.52,179.05,1256,179.17,20,
2026-04-10T14:40:49.732,NC,CASTROLIND,179.16,180.6,180.7,178.65,179.42,1112590,179.52,179.05,1328,179.16,78,
2026-04-10T14:40:55.241,NC,CASTROLIND,179.16,180.6,180.7,178.65,179.42,1112603,179.52,179.05,1256,179.16,65,
2026-04-10T14:41:00.682,NC,CASTROLIND,179.16,180.6,180.7,178.65,179.42,1113117,179.52,179.05,828,179.16,47,
2026-04-10T14:41:11.863,NC,CASTROLIND,179.15,180.6,180.7,178.65,179.42,1113134,179.52,179.1,51,179.15,265,
2026-04-10T14:41:17.471,NC,CASTROLIND,179.15,180.6,180.7,178.65,179.42,1113198,179.52,179.1,1,179.15,369,
2026-04-10T14:41:22.966,NC,CASTROLIND,179.15,180.6,180.7,178.65,179.42,1113252,179.52,179.1,1,179.15,266,
2026-04-10T14:41:33.905,NC,CASTROLIND,179.15,180.6,180.7,178.65,179.42,1113276,179.52,179.1,7,179.15,242,
2026-04-10T14:41:39.395,NC,CASTROLIND,179.15,180.6,180.7,178.65,179.42,1113277,179.52,179.1,7,179.15,241,
2026-04-10T14:41:44.709,NC,CASTROLIND,179.15,180.6,180.7,178.65,179.42,1113300,179.52,179.1,32,179.15,386,
2026-04-10T14:41:50.225,NC,CASTROLIND,179.15,180.6,180.7,178.65,179.42,1113342,179.52,179.1,32,179.15,344,
2026-04-10T14:41:56.139,NC,CASTROLIND,179.15,180.6,180.7,178.65,179.42,1113356,179.52,179.1,32,179.15,330,
2026-04-10T14:42:02.635,NC,CASTROLIND,179.15,180.6,180.7,178.65,179.42,1113370,179.52,179.1,32,179.15,324,
2026-04-10T14:42:08.762,NC,CASTROLIND,179.1,180.6,180.7,178.65,179.42,1113416,179.52,179.07,115,179.1,6,
2026-04-10T14:42:14.573,NC,CASTROLIND,179.15,180.6,180.7,178.65,179.42,1113731,179.52,179.07,115,179.15,100,
2026-04-10T14:42:20.263,NC,CASTROLIND,179.15,180.6,180.7,178.65,179.42,1113770,179.52,179.07,115,179.15,61,
2026-04-10T14:42:25.880,NC,CASTROLIND,179.15,180.6,180.7,178.65,179.42,1113783,179.52,179.07,115,179.15,48,
2026-04-10T14:42:31.292,NC,CASTROLIND,179.15,180.6,180.7,178.65,179.42,1113802,179.52,179.07,115,179.15,29,
2026-04-10T14:42:36.878,NC,CASTROLIND,179.15,180.6,180.7,178.65,179.42,1113808,179.52,179.1,120,179.15,23,
2026-04-10T14:42:42.385,NC,CASTROLIND,179.15,180.6,180.7,178.65,179.42,1113831,179.52,179.15,404,179.2,5000,
2026-04-10T14:42:47.793,NC,CASTROLIND,179.2,180.6,180.7,178.65,179.42,1113853,179.52,179.15,403,179.2,4978,
2026-04-10T14:42:53.114,NC,CASTROLIND,179.2,180.6,180.7,178.65,179.42,1113919,179.52,179.15,430,179.2,4912,
2026-04-10T14:42:58.626,NC,CASTROLIND,179.2,180.6,180.7,178.65,179.42,1114047,179.52,179.15,502,179.2,4784,
2026-04-10T14:43:04.316,NC,CASTROLIND,179.2,180.6,180.7,178.65,179.42,1114061,179.52,179.16,72,179.2,4770,
2026-04-10T14:43:10.331,NC,CASTROLIND,179.2,180.6,180.7,178.65,179.42,1114064,179.52,179.15,27,179.2,4767,
2026-04-10T14:43:16.052,NC,CASTROLIND,179.3,180.6,180.7,178.65,179.42,1120621,179.52,179.17,553,179.3,453,
2026-04-10T14:43:21.858,NC,CASTROLIND,179.22,180.6,180.7,178.65,179.42,1121235,179.52,179.17,352,179.3,453,
2026-04-10T14:43:27.268,NC,CASTROLIND,179.3,180.6,180.7,178.65,179.42,1121241,179.52,179.18,103,179.3,452,
2026-04-10T14:43:32.873,NC,CASTROLIND,179.3,180.6,180.7,178.65,179.42,1121255,179.52,179.18,103,179.3,438,
2026-04-10T14:43:43.985,NC,CASTROLIND,179.3,180.6,180.7,178.65,179.42,1121269,179.52,179.2,1000,179.3,424,
2026-04-10T14:43:49.394,NC,CASTROLIND,179.3,180.6,180.7,178.65,179.42,1121274,179.52,179.2,1000,179.3,421,
2026-04-10T14:43:54.822,NC,CASTROLIND,179.3,180.6,180.7,178.65,179.42,1121367,179.52,179.2,1252,179.3,340,
2026-04-10T14:44:00.214,NC,CASTROLIND,179.33,180.6,180.7,178.65,179.42,1121754,179.52,179.23,99,179.35,18,
2026-04-10T14:44:05.719,NC,CASTROLIND,179.35,180.6,180.7,178.65,179.42,1121779,179.52,179.25,107,179.35,13,
2026-04-10T14:44:11.215,NC,CASTROLIND,179.37,180.6,180.7,178.65,179.42,1121804,179.52,179.22,56,179.36,176,
2026-04-10T14:44:22.763,NC,CASTROLIND,179.35,180.6,180.7,178.65,179.42,1121857,179.52,179.25,60,179.35,158,
2026-04-10T14:44:34.360,NC,CASTROLIND,179.25,180.6,180.7,178.65,179.42,1121891,179.52,179.25,40,179.3,460,
2026-04-10T14:44:40.168,NC,CASTROLIND,179.3,180.6,180.7,178.65,179.42,1121905,179.52,179.25,28,179.3,357,
2026-04-10T14:44:45.870,NC,CASTROLIND,179.3,180.6,180.7,178.65,179.42,1121922,179.52,179.25,28,179.3,240,
2026-04-10T14:44:51.578,NC,CASTROLIND,179.3,180.6,180.7,178.65,179.42,1122074,179.52,179.25,34,179.3,244,
2026-04-10T14:44:56.887,NC,CASTROLIND,179.3,180.6,180.7,178.65,179.42,1122174,179.52,179.25,34,179.3,144,
2026-04-10T14:45:02.113,NC,CASTROLIND,179.31,180.6,180.7,178.65,179.42,1122562,179.52,179.22,327,179.31,228,
2026-04-10T14:45:08.118,NC,CASTROLIND,179.3,180.6,180.7,178.65,179.42,1122762,179.52,179.22,327,179.31,377,
2026-04-10T14:45:13.514,NC,CASTROLIND,179.31,180.6,180.7,178.65,179.42,1122805,179.52,179.22,399,179.31,246,
2026-04-10T14:45:19.019,NC,CASTROLIND,179.23,180.6,180.7,178.65,179.42,1126724,179.51,179.19,117,179.23,4,
2026-04-10T14:45:24.444,NC,CASTROLIND,179.14,180.6,180.7,178.65,179.42,1127289,179.51,179.14,117,179.22,309,
2026-04-10T14:45:30.135,NC,CASTROLIND,179.14,180.6,180.7,178.65,179.42,1127311,179.51,179.14,96,179.22,615,
2026-04-10T14:45:36.142,NC,CASTROLIND,179.22,180.6,180.7,178.65,179.42,1127331,179.51,179.14,96,179.22,401,
2026-04-10T14:45:41.959,NC,CASTROLIND,179.22,180.6,180.7,178.65,179.42,1127345,179.51,179.14,96,179.22,405,
2026-04-10T14:45:53.068,NC,CASTROLIND,179.22,180.6,180.7,178.65,179.42,1127420,179.51,179.14,53,179.22,284,
2026-04-10T14:45:58.973,NC,CASTROLIND,179.22,180.6,180.7,178.65,179.42,1127829,179.51,179.22,91,179.27,354,
2026-04-10T14:46:04.671,NC,CASTROLIND,179.24,180.6,180.7,178.65,179.42,1127934,179.51,179.14,53,179.21,9,
2026-04-10T14:46:15.705,NC,CASTROLIND,179.21,180.6,180.7,178.65,179.42,1127948,179.51,179.14,53,179.24,284,
2026-04-10T14:46:21.207,NC,CASTROLIND,179.24,180.6,180.7,178.65,179.42,1127961,179.51,179.14,53,179.24,365,
2026-04-10T14:46:26.801,NC,CASTROLIND,179.27,180.6,180.7,178.65,179.42,1130534,179.51,179.27,104,179.39,260,
2026-04-10T14:46:32.508,NC,CASTROLIND,179.37,180.6,180.7,178.65,179.42,1130859,179.51,179.28,11,179.39,141,
2026-04-10T14:46:44.016,NC,CASTROLIND,179.37,180.6,180.7,178.65,179.42,1130878,179.51,179.28,35,179.37,71,
2026-04-10T14:46:49.742,NC,CASTROLIND,179.38,180.6,180.7,178.65,179.42,1131022,179.51,179.28,35,179.39,308,
2026-04-10T14:46:55.338,NC,CASTROLIND,179.39,180.6,180.7,178.65,179.42,1131043,179.51,179.28,35,179.39,144,
2026-04-10T14:47:00.651,NC,CASTROLIND,179.38,180.6,180.7,178.65,179.42,1131652,179.51,179.25,1000,179.38,44,
2026-04-10T14:47:06.549,NC,CASTROLIND,179.38,180.6,180.7,178.65,179.42,1131812,179.51,179.25,999,179.38,73,
2026-04-10T14:47:12.357,NC,CASTROLIND,179.38,180.6,180.7,178.65,179.42,1131835,179.51,179.26,64,179.38,50,
2026-04-10T14:47:18.177,NC,CASTROLIND,179.39,180.6,180.7,178.65,179.42,1131941,179.51,179.26,126,179.39,143,
2026-04-10T14:47:23.780,NC,CASTROLIND,179.39,180.6,180.7,178.65,179.42,1131958,179.51,179.25,1184,179.39,29,
2026-04-10T14:47:29.298,NC,CASTROLIND,179.39,180.6,180.7,178.65,179.42,1131960,179.51,179.26,119,179.39,107,
2026-04-10T14:47:34.792,NC,CASTROLIND,179.4,180.6,180.7,178.65,179.42,1131989,179.51,179.27,99,179.39,57,
2026-04-10T14:47:40.204,NC,CASTROLIND,179.39,180.6,180.7,178.65,179.42,1131990,179.51,179.26,380,179.39,56,
2026-04-10T14:47:45.615,NC,CASTROLIND,179.26,180.6,180.7,178.65,179.42,1132285,179.51,179.27,102,179.39,65,
2026-04-10T14:47:51.140,NC,CASTROLIND,179.4,180.6,180.7,178.65,179.42,1132592,179.51,179.26,1,179.4,28,
2026-04-10T14:47:56.518,NC,CASTROLIND,179.39,180.6,180.7,178.65,179.42,1132603,179.51,179.26,105,179.39,20,
2026-04-10T14:48:02.162,NC,CASTROLIND,179.39,180.6,180.7,178.65,179.42,1132646,179.51,179.35,1,179.39,6,
2026-04-10T14:48:07.647,NC,CASTROLIND,179.39,180.6,180.7,178.65,179.42,1132648,179.51,179.35,2,179.39,114,
2026-04-10T14:48:13.250,NC,CASTROLIND,179.35,180.6,180.7,178.65,179.42,1140150,179.51,179.26,5,179.36,350,
2026-04-10T14:48:19.155,NC,CASTROLIND,179.36,180.6,180.7,178.65,179.42,1140262,179.51,179.3,5,179.36,61,
2026-04-10T14:48:24.771,NC,CASTROLIND,179.36,180.6,180.7,178.65,179.42,1140408,179.51,179.3,5,179.36,2,
2026-04-10T14:48:30.375,NC,CASTROLIND,179.36,180.6,180.7,178.65,179.42,1140686,179.51,179.3,134,179.36,6,
2026-04-10T14:48:35.981,NC,CASTROLIND,179.36,180.6,180.7,178.65,179.42,1140910,179.51,179.36,60,179.39,50,
2026-04-10T14:48:41.403,NC,CASTROLIND,179.39,180.6,180.7,178.65,179.42,1140957,179.51,179.36,82,179.39,3,
2026-04-10T14:48:47.315,NC,CASTROLIND,179.39,180.6,180.7,178.65,179.42,1140958,179.51,179.36,82,179.39,2,
2026-04-10T14:48:52.911,NC,CASTROLIND,179.42,180.6,180.7,178.65,179.42,1140971,179.51,179.36,82,179.42,441,
2026-04-10T14:48:58.635,NC,CASTROLIND,179.27,180.6,180.7,178.65,179.42,1141483,179.51,179.27,62,179.39,87,
2026-04-10T14:49:05.039,NC,CASTROLIND,179.38,180.6,180.7,178.65,179.42,1141663,179.51,179.27,192,179.41,161,
2026-04-10T14:49:11.038,NC,CASTROLIND,179.41,180.6,180.7,178.65,179.42,1141676,179.51,179.27,246,179.41,279,
2026-04-10T14:49:24.350,NC,CASTROLIND,179.45,180.6,180.7,178.65,179.42,1142313,179.51,179.37,105,179.46,9,
2026-04-10T14:49:30.671,NC,CASTROLIND,179.46,180.6,180.7,178.65,179.42,1142322,179.51,179.46,2,179.49,415,
2026-04-10T14:49:36.675,NC,CASTROLIND,179.48,180.6,180.7,178.65,179.42,1142332,179.51,179.46,30,179.48,46,
2026-04-10T14:49:42.580,NC,CASTROLIND,179.46,180.6,180.7,178.65,179.42,1142444,179.51,179.41,1,179.45,1,
2026-04-10T14:49:48.506,NC,CASTROLIND,179.41,180.6,180.7,178.65,179.42,1142465,179.51,179.26,145,179.41,219,
2026-04-10T14:49:54.295,NC,CASTROLIND,179.4,180.6,180.7,178.65,179.42,1142478,179.51,179.26,256,179.4,138,
2026-04-10T14:50:00.114,NC,CASTROLIND,179.39,180.6,180.7,178.65,179.42,1142533,179.51,179.26,111,179.37,102,
2026-04-10T14:50:06.002,NC,CASTROLIND,179.37,180.6,180.7,178.65,179.42,1142562,179.51,179.25,4,179.36,123,
2026-04-10T14:50:11.819,NC,CASTROLIND,179.35,180.6,180.7,178.65,179.42,1142580,179.51,179.25,4,179.36,199,
2026-04-10T14:50:17.822,NC,CASTROLIND,179.36,180.6,180.7,178.65,179.42,1142586,179.51,179.25,4,179.36,99,
2026-04-10T14:50:24.026,NC,CASTROLIND,179.35,180.6,180.7,178.65,179.42,1142609,179.51,179.25,4,179.35,81,
2026-04-10T14:50:29.945,NC,CASTROLIND,179.35,180.6,180.7,178.65,179.42,1142646,179.51,179.25,4,179.35,227,
2026-04-10T14:50:35.839,NC,CASTROLIND,179.35,180.6,180.7,178.65,179.42,1142665,179.51,179.25,4,179.35,347,
2026-04-10T14:50:41.653,NC,CASTROLIND,179.35,180.6,180.7,178.65,179.42,1142681,179.51,179.25,4,179.34,108,
2026-04-10T14:50:47.373,NC,CASTROLIND,179.34,180.6,180.7,178.65,179.42,1142682,179.51,179.25,5,179.34,64,
2026-04-10T14:50:53.278,NC,CASTROLIND,179.34,180.6,180.7,178.65,179.42,1142695,179.51,179.25,5,179.34,51,
2026-04-10T14:51:05.092,NC,CASTROLIND,179.25,180.6,180.7,178.65,179.42,1142730,179.51,179.22,10,179.25,4,
2026-04-10T14:51:11.093,NC,CASTROLIND,179.25,180.6,180.7,178.65,179.42,1142811,179.51,179.22,10,179.25,30,
2026-04-10T14:51:16.798,NC,CASTROLIND,179.25,180.6,180.7,178.65,179.42,1142813,179.51,179.24,1,179.25,38,
2026-04-10T14:51:22.513,NC,CASTROLIND,179.25,180.6,180.7,178.65,179.42,1142926,179.51,179.24,1,179.25,35,
2026-04-10T14:51:28.034,NC,CASTROLIND,179.25,180.6,180.7,178.65,179.42,1142929,179.51,179.24,1,179.25,42,
2026-04-10T14:51:34.017,NC,CASTROLIND,179.3,180.6,180.7,178.65,179.42,1143094,179.51,179.24,1,179.31,313,
2026-04-10T14:51:39.939,NC,CASTROLIND,179.34,180.6,180.7,178.65,179.42,1143098,179.51,179.22,10,179.32,98,
2026-04-10T14:51:45.667,NC,CASTROLIND,179.33,180.6,180.7,178.65,179.42,1143112,179.51,179.25,1,179.33,210,
2026-04-10T14:51:50.846,NC,CASTROLIND,179.34,180.6,180.7,178.65,179.42,1143128,179.51,179.25,2,179.34,132,
2026-04-10T14:51:56.454,NC,CASTROLIND,179.34,180.6,180.7,178.65,179.42,1143147,179.51,179.25,1,179.34,76,
2026-04-10T14:52:01.777,NC,CASTROLIND,179.35,180.6,180.7,178.65,179.42,1143157,179.51,179.35,2,179.43,26,
2026-04-10T14:52:07.364,NC,CASTROLIND,179.44,180.6,180.7,178.65,179.42,1143179,179.51,179.28,147,179.43,218,
2026-04-10T14:52:13.077,NC,CASTROLIND,179.43,180.6,180.7,178.65,179.42,1143401,179.51,179.29,59,179.42,145,
2026-04-10T14:52:18.377,NC,CASTROLIND,179.42,180.6,180.7,178.65,179.42,1143404,179.51,179.29,59,179.42,146,
2026-04-10T14:52:23.583,NC,CASTROLIND,179.42,180.6,180.7,178.65,179.42,1143432,179.51,179.29,59,179.42,255,
2026-04-10T14:52:29.115,NC,CASTROLIND,179.4,180.6,180.7,178.65,179.42,1143433,179.51,179.3,5,179.41,261,
2026-04-10T14:52:34.491,NC,CASTROLIND,179.29,180.6,180.7,178.65,179.42,1143547,179.51,179.27,56,179.4,60,
2026-04-10T14:52:40.101,NC,CASTROLIND,179.4,180.6,180.7,178.65,179.42,1143551,179.51,179.3,2,179.4,215,
2026-04-10T14:52:45.507,NC,CASTROLIND,179.27,180.6,180.7,178.65,179.42,1143690,179.51,179.26,187,179.4,227,
2026-04-10T14:52:50.807,NC,CASTROLIND,179.4,180.6,180.7,178.65,179.42,1143705,179.51,179.27,64,179.4,119,
2026-04-10T14:53:02.129,NC,CASTROLIND,179.4,180.6,180.7,178.65,179.42,1143742,179.51,179.26,187,179.37,163,
2026-04-10T14:53:07.934,NC,CASTROLIND,179.37,180.6,180.7,178.65,179.42,1143743,179.51,179.26,187,179.37,269,
2026-04-10T14:53:13.542,NC,CASTROLIND,179.37,180.6,180.7,178.65,179.42,1143861,179.51,179.27,317,179.42,429,
2026-04-10T14:53:24.769,NC,CASTROLIND,179.42,180.6,180.7,178.65,179.42,1143874,179.51,179.27,317,179.39,94,
2026-04-10T14:53:30.266,NC,CASTROLIND,179.4,180.6,180.7,178.65,179.42,1143969,179.51,179.26,171,179.38,309,
2026-04-10T14:53:36.077,NC,CASTROLIND,179.38,180.6,180.7,178.65,179.42,1143984,179.51,179.26,243,179.38,174,
2026-04-10T14:53:41.498,NC,CASTROLIND,179.38,180.6,180.7,178.65,179.42,1143999,179.51,179.26,171,179.38,159,
2026-04-10T14:53:52.190,NC,CASTROLIND,179.38,180.6,180.7,178.65,179.42,1144012,179.51,179.26,171,179.38,198,
2026-04-10T14:53:57.609,NC,CASTROLIND,179.39,180.6,180.7,178.65,179.42,1144431,179.51,179.28,148,179.4,10,
2026-04-10T14:54:03.008,NC,CASTROLIND,179.45,180.6,180.7,178.65,179.42,1144455,179.51,179.3,195,179.45,183,
2026-04-10T14:54:08.838,NC,CASTROLIND,179.29,180.6,180.7,178.65,179.42,1144629,179.51,179.26,187,179.4,409,
2026-04-10T14:54:14.738,NC,CASTROLIND,179.4,180.6,180.7,178.65,179.42,1144642,179.51,179.26,187,179.4,324,
2026-04-10T14:54:20.439,NC,CASTROLIND,179.4,180.6,180.7,178.65,179.42,1144655,179.51,179.26,243,179.4,66,
2026-04-10T14:54:25.859,NC,CASTROLIND,179.38,180.6,180.7,178.65,179.42,1144710,179.51,179.26,187,179.39,261,
2026-04-10T14:54:31.348,NC,CASTROLIND,179.39,180.6,180.7,178.65,179.42,1144749,179.51,179.26,208,179.4,376,
2026-04-10T14:54:36.752,NC,CASTROLIND,179.38,180.6,180.7,178.65,179.42,1144799,179.51,179.26,299,179.4,310,
2026-04-10T14:54:42.064,NC,CASTROLIND,179.4,180.6,180.7,178.65,179.42,1144827,179.51,179.26,299,179.4,148,
2026-04-10T14:54:47.866,NC,CASTROLIND,179.4,180.6,180.7,178.65,179.42,1146762,179.51,179.29,143,179.44,31,
2026-04-10T14:54:53.891,NC,CASTROLIND,179.42,180.6,180.7,178.65,179.42,1147218,179.51,179.27,290,179.41,63,
2026-04-10T14:54:59.781,NC,CASTROLIND,179.43,180.6,180.7,178.65,179.42,1147249,179.51,179.28,56,179.42,59,
2026-04-10T14:55:05.695,NC,CASTROLIND,179.41,180.6,180.7,178.65,179.42,1147273,179.51,179.27,56,179.41,117,
2026-04-10T14:55:11.707,NC,CASTROLIND,179.41,180.6,180.7,178.65,179.42,1147321,179.51,179.27,57,179.41,69,
2026-04-10T14:55:23.029,NC,CASTROLIND,179.41,180.6,180.7,178.65,179.42,1147334,179.51,179.28,56,179.41,154,
2026-04-10T14:55:34.125,NC,CASTROLIND,179.27,180.6,180.7,178.65,179.42,1147404,179.51,179.26,429,179.4,31,
2026-04-10T14:55:45.357,NC,CASTROLIND,179.4,180.6,180.7,178.65,179.42,1147435,179.51,179.31,64,179.44,85,
2026-04-10T14:55:50.945,NC,CASTROLIND,179.44,180.6,180.7,178.65,179.42,1147448,179.51,179.31,64,179.44,72,
2026-04-10T14:56:02.166,NC,CASTROLIND,179.43,180.6,180.7,178.65,179.42,1147863,179.51,179.27,108,179.43,156,
2026-04-10T14:56:07.764,NC,CASTROLIND,179.43,180.6,180.7,178.65,179.42,1147940,179.51,179.28,57,179.42,276,
2026-04-10T14:56:13.271,NC,CASTROLIND,179.42,180.6,180.7,178.65,179.42,1147958,179.51,179.28,57,179.42,275,
2026-04-10T14:56:24.190,NC,CASTROLIND,179.43,180.6,180.7,178.65,179.42,1148471,179.51,179.28,58,179.42,1000,
2026-04-10T14:56:29.504,NC,CASTROLIND,179.42,180.6,180.7,178.65,179.42,1148498,179.51,179.28,58,179.42,1115,
2026-04-10T14:56:35.007,NC,CASTROLIND,179.42,180.6,180.7,178.65,179.42,1148512,179.51,179.28,58,179.42,1157,
2026-04-10T14:56:40.515,NC,CASTROLIND,179.42,180.6,180.7,178.65,179.42,1148525,179.51,179.28,58,179.42,1356,
2026-04-10T14:56:51.330,NC,CASTROLIND,179.42,180.6,180.7,178.65,179.42,1148538,179.51,179.32,112,179.41,56,
2026-04-10T14:56:56.632,NC,CASTROLIND,179.41,180.6,180.7,178.65,179.42,1148541,179.51,179.38,140,179.42,1039,
2026-04-10T14:57:02.252,NC,CASTROLIND,179.43,180.6,180.7,178.65,179.42,1151581,179.51,179.38,140,179.46,9,
2026-04-10T14:57:07.757,NC,CASTROLIND,179.45,180.6,180.7,178.65,179.42,1151773,179.51,179.35,42,179.45,126,
2026-04-10T14:57:13.561,NC,CASTROLIND,179.45,180.6,180.7,178.65,179.42,1151827,179.51,179.41,1,179.45,30,
2026-04-10T14:57:19.461,NC,CASTROLIND,179.45,180.6,180.7,178.65,179.42,1151838,179.51,179.41,2,179.45,9,
2026-04-10T14:57:24.877,NC,CASTROLIND,179.41,180.6,180.7,178.65,179.42,1152025,179.51,179.41,155,179.45,20,
2026-04-10T14:57:35.481,NC,CASTROLIND,179.45,180.6,180.7,178.65,179.42,1152040,179.51,179.41,205,179.45,5,
2026-04-10T14:57:40.507,NC,CASTROLIND,179.48,180.6,180.7,178.65,179.42,1152150,179.51,179.41,205,179.48,184,
2026-04-10T14:57:51.305,NC,CASTROLIND,179.48,180.6,180.7,178.65,179.42,1152168,179.51,179.45,20,179.48,166,
2026-04-10T14:57:56.619,NC,CASTROLIND,179.33,180.6,180.7,178.65,179.42,1153258,179.51,179.31,59,179.47,587,
2026-04-10T14:58:02.342,NC,CASTROLIND,179.46,180.6,180.7,178.65,179.42,1153360,179.51,179.33,62,179.46,114,
2026-04-10T14:58:13.040,NC,CASTROLIND,179.46,180.6,180.7,178.65,179.42,1153373,179.51,179.33,62,179.46,233,
2026-04-10T14:58:23.651,NC,CASTROLIND,179.46,180.6,180.7,178.65,179.42,1153386,179.51,179.33,62,179.47,681,
2026-04-10T14:58:29.150,NC,CASTROLIND,179.48,180.6,180.7,178.65,179.42,1154410,179.51,179.35,4,179.48,138,
2026-04-10T14:58:34.266,NC,CASTROLIND,179.48,180.6,180.7,178.65,179.42,1154465,179.51,179.35,59,179.47,118,
2026-04-10T14:58:39.455,NC,CASTROLIND,179.46,180.6,180.7,178.65,179.42,1154471,179.51,179.4,2,179.47,20,
2026-04-10T14:58:44.975,NC,CASTROLIND,179.46,180.6,180.7,178.65,179.42,1154520,179.51,179.4,2,179.47,40,
2026-04-10T14:58:50.569,NC,CASTROLIND,179.47,180.6,180.7,178.65,179.42,1154533,179.51,179.4,2,179.47,27,
2026-04-10T14:59:00.976,NC,CASTROLIND,179.47,180.6,180.7,178.65,179.42,1154547,179.51,179.4,2,179.47,33,
2026-04-10T14:59:06.688,NC,CASTROLIND,179.47,180.6,180.7,178.65,179.42,1154550,179.51,179.4,9,179.47,30,
2026-04-10T14:59:12.399,NC,CASTROLIND,179.4,180.6,180.7,178.65,179.42,1154663,179.51,179.37,60,179.47,17,
2026-04-10T14:59:18.210,NC,CASTROLIND,179.37,180.6,180.7,178.65,179.42,1154829,179.51,179.35,10,179.47,232,
2026-04-10T14:59:23.910,NC,CASTROLIND,179.36,180.6,180.7,178.65,179.42,1154875,179.51,179.35,10,179.36,20,
2026-04-10T14:59:29.521,NC,CASTROLIND,179.36,180.6,180.7,178.65,179.42,1154885,179.51,179.35,10,179.36,10,
2026-04-10T14:59:35.124,NC,CASTROLIND,179.45,180.6,180.7,178.65,179.42,1154953,179.51,179.35,10,179.45,243,
2026-04-10T14:59:40.937,NC,CASTROLIND,179.46,180.6,180.7,178.65,179.42,1155177,179.51,179.32,92,179.46,598,
2026-04-10T14:59:46.941,NC,CASTROLIND,179.47,180.6,180.7,178.65,179.42,1155527,179.51,179.33,221,179.47,150,
2026-04-10T14:59:52.455,NC,CASTROLIND,179.47,180.6,180.7,178.65,179.42,1155577,179.51,179.34,61,179.47,50,
2026-04-10T14:59:58.398,NC,CASTROLIND,179.44,180.6,180.7,178.65,179.42,1155617,179.51,179.32,56,179.47,358,
2026-04-10T15:00:05.163,NC,CASTROLIND,179.46,180.6,180.7,178.65,179.42,1155719,179.51,179.35,56,179.46,117,
2026-04-10T15:00:12.681,NC,CASTROLIND,179.46,180.6,180.7,178.65,179.42,1155785,179.51,179.35,56,179.46,56,
2026-04-10T15:00:19.896,NC,CASTROLIND,179.46,180.6,180.7,178.65,179.42,1155791,179.51,179.4,123,179.45,295,
2026-04-10T15:00:26.898,NC,CASTROLIND,179.36,180.6,180.7,178.65,179.42,1156596,179.51,179.36,259,179.45,160,
2026-04-10T15:00:33.120,NC,CASTROLIND,179.41,180.6,180.7,178.65,179.42,1156779,179.51,179.37,45,179.41,273,
2026-04-10T15:00:39.239,NC,CASTROLIND,179.41,180.6,180.7,178.65,179.42,1156836,179.51,179.37,1,179.41,276,
2026-04-10T15:00:45.270,NC,CASTROLIND,179.41,180.6,180.7,178.65,179.42,1156840,179.51,179.39,133,179.41,276,
2026-04-10T15:00:51.461,NC,CASTROLIND,179.41,180.6,180.7,178.65,179.42,1157181,179.51,179.37,124,179.41,163,
2026-04-10T15:00:57.463,NC,CASTROLIND,179.41,180.6,180.7,178.65,179.42,1157192,179.51,179.37,83,179.41,310,
2026-04-10T15:01:03.500,NC,CASTROLIND,179.41,180.6,180.7,178.65,179.42,1157376,179.51,179.37,177,179.41,303,
2026-04-10T15:01:09.982,NC,CASTROLIND,179.41,180.6,180.7,178.65,179.42,1157463,179.51,179.37,188,179.41,388,
2026-04-10T15:01:16.649,NC,CASTROLIND,179.39,180.6,180.7,178.65,179.42,1157505,179.51,179.39,148,179.41,47,
2026-04-10T15:01:22.506,NC,CASTROLIND,179.41,180.6,180.7,178.65,179.42,1157679,179.51,179.39,51,179.41,151,
2026-04-10T15:01:28.685,NC,CASTROLIND,179.41,180.6,180.7,178.65,179.42,1157723,179.51,179.37,113,179.41,116,
2026-04-10T15:01:34.812,NC,CASTROLIND,179.4,180.6,180.7,178.65,179.42,1157769,179.51,179.38,145,179.4,161,
2026-04-10T15:01:41.571,NC,CASTROLIND,179.37,180.6,180.7,178.65,179.42,1157862,179.51,179.37,181,179.4,511,
2026-04-10T15:01:47.941,NC,CASTROLIND,179.47,180.6,180.7,178.65,179.42,1158815,179.51,179.43,1,179.47,148,
2026-04-10T15:01:54.242,NC,CASTROLIND,179.43,180.6,180.7,178.65,179.42,1159064,179.51,179.4,268,179.43,215,
2026-04-10T15:02:00.752,NC,CASTROLIND,179.43,180.6,180.7,178.65,179.42,1159074,179.51,179.41,132,179.43,202,
2026-04-10T15:02:07.158,NC,CASTROLIND,179.43,180.6,180.7,178.65,179.42,1159205,179.51,179.4,265,179.43,118,
2026-04-10T15:02:13.484,NC,CASTROLIND,179.43,180.6,180.7,178.65,179.42,1159211,179.51,179.4,250,179.43,299,
2026-04-10T15:02:19.679,NC,CASTROLIND,179.43,180.6,180.7,178.65,179.42,1159217,179.51,179.41,156,179.43,1441,
2026-04-10T15:02:25.890,NC,CASTROLIND,179.43,180.6,180.7,178.65,179.42,1159281,179.51,179.4,639,179.43,1207,
2026-04-10T15:02:32.099,NC,CASTROLIND,179.41,180.6,180.7,178.65,179.42,1159376,179.51,179.41,156,179.43,1439,
2026-04-10T15:02:38.502,NC,CASTROLIND,179.42,180.6,180.7,178.65,179.42,1160291,179.51,179.37,185,179.42,459,
2026-04-10T15:02:44.525,NC,CASTROLIND,179.42,180.6,180.7,178.65,179.42,1160366,179.51,179.37,79,179.42,127,
2026-04-10T15:02:50.824,NC,CASTROLIND,179.42,180.6,180.7,178.65,179.42,1160442,179.51,179.37,181,179.42,491,
2026-04-10T15:02:57.065,NC,CASTROLIND,179.42,180.6,180.7,178.65,179.42,1160473,179.51,179.37,2,179.42,238,
2026-04-10T15:03:03.342,NC,CASTROLIND,179.42,180.6,180.7,178.65,179.42,1160506,179.51,179.39,60,179.42,283,
2026-04-10T15:03:09.760,NC,CASTROLIND,179.42,180.6,180.7,178.65,179.42,1160564,179.51,179.37,2,179.42,140,
2026-04-10T15:03:16.073,NC,CASTROLIND,179.42,180.6,180.7,178.65,179.42,1161115,179.51,179.38,140,179.42,583,
2026-04-10T15:03:22.284,NC,CASTROLIND,179.37,180.6,180.7,178.65,179.42,1161513,179.51,179.37,31,179.42,140,
2026-04-10T15:03:28.570,NC,CASTROLIND,179.42,180.6,180.7,178.65,179.42,1161574,179.51,179.32,22,179.42,397,
2026-04-10T15:03:34.592,NC,CASTROLIND,179.42,180.6,180.7,178.65,179.42,1161594,179.51,179.37,1,179.42,119,
2026-04-10T15:03:40.907,NC,CASTROLIND,179.36,180.6,180.7,178.65,179.42,1161662,179.51,179.32,112,179.36,53,
2026-04-10T15:03:47.215,NC,CASTROLIND,179.32,180.6,180.7,178.65,179.42,1161698,179.51,179.32,88,179.36,55,
2026-04-10T15:03:53.327,NC,CASTROLIND,179.32,180.6,180.7,178.65,179.42,1161764,179.51,179.35,1,179.36,253,
2026-04-10T15:03:59.316,NC,CASTROLIND,179.35,180.6,180.7,178.65,179.42,1161819,179.51,179.32,33,179.35,177,
2026-04-10T15:04:05.434,NC,CASTROLIND,179.48,180.6,180.7,178.65,179.42,1163637,179.51,179.37,45,179.48,130,
2026-04-10T15:04:11.838,NC,CASTROLIND,179.42,180.6,180.7,178.65,179.42,1163731,179.51,179.35,1,179.42,75,
2026-04-10T15:04:18.446,NC,CASTROLIND,179.42,180.6,180.7,178.65,179.42,1163737,179.51,179.38,1,179.42,299,
2026-04-10T15:04:24.757,NC,CASTROLIND,179.42,180.6,180.7,178.65,179.42,1163881,179.51,179.35,1,179.42,377,
2026-04-10T15:04:30.969,NC,CASTROLIND,179.42,180.6,180.7,178.65,179.42,1163893,179.51,179.38,1,179.42,180,
2026-04-10T15:04:37.374,NC,CASTROLIND,179.28,180.6,180.7,178.65,179.42,1165259,179.51,179.28,3,179.41,140,
2026-04-10T15:04:43.379,NC,CASTROLIND,179.35,180.6,180.7,178.65,179.42,1165351,179.51,179.28,64,179.35,101,
2026-04-10T15:04:49.697,NC,CASTROLIND,179.35,180.6,180.7,178.65,179.42,1165368,179.51,179.31,1,179.35,84,
2026-04-10T15:04:55.998,NC,CASTROLIND,179.35,180.6,180.7,178.65,179.42,1165533,179.51,179.27,70,179.35,94,
2026-04-10T15:05:02.215,NC,CASTROLIND,179.35,180.6,180.7,178.65,179.42,1165589,179.51,179.27,120,179.35,75,
2026-04-10T15:05:08.710,NC,CASTROLIND,179.35,180.6,180.7,178.65,179.42,1165671,179.51,179.27,28,179.35,15176,
2026-04-10T15:05:15.125,NC,CASTROLIND,179.47,180.6,180.7,178.65,179.42,1183777,179.51,179.41,108,179.53,172,
2026-04-10T15:05:21.436,NC,CASTROLIND,179.46,180.6,180.7,178.65,179.42,1185804,179.51,179.41,128,179.46,20,
2026-04-10T15:05:27.654,NC,CASTROLIND,179.41,180.6,180.7,178.65,179.42,1186375,179.51,179.35,1,179.41,3,
2026-04-10T15:05:33.645,NC,CASTROLIND,179.32,180.6,180.7,178.65,179.42,1186449,179.51,179.32,126,179.41,16,
2026-04-10T15:05:39.791,NC,CASTROLIND,179.32,180.6,180.7,178.65,179.42,1186461,179.51,179.31,7,179.41,13,
2026-04-10T15:05:45.794,NC,CASTROLIND,179.5,180.6,180.7,178.65,179.42,1187507,179.51,179.41,1,179.49,75,
2026-04-10T15:05:51.981,NC,CASTROLIND,179.49,180.6,180.7,178.65,179.42,1187612,179.51,179.41,93,179.49,20,
2026-04-10T15:05:58.103,NC,CASTROLIND,179.49,180.6,180.7,178.65,179.42,1187615,179.51,179.41,83,179.49,17,
2026-04-10T15:06:04.293,NC,CASTROLIND,179.49,180.6,180.7,178.65,179.42,1187650,179.51,179.41,83,179.49,89,
2026-04-10T15:06:10.707,NC,CASTROLIND,179.5,180.6,180.7,178.65,179.42,1188392,179.51,179.41,75,179.5,5,
2026-04-10T15:06:17.036,NC,CASTROLIND,179.49,180.6,180.7,178.65,179.42,1190651,179.51,179.49,6,179.57,133,
2026-04-10T15:06:23.332,NC,CASTROLIND,179.53,180.6,180.7,178.65,179.42,1191414,179.51,179.41,92,179.53,198,
2026-04-10T15:06:35.574,NC,CASTROLIND,179.53,180.6,180.7,178.65,179.42,1191509,179.51,179.42,345,179.53,3,
2026-04-10T15:06:42.062,NC,CASTROLIND,179.53,180.6,180.7,178.65,179.42,1191647,179.51,179.41,93,179.53,104,
2026-04-10T15:06:48.773,NC,CASTROLIND,179.54,180.6,180.7,178.65,179.42,1191774,179.51,179.47,1,179.54,80,
2026-04-10T15:06:55.549,NC,CASTROLIND,179.54,180.6,180.7,178.65,179.42,1191849,179.51,179.44,106,179.54,25,
2026-04-10T15:07:01.998,NC,CASTROLIND,179.54,180.6,180.7,178.65,179.42,1191883,179.51,179.44,116,179.54,207,
2026-04-10T15:07:08.414,NC,CASTROLIND,179.44,180.6,180.7,178.65,179.42,1192086,179.51,179.41,2,179.44,402,
2026-04-10T15:07:14.925,NC,CASTROLIND,179.44,180.6,180.7,178.65,179.42,1192093,179.51,179.41,4,179.44,434,
2026-04-10T15:07:21.227,NC,CASTROLIND,179.44,180.6,180.7,178.65,179.42,1192181,179.51,179.41,3,179.44,320,
2026-04-10T15:07:27.637,NC,CASTROLIND,179.44,180.6,180.7,178.65,179.42,1192289,179.51,179.41,1,179.44,318,
2026-04-10T15:07:34.369,NC,CASTROLIND,179.42,180.6,180.7,178.65,179.42,1192361,179.51,179.4,6,179.42,3,
2026-04-10T15:07:40.862,NC,CASTROLIND,179.33,180.6,180.7,178.65,179.42,1192411,179.51,179.33,102,179.42,5,
2026-04-10T15:07:47.268,NC,CASTROLIND,179.32,180.6,180.7,178.65,179.42,1192506,179.51,179.33,98,179.42,8,
2026-04-10T15:07:53.371,NC,CASTROLIND,179.44,180.6,180.7,178.65,179.42,1192586,179.51,179.33,56,179.44,288,
2026-04-10T15:07:59.484,NC,CASTROLIND,179.44,180.6,180.7,178.65,179.42,1192645,179.51,179.32,94,179.4,50,
2026-04-10T15:08:06.079,NC,CASTROLIND,179.44,180.6,180.7,178.65,179.42,1192789,179.51,179.33,100,179.44,203,
2026-04-10T15:08:12.390,NC,CASTROLIND,179.44,180.6,180.7,178.65,179.42,1192811,179.51,179.32,182,179.44,219,
2026-04-10T15:08:18.806,NC,CASTROLIND,179.44,180.6,180.7,178.65,179.42,1192840,179.51,179.35,105,179.44,183,
2026-04-10T15:08:24.910,NC,CASTROLIND,179.44,180.6,180.7,178.65,179.42,1193229,179.51,179.38,58,179.44,10,
2026-04-10T15:08:31.218,NC,CASTROLIND,179.44,180.6,180.7,178.65,179.42,1193327,179.51,179.39,1,179.44,25,
2026-04-10T15:08:37.728,NC,CASTROLIND,179.44,180.6,180.7,178.65,179.42,1193388,179.51,179.34,101,179.44,15,
2026-04-10T15:08:44.242,NC,CASTROLIND,179.36,180.6,180.7,178.65,179.42,1193522,179.51,179.36,56,179.44,6,
2026-04-10T15:08:50.555,NC,CASTROLIND,179.54,180.6,180.7,178.65,179.42,1193631,179.51,179.44,181,179.54,144,
2026-04-10T15:08:57.065,NC,CASTROLIND,179.54,180.6,180.7,178.65,179.42,1193684,179.51,179.45,206,179.54,224,
2026-04-10T15:09:03.495,NC,CASTROLIND,179.54,180.6,180.7,178.65,179.42,1193762,179.51,179.44,139,179.54,72,
2026-04-10T15:09:09.988,NC,CASTROLIND,179.53,180.6,180.7,178.65,179.42,1193822,179.51,179.44,139,179.53,99,
2026-04-10T15:09:16.496,NC,CASTROLIND,179.53,180.6,180.7,178.65,179.42,1193921,179.51,179.48,1,179.53,299,
2026-04-10T15:09:22.804,NC,CASTROLIND,179.53,180.6,180.7,178.65,179.42,1193999,179.51,179.44,123,179.53,115,
2026-04-10T15:09:29.331,NC,CASTROLIND,179.53,180.6,180.7,178.65,179.42,1194115,179.51,179.44,121,179.53,450,
2026-04-10T15:09:36.032,NC,CASTROLIND,179.53,180.6,180.7,178.65,179.42,1194719,179.51,179.4,259,179.48,3,
2026-04-10T15:09:43.232,NC,CASTROLIND,179.48,180.6,180.7,178.65,179.42,1194725,179.51,179.4,261,179.48,5,
2026-04-10T15:09:50.437,NC,CASTROLIND,179.48,180.6,180.7,178.65,179.42,1194792,179.51,179.49,4,179.53,199,
2026-04-10T15:09:57.552,NC,CASTROLIND,179.53,180.6,180.7,178.65,179.42,1196813,179.51,179.47,56,179.64,504,
2026-04-10T15:10:04.867,NC,CASTROLIND,179.6,180.6,180.7,178.65,179.42,1196973,179.51,179.48,106,179.6,9,
2026-04-10T15:10:12.774,NC,CASTROLIND,179.63,180.6,180.7,178.65,179.42,1197038,179.51,179.51,107,179.63,66,
2026-04-10T15:10:19.985,NC,CASTROLIND,179.6,180.6,180.7,178.65,179.42,1197323,179.51,179.51,47,179.63,416,
2026-04-10T15:10:26.915,NC,CASTROLIND,179.62,180.6,180.7,178.65,179.42,1197536,179.51,179.51,47,179.62,254,
2026-04-10T15:10:33.852,NC,CASTROLIND,179.62,180.6,180.7,178.65,179.42,1197549,179.51,179.52,107,179.62,19,
2026-04-10T15:10:40.679,NC,CASTROLIND,179.61,180.6,180.7,178.65,179.42,1198025,179.51,179.52,160,179.61,5,
2026-04-10T15:10:47.453,NC,CASTROLIND,179.63,180.6,180.7,178.65,179.42,1198278,179.51,179.51,59,179.63,242,
2026-04-10T15:10:53.979,NC,CASTROLIND,179.64,180.6,180.7,178.65,179.42,1198460,179.51,179.52,56,179.64,316,
2026-04-10T15:11:00.577,NC,CASTROLIND,179.64,180.6,180.7,178.65,179.42,1198500,179.51,179.55,250,179.65,1639,
2026-04-10T15:11:07.318,NC,CASTROLIND,179.65,180.6,180.7,178.65,179.42,1198623,179.51,179.55,312,179.65,1282,
2026-04-10T15:11:13.919,NC,CASTROLIND,179.65,180.6,180.7,178.65,179.42,1198738,179.51,179.56,98,179.65,1167,
2026-04-10T15:11:20.628,NC,CASTROLIND,179.56,180.6,180.7,178.65,179.42,1198854,179.51,179.55,304,179.56,87,
2026-04-10T15:11:27.451,NC,CASTROLIND,179.61,180.6,180.7,178.65,179.42,1199482,179.51,179.56,97,179.63,31,
2026-04-10T15:11:34.252,NC,CASTROLIND,179.65,180.6,180.7,178.65,179.42,1199539,179.51,179.56,560,179.65,1313,
2026-04-10T15:11:41.160,NC,CASTROLIND,179.36,180.6,180.7,178.65,179.42,1207024,179.51,179.37,105,179.51,408,
2026-04-10T15:11:47.975,NC,CASTROLIND,179.48,180.6,180.7,178.65,179.42,1207645,179.51,179.37,24,179.48,299,
2026-04-10T15:11:54.894,NC,CASTROLIND,179.48,180.6,180.7,178.65,179.42,1207725,179.51,179.37,22,179.48,5,
2026-04-10T15:12:01.845,NC,CASTROLIND,179.48,180.6,180.7,178.65,179.42,1207855,179.51,179.39,72,179.48,16,
2026-04-10T15:12:09.122,NC,CASTROLIND,179.58,180.6,180.7,178.65,179.42,1208989,179.51,179.47,1,179.58,161,
2026-04-10T15:12:16.226,NC,CASTROLIND,179.54,180.6,180.7,178.65,179.42,1209328,179.51,179.4,117,179.54,137,
2026-04-10T15:12:23.142,NC,CASTROLIND,179.54,180.6,180.7,178.65,179.42,1209761,179.51,179.41,14,179.55,247,
2026-04-10T15:12:30.061,NC,CASTROLIND,179.54,180.6,180.7,178.65,179.42,1209857,179.51,179.41,21,179.54,332,
2026-04-10T15:12:37.154,NC,CASTROLIND,179.56,180.6,180.7,178.65,179.42,1209973,179.51,179.51,1,179.56,838,
2026-04-10T15:12:44.072,NC,CASTROLIND,179.54,180.6,180.7,178.65,179.42,1210001,179.51,179.51,1,179.54,245,
2026-04-10T15:12:50.987,NC,CASTROLIND,179.54,180.6,180.7,178.65,179.42,1210080,179.51,179.51,1,179.54,28,
2026-04-10T15:12:58.097,NC,CASTROLIND,179.5,180.6,180.7,178.65,179.42,1210133,179.51,179.5,91,179.51,22,
2026-04-10T15:13:05.017,NC,CASTROLIND,179.51,180.6,180.7,178.65,179.42,1210168,179.51,179.5,114,179.51,223,
2026-04-10T15:13:12.132,NC,CASTROLIND,179.51,180.6,180.7,178.65,179.42,1212022,179.51,179.45,27,179.51,154,
2026-04-10T15:13:19.355,NC,CASTROLIND,179.5,180.6,180.7,178.65,179.42,1212183,179.51,179.4,90,179.5,166,
2026-04-10T15:13:26.471,NC,CASTROLIND,179.4,180.6,180.7,178.65,179.42,1214264,179.51,179.4,1,179.5,312,
2026-04-10T15:13:33.767,NC,CASTROLIND,179.5,180.6,180.7,178.65,179.42,1214577,179.51,179.4,25,179.5,281,
2026-04-10T15:13:40.889,NC,CASTROLIND,179.5,180.6,180.7,178.65,179.42,1214698,179.51,179.48,1,179.5,219,
2026-04-10T15:13:48.211,NC,CASTROLIND,179.47,180.6,180.7,178.65,179.42,1214733,179.51,179.47,6,179.5,3,
2026-04-10T15:13:55.332,NC,CASTROLIND,179.56,180.6,180.7,178.65,179.42,1214786,179.51,179.47,17,179.56,749,
2026-04-10T15:14:02.634,NC,CASTROLIND,179.56,180.6,180.7,178.65,179.42,1215146,179.51,179.47,16,179.56,681,
2026-04-10T15:14:09.836,NC,CASTROLIND,179.56,180.6,180.7,178.65,179.42,1215260,179.51,179.5,10,179.56,671,
2026-04-10T15:14:17.156,NC,CASTROLIND,179.55,180.6,180.7,178.65,179.42,1216267,179.51,179.5,2,179.55,457,
2026-04-10T15:14:23.966,NC,CASTROLIND,179.4,180.6,180.7,178.65,179.42,1216645,179.51,179.35,16,179.4,122,
2026-04-10T15:14:30.770,NC,CASTROLIND,179.4,180.6,180.7,178.65,179.42,1216672,179.51,179.39,1,179.4,118,
2026-04-10T15:14:37.279,NC,CASTROLIND,179.39,180.6,180.7,178.65,179.42,1216810,179.51,179.38,1,179.39,778,
2026-04-10T15:14:43.985,NC,CASTROLIND,179.39,180.6,180.7,178.65,179.42,1216850,179.51,179.38,1,179.39,752,
2026-04-10T15:14:50.595,NC,CASTROLIND,179.38,180.6,180.7,178.65,179.42,1217571,179.51,179.35,14,179.38,100,
2026-04-10T15:14:57.111,NC,CASTROLIND,179.38,180.6,180.7,178.65,179.42,1217907,179.51,179.37,1,179.38,30,
2026-04-10T15:15:04.515,NC,CASTROLIND,179.37,180.6,180.7,178.65,179.42,1221012,179.5,179.37,69,179.49,24,
2026-04-10T15:15:13.035,NC,CASTROLIND,179.49,180.6,180.7,178.65,179.42,1221416,179.5,179.37,6,179.49,2265,
2026-04-10T15:15:21.469,NC,CASTROLIND,179.48,180.6,180.7,178.65,179.42,1221502,179.5,179.43,1,179.48,2254,
2026-04-10T15:15:29.669,NC,CASTROLIND,179.49,180.6,180.7,178.65,179.42,1223902,179.5,179.37,2,179.49,354,
2026-04-10T15:15:37.995,NC,CASTROLIND,179.48,180.6,180.7,178.65,179.42,1224416,179.5,179.42,1,179.48,89,
2026-04-10T15:15:46.299,NC,CASTROLIND,179.35,180.6,180.7,178.65,179.42,1224694,179.5,179.3,83,179.35,351,
2026-04-10T15:15:54.422,NC,CASTROLIND,179.35,180.6,180.7,178.65,179.42,1224808,179.5,179.3,60,179.35,353,
2026-04-10T15:16:02.142,NC,CASTROLIND,179.35,180.6,180.7,178.65,179.42,1224822,179.5,179.34,1,179.35,339,
2026-04-10T15:16:09.655,NC,CASTROLIND,179.29,180.6,180.7,178.65,179.42,1225466,179.5,179.29,7,179.35,129,
2026-04-10T15:16:17.180,NC,CASTROLIND,179.35,180.6,180.7,178.65,179.42,1225913,179.5,179.3,26,179.35,312,
2026-04-10T15:16:24.584,NC,CASTROLIND,179.3,180.6,180.7,178.65,179.42,1226141,179.5,179.29,33,179.35,234,
2026-04-10T15:16:32.208,NC,CASTROLIND,179.35,180.6,180.7,178.65,179.42,1226572,179.5,179.29,36,179.35,93,
2026-04-10T15:16:39.416,NC,CASTROLIND,179.34,180.6,180.7,178.65,179.42,1226632,179.5,179.33,1,179.34,322,
2026-04-10T15:16:46.899,NC,CASTROLIND,179.33,180.6,180.7,178.65,179.42,1226983,179.5,179.3,134,179.33,132,
2026-04-10T15:16:54.325,NC,CASTROLIND,179.3,180.6,180.7,178.65,179.42,1227637,179.5,179.3,120,179.33,2,
2026-04-10T15:17:01.753,NC,CASTROLIND,179.29,180.6,180.7,178.65,179.42,1227805,179.5,179.29,29,179.34,20,
2026-04-10T15:17:09.261,NC,CASTROLIND,179.29,180.6,180.7,178.65,179.42,1228249,179.5,179.27,17,179.35,2,
2026-04-10T15:17:16.476,NC,CASTROLIND,179.4,180.6,180.7,178.65,179.42,1228501,179.5,179.35,6,179.4,241,
2026-04-10T15:17:23.567,NC,CASTROLIND,179.4,180.6,180.7,178.65,179.42,1228608,179.5,179.29,228,179.4,161,
2026-04-10T15:17:30.677,NC,CASTROLIND,179.4,180.6,180.7,178.65,179.42,1228625,179.5,179.3,49,179.4,144,
2026-04-10T15:17:37.989,NC,CASTROLIND,179.48,180.6,180.7,178.65,179.42,1229183,179.5,179.45,1,179.48,33,
2026-04-10T15:17:44.990,NC,CASTROLIND,179.47,180.6,180.7,178.65,179.42,1229584,179.5,179.45,1,179.49,83,
2026-04-10T15:17:52.208,NC,CASTROLIND,179.49,180.6,180.7,178.65,179.42,1229692,179.5,179.4,226,179.49,59,
2026-04-10T15:17:59.523,NC,CASTROLIND,179.49,180.6,180.7,178.65,179.42,1229775,179.5,179.4,200,179.49,99,
2026-04-10T15:18:06.831,NC,CASTROLIND,179.5,180.6,180.7,178.65,179.42,1230082,179.5,179.4,240,179.49,56,
2026-04-10T15:18:14.227,NC,CASTROLIND,179.4,180.6,180.7,178.65,179.42,1231140,179.5,179.26,86,179.4,55,
2026-04-10T15:18:21.532,NC,CASTROLIND,179.26,180.6,180.7,178.65,179.42,1231448,179.5,179.26,56,179.39,100,
2026-04-10T15:18:28.738,NC,CASTROLIND,179.39,180.6,180.7,178.65,179.42,1231960,179.5,179.25,1,179.39,142,
2026-04-10T15:18:36.053,NC,CASTROLIND,179.3,180.6,180.7,178.65,179.42,1232208,179.5,179.3,303,179.35,41,
2026-04-10T15:18:43.357,NC,CASTROLIND,179.35,180.6,180.7,178.65,179.42,1232307,179.5,179.3,372,179.35,11,
2026-04-10T15:18:50.468,NC,CASTROLIND,179.39,180.6,180.7,178.65,179.42,1232348,179.5,179.3,351,179.39,2,
2026-04-10T15:18:57.373,NC,CASTROLIND,179.39,180.6,180.7,178.65,179.42,1232379,179.5,179.3,337,179.39,4,
2026-04-10T15:19:04.389,NC,CASTROLIND,179.39,180.6,180.7,178.65,179.42,1232495,179.5,179.3,320,179.4,150,
2026-04-10T15:19:11.609,NC,CASTROLIND,179.4,180.6,180.7,178.65,179.42,1232554,179.5,179.3,325,179.4,112,
2026-04-10T15:19:18.811,NC,CASTROLIND,179.49,180.6,180.7,178.65,179.42,1232695,179.5,179.4,1895,179.49,88,
2026-04-10T15:19:25.629,NC,CASTROLIND,179.46,180.6,180.7,178.65,179.42,1233764,179.5,179.4,878,179.49,65,
2026-04-10T15:19:32.947,NC,CASTROLIND,179.3,180.6,180.7,178.65,179.42,1236089,179.5,179.31,63,179.48,388,
2026-04-10T15:19:40.167,NC,CASTROLIND,179.43,180.6,180.7,178.65,179.42,1236403,179.5,179.3,607,179.43,175,
2026-04-10T15:19:47.153,NC,CASTROLIND,179.49,180.6,180.7,178.65,179.42,1236595,179.5,179.48,1,179.49,9,
2026-04-10T15:19:54.106,NC,CASTROLIND,179.49,180.6,180.7,178.65,179.42,1236689,179.5,179.43,339,179.49,195,
2026-04-10T15:20:01.195,NC,CASTROLIND,179.44,180.6,180.7,178.65,179.42,1236993,179.5,179.44,7,179.48,224,
2026-04-10T15:20:08.985,NC,CASTROLIND,179.47,180.6,180.7,178.65,179.42,1237111,179.5,179.44,74,179.47,72,
2026-04-10T15:20:17.414,NC,CASTROLIND,179.44,180.6,180.7,178.65,179.42,1237296,179.5,179.44,288,179.47,37,
2026-04-10T15:20:25.225,NC,CASTROLIND,179.47,180.6,180.7,178.65,179.42,1237420,179.5,179.44,248,179.47,27,
2026-04-10T15:20:33.150,NC,CASTROLIND,179.39,180.6,180.7,178.65,179.42,1240271,179.5,179.32,264,179.39,143,
2026-04-10T15:20:40.927,NC,CASTROLIND,179.37,180.6,180.7,178.65,179.42,1240295,179.5,179.35,2,179.37,62,
2026-04-10T15:20:48.529,NC,CASTROLIND,179.33,180.6,180.7,178.65,179.42,1241395,179.5,179.31,32,179.33,145,
2026-04-10T15:20:55.933,NC,CASTROLIND,179.37,180.6,180.7,178.65,179.42,1243477,179.5,179.35,446,179.37,25,
2026-04-10T15:21:03.247,NC,CASTROLIND,179.5,180.6,180.7,178.65,179.42,1243752,179.5,179.36,171,179.5,355,
2026-04-10T15:21:10.856,NC,CASTROLIND,179.5,180.6,180.7,178.65,179.42,1243841,179.5,179.45,1,179.5,398,
2026-04-10T15:21:18.171,NC,CASTROLIND,179.49,180.6,180.7,178.65,179.42,1244216,179.5,179.45,267,179.49,224,
2026-04-10T15:21:26.171,NC,CASTROLIND,179.49,180.6,180.7,178.65,179.42,1244239,179.5,179.45,278,179.49,286,
2026-04-10T15:21:33.885,NC,CASTROLIND,179.48,180.6,180.7,178.65,179.42,1244522,179.5,179.45,220,179.48,76,
2026-04-10T15:21:41.391,NC,CASTROLIND,179.45,180.6,180.7,178.65,179.42,1244782,179.5,179.45,2811,179.48,68,
2026-04-10T15:21:48.795,NC,CASTROLIND,179.48,180.6,180.7,178.65,179.42,1244819,179.5,179.45,5750,179.48,39,
2026-04-10T15:21:56.123,NC,CASTROLIND,179.48,180.6,180.7,178.65,179.42,1244906,179.5,179.45,5755,179.48,26,
2026-04-10T15:22:03.641,NC,CASTROLIND,179.49,180.6,180.7,178.65,179.42,1249477,179.5,179.49,1570,179.5,61,
2026-04-10T15:22:11.350,NC,CASTROLIND,179.59,180.6,180.7,178.65,179.42,1249869,179.5,179.51,56,179.59,199,
2026-04-10T15:22:18.799,NC,CASTROLIND,179.59,180.6,180.7,178.65,179.42,1249899,179.5,179.56,1,179.59,379,
2026-04-10T15:22:26.273,NC,CASTROLIND,179.59,180.6,180.7,178.65,179.42,1249949,179.5,179.56,464,179.58,10,
2026-04-10T15:22:33.675,NC,CASTROLIND,179.56,180.6,180.7,178.65,179.42,1250045,179.5,179.56,3260,179.59,548,
2026-04-10T15:22:40.794,NC,CASTROLIND,179.58,180.6,180.7,178.65,179.42,1250448,179.5,179.56,3428,179.58,1,
2026-04-10T15:22:47.905,NC,CASTROLIND,179.59,180.6,180.7,178.65,179.42,1250937,179.5,179.58,143,179.59,92,
2026-04-10T15:22:55.118,NC,CASTROLIND,179.59,180.6,180.7,178.65,179.42,1251634,179.5,179.57,56,179.59,14,
2026-04-10T15:23:02.244,NC,CASTROLIND,179.59,180.6,180.7,178.65,179.42,1251909,179.5,179.57,2,179.59,4902,
2026-04-10T15:23:09.544,NC,CASTROLIND,179.59,180.6,180.7,178.65,179.42,1251945,179.5,179.57,355,179.59,5627,
2026-04-10T15:23:17.029,NC,CASTROLIND,179.59,180.6,180.7,178.65,179.42,1253009,179.5,179.57,198,179.59,4785,
2026-04-10T15:23:24.929,NC,CASTROLIND,179.59,180.6,180.7,178.65,179.42,1253263,179.5,179.57,2143,179.59,4570,
2026-04-10T15:23:32.043,NC,CASTROLIND,179.59,180.6,180.7,178.65,179.42,1253346,179.5,179.57,2550,179.59,4509,
2026-04-10T15:23:39.055,NC,CASTROLIND,179.58,180.6,180.7,178.65,179.42,1253533,179.5,179.57,2516,179.58,1321,
2026-04-10T15:23:46.236,NC,CASTROLIND,179.57,180.6,180.7,178.65,179.42,1253939,179.5,179.57,3184,179.58,1284,
2026-04-10T15:23:53.374,NC,CASTROLIND,179.58,180.6,180.7,178.65,179.42,1254388,179.5,179.57,3281,179.58,1056,
2026-04-10T15:24:00.380,NC,CASTROLIND,179.58,180.6,180.7,178.65,179.42,1255461,179.5,179.57,3241,179.58,37,
2026-04-10T15:24:07.599,NC,CASTROLIND,179.59,180.6,180.7,178.65,179.42,1256460,179.5,179.58,12,179.59,2944,
2026-04-10T15:24:15.217,NC,CASTROLIND,179.58,180.6,180.7,178.65,179.42,1256561,179.5,179.58,3030,179.59,2935,
2026-04-10T15:24:22.458,NC,CASTROLIND,179.59,180.6,180.7,178.65,179.42,1256794,179.5,179.58,3007,179.59,2716,
2026-04-10T15:24:29.754,NC,CASTROLIND,179.59,180.6,180.7,178.65,179.42,1256917,179.5,179.58,3021,179.59,2596,
2026-04-10T15:24:36.941,NC,CASTROLIND,179.59,180.6,180.7,178.65,179.42,1262038,179.5,179.58,21,179.59,2529,
2026-04-10T15:24:43.758,NC,CASTROLIND,179.49,180.6,180.7,178.65,179.42,1262689,179.5,179.49,566,179.57,183,
2026-04-10T15:24:50.679,NC,CASTROLIND,179.5,180.6,180.7,178.65,179.42,1262978,179.5,179.49,566,179.56,225,
2026-04-10T15:24:57.681,NC,CASTROLIND,179.55,180.6,180.7,178.65,179.42,1263058,179.5,179.54,1,179.55,5,
2026-04-10T15:25:04.886,NC,CASTROLIND,179.57,180.6,180.7,178.65,179.42,1263807,179.5,179.55,2,179.57,228,
2026-04-10T15:25:12.700,NC,CASTROLIND,179.55,180.6,180.7,178.65,179.42,1264073,179.5,179.5,161,179.55,175,
2026-04-10T15:25:20.500,NC,CASTROLIND,179.53,180.6,180.7,178.65,179.42,1265233,179.5,179.5,10,179.53,97,
2026-04-10T15:25:27.923,NC,CASTROLIND,179.23,180.6,180.7,178.65,179.42,1281613,179.5,179.23,34,179.35,1,
2026-04-10T15:25:35.435,NC,CASTROLIND,179.34,180.6,180.7,178.65,179.42,1281758,179.5,179.28,1,179.34,30,
2026-04-10T15:25:42.747,NC,CASTROLIND,179.34,180.6,180.7,178.65,179.42,1281794,179.5,179.31,20,179.34,1,
2026-04-10T15:25:50.157,NC,CASTROLIND,179.5,180.6,180.7,178.65,179.42,1282094,179.5,179.34,3,179.49,128,
2026-04-10T15:25:57.170,NC,CASTROLIND,179.49,180.6,180.7,178.65,179.42,1282336,179.5,179.39,1,179.49,7,
2026-04-10T15:26:04.479,NC,CASTROLIND,179.52,180.6,180.7,178.65,179.42,1282529,179.5,179.45,15,179.52,37,
2026-04-10T15:26:12.017,NC,CASTROLIND,179.5,180.6,180.7,178.65,179.42,1283024,179.5,179.45,86,179.5,396,
2026-04-10T15:26:19.707,NC,CASTROLIND,179.5,180.6,180.7,178.65,179.42,1283198,179.5,179.45,18,179.5,613,
2026-04-10T15:26:27.034,NC,CASTROLIND,179.5,180.6,180.7,178.65,179.42,1284021,179.5,179.45,4,179.5,185,
2026-04-10T15:26:34.335,NC,CASTROLIND,179.5,180.6,180.7,178.65,179.42,1284230,179.5,179.49,11,179.5,431,
2026-04-10T15:26:41.858,NC,CASTROLIND,179.5,180.6,180.7,178.65,179.42,1284781,179.5,179.49,45,179.5,847,
2026-04-10T15:26:49.058,NC,CASTROLIND,179.5,180.6,180.7,178.65,179.42,1285562,179.5,179.49,14,179.5,446,
2026-04-10T15:26:56.265,NC,CASTROLIND,179.49,180.6,180.7,178.65,179.42,1285656,179.5,179.46,30,179.49,149,
2026-04-10T15:27:03.377,NC,CASTROLIND,179.48,180.6,180.7,178.65,179.42,1285802,179.5,179.47,69,179.48,27,
2026-04-10T15:27:11.086,NC,CASTROLIND,179.47,180.6,180.7,178.65,179.42,1285940,179.5,179.45,443,179.46,2358,
2026-04-10T15:27:19.084,NC,CASTROLIND,179.45,180.6,180.7,178.65,179.42,1287365,179.5,179.39,123,179.45,572,
2026-04-10T15:27:27.204,NC,CASTROLIND,179.45,180.6,180.7,178.65,179.42,1287547,179.5,179.44,40,179.45,504,
2026-04-10T15:27:35.405,NC,CASTROLIND,179.45,180.6,180.7,178.65,179.42,1287647,179.5,179.44,26,179.45,418,
2026-04-10T15:27:43.708,NC,CASTROLIND,179.45,180.6,180.7,178.65,179.42,1288780,179.5,179.45,948,179.46,1251,
2026-04-10T15:27:51.737,NC,CASTROLIND,179.46,180.6,180.7,178.65,179.42,1289119,179.5,179.45,1872,179.46,1026,
2026-04-10T15:28:00.734,NC,CASTROLIND,179.46,180.6,180.7,178.65,179.42,1289392,179.5,179.45,1790,179.46,961,
2026-04-10T15:28:09.145,NC,CASTROLIND,179.46,180.6,180.7,178.65,179.42,1289604,179.5,179.45,1781,179.46,448,
2026-04-10T15:28:17.382,NC,CASTROLIND,179.45,180.6,180.7,178.65,179.42,1290298,179.5,179.45,1498,179.46,503,
2026-04-10T15:28:25.159,NC,CASTROLIND,179.5,180.6,180.7,178.65,179.42,1290816,179.5,179.46,677,179.5,1563,
2026-04-10T15:28:34.072,NC,CASTROLIND,179.5,180.6,180.7,178.65,179.42,1291863,179.5,179.46,98,179.5,1431,
2026-04-10T15:28:42.393,NC,CASTROLIND,179.45,180.6,180.7,178.65,179.42,1293254,179.5,179.45,133,179.5,1504,
2026-04-10T15:28:50.483,NC,CASTROLIND,179.5,180.6,180.7,178.65,179.42,1294389,179.5,179.47,50,179.5,1471,
2026-04-10T15:28:58.507,NC,CASTROLIND,179.47,180.6,180.7,178.65,179.42,1295913,179.5,179.47,46,179.5,117,
2026-04-10T15:29:07.005,NC,CASTROLIND,179.44,180.6,180.7,178.65,179.42,1296759,179.5,179.44,41,179.47,3,
2026-04-10T15:29:16.530,NC,CASTROLIND,179.45,180.6,180.7,178.65,179.42,1297245,179.5,179.45,35,179.49,511,
2026-04-10T15:29:25.947,NC,CASTROLIND,179.45,180.6,180.7,178.65,179.42,1297836,179.5,179.44,72,179.45,92,
2026-04-10T15:29:35.456,NC,CASTROLIND,179.87,180.6,180.7,178.65,179.42,1306356,179.5,179.65,301,179.87,203,
2026-04-10T15:29:44.787,NC,CASTROLIND,179.95,180.6,180.7,178.65,179.42,1306842,179.5,179.66,1,179.95,28,
2026-04-10T15:29:52.580,NC,CASTROLIND,179.99,180.6,180.7,178.65,179.42,1307353,179.5,179.95,2,179.99,117,
2026-04-10T15:30:00.392,NC,CASTROLIND,179.95,180.6,180.7,178.65,179.42,1307737,179.5,179.95,177,179.96,100,
2026-04-10T15:40:26.091,NC,CASTROLIND,179.42,180.6,180.7,178.65,179.42,1308261,179.5,179.42,94,,,
2026-04-10T15:42:49.447,NC,CASTROLIND,179.42,180.6,180.7,178.65,179.42,1308337,179.5,179.42,108,,,
2026-04-10T15:44:15.553,NC,CASTROLIND,179.42,180.6,180.7,178.65,179.42,1308340,179.5,179.42,66,,,
2026-04-10T15:45:32.546,NC,CASTROLIND,179.42,180.6,180.7,178.65,179.42,1308345,179.5,179.42,61,,,
2026-04-10T15:45:53.608,NC,CASTROLIND,179.42,180.6,180.7,178.65,179.42,1308406,179.5,,,179.42,14,
2026-04-10T15:47:02.830,NC,CASTROLIND,179.42,180.6,180.7,178.65,179.42,1308420,179.5,179.42,36,,,
2026-04-10T15:54:34.780,NC,CASTROLIND,179.42,180.6,180.7,178.65,179.42,1308423,179.5,179.42,66,,,
