Timestamp,Exchange,Symbol,LTP,Open,High,Low,Close,Volume,VWAP,Best_Bid,Bid_Qty,Best_Ask,Ask_Qty,OI
2026-04-10T09:31:56.656,NF,BANKNIFTY28APR2655000CE,1553.3,1555.55,1588.0,1241.7,1182.6,338430,1436.7,1553.25,60,1555.0,30,707820
2026-04-10T09:31:56.663,NF,BANKNIFTY28APR2655000CE,1554.15,1555.55,1588.0,1241.7,1182.6,338490,1436.72,1554.1,30,1558.65,30,707820
2026-04-10T09:31:57.777,NF,BANKNIFTY28APR2655000CE,1550.2,1555.55,1588.0,1241.7,1182.6,339180,1436.95,1550.5,120,1555.0,360,707820
2026-04-10T09:31:59.185,NF,BANKNIFTY28APR2655000CE,1555.0,1555.55,1588.0,1241.7,1182.6,339240,1436.97,1551.8,60,1555.0,330,707820
2026-04-10T09:32:00.381,NF,BANKNIFTY28APR2655000CE,1551.85,1555.55,1588.0,1241.7,1182.6,339420,1437.03,1551.9,30,1554.85,30,707820
2026-04-10T09:32:01.587,NF,BANKNIFTY28APR2655000CE,1552.55,1555.55,1588.0,1241.7,1182.6,339510,1437.06,1550.05,30,1552.5,30,707820
2026-04-10T09:32:02.797,NF,BANKNIFTY28APR2655000CE,1545.0,1555.55,1588.0,1241.7,1182.6,340050,1437.23,1545.65,30,1549.8,60,707820
2026-04-10T09:32:04.191,NF,BANKNIFTY28APR2655000CE,1552.6,1555.55,1588.0,1241.7,1182.6,340200,1437.28,1548.1,30,1551.15,60,707820
2026-04-10T09:32:05.397,NF,BANKNIFTY28APR2655000CE,1551.85,1555.55,1588.0,1241.7,1182.6,341160,1437.61,1551.85,2100,1553.3,30,707820
2026-04-10T09:32:06.597,NF,BANKNIFTY28APR2655000CE,1553.05,1555.55,1588.0,1241.7,1182.6,341490,1437.72,1552.95,60,1555.0,150,707820
2026-04-10T09:32:07.792,NF,BANKNIFTY28APR2655000CE,1556.85,1555.55,1588.0,1241.7,1182.6,341850,1437.84,1557.85,30,1562.35,60,707820
2026-04-10T09:32:09.193,NF,BANKNIFTY28APR2655000CE,1557.15,1555.55,1588.0,1241.7,1182.6,342450,1438.05,1557.15,30,1562.05,150,707820
2026-04-10T09:32:10.392,NF,BANKNIFTY28APR2655000CE,1556.8,1555.55,1588.0,1241.7,1182.6,342480,1438.06,1554.05,30,1558.65,120,707820
2026-04-10T09:32:11.608,NF,BANKNIFTY28APR2655000CE,1560.8,1555.55,1588.0,1241.7,1182.6,342690,1438.14,1560.45,30,1564.95,150,707820
2026-04-10T09:32:12.800,NF,BANKNIFTY28APR2655000CE,1562.25,1555.55,1588.0,1241.7,1182.6,342780,1438.17,1561.95,30,1566.05,60,707820
2026-04-10T09:32:15.400,NF,BANKNIFTY28APR2655000CE,1561.65,1555.55,1588.0,1241.7,1182.6,342870,1438.2,1559.95,120,1565.45,150,707820
2026-04-10T09:32:16.610,NF,BANKNIFTY28APR2655000CE,1560.0,1555.55,1588.0,1241.7,1182.6,343050,1438.27,1560.5,60,1565.3,240,707820
2026-04-10T09:32:17.820,NF,BANKNIFTY28APR2655000CE,1555.05,1555.55,1588.0,1241.7,1182.6,343170,1438.31,1555.05,90,1561.45,120,707820
2026-04-10T09:32:20.414,NF,BANKNIFTY28APR2655000CE,1556.25,1555.55,1588.0,1241.7,1182.6,343230,1438.33,1556.3,150,1561.1,150,707820
2026-04-10T09:32:21.631,NF,BANKNIFTY28APR2655000CE,1557.2,1555.55,1588.0,1241.7,1182.6,343350,1438.37,1557.2,60,1560.0,90,707820
2026-04-10T09:32:22.816,NF,BANKNIFTY28APR2655000CE,1557.6,1555.55,1588.0,1241.7,1182.6,343740,1438.51,1557.65,60,1563.15,60,707820
2026-04-10T09:32:24.015,NF,BANKNIFTY28APR2655000CE,1562.95,1555.55,1588.0,1241.7,1182.6,344250,1438.7,1558.4,30,1563.1,60,707820
2026-04-10T09:32:25.226,NF,BANKNIFTY28APR2655000CE,1558.4,1555.55,1588.0,1241.7,1182.6,344280,1438.71,1558.4,30,1562.85,150,707820
2026-04-10T09:32:26.426,NF,BANKNIFTY28APR2655000CE,1558.4,1555.55,1588.0,1241.7,1182.6,344370,1438.74,1558.4,90,1563.15,60,707820
2026-04-10T09:32:29.032,NF,BANKNIFTY28APR2655000CE,1561.4,1555.55,1588.0,1241.7,1182.6,344400,1438.75,1558.35,30,1563.1,60,707820
2026-04-10T09:32:30.228,NF,BANKNIFTY28APR2655000CE,1558.3,1555.55,1588.0,1241.7,1182.6,344460,1438.77,1558.35,30,1562.4,60,707820
2026-04-10T09:32:32.624,NF,BANKNIFTY28APR2655000CE,1561.9,1555.55,1588.0,1241.7,1182.6,344520,1438.79,1558.05,30,1561.35,60,707820
2026-04-10T09:32:33.832,NF,BANKNIFTY28APR2655000CE,1556.3,1555.55,1588.0,1241.7,1182.6,344700,1438.85,1557.55,30,1562.0,240,707820
2026-04-10T09:32:35.033,NF,BANKNIFTY28APR2655000CE,1556.9,1555.55,1588.0,1241.7,1182.6,344850,1438.9,1557.15,120,1560.55,30,707820
2026-04-10T09:32:36.230,NF,BANKNIFTY28APR2655000CE,1557.15,1555.55,1588.0,1241.7,1182.6,344880,1438.91,1556.7,30,1560.6,150,707820
2026-04-10T09:32:38.844,NF,BANKNIFTY28APR2655000CE,1556.5,1555.55,1588.0,1241.7,1182.6,344910,1438.92,1556.1,150,1560.0,30,707820
2026-04-10T09:32:41.239,NF,BANKNIFTY28APR2655000CE,1560.0,1555.55,1588.0,1241.7,1182.6,345060,1438.98,1556.5,30,1561.6,150,707820
2026-04-10T09:32:43.850,NF,BANKNIFTY28APR2655000CE,1560.0,1555.55,1588.0,1241.7,1182.6,345240,1439.04,1558.7,30,1563.0,30,707820
2026-04-10T09:32:45.041,NF,BANKNIFTY28APR2655000CE,1562.6,1555.55,1588.0,1241.7,1182.6,345300,1439.06,1558.9,30,1562.6,120,707820
2026-04-10T09:32:46.244,NF,BANKNIFTY28APR2655000CE,1558.7,1555.55,1588.0,1241.7,1182.6,345360,1439.08,1558.0,30,1562.9,120,707820
2026-04-10T09:32:48.854,NF,BANKNIFTY28APR2655000CE,1558.45,1555.55,1588.0,1241.7,1182.6,345390,1439.09,1558.4,30,1562.0,120,707820
2026-04-10T09:32:50.049,NF,BANKNIFTY28APR2655000CE,1560.85,1555.55,1588.0,1241.7,1182.6,345450,1439.11,1558.4,30,1561.5,60,707820
2026-04-10T09:32:52.254,NF,BANKNIFTY28APR2655000CE,1561.6,1555.55,1588.0,1241.7,1182.6,345750,1439.22,1556.2,30,1560.85,30,707820
2026-04-10T09:32:53.466,NF,BANKNIFTY28APR2655000CE,1562.4,1555.55,1588.0,1241.7,1182.6,345870,1439.26,1556.4,30,1561.05,150,707820
2026-04-10T09:32:54.658,NF,BANKNIFTY28APR2655000CE,1556.05,1555.55,1588.0,1241.7,1182.6,345960,1439.29,1556.05,30,1560.35,30,707820
2026-04-10T09:32:56.064,NF,BANKNIFTY28APR2655000CE,1562.6,1555.55,1588.0,1241.7,1182.6,346350,1439.43,1556.5,30,1560.65,240,707820
2026-04-10T09:32:58.461,NF,BANKNIFTY28APR2655000CE,1557.0,1555.55,1588.0,1241.7,1182.6,346380,1439.44,1556.0,270,1560.55,60,707820
2026-04-10T09:32:59.680,NF,BANKNIFTY28APR2655000CE,1560.95,1555.55,1588.0,1241.7,1182.6,346530,1439.49,1556.45,30,1560.6,150,707820
2026-04-10T09:33:01.069,NF,BANKNIFTY28APR2655000CE,1560.9,1555.55,1588.0,1241.7,1182.6,346650,1439.53,1556.05,60,1560.35,30,707820
2026-04-10T09:33:02.285,NF,BANKNIFTY28APR2655000CE,1560.3,1555.55,1588.0,1241.7,1182.6,346710,1439.55,1556.45,60,1560.5,150,707820
2026-04-10T09:33:03.492,NF,BANKNIFTY28APR2655000CE,1556.05,1555.55,1588.0,1241.7,1182.6,346770,1439.57,1556.05,30,1558.95,30,707820
2026-04-10T09:33:04.675,NF,BANKNIFTY28APR2655000CE,1557.0,1555.55,1588.0,1241.7,1182.6,347070,1439.67,1555.05,30,1557.55,60,707820
2026-04-10T09:33:06.084,NF,BANKNIFTY28APR2655000CE,1555.0,1555.55,1588.0,1241.7,1182.6,347220,1439.72,1552.1,30,1557.2,60,707820
2026-04-10T09:33:07.285,NF,BANKNIFTY28APR2655000CE,1550.0,1555.55,1588.0,1241.7,1182.6,349530,1440.47,1544.0,60,1551.75,120,707820
2026-04-10T09:33:08.517,NF,BANKNIFTY28APR2655000CE,1550.8,1555.55,1588.0,1241.7,1182.6,350040,1440.62,1546.3,30,1551.5,120,707820
2026-04-10T09:33:09.695,NF,BANKNIFTY28APR2655000CE,1554.45,1555.55,1588.0,1241.7,1182.6,350340,1440.72,1552.45,30,1558.65,120,707820
2026-04-10T09:33:11.098,NF,BANKNIFTY28APR2655000CE,1552.65,1555.55,1588.0,1241.7,1182.6,350370,1440.73,1554.9,30,1559.05,120,707820
2026-04-10T09:33:12.290,NF,BANKNIFTY28APR2655000CE,1552.2,1555.55,1588.0,1241.7,1182.6,350430,1440.75,1554.45,120,1559.1,150,707820
2026-04-10T09:33:14.687,NF,BANKNIFTY28APR2655000CE,1555.1,1555.55,1588.0,1241.7,1182.6,350460,1440.76,1549.4,30,1555.2,30,707820
2026-04-10T09:33:19.726,NF,BANKNIFTY28APR2655000CE,1552.35,1555.55,1588.0,1241.7,1182.6,350490,1440.77,1552.05,30,1555.0,150,707820
2026-04-10T09:33:21.093,NF,BANKNIFTY28APR2655000CE,1558.65,1555.55,1588.0,1241.7,1182.6,350640,1440.82,1554.85,180,1560.0,30,707820
2026-04-10T09:33:22.299,NF,BANKNIFTY28APR2655000CE,1559.8,1555.55,1588.0,1241.7,1182.6,351090,1440.97,1556.25,30,1559.85,60,707820
2026-04-10T09:33:23.509,NF,BANKNIFTY28APR2655000CE,1558.25,1555.55,1588.0,1241.7,1182.6,351180,1441.0,1555.05,30,1559.95,120,707820
2026-04-10T09:33:26.100,NF,BANKNIFTY28APR2655000CE,1557.7,1555.55,1588.0,1241.7,1182.6,351330,1441.05,1553.9,30,1557.75,240,707820
2026-04-10T09:33:29.712,NF,BANKNIFTY28APR2655000CE,1555.05,1555.55,1588.0,1241.7,1182.6,351360,1441.06,1553.9,30,1556.6,210,707820
2026-04-10T09:33:31.127,NF,BANKNIFTY28APR2655000CE,1553.9,1555.55,1588.0,1241.7,1182.6,351390,1441.07,1550.25,60,1554.55,150,707820
2026-04-10T09:33:33.513,NF,BANKNIFTY28APR2655000CE,1550.0,1555.55,1588.0,1241.7,1182.6,351480,1441.09,1545.9,120,1551.0,30,707820
2026-04-10T09:33:34.742,NF,BANKNIFTY28APR2655000CE,1547.35,1555.55,1588.0,1241.7,1182.6,351600,1441.13,1547.35,60,1551.6,90,707820
2026-04-10T09:33:36.128,NF,BANKNIFTY28APR2655000CE,1548.3,1555.55,1588.0,1241.7,1182.6,351660,1441.15,1548.35,30,1551.35,180,707820
2026-04-10T09:33:37.384,NF,BANKNIFTY28APR2655000CE,1548.35,1555.55,1588.0,1241.7,1182.6,351690,1441.16,1544.5,60,1548.6,60,707820
2026-04-10T09:33:38.529,NF,BANKNIFTY28APR2655000CE,1541.05,1555.55,1588.0,1241.7,1182.6,351840,1441.2,1541.05,30,1543.1,750,707820
2026-04-10T09:33:39.802,NF,BANKNIFTY28APR2655000CE,1541.0,1555.55,1588.0,1241.7,1182.6,352020,1441.25,1540.3,30,1542.75,60,707820
2026-04-10T09:33:41.194,NF,BANKNIFTY28APR2655000CE,1540.05,1555.55,1588.0,1241.7,1182.6,352440,1441.37,1542.45,360,1545.1,60,707820
2026-04-10T09:33:42.324,NF,BANKNIFTY28APR2655000CE,1543.25,1555.55,1588.0,1241.7,1182.6,352470,1441.38,1541.6,270,1545.1,60,707820
2026-04-10T09:33:43.537,NF,BANKNIFTY28APR2655000CE,1545.0,1555.55,1588.0,1241.7,1182.6,352830,1441.48,1544.55,30,1549.25,180,707820
2026-04-10T09:33:44.754,NF,BANKNIFTY28APR2655000CE,1547.2,1555.55,1588.0,1241.7,1182.6,352920,1441.51,1547.65,30,1550.0,90,707820
2026-04-10T09:33:45.947,NF,BANKNIFTY28APR2655000CE,1547.35,1555.55,1588.0,1241.7,1182.6,352950,1441.52,1543.4,180,1547.65,210,707820
2026-04-10T09:33:47.331,NF,BANKNIFTY28APR2655000CE,1548.3,1555.55,1588.0,1241.7,1182.6,353010,1441.54,1545.05,30,1547.0,30,707820
2026-04-10T09:33:48.543,NF,BANKNIFTY28APR2655000CE,1543.85,1555.55,1588.0,1241.7,1182.6,353100,1441.56,1540.2,30,1543.2,120,707820
2026-04-10T09:33:49.769,NF,BANKNIFTY28APR2655000CE,1543.9,1555.55,1588.0,1241.7,1182.6,353250,1441.6,1540.25,60,1543.8,210,707820
2026-04-10T09:33:50.941,NF,BANKNIFTY28APR2655000CE,1544.15,1555.55,1588.0,1241.7,1182.6,353280,1441.61,1540.65,180,1543.85,210,707820
2026-04-10T09:33:52.148,NF,BANKNIFTY28APR2655000CE,1540.35,1555.55,1588.0,1241.7,1182.6,353310,1441.62,1540.25,30,1544.0,180,707820
2026-04-10T09:33:54.743,NF,BANKNIFTY28APR2655000CE,1539.9,1555.55,1588.0,1241.7,1182.6,353430,1441.65,1541.8,180,1546.05,30,707820
2026-04-10T09:33:55.956,NF,BANKNIFTY28APR2655000CE,1543.9,1555.55,1588.0,1241.7,1182.6,353580,1441.7,1544.35,30,1548.25,210,707820
2026-04-10T09:33:57.153,NF,BANKNIFTY28APR2655000CE,1550.0,1555.55,1588.0,1241.7,1182.6,353730,1441.74,1548.7,30,1550.0,60,707820
2026-04-10T09:34:00.956,NF,BANKNIFTY28APR2655000CE,1543.25,1555.55,1588.0,1241.7,1182.6,353760,1441.75,1541.1,180,1546.15,180,707820
2026-04-10T09:34:02.160,NF,BANKNIFTY28APR2655000CE,1549.65,1555.55,1588.0,1241.7,1182.6,353790,1441.76,1543.8,30,1546.45,180,707820
2026-04-10T09:34:03.363,NF,BANKNIFTY28APR2655000CE,1543.8,1555.55,1588.0,1241.7,1182.6,353820,1441.77,1541.55,120,1545.6,180,707820
2026-04-10T09:34:09.786,NF,BANKNIFTY28APR2655000CE,1550.0,1555.55,1588.0,1241.7,1182.6,353880,1441.79,1548.1,30,1550.0,90,704670
2026-04-10T09:34:13.381,NF,BANKNIFTY28APR2655000CE,1550.0,1555.55,1588.0,1241.7,1182.6,354420,1441.95,1549.3,30,1550.0,90,704670
2026-04-10T09:34:14.572,NF,BANKNIFTY28APR2655000CE,1550.0,1555.55,1588.0,1241.7,1182.6,354600,1442.01,1549.6,150,1553.95,150,704670
2026-04-10T09:34:17.181,NF,BANKNIFTY28APR2655000CE,1550.95,1555.55,1588.0,1241.7,1182.6,354690,1442.04,1551.35,30,1553.9,210,704670
2026-04-10T09:34:18.382,NF,BANKNIFTY28APR2655000CE,1551.4,1555.55,1588.0,1241.7,1182.6,354750,1442.05,1550.05,30,1552.4,30,704670
2026-04-10T09:34:19.579,NF,BANKNIFTY28APR2655000CE,1550.0,1555.55,1588.0,1241.7,1182.6,354840,1442.08,1548.25,180,1552.25,180,704670
2026-04-10T09:34:24.602,NF,BANKNIFTY28APR2655000CE,1551.75,1555.55,1588.0,1241.7,1182.6,354900,1442.1,1550.0,30,1552.4,210,704670
2026-04-10T09:34:25.786,NF,BANKNIFTY28APR2655000CE,1550.0,1555.55,1588.0,1241.7,1182.6,354960,1442.12,1547.1,180,1551.5,210,704670
2026-04-10T09:34:27.007,NF,BANKNIFTY28APR2655000CE,1546.9,1555.55,1588.0,1241.7,1182.6,355020,1442.14,1543.85,60,1548.1,210,704670
2026-04-10T09:34:29.609,NF,BANKNIFTY28APR2655000CE,1543.15,1555.55,1588.0,1241.7,1182.6,355140,1442.17,1540.05,240,1543.85,210,704670
2026-04-10T09:34:31.996,NF,BANKNIFTY28APR2655000CE,1540.4,1555.55,1588.0,1241.7,1182.6,355200,1442.19,1540.45,180,1543.4,60,704670
2026-04-10T09:34:33.202,NF,BANKNIFTY28APR2655000CE,1543.55,1555.55,1588.0,1241.7,1182.6,355260,1442.2,1543.65,60,1546.55,60,704670
2026-04-10T09:34:34.605,NF,BANKNIFTY28APR2655000CE,1544.2,1555.55,1588.0,1241.7,1182.6,355290,1442.21,1544.45,60,1548.3,330,704670
2026-04-10T09:34:37.003,NF,BANKNIFTY28APR2655000CE,1544.15,1555.55,1588.0,1241.7,1182.6,355680,1442.33,1540.15,60,1544.15,180,704670
2026-04-10T09:34:39.407,NF,BANKNIFTY28APR2655000CE,1542.95,1555.55,1588.0,1241.7,1182.6,355740,1442.34,1540.0,60,1542.65,210,704670
2026-04-10T09:34:43.233,NF,BANKNIFTY28APR2655000CE,1538.85,1555.55,1588.0,1241.7,1182.6,356070,1442.43,1534.85,150,1539.4,210,704670
2026-04-10T09:34:45.816,NF,BANKNIFTY28APR2655000CE,1530.0,1555.55,1588.0,1241.7,1182.6,356220,1442.47,1526.8,270,1533.15,210,704670
2026-04-10T09:34:48.219,NF,BANKNIFTY28APR2655000CE,1529.65,1555.55,1588.0,1241.7,1182.6,356460,1442.53,1528.95,180,1533.65,180,704670
2026-04-10T09:34:49.424,NF,BANKNIFTY28APR2655000CE,1525.75,1555.55,1588.0,1241.7,1182.6,356580,1442.56,1527.8,60,1532.85,180,704670
2026-04-10T09:34:50.634,NF,BANKNIFTY28APR2655000CE,1532.2,1555.55,1588.0,1241.7,1182.6,356610,1442.56,1527.35,30,1531.6,210,704670
2026-04-10T09:34:52.023,NF,BANKNIFTY28APR2655000CE,1529.65,1555.55,1588.0,1241.7,1182.6,356640,1442.57,1525.8,180,1530.45,210,704670
2026-04-10T09:34:53.234,NF,BANKNIFTY28APR2655000CE,1529.6,1555.55,1588.0,1241.7,1182.6,356700,1442.59,1526.4,30,1529.15,240,704670
2026-04-10T09:34:54.428,NF,BANKNIFTY28APR2655000CE,1526.4,1555.55,1588.0,1241.7,1182.6,356730,1442.59,1522.9,30,1527.25,210,704670
2026-04-10T09:34:55.629,NF,BANKNIFTY28APR2655000CE,1525.4,1555.55,1588.0,1241.7,1182.6,356820,1442.61,1522.9,30,1524.4,30,704670
2026-04-10T09:34:56.838,NF,BANKNIFTY28APR2655000CE,1520.0,1555.55,1588.0,1241.7,1182.6,357090,1442.67,1520.05,30,1522.45,180,704670
2026-04-10T09:34:58.238,NF,BANKNIFTY28APR2655000CE,1520.0,1555.55,1588.0,1241.7,1182.6,357150,1442.69,1517.65,30,1520.5,30,704670
2026-04-10T09:35:00.642,NF,BANKNIFTY28APR2655000CE,1519.65,1555.55,1588.0,1241.7,1182.6,357240,1442.7,1515.65,180,1519.7,210,704670
2026-04-10T09:35:01.852,NF,BANKNIFTY28APR2655000CE,1521.1,1555.55,1588.0,1241.7,1182.6,357360,1442.73,1519.45,30,1523.7,330,704670
2026-04-10T09:35:03.236,NF,BANKNIFTY28APR2655000CE,1520.0,1555.55,1588.0,1241.7,1182.6,357540,1442.77,1519.0,30,1522.45,180,704670
2026-04-10T09:35:04.448,NF,BANKNIFTY28APR2655000CE,1522.55,1555.55,1588.0,1241.7,1182.6,358170,1442.91,1517.35,30,1522.15,30,704670
2026-04-10T09:35:05.647,NF,BANKNIFTY28APR2655000CE,1520.0,1555.55,1588.0,1241.7,1182.6,358350,1442.95,1518.7,180,1522.0,90,704670
2026-04-10T09:35:06.853,NF,BANKNIFTY28APR2655000CE,1521.6,1555.55,1588.0,1241.7,1182.6,358440,1442.97,1518.3,30,1521.15,780,704670
2026-04-10T09:35:08.248,NF,BANKNIFTY28APR2655000CE,1513.35,1555.55,1588.0,1241.7,1182.6,359250,1443.13,1513.65,210,1517.7,180,704670
2026-04-10T09:35:10.646,NF,BANKNIFTY28APR2655000CE,1520.0,1555.55,1588.0,1241.7,1182.6,359340,1443.15,1518.8,30,1521.6,60,704670
2026-04-10T09:35:11.849,NF,BANKNIFTY28APR2655000CE,1518.6,1555.55,1588.0,1241.7,1182.6,359490,1443.18,1518.15,180,1521.6,30,704670
2026-04-10T09:35:13.059,NF,BANKNIFTY28APR2655000CE,1522.25,1555.55,1588.0,1241.7,1182.6,359670,1443.22,1522.5,30,1526.0,30,704670
2026-04-10T09:35:14.259,NF,BANKNIFTY28APR2655000CE,1532.45,1555.55,1588.0,1241.7,1182.6,362370,1443.86,1524.75,180,1530.9,30,704670
2026-04-10T09:35:15.479,NF,BANKNIFTY28APR2655000CE,1526.05,1555.55,1588.0,1241.7,1182.6,362730,1443.94,1525.4,180,1529.05,30,704670
2026-04-10T09:35:16.855,NF,BANKNIFTY28APR2655000CE,1530.05,1555.55,1588.0,1241.7,1182.6,362760,1443.95,1525.7,180,1529.95,120,704670
2026-04-10T09:35:19.270,NF,BANKNIFTY28APR2655000CE,1525.4,1555.55,1588.0,1241.7,1182.6,362850,1443.97,1523.65,30,1527.55,30,704670
2026-04-10T09:35:21.867,NF,BANKNIFTY28APR2655000CE,1525.0,1555.55,1588.0,1241.7,1182.6,363000,1444.01,1522.6,30,1526.05,120,704670
2026-04-10T09:35:23.072,NF,BANKNIFTY28APR2655000CE,1525.7,1555.55,1588.0,1241.7,1182.6,363030,1444.01,1522.3,180,1525.05,30,704670
2026-04-10T09:35:24.279,NF,BANKNIFTY28APR2655000CE,1522.0,1555.55,1588.0,1241.7,1182.6,363240,1444.06,1520.0,750,1523.35,240,704670
2026-04-10T09:35:26.881,NF,BANKNIFTY28APR2655000CE,1520.0,1555.55,1588.0,1241.7,1182.6,364020,1444.22,1515.05,30,1517.55,120,704670
2026-04-10T09:35:29.280,NF,BANKNIFTY28APR2655000CE,1513.0,1555.55,1588.0,1241.7,1182.6,364140,1444.24,1509.15,30,1513.0,30,704670
2026-04-10T09:35:30.502,NF,BANKNIFTY28APR2655000CE,1511.2,1555.55,1588.0,1241.7,1182.6,364230,1444.26,1509.2,30,1512.65,60,704670
2026-04-10T09:35:31.689,NF,BANKNIFTY28APR2655000CE,1509.1,1555.55,1588.0,1241.7,1182.6,364440,1444.3,1504.3,180,1508.85,30,704670
2026-04-10T09:35:33.091,NF,BANKNIFTY28APR2655000CE,1501.85,1555.55,1588.0,1241.7,1182.6,364530,1444.31,1501.0,30,1504.25,60,704670
2026-04-10T09:35:34.291,NF,BANKNIFTY28APR2655000CE,1501.05,1555.55,1588.0,1241.7,1182.6,364560,1444.32,1501.0,30,1504.25,630,704670
2026-04-10T09:35:35.483,NF,BANKNIFTY28APR2655000CE,1501.85,1555.55,1588.0,1241.7,1182.6,364590,1444.32,1503.65,180,1506.55,60,704670
2026-04-10T09:35:38.111,NF,BANKNIFTY28APR2655000CE,1507.0,1555.55,1588.0,1241.7,1182.6,364770,1444.35,1504.5,30,1508.6,30,704670
2026-04-10T09:35:40.495,NF,BANKNIFTY28APR2655000CE,1502.2,1555.55,1588.0,1241.7,1182.6,364830,1444.36,1501.0,30,1504.2,240,704670
2026-04-10T09:35:41.718,NF,BANKNIFTY28APR2655000CE,1504.9,1555.55,1588.0,1241.7,1182.6,364920,1444.38,1501.15,30,1504.9,120,704670
2026-04-10T09:35:43.090,NF,BANKNIFTY28APR2655000CE,1500.25,1555.55,1588.0,1241.7,1182.6,365400,1444.45,1500.05,210,1504.1,120,704670
2026-04-10T09:35:44.294,NF,BANKNIFTY28APR2655000CE,1500.15,1555.55,1588.0,1241.7,1182.6,365520,1444.47,1500.05,180,1504.0,180,704670
2026-04-10T09:35:46.768,NF,BANKNIFTY28APR2655000CE,1498.0,1555.55,1588.0,1241.7,1182.6,366060,1444.55,1490.0,30,1493.7,30,704670
2026-04-10T09:35:48.140,NF,BANKNIFTY28APR2655000CE,1491.95,1555.55,1588.0,1241.7,1182.6,366270,1444.58,1488.0,30,1491.95,30,704670
2026-04-10T09:35:49.310,NF,BANKNIFTY28APR2655000CE,1492.1,1555.55,1588.0,1241.7,1182.6,366390,1444.59,1491.7,210,1496.15,180,704670
2026-04-10T09:35:50.317,NF,BANKNIFTY28APR2655000CE,1494.4,1555.55,1588.0,1241.7,1182.6,366420,1444.6,1495.0,180,1499.25,180,704670
2026-04-10T09:35:51.512,NF,BANKNIFTY28APR2655000CE,1495.55,1555.55,1588.0,1241.7,1182.6,366510,1444.61,1490.2,210,1494.95,150,704670
2026-04-10T09:35:52.714,NF,BANKNIFTY28APR2655000CE,1495.05,1555.55,1588.0,1241.7,1182.6,366540,1444.61,1490.0,30,1494.05,150,704670
2026-04-10T09:35:55.115,NF,BANKNIFTY28APR2655000CE,1494.6,1555.55,1588.0,1241.7,1182.6,366600,1444.62,1490.15,30,1494.25,120,704670
2026-04-10T09:35:56.509,NF,BANKNIFTY28APR2655000CE,1490.3,1555.55,1588.0,1241.7,1182.6,366630,1444.63,1490.0,120,1494.3,180,704670
2026-04-10T09:35:58.915,NF,BANKNIFTY28APR2655000CE,1498.2,1555.55,1588.0,1241.7,1182.6,367080,1444.69,1494.5,210,1498.25,330,704670
2026-04-10T09:36:00.122,NF,BANKNIFTY28APR2655000CE,1492.35,1555.55,1588.0,1241.7,1182.6,367110,1444.69,1490.0,120,1493.9,180,704670
2026-04-10T09:36:01.556,NF,BANKNIFTY28APR2655000CE,1490.25,1555.55,1588.0,1241.7,1182.6,367140,1444.69,1491.15,180,1496.0,180,704670
2026-04-10T09:36:02.726,NF,BANKNIFTY28APR2655000CE,1498.9,1555.55,1588.0,1241.7,1182.6,367170,1444.7,1496.5,30,1500.0,90,704670
2026-04-10T09:36:03.923,NF,BANKNIFTY28APR2655000CE,1497.65,1555.55,1588.0,1241.7,1182.6,367440,1444.74,1497.75,60,1500.0,60,704670
2026-04-10T09:36:05.135,NF,BANKNIFTY28APR2655000CE,1500.0,1555.55,1588.0,1241.7,1182.6,367500,1444.75,1497.25,30,1502.1,180,704670
2026-04-10T09:36:06.568,NF,BANKNIFTY28APR2655000CE,1501.2,1555.55,1588.0,1241.7,1182.6,367530,1444.75,1496.1,120,1500.6,210,704670
2026-04-10T09:36:07.742,NF,BANKNIFTY28APR2655000CE,1495.75,1555.55,1588.0,1241.7,1182.6,367680,1444.77,1495.35,60,1499.9,180,704670
2026-04-10T09:36:08.931,NF,BANKNIFTY28APR2655000CE,1495.8,1555.55,1588.0,1241.7,1182.6,367740,1444.78,1495.75,60,1499.95,180,704670
2026-04-10T09:36:10.130,NF,BANKNIFTY28APR2655000CE,1499.45,1555.55,1588.0,1241.7,1182.6,367800,1444.79,1496.2,30,1500.95,180,704670
2026-04-10T09:36:16.567,NF,BANKNIFTY28APR2655000CE,1502.6,1555.55,1588.0,1241.7,1182.6,369840,1445.11,1499.75,30,1502.6,180,704670
2026-04-10T09:36:17.746,NF,BANKNIFTY28APR2655000CE,1499.45,1555.55,1588.0,1241.7,1182.6,369900,1445.12,1497.25,30,1500.55,180,704670
2026-04-10T09:36:18.947,NF,BANKNIFTY28APR2655000CE,1499.9,1555.55,1588.0,1241.7,1182.6,370020,1445.13,1497.25,30,1499.95,210,704670
2026-04-10T09:36:20.151,NF,BANKNIFTY28APR2655000CE,1495.35,1555.55,1588.0,1241.7,1182.6,370320,1445.18,1490.55,210,1495.45,180,704670
2026-04-10T09:36:22.746,NF,BANKNIFTY28APR2655000CE,1492.85,1555.55,1588.0,1241.7,1182.6,370410,1445.19,1493.8,180,1496.55,60,704670
2026-04-10T09:36:23.947,NF,BANKNIFTY28APR2655000CE,1498.55,1555.55,1588.0,1241.7,1182.6,370500,1445.2,1494.75,210,1499.15,90,704670
2026-04-10T09:36:25.171,NF,BANKNIFTY28APR2655000CE,1499.2,1555.55,1588.0,1241.7,1182.6,370530,1445.2,1495.5,210,1499.4,180,704670
2026-04-10T09:36:26.554,NF,BANKNIFTY28APR2655000CE,1492.65,1555.55,1588.0,1241.7,1182.6,370620,1445.22,1490.15,60,1494.4,60,704670
2026-04-10T09:36:27.755,NF,BANKNIFTY28APR2655000CE,1490.0,1555.55,1588.0,1241.7,1182.6,370800,1445.24,1490.15,180,1494.25,210,704670
2026-04-10T09:36:30.157,NF,BANKNIFTY28APR2655000CE,1490.05,1555.55,1588.0,1241.7,1182.6,370830,1445.24,1490.0,60,1492.15,210,704670
2026-04-10T09:36:31.568,NF,BANKNIFTY28APR2655000CE,1492.05,1555.55,1588.0,1241.7,1182.6,370890,1445.25,1490.05,30,1492.0,180,704670
2026-04-10T09:36:32.756,NF,BANKNIFTY28APR2655000CE,1490.05,1555.55,1588.0,1241.7,1182.6,370920,1445.25,1492.15,300,1493.4,60,704670
2026-04-10T09:36:33.966,NF,BANKNIFTY28APR2655000CE,1493.5,1555.55,1588.0,1241.7,1182.6,371040,1445.27,1492.15,300,1495.8,30,704670
2026-04-10T09:36:35.169,NF,BANKNIFTY28APR2655000CE,1496.05,1555.55,1588.0,1241.7,1182.6,371070,1445.27,1493.5,60,1496.1,150,704670
2026-04-10T09:36:36.363,NF,BANKNIFTY28APR2655000CE,1494.75,1555.55,1588.0,1241.7,1182.6,371190,1445.29,1492.15,300,1495.3,120,704670
2026-04-10T09:36:37.763,NF,BANKNIFTY28APR2655000CE,1490.0,1555.55,1588.0,1241.7,1182.6,371610,1445.34,1487.75,180,1492.75,30,704670
2026-04-10T09:36:38.978,NF,BANKNIFTY28APR2655000CE,1490.0,1555.55,1588.0,1241.7,1182.6,371670,1445.35,1485.8,180,1490.55,90,704670
2026-04-10T09:36:41.370,NF,BANKNIFTY28APR2655000CE,1482.25,1555.55,1588.0,1241.7,1182.6,371820,1445.36,1484.0,60,1486.85,90,704670
2026-04-10T09:36:46.391,NF,BANKNIFTY28APR2655000CE,1482.75,1555.55,1588.0,1241.7,1182.6,372180,1445.4,1483.4,210,1487.55,240,704670
2026-04-10T09:36:47.783,NF,BANKNIFTY28APR2655000CE,1487.65,1555.55,1588.0,1241.7,1182.6,372210,1445.41,1486.45,30,1490.95,270,704670
2026-04-10T09:36:50.182,NF,BANKNIFTY28APR2655000CE,1487.6,1555.55,1588.0,1241.7,1182.6,372390,1445.43,1485.1,30,1487.65,240,704670
2026-04-10T09:36:53.987,NF,BANKNIFTY28APR2655000CE,1492.6,1555.55,1588.0,1241.7,1182.6,372570,1445.45,1489.5,180,1494.5,30,704670
2026-04-10T09:36:55.190,NF,BANKNIFTY28APR2655000CE,1492.5,1555.55,1588.0,1241.7,1182.6,372600,1445.45,1489.05,60,1492.65,30,704670
2026-04-10T09:37:07.603,NF,BANKNIFTY28APR2655000CE,1496.05,1555.55,1588.0,1241.7,1182.6,372630,1445.46,1491.6,180,1495.85,810,704670
2026-04-10T09:37:11.411,NF,BANKNIFTY28APR2655000CE,1499.6,1555.55,1588.0,1241.7,1182.6,372660,1445.46,1496.3,330,1500.0,210,704670
2026-04-10T09:37:12.616,NF,BANKNIFTY28APR2655000CE,1500.0,1555.55,1588.0,1241.7,1182.6,372870,1445.49,1498.2,180,1501.85,30,705690
2026-04-10T09:37:13.838,NF,BANKNIFTY28APR2655000CE,1497.9,1555.55,1588.0,1241.7,1182.6,372900,1445.5,1496.5,210,1500.1,90,705690
2026-04-10T09:37:15.016,NF,BANKNIFTY28APR2655000CE,1502.0,1555.55,1588.0,1241.7,1182.6,372960,1445.51,1501.4,120,1504.95,30,705690
2026-04-10T09:37:16.414,NF,BANKNIFTY28APR2655000CE,1501.0,1555.55,1588.0,1241.7,1182.6,373050,1445.52,1500.2,30,1503.1,90,705690
2026-04-10T09:37:17.636,NF,BANKNIFTY28APR2655000CE,1506.3,1555.55,1588.0,1241.7,1182.6,374280,1445.72,1501.2,180,1506.3,270,705690
2026-04-10T09:37:20.040,NF,BANKNIFTY28APR2655000CE,1496.75,1555.55,1588.0,1241.7,1182.6,374700,1445.77,1489.65,180,1495.65,150,705690
2026-04-10T09:37:21.441,NF,BANKNIFTY28APR2655000CE,1495.45,1555.55,1588.0,1241.7,1182.6,374760,1445.78,1490.65,210,1495.05,120,705690
2026-04-10T09:37:23.831,NF,BANKNIFTY28APR2655000CE,1505.65,1555.55,1588.0,1241.7,1182.6,375480,1445.89,1500.75,210,1505.3,180,705690
2026-04-10T09:37:25.036,NF,BANKNIFTY28APR2655000CE,1499.95,1555.55,1588.0,1241.7,1182.6,375510,1445.9,1500.7,210,1505.35,210,705690
2026-04-10T09:37:26.432,NF,BANKNIFTY28APR2655000CE,1500.45,1555.55,1588.0,1241.7,1182.6,375570,1445.91,1497.85,210,1502.25,30,705690
2026-04-10T09:37:30.035,NF,BANKNIFTY28APR2655000CE,1496.6,1555.55,1588.0,1241.7,1182.6,375600,1445.91,1492.55,210,1497.6,120,705690
2026-04-10T09:37:36.441,NF,BANKNIFTY28APR2655000CE,1491.9,1555.55,1588.0,1241.7,1182.6,376470,1446.02,1492.2,300,1496.45,240,705690
2026-04-10T09:37:41.448,NF,BANKNIFTY28APR2655000CE,1499.35,1555.55,1588.0,1241.7,1182.6,376560,1446.03,1495.0,180,1500.15,180,705690
2026-04-10T09:37:43.854,NF,BANKNIFTY28APR2655000CE,1495.5,1555.55,1588.0,1241.7,1182.6,376590,1446.03,1492.25,210,1497.15,240,705690
2026-04-10T09:37:47.663,NF,BANKNIFTY28APR2655000CE,1496.85,1555.55,1588.0,1241.7,1182.6,376680,1446.04,1497.0,90,1501.3,180,705690
2026-04-10T09:37:48.877,NF,BANKNIFTY28APR2655000CE,1500.9,1555.55,1588.0,1241.7,1182.6,376710,1446.05,1499.3,150,1503.75,240,705690
2026-04-10T09:37:53.862,NF,BANKNIFTY28APR2655000CE,1497.7,1555.55,1588.0,1241.7,1182.6,376740,1446.05,1491.05,30,1493.85,240,705690
2026-04-10T09:37:55.084,NF,BANKNIFTY28APR2655000CE,1496.45,1555.55,1588.0,1241.7,1182.6,376830,1446.06,1491.05,210,1495.4,240,705690
2026-04-10T09:37:58.870,NF,BANKNIFTY28APR2655000CE,1495.35,1555.55,1588.0,1241.7,1182.6,376890,1446.07,1492.3,300,1496.7,330,705690
2026-04-10T09:38:00.071,NF,BANKNIFTY28APR2655000CE,1498.55,1555.55,1588.0,1241.7,1182.6,377040,1446.09,1493.7,210,1497.65,330,705690
2026-04-10T09:38:01.274,NF,BANKNIFTY28APR2655000CE,1497.7,1555.55,1588.0,1241.7,1182.6,377100,1446.1,1495.55,180,1501.8,120,705690
2026-04-10T09:38:06.303,NF,BANKNIFTY28APR2655000CE,1497.7,1555.55,1588.0,1241.7,1182.6,377280,1446.13,1498.05,210,1499.7,60,705690
2026-04-10T09:38:08.912,NF,BANKNIFTY28APR2655000CE,1502.9,1555.55,1588.0,1241.7,1182.6,377430,1446.15,1502.8,180,1505.45,90,705690
2026-04-10T09:38:10.099,NF,BANKNIFTY28APR2655000CE,1510.0,1555.55,1588.0,1241.7,1182.6,377760,1446.2,1509.8,90,1514.3,240,705690
2026-04-10T09:38:11.307,NF,BANKNIFTY28APR2655000CE,1500.9,1555.55,1588.0,1241.7,1182.6,377790,1446.21,1496.25,210,1500.4,180,705690
2026-04-10T09:38:12.490,NF,BANKNIFTY28APR2655000CE,1499.5,1555.55,1588.0,1241.7,1182.6,377820,1446.21,1496.25,180,1499.05,30,705690
2026-04-10T09:38:13.890,NF,BANKNIFTY28APR2655000CE,1500.05,1555.55,1588.0,1241.7,1182.6,378000,1446.24,1496.2,480,1498.9,120,705690
2026-04-10T09:38:15.113,NF,BANKNIFTY28APR2655000CE,1496.2,1555.55,1588.0,1241.7,1182.6,378210,1446.27,1496.2,300,1498.45,60,705690
2026-04-10T09:38:16.311,NF,BANKNIFTY28APR2655000CE,1501.05,1555.55,1588.0,1241.7,1182.6,378240,1446.27,1497.7,210,1502.75,240,705690
2026-04-10T09:38:17.502,NF,BANKNIFTY28APR2655000CE,1506.65,1555.55,1588.0,1241.7,1182.6,378450,1446.3,1502.2,210,1507.35,90,705690
2026-04-10T09:38:20.101,NF,BANKNIFTY28APR2655000CE,1505.0,1555.55,1588.0,1241.7,1182.6,378540,1446.32,1500.55,30,1506.3,60,705690
2026-04-10T09:38:22.504,NF,BANKNIFTY28APR2655000CE,1507.1,1555.55,1588.0,1241.7,1182.6,378570,1446.32,1503.7,210,1508.5,90,705690
2026-04-10T09:38:25.108,NF,BANKNIFTY28APR2655000CE,1505.65,1555.55,1588.0,1241.7,1182.6,378600,1446.33,1501.3,180,1505.75,120,705690
2026-04-10T09:38:27.510,NF,BANKNIFTY28APR2655000CE,1503.3,1555.55,1588.0,1241.7,1182.6,378660,1446.34,1501.95,270,1507.65,30,705690
2026-04-10T09:38:30.135,NF,BANKNIFTY28APR2655000CE,1510.25,1555.55,1588.0,1241.7,1182.6,378780,1446.36,1504.3,180,1510.15,120,705690
2026-04-10T09:38:31.331,NF,BANKNIFTY28APR2655000CE,1509.0,1555.55,1588.0,1241.7,1182.6,379380,1446.46,1504.75,210,1509.7,90,705690
2026-04-10T09:38:32.517,NF,BANKNIFTY28APR2655000CE,1506.05,1555.55,1588.0,1241.7,1182.6,379440,1446.47,1506.1,180,1510.55,60,705690
2026-04-10T09:38:35.129,NF,BANKNIFTY28APR2655000CE,1510.2,1555.55,1588.0,1241.7,1182.6,379500,1446.48,1505.5,180,1510.2,30,705690
2026-04-10T09:38:37.572,NF,BANKNIFTY28APR2655000CE,1508.65,1555.55,1588.0,1241.7,1182.6,379560,1446.49,1504.05,210,1509.25,30,705690
2026-04-10T09:38:38.758,NF,BANKNIFTY28APR2655000CE,1509.25,1555.55,1588.0,1241.7,1182.6,379590,1446.49,1504.75,300,1509.0,180,705690
2026-04-10T09:38:42.564,NF,BANKNIFTY28APR2655000CE,1496.2,1555.55,1588.0,1241.7,1182.6,380070,1446.56,1495.05,60,1498.75,60,705690
2026-04-10T09:38:54.955,NF,BANKNIFTY28APR2655000CE,1511.65,1555.55,1588.0,1241.7,1182.6,380100,1446.56,1510.55,330,1514.95,90,705690
2026-04-10T09:38:56.377,NF,BANKNIFTY28APR2655000CE,1510.75,1555.55,1588.0,1241.7,1182.6,380160,1446.57,1510.4,330,1514.9,90,705690
2026-04-10T09:39:04.966,NF,BANKNIFTY28APR2655000CE,1512.2,1555.55,1588.0,1241.7,1182.6,380190,1446.58,1510.75,30,1513.15,90,705690
2026-04-10T09:39:07.382,NF,BANKNIFTY28APR2655000CE,1510.75,1555.55,1588.0,1241.7,1182.6,380220,1446.58,1509.25,90,1511.6,150,705690
2026-04-10T09:39:08.820,NF,BANKNIFTY28APR2655000CE,1509.25,1555.55,1588.0,1241.7,1182.6,380310,1446.6,1506.5,180,1510.75,150,705690
2026-04-10T09:39:11.182,NF,BANKNIFTY28APR2655000CE,1508.15,1555.55,1588.0,1241.7,1182.6,380400,1446.61,1503.75,210,1507.55,60,705690
2026-04-10T09:39:14.990,NF,BANKNIFTY28APR2655000CE,1517.05,1555.55,1588.0,1241.7,1182.6,381000,1446.71,1512.25,30,1517.75,30,705690
2026-04-10T09:39:18.609,NF,BANKNIFTY28APR2655000CE,1523.25,1555.55,1588.0,1241.7,1182.6,381210,1446.75,1520.5,180,1524.35,120,705690
2026-04-10T09:39:19.996,NF,BANKNIFTY28APR2655000CE,1523.75,1555.55,1588.0,1241.7,1182.6,381270,1446.76,1519.4,210,1523.35,180,705690
2026-04-10T09:39:23.605,NF,BANKNIFTY28APR2655000CE,1525.0,1555.55,1588.0,1241.7,1182.6,381300,1446.77,1522.85,60,1525.3,150,705690
2026-04-10T09:39:26.197,NF,BANKNIFTY28APR2655000CE,1524.0,1555.55,1588.0,1241.7,1182.6,381450,1446.8,1524.1,180,1525.3,120,705690
2026-04-10T09:39:27.397,NF,BANKNIFTY28APR2655000CE,1527.4,1555.55,1588.0,1241.7,1182.6,381600,1446.83,1527.3,120,1529.7,60,705690
2026-04-10T09:39:28.610,NF,BANKNIFTY28APR2655000CE,1530.0,1555.55,1588.0,1241.7,1182.6,381750,1446.86,1527.75,30,1532.5,60,705690
2026-04-10T09:39:32.412,NF,BANKNIFTY28APR2655000CE,1530.0,1555.55,1588.0,1241.7,1182.6,381780,1446.87,1522.75,30,1528.3,30,705690
2026-04-10T09:39:33.613,NF,BANKNIFTY28APR2655000CE,1523.95,1555.55,1588.0,1241.7,1182.6,381960,1446.9,1525.45,90,1530.55,120,705690
2026-04-10T09:39:36.218,NF,BANKNIFTY28APR2655000CE,1523.85,1555.55,1588.0,1241.7,1182.6,382170,1446.95,1523.6,30,1530.25,120,705690
2026-04-10T09:39:37.413,NF,BANKNIFTY28APR2655000CE,1524.7,1555.55,1588.0,1241.7,1182.6,382200,1446.95,1525.9,90,1530.55,120,705690
2026-04-10T09:39:38.620,NF,BANKNIFTY28APR2655000CE,1532.0,1555.55,1588.0,1241.7,1182.6,382320,1446.98,1529.85,30,1534.7,120,705690
2026-04-10T09:39:41.222,NF,BANKNIFTY28APR2655000CE,1534.0,1555.55,1588.0,1241.7,1182.6,382380,1446.99,1529.5,210,1533.75,120,705690
2026-04-10T09:39:42.432,NF,BANKNIFTY28APR2655000CE,1529.5,1555.55,1588.0,1241.7,1182.6,382410,1447.0,1529.5,180,1531.95,120,705690
2026-04-10T09:39:43.646,NF,BANKNIFTY28APR2655000CE,1530.0,1555.55,1588.0,1241.7,1182.6,382440,1447.01,1529.5,180,1532.2,150,705690
2026-04-10T09:39:44.829,NF,BANKNIFTY28APR2655000CE,1532.25,1555.55,1588.0,1241.7,1182.6,382470,1447.01,1529.5,210,1532.3,120,705690
2026-04-10T09:39:46.251,NF,BANKNIFTY28APR2655000CE,1529.5,1555.55,1588.0,1241.7,1182.6,382680,1447.06,1530.0,30,1532.45,150,705690
2026-04-10T09:39:47.433,NF,BANKNIFTY28APR2655000CE,1530.0,1555.55,1588.0,1241.7,1182.6,382740,1447.07,1528.65,90,1533.65,150,705690
2026-04-10T09:39:49.835,NF,BANKNIFTY28APR2655000CE,1530.65,1555.55,1588.0,1241.7,1182.6,382770,1447.08,1527.3,120,1532.1,30,705690
2026-04-10T09:39:51.237,NF,BANKNIFTY28APR2655000CE,1534.0,1555.55,1588.0,1241.7,1182.6,382860,1447.1,1528.5,30,1534.75,30,705690
2026-04-10T09:39:58.657,NF,BANKNIFTY28APR2655000CE,1530.65,1555.55,1588.0,1241.7,1182.6,382890,1447.1,1525.55,30,1530.75,30,705690
2026-04-10T09:40:01.053,NF,BANKNIFTY28APR2655000CE,1532.45,1555.55,1588.0,1241.7,1182.6,382920,1447.11,1529.0,90,1532.25,30,705690
2026-04-10T09:40:03.655,NF,BANKNIFTY28APR2655000CE,1529.0,1555.55,1588.0,1241.7,1182.6,383010,1447.13,1526.2,120,1529.85,90,705690
2026-04-10T09:40:06.073,NF,BANKNIFTY28APR2655000CE,1535.0,1555.55,1588.0,1241.7,1182.6,383220,1447.18,1535.05,60,1539.7,150,705690
2026-04-10T09:40:07.489,NF,BANKNIFTY28APR2655000CE,1543.15,1555.55,1588.0,1241.7,1182.6,383490,1447.24,1537.45,30,1543.15,30,705690
2026-04-10T09:40:11.071,NF,BANKNIFTY28APR2655000CE,1545.8,1555.55,1588.0,1241.7,1182.6,383910,1447.34,1543.6,180,1549.0,150,704040
2026-04-10T09:40:12.470,NF,BANKNIFTY28APR2655000CE,1544.65,1555.55,1588.0,1241.7,1182.6,384090,1447.39,1544.85,90,1549.0,30,704040
2026-04-10T09:40:13.686,NF,BANKNIFTY28APR2655000CE,1543.95,1555.55,1588.0,1241.7,1182.6,384180,1447.41,1543.9,120,1548.7,60,704040
2026-04-10T09:40:16.073,NF,BANKNIFTY28APR2655000CE,1551.6,1555.55,1588.0,1241.7,1182.6,384990,1447.63,1546.8,30,1552.9,180,704040
2026-04-10T09:40:18.685,NF,BANKNIFTY28APR2655000CE,1544.3,1555.55,1588.0,1241.7,1182.6,385200,1447.68,1538.65,60,1544.0,30,704040
2026-04-10T09:40:21.092,NF,BANKNIFTY28APR2655000CE,1549.8,1555.55,1588.0,1241.7,1182.6,385440,1447.74,1542.25,180,1547.95,90,704040
2026-04-10T09:40:24.899,NF,BANKNIFTY28APR2655000CE,1541.0,1555.55,1588.0,1241.7,1182.6,386010,1447.89,1542.45,150,1547.5,210,704040
2026-04-10T09:40:26.131,NF,BANKNIFTY28APR2655000CE,1545.5,1555.55,1588.0,1241.7,1182.6,386310,1447.96,1539.95,90,1545.35,120,704040
2026-04-10T09:40:28.717,NF,BANKNIFTY28APR2655000CE,1539.3,1555.55,1588.0,1241.7,1182.6,386340,1447.97,1539.05,60,1543.85,150,704040
2026-04-10T09:40:31.138,NF,BANKNIFTY28APR2655000CE,1538.45,1555.55,1588.0,1241.7,1182.6,386490,1448.0,1538.0,30,1543.15,120,704040
2026-04-10T09:40:33.498,NF,BANKNIFTY28APR2655000CE,1546.95,1555.55,1588.0,1241.7,1182.6,386700,1448.06,1540.5,120,1545.05,60,704040
2026-04-10T09:40:36.101,NF,BANKNIFTY28APR2655000CE,1545.3,1555.55,1588.0,1241.7,1182.6,386730,1448.06,1544.5,60,1549.55,60,704040
2026-04-10T09:40:37.319,NF,BANKNIFTY28APR2655000CE,1542.95,1555.55,1588.0,1241.7,1182.6,386880,1448.1,1541.85,90,1547.4,60,704040
2026-04-10T09:40:38.505,NF,BANKNIFTY28APR2655000CE,1541.3,1555.55,1588.0,1241.7,1182.6,386910,1448.11,1540.8,120,1545.5,30,704040
2026-04-10T09:40:41.105,NF,BANKNIFTY28APR2655000CE,1540.4,1555.55,1588.0,1241.7,1182.6,387450,1448.24,1541.65,60,1546.35,60,704040
2026-04-10T09:40:42.110,NF,BANKNIFTY28APR2655000CE,1540.8,1555.55,1588.0,1241.7,1182.6,387630,1448.28,1541.25,330,1546.15,60,704040
2026-04-10T09:40:43.312,NF,BANKNIFTY28APR2655000CE,1541.5,1555.55,1588.0,1241.7,1182.6,387780,1448.32,1541.95,150,1545.9,30,704040
2026-04-10T09:40:44.517,NF,BANKNIFTY28APR2655000CE,1543.5,1555.55,1588.0,1241.7,1182.6,388500,1448.49,1543.5,150,1544.25,60,704040
2026-04-10T09:40:47.116,NF,BANKNIFTY28APR2655000CE,1541.95,1555.55,1588.0,1241.7,1182.6,388920,1448.59,1543.0,30,1545.7,150,704040
2026-04-10T09:40:48.324,NF,BANKNIFTY28APR2655000CE,1546.0,1555.55,1588.0,1241.7,1182.6,389010,1448.62,1546.0,30,1548.0,510,704040
2026-04-10T09:40:49.522,NF,BANKNIFTY28APR2655000CE,1543.0,1555.55,1588.0,1241.7,1182.6,389310,1448.69,1543.0,30,1544.9,30,704040
2026-04-10T09:40:50.720,NF,BANKNIFTY28APR2655000CE,1541.0,1555.55,1588.0,1241.7,1182.6,389460,1448.73,1535.85,120,1541.35,60,704040
2026-04-10T09:40:55.729,NF,BANKNIFTY28APR2655000CE,1535.1,1555.55,1588.0,1241.7,1182.6,389610,1448.76,1535.0,60,1538.85,30,704040
2026-04-10T09:40:58.139,NF,BANKNIFTY28APR2655000CE,1540.0,1555.55,1588.0,1241.7,1182.6,389700,1448.78,1536.9,60,1541.3,60,704040
2026-04-10T09:41:00.737,NF,BANKNIFTY28APR2655000CE,1538.25,1555.55,1588.0,1241.7,1182.6,389790,1448.8,1538.25,120,1542.1,60,704040
2026-04-10T09:41:01.945,NF,BANKNIFTY28APR2655000CE,1545.7,1555.55,1588.0,1241.7,1182.6,389910,1448.83,1542.1,30,1545.9,30,704040
2026-04-10T09:41:05.558,NF,BANKNIFTY28APR2655000CE,1539.5,1555.55,1588.0,1241.7,1182.6,390000,1448.85,1536.5,30,1541.95,120,704040
2026-04-10T09:41:09.190,NF,BANKNIFTY28APR2655000CE,1546.9,1555.55,1588.0,1241.7,1182.6,390120,1448.88,1540.4,90,1545.85,150,704040
2026-04-10T09:41:10.367,NF,BANKNIFTY28APR2655000CE,1540.9,1555.55,1588.0,1241.7,1182.6,390150,1448.89,1545.1,30,1548.0,480,704040
2026-04-10T09:41:11.583,NF,BANKNIFTY28APR2655000CE,1551.6,1555.55,1588.0,1241.7,1182.6,391860,1449.33,1550.0,60,1551.6,5190,704040
2026-04-10T09:41:12.953,NF,BANKNIFTY28APR2655000CE,1551.6,1555.55,1588.0,1241.7,1182.6,391890,1449.33,1548.45,120,1551.6,5160,704040
2026-04-10T09:41:14.155,NF,BANKNIFTY28APR2655000CE,1555.0,1555.55,1588.0,1241.7,1182.6,397140,1450.69,1551.75,30,1555.0,180,704040
2026-04-10T09:41:15.357,NF,BANKNIFTY28APR2655000CE,1555.0,1555.55,1588.0,1241.7,1182.6,397170,1450.7,1551.6,30,1554.8,120,704040
2026-04-10T09:41:16.574,NF,BANKNIFTY28APR2655000CE,1553.35,1555.55,1588.0,1241.7,1182.6,397380,1450.75,1547.1,30,1551.95,390,704040
2026-04-10T09:41:17.763,NF,BANKNIFTY28APR2655000CE,1551.6,1555.55,1588.0,1241.7,1182.6,397410,1450.76,1547.95,30,1553.55,30,704040
2026-04-10T09:41:18.965,NF,BANKNIFTY28APR2655000CE,1547.75,1555.55,1588.0,1241.7,1182.6,397500,1450.78,1548.45,30,1551.7,390,704040
2026-04-10T09:41:21.583,NF,BANKNIFTY28APR2655000CE,1548.7,1555.55,1588.0,1241.7,1182.6,397830,1450.86,1548.7,30,1549.9,90,704040
2026-04-10T09:41:22.778,NF,BANKNIFTY28APR2655000CE,1543.0,1555.55,1588.0,1241.7,1182.6,398040,1450.91,1537.5,120,1543.4,30,704040
2026-04-10T09:41:25.176,NF,BANKNIFTY28APR2655000CE,1542.7,1555.55,1588.0,1241.7,1182.6,398190,1450.95,1538.0,30,1540.65,30,704040
2026-04-10T09:41:26.374,NF,BANKNIFTY28APR2655000CE,1538.0,1555.55,1588.0,1241.7,1182.6,398310,1450.97,1535.0,30,1538.45,270,704040
2026-04-10T09:41:27.779,NF,BANKNIFTY28APR2655000CE,1537.75,1555.55,1588.0,1241.7,1182.6,398520,1451.02,1535.0,30,1537.75,600,704040
2026-04-10T09:41:28.997,NF,BANKNIFTY28APR2655000CE,1536.0,1555.55,1588.0,1241.7,1182.6,398550,1451.02,1532.6,30,1537.1,120,704040
2026-04-10T09:41:30.202,NF,BANKNIFTY28APR2655000CE,1535.0,1555.55,1588.0,1241.7,1182.6,398640,1451.04,1533.2,30,1535.0,30,704040
2026-04-10T09:41:31.379,NF,BANKNIFTY28APR2655000CE,1533.6,1555.55,1588.0,1241.7,1182.6,398760,1451.07,1530.45,30,1536.9,60,704040
2026-04-10T09:41:32.595,NF,BANKNIFTY28APR2655000CE,1535.8,1555.55,1588.0,1241.7,1182.6,398820,1451.08,1532.4,30,1535.7,120,704040
2026-04-10T09:41:33.805,NF,BANKNIFTY28APR2655000CE,1532.45,1555.55,1588.0,1241.7,1182.6,398850,1451.09,1532.45,60,1536.35,30,704040
2026-04-10T09:41:34.986,NF,BANKNIFTY28APR2655000CE,1534.9,1555.55,1588.0,1241.7,1182.6,398880,1451.09,1532.8,30,1534.9,120,704040
2026-04-10T09:41:36.386,NF,BANKNIFTY28APR2655000CE,1543.0,1555.55,1588.0,1241.7,1182.6,399030,1451.13,1540.75,180,1546.55,30,704040
2026-04-10T09:41:39.994,NF,BANKNIFTY28APR2655000CE,1543.85,1555.55,1588.0,1241.7,1182.6,399060,1451.13,1543.8,90,1548.95,120,704040
2026-04-10T09:41:42.398,NF,BANKNIFTY28APR2655000CE,1546.0,1555.55,1588.0,1241.7,1182.6,399120,1451.15,1541.05,180,1547.65,30,704040
2026-04-10T09:41:46.003,NF,BANKNIFTY28APR2655000CE,1551.0,1555.55,1588.0,1241.7,1182.6,399240,1451.18,1547.6,30,1552.2,30,704040
2026-04-10T09:41:47.403,NF,BANKNIFTY28APR2655000CE,1550.0,1555.55,1588.0,1241.7,1182.6,399300,1451.19,1544.6,150,1550.0,360,704040
2026-04-10T09:41:51.007,NF,BANKNIFTY28APR2655000CE,1548.75,1555.55,1588.0,1241.7,1182.6,399390,1451.21,1541.7,120,1547.35,30,704040
2026-04-10T09:41:53.447,NF,BANKNIFTY28APR2655000CE,1541.45,1555.55,1588.0,1241.7,1182.6,399450,1451.23,1538.3,120,1543.75,30,704040
2026-04-10T09:41:54.811,NF,BANKNIFTY28APR2655000CE,1534.35,1555.55,1588.0,1241.7,1182.6,399660,1451.27,1533.2,120,1538.95,30,704040
2026-04-10T09:41:57.225,NF,BANKNIFTY28APR2655000CE,1538.3,1555.55,1588.0,1241.7,1182.6,399690,1451.28,1541.2,180,1546.2,30,704040
2026-04-10T09:42:01.024,NF,BANKNIFTY28APR2655000CE,1548.75,1555.55,1588.0,1241.7,1182.6,399750,1451.29,1546.2,30,1550.0,450,704040
2026-04-10T09:42:03.423,NF,BANKNIFTY28APR2655000CE,1548.15,1555.55,1588.0,1241.7,1182.6,400110,1451.38,1548.0,30,1550.0,150,704040
2026-04-10T09:42:06.030,NF,BANKNIFTY28APR2655000CE,1550.0,1555.55,1588.0,1241.7,1182.6,400170,1451.4,1548.65,30,1550.0,90,704040
2026-04-10T09:42:09.635,NF,BANKNIFTY28APR2655000CE,1553.85,1555.55,1588.0,1241.7,1182.6,400320,1451.43,1550.0,60,1554.35,60,704040
2026-04-10T09:42:12.239,NF,BANKNIFTY28APR2655000CE,1555.0,1555.55,1588.0,1241.7,1182.6,400410,1451.46,1550.4,90,1555.0,30,704040
2026-04-10T09:42:14.642,NF,BANKNIFTY28APR2655000CE,1550.0,1555.55,1588.0,1241.7,1182.6,400440,1451.46,1550.1,150,1554.6,90,704040
2026-04-10T09:42:16.040,NF,BANKNIFTY28APR2655000CE,1557.0,1555.55,1588.0,1241.7,1182.6,400530,1451.49,1552.05,30,1556.9,150,704040
2026-04-10T09:42:17.244,NF,BANKNIFTY28APR2655000CE,1551.15,1555.55,1588.0,1241.7,1182.6,400590,1451.5,1550.7,150,1555.7,30,704040
2026-04-10T09:42:19.647,NF,BANKNIFTY28APR2655000CE,1550.95,1555.55,1588.0,1241.7,1182.6,400710,1451.53,1549.7,120,1554.95,90,704040
2026-04-10T09:42:23.450,NF,BANKNIFTY28APR2655000CE,1552.95,1555.55,1588.0,1241.7,1182.6,400800,1451.55,1549.4,30,1554.65,90,704040
2026-04-10T09:42:24.666,NF,BANKNIFTY28APR2655000CE,1548.95,1555.55,1588.0,1241.7,1182.6,400950,1451.59,1548.95,120,1553.0,60,704040
2026-04-10T09:42:25.858,NF,BANKNIFTY28APR2655000CE,1550.8,1555.55,1588.0,1241.7,1182.6,403260,1452.16,1550.25,30,1556.2,30,704040
2026-04-10T09:42:27.061,NF,BANKNIFTY28APR2655000CE,1550.7,1555.55,1588.0,1241.7,1182.6,403320,1452.18,1550.15,120,1555.15,30,704040
2026-04-10T09:42:28.467,NF,BANKNIFTY28APR2655000CE,1552.35,1555.55,1588.0,1241.7,1182.6,403350,1452.18,1551.75,30,1556.95,30,704040
2026-04-10T09:42:29.674,NF,BANKNIFTY28APR2655000CE,1557.0,1555.55,1588.0,1241.7,1182.6,403380,1452.19,1552.4,150,1557.0,120,704040
2026-04-10T09:42:33.324,NF,BANKNIFTY28APR2655000CE,1557.0,1555.55,1588.0,1241.7,1182.6,403560,1452.24,1553.55,120,1558.4,30,704040
2026-04-10T09:42:38.275,NF,BANKNIFTY28APR2655000CE,1557.0,1555.55,1588.0,1241.7,1182.6,403590,1452.25,1554.8,120,1557.0,120,704040
2026-04-10T09:42:39.673,NF,BANKNIFTY28APR2655000CE,1557.0,1555.55,1588.0,1241.7,1182.6,403620,1452.25,1554.8,30,1557.0,90,704040
2026-04-10T09:42:40.889,NF,BANKNIFTY28APR2655000CE,1557.0,1555.55,1588.0,1241.7,1182.6,403680,1452.27,1554.8,30,1557.0,30,704040
2026-04-10T09:42:42.078,NF,BANKNIFTY28APR2655000CE,1558.95,1555.55,1588.0,1241.7,1182.6,403770,1452.29,1553.4,150,1558.65,30,704040
2026-04-10T09:42:43.302,NF,BANKNIFTY28APR2655000CE,1557.0,1555.55,1588.0,1241.7,1182.6,403800,1452.3,1553.8,150,1558.9,90,704040
2026-04-10T09:42:45.881,NF,BANKNIFTY28APR2655000CE,1558.95,1555.55,1588.0,1241.7,1182.6,403890,1452.33,1554.9,60,1559.0,30,704040
2026-04-10T09:42:47.084,NF,BANKNIFTY28APR2655000CE,1555.05,1555.55,1588.0,1241.7,1182.6,403950,1452.34,1555.05,90,1559.9,60,704040
2026-04-10T09:42:48.288,NF,BANKNIFTY28APR2655000CE,1560.45,1555.55,1588.0,1241.7,1182.6,404640,1452.53,1556.35,120,1561.45,600,704040
2026-04-10T09:42:49.694,NF,BANKNIFTY28APR2655000CE,1560.95,1555.55,1588.0,1241.7,1182.6,404850,1452.58,1554.95,30,1560.0,600,704040
2026-04-10T09:42:52.090,NF,BANKNIFTY28APR2655000CE,1560.0,1555.55,1588.0,1241.7,1182.6,404880,1452.59,1555.45,240,1559.95,420,704040
2026-04-10T09:42:53.305,NF,BANKNIFTY28APR2655000CE,1561.8,1555.55,1588.0,1241.7,1182.6,405930,1452.87,1558.2,30,1562.05,30,704040
2026-04-10T09:42:54.693,NF,BANKNIFTY28APR2655000CE,1557.7,1555.55,1588.0,1241.7,1182.6,406110,1452.92,1555.4,120,1560.2,30,704040
2026-04-10T09:42:55.896,NF,BANKNIFTY28APR2655000CE,1556.45,1555.55,1588.0,1241.7,1182.6,406140,1452.92,1556.7,120,1560.95,30,704040
2026-04-10T09:42:57.099,NF,BANKNIFTY28APR2655000CE,1557.7,1555.55,1588.0,1241.7,1182.6,406170,1452.93,1556.45,180,1560.95,30,704040
2026-04-10T09:42:58.326,NF,BANKNIFTY28APR2655000CE,1563.0,1555.55,1588.0,1241.7,1182.6,406350,1452.98,1563.0,180,1564.9,30,704040
2026-04-10T09:42:59.700,NF,BANKNIFTY28APR2655000CE,1565.05,1555.55,1588.0,1241.7,1182.6,407340,1453.26,1565.25,240,1570.45,30,704040
2026-04-10T09:43:02.122,NF,BANKNIFTY28APR2655000CE,1571.7,1555.55,1588.0,1241.7,1182.6,408720,1453.67,1571.35,120,1575.0,1350,704040
2026-04-10T09:43:03.373,NF,BANKNIFTY28APR2655000CE,1580.0,1555.55,1588.0,1241.7,1182.6,410580,1454.22,1579.05,30,1581.85,30,704040
2026-04-10T09:43:04.724,NF,BANKNIFTY28APR2655000CE,1582.9,1555.55,1588.0,1241.7,1182.6,410730,1454.27,1579.05,60,1582.9,840,704040
2026-04-10T09:43:05.906,NF,BANKNIFTY28APR2655000CE,1582.9,1555.55,1588.0,1241.7,1182.6,411120,1454.39,1579.3,30,1582.9,450,704040
2026-04-10T09:43:07.110,NF,BANKNIFTY28APR2655000CE,1583.0,1555.55,1588.0,1241.7,1182.6,411630,1454.55,1577.2,120,1582.8,90,704040
2026-04-10T09:43:09.712,NF,BANKNIFTY28APR2655000CE,1575.65,1555.55,1588.0,1241.7,1182.6,411660,1454.56,1576.1,120,1580.0,30,704040
2026-04-10T09:43:10.927,NF,BANKNIFTY28APR2655000CE,1581.65,1555.55,1588.0,1241.7,1182.6,412020,1454.67,1580.2,120,1583.0,180,699960
2026-04-10T09:43:13.322,NF,BANKNIFTY28APR2655000CE,1587.1,1555.55,1588.0,1241.7,1182.6,413550,1455.15,1580.45,300,1585.85,90,699960
2026-04-10T09:43:15.950,NF,BANKNIFTY28APR2655000CE,1578.85,1555.55,1588.0,1241.7,1182.6,413580,1455.16,1578.35,120,1583.2,90,699960
2026-04-10T09:43:17.125,NF,BANKNIFTY28APR2655000CE,1578.15,1555.55,1588.0,1241.7,1182.6,413610,1455.17,1578.15,90,1583.35,90,699960
2026-04-10T09:43:19.734,NF,BANKNIFTY28APR2655000CE,1579.4,1555.55,1588.0,1241.7,1182.6,413640,1455.18,1578.85,30,1582.45,30,699960
2026-04-10T09:43:20.931,NF,BANKNIFTY28APR2655000CE,1578.85,1555.55,1588.0,1241.7,1182.6,413670,1455.18,1575.05,90,1580.2,30,699960
2026-04-10T09:43:22.134,NF,BANKNIFTY28APR2655000CE,1575.15,1555.55,1588.0,1241.7,1182.6,413730,1455.2,1575.05,30,1580.15,90,699960
2026-04-10T09:43:24.736,NF,BANKNIFTY28APR2655000CE,1576.6,1555.55,1588.0,1241.7,1182.6,413790,1455.22,1573.2,30,1578.1,90,699960
2026-04-10T09:43:27.141,NF,BANKNIFTY28APR2655000CE,1573.8,1555.55,1588.0,1241.7,1182.6,413820,1455.23,1574.3,30,1578.3,60,699960
2026-04-10T09:43:28.345,NF,BANKNIFTY28APR2655000CE,1565.0,1555.55,1588.0,1241.7,1182.6,421740,1457.39,1565.15,90,1569.65,60,699960
2026-04-10T09:43:29.746,NF,BANKNIFTY28APR2655000CE,1570.0,1555.55,1588.0,1241.7,1182.6,421860,1457.42,1565.85,30,1570.0,10350,699960
2026-04-10T09:43:32.151,NF,BANKNIFTY28APR2655000CE,1570.0,1555.55,1588.0,1241.7,1182.6,421950,1457.45,1569.0,90,1570.0,10290,699960
2026-04-10T09:43:33.375,NF,BANKNIFTY28APR2655000CE,1570.0,1555.55,1588.0,1241.7,1182.6,423210,1457.78,1569.55,90,1570.0,9060,699960
2026-04-10T09:43:34.752,NF,BANKNIFTY28APR2655000CE,1566.55,1555.55,1588.0,1241.7,1182.6,430440,1459.66,1567.7,180,1570.0,3000,699960
2026-04-10T09:43:35.954,NF,BANKNIFTY28APR2655000CE,1570.0,1555.55,1588.0,1241.7,1182.6,430980,1459.8,1567.5,120,1570.0,2610,699960
2026-04-10T09:43:37.159,NF,BANKNIFTY28APR2655000CE,1570.0,1555.55,1588.0,1241.7,1182.6,431070,1459.82,1568.65,180,1570.0,2520,699960
2026-04-10T09:43:38.360,NF,BANKNIFTY28APR2655000CE,1570.0,1555.55,1588.0,1241.7,1182.6,431790,1460.01,1569.6,60,1570.0,1830,699960
2026-04-10T09:43:39.781,NF,BANKNIFTY28APR2655000CE,1570.0,1555.55,1588.0,1241.7,1182.6,433440,1460.42,1568.6,120,1570.0,720,699960
2026-04-10T09:43:40.969,NF,BANKNIFTY28APR2655000CE,1570.0,1555.55,1588.0,1241.7,1182.6,433770,1460.51,1568.95,90,1570.0,420,699960
2026-04-10T09:43:42.167,NF,BANKNIFTY28APR2655000CE,1568.95,1555.55,1588.0,1241.7,1182.6,433800,1460.51,1568.95,60,1570.0,420,699960
2026-04-10T09:43:44.783,NF,BANKNIFTY28APR2655000CE,1573.45,1555.55,1588.0,1241.7,1182.6,434370,1460.66,1570.95,60,1575.0,30,699960
2026-04-10T09:43:45.970,NF,BANKNIFTY28APR2655000CE,1573.65,1555.55,1588.0,1241.7,1182.6,434460,1460.68,1573.65,30,1577.75,120,699960
2026-04-10T09:43:49.775,NF,BANKNIFTY28APR2655000CE,1572.35,1555.55,1588.0,1241.7,1182.6,434520,1460.7,1573.45,30,1577.05,120,699960
2026-04-10T09:43:50.982,NF,BANKNIFTY28APR2655000CE,1573.45,1555.55,1588.0,1241.7,1182.6,434550,1460.71,1569.0,90,1573.55,90,699960
2026-04-10T09:43:55.804,NF,BANKNIFTY28APR2655000CE,1574.2,1555.55,1588.0,1241.7,1182.6,434580,1460.71,1568.8,180,1573.6,60,699960
2026-04-10T09:43:56.991,NF,BANKNIFTY28APR2655000CE,1575.0,1555.55,1588.0,1241.7,1182.6,434730,1460.75,1570.95,60,1575.75,60,699960
2026-04-10T09:43:58.391,NF,BANKNIFTY28APR2655000CE,1564.95,1555.55,1588.0,1241.7,1182.6,451890,1464.73,1564.95,120,1565.0,930,699960
2026-04-10T09:43:59.612,NF,BANKNIFTY28APR2655000CE,1565.0,1555.55,1588.0,1241.7,1182.6,452820,1464.93,1567.15,30,1571.8,30,699960
2026-04-10T09:44:00.795,NF,BANKNIFTY28APR2655000CE,1571.95,1555.55,1588.0,1241.7,1182.6,452970,1464.97,1567.25,120,1571.95,90,699960
2026-04-10T09:44:03.203,NF,BANKNIFTY28APR2655000CE,1572.55,1555.55,1588.0,1241.7,1182.6,453030,1464.98,1568.25,60,1573.1,210,699960
2026-04-10T09:44:04.607,NF,BANKNIFTY28APR2655000CE,1570.0,1555.55,1588.0,1241.7,1182.6,453240,1465.03,1565.6,150,1570.8,270,699960
2026-04-10T09:44:05.804,NF,BANKNIFTY28APR2655000CE,1562.0,1555.55,1588.0,1241.7,1182.6,453540,1465.1,1556.45,60,1560.55,240,699960
2026-04-10T09:44:08.209,NF,BANKNIFTY28APR2655000CE,1553.95,1555.55,1588.0,1241.7,1182.6,454020,1465.2,1550.55,60,1556.05,180,699960
2026-04-10T09:44:09.608,NF,BANKNIFTY28APR2655000CE,1552.25,1555.55,1588.0,1241.7,1182.6,454770,1465.34,1549.0,30,1552.1,210,699960
2026-04-10T09:44:10.810,NF,BANKNIFTY28APR2655000CE,1549.0,1555.55,1588.0,1241.7,1182.6,454830,1465.35,1543.25,90,1548.1,210,699960
2026-04-10T09:44:12.019,NF,BANKNIFTY28APR2655000CE,1540.8,1555.55,1588.0,1241.7,1182.6,454890,1465.36,1540.4,120,1544.9,180,699960
2026-04-10T09:44:13.238,NF,BANKNIFTY28APR2655000CE,1538.55,1555.55,1588.0,1241.7,1182.6,455220,1465.41,1536.85,60,1541.55,30,699960
2026-04-10T09:44:14.616,NF,BANKNIFTY28APR2655000CE,1540.85,1555.55,1588.0,1241.7,1182.6,455400,1465.44,1539.2,30,1544.95,30,699960
2026-04-10T09:44:15.818,NF,BANKNIFTY28APR2655000CE,1550.6,1555.55,1588.0,1241.7,1182.6,456120,1465.58,1549.95,60,1554.45,120,699960
2026-04-10T09:44:17.021,NF,BANKNIFTY28APR2655000CE,1548.55,1555.55,1588.0,1241.7,1182.6,456150,1465.58,1543.9,30,1548.0,90,699960
2026-04-10T09:44:18.222,NF,BANKNIFTY28APR2655000CE,1545.0,1555.55,1588.0,1241.7,1182.6,456180,1465.59,1544.55,30,1550.15,120,699960
2026-04-10T09:44:19.435,NF,BANKNIFTY28APR2655000CE,1548.4,1555.55,1588.0,1241.7,1182.6,456210,1465.59,1543.95,60,1549.25,120,699960
2026-04-10T09:44:20.629,NF,BANKNIFTY28APR2655000CE,1547.95,1555.55,1588.0,1241.7,1182.6,456300,1465.61,1543.9,30,1547.05,90,699960
2026-04-10T09:44:23.230,NF,BANKNIFTY28APR2655000CE,1537.75,1555.55,1588.0,1241.7,1182.6,458310,1465.94,1536.4,60,1540.0,16080,699960
2026-04-10T09:44:24.438,NF,BANKNIFTY28APR2655000CE,1540.0,1555.55,1588.0,1241.7,1182.6,458490,1465.96,1534.45,60,1538.75,30,699960
2026-04-10T09:44:25.635,NF,BANKNIFTY28APR2655000CE,1538.1,1555.55,1588.0,1241.7,1182.6,458610,1465.98,1533.5,120,1538.2,60,699960
2026-04-10T09:44:26.837,NF,BANKNIFTY28APR2655000CE,1534.35,1555.55,1588.0,1241.7,1182.6,458670,1465.99,1533.25,120,1538.0,30,699960
2026-04-10T09:44:29.452,NF,BANKNIFTY28APR2655000CE,1540.0,1555.55,1588.0,1241.7,1182.6,459090,1466.06,1535.4,150,1540.0,15480,699960
2026-04-10T09:44:30.640,NF,BANKNIFTY28APR2655000CE,1539.9,1555.55,1588.0,1241.7,1182.6,459390,1466.11,1536.4,150,1540.0,15210,699960
2026-04-10T09:44:31.845,NF,BANKNIFTY28APR2655000CE,1540.0,1555.55,1588.0,1241.7,1182.6,459660,1466.15,1539.1,30,1540.0,14940,699960
2026-04-10T09:44:33.068,NF,BANKNIFTY28APR2655000CE,1540.0,1555.55,1588.0,1241.7,1182.6,464250,1466.88,1538.2,30,1540.0,10380,699960
2026-04-10T09:44:34.451,NF,BANKNIFTY28APR2655000CE,1540.0,1555.55,1588.0,1241.7,1182.6,467130,1467.33,1538.9,60,1540.0,7710,699960
2026-04-10T09:44:35.650,NF,BANKNIFTY28APR2655000CE,1537.65,1555.55,1588.0,1241.7,1182.6,467250,1467.35,1538.35,180,1540.0,7740,699960
2026-04-10T09:44:36.851,NF,BANKNIFTY28APR2655000CE,1540.0,1555.55,1588.0,1241.7,1182.6,467760,1467.43,1538.6,60,1540.0,7290,699960
2026-04-10T09:44:38.052,NF,BANKNIFTY28APR2655000CE,1540.0,1555.55,1588.0,1241.7,1182.6,467910,1467.45,1537.65,60,1540.0,7200,699960
2026-04-10T09:44:39.256,NF,BANKNIFTY28APR2655000CE,1540.0,1555.55,1588.0,1241.7,1182.6,468570,1467.55,1536.95,60,1540.0,6840,699960
2026-04-10T09:44:40.459,NF,BANKNIFTY28APR2655000CE,1536.8,1555.55,1588.0,1241.7,1182.6,468660,1467.57,1537.45,60,1540.0,6810,699960
2026-04-10T09:44:43.061,NF,BANKNIFTY28APR2655000CE,1537.1,1555.55,1588.0,1241.7,1182.6,468780,1467.59,1537.15,330,1540.0,6780,699960
2026-04-10T09:44:44.273,NF,BANKNIFTY28APR2655000CE,1539.25,1555.55,1588.0,1241.7,1182.6,468990,1467.62,1536.0,90,1537.85,60,699960
2026-04-10T09:44:45.466,NF,BANKNIFTY28APR2655000CE,1538.7,1555.55,1588.0,1241.7,1182.6,469230,1467.65,1536.0,30,1538.95,60,699960
2026-04-10T09:44:46.864,NF,BANKNIFTY28APR2655000CE,1535.35,1555.55,1588.0,1241.7,1182.6,469740,1467.73,1535.45,120,1539.15,30,699960
2026-04-10T09:44:48.067,NF,BANKNIFTY28APR2655000CE,1538.9,1555.55,1588.0,1241.7,1182.6,469920,1467.75,1534.15,30,1538.05,30,699960
2026-04-10T09:44:49.279,NF,BANKNIFTY28APR2655000CE,1539.65,1555.55,1588.0,1241.7,1182.6,470190,1467.79,1537.65,30,1539.95,30,699960
2026-04-10T09:44:50.485,NF,BANKNIFTY28APR2655000CE,1545.7,1555.55,1588.0,1241.7,1182.6,477630,1468.92,1542.3,60,1546.45,120,699960
2026-04-10T09:44:51.675,NF,BANKNIFTY28APR2655000CE,1546.2,1555.55,1588.0,1241.7,1182.6,477780,1468.94,1541.2,60,1545.5,120,699960
2026-04-10T09:44:52.878,NF,BANKNIFTY28APR2655000CE,1538.75,1555.55,1588.0,1241.7,1182.6,478290,1469.02,1540.85,30,1545.6,210,699960
2026-04-10T09:44:54.278,NF,BANKNIFTY28APR2655000CE,1538.55,1555.55,1588.0,1241.7,1182.6,478380,1469.03,1538.8,30,1542.0,30,699960
2026-04-10T09:44:55.479,NF,BANKNIFTY28APR2655000CE,1542.0,1555.55,1588.0,1241.7,1182.6,478440,1469.04,1541.85,30,1545.7,900,699960
2026-04-10T09:44:56.683,NF,BANKNIFTY28APR2655000CE,1545.7,1555.55,1588.0,1241.7,1182.6,478470,1469.05,1542.05,30,1545.7,870,699960
2026-04-10T09:44:57.902,NF,BANKNIFTY28APR2655000CE,1545.7,1555.55,1588.0,1241.7,1182.6,478590,1469.07,1544.05,30,1545.7,780,699960
2026-04-10T09:44:59.090,NF,BANKNIFTY28APR2655000CE,1543.35,1555.55,1588.0,1241.7,1182.6,478650,1469.08,1543.35,90,1545.7,780,699960
2026-04-10T09:45:00.489,NF,BANKNIFTY28APR2655000CE,1552.6,1555.55,1588.0,1241.7,1182.6,479640,1469.24,1548.0,60,1553.0,90,699960
2026-04-10T09:45:01.696,NF,BANKNIFTY28APR2655000CE,1548.95,1555.55,1588.0,1241.7,1182.6,479700,1469.25,1547.05,90,1551.6,150,699960
2026-04-10T09:45:02.892,NF,BANKNIFTY28APR2655000CE,1550.0,1555.55,1588.0,1241.7,1182.6,479790,1469.26,1547.4,90,1551.1,120,699960
2026-04-10T09:45:05.302,NF,BANKNIFTY28APR2655000CE,1551.8,1555.55,1588.0,1241.7,1182.6,480180,1469.33,1551.65,30,1555.9,120,699960
2026-04-10T09:45:06.698,NF,BANKNIFTY28APR2655000CE,1557.1,1555.55,1588.0,1241.7,1182.6,480300,1469.35,1554.05,30,1558.55,150,699960
2026-04-10T09:45:07.900,NF,BANKNIFTY28APR2655000CE,1553.7,1555.55,1588.0,1241.7,1182.6,480330,1469.36,1549.85,30,1554.75,180,699960
2026-04-10T09:45:09.145,NF,BANKNIFTY28APR2655000CE,1556.2,1555.55,1588.0,1241.7,1182.6,480570,1469.4,1550.65,30,1555.25,30,699960
2026-04-10T09:45:10.319,NF,BANKNIFTY28APR2655000CE,1553.7,1555.55,1588.0,1241.7,1182.6,480720,1469.43,1552.95,30,1558.05,30,699960
2026-04-10T09:45:11.708,NF,BANKNIFTY28APR2655000CE,1560.0,1555.55,1588.0,1241.7,1182.6,480840,1469.45,1555.8,60,1560.0,60,699960
2026-04-10T09:45:12.906,NF,BANKNIFTY28APR2655000CE,1560.0,1555.55,1588.0,1241.7,1182.6,480960,1469.47,1557.85,30,1563.65,120,699960
2026-04-10T09:45:14.108,NF,BANKNIFTY28APR2655000CE,1557.55,1555.55,1588.0,1241.7,1182.6,480990,1469.48,1553.75,60,1558.95,30,699960
2026-04-10T09:45:15.335,NF,BANKNIFTY28APR2655000CE,1557.8,1555.55,1588.0,1241.7,1182.6,482100,1469.68,1553.65,30,1557.45,30,699960
2026-04-10T09:45:16.711,NF,BANKNIFTY28APR2655000CE,1554.3,1555.55,1588.0,1241.7,1182.6,482220,1469.7,1551.7,210,1556.7,120,699960
2026-04-10T09:45:17.914,NF,BANKNIFTY28APR2655000CE,1555.2,1555.55,1588.0,1241.7,1182.6,482310,1469.72,1551.4,90,1556.2,90,699960
2026-04-10T09:45:19.128,NF,BANKNIFTY28APR2655000CE,1551.4,1555.55,1588.0,1241.7,1182.6,482430,1469.74,1548.8,30,1553.65,30,699960
2026-04-10T09:45:20.318,NF,BANKNIFTY28APR2655000CE,1554.3,1555.55,1588.0,1241.7,1182.6,482520,1469.75,1552.45,210,1557.9,30,699960
2026-04-10T09:45:21.719,NF,BANKNIFTY28APR2655000CE,1552.05,1555.55,1588.0,1241.7,1182.6,482550,1469.76,1551.75,120,1556.5,30,699960
2026-04-10T09:45:22.927,NF,BANKNIFTY28APR2655000CE,1552.3,1555.55,1588.0,1241.7,1182.6,482580,1469.76,1550.35,210,1555.2,30,699960
2026-04-10T09:45:24.126,NF,BANKNIFTY28APR2655000CE,1550.4,1555.55,1588.0,1241.7,1182.6,482610,1469.77,1551.25,30,1556.4,330,699960
2026-04-10T09:45:25.324,NF,BANKNIFTY28APR2655000CE,1551.15,1555.55,1588.0,1241.7,1182.6,482730,1469.79,1548.0,510,1552.6,30,699960
2026-04-10T09:45:26.529,NF,BANKNIFTY28APR2655000CE,1551.6,1555.55,1588.0,1241.7,1182.6,483300,1469.88,1547.9,60,1552.5,30,699960
2026-04-10T09:45:27.937,NF,BANKNIFTY28APR2655000CE,1555.9,1555.55,1588.0,1241.7,1182.6,483360,1469.89,1550.75,210,1555.95,30,699960
2026-04-10T09:45:29.127,NF,BANKNIFTY28APR2655000CE,1560.6,1555.55,1588.0,1241.7,1182.6,483510,1469.92,1556.25,60,1561.2,30,699960
2026-04-10T09:45:30.332,NF,BANKNIFTY28APR2655000CE,1551.25,1555.55,1588.0,1241.7,1182.6,501600,1472.67,1544.7,30,1548.85,30,699960
2026-04-10T09:45:31.535,NF,BANKNIFTY28APR2655000CE,1549.9,1555.55,1588.0,1241.7,1182.6,501630,1472.68,1546.05,60,1550.85,210,699960
2026-04-10T09:45:34.145,NF,BANKNIFTY28APR2655000CE,1551.55,1555.55,1588.0,1241.7,1182.6,501690,1472.69,1548.3,90,1551.6,180,699960
2026-04-10T09:45:35.341,NF,BANKNIFTY28APR2655000CE,1550.45,1555.55,1588.0,1241.7,1182.6,501750,1472.7,1548.3,90,1551.0,180,699960
2026-04-10T09:45:37.944,NF,BANKNIFTY28APR2655000CE,1550.9,1555.55,1588.0,1241.7,1182.6,501780,1472.7,1548.3,90,1551.2,60,699960
2026-04-10T09:45:39.158,NF,BANKNIFTY28APR2655000CE,1548.55,1555.55,1588.0,1241.7,1182.6,501930,1472.72,1544.85,60,1549.15,60,699960
2026-04-10T09:45:40.367,NF,BANKNIFTY28APR2655000CE,1549.45,1555.55,1588.0,1241.7,1182.6,502080,1472.75,1544.9,30,1547.6,150,699960
2026-04-10T09:45:41.565,NF,BANKNIFTY28APR2655000CE,1548.55,1555.55,1588.0,1241.7,1182.6,502140,1472.76,1544.9,60,1550.25,60,699960
2026-04-10T09:45:42.955,NF,BANKNIFTY28APR2655000CE,1544.95,1555.55,1588.0,1241.7,1182.6,502170,1472.76,1544.9,30,1548.7,120,699960
2026-04-10T09:45:44.153,NF,BANKNIFTY28APR2655000CE,1540.0,1555.55,1588.0,1241.7,1182.6,509340,1473.71,1538.7,30,1540.0,10980,699960
2026-04-10T09:45:45.356,NF,BANKNIFTY28APR2655000CE,1540.0,1555.55,1588.0,1241.7,1182.6,509640,1473.75,1538.0,120,1540.0,10680,699960
2026-04-10T09:45:46.562,NF,BANKNIFTY28APR2655000CE,1540.0,1555.55,1588.0,1241.7,1182.6,509730,1473.76,1538.0,120,1539.95,30,699960
2026-04-10T09:45:47.960,NF,BANKNIFTY28APR2655000CE,1540.0,1555.55,1588.0,1241.7,1182.6,509790,1473.77,1538.0,60,1540.0,10560,699960
2026-04-10T09:45:49.162,NF,BANKNIFTY28APR2655000CE,1552.75,1555.55,1588.0,1241.7,1182.6,521280,1475.25,1547.25,90,1551.35,240,699960
2026-04-10T09:45:50.362,NF,BANKNIFTY28APR2655000CE,1551.0,1555.55,1588.0,1241.7,1182.6,521310,1475.25,1546.55,300,1550.55,120,699960
2026-04-10T09:45:51.595,NF,BANKNIFTY28APR2655000CE,1549.95,1555.55,1588.0,1241.7,1182.6,521580,1475.29,1546.35,120,1549.8,240,699960
2026-04-10T09:45:52.774,NF,BANKNIFTY28APR2655000CE,1549.8,1555.55,1588.0,1241.7,1182.6,521670,1475.3,1545.75,120,1549.05,120,699960
2026-04-10T09:45:53.974,NF,BANKNIFTY28APR2655000CE,1549.55,1555.55,1588.0,1241.7,1182.6,522030,1475.35,1546.8,60,1551.1,120,699960
2026-04-10T09:45:55.172,NF,BANKNIFTY28APR2655000CE,1551.1,1555.55,1588.0,1241.7,1182.6,522150,1475.37,1548.5,30,1551.95,120,699960
2026-04-10T09:45:56.374,NF,BANKNIFTY28APR2655000CE,1552.7,1555.55,1588.0,1241.7,1182.6,522270,1475.38,1548.55,150,1552.7,120,699960
2026-04-10T09:45:57.774,NF,BANKNIFTY28APR2655000CE,1544.25,1555.55,1588.0,1241.7,1182.6,532410,1476.73,1541.35,150,1544.3,240,699960
2026-04-10T09:45:58.977,NF,BANKNIFTY28APR2655000CE,1550.25,1555.55,1588.0,1241.7,1182.6,533550,1476.88,1547.45,30,1550.4,120,699960
2026-04-10T09:46:00.204,NF,BANKNIFTY28APR2655000CE,1551.35,1555.55,1588.0,1241.7,1182.6,534180,1476.97,1551.4,60,1554.55,120,699960
2026-04-10T09:46:01.391,NF,BANKNIFTY28APR2655000CE,1552.6,1555.55,1588.0,1241.7,1182.6,534450,1477.0,1550.1,60,1552.4,120,699960
2026-04-10T09:46:02.784,NF,BANKNIFTY28APR2655000CE,1558.9,1555.55,1588.0,1241.7,1182.6,534960,1477.08,1556.65,60,1558.9,90,699960
2026-04-10T09:46:03.994,NF,BANKNIFTY28APR2655000CE,1559.6,1555.55,1588.0,1241.7,1182.6,534990,1477.08,1556.45,60,1560.35,120,699960
2026-04-10T09:46:05.212,NF,BANKNIFTY28APR2655000CE,1561.95,1555.55,1588.0,1241.7,1182.6,535050,1477.09,1556.75,60,1561.3,120,699960
2026-04-10T09:46:06.442,NF,BANKNIFTY28APR2655000CE,1559.55,1555.55,1588.0,1241.7,1182.6,535080,1477.1,1554.9,30,1559.3,120,699960
2026-04-10T09:46:07.596,NF,BANKNIFTY28APR2655000CE,1558.7,1555.55,1588.0,1241.7,1182.6,535260,1477.12,1555.5,30,1559.0,180,699960
2026-04-10T09:46:08.991,NF,BANKNIFTY28APR2655000CE,1557.5,1555.55,1588.0,1241.7,1182.6,535500,1477.16,1554.0,60,1557.65,150,699960
2026-04-10T09:46:10.206,NF,BANKNIFTY28APR2655000CE,1559.1,1555.55,1588.0,1241.7,1182.6,535530,1477.17,1556.65,30,1561.4,120,699960
2026-04-10T09:46:12.606,NF,BANKNIFTY28APR2655000CE,1558.6,1555.55,1588.0,1241.7,1182.6,535620,1477.18,1557.5,90,1561.8,210,678960
2026-04-10T09:46:13.805,NF,BANKNIFTY28APR2655000CE,1557.1,1555.55,1588.0,1241.7,1182.6,535770,1477.2,1557.55,60,1562.2,180,678960
2026-04-10T09:46:15.006,NF,BANKNIFTY28APR2655000CE,1562.85,1555.55,1588.0,1241.7,1182.6,535860,1477.22,1557.95,60,1563.1,120,678960
2026-04-10T09:46:16.207,NF,BANKNIFTY28APR2655000CE,1562.45,1555.55,1588.0,1241.7,1182.6,535920,1477.23,1561.4,30,1564.4,150,678960
2026-04-10T09:46:17.406,NF,BANKNIFTY28APR2655000CE,1567.95,1555.55,1588.0,1241.7,1182.6,535980,1477.24,1565.75,60,1568.0,30,678960
2026-04-10T09:46:18.805,NF,BANKNIFTY28APR2655000CE,1570.0,1555.55,1588.0,1241.7,1182.6,536730,1477.37,1569.65,30,1570.0,180,678960
2026-04-10T09:46:20.011,NF,BANKNIFTY28APR2655000CE,1570.0,1555.55,1588.0,1241.7,1182.6,537450,1477.49,1569.25,30,1570.0,240,678960
2026-04-10T09:46:21.210,NF,BANKNIFTY28APR2655000CE,1574.9,1555.55,1588.0,1241.7,1182.6,537720,1477.54,1570.65,120,1574.5,180,678960
2026-04-10T09:46:22.414,NF,BANKNIFTY28APR2655000CE,1574.9,1555.55,1588.0,1241.7,1182.6,537780,1477.55,1570.95,90,1575.5,120,678960
2026-04-10T09:46:23.812,NF,BANKNIFTY28APR2655000CE,1574.55,1555.55,1588.0,1241.7,1182.6,537990,1477.58,1570.85,30,1574.55,60,678960
2026-04-10T09:46:25.015,NF,BANKNIFTY28APR2655000CE,1570.1,1555.55,1588.0,1241.7,1182.6,538230,1477.63,1565.3,30,1570.45,30,678960
2026-04-10T09:46:26.219,NF,BANKNIFTY28APR2655000CE,1568.7,1555.55,1588.0,1241.7,1182.6,538440,1477.66,1563.8,30,1567.1,30,678960
2026-04-10T09:46:27.422,NF,BANKNIFTY28APR2655000CE,1568.7,1555.55,1588.0,1241.7,1182.6,538500,1477.67,1564.25,30,1569.35,60,678960
2026-04-10T09:46:28.821,NF,BANKNIFTY28APR2655000CE,1568.2,1555.55,1588.0,1241.7,1182.6,538650,1477.7,1563.45,180,1568.3,30,678960
2026-04-10T09:46:30.023,NF,BANKNIFTY28APR2655000CE,1568.3,1555.55,1588.0,1241.7,1182.6,538680,1477.7,1562.85,150,1569.1,180,678960
2026-04-10T09:46:31.226,NF,BANKNIFTY28APR2655000CE,1568.55,1555.55,1588.0,1241.7,1182.6,538800,1477.72,1563.65,90,1568.45,120,678960
2026-04-10T09:46:32.428,NF,BANKNIFTY28APR2655000CE,1563.8,1555.55,1588.0,1241.7,1182.6,538830,1477.73,1565.85,60,1570.2,120,678960
2026-04-10T09:46:33.631,NF,BANKNIFTY28APR2655000CE,1567.9,1555.55,1588.0,1241.7,1182.6,538860,1477.73,1567.45,30,1571.2,120,678960
2026-04-10T09:46:34.833,NF,BANKNIFTY28APR2655000CE,1576.95,1555.55,1588.0,1241.7,1182.6,539460,1477.84,1572.35,60,1576.95,90,678960
2026-04-10T09:46:36.232,NF,BANKNIFTY28APR2655000CE,1576.75,1555.55,1588.0,1241.7,1182.6,539610,1477.87,1571.4,30,1576.75,120,678960
2026-04-10T09:46:37.441,NF,BANKNIFTY28APR2655000CE,1574.75,1555.55,1588.0,1241.7,1182.6,539850,1477.91,1570.15,60,1575.6,150,678960
2026-04-10T09:46:38.655,NF,BANKNIFTY28APR2655000CE,1575.55,1555.55,1588.0,1241.7,1182.6,539910,1477.92,1570.15,60,1576.0,30,678960
2026-04-10T09:46:39.841,NF,BANKNIFTY28APR2655000CE,1575.3,1555.55,1588.0,1241.7,1182.6,539940,1477.93,1569.95,30,1575.9,90,678960
2026-04-10T09:46:41.240,NF,BANKNIFTY28APR2655000CE,1574.25,1555.55,1588.0,1241.7,1182.6,540030,1477.94,1569.65,60,1574.9,120,678960
2026-04-10T09:46:43.646,NF,BANKNIFTY28APR2655000CE,1569.55,1555.55,1588.0,1241.7,1182.6,540180,1477.97,1568.65,30,1571.5,150,678960
2026-04-10T09:46:44.847,NF,BANKNIFTY28APR2655000CE,1571.7,1555.55,1588.0,1241.7,1182.6,540300,1477.99,1568.75,90,1572.7,120,678960
2026-04-10T09:46:46.056,NF,BANKNIFTY28APR2655000CE,1572.85,1555.55,1588.0,1241.7,1182.6,540450,1478.02,1568.75,30,1573.0,300,678960
2026-04-10T09:46:47.449,NF,BANKNIFTY28APR2655000CE,1572.8,1555.55,1588.0,1241.7,1182.6,540600,1478.04,1568.7,90,1572.8,150,678960
2026-04-10T09:46:48.652,NF,BANKNIFTY28APR2655000CE,1572.85,1555.55,1588.0,1241.7,1182.6,540630,1478.05,1571.75,30,1573.8,150,678960
2026-04-10T09:46:49.854,NF,BANKNIFTY28APR2655000CE,1573.95,1555.55,1588.0,1241.7,1182.6,540720,1478.06,1571.75,30,1574.15,150,678960
2026-04-10T09:46:51.054,NF,BANKNIFTY28APR2655000CE,1573.95,1555.55,1588.0,1241.7,1182.6,540780,1478.07,1571.75,30,1573.95,240,678960
2026-04-10T09:46:52.261,NF,BANKNIFTY28APR2655000CE,1573.0,1555.55,1588.0,1241.7,1182.6,540900,1478.09,1568.9,30,1573.0,150,678960
2026-04-10T09:46:54.662,NF,BANKNIFTY28APR2655000CE,1572.45,1555.55,1588.0,1241.7,1182.6,540990,1478.11,1568.8,30,1572.5,240,678960
2026-04-10T09:46:55.864,NF,BANKNIFTY28APR2655000CE,1571.7,1555.55,1588.0,1241.7,1182.6,541200,1478.15,1568.8,30,1571.35,60,678960
2026-04-10T09:46:57.066,NF,BANKNIFTY28APR2655000CE,1571.75,1555.55,1588.0,1241.7,1182.6,541320,1478.17,1568.85,120,1572.45,150,678960
2026-04-10T09:46:58.294,NF,BANKNIFTY28APR2655000CE,1572.55,1555.55,1588.0,1241.7,1182.6,541380,1478.18,1569.55,30,1574.85,120,678960
2026-04-10T09:46:59.702,NF,BANKNIFTY28APR2655000CE,1576.75,1555.55,1588.0,1241.7,1182.6,541560,1478.21,1572.0,90,1576.9,120,678960
2026-04-10T09:47:00.869,NF,BANKNIFTY28APR2655000CE,1575.3,1555.55,1588.0,1241.7,1182.6,541710,1478.24,1572.0,30,1575.3,150,678960
2026-04-10T09:47:02.079,NF,BANKNIFTY28APR2655000CE,1574.0,1555.55,1588.0,1241.7,1182.6,542580,1478.39,1569.55,30,1574.15,60,678960
2026-04-10T09:47:03.278,NF,BANKNIFTY28APR2655000CE,1574.45,1555.55,1588.0,1241.7,1182.6,542640,1478.4,1569.8,90,1574.5,120,678960
2026-04-10T09:47:04.477,NF,BANKNIFTY28APR2655000CE,1575.15,1555.55,1588.0,1241.7,1182.6,542700,1478.41,1571.75,60,1576.2,120,678960
2026-04-10T09:47:05.876,NF,BANKNIFTY28APR2655000CE,1576.8,1555.55,1588.0,1241.7,1182.6,542880,1478.44,1571.65,90,1577.05,150,678960
2026-04-10T09:47:07.079,NF,BANKNIFTY28APR2655000CE,1571.25,1555.55,1588.0,1241.7,1182.6,543060,1478.47,1571.15,60,1575.95,120,678960
2026-04-10T09:47:08.307,NF,BANKNIFTY28APR2655000CE,1575.15,1555.55,1588.0,1241.7,1182.6,543180,1478.5,1571.55,120,1576.2,660,678960
2026-04-10T09:47:09.485,NF,BANKNIFTY28APR2655000CE,1576.2,1555.55,1588.0,1241.7,1182.6,543240,1478.51,1572.3,120,1577.1,150,678960
2026-04-10T09:47:12.085,NF,BANKNIFTY28APR2655000CE,1575.9,1555.55,1588.0,1241.7,1182.6,543270,1478.51,1571.95,150,1575.9,630,678960
2026-04-10T09:47:13.288,NF,BANKNIFTY28APR2655000CE,1572.15,1555.55,1588.0,1241.7,1182.6,543420,1478.54,1572.15,60,1575.55,60,678960
2026-04-10T09:47:14.492,NF,BANKNIFTY28APR2655000CE,1576.8,1555.55,1588.0,1241.7,1182.6,543900,1478.62,1572.4,90,1577.75,120,678960
2026-04-10T09:47:19.503,NF,BANKNIFTY28APR2655000CE,1574.0,1555.55,1588.0,1241.7,1182.6,544110,1478.66,1574.1,30,1577.0,120,678960
2026-04-10T09:47:20.703,NF,BANKNIFTY28APR2655000CE,1575.0,1555.55,1588.0,1241.7,1182.6,544170,1478.67,1574.2,90,1579.5,120,678960
2026-04-10T09:47:21.902,NF,BANKNIFTY28APR2655000CE,1575.75,1555.55,1588.0,1241.7,1182.6,544230,1478.68,1575.65,90,1580.0,750,678960
2026-04-10T09:47:23.102,NF,BANKNIFTY28APR2655000CE,1574.1,1555.55,1588.0,1241.7,1182.6,544260,1478.69,1573.95,30,1577.6,150,678960
2026-04-10T09:47:24.306,NF,BANKNIFTY28APR2655000CE,1573.95,1555.55,1588.0,1241.7,1182.6,544290,1478.69,1571.7,60,1577.0,180,678960
2026-04-10T09:47:25.509,NF,BANKNIFTY28APR2655000CE,1574.7,1555.55,1588.0,1241.7,1182.6,544440,1478.72,1571.35,30,1575.45,30,678960
2026-04-10T09:47:26.710,NF,BANKNIFTY28APR2655000CE,1574.45,1555.55,1588.0,1241.7,1182.6,544500,1478.73,1572.05,30,1574.55,150,678960
2026-04-10T09:47:28.115,NF,BANKNIFTY28APR2655000CE,1572.4,1555.55,1588.0,1241.7,1182.6,544770,1478.78,1569.7,30,1572.5,60,678960
2026-04-10T09:47:29.311,NF,BANKNIFTY28APR2655000CE,1572.8,1555.55,1588.0,1241.7,1182.6,544830,1478.79,1569.65,60,1573.3,210,678960
2026-04-10T09:47:30.528,NF,BANKNIFTY28APR2655000CE,1569.8,1555.55,1588.0,1241.7,1182.6,544860,1478.79,1569.9,90,1575.65,60,678960
2026-04-10T09:47:31.716,NF,BANKNIFTY28APR2655000CE,1569.65,1555.55,1588.0,1241.7,1182.6,544890,1478.8,1569.85,30,1574.15,180,678960
2026-04-10T09:47:32.926,NF,BANKNIFTY28APR2655000CE,1574.15,1555.55,1588.0,1241.7,1182.6,544980,1478.81,1570.4,150,1574.5,600,678960
2026-04-10T09:47:34.326,NF,BANKNIFTY28APR2655000CE,1575.65,1555.55,1588.0,1241.7,1182.6,545070,1478.83,1572.1,150,1576.95,60,678960
2026-04-10T09:47:35.520,NF,BANKNIFTY28APR2655000CE,1578.6,1555.55,1588.0,1241.7,1182.6,545310,1478.87,1572.2,120,1576.75,180,678960
2026-04-10T09:47:36.726,NF,BANKNIFTY28APR2655000CE,1577.5,1555.55,1588.0,1241.7,1182.6,545460,1478.9,1573.15,120,1577.75,150,678960
2026-04-10T09:47:37.931,NF,BANKNIFTY28APR2655000CE,1577.55,1555.55,1588.0,1241.7,1182.6,545670,1478.94,1577.45,30,1583.6,150,678960
2026-04-10T09:47:39.129,NF,BANKNIFTY28APR2655000CE,1577.95,1555.55,1588.0,1241.7,1182.6,545730,1478.95,1576.55,60,1582.05,60,678960
2026-04-10T09:47:41.729,NF,BANKNIFTY28APR2655000CE,1576.9,1555.55,1588.0,1241.7,1182.6,545790,1478.96,1575.6,60,1579.8,150,678960
2026-04-10T09:47:42.932,NF,BANKNIFTY28APR2655000CE,1576.45,1555.55,1588.0,1241.7,1182.6,546030,1479.0,1573.8,30,1579.5,120,678960
2026-04-10T09:47:44.135,NF,BANKNIFTY28APR2655000CE,1579.9,1555.55,1588.0,1241.7,1182.6,546060,1479.01,1573.8,60,1578.8,120,678960
2026-04-10T09:47:45.533,NF,BANKNIFTY28APR2655000CE,1573.2,1555.55,1588.0,1241.7,1182.6,546240,1479.04,1573.85,60,1579.1,150,678960
2026-04-10T09:47:47.941,NF,BANKNIFTY28APR2655000CE,1577.0,1555.55,1588.0,1241.7,1182.6,546270,1479.04,1573.3,210,1576.7,60,678960
2026-04-10T09:47:49.170,NF,BANKNIFTY28APR2655000CE,1576.2,1555.55,1588.0,1241.7,1182.6,546300,1479.05,1573.3,210,1576.2,660,678960
2026-04-10T09:47:50.346,NF,BANKNIFTY28APR2655000CE,1576.15,1555.55,1588.0,1241.7,1182.6,546450,1479.08,1573.3,210,1576.1,60,678960
2026-04-10T09:47:53.951,NF,BANKNIFTY28APR2655000CE,1573.3,1555.55,1588.0,1241.7,1182.6,546690,1479.12,1570.1,30,1573.2,30,678960
2026-04-10T09:47:55.353,NF,BANKNIFTY28APR2655000CE,1571.15,1555.55,1588.0,1241.7,1182.6,546990,1479.17,1565.95,150,1571.2,30,678960
2026-04-10T09:47:56.555,NF,BANKNIFTY28APR2655000CE,1571.25,1555.55,1588.0,1241.7,1182.6,547020,1479.17,1567.5,150,1572.9,120,678960
2026-04-10T09:48:00.167,NF,BANKNIFTY28APR2655000CE,1574.85,1555.55,1588.0,1241.7,1182.6,548520,1479.43,1570.4,30,1576.15,330,678960
2026-04-10T09:48:01.589,NF,BANKNIFTY28APR2655000CE,1573.55,1555.55,1588.0,1241.7,1182.6,548730,1479.47,1574.05,30,1576.15,30,678960
2026-04-10T09:48:02.767,NF,BANKNIFTY28APR2655000CE,1576.15,1555.55,1588.0,1241.7,1182.6,548760,1479.48,1573.45,90,1578.5,60,678960
2026-04-10T09:48:06.611,NF,BANKNIFTY28APR2655000CE,1574.55,1555.55,1588.0,1241.7,1182.6,549000,1479.52,1570.4,210,1573.7,330,678960
2026-04-10T09:48:07.772,NF,BANKNIFTY28APR2655000CE,1575.0,1555.55,1588.0,1241.7,1182.6,549030,1479.52,1570.7,90,1575.85,720,678960
2026-04-10T09:48:08.979,NF,BANKNIFTY28APR2655000CE,1574.55,1555.55,1588.0,1241.7,1182.6,549180,1479.55,1570.45,30,1573.15,120,678960
2026-04-10T09:48:11.381,NF,BANKNIFTY28APR2655000CE,1570.5,1555.55,1588.0,1241.7,1182.6,549210,1479.55,1570.45,30,1572.85,180,678960
2026-04-10T09:48:12.786,NF,BANKNIFTY28APR2655000CE,1573.6,1555.55,1588.0,1241.7,1182.6,549300,1479.57,1570.45,30,1574.35,90,678960
2026-04-10T09:48:13.982,NF,BANKNIFTY28APR2655000CE,1574.55,1555.55,1588.0,1241.7,1182.6,549930,1479.68,1570.75,30,1574.6,60,678960
2026-04-10T09:48:16.386,NF,BANKNIFTY28APR2655000CE,1575.0,1555.55,1588.0,1241.7,1182.6,550080,1479.7,1570.6,60,1575.45,30,678960
2026-04-10T09:48:17.592,NF,BANKNIFTY28APR2655000CE,1574.0,1555.55,1588.0,1241.7,1182.6,550200,1479.72,1570.55,30,1574.0,90,678960
2026-04-10T09:48:18.987,NF,BANKNIFTY28APR2655000CE,1575.0,1555.55,1588.0,1241.7,1182.6,550320,1479.75,1571.0,30,1576.05,120,678960
2026-04-10T09:48:20.189,NF,BANKNIFTY28APR2655000CE,1576.15,1555.55,1588.0,1241.7,1182.6,550590,1479.79,1576.15,30,1578.6,150,678960
2026-04-10T09:48:21.392,NF,BANKNIFTY28APR2655000CE,1580.0,1555.55,1588.0,1241.7,1182.6,550680,1479.81,1577.35,30,1580.0,720,678960
2026-04-10T09:48:22.597,NF,BANKNIFTY28APR2655000CE,1580.0,1555.55,1588.0,1241.7,1182.6,550740,1479.82,1577.05,210,1580.0,660,678960
2026-04-10T09:48:23.994,NF,BANKNIFTY28APR2655000CE,1582.15,1555.55,1588.0,1241.7,1182.6,551460,1479.95,1579.05,120,1582.15,120,678960
2026-04-10T09:48:25.199,NF,BANKNIFTY28APR2655000CE,1578.5,1555.55,1588.0,1241.7,1182.6,551520,1479.96,1579.0,90,1582.15,120,678960
2026-04-10T09:48:26.405,NF,BANKNIFTY28APR2655000CE,1582.15,1555.55,1588.0,1241.7,1182.6,551610,1479.98,1582.15,90,1583.0,600,678960
2026-04-10T09:48:27.616,NF,BANKNIFTY28APR2655000CE,1584.8,1555.55,1588.0,1241.7,1182.6,552510,1480.15,1584.35,30,1585.0,1470,678960
2026-04-10T09:48:28.814,NF,BANKNIFTY28APR2655000CE,1582.15,1555.55,1588.0,1241.7,1182.6,552960,1480.23,1579.4,120,1584.05,90,678960
2026-04-10T09:48:30.204,NF,BANKNIFTY28APR2655000CE,1585.0,1555.55,1588.0,1241.7,1182.6,552990,1480.24,1580.45,60,1585.0,1080,678960
2026-04-10T09:48:31.406,NF,BANKNIFTY28APR2655000CE,1588.0,1555.55,1588.0,1241.7,1182.6,554460,1480.52,1582.4,60,1586.95,30,678960
2026-04-10T09:48:32.609,NF,BANKNIFTY28APR2655000CE,1593.1,1555.55,1593.1,1241.7,1182.6,559020,1481.4,1588.65,30,1593.3,60,678960
2026-04-10T09:48:33.815,NF,BANKNIFTY28APR2655000CE,1593.6,1555.55,1594.05,1241.7,1182.6,561450,1481.88,1588.2,30,1593.2,60,678960
2026-04-10T09:48:35.211,NF,BANKNIFTY28APR2655000CE,1595.0,1555.55,1595.0,1241.7,1182.6,564510,1482.49,1588.25,90,1593.55,30,678960
2026-04-10T09:48:36.424,NF,BANKNIFTY28APR2655000CE,1603.95,1555.55,1608.65,1241.7,1182.6,566910,1482.99,1603.8,120,1608.65,180,678960
2026-04-10T09:48:37.615,NF,BANKNIFTY28APR2655000CE,1604.55,1555.55,1609.9,1241.7,1182.6,568530,1483.35,1598.8,30,1604.45,120,678960
2026-04-10T09:48:38.817,NF,BANKNIFTY28APR2655000CE,1597.4,1555.55,1609.9,1241.7,1182.6,568560,1483.35,1596.35,120,1602.8,60,678960
2026-04-10T09:48:40.217,NF,BANKNIFTY28APR2655000CE,1601.5,1555.55,1609.9,1241.7,1182.6,568830,1483.41,1596.7,180,1603.35,90,678960
2026-04-10T09:48:41.426,NF,BANKNIFTY28APR2655000CE,1602.0,1555.55,1609.9,1241.7,1182.6,568950,1483.43,1596.25,30,1602.15,60,678960
2026-04-10T09:48:42.661,NF,BANKNIFTY28APR2655000CE,1600.25,1555.55,1609.9,1241.7,1182.6,569220,1483.49,1594.95,30,1601.0,30,678960
2026-04-10T09:48:43.827,NF,BANKNIFTY28APR2655000CE,1601.05,1555.55,1609.9,1241.7,1182.6,569340,1483.51,1595.15,30,1600.85,30,678960
2026-04-10T09:48:45.237,NF,BANKNIFTY28APR2655000CE,1595.0,1555.55,1609.9,1241.7,1182.6,569550,1483.55,1594.35,30,1599.95,60,678960
2026-04-10T09:48:46.429,NF,BANKNIFTY28APR2655000CE,1594.25,1555.55,1609.9,1241.7,1182.6,569670,1483.58,1593.8,180,1599.75,30,678960
2026-04-10T09:48:47.632,NF,BANKNIFTY28APR2655000CE,1592.75,1555.55,1609.9,1241.7,1182.6,569730,1483.59,1593.0,90,1598.6,30,678960
2026-04-10T09:48:48.847,NF,BANKNIFTY28APR2655000CE,1598.6,1555.55,1609.9,1241.7,1182.6,569820,1483.61,1593.6,30,1598.05,390,678960
2026-04-10T09:48:50.068,NF,BANKNIFTY28APR2655000CE,1598.4,1555.55,1609.9,1241.7,1182.6,569880,1483.62,1593.75,30,1598.9,600,678960
2026-04-10T09:48:51.244,NF,BANKNIFTY28APR2655000CE,1593.2,1555.55,1609.9,1241.7,1182.6,569940,1483.63,1592.6,60,1598.45,120,678960
2026-04-10T09:48:53.840,NF,BANKNIFTY28APR2655000CE,1587.3,1555.55,1609.9,1241.7,1182.6,570600,1483.76,1580.0,120,1583.85,120,678960
2026-04-10T09:48:55.042,NF,BANKNIFTY28APR2655000CE,1580.0,1555.55,1609.9,1241.7,1182.6,570690,1483.77,1578.1,30,1581.95,30,678960
2026-04-10T09:48:56.247,NF,BANKNIFTY28APR2655000CE,1583.7,1555.55,1609.9,1241.7,1182.6,570840,1483.8,1578.95,180,1584.55,60,678960
2026-04-10T09:48:57.448,NF,BANKNIFTY28APR2655000CE,1578.0,1555.55,1609.9,1241.7,1182.6,571080,1483.84,1575.2,60,1579.95,30,678960
2026-04-10T09:48:58.849,NF,BANKNIFTY28APR2655000CE,1574.55,1555.55,1609.9,1241.7,1182.6,571260,1483.87,1570.0,30,1575.35,30,678960
2026-04-10T09:49:00.049,NF,BANKNIFTY28APR2655000CE,1574.25,1555.55,1609.9,1241.7,1182.6,571410,1483.89,1568.25,30,1572.3,90,678960
2026-04-10T09:49:01.253,NF,BANKNIFTY28APR2655000CE,1567.25,1555.55,1609.9,1241.7,1182.6,571650,1483.93,1567.0,30,1571.6,120,678960
2026-04-10T09:49:02.459,NF,BANKNIFTY28APR2655000CE,1564.1,1555.55,1609.9,1241.7,1182.6,572250,1484.01,1564.25,120,1569.55,60,678960
2026-04-10T09:49:03.856,NF,BANKNIFTY28APR2655000CE,1565.4,1555.55,1609.9,1241.7,1182.6,572430,1484.04,1564.4,210,1569.15,30,678960
2026-04-10T09:49:05.058,NF,BANKNIFTY28APR2655000CE,1571.65,1555.55,1609.9,1241.7,1182.6,572550,1484.06,1565.2,60,1570.7,30,678960
2026-04-10T09:49:07.464,NF,BANKNIFTY28APR2655000CE,1569.8,1555.55,1609.9,1241.7,1182.6,572670,1484.07,1566.0,90,1571.1,120,678960
2026-04-10T09:49:08.862,NF,BANKNIFTY28APR2655000CE,1566.4,1555.55,1609.9,1241.7,1182.6,572730,1484.08,1565.35,30,1571.1,30,678960
2026-04-10T09:49:10.070,NF,BANKNIFTY28APR2655000CE,1565.0,1555.55,1609.9,1241.7,1182.6,572880,1484.1,1564.1,300,1568.8,30,678960
2026-04-10T09:49:11.317,NF,BANKNIFTY28APR2655000CE,1554.25,1555.55,1609.9,1241.7,1182.6,573630,1484.21,1550.0,120,1555.05,120,678960
2026-04-10T09:49:12.471,NF,BANKNIFTY28APR2655000CE,1550.9,1555.55,1609.9,1241.7,1182.6,575700,1484.46,1551.2,30,1556.5,90,678960
2026-04-10T09:49:15.072,NF,BANKNIFTY28APR2655000CE,1557.2,1555.55,1609.9,1241.7,1182.6,576030,1484.5,1553.15,30,1558.6,30,677580
2026-04-10T09:49:16.275,NF,BANKNIFTY28APR2655000CE,1556.55,1555.55,1609.9,1241.7,1182.6,576300,1484.54,1551.35,90,1557.15,120,677580
2026-04-10T09:49:17.484,NF,BANKNIFTY28APR2655000CE,1553.15,1555.55,1609.9,1241.7,1182.6,576690,1484.58,1552.65,90,1557.75,90,677580
2026-04-10T09:49:18.876,NF,BANKNIFTY28APR2655000CE,1556.2,1555.55,1609.9,1241.7,1182.6,576840,1484.6,1557.55,150,1561.95,120,677580
2026-04-10T09:49:20.080,NF,BANKNIFTY28APR2655000CE,1557.95,1555.55,1609.9,1241.7,1182.6,576960,1484.62,1558.0,30,1562.0,30,677580
2026-04-10T09:49:21.284,NF,BANKNIFTY28APR2655000CE,1556.75,1555.55,1609.9,1241.7,1182.6,577140,1484.64,1557.35,30,1562.0,150,677580
2026-04-10T09:49:22.488,NF,BANKNIFTY28APR2655000CE,1556.85,1555.55,1609.9,1241.7,1182.6,578310,1484.79,1556.65,60,1561.65,90,677580
2026-04-10T09:49:23.885,NF,BANKNIFTY28APR2655000CE,1559.95,1555.55,1609.9,1241.7,1182.6,578820,1484.85,1554.15,90,1560.1,270,677580
2026-04-10T09:49:26.291,NF,BANKNIFTY28APR2655000CE,1555.35,1555.55,1609.9,1241.7,1182.6,579270,1484.91,1556.25,60,1561.45,120,677580
2026-04-10T09:49:27.505,NF,BANKNIFTY28APR2655000CE,1556.3,1555.55,1609.9,1241.7,1182.6,579510,1484.93,1556.95,30,1562.35,120,677580
2026-04-10T09:49:31.298,NF,BANKNIFTY28APR2655000CE,1560.95,1555.55,1609.9,1241.7,1182.6,579630,1484.95,1561.45,120,1566.75,120,677580
2026-04-10T09:49:32.502,NF,BANKNIFTY28APR2655000CE,1565.4,1555.55,1609.9,1241.7,1182.6,579720,1484.96,1567.2,60,1571.85,60,677580
2026-04-10T09:49:41.315,NF,BANKNIFTY28APR2655000CE,1570.7,1555.55,1609.9,1241.7,1182.6,579900,1484.99,1570.25,60,1576.3,180,677580
2026-04-10T09:49:45.122,NF,BANKNIFTY28APR2655000CE,1572.25,1555.55,1609.9,1241.7,1182.6,579930,1485.0,1568.15,120,1574.65,30,677580
2026-04-10T09:49:46.328,NF,BANKNIFTY28APR2655000CE,1577.6,1555.55,1609.9,1241.7,1182.6,579960,1485.0,1578.45,120,1583.5,90,677580
2026-04-10T09:49:47.527,NF,BANKNIFTY28APR2655000CE,1583.85,1555.55,1609.9,1241.7,1182.6,579990,1485.01,1576.8,120,1582.2,30,677580
2026-04-10T09:49:48.728,NF,BANKNIFTY28APR2655000CE,1583.3,1555.55,1609.9,1241.7,1182.6,580020,1485.01,1578.9,60,1583.7,60,677580
2026-04-10T09:49:51.132,NF,BANKNIFTY28APR2655000CE,1580.0,1555.55,1609.9,1241.7,1182.6,580050,1485.02,1570.6,120,1575.85,30,677580
2026-04-10T09:49:54.745,NF,BANKNIFTY28APR2655000CE,1575.0,1555.55,1609.9,1241.7,1182.6,580140,1485.03,1573.9,60,1579.15,60,677580
2026-04-10T09:49:58.555,NF,BANKNIFTY28APR2655000CE,1572.15,1555.55,1609.9,1241.7,1182.6,580170,1485.03,1575.55,120,1580.0,150,677580
2026-04-10T09:50:00.948,NF,BANKNIFTY28APR2655000CE,1580.0,1555.55,1609.9,1241.7,1182.6,580200,1485.04,1576.5,120,1580.0,90,677580
2026-04-10T09:50:02.151,NF,BANKNIFTY28APR2655000CE,1584.9,1555.55,1609.9,1241.7,1182.6,580320,1485.06,1582.5,30,1585.0,90,677580
2026-04-10T09:50:05.960,NF,BANKNIFTY28APR2655000CE,1583.0,1555.55,1609.9,1241.7,1182.6,580410,1485.07,1581.1,30,1586.15,60,677580
2026-04-10T09:50:08.558,NF,BANKNIFTY28APR2655000CE,1588.0,1555.55,1609.9,1241.7,1182.6,580440,1485.08,1590.05,180,1595.85,60,677580
2026-04-10T09:50:09.758,NF,BANKNIFTY28APR2655000CE,1594.4,1555.55,1609.9,1241.7,1182.6,580500,1485.09,1593.9,60,1599.0,180,677580
2026-04-10T09:50:10.962,NF,BANKNIFTY28APR2655000CE,1594.35,1555.55,1609.9,1241.7,1182.6,580560,1485.1,1590.6,120,1595.9,30,677580
2026-04-10T09:50:12.169,NF,BANKNIFTY28APR2655000CE,1591.85,1555.55,1609.9,1241.7,1182.6,580620,1485.11,1584.9,150,1589.5,150,677580
2026-04-10T09:50:14.773,NF,BANKNIFTY28APR2655000CE,1591.6,1555.55,1609.9,1241.7,1182.6,580710,1485.13,1589.15,210,1593.75,60,677580
2026-04-10T09:50:15.970,NF,BANKNIFTY28APR2655000CE,1594.65,1555.55,1609.9,1241.7,1182.6,580770,1485.14,1589.95,120,1595.15,60,677580
2026-04-10T09:50:18.378,NF,BANKNIFTY28APR2655000CE,1599.0,1555.55,1609.9,1241.7,1182.6,580890,1485.16,1596.0,210,1599.0,90,677580
2026-04-10T09:50:19.579,NF,BANKNIFTY28APR2655000CE,1599.0,1555.55,1609.9,1241.7,1182.6,580920,1485.17,1595.1,180,1599.0,60,677580
2026-04-10T09:50:20.989,NF,BANKNIFTY28APR2655000CE,1600.0,1555.55,1609.9,1241.7,1182.6,581100,1485.21,1596.45,30,1600.0,90,677580
2026-04-10T09:50:22.188,NF,BANKNIFTY28APR2655000CE,1600.0,1555.55,1609.9,1241.7,1182.6,581130,1485.21,1595.3,120,1600.0,180,677580
2026-04-10T09:50:25.791,NF,BANKNIFTY28APR2655000CE,1596.7,1555.55,1609.9,1241.7,1182.6,581160,1485.22,1596.75,150,1600.0,60,677580
2026-04-10T09:50:27.184,NF,BANKNIFTY28APR2655000CE,1600.0,1555.55,1609.9,1241.7,1182.6,581220,1485.23,1598.65,60,1602.85,120,677580
2026-04-10T09:50:28.396,NF,BANKNIFTY28APR2655000CE,1599.95,1555.55,1609.9,1241.7,1182.6,581370,1485.26,1599.55,180,1604.65,60,677580
2026-04-10T09:50:29.588,NF,BANKNIFTY28APR2655000CE,1599.75,1555.55,1609.9,1241.7,1182.6,581490,1485.28,1599.25,60,1604.75,30,677580
2026-04-10T09:50:30.803,NF,BANKNIFTY28APR2655000CE,1599.35,1555.55,1609.9,1241.7,1182.6,581520,1485.29,1597.45,90,1601.8,30,677580
2026-04-10T09:50:32.190,NF,BANKNIFTY28APR2655000CE,1599.2,1555.55,1609.9,1241.7,1182.6,581610,1485.31,1595.05,60,1599.35,30,677580
2026-04-10T09:50:33.396,NF,BANKNIFTY28APR2655000CE,1598.0,1555.55,1609.9,1241.7,1182.6,581850,1485.35,1596.4,120,1601.25,60,677580
2026-04-10T09:50:34.596,NF,BANKNIFTY28APR2655000CE,1596.95,1555.55,1609.9,1241.7,1182.6,581910,1485.36,1595.6,120,1599.95,60,677580
2026-04-10T09:50:35.798,NF,BANKNIFTY28APR2655000CE,1599.7,1555.55,1609.9,1241.7,1182.6,582000,1485.38,1595.05,120,1599.75,60,677580
2026-04-10T09:50:37.000,NF,BANKNIFTY28APR2655000CE,1596.95,1555.55,1609.9,1241.7,1182.6,582090,1485.4,1596.7,90,1599.65,30,677580
2026-04-10T09:50:38.201,NF,BANKNIFTY28APR2655000CE,1599.65,1555.55,1609.9,1241.7,1182.6,582150,1485.41,1598.15,30,1603.95,60,677580
2026-04-10T09:50:40.612,NF,BANKNIFTY28APR2655000CE,1598.0,1555.55,1609.9,1241.7,1182.6,582330,1485.44,1594.1,90,1599.45,120,677580
2026-04-10T09:50:44.426,NF,BANKNIFTY28APR2655000CE,1593.9,1555.55,1609.9,1241.7,1182.6,582360,1485.45,1593.8,150,1598.65,30,677580
2026-04-10T09:50:45.613,NF,BANKNIFTY28APR2655000CE,1597.9,1555.55,1609.9,1241.7,1182.6,582480,1485.47,1593.5,60,1598.0,180,677580
2026-04-10T09:50:46.816,NF,BANKNIFTY28APR2655000CE,1595.6,1555.55,1609.9,1241.7,1182.6,582600,1485.5,1591.85,30,1595.6,30,677580
2026-04-10T09:50:48.214,NF,BANKNIFTY28APR2655000CE,1591.85,1555.55,1609.9,1241.7,1182.6,582630,1485.5,1588.15,120,1592.85,30,677580
2026-04-10T09:50:52.021,NF,BANKNIFTY28APR2655000CE,1600.0,1555.55,1609.9,1241.7,1182.6,583770,1485.71,1596.35,120,1600.0,60,677580
2026-04-10T09:50:54.435,NF,BANKNIFTY28APR2655000CE,1602.15,1555.55,1609.9,1241.7,1182.6,583860,1485.73,1595.8,150,1601.65,60,677580
2026-04-10T09:50:55.825,NF,BANKNIFTY28APR2655000CE,1595.75,1555.55,1609.9,1241.7,1182.6,583980,1485.75,1595.0,240,1598.75,30,677580
2026-04-10T09:50:57.027,NF,BANKNIFTY28APR2655000CE,1598.75,1555.55,1609.9,1241.7,1182.6,584040,1485.77,1594.2,120,1599.1,30,677580
2026-04-10T09:50:58.236,NF,BANKNIFTY28APR2655000CE,1596.6,1555.55,1609.9,1241.7,1182.6,584100,1485.78,1591.65,90,1596.65,60,677580
2026-04-10T09:51:00.835,NF,BANKNIFTY28APR2655000CE,1597.35,1555.55,1609.9,1241.7,1182.6,584130,1485.78,1590.95,120,1596.55,60,677580
2026-04-10T09:51:04.442,NF,BANKNIFTY28APR2655000CE,1595.0,1555.55,1609.9,1241.7,1182.6,584160,1485.79,1591.5,120,1597.9,60,677580
2026-04-10T09:51:08.255,NF,BANKNIFTY28APR2655000CE,1596.05,1555.55,1609.9,1241.7,1182.6,584190,1485.79,1591.45,30,1596.0,90,677580
2026-04-10T09:51:09.447,NF,BANKNIFTY28APR2655000CE,1596.0,1555.55,1609.9,1241.7,1182.6,584250,1485.81,1591.45,30,1596.0,60,677580
2026-04-10T09:51:10.852,NF,BANKNIFTY28APR2655000CE,1597.95,1555.55,1609.9,1241.7,1182.6,584400,1485.83,1592.65,60,1598.0,60,677580
2026-04-10T09:51:12.057,NF,BANKNIFTY28APR2655000CE,1590.55,1555.55,1609.9,1241.7,1182.6,584730,1485.89,1590.3,330,1595.75,60,677580
2026-04-10T09:51:13.251,NF,BANKNIFTY28APR2655000CE,1592.05,1555.55,1609.9,1241.7,1182.6,584940,1485.93,1588.0,120,1592.1,660,677580
2026-04-10T09:51:14.453,NF,BANKNIFTY28APR2655000CE,1592.55,1555.55,1609.9,1241.7,1182.6,585120,1485.96,1588.0,90,1593.1,30,677580
2026-04-10T09:51:15.855,NF,BANKNIFTY28APR2655000CE,1592.4,1555.55,1609.9,1241.7,1182.6,585240,1485.99,1591.5,180,1596.35,630,677580
2026-04-10T09:51:17.079,NF,BANKNIFTY28APR2655000CE,1597.15,1555.55,1609.9,1241.7,1182.6,585360,1486.01,1593.3,90,1598.5,120,677580
2026-04-10T09:51:18.257,NF,BANKNIFTY28APR2655000CE,1593.3,1555.55,1609.9,1241.7,1182.6,585390,1486.01,1590.6,30,1595.0,30,677580
2026-04-10T09:51:19.460,NF,BANKNIFTY28APR2655000CE,1589.0,1555.55,1609.9,1241.7,1182.6,586350,1486.18,1589.9,30,1595.4,60,677580
2026-04-10T09:51:24.484,NF,BANKNIFTY28APR2655000CE,1590.0,1555.55,1609.9,1241.7,1182.6,586440,1486.2,1585.25,60,1591.1,30,677580
2026-04-10T09:51:27.069,NF,BANKNIFTY28APR2655000CE,1586.2,1555.55,1609.9,1241.7,1182.6,586500,1486.21,1586.05,180,1591.35,240,677580
2026-04-10T09:51:29.475,NF,BANKNIFTY28APR2655000CE,1584.0,1555.55,1609.9,1241.7,1182.6,586740,1486.25,1577.55,60,1583.1,210,677580
2026-04-10T09:51:30.874,NF,BANKNIFTY28APR2655000CE,1575.85,1555.55,1609.9,1241.7,1182.6,586770,1486.26,1575.9,60,1580.25,60,677580
2026-04-10T09:51:43.299,NF,BANKNIFTY28APR2655000CE,1578.65,1555.55,1609.9,1241.7,1182.6,586920,1486.28,1573.5,30,1578.95,60,677580
2026-04-10T09:51:44.498,NF,BANKNIFTY28APR2655000CE,1575.85,1555.55,1609.9,1241.7,1182.6,586950,1486.28,1574.3,60,1579.7,270,677580
2026-04-10T09:51:45.897,NF,BANKNIFTY28APR2655000CE,1580.0,1555.55,1609.9,1241.7,1182.6,587010,1486.29,1577.95,30,1582.85,90,677580
2026-04-10T09:51:47.099,NF,BANKNIFTY28APR2655000CE,1593.75,1555.55,1609.9,1241.7,1182.6,587880,1486.44,1585.4,30,1591.4,210,677580
2026-04-10T09:51:48.305,NF,BANKNIFTY28APR2655000CE,1591.3,1555.55,1609.9,1241.7,1182.6,587970,1486.46,1585.35,30,1590.75,60,677580
2026-04-10T09:51:49.505,NF,BANKNIFTY28APR2655000CE,1584.9,1555.55,1609.9,1241.7,1182.6,588030,1486.47,1585.3,90,1590.95,180,677580
2026-04-10T09:51:50.717,NF,BANKNIFTY28APR2655000CE,1584.2,1555.55,1609.9,1241.7,1182.6,588150,1486.49,1584.25,30,1590.25,120,677580
2026-04-10T09:51:53.120,NF,BANKNIFTY28APR2655000CE,1589.95,1555.55,1609.9,1241.7,1182.6,588180,1486.5,1583.6,30,1588.85,30,677580
2026-04-10T09:51:54.316,NF,BANKNIFTY28APR2655000CE,1584.35,1555.55,1609.9,1241.7,1182.6,588390,1486.53,1579.0,150,1584.85,210,677580
2026-04-10T09:51:55.714,NF,BANKNIFTY28APR2655000CE,1578.7,1555.55,1609.9,1241.7,1182.6,588420,1486.53,1579.9,90,1585.25,180,677580
2026-04-10T09:51:56.913,NF,BANKNIFTY28APR2655000CE,1584.15,1555.55,1609.9,1241.7,1182.6,588450,1486.54,1578.45,120,1584.3,180,677580
2026-04-10T09:51:58.121,NF,BANKNIFTY28APR2655000CE,1583.1,1555.55,1609.9,1241.7,1182.6,588480,1486.54,1578.25,60,1583.4,30,677580
2026-04-10T09:51:59.333,NF,BANKNIFTY28APR2655000CE,1586.7,1555.55,1609.9,1241.7,1182.6,588540,1486.55,1581.1,150,1586.65,60,677580
2026-04-10T09:52:00.521,NF,BANKNIFTY28APR2655000CE,1586.45,1555.55,1609.9,1241.7,1182.6,588570,1486.56,1581.2,120,1587.5,180,677580
2026-04-10T09:52:01.934,NF,BANKNIFTY28APR2655000CE,1588.25,1555.55,1609.9,1241.7,1182.6,588600,1486.57,1581.55,150,1586.9,60,677580
2026-04-10T09:52:04.353,NF,BANKNIFTY28APR2655000CE,1584.15,1555.55,1609.9,1241.7,1182.6,588630,1486.57,1581.1,120,1586.85,30,677580
2026-04-10T09:52:09.374,NF,BANKNIFTY28APR2655000CE,1585.0,1555.55,1609.9,1241.7,1182.6,588720,1486.59,1580.85,120,1587.25,60,677580
2026-04-10T09:52:14.358,NF,BANKNIFTY28APR2655000CE,1589.95,1555.55,1609.9,1241.7,1182.6,588750,1486.59,1589.25,120,1593.0,30,677070
2026-04-10T09:52:15.543,NF,BANKNIFTY28APR2655000CE,1592.9,1555.55,1609.9,1241.7,1182.6,588780,1486.6,1587.1,30,1592.9,120,677070
2026-04-10T09:52:24.360,NF,BANKNIFTY28APR2655000CE,1585.3,1555.55,1609.9,1241.7,1182.6,588810,1486.6,1585.4,60,1591.0,30,677070
2026-04-10T09:52:34.183,NF,BANKNIFTY28APR2655000CE,1585.6,1555.55,1609.9,1241.7,1182.6,588840,1486.61,1585.3,150,1589.95,60,677070
2026-04-10T09:52:36.579,NF,BANKNIFTY28APR2655000CE,1585.3,1555.55,1609.9,1241.7,1182.6,588990,1486.63,1582.7,120,1587.95,150,677070
2026-04-10T09:52:39.188,NF,BANKNIFTY28APR2655000CE,1582.75,1555.55,1609.9,1241.7,1182.6,589020,1486.64,1582.65,150,1588.3,30,677070
2026-04-10T09:52:40.383,NF,BANKNIFTY28APR2655000CE,1585.6,1555.55,1609.9,1241.7,1182.6,589080,1486.65,1585.05,150,1590.8,120,677070
2026-04-10T09:52:44.195,NF,BANKNIFTY28APR2655000CE,1585.3,1555.55,1609.9,1241.7,1182.6,589110,1486.65,1585.15,120,1590.4,120,677070
2026-04-10T09:53:17.445,NF,BANKNIFTY28APR2655000CE,1587.15,1555.55,1609.9,1241.7,1182.6,589230,1486.67,1582.65,150,1588.25,30,677070
2026-04-10T09:53:22.463,NF,BANKNIFTY28APR2655000CE,1589.4,1555.55,1609.9,1241.7,1182.6,589290,1486.68,1584.2,60,1590.4,120,677070
2026-04-10T09:53:27.461,NF,BANKNIFTY28APR2655000CE,1582.8,1555.55,1609.9,1241.7,1182.6,589410,1486.7,1585.1,60,1590.6,60,677070
2026-04-10T09:53:33.679,NF,BANKNIFTY28APR2655000CE,1583.5,1555.55,1609.9,1241.7,1182.6,589440,1486.71,1584.2,150,1589.0,150,677070
2026-04-10T09:53:38.678,NF,BANKNIFTY28APR2655000CE,1589.4,1555.55,1609.9,1241.7,1182.6,589620,1486.74,1587.25,30,1590.0,150,677070
2026-04-10T09:53:46.090,NF,BANKNIFTY28APR2655000CE,1583.7,1555.55,1609.9,1241.7,1182.6,589740,1486.76,1583.5,180,1588.95,60,677070
2026-04-10T09:53:49.904,NF,BANKNIFTY28APR2655000CE,1582.8,1555.55,1609.9,1241.7,1182.6,589800,1486.77,1582.75,90,1587.7,60,677070
2026-04-10T09:53:52.506,NF,BANKNIFTY28APR2655000CE,1584.85,1555.55,1609.9,1241.7,1182.6,589830,1486.77,1582.0,30,1585.0,150,677070
2026-04-10T09:53:53.900,NF,BANKNIFTY28APR2655000CE,1582.0,1555.55,1609.9,1241.7,1182.6,589920,1486.79,1580.0,30,1582.45,120,677070
2026-04-10T09:53:56.306,NF,BANKNIFTY28APR2655000CE,1585.0,1555.55,1609.9,1241.7,1182.6,590040,1486.81,1582.95,90,1585.0,180,677070
2026-04-10T09:53:58.909,NF,BANKNIFTY28APR2655000CE,1585.0,1555.55,1609.9,1241.7,1182.6,590220,1486.84,1580.2,180,1585.75,30,677070
2026-04-10T09:54:09.948,NF,BANKNIFTY28APR2655000CE,1586.25,1555.55,1609.9,1241.7,1182.6,590370,1486.86,1580.85,30,1586.3,60,677070
2026-04-10T09:54:12.526,NF,BANKNIFTY28APR2655000CE,1588.2,1555.55,1609.9,1241.7,1182.6,590460,1486.88,1586.25,30,1589.15,150,677070
2026-04-10T09:54:13.731,NF,BANKNIFTY28APR2655000CE,1586.25,1555.55,1609.9,1241.7,1182.6,590490,1486.88,1581.75,60,1586.95,180,677070
2026-04-10T09:54:14.938,NF,BANKNIFTY28APR2655000CE,1586.6,1555.55,1609.9,1241.7,1182.6,590520,1486.89,1580.6,120,1586.1,90,677070
2026-04-10T09:54:18.738,NF,BANKNIFTY28APR2655000CE,1582.4,1555.55,1609.9,1241.7,1182.6,590700,1486.92,1582.5,30,1585.5,180,677070
2026-04-10T09:54:19.940,NF,BANKNIFTY28APR2655000CE,1585.5,1555.55,1609.9,1241.7,1182.6,590730,1486.92,1581.95,30,1585.5,180,677070
2026-04-10T09:54:21.339,NF,BANKNIFTY28APR2655000CE,1578.6,1555.55,1609.9,1241.7,1182.6,591090,1486.98,1579.95,30,1585.0,150,677070
2026-04-10T09:54:22.542,NF,BANKNIFTY28APR2655000CE,1584.75,1555.55,1609.9,1241.7,1182.6,591150,1486.99,1579.4,30,1583.9,60,677070
2026-04-10T09:54:23.746,NF,BANKNIFTY28APR2655000CE,1583.2,1555.55,1609.9,1241.7,1182.6,591180,1486.99,1577.7,30,1582.2,60,677070
2026-04-10T09:54:24.961,NF,BANKNIFTY28APR2655000CE,1577.7,1555.55,1609.9,1241.7,1182.6,591210,1487.0,1577.45,60,1582.9,30,677070
2026-04-10T09:54:26.349,NF,BANKNIFTY28APR2655000CE,1579.65,1555.55,1609.9,1241.7,1182.6,591360,1487.02,1575.0,30,1579.5,30,677070
2026-04-10T09:54:28.753,NF,BANKNIFTY28APR2655000CE,1571.25,1555.55,1609.9,1241.7,1182.6,591420,1487.03,1570.9,90,1575.95,60,677070
2026-04-10T09:54:29.978,NF,BANKNIFTY28APR2655000CE,1575.8,1555.55,1609.9,1241.7,1182.6,591480,1487.04,1570.0,30,1573.55,60,677070
2026-04-10T09:54:31.355,NF,BANKNIFTY28APR2655000CE,1573.75,1555.55,1609.9,1241.7,1182.6,591540,1487.05,1570.05,60,1575.15,120,677070
2026-04-10T09:54:32.560,NF,BANKNIFTY28APR2655000CE,1570.05,1555.55,1609.9,1241.7,1182.6,591690,1487.07,1570.35,90,1576.2,30,677070
2026-04-10T09:54:33.763,NF,BANKNIFTY28APR2655000CE,1569.05,1555.55,1609.9,1241.7,1182.6,591900,1487.1,1569.05,360,1574.5,30,677070
2026-04-10T09:54:34.984,NF,BANKNIFTY28APR2655000CE,1574.9,1555.55,1609.9,1241.7,1182.6,592050,1487.12,1568.5,150,1573.75,30,677070
2026-04-10T09:54:36.364,NF,BANKNIFTY28APR2655000CE,1573.5,1555.55,1609.9,1241.7,1182.6,592110,1487.13,1571.25,120,1576.9,60,677070
2026-04-10T09:54:37.567,NF,BANKNIFTY28APR2655000CE,1577.35,1555.55,1609.9,1241.7,1182.6,592440,1487.18,1570.4,120,1576.3,90,677070
2026-04-10T09:54:38.771,NF,BANKNIFTY28APR2655000CE,1574.5,1555.55,1609.9,1241.7,1182.6,592470,1487.18,1568.3,120,1573.95,60,677070
2026-04-10T09:54:39.991,NF,BANKNIFTY28APR2655000CE,1568.45,1555.55,1609.9,1241.7,1182.6,592500,1487.19,1570.3,180,1576.0,90,677070
2026-04-10T09:54:41.196,NF,BANKNIFTY28APR2655000CE,1572.5,1555.55,1609.9,1241.7,1182.6,592560,1487.2,1572.45,60,1577.6,120,677070
2026-04-10T09:54:42.585,NF,BANKNIFTY28APR2655000CE,1574.1,1555.55,1609.9,1241.7,1182.6,592650,1487.21,1573.6,120,1579.4,60,677070
2026-04-10T09:54:46.197,NF,BANKNIFTY28APR2655000CE,1584.0,1555.55,1609.9,1241.7,1182.6,592710,1487.22,1580.45,30,1585.5,180,677070
2026-04-10T09:54:48.785,NF,BANKNIFTY28APR2655000CE,1583.15,1555.55,1609.9,1241.7,1182.6,592770,1487.23,1578.85,60,1584.05,90,677070
2026-04-10T09:54:51.194,NF,BANKNIFTY28APR2655000CE,1583.25,1555.55,1609.9,1241.7,1182.6,592830,1487.24,1578.4,120,1583.3,90,677070
2026-04-10T09:54:52.391,NF,BANKNIFTY28APR2655000CE,1582.75,1555.55,1609.9,1241.7,1182.6,592890,1487.25,1577.25,90,1582.55,60,677070
2026-04-10T09:54:56.196,NF,BANKNIFTY28APR2655000CE,1580.75,1555.55,1609.9,1241.7,1182.6,593010,1487.27,1575.85,60,1580.9,60,677070
2026-04-10T09:54:59.829,NF,BANKNIFTY28APR2655000CE,1582.0,1555.55,1609.9,1241.7,1182.6,593040,1487.27,1575.15,210,1582.6,180,677070
2026-04-10T09:55:04.815,NF,BANKNIFTY28APR2655000CE,1585.0,1555.55,1609.9,1241.7,1182.6,593130,1487.29,1580.85,90,1585.0,540,677070
2026-04-10T09:55:06.213,NF,BANKNIFTY28APR2655000CE,1585.5,1555.55,1609.9,1241.7,1182.6,593820,1487.4,1585.2,60,1589.0,60,677070
2026-04-10T09:55:08.617,NF,BANKNIFTY28APR2655000CE,1588.0,1555.55,1609.9,1241.7,1182.6,593850,1487.41,1585.55,180,1588.0,30,677070
2026-04-10T09:55:09.822,NF,BANKNIFTY28APR2655000CE,1590.0,1555.55,1609.9,1241.7,1182.6,594120,1487.45,1589.45,150,1593.0,30,677070
2026-04-10T09:55:11.039,NF,BANKNIFTY28APR2655000CE,1593.0,1555.55,1609.9,1241.7,1182.6,594150,1487.46,1590.15,150,1595.0,30,677070
2026-04-10T09:55:12.423,NF,BANKNIFTY28APR2655000CE,1589.6,1555.55,1609.9,1241.7,1182.6,594180,1487.46,1589.15,150,1594.4,120,677070
2026-04-10T09:55:16.032,NF,BANKNIFTY28APR2655000CE,1595.0,1555.55,1609.9,1241.7,1182.6,594210,1487.47,1592.65,60,1597.15,60,677280
2026-04-10T09:55:19.652,NF,BANKNIFTY28APR2655000CE,1596.1,1555.55,1609.9,1241.7,1182.6,594300,1487.48,1589.9,210,1594.8,120,677280
2026-04-10T09:55:27.249,NF,BANKNIFTY28APR2655000CE,1588.05,1555.55,1609.9,1241.7,1182.6,594360,1487.5,1583.45,60,1588.55,120,677280
2026-04-10T09:55:30.888,NF,BANKNIFTY28APR2655000CE,1585.85,1555.55,1609.9,1241.7,1182.6,594840,1487.57,1578.1,90,1583.75,90,677280
2026-04-10T09:55:32.060,NF,BANKNIFTY28APR2655000CE,1586.7,1555.55,1609.9,1241.7,1182.6,594870,1487.58,1580.7,90,1586.7,90,677280
2026-04-10T09:55:34.488,NF,BANKNIFTY28APR2655000CE,1586.3,1555.55,1609.9,1241.7,1182.6,594960,1487.59,1581.65,60,1587.15,90,677280
2026-04-10T09:55:38.278,NF,BANKNIFTY28APR2655000CE,1584.6,1555.55,1609.9,1241.7,1182.6,595230,1487.64,1581.9,30,1584.4,90,677280
2026-04-10T09:55:39.471,NF,BANKNIFTY28APR2655000CE,1581.9,1555.55,1609.9,1241.7,1182.6,595260,1487.64,1579.25,60,1584.4,90,677280
2026-04-10T09:55:41.874,NF,BANKNIFTY28APR2655000CE,1578.95,1555.55,1609.9,1241.7,1182.6,595350,1487.66,1579.35,90,1584.7,120,677280
2026-04-10T09:55:45.679,NF,BANKNIFTY28APR2655000CE,1587.35,1555.55,1609.9,1241.7,1182.6,595380,1487.66,1582.05,120,1587.35,60,677280
2026-04-10T09:55:46.898,NF,BANKNIFTY28APR2655000CE,1588.85,1555.55,1609.9,1241.7,1182.6,595530,1487.69,1582.9,150,1588.75,60,677280
2026-04-10T09:55:48.082,NF,BANKNIFTY28APR2655000CE,1582.9,1555.55,1609.9,1241.7,1182.6,595620,1487.7,1582.85,60,1588.25,90,677280
2026-04-10T09:55:55.490,NF,BANKNIFTY28APR2655000CE,1584.2,1555.55,1609.9,1241.7,1182.6,595680,1487.71,1579.35,60,1585.1,120,677280
2026-04-10T09:56:02.908,NF,BANKNIFTY28APR2655000CE,1583.95,1555.55,1609.9,1241.7,1182.6,595740,1487.72,1580.5,90,1585.85,120,677280
2026-04-10T09:56:05.512,NF,BANKNIFTY28APR2655000CE,1579.65,1555.55,1609.9,1241.7,1182.6,595800,1487.73,1579.6,90,1584.75,120,677280
2026-04-10T09:56:10.336,NF,BANKNIFTY28APR2655000CE,1581.2,1555.55,1609.9,1241.7,1182.6,595830,1487.73,1581.15,60,1586.4,60,677280
2026-04-10T09:56:11.714,NF,BANKNIFTY28APR2655000CE,1584.2,1555.55,1609.9,1241.7,1182.6,595860,1487.74,1581.1,60,1586.3,60,677280
2026-04-10T09:56:12.918,NF,BANKNIFTY28APR2655000CE,1583.35,1555.55,1609.9,1241.7,1182.6,595920,1487.75,1584.15,30,1589.65,150,677280
2026-04-10T09:56:15.347,NF,BANKNIFTY28APR2655000CE,1590.0,1555.55,1609.9,1241.7,1182.6,595950,1487.75,1589.95,30,1594.8,90,677280
2026-04-10T09:56:16.540,NF,BANKNIFTY28APR2655000CE,1589.8,1555.55,1609.9,1241.7,1182.6,595980,1487.76,1588.55,120,1593.45,60,677280
2026-04-10T09:56:19.127,NF,BANKNIFTY28APR2655000CE,1589.7,1555.55,1609.9,1241.7,1182.6,596010,1487.76,1588.8,30,1593.4,180,677280
2026-04-10T09:56:22.936,NF,BANKNIFTY28APR2655000CE,1594.0,1555.55,1609.9,1241.7,1182.6,596040,1487.77,1587.95,30,1593.0,120,677280
2026-04-10T09:56:26.539,NF,BANKNIFTY28APR2655000CE,1584.95,1555.55,1609.9,1241.7,1182.6,596070,1487.77,1588.15,30,1593.5,210,677280
2026-04-10T09:56:30.341,NF,BANKNIFTY28APR2655000CE,1588.85,1555.55,1609.9,1241.7,1182.6,596130,1487.78,1589.2,30,1594.55,60,677280
2026-04-10T09:56:32.746,NF,BANKNIFTY28APR2655000CE,1595.0,1555.55,1609.9,1241.7,1182.6,596160,1487.79,1590.9,90,1595.0,1320,677280
2026-04-10T09:56:35.149,NF,BANKNIFTY28APR2655000CE,1595.0,1555.55,1609.9,1241.7,1182.6,596340,1487.82,1591.75,210,1595.0,1140,677280
2026-04-10T09:56:36.352,NF,BANKNIFTY28APR2655000CE,1595.0,1555.55,1609.9,1241.7,1182.6,597480,1488.03,1595.0,30,1597.2,60,677280
2026-04-10T09:56:40.154,NF,BANKNIFTY28APR2655000CE,1592.05,1555.55,1609.9,1241.7,1182.6,597510,1488.03,1585.75,30,1591.55,60,677280
2026-04-10T09:56:51.386,NF,BANKNIFTY28APR2655000CE,1592.05,1555.55,1609.9,1241.7,1182.6,597570,1488.04,1592.05,90,1595.7,60,677280
2026-04-10T09:56:53.974,NF,BANKNIFTY28APR2655000CE,1592.05,1555.55,1609.9,1241.7,1182.6,597600,1488.05,1592.05,60,1595.35,120,677280
2026-04-10T09:56:55.174,NF,BANKNIFTY28APR2655000CE,1592.05,1555.55,1609.9,1241.7,1182.6,597660,1488.06,1587.45,90,1593.05,120,677280
2026-04-10T09:57:00.192,NF,BANKNIFTY28APR2655000CE,1590.05,1555.55,1609.9,1241.7,1182.6,597810,1488.08,1590.15,60,1595.45,120,677280
2026-04-10T09:57:06.390,NF,BANKNIFTY28APR2655000CE,1590.85,1555.55,1609.9,1241.7,1182.6,597840,1488.09,1590.3,30,1595.05,150,677280
2026-04-10T09:57:13.999,NF,BANKNIFTY28APR2655000CE,1598.5,1555.55,1609.9,1241.7,1182.6,598020,1488.12,1595.05,150,1599.9,60,677280
2026-04-10T09:57:15.214,NF,BANKNIFTY28APR2655000CE,1600.0,1555.55,1609.9,1241.7,1182.6,598620,1488.23,1597.05,180,1600.0,720,677280
2026-04-10T09:57:16.410,NF,BANKNIFTY28APR2655000CE,1600.0,1555.55,1609.9,1241.7,1182.6,599340,1488.37,1600.0,30,1604.4,30,677280
2026-04-10T09:57:17.615,NF,BANKNIFTY28APR2655000CE,1604.95,1555.55,1609.9,1241.7,1182.6,599580,1488.41,1598.65,30,1604.15,120,677280
2026-04-10T09:57:18.809,NF,BANKNIFTY28APR2655000CE,1597.75,1555.55,1609.9,1241.7,1182.6,599670,1488.43,1595.3,30,1599.95,90,677280
2026-04-10T09:57:20.205,NF,BANKNIFTY28APR2655000CE,1599.15,1555.55,1609.9,1241.7,1182.6,599820,1488.46,1594.4,30,1599.55,60,677280
2026-04-10T09:57:22.617,NF,BANKNIFTY28APR2655000CE,1594.15,1555.55,1609.9,1241.7,1182.6,599970,1488.49,1591.25,30,1594.65,210,677280
2026-04-10T09:57:25.034,NF,BANKNIFTY28APR2655000CE,1598.85,1555.55,1609.9,1241.7,1182.6,600030,1488.5,1598.5,30,1600.95,60,677280
2026-04-10T09:57:26.219,NF,BANKNIFTY28APR2655000CE,1598.6,1555.55,1609.9,1241.7,1182.6,600300,1488.55,1596.85,30,1598.0,150,677280
2026-04-10T09:57:27.422,NF,BANKNIFTY28APR2655000CE,1597.85,1555.55,1609.9,1241.7,1182.6,600330,1488.55,1597.3,30,1597.95,60,677280
2026-04-10T09:57:28.619,NF,BANKNIFTY28APR2655000CE,1597.3,1555.55,1609.9,1241.7,1182.6,600390,1488.56,1597.4,30,1597.95,60,677280
2026-04-10T09:57:29.836,NF,BANKNIFTY28APR2655000CE,1598.0,1555.55,1609.9,1241.7,1182.6,600540,1488.59,1594.65,60,1598.0,30,677280
2026-04-10T09:57:31.232,NF,BANKNIFTY28APR2655000CE,1598.8,1555.55,1609.9,1241.7,1182.6,600630,1488.61,1594.95,90,1598.85,30,677280
2026-04-10T09:57:32.431,NF,BANKNIFTY28APR2655000CE,1595.05,1555.55,1609.9,1241.7,1182.6,600690,1488.62,1595.1,30,1599.85,120,677280
2026-04-10T09:57:33.629,NF,BANKNIFTY28APR2655000CE,1594.4,1555.55,1609.9,1241.7,1182.6,600720,1488.62,1594.0,30,1597.5,390,677280
2026-04-10T09:57:37.239,NF,BANKNIFTY28APR2655000CE,1595.05,1555.55,1609.9,1241.7,1182.6,600750,1488.63,1594.0,30,1597.9,90,677280
2026-04-10T09:57:45.851,NF,BANKNIFTY28APR2655000CE,1595.0,1555.55,1609.9,1241.7,1182.6,600780,1488.63,1594.25,60,1597.15,60,677280
2026-04-10T09:57:48.450,NF,BANKNIFTY28APR2655000CE,1595.2,1555.55,1609.9,1241.7,1182.6,600810,1488.64,1595.35,90,1598.0,180,677280
2026-04-10T09:57:49.645,NF,BANKNIFTY28APR2655000CE,1598.0,1555.55,1609.9,1241.7,1182.6,600840,1488.64,1596.1,30,1598.0,150,677280
2026-04-10T09:57:52.048,NF,BANKNIFTY28APR2655000CE,1595.1,1555.55,1609.9,1241.7,1182.6,600870,1488.65,1595.1,30,1597.3,60,677280
2026-04-10T09:57:53.261,NF,BANKNIFTY28APR2655000CE,1595.1,1555.55,1609.9,1241.7,1182.6,600930,1488.66,1595.05,120,1597.1,30,677280
2026-04-10T09:57:54.652,NF,BANKNIFTY28APR2655000CE,1595.1,1555.55,1609.9,1241.7,1182.6,600990,1488.67,1595.05,120,1597.55,180,677280
2026-04-10T09:57:55.852,NF,BANKNIFTY28APR2655000CE,1597.55,1555.55,1609.9,1241.7,1182.6,601050,1488.68,1595.05,120,1597.55,60,677280
2026-04-10T09:57:57.062,NF,BANKNIFTY28APR2655000CE,1595.05,1555.55,1609.9,1241.7,1182.6,601080,1488.69,1595.05,90,1598.0,150,677280
2026-04-10T09:57:59.458,NF,BANKNIFTY28APR2655000CE,1595.05,1555.55,1609.9,1241.7,1182.6,601110,1488.69,1595.1,30,1598.0,150,677280
2026-04-10T09:58:05.878,NF,BANKNIFTY28APR2655000CE,1598.0,1555.55,1609.9,1241.7,1182.6,601140,1488.7,1595.75,120,1598.0,120,677280
2026-04-10T09:58:08.288,NF,BANKNIFTY28APR2655000CE,1598.0,1555.55,1609.9,1241.7,1182.6,601200,1488.71,1596.35,150,1598.0,60,677280
2026-04-10T09:58:09.478,NF,BANKNIFTY28APR2655000CE,1598.0,1555.55,1609.9,1241.7,1182.6,601260,1488.72,1598.1,30,1600.0,30,677280
2026-04-10T09:58:11.874,NF,BANKNIFTY28APR2655000CE,1600.0,1555.55,1609.9,1241.7,1182.6,601290,1488.72,1600.05,30,1603.95,60,677280
2026-04-10T09:58:13.077,NF,BANKNIFTY28APR2655000CE,1600.05,1555.55,1609.9,1241.7,1182.6,601320,1488.73,1600.05,30,1604.0,90,677280
2026-04-10T09:58:16.890,NF,BANKNIFTY28APR2655000CE,1604.0,1555.55,1609.9,1241.7,1182.6,601440,1488.75,1600.65,30,1604.0,30,677490
2026-04-10T09:58:18.085,NF,BANKNIFTY28APR2655000CE,1600.7,1555.55,1609.9,1241.7,1182.6,601470,1488.76,1600.15,90,1603.95,90,677490
2026-04-10T09:58:19.285,NF,BANKNIFTY28APR2655000CE,1604.5,1555.55,1609.9,1241.7,1182.6,601770,1488.82,1600.1,30,1603.65,90,677490
2026-04-10T09:58:24.292,NF,BANKNIFTY28APR2655000CE,1603.9,1555.55,1609.9,1241.7,1182.6,601800,1488.82,1600.15,30,1603.9,90,677490
2026-04-10T09:58:30.515,NF,BANKNIFTY28APR2655000CE,1605.0,1555.55,1609.9,1241.7,1182.6,601860,1488.83,1601.3,120,1605.0,180,677490
2026-04-10T09:58:31.707,NF,BANKNIFTY28APR2655000CE,1600.95,1555.55,1609.9,1241.7,1182.6,601950,1488.85,1600.95,30,1604.95,90,677490
2026-04-10T09:58:32.906,NF,BANKNIFTY28APR2655000CE,1604.95,1555.55,1609.9,1241.7,1182.6,601980,1488.86,1601.25,150,1605.0,180,677490
2026-04-10T09:58:37.719,NF,BANKNIFTY28APR2655000CE,1604.85,1555.55,1609.9,1241.7,1182.6,602010,1488.86,1601.2,90,1604.9,60,677490
2026-04-10T09:58:40.323,NF,BANKNIFTY28APR2655000CE,1601.2,1555.55,1609.9,1241.7,1182.6,602340,1488.92,1601.2,60,1604.95,90,677490
2026-04-10T09:58:42.725,NF,BANKNIFTY28APR2655000CE,1601.3,1555.55,1609.9,1241.7,1182.6,602370,1488.93,1601.2,60,1604.95,90,677490
2026-04-10T09:58:45.126,NF,BANKNIFTY28APR2655000CE,1604.5,1555.55,1609.9,1241.7,1182.6,602430,1488.94,1601.2,30,1605.0,180,677490
2026-04-10T09:58:46.322,NF,BANKNIFTY28APR2655000CE,1600.95,1555.55,1609.9,1241.7,1182.6,602670,1488.99,1595.25,30,1601.0,60,677490
2026-04-10T09:58:55.141,NF,BANKNIFTY28APR2655000CE,1600.0,1555.55,1609.9,1241.7,1182.6,602700,1488.99,1600.25,60,1605.0,180,677490
2026-04-10T09:58:57.748,NF,BANKNIFTY28APR2655000CE,1600.95,1555.55,1609.9,1241.7,1182.6,602850,1489.02,1600.0,30,1600.95,60,677490
2026-04-10T09:59:00.151,NF,BANKNIFTY28APR2655000CE,1600.95,1555.55,1609.9,1241.7,1182.6,602910,1489.03,1600.95,60,1604.95,90,677490
2026-04-10T09:59:01.346,NF,BANKNIFTY28APR2655000CE,1605.0,1555.55,1609.9,1241.7,1182.6,603030,1489.05,1602.0,180,1605.0,60,677490
2026-04-10T09:59:02.742,NF,BANKNIFTY28APR2655000CE,1602.05,1555.55,1609.9,1241.7,1182.6,603060,1489.06,1602.0,60,1604.95,60,677490
2026-04-10T09:59:03.960,NF,BANKNIFTY28APR2655000CE,1601.45,1555.55,1609.9,1241.7,1182.6,603090,1489.06,1599.15,60,1604.75,30,677490
2026-04-10T09:59:05.182,NF,BANKNIFTY28APR2655000CE,1605.0,1555.55,1609.9,1241.7,1182.6,603180,1489.08,1601.4,60,1605.8,60,677490
2026-04-10T09:59:06.353,NF,BANKNIFTY28APR2655000CE,1605.95,1555.55,1609.9,1241.7,1182.6,603270,1489.1,1602.4,30,1606.85,120,677490
2026-04-10T09:59:08.971,NF,BANKNIFTY28APR2655000CE,1602.2,1555.55,1609.9,1241.7,1182.6,603510,1489.14,1602.2,1590,1605.3,30,677490
2026-04-10T09:59:11.357,NF,BANKNIFTY28APR2655000CE,1602.45,1555.55,1609.9,1241.7,1182.6,603660,1489.17,1602.45,1560,1606.5,150,677490
2026-04-10T09:59:13.963,NF,BANKNIFTY28APR2655000CE,1605.0,1555.55,1609.9,1241.7,1182.6,603720,1489.18,1602.85,60,1607.0,60,677490
2026-04-10T09:59:16.362,NF,BANKNIFTY28APR2655000CE,1605.9,1555.55,1609.9,1241.7,1182.6,603780,1489.2,1602.95,1560,1605.95,30,677490
2026-04-10T09:59:17.596,NF,BANKNIFTY28APR2655000CE,1605.9,1555.55,1609.9,1241.7,1182.6,603840,1489.21,1603.2,1560,1605.9,60,677490
2026-04-10T09:59:18.778,NF,BANKNIFTY28APR2655000CE,1605.95,1555.55,1609.9,1241.7,1182.6,603870,1489.21,1604.2,90,1610.0,2100,677490
2026-04-10T09:59:20.167,NF,BANKNIFTY28APR2655000CE,1610.0,1555.55,1610.0,1241.7,1182.6,603960,1489.23,1606.45,30,1610.0,2040,677490
2026-04-10T09:59:21.372,NF,BANKNIFTY28APR2655000CE,1610.0,1555.55,1610.0,1241.7,1182.6,604890,1489.42,1608.05,60,1610.0,1110,677490
2026-04-10T09:59:22.567,NF,BANKNIFTY28APR2655000CE,1608.7,1555.55,1610.0,1241.7,1182.6,605040,1489.45,1608.6,30,1610.0,1050,677490
2026-04-10T09:59:23.772,NF,BANKNIFTY28APR2655000CE,1610.0,1555.55,1610.0,1241.7,1182.6,605490,1489.54,1608.9,60,1610.0,630,677490
2026-04-10T09:59:24.976,NF,BANKNIFTY28APR2655000CE,1613.4,1555.55,1618.9,1241.7,1182.6,607410,1489.93,1613.8,30,1618.55,120,677490
2026-04-10T09:59:27.601,NF,BANKNIFTY28APR2655000CE,1618.9,1555.55,1618.9,1241.7,1182.6,607530,1489.96,1616.7,90,1618.9,480,677490
2026-04-10T09:59:28.788,NF,BANKNIFTY28APR2655000CE,1616.15,1555.55,1618.9,1241.7,1182.6,608070,1490.07,1613.6,60,1618.3,240,677490
2026-04-10T09:59:29.991,NF,BANKNIFTY28APR2655000CE,1616.15,1555.55,1618.9,1241.7,1182.6,608130,1490.08,1612.45,90,1617.35,60,677490
2026-04-10T09:59:32.583,NF,BANKNIFTY28APR2655000CE,1618.3,1555.55,1618.9,1241.7,1182.6,608190,1490.09,1614.3,30,1618.85,120,677490
2026-04-10T09:59:33.786,NF,BANKNIFTY28APR2655000CE,1615.85,1555.55,1618.9,1241.7,1182.6,608310,1490.12,1616.15,30,1618.9,390,677490
2026-04-10T09:59:37.598,NF,BANKNIFTY28APR2655000CE,1616.15,1555.55,1618.9,1241.7,1182.6,608340,1490.13,1612.6,60,1616.15,30,677490
2026-04-10T09:59:41.196,NF,BANKNIFTY28APR2655000CE,1612.8,1555.55,1618.9,1241.7,1182.6,608370,1490.13,1613.2,60,1616.1,60,677490
2026-04-10T09:59:44.799,NF,BANKNIFTY28APR2655000CE,1612.25,1555.55,1618.9,1241.7,1182.6,608490,1490.16,1612.6,60,1616.15,30,677490
2026-04-10T09:59:47.217,NF,BANKNIFTY28APR2655000CE,1613.85,1555.55,1618.9,1241.7,1182.6,608640,1490.19,1610.0,60,1613.95,30,677490
2026-04-10T09:59:48.416,NF,BANKNIFTY28APR2655000CE,1610.0,1555.55,1618.9,1241.7,1182.6,608700,1490.2,1607.2,30,1611.95,60,677490
2026-04-10T09:59:49.809,NF,BANKNIFTY28APR2655000CE,1611.25,1555.55,1618.9,1241.7,1182.6,608730,1490.2,1608.55,60,1614.0,60,677490
2026-04-10T09:59:54.422,NF,BANKNIFTY28APR2655000CE,1605.85,1555.55,1618.9,1241.7,1182.6,608760,1490.21,1605.5,120,1609.9,30,677490
2026-04-10T09:59:57.016,NF,BANKNIFTY28APR2655000CE,1610.0,1555.55,1618.9,1241.7,1182.6,608910,1490.24,1607.2,90,1612.3,30,677490
2026-04-10T09:59:58.218,NF,BANKNIFTY28APR2655000CE,1612.05,1555.55,1618.9,1241.7,1182.6,609330,1490.32,1609.05,210,1615.35,150,677490
2026-04-10T09:59:59.420,NF,BANKNIFTY28APR2655000CE,1608.85,1555.55,1618.9,1241.7,1182.6,609360,1490.33,1608.35,60,1614.15,60,677490
2026-04-10T10:00:00.632,NF,BANKNIFTY28APR2655000CE,1608.2,1555.55,1618.9,1241.7,1182.6,609420,1490.34,1610.1,210,1615.45,60,677490
2026-04-10T10:00:02.035,NF,BANKNIFTY28APR2655000CE,1616.1,1555.55,1618.9,1241.7,1182.6,609450,1490.35,1612.85,60,1615.0,30,677490
2026-04-10T10:00:03.225,NF,BANKNIFTY28APR2655000CE,1616.15,1555.55,1618.9,1241.7,1182.6,609510,1490.36,1616.15,30,1618.9,390,677490
2026-04-10T10:00:04.426,NF,BANKNIFTY28APR2655000CE,1615.95,1555.55,1618.9,1241.7,1182.6,609900,1490.44,1616.25,60,1618.9,390,677490
2026-04-10T10:00:05.629,NF,BANKNIFTY28APR2655000CE,1618.9,1555.55,1618.9,1241.7,1182.6,610080,1490.48,1616.45,60,1618.9,300,677490
2026-04-10T10:00:07.058,NF,BANKNIFTY28APR2655000CE,1618.9,1555.55,1618.9,1241.7,1182.6,610380,1490.54,1617.0,60,1619.9,60,677490
2026-04-10T10:00:08.241,NF,BANKNIFTY28APR2655000CE,1619.95,1555.55,1619.95,1241.7,1182.6,610410,1490.55,1618.35,60,1620.0,930,677490
2026-04-10T10:00:09.449,NF,BANKNIFTY28APR2655000CE,1624.0,1555.55,1624.0,1241.7,1182.6,611400,1490.76,1619.25,60,1624.0,30,677490
2026-04-10T10:00:11.840,NF,BANKNIFTY28APR2655000CE,1621.7,1555.55,1624.0,1241.7,1182.6,611520,1490.78,1621.0,60,1624.0,30,677490
2026-04-10T10:00:13.235,NF,BANKNIFTY28APR2655000CE,1624.0,1555.55,1624.0,1241.7,1182.6,611580,1490.8,1621.6,60,1625.0,150,677490
2026-04-10T10:00:14.440,NF,BANKNIFTY28APR2655000CE,1627.9,1555.55,1627.9,1241.7,1182.6,612780,1491.06,1623.0,30,1627.9,210,677490
2026-04-10T10:00:15.654,NF,BANKNIFTY28APR2655000CE,1624.8,1555.55,1627.9,1241.7,1182.6,612810,1491.07,1624.7,30,1627.9,240,677490
2026-04-10T10:00:16.847,NF,BANKNIFTY28APR2655000CE,1627.9,1555.55,1627.9,1241.7,1182.6,612870,1491.08,1625.6,60,1627.9,150,677490
2026-04-10T10:00:18.279,NF,BANKNIFTY28APR2655000CE,1629.45,1555.55,1629.6,1241.7,1182.6,613200,1491.16,1627.2,60,1630.0,60,677490
2026-04-10T10:00:19.448,NF,BANKNIFTY28APR2655000CE,1630.0,1555.55,1630.0,1241.7,1182.6,613260,1491.17,1627.65,180,1630.0,30,677490
2026-04-10T10:00:20.666,NF,BANKNIFTY28APR2655000CE,1629.05,1555.55,1630.0,1241.7,1182.6,613320,1491.18,1629.0,30,1633.45,120,677490
2026-04-10T10:00:21.866,NF,BANKNIFTY28APR2655000CE,1627.0,1555.55,1630.0,1241.7,1182.6,613410,1491.2,1627.0,150,1632.35,120,677490
2026-04-10T10:00:23.285,NF,BANKNIFTY28APR2655000CE,1627.0,1555.55,1630.0,1241.7,1182.6,613470,1491.22,1625.25,60,1629.0,300,677490
2026-04-10T10:00:24.463,NF,BANKNIFTY28APR2655000CE,1625.2,1555.55,1630.0,1241.7,1182.6,613860,1491.3,1625.05,60,1629.0,210,677490
2026-04-10T10:00:25.658,NF,BANKNIFTY28APR2655000CE,1627.0,1555.55,1630.0,1241.7,1182.6,614100,1491.36,1626.05,210,1629.0,60,677490
2026-04-10T10:00:26.857,NF,BANKNIFTY28APR2655000CE,1633.8,1555.55,1633.8,1241.7,1182.6,614190,1491.38,1629.8,30,1636.0,90,677490
2026-04-10T10:00:28.259,NF,BANKNIFTY28APR2655000CE,1629.65,1555.55,1633.8,1241.7,1182.6,614370,1491.42,1630.45,30,1636.0,60,677490
2026-04-10T10:00:29.458,NF,BANKNIFTY28APR2655000CE,1629.6,1555.55,1633.8,1241.7,1182.6,614520,1491.45,1629.55,90,1635.0,90,677490
2026-04-10T10:00:30.664,NF,BANKNIFTY28APR2655000CE,1629.8,1555.55,1635.1,1241.7,1182.6,614940,1491.55,1629.3,120,1635.85,60,677490
2026-04-10T10:00:31.861,NF,BANKNIFTY28APR2655000CE,1631.45,1555.55,1635.1,1241.7,1182.6,614970,1491.55,1631.35,60,1635.95,90,677490
2026-04-10T10:00:33.076,NF,BANKNIFTY28APR2655000CE,1631.45,1555.55,1635.1,1241.7,1182.6,615030,1491.57,1631.0,60,1635.95,120,677490
2026-04-10T10:00:34.269,NF,BANKNIFTY28APR2655000CE,1635.6,1555.55,1635.7,1241.7,1182.6,615270,1491.62,1629.15,60,1635.2,60,677490
2026-04-10T10:00:35.665,NF,BANKNIFTY28APR2655000CE,1630.35,1555.55,1635.7,1241.7,1182.6,615360,1491.64,1630.35,30,1635.25,120,677490
2026-04-10T10:00:36.868,NF,BANKNIFTY28APR2655000CE,1630.85,1555.55,1635.7,1241.7,1182.6,615390,1491.65,1630.75,60,1636.0,60,677490
2026-04-10T10:00:38.078,NF,BANKNIFTY28APR2655000CE,1631.3,1555.55,1635.7,1241.7,1182.6,615450,1491.66,1630.45,90,1636.0,60,677490
2026-04-10T10:00:40.486,NF,BANKNIFTY28APR2655000CE,1629.0,1555.55,1635.85,1241.7,1182.6,615720,1491.72,1629.35,210,1635.45,120,677490
2026-04-10T10:00:41.678,NF,BANKNIFTY28APR2655000CE,1629.8,1555.55,1635.85,1241.7,1182.6,616080,1491.8,1629.5,60,1635.85,60,677490
2026-04-10T10:00:43.075,NF,BANKNIFTY28APR2655000CE,1632.0,1555.55,1635.85,1241.7,1182.6,616140,1491.82,1629.65,60,1635.0,30,677490
2026-04-10T10:00:44.279,NF,BANKNIFTY28APR2655000CE,1629.6,1555.55,1635.85,1241.7,1182.6,616260,1491.85,1629.55,30,1634.35,60,677490
2026-04-10T10:00:45.490,NF,BANKNIFTY28APR2655000CE,1627.5,1555.55,1635.85,1241.7,1182.6,616380,1491.87,1628.5,210,1634.65,60,677490
2026-04-10T10:00:46.695,NF,BANKNIFTY28APR2655000CE,1636.0,1555.55,1636.0,1241.7,1182.6,616440,1491.89,1632.65,210,1638.0,30,677490
2026-04-10T10:00:48.122,NF,BANKNIFTY28APR2655000CE,1640.0,1555.55,1640.0,1241.7,1182.6,616680,1491.94,1637.05,60,1640.0,90,677490
2026-04-10T10:00:49.287,NF,BANKNIFTY28APR2655000CE,1644.0,1555.55,1644.0,1241.7,1182.6,617010,1492.02,1637.65,60,1643.95,90,677490
2026-04-10T10:00:50.514,NF,BANKNIFTY28APR2655000CE,1643.9,1555.55,1644.0,1241.7,1182.6,617340,1492.1,1635.1,30,1642.3,30,677490
2026-04-10T10:00:51.712,NF,BANKNIFTY28APR2655000CE,1642.9,1555.55,1644.0,1241.7,1182.6,617640,1492.18,1637.35,210,1644.25,180,677490
2026-04-10T10:00:52.901,NF,BANKNIFTY28APR2655000CE,1637.35,1555.55,1644.0,1241.7,1182.6,617790,1492.21,1637.3,150,1643.35,60,677490
2026-04-10T10:00:55.295,NF,BANKNIFTY28APR2655000CE,1644.55,1555.55,1644.55,1241.7,1182.6,617880,1492.23,1637.75,210,1644.6,60,677490
2026-04-10T10:00:56.514,NF,BANKNIFTY28APR2655000CE,1639.0,1555.55,1644.55,1241.7,1182.6,618030,1492.27,1638.95,60,1644.9,120,677490
2026-04-10T10:00:57.906,NF,BANKNIFTY28APR2655000CE,1638.55,1555.55,1644.55,1241.7,1182.6,618210,1492.31,1638.4,60,1644.8,30,677490
2026-04-10T10:00:59.107,NF,BANKNIFTY28APR2655000CE,1637.35,1555.55,1644.55,1241.7,1182.6,618390,1492.35,1637.35,90,1643.65,180,677490
2026-04-10T10:01:00.319,NF,BANKNIFTY28APR2655000CE,1642.3,1555.55,1644.55,1241.7,1182.6,618690,1492.43,1636.8,120,1642.35,60,677490
2026-04-10T10:01:01.510,NF,BANKNIFTY28APR2655000CE,1636.8,1555.55,1644.55,1241.7,1182.6,618810,1492.45,1636.85,180,1643.6,30,677490
2026-04-10T10:01:02.745,NF,BANKNIFTY28APR2655000CE,1641.0,1555.55,1644.55,1241.7,1182.6,618870,1492.47,1634.4,240,1641.1,60,677490
2026-04-10T10:01:04.154,NF,BANKNIFTY28APR2655000CE,1643.2,1555.55,1644.55,1241.7,1182.6,619230,1492.56,1637.2,210,1643.85,60,677490
2026-04-10T10:01:05.324,NF,BANKNIFTY28APR2655000CE,1645.55,1555.55,1645.55,1241.7,1182.6,619680,1492.67,1640.0,60,1641.95,60,677490
2026-04-10T10:01:06.538,NF,BANKNIFTY28APR2655000CE,1636.85,1555.55,1645.55,1241.7,1182.6,619830,1492.7,1635.65,30,1641.15,60,677490
2026-04-10T10:01:07.721,NF,BANKNIFTY28APR2655000CE,1640.4,1555.55,1645.55,1241.7,1182.6,620580,1492.88,1634.1,210,1640.55,60,677490
2026-04-10T10:01:09.137,NF,BANKNIFTY28APR2655000CE,1639.6,1555.55,1645.55,1241.7,1182.6,620640,1492.89,1634.15,180,1640.6,30,677490
2026-04-10T10:01:11.523,NF,BANKNIFTY28APR2655000CE,1636.8,1555.55,1645.55,1241.7,1182.6,620670,1492.9,1635.05,300,1640.8,60,677490
2026-04-10T10:01:12.730,NF,BANKNIFTY28APR2655000CE,1635.05,1555.55,1645.55,1241.7,1182.6,620700,1492.91,1634.35,210,1640.4,60,677490
2026-04-10T10:01:13.945,NF,BANKNIFTY28APR2655000CE,1636.8,1555.55,1645.55,1241.7,1182.6,620730,1492.91,1634.1,120,1640.05,60,677490
2026-04-10T10:01:15.330,NF,BANKNIFTY28APR2655000CE,1633.1,1555.55,1645.55,1241.7,1182.6,620790,1492.93,1631.05,210,1637.55,60,677490
2026-04-10T10:01:18.946,NF,BANKNIFTY28APR2655000CE,1631.95,1555.55,1645.55,1241.7,1182.6,620820,1492.93,1632.3,300,1638.1,90,674310
2026-04-10T10:01:21.357,NF,BANKNIFTY28APR2655000CE,1638.45,1555.55,1645.55,1241.7,1182.6,620850,1492.94,1632.7,180,1638.75,90,674310
2026-04-10T10:01:22.754,NF,BANKNIFTY28APR2655000CE,1632.45,1555.55,1645.55,1241.7,1182.6,620880,1492.95,1632.85,60,1638.4,180,674310
2026-04-10T10:01:23.941,NF,BANKNIFTY28APR2655000CE,1632.1,1555.55,1645.55,1241.7,1182.6,620910,1492.96,1632.15,90,1637.85,150,674310
2026-04-10T10:01:25.158,NF,BANKNIFTY28APR2655000CE,1632.15,1555.55,1645.55,1241.7,1182.6,620970,1492.97,1630.05,30,1635.15,60,674310
2026-04-10T10:01:26.419,NF,BANKNIFTY28APR2655000CE,1622.0,1555.55,1645.55,1241.7,1182.6,621750,1493.14,1621.85,90,1628.15,60,674310
2026-04-10T10:01:27.550,NF,BANKNIFTY28APR2655000CE,1620.35,1555.55,1645.55,1241.7,1182.6,621810,1493.15,1619.95,150,1625.9,60,674310
2026-04-10T10:01:28.952,NF,BANKNIFTY28APR2655000CE,1626.4,1555.55,1645.55,1241.7,1182.6,621840,1493.16,1621.95,90,1628.6,30,674310
2026-04-10T10:01:30.172,NF,BANKNIFTY28APR2655000CE,1621.75,1555.55,1645.55,1241.7,1182.6,621900,1493.17,1621.7,60,1628.0,90,674310
2026-04-10T10:01:31.356,NF,BANKNIFTY28APR2655000CE,1621.75,1555.55,1645.55,1241.7,1182.6,621930,1493.18,1621.55,180,1627.65,90,674310
2026-04-10T10:01:33.763,NF,BANKNIFTY28APR2655000CE,1630.0,1555.55,1645.55,1241.7,1182.6,621990,1493.19,1625.95,30,1633.1,30,674310
2026-04-10T10:01:40.171,NF,BANKNIFTY28APR2655000CE,1640.0,1555.55,1645.55,1241.7,1182.6,622050,1493.2,1636.65,150,1640.0,60,674310
2026-04-10T10:01:41.381,NF,BANKNIFTY28APR2655000CE,1640.0,1555.55,1645.55,1241.7,1182.6,622110,1493.22,1637.0,60,1641.95,90,674310
2026-04-10T10:01:42.569,NF,BANKNIFTY28APR2655000CE,1636.85,1555.55,1645.55,1241.7,1182.6,622140,1493.22,1636.85,30,1641.85,90,674310
2026-04-10T10:01:43.770,NF,BANKNIFTY28APR2655000CE,1640.0,1555.55,1645.55,1241.7,1182.6,622320,1493.27,1634.35,90,1640.65,120,674310
2026-04-10T10:01:44.974,NF,BANKNIFTY28APR2655000CE,1639.2,1555.55,1645.55,1241.7,1182.6,622350,1493.27,1633.95,90,1639.95,120,674310
2026-04-10T10:01:46.177,NF,BANKNIFTY28APR2655000CE,1639.9,1555.55,1645.55,1241.7,1182.6,622380,1493.28,1635.55,240,1640.0,30,674310
2026-04-10T10:01:47.390,NF,BANKNIFTY28APR2655000CE,1634.45,1555.55,1645.55,1241.7,1182.6,622410,1493.29,1633.3,30,1639.05,60,674310
2026-04-10T10:01:48.810,NF,BANKNIFTY28APR2655000CE,1641.05,1555.55,1645.55,1241.7,1182.6,622650,1493.34,1637.7,180,1644.45,30,674310
2026-04-10T10:01:49.992,NF,BANKNIFTY28APR2655000CE,1644.45,1555.55,1645.55,1241.7,1182.6,622680,1493.35,1638.8,60,1645.0,180,674310
2026-04-10T10:01:51.187,NF,BANKNIFTY28APR2655000CE,1640.1,1555.55,1645.55,1241.7,1182.6,622710,1493.36,1639.65,150,1645.0,90,674310
2026-04-10T10:01:53.792,NF,BANKNIFTY28APR2655000CE,1640.0,1555.55,1645.55,1241.7,1182.6,622830,1493.39,1639.05,60,1645.0,180,674310
2026-04-10T10:01:56.193,NF,BANKNIFTY28APR2655000CE,1640.25,1555.55,1645.55,1241.7,1182.6,622890,1493.4,1638.85,60,1644.55,120,674310
2026-04-10T10:01:57.410,NF,BANKNIFTY28APR2655000CE,1640.1,1555.55,1645.55,1241.7,1182.6,623040,1493.44,1639.15,30,1645.0,60,674310
2026-04-10T10:01:59.998,NF,BANKNIFTY28APR2655000CE,1638.85,1555.55,1645.55,1241.7,1182.6,623100,1493.45,1637.3,180,1644.6,60,674310
2026-04-10T10:02:01.213,NF,BANKNIFTY28APR2655000CE,1637.8,1555.55,1645.55,1241.7,1182.6,623160,1493.46,1640.25,210,1645.0,30,674310
2026-04-10T10:02:02.404,NF,BANKNIFTY28APR2655000CE,1640.25,1555.55,1645.55,1241.7,1182.6,623190,1493.47,1640.1,570,1645.0,30,674310
2026-04-10T10:02:03.616,NF,BANKNIFTY28APR2655000CE,1640.1,1555.55,1645.55,1241.7,1182.6,623250,1493.49,1640.0,30,1645.55,150,674310
2026-04-10T10:02:05.011,NF,BANKNIFTY28APR2655000CE,1640.0,1555.55,1645.55,1241.7,1182.6,623370,1493.52,1636.35,30,1642.65,210,674310
2026-04-10T10:02:07.427,NF,BANKNIFTY28APR2655000CE,1637.6,1555.55,1645.55,1241.7,1182.6,623430,1493.53,1630.55,30,1637.8,30,674310
2026-04-10T10:02:11.220,NF,BANKNIFTY28APR2655000CE,1632.5,1555.55,1645.55,1241.7,1182.6,623610,1493.57,1626.1,120,1632.95,30,674310
2026-04-10T10:02:12.440,NF,BANKNIFTY28APR2655000CE,1630.2,1555.55,1645.55,1241.7,1182.6,623790,1493.61,1630.3,120,1637.2,90,674310
2026-04-10T10:02:13.622,NF,BANKNIFTY28APR2655000CE,1636.8,1555.55,1645.55,1241.7,1182.6,623850,1493.62,1631.6,210,1638.0,60,674310
2026-04-10T10:02:16.247,NF,BANKNIFTY28APR2655000CE,1642.0,1555.55,1645.55,1241.7,1182.6,624690,1493.82,1635.75,30,1644.0,120,674310
2026-04-10T10:02:18.629,NF,BANKNIFTY28APR2655000CE,1639.25,1555.55,1653.4,1241.7,1182.6,625770,1494.09,1639.6,210,1647.35,60,674310
2026-04-10T10:02:19.837,NF,BANKNIFTY28APR2655000CE,1655.95,1555.55,1655.95,1241.7,1182.6,626580,1494.29,1642.0,30,1649.6,60,674310
2026-04-10T10:02:21.236,NF,BANKNIFTY28APR2655000CE,1641.2,1555.55,1655.95,1241.7,1182.6,627690,1494.56,1642.0,60,1647.5,150,674310
2026-04-10T10:02:22.435,NF,BANKNIFTY28APR2655000CE,1642.0,1555.55,1655.95,1241.7,1182.6,627750,1494.57,1640.6,60,1646.7,270,674310
2026-04-10T10:02:23.642,NF,BANKNIFTY28APR2655000CE,1640.65,1555.55,1655.95,1241.7,1182.6,627810,1494.59,1640.6,60,1646.2,180,674310
2026-04-10T10:02:24.837,NF,BANKNIFTY28APR2655000CE,1640.35,1555.55,1655.95,1241.7,1182.6,627870,1494.6,1639.35,60,1645.75,60,674310
2026-04-10T10:02:26.041,NF,BANKNIFTY28APR2655000CE,1641.2,1555.55,1655.95,1241.7,1182.6,627900,1494.61,1640.55,240,1646.0,30,674310
2026-04-10T10:02:27.248,NF,BANKNIFTY28APR2655000CE,1650.0,1555.55,1655.95,1241.7,1182.6,628800,1494.82,1640.2,210,1646.6,120,674310
2026-04-10T10:02:28.449,NF,BANKNIFTY28APR2655000CE,1646.6,1555.55,1655.95,1241.7,1182.6,629640,1495.02,1638.15,210,1645.15,120,674310
2026-04-10T10:02:29.858,NF,BANKNIFTY28APR2655000CE,1638.5,1555.55,1655.95,1241.7,1182.6,630540,1495.24,1636.0,30,1644.1,60,674310
2026-04-10T10:02:31.049,NF,BANKNIFTY28APR2655000CE,1642.1,1555.55,1656.55,1241.7,1182.6,631500,1495.47,1642.05,60,1648.9,60,674310
2026-04-10T10:02:32.247,NF,BANKNIFTY28APR2655000CE,1641.75,1555.55,1656.55,1241.7,1182.6,631560,1495.49,1642.4,210,1648.9,60,674310
2026-04-10T10:02:33.449,NF,BANKNIFTY28APR2655000CE,1642.4,1555.55,1656.55,1241.7,1182.6,631590,1495.49,1638.35,210,1645.7,210,674310
2026-04-10T10:02:34.651,NF,BANKNIFTY28APR2655000CE,1638.55,1555.55,1656.55,1241.7,1182.6,631650,1495.51,1638.55,180,1645.3,150,674310
2026-04-10T10:02:40.941,NF,BANKNIFTY28APR2655000CE,1633.4,1555.55,1656.55,1241.7,1182.6,631680,1495.52,1633.4,120,1640.15,120,674310
2026-04-10T10:02:42.066,NF,BANKNIFTY28APR2655000CE,1632.75,1555.55,1656.55,1241.7,1182.6,631740,1495.53,1633.0,390,1639.8,60,674310
2026-04-10T10:02:43.274,NF,BANKNIFTY28APR2655000CE,1633.85,1555.55,1656.55,1241.7,1182.6,631770,1495.53,1630.2,120,1637.9,60,674310
2026-04-10T10:02:45.668,NF,BANKNIFTY28APR2655000CE,1633.0,1555.55,1656.55,1241.7,1182.6,631800,1495.54,1629.9,300,1636.45,180,674310
2026-04-10T10:02:46.873,NF,BANKNIFTY28APR2655000CE,1630.25,1555.55,1656.55,1241.7,1182.6,631860,1495.55,1630.25,240,1636.3,60,674310
2026-04-10T10:02:48.085,NF,BANKNIFTY28APR2655000CE,1630.25,1555.55,1656.55,1241.7,1182.6,631890,1495.56,1630.7,240,1637.0,60,674310
2026-04-10T10:02:49.276,NF,BANKNIFTY28APR2655000CE,1630.8,1555.55,1656.55,1241.7,1182.6,631920,1495.57,1628.0,30,1632.8,60,674310
2026-04-10T10:02:50.487,NF,BANKNIFTY28APR2655000CE,1632.65,1555.55,1656.55,1241.7,1182.6,631980,1495.58,1624.15,30,1632.35,30,674310
2026-04-10T10:02:51.689,NF,BANKNIFTY28APR2655000CE,1626.9,1555.55,1656.55,1241.7,1182.6,632010,1495.59,1626.9,180,1631.25,60,674310
2026-04-10T10:02:53.077,NF,BANKNIFTY28APR2655000CE,1630.25,1555.55,1656.55,1241.7,1182.6,632100,1495.6,1623.85,210,1630.45,60,674310
2026-04-10T10:02:54.288,NF,BANKNIFTY28APR2655000CE,1623.75,1555.55,1656.55,1241.7,1182.6,632130,1495.61,1621.75,180,1628.3,210,674310
2026-04-10T10:02:55.482,NF,BANKNIFTY28APR2655000CE,1622.1,1555.55,1656.55,1241.7,1182.6,632160,1495.62,1620.0,30,1625.9,90,674310
2026-04-10T10:02:56.686,NF,BANKNIFTY28APR2655000CE,1620.0,1555.55,1656.55,1241.7,1182.6,632250,1495.63,1619.95,150,1624.65,60,674310
2026-04-10T10:02:57.886,NF,BANKNIFTY28APR2655000CE,1619.95,1555.55,1656.55,1241.7,1182.6,632370,1495.66,1619.95,150,1625.35,120,674310
2026-04-10T10:02:59.286,NF,BANKNIFTY28APR2655000CE,1620.0,1555.55,1656.55,1241.7,1182.6,632430,1495.67,1619.95,180,1625.55,150,674310
2026-04-10T10:03:00.490,NF,BANKNIFTY28APR2655000CE,1624.65,1555.55,1656.55,1241.7,1182.6,632490,1495.68,1625.95,210,1633.45,210,674310
2026-04-10T10:03:02.893,NF,BANKNIFTY28APR2655000CE,1633.65,1555.55,1656.55,1241.7,1182.6,632550,1495.7,1627.9,210,1634.55,60,674310
2026-04-10T10:03:04.307,NF,BANKNIFTY28APR2655000CE,1626.8,1555.55,1656.55,1241.7,1182.6,632580,1495.7,1626.55,270,1633.1,90,674310
2026-04-10T10:03:07.919,NF,BANKNIFTY28APR2655000CE,1628.6,1555.55,1656.55,1241.7,1182.6,632610,1495.71,1628.55,120,1633.65,210,674310
2026-04-10T10:03:10.504,NF,BANKNIFTY28APR2655000CE,1624.7,1555.55,1656.55,1241.7,1182.6,632910,1495.77,1624.65,240,1630.1,180,674310
2026-04-10T10:03:24.123,NF,BANKNIFTY28APR2655000CE,1625.35,1555.55,1656.55,1241.7,1182.6,633300,1495.85,1625.2,120,1631.85,270,674310
2026-04-10T10:03:27.927,NF,BANKNIFTY28APR2655000CE,1629.0,1555.55,1656.55,1241.7,1182.6,633330,1495.86,1627.7,180,1633.6,60,674310
2026-04-10T10:03:33.939,NF,BANKNIFTY28APR2655000CE,1633.65,1555.55,1656.55,1241.7,1182.6,633540,1495.9,1627.4,60,1634.6,210,674310
2026-04-10T10:03:37.757,NF,BANKNIFTY28APR2655000CE,1629.0,1555.55,1656.55,1241.7,1182.6,633660,1495.93,1624.65,240,1629.45,180,674310
2026-04-10T10:03:38.961,NF,BANKNIFTY28APR2655000CE,1624.65,1555.55,1656.55,1241.7,1182.6,633690,1495.93,1626.0,120,1632.7,180,674310
2026-04-10T10:03:40.343,NF,BANKNIFTY28APR2655000CE,1626.95,1555.55,1656.55,1241.7,1182.6,633720,1495.94,1627.25,120,1633.75,210,674310
2026-04-10T10:03:43.955,NF,BANKNIFTY28APR2655000CE,1632.75,1555.55,1656.55,1241.7,1182.6,633750,1495.95,1626.9,120,1632.75,30,674310
2026-04-10T10:03:58.974,NF,BANKNIFTY28APR2655000CE,1619.55,1555.55,1656.55,1241.7,1182.6,634080,1496.01,1618.0,210,1622.25,60,674310
2026-04-10T10:04:01.576,NF,BANKNIFTY28APR2655000CE,1610.05,1555.55,1656.55,1241.7,1182.6,634650,1496.12,1608.6,120,1615.1,240,674310
2026-04-10T10:04:02.779,NF,BANKNIFTY28APR2655000CE,1612.1,1555.55,1656.55,1241.7,1182.6,634860,1496.16,1606.2,60,1612.75,90,674310
2026-04-10T10:04:03.983,NF,BANKNIFTY28APR2655000CE,1612.7,1555.55,1656.55,1241.7,1182.6,634890,1496.16,1608.0,120,1614.6,90,674310
2026-04-10T10:04:05.204,NF,BANKNIFTY28APR2655000CE,1610.0,1555.55,1656.55,1241.7,1182.6,635070,1496.19,1612.7,300,1617.0,90,674310
2026-04-10T10:04:06.588,NF,BANKNIFTY28APR2655000CE,1620.45,1555.55,1656.55,1241.7,1182.6,635460,1496.27,1613.9,210,1620.4,90,674310
2026-04-10T10:04:07.792,NF,BANKNIFTY28APR2655000CE,1615.4,1555.55,1656.55,1241.7,1182.6,635550,1496.29,1615.4,210,1622.0,120,674310
2026-04-10T10:04:08.998,NF,BANKNIFTY28APR2655000CE,1621.5,1555.55,1656.55,1241.7,1182.6,635610,1496.3,1616.35,300,1621.95,90,674310
2026-04-10T10:04:10.211,NF,BANKNIFTY28APR2655000CE,1616.35,1555.55,1656.55,1241.7,1182.6,635640,1496.31,1615.75,300,1622.0,90,674310
2026-04-10T10:04:11.400,NF,BANKNIFTY28APR2655000CE,1621.95,1555.55,1656.55,1241.7,1182.6,635940,1496.36,1615.5,210,1621.75,90,674310
2026-04-10T10:04:12.798,NF,BANKNIFTY28APR2655000CE,1617.05,1555.55,1656.55,1241.7,1182.6,636000,1496.38,1615.8,90,1621.5,60,674310
2026-04-10T10:04:15.204,NF,BANKNIFTY28APR2655000CE,1615.75,1555.55,1656.55,1241.7,1182.6,636060,1496.39,1615.5,120,1621.4,120,674310
2026-04-10T10:04:16.406,NF,BANKNIFTY28APR2655000CE,1621.45,1555.55,1656.55,1241.7,1182.6,636090,1496.39,1614.75,120,1621.3,60,674310
2026-04-10T10:04:19.009,NF,BANKNIFTY28APR2655000CE,1618.75,1555.55,1656.55,1241.7,1182.6,636120,1496.4,1612.7,300,1618.7,90,674310
2026-04-10T10:04:20.209,NF,BANKNIFTY28APR2655000CE,1612.7,1555.55,1656.55,1241.7,1182.6,636150,1496.4,1612.7,270,1618.4,60,673950
2026-04-10T10:04:22.619,NF,BANKNIFTY28APR2655000CE,1612.7,1555.55,1656.55,1241.7,1182.6,636480,1496.46,1607.45,120,1614.0,60,673950
2026-04-10T10:04:25.217,NF,BANKNIFTY28APR2655000CE,1611.55,1555.55,1656.55,1241.7,1182.6,636540,1496.47,1605.2,120,1611.55,90,673950
2026-04-10T10:04:27.627,NF,BANKNIFTY28APR2655000CE,1605.0,1555.55,1656.55,1241.7,1182.6,636570,1496.48,1605.4,120,1611.75,120,673950
2026-04-10T10:04:30.229,NF,BANKNIFTY28APR2655000CE,1604.8,1555.55,1656.55,1241.7,1182.6,636900,1496.54,1604.8,90,1611.0,90,673950
2026-04-10T10:04:36.449,NF,BANKNIFTY28APR2655000CE,1611.35,1555.55,1656.55,1241.7,1182.6,636930,1496.54,1609.4,180,1616.2,210,673950
2026-04-10T10:04:43.846,NF,BANKNIFTY28APR2655000CE,1608.55,1555.55,1656.55,1241.7,1182.6,636960,1496.55,1605.55,30,1610.35,300,673950
2026-04-10T10:04:45.246,NF,BANKNIFTY28APR2655000CE,1609.35,1555.55,1656.55,1241.7,1182.6,637020,1496.56,1602.55,210,1609.0,180,673950
2026-04-10T10:04:48.857,NF,BANKNIFTY28APR2655000CE,1602.3,1555.55,1656.55,1241.7,1182.6,637050,1496.56,1601.1,300,1608.55,210,673950
2026-04-10T10:04:51.256,NF,BANKNIFTY28APR2655000CE,1607.8,1555.55,1656.55,1241.7,1182.6,637380,1496.62,1601.6,60,1607.9,90,673950
2026-04-10T10:04:52.458,NF,BANKNIFTY28APR2655000CE,1607.45,1555.55,1656.55,1241.7,1182.6,637410,1496.62,1601.15,150,1607.55,60,673950
2026-04-10T10:04:55.059,NF,BANKNIFTY28APR2655000CE,1601.15,1555.55,1656.55,1241.7,1182.6,637440,1496.63,1601.15,120,1606.05,90,673950
2026-04-10T10:04:56.299,NF,BANKNIFTY28APR2655000CE,1601.05,1555.55,1656.55,1241.7,1182.6,637680,1496.67,1601.05,60,1606.55,150,673950
2026-04-10T10:04:57.472,NF,BANKNIFTY28APR2655000CE,1606.55,1555.55,1656.55,1241.7,1182.6,637920,1496.71,1601.05,60,1608.0,210,673950
2026-04-10T10:04:58.668,NF,BANKNIFTY28APR2655000CE,1601.15,1555.55,1656.55,1241.7,1182.6,637950,1496.72,1601.15,60,1607.65,150,673950
2026-04-10T10:05:02.493,NF,BANKNIFTY28APR2655000CE,1607.3,1555.55,1656.55,1241.7,1182.6,638130,1496.75,1601.2,210,1608.95,60,673950
2026-04-10T10:05:03.674,NF,BANKNIFTY28APR2655000CE,1600.15,1555.55,1656.55,1241.7,1182.6,638220,1496.76,1600.0,180,1604.9,30,673950
2026-04-10T10:05:04.883,NF,BANKNIFTY28APR2655000CE,1600.0,1555.55,1656.55,1241.7,1182.6,638400,1496.79,1596.55,60,1602.35,90,673950
2026-04-10T10:05:07.484,NF,BANKNIFTY28APR2655000CE,1597.0,1555.55,1656.55,1241.7,1182.6,638730,1496.84,1597.2,120,1602.6,30,673950
2026-04-10T10:05:08.697,NF,BANKNIFTY28APR2655000CE,1601.0,1555.55,1656.55,1241.7,1182.6,639000,1496.88,1595.05,30,1600.5,30,673950
2026-04-10T10:05:09.885,NF,BANKNIFTY28APR2655000CE,1596.45,1555.55,1656.55,1241.7,1182.6,639120,1496.9,1591.35,30,1595.45,30,673950
2026-04-10T10:05:11.089,NF,BANKNIFTY28APR2655000CE,1590.0,1555.55,1656.55,1241.7,1182.6,639480,1496.96,1581.05,210,1587.7,60,673950
2026-04-10T10:05:13.689,NF,BANKNIFTY28APR2655000CE,1579.2,1555.55,1656.55,1241.7,1182.6,639720,1496.99,1576.8,120,1583.4,60,673950
2026-04-10T10:05:16.098,NF,BANKNIFTY28APR2655000CE,1575.0,1555.55,1656.55,1241.7,1182.6,639780,1497.0,1574.4,120,1580.05,60,673950
2026-04-10T10:05:17.498,NF,BANKNIFTY28APR2655000CE,1574.45,1555.55,1656.55,1241.7,1182.6,639840,1497.0,1578.65,210,1585.35,90,673950
2026-04-10T10:05:18.731,NF,BANKNIFTY28APR2655000CE,1584.3,1555.55,1656.55,1241.7,1182.6,639960,1497.02,1582.15,180,1589.15,60,673950
2026-04-10T10:05:19.901,NF,BANKNIFTY28APR2655000CE,1583.7,1555.55,1656.55,1241.7,1182.6,640020,1497.03,1584.25,210,1589.55,30,673950
2026-04-10T10:05:21.114,NF,BANKNIFTY28APR2655000CE,1589.0,1555.55,1656.55,1241.7,1182.6,640050,1497.03,1581.95,210,1588.6,90,673950
2026-04-10T10:05:22.526,NF,BANKNIFTY28APR2655000CE,1588.35,1555.55,1656.55,1241.7,1182.6,640200,1497.05,1581.0,120,1587.9,90,673950
2026-04-10T10:05:23.717,NF,BANKNIFTY28APR2655000CE,1587.75,1555.55,1656.55,1241.7,1182.6,640260,1497.06,1581.45,210,1587.35,60,673950
2026-04-10T10:05:26.116,NF,BANKNIFTY28APR2655000CE,1584.15,1555.55,1656.55,1241.7,1182.6,640380,1497.08,1577.85,60,1584.9,180,673950
2026-04-10T10:05:32.330,NF,BANKNIFTY28APR2655000CE,1588.7,1555.55,1656.55,1241.7,1182.6,640410,1497.08,1583.55,180,1588.65,90,673950
2026-04-10T10:05:33.745,NF,BANKNIFTY28APR2655000CE,1599.55,1555.55,1656.55,1241.7,1182.6,640440,1497.09,1592.3,210,1599.5,360,673950
2026-04-10T10:05:34.923,NF,BANKNIFTY28APR2655000CE,1593.4,1555.55,1656.55,1241.7,1182.6,640650,1497.12,1592.0,210,1599.4,210,673950
2026-04-10T10:05:36.132,NF,BANKNIFTY28APR2655000CE,1589.8,1555.55,1656.55,1241.7,1182.6,640710,1497.13,1586.3,180,1593.05,90,673950
2026-04-10T10:05:39.933,NF,BANKNIFTY28APR2655000CE,1585.05,1555.55,1656.55,1241.7,1182.6,640740,1497.13,1580.4,30,1585.05,90,673950
2026-04-10T10:05:41.135,NF,BANKNIFTY28APR2655000CE,1583.85,1555.55,1656.55,1241.7,1182.6,641610,1497.24,1574.7,210,1581.9,210,673950
2026-04-10T10:05:42.348,NF,BANKNIFTY28APR2655000CE,1572.05,1555.55,1656.55,1241.7,1182.6,641670,1497.25,1570.0,60,1573.6,210,673950
2026-04-10T10:05:43.553,NF,BANKNIFTY28APR2655000CE,1554.5,1555.55,1656.55,1241.7,1182.6,643320,1497.4,1554.5,90,1560.95,120,673950
2026-04-10T10:05:44.937,NF,BANKNIFTY28APR2655000CE,1556.1,1555.55,1656.55,1241.7,1182.6,643920,1497.46,1553.1,60,1559.9,30,673950
2026-04-10T10:05:46.184,NF,BANKNIFTY28APR2655000CE,1552.0,1555.55,1656.55,1241.7,1182.6,645120,1497.56,1552.0,90,1556.65,30,673950
2026-04-10T10:05:47.358,NF,BANKNIFTY28APR2655000CE,1544.5,1555.55,1656.55,1241.7,1182.6,646710,1497.68,1545.25,30,1551.85,180,673950
2026-04-10T10:05:48.555,NF,BANKNIFTY28APR2655000CE,1542.9,1555.55,1656.55,1241.7,1182.6,647520,1497.75,1541.2,150,1548.5,30,673950
2026-04-10T10:05:49.945,NF,BANKNIFTY28APR2655000CE,1536.9,1555.55,1656.55,1241.7,1182.6,648420,1497.81,1537.05,30,1546.25,120,673950
2026-04-10T10:05:51.146,NF,BANKNIFTY28APR2655000CE,1544.2,1555.55,1656.55,1241.7,1182.6,649410,1497.87,1535.0,30,1541.9,30,673950
2026-04-10T10:05:52.350,NF,BANKNIFTY28APR2655000CE,1540.4,1555.55,1656.55,1241.7,1182.6,649980,1497.91,1540.4,60,1546.5,30,673950
2026-04-10T10:05:53.552,NF,BANKNIFTY28APR2655000CE,1547.35,1555.55,1656.55,1241.7,1182.6,650700,1497.96,1543.7,90,1553.7,30,673950
2026-04-10T10:05:58.561,NF,BANKNIFTY28APR2655000CE,1548.8,1555.55,1656.55,1241.7,1182.6,650820,1497.97,1548.0,30,1554.5,30,673950
2026-04-10T10:05:59.788,NF,BANKNIFTY28APR2655000CE,1553.85,1555.55,1656.55,1241.7,1182.6,650880,1497.97,1547.85,30,1553.2,150,673950
2026-04-10T10:06:01.167,NF,BANKNIFTY28APR2655000CE,1556.9,1555.55,1656.55,1241.7,1182.6,650970,1497.98,1550.55,30,1556.95,120,673950
2026-04-10T10:06:02.367,NF,BANKNIFTY28APR2655000CE,1556.0,1555.55,1656.55,1241.7,1182.6,651420,1498.02,1550.15,30,1557.0,210,673950
2026-04-10T10:06:03.586,NF,BANKNIFTY28APR2655000CE,1557.65,1555.55,1656.55,1241.7,1182.6,651780,1498.05,1556.3,180,1563.1,30,673950
2026-04-10T10:06:04.771,NF,BANKNIFTY28APR2655000CE,1564.15,1555.55,1656.55,1241.7,1182.6,651840,1498.06,1557.85,30,1564.0,210,673950
2026-04-10T10:06:08.586,NF,BANKNIFTY28APR2655000CE,1568.45,1555.55,1656.55,1241.7,1182.6,652170,1498.09,1562.65,30,1568.4,120,673950
2026-04-10T10:06:09.780,NF,BANKNIFTY28APR2655000CE,1566.7,1555.55,1656.55,1241.7,1182.6,652590,1498.14,1566.1,30,1572.75,30,673950
2026-04-10T10:06:12.416,NF,BANKNIFTY28APR2655000CE,1568.65,1555.55,1656.55,1241.7,1182.6,652620,1498.14,1564.7,30,1571.6,150,673950
2026-04-10T10:06:13.586,NF,BANKNIFTY28APR2655000CE,1565.05,1555.55,1656.55,1241.7,1182.6,652650,1498.14,1565.65,60,1571.7,120,673950
2026-04-10T10:06:17.390,NF,BANKNIFTY28APR2655000CE,1575.0,1555.55,1656.55,1241.7,1182.6,653010,1498.18,1570.15,30,1575.0,270,673950
2026-04-10T10:06:18.595,NF,BANKNIFTY28APR2655000CE,1575.0,1555.55,1656.55,1241.7,1182.6,653460,1498.24,1570.55,120,1577.4,30,673950
2026-04-10T10:06:22.395,NF,BANKNIFTY28APR2655000CE,1580.0,1555.55,1656.55,1241.7,1182.6,653550,1498.25,1580.0,30,1583.85,90,673950
2026-04-10T10:06:23.598,NF,BANKNIFTY28APR2655000CE,1580.0,1555.55,1656.55,1241.7,1182.6,653670,1498.26,1575.05,60,1580.95,30,673950
2026-04-10T10:06:24.804,NF,BANKNIFTY28APR2655000CE,1580.55,1555.55,1656.55,1241.7,1182.6,653700,1498.27,1575.0,150,1580.5,180,673950
2026-04-10T10:06:26.206,NF,BANKNIFTY28APR2655000CE,1580.2,1555.55,1656.55,1241.7,1182.6,653730,1498.27,1575.0,150,1578.65,180,673950
2026-04-10T10:06:27.403,NF,BANKNIFTY28APR2655000CE,1566.2,1555.55,1656.55,1241.7,1182.6,654060,1498.31,1567.8,30,1575.5,120,673950
2026-04-10T10:06:28.612,NF,BANKNIFTY28APR2655000CE,1573.1,1555.55,1656.55,1241.7,1182.6,654120,1498.31,1566.15,90,1572.6,150,673950
2026-04-10T10:06:29.816,NF,BANKNIFTY28APR2655000CE,1566.15,1555.55,1656.55,1241.7,1182.6,654150,1498.32,1568.3,30,1574.9,60,673950
2026-04-10T10:06:31.207,NF,BANKNIFTY28APR2655000CE,1578.3,1555.55,1656.55,1241.7,1182.6,654180,1498.32,1570.7,120,1578.0,120,673950
2026-04-10T10:06:32.415,NF,BANKNIFTY28APR2655000CE,1576.7,1555.55,1656.55,1241.7,1182.6,654210,1498.32,1571.7,120,1579.25,30,673950
2026-04-10T10:06:38.624,NF,BANKNIFTY28APR2655000CE,1573.3,1555.55,1656.55,1241.7,1182.6,654390,1498.35,1572.8,60,1579.05,60,673950
2026-04-10T10:06:39.822,NF,BANKNIFTY28APR2655000CE,1578.45,1555.55,1656.55,1241.7,1182.6,654420,1498.35,1571.2,30,1576.15,60,673950
2026-04-10T10:06:41.226,NF,BANKNIFTY28APR2655000CE,1571.2,1555.55,1656.55,1241.7,1182.6,654480,1498.36,1571.0,30,1574.1,30,673950
2026-04-10T10:06:42.424,NF,BANKNIFTY28APR2655000CE,1571.0,1555.55,1656.55,1241.7,1182.6,654510,1498.36,1570.0,30,1572.75,30,673950
2026-04-10T10:06:46.350,NF,BANKNIFTY28APR2655000CE,1576.0,1555.55,1656.55,1241.7,1182.6,654570,1498.37,1572.75,30,1576.1,60,673950
2026-04-10T10:06:47.429,NF,BANKNIFTY28APR2655000CE,1578.5,1555.55,1656.55,1241.7,1182.6,656070,1498.55,1572.75,30,1577.35,60,673950
2026-04-10T10:06:49.834,NF,BANKNIFTY28APR2655000CE,1572.75,1555.55,1656.55,1241.7,1182.6,656160,1498.56,1571.55,120,1575.0,270,673950
2026-04-10T10:06:51.038,NF,BANKNIFTY28APR2655000CE,1575.0,1555.55,1656.55,1241.7,1182.6,656220,1498.56,1571.2,120,1575.0,240,673950
2026-04-10T10:06:56.050,NF,BANKNIFTY28APR2655000CE,1575.0,1555.55,1656.55,1241.7,1182.6,656250,1498.57,1571.3,120,1575.0,180,673950
2026-04-10T10:06:59.846,NF,BANKNIFTY28APR2655000CE,1570.0,1555.55,1656.55,1241.7,1182.6,656370,1498.58,1570.0,120,1574.85,90,673950
2026-04-10T10:07:01.055,NF,BANKNIFTY28APR2655000CE,1573.25,1555.55,1656.55,1241.7,1182.6,656400,1498.58,1566.7,150,1573.3,90,673950
2026-04-10T10:07:11.062,NF,BANKNIFTY28APR2655000CE,1568.45,1555.55,1656.55,1241.7,1182.6,656460,1498.59,1562.85,120,1570.35,60,673950
2026-04-10T10:07:13.472,NF,BANKNIFTY28APR2655000CE,1570.65,1555.55,1656.55,1241.7,1182.6,656520,1498.6,1569.05,150,1574.45,90,673950
2026-04-10T10:07:14.868,NF,BANKNIFTY28APR2655000CE,1574.45,1555.55,1656.55,1241.7,1182.6,656550,1498.6,1569.25,150,1574.5,90,673950
2026-04-10T10:07:16.065,NF,BANKNIFTY28APR2655000CE,1575.0,1555.55,1656.55,1241.7,1182.6,656820,1498.63,1572.65,60,1578.0,90,673950
2026-04-10T10:07:17.270,NF,BANKNIFTY28APR2655000CE,1573.15,1555.55,1656.55,1241.7,1182.6,656850,1498.64,1573.35,150,1578.15,60,673950
2026-04-10T10:07:18.472,NF,BANKNIFTY28APR2655000CE,1575.0,1555.55,1656.55,1241.7,1182.6,656940,1498.65,1574.5,60,1578.1,60,676140
2026-04-10T10:07:19.879,NF,BANKNIFTY28APR2655000CE,1578.1,1555.55,1656.55,1241.7,1182.6,656970,1498.65,1572.2,150,1578.05,120,676140
2026-04-10T10:07:21.074,NF,BANKNIFTY28APR2655000CE,1578.05,1555.55,1656.55,1241.7,1182.6,657030,1498.66,1570.85,60,1577.6,60,676140
2026-04-10T10:07:26.085,NF,BANKNIFTY28APR2655000CE,1575.0,1555.55,1656.55,1241.7,1182.6,657270,1498.68,1572.7,120,1577.8,60,676140
2026-04-10T10:07:29.894,NF,BANKNIFTY28APR2655000CE,1578.05,1555.55,1656.55,1241.7,1182.6,657330,1498.69,1574.3,120,1578.0,120,676140
2026-04-10T10:07:31.091,NF,BANKNIFTY28APR2655000CE,1578.05,1555.55,1656.55,1241.7,1182.6,657420,1498.7,1575.05,60,1578.15,30,676140
2026-04-10T10:07:33.494,NF,BANKNIFTY28APR2655000CE,1579.95,1555.55,1656.55,1241.7,1182.6,657480,1498.71,1574.65,30,1579.9,90,676140
2026-04-10T10:07:36.097,NF,BANKNIFTY28APR2655000CE,1578.15,1555.55,1656.55,1241.7,1182.6,657510,1498.71,1576.05,150,1580.0,3570,676140
2026-04-10T10:07:39.702,NF,BANKNIFTY28APR2655000CE,1580.0,1555.55,1656.55,1241.7,1182.6,657540,1498.72,1576.65,180,1580.0,3480,676140
2026-04-10T10:07:43.513,NF,BANKNIFTY28APR2655000CE,1580.0,1555.55,1656.55,1241.7,1182.6,657600,1498.72,1577.05,300,1580.0,3420,676140
2026-04-10T10:07:46.112,NF,BANKNIFTY28APR2655000CE,1580.0,1555.55,1656.55,1241.7,1182.6,661020,1499.15,1579.9,150,1586.15,150,676140
2026-04-10T10:07:53.734,NF,BANKNIFTY28APR2655000CE,1585.3,1555.55,1656.55,1241.7,1182.6,661050,1499.15,1578.5,150,1584.4,120,676140
2026-04-10T10:07:58.730,NF,BANKNIFTY28APR2655000CE,1580.0,1555.55,1656.55,1241.7,1182.6,661230,1499.17,1580.0,150,1586.4,120,676140
2026-04-10T10:08:03.737,NF,BANKNIFTY28APR2655000CE,1587.35,1555.55,1656.55,1241.7,1182.6,661350,1499.19,1580.4,150,1586.95,90,676140
2026-04-10T10:08:13.773,NF,BANKNIFTY28APR2655000CE,1582.15,1555.55,1656.55,1241.7,1182.6,661380,1499.19,1575.9,150,1582.45,90,676140
2026-04-10T10:08:15.150,NF,BANKNIFTY28APR2655000CE,1577.9,1555.55,1656.55,1241.7,1182.6,661440,1499.2,1577.9,90,1582.7,90,676140
2026-04-10T10:08:16.355,NF,BANKNIFTY28APR2655000CE,1580.0,1555.55,1656.55,1241.7,1182.6,661470,1499.2,1578.95,150,1585.45,90,676140
2026-04-10T10:08:18.758,NF,BANKNIFTY28APR2655000CE,1587.35,1555.55,1656.55,1241.7,1182.6,661530,1499.21,1582.3,150,1588.85,150,676140
2026-04-10T10:08:20.158,NF,BANKNIFTY28APR2655000CE,1582.3,1555.55,1656.55,1241.7,1182.6,661620,1499.22,1582.3,90,1588.45,90,676140
2026-04-10T10:08:36.397,NF,BANKNIFTY28APR2655000CE,1587.85,1555.55,1656.55,1241.7,1182.6,661710,1499.23,1581.05,150,1587.7,150,676140
2026-04-10T10:08:37.587,NF,BANKNIFTY28APR2655000CE,1581.75,1555.55,1656.55,1241.7,1182.6,661740,1499.24,1581.75,180,1587.85,120,676140
2026-04-10T10:08:43.800,NF,BANKNIFTY28APR2655000CE,1590.0,1555.55,1656.55,1241.7,1182.6,661830,1499.25,1582.9,30,1589.6,90,676140
2026-04-10T10:08:45.003,NF,BANKNIFTY28APR2655000CE,1584.85,1555.55,1656.55,1241.7,1182.6,661860,1499.25,1585.15,60,1589.95,120,676140
2026-04-10T10:08:46.198,NF,BANKNIFTY28APR2655000CE,1588.0,1555.55,1656.55,1241.7,1182.6,661890,1499.26,1585.85,150,1590.0,30,676140
2026-04-10T10:08:54.609,NF,BANKNIFTY28APR2655000CE,1589.4,1555.55,1656.55,1241.7,1182.6,661920,1499.26,1580.4,270,1587.55,120,676140
2026-04-10T10:08:56.008,NF,BANKNIFTY28APR2655000CE,1588.95,1555.55,1656.55,1241.7,1182.6,661950,1499.27,1581.25,120,1588.1,60,676140
2026-04-10T10:09:00.816,NF,BANKNIFTY28APR2655000CE,1587.0,1555.55,1656.55,1241.7,1182.6,662250,1499.31,1581.45,150,1586.95,330,676140
2026-04-10T10:09:03.251,NF,BANKNIFTY28APR2655000CE,1585.0,1555.55,1656.55,1241.7,1182.6,662280,1499.31,1584.25,120,1588.95,30,676140
2026-04-10T10:09:05.647,NF,BANKNIFTY28APR2655000CE,1588.95,1555.55,1656.55,1241.7,1182.6,662310,1499.31,1585.8,120,1590.0,30,676140
2026-04-10T10:09:08.234,NF,BANKNIFTY28APR2655000CE,1590.0,1555.55,1656.55,1241.7,1182.6,662340,1499.32,1587.75,30,1593.55,90,676140
2026-04-10T10:09:09.426,NF,BANKNIFTY28APR2655000CE,1591.75,1555.55,1656.55,1241.7,1182.6,662400,1499.33,1591.75,180,1594.55,90,676140
2026-04-10T10:09:10.635,NF,BANKNIFTY28APR2655000CE,1591.75,1555.55,1656.55,1241.7,1182.6,662580,1499.35,1587.95,150,1594.65,90,676140
2026-04-10T10:09:14.232,NF,BANKNIFTY28APR2655000CE,1594.7,1555.55,1656.55,1241.7,1182.6,662610,1499.36,1592.6,150,1598.95,90,676140
2026-04-10T10:09:19.241,NF,BANKNIFTY28APR2655000CE,1602.9,1555.55,1656.55,1241.7,1182.6,663090,1499.43,1600.05,120,1602.9,120,676140
2026-04-10T10:09:20.443,NF,BANKNIFTY28APR2655000CE,1602.9,1555.55,1656.55,1241.7,1182.6,663210,1499.45,1604.95,120,1609.85,90,676140
2026-04-10T10:09:21.644,NF,BANKNIFTY28APR2655000CE,1609.95,1555.55,1656.55,1241.7,1182.6,663450,1499.49,1607.65,30,1609.95,90,676140
2026-04-10T10:09:22.848,NF,BANKNIFTY28APR2655000CE,1610.0,1555.55,1656.55,1241.7,1182.6,664410,1499.65,1603.9,120,1609.95,60,676140
2026-04-10T10:09:24.050,NF,BANKNIFTY28APR2655000CE,1605.55,1555.55,1656.55,1241.7,1182.6,664500,1499.66,1605.6,30,1609.95,60,676140
2026-04-10T10:09:27.853,NF,BANKNIFTY28APR2655000CE,1609.4,1555.55,1656.55,1241.7,1182.6,664560,1499.67,1602.9,30,1608.9,90,676140
2026-04-10T10:09:29.057,NF,BANKNIFTY28APR2655000CE,1609.95,1555.55,1656.55,1241.7,1182.6,664650,1499.69,1601.9,120,1608.55,30,676140
2026-04-10T10:09:30.264,NF,BANKNIFTY28APR2655000CE,1609.4,1555.55,1656.55,1241.7,1182.6,664800,1499.71,1605.55,30,1610.0,60,676140
2026-04-10T10:09:31.460,NF,BANKNIFTY28APR2655000CE,1609.95,1555.55,1656.55,1241.7,1182.6,664830,1499.72,1606.75,150,1609.4,30,676140
2026-04-10T10:09:32.662,NF,BANKNIFTY28APR2655000CE,1609.4,1555.55,1656.55,1241.7,1182.6,664860,1499.72,1606.45,150,1610.0,60,676140
2026-04-10T10:09:35.067,NF,BANKNIFTY28APR2655000CE,1609.4,1555.55,1656.55,1241.7,1182.6,664890,1499.73,1604.25,30,1610.0,120,676140
2026-04-10T10:09:40.076,NF,BANKNIFTY28APR2655000CE,1606.15,1555.55,1656.55,1241.7,1182.6,665250,1499.78,1604.9,60,1609.4,60,676140
2026-04-10T10:09:41.279,NF,BANKNIFTY28APR2655000CE,1605.5,1555.55,1656.55,1241.7,1182.6,665280,1499.79,1605.45,60,1609.4,30,676140
2026-04-10T10:09:42.478,NF,BANKNIFTY28APR2655000CE,1610.0,1555.55,1656.55,1241.7,1182.6,665370,1499.8,1607.7,60,1614.15,60,676140
2026-04-10T10:09:46.092,NF,BANKNIFTY28APR2655000CE,1615.0,1555.55,1656.55,1241.7,1182.6,665400,1499.81,1612.05,60,1617.6,90,676140
2026-04-10T10:09:47.295,NF,BANKNIFTY28APR2655000CE,1611.95,1555.55,1656.55,1241.7,1182.6,665490,1499.82,1611.95,60,1617.75,90,676140
2026-04-10T10:09:49.897,NF,BANKNIFTY28APR2655000CE,1615.0,1555.55,1656.55,1241.7,1182.6,665550,1499.83,1610.05,60,1615.0,270,676140
2026-04-10T10:09:51.105,NF,BANKNIFTY28APR2655000CE,1615.0,1555.55,1656.55,1241.7,1182.6,665970,1499.91,1611.55,30,1617.75,120,676140
2026-04-10T10:09:53.507,NF,BANKNIFTY28APR2655000CE,1615.05,1555.55,1656.55,1241.7,1182.6,666210,1499.95,1609.75,60,1615.1,60,676140
2026-04-10T10:09:56.102,NF,BANKNIFTY28APR2655000CE,1616.3,1555.55,1656.55,1241.7,1182.6,666510,1500.0,1610.0,240,1616.25,120,676140
2026-04-10T10:09:58.517,NF,BANKNIFTY28APR2655000CE,1609.4,1555.55,1656.55,1241.7,1182.6,666660,1500.03,1609.4,270,1613.2,150,676140
2026-04-10T10:09:59.712,NF,BANKNIFTY28APR2655000CE,1612.05,1555.55,1656.55,1241.7,1182.6,666750,1500.04,1609.45,150,1613.25,60,676140
2026-04-10T10:10:01.102,NF,BANKNIFTY28APR2655000CE,1609.4,1555.55,1656.55,1241.7,1182.6,667530,1500.17,1608.05,30,1613.25,60,676140
2026-04-10T10:10:06.118,NF,BANKNIFTY28APR2655000CE,1613.25,1555.55,1656.55,1241.7,1182.6,667560,1500.17,1610.15,60,1615.0,30,676140
2026-04-10T10:10:07.318,NF,BANKNIFTY28APR2655000CE,1615.0,1555.55,1656.55,1241.7,1182.6,667590,1500.18,1610.6,150,1616.25,180,676140
2026-04-10T10:10:11.125,NF,BANKNIFTY28APR2655000CE,1610.75,1555.55,1656.55,1241.7,1182.6,667650,1500.19,1611.25,60,1616.25,90,676140
2026-04-10T10:10:12.338,NF,BANKNIFTY28APR2655000CE,1616.25,1555.55,1656.55,1241.7,1182.6,667680,1500.19,1610.95,150,1616.25,30,676140
2026-04-10T10:10:16.133,NF,BANKNIFTY28APR2655000CE,1611.25,1555.55,1656.55,1241.7,1182.6,667710,1500.2,1610.1,120,1615.9,90,676140
2026-04-10T10:10:19.740,NF,BANKNIFTY28APR2655000CE,1611.6,1555.55,1656.55,1241.7,1182.6,667740,1500.2,1611.1,90,1616.3,30,673620
2026-04-10T10:10:20.947,NF,BANKNIFTY28APR2655000CE,1611.6,1555.55,1656.55,1241.7,1182.6,667770,1500.21,1611.4,240,1616.3,30,673620
2026-04-10T10:10:22.350,NF,BANKNIFTY28APR2655000CE,1616.3,1555.55,1656.55,1241.7,1182.6,667800,1500.21,1614.55,150,1618.0,180,673620
2026-04-10T10:10:23.535,NF,BANKNIFTY28APR2655000CE,1618.0,1555.55,1656.55,1241.7,1182.6,667920,1500.23,1614.7,150,1618.0,150,673620
2026-04-10T10:10:24.743,NF,BANKNIFTY28APR2655000CE,1618.0,1555.55,1656.55,1241.7,1182.6,668070,1500.26,1616.0,150,1621.4,90,673620
2026-04-10T10:10:27.340,NF,BANKNIFTY28APR2655000CE,1625.0,1555.55,1656.55,1241.7,1182.6,668130,1500.27,1621.75,90,1625.0,150,673620
2026-04-10T10:10:28.550,NF,BANKNIFTY28APR2655000CE,1625.0,1555.55,1656.55,1241.7,1182.6,668280,1500.3,1622.1,210,1626.0,90,673620
2026-04-10T10:10:29.748,NF,BANKNIFTY28APR2655000CE,1626.0,1555.55,1656.55,1241.7,1182.6,668370,1500.32,1622.25,60,1627.9,90,673620
2026-04-10T10:10:30.991,NF,BANKNIFTY28APR2655000CE,1628.0,1555.55,1656.55,1241.7,1182.6,668400,1500.32,1624.05,60,1628.0,180,673620
2026-04-10T10:10:32.354,NF,BANKNIFTY28APR2655000CE,1623.6,1555.55,1656.55,1241.7,1182.6,668820,1500.4,1619.25,30,1627.0,120,673620
2026-04-10T10:10:33.552,NF,BANKNIFTY28APR2655000CE,1626.65,1555.55,1656.55,1241.7,1182.6,668880,1500.41,1621.8,120,1627.4,120,673620
2026-04-10T10:10:34.767,NF,BANKNIFTY28APR2655000CE,1628.0,1555.55,1656.55,1241.7,1182.6,669000,1500.44,1625.0,150,1628.0,30,673620
2026-04-10T10:10:35.955,NF,BANKNIFTY28APR2655000CE,1628.0,1555.55,1656.55,1241.7,1182.6,669030,1500.44,1625.0,120,1628.7,30,673620
2026-04-10T10:10:37.353,NF,BANKNIFTY28APR2655000CE,1625.0,1555.55,1656.55,1241.7,1182.6,669090,1500.45,1625.0,90,1628.15,60,673620
2026-04-10T10:10:39.770,NF,BANKNIFTY28APR2655000CE,1625.0,1555.55,1656.55,1241.7,1182.6,669390,1500.51,1624.9,90,1629.8,90,673620
2026-04-10T10:10:40.963,NF,BANKNIFTY28APR2655000CE,1630.0,1555.55,1656.55,1241.7,1182.6,669510,1500.53,1625.7,180,1630.0,630,673620
2026-04-10T10:10:47.369,NF,BANKNIFTY28APR2655000CE,1625.45,1555.55,1656.55,1241.7,1182.6,669570,1500.54,1625.65,180,1630.0,630,673620
2026-04-10T10:10:49.776,NF,BANKNIFTY28APR2655000CE,1630.0,1555.55,1656.55,1241.7,1182.6,669600,1500.55,1625.45,180,1630.0,600,673620
2026-04-10T10:10:50.995,NF,BANKNIFTY28APR2655000CE,1630.0,1555.55,1656.55,1241.7,1182.6,669630,1500.55,1625.55,180,1630.0,570,673620
2026-04-10T10:10:53.399,NF,BANKNIFTY28APR2655000CE,1625.1,1555.55,1656.55,1241.7,1182.6,669660,1500.56,1625.2,60,1630.0,840,673620
2026-04-10T10:10:54.783,NF,BANKNIFTY28APR2655000CE,1630.0,1555.55,1656.55,1241.7,1182.6,669720,1500.57,1625.15,120,1630.0,900,673620
2026-04-10T10:10:58.399,NF,BANKNIFTY28APR2655000CE,1625.85,1555.55,1656.55,1241.7,1182.6,669780,1500.58,1624.7,150,1630.0,780,673620
2026-04-10T10:10:59.797,NF,BANKNIFTY28APR2655000CE,1630.0,1555.55,1656.55,1241.7,1182.6,669900,1500.61,1625.5,210,1630.0,660,673620
2026-04-10T10:11:01.002,NF,BANKNIFTY28APR2655000CE,1630.0,1555.55,1656.55,1241.7,1182.6,670530,1500.73,1627.3,150,1632.6,90,673620
2026-04-10T10:11:03.402,NF,BANKNIFTY28APR2655000CE,1632.75,1555.55,1656.55,1241.7,1182.6,670560,1500.73,1629.5,240,1634.15,30,673620
2026-04-10T10:11:08.413,NF,BANKNIFTY28APR2655000CE,1634.15,1555.55,1656.55,1241.7,1182.6,670590,1500.74,1630.3,30,1635.0,30,673620
2026-04-10T10:11:11.011,NF,BANKNIFTY28APR2655000CE,1635.0,1555.55,1656.55,1241.7,1182.6,670620,1500.75,1629.85,150,1636.3,60,673620
2026-04-10T10:11:13.417,NF,BANKNIFTY28APR2655000CE,1635.8,1555.55,1656.55,1241.7,1182.6,670650,1500.75,1630.0,120,1635.65,60,673620
2026-04-10T10:11:17.237,NF,BANKNIFTY28APR2655000CE,1640.0,1555.55,1656.55,1241.7,1182.6,670950,1500.81,1634.55,120,1640.0,510,673620
2026-04-10T10:11:19.625,NF,BANKNIFTY28APR2655000CE,1633.9,1555.55,1656.55,1241.7,1182.6,670980,1500.82,1633.05,60,1638.1,180,673620
2026-04-10T10:11:20.829,NF,BANKNIFTY28APR2655000CE,1634.8,1555.55,1656.55,1241.7,1182.6,671460,1500.92,1628.3,30,1634.15,120,673620
2026-04-10T10:11:22.232,NF,BANKNIFTY28APR2655000CE,1631.7,1555.55,1656.55,1241.7,1182.6,671490,1500.92,1627.75,150,1633.45,90,673620
2026-04-10T10:11:23.431,NF,BANKNIFTY28APR2655000CE,1633.2,1555.55,1656.55,1241.7,1182.6,671520,1500.93,1627.85,120,1634.3,120,673620
2026-04-10T10:11:29.643,NF,BANKNIFTY28APR2655000CE,1635.85,1555.55,1656.55,1241.7,1182.6,671550,1500.93,1630.75,150,1636.6,90,673620
2026-04-10T10:11:30.868,NF,BANKNIFTY28APR2655000CE,1636.35,1555.55,1656.55,1241.7,1182.6,671580,1500.94,1632.15,30,1638.75,150,673620
2026-04-10T10:11:32.246,NF,BANKNIFTY28APR2655000CE,1640.0,1555.55,1656.55,1241.7,1182.6,671880,1501.0,1633.7,90,1640.05,90,673620
2026-04-10T10:11:33.461,NF,BANKNIFTY28APR2655000CE,1638.75,1555.55,1656.55,1241.7,1182.6,671910,1501.01,1631.35,30,1638.5,60,673620
2026-04-10T10:11:45.876,NF,BANKNIFTY28APR2655000CE,1638.45,1555.55,1656.55,1241.7,1182.6,671940,1501.01,1634.55,150,1640.0,30,673620
2026-04-10T10:11:47.271,NF,BANKNIFTY28APR2655000CE,1636.75,1555.55,1656.55,1241.7,1182.6,672030,1501.03,1634.1,120,1639.95,90,673620
2026-04-10T10:11:48.472,NF,BANKNIFTY28APR2655000CE,1640.0,1555.55,1656.55,1241.7,1182.6,672360,1501.1,1632.6,120,1639.3,60,673620
2026-04-10T10:11:53.286,NF,BANKNIFTY28APR2655000CE,1636.45,1555.55,1656.55,1241.7,1182.6,672420,1501.11,1630.05,240,1636.55,210,673620
2026-04-10T10:11:54.485,NF,BANKNIFTY28APR2655000CE,1630.25,1555.55,1656.55,1241.7,1182.6,672450,1501.12,1630.15,150,1636.7,60,673620
2026-04-10T10:11:55.687,NF,BANKNIFTY28APR2655000CE,1636.45,1555.55,1656.55,1241.7,1182.6,672480,1501.12,1630.25,150,1636.3,60,673620
2026-04-10T10:12:03.300,NF,BANKNIFTY28APR2655000CE,1640.0,1555.55,1656.55,1241.7,1182.6,672510,1501.13,1635.0,180,1640.0,420,673620
2026-04-10T10:12:04.500,NF,BANKNIFTY28APR2655000CE,1635.25,1555.55,1656.55,1241.7,1182.6,672570,1501.14,1635.0,60,1639.95,60,673620
2026-04-10T10:12:05.705,NF,BANKNIFTY28APR2655000CE,1640.0,1555.55,1656.55,1241.7,1182.6,672660,1501.16,1635.45,90,1639.95,90,673620
2026-04-10T10:12:15.722,NF,BANKNIFTY28APR2655000CE,1640.0,1555.55,1656.55,1241.7,1182.6,672690,1501.17,1635.8,210,1640.0,300,673620
2026-04-10T10:12:18.137,NF,BANKNIFTY28APR2655000CE,1635.8,1555.55,1656.55,1241.7,1182.6,672750,1501.18,1635.8,90,1640.0,270,673620
2026-04-10T10:12:19.327,NF,BANKNIFTY28APR2655000CE,1640.0,1555.55,1656.55,1241.7,1182.6,672870,1501.2,1635.0,210,1640.0,150,673620
2026-04-10T10:12:23.143,NF,BANKNIFTY28APR2655000CE,1640.0,1555.55,1656.55,1241.7,1182.6,673020,1501.23,1636.0,120,1641.0,90,673620
2026-04-10T10:12:24.338,NF,BANKNIFTY28APR2655000CE,1636.05,1555.55,1656.55,1241.7,1182.6,673050,1501.24,1636.5,60,1640.0,90,673620
2026-04-10T10:12:25.546,NF,BANKNIFTY28APR2655000CE,1640.0,1555.55,1656.55,1241.7,1182.6,673080,1501.25,1636.5,60,1640.0,60,673620
2026-04-10T10:12:26.753,NF,BANKNIFTY28APR2655000CE,1640.0,1555.55,1656.55,1241.7,1182.6,673140,1501.26,1640.0,540,1641.0,90,673620
2026-04-10T10:12:29.350,NF,BANKNIFTY28APR2655000CE,1640.0,1555.55,1656.55,1241.7,1182.6,673380,1501.31,1640.0,300,1641.0,90,673620
2026-04-10T10:12:30.553,NF,BANKNIFTY28APR2655000CE,1640.0,1555.55,1656.55,1241.7,1182.6,673560,1501.34,1640.0,120,1641.0,180,673620
2026-04-10T10:12:31.750,NF,BANKNIFTY28APR2655000CE,1641.0,1555.55,1656.55,1241.7,1182.6,673650,1501.36,1640.15,120,1642.9,30,673620
2026-04-10T10:12:35.554,NF,BANKNIFTY28APR2655000CE,1642.9,1555.55,1656.55,1241.7,1182.6,673680,1501.37,1640.45,90,1645.0,120,673620
2026-04-10T10:12:37.960,NF,BANKNIFTY28APR2655000CE,1643.7,1555.55,1656.55,1241.7,1182.6,673710,1501.38,1640.0,420,1643.7,60,673620
2026-04-10T10:12:40.561,NF,BANKNIFTY28APR2655000CE,1640.0,1555.55,1656.55,1241.7,1182.6,673920,1501.42,1640.0,240,1643.4,120,673620
2026-04-10T10:12:44.171,NF,BANKNIFTY28APR2655000CE,1640.0,1555.55,1656.55,1241.7,1182.6,674040,1501.44,1640.0,120,1644.2,60,673620
2026-04-10T10:12:45.373,NF,BANKNIFTY28APR2655000CE,1640.0,1555.55,1656.55,1241.7,1182.6,674070,1501.45,1640.0,90,1643.85,240,673620
2026-04-10T10:12:46.773,NF,BANKNIFTY28APR2655000CE,1640.0,1555.55,1656.55,1241.7,1182.6,674130,1501.46,1640.0,180,1644.95,60,673620
2026-04-10T10:12:50.586,NF,BANKNIFTY28APR2655000CE,1640.6,1555.55,1656.55,1241.7,1182.6,674190,1501.48,1640.55,90,1644.95,90,673620
2026-04-10T10:12:54.395,NF,BANKNIFTY28APR2655000CE,1641.0,1555.55,1656.55,1241.7,1182.6,674340,1501.51,1640.45,120,1645.0,120,673620
2026-04-10T10:12:58.193,NF,BANKNIFTY28APR2655000CE,1640.0,1555.55,1656.55,1241.7,1182.6,674400,1501.52,1636.15,30,1643.0,60,673620
2026-04-10T10:13:00.600,NF,BANKNIFTY28APR2655000CE,1643.0,1555.55,1656.55,1241.7,1182.6,674520,1501.54,1637.35,90,1643.15,90,673620
2026-04-10T10:13:01.802,NF,BANKNIFTY28APR2655000CE,1637.3,1555.55,1656.55,1241.7,1182.6,674880,1501.62,1636.85,120,1642.9,60,673620
2026-04-10T10:13:03.015,NF,BANKNIFTY28APR2655000CE,1644.0,1555.55,1656.55,1241.7,1182.6,675000,1501.64,1638.45,90,1644.6,60,673620
2026-04-10T10:13:04.406,NF,BANKNIFTY28APR2655000CE,1640.0,1555.55,1656.55,1241.7,1182.6,675180,1501.68,1638.3,120,1644.35,60,673620
2026-04-10T10:13:08.012,NF,BANKNIFTY28APR2655000CE,1643.85,1555.55,1656.55,1241.7,1182.6,675210,1501.68,1639.5,150,1645.0,240,673620
2026-04-10T10:13:11.818,NF,BANKNIFTY28APR2655000CE,1640.1,1555.55,1656.55,1241.7,1182.6,675240,1501.69,1639.9,30,1645.0,120,673620
2026-04-10T10:13:13.020,NF,BANKNIFTY28APR2655000CE,1645.0,1555.55,1656.55,1241.7,1182.6,675270,1501.7,1641.65,60,1645.0,90,673620
2026-04-10T10:13:14.222,NF,BANKNIFTY28APR2655000CE,1643.25,1555.55,1656.55,1241.7,1182.6,675390,1501.72,1640.35,90,1645.0,90,673620
2026-04-10T10:13:19.228,NF,BANKNIFTY28APR2655000CE,1645.0,1555.55,1656.55,1241.7,1182.6,675420,1501.73,1641.65,30,1645.0,60,673620
2026-04-10T10:13:20.431,NF,BANKNIFTY28APR2655000CE,1641.6,1555.55,1656.55,1241.7,1182.6,675510,1501.75,1640.6,30,1645.0,60,671730
2026-04-10T10:13:24.040,NF,BANKNIFTY28APR2655000CE,1642.0,1555.55,1656.55,1241.7,1182.6,675540,1501.75,1641.95,60,1645.0,60,671730
2026-04-10T10:13:27.645,NF,BANKNIFTY28APR2655000CE,1645.0,1555.55,1656.55,1241.7,1182.6,675570,1501.76,1642.1,60,1645.0,30,671730
2026-04-10T10:13:28.847,NF,BANKNIFTY28APR2655000CE,1645.0,1555.55,1656.55,1241.7,1182.6,675600,1501.77,1641.35,60,1647.45,60,671730
2026-04-10T10:13:30.082,NF,BANKNIFTY28APR2655000CE,1641.35,1555.55,1656.55,1241.7,1182.6,675630,1501.77,1641.4,30,1647.4,60,671730
2026-04-10T10:13:31.449,NF,BANKNIFTY28APR2655000CE,1641.35,1555.55,1656.55,1241.7,1182.6,675720,1501.79,1641.5,60,1647.45,60,671730
2026-04-10T10:13:32.656,NF,BANKNIFTY28APR2655000CE,1647.45,1555.55,1656.55,1241.7,1182.6,675750,1501.8,1641.5,60,1647.5,60,671730
2026-04-10T10:13:36.261,NF,BANKNIFTY28APR2655000CE,1647.6,1555.55,1656.55,1241.7,1182.6,675780,1501.8,1642.9,60,1649.95,60,671730
2026-04-10T10:13:37.464,NF,BANKNIFTY28APR2655000CE,1642.9,1555.55,1656.55,1241.7,1182.6,675810,1501.81,1642.6,60,1649.3,60,671730
2026-04-10T10:13:41.264,NF,BANKNIFTY28APR2655000CE,1643.4,1555.55,1656.55,1241.7,1182.6,675900,1501.83,1642.1,30,1648.85,30,671730
2026-04-10T10:13:44.871,NF,BANKNIFTY28APR2655000CE,1649.4,1555.55,1656.55,1241.7,1182.6,675930,1501.84,1643.6,60,1649.75,30,671730
2026-04-10T10:13:47.473,NF,BANKNIFTY28APR2655000CE,1643.95,1555.55,1656.55,1241.7,1182.6,675960,1501.84,1643.5,90,1649.4,120,671730
2026-04-10T10:13:52.496,NF,BANKNIFTY28APR2655000CE,1648.0,1555.55,1656.55,1241.7,1182.6,676230,1501.9,1648.0,30,1650.0,2250,671730
2026-04-10T10:13:53.693,NF,BANKNIFTY28APR2655000CE,1641.75,1555.55,1656.55,1241.7,1182.6,676470,1501.95,1643.65,30,1650.0,2190,671730
2026-04-10T10:14:01.098,NF,BANKNIFTY28APR2655000CE,1644.7,1555.55,1656.55,1241.7,1182.6,676500,1501.96,1645.0,120,1650.0,2220,671730
2026-04-10T10:14:03.696,NF,BANKNIFTY28APR2655000CE,1648.0,1555.55,1656.55,1241.7,1182.6,676620,1501.98,1645.0,120,1650.0,2190,671730
2026-04-10T10:14:06.102,NF,BANKNIFTY28APR2655000CE,1643.75,1555.55,1656.55,1241.7,1182.6,676650,1501.99,1642.85,120,1648.85,30,671730
2026-04-10T10:14:09.931,NF,BANKNIFTY28APR2655000CE,1649.95,1555.55,1656.55,1241.7,1182.6,676710,1502.0,1644.8,150,1649.95,60,671730
2026-04-10T10:14:12.312,NF,BANKNIFTY28APR2655000CE,1644.7,1555.55,1656.55,1241.7,1182.6,676740,1502.01,1643.55,90,1649.6,60,671730
2026-04-10T10:14:14.718,NF,BANKNIFTY28APR2655000CE,1644.8,1555.55,1656.55,1241.7,1182.6,676800,1502.02,1642.5,150,1648.0,30,671730
2026-04-10T10:14:17.324,NF,BANKNIFTY28APR2655000CE,1644.5,1555.55,1656.55,1241.7,1182.6,676890,1502.04,1644.2,60,1649.65,90,671730
2026-04-10T10:14:18.537,NF,BANKNIFTY28APR2655000CE,1649.65,1555.55,1656.55,1241.7,1182.6,676950,1502.05,1644.8,120,1650.0,2190,671730
2026-04-10T10:14:19.721,NF,BANKNIFTY28APR2655000CE,1649.7,1555.55,1656.55,1241.7,1182.6,677070,1502.08,1644.75,30,1649.65,780,671730
2026-04-10T10:14:24.728,NF,BANKNIFTY28APR2655000CE,1649.0,1555.55,1656.55,1241.7,1182.6,677100,1502.09,1644.4,60,1649.0,30,671730
2026-04-10T10:14:27.133,NF,BANKNIFTY28APR2655000CE,1649.0,1555.55,1656.55,1241.7,1182.6,677130,1502.09,1644.7,60,1650.0,2190,671730
2026-04-10T10:14:29.536,NF,BANKNIFTY28APR2655000CE,1650.0,1555.55,1656.55,1241.7,1182.6,677190,1502.11,1645.25,180,1650.0,2070,671730
2026-04-10T10:14:30.739,NF,BANKNIFTY28APR2655000CE,1650.0,1555.55,1656.55,1241.7,1182.6,677250,1502.12,1646.0,60,1650.0,1980,671730
2026-04-10T10:14:32.138,NF,BANKNIFTY28APR2655000CE,1650.0,1555.55,1656.55,1241.7,1182.6,677550,1502.18,1645.4,210,1650.0,1680,671730
2026-04-10T10:14:33.340,NF,BANKNIFTY28APR2655000CE,1650.0,1555.55,1656.55,1241.7,1182.6,678510,1502.39,1647.05,60,1650.0,720,671730
2026-04-10T10:14:34.548,NF,BANKNIFTY28APR2655000CE,1650.0,1555.55,1656.55,1241.7,1182.6,678720,1502.44,1646.85,180,1650.0,660,671730
2026-04-10T10:14:35.745,NF,BANKNIFTY28APR2655000CE,1650.0,1555.55,1656.55,1241.7,1182.6,679080,1502.52,1646.95,30,1650.0,420,671730
2026-04-10T10:14:38.165,NF,BANKNIFTY28APR2655000CE,1650.0,1555.55,1656.55,1241.7,1182.6,679110,1502.52,1645.25,90,1650.0,270,671730
2026-04-10T10:14:39.555,NF,BANKNIFTY28APR2655000CE,1650.0,1555.55,1656.55,1241.7,1182.6,679380,1502.58,1646.35,90,1652.0,30,671730
2026-04-10T10:14:46.758,NF,BANKNIFTY28APR2655000CE,1650.0,1555.55,1656.55,1241.7,1182.6,679500,1502.61,1650.0,360,1654.9,180,671730
2026-04-10T10:14:48.163,NF,BANKNIFTY28APR2655000CE,1654.65,1555.55,1656.55,1241.7,1182.6,679530,1502.61,1648.75,120,1654.9,120,671730
2026-04-10T10:14:50.375,NF,BANKNIFTY28APR2655000CE,1651.65,1555.55,1656.55,1241.7,1182.6,679680,1502.65,1651.65,30,1655.0,420,671730
2026-04-10T10:14:51.564,NF,BANKNIFTY28APR2655000CE,1651.65,1555.55,1656.55,1241.7,1182.6,679710,1502.65,1651.75,90,1655.0,420,671730
2026-04-10T10:14:52.766,NF,BANKNIFTY28APR2655000CE,1658.0,1555.55,1658.0,1241.7,1182.6,680160,1502.76,1654.5,90,1659.95,90,671730
2026-04-10T10:14:53.978,NF,BANKNIFTY28APR2655000CE,1660.0,1555.55,1660.0,1241.7,1182.6,680340,1502.8,1655.0,30,1660.9,60,671730
2026-04-10T10:14:55.370,NF,BANKNIFTY28APR2655000CE,1659.25,1555.55,1660.6,1241.7,1182.6,680430,1502.82,1652.35,90,1659.15,90,671730
2026-04-10T10:14:56.570,NF,BANKNIFTY28APR2655000CE,1655.9,1555.55,1660.6,1241.7,1182.6,680460,1502.82,1653.4,60,1660.1,120,671730
2026-04-10T10:14:58.976,NF,BANKNIFTY28APR2655000CE,1660.55,1555.55,1660.6,1241.7,1182.6,680490,1502.83,1654.95,30,1660.0,300,671730
2026-04-10T10:15:01.383,NF,BANKNIFTY28APR2655000CE,1660.0,1555.55,1660.6,1241.7,1182.6,680580,1502.85,1655.55,60,1660.0,210,671730
2026-04-10T10:15:02.784,NF,BANKNIFTY28APR2655000CE,1666.0,1555.55,1666.0,1241.7,1182.6,681060,1502.96,1661.1,30,1668.0,30,671730
2026-04-10T10:15:03.989,NF,BANKNIFTY28APR2655000CE,1668.25,1555.55,1668.25,1241.7,1182.6,681150,1502.98,1662.45,60,1668.25,60,671730
2026-04-10T10:15:05.186,NF,BANKNIFTY28APR2655000CE,1668.25,1555.55,1668.25,1241.7,1182.6,681180,1502.99,1663.35,60,1669.95,60,671730
2026-04-10T10:15:06.399,NF,BANKNIFTY28APR2655000CE,1663.9,1555.55,1670.0,1241.7,1182.6,681300,1503.02,1664.1,30,1670.0,270,671730
2026-04-10T10:15:07.787,NF,BANKNIFTY28APR2655000CE,1681.95,1555.55,1681.95,1241.7,1182.6,681990,1503.19,1677.25,90,1681.95,60,671730
2026-04-10T10:15:08.991,NF,BANKNIFTY28APR2655000CE,1683.4,1555.55,1688.0,1241.7,1182.6,682350,1503.29,1683.85,60,1688.75,60,671730
2026-04-10T10:15:10.203,NF,BANKNIFTY28APR2655000CE,1684.35,1555.55,1690.0,1241.7,1182.6,682620,1503.36,1686.4,30,1690.0,60,671730
2026-04-10T10:15:11.408,NF,BANKNIFTY28APR2655000CE,1686.5,1555.55,1690.0,1241.7,1182.6,682800,1503.41,1686.45,150,1692.5,60,671730
2026-04-10T10:15:12.795,NF,BANKNIFTY28APR2655000CE,1687.35,1555.55,1690.0,1241.7,1182.6,683100,1503.49,1680.15,60,1687.5,30,671730
2026-04-10T10:15:14.022,NF,BANKNIFTY28APR2655000CE,1680.7,1555.55,1690.0,1241.7,1182.6,683310,1503.55,1680.7,390,1688.15,30,671730
2026-04-10T10:15:15.209,NF,BANKNIFTY28APR2655000CE,1685.05,1555.55,1690.0,1241.7,1182.6,683430,1503.58,1680.25,120,1687.85,30,671730
2026-04-10T10:15:16.403,NF,BANKNIFTY28APR2655000CE,1680.5,1555.55,1690.0,1241.7,1182.6,683460,1503.59,1677.65,150,1684.75,120,671730
2026-04-10T10:15:17.613,NF,BANKNIFTY28APR2655000CE,1685.4,1555.55,1690.0,1241.7,1182.6,683550,1503.61,1686.4,120,1692.3,60,671730
2026-04-10T10:15:19.006,NF,BANKNIFTY28APR2655000CE,1685.0,1555.55,1690.0,1241.7,1182.6,683640,1503.64,1686.25,210,1692.65,90,671730
2026-04-10T10:15:20.210,NF,BANKNIFTY28APR2655000CE,1686.5,1555.55,1692.6,1241.7,1182.6,684030,1503.74,1685.95,60,1692.65,90,671730
2026-04-10T10:15:21.418,NF,BANKNIFTY28APR2655000CE,1686.4,1555.55,1692.65,1241.7,1182.6,684330,1503.82,1685.0,90,1691.95,150,671730
2026-04-10T10:15:22.614,NF,BANKNIFTY28APR2655000CE,1691.0,1555.55,1692.65,1241.7,1182.6,684360,1503.83,1685.0,90,1690.85,150,671730
2026-04-10T10:15:23.821,NF,BANKNIFTY28APR2655000CE,1692.65,1555.55,1692.65,1241.7,1182.6,684930,1503.98,1685.7,210,1692.6,90,671730
2026-04-10T10:15:25.018,NF,BANKNIFTY28APR2655000CE,1686.4,1555.55,1692.65,1241.7,1182.6,685080,1504.02,1686.5,30,1692.6,90,671730
2026-04-10T10:15:26.219,NF,BANKNIFTY28APR2655000CE,1685.95,1555.55,1692.65,1241.7,1182.6,685140,1504.04,1685.6,60,1691.0,150,671730
2026-04-10T10:15:27.426,NF,BANKNIFTY28APR2655000CE,1691.0,1555.55,1692.65,1241.7,1182.6,685170,1504.05,1686.65,120,1691.0,30,671730
2026-04-10T10:15:28.622,NF,BANKNIFTY28APR2655000CE,1686.4,1555.55,1692.65,1241.7,1182.6,685230,1504.06,1685.2,120,1691.55,150,671730
2026-04-10T10:15:30.022,NF,BANKNIFTY28APR2655000CE,1690.4,1555.55,1692.65,1241.7,1182.6,685350,1504.1,1684.0,90,1691.0,30,671730
2026-04-10T10:15:31.234,NF,BANKNIFTY28APR2655000CE,1685.4,1555.55,1692.65,1241.7,1182.6,685530,1504.14,1686.55,240,1692.6,60,671730
2026-04-10T10:15:32.438,NF,BANKNIFTY28APR2655000CE,1692.6,1555.55,1692.65,1241.7,1182.6,685650,1504.18,1686.9,180,1693.2,30,671730
2026-04-10T10:15:33.629,NF,BANKNIFTY28APR2655000CE,1696.0,1555.55,1696.0,1241.7,1182.6,687240,1504.62,1693.2,30,1695.9,60,671730
2026-04-10T10:15:36.032,NF,BANKNIFTY28APR2655000CE,1698.0,1555.55,1698.0,1241.7,1182.6,687300,1504.63,1690.9,60,1698.1,150,671730
2026-04-10T10:15:37.253,NF,BANKNIFTY28APR2655000CE,1692.6,1555.55,1698.0,1241.7,1182.6,687330,1504.64,1690.6,930,1695.0,30,671730
2026-04-10T10:15:38.439,NF,BANKNIFTY28APR2655000CE,1695.0,1555.55,1698.0,1241.7,1182.6,687420,1504.67,1690.65,30,1695.95,120,671730
2026-04-10T10:15:39.642,NF,BANKNIFTY28APR2655000CE,1690.6,1555.55,1698.0,1241.7,1182.6,687750,1504.76,1690.6,690,1695.95,120,671730
2026-04-10T10:15:40.859,NF,BANKNIFTY28APR2655000CE,1695.0,1555.55,1698.0,1241.7,1182.6,687930,1504.81,1692.6,30,1695.8,60,671730
2026-04-10T10:15:42.250,NF,BANKNIFTY28APR2655000CE,1692.6,1555.55,1698.0,1241.7,1182.6,687960,1504.82,1690.6,690,1695.35,150,671730
2026-04-10T10:15:43.441,NF,BANKNIFTY28APR2655000CE,1694.2,1555.55,1698.0,1241.7,1182.6,688380,1504.93,1690.6,420,1695.35,30,671730
2026-04-10T10:15:44.643,NF,BANKNIFTY28APR2655000CE,1695.55,1555.55,1698.0,1241.7,1182.6,688500,1504.96,1695.0,120,1696.0,60,671730
2026-04-10T10:15:45.846,NF,BANKNIFTY28APR2655000CE,1690.6,1555.55,1698.0,1241.7,1182.6,688740,1505.03,1690.6,390,1696.0,60,671730
2026-04-10T10:15:48.256,NF,BANKNIFTY28APR2655000CE,1690.6,1555.55,1698.0,1241.7,1182.6,688770,1505.04,1690.6,330,1694.8,90,671730
2026-04-10T10:15:50.450,NF,BANKNIFTY28APR2655000CE,1692.75,1555.55,1698.0,1241.7,1182.6,689160,1505.14,1690.0,30,1692.9,60,671730
2026-04-10T10:15:51.466,NF,BANKNIFTY28APR2655000CE,1686.2,1555.55,1698.0,1241.7,1182.6,689760,1505.3,1685.65,150,1691.9,90,671730
2026-04-10T10:15:52.862,NF,BANKNIFTY28APR2655000CE,1690.6,1555.55,1698.0,1241.7,1182.6,689970,1505.36,1688.05,120,1694.85,90,671730
2026-04-10T10:15:55.266,NF,BANKNIFTY28APR2655000CE,1693.75,1555.55,1698.0,1241.7,1182.6,690120,1505.4,1689.3,120,1695.0,90,671730
2026-04-10T10:15:56.467,NF,BANKNIFTY28APR2655000CE,1688.65,1555.55,1698.0,1241.7,1182.6,690210,1505.42,1688.05,120,1694.35,60,671730
2026-04-10T10:15:57.886,NF,BANKNIFTY28APR2655000CE,1688.95,1555.55,1698.0,1241.7,1182.6,690300,1505.45,1689.0,180,1695.0,90,671730
2026-04-10T10:15:59.066,NF,BANKNIFTY28APR2655000CE,1690.0,1555.55,1698.0,1241.7,1182.6,690480,1505.5,1690.55,270,1695.0,90,671730
2026-04-10T10:16:00.297,NF,BANKNIFTY28APR2655000CE,1696.0,1555.55,1698.0,1241.7,1182.6,690750,1505.57,1690.55,120,1696.0,90,671730
2026-04-10T10:16:01.472,NF,BANKNIFTY28APR2655000CE,1695.4,1555.55,1698.0,1241.7,1182.6,690840,1505.59,1689.95,60,1696.0,90,671730
2026-04-10T10:16:02.872,NF,BANKNIFTY28APR2655000CE,1689.9,1555.55,1698.0,1241.7,1182.6,690960,1505.63,1689.95,840,1695.95,90,671730
2026-04-10T10:16:04.073,NF,BANKNIFTY28APR2655000CE,1694.55,1555.55,1698.0,1241.7,1182.6,691020,1505.64,1688.5,60,1694.85,30,671730
2026-04-10T10:16:05.276,NF,BANKNIFTY28APR2655000CE,1689.95,1555.55,1698.0,1241.7,1182.6,691080,1505.66,1689.9,690,1694.9,90,671730
2026-04-10T10:16:06.480,NF,BANKNIFTY28APR2655000CE,1694.1,1555.55,1698.0,1241.7,1182.6,691140,1505.67,1688.4,30,1695.0,30,671730
2026-04-10T10:16:07.878,NF,BANKNIFTY28APR2655000CE,1688.7,1555.55,1698.0,1241.7,1182.6,691170,1505.68,1686.85,30,1693.7,60,671730
2026-04-10T10:16:09.087,NF,BANKNIFTY28APR2655000CE,1692.0,1555.55,1698.0,1241.7,1182.6,691410,1505.75,1689.4,60,1695.9,120,671730
2026-04-10T10:16:10.292,NF,BANKNIFTY28APR2655000CE,1687.8,1555.55,1698.0,1241.7,1182.6,691470,1505.76,1687.6,60,1693.7,90,671730
2026-04-10T10:16:11.486,NF,BANKNIFTY28APR2655000CE,1687.7,1555.55,1698.0,1241.7,1182.6,691890,1505.88,1687.85,120,1693.85,60,671730
2026-04-10T10:16:12.687,NF,BANKNIFTY28APR2655000CE,1687.7,1555.55,1698.0,1241.7,1182.6,691920,1505.88,1694.55,300,1696.0,150,671730
2026-04-10T10:16:14.089,NF,BANKNIFTY28APR2655000CE,1694.55,1555.55,1698.0,1241.7,1182.6,692220,1505.97,1693.8,120,1696.0,120,671730
2026-04-10T10:16:15.290,NF,BANKNIFTY28APR2655000CE,1695.95,1555.55,1698.0,1241.7,1182.6,692370,1506.01,1688.7,120,1694.85,60,671730
2026-04-10T10:16:17.694,NF,BANKNIFTY28APR2655000CE,1695.65,1555.55,1698.0,1241.7,1182.6,692460,1506.03,1688.25,180,1694.45,120,671730
2026-04-10T10:16:18.897,NF,BANKNIFTY28APR2655000CE,1695.7,1555.55,1698.0,1241.7,1182.6,692760,1506.11,1689.8,120,1696.0,120,671730
2026-04-10T10:16:20.306,NF,BANKNIFTY28APR2655000CE,1695.95,1555.55,1698.0,1241.7,1182.6,692820,1506.13,1690.2,60,1696.0,180,671730
2026-04-10T10:16:22.702,NF,BANKNIFTY28APR2655000CE,1689.8,1555.55,1698.0,1241.7,1182.6,692850,1506.14,1690.85,150,1696.0,90,668790
2026-04-10T10:16:23.905,NF,BANKNIFTY28APR2655000CE,1691.25,1555.55,1698.0,1241.7,1182.6,692940,1506.16,1691.3,60,1696.0,30,668790
2026-04-10T10:16:25.304,NF,BANKNIFTY28APR2655000CE,1691.15,1555.55,1698.0,1241.7,1182.6,693000,1506.18,1690.55,120,1696.0,90,668790
2026-04-10T10:16:26.506,NF,BANKNIFTY28APR2655000CE,1693.8,1555.55,1698.0,1241.7,1182.6,693120,1506.21,1691.65,60,1696.0,30,668790
2026-04-10T10:16:27.709,NF,BANKNIFTY28APR2655000CE,1691.6,1555.55,1698.0,1241.7,1182.6,693300,1506.26,1691.65,630,1696.0,120,668790
2026-04-10T10:16:28.912,NF,BANKNIFTY28APR2655000CE,1693.2,1555.55,1698.0,1241.7,1182.6,693420,1506.29,1691.6,120,1699.85,30,668790
2026-04-10T10:16:30.316,NF,BANKNIFTY28APR2655000CE,1698.0,1555.55,1699.15,1241.7,1182.6,693570,1506.33,1698.0,90,1700.0,990,668790
2026-04-10T10:16:31.517,NF,BANKNIFTY28APR2655000CE,1700.25,1555.55,1700.25,1241.7,1182.6,694590,1506.62,1700.2,30,1707.45,180,668790
2026-04-10T10:16:32.721,NF,BANKNIFTY28APR2655000CE,1700.1,1555.55,1700.25,1241.7,1182.6,694830,1506.68,1700.1,30,1705.75,180,668790
2026-04-10T10:16:33.926,NF,BANKNIFTY28APR2655000CE,1704.15,1555.55,1704.15,1241.7,1182.6,694950,1506.72,1698.95,120,1706.75,30,668790
2026-04-10T10:16:35.319,NF,BANKNIFTY28APR2655000CE,1703.0,1555.55,1704.15,1241.7,1182.6,695430,1506.85,1696.3,210,1703.05,30,668790
2026-04-10T10:16:36.521,NF,BANKNIFTY28APR2655000CE,1692.7,1555.55,1704.15,1241.7,1182.6,695520,1506.88,1693.15,150,1699.7,120,668790
2026-04-10T10:16:37.723,NF,BANKNIFTY28APR2655000CE,1695.15,1555.55,1704.15,1241.7,1182.6,695610,1506.9,1693.7,30,1700.0,120,668790
2026-04-10T10:16:38.936,NF,BANKNIFTY28APR2655000CE,1693.2,1555.55,1704.15,1241.7,1182.6,695670,1506.92,1693.05,60,1699.35,120,668790
2026-04-10T10:16:40.325,NF,BANKNIFTY28APR2655000CE,1693.2,1555.55,1704.15,1241.7,1182.6,695790,1506.95,1691.25,60,1698.0,90,668790
2026-04-10T10:16:41.530,NF,BANKNIFTY28APR2655000CE,1698.45,1555.55,1704.15,1241.7,1182.6,695940,1506.99,1690.6,30,1696.85,120,668790
2026-04-10T10:16:43.940,NF,BANKNIFTY28APR2655000CE,1693.05,1555.55,1704.15,1241.7,1182.6,695970,1507.0,1691.35,150,1698.1,120,668790
2026-04-10T10:16:45.332,NF,BANKNIFTY28APR2655000CE,1690.6,1555.55,1704.15,1241.7,1182.6,696030,1507.01,1690.6,30,1696.25,150,668790
2026-04-10T10:16:46.543,NF,BANKNIFTY28APR2655000CE,1696.25,1555.55,1704.15,1241.7,1182.6,696060,1507.02,1690.6,60,1696.85,120,668790
2026-04-10T10:16:47.739,NF,BANKNIFTY28APR2655000CE,1696.6,1555.55,1704.15,1241.7,1182.6,696240,1507.07,1690.6,60,1696.5,150,668790
2026-04-10T10:16:48.946,NF,BANKNIFTY28APR2655000CE,1696.5,1555.55,1704.15,1241.7,1182.6,696270,1507.08,1691.85,120,1699.1,90,668790
2026-04-10T10:16:50.340,NF,BANKNIFTY28APR2655000CE,1696.25,1555.55,1704.15,1241.7,1182.6,696300,1507.09,1692.5,150,1697.8,90,668790
2026-04-10T10:16:51.341,NF,BANKNIFTY28APR2655000CE,1690.85,1555.55,1704.15,1241.7,1182.6,696420,1507.12,1690.65,30,1696.45,150,668790
2026-04-10T10:16:52.543,NF,BANKNIFTY28APR2655000CE,1690.6,1555.55,1704.15,1241.7,1182.6,696480,1507.14,1691.45,60,1698.25,60,668790
2026-04-10T10:16:53.745,NF,BANKNIFTY28APR2655000CE,1692.45,1555.55,1704.15,1241.7,1182.6,696570,1507.16,1692.35,30,1696.6,210,668790
2026-04-10T10:16:54.965,NF,BANKNIFTY28APR2655000CE,1693.4,1555.55,1704.15,1241.7,1182.6,696630,1507.18,1692.05,30,1698.95,150,668790
2026-04-10T10:16:56.348,NF,BANKNIFTY28APR2655000CE,1697.8,1555.55,1704.15,1241.7,1182.6,696870,1507.24,1692.7,30,1699.35,120,668790
2026-04-10T10:16:57.551,NF,BANKNIFTY28APR2655000CE,1698.1,1555.55,1704.15,1241.7,1182.6,696960,1507.27,1692.15,60,1698.5,120,668790
2026-04-10T10:16:58.756,NF,BANKNIFTY28APR2655000CE,1698.15,1555.55,1704.15,1241.7,1182.6,697020,1507.28,1692.6,60,1698.85,120,668790
2026-04-10T10:16:59.968,NF,BANKNIFTY28APR2655000CE,1692.4,1555.55,1704.15,1241.7,1182.6,697320,1507.36,1690.0,60,1695.95,150,668790
2026-04-10T10:17:02.560,NF,BANKNIFTY28APR2655000CE,1695.4,1555.55,1704.15,1241.7,1182.6,697410,1507.39,1690.0,150,1696.75,120,668790
2026-04-10T10:17:03.765,NF,BANKNIFTY28APR2655000CE,1690.15,1555.55,1704.15,1241.7,1182.6,697440,1507.39,1690.2,30,1695.6,60,668790
2026-04-10T10:17:04.980,NF,BANKNIFTY28APR2655000CE,1692.4,1555.55,1704.15,1241.7,1182.6,697560,1507.43,1691.4,150,1698.7,60,668790
2026-04-10T10:17:06.366,NF,BANKNIFTY28APR2655000CE,1695.55,1555.55,1704.15,1241.7,1182.6,697740,1507.48,1695.55,180,1699.5,60,668790
2026-04-10T10:17:07.570,NF,BANKNIFTY28APR2655000CE,1695.55,1555.55,1704.15,1241.7,1182.6,697830,1507.5,1695.55,90,1699.5,60,668790
2026-04-10T10:17:08.772,NF,BANKNIFTY28APR2655000CE,1698.95,1555.55,1704.15,1241.7,1182.6,697950,1507.53,1692.1,150,1698.35,60,668790
2026-04-10T10:17:11.378,NF,BANKNIFTY28APR2655000CE,1698.95,1555.55,1704.15,1241.7,1182.6,698070,1507.56,1693.45,150,1700.0,60,668790
2026-04-10T10:17:14.992,NF,BANKNIFTY28APR2655000CE,1698.0,1555.55,1704.15,1241.7,1182.6,698100,1507.57,1698.0,30,1700.0,60,668790
2026-04-10T10:17:16.383,NF,BANKNIFTY28APR2655000CE,1697.0,1555.55,1704.15,1241.7,1182.6,698310,1507.63,1695.6,150,1699.95,60,668790
2026-04-10T10:17:17.588,NF,BANKNIFTY28APR2655000CE,1699.95,1555.55,1704.15,1241.7,1182.6,698400,1507.66,1694.4,60,1699.6,300,668790
2026-04-10T10:17:18.791,NF,BANKNIFTY28APR2655000CE,1694.4,1555.55,1704.15,1241.7,1182.6,698460,1507.67,1692.0,60,1696.7,150,668790
2026-04-10T10:17:19.996,NF,BANKNIFTY28APR2655000CE,1692.0,1555.55,1704.15,1241.7,1182.6,698490,1507.68,1692.0,120,1697.1,60,668790
2026-04-10T10:17:21.396,NF,BANKNIFTY28APR2655000CE,1695.85,1555.55,1704.15,1241.7,1182.6,698580,1507.7,1690.0,30,1695.65,150,668790
2026-04-10T10:17:22.614,NF,BANKNIFTY28APR2655000CE,1686.0,1555.55,1704.15,1241.7,1182.6,699810,1508.02,1685.0,60,1689.65,180,668790
2026-04-10T10:17:23.810,NF,BANKNIFTY28APR2655000CE,1685.0,1555.55,1704.15,1241.7,1182.6,699870,1508.03,1673.3,150,1680.65,150,668790
2026-04-10T10:17:25.030,NF,BANKNIFTY28APR2655000CE,1683.65,1555.55,1704.15,1241.7,1182.6,699960,1508.06,1678.35,30,1684.45,90,668790
2026-04-10T10:17:26.413,NF,BANKNIFTY28APR2655000CE,1680.0,1555.55,1704.15,1241.7,1182.6,700350,1508.15,1679.45,120,1685.95,60,668790
2026-04-10T10:17:27.618,NF,BANKNIFTY28APR2655000CE,1679.05,1555.55,1704.15,1241.7,1182.6,700410,1508.16,1676.45,120,1682.85,120,668790
2026-04-10T10:17:28.811,NF,BANKNIFTY28APR2655000CE,1681.3,1555.55,1704.15,1241.7,1182.6,700500,1508.19,1676.4,30,1681.35,120,668790
2026-04-10T10:17:30.015,NF,BANKNIFTY28APR2655000CE,1681.0,1555.55,1704.15,1241.7,1182.6,700860,1508.27,1671.0,60,1678.1,60,668790
2026-04-10T10:17:31.423,NF,BANKNIFTY28APR2655000CE,1679.35,1555.55,1704.15,1241.7,1182.6,700950,1508.29,1670.55,120,1678.05,60,668790
2026-04-10T10:17:32.615,NF,BANKNIFTY28APR2655000CE,1678.35,1555.55,1704.15,1241.7,1182.6,701310,1508.38,1671.9,120,1679.0,120,668790
2026-04-10T10:17:35.025,NF,BANKNIFTY28APR2655000CE,1679.95,1555.55,1704.15,1241.7,1182.6,701370,1508.4,1677.75,300,1680.0,150,668790
2026-04-10T10:17:36.445,NF,BANKNIFTY28APR2655000CE,1677.75,1555.55,1704.15,1241.7,1182.6,701670,1508.47,1672.4,120,1678.75,90,668790
2026-04-10T10:17:38.856,NF,BANKNIFTY28APR2655000CE,1677.7,1555.55,1704.15,1241.7,1182.6,701730,1508.48,1670.0,30,1675.85,60,668790
2026-04-10T10:17:40.032,NF,BANKNIFTY28APR2655000CE,1674.95,1555.55,1704.15,1241.7,1182.6,701760,1508.49,1670.0,30,1674.05,210,668790
2026-04-10T10:17:41.440,NF,BANKNIFTY28APR2655000CE,1670.0,1555.55,1704.15,1241.7,1182.6,701880,1508.52,1666.15,30,1673.25,90,668790
2026-04-10T10:17:42.648,NF,BANKNIFTY28APR2655000CE,1673.15,1555.55,1704.15,1241.7,1182.6,701940,1508.53,1667.55,150,1674.35,180,668790
2026-04-10T10:17:43.842,NF,BANKNIFTY28APR2655000CE,1666.3,1555.55,1704.15,1241.7,1182.6,702120,1508.57,1666.05,150,1672.2,90,668790
2026-04-10T10:17:45.053,NF,BANKNIFTY28APR2655000CE,1672.3,1555.55,1704.15,1241.7,1182.6,702210,1508.59,1665.6,30,1672.25,60,668790
2026-04-10T10:17:46.460,NF,BANKNIFTY28APR2655000CE,1674.1,1555.55,1704.15,1241.7,1182.6,702240,1508.6,1667.7,150,1674.25,90,668790
2026-04-10T10:17:47.650,NF,BANKNIFTY28APR2655000CE,1674.15,1555.55,1704.15,1241.7,1182.6,702270,1508.61,1669.3,30,1676.25,60,668790
2026-04-10T10:17:48.843,NF,BANKNIFTY28APR2655000CE,1670.8,1555.55,1704.15,1241.7,1182.6,702300,1508.62,1670.6,150,1677.45,60,668790
2026-04-10T10:17:51.253,NF,BANKNIFTY28APR2655000CE,1678.35,1555.55,1704.15,1241.7,1182.6,702330,1508.62,1675.85,30,1680.0,150,668790
2026-04-10T10:17:52.682,NF,BANKNIFTY28APR2655000CE,1680.0,1555.55,1704.15,1241.7,1182.6,702510,1508.67,1678.7,150,1684.7,60,668790
2026-04-10T10:17:55.057,NF,BANKNIFTY28APR2655000CE,1683.0,1555.55,1704.15,1241.7,1182.6,702780,1508.73,1680.0,90,1685.9,60,668790
2026-04-10T10:17:57.655,NF,BANKNIFTY28APR2655000CE,1687.5,1555.55,1704.15,1241.7,1182.6,704550,1509.18,1680.8,120,1687.9,120,668790
2026-04-10T10:17:58.865,NF,BANKNIFTY28APR2655000CE,1690.0,1555.55,1704.15,1241.7,1182.6,704640,1509.2,1686.7,60,1690.0,240,668790
2026-04-10T10:18:00.061,NF,BANKNIFTY28APR2655000CE,1696.2,1555.55,1704.15,1241.7,1182.6,704910,1509.27,1695.55,60,1699.95,60,668790
2026-04-10T10:18:01.272,NF,BANKNIFTY28APR2655000CE,1694.1,1555.55,1704.15,1241.7,1182.6,705810,1509.51,1694.85,60,1700.0,90,668790
2026-04-10T10:18:05.086,NF,BANKNIFTY28APR2655000CE,1692.8,1555.55,1704.15,1241.7,1182.6,705840,1509.52,1692.8,420,1697.85,60,668790
2026-04-10T10:18:06.273,NF,BANKNIFTY28APR2655000CE,1692.1,1555.55,1704.15,1241.7,1182.6,705930,1509.54,1687.55,30,1694.65,120,668790
2026-04-10T10:18:10.098,NF,BANKNIFTY28APR2655000CE,1694.45,1555.55,1704.15,1241.7,1182.6,705960,1509.55,1688.35,180,1693.7,60,668790
2026-04-10T10:18:13.689,NF,BANKNIFTY28APR2655000CE,1690.0,1555.55,1704.15,1241.7,1182.6,705990,1509.56,1685.8,60,1690.0,270,668790
2026-04-10T10:18:17.492,NF,BANKNIFTY28APR2655000CE,1685.0,1555.55,1704.15,1241.7,1182.6,706260,1509.62,1683.6,30,1689.6,90,668790
2026-04-10T10:18:34.723,NF,BANKNIFTY28APR2655000CE,1696.9,1555.55,1704.15,1241.7,1182.6,706290,1509.63,1691.15,120,1696.9,90,668790
2026-04-10T10:18:36.116,NF,BANKNIFTY28APR2655000CE,1696.45,1555.55,1704.15,1241.7,1182.6,706740,1509.75,1690.9,120,1696.2,60,668790
2026-04-10T10:18:37.324,NF,BANKNIFTY28APR2655000CE,1690.9,1555.55,1704.15,1241.7,1182.6,706770,1509.76,1686.6,60,1692.8,60,668790
2026-04-10T10:18:40.941,NF,BANKNIFTY28APR2655000CE,1685.0,1555.55,1704.15,1241.7,1182.6,706830,1509.77,1685.1,60,1691.15,90,668790
2026-04-10T10:18:44.730,NF,BANKNIFTY28APR2655000CE,1685.0,1555.55,1704.15,1241.7,1182.6,707130,1509.85,1685.55,30,1691.25,120,668790
2026-04-10T10:18:49.536,NF,BANKNIFTY28APR2655000CE,1691.75,1555.55,1704.15,1241.7,1182.6,707160,1509.85,1686.6,30,1691.75,600,668790
2026-04-10T10:18:50.946,NF,BANKNIFTY28APR2655000CE,1686.7,1555.55,1704.15,1241.7,1182.6,707220,1509.87,1687.6,30,1693.9,60,668790
2026-04-10T10:18:54.742,NF,BANKNIFTY28APR2655000CE,1688.05,1555.55,1704.15,1241.7,1182.6,707250,1509.88,1691.35,30,1696.9,60,668790
2026-04-10T10:18:57.153,NF,BANKNIFTY28APR2655000CE,1694.0,1555.55,1704.15,1241.7,1182.6,707310,1509.89,1689.85,30,1695.6,90,668790
2026-04-10T10:19:02.171,NF,BANKNIFTY28APR2655000CE,1686.35,1555.55,1704.15,1241.7,1182.6,707640,1509.98,1686.35,300,1691.8,30,668790
2026-04-10T10:19:04.757,NF,BANKNIFTY28APR2655000CE,1687.1,1555.55,1704.15,1241.7,1182.6,707790,1510.01,1686.6,120,1692.25,60,668790
2026-04-10T10:19:08.563,NF,BANKNIFTY28APR2655000CE,1694.9,1555.55,1704.15,1241.7,1182.6,707850,1510.03,1687.1,120,1693.55,90,668790
2026-04-10T10:19:13.572,NF,BANKNIFTY28APR2655000CE,1687.2,1555.55,1704.15,1241.7,1182.6,708120,1510.1,1686.0,90,1692.55,60,668790
2026-04-10T10:19:14.776,NF,BANKNIFTY28APR2655000CE,1686.45,1555.55,1704.15,1241.7,1182.6,708330,1510.15,1686.75,90,1692.7,90,668790
2026-04-10T10:19:15.980,NF,BANKNIFTY28APR2655000CE,1690.0,1555.55,1704.15,1241.7,1182.6,708630,1510.23,1686.0,90,1691.9,30,668790
2026-04-10T10:19:17.182,NF,BANKNIFTY28APR2655000CE,1686.5,1555.55,1704.15,1241.7,1182.6,708840,1510.28,1686.1,90,1692.75,120,668790
2026-04-10T10:19:23.393,NF,BANKNIFTY28APR2655000CE,1696.0,1555.55,1704.15,1241.7,1182.6,708870,1510.29,1691.65,150,1696.0,270,670320
2026-04-10T10:19:24.792,NF,BANKNIFTY28APR2655000CE,1694.2,1555.55,1704.15,1241.7,1182.6,708930,1510.3,1692.6,90,1696.0,240,670320
2026-04-10T10:19:28.401,NF,BANKNIFTY28APR2655000CE,1690.75,1555.55,1704.15,1241.7,1182.6,709650,1510.49,1690.25,60,1695.2,30,670320
2026-04-10T10:19:33.416,NF,BANKNIFTY28APR2655000CE,1689.8,1555.55,1704.15,1241.7,1182.6,709740,1510.51,1690.0,60,1693.75,60,670320
2026-04-10T10:19:42.222,NF,BANKNIFTY28APR2655000CE,1690.0,1555.55,1704.15,1241.7,1182.6,709860,1510.54,1687.0,300,1691.8,780,670320
2026-04-10T10:19:44.637,NF,BANKNIFTY28APR2655000CE,1689.8,1555.55,1704.15,1241.7,1182.6,709890,1510.55,1689.8,330,1695.15,300,670320
2026-04-10T10:19:47.038,NF,BANKNIFTY28APR2655000CE,1693.65,1555.55,1704.15,1241.7,1182.6,709950,1510.57,1688.0,120,1693.6,90,670320
2026-04-10T10:19:49.446,NF,BANKNIFTY28APR2655000CE,1693.55,1555.55,1704.15,1241.7,1182.6,710250,1510.64,1690.15,60,1695.9,90,670320
2026-04-10T10:19:53.042,NF,BANKNIFTY28APR2655000CE,1693.7,1555.55,1704.15,1241.7,1182.6,710550,1510.72,1690.35,30,1693.7,30,670320
2026-04-10T10:19:54.243,NF,BANKNIFTY28APR2655000CE,1693.3,1555.55,1704.15,1241.7,1182.6,710850,1510.8,1690.4,90,1695.4,60,670320
2026-04-10T10:19:55.452,NF,BANKNIFTY28APR2655000CE,1695.2,1555.55,1704.15,1241.7,1182.6,710910,1510.81,1690.35,30,1694.55,240,670320
2026-04-10T10:20:01.654,NF,BANKNIFTY28APR2655000CE,1699.15,1555.55,1704.15,1241.7,1182.6,711450,1510.95,1693.35,60,1698.4,120,670320
2026-04-10T10:20:03.073,NF,BANKNIFTY28APR2655000CE,1698.0,1555.55,1704.15,1241.7,1182.6,712410,1511.2,1693.5,150,1698.35,90,670320
2026-04-10T10:20:04.257,NF,BANKNIFTY28APR2655000CE,1697.05,1555.55,1704.15,1241.7,1182.6,712500,1511.23,1692.15,120,1697.35,120,670320
2026-04-10T10:20:05.469,NF,BANKNIFTY28APR2655000CE,1697.3,1555.55,1704.15,1241.7,1182.6,712560,1511.24,1691.45,120,1697.3,150,670320
2026-04-10T10:20:12.880,NF,BANKNIFTY28APR2655000CE,1700.0,1555.55,1704.15,1241.7,1182.6,712620,1511.26,1698.85,120,1700.0,90,670320
2026-04-10T10:20:14.075,NF,BANKNIFTY28APR2655000CE,1696.0,1555.55,1704.15,1241.7,1182.6,712740,1511.29,1694.85,120,1700.55,60,670320
2026-04-10T10:20:15.284,NF,BANKNIFTY28APR2655000CE,1695.35,1555.55,1704.15,1241.7,1182.6,712830,1511.31,1694.0,120,1699.3,60,670320
2026-04-10T10:20:20.284,NF,BANKNIFTY28APR2655000CE,1693.2,1555.55,1704.15,1241.7,1182.6,713160,1511.4,1695.0,30,1697.9,120,670320
2026-04-10T10:20:21.686,NF,BANKNIFTY28APR2655000CE,1696.55,1555.55,1704.15,1241.7,1182.6,713250,1511.42,1691.0,210,1695.9,30,670320
2026-04-10T10:20:26.495,NF,BANKNIFTY28APR2655000CE,1701.6,1555.55,1704.15,1241.7,1182.6,713340,1511.45,1696.2,240,1702.5,210,670320
2026-04-10T10:20:29.096,NF,BANKNIFTY28APR2655000CE,1702.5,1555.55,1704.15,1241.7,1182.6,713430,1511.47,1697.8,150,1702.5,30,670320
2026-04-10T10:20:30.302,NF,BANKNIFTY28APR2655000CE,1700.7,1555.55,1704.15,1241.7,1182.6,713580,1511.51,1693.75,240,1700.0,60,670320
2026-04-10T10:20:32.703,NF,BANKNIFTY28APR2655000CE,1701.6,1555.55,1704.15,1241.7,1182.6,713640,1511.53,1695.45,60,1700.95,120,670320
2026-04-10T10:20:33.919,NF,BANKNIFTY28APR2655000CE,1701.4,1555.55,1704.15,1241.7,1182.6,713670,1511.53,1693.25,90,1699.15,120,670320
2026-04-10T10:20:36.511,NF,BANKNIFTY28APR2655000CE,1701.6,1555.55,1704.15,1241.7,1182.6,714030,1511.63,1696.15,120,1701.7,90,670320
2026-04-10T10:20:37.711,NF,BANKNIFTY28APR2655000CE,1693.55,1555.55,1704.15,1241.7,1182.6,714060,1511.64,1693.9,180,1699.5,60,670320
2026-04-10T10:20:40.123,NF,BANKNIFTY28APR2655000CE,1691.0,1555.55,1704.15,1241.7,1182.6,714150,1511.66,1690.0,60,1695.0,60,670320
2026-04-10T10:20:45.124,NF,BANKNIFTY28APR2655000CE,1692.65,1555.55,1704.15,1241.7,1182.6,714360,1511.71,1692.9,60,1698.4,60,670320
2026-04-10T10:20:48.734,NF,BANKNIFTY28APR2655000CE,1694.2,1555.55,1704.15,1241.7,1182.6,714510,1511.75,1690.0,90,1694.65,60,670320
2026-04-10T10:20:51.132,NF,BANKNIFTY28APR2655000CE,1695.6,1555.55,1704.15,1241.7,1182.6,714600,1511.77,1690.0,90,1692.75,60,670320
2026-04-10T10:20:52.340,NF,BANKNIFTY28APR2655000CE,1692.85,1555.55,1704.15,1241.7,1182.6,714660,1511.79,1690.0,60,1693.55,60,670320
2026-04-10T10:20:57.342,NF,BANKNIFTY28APR2655000CE,1690.0,1555.55,1704.15,1241.7,1182.6,714690,1511.8,1690.0,30,1692.2,120,670320
2026-04-10T10:20:58.543,NF,BANKNIFTY28APR2655000CE,1690.0,1555.55,1704.15,1241.7,1182.6,714750,1511.81,1686.4,120,1691.35,30,670320
2026-04-10T10:21:04.751,NF,BANKNIFTY28APR2655000CE,1691.05,1555.55,1704.15,1241.7,1182.6,714840,1511.83,1691.05,60,1696.0,60,670320
2026-04-10T10:21:07.158,NF,BANKNIFTY28APR2655000CE,1695.85,1555.55,1704.15,1241.7,1182.6,714870,1511.84,1686.75,90,1692.7,60,670320
2026-04-10T10:21:09.764,NF,BANKNIFTY28APR2655000CE,1687.1,1555.55,1704.15,1241.7,1182.6,714930,1511.86,1687.25,120,1693.15,690,670320
2026-04-10T10:21:10.963,NF,BANKNIFTY28APR2655000CE,1692.75,1555.55,1704.15,1241.7,1182.6,714960,1511.86,1688.0,120,1693.6,180,670320
2026-04-10T10:21:18.374,NF,BANKNIFTY28APR2655000CE,1689.4,1555.55,1704.15,1241.7,1182.6,714990,1511.87,1688.0,30,1690.6,630,670320
2026-04-10T10:21:19.580,NF,BANKNIFTY28APR2655000CE,1688.0,1555.55,1704.15,1241.7,1182.6,715020,1511.88,1684.9,120,1690.4,600,670320
2026-04-10T10:21:20.982,NF,BANKNIFTY28APR2655000CE,1685.6,1555.55,1704.15,1241.7,1182.6,715350,1511.96,1684.05,90,1690.15,90,670320
2026-04-10T10:21:22.179,NF,BANKNIFTY28APR2655000CE,1686.0,1555.55,1704.15,1241.7,1182.6,715380,1511.96,1685.0,90,1689.35,150,670320
2026-04-10T10:21:24.584,NF,BANKNIFTY28APR2655000CE,1690.0,1555.55,1704.15,1241.7,1182.6,715470,1511.99,1685.45,210,1691.15,60,670320
2026-04-10T10:21:37.004,NF,BANKNIFTY28APR2655000CE,1687.55,1555.55,1704.15,1241.7,1182.6,715560,1512.01,1685.1,30,1688.95,60,670320
2026-04-10T10:21:39.608,NF,BANKNIFTY28APR2655000CE,1685.1,1555.55,1704.15,1241.7,1182.6,715590,1512.02,1677.85,60,1683.0,120,670320
2026-04-10T10:21:40.817,NF,BANKNIFTY28APR2655000CE,1683.4,1555.55,1704.15,1241.7,1182.6,715680,1512.04,1676.25,30,1682.2,60,670320
2026-04-10T10:21:42.011,NF,BANKNIFTY28APR2655000CE,1680.4,1555.55,1704.15,1241.7,1182.6,715860,1512.08,1674.1,30,1680.35,120,670320
2026-04-10T10:21:44.414,NF,BANKNIFTY28APR2655000CE,1681.25,1555.55,1704.15,1241.7,1182.6,715890,1512.09,1675.3,30,1681.5,120,670320
2026-04-10T10:21:47.016,NF,BANKNIFTY28APR2655000CE,1679.7,1555.55,1704.15,1241.7,1182.6,715920,1512.09,1677.1,90,1683.0,120,670320
2026-04-10T10:21:48.235,NF,BANKNIFTY28APR2655000CE,1682.2,1555.55,1704.15,1241.7,1182.6,715950,1512.1,1676.7,30,1682.5,210,670320
2026-04-10T10:21:52.023,NF,BANKNIFTY28APR2655000CE,1680.3,1555.55,1704.15,1241.7,1182.6,715980,1512.11,1675.25,60,1681.25,90,670320
2026-04-10T10:21:58.231,NF,BANKNIFTY28APR2655000CE,1670.7,1555.55,1704.15,1241.7,1182.6,716130,1512.14,1670.7,330,1675.45,90,670320
2026-04-10T10:21:59.443,NF,BANKNIFTY28APR2655000CE,1672.9,1555.55,1704.15,1241.7,1182.6,716160,1512.15,1675.5,30,1681.65,60,670320
2026-04-10T10:22:00.634,NF,BANKNIFTY28APR2655000CE,1683.0,1555.55,1704.15,1241.7,1182.6,716190,1512.16,1678.85,30,1684.5,180,670320
2026-04-10T10:22:03.050,NF,BANKNIFTY28APR2655000CE,1682.15,1555.55,1704.15,1241.7,1182.6,716220,1512.16,1681.75,30,1687.9,60,670320
2026-04-10T10:22:09.251,NF,BANKNIFTY28APR2655000CE,1683.55,1555.55,1704.15,1241.7,1182.6,716250,1512.17,1676.9,150,1682.55,90,670320
2026-04-10T10:22:11.654,NF,BANKNIFTY28APR2655000CE,1683.25,1555.55,1704.15,1241.7,1182.6,716280,1512.18,1678.65,90,1684.45,60,670320
2026-04-10T10:22:14.065,NF,BANKNIFTY28APR2655000CE,1683.4,1555.55,1704.15,1241.7,1182.6,716400,1512.21,1677.05,90,1682.25,90,670320
2026-04-10T10:22:19.067,NF,BANKNIFTY28APR2655000CE,1682.3,1555.55,1704.15,1241.7,1182.6,716460,1512.22,1676.6,90,1682.9,90,670320
2026-04-10T10:22:25.075,NF,BANKNIFTY28APR2655000CE,1679.9,1555.55,1704.15,1241.7,1182.6,716490,1512.23,1680.0,30,1685.5,30,667110
2026-04-10T10:22:26.475,NF,BANKNIFTY28APR2655000CE,1685.0,1555.55,1704.15,1241.7,1182.6,716550,1512.24,1676.7,60,1683.15,30,667110
2026-04-10T10:22:27.685,NF,BANKNIFTY28APR2655000CE,1677.4,1555.55,1704.15,1241.7,1182.6,716580,1512.25,1676.9,60,1682.75,90,667110
2026-04-10T10:22:30.084,NF,BANKNIFTY28APR2655000CE,1683.0,1555.55,1704.15,1241.7,1182.6,716640,1512.26,1676.65,120,1682.85,60,667110
2026-04-10T10:22:31.291,NF,BANKNIFTY28APR2655000CE,1677.65,1555.55,1704.15,1241.7,1182.6,716670,1512.27,1676.6,60,1682.55,210,667110
2026-04-10T10:22:34.899,NF,BANKNIFTY28APR2655000CE,1679.95,1555.55,1704.15,1241.7,1182.6,716700,1512.28,1679.9,30,1682.7,180,667110
2026-04-10T10:22:37.501,NF,BANKNIFTY28APR2655000CE,1682.0,1555.55,1704.15,1241.7,1182.6,716730,1512.28,1680.0,360,1683.7,120,667110
2026-04-10T10:22:38.697,NF,BANKNIFTY28APR2655000CE,1682.65,1555.55,1704.15,1241.7,1182.6,716790,1512.3,1680.0,360,1682.35,60,667110
2026-04-10T10:22:43.506,NF,BANKNIFTY28APR2655000CE,1678.75,1555.55,1704.15,1241.7,1182.6,716940,1512.33,1674.15,90,1679.55,150,667110
2026-04-10T10:22:48.517,NF,BANKNIFTY28APR2655000CE,1675.2,1555.55,1704.15,1241.7,1182.6,716970,1512.34,1675.1,90,1680.2,120,667110
2026-04-10T10:22:49.711,NF,BANKNIFTY28APR2655000CE,1675.15,1555.55,1704.15,1241.7,1182.6,717000,1512.35,1675.05,30,1679.85,150,667110
2026-04-10T10:22:52.114,NF,BANKNIFTY28APR2655000CE,1679.65,1555.55,1704.15,1241.7,1182.6,717030,1512.35,1675.05,120,1679.3,150,667110
2026-04-10T10:22:53.318,NF,BANKNIFTY28APR2655000CE,1679.5,1555.55,1704.15,1241.7,1182.6,717060,1512.36,1675.05,30,1679.05,150,667110
2026-04-10T10:22:54.526,NF,BANKNIFTY28APR2655000CE,1677.45,1555.55,1704.15,1241.7,1182.6,717150,1512.38,1675.1,360,1678.1,240,667110
2026-04-10T10:22:55.729,NF,BANKNIFTY28APR2655000CE,1674.75,1555.55,1704.15,1241.7,1182.6,717690,1512.5,1670.85,120,1676.1,90,667110
2026-04-10T10:22:56.925,NF,BANKNIFTY28APR2655000CE,1674.45,1555.55,1704.15,1241.7,1182.6,717900,1512.55,1666.95,60,1672.7,60,667110
2026-04-10T10:22:58.125,NF,BANKNIFTY28APR2655000CE,1669.5,1555.55,1704.15,1241.7,1182.6,718080,1512.59,1665.0,30,1668.75,60,667110
2026-04-10T10:22:59.532,NF,BANKNIFTY28APR2655000CE,1669.45,1555.55,1704.15,1241.7,1182.6,718110,1512.6,1668.3,90,1673.65,60,667110
2026-04-10T10:23:00.728,NF,BANKNIFTY28APR2655000CE,1673.0,1555.55,1704.15,1241.7,1182.6,718170,1512.61,1667.3,90,1672.65,120,667110
2026-04-10T10:23:03.130,NF,BANKNIFTY28APR2655000CE,1670.9,1555.55,1704.15,1241.7,1182.6,718200,1512.62,1667.35,60,1669.55,30,667110
2026-04-10T10:23:04.344,NF,BANKNIFTY28APR2655000CE,1667.35,1555.55,1704.15,1241.7,1182.6,718290,1512.64,1667.35,30,1669.65,60,667110
2026-04-10T10:23:05.740,NF,BANKNIFTY28APR2655000CE,1667.95,1555.55,1704.15,1241.7,1182.6,718410,1512.66,1665.0,30,1667.4,810,667110
2026-04-10T10:23:06.956,NF,BANKNIFTY28APR2655000CE,1665.0,1555.55,1704.15,1241.7,1182.6,718440,1512.67,1659.65,150,1665.35,30,667110
2026-04-10T10:23:09.346,NF,BANKNIFTY28APR2655000CE,1663.7,1555.55,1704.15,1241.7,1182.6,718560,1512.69,1658.6,120,1664.05,150,667110
2026-04-10T10:23:10.742,NF,BANKNIFTY28APR2655000CE,1659.15,1555.55,1704.15,1241.7,1182.6,718680,1512.72,1659.95,120,1665.5,120,667110
2026-04-10T10:23:18.156,NF,BANKNIFTY28APR2655000CE,1663.75,1555.55,1704.15,1241.7,1182.6,718800,1512.74,1659.8,30,1664.0,90,667110
2026-04-10T10:23:19.363,NF,BANKNIFTY28APR2655000CE,1658.75,1555.55,1704.15,1241.7,1182.6,718860,1512.76,1658.8,690,1663.7,60,667110
2026-04-10T10:23:21.960,NF,BANKNIFTY28APR2655000CE,1658.5,1555.55,1704.15,1241.7,1182.6,718890,1512.76,1658.65,120,1663.65,30,667110
2026-04-10T10:23:24.368,NF,BANKNIFTY28APR2655000CE,1663.0,1555.55,1704.15,1241.7,1182.6,718920,1512.77,1658.75,90,1664.35,60,667110
2026-04-10T10:23:25.768,NF,BANKNIFTY28APR2655000CE,1664.2,1555.55,1704.15,1241.7,1182.6,718950,1512.77,1658.75,150,1664.2,570,667110
2026-04-10T10:23:30.780,NF,BANKNIFTY28APR2655000CE,1660.8,1555.55,1704.15,1241.7,1182.6,719430,1512.87,1662.05,60,1667.55,150,667110
2026-04-10T10:23:48.011,NF,BANKNIFTY28APR2655000CE,1671.4,1555.55,1704.15,1241.7,1182.6,719490,1512.89,1670.95,30,1676.25,180,667110
2026-04-10T10:23:50.425,NF,BANKNIFTY28APR2655000CE,1670.95,1555.55,1704.15,1241.7,1182.6,719520,1512.89,1669.35,120,1674.85,90,667110
2026-04-10T10:23:59.220,NF,BANKNIFTY28APR2655000CE,1676.1,1555.55,1704.15,1241.7,1182.6,719550,1512.9,1671.85,30,1674.9,90,667110
2026-04-10T10:24:01.626,NF,BANKNIFTY28APR2655000CE,1670.9,1555.55,1704.15,1241.7,1182.6,719640,1512.92,1669.55,30,1672.5,120,667110
2026-04-10T10:24:05.431,NF,BANKNIFTY28APR2655000CE,1669.55,1555.55,1704.15,1241.7,1182.6,719700,1512.93,1664.3,90,1670.65,120,667110
2026-04-10T10:24:09.039,NF,BANKNIFTY28APR2655000CE,1669.15,1555.55,1704.15,1241.7,1182.6,719730,1512.94,1665.6,90,1670.95,750,667110
2026-04-10T10:24:15.461,NF,BANKNIFTY28APR2655000CE,1662.95,1555.55,1704.15,1241.7,1182.6,719760,1512.94,1663.15,120,1668.75,60,667110
2026-04-10T10:24:20.461,NF,BANKNIFTY28APR2655000CE,1665.0,1555.55,1704.15,1241.7,1182.6,719790,1512.95,1668.75,30,1671.3,120,667110
2026-04-10T10:24:24.069,NF,BANKNIFTY28APR2655000CE,1670.9,1555.55,1704.15,1241.7,1182.6,719820,1512.96,1668.75,30,1670.9,570,667110
2026-04-10T10:24:25.267,NF,BANKNIFTY28APR2655000CE,1668.75,1555.55,1704.15,1241.7,1182.6,719850,1512.96,1665.0,120,1670.45,150,667110
2026-04-10T10:24:26.676,NF,BANKNIFTY28APR2655000CE,1669.95,1555.55,1704.15,1241.7,1182.6,720030,1513.0,1665.25,90,1670.0,630,667110
2026-04-10T10:24:31.494,NF,BANKNIFTY28APR2655000CE,1670.45,1555.55,1704.15,1241.7,1182.6,720060,1513.01,1665.7,90,1670.35,60,667110
2026-04-10T10:24:32.873,NF,BANKNIFTY28APR2655000CE,1665.85,1555.55,1704.15,1241.7,1182.6,720090,1513.02,1666.0,90,1670.85,150,667110
2026-04-10T10:24:39.095,NF,BANKNIFTY28APR2655000CE,1667.5,1555.55,1704.15,1241.7,1182.6,720270,1513.05,1665.0,30,1668.45,150,667110
2026-04-10T10:24:41.490,NF,BANKNIFTY28APR2655000CE,1665.0,1555.55,1704.15,1241.7,1182.6,720300,1513.06,1661.2,90,1665.8,30,667110
2026-04-10T10:24:45.292,NF,BANKNIFTY28APR2655000CE,1665.85,1555.55,1704.15,1241.7,1182.6,720360,1513.07,1663.95,90,1669.45,60,667110
2026-04-10T10:24:47.699,NF,BANKNIFTY28APR2655000CE,1663.3,1555.55,1704.15,1241.7,1182.6,720390,1513.08,1663.2,60,1668.9,60,667110
2026-04-10T10:24:49.101,NF,BANKNIFTY28APR2655000CE,1667.35,1555.55,1704.15,1241.7,1182.6,720420,1513.09,1662.95,90,1668.2,90,667110
2026-04-10T10:24:52.523,NF,BANKNIFTY28APR2655000CE,1667.45,1555.55,1704.15,1241.7,1182.6,720450,1513.09,1662.2,30,1666.95,120,667110
2026-04-10T10:25:05.121,NF,BANKNIFTY28APR2655000CE,1665.3,1555.55,1704.15,1241.7,1182.6,720570,1513.12,1665.15,60,1670.9,150,667110
2026-04-10T10:25:10.128,NF,BANKNIFTY28APR2655000CE,1673.5,1555.55,1704.15,1241.7,1182.6,720630,1513.13,1667.85,60,1672.8,150,667110
2026-04-10T10:25:11.330,NF,BANKNIFTY28APR2655000CE,1669.1,1555.55,1704.15,1241.7,1182.6,720660,1513.14,1669.0,60,1674.05,60,667110
2026-04-10T10:25:13.735,NF,BANKNIFTY28APR2655000CE,1670.6,1555.55,1704.15,1241.7,1182.6,720690,1513.14,1676.3,60,1680.0,30,667110
2026-04-10T10:25:15.140,NF,BANKNIFTY28APR2655000CE,1680.0,1555.55,1704.15,1241.7,1182.6,720720,1513.15,1677.0,120,1682.6,60,667110
2026-04-10T10:25:16.339,NF,BANKNIFTY28APR2655000CE,1682.3,1555.55,1704.15,1241.7,1182.6,720750,1513.16,1673.8,30,1679.7,60,667110
2026-04-10T10:25:31.370,NF,BANKNIFTY28APR2655000CE,1682.3,1555.55,1704.15,1241.7,1182.6,720780,1513.17,1679.8,60,1685.15,60,666450
2026-04-10T10:25:32.568,NF,BANKNIFTY28APR2655000CE,1679.9,1555.55,1704.15,1241.7,1182.6,720810,1513.17,1679.95,60,1685.1,30,666450
2026-04-10T10:25:37.582,NF,BANKNIFTY28APR2655000CE,1684.25,1555.55,1704.15,1241.7,1182.6,720870,1513.19,1678.9,60,1684.25,690,666450
2026-04-10T10:25:58.410,NF,BANKNIFTY28APR2655000CE,1693.85,1555.55,1704.15,1241.7,1182.6,720930,1513.2,1685.45,60,1691.9,60,666450
2026-04-10T10:26:03.411,NF,BANKNIFTY28APR2655000CE,1693.8,1555.55,1704.15,1241.7,1182.6,720960,1513.21,1688.4,120,1694.35,150,666450
2026-04-10T10:26:05.818,NF,BANKNIFTY28APR2655000CE,1689.95,1555.55,1704.15,1241.7,1182.6,721020,1513.22,1690.3,60,1695.0,180,666450
2026-04-10T10:26:10.824,NF,BANKNIFTY28APR2655000CE,1695.0,1555.55,1704.15,1241.7,1182.6,721080,1513.24,1692.15,30,1695.0,120,666450
2026-04-10T10:26:12.034,NF,BANKNIFTY28APR2655000CE,1693.65,1555.55,1704.15,1241.7,1182.6,721140,1513.25,1689.35,60,1694.9,120,666450
2026-04-10T10:26:14.433,NF,BANKNIFTY28APR2655000CE,1688.0,1555.55,1704.15,1241.7,1182.6,721290,1513.29,1685.0,300,1689.65,30,666450
2026-04-10T10:26:15.829,NF,BANKNIFTY28APR2655000CE,1689.65,1555.55,1704.15,1241.7,1182.6,721320,1513.3,1685.0,300,1689.1,60,666450
2026-04-10T10:26:17.035,NF,BANKNIFTY28APR2655000CE,1689.15,1555.55,1704.15,1241.7,1182.6,721350,1513.3,1685.15,120,1689.9,90,666450
2026-04-10T10:26:25.650,NF,BANKNIFTY28APR2655000CE,1695.0,1555.55,1704.15,1241.7,1182.6,721440,1513.33,1690.7,60,1695.85,150,666450
2026-04-10T10:26:29.465,NF,BANKNIFTY28APR2655000CE,1690.7,1555.55,1704.15,1241.7,1182.6,721470,1513.33,1690.0,90,1694.35,150,666450
2026-04-10T10:26:36.870,NF,BANKNIFTY28APR2655000CE,1695.9,1555.55,1704.15,1241.7,1182.6,721620,1513.37,1690.7,180,1695.8,150,666450
2026-04-10T10:26:41.671,NF,BANKNIFTY28APR2655000CE,1693.7,1555.55,1704.15,1241.7,1182.6,721650,1513.38,1690.7,240,1695.15,210,666450
2026-04-10T10:26:45.494,NF,BANKNIFTY28APR2655000CE,1690.7,1555.55,1704.15,1241.7,1182.6,721680,1513.39,1690.7,120,1694.15,180,666450
2026-04-10T10:26:49.287,NF,BANKNIFTY28APR2655000CE,1690.7,1555.55,1704.15,1241.7,1182.6,721770,1513.41,1690.7,60,1693.6,180,666450
2026-04-10T10:26:50.684,NF,BANKNIFTY28APR2655000CE,1684.25,1555.55,1704.15,1241.7,1182.6,722400,1513.56,1679.5,60,1685.2,60,666450
2026-04-10T10:26:51.895,NF,BANKNIFTY28APR2655000CE,1686.2,1555.55,1704.15,1241.7,1182.6,722520,1513.59,1680.4,60,1686.1,60,666450
2026-04-10T10:26:53.091,NF,BANKNIFTY28APR2655000CE,1688.0,1555.55,1704.15,1241.7,1182.6,722550,1513.6,1682.2,90,1688.4,30,666450
2026-04-10T10:26:56.698,NF,BANKNIFTY28APR2655000CE,1684.15,1555.55,1704.15,1241.7,1182.6,722670,1513.62,1678.85,120,1684.15,60,666450
2026-04-10T10:26:58.111,NF,BANKNIFTY28APR2655000CE,1681.35,1555.55,1704.15,1241.7,1182.6,722700,1513.63,1675.4,60,1681.1,60,666450
2026-04-10T10:26:59.300,NF,BANKNIFTY28APR2655000CE,1681.0,1555.55,1704.15,1241.7,1182.6,722730,1513.64,1671.95,150,1678.35,120,666450
2026-04-10T10:27:00.496,NF,BANKNIFTY28APR2655000CE,1677.7,1555.55,1704.15,1241.7,1182.6,722880,1513.67,1673.2,150,1679.4,30,666450
2026-04-10T10:27:02.902,NF,BANKNIFTY28APR2655000CE,1675.35,1555.55,1704.15,1241.7,1182.6,722910,1513.68,1675.55,120,1680.8,60,666450
2026-04-10T10:27:07.932,NF,BANKNIFTY28APR2655000CE,1680.4,1555.55,1704.15,1241.7,1182.6,723030,1513.71,1675.35,390,1680.6,30,666450
2026-04-10T10:27:10.513,NF,BANKNIFTY28APR2655000CE,1674.8,1555.55,1704.15,1241.7,1182.6,723090,1513.72,1674.6,120,1680.15,60,666450
2026-04-10T10:27:15.318,NF,BANKNIFTY28APR2655000CE,1679.35,1555.55,1704.15,1241.7,1182.6,723120,1513.73,1671.6,120,1677.65,150,666450
2026-04-10T10:27:20.326,NF,BANKNIFTY28APR2655000CE,1679.7,1555.55,1704.15,1241.7,1182.6,723150,1513.73,1673.85,120,1679.45,60,666450
2026-04-10T10:27:21.539,NF,BANKNIFTY28APR2655000CE,1678.15,1555.55,1704.15,1241.7,1182.6,723180,1513.74,1669.65,60,1675.65,120,666450
2026-04-10T10:27:23.937,NF,BANKNIFTY28APR2655000CE,1673.35,1555.55,1704.15,1241.7,1182.6,723210,1513.75,1666.4,150,1672.7,60,666450
2026-04-10T10:27:25.142,NF,BANKNIFTY28APR2655000CE,1671.6,1555.55,1704.15,1241.7,1182.6,723240,1513.75,1666.7,90,1672.7,60,666450
2026-04-10T10:27:26.345,NF,BANKNIFTY28APR2655000CE,1665.05,1555.55,1704.15,1241.7,1182.6,723360,1513.78,1665.0,30,1670.0,60,666450
2026-04-10T10:27:27.746,NF,BANKNIFTY28APR2655000CE,1670.0,1555.55,1704.15,1241.7,1182.6,723390,1513.79,1665.2,120,1671.4,90,666450
2026-04-10T10:27:28.958,NF,BANKNIFTY28APR2655000CE,1672.2,1555.55,1704.15,1241.7,1182.6,723420,1513.79,1667.5,60,1673.65,90,666450
2026-04-10T10:27:30.141,NF,BANKNIFTY28APR2655000CE,1667.25,1555.55,1704.15,1241.7,1182.6,723450,1513.8,1667.1,60,1672.5,120,666450
2026-04-10T10:27:33.954,NF,BANKNIFTY28APR2655000CE,1669.65,1555.55,1704.15,1241.7,1182.6,723570,1513.82,1665.0,30,1669.65,660,666450
2026-04-10T10:27:36.357,NF,BANKNIFTY28APR2655000CE,1672.5,1555.55,1704.15,1241.7,1182.6,723720,1513.86,1668.0,300,1672.2,30,666450
2026-04-10T10:27:40.156,NF,BANKNIFTY28APR2655000CE,1668.0,1555.55,1704.15,1241.7,1182.6,724020,1513.92,1665.0,30,1669.95,90,666450
2026-04-10T10:27:43.787,NF,BANKNIFTY28APR2655000CE,1665.0,1555.55,1704.15,1241.7,1182.6,724050,1513.93,1661.15,30,1666.95,120,666450
2026-04-10T10:27:47.579,NF,BANKNIFTY28APR2655000CE,1660.1,1555.55,1704.15,1241.7,1182.6,724110,1513.94,1660.0,150,1664.9,60,666450
2026-04-10T10:27:49.999,NF,BANKNIFTY28APR2655000CE,1663.1,1555.55,1704.15,1241.7,1182.6,724200,1513.96,1660.0,30,1663.15,30,666450
2026-04-10T10:27:51.036,NF,BANKNIFTY28APR2655000CE,1660.1,1555.55,1704.15,1241.7,1182.6,724260,1513.97,1660.0,30,1663.4,90,666450
2026-04-10T10:27:52.188,NF,BANKNIFTY28APR2655000CE,1660.0,1555.55,1704.15,1241.7,1182.6,724680,1514.06,1658.95,120,1663.7,660,666450
2026-04-10T10:27:54.842,NF,BANKNIFTY28APR2655000CE,1658.0,1555.55,1704.15,1241.7,1182.6,724770,1514.07,1656.5,30,1661.0,150,666450
2026-04-10T10:27:56.001,NF,BANKNIFTY28APR2655000CE,1660.1,1555.55,1704.15,1241.7,1182.6,724860,1514.09,1656.0,60,1660.0,60,666450
2026-04-10T10:27:58.606,NF,BANKNIFTY28APR2655000CE,1655.2,1555.55,1704.15,1241.7,1182.6,725550,1514.23,1653.8,30,1659.1,150,666450
2026-04-10T10:28:04.800,NF,BANKNIFTY28APR2655000CE,1654.85,1555.55,1704.15,1241.7,1182.6,725640,1514.24,1650.0,60,1654.25,90,666450
2026-04-10T10:28:06.010,NF,BANKNIFTY28APR2655000CE,1653.85,1555.55,1704.15,1241.7,1182.6,726240,1514.36,1648.6,60,1653.9,150,666450
2026-04-10T10:28:07.211,NF,BANKNIFTY28APR2655000CE,1650.3,1555.55,1704.15,1241.7,1182.6,726270,1514.36,1651.4,90,1656.55,630,666450
2026-04-10T10:28:08.625,NF,BANKNIFTY28APR2655000CE,1651.3,1555.55,1704.15,1241.7,1182.6,726300,1514.37,1650.85,90,1656.15,90,666450
2026-04-10T10:28:09.824,NF,BANKNIFTY28APR2655000CE,1650.85,1555.55,1704.15,1241.7,1182.6,726420,1514.39,1650.85,240,1655.55,120,666450
2026-04-10T10:28:12.219,NF,BANKNIFTY28APR2655000CE,1650.3,1555.55,1704.15,1241.7,1182.6,726660,1514.44,1650.2,60,1656.3,120,666450
2026-04-10T10:28:13.419,NF,BANKNIFTY28APR2655000CE,1650.3,1555.55,1704.15,1241.7,1182.6,726750,1514.45,1650.3,330,1655.4,60,666450
2026-04-10T10:28:14.823,NF,BANKNIFTY28APR2655000CE,1653.8,1555.55,1704.15,1241.7,1182.6,727020,1514.5,1649.0,30,1653.1,30,666450
2026-04-10T10:28:16.032,NF,BANKNIFTY28APR2655000CE,1653.1,1555.55,1704.15,1241.7,1182.6,727260,1514.55,1649.0,30,1653.15,30,666450
2026-04-10T10:28:18.438,NF,BANKNIFTY28APR2655000CE,1654.4,1555.55,1704.15,1241.7,1182.6,727290,1514.56,1653.95,90,1658.0,30,666450
2026-04-10T10:28:21.037,NF,BANKNIFTY28APR2655000CE,1654.7,1555.55,1704.15,1241.7,1182.6,727350,1514.57,1648.75,150,1654.85,60,666450
2026-04-10T10:28:22.261,NF,BANKNIFTY28APR2655000CE,1654.6,1555.55,1704.15,1241.7,1182.6,727470,1514.59,1647.05,120,1652.25,60,666450
2026-04-10T10:28:26.058,NF,BANKNIFTY28APR2655000CE,1653.65,1555.55,1704.15,1241.7,1182.6,727500,1514.6,1647.85,30,1653.2,60,666900
2026-04-10T10:28:27.243,NF,BANKNIFTY28APR2655000CE,1645.3,1555.55,1704.15,1241.7,1182.6,727620,1514.62,1646.05,30,1650.35,60,666900
2026-04-10T10:28:28.447,NF,BANKNIFTY28APR2655000CE,1648.85,1555.55,1704.15,1241.7,1182.6,727680,1514.63,1643.95,60,1649.8,150,666900
2026-04-10T10:28:29.646,NF,BANKNIFTY28APR2655000CE,1643.4,1555.55,1704.15,1241.7,1182.6,727830,1514.66,1642.85,30,1647.65,120,666900
2026-04-10T10:28:32.255,NF,BANKNIFTY28APR2655000CE,1647.5,1555.55,1704.15,1241.7,1182.6,727890,1514.67,1643.25,30,1648.95,120,666900
2026-04-10T10:28:33.466,NF,BANKNIFTY28APR2655000CE,1642.85,1555.55,1704.15,1241.7,1182.6,728430,1514.76,1642.85,300,1648.35,120,666900
2026-04-10T10:28:34.650,NF,BANKNIFTY28APR2655000CE,1642.5,1555.55,1704.15,1241.7,1182.6,729420,1514.94,1642.3,90,1647.9,630,666900
2026-04-10T10:28:36.056,NF,BANKNIFTY28APR2655000CE,1645.6,1555.55,1704.15,1241.7,1182.6,730110,1515.06,1640.2,30,1646.05,60,666900
2026-04-10T10:28:37.251,NF,BANKNIFTY28APR2655000CE,1646.5,1555.55,1704.15,1241.7,1182.6,730140,1515.07,1643.2,30,1649.45,60,666900
2026-04-10T10:28:38.454,NF,BANKNIFTY28APR2655000CE,1645.95,1555.55,1704.15,1241.7,1182.6,730440,1515.12,1642.4,30,1647.65,150,666900
2026-04-10T10:28:39.656,NF,BANKNIFTY28APR2655000CE,1647.7,1555.55,1704.15,1241.7,1182.6,730470,1515.13,1642.9,120,1647.7,570,666900
2026-04-10T10:28:41.056,NF,BANKNIFTY28APR2655000CE,1642.85,1555.55,1704.15,1241.7,1182.6,730500,1515.13,1641.6,30,1646.7,150,666900
2026-04-10T10:28:42.262,NF,BANKNIFTY28APR2655000CE,1646.0,1555.55,1704.15,1241.7,1182.6,730620,1515.15,1640.4,30,1645.6,60,666900
2026-04-10T10:28:47.274,NF,BANKNIFTY28APR2655000CE,1645.4,1555.55,1704.15,1241.7,1182.6,730950,1515.21,1640.05,60,1645.2,150,666900
2026-04-10T10:28:48.472,NF,BANKNIFTY28APR2655000CE,1645.45,1555.55,1704.15,1241.7,1182.6,731010,1515.22,1640.1,90,1645.55,780,666900
2026-04-10T10:28:50.886,NF,BANKNIFTY28APR2655000CE,1645.8,1555.55,1704.15,1241.7,1182.6,731070,1515.23,1640.75,90,1646.2,120,666900
2026-04-10T10:28:52.289,NF,BANKNIFTY28APR2655000CE,1640.3,1555.55,1704.15,1241.7,1182.6,731100,1515.24,1640.45,30,1646.1,120,666900
2026-04-10T10:28:54.684,NF,BANKNIFTY28APR2655000CE,1646.1,1555.55,1704.15,1241.7,1182.6,731160,1515.25,1642.0,30,1643.8,60,666900
2026-04-10T10:28:55.880,NF,BANKNIFTY28APR2655000CE,1643.05,1555.55,1704.15,1241.7,1182.6,731220,1515.26,1640.0,120,1643.05,60,666900
2026-04-10T10:28:57.098,NF,BANKNIFTY28APR2655000CE,1643.0,1555.55,1704.15,1241.7,1182.6,731280,1515.27,1640.0,120,1642.6,60,666900
2026-04-10T10:28:58.484,NF,BANKNIFTY28APR2655000CE,1641.8,1555.55,1704.15,1241.7,1182.6,731460,1515.3,1636.2,60,1641.6,150,666900
2026-04-10T10:28:59.699,NF,BANKNIFTY28APR2655000CE,1641.5,1555.55,1704.15,1241.7,1182.6,731520,1515.31,1636.2,90,1641.7,30,666900
2026-04-10T10:29:02.105,NF,BANKNIFTY28APR2655000CE,1640.95,1555.55,1704.15,1241.7,1182.6,731790,1515.36,1636.0,30,1640.4,60,666900
2026-04-10T10:29:03.504,NF,BANKNIFTY28APR2655000CE,1630.55,1555.55,1704.15,1241.7,1182.6,731880,1515.37,1630.4,120,1635.75,60,666900
2026-04-10T10:29:04.698,NF,BANKNIFTY28APR2655000CE,1630.0,1555.55,1704.15,1241.7,1182.6,732300,1515.44,1630.05,330,1634.1,150,666900
2026-04-10T10:29:05.905,NF,BANKNIFTY28APR2655000CE,1627.6,1555.55,1704.15,1241.7,1182.6,732570,1515.48,1628.05,300,1633.5,90,666900
2026-04-10T10:29:07.114,NF,BANKNIFTY28APR2655000CE,1628.2,1555.55,1704.15,1241.7,1182.6,733080,1515.56,1628.2,150,1633.25,120,666900
2026-04-10T10:29:08.496,NF,BANKNIFTY28APR2655000CE,1632.45,1555.55,1704.15,1241.7,1182.6,733890,1515.68,1626.85,90,1632.5,120,666900
2026-04-10T10:29:10.915,NF,BANKNIFTY28APR2655000CE,1625.65,1555.55,1704.15,1241.7,1182.6,733920,1515.69,1625.35,30,1629.6,30,666900
2026-04-10T10:29:12.110,NF,BANKNIFTY28APR2655000CE,1630.2,1555.55,1704.15,1241.7,1182.6,733950,1515.69,1625.0,60,1629.75,150,666900
2026-04-10T10:29:14.719,NF,BANKNIFTY28APR2655000CE,1632.35,1555.55,1704.15,1241.7,1182.6,734250,1515.74,1626.45,30,1632.2,120,666900
2026-04-10T10:29:15.919,NF,BANKNIFTY28APR2655000CE,1632.65,1555.55,1704.15,1241.7,1182.6,734310,1515.75,1627.35,90,1632.55,120,666900
2026-04-10T10:29:18.527,NF,BANKNIFTY28APR2655000CE,1635.2,1555.55,1704.15,1241.7,1182.6,734340,1515.75,1628.15,90,1634.1,90,666900
2026-04-10T10:29:23.336,NF,BANKNIFTY28APR2655000CE,1632.55,1555.55,1704.15,1241.7,1182.6,734400,1515.76,1626.95,90,1632.5,60,666900
2026-04-10T10:29:33.150,NF,BANKNIFTY28APR2655000CE,1628.4,1555.55,1704.15,1241.7,1182.6,734460,1515.77,1629.95,120,1634.95,60,666900
2026-04-10T10:29:35.548,NF,BANKNIFTY28APR2655000CE,1635.0,1555.55,1704.15,1241.7,1182.6,734520,1515.78,1628.6,120,1634.25,30,666900
2026-04-10T10:29:36.756,NF,BANKNIFTY28APR2655000CE,1634.25,1555.55,1704.15,1241.7,1182.6,734550,1515.79,1630.1,30,1635.2,120,666900
2026-04-10T10:29:38.156,NF,BANKNIFTY28APR2655000CE,1635.3,1555.55,1704.15,1241.7,1182.6,734580,1515.79,1629.95,90,1634.85,120,666900
2026-04-10T10:29:39.355,NF,BANKNIFTY28APR2655000CE,1628.8,1555.55,1704.15,1241.7,1182.6,734640,1515.8,1630.35,90,1636.55,30,666900
2026-04-10T10:29:42.964,NF,BANKNIFTY28APR2655000CE,1632.5,1555.55,1704.15,1241.7,1182.6,735240,1515.9,1633.0,90,1637.95,150,666900
2026-04-10T10:29:44.356,NF,BANKNIFTY28APR2655000CE,1636.0,1555.55,1704.15,1241.7,1182.6,735330,1515.91,1632.55,120,1637.85,150,666900
2026-04-10T10:29:45.555,NF,BANKNIFTY28APR2655000CE,1632.5,1555.55,1704.15,1241.7,1182.6,735360,1515.92,1632.85,90,1637.8,330,666900
2026-04-10T10:29:46.765,NF,BANKNIFTY28APR2655000CE,1632.35,1555.55,1704.15,1241.7,1182.6,735390,1515.92,1634.55,120,1640.0,150,666900
2026-04-10T10:29:49.374,NF,BANKNIFTY28APR2655000CE,1635.95,1555.55,1704.15,1241.7,1182.6,735420,1515.93,1636.25,120,1641.75,150,666900
2026-04-10T10:29:52.994,NF,BANKNIFTY28APR2655000CE,1635.95,1555.55,1704.15,1241.7,1182.6,735510,1515.94,1637.0,60,1642.65,150,666900
2026-04-10T10:29:54.185,NF,BANKNIFTY28APR2655000CE,1644.8,1555.55,1704.15,1241.7,1182.6,735540,1515.95,1639.0,120,1644.25,150,666900
2026-04-10T10:29:55.568,NF,BANKNIFTY28APR2655000CE,1646.0,1555.55,1704.15,1241.7,1182.6,736380,1516.09,1643.85,120,1646.0,90,666900
2026-04-10T10:29:56.790,NF,BANKNIFTY28APR2655000CE,1646.0,1555.55,1704.15,1241.7,1182.6,736470,1516.11,1644.45,90,1649.95,120,666900
2026-04-10T10:29:57.980,NF,BANKNIFTY28APR2655000CE,1643.9,1555.55,1704.15,1241.7,1182.6,736500,1516.11,1642.9,30,1647.7,180,666900
2026-04-10T10:29:59.197,NF,BANKNIFTY28APR2655000CE,1646.65,1555.55,1704.15,1241.7,1182.6,736530,1516.12,1641.0,90,1646.65,270,666900
2026-04-10T10:30:00.384,NF,BANKNIFTY28APR2655000CE,1641.75,1555.55,1704.15,1241.7,1182.6,736830,1516.17,1641.9,240,1647.6,150,666900
2026-04-10T10:30:10.258,NF,BANKNIFTY28APR2655000CE,1648.0,1555.55,1704.15,1241.7,1182.6,736920,1516.19,1644.65,180,1648.0,210,666900
2026-04-10T10:30:11.596,NF,BANKNIFTY28APR2655000CE,1648.0,1555.55,1704.15,1241.7,1182.6,737130,1516.22,1645.6,90,1650.0,300,666900
2026-04-10T10:30:12.805,NF,BANKNIFTY28APR2655000CE,1650.0,1555.55,1704.15,1241.7,1182.6,737430,1516.28,1647.45,90,1653.95,210,666900
2026-04-10T10:30:14.006,NF,BANKNIFTY28APR2655000CE,1650.0,1555.55,1704.15,1241.7,1182.6,737460,1516.28,1650.15,150,1655.75,60,666900
2026-04-10T10:30:16.428,NF,BANKNIFTY28APR2655000CE,1661.45,1555.55,1704.15,1241.7,1182.6,737550,1516.3,1656.3,60,1661.5,60,666900
2026-04-10T10:30:19.004,NF,BANKNIFTY28APR2655000CE,1657.45,1555.55,1704.15,1241.7,1182.6,737580,1516.31,1652.1,60,1658.4,120,666900
2026-04-10T10:30:20.222,NF,BANKNIFTY28APR2655000CE,1652.9,1555.55,1704.15,1241.7,1182.6,737640,1516.32,1652.25,60,1658.15,30,666900
2026-04-10T10:30:21.413,NF,BANKNIFTY28APR2655000CE,1658.65,1555.55,1704.15,1241.7,1182.6,737670,1516.32,1648.05,120,1654.7,120,666900
2026-04-10T10:30:22.634,NF,BANKNIFTY28APR2655000CE,1655.6,1555.55,1704.15,1241.7,1182.6,737700,1516.33,1649.7,120,1655.6,210,666900
2026-04-10T10:30:25.227,NF,BANKNIFTY28APR2655000CE,1654.9,1555.55,1704.15,1241.7,1182.6,737730,1516.33,1650.85,120,1658.4,120,666900
2026-04-10T10:30:26.425,NF,BANKNIFTY28APR2655000CE,1657.85,1555.55,1704.15,1241.7,1182.6,737760,1516.34,1652.0,180,1657.85,60,666900
2026-04-10T10:30:27.644,NF,BANKNIFTY28APR2655000CE,1659.0,1555.55,1704.15,1241.7,1182.6,737880,1516.36,1653.45,120,1659.05,150,666900
2026-04-10T10:30:34.858,NF,BANKNIFTY28APR2655000CE,1657.3,1555.55,1704.15,1241.7,1182.6,737910,1516.37,1649.0,120,1654.75,120,666900
2026-04-10T10:30:38.651,NF,BANKNIFTY28APR2655000CE,1650.8,1555.55,1704.15,1241.7,1182.6,737940,1516.38,1645.45,150,1650.8,90,666900
2026-04-10T10:30:41.047,NF,BANKNIFTY28APR2655000CE,1651.0,1555.55,1704.15,1241.7,1182.6,737970,1516.38,1646.0,150,1651.6,90,666900
2026-04-10T10:30:42.245,NF,BANKNIFTY28APR2655000CE,1651.55,1555.55,1704.15,1241.7,1182.6,738000,1516.39,1647.2,120,1652.45,60,666900
2026-04-10T10:30:47.253,NF,BANKNIFTY28APR2655000CE,1657.3,1555.55,1704.15,1241.7,1182.6,738030,1516.39,1653.05,180,1658.95,90,666900
2026-04-10T10:30:52.054,NF,BANKNIFTY28APR2655000CE,1658.95,1555.55,1704.15,1241.7,1182.6,738060,1516.4,1653.85,120,1658.95,120,666900
2026-04-10T10:30:54.662,NF,BANKNIFTY28APR2655000CE,1659.0,1555.55,1704.15,1241.7,1182.6,738090,1516.4,1655.05,150,1660.75,90,666900
2026-04-10T10:30:55.862,NF,BANKNIFTY28APR2655000CE,1659.5,1555.55,1704.15,1241.7,1182.6,738120,1516.41,1654.2,150,1659.85,60,666900
2026-04-10T10:30:57.061,NF,BANKNIFTY28APR2655000CE,1659.4,1555.55,1704.15,1241.7,1182.6,738210,1516.43,1650.25,120,1656.9,60,666900
2026-04-10T10:30:59.663,NF,BANKNIFTY28APR2655000CE,1656.9,1555.55,1704.15,1241.7,1182.6,738270,1516.44,1651.25,150,1656.8,210,666900
2026-04-10T10:31:02.070,NF,BANKNIFTY28APR2655000CE,1655.9,1555.55,1704.15,1241.7,1182.6,738300,1516.44,1651.05,150,1657.55,120,666900
2026-04-10T10:31:09.480,NF,BANKNIFTY28APR2655000CE,1652.95,1555.55,1704.15,1241.7,1182.6,738360,1516.46,1653.15,150,1658.8,150,666900
2026-04-10T10:31:11.898,NF,BANKNIFTY28APR2655000CE,1656.8,1555.55,1704.15,1241.7,1182.6,738540,1516.49,1656.8,90,1661.7,210,666900
2026-04-10T10:31:13.091,NF,BANKNIFTY28APR2655000CE,1655.55,1555.55,1704.15,1241.7,1182.6,739320,1516.64,1654.9,150,1660.65,90,666900
2026-04-10T10:31:14.289,NF,BANKNIFTY28APR2655000CE,1653.75,1555.55,1704.15,1241.7,1182.6,739380,1516.65,1654.1,240,1660.2,150,666900
2026-04-10T10:31:16.695,NF,BANKNIFTY28APR2655000CE,1660.4,1555.55,1704.15,1241.7,1182.6,739410,1516.65,1660.0,1560,1662.35,720,666900
2026-04-10T10:31:17.895,NF,BANKNIFTY28APR2655000CE,1660.1,1555.55,1704.15,1241.7,1182.6,740250,1516.82,1660.1,750,1664.0,60,666900
2026-04-10T10:31:19.105,NF,BANKNIFTY28APR2655000CE,1664.0,1555.55,1704.15,1241.7,1182.6,740730,1516.91,1660.1,420,1664.0,30,666900
2026-04-10T10:31:20.307,NF,BANKNIFTY28APR2655000CE,1662.15,1555.55,1704.15,1241.7,1182.6,741960,1517.15,1662.15,60,1664.9,150,666900
2026-04-10T10:31:21.525,NF,BANKNIFTY28APR2655000CE,1662.15,1555.55,1704.15,1241.7,1182.6,741990,1517.15,1662.15,30,1664.7,150,666900
2026-04-10T10:31:22.903,NF,BANKNIFTY28APR2655000CE,1663.15,1555.55,1704.15,1241.7,1182.6,742050,1517.16,1660.1,60,1663.15,120,666900
2026-04-10T10:31:26.536,NF,BANKNIFTY28APR2655000CE,1658.2,1555.55,1704.15,1241.7,1182.6,742230,1517.2,1654.0,60,1659.05,150,664980
2026-04-10T10:31:34.924,NF,BANKNIFTY28APR2655000CE,1661.6,1555.55,1704.15,1241.7,1182.6,742290,1517.21,1658.05,30,1661.3,150,664980
2026-04-10T10:31:38.747,NF,BANKNIFTY28APR2655000CE,1658.05,1555.55,1704.15,1241.7,1182.6,742380,1517.23,1656.6,150,1661.9,150,664980
2026-04-10T10:31:39.934,NF,BANKNIFTY28APR2655000CE,1662.2,1555.55,1704.15,1241.7,1182.6,742410,1517.23,1657.4,60,1661.95,150,664980
2026-04-10T10:31:41.138,NF,BANKNIFTY28APR2655000CE,1655.65,1555.55,1704.15,1241.7,1182.6,742590,1517.27,1650.15,120,1654.85,150,664980
2026-04-10T10:31:42.344,NF,BANKNIFTY28APR2655000CE,1650.5,1555.55,1704.15,1241.7,1182.6,742980,1517.34,1651.4,330,1656.35,150,664980
2026-04-10T10:31:43.538,NF,BANKNIFTY28APR2655000CE,1651.4,1555.55,1704.15,1241.7,1182.6,743250,1517.39,1652.55,120,1657.9,150,664980
2026-04-10T10:31:44.933,NF,BANKNIFTY28APR2655000CE,1652.7,1555.55,1704.15,1241.7,1182.6,743340,1517.4,1653.7,210,1658.5,150,664980
2026-04-10T10:31:46.134,NF,BANKNIFTY28APR2655000CE,1657.85,1555.55,1704.15,1241.7,1182.6,743370,1517.41,1654.4,120,1660.15,150,664980
2026-04-10T10:31:47.335,NF,BANKNIFTY28APR2655000CE,1655.1,1555.55,1704.15,1241.7,1182.6,743700,1517.47,1653.2,60,1659.1,150,664980
2026-04-10T10:31:49.740,NF,BANKNIFTY28APR2655000CE,1650.95,1555.55,1704.15,1241.7,1182.6,745110,1517.72,1650.0,240,1653.9,150,664980
2026-04-10T10:31:59.757,NF,BANKNIFTY28APR2655000CE,1650.0,1555.55,1704.15,1241.7,1182.6,745470,1517.79,1648.1,30,1653.05,120,664980
2026-04-10T10:32:01.181,NF,BANKNIFTY28APR2655000CE,1648.1,1555.55,1704.15,1241.7,1182.6,745560,1517.8,1648.4,120,1653.8,150,664980
2026-04-10T10:32:03.564,NF,BANKNIFTY28APR2655000CE,1645.05,1555.55,1704.15,1241.7,1182.6,745680,1517.82,1644.65,120,1650.65,120,664980
2026-04-10T10:32:04.800,NF,BANKNIFTY28APR2655000CE,1644.25,1555.55,1704.15,1241.7,1182.6,747210,1518.08,1644.3,270,1649.1,150,664980
2026-04-10T10:32:06.159,NF,BANKNIFTY28APR2655000CE,1650.25,1555.55,1704.15,1241.7,1182.6,747240,1518.09,1647.55,270,1652.25,150,664980
2026-04-10T10:32:08.573,NF,BANKNIFTY28APR2655000CE,1649.8,1555.55,1704.15,1241.7,1182.6,747660,1518.16,1644.75,90,1650.55,120,664980
2026-04-10T10:32:09.775,NF,BANKNIFTY28APR2655000CE,1651.25,1555.55,1704.15,1241.7,1182.6,747690,1518.16,1646.05,60,1651.8,150,664980
2026-04-10T10:32:10.972,NF,BANKNIFTY28APR2655000CE,1644.9,1555.55,1704.15,1241.7,1182.6,748620,1518.32,1643.6,120,1649.7,210,664980
2026-04-10T10:32:12.172,NF,BANKNIFTY28APR2655000CE,1643.75,1555.55,1704.15,1241.7,1182.6,749220,1518.42,1644.15,60,1649.65,150,664980
2026-04-10T10:32:13.592,NF,BANKNIFTY28APR2655000CE,1641.4,1555.55,1704.15,1241.7,1182.6,750210,1518.59,1641.4,210,1647.1,210,664980
2026-04-10T10:32:14.774,NF,BANKNIFTY28APR2655000CE,1647.1,1555.55,1704.15,1241.7,1182.6,750240,1518.59,1643.8,180,1649.25,840,664980
2026-04-10T10:32:18.388,NF,BANKNIFTY28APR2655000CE,1643.8,1555.55,1704.15,1241.7,1182.6,750420,1518.62,1640.9,150,1644.2,150,664980
2026-04-10T10:32:20.984,NF,BANKNIFTY28APR2655000CE,1640.9,1555.55,1704.15,1241.7,1182.6,750510,1518.64,1640.9,60,1642.7,240,664980
2026-04-10T10:32:22.193,NF,BANKNIFTY28APR2655000CE,1636.0,1555.55,1704.15,1241.7,1182.6,750720,1518.67,1635.0,120,1640.7,240,664980
2026-04-10T10:32:23.397,NF,BANKNIFTY28APR2655000CE,1637.75,1555.55,1704.15,1241.7,1182.6,750750,1518.68,1631.7,90,1637.45,120,664980
2026-04-10T10:32:24.802,NF,BANKNIFTY28APR2655000CE,1631.7,1555.55,1704.15,1241.7,1182.6,750780,1518.68,1630.75,30,1636.3,210,664980
2026-04-10T10:32:25.996,NF,BANKNIFTY28APR2655000CE,1628.05,1555.55,1704.15,1241.7,1182.6,750870,1518.69,1625.05,30,1630.25,150,664980
2026-04-10T10:32:27.250,NF,BANKNIFTY28APR2655000CE,1625.0,1555.55,1704.15,1241.7,1182.6,750900,1518.7,1621.8,60,1627.35,30,664980
2026-04-10T10:32:28.409,NF,BANKNIFTY28APR2655000CE,1627.35,1555.55,1704.15,1241.7,1182.6,750930,1518.7,1621.6,210,1627.6,120,664980
2026-04-10T10:32:29.801,NF,BANKNIFTY28APR2655000CE,1625.0,1555.55,1704.15,1241.7,1182.6,750960,1518.71,1624.15,90,1629.8,150,664980
2026-04-10T10:32:32.227,NF,BANKNIFTY28APR2655000CE,1631.7,1555.55,1704.15,1241.7,1182.6,750990,1518.71,1629.9,90,1636.15,150,664980
2026-04-10T10:32:33.415,NF,BANKNIFTY28APR2655000CE,1635.95,1555.55,1704.15,1241.7,1182.6,751050,1518.72,1628.2,180,1634.15,60,664980
2026-04-10T10:32:34.607,NF,BANKNIFTY28APR2655000CE,1633.95,1555.55,1704.15,1241.7,1182.6,751200,1518.74,1630.75,60,1636.6,60,664980
2026-04-10T10:32:36.050,NF,BANKNIFTY28APR2655000CE,1637.75,1555.55,1704.15,1241.7,1182.6,751260,1518.75,1633.8,60,1637.75,90,664980
2026-04-10T10:32:37.211,NF,BANKNIFTY28APR2655000CE,1637.75,1555.55,1704.15,1241.7,1182.6,751350,1518.77,1635.25,60,1640.9,30,664980
2026-04-10T10:32:38.428,NF,BANKNIFTY28APR2655000CE,1640.9,1555.55,1704.15,1241.7,1182.6,751380,1518.77,1635.95,30,1641.75,270,664980
2026-04-10T10:32:43.425,NF,BANKNIFTY28APR2655000CE,1636.65,1555.55,1704.15,1241.7,1182.6,751410,1518.78,1630.2,60,1637.45,120,664980
2026-04-10T10:32:53.050,NF,BANKNIFTY28APR2655000CE,1640.0,1555.55,1704.15,1241.7,1182.6,751470,1518.79,1636.3,30,1642.1,60,664980
2026-04-10T10:32:55.441,NF,BANKNIFTY28APR2655000CE,1641.25,1555.55,1704.15,1241.7,1182.6,751530,1518.8,1635.3,30,1641.15,60,664980
2026-04-10T10:32:58.043,NF,BANKNIFTY28APR2655000CE,1640.35,1555.55,1704.15,1241.7,1182.6,751590,1518.8,1635.4,60,1641.25,150,664980
2026-04-10T10:33:00.449,NF,BANKNIFTY28APR2655000CE,1635.1,1555.55,1704.15,1241.7,1182.6,751620,1518.81,1635.15,630,1640.55,240,664980
2026-04-10T10:33:01.671,NF,BANKNIFTY28APR2655000CE,1635.05,1555.55,1704.15,1241.7,1182.6,751920,1518.86,1635.1,120,1641.25,150,664980
2026-04-10T10:33:03.052,NF,BANKNIFTY28APR2655000CE,1635.65,1555.55,1704.15,1241.7,1182.6,752100,1518.88,1636.15,30,1642.15,90,664980
2026-04-10T10:33:05.462,NF,BANKNIFTY28APR2655000CE,1641.85,1555.55,1704.15,1241.7,1182.6,752130,1518.89,1637.6,120,1644.6,120,664980
2026-04-10T10:33:12.868,NF,BANKNIFTY28APR2655000CE,1638.4,1555.55,1704.15,1241.7,1182.6,752160,1518.89,1630.2,60,1635.55,150,664980
2026-04-10T10:33:17.876,NF,BANKNIFTY28APR2655000CE,1630.0,1555.55,1704.15,1241.7,1182.6,752310,1518.92,1625.0,120,1631.05,60,664980
2026-04-10T10:33:19.077,NF,BANKNIFTY28APR2655000CE,1623.85,1555.55,1704.15,1241.7,1182.6,752340,1518.92,1623.9,60,1629.6,90,664980
2026-04-10T10:33:24.094,NF,BANKNIFTY28APR2655000CE,1623.2,1555.55,1704.15,1241.7,1182.6,752370,1518.92,1623.2,30,1629.1,90,664980
2026-04-10T10:33:26.687,NF,BANKNIFTY28APR2655000CE,1623.75,1555.55,1704.15,1241.7,1182.6,752430,1518.93,1624.15,150,1629.6,120,664980
2026-04-10T10:33:27.896,NF,BANKNIFTY28APR2655000CE,1624.1,1555.55,1704.15,1241.7,1182.6,752580,1518.95,1625.5,30,1631.1,210,664980
2026-04-10T10:33:34.104,NF,BANKNIFTY28APR2655000CE,1620.75,1555.55,1704.15,1241.7,1182.6,752640,1518.96,1620.8,120,1626.05,300,664980
2026-04-10T10:33:35.305,NF,BANKNIFTY28APR2655000CE,1623.85,1555.55,1704.15,1241.7,1182.6,752700,1518.97,1620.65,30,1623.85,210,664980
2026-04-10T10:33:36.512,NF,BANKNIFTY28APR2655000CE,1623.85,1555.55,1704.15,1241.7,1182.6,752790,1518.98,1620.0,150,1623.85,150,664980
2026-04-10T10:33:37.904,NF,BANKNIFTY28APR2655000CE,1623.85,1555.55,1704.15,1241.7,1182.6,752820,1518.99,1620.0,150,1623.1,120,664980
2026-04-10T10:33:39.118,NF,BANKNIFTY28APR2655000CE,1621.7,1555.55,1704.15,1241.7,1182.6,752910,1519.0,1620.0,150,1621.5,60,664980
2026-04-10T10:33:40.320,NF,BANKNIFTY28APR2655000CE,1621.0,1555.55,1704.15,1241.7,1182.6,752940,1519.0,1620.0,150,1621.35,120,664980
2026-04-10T10:33:42.755,NF,BANKNIFTY28APR2655000CE,1620.0,1555.55,1704.15,1241.7,1182.6,753090,1519.02,1619.0,60,1622.35,120,664980
2026-04-10T10:33:43.930,NF,BANKNIFTY28APR2655000CE,1618.75,1555.55,1704.15,1241.7,1182.6,753180,1519.03,1616.85,120,1621.8,150,664980
2026-04-10T10:33:45.315,NF,BANKNIFTY28APR2655000CE,1618.3,1555.55,1704.15,1241.7,1182.6,753360,1519.06,1618.4,90,1623.35,120,664980
2026-04-10T10:33:46.530,NF,BANKNIFTY28APR2655000CE,1615.3,1555.55,1704.15,1241.7,1182.6,753480,1519.07,1616.2,90,1622.5,120,664980
2026-04-10T10:33:47.724,NF,BANKNIFTY28APR2655000CE,1621.3,1555.55,1704.15,1241.7,1182.6,753510,1519.08,1616.4,90,1622.75,270,664980
2026-04-10T10:33:50.136,NF,BANKNIFTY28APR2655000CE,1615.75,1555.55,1704.15,1241.7,1182.6,753600,1519.09,1615.35,90,1620.9,90,664980
2026-04-10T10:33:55.130,NF,BANKNIFTY28APR2655000CE,1615.7,1555.55,1704.15,1241.7,1182.6,753660,1519.1,1611.0,60,1616.0,180,664980
2026-04-10T10:33:57.549,NF,BANKNIFTY28APR2655000CE,1608.75,1555.55,1704.15,1241.7,1182.6,753780,1519.11,1608.9,60,1614.1,120,664980
2026-04-10T10:34:00.149,NF,BANKNIFTY28APR2655000CE,1606.7,1555.55,1704.15,1241.7,1182.6,754620,1519.21,1606.7,150,1611.5,90,664980
2026-04-10T10:34:01.348,NF,BANKNIFTY28APR2655000CE,1606.7,1555.55,1704.15,1241.7,1182.6,754740,1519.23,1608.05,30,1611.35,210,664980
2026-04-10T10:34:02.750,NF,BANKNIFTY28APR2655000CE,1610.3,1555.55,1704.15,1241.7,1182.6,754920,1519.25,1610.3,270,1614.95,60,664980
2026-04-10T10:34:03.748,NF,BANKNIFTY28APR2655000CE,1609.4,1555.55,1704.15,1241.7,1182.6,755130,1519.27,1605.05,30,1609.45,150,664980
2026-04-10T10:34:04.953,NF,BANKNIFTY28APR2655000CE,1608.3,1555.55,1704.15,1241.7,1182.6,755670,1519.34,1605.0,30,1608.75,90,664980
2026-04-10T10:34:07.355,NF,BANKNIFTY28APR2655000CE,1615.0,1555.55,1704.15,1241.7,1182.6,755940,1519.37,1609.75,30,1614.35,120,664980
2026-04-10T10:34:08.567,NF,BANKNIFTY28APR2655000CE,1607.3,1555.55,1704.15,1241.7,1182.6,756210,1519.4,1607.85,30,1612.95,90,664980
2026-04-10T10:34:09.958,NF,BANKNIFTY28APR2655000CE,1612.0,1555.55,1704.15,1241.7,1182.6,756240,1519.4,1606.55,180,1611.6,150,664980
2026-04-10T10:34:11.156,NF,BANKNIFTY28APR2655000CE,1612.0,1555.55,1704.15,1241.7,1182.6,756330,1519.42,1608.8,120,1614.75,120,664980
2026-04-10T10:34:12.364,NF,BANKNIFTY28APR2655000CE,1612.8,1555.55,1704.15,1241.7,1182.6,756570,1519.45,1612.7,60,1619.2,210,664980
2026-04-10T10:34:13.565,NF,BANKNIFTY28APR2655000CE,1612.35,1555.55,1704.15,1241.7,1182.6,756900,1519.49,1609.8,120,1615.25,120,664980
2026-04-10T10:34:17.166,NF,BANKNIFTY28APR2655000CE,1617.9,1555.55,1704.15,1241.7,1182.6,756990,1519.5,1616.9,120,1622.9,90,664980
2026-04-10T10:34:18.386,NF,BANKNIFTY28APR2655000CE,1623.95,1555.55,1704.15,1241.7,1182.6,757950,1519.62,1616.4,150,1622.85,120,664980
2026-04-10T10:34:23.370,NF,BANKNIFTY28APR2655000CE,1621.05,1555.55,1704.15,1241.7,1182.6,757980,1519.63,1621.2,60,1626.45,90,664980
2026-04-10T10:34:24.580,NF,BANKNIFTY28APR2655000CE,1626.25,1555.55,1704.15,1241.7,1182.6,758010,1519.63,1619.5,120,1625.9,120,664980
2026-04-10T10:34:29.384,NF,BANKNIFTY28APR2655000CE,1628.05,1555.55,1704.15,1241.7,1182.6,758040,1519.64,1622.15,30,1628.7,60,665670
2026-04-10T10:34:33.188,NF,BANKNIFTY28APR2655000CE,1624.65,1555.55,1704.15,1241.7,1182.6,758070,1519.64,1624.8,90,1630.0,180,665670
2026-04-10T10:34:34.390,NF,BANKNIFTY28APR2655000CE,1630.0,1555.55,1704.15,1241.7,1182.6,758100,1519.65,1627.0,90,1633.25,150,665670
2026-04-10T10:34:35.593,NF,BANKNIFTY28APR2655000CE,1633.7,1555.55,1704.15,1241.7,1182.6,758190,1519.66,1624.9,60,1631.15,120,665670
2026-04-10T10:34:36.794,NF,BANKNIFTY28APR2655000CE,1630.0,1555.55,1704.15,1241.7,1182.6,758220,1519.66,1626.2,90,1633.3,60,665670
2026-04-10T10:34:37.995,NF,BANKNIFTY28APR2655000CE,1628.05,1555.55,1704.15,1241.7,1182.6,758310,1519.68,1622.2,120,1629.0,60,665670
2026-04-10T10:34:43.003,NF,BANKNIFTY28APR2655000CE,1633.3,1555.55,1704.15,1241.7,1182.6,758340,1519.68,1625.25,150,1631.8,150,665670
2026-04-10T10:34:44.206,NF,BANKNIFTY28APR2655000CE,1629.45,1555.55,1704.15,1241.7,1182.6,758370,1519.68,1624.1,150,1630.45,210,665670
2026-04-10T10:34:52.417,NF,BANKNIFTY28APR2655000CE,1632.0,1555.55,1704.15,1241.7,1182.6,758400,1519.69,1627.1,90,1633.4,120,665670
2026-04-10T10:34:58.432,NF,BANKNIFTY28APR2655000CE,1629.35,1555.55,1704.15,1241.7,1182.6,758430,1519.69,1630.35,90,1636.8,330,665670
2026-04-10T10:35:01.035,NF,BANKNIFTY28APR2655000CE,1639.9,1555.55,1704.15,1241.7,1182.6,758460,1519.7,1634.45,60,1639.9,60,665670
2026-04-10T10:35:02.252,NF,BANKNIFTY28APR2655000CE,1639.25,1555.55,1704.15,1241.7,1182.6,758490,1519.7,1632.9,60,1639.85,90,665670
2026-04-10T10:35:03.435,NF,BANKNIFTY28APR2655000CE,1639.9,1555.55,1704.15,1241.7,1182.6,758550,1519.71,1635.8,60,1643.05,120,665670
2026-04-10T10:35:04.641,NF,BANKNIFTY28APR2655000CE,1644.95,1555.55,1704.15,1241.7,1182.6,758640,1519.73,1638.4,120,1644.8,180,665670
2026-04-10T10:35:07.043,NF,BANKNIFTY28APR2655000CE,1645.0,1555.55,1704.15,1241.7,1182.6,758670,1519.73,1639.15,120,1645.75,60,665670
2026-04-10T10:35:08.443,NF,BANKNIFTY28APR2655000CE,1646.85,1555.55,1704.15,1241.7,1182.6,758730,1519.74,1642.05,150,1648.7,180,665670
2026-04-10T10:35:09.647,NF,BANKNIFTY28APR2655000CE,1646.7,1555.55,1704.15,1241.7,1182.6,758760,1519.75,1640.4,90,1646.65,180,665670
2026-04-10T10:35:10.847,NF,BANKNIFTY28APR2655000CE,1640.2,1555.55,1704.15,1241.7,1182.6,759150,1519.81,1640.75,120,1647.35,30,665670
2026-04-10T10:35:12.051,NF,BANKNIFTY28APR2655000CE,1646.9,1555.55,1704.15,1241.7,1182.6,759180,1519.82,1641.35,120,1649.5,30,665670
2026-04-10T10:35:14.651,NF,BANKNIFTY28APR2655000CE,1648.1,1555.55,1704.15,1241.7,1182.6,759390,1519.85,1642.2,60,1648.75,120,665670
2026-04-10T10:35:15.864,NF,BANKNIFTY28APR2655000CE,1642.0,1555.55,1704.15,1241.7,1182.6,759420,1519.86,1643.55,360,1649.7,660,665670
2026-04-10T10:35:17.059,NF,BANKNIFTY28APR2655000CE,1649.95,1555.55,1704.15,1241.7,1182.6,759450,1519.86,1645.25,120,1650.0,120,665670
2026-04-10T10:35:18.265,NF,BANKNIFTY28APR2655000CE,1650.0,1555.55,1704.15,1241.7,1182.6,759570,1519.88,1645.65,120,1652.1,90,665670
2026-04-10T10:35:22.071,NF,BANKNIFTY28APR2655000CE,1653.05,1555.55,1704.15,1241.7,1182.6,759660,1519.9,1644.7,120,1651.35,30,665670
2026-04-10T10:35:23.267,NF,BANKNIFTY28APR2655000CE,1651.05,1555.55,1704.15,1241.7,1182.6,759690,1519.9,1645.8,90,1652.6,120,665670
2026-04-10T10:35:24.471,NF,BANKNIFTY28APR2655000CE,1644.75,1555.55,1704.15,1241.7,1182.6,759750,1519.91,1644.85,150,1650.0,30,665670
2026-04-10T10:35:31.881,NF,BANKNIFTY28APR2655000CE,1646.65,1555.55,1704.15,1241.7,1182.6,759780,1519.92,1639.8,150,1645.95,60,665670
2026-04-10T10:35:33.093,NF,BANKNIFTY28APR2655000CE,1648.5,1555.55,1704.15,1241.7,1182.6,759870,1519.93,1642.0,60,1648.1,60,665670
2026-04-10T10:35:34.284,NF,BANKNIFTY28APR2655000CE,1648.2,1555.55,1704.15,1241.7,1182.6,759900,1519.94,1641.45,120,1647.15,90,665670
2026-04-10T10:35:36.694,NF,BANKNIFTY28APR2655000CE,1648.0,1555.55,1704.15,1241.7,1182.6,759930,1519.94,1643.7,90,1649.95,90,665670
2026-04-10T10:35:39.090,NF,BANKNIFTY28APR2655000CE,1649.05,1555.55,1704.15,1241.7,1182.6,759990,1519.95,1643.0,60,1649.2,210,665670
2026-04-10T10:35:40.101,NF,BANKNIFTY28APR2655000CE,1648.25,1555.55,1704.15,1241.7,1182.6,760080,1519.97,1643.2,150,1649.1,120,665670
2026-04-10T10:35:43.903,NF,BANKNIFTY28APR2655000CE,1641.15,1555.55,1704.15,1241.7,1182.6,760200,1519.99,1637.25,90,1643.5,60,665670
2026-04-10T10:35:45.103,NF,BANKNIFTY28APR2655000CE,1643.15,1555.55,1704.15,1241.7,1182.6,760230,1519.99,1639.5,120,1644.9,60,665670
2026-04-10T10:35:46.306,NF,BANKNIFTY28APR2655000CE,1644.9,1555.55,1704.15,1241.7,1182.6,760260,1520.0,1639.55,120,1645.55,60,665670
2026-04-10T10:35:48.708,NF,BANKNIFTY28APR2655000CE,1643.15,1555.55,1704.15,1241.7,1182.6,760290,1520.0,1639.55,120,1645.95,120,665670
2026-04-10T10:35:54.917,NF,BANKNIFTY28APR2655000CE,1640.0,1555.55,1704.15,1241.7,1182.6,760320,1520.01,1634.25,60,1640.45,60,665670
2026-04-10T10:36:07.338,NF,BANKNIFTY28APR2655000CE,1641.15,1555.55,1704.15,1241.7,1182.6,760380,1520.02,1637.3,90,1643.25,60,665670
2026-04-10T10:36:08.541,NF,BANKNIFTY28APR2655000CE,1637.0,1555.55,1704.15,1241.7,1182.6,760410,1520.02,1637.4,90,1642.8,90,665670
2026-04-10T10:36:09.742,NF,BANKNIFTY28APR2655000CE,1642.5,1555.55,1704.15,1241.7,1182.6,760710,1520.07,1637.1,120,1643.5,30,665670
2026-04-10T10:36:10.944,NF,BANKNIFTY28APR2655000CE,1640.0,1555.55,1704.15,1241.7,1182.6,760740,1520.08,1637.45,90,1643.4,210,665670
2026-04-10T10:36:12.342,NF,BANKNIFTY28APR2655000CE,1643.35,1555.55,1704.15,1241.7,1182.6,760770,1520.08,1636.9,120,1643.35,150,665670
2026-04-10T10:36:18.359,NF,BANKNIFTY28APR2655000CE,1643.7,1555.55,1704.15,1241.7,1182.6,760800,1520.08,1640.0,30,1645.1,210,665670
2026-04-10T10:36:20.953,NF,BANKNIFTY28APR2655000CE,1643.0,1555.55,1704.15,1241.7,1182.6,760830,1520.09,1640.0,30,1642.1,780,665670
2026-04-10T10:36:23.358,NF,BANKNIFTY28APR2655000CE,1643.35,1555.55,1704.15,1241.7,1182.6,760860,1520.09,1640.0,30,1645.35,750,665670
2026-04-10T10:36:37.778,NF,BANKNIFTY28APR2655000CE,1645.0,1555.55,1704.15,1241.7,1182.6,760890,1520.1,1640.05,90,1645.0,180,665670
2026-04-10T10:36:38.988,NF,BANKNIFTY28APR2655000CE,1648.0,1555.55,1704.15,1241.7,1182.6,760980,1520.11,1644.1,60,1650.55,60,665670
2026-04-10T10:36:45.194,NF,BANKNIFTY28APR2655000CE,1655.0,1555.55,1704.15,1241.7,1182.6,761010,1520.12,1653.45,120,1659.45,150,665670
2026-04-10T10:36:47.790,NF,BANKNIFTY28APR2655000CE,1655.4,1555.55,1704.15,1241.7,1182.6,761370,1520.18,1650.85,90,1656.35,150,665670
2026-04-10T10:36:48.997,NF,BANKNIFTY28APR2655000CE,1656.15,1555.55,1704.15,1241.7,1182.6,761400,1520.19,1650.85,180,1655.9,90,665670
2026-04-10T10:36:50.196,NF,BANKNIFTY28APR2655000CE,1650.85,1555.55,1704.15,1241.7,1182.6,761430,1520.19,1648.75,120,1654.65,150,665670
2026-04-10T10:36:54.201,NF,BANKNIFTY28APR2655000CE,1655.15,1555.55,1704.15,1241.7,1182.6,761460,1520.2,1649.5,90,1655.0,90,665670
2026-04-10T10:36:55.414,NF,BANKNIFTY28APR2655000CE,1653.15,1555.55,1704.15,1241.7,1182.6,761640,1520.23,1646.85,210,1653.5,150,665670
2026-04-10T10:36:56.617,NF,BANKNIFTY28APR2655000CE,1651.05,1555.55,1704.15,1241.7,1182.6,761670,1520.24,1642.85,60,1648.8,120,665670
2026-04-10T10:36:58.006,NF,BANKNIFTY28APR2655000CE,1648.65,1555.55,1704.15,1241.7,1182.6,761700,1520.24,1641.4,120,1647.85,30,665670
2026-04-10T10:37:00.418,NF,BANKNIFTY28APR2655000CE,1647.85,1555.55,1704.15,1241.7,1182.6,761760,1520.25,1644.2,90,1650.1,60,665670
2026-04-10T10:37:06.628,NF,BANKNIFTY28APR2655000CE,1640.9,1555.55,1704.15,1241.7,1182.6,761820,1520.26,1641.35,210,1646.9,90,665670
2026-04-10T10:37:17.855,NF,BANKNIFTY28APR2655000CE,1644.75,1555.55,1704.15,1241.7,1182.6,761850,1520.27,1639.5,90,1645.15,90,665670
2026-04-10T10:37:22.851,NF,BANKNIFTY28APR2655000CE,1640.85,1555.55,1704.15,1241.7,1182.6,762180,1520.32,1638.5,120,1644.6,90,665670
2026-04-10T10:37:27.858,NF,BANKNIFTY28APR2655000CE,1630.8,1555.55,1704.15,1241.7,1182.6,762300,1520.34,1631.3,150,1636.65,150,665850
2026-04-10T10:37:29.269,NF,BANKNIFTY28APR2655000CE,1636.65,1555.55,1704.15,1241.7,1182.6,762360,1520.34,1631.0,120,1637.0,90,665850
2026-04-10T10:37:31.664,NF,BANKNIFTY28APR2655000CE,1634.85,1555.55,1704.15,1241.7,1182.6,762390,1520.35,1637.7,90,1643.9,210,665850
2026-04-10T10:37:32.866,NF,BANKNIFTY28APR2655000CE,1637.95,1555.55,1704.15,1241.7,1182.6,762450,1520.36,1638.0,150,1643.9,90,665850
2026-04-10T10:37:35.468,NF,BANKNIFTY28APR2655000CE,1639.6,1555.55,1704.15,1241.7,1182.6,762480,1520.36,1634.4,60,1640.3,60,665850
2026-04-10T10:37:40.474,NF,BANKNIFTY28APR2655000CE,1638.7,1555.55,1704.15,1241.7,1182.6,762510,1520.37,1632.7,150,1638.85,90,665850
2026-04-10T10:37:41.689,NF,BANKNIFTY28APR2655000CE,1638.9,1555.55,1704.15,1241.7,1182.6,762540,1520.37,1632.55,120,1639.05,30,665850
2026-04-10T10:37:49.292,NF,BANKNIFTY28APR2655000CE,1636.15,1555.55,1704.15,1241.7,1182.6,762570,1520.38,1630.2,150,1636.3,90,665850
2026-04-10T10:37:54.296,NF,BANKNIFTY28APR2655000CE,1636.75,1555.55,1704.15,1241.7,1182.6,762600,1520.38,1630.3,120,1636.45,30,665850
2026-04-10T10:37:55.499,NF,BANKNIFTY28APR2655000CE,1637.1,1555.55,1704.15,1241.7,1182.6,762630,1520.39,1630.8,150,1637.2,120,665850
2026-04-10T10:37:58.102,NF,BANKNIFTY28APR2655000CE,1637.45,1555.55,1704.15,1241.7,1182.6,762660,1520.39,1633.05,150,1639.4,60,665850
2026-04-10T10:37:59.303,NF,BANKNIFTY28APR2655000CE,1636.15,1555.55,1704.15,1241.7,1182.6,762690,1520.4,1633.2,150,1638.75,150,665850
2026-04-10T10:38:04.319,NF,BANKNIFTY28APR2655000CE,1633.45,1555.55,1704.15,1241.7,1182.6,762810,1520.41,1632.35,60,1638.15,60,665850
2026-04-10T10:38:05.516,NF,BANKNIFTY28APR2655000CE,1638.1,1555.55,1704.15,1241.7,1182.6,762840,1520.42,1631.4,30,1636.45,150,665850
2026-04-10T10:38:06.715,NF,BANKNIFTY28APR2655000CE,1633.45,1555.55,1704.15,1241.7,1182.6,762870,1520.42,1630.0,30,1634.35,150,665850
2026-04-10T10:38:09.324,NF,BANKNIFTY28APR2655000CE,1630.0,1555.55,1704.15,1241.7,1182.6,762900,1520.43,1627.0,30,1632.15,150,665850
2026-04-10T10:38:12.924,NF,BANKNIFTY28APR2655000CE,1629.65,1555.55,1704.15,1241.7,1182.6,762930,1520.43,1625.05,30,1630.25,120,665850
2026-04-10T10:38:16.728,NF,BANKNIFTY28APR2655000CE,1630.45,1555.55,1704.15,1241.7,1182.6,762960,1520.43,1625.55,60,1631.45,180,665850
2026-04-10T10:38:20.533,NF,BANKNIFTY28APR2655000CE,1629.8,1555.55,1704.15,1241.7,1182.6,763020,1520.44,1625.0,180,1630.85,90,665850
2026-04-10T10:38:26.747,NF,BANKNIFTY28APR2655000CE,1629.65,1555.55,1704.15,1241.7,1182.6,763050,1520.45,1625.0,30,1628.65,60,665850
2026-04-10T10:38:32.955,NF,BANKNIFTY28APR2655000CE,1629.35,1555.55,1704.15,1241.7,1182.6,763080,1520.45,1625.0,60,1629.4,60,665850
2026-04-10T10:38:37.966,NF,BANKNIFTY28APR2655000CE,1632.25,1555.55,1704.15,1241.7,1182.6,763170,1520.46,1626.05,30,1632.25,150,665850
2026-04-10T10:38:39.168,NF,BANKNIFTY28APR2655000CE,1626.75,1555.55,1704.15,1241.7,1182.6,763230,1520.47,1626.05,60,1631.85,150,665850
2026-04-10T10:38:41.574,NF,BANKNIFTY28APR2655000CE,1632.9,1555.55,1704.15,1241.7,1182.6,763260,1520.48,1627.15,90,1633.0,30,665850
2026-04-10T10:38:45.391,NF,BANKNIFTY28APR2655000CE,1636.0,1555.55,1704.15,1241.7,1182.6,763410,1520.5,1629.8,60,1635.9,150,665850
2026-04-10T10:38:46.581,NF,BANKNIFTY28APR2655000CE,1636.6,1555.55,1704.15,1241.7,1182.6,763470,1520.51,1631.0,30,1637.3,120,665850
2026-04-10T10:38:53.991,NF,BANKNIFTY28APR2655000CE,1633.45,1555.55,1704.15,1241.7,1182.6,763500,1520.51,1625.4,180,1630.85,150,665850
2026-04-10T10:39:01.402,NF,BANKNIFTY28APR2655000CE,1628.15,1555.55,1704.15,1241.7,1182.6,763620,1520.53,1622.0,120,1627.55,90,665850
2026-04-10T10:39:06.410,NF,BANKNIFTY28APR2655000CE,1628.15,1555.55,1704.15,1241.7,1182.6,763650,1520.53,1624.8,60,1630.95,120,665850
2026-04-10T10:39:07.612,NF,BANKNIFTY28APR2655000CE,1630.8,1555.55,1704.15,1241.7,1182.6,763710,1520.54,1624.9,60,1631.1,150,665850
2026-04-10T10:39:08.818,NF,BANKNIFTY28APR2655000CE,1624.75,1555.55,1704.15,1241.7,1182.6,763740,1520.55,1624.65,60,1630.65,90,665850
2026-04-10T10:39:11.215,NF,BANKNIFTY28APR2655000CE,1629.45,1555.55,1704.15,1241.7,1182.6,763770,1520.55,1624.65,60,1630.4,150,665850
2026-04-10T10:39:13.820,NF,BANKNIFTY28APR2655000CE,1624.4,1555.55,1704.15,1241.7,1182.6,764160,1520.6,1624.0,210,1630.15,90,665850
2026-04-10T10:39:16.248,NF,BANKNIFTY28APR2655000CE,1622.0,1555.55,1704.15,1241.7,1182.6,764460,1520.65,1620.0,540,1621.85,120,665850
2026-04-10T10:39:17.421,NF,BANKNIFTY28APR2655000CE,1620.85,1555.55,1704.15,1241.7,1182.6,765270,1520.75,1614.75,210,1620.6,120,665850
2026-04-10T10:39:18.627,NF,BANKNIFTY28APR2655000CE,1620.4,1555.55,1704.15,1241.7,1182.6,765300,1520.75,1615.4,60,1620.85,120,665850
2026-04-10T10:39:23.643,NF,BANKNIFTY28APR2655000CE,1615.15,1555.55,1704.15,1241.7,1182.6,765330,1520.76,1615.2,450,1619.45,60,665850
2026-04-10T10:39:26.233,NF,BANKNIFTY28APR2655000CE,1622.85,1555.55,1704.15,1241.7,1182.6,765360,1520.76,1615.45,60,1620.1,120,665850
2026-04-10T10:39:27.436,NF,BANKNIFTY28APR2655000CE,1618.75,1555.55,1704.15,1241.7,1182.6,765450,1520.77,1611.55,60,1617.25,90,665850
2026-04-10T10:39:29.842,NF,BANKNIFTY28APR2655000CE,1615.8,1555.55,1704.15,1241.7,1182.6,765780,1520.81,1610.7,30,1615.8,90,665850
2026-04-10T10:39:31.242,NF,BANKNIFTY28APR2655000CE,1616.05,1555.55,1704.15,1241.7,1182.6,765810,1520.82,1610.5,60,1615.9,60,665850
2026-04-10T10:39:33.651,NF,BANKNIFTY28APR2655000CE,1616.4,1555.55,1704.15,1241.7,1182.6,765840,1520.82,1614.7,120,1620.25,60,665850
2026-04-10T10:39:41.257,NF,BANKNIFTY28APR2655000CE,1615.9,1555.55,1704.15,1241.7,1182.6,765900,1520.83,1617.45,90,1622.65,630,665850
2026-04-10T10:39:42.466,NF,BANKNIFTY28APR2655000CE,1620.0,1555.55,1704.15,1241.7,1182.6,766020,1520.84,1620.1,60,1625.55,120,665850
2026-04-10T10:39:46.264,NF,BANKNIFTY28APR2655000CE,1626.0,1555.55,1704.15,1241.7,1182.6,766050,1520.85,1621.3,60,1627.35,60,665850
2026-04-10T10:39:49.878,NF,BANKNIFTY28APR2655000CE,1627.1,1555.55,1704.15,1241.7,1182.6,766080,1520.85,1623.7,210,1630.0,750,665850
2026-04-10T10:39:51.074,NF,BANKNIFTY28APR2655000CE,1624.75,1555.55,1704.15,1241.7,1182.6,766110,1520.86,1625.0,30,1630.0,210,665850
2026-04-10T10:39:53.478,NF,BANKNIFTY28APR2655000CE,1622.85,1555.55,1704.15,1241.7,1182.6,766170,1520.86,1618.05,60,1623.8,120,665850
2026-04-10T10:39:54.878,NF,BANKNIFTY28APR2655000CE,1622.7,1555.55,1704.15,1241.7,1182.6,766230,1520.87,1617.45,180,1623.75,120,665850
2026-04-10T10:40:06.095,NF,BANKNIFTY28APR2655000CE,1629.95,1555.55,1704.15,1241.7,1182.6,766260,1520.88,1625.55,150,1629.95,60,665850
2026-04-10T10:40:07.306,NF,BANKNIFTY28APR2655000CE,1630.0,1555.55,1704.15,1241.7,1182.6,766410,1520.9,1628.35,60,1634.75,30,665850
2026-04-10T10:40:08.505,NF,BANKNIFTY28APR2655000CE,1629.45,1555.55,1704.15,1241.7,1182.6,766440,1520.9,1628.95,150,1634.8,60,665850
2026-04-10T10:40:13.507,NF,BANKNIFTY28APR2655000CE,1629.6,1555.55,1704.15,1241.7,1182.6,766470,1520.91,1622.35,150,1628.35,90,665850
2026-04-10T10:40:17.113,NF,BANKNIFTY28APR2655000CE,1630.0,1555.55,1704.15,1241.7,1182.6,766500,1520.91,1628.65,30,1632.05,150,665850
2026-04-10T10:40:32.133,NF,BANKNIFTY28APR2655000CE,1633.0,1555.55,1704.15,1241.7,1182.6,766620,1520.93,1633.8,90,1638.9,90,666210
2026-04-10T10:40:33.337,NF,BANKNIFTY28APR2655000CE,1639.9,1555.55,1704.15,1241.7,1182.6,766650,1520.93,1636.8,90,1639.9,30,666210
2026-04-10T10:40:34.550,NF,BANKNIFTY28APR2655000CE,1639.0,1555.55,1704.15,1241.7,1182.6,766710,1520.94,1637.7,120,1642.85,60,666210
2026-04-10T10:40:39.548,NF,BANKNIFTY28APR2655000CE,1637.7,1555.55,1704.15,1241.7,1182.6,766740,1520.95,1637.95,120,1643.45,150,666210
2026-04-10T10:40:40.748,NF,BANKNIFTY28APR2655000CE,1643.5,1555.55,1704.15,1241.7,1182.6,766770,1520.95,1639.1,60,1645.95,180,666210
2026-04-10T10:40:45.751,NF,BANKNIFTY28APR2655000CE,1641.25,1555.55,1704.15,1241.7,1182.6,766830,1520.96,1641.0,60,1646.55,90,666210
2026-04-10T10:40:48.158,NF,BANKNIFTY28APR2655000CE,1645.0,1555.55,1704.15,1241.7,1182.6,766950,1520.98,1641.45,150,1647.65,120,666210
2026-04-10T10:40:51.961,NF,BANKNIFTY28APR2655000CE,1645.85,1555.55,1704.15,1241.7,1182.6,767040,1521.0,1640.85,120,1645.85,660,666210
2026-04-10T10:40:56.967,NF,BANKNIFTY28APR2655000CE,1642.2,1555.55,1704.15,1241.7,1182.6,767070,1521.0,1636.6,180,1642.9,90,666210
2026-04-10T10:41:00.572,NF,BANKNIFTY28APR2655000CE,1642.2,1555.55,1704.15,1241.7,1182.6,767100,1521.0,1640.05,90,1645.85,120,666210
2026-04-10T10:41:01.978,NF,BANKNIFTY28APR2655000CE,1646.85,1555.55,1704.15,1241.7,1182.6,767130,1521.01,1641.6,30,1648.5,60,666210
2026-04-10T10:41:04.379,NF,BANKNIFTY28APR2655000CE,1649.0,1555.55,1704.15,1241.7,1182.6,767160,1521.01,1643.7,120,1648.7,630,666210
2026-04-10T10:41:05.582,NF,BANKNIFTY28APR2655000CE,1642.95,1555.55,1704.15,1241.7,1182.6,767190,1521.02,1642.1,120,1647.85,30,666210
2026-04-10T10:41:07.985,NF,BANKNIFTY28APR2655000CE,1647.25,1555.55,1704.15,1241.7,1182.6,767220,1521.02,1641.6,120,1647.65,60,666210
2026-04-10T10:41:10.597,NF,BANKNIFTY28APR2655000CE,1642.0,1555.55,1704.15,1241.7,1182.6,767550,1521.08,1642.0,660,1643.8,390,666210
2026-04-10T10:41:11.789,NF,BANKNIFTY28APR2655000CE,1642.0,1555.55,1704.15,1241.7,1182.6,768210,1521.18,1637.3,390,1641.95,90,666210
2026-04-10T10:41:18.000,NF,BANKNIFTY28APR2655000CE,1644.45,1555.55,1704.15,1241.7,1182.6,768240,1521.19,1639.95,510,1644.95,90,666210
2026-04-10T10:41:20.403,NF,BANKNIFTY28APR2655000CE,1643.05,1555.55,1704.15,1241.7,1182.6,768270,1521.19,1639.95,360,1643.5,60,666210
2026-04-10T10:41:24.207,NF,BANKNIFTY28APR2655000CE,1640.0,1555.55,1704.15,1241.7,1182.6,768330,1521.2,1640.0,300,1642.05,30,666210
2026-04-10T10:41:28.020,NF,BANKNIFTY28APR2655000CE,1640.2,1555.55,1704.15,1241.7,1182.6,768630,1521.25,1633.0,900,1637.0,150,666210
2026-04-10T10:41:31.625,NF,BANKNIFTY28APR2655000CE,1633.85,1555.55,1704.15,1241.7,1182.6,768660,1521.25,1633.0,900,1636.7,90,666210
2026-04-10T10:41:33.018,NF,BANKNIFTY28APR2655000CE,1638.5,1555.55,1704.15,1241.7,1182.6,768690,1521.25,1633.4,120,1638.35,60,666210
2026-04-10T10:41:36.624,NF,BANKNIFTY28APR2655000CE,1633.0,1555.55,1704.15,1241.7,1182.6,769710,1521.4,1628.65,60,1631.95,60,666210
2026-04-10T10:41:37.828,NF,BANKNIFTY28APR2655000CE,1632.65,1555.55,1704.15,1241.7,1182.6,769740,1521.41,1628.85,120,1632.95,90,666210
2026-04-10T10:41:40.429,NF,BANKNIFTY28APR2655000CE,1632.75,1555.55,1704.15,1241.7,1182.6,769770,1521.41,1628.65,30,1632.45,120,666210
2026-04-10T10:41:41.631,NF,BANKNIFTY28APR2655000CE,1628.65,1555.55,1704.15,1241.7,1182.6,769830,1521.42,1626.0,60,1628.95,60,666210
2026-04-10T10:41:42.842,NF,BANKNIFTY28APR2655000CE,1626.0,1555.55,1704.15,1241.7,1182.6,769890,1521.43,1624.0,900,1625.75,60,666210
2026-04-10T10:41:44.036,NF,BANKNIFTY28APR2655000CE,1625.5,1555.55,1704.15,1241.7,1182.6,771180,1521.6,1622.0,30,1626.9,150,666210
2026-04-10T10:41:45.435,NF,BANKNIFTY28APR2655000CE,1625.8,1555.55,1704.15,1241.7,1182.6,771360,1521.62,1622.15,60,1625.95,60,666210
2026-04-10T10:41:46.637,NF,BANKNIFTY28APR2655000CE,1626.9,1555.55,1704.15,1241.7,1182.6,771600,1521.66,1622.0,30,1626.9,120,666210
2026-04-10T10:41:47.841,NF,BANKNIFTY28APR2655000CE,1626.45,1555.55,1704.15,1241.7,1182.6,771750,1521.68,1625.3,60,1630.2,60,666210
2026-04-10T10:41:50.442,NF,BANKNIFTY28APR2655000CE,1633.45,1555.55,1704.15,1241.7,1182.6,771780,1521.68,1627.0,120,1632.5,180,666210
2026-04-10T10:41:51.844,NF,BANKNIFTY28APR2655000CE,1632.25,1555.55,1704.15,1241.7,1182.6,771960,1521.71,1627.3,90,1632.45,60,666210
2026-04-10T10:41:53.069,NF,BANKNIFTY28APR2655000CE,1632.7,1555.55,1704.15,1241.7,1182.6,771990,1521.71,1627.5,30,1632.6,180,666210
2026-04-10T10:41:55.452,NF,BANKNIFTY28APR2655000CE,1634.4,1555.55,1704.15,1241.7,1182.6,772020,1521.72,1629.15,60,1634.7,30,666210
2026-04-10T10:41:56.852,NF,BANKNIFTY28APR2655000CE,1628.0,1555.55,1704.15,1241.7,1182.6,772380,1521.77,1627.9,480,1633.25,60,666210
2026-04-10T10:42:00.459,NF,BANKNIFTY28APR2655000CE,1626.25,1555.55,1704.15,1241.7,1182.6,772410,1521.77,1627.85,60,1633.65,180,666210
2026-04-10T10:42:11.875,NF,BANKNIFTY28APR2655000CE,1638.15,1555.55,1704.15,1241.7,1182.6,772440,1521.77,1632.15,90,1638.1,120,666210
2026-04-10T10:42:19.288,NF,BANKNIFTY28APR2655000CE,1638.15,1555.55,1704.15,1241.7,1182.6,772560,1521.79,1631.8,120,1638.2,120,666210
2026-04-10T10:42:20.487,NF,BANKNIFTY28APR2655000CE,1638.3,1555.55,1704.15,1241.7,1182.6,772590,1521.8,1632.5,90,1638.05,120,666210
2026-04-10T10:42:21.886,NF,BANKNIFTY28APR2655000CE,1636.4,1555.55,1704.15,1241.7,1182.6,772620,1521.8,1627.7,30,1633.4,120,666210
2026-04-10T10:42:25.505,NF,BANKNIFTY28APR2655000CE,1626.75,1555.55,1704.15,1241.7,1182.6,772920,1521.84,1627.35,90,1632.85,120,666210
2026-04-10T10:42:30.506,NF,BANKNIFTY28APR2655000CE,1629.25,1555.55,1704.15,1241.7,1182.6,772980,1521.85,1629.9,120,1635.5,150,666210
2026-04-10T10:42:35.515,NF,BANKNIFTY28APR2655000CE,1630.15,1555.55,1704.15,1241.7,1182.6,773040,1521.86,1630.25,330,1635.05,120,666210
2026-04-10T10:42:40.534,NF,BANKNIFTY28APR2655000CE,1635.5,1555.55,1704.15,1241.7,1182.6,773130,1521.87,1629.8,150,1636.0,120,666210
2026-04-10T10:42:41.731,NF,BANKNIFTY28APR2655000CE,1635.85,1555.55,1704.15,1241.7,1182.6,773160,1521.88,1634.0,120,1640.15,150,666210
2026-04-10T10:42:42.927,NF,BANKNIFTY28APR2655000CE,1641.3,1555.55,1704.15,1241.7,1182.6,773190,1521.88,1636.35,30,1642.75,120,666210
2026-04-10T10:42:52.733,NF,BANKNIFTY28APR2655000CE,1635.5,1555.55,1704.15,1241.7,1182.6,773340,1521.9,1635.55,30,1641.15,120,666210
2026-04-10T10:42:53.935,NF,BANKNIFTY28APR2655000CE,1635.5,1555.55,1704.15,1241.7,1182.6,773490,1521.93,1635.3,30,1641.2,180,666210
2026-04-10T10:42:56.343,NF,BANKNIFTY28APR2655000CE,1640.05,1555.55,1704.15,1241.7,1182.6,773520,1521.93,1634.4,60,1640.6,150,666210
2026-04-10T10:42:57.541,NF,BANKNIFTY28APR2655000CE,1634.5,1555.55,1704.15,1241.7,1182.6,773550,1521.93,1634.4,30,1640.1,120,666210
2026-04-10T10:42:59.945,NF,BANKNIFTY28APR2655000CE,1639.75,1555.55,1704.15,1241.7,1182.6,773580,1521.94,1634.6,30,1639.85,270,666210
2026-04-10T10:43:02.354,NF,BANKNIFTY28APR2655000CE,1635.9,1555.55,1704.15,1241.7,1182.6,773640,1521.95,1636.2,60,1642.25,780,666210
2026-04-10T10:43:04.951,NF,BANKNIFTY28APR2655000CE,1642.0,1555.55,1704.15,1241.7,1182.6,773670,1521.95,1635.9,90,1641.75,150,666210
2026-04-10T10:43:10.960,NF,BANKNIFTY28APR2655000CE,1639.6,1555.55,1704.15,1241.7,1182.6,774060,1522.01,1635.0,60,1641.25,240,666210
2026-04-10T10:43:15.769,NF,BANKNIFTY28APR2655000CE,1640.0,1555.55,1704.15,1241.7,1182.6,774090,1522.02,1634.65,60,1641.95,30,666210
2026-04-10T10:43:21.779,NF,BANKNIFTY28APR2655000CE,1639.55,1555.55,1704.15,1241.7,1182.6,774120,1522.02,1634.55,90,1640.15,120,666210
2026-04-10T10:43:22.980,NF,BANKNIFTY28APR2655000CE,1634.55,1555.55,1704.15,1241.7,1182.6,774150,1522.02,1634.6,330,1639.6,120,666210
2026-04-10T10:43:26.587,NF,BANKNIFTY28APR2655000CE,1633.0,1555.55,1704.15,1241.7,1182.6,774180,1522.03,1633.0,870,1636.15,90,666210
2026-04-10T10:43:41.216,NF,BANKNIFTY28APR2655000CE,1637.2,1555.55,1704.15,1241.7,1182.6,774210,1522.03,1633.0,870,1637.6,60,665580
2026-04-10T10:43:44.813,NF,BANKNIFTY28APR2655000CE,1633.0,1555.55,1704.15,1241.7,1182.6,775110,1522.16,1628.4,150,1633.95,30,665580
2026-04-10T10:43:48.436,NF,BANKNIFTY28APR2655000CE,1628.0,1555.55,1704.15,1241.7,1182.6,775200,1522.18,1628.0,120,1633.4,90,665580
2026-04-10T10:43:51.023,NF,BANKNIFTY28APR2655000CE,1631.4,1555.55,1704.15,1241.7,1182.6,775230,1522.18,1626.7,210,1631.55,60,665580
2026-04-10T10:43:59.640,NF,BANKNIFTY28APR2655000CE,1628.6,1555.55,1704.15,1241.7,1182.6,775260,1522.18,1626.0,30,1628.95,60,665580
2026-04-10T10:44:00.838,NF,BANKNIFTY28APR2655000CE,1625.0,1555.55,1704.15,1241.7,1182.6,775770,1522.25,1624.0,30,1629.55,90,665580
2026-04-10T10:44:16.866,NF,BANKNIFTY28APR2655000CE,1626.2,1555.55,1704.15,1241.7,1182.6,775920,1522.27,1619.9,150,1625.25,30,665580
2026-04-10T10:44:18.069,NF,BANKNIFTY28APR2655000CE,1625.9,1555.55,1704.15,1241.7,1182.6,775950,1522.27,1624.0,900,1626.2,30,665580
2026-04-10T10:44:25.479,NF,BANKNIFTY28APR2655000CE,1624.7,1555.55,1704.15,1241.7,1182.6,775980,1522.28,1624.0,960,1629.65,90,665580
2026-04-10T10:44:42.949,NF,BANKNIFTY28APR2655000CE,1625.05,1555.55,1704.15,1241.7,1182.6,776130,1522.3,1625.05,60,1630.5,30,665580
2026-04-10T10:44:47.918,NF,BANKNIFTY28APR2655000CE,1626.4,1555.55,1704.15,1241.7,1182.6,776160,1522.3,1626.55,30,1632.05,60,665580
2026-04-10T10:44:50.323,NF,BANKNIFTY28APR2655000CE,1631.8,1555.55,1704.15,1241.7,1182.6,776190,1522.31,1626.1,30,1631.15,150,665580
2026-04-10T10:44:57.929,NF,BANKNIFTY28APR2655000CE,1629.15,1555.55,1704.15,1241.7,1182.6,776220,1522.31,1624.05,180,1629.05,90,665580
2026-04-10T10:45:01.548,NF,BANKNIFTY28APR2655000CE,1624.0,1555.55,1704.15,1241.7,1182.6,777120,1522.43,1620.8,60,1626.15,30,665580
2026-04-10T10:45:04.158,NF,BANKNIFTY28APR2655000CE,1626.85,1555.55,1704.15,1241.7,1182.6,777150,1522.43,1621.55,180,1626.85,30,665580
2026-04-10T10:45:15.163,NF,BANKNIFTY28APR2655000CE,1625.0,1555.55,1704.15,1241.7,1182.6,777180,1522.44,1620.6,30,1624.65,60,665580
2026-04-10T10:45:22.773,NF,BANKNIFTY28APR2655000CE,1625.5,1555.55,1704.15,1241.7,1182.6,777240,1522.44,1620.6,60,1625.3,60,665580
2026-04-10T10:45:27.779,NF,BANKNIFTY28APR2655000CE,1626.0,1555.55,1704.15,1241.7,1182.6,777270,1522.45,1620.6,60,1626.15,60,665580
2026-04-10T10:45:30.186,NF,BANKNIFTY28APR2655000CE,1624.4,1555.55,1704.15,1241.7,1182.6,777330,1522.46,1620.6,30,1622.1,60,665580
2026-04-10T10:45:31.588,NF,BANKNIFTY28APR2655000CE,1617.6,1555.55,1704.15,1241.7,1182.6,777420,1522.47,1612.0,150,1617.0,60,665580
2026-04-10T10:45:33.990,NF,BANKNIFTY28APR2655000CE,1618.1,1555.55,1704.15,1241.7,1182.6,777480,1522.47,1612.2,90,1617.55,120,665580
2026-04-10T10:45:37.798,NF,BANKNIFTY28APR2655000CE,1612.0,1555.55,1704.15,1241.7,1182.6,777690,1522.5,1609.05,60,1613.95,30,665580
2026-04-10T10:45:39.006,NF,BANKNIFTY28APR2655000CE,1608.7,1555.55,1704.15,1241.7,1182.6,777780,1522.51,1609.95,120,1615.2,150,665580
2026-04-10T10:45:46.419,NF,BANKNIFTY28APR2655000CE,1620.0,1555.55,1704.15,1241.7,1182.6,777810,1522.51,1617.3,90,1622.85,30,665580
2026-04-10T10:45:47.812,NF,BANKNIFTY28APR2655000CE,1617.15,1555.55,1704.15,1241.7,1182.6,777840,1522.52,1616.75,150,1622.3,30,665580
2026-04-10T10:45:49.016,NF,BANKNIFTY28APR2655000CE,1621.2,1555.55,1704.15,1241.7,1182.6,777870,1522.52,1615.8,30,1621.2,60,665580
2026-04-10T10:45:54.827,NF,BANKNIFTY28APR2655000CE,1614.05,1555.55,1704.15,1241.7,1182.6,777990,1522.53,1614.05,60,1619.35,120,665580
2026-04-10T10:45:57.428,NF,BANKNIFTY28APR2655000CE,1614.7,1555.55,1704.15,1241.7,1182.6,778080,1522.54,1614.85,60,1620.5,150,665580
2026-04-10T10:45:59.834,NF,BANKNIFTY28APR2655000CE,1619.6,1555.55,1704.15,1241.7,1182.6,778110,1522.55,1619.7,60,1625.25,60,665580
2026-04-10T10:46:01.232,NF,BANKNIFTY28APR2655000CE,1625.8,1555.55,1704.15,1241.7,1182.6,778290,1522.57,1623.25,60,1628.9,60,665580
2026-04-10T10:46:08.645,NF,BANKNIFTY28APR2655000CE,1627.75,1555.55,1704.15,1241.7,1182.6,778320,1522.58,1627.55,90,1633.35,60,665580
2026-04-10T10:46:18.655,NF,BANKNIFTY28APR2655000CE,1628.75,1555.55,1704.15,1241.7,1182.6,778440,1522.59,1629.0,180,1634.55,60,665580
2026-04-10T10:46:21.085,NF,BANKNIFTY28APR2655000CE,1640.0,1555.55,1704.15,1241.7,1182.6,778590,1522.62,1637.4,60,1640.0,390,665580
2026-04-10T10:46:22.272,NF,BANKNIFTY28APR2655000CE,1640.0,1555.55,1704.15,1241.7,1182.6,778710,1522.63,1636.5,30,1640.0,270,665580
2026-04-10T10:46:23.665,NF,BANKNIFTY28APR2655000CE,1642.0,1555.55,1704.15,1241.7,1182.6,779160,1522.7,1639.5,180,1642.0,150,665580
2026-04-10T10:46:24.863,NF,BANKNIFTY28APR2655000CE,1642.0,1555.55,1704.15,1241.7,1182.6,779310,1522.72,1640.8,60,1645.0,30,665580
2026-04-10T10:46:27.268,NF,BANKNIFTY28APR2655000CE,1645.0,1555.55,1704.15,1241.7,1182.6,779340,1522.73,1638.5,150,1644.65,90,665580
2026-04-10T10:46:31.076,NF,BANKNIFTY28APR2655000CE,1637.4,1555.55,1704.15,1241.7,1182.6,779940,1522.82,1636.6,60,1642.35,90,665700
2026-04-10T10:46:32.292,NF,BANKNIFTY28APR2655000CE,1636.1,1555.55,1704.15,1241.7,1182.6,780060,1522.83,1633.55,90,1638.9,60,665700
2026-04-10T10:46:36.088,NF,BANKNIFTY28APR2655000CE,1630.05,1555.55,1704.15,1241.7,1182.6,780360,1522.88,1625.8,30,1629.75,30,665700
2026-04-10T10:46:49.710,NF,BANKNIFTY28APR2655000CE,1621.05,1555.55,1704.15,1241.7,1182.6,780570,1522.9,1621.1,540,1626.6,60,665700
2026-04-10T10:46:50.716,NF,BANKNIFTY28APR2655000CE,1625.25,1555.55,1704.15,1241.7,1182.6,780630,1522.91,1621.0,300,1623.95,60,665700
2026-04-10T10:46:51.909,NF,BANKNIFTY28APR2655000CE,1623.15,1555.55,1704.15,1241.7,1182.6,780660,1522.91,1621.0,300,1623.1,30,665700
2026-04-10T10:46:53.112,NF,BANKNIFTY28APR2655000CE,1620.05,1555.55,1704.15,1241.7,1182.6,780990,1522.96,1616.1,90,1620.65,30,665700
2026-04-10T10:46:56.933,NF,BANKNIFTY28APR2655000CE,1616.0,1555.55,1704.15,1241.7,1182.6,781080,1522.97,1616.0,570,1618.9,630,665700
2026-04-10T10:46:58.129,NF,BANKNIFTY28APR2655000CE,1616.0,1555.55,1704.15,1241.7,1182.6,781800,1523.05,1611.7,60,1616.75,90,665700
2026-04-10T10:47:00.720,NF,BANKNIFTY28APR2655000CE,1610.95,1555.55,1704.15,1241.7,1182.6,781890,1523.06,1612.1,60,1617.4,60,665700
2026-04-10T10:47:11.963,NF,BANKNIFTY28APR2655000CE,1618.2,1555.55,1704.15,1241.7,1182.6,781920,1523.07,1615.0,120,1619.15,60,665700
2026-04-10T10:47:13.141,NF,BANKNIFTY28APR2655000CE,1620.15,1555.55,1704.15,1241.7,1182.6,782100,1523.09,1618.6,60,1623.5,90,665700
2026-04-10T10:47:15.547,NF,BANKNIFTY28APR2655000CE,1617.95,1555.55,1704.15,1241.7,1182.6,782130,1523.09,1619.75,60,1624.0,60,665700
2026-04-10T10:47:18.146,NF,BANKNIFTY28APR2655000CE,1624.0,1555.55,1704.15,1241.7,1182.6,782190,1523.1,1619.15,30,1624.35,240,665700
2026-04-10T10:47:20.593,NF,BANKNIFTY28APR2655000CE,1615.0,1555.55,1704.15,1241.7,1182.6,782220,1523.1,1615.0,60,1618.25,30,665700
2026-04-10T10:47:30.591,NF,BANKNIFTY28APR2655000CE,1622.15,1555.55,1704.15,1241.7,1182.6,782250,1523.11,1618.15,60,1624.05,120,665700
2026-04-10T10:47:41.779,NF,BANKNIFTY28APR2655000CE,1637.95,1555.55,1704.15,1241.7,1182.6,782340,1523.12,1633.1,30,1638.0,30,665700
2026-04-10T10:47:43.180,NF,BANKNIFTY28APR2655000CE,1638.0,1555.55,1704.15,1241.7,1182.6,782370,1523.12,1628.1,60,1633.85,90,665700
2026-04-10T10:47:44.381,NF,BANKNIFTY28APR2655000CE,1633.85,1555.55,1704.15,1241.7,1182.6,782400,1523.13,1625.6,60,1631.8,120,665700
2026-04-10T10:47:45.591,NF,BANKNIFTY28APR2655000CE,1633.75,1555.55,1704.15,1241.7,1182.6,782430,1523.13,1630.65,90,1636.35,90,665700
2026-04-10T10:47:46.787,NF,BANKNIFTY28APR2655000CE,1636.5,1555.55,1704.15,1241.7,1182.6,782460,1523.14,1630.05,60,1635.75,60,665700
2026-04-10T10:47:49.388,NF,BANKNIFTY28APR2655000CE,1633.5,1555.55,1704.15,1241.7,1182.6,782520,1523.15,1628.35,60,1633.45,120,665700
2026-04-10T10:47:50.633,NF,BANKNIFTY28APR2655000CE,1628.4,1555.55,1704.15,1241.7,1182.6,782550,1523.15,1627.75,60,1633.3,150,665700
2026-04-10T10:47:59.402,NF,BANKNIFTY28APR2655000CE,1640.0,1555.55,1704.15,1241.7,1182.6,782580,1523.15,1635.7,60,1640.0,30,665700
2026-04-10T10:48:02.011,NF,BANKNIFTY28APR2655000CE,1640.0,1555.55,1704.15,1241.7,1182.6,782610,1523.16,1638.65,60,1645.5,150,665700
2026-04-10T10:48:03.214,NF,BANKNIFTY28APR2655000CE,1640.0,1555.55,1704.15,1241.7,1182.6,782700,1523.17,1638.5,30,1644.55,120,665700
2026-04-10T10:48:07.010,NF,BANKNIFTY28APR2655000CE,1638.05,1555.55,1704.15,1241.7,1182.6,782730,1523.18,1633.3,60,1639.65,30,665700
2026-04-10T10:48:13.218,NF,BANKNIFTY28APR2655000CE,1636.45,1555.55,1704.15,1241.7,1182.6,782820,1523.19,1629.85,90,1635.9,60,665700
2026-04-10T10:48:16.826,NF,BANKNIFTY28APR2655000CE,1637.4,1555.55,1704.15,1241.7,1182.6,782880,1523.2,1629.1,60,1634.8,150,665700
2026-04-10T10:48:24.437,NF,BANKNIFTY28APR2655000CE,1632.15,1555.55,1704.15,1241.7,1182.6,782910,1523.2,1629.35,90,1635.95,210,665700
2026-04-10T10:48:29.455,NF,BANKNIFTY28APR2655000CE,1637.3,1555.55,1704.15,1241.7,1182.6,782940,1523.21,1632.65,30,1636.2,30,665700
2026-04-10T10:48:36.857,NF,BANKNIFTY28APR2655000CE,1633.05,1555.55,1704.15,1241.7,1182.6,782970,1523.21,1628.4,60,1633.8,30,665700
2026-04-10T10:48:38.060,NF,BANKNIFTY28APR2655000CE,1621.35,1555.55,1704.15,1241.7,1182.6,783270,1523.25,1624.1,30,1629.95,150,665700
2026-04-10T10:48:39.459,NF,BANKNIFTY28APR2655000CE,1629.95,1555.55,1704.15,1241.7,1182.6,783330,1523.26,1623.65,30,1628.6,120,665700
2026-04-10T10:48:41.865,NF,BANKNIFTY28APR2655000CE,1621.0,1555.55,1704.15,1241.7,1182.6,783360,1523.26,1621.0,270,1623.95,30,665700
2026-04-10T10:48:44.482,NF,BANKNIFTY28APR2655000CE,1622.45,1555.55,1704.15,1241.7,1182.6,783390,1523.27,1621.0,270,1623.75,600,665700
2026-04-10T10:48:48.075,NF,BANKNIFTY28APR2655000CE,1621.0,1555.55,1704.15,1241.7,1182.6,783660,1523.3,1618.0,30,1620.7,120,665700
2026-04-10T10:48:50.483,NF,BANKNIFTY28APR2655000CE,1618.0,1555.55,1704.15,1241.7,1182.6,783690,1523.3,1613.45,120,1618.6,600,665700
2026-04-10T10:49:00.306,NF,BANKNIFTY28APR2655000CE,1615.0,1555.55,1704.15,1241.7,1182.6,783720,1523.31,1615.0,60,1618.9,30,665700
2026-04-10T10:49:11.510,NF,BANKNIFTY28APR2655000CE,1622.35,1555.55,1704.15,1241.7,1182.6,783750,1523.31,1617.15,30,1621.5,120,665700
2026-04-10T10:49:12.714,NF,BANKNIFTY28APR2655000CE,1621.55,1555.55,1704.15,1241.7,1182.6,783810,1523.32,1617.35,30,1621.2,90,665700
2026-04-10T10:49:22.724,NF,BANKNIFTY28APR2655000CE,1622.0,1555.55,1704.15,1241.7,1182.6,783840,1523.32,1618.95,60,1624.7,630,665700
2026-04-10T10:49:35.943,NF,BANKNIFTY28APR2655000CE,1624.5,1555.55,1704.15,1241.7,1182.6,783870,1523.33,1622.0,60,1625.35,60,666480
2026-04-10T10:49:44.159,NF,BANKNIFTY28APR2655000CE,1622.6,1555.55,1704.15,1241.7,1182.6,783900,1523.33,1622.0,30,1625.6,60,666480
2026-04-10T10:49:50.165,NF,BANKNIFTY28APR2655000CE,1625.75,1555.55,1704.15,1241.7,1182.6,783960,1523.34,1622.0,30,1624.9,120,666480
2026-04-10T10:49:53.770,NF,BANKNIFTY28APR2655000CE,1622.0,1555.55,1704.15,1241.7,1182.6,783990,1523.34,1615.6,150,1621.65,30,666480
2026-04-10T10:49:56.176,NF,BANKNIFTY28APR2655000CE,1621.35,1555.55,1704.15,1241.7,1182.6,784080,1523.35,1615.0,60,1618.7,30,666480
2026-04-10T10:50:07.599,NF,BANKNIFTY28APR2655000CE,1615.0,1555.55,1704.15,1241.7,1182.6,784620,1523.42,1611.8,120,1615.0,390,666480
2026-04-10T10:50:08.794,NF,BANKNIFTY28APR2655000CE,1615.0,1555.55,1704.15,1241.7,1182.6,784710,1523.43,1612.2,30,1615.0,300,666480
2026-04-10T10:50:09.998,NF,BANKNIFTY28APR2655000CE,1615.0,1555.55,1704.15,1241.7,1182.6,784800,1523.44,1612.15,150,1615.0,210,666480
2026-04-10T10:50:18.810,NF,BANKNIFTY28APR2655000CE,1615.0,1555.55,1704.15,1241.7,1182.6,785010,1523.46,1613.9,30,1619.6,60,666480
2026-04-10T10:50:23.817,NF,BANKNIFTY28APR2655000CE,1620.0,1555.55,1704.15,1241.7,1182.6,785160,1523.48,1619.35,60,1624.35,90,666480
2026-04-10T10:50:26.223,NF,BANKNIFTY28APR2655000CE,1617.8,1555.55,1704.15,1241.7,1182.6,785220,1523.49,1617.6,30,1622.1,60,666480
2026-04-10T10:50:31.229,NF,BANKNIFTY28APR2655000CE,1621.7,1555.55,1704.15,1241.7,1182.6,785250,1523.49,1618.65,60,1624.0,60,666480
2026-04-10T10:50:35.039,NF,BANKNIFTY28APR2655000CE,1618.15,1555.55,1704.15,1241.7,1182.6,785280,1523.49,1618.2,60,1623.6,150,666480
2026-04-10T10:50:38.641,NF,BANKNIFTY28APR2655000CE,1624.0,1555.55,1704.15,1241.7,1182.6,785310,1523.5,1621.4,30,1627.1,120,666480
2026-04-10T10:51:13.511,NF,BANKNIFTY28APR2655000CE,1624.15,1555.55,1704.15,1241.7,1182.6,785340,1523.5,1618.8,30,1624.8,630,666480
2026-04-10T10:51:21.138,NF,BANKNIFTY28APR2655000CE,1622.35,1555.55,1704.15,1241.7,1182.6,785580,1523.53,1616.05,30,1622.3,60,666480
2026-04-10T10:51:28.519,NF,BANKNIFTY28APR2655000CE,1622.25,1555.55,1704.15,1241.7,1182.6,785940,1523.57,1616.35,150,1621.85,120,666480
2026-04-10T10:51:37.343,NF,BANKNIFTY28APR2655000CE,1622.75,1555.55,1704.15,1241.7,1182.6,785970,1523.58,1617.0,60,1622.2,120,666480
2026-04-10T10:51:43.542,NF,BANKNIFTY28APR2655000CE,1621.1,1555.55,1704.15,1241.7,1182.6,786030,1523.58,1614.4,150,1620.15,60,666480
2026-04-10T10:51:47.347,NF,BANKNIFTY28APR2655000CE,1616.7,1555.55,1704.15,1241.7,1182.6,786270,1523.61,1614.35,60,1616.7,2760,666480
2026-04-10T10:51:49.764,NF,BANKNIFTY28APR2655000CE,1616.7,1555.55,1704.15,1241.7,1182.6,786390,1523.63,1614.55,150,1616.7,2640,666480
2026-04-10T10:51:51.164,NF,BANKNIFTY28APR2655000CE,1616.7,1555.55,1704.15,1241.7,1182.6,786480,1523.64,1614.55,60,1616.7,2550,666480
2026-04-10T10:51:52.554,NF,BANKNIFTY28APR2655000CE,1613.75,1555.55,1704.15,1241.7,1182.6,786570,1523.65,1613.85,150,1616.7,2550,666480
2026-04-10T10:51:57.561,NF,BANKNIFTY28APR2655000CE,1616.55,1555.55,1704.15,1241.7,1182.6,786600,1523.65,1611.8,120,1616.55,240,666480
2026-04-10T10:51:59.967,NF,BANKNIFTY28APR2655000CE,1614.25,1555.55,1704.15,1241.7,1182.6,786660,1523.66,1610.6,150,1615.0,180,666480
2026-04-10T10:52:01.185,NF,BANKNIFTY28APR2655000CE,1615.55,1555.55,1704.15,1241.7,1182.6,786750,1523.67,1611.2,30,1616.1,120,666480
2026-04-10T10:52:06.182,NF,BANKNIFTY28APR2655000CE,1610.0,1555.55,1704.15,1241.7,1182.6,787020,1523.7,1607.8,270,1610.0,240,666480
2026-04-10T10:52:07.575,NF,BANKNIFTY28APR2655000CE,1610.0,1555.55,1704.15,1241.7,1182.6,787230,1523.72,1605.9,30,1609.15,60,666480
2026-04-10T10:52:09.982,NF,BANKNIFTY28APR2655000CE,1604.75,1555.55,1704.15,1241.7,1182.6,787380,1523.74,1602.0,30,1606.9,60,666480
2026-04-10T10:52:11.192,NF,BANKNIFTY28APR2655000CE,1606.05,1555.55,1704.15,1241.7,1182.6,787440,1523.74,1602.0,30,1604.3,30,666480
2026-04-10T10:52:12.584,NF,BANKNIFTY28APR2655000CE,1600.0,1555.55,1704.15,1241.7,1182.6,788040,1523.8,1600.0,150,1602.4,90,666480
2026-04-10T10:52:13.792,NF,BANKNIFTY28APR2655000CE,1602.4,1555.55,1704.15,1241.7,1182.6,788070,1523.81,1600.7,30,1605.9,180,666480
2026-04-10T10:52:14.990,NF,BANKNIFTY28APR2655000CE,1600.85,1555.55,1704.15,1241.7,1182.6,788100,1523.81,1602.85,30,1607.9,120,666480
2026-04-10T10:52:16.200,NF,BANKNIFTY28APR2655000CE,1604.0,1555.55,1704.15,1241.7,1182.6,788220,1523.82,1604.05,30,1609.4,60,666480
2026-04-10T10:52:17.701,NF,BANKNIFTY28APR2655000CE,1607.5,1555.55,1704.15,1241.7,1182.6,788250,1523.82,1602.85,30,1606.0,30,666480
2026-04-10T10:52:18.798,NF,BANKNIFTY28APR2655000CE,1606.0,1555.55,1704.15,1241.7,1182.6,788310,1523.83,1600.0,150,1604.1,30,666480
2026-04-10T10:52:21.200,NF,BANKNIFTY28APR2655000CE,1603.15,1555.55,1704.15,1241.7,1182.6,788370,1523.84,1600.0,150,1602.9,30,666480
2026-04-10T10:52:27.609,NF,BANKNIFTY28APR2655000CE,1608.15,1555.55,1704.15,1241.7,1182.6,788400,1523.84,1603.3,30,1607.4,60,666480
2026-04-10T10:52:28.809,NF,BANKNIFTY28APR2655000CE,1606.6,1555.55,1704.15,1241.7,1182.6,788430,1523.84,1601.7,30,1606.75,120,666480
2026-04-10T10:52:31.221,NF,BANKNIFTY28APR2655000CE,1606.15,1555.55,1704.15,1241.7,1182.6,788460,1523.85,1602.5,30,1607.9,150,666480
2026-04-10T10:52:36.230,NF,BANKNIFTY28APR2655000CE,1604.5,1555.55,1704.15,1241.7,1182.6,788490,1523.85,1600.15,30,1605.85,30,667920
2026-04-10T10:52:38.830,NF,BANKNIFTY28APR2655000CE,1600.0,1555.55,1704.15,1241.7,1182.6,788580,1523.86,1600.0,60,1604.95,150,667920
2026-04-10T10:52:40.028,NF,BANKNIFTY28APR2655000CE,1604.15,1555.55,1704.15,1241.7,1182.6,788670,1523.87,1600.0,120,1604.2,60,667920
2026-04-10T10:52:45.041,NF,BANKNIFTY28APR2655000CE,1600.0,1555.55,1704.15,1241.7,1182.6,788700,1523.87,1599.5,90,1604.15,30,667920
2026-04-10T10:52:51.256,NF,BANKNIFTY28APR2655000CE,1602.8,1555.55,1704.15,1241.7,1182.6,788730,1523.87,1598.45,60,1603.55,60,667920
2026-04-10T10:52:57.259,NF,BANKNIFTY28APR2655000CE,1602.8,1555.55,1704.15,1241.7,1182.6,788760,1523.88,1598.0,90,1603.5,210,667920
2026-04-10T10:53:01.060,NF,BANKNIFTY28APR2655000CE,1604.0,1555.55,1704.15,1241.7,1182.6,789030,1523.9,1600.75,60,1604.0,30,667920
2026-04-10T10:53:03.464,NF,BANKNIFTY28APR2655000CE,1603.05,1555.55,1704.15,1241.7,1182.6,789060,1523.9,1602.8,90,1604.0,30,667920
2026-04-10T10:53:04.674,NF,BANKNIFTY28APR2655000CE,1604.15,1555.55,1704.15,1241.7,1182.6,789120,1523.91,1602.8,90,1606.0,180,667920
2026-04-10T10:53:18.287,NF,BANKNIFTY28APR2655000CE,1602.8,1555.55,1704.15,1241.7,1182.6,789210,1523.92,1598.15,210,1603.0,30,667920
2026-04-10T10:53:20.735,NF,BANKNIFTY28APR2655000CE,1601.75,1555.55,1704.15,1241.7,1182.6,789270,1523.93,1598.0,90,1602.5,150,667920
2026-04-10T10:53:28.124,NF,BANKNIFTY28APR2655000CE,1602.6,1555.55,1704.15,1241.7,1182.6,789480,1523.95,1597.55,60,1602.95,90,667920
2026-04-10T10:53:30.500,NF,BANKNIFTY28APR2655000CE,1600.0,1555.55,1704.15,1241.7,1182.6,789780,1523.97,1598.2,120,1603.6,60,667920
2026-04-10T10:53:35.311,NF,BANKNIFTY28APR2655000CE,1598.0,1555.55,1704.15,1241.7,1182.6,790140,1524.01,1598.0,150,1603.05,30,667920
2026-04-10T10:53:41.516,NF,BANKNIFTY28APR2655000CE,1600.0,1555.55,1704.15,1241.7,1182.6,791040,1524.09,1604.95,30,1610.0,930,667920
2026-04-10T10:53:43.923,NF,BANKNIFTY28APR2655000CE,1610.0,1555.55,1704.15,1241.7,1182.6,791640,1524.16,1607.8,90,1610.0,330,667920
2026-04-10T10:53:45.126,NF,BANKNIFTY28APR2655000CE,1610.0,1555.55,1704.15,1241.7,1182.6,791700,1524.17,1607.15,30,1610.0,270,667920
2026-04-10T10:53:46.546,NF,BANKNIFTY28APR2655000CE,1609.75,1555.55,1704.15,1241.7,1182.6,791730,1524.17,1606.1,60,1610.0,270,667920
2026-04-10T10:53:48.928,NF,BANKNIFTY28APR2655000CE,1610.0,1555.55,1704.15,1241.7,1182.6,791760,1524.17,1607.85,90,1610.0,240,667920
2026-04-10T10:53:50.144,NF,BANKNIFTY28APR2655000CE,1611.0,1555.55,1704.15,1241.7,1182.6,792030,1524.2,1609.2,60,1614.9,60,667920
2026-04-10T10:53:52.538,NF,BANKNIFTY28APR2655000CE,1611.95,1555.55,1704.15,1241.7,1182.6,792060,1524.21,1609.65,30,1615.2,120,667920
2026-04-10T10:53:56.349,NF,BANKNIFTY28APR2655000CE,1612.45,1555.55,1704.15,1241.7,1182.6,792090,1524.21,1606.45,120,1612.3,90,667920
2026-04-10T10:53:58.761,NF,BANKNIFTY28APR2655000CE,1611.35,1555.55,1704.15,1241.7,1182.6,792240,1524.23,1605.6,60,1611.25,30,667920
2026-04-10T10:54:01.359,NF,BANKNIFTY28APR2655000CE,1612.5,1555.55,1704.15,1241.7,1182.6,792390,1524.24,1605.5,150,1611.25,90,667920
2026-04-10T10:54:04.953,NF,BANKNIFTY28APR2655000CE,1610.25,1555.55,1704.15,1241.7,1182.6,792450,1524.25,1605.4,60,1611.2,120,667920
2026-04-10T10:54:11.365,NF,BANKNIFTY28APR2655000CE,1596.9,1555.55,1704.15,1241.7,1182.6,794580,1524.46,1590.4,60,1596.4,30,667920
2026-04-10T10:54:12.567,NF,BANKNIFTY28APR2655000CE,1595.15,1555.55,1704.15,1241.7,1182.6,794640,1524.46,1590.6,30,1595.0,30,667920
2026-04-10T10:54:13.768,NF,BANKNIFTY28APR2655000CE,1595.2,1555.55,1704.15,1241.7,1182.6,794700,1524.47,1592.9,30,1598.45,90,667920
2026-04-10T10:54:16.364,NF,BANKNIFTY28APR2655000CE,1596.65,1555.55,1704.15,1241.7,1182.6,794760,1524.47,1592.95,30,1597.1,600,667920
2026-04-10T10:54:19.973,NF,BANKNIFTY28APR2655000CE,1598.15,1555.55,1704.15,1241.7,1182.6,794790,1524.48,1593.9,30,1598.9,90,667920
2026-04-10T10:54:31.392,NF,BANKNIFTY28APR2655000CE,1598.25,1555.55,1704.15,1241.7,1182.6,794820,1524.48,1594.85,30,1598.3,30,667920
2026-04-10T10:54:35.004,NF,BANKNIFTY28APR2655000CE,1605.7,1555.55,1704.15,1241.7,1182.6,794850,1524.48,1601.9,30,1606.75,30,667920
2026-04-10T10:54:41.216,NF,BANKNIFTY28APR2655000CE,1615.85,1555.55,1704.15,1241.7,1182.6,795000,1524.5,1611.2,30,1615.45,30,667920
2026-04-10T10:54:42.626,NF,BANKNIFTY28APR2655000CE,1609.3,1555.55,1704.15,1241.7,1182.6,795150,1524.51,1604.4,180,1609.95,60,667920
2026-04-10T10:54:45.022,NF,BANKNIFTY28APR2655000CE,1604.35,1555.55,1704.15,1241.7,1182.6,795180,1524.52,1600.95,60,1606.15,30,667920
2026-04-10T10:54:48.819,NF,BANKNIFTY28APR2655000CE,1605.0,1555.55,1704.15,1241.7,1182.6,795210,1524.52,1601.35,30,1605.35,720,667920
2026-04-10T10:54:50.022,NF,BANKNIFTY28APR2655000CE,1601.35,1555.55,1704.15,1241.7,1182.6,795240,1524.52,1598.15,90,1603.65,630,667920
2026-04-10T10:54:52.034,NF,BANKNIFTY28APR2655000CE,1607.9,1555.55,1704.15,1241.7,1182.6,795270,1524.53,1604.35,30,1605.0,150,667920
2026-04-10T10:54:53.425,NF,BANKNIFTY28APR2655000CE,1604.35,1555.55,1704.15,1241.7,1182.6,795300,1524.53,1602.35,30,1605.0,150,667920
2026-04-10T10:54:55.830,NF,BANKNIFTY28APR2655000CE,1603.95,1555.55,1704.15,1241.7,1182.6,795330,1524.53,1597.45,60,1603.15,30,667920
2026-04-10T10:55:05.843,NF,BANKNIFTY28APR2655000CE,1600.45,1555.55,1704.15,1241.7,1182.6,795360,1524.53,1594.3,90,1599.7,60,667920
2026-04-10T10:55:08.250,NF,BANKNIFTY28APR2655000CE,1603.65,1555.55,1704.15,1241.7,1182.6,795420,1524.54,1598.5,90,1604.15,60,667920
2026-04-10T10:55:10.852,NF,BANKNIFTY28APR2655000CE,1601.0,1555.55,1704.15,1241.7,1182.6,795510,1524.55,1594.85,90,1600.5,90,667920
2026-04-10T10:55:12.063,NF,BANKNIFTY28APR2655000CE,1597.85,1555.55,1704.15,1241.7,1182.6,795690,1524.57,1598.15,60,1603.0,30,667920
2026-04-10T10:55:14.666,NF,BANKNIFTY28APR2655000CE,1600.0,1555.55,1704.15,1241.7,1182.6,795870,1524.58,1599.1,30,1603.85,30,667920
2026-04-10T10:55:17.069,NF,BANKNIFTY28APR2655000CE,1599.1,1555.55,1704.15,1241.7,1182.6,795900,1524.59,1595.35,30,1599.1,180,667920
2026-04-10T10:55:21.871,NF,BANKNIFTY28APR2655000CE,1597.05,1555.55,1704.15,1241.7,1182.6,795930,1524.59,1596.05,30,1599.1,180,667920
2026-04-10T10:55:24.474,NF,BANKNIFTY28APR2655000CE,1595.0,1555.55,1704.15,1241.7,1182.6,796080,1524.6,1593.9,60,1599.1,180,667920
2026-04-10T10:55:26.875,NF,BANKNIFTY28APR2655000CE,1594.4,1555.55,1704.15,1241.7,1182.6,796110,1524.6,1594.15,120,1599.1,180,667920
2026-04-10T10:55:30.679,NF,BANKNIFTY28APR2655000CE,1597.85,1555.55,1704.15,1241.7,1182.6,796200,1524.61,1595.3,120,1599.1,180,667920
2026-04-10T10:55:33.090,NF,BANKNIFTY28APR2655000CE,1599.1,1555.55,1704.15,1241.7,1182.6,796380,1524.63,1602.05,60,1606.3,30,668430
2026-04-10T10:55:44.298,NF,BANKNIFTY28APR2655000CE,1602.15,1555.55,1704.15,1241.7,1182.6,796410,1524.63,1598.3,60,1603.7,600,668430
2026-04-10T10:55:49.305,NF,BANKNIFTY28APR2655000CE,1602.0,1555.55,1704.15,1241.7,1182.6,796440,1524.64,1600.3,30,1604.95,60,668430
2026-04-10T10:55:58.341,NF,BANKNIFTY28APR2655000CE,1602.0,1555.55,1704.15,1241.7,1182.6,796470,1524.64,1599.1,30,1602.2,30,668430
2026-04-10T10:55:59.538,NF,BANKNIFTY28APR2655000CE,1602.25,1555.55,1704.15,1241.7,1182.6,796680,1524.66,1598.35,30,1603.95,210,668430
2026-04-10T10:56:04.527,NF,BANKNIFTY28APR2655000CE,1602.75,1555.55,1704.15,1241.7,1182.6,796710,1524.66,1598.0,90,1603.2,60,668430
2026-04-10T10:56:15.758,NF,BANKNIFTY28APR2655000CE,1598.5,1555.55,1704.15,1241.7,1182.6,796740,1524.66,1600.75,60,1605.0,30,668430
2026-04-10T10:56:20.755,NF,BANKNIFTY28APR2655000CE,1602.3,1555.55,1704.15,1241.7,1182.6,796770,1524.67,1598.2,60,1604.2,90,668430
2026-04-10T10:56:31.969,NF,BANKNIFTY28APR2655000CE,1595.0,1555.55,1704.15,1241.7,1182.6,796890,1524.68,1590.2,120,1595.15,30,668430
2026-04-10T10:56:34.571,NF,BANKNIFTY28APR2655000CE,1590.45,1555.55,1704.15,1241.7,1182.6,796920,1524.68,1590.0,30,1591.25,30,668430
2026-04-10T10:56:35.774,NF,BANKNIFTY28APR2655000CE,1591.25,1555.55,1704.15,1241.7,1182.6,796950,1524.68,1590.9,30,1594.0,60,668430
2026-04-10T10:56:36.990,NF,BANKNIFTY28APR2655000CE,1590.9,1555.55,1704.15,1241.7,1182.6,796980,1524.68,1590.2,120,1594.0,60,668430
2026-04-10T10:56:39.578,NF,BANKNIFTY28APR2655000CE,1594.0,1555.55,1704.15,1241.7,1182.6,797040,1524.69,1594.45,30,1599.2,30,668430
2026-04-10T10:56:40.788,NF,BANKNIFTY28APR2655000CE,1594.6,1555.55,1704.15,1241.7,1182.6,797130,1524.7,1594.6,30,1598.85,600,668430
2026-04-10T10:56:45.788,NF,BANKNIFTY28APR2655000CE,1599.35,1555.55,1704.15,1241.7,1182.6,797160,1524.7,1597.5,30,1601.2,90,668430
2026-04-10T10:56:46.991,NF,BANKNIFTY28APR2655000CE,1597.5,1555.55,1704.15,1241.7,1182.6,797190,1524.7,1595.45,150,1600.1,30,668430
2026-04-10T10:56:54.402,NF,BANKNIFTY28APR2655000CE,1596.45,1555.55,1704.15,1241.7,1182.6,797220,1524.71,1591.45,30,1598.6,60,668430
2026-04-10T10:56:55.603,NF,BANKNIFTY28APR2655000CE,1597.95,1555.55,1704.15,1241.7,1182.6,797280,1524.71,1595.0,90,1598.25,60,668430
2026-04-10T10:56:56.807,NF,BANKNIFTY28APR2655000CE,1595.0,1555.55,1704.15,1241.7,1182.6,797310,1524.71,1595.0,60,1598.8,150,668430
2026-04-10T10:56:59.406,NF,BANKNIFTY28APR2655000CE,1594.0,1555.55,1704.15,1241.7,1182.6,797400,1524.72,1590.75,90,1596.2,90,668430
2026-04-10T10:57:08.218,NF,BANKNIFTY28APR2655000CE,1591.5,1555.55,1704.15,1241.7,1182.6,797460,1524.73,1591.75,150,1596.6,60,668430
2026-04-10T10:57:09.422,NF,BANKNIFTY28APR2655000CE,1591.75,1555.55,1704.15,1241.7,1182.6,797490,1524.73,1591.35,150,1596.45,660,668430
2026-04-10T10:57:13.228,NF,BANKNIFTY28APR2655000CE,1591.8,1555.55,1704.15,1241.7,1182.6,797520,1524.73,1590.8,120,1595.75,120,668430
2026-04-10T10:57:15.639,NF,BANKNIFTY28APR2655000CE,1595.85,1555.55,1704.15,1241.7,1182.6,797610,1524.74,1591.0,30,1595.85,60,668430
2026-04-10T10:57:19.436,NF,BANKNIFTY28APR2655000CE,1591.35,1555.55,1704.15,1241.7,1182.6,797640,1524.74,1590.85,120,1595.9,60,668430
2026-04-10T10:57:21.840,NF,BANKNIFTY28APR2655000CE,1590.45,1555.55,1704.15,1241.7,1182.6,797700,1524.75,1590.45,150,1592.5,60,668430
2026-04-10T10:57:23.240,NF,BANKNIFTY28APR2655000CE,1590.45,1555.55,1704.15,1241.7,1182.6,797730,1524.75,1590.45,120,1592.3,30,668430
2026-04-10T10:57:24.452,NF,BANKNIFTY28APR2655000CE,1590.45,1555.55,1704.15,1241.7,1182.6,797760,1524.75,1590.45,90,1592.05,30,668430
2026-04-10T10:57:25.646,NF,BANKNIFTY28APR2655000CE,1590.45,1555.55,1704.15,1241.7,1182.6,797790,1524.76,1590.45,60,1591.95,30,668430
2026-04-10T10:57:29.448,NF,BANKNIFTY28APR2655000CE,1590.0,1555.55,1704.15,1241.7,1182.6,797940,1524.77,1585.9,30,1590.4,30,668430
2026-04-10T10:57:31.869,NF,BANKNIFTY28APR2655000CE,1585.15,1555.55,1704.15,1241.7,1182.6,798000,1524.77,1582.1,90,1587.05,30,668430
2026-04-10T10:57:34.460,NF,BANKNIFTY28APR2655000CE,1585.15,1555.55,1704.15,1241.7,1182.6,798210,1524.79,1583.6,60,1588.85,90,668430
2026-04-10T10:57:36.863,NF,BANKNIFTY28APR2655000CE,1587.55,1555.55,1704.15,1241.7,1182.6,798240,1524.79,1583.75,30,1587.3,150,668430
2026-04-10T10:57:38.259,NF,BANKNIFTY28APR2655000CE,1583.75,1555.55,1704.15,1241.7,1182.6,798270,1524.79,1581.75,90,1586.8,90,668430
2026-04-10T10:57:40.668,NF,BANKNIFTY28APR2655000CE,1586.95,1555.55,1704.15,1241.7,1182.6,798300,1524.79,1582.6,90,1586.9,30,668430
2026-04-10T10:57:41.866,NF,BANKNIFTY28APR2655000CE,1583.75,1555.55,1704.15,1241.7,1182.6,798360,1524.8,1582.7,30,1586.6,30,668430
2026-04-10T10:57:45.672,NF,BANKNIFTY28APR2655000CE,1584.5,1555.55,1704.15,1241.7,1182.6,798390,1524.8,1584.9,90,1588.85,30,668430
2026-04-10T10:57:48.282,NF,BANKNIFTY28APR2655000CE,1586.3,1555.55,1704.15,1241.7,1182.6,798480,1524.81,1581.5,150,1586.4,630,668430
2026-04-10T10:57:49.475,NF,BANKNIFTY28APR2655000CE,1586.3,1555.55,1704.15,1241.7,1182.6,798510,1524.81,1582.05,30,1587.15,120,668430
2026-04-10T10:57:57.087,NF,BANKNIFTY28APR2655000CE,1581.5,1555.55,1704.15,1241.7,1182.6,798720,1524.82,1580.0,360,1583.2,90,668430
2026-04-10T10:58:00.696,NF,BANKNIFTY28APR2655000CE,1583.9,1555.55,1704.15,1241.7,1182.6,799020,1524.85,1580.5,120,1584.0,600,668430
2026-04-10T10:58:03.296,NF,BANKNIFTY28APR2655000CE,1586.0,1555.55,1704.15,1241.7,1182.6,799050,1524.85,1583.55,30,1587.45,60,668430
2026-04-10T10:58:05.709,NF,BANKNIFTY28APR2655000CE,1583.6,1555.55,1704.15,1241.7,1182.6,799080,1524.85,1582.2,30,1586.85,630,668430
2026-04-10T10:58:10.710,NF,BANKNIFTY28APR2655000CE,1591.65,1555.55,1704.15,1241.7,1182.6,799140,1524.86,1588.0,90,1592.95,30,668430
2026-04-10T10:58:11.913,NF,BANKNIFTY28APR2655000CE,1591.15,1555.55,1704.15,1241.7,1182.6,799350,1524.87,1586.9,60,1592.05,60,668430
2026-04-10T10:58:13.115,NF,BANKNIFTY28APR2655000CE,1590.05,1555.55,1704.15,1241.7,1182.6,799410,1524.88,1586.95,30,1590.4,90,668430
2026-04-10T10:58:18.122,NF,BANKNIFTY28APR2655000CE,1590.0,1555.55,1704.15,1241.7,1182.6,799440,1524.88,1590.0,990,1591.65,90,668430
2026-04-10T10:58:19.521,NF,BANKNIFTY28APR2655000CE,1590.0,1555.55,1704.15,1241.7,1182.6,799560,1524.89,1590.0,870,1591.2,30,668430
2026-04-10T10:58:20.724,NF,BANKNIFTY28APR2655000CE,1590.0,1555.55,1704.15,1241.7,1182.6,800430,1524.96,1588.0,30,1591.65,60,668430
2026-04-10T10:58:24.528,NF,BANKNIFTY28APR2655000CE,1588.35,1555.55,1704.15,1241.7,1182.6,800460,1524.96,1588.6,30,1591.65,60,668430
2026-04-10T10:58:26.935,NF,BANKNIFTY28APR2655000CE,1589.85,1555.55,1704.15,1241.7,1182.6,800490,1524.97,1589.8,30,1591.65,60,668430
2026-04-10T10:58:28.136,NF,BANKNIFTY28APR2655000CE,1589.9,1555.55,1704.15,1241.7,1182.6,800520,1524.97,1589.85,30,1591.6,60,668430
2026-04-10T10:58:31.951,NF,BANKNIFTY28APR2655000CE,1591.65,1555.55,1704.15,1241.7,1182.6,800580,1524.97,1592.65,30,1597.35,30,668430
2026-04-10T10:58:35.750,NF,BANKNIFTY28APR2655000CE,1595.65,1555.55,1704.15,1241.7,1182.6,800610,1524.98,1592.65,30,1595.25,30,669690
2026-04-10T10:58:40.754,NF,BANKNIFTY28APR2655000CE,1597.1,1555.55,1704.15,1241.7,1182.6,800640,1524.98,1597.15,30,1600.0,180,669690
2026-04-10T10:58:45.761,NF,BANKNIFTY28APR2655000CE,1600.0,1555.55,1704.15,1241.7,1182.6,800670,1524.98,1596.7,90,1600.0,150,669690
2026-04-10T10:58:46.964,NF,BANKNIFTY28APR2655000CE,1600.0,1555.55,1704.15,1241.7,1182.6,800820,1525.0,1599.25,60,1604.15,30,669690
2026-04-10T10:58:48.168,NF,BANKNIFTY28APR2655000CE,1605.0,1555.55,1704.15,1241.7,1182.6,800910,1525.01,1602.35,30,1605.0,90,669690
2026-04-10T10:58:49.374,NF,BANKNIFTY28APR2655000CE,1605.9,1555.55,1704.15,1241.7,1182.6,801030,1525.02,1603.9,30,1606.95,90,669690
2026-04-10T10:58:52.775,NF,BANKNIFTY28APR2655000CE,1607.0,1555.55,1704.15,1241.7,1182.6,801060,1525.02,1606.3,30,1608.95,60,669690
2026-04-10T10:58:53.984,NF,BANKNIFTY28APR2655000CE,1605.9,1555.55,1704.15,1241.7,1182.6,801120,1525.03,1604.0,30,1607.3,60,669690
2026-04-10T10:58:57.788,NF,BANKNIFTY28APR2655000CE,1607.0,1555.55,1704.15,1241.7,1182.6,801180,1525.03,1604.6,120,1607.0,90,669690
2026-04-10T10:58:58.986,NF,BANKNIFTY28APR2655000CE,1607.0,1555.55,1704.15,1241.7,1182.6,801270,1525.04,1606.9,150,1610.0,30,669690
2026-04-10T10:59:00.387,NF,BANKNIFTY28APR2655000CE,1610.0,1555.55,1704.15,1241.7,1182.6,801300,1525.04,1608.0,30,1611.0,30,669690
2026-04-10T10:59:01.607,NF,BANKNIFTY28APR2655000CE,1612.0,1555.55,1704.15,1241.7,1182.6,801360,1525.05,1613.2,60,1617.85,150,669690
2026-04-10T10:59:02.796,NF,BANKNIFTY28APR2655000CE,1617.15,1555.55,1704.15,1241.7,1182.6,801420,1525.06,1613.35,30,1616.9,60,669690
2026-04-10T10:59:06.601,NF,BANKNIFTY28APR2655000CE,1619.0,1555.55,1704.15,1241.7,1182.6,801450,1525.06,1616.2,30,1620.0,90,669690
2026-04-10T10:59:07.810,NF,BANKNIFTY28APR2655000CE,1620.0,1555.55,1704.15,1241.7,1182.6,801480,1525.07,1617.7,30,1620.0,60,669690
2026-04-10T10:59:09.003,NF,BANKNIFTY28APR2655000CE,1620.0,1555.55,1704.15,1241.7,1182.6,801540,1525.07,1622.3,90,1625.9,30,669690
2026-04-10T10:59:10.444,NF,BANKNIFTY28APR2655000CE,1625.9,1555.55,1704.15,1241.7,1182.6,802230,1525.16,1621.35,90,1630.0,30,669690
2026-04-10T10:59:11.618,NF,BANKNIFTY28APR2655000CE,1627.9,1555.55,1704.15,1241.7,1182.6,802290,1525.17,1626.85,30,1631.15,120,669690
2026-04-10T10:59:14.011,NF,BANKNIFTY28APR2655000CE,1626.9,1555.55,1704.15,1241.7,1182.6,802350,1525.17,1621.75,120,1626.85,60,669690
2026-04-10T10:59:15.270,NF,BANKNIFTY28APR2655000CE,1622.55,1555.55,1704.15,1241.7,1182.6,802380,1525.18,1620.2,30,1625.35,60,669690
2026-04-10T10:59:16.424,NF,BANKNIFTY28APR2655000CE,1626.9,1555.55,1704.15,1241.7,1182.6,802410,1525.18,1622.2,60,1627.3,30,669690
2026-04-10T10:59:17.825,NF,BANKNIFTY28APR2655000CE,1630.0,1555.55,1704.15,1241.7,1182.6,802500,1525.19,1626.9,60,1630.55,60,669690
2026-04-10T10:59:19.020,NF,BANKNIFTY28APR2655000CE,1631.75,1555.55,1704.15,1241.7,1182.6,802530,1525.2,1626.9,60,1630.75,60,669690
2026-04-10T10:59:20.222,NF,BANKNIFTY28APR2655000CE,1630.75,1555.55,1704.15,1241.7,1182.6,802590,1525.21,1626.9,30,1630.5,60,669690
2026-04-10T10:59:22.643,NF,BANKNIFTY28APR2655000CE,1626.9,1555.55,1704.15,1241.7,1182.6,802650,1525.21,1626.05,90,1630.85,630,669690
2026-04-10T10:59:25.229,NF,BANKNIFTY28APR2655000CE,1627.0,1555.55,1704.15,1241.7,1182.6,802680,1525.22,1627.2,90,1631.55,660,669690
2026-04-10T10:59:27.646,NF,BANKNIFTY28APR2655000CE,1628.3,1555.55,1704.15,1241.7,1182.6,802830,1525.24,1628.05,60,1632.0,120,669690
2026-04-10T10:59:28.835,NF,BANKNIFTY28APR2655000CE,1632.0,1555.55,1704.15,1241.7,1182.6,802890,1525.24,1628.15,150,1632.0,60,669690
2026-04-10T10:59:30.048,NF,BANKNIFTY28APR2655000CE,1633.6,1555.55,1704.15,1241.7,1182.6,803070,1525.27,1630.3,60,1636.95,120,669690
2026-04-10T10:59:31.239,NF,BANKNIFTY28APR2655000CE,1635.7,1555.55,1704.15,1241.7,1182.6,803100,1525.27,1631.4,30,1636.4,120,669690
2026-04-10T10:59:32.639,NF,BANKNIFTY28APR2655000CE,1631.75,1555.55,1704.15,1241.7,1182.6,803130,1525.28,1627.0,30,1630.55,60,669690
2026-04-10T10:59:41.254,NF,BANKNIFTY28APR2655000CE,1632.35,1555.55,1704.15,1241.7,1182.6,803160,1525.28,1631.8,30,1633.9,60,669690
2026-04-10T10:59:43.654,NF,BANKNIFTY28APR2655000CE,1631.75,1555.55,1704.15,1241.7,1182.6,803310,1525.3,1631.75,30,1635.0,120,669690
2026-04-10T10:59:50.869,NF,BANKNIFTY28APR2655000CE,1636.7,1555.55,1704.15,1241.7,1182.6,803910,1525.38,1634.15,90,1638.3,60,669690
2026-04-10T10:59:52.072,NF,BANKNIFTY28APR2655000CE,1638.3,1555.55,1704.15,1241.7,1182.6,804060,1525.4,1632.3,30,1636.15,660,669690
2026-04-10T10:59:53.470,NF,BANKNIFTY28APR2655000CE,1635.85,1555.55,1704.15,1241.7,1182.6,804120,1525.41,1632.3,30,1635.9,60,669690
2026-04-10T10:59:54.686,NF,BANKNIFTY28APR2655000CE,1637.3,1555.55,1704.15,1241.7,1182.6,804210,1525.42,1633.4,90,1637.55,90,669690
2026-04-10T10:59:55.895,NF,BANKNIFTY28APR2655000CE,1640.0,1555.55,1704.15,1241.7,1182.6,804270,1525.43,1637.05,60,1640.0,450,669690
2026-04-10T10:59:58.290,NF,BANKNIFTY28APR2655000CE,1640.0,1555.55,1704.15,1241.7,1182.6,804330,1525.44,1637.5,30,1640.0,480,669690
2026-04-10T10:59:59.682,NF,BANKNIFTY28APR2655000CE,1635.9,1555.55,1704.15,1241.7,1182.6,804390,1525.45,1636.0,90,1639.9,60,669690
2026-04-10T11:00:00.885,NF,BANKNIFTY28APR2655000CE,1636.0,1555.55,1704.15,1241.7,1182.6,804420,1525.45,1637.15,30,1640.0,480,669690
2026-04-10T11:00:02.082,NF,BANKNIFTY28APR2655000CE,1640.0,1555.55,1704.15,1241.7,1182.6,804540,1525.47,1638.05,30,1640.0,360,669690
2026-04-10T11:00:03.288,NF,BANKNIFTY28APR2655000CE,1640.0,1555.55,1704.15,1241.7,1182.6,804900,1525.52,1640.05,30,1643.95,120,669690
2026-04-10T11:00:04.496,NF,BANKNIFTY28APR2655000CE,1645.75,1555.55,1704.15,1241.7,1182.6,805320,1525.58,1641.3,30,1645.15,150,669690
2026-04-10T11:00:06.894,NF,BANKNIFTY28APR2655000CE,1643.5,1555.55,1704.15,1241.7,1182.6,805380,1525.59,1644.1,90,1648.0,60,669690
2026-04-10T11:00:08.290,NF,BANKNIFTY28APR2655000CE,1645.0,1555.55,1704.15,1241.7,1182.6,805410,1525.6,1642.6,30,1644.85,60,669690
2026-04-10T11:00:10.695,NF,BANKNIFTY28APR2655000CE,1642.6,1555.55,1704.15,1241.7,1182.6,805440,1525.6,1640.2,120,1644.65,630,669690
2026-04-10T11:00:11.896,NF,BANKNIFTY28APR2655000CE,1644.65,1555.55,1704.15,1241.7,1182.6,805470,1525.61,1640.55,60,1644.25,60,669690
2026-04-10T11:00:14.303,NF,BANKNIFTY28APR2655000CE,1642.0,1555.55,1704.15,1241.7,1182.6,805530,1525.62,1642.0,120,1644.65,30,669690
2026-04-10T11:00:22.916,NF,BANKNIFTY28APR2655000CE,1644.7,1555.55,1704.15,1241.7,1182.6,805560,1525.62,1642.5,120,1644.75,60,669690
2026-04-10T11:00:30.329,NF,BANKNIFTY28APR2655000CE,1642.5,1555.55,1704.15,1241.7,1182.6,805620,1525.63,1639.95,120,1644.75,90,669690
2026-04-10T11:00:31.530,NF,BANKNIFTY28APR2655000CE,1645.0,1555.55,1704.15,1241.7,1182.6,805770,1525.65,1641.0,30,1644.15,90,669690
2026-04-10T11:00:32.733,NF,BANKNIFTY28APR2655000CE,1641.0,1555.55,1704.15,1241.7,1182.6,805800,1525.66,1637.4,90,1640.0,30,669690
2026-04-10T11:00:34.132,NF,BANKNIFTY28APR2655000CE,1640.0,1555.55,1704.15,1241.7,1182.6,805830,1525.66,1639.25,60,1643.2,90,669690
2026-04-10T11:00:35.337,NF,BANKNIFTY28APR2655000CE,1639.3,1555.55,1704.15,1241.7,1182.6,805860,1525.66,1639.45,150,1643.2,90,669690
2026-04-10T11:00:36.544,NF,BANKNIFTY28APR2655000CE,1640.05,1555.55,1704.15,1241.7,1182.6,806070,1525.69,1639.45,30,1642.05,690,669690
2026-04-10T11:00:37.740,NF,BANKNIFTY28APR2655000CE,1639.65,1555.55,1704.15,1241.7,1182.6,806250,1525.72,1640.3,30,1644.55,90,669690
2026-04-10T11:00:40.154,NF,BANKNIFTY28APR2655000CE,1643.4,1555.55,1704.15,1241.7,1182.6,806280,1525.72,1641.0,30,1643.4,60,669690
2026-04-10T11:00:46.354,NF,BANKNIFTY28APR2655000CE,1639.65,1555.55,1704.15,1241.7,1182.6,806340,1525.73,1633.25,30,1638.5,60,669690
2026-04-10T11:00:47.558,NF,BANKNIFTY28APR2655000CE,1634.9,1555.55,1704.15,1241.7,1182.6,806400,1525.74,1632.7,60,1638.05,60,669690
2026-04-10T11:00:50.161,NF,BANKNIFTY28APR2655000CE,1636.45,1555.55,1704.15,1241.7,1182.6,806550,1525.76,1633.6,30,1637.15,60,669690
2026-04-10T11:00:53.969,NF,BANKNIFTY28APR2655000CE,1635.95,1555.55,1704.15,1241.7,1182.6,806580,1525.76,1633.6,30,1635.95,60,669690
2026-04-10T11:00:55.176,NF,BANKNIFTY28APR2655000CE,1635.95,1555.55,1704.15,1241.7,1182.6,806610,1525.77,1638.1,30,1641.6,90,669690
2026-04-10T11:00:56.572,NF,BANKNIFTY28APR2655000CE,1642.4,1555.55,1704.15,1241.7,1182.6,806760,1525.79,1640.3,90,1644.35,90,669690
2026-04-10T11:00:57.774,NF,BANKNIFTY28APR2655000CE,1645.0,1555.55,1704.15,1241.7,1182.6,806910,1525.81,1644.7,30,1647.45,120,669690
2026-04-10T11:00:58.976,NF,BANKNIFTY28APR2655000CE,1642.7,1555.55,1704.15,1241.7,1182.6,806970,1525.82,1644.25,30,1648.0,120,669690
2026-04-10T11:01:00.180,NF,BANKNIFTY28APR2655000CE,1648.0,1555.55,1704.15,1241.7,1182.6,807060,1525.84,1646.45,60,1649.5,60,669690
2026-04-10T11:01:01.581,NF,BANKNIFTY28APR2655000CE,1650.0,1555.55,1704.15,1241.7,1182.6,807420,1525.89,1650.1,30,1652.6,150,669690
2026-04-10T11:01:02.782,NF,BANKNIFTY28APR2655000CE,1653.25,1555.55,1704.15,1241.7,1182.6,807540,1525.91,1650.45,90,1654.0,600,669690
2026-04-10T11:01:03.991,NF,BANKNIFTY28APR2655000CE,1652.1,1555.55,1704.15,1241.7,1182.6,807720,1525.94,1652.2,60,1655.4,30,669690
2026-04-10T11:01:05.214,NF,BANKNIFTY28APR2655000CE,1655.45,1555.55,1704.15,1241.7,1182.6,807870,1525.96,1653.65,30,1657.35,60,669690
2026-04-10T11:01:06.592,NF,BANKNIFTY28APR2655000CE,1652.0,1555.55,1704.15,1241.7,1182.6,807990,1525.98,1651.5,90,1656.05,630,669690
2026-04-10T11:01:07.790,NF,BANKNIFTY28APR2655000CE,1656.05,1555.55,1704.15,1241.7,1182.6,808050,1525.99,1652.25,120,1656.05,600,669690
2026-04-10T11:01:20.228,NF,BANKNIFTY28APR2655000CE,1653.0,1555.55,1704.15,1241.7,1182.6,808080,1526.0,1653.0,150,1656.05,60,669690
2026-04-10T11:01:22.818,NF,BANKNIFTY28APR2655000CE,1656.05,1555.55,1704.15,1241.7,1182.6,808110,1526.0,1655.65,90,1658.0,30,669690
2026-04-10T11:01:27.829,NF,BANKNIFTY28APR2655000CE,1657.35,1555.55,1704.15,1241.7,1182.6,808170,1526.01,1656.0,30,1659.35,150,669690
2026-04-10T11:01:29.036,NF,BANKNIFTY28APR2655000CE,1656.0,1555.55,1704.15,1241.7,1182.6,808230,1526.02,1656.1,60,1661.85,150,669690
2026-04-10T11:01:31.630,NF,BANKNIFTY28APR2655000CE,1661.7,1555.55,1704.15,1241.7,1182.6,808320,1526.03,1657.15,30,1661.15,720,669690
2026-04-10T11:01:37.836,NF,BANKNIFTY28APR2655000CE,1660.75,1555.55,1704.15,1241.7,1182.6,808710,1526.1,1655.95,60,1660.5,120,669360
2026-04-10T11:01:40.252,NF,BANKNIFTY28APR2655000CE,1652.85,1555.55,1704.15,1241.7,1182.6,808980,1526.14,1653.1,60,1658.95,60,669360
2026-04-10T11:01:45.261,NF,BANKNIFTY28APR2655000CE,1661.2,1555.55,1704.15,1241.7,1182.6,809100,1526.16,1657.7,30,1661.45,60,669360
2026-04-10T11:01:46.652,NF,BANKNIFTY28APR2655000CE,1657.7,1555.55,1704.15,1241.7,1182.6,809130,1526.17,1656.7,60,1661.55,90,669360
2026-04-10T11:01:56.479,NF,BANKNIFTY28APR2655000CE,1660.5,1555.55,1704.15,1241.7,1182.6,809160,1526.17,1657.95,30,1660.15,60,669360
2026-04-10T11:01:58.882,NF,BANKNIFTY28APR2655000CE,1661.95,1555.55,1704.15,1241.7,1182.6,809190,1526.18,1659.3,30,1662.0,30,669360
2026-04-10T11:02:00.272,NF,BANKNIFTY28APR2655000CE,1657.5,1555.55,1704.15,1241.7,1182.6,809400,1526.21,1653.4,90,1659.2,150,669360
2026-04-10T11:02:02.699,NF,BANKNIFTY28APR2655000CE,1652.55,1555.55,1704.15,1241.7,1182.6,809460,1526.22,1655.1,30,1660.7,120,669360
2026-04-10T11:02:07.707,NF,BANKNIFTY28APR2655000CE,1656.05,1555.55,1704.15,1241.7,1182.6,809490,1526.22,1655.0,90,1659.8,60,669360
2026-04-10T11:02:11.496,NF,BANKNIFTY28APR2655000CE,1657.35,1555.55,1704.15,1241.7,1182.6,809520,1526.23,1657.35,60,1660.0,30,669360
2026-04-10T11:02:15.300,NF,BANKNIFTY28APR2655000CE,1662.0,1555.55,1704.15,1241.7,1182.6,809580,1526.24,1659.2,30,1663.7,180,669360
2026-04-10T11:02:16.525,NF,BANKNIFTY28APR2655000CE,1664.0,1555.55,1704.15,1241.7,1182.6,809640,1526.25,1659.25,30,1663.55,120,669360
2026-04-10T11:02:17.710,NF,BANKNIFTY28APR2655000CE,1663.15,1555.55,1704.15,1241.7,1182.6,809670,1526.25,1659.25,30,1663.2,330,669360
2026-04-10T11:02:18.913,NF,BANKNIFTY28APR2655000CE,1659.25,1555.55,1704.15,1241.7,1182.6,809700,1526.26,1655.5,60,1660.55,630,669360
2026-04-10T11:02:21.554,NF,BANKNIFTY28APR2655000CE,1660.55,1555.55,1704.15,1241.7,1182.6,809850,1526.28,1655.85,30,1659.75,120,669360
2026-04-10T11:02:25.335,NF,BANKNIFTY28APR2655000CE,1655.85,1555.55,1704.15,1241.7,1182.6,809880,1526.29,1655.0,90,1658.95,60,669360
2026-04-10T11:02:31.526,NF,BANKNIFTY28APR2655000CE,1659.35,1555.55,1704.15,1241.7,1182.6,809910,1526.29,1655.1,90,1659.35,600,669360
2026-04-10T11:02:35.171,NF,BANKNIFTY28APR2655000CE,1661.0,1555.55,1704.15,1241.7,1182.6,809970,1526.3,1657.05,60,1661.05,600,669360
2026-04-10T11:02:37.737,NF,BANKNIFTY28APR2655000CE,1657.0,1555.55,1704.15,1241.7,1182.6,810000,1526.31,1655.0,90,1657.85,30,669360
2026-04-10T11:02:40.144,NF,BANKNIFTY28APR2655000CE,1658.0,1555.55,1704.15,1241.7,1182.6,810060,1526.32,1655.0,90,1658.0,540,669360
2026-04-10T11:02:46.545,NF,BANKNIFTY28APR2655000CE,1654.45,1555.55,1704.15,1241.7,1182.6,810210,1526.34,1649.9,60,1655.05,30,669360
2026-04-10T11:02:47.777,NF,BANKNIFTY28APR2655000CE,1653.9,1555.55,1704.15,1241.7,1182.6,810240,1526.35,1650.75,60,1656.05,180,669360
2026-04-10T11:02:48.950,NF,BANKNIFTY28APR2655000CE,1655.5,1555.55,1704.15,1241.7,1182.6,810270,1526.35,1651.1,30,1655.5,630,669360
2026-04-10T11:02:51.567,NF,BANKNIFTY28APR2655000CE,1651.25,1555.55,1704.15,1241.7,1182.6,810300,1526.36,1646.9,120,1650.95,30,669360
2026-04-10T11:02:54.168,NF,BANKNIFTY28APR2655000CE,1650.95,1555.55,1704.15,1241.7,1182.6,810330,1526.36,1648.85,30,1653.65,150,669360
2026-04-10T11:02:56.570,NF,BANKNIFTY28APR2655000CE,1652.9,1555.55,1704.15,1241.7,1182.6,810390,1526.37,1648.85,30,1650.0,120,669360
2026-04-10T11:02:59.174,NF,BANKNIFTY28APR2655000CE,1649.75,1555.55,1704.15,1241.7,1182.6,810450,1526.38,1645.65,30,1649.95,60,669360
2026-04-10T11:03:02.974,NF,BANKNIFTY28APR2655000CE,1645.7,1555.55,1704.15,1241.7,1182.6,810540,1526.39,1641.2,60,1645.95,30,669360
2026-04-10T11:03:07.986,NF,BANKNIFTY28APR2655000CE,1640.25,1555.55,1704.15,1241.7,1182.6,810690,1526.41,1640.8,90,1645.95,60,669360
2026-04-10T11:03:10.429,NF,BANKNIFTY28APR2655000CE,1644.05,1555.55,1704.15,1241.7,1182.6,810780,1526.43,1637.4,60,1642.95,60,669360
2026-04-10T11:03:14.203,NF,BANKNIFTY28APR2655000CE,1641.1,1555.55,1704.15,1241.7,1182.6,810870,1526.44,1637.75,30,1641.05,120,669360
2026-04-10T11:03:24.220,NF,BANKNIFTY28APR2655000CE,1638.85,1555.55,1704.15,1241.7,1182.6,810930,1526.45,1635.5,30,1639.05,60,669360
2026-04-10T11:03:25.418,NF,BANKNIFTY28APR2655000CE,1633.05,1555.55,1704.15,1241.7,1182.6,811020,1526.46,1634.2,90,1638.85,660,669360
2026-04-10T11:03:26.625,NF,BANKNIFTY28APR2655000CE,1638.85,1555.55,1704.15,1241.7,1182.6,811410,1526.51,1633.95,30,1638.85,450,669360
2026-04-10T11:03:28.045,NF,BANKNIFTY28APR2655000CE,1636.55,1555.55,1704.15,1241.7,1182.6,811500,1526.53,1630.0,210,1634.5,630,669360
2026-04-10T11:03:30.463,NF,BANKNIFTY28APR2655000CE,1634.35,1555.55,1704.15,1241.7,1182.6,811530,1526.53,1630.1,30,1634.35,30,669360
2026-04-10T11:03:33.020,NF,BANKNIFTY28APR2655000CE,1636.55,1555.55,1704.15,1241.7,1182.6,811590,1526.54,1637.15,30,1641.4,600,669360
2026-04-10T11:03:37.835,NF,BANKNIFTY28APR2655000CE,1637.2,1555.55,1704.15,1241.7,1182.6,811620,1526.54,1636.45,30,1640.65,600,669360
2026-04-10T11:03:54.072,NF,BANKNIFTY28APR2655000CE,1637.2,1555.55,1704.15,1241.7,1182.6,811710,1526.55,1636.75,30,1640.1,600,669360
2026-04-10T11:04:02.686,NF,BANKNIFTY28APR2655000CE,1636.25,1555.55,1704.15,1241.7,1182.6,811740,1526.56,1631.05,180,1636.3,30,669360
2026-04-10T11:04:10.094,NF,BANKNIFTY28APR2655000CE,1634.5,1555.55,1704.15,1241.7,1182.6,811770,1526.56,1630.85,90,1638.15,30,669360
2026-04-10T11:04:31.113,NF,BANKNIFTY28APR2655000CE,1633.75,1555.55,1704.15,1241.7,1182.6,811800,1526.57,1633.7,30,1637.7,630,669360
2026-04-10T11:04:38.717,NF,BANKNIFTY28APR2655000CE,1636.35,1555.55,1704.15,1241.7,1182.6,811860,1526.57,1638.55,30,1643.3,150,669690
2026-04-10T11:04:41.117,NF,BANKNIFTY28APR2655000CE,1643.35,1555.55,1704.15,1241.7,1182.6,811980,1526.59,1639.7,30,1643.9,150,669690
2026-04-10T11:04:43.727,NF,BANKNIFTY28APR2655000CE,1644.25,1555.55,1704.15,1241.7,1182.6,812010,1526.6,1640.05,30,1644.4,750,669690
2026-04-10T11:04:44.932,NF,BANKNIFTY28APR2655000CE,1644.4,1555.55,1704.15,1241.7,1182.6,812070,1526.6,1641.85,150,1646.8,120,669690
2026-04-10T11:04:48.530,NF,BANKNIFTY28APR2655000CE,1646.75,1555.55,1704.15,1241.7,1182.6,812100,1526.61,1642.9,30,1646.75,90,669690
2026-04-10T11:04:49.929,NF,BANKNIFTY28APR2655000CE,1646.6,1555.55,1704.15,1241.7,1182.6,812190,1526.62,1642.9,30,1647.2,660,669690
2026-04-10T11:04:51.134,NF,BANKNIFTY28APR2655000CE,1647.15,1555.55,1704.15,1241.7,1182.6,812220,1526.63,1642.95,30,1647.15,210,669690
2026-04-10T11:04:53.537,NF,BANKNIFTY28APR2655000CE,1646.15,1555.55,1704.15,1241.7,1182.6,812280,1526.64,1642.95,30,1646.15,570,669690
2026-04-10T11:04:58.545,NF,BANKNIFTY28APR2655000CE,1642.2,1555.55,1704.15,1241.7,1182.6,812310,1526.64,1639.55,30,1642.25,30,669690
2026-04-10T11:05:01.147,NF,BANKNIFTY28APR2655000CE,1639.55,1555.55,1704.15,1241.7,1182.6,812340,1526.64,1635.55,180,1640.85,60,669690
2026-04-10T11:05:06.157,NF,BANKNIFTY28APR2655000CE,1642.5,1555.55,1704.15,1241.7,1182.6,812490,1526.67,1639.05,60,1642.5,540,669690
2026-04-10T11:05:07.366,NF,BANKNIFTY28APR2655000CE,1642.5,1555.55,1704.15,1241.7,1182.6,812580,1526.68,1639.65,30,1643.95,750,669690
2026-04-10T11:05:11.165,NF,BANKNIFTY28APR2655000CE,1643.95,1555.55,1704.15,1241.7,1182.6,812610,1526.68,1639.8,60,1643.95,570,669690
2026-04-10T11:05:12.365,NF,BANKNIFTY28APR2655000CE,1643.95,1555.55,1704.15,1241.7,1182.6,812670,1526.69,1640.25,90,1643.95,510,669690
2026-04-10T11:05:16.185,NF,BANKNIFTY28APR2655000CE,1645.5,1555.55,1704.15,1241.7,1182.6,812700,1526.7,1641.8,30,1645.55,30,669690
2026-04-10T11:05:17.372,NF,BANKNIFTY28APR2655000CE,1646.5,1555.55,1704.15,1241.7,1182.6,812790,1526.71,1642.75,120,1646.5,510,669690
2026-04-10T11:05:18.574,NF,BANKNIFTY28APR2655000CE,1646.5,1555.55,1704.15,1241.7,1182.6,812880,1526.72,1642.75,90,1646.5,420,669690
2026-04-10T11:05:21.177,NF,BANKNIFTY28APR2655000CE,1642.15,1555.55,1704.15,1241.7,1182.6,813180,1526.76,1638.35,60,1643.15,660,669690
2026-04-10T11:05:22.387,NF,BANKNIFTY28APR2655000CE,1643.15,1555.55,1704.15,1241.7,1182.6,813330,1526.79,1640.8,60,1645.4,630,669690
2026-04-10T11:05:26.184,NF,BANKNIFTY28APR2655000CE,1642.3,1555.55,1704.15,1241.7,1182.6,813360,1526.79,1641.8,90,1646.45,600,669690
2026-04-10T11:05:28.602,NF,BANKNIFTY28APR2655000CE,1644.25,1555.55,1704.15,1241.7,1182.6,813390,1526.79,1641.7,30,1644.3,600,669690
2026-04-10T11:05:29.791,NF,BANKNIFTY28APR2655000CE,1641.7,1555.55,1704.15,1241.7,1182.6,813480,1526.81,1637.7,30,1642.9,120,669690
2026-04-10T11:05:36.000,NF,BANKNIFTY28APR2655000CE,1635.55,1555.55,1704.15,1241.7,1182.6,813630,1526.83,1634.05,30,1636.75,30,669690
2026-04-10T11:05:37.204,NF,BANKNIFTY28APR2655000CE,1630.0,1555.55,1704.15,1241.7,1182.6,813900,1526.86,1624.2,90,1629.6,30,669690
2026-04-10T11:05:39.814,NF,BANKNIFTY28APR2655000CE,1630.0,1555.55,1704.15,1241.7,1182.6,813960,1526.87,1629.2,60,1634.3,60,669690
2026-04-10T11:05:43.419,NF,BANKNIFTY28APR2655000CE,1630.0,1555.55,1704.15,1241.7,1182.6,813990,1526.87,1624.25,60,1629.9,30,669690
2026-04-10T11:05:47.228,NF,BANKNIFTY28APR2655000CE,1630.0,1555.55,1704.15,1241.7,1182.6,814020,1526.88,1626.95,60,1632.75,120,669690
2026-04-10T11:05:48.427,NF,BANKNIFTY28APR2655000CE,1622.65,1555.55,1704.15,1241.7,1182.6,814110,1526.89,1622.8,60,1628.1,30,669690
2026-04-10T11:05:53.230,NF,BANKNIFTY28APR2655000CE,1629.0,1555.55,1704.15,1241.7,1182.6,814170,1526.9,1628.9,90,1635.4,120,669690
2026-04-10T11:06:03.047,NF,BANKNIFTY28APR2655000CE,1637.55,1555.55,1704.15,1241.7,1182.6,814200,1526.9,1631.7,30,1636.65,180,669690
2026-04-10T11:06:05.659,NF,BANKNIFTY28APR2655000CE,1638.75,1555.55,1704.15,1241.7,1182.6,814260,1526.91,1638.55,30,1643.15,30,669690
2026-04-10T11:06:06.855,NF,BANKNIFTY28APR2655000CE,1641.7,1555.55,1704.15,1241.7,1182.6,814290,1526.91,1637.85,30,1643.0,30,669690
2026-04-10T11:06:10.661,NF,BANKNIFTY28APR2655000CE,1640.4,1555.55,1704.15,1241.7,1182.6,814320,1526.92,1635.55,30,1640.7,120,669690
2026-04-10T11:06:14.281,NF,BANKNIFTY28APR2655000CE,1636.7,1555.55,1704.15,1241.7,1182.6,814380,1526.92,1631.4,30,1637.15,60,669690
2026-04-10T11:06:16.867,NF,BANKNIFTY28APR2655000CE,1636.55,1555.55,1704.15,1241.7,1182.6,814440,1526.93,1632.5,60,1638.05,180,669690
2026-04-10T11:06:19.280,NF,BANKNIFTY28APR2655000CE,1636.7,1555.55,1704.15,1241.7,1182.6,814500,1526.94,1629.7,60,1635.3,120,669690
2026-04-10T11:06:20.481,NF,BANKNIFTY28APR2655000CE,1629.65,1555.55,1704.15,1241.7,1182.6,814530,1526.94,1629.9,60,1635.25,600,669690
2026-04-10T11:06:23.088,NF,BANKNIFTY28APR2655000CE,1635.25,1555.55,1704.15,1241.7,1182.6,814560,1526.95,1630.2,60,1635.25,600,669690
2026-04-10T11:06:26.689,NF,BANKNIFTY28APR2655000CE,1637.0,1555.55,1704.15,1241.7,1182.6,814620,1526.96,1637.0,90,1641.95,120,669690
2026-04-10T11:06:37.903,NF,BANKNIFTY28APR2655000CE,1638.1,1555.55,1704.15,1241.7,1182.6,814650,1526.96,1630.4,90,1636.1,120,669690
2026-04-10T11:06:46.715,NF,BANKNIFTY28APR2655000CE,1635.85,1555.55,1704.15,1241.7,1182.6,814710,1526.97,1634.2,90,1640.0,150,669690
2026-04-10T11:06:47.943,NF,BANKNIFTY28APR2655000CE,1637.2,1555.55,1704.15,1241.7,1182.6,814770,1526.98,1629.9,30,1635.35,30,669690
2026-04-10T11:06:51.523,NF,BANKNIFTY28APR2655000CE,1635.2,1555.55,1704.15,1241.7,1182.6,814800,1526.98,1629.7,60,1634.9,60,669690
2026-04-10T11:07:00.335,NF,BANKNIFTY28APR2655000CE,1633.2,1555.55,1704.15,1241.7,1182.6,814860,1526.99,1625.85,90,1631.9,90,669690
2026-04-10T11:07:02.754,NF,BANKNIFTY28APR2655000CE,1637.2,1555.55,1704.15,1241.7,1182.6,814890,1526.99,1631.4,30,1636.75,60,669690
2026-04-10T11:07:08.950,NF,BANKNIFTY28APR2655000CE,1632.0,1555.55,1704.15,1241.7,1182.6,814950,1527.0,1624.85,60,1630.85,90,669690
2026-04-10T11:07:10.351,NF,BANKNIFTY28APR2655000CE,1630.75,1555.55,1704.15,1241.7,1182.6,815010,1527.01,1624.0,120,1629.85,60,669690
2026-04-10T11:07:11.555,NF,BANKNIFTY28APR2655000CE,1623.5,1555.55,1704.15,1241.7,1182.6,815430,1527.06,1622.65,120,1628.65,60,669690
2026-04-10T11:07:13.967,NF,BANKNIFTY28APR2655000CE,1623.75,1555.55,1704.15,1241.7,1182.6,815460,1527.06,1621.25,150,1626.9,30,669690
2026-04-10T11:07:17.771,NF,BANKNIFTY28APR2655000CE,1628.5,1555.55,1704.15,1241.7,1182.6,815520,1527.07,1624.4,60,1630.15,180,669690
2026-04-10T11:07:26.577,NF,BANKNIFTY28APR2655000CE,1629.35,1555.55,1704.15,1241.7,1182.6,815580,1527.08,1623.7,150,1629.35,120,669690
2026-04-10T11:07:28.995,NF,BANKNIFTY28APR2655000CE,1630.15,1555.55,1704.15,1241.7,1182.6,815610,1527.08,1624.2,150,1630.1,90,669690
2026-04-10T11:07:34.000,NF,BANKNIFTY28APR2655000CE,1630.0,1555.55,1704.15,1241.7,1182.6,815700,1527.09,1630.0,30,1632.8,60,669690
2026-04-10T11:07:37.792,NF,BANKNIFTY28APR2655000CE,1628.1,1555.55,1704.15,1241.7,1182.6,815760,1527.1,1628.15,150,1633.5,120,669060
2026-04-10T11:07:57.423,NF,BANKNIFTY28APR2655000CE,1640.45,1555.55,1704.15,1241.7,1182.6,815910,1527.12,1634.7,30,1640.0,150,669060
2026-04-10T11:08:02.266,NF,BANKNIFTY28APR2655000CE,1642.0,1555.55,1704.15,1241.7,1182.6,815940,1527.12,1639.0,30,1643.15,30,669060
2026-04-10T11:08:07.057,NF,BANKNIFTY28APR2655000CE,1643.15,1555.55,1704.15,1241.7,1182.6,815970,1527.13,1639.85,60,1644.8,150,669060
2026-04-10T11:08:08.263,NF,BANKNIFTY28APR2655000CE,1645.0,1555.55,1704.15,1241.7,1182.6,816000,1527.13,1641.4,120,1646.0,60,669060
2026-04-10T11:08:09.656,NF,BANKNIFTY28APR2655000CE,1646.0,1555.55,1704.15,1241.7,1182.6,816030,1527.14,1641.85,90,1646.0,30,669060
2026-04-10T11:08:13.250,NF,BANKNIFTY28APR2655000CE,1646.55,1555.55,1704.15,1241.7,1182.6,816090,1527.15,1645.9,60,1649.0,30,669060
2026-04-10T11:08:14.465,NF,BANKNIFTY28APR2655000CE,1649.0,1555.55,1704.15,1241.7,1182.6,816120,1527.15,1645.7,30,1650.85,150,669060
2026-04-10T11:08:18.064,NF,BANKNIFTY28APR2655000CE,1647.75,1555.55,1704.15,1241.7,1182.6,816240,1527.17,1641.05,90,1646.45,120,669060
2026-04-10T11:08:19.271,NF,BANKNIFTY28APR2655000CE,1644.55,1555.55,1704.15,1241.7,1182.6,816360,1527.19,1638.65,30,1644.1,120,669060
2026-04-10T11:08:22.882,NF,BANKNIFTY28APR2655000CE,1647.45,1555.55,1704.15,1241.7,1182.6,816420,1527.19,1640.7,90,1646.4,120,669060
2026-04-10T11:08:26.478,NF,BANKNIFTY28APR2655000CE,1644.0,1555.55,1704.15,1241.7,1182.6,816480,1527.2,1640.0,30,1643.6,90,669060
2026-04-10T11:08:27.887,NF,BANKNIFTY28APR2655000CE,1643.6,1555.55,1704.15,1241.7,1182.6,816540,1527.21,1640.0,30,1643.8,720,669060
2026-04-10T11:08:29.092,NF,BANKNIFTY28APR2655000CE,1641.6,1555.55,1704.15,1241.7,1182.6,816690,1527.23,1634.6,30,1641.15,210,669060
2026-04-10T11:08:30.276,NF,BANKNIFTY28APR2655000CE,1640.0,1555.55,1704.15,1241.7,1182.6,816780,1527.24,1633.5,60,1639.9,60,669060
2026-04-10T11:08:35.091,NF,BANKNIFTY28APR2655000CE,1637.05,1555.55,1704.15,1241.7,1182.6,816840,1527.25,1630.6,90,1636.5,120,669060
2026-04-10T11:08:36.299,NF,BANKNIFTY28APR2655000CE,1636.2,1555.55,1704.15,1241.7,1182.6,816870,1527.26,1629.5,60,1635.15,120,669060
2026-04-10T11:08:37.502,NF,BANKNIFTY28APR2655000CE,1630.15,1555.55,1704.15,1241.7,1182.6,816930,1527.26,1630.4,60,1636.15,180,669060
2026-04-10T11:08:38.713,NF,BANKNIFTY28APR2655000CE,1636.25,1555.55,1704.15,1241.7,1182.6,816990,1527.27,1631.15,180,1636.3,60,669060
2026-04-10T11:08:42.295,NF,BANKNIFTY28APR2655000CE,1635.7,1555.55,1704.15,1241.7,1182.6,817050,1527.28,1630.75,60,1635.95,60,669060
2026-04-10T11:08:47.106,NF,BANKNIFTY28APR2655000CE,1632.05,1555.55,1704.15,1241.7,1182.6,817110,1527.29,1627.0,60,1632.6,90,669060
2026-04-10T11:09:12.951,NF,BANKNIFTY28APR2655000CE,1638.5,1555.55,1704.15,1241.7,1182.6,817140,1527.29,1638.55,60,1643.65,210,669060
2026-04-10T11:09:14.146,NF,BANKNIFTY28APR2655000CE,1646.9,1555.55,1704.15,1241.7,1182.6,817170,1527.3,1640.8,60,1645.65,90,669060
2026-04-10T11:09:25.366,NF,BANKNIFTY28APR2655000CE,1647.75,1555.55,1704.15,1241.7,1182.6,817200,1527.3,1643.05,30,1647.65,90,669060
2026-04-10T11:09:31.573,NF,BANKNIFTY28APR2655000CE,1647.45,1555.55,1704.15,1241.7,1182.6,817260,1527.31,1643.35,90,1647.45,540,669060
2026-04-10T11:09:36.582,NF,BANKNIFTY28APR2655000CE,1648.0,1555.55,1704.15,1241.7,1182.6,817320,1527.32,1645.15,60,1650.15,120,669060
2026-04-10T11:09:44.006,NF,BANKNIFTY28APR2655000CE,1650.35,1555.55,1704.15,1241.7,1182.6,817350,1527.32,1645.7,90,1650.35,600,669060
2026-04-10T11:09:46.396,NF,BANKNIFTY28APR2655000CE,1654.0,1555.55,1704.15,1241.7,1182.6,817440,1527.34,1652.05,120,1655.0,90,669060
2026-04-10T11:09:47.800,NF,BANKNIFTY28APR2655000CE,1655.0,1555.55,1704.15,1241.7,1182.6,817470,1527.34,1652.25,60,1655.0,60,669060
2026-04-10T11:09:49.014,NF,BANKNIFTY28APR2655000CE,1657.0,1555.55,1704.15,1241.7,1182.6,817710,1527.38,1654.8,30,1657.0,90,669060
2026-04-10T11:09:50.201,NF,BANKNIFTY28APR2655000CE,1657.0,1555.55,1704.15,1241.7,1182.6,817770,1527.39,1655.1,120,1657.0,30,669060
2026-04-10T11:09:51.210,NF,BANKNIFTY28APR2655000CE,1657.0,1555.55,1704.15,1241.7,1182.6,817800,1527.39,1657.05,30,1659.85,630,669060
2026-04-10T11:09:53.813,NF,BANKNIFTY28APR2655000CE,1655.3,1555.55,1704.15,1241.7,1182.6,817950,1527.42,1657.0,90,1659.8,600,669060
2026-04-10T11:09:58.620,NF,BANKNIFTY28APR2655000CE,1659.9,1555.55,1704.15,1241.7,1182.6,817980,1527.42,1657.2,30,1660.0,60,669060
2026-04-10T11:09:59.825,NF,BANKNIFTY28APR2655000CE,1660.0,1555.55,1704.15,1241.7,1182.6,818040,1527.43,1660.0,30,1662.0,60,669060
2026-04-10T11:10:01.019,NF,BANKNIFTY28APR2655000CE,1662.0,1555.55,1704.15,1241.7,1182.6,818130,1527.45,1661.35,60,1665.85,30,669060
2026-04-10T11:10:02.230,NF,BANKNIFTY28APR2655000CE,1661.3,1555.55,1704.15,1241.7,1182.6,818280,1527.47,1660.9,60,1665.75,630,669060
2026-04-10T11:10:10.835,NF,BANKNIFTY28APR2655000CE,1659.35,1555.55,1704.15,1241.7,1182.6,818310,1527.48,1659.4,90,1663.95,60,669060
2026-04-10T11:10:13.239,NF,BANKNIFTY28APR2655000CE,1661.5,1555.55,1704.15,1241.7,1182.6,818370,1527.49,1657.0,90,1661.5,30,669060
2026-04-10T11:10:21.851,NF,BANKNIFTY28APR2655000CE,1662.05,1555.55,1704.15,1241.7,1182.6,818490,1527.51,1657.0,90,1660.7,120,669060
2026-04-10T11:10:23.058,NF,BANKNIFTY28APR2655000CE,1660.55,1555.55,1704.15,1241.7,1182.6,818550,1527.51,1657.0,90,1660.75,630,669060
2026-04-10T11:10:25.654,NF,BANKNIFTY28APR2655000CE,1663.4,1555.55,1704.15,1241.7,1182.6,818640,1527.53,1657.25,90,1662.25,60,669060
2026-04-10T11:10:26.867,NF,BANKNIFTY28APR2655000CE,1661.5,1555.55,1704.15,1241.7,1182.6,818700,1527.54,1657.3,60,1661.8,30,669060
2026-04-10T11:10:30.467,NF,BANKNIFTY28APR2655000CE,1660.15,1555.55,1704.15,1241.7,1182.6,818760,1527.55,1657.0,90,1660.0,30,669060
2026-04-10T11:10:31.665,NF,BANKNIFTY28APR2655000CE,1660.15,1555.55,1704.15,1241.7,1182.6,818790,1527.55,1657.5,90,1661.85,30,669060
2026-04-10T11:10:34.279,NF,BANKNIFTY28APR2655000CE,1660.35,1555.55,1704.15,1241.7,1182.6,818850,1527.56,1657.0,180,1660.65,630,669060
2026-04-10T11:10:41.487,NF,BANKNIFTY28APR2655000CE,1660.0,1555.55,1704.15,1241.7,1182.6,818880,1527.57,1658.05,30,1663.15,150,669300
2026-04-10T11:10:48.709,NF,BANKNIFTY28APR2655000CE,1660.9,1555.55,1704.15,1241.7,1182.6,818910,1527.57,1659.4,120,1663.65,60,669300
2026-04-10T11:10:49.899,NF,BANKNIFTY28APR2655000CE,1664.0,1555.55,1704.15,1241.7,1182.6,818940,1527.58,1661.35,60,1664.0,30,669300
2026-04-10T11:10:51.494,NF,BANKNIFTY28APR2655000CE,1664.0,1555.55,1704.15,1241.7,1182.6,818970,1527.58,1662.1,90,1665.0,630,669300
2026-04-10T11:10:53.898,NF,BANKNIFTY28APR2655000CE,1665.0,1555.55,1704.15,1241.7,1182.6,819030,1527.59,1662.35,150,1665.95,30,669300
2026-04-10T11:10:55.102,NF,BANKNIFTY28APR2655000CE,1665.95,1555.55,1704.15,1241.7,1182.6,819060,1527.6,1664.5,120,1668.0,30,669300
2026-04-10T11:10:56.303,NF,BANKNIFTY28APR2655000CE,1668.0,1555.55,1704.15,1241.7,1182.6,819090,1527.6,1668.75,30,1669.0,30,669300
2026-04-10T11:10:57.516,NF,BANKNIFTY28APR2655000CE,1668.75,1555.55,1704.15,1241.7,1182.6,819120,1527.61,1662.65,90,1667.85,60,669300
2026-04-10T11:10:58.922,NF,BANKNIFTY28APR2655000CE,1667.6,1555.55,1704.15,1241.7,1182.6,819270,1527.63,1663.8,150,1668.9,30,669300
2026-04-10T11:11:00.105,NF,BANKNIFTY28APR2655000CE,1669.0,1555.55,1704.15,1241.7,1182.6,819330,1527.64,1664.85,60,1669.0,570,669300
2026-04-10T11:11:01.314,NF,BANKNIFTY28APR2655000CE,1669.9,1555.55,1704.15,1241.7,1182.6,819360,1527.65,1665.45,60,1669.9,1470,669300
2026-04-10T11:11:02.510,NF,BANKNIFTY28APR2655000CE,1669.9,1555.55,1704.15,1241.7,1182.6,819540,1527.68,1666.65,180,1669.9,720,669300
2026-04-10T11:11:06.156,NF,BANKNIFTY28APR2655000CE,1665.0,1555.55,1704.15,1241.7,1182.6,819600,1527.69,1665.0,60,1667.0,60,669300
2026-04-10T11:11:07.317,NF,BANKNIFTY28APR2655000CE,1667.2,1555.55,1704.15,1241.7,1182.6,819690,1527.71,1665.0,60,1667.2,120,669300
2026-04-10T11:11:08.519,NF,BANKNIFTY28APR2655000CE,1665.0,1555.55,1704.15,1241.7,1182.6,819720,1527.71,1663.65,120,1668.95,60,669300
2026-04-10T11:11:10.922,NF,BANKNIFTY28APR2655000CE,1666.4,1555.55,1704.15,1241.7,1182.6,819780,1527.72,1661.6,90,1666.65,60,669300
2026-04-10T11:11:12.323,NF,BANKNIFTY28APR2655000CE,1666.25,1555.55,1704.15,1241.7,1182.6,819810,1527.73,1662.2,120,1666.25,600,669300
2026-04-10T11:11:13.545,NF,BANKNIFTY28APR2655000CE,1662.2,1555.55,1704.15,1241.7,1182.6,819990,1527.76,1660.0,60,1663.65,60,669300
2026-04-10T11:11:14.736,NF,BANKNIFTY28APR2655000CE,1661.4,1555.55,1704.15,1241.7,1182.6,820440,1527.83,1656.5,30,1661.05,90,669300
2026-04-10T11:11:15.940,NF,BANKNIFTY28APR2655000CE,1659.85,1555.55,1704.15,1241.7,1182.6,820470,1527.83,1655.0,30,1659.4,60,669300
2026-04-10T11:11:18.335,NF,BANKNIFTY28APR2655000CE,1655.0,1555.55,1704.15,1241.7,1182.6,820530,1527.84,1654.25,90,1659.1,60,669300
2026-04-10T11:11:23.148,NF,BANKNIFTY28APR2655000CE,1657.8,1555.55,1704.15,1241.7,1182.6,820620,1527.86,1653.5,90,1657.9,120,669300
2026-04-10T11:11:26.744,NF,BANKNIFTY28APR2655000CE,1657.15,1555.55,1704.15,1241.7,1182.6,820680,1527.87,1653.7,30,1656.35,390,669300
2026-04-10T11:11:27.946,NF,BANKNIFTY28APR2655000CE,1655.05,1555.55,1704.15,1241.7,1182.6,820740,1527.88,1649.75,90,1654.9,120,669300
2026-04-10T11:11:29.152,NF,BANKNIFTY28APR2655000CE,1654.8,1555.55,1704.15,1241.7,1182.6,820800,1527.89,1652.8,60,1658.15,30,669300
2026-04-10T11:11:30.351,NF,BANKNIFTY28APR2655000CE,1654.05,1555.55,1704.15,1241.7,1182.6,820830,1527.89,1653.65,180,1658.75,30,669300
2026-04-10T11:11:35.356,NF,BANKNIFTY28APR2655000CE,1658.45,1555.55,1704.15,1241.7,1182.6,821070,1527.93,1656.95,30,1658.0,60,669300
2026-04-10T11:11:37.762,NF,BANKNIFTY28APR2655000CE,1657.15,1555.55,1704.15,1241.7,1182.6,821220,1527.95,1649.85,120,1655.15,120,669300
2026-04-10T11:11:38.962,NF,BANKNIFTY28APR2655000CE,1654.9,1555.55,1704.15,1241.7,1182.6,821280,1527.96,1648.55,90,1653.6,630,669300
2026-04-10T11:11:40.171,NF,BANKNIFTY28APR2655000CE,1653.6,1555.55,1704.15,1241.7,1182.6,821340,1527.97,1648.75,90,1653.55,90,669300
2026-04-10T11:11:41.366,NF,BANKNIFTY28APR2655000CE,1650.05,1555.55,1704.15,1241.7,1182.6,822270,1528.11,1644.55,120,1650.1,210,669300
2026-04-10T11:11:43.967,NF,BANKNIFTY28APR2655000CE,1648.1,1555.55,1704.15,1241.7,1182.6,822390,1528.13,1644.25,60,1649.8,60,669300
2026-04-10T11:11:46.370,NF,BANKNIFTY28APR2655000CE,1648.75,1555.55,1704.15,1241.7,1182.6,822450,1528.14,1646.35,90,1651.7,60,669300
2026-04-10T11:11:47.584,NF,BANKNIFTY28APR2655000CE,1649.95,1555.55,1704.15,1241.7,1182.6,822510,1528.14,1644.6,30,1649.4,120,669300
2026-04-10T11:11:49.978,NF,BANKNIFTY28APR2655000CE,1649.5,1555.55,1704.15,1241.7,1182.6,822810,1528.19,1644.4,90,1649.45,120,669300
2026-04-10T11:11:51.984,NF,BANKNIFTY28APR2655000CE,1650.0,1555.55,1704.15,1241.7,1182.6,822870,1528.2,1646.75,90,1651.8,60,669300
2026-04-10T11:11:53.183,NF,BANKNIFTY28APR2655000CE,1649.0,1555.55,1704.15,1241.7,1182.6,822930,1528.21,1645.9,90,1650.85,60,669300
2026-04-10T11:11:54.390,NF,BANKNIFTY28APR2655000CE,1650.85,1555.55,1704.15,1241.7,1182.6,822960,1528.21,1649.5,30,1651.55,600,669300
2026-04-10T11:11:59.392,NF,BANKNIFTY28APR2655000CE,1646.55,1555.55,1704.15,1241.7,1182.6,823020,1528.22,1647.3,60,1652.7,630,669300
2026-04-10T11:12:03.197,NF,BANKNIFTY28APR2655000CE,1650.85,1555.55,1704.15,1241.7,1182.6,823080,1528.23,1648.25,30,1652.05,90,669300
2026-04-10T11:12:06.803,NF,BANKNIFTY28APR2655000CE,1652.05,1555.55,1704.15,1241.7,1182.6,823140,1528.24,1648.25,30,1652.05,570,669300
2026-04-10T11:12:08.011,NF,BANKNIFTY28APR2655000CE,1648.25,1555.55,1704.15,1241.7,1182.6,823170,1528.24,1645.65,120,1650.7,30,669300
2026-04-10T11:12:09.404,NF,BANKNIFTY28APR2655000CE,1648.25,1555.55,1704.15,1241.7,1182.6,823290,1528.26,1641.65,210,1647.65,30,669300
2026-04-10T11:12:10.658,NF,BANKNIFTY28APR2655000CE,1647.3,1555.55,1704.15,1241.7,1182.6,823320,1528.26,1642.45,210,1647.85,720,669300
2026-04-10T11:12:13.014,NF,BANKNIFTY28APR2655000CE,1645.2,1555.55,1704.15,1241.7,1182.6,823440,1528.28,1640.2,120,1645.25,60,669300
2026-04-10T11:12:14.415,NF,BANKNIFTY28APR2655000CE,1643.8,1555.55,1704.15,1241.7,1182.6,823500,1528.29,1640.0,30,1643.75,150,669300
2026-04-10T11:12:16.825,NF,BANKNIFTY28APR2655000CE,1643.9,1555.55,1704.15,1241.7,1182.6,823560,1528.3,1641.8,90,1647.1,60,669300
2026-04-10T11:12:20.627,NF,BANKNIFTY28APR2655000CE,1643.65,1555.55,1704.15,1241.7,1182.6,823620,1528.31,1643.05,30,1648.45,60,669300
2026-04-10T11:12:30.443,NF,BANKNIFTY28APR2655000CE,1642.6,1555.55,1704.15,1241.7,1182.6,823650,1528.31,1643.75,60,1649.9,120,669300
2026-04-10T11:12:42.665,NF,BANKNIFTY28APR2655000CE,1645.45,1555.55,1704.15,1241.7,1182.6,823680,1528.31,1645.3,120,1650.0,180,669300
2026-04-10T11:12:53.682,NF,BANKNIFTY28APR2655000CE,1647.0,1555.55,1704.15,1241.7,1182.6,823710,1528.32,1643.0,60,1647.85,60,669300
2026-04-10T11:12:58.698,NF,BANKNIFTY28APR2655000CE,1650.0,1555.55,1704.15,1241.7,1182.6,823980,1528.36,1648.25,60,1653.6,120,669300
2026-04-10T11:13:08.711,NF,BANKNIFTY28APR2655000CE,1649.35,1555.55,1704.15,1241.7,1182.6,824010,1528.36,1650.0,120,1654.85,630,669300
2026-04-10T11:13:10.102,NF,BANKNIFTY28APR2655000CE,1654.85,1555.55,1704.15,1241.7,1182.6,824070,1528.37,1651.15,150,1656.4,60,669300
2026-04-10T11:13:26.330,NF,BANKNIFTY28APR2655000CE,1654.0,1555.55,1704.15,1241.7,1182.6,824130,1528.38,1649.95,60,1655.6,30,669300
2026-04-10T11:13:28.756,NF,BANKNIFTY28APR2655000CE,1653.9,1555.55,1704.15,1241.7,1182.6,824190,1528.39,1648.6,240,1653.5,30,669300
2026-04-10T11:13:31.344,NF,BANKNIFTY28APR2655000CE,1656.85,1555.55,1704.15,1241.7,1182.6,824280,1528.4,1651.25,90,1656.75,120,669300
2026-04-10T11:13:38.745,NF,BANKNIFTY28APR2655000CE,1653.9,1555.55,1704.15,1241.7,1182.6,824310,1528.41,1652.1,120,1657.35,60,669060
2026-04-10T11:13:39.950,NF,BANKNIFTY28APR2655000CE,1657.5,1555.55,1704.15,1241.7,1182.6,824370,1528.42,1652.9,90,1658.3,60,669060
2026-04-10T11:13:41.155,NF,BANKNIFTY28APR2655000CE,1658.05,1555.55,1704.15,1241.7,1182.6,824400,1528.42,1652.3,90,1657.05,60,669060
2026-04-10T11:13:42.357,NF,BANKNIFTY28APR2655000CE,1654.6,1555.55,1704.15,1241.7,1182.6,824490,1528.44,1649.95,90,1655.15,120,669060
2026-04-10T11:13:43.755,NF,BANKNIFTY28APR2655000CE,1650.9,1555.55,1704.15,1241.7,1182.6,824610,1528.45,1644.45,60,1650.9,120,669060
2026-04-10T11:13:49.767,NF,BANKNIFTY28APR2655000CE,1649.45,1555.55,1704.15,1241.7,1182.6,824910,1528.5,1643.85,60,1649.05,60,669060
2026-04-10T11:13:57.188,NF,BANKNIFTY28APR2655000CE,1644.25,1555.55,1704.15,1241.7,1182.6,824970,1528.51,1643.6,90,1648.9,60,669060
2026-04-10T11:14:10.997,NF,BANKNIFTY28APR2655000CE,1647.35,1555.55,1704.15,1241.7,1182.6,825030,1528.52,1644.0,30,1647.35,540,669060
2026-04-10T11:14:17.223,NF,BANKNIFTY28APR2655000CE,1644.0,1555.55,1704.15,1241.7,1182.6,825060,1528.52,1643.0,120,1647.15,60,669060
2026-04-10T11:14:22.223,NF,BANKNIFTY28APR2655000CE,1644.0,1555.55,1704.15,1241.7,1182.6,825090,1528.52,1641.25,30,1645.55,90,669060
2026-04-10T11:14:48.250,NF,BANKNIFTY28APR2655000CE,1642.0,1555.55,1704.15,1241.7,1182.6,825120,1528.53,1641.05,120,1645.35,600,669060
2026-04-10T11:14:49.463,NF,BANKNIFTY28APR2655000CE,1641.0,1555.55,1704.15,1241.7,1182.6,825240,1528.54,1640.0,150,1645.1,60,669060
2026-04-10T11:14:53.481,NF,BANKNIFTY28APR2655000CE,1644.5,1555.55,1704.15,1241.7,1182.6,825270,1528.55,1640.0,30,1644.35,90,669060
2026-04-10T11:14:55.887,NF,BANKNIFTY28APR2655000CE,1645.2,1555.55,1704.15,1241.7,1182.6,825330,1528.56,1642.3,90,1647.25,60,669060
2026-04-10T11:14:58.479,NF,BANKNIFTY28APR2655000CE,1646.6,1555.55,1704.15,1241.7,1182.6,825390,1528.57,1641.95,30,1646.3,150,669060
2026-04-10T11:14:59.674,NF,BANKNIFTY28APR2655000CE,1648.0,1555.55,1704.15,1241.7,1182.6,825540,1528.59,1645.85,90,1651.35,90,669060
2026-04-10T11:15:00.868,NF,BANKNIFTY28APR2655000CE,1651.35,1555.55,1704.15,1241.7,1182.6,825600,1528.6,1647.05,120,1651.4,60,669060
2026-04-10T11:15:02.082,NF,BANKNIFTY28APR2655000CE,1648.8,1555.55,1704.15,1241.7,1182.6,825630,1528.6,1647.25,120,1652.45,30,669060
2026-04-10T11:15:05.875,NF,BANKNIFTY28APR2655000CE,1652.4,1555.55,1704.15,1241.7,1182.6,825690,1528.61,1647.45,120,1652.4,570,669060
2026-04-10T11:15:09.495,NF,BANKNIFTY28APR2655000CE,1651.0,1555.55,1704.15,1241.7,1182.6,825780,1528.62,1649.4,120,1654.0,630,669060
2026-04-10T11:15:20.730,NF,BANKNIFTY28APR2655000CE,1651.8,1555.55,1704.15,1241.7,1182.6,825870,1528.64,1647.2,90,1652.0,30,669060
2026-04-10T11:15:23.110,NF,BANKNIFTY28APR2655000CE,1646.55,1555.55,1704.15,1241.7,1182.6,825900,1528.64,1647.0,60,1651.95,120,669060
2026-04-10T11:15:43.131,NF,BANKNIFTY28APR2655000CE,1640.0,1555.55,1704.15,1241.7,1182.6,825960,1528.65,1637.0,30,1640.25,180,669060
2026-04-10T11:15:47.952,NF,BANKNIFTY28APR2655000CE,1636.0,1555.55,1704.15,1241.7,1182.6,826020,1528.66,1633.0,30,1635.5,60,669060
2026-04-10T11:15:53.954,NF,BANKNIFTY28APR2655000CE,1633.0,1555.55,1704.15,1241.7,1182.6,826080,1528.66,1627.0,30,1631.5,90,669060
2026-04-10T11:15:55.159,NF,BANKNIFTY28APR2655000CE,1627.0,1555.55,1704.15,1241.7,1182.6,826110,1528.67,1625.1,60,1630.0,30,669060
2026-04-10T11:16:02.768,NF,BANKNIFTY28APR2655000CE,1638.25,1555.55,1704.15,1241.7,1182.6,826140,1528.67,1633.95,30,1638.35,30,669060
2026-04-10T11:16:11.379,NF,BANKNIFTY28APR2655000CE,1633.15,1555.55,1704.15,1241.7,1182.6,826200,1528.68,1627.95,60,1633.6,150,669060
2026-04-10T11:16:19.810,NF,BANKNIFTY28APR2655000CE,1636.05,1555.55,1704.15,1241.7,1182.6,826260,1528.69,1630.25,60,1636.05,90,669060
2026-04-10T11:16:21.190,NF,BANKNIFTY28APR2655000CE,1635.15,1555.55,1704.15,1241.7,1182.6,826320,1528.7,1627.7,60,1634.05,30,669060
2026-04-10T11:16:22.395,NF,BANKNIFTY28APR2655000CE,1633.6,1555.55,1704.15,1241.7,1182.6,826350,1528.7,1628.2,30,1633.5,180,669060
2026-04-10T11:16:24.814,NF,BANKNIFTY28APR2655000CE,1633.65,1555.55,1704.15,1241.7,1182.6,826410,1528.71,1627.0,30,1632.0,210,669060
2026-04-10T11:16:34.614,NF,BANKNIFTY28APR2655000CE,1628.65,1555.55,1704.15,1241.7,1182.6,826440,1528.71,1628.8,60,1634.3,60,669060
2026-04-10T11:16:40.631,NF,BANKNIFTY28APR2655000CE,1633.65,1555.55,1704.15,1241.7,1182.6,826530,1528.72,1630.2,180,1633.65,180,669060
2026-04-10T11:16:42.038,NF,BANKNIFTY28APR2655000CE,1633.65,1555.55,1704.15,1241.7,1182.6,826560,1528.73,1629.2,90,1633.65,810,669480
2026-04-10T11:16:45.654,NF,BANKNIFTY28APR2655000CE,1627.0,1555.55,1704.15,1241.7,1182.6,826590,1528.73,1625.5,60,1631.5,60,669480
2026-04-10T11:16:51.439,NF,BANKNIFTY28APR2655000CE,1633.3,1555.55,1704.15,1241.7,1182.6,826740,1528.75,1628.2,90,1633.45,90,669480
2026-04-10T11:16:53.851,NF,BANKNIFTY28APR2655000CE,1627.0,1555.55,1704.15,1241.7,1182.6,826770,1528.75,1625.65,30,1630.9,120,669480
2026-04-10T11:16:56.448,NF,BANKNIFTY28APR2655000CE,1633.65,1555.55,1704.15,1241.7,1182.6,826920,1528.77,1626.5,60,1632.15,90,669480
2026-04-10T11:17:00.067,NF,BANKNIFTY28APR2655000CE,1631.9,1555.55,1704.15,1241.7,1182.6,826950,1528.77,1626.95,90,1632.25,630,669480
2026-04-10T11:17:05.067,NF,BANKNIFTY28APR2655000CE,1626.55,1555.55,1704.15,1241.7,1182.6,826980,1528.78,1626.3,90,1631.65,60,669480
2026-04-10T11:17:10.080,NF,BANKNIFTY28APR2655000CE,1630.2,1555.55,1704.15,1241.7,1182.6,827010,1528.78,1625.75,90,1630.95,60,669480
2026-04-10T11:17:16.486,NF,BANKNIFTY28APR2655000CE,1631.9,1555.55,1704.15,1241.7,1182.6,827520,1528.84,1625.2,90,1630.45,90,669480
2026-04-10T11:17:22.697,NF,BANKNIFTY28APR2655000CE,1623.2,1555.55,1704.15,1241.7,1182.6,827550,1528.85,1623.3,90,1628.4,60,669480
2026-04-10T11:17:32.715,NF,BANKNIFTY28APR2655000CE,1623.0,1555.55,1704.15,1241.7,1182.6,827640,1528.86,1620.0,60,1623.85,60,669480
2026-04-10T11:17:36.512,NF,BANKNIFTY28APR2655000CE,1620.0,1555.55,1704.15,1241.7,1182.6,827670,1528.86,1620.0,30,1623.4,60,669480
2026-04-10T11:17:37.721,NF,BANKNIFTY28APR2655000CE,1620.0,1555.55,1704.15,1241.7,1182.6,827700,1528.87,1616.9,210,1622.15,60,669480
2026-04-10T11:17:40.127,NF,BANKNIFTY28APR2655000CE,1620.45,1555.55,1704.15,1241.7,1182.6,827790,1528.87,1615.0,150,1619.8,150,669480
2026-04-10T11:17:45.129,NF,BANKNIFTY28APR2655000CE,1615.0,1555.55,1704.15,1241.7,1182.6,827940,1528.89,1610.6,90,1615.65,600,669480
2026-04-10T11:17:56.348,NF,BANKNIFTY28APR2655000CE,1612.4,1555.55,1704.15,1241.7,1182.6,828030,1528.9,1609.15,30,1612.4,90,669480
2026-04-10T11:17:59.953,NF,BANKNIFTY28APR2655000CE,1611.95,1555.55,1704.15,1241.7,1182.6,828060,1528.9,1609.15,30,1611.85,60,669480
2026-04-10T11:18:03.561,NF,BANKNIFTY28APR2655000CE,1610.0,1555.55,1704.15,1241.7,1182.6,828120,1528.91,1609.15,30,1611.45,600,669480
2026-04-10T11:18:07.361,NF,BANKNIFTY28APR2655000CE,1612.5,1555.55,1704.15,1241.7,1182.6,828150,1528.91,1609.15,30,1611.95,30,669480
2026-04-10T11:18:13.377,NF,BANKNIFTY28APR2655000CE,1611.05,1555.55,1704.15,1241.7,1182.6,828210,1528.92,1609.15,30,1611.05,60,669480
2026-04-10T11:18:14.772,NF,BANKNIFTY28APR2655000CE,1609.15,1555.55,1704.15,1241.7,1182.6,828240,1528.92,1606.05,120,1610.75,30,669480
2026-04-10T11:18:20.980,NF,BANKNIFTY28APR2655000CE,1612.45,1555.55,1704.15,1241.7,1182.6,828570,1528.95,1612.1,60,1617.3,150,669480
2026-04-10T11:18:22.194,NF,BANKNIFTY28APR2655000CE,1617.25,1555.55,1704.15,1241.7,1182.6,828660,1528.96,1611.7,90,1617.05,60,669480
2026-04-10T11:18:30.807,NF,BANKNIFTY28APR2655000CE,1606.4,1555.55,1704.15,1241.7,1182.6,828960,1528.99,1606.65,120,1612.45,60,669480
2026-04-10T11:18:41.817,NF,BANKNIFTY28APR2655000CE,1615.85,1555.55,1704.15,1241.7,1182.6,828990,1528.99,1610.35,120,1615.0,60,669480
2026-04-10T11:18:49.230,NF,BANKNIFTY28APR2655000CE,1613.85,1555.55,1704.15,1241.7,1182.6,829020,1529.0,1608.75,90,1613.75,90,669480
2026-04-10T11:18:55.642,NF,BANKNIFTY28APR2655000CE,1608.0,1555.55,1704.15,1241.7,1182.6,829170,1529.01,1607.45,90,1612.85,120,669480
2026-04-10T11:18:58.238,NF,BANKNIFTY28APR2655000CE,1606.9,1555.55,1704.15,1241.7,1182.6,829320,1529.03,1607.1,180,1612.4,30,669480
2026-04-10T11:18:59.447,NF,BANKNIFTY28APR2655000CE,1606.65,1555.55,1704.15,1241.7,1182.6,829470,1529.04,1606.4,60,1609.75,60,669480
2026-04-10T11:19:00.643,NF,BANKNIFTY28APR2655000CE,1609.65,1555.55,1704.15,1241.7,1182.6,829500,1529.04,1606.4,90,1611.0,60,669480
2026-04-10T11:19:05.643,NF,BANKNIFTY28APR2655000CE,1614.25,1555.55,1704.15,1241.7,1182.6,829560,1529.05,1608.95,60,1613.75,90,669480
2026-04-10T11:19:11.859,NF,BANKNIFTY28APR2655000CE,1610.95,1555.55,1704.15,1241.7,1182.6,829590,1529.05,1606.45,120,1611.15,600,669480
2026-04-10T11:19:34.094,NF,BANKNIFTY28APR2655000CE,1619.5,1555.55,1704.15,1241.7,1182.6,829710,1529.06,1613.75,150,1618.6,270,669480
2026-04-10T11:19:37.896,NF,BANKNIFTY28APR2655000CE,1618.9,1555.55,1704.15,1241.7,1182.6,829740,1529.07,1613.95,90,1618.9,600,669480
2026-04-10T11:19:39.107,NF,BANKNIFTY28APR2655000CE,1618.55,1555.55,1704.15,1241.7,1182.6,829770,1529.07,1613.35,90,1618.25,60,669480
2026-04-10T11:19:47.909,NF,BANKNIFTY28APR2655000CE,1615.25,1555.55,1704.15,1241.7,1182.6,829800,1529.07,1615.95,120,1620.65,60,670320
2026-04-10T11:19:49.104,NF,BANKNIFTY28APR2655000CE,1622.65,1555.55,1704.15,1241.7,1182.6,829830,1529.08,1618.1,60,1622.9,90,670320
2026-04-10T11:19:50.316,NF,BANKNIFTY28APR2655000CE,1623.2,1555.55,1704.15,1241.7,1182.6,829890,1529.08,1620.85,90,1625.7,150,670320
2026-04-10T11:19:52.711,NF,BANKNIFTY28APR2655000CE,1626.3,1555.55,1704.15,1241.7,1182.6,829950,1529.09,1620.95,150,1625.65,60,670320
2026-04-10T11:19:53.914,NF,BANKNIFTY28APR2655000CE,1625.65,1555.55,1704.15,1241.7,1182.6,829980,1529.09,1621.8,120,1626.3,660,670320
2026-04-10T11:20:02.729,NF,BANKNIFTY28APR2655000CE,1629.05,1555.55,1704.15,1241.7,1182.6,830010,1529.1,1628.9,30,1633.55,90,670320
2026-04-10T11:20:11.339,NF,BANKNIFTY28APR2655000CE,1626.9,1555.55,1704.15,1241.7,1182.6,830040,1529.1,1627.35,150,1632.25,600,670320
2026-04-10T11:20:18.952,NF,BANKNIFTY28APR2655000CE,1634.85,1555.55,1704.15,1241.7,1182.6,830160,1529.12,1630.0,120,1634.85,630,670320
2026-04-10T11:20:20.163,NF,BANKNIFTY28APR2655000CE,1630.0,1555.55,1704.15,1241.7,1182.6,830190,1529.12,1626.8,60,1631.9,30,670320
2026-04-10T11:20:28.981,NF,BANKNIFTY28APR2655000CE,1628.0,1555.55,1704.15,1241.7,1182.6,830220,1529.12,1625.0,60,1627.9,30,670320
2026-04-10T11:20:30.198,NF,BANKNIFTY28APR2655000CE,1627.9,1555.55,1704.15,1241.7,1182.6,830250,1529.13,1625.0,60,1627.85,360,670320
2026-04-10T11:20:31.373,NF,BANKNIFTY28APR2655000CE,1630.6,1555.55,1704.15,1241.7,1182.6,830280,1529.13,1625.35,90,1630.45,60,670320
2026-04-10T11:20:32.584,NF,BANKNIFTY28APR2655000CE,1630.9,1555.55,1704.15,1241.7,1182.6,830310,1529.13,1625.55,120,1630.5,60,670320
2026-04-10T11:20:38.990,NF,BANKNIFTY28APR2655000CE,1631.0,1555.55,1704.15,1241.7,1182.6,830340,1529.14,1626.55,90,1631.0,630,670320
2026-04-10T11:20:41.396,NF,BANKNIFTY28APR2655000CE,1630.75,1555.55,1704.15,1241.7,1182.6,830460,1529.15,1625.0,150,1629.55,60,670320
2026-04-10T11:20:42.602,NF,BANKNIFTY28APR2655000CE,1630.0,1555.55,1704.15,1241.7,1182.6,830490,1529.16,1625.0,60,1628.65,120,670320
2026-04-10T11:20:45.212,NF,BANKNIFTY28APR2655000CE,1629.15,1555.55,1704.15,1241.7,1182.6,830550,1529.16,1625.0,90,1629.4,60,670320
2026-04-10T11:20:46.397,NF,BANKNIFTY28APR2655000CE,1628.7,1555.55,1704.15,1241.7,1182.6,830580,1529.17,1625.0,150,1628.7,600,670320
2026-04-10T11:21:11.037,NF,BANKNIFTY28APR2655000CE,1628.95,1555.55,1704.15,1241.7,1182.6,830610,1529.17,1625.0,210,1628.55,120,670320
2026-04-10T11:21:12.236,NF,BANKNIFTY28APR2655000CE,1625.0,1555.55,1704.15,1241.7,1182.6,830820,1529.2,1622.0,30,1625.3,30,670320
2026-04-10T11:21:14.648,NF,BANKNIFTY28APR2655000CE,1624.55,1555.55,1704.15,1241.7,1182.6,830850,1529.2,1622.0,30,1624.6,630,670320
2026-04-10T11:21:20.854,NF,BANKNIFTY28APR2655000CE,1622.0,1555.55,1704.15,1241.7,1182.6,830880,1529.2,1615.0,60,1620.85,60,670320
2026-04-10T11:21:24.651,NF,BANKNIFTY28APR2655000CE,1620.2,1555.55,1704.15,1241.7,1182.6,830910,1529.21,1615.15,90,1620.15,600,670320
2026-04-10T11:21:29.488,NF,BANKNIFTY28APR2655000CE,1616.75,1555.55,1704.15,1241.7,1182.6,830970,1529.21,1610.35,120,1615.85,30,670320
2026-04-10T11:21:30.690,NF,BANKNIFTY28APR2655000CE,1615.25,1555.55,1704.15,1241.7,1182.6,831060,1529.22,1610.0,180,1614.55,120,670320
2026-04-10T11:21:34.280,NF,BANKNIFTY28APR2655000CE,1620.2,1555.55,1704.15,1241.7,1182.6,831090,1529.22,1616.85,90,1620.2,60,670320
2026-04-10T11:21:38.097,NF,BANKNIFTY28APR2655000CE,1624.7,1555.55,1704.15,1241.7,1182.6,831180,1529.23,1619.4,90,1624.1,60,670320
2026-04-10T11:21:41.693,NF,BANKNIFTY28APR2655000CE,1631.0,1555.55,1704.15,1241.7,1182.6,831240,1529.24,1627.2,180,1631.0,30,670320
2026-04-10T11:21:42.887,NF,BANKNIFTY28APR2655000CE,1631.0,1555.55,1704.15,1241.7,1182.6,831270,1529.24,1628.35,60,1633.45,120,670320
2026-04-10T11:21:51.511,NF,BANKNIFTY28APR2655000CE,1629.2,1555.55,1704.15,1241.7,1182.6,831330,1529.25,1627.95,30,1633.15,120,670320
2026-04-10T11:21:52.694,NF,BANKNIFTY28APR2655000CE,1632.5,1555.55,1704.15,1241.7,1182.6,831360,1529.26,1627.25,120,1632.45,60,670320
2026-04-10T11:21:56.300,NF,BANKNIFTY28APR2655000CE,1632.25,1555.55,1704.15,1241.7,1182.6,831390,1529.26,1625.65,30,1629.9,60,670320
2026-04-10T11:21:57.515,NF,BANKNIFTY28APR2655000CE,1625.65,1555.55,1704.15,1241.7,1182.6,831420,1529.26,1622.65,30,1628.0,120,670320
2026-04-10T11:21:58.737,NF,BANKNIFTY28APR2655000CE,1627.4,1555.55,1704.15,1241.7,1182.6,831450,1529.27,1621.85,150,1626.55,30,670320
2026-04-10T11:22:02.513,NF,BANKNIFTY28APR2655000CE,1626.1,1555.55,1704.15,1241.7,1182.6,831510,1529.27,1621.7,120,1626.15,60,670320
2026-04-10T11:22:03.731,NF,BANKNIFTY28APR2655000CE,1626.2,1555.55,1704.15,1241.7,1182.6,831570,1529.28,1621.8,150,1626.2,540,670320
2026-04-10T11:22:14.971,NF,BANKNIFTY28APR2655000CE,1622.5,1555.55,1704.15,1241.7,1182.6,831630,1529.29,1621.9,90,1626.7,150,670320
2026-04-10T11:22:17.354,NF,BANKNIFTY28APR2655000CE,1621.75,1555.55,1704.15,1241.7,1182.6,831660,1529.29,1621.7,30,1624.55,30,670320
2026-04-10T11:22:18.748,NF,BANKNIFTY28APR2655000CE,1625.9,1555.55,1704.15,1241.7,1182.6,831720,1529.3,1622.45,60,1628.65,30,670320
2026-04-10T11:22:21.159,NF,BANKNIFTY28APR2655000CE,1628.0,1555.55,1704.15,1241.7,1182.6,831750,1529.3,1622.65,120,1627.8,60,670320
2026-04-10T11:22:23.564,NF,BANKNIFTY28APR2655000CE,1626.55,1555.55,1704.15,1241.7,1182.6,831780,1529.3,1621.55,90,1627.3,60,670320
2026-04-10T11:22:27.360,NF,BANKNIFTY28APR2655000CE,1626.05,1555.55,1704.15,1241.7,1182.6,831810,1529.31,1621.35,150,1626.05,630,670320
2026-04-10T11:22:41.202,NF,BANKNIFTY28APR2655000CE,1631.0,1555.55,1704.15,1241.7,1182.6,831960,1529.33,1626.8,90,1632.45,150,670110
2026-04-10T11:23:00.401,NF,BANKNIFTY28APR2655000CE,1633.1,1555.55,1704.15,1241.7,1182.6,831990,1529.33,1627.05,120,1633.15,90,670110
2026-04-10T11:23:05.416,NF,BANKNIFTY28APR2655000CE,1629.25,1555.55,1704.15,1241.7,1182.6,832050,1529.34,1623.3,90,1629.1,90,670110
2026-04-10T11:23:06.622,NF,BANKNIFTY28APR2655000CE,1629.25,1555.55,1704.15,1241.7,1182.6,832080,1529.34,1624.55,210,1629.25,1440,670110
2026-04-10T11:23:07.820,NF,BANKNIFTY28APR2655000CE,1629.25,1555.55,1704.15,1241.7,1182.6,832140,1529.35,1625.5,150,1629.25,1350,670110
2026-04-10T11:23:09.225,NF,BANKNIFTY28APR2655000CE,1629.25,1555.55,1704.15,1241.7,1182.6,832170,1529.35,1620.85,60,1626.25,30,670110
2026-04-10T11:23:15.439,NF,BANKNIFTY28APR2655000CE,1620.75,1555.55,1704.15,1241.7,1182.6,832470,1529.38,1620.0,30,1624.65,90,670110
2026-04-10T11:23:16.659,NF,BANKNIFTY28APR2655000CE,1620.0,1555.55,1704.15,1241.7,1182.6,832800,1529.42,1615.85,120,1620.0,1020,670110
2026-04-10T11:23:17.825,NF,BANKNIFTY28APR2655000CE,1620.0,1555.55,1704.15,1241.7,1182.6,832860,1529.43,1615.0,30,1619.55,60,670110
2026-04-10T11:23:19.225,NF,BANKNIFTY28APR2655000CE,1619.15,1555.55,1704.15,1241.7,1182.6,832890,1529.43,1615.0,30,1619.1,240,670110
2026-04-10T11:23:20.427,NF,BANKNIFTY28APR2655000CE,1619.05,1555.55,1704.15,1241.7,1182.6,832950,1529.44,1615.0,30,1618.8,120,670110
2026-04-10T11:23:22.840,NF,BANKNIFTY28APR2655000CE,1618.8,1555.55,1704.15,1241.7,1182.6,832980,1529.44,1615.0,30,1618.75,90,670110
2026-04-10T11:23:25.435,NF,BANKNIFTY28APR2655000CE,1615.0,1555.55,1704.15,1241.7,1182.6,833010,1529.44,1611.25,150,1615.95,90,670110
2026-04-10T11:23:26.706,NF,BANKNIFTY28APR2655000CE,1615.95,1555.55,1704.15,1241.7,1182.6,833040,1529.45,1611.0,90,1616.05,90,670110
2026-04-10T11:23:32.674,NF,BANKNIFTY28APR2655000CE,1615.95,1555.55,1704.15,1241.7,1182.6,833070,1529.45,1611.35,90,1616.5,120,670110
2026-04-10T11:23:34.052,NF,BANKNIFTY28APR2655000CE,1610.0,1555.55,1704.15,1241.7,1182.6,834000,1529.54,1610.45,150,1615.6,120,670110
2026-04-10T11:23:35.266,NF,BANKNIFTY28APR2655000CE,1615.6,1555.55,1704.15,1241.7,1182.6,834060,1529.55,1610.7,120,1615.95,150,670110
2026-04-10T11:23:42.467,NF,BANKNIFTY28APR2655000CE,1619.3,1555.55,1704.15,1241.7,1182.6,834090,1529.55,1620.15,120,1624.0,90,670110
2026-04-10T11:23:45.083,NF,BANKNIFTY28APR2655000CE,1624.0,1555.55,1704.15,1241.7,1182.6,834120,1529.55,1619.8,150,1624.0,60,670110
2026-04-10T11:23:46.263,NF,BANKNIFTY28APR2655000CE,1624.0,1555.55,1704.15,1241.7,1182.6,834150,1529.56,1620.85,90,1624.0,30,670110
2026-04-10T11:23:47.474,NF,BANKNIFTY28APR2655000CE,1625.2,1555.55,1704.15,1241.7,1182.6,834210,1529.56,1620.65,90,1626.3,120,670110
2026-04-10T11:24:02.294,NF,BANKNIFTY28APR2655000CE,1622.55,1555.55,1704.15,1241.7,1182.6,834240,1529.57,1618.05,30,1623.3,120,670110
2026-04-10T11:24:04.688,NF,BANKNIFTY28APR2655000CE,1621.85,1555.55,1704.15,1241.7,1182.6,834270,1529.57,1617.1,120,1622.2,150,670110
2026-04-10T11:24:07.127,NF,BANKNIFTY28APR2655000CE,1618.9,1555.55,1704.15,1241.7,1182.6,834300,1529.57,1613.25,150,1618.9,90,670110
2026-04-10T11:24:08.296,NF,BANKNIFTY28APR2655000CE,1618.0,1555.55,1704.15,1241.7,1182.6,834330,1529.58,1614.05,120,1620.3,120,670110
2026-04-10T11:24:09.497,NF,BANKNIFTY28APR2655000CE,1617.4,1555.55,1704.15,1241.7,1182.6,834390,1529.58,1611.35,180,1617.35,90,670110
2026-04-10T11:24:25.519,NF,BANKNIFTY28APR2655000CE,1612.7,1555.55,1704.15,1241.7,1182.6,834420,1529.59,1607.35,150,1612.7,120,670110
2026-04-10T11:24:31.745,NF,BANKNIFTY28APR2655000CE,1612.7,1555.55,1704.15,1241.7,1182.6,834450,1529.59,1606.45,90,1612.45,90,670110
2026-04-10T11:24:34.140,NF,BANKNIFTY28APR2655000CE,1612.7,1555.55,1704.15,1241.7,1182.6,834480,1529.59,1607.7,90,1613.25,120,670110
2026-04-10T11:24:35.337,NF,BANKNIFTY28APR2655000CE,1607.5,1555.55,1704.15,1241.7,1182.6,834540,1529.6,1605.9,30,1611.7,90,670110
2026-04-10T11:24:36.737,NF,BANKNIFTY28APR2655000CE,1612.7,1555.55,1704.15,1241.7,1182.6,834570,1529.6,1606.45,90,1612.6,120,670110
2026-04-10T11:24:39.134,NF,BANKNIFTY28APR2655000CE,1612.65,1555.55,1704.15,1241.7,1182.6,834600,1529.6,1606.85,90,1612.55,120,670110
2026-04-10T11:24:40.339,NF,BANKNIFTY28APR2655000CE,1612.45,1555.55,1704.15,1241.7,1182.6,834630,1529.61,1605.9,30,1611.55,90,670110
2026-04-10T11:24:43.948,NF,BANKNIFTY28APR2655000CE,1605.05,1555.55,1704.15,1241.7,1182.6,835800,1529.71,1605.7,60,1611.3,90,670110
2026-04-10T11:24:45.360,NF,BANKNIFTY28APR2655000CE,1611.2,1555.55,1704.15,1241.7,1182.6,835860,1529.72,1605.0,60,1609.4,90,670110
2026-04-10T11:24:47.750,NF,BANKNIFTY28APR2655000CE,1611.05,1555.55,1704.15,1241.7,1182.6,835890,1529.72,1605.15,120,1611.2,60,670110
2026-04-10T11:24:51.374,NF,BANKNIFTY28APR2655000CE,1604.05,1555.55,1704.15,1241.7,1182.6,836370,1529.76,1604.55,60,1610.65,30,670110
2026-04-10T11:24:52.554,NF,BANKNIFTY28APR2655000CE,1604.85,1555.55,1704.15,1241.7,1182.6,836400,1529.77,1605.55,120,1611.45,60,670110
2026-04-10T11:24:53.797,NF,BANKNIFTY28APR2655000CE,1608.85,1555.55,1704.15,1241.7,1182.6,836430,1529.77,1608.75,30,1613.65,60,670110
2026-04-10T11:24:57.387,NF,BANKNIFTY28APR2655000CE,1610.7,1555.55,1704.15,1241.7,1182.6,836460,1529.77,1606.3,120,1611.75,600,670110
2026-04-10T11:24:58.764,NF,BANKNIFTY28APR2655000CE,1611.45,1555.55,1704.15,1241.7,1182.6,836490,1529.78,1605.75,60,1611.3,270,670110
2026-04-10T11:24:59.991,NF,BANKNIFTY28APR2655000CE,1611.5,1555.55,1704.15,1241.7,1182.6,836520,1529.78,1605.9,30,1611.2,240,670110
2026-04-10T11:25:11.188,NF,BANKNIFTY28APR2655000CE,1620.25,1555.55,1704.15,1241.7,1182.6,836550,1529.78,1617.65,60,1623.2,120,670110
2026-04-10T11:25:14.984,NF,BANKNIFTY28APR2655000CE,1623.7,1555.55,1704.15,1241.7,1182.6,836580,1529.78,1621.4,120,1625.9,30,670110
2026-04-10T11:25:16.191,NF,BANKNIFTY28APR2655000CE,1625.9,1555.55,1704.15,1241.7,1182.6,836610,1529.79,1623.6,60,1630.0,30,670110
2026-04-10T11:25:17.424,NF,BANKNIFTY28APR2655000CE,1630.0,1555.55,1704.15,1241.7,1182.6,836640,1529.79,1625.75,30,1630.85,90,670110
2026-04-10T11:25:18.630,NF,BANKNIFTY28APR2655000CE,1626.75,1555.55,1704.15,1241.7,1182.6,836850,1529.82,1626.7,30,1631.85,90,670110
2026-04-10T11:25:19.990,NF,BANKNIFTY28APR2655000CE,1626.95,1555.55,1704.15,1241.7,1182.6,837270,1529.87,1626.9,60,1631.9,30,670110
2026-04-10T11:25:24.806,NF,BANKNIFTY28APR2655000CE,1633.1,1555.55,1704.15,1241.7,1182.6,837300,1529.87,1628.6,120,1633.7,90,670110
2026-04-10T11:25:31.009,NF,BANKNIFTY28APR2655000CE,1627.0,1555.55,1704.15,1241.7,1182.6,837330,1529.87,1626.95,30,1630.7,90,670110
2026-04-10T11:25:32.421,NF,BANKNIFTY28APR2655000CE,1631.2,1555.55,1704.15,1241.7,1182.6,837360,1529.88,1627.15,120,1632.8,90,670110
2026-04-10T11:25:38.618,NF,BANKNIFTY28APR2655000CE,1632.2,1555.55,1704.15,1241.7,1182.6,837390,1529.88,1627.55,150,1632.2,60,670110
2026-04-10T11:25:42.425,NF,BANKNIFTY28APR2655000CE,1632.2,1555.55,1704.15,1241.7,1182.6,837420,1529.88,1628.55,120,1633.7,90,671430
2026-04-10T11:25:44.826,NF,BANKNIFTY28APR2655000CE,1632.9,1555.55,1704.15,1241.7,1182.6,837480,1529.89,1627.75,120,1632.8,90,671430
2026-04-10T11:25:53.454,NF,BANKNIFTY28APR2655000CE,1634.0,1555.55,1704.15,1241.7,1182.6,837540,1529.9,1629.8,60,1635.0,180,671430
2026-04-10T11:26:02.048,NF,BANKNIFTY28APR2655000CE,1633.1,1555.55,1704.15,1241.7,1182.6,837600,1529.91,1632.95,60,1637.5,90,671430
2026-04-10T11:26:05.657,NF,BANKNIFTY28APR2655000CE,1638.0,1555.55,1704.15,1241.7,1182.6,837630,1529.91,1634.8,60,1639.15,60,671430
2026-04-10T11:26:20.286,NF,BANKNIFTY28APR2655000CE,1638.05,1555.55,1704.15,1241.7,1182.6,837660,1529.91,1633.85,60,1638.85,90,671430
2026-04-10T11:26:21.681,NF,BANKNIFTY28APR2655000CE,1638.0,1555.55,1704.15,1241.7,1182.6,837720,1529.92,1633.85,60,1637.95,60,671430
2026-04-10T11:26:26.487,NF,BANKNIFTY28APR2655000CE,1639.65,1555.55,1704.15,1241.7,1182.6,837810,1529.93,1635.25,120,1640.0,30,671430
2026-04-10T11:26:30.292,NF,BANKNIFTY28APR2655000CE,1639.9,1555.55,1704.15,1241.7,1182.6,837870,1529.94,1635.25,60,1639.95,630,671430
2026-04-10T11:26:33.897,NF,BANKNIFTY28APR2655000CE,1639.95,1555.55,1704.15,1241.7,1182.6,837930,1529.95,1635.4,150,1640.0,30,671430
2026-04-10T11:26:41.312,NF,BANKNIFTY28APR2655000CE,1640.0,1555.55,1704.15,1241.7,1182.6,837960,1529.95,1638.7,30,1641.0,30,671430
2026-04-10T11:26:45.129,NF,BANKNIFTY28APR2655000CE,1641.0,1555.55,1704.15,1241.7,1182.6,837990,1529.96,1639.95,60,1644.35,210,671430
2026-04-10T11:26:46.319,NF,BANKNIFTY28APR2655000CE,1639.95,1555.55,1704.15,1241.7,1182.6,838020,1529.96,1639.0,90,1644.15,120,671430
2026-04-10T11:26:48.720,NF,BANKNIFTY28APR2655000CE,1638.95,1555.55,1704.15,1241.7,1182.6,838050,1529.96,1634.25,30,1640.05,780,671430
2026-04-10T11:26:56.330,NF,BANKNIFTY28APR2655000CE,1635.55,1555.55,1704.15,1241.7,1182.6,838110,1529.97,1630.35,60,1635.45,90,671430
2026-04-10T11:27:00.133,NF,BANKNIFTY28APR2655000CE,1634.1,1555.55,1704.15,1241.7,1182.6,838230,1529.99,1626.5,30,1631.85,90,671430
2026-04-10T11:27:06.348,NF,BANKNIFTY28APR2655000CE,1628.1,1555.55,1704.15,1241.7,1182.6,838260,1529.99,1628.4,60,1633.15,60,671430
2026-04-10T11:27:07.546,NF,BANKNIFTY28APR2655000CE,1631.75,1555.55,1704.15,1241.7,1182.6,838320,1530.0,1628.4,30,1631.7,90,671430
2026-04-10T11:27:11.174,NF,BANKNIFTY28APR2655000CE,1628.6,1555.55,1704.15,1241.7,1182.6,838470,1530.02,1625.0,30,1629.15,30,671430
2026-04-10T11:27:12.571,NF,BANKNIFTY28APR2655000CE,1625.85,1555.55,1704.15,1241.7,1182.6,838590,1530.03,1621.05,90,1626.5,60,671430
2026-04-10T11:27:13.755,NF,BANKNIFTY28APR2655000CE,1621.35,1555.55,1704.15,1241.7,1182.6,838680,1530.04,1620.45,90,1625.8,120,671430
2026-04-10T11:27:15.026,NF,BANKNIFTY28APR2655000CE,1625.65,1555.55,1704.15,1241.7,1182.6,838830,1530.06,1620.35,90,1625.75,150,671430
2026-04-10T11:27:16.166,NF,BANKNIFTY28APR2655000CE,1625.75,1555.55,1704.15,1241.7,1182.6,838890,1530.06,1620.65,90,1625.9,120,671430
2026-04-10T11:27:18.767,NF,BANKNIFTY28APR2655000CE,1627.5,1555.55,1704.15,1241.7,1182.6,838920,1530.07,1623.0,90,1628.4,90,671430
2026-04-10T11:27:23.590,NF,BANKNIFTY28APR2655000CE,1629.55,1555.55,1704.15,1241.7,1182.6,838980,1530.07,1626.15,30,1629.55,30,671430
2026-04-10T11:27:26.174,NF,BANKNIFTY28APR2655000CE,1629.6,1555.55,1704.15,1241.7,1182.6,839040,1530.08,1623.9,120,1629.6,30,671430
2026-04-10T11:27:28.608,NF,BANKNIFTY28APR2655000CE,1628.3,1555.55,1704.15,1241.7,1182.6,839100,1530.09,1623.9,30,1628.3,570,671430
2026-04-10T11:27:36.189,NF,BANKNIFTY28APR2655000CE,1625.45,1555.55,1704.15,1241.7,1182.6,839160,1530.09,1620.35,30,1624.9,30,671430
2026-04-10T11:27:37.394,NF,BANKNIFTY28APR2655000CE,1624.35,1555.55,1704.15,1241.7,1182.6,839220,1530.1,1620.35,30,1624.35,600,671430
2026-04-10T11:27:41.220,NF,BANKNIFTY28APR2655000CE,1623.75,1555.55,1704.15,1241.7,1182.6,839280,1530.11,1620.35,30,1624.15,180,671430
2026-04-10T11:27:42.398,NF,BANKNIFTY28APR2655000CE,1617.25,1555.55,1704.15,1241.7,1182.6,839370,1530.12,1617.95,120,1622.7,60,671430
2026-04-10T11:27:52.411,NF,BANKNIFTY28APR2655000CE,1627.7,1555.55,1704.15,1241.7,1182.6,839400,1530.12,1622.5,90,1627.5,120,671430
2026-04-10T11:27:54.817,NF,BANKNIFTY28APR2655000CE,1615.95,1555.55,1704.15,1241.7,1182.6,839430,1530.12,1613.6,90,1617.45,90,671430
2026-04-10T11:27:59.840,NF,BANKNIFTY28APR2655000CE,1613.3,1555.55,1704.15,1241.7,1182.6,839460,1530.13,1610.0,30,1613.35,630,671430
2026-04-10T11:28:01.037,NF,BANKNIFTY28APR2655000CE,1616.1,1555.55,1704.15,1241.7,1182.6,839520,1530.13,1610.9,90,1615.7,120,671430
2026-04-10T11:28:08.639,NF,BANKNIFTY28APR2655000CE,1611.35,1555.55,1704.15,1241.7,1182.6,839580,1530.14,1611.35,90,1615.95,630,671430
2026-04-10T11:28:11.049,NF,BANKNIFTY28APR2655000CE,1614.85,1555.55,1704.15,1241.7,1182.6,839610,1530.14,1610.6,90,1615.5,150,671430
2026-04-10T11:28:14.873,NF,BANKNIFTY28APR2655000CE,1615.0,1555.55,1704.15,1241.7,1182.6,839640,1530.14,1610.0,60,1613.35,60,671430
2026-04-10T11:28:21.058,NF,BANKNIFTY28APR2655000CE,1610.0,1555.55,1704.15,1241.7,1182.6,839700,1530.15,1605.95,90,1611.05,60,671430
2026-04-10T11:28:27.332,NF,BANKNIFTY28APR2655000CE,1609.4,1555.55,1704.15,1241.7,1182.6,839760,1530.16,1605.0,210,1609.45,150,671430
2026-04-10T11:28:35.887,NF,BANKNIFTY28APR2655000CE,1610.15,1555.55,1704.15,1241.7,1182.6,839790,1530.16,1605.25,60,1610.15,120,671430
2026-04-10T11:28:51.500,NF,BANKNIFTY28APR2655000CE,1609.0,1555.55,1704.15,1241.7,1182.6,839820,1530.16,1605.85,30,1610.4,30,671880
2026-04-10T11:28:57.707,NF,BANKNIFTY28APR2655000CE,1609.0,1555.55,1704.15,1241.7,1182.6,839850,1530.16,1605.45,60,1609.85,630,671880
2026-04-10T11:29:02.715,NF,BANKNIFTY28APR2655000CE,1600.0,1555.55,1704.15,1241.7,1182.6,840690,1530.24,1595.0,30,1598.9,30,671880
2026-04-10T11:29:10.130,NF,BANKNIFTY28APR2655000CE,1598.35,1555.55,1704.15,1241.7,1182.6,840720,1530.24,1595.0,120,1598.35,570,671880
2026-04-10T11:29:15.136,NF,BANKNIFTY28APR2655000CE,1600.0,1555.55,1704.15,1241.7,1182.6,840930,1530.26,1599.35,30,1603.55,150,671880
2026-04-10T11:29:16.355,NF,BANKNIFTY28APR2655000CE,1601.0,1555.55,1704.15,1241.7,1182.6,840960,1530.26,1597.5,60,1602.5,120,671880
2026-04-10T11:29:17.549,NF,BANKNIFTY28APR2655000CE,1602.55,1555.55,1704.15,1241.7,1182.6,841020,1530.26,1599.2,60,1604.3,90,671880
2026-04-10T11:29:32.369,NF,BANKNIFTY28APR2655000CE,1609.1,1555.55,1704.15,1241.7,1182.6,841050,1530.27,1603.15,90,1608.65,120,671880
2026-04-10T11:29:38.574,NF,BANKNIFTY28APR2655000CE,1600.0,1555.55,1704.15,1241.7,1182.6,841200,1530.28,1597.0,30,1601.6,30,671880
2026-04-10T11:29:48.591,NF,BANKNIFTY28APR2655000CE,1598.0,1555.55,1704.15,1241.7,1182.6,841260,1530.28,1596.4,30,1601.05,120,671880
2026-04-10T11:29:49.989,NF,BANKNIFTY28APR2655000CE,1596.4,1555.55,1704.15,1241.7,1182.6,841290,1530.29,1595.85,90,1600.7,150,671880
2026-04-10T11:29:50.991,NF,BANKNIFTY28APR2655000CE,1599.15,1555.55,1704.15,1241.7,1182.6,841740,1530.32,1595.0,30,1598.45,270,671880
2026-04-10T11:29:52.391,NF,BANKNIFTY28APR2655000CE,1595.0,1555.55,1704.15,1241.7,1182.6,841770,1530.32,1594.4,30,1597.6,720,671880
2026-04-10T11:29:53.606,NF,BANKNIFTY28APR2655000CE,1594.4,1555.55,1704.15,1241.7,1182.6,841830,1530.33,1592.5,60,1596.85,90,671880
2026-04-10T11:29:57.398,NF,BANKNIFTY28APR2655000CE,1591.3,1555.55,1704.15,1241.7,1182.6,841920,1530.34,1591.65,30,1594.4,60,671880
2026-04-10T11:30:01.035,NF,BANKNIFTY28APR2655000CE,1594.35,1555.55,1704.15,1241.7,1182.6,842280,1530.36,1590.15,30,1594.35,60,671880
2026-04-10T11:30:02.406,NF,BANKNIFTY28APR2655000CE,1594.4,1555.55,1704.15,1241.7,1182.6,842310,1530.36,1592.8,60,1598.25,120,671880
2026-04-10T11:30:06.018,NF,BANKNIFTY28APR2655000CE,1603.95,1555.55,1704.15,1241.7,1182.6,842340,1530.37,1598.65,90,1602.95,60,671880
2026-04-10T11:30:07.417,NF,BANKNIFTY28APR2655000CE,1600.5,1555.55,1704.15,1241.7,1182.6,842370,1530.37,1598.2,30,1602.2,60,671880
2026-04-10T11:30:08.617,NF,BANKNIFTY28APR2655000CE,1600.0,1555.55,1704.15,1241.7,1182.6,842430,1530.37,1602.45,60,1608.8,30,671880
2026-04-10T11:30:11.023,NF,BANKNIFTY28APR2655000CE,1606.9,1555.55,1704.15,1241.7,1182.6,842730,1530.4,1602.4,60,1608.3,120,671880
2026-04-10T11:30:13.658,NF,BANKNIFTY28APR2655000CE,1607.6,1555.55,1704.15,1241.7,1182.6,842760,1530.4,1606.9,90,1611.5,150,671880
2026-04-10T11:30:14.847,NF,BANKNIFTY28APR2655000CE,1609.1,1555.55,1704.15,1241.7,1182.6,842820,1530.41,1604.8,90,1608.75,120,671880
2026-04-10T11:30:17.431,NF,BANKNIFTY28APR2655000CE,1608.6,1555.55,1704.15,1241.7,1182.6,842910,1530.42,1608.6,90,1613.55,600,671880
2026-04-10T11:30:22.474,NF,BANKNIFTY28APR2655000CE,1615.55,1555.55,1704.15,1241.7,1182.6,842940,1530.42,1615.7,120,1619.9,210,671880
2026-04-10T11:30:26.048,NF,BANKNIFTY28APR2655000CE,1615.05,1555.55,1704.15,1241.7,1182.6,843000,1530.43,1610.45,30,1615.15,120,671880
2026-04-10T11:30:28.650,NF,BANKNIFTY28APR2655000CE,1614.55,1555.55,1704.15,1241.7,1182.6,843180,1530.44,1609.2,30,1614.85,60,671880
2026-04-10T11:30:31.075,NF,BANKNIFTY28APR2655000CE,1613.65,1555.55,1704.15,1241.7,1182.6,843210,1530.45,1610.9,60,1617.3,120,671880
2026-04-10T11:30:33.680,NF,BANKNIFTY28APR2655000CE,1615.0,1555.55,1704.15,1241.7,1182.6,843300,1530.46,1607.65,60,1613.8,30,671880
2026-04-10T11:30:34.877,NF,BANKNIFTY28APR2655000CE,1611.05,1555.55,1704.15,1241.7,1182.6,843690,1530.49,1606.95,30,1611.75,120,671880
2026-04-10T11:30:36.096,NF,BANKNIFTY28APR2655000CE,1609.25,1555.55,1704.15,1241.7,1182.6,844050,1530.53,1603.8,90,1609.6,60,671880
2026-04-10T11:30:37.470,NF,BANKNIFTY28APR2655000CE,1606.65,1555.55,1704.15,1241.7,1182.6,844500,1530.57,1607.4,90,1613.25,60,671880
2026-04-10T11:30:38.670,NF,BANKNIFTY28APR2655000CE,1605.65,1555.55,1704.15,1241.7,1182.6,845010,1530.61,1604.1,120,1609.95,60,671880
2026-04-10T11:30:39.870,NF,BANKNIFTY28APR2655000CE,1609.95,1555.55,1704.15,1241.7,1182.6,845250,1530.63,1605.25,180,1612.2,60,671880
2026-04-10T11:30:41.073,NF,BANKNIFTY28APR2655000CE,1610.85,1555.55,1704.15,1241.7,1182.6,845370,1530.65,1605.95,90,1612.15,60,671880
2026-04-10T11:30:43.691,NF,BANKNIFTY28APR2655000CE,1611.5,1555.55,1704.15,1241.7,1182.6,845430,1530.65,1606.65,60,1611.85,690,671880
2026-04-10T11:30:53.491,NF,BANKNIFTY28APR2655000CE,1608.0,1555.55,1704.15,1241.7,1182.6,845460,1530.65,1603.15,90,1608.65,120,671880
2026-04-10T11:30:54.702,NF,BANKNIFTY28APR2655000CE,1608.35,1555.55,1704.15,1241.7,1182.6,845490,1530.66,1606.45,90,1611.6,60,671880
2026-04-10T11:31:04.711,NF,BANKNIFTY28APR2655000CE,1612.75,1555.55,1704.15,1241.7,1182.6,845520,1530.66,1607.85,60,1612.9,60,671880
2026-04-10T11:31:07.134,NF,BANKNIFTY28APR2655000CE,1606.0,1555.55,1704.15,1241.7,1182.6,845760,1530.68,1604.7,30,1610.15,60,671880
2026-04-10T11:31:08.517,NF,BANKNIFTY28APR2655000CE,1609.55,1555.55,1704.15,1241.7,1182.6,845790,1530.68,1604.85,120,1609.5,150,671880
2026-04-10T11:31:09.724,NF,BANKNIFTY28APR2655000CE,1611.25,1555.55,1704.15,1241.7,1182.6,845820,1530.69,1606.7,120,1611.55,150,671880
2026-04-10T11:31:13.538,NF,BANKNIFTY28APR2655000CE,1605.4,1555.55,1704.15,1241.7,1182.6,845880,1530.69,1605.35,60,1609.95,270,671880
2026-04-10T11:31:19.740,NF,BANKNIFTY28APR2655000CE,1611.0,1555.55,1704.15,1241.7,1182.6,845910,1530.7,1607.1,120,1611.7,210,671880
2026-04-10T11:31:29.556,NF,BANKNIFTY28APR2655000CE,1613.0,1555.55,1704.15,1241.7,1182.6,845940,1530.7,1610.35,60,1614.8,120,671880
2026-04-10T11:31:34.575,NF,BANKNIFTY28APR2655000CE,1620.0,1555.55,1704.15,1241.7,1182.6,846120,1530.72,1618.1,300,1620.0,30,671880
2026-04-10T11:31:35.770,NF,BANKNIFTY28APR2655000CE,1622.0,1555.55,1704.15,1241.7,1182.6,846180,1530.72,1618.65,60,1622.75,150,671880
2026-04-10T11:31:40.778,NF,BANKNIFTY28APR2655000CE,1620.2,1555.55,1704.15,1241.7,1182.6,846240,1530.73,1614.55,150,1619.95,150,671880
2026-04-10T11:31:51.993,NF,BANKNIFTY28APR2655000CE,1619.0,1555.55,1704.15,1241.7,1182.6,846300,1530.74,1615.0,120,1619.45,150,672930
2026-04-10T11:32:08.016,NF,BANKNIFTY28APR2655000CE,1620.1,1555.55,1704.15,1241.7,1182.6,846330,1530.74,1621.7,90,1625.7,120,672930
2026-04-10T11:32:09.221,NF,BANKNIFTY28APR2655000CE,1629.95,1555.55,1704.15,1241.7,1182.6,846390,1530.75,1623.65,60,1628.2,150,672930
2026-04-10T11:32:10.446,NF,BANKNIFTY28APR2655000CE,1617.25,1555.55,1704.15,1241.7,1182.6,846660,1530.77,1610.55,30,1617.55,120,672930
2026-04-10T11:32:14.232,NF,BANKNIFTY28APR2655000CE,1620.35,1555.55,1704.15,1241.7,1182.6,846750,1530.78,1615.05,90,1620.75,150,672930
2026-04-10T11:32:20.439,NF,BANKNIFTY28APR2655000CE,1620.95,1555.55,1704.15,1241.7,1182.6,846810,1530.79,1616.4,180,1621.0,660,672930
2026-04-10T11:32:29.248,NF,BANKNIFTY28APR2655000CE,1626.0,1555.55,1704.15,1241.7,1182.6,846870,1530.8,1620.15,120,1626.0,120,672930
2026-04-10T11:32:34.074,NF,BANKNIFTY28APR2655000CE,1625.4,1555.55,1704.15,1241.7,1182.6,846930,1530.8,1620.65,120,1625.4,90,672930
2026-04-10T11:32:45.274,NF,BANKNIFTY28APR2655000CE,1616.9,1555.55,1704.15,1241.7,1182.6,846960,1530.81,1616.9,60,1622.0,30,672930
2026-04-10T11:32:52.890,NF,BANKNIFTY28APR2655000CE,1617.55,1555.55,1704.15,1241.7,1182.6,847050,1530.82,1617.75,90,1622.8,150,672930
2026-04-10T11:32:56.498,NF,BANKNIFTY28APR2655000CE,1621.45,1555.55,1704.15,1241.7,1182.6,847080,1530.82,1616.15,180,1621.55,60,672930
2026-04-10T11:33:01.505,NF,BANKNIFTY28APR2655000CE,1618.45,1555.55,1704.15,1241.7,1182.6,847200,1530.83,1615.05,120,1619.05,120,672930
2026-04-10T11:33:04.106,NF,BANKNIFTY28APR2655000CE,1619.5,1555.55,1704.15,1241.7,1182.6,847230,1530.83,1616.25,120,1621.3,150,672930
2026-04-10T11:33:06.530,NF,BANKNIFTY28APR2655000CE,1619.0,1555.55,1704.15,1241.7,1182.6,847260,1530.84,1616.5,120,1621.65,60,672930
2026-04-10T11:33:25.137,NF,BANKNIFTY28APR2655000CE,1618.4,1555.55,1704.15,1241.7,1182.6,847290,1530.84,1617.95,30,1621.1,120,672930
2026-04-10T11:33:29.955,NF,BANKNIFTY28APR2655000CE,1618.2,1555.55,1704.15,1241.7,1182.6,847320,1530.84,1614.15,210,1619.0,60,672930
2026-04-10T11:33:32.563,NF,BANKNIFTY28APR2655000CE,1619.0,1555.55,1704.15,1241.7,1182.6,847380,1530.85,1616.9,90,1621.5,150,672930
2026-04-10T11:33:39.962,NF,BANKNIFTY28APR2655000CE,1623.25,1555.55,1704.15,1241.7,1182.6,847410,1530.85,1618.65,90,1623.25,720,672930
2026-04-10T11:33:46.181,NF,BANKNIFTY28APR2655000CE,1630.0,1555.55,1704.15,1241.7,1182.6,847440,1530.86,1625.35,60,1630.9,120,672930
2026-04-10T11:33:48.583,NF,BANKNIFTY28APR2655000CE,1632.2,1555.55,1704.15,1241.7,1182.6,847590,1530.87,1628.15,60,1632.7,150,672930
2026-04-10T11:33:49.987,NF,BANKNIFTY28APR2655000CE,1628.9,1555.55,1704.15,1241.7,1182.6,847680,1530.88,1627.3,90,1632.6,120,672930
2026-04-10T11:33:50.786,NF,BANKNIFTY28APR2655000CE,1632.3,1555.55,1704.15,1241.7,1182.6,847740,1530.89,1624.5,60,1629.4,150,672930
2026-04-10T11:33:51.992,NF,BANKNIFTY28APR2655000CE,1626.7,1555.55,1704.15,1241.7,1182.6,847950,1530.92,1621.9,60,1626.85,30,672930
2026-04-10T11:33:53.381,NF,BANKNIFTY28APR2655000CE,1628.55,1555.55,1704.15,1241.7,1182.6,848280,1530.95,1623.2,90,1628.05,30,672930
2026-04-10T11:33:54.585,NF,BANKNIFTY28APR2655000CE,1628.05,1555.55,1704.15,1241.7,1182.6,848430,1530.97,1623.5,60,1628.75,120,672930
2026-04-10T11:33:55.794,NF,BANKNIFTY28APR2655000CE,1628.7,1555.55,1704.15,1241.7,1182.6,848490,1530.98,1621.45,60,1627.15,60,672930
2026-04-10T11:33:56.989,NF,BANKNIFTY28APR2655000CE,1627.15,1555.55,1704.15,1241.7,1182.6,848550,1530.98,1620.85,60,1625.8,150,672930
2026-04-10T11:33:58.199,NF,BANKNIFTY28APR2655000CE,1626.6,1555.55,1704.15,1241.7,1182.6,848700,1531.0,1622.05,120,1626.7,600,672930
2026-04-10T11:33:59.606,NF,BANKNIFTY28APR2655000CE,1626.7,1555.55,1704.15,1241.7,1182.6,848850,1531.02,1627.1,90,1631.75,120,672930
2026-04-10T11:34:01.997,NF,BANKNIFTY28APR2655000CE,1629.25,1555.55,1704.15,1241.7,1182.6,848910,1531.02,1624.75,90,1629.55,120,672930
2026-04-10T11:34:03.200,NF,BANKNIFTY28APR2655000CE,1628.4,1555.55,1704.15,1241.7,1182.6,848970,1531.03,1622.6,90,1627.8,60,672930
2026-04-10T11:34:04.403,NF,BANKNIFTY28APR2655000CE,1628.2,1555.55,1704.15,1241.7,1182.6,849330,1531.07,1623.15,90,1628.45,180,672930
2026-04-10T11:34:05.803,NF,BANKNIFTY28APR2655000CE,1629.55,1555.55,1704.15,1241.7,1182.6,849390,1531.08,1624.8,210,1629.55,570,672930
2026-04-10T11:34:07.020,NF,BANKNIFTY28APR2655000CE,1629.55,1555.55,1704.15,1241.7,1182.6,849450,1531.09,1626.3,90,1631.5,150,672930
2026-04-10T11:34:08.208,NF,BANKNIFTY28APR2655000CE,1631.35,1555.55,1704.15,1241.7,1182.6,849510,1531.09,1626.4,90,1631.2,150,672930
2026-04-10T11:34:09.413,NF,BANKNIFTY28APR2655000CE,1630.8,1555.55,1704.15,1241.7,1182.6,849570,1531.1,1626.2,60,1630.7,120,672930
2026-04-10T11:34:10.824,NF,BANKNIFTY28APR2655000CE,1631.2,1555.55,1704.15,1241.7,1182.6,849630,1531.11,1626.8,120,1631.2,150,672930
2026-04-10T11:34:15.826,NF,BANKNIFTY28APR2655000CE,1631.05,1555.55,1704.15,1241.7,1182.6,849690,1531.11,1627.4,60,1630.85,120,672930
2026-04-10T11:34:17.026,NF,BANKNIFTY28APR2655000CE,1627.4,1555.55,1704.15,1241.7,1182.6,849780,1531.13,1624.5,90,1629.7,150,672930
2026-04-10T11:34:18.229,NF,BANKNIFTY28APR2655000CE,1629.6,1555.55,1704.15,1241.7,1182.6,849840,1531.13,1625.65,180,1629.95,750,672930
2026-04-10T11:34:19.428,NF,BANKNIFTY28APR2655000CE,1629.95,1555.55,1704.15,1241.7,1182.6,849900,1531.14,1623.9,30,1629.0,90,672930
2026-04-10T11:34:20.840,NF,BANKNIFTY28APR2655000CE,1628.25,1555.55,1704.15,1241.7,1182.6,849960,1531.15,1622.5,60,1627.8,150,672930
2026-04-10T11:34:22.035,NF,BANKNIFTY28APR2655000CE,1626.45,1555.55,1704.15,1241.7,1182.6,850200,1531.17,1624.0,30,1629.1,150,672930
2026-04-10T11:34:23.235,NF,BANKNIFTY28APR2655000CE,1628.6,1555.55,1704.15,1241.7,1182.6,850260,1531.18,1624.55,90,1628.85,630,672930
2026-04-10T11:34:24.438,NF,BANKNIFTY28APR2655000CE,1631.0,1555.55,1704.15,1241.7,1182.6,850320,1531.19,1625.75,30,1630.15,240,672930
2026-04-10T11:34:25.884,NF,BANKNIFTY28APR2655000CE,1629.35,1555.55,1704.15,1241.7,1182.6,850380,1531.19,1624.8,90,1629.7,150,672930
2026-04-10T11:34:29.446,NF,BANKNIFTY28APR2655000CE,1624.4,1555.55,1704.15,1241.7,1182.6,850410,1531.2,1624.45,60,1628.75,150,672930
2026-04-10T11:34:30.864,NF,BANKNIFTY28APR2655000CE,1628.8,1555.55,1704.15,1241.7,1182.6,850440,1531.2,1622.15,90,1627.85,60,672930
2026-04-10T11:34:34.453,NF,BANKNIFTY28APR2655000CE,1621.75,1555.55,1704.15,1241.7,1182.6,850470,1531.2,1622.5,180,1627.4,60,672930
2026-04-10T11:34:38.262,NF,BANKNIFTY28APR2655000CE,1629.85,1555.55,1704.15,1241.7,1182.6,850590,1531.22,1625.0,90,1630.35,60,672930
2026-04-10T11:34:40.663,NF,BANKNIFTY28APR2655000CE,1630.05,1555.55,1704.15,1241.7,1182.6,850650,1531.22,1625.2,60,1629.8,60,672930
2026-04-10T11:34:41.865,NF,BANKNIFTY28APR2655000CE,1624.15,1555.55,1704.15,1241.7,1182.6,850680,1531.23,1624.65,60,1629.4,90,672930
2026-04-10T11:34:44.468,NF,BANKNIFTY28APR2655000CE,1629.4,1555.55,1704.15,1241.7,1182.6,850740,1531.23,1624.8,30,1629.4,150,672120
2026-04-10T11:34:45.669,NF,BANKNIFTY28APR2655000CE,1629.45,1555.55,1704.15,1241.7,1182.6,850800,1531.24,1625.1,30,1629.45,570,672120
2026-04-10T11:34:51.684,NF,BANKNIFTY28APR2655000CE,1629.45,1555.55,1704.15,1241.7,1182.6,850830,1531.25,1627.5,210,1632.0,30,672120
2026-04-10T11:34:56.684,NF,BANKNIFTY28APR2655000CE,1632.0,1555.55,1704.15,1241.7,1182.6,850860,1531.25,1627.0,60,1632.15,60,672120
2026-04-10T11:35:02.704,NF,BANKNIFTY28APR2655000CE,1629.45,1555.55,1704.15,1241.7,1182.6,850890,1531.25,1630.55,30,1633.0,30,672120
2026-04-10T11:35:09.104,NF,BANKNIFTY28APR2655000CE,1633.0,1555.55,1704.15,1241.7,1182.6,850920,1531.26,1630.8,90,1634.0,30,672120
2026-04-10T11:35:14.109,NF,BANKNIFTY28APR2655000CE,1635.0,1555.55,1704.15,1241.7,1182.6,850980,1531.26,1634.85,90,1639.05,30,672120
2026-04-10T11:35:16.520,NF,BANKNIFTY28APR2655000CE,1632.15,1555.55,1704.15,1241.7,1182.6,851040,1531.27,1633.3,90,1638.1,30,672120
2026-04-10T11:35:18.922,NF,BANKNIFTY28APR2655000CE,1636.45,1555.55,1704.15,1241.7,1182.6,851160,1531.29,1628.95,90,1634.65,60,672120
2026-04-10T11:35:21.521,NF,BANKNIFTY28APR2655000CE,1629.45,1555.55,1704.15,1241.7,1182.6,851220,1531.29,1629.75,120,1634.3,600,672120
2026-04-10T11:35:22.722,NF,BANKNIFTY28APR2655000CE,1634.1,1555.55,1704.15,1241.7,1182.6,851280,1531.3,1629.9,120,1634.3,630,672120
2026-04-10T11:35:25.332,NF,BANKNIFTY28APR2655000CE,1633.9,1555.55,1704.15,1241.7,1182.6,851310,1531.3,1628.35,90,1633.05,30,672120
2026-04-10T11:35:30.333,NF,BANKNIFTY28APR2655000CE,1629.0,1555.55,1704.15,1241.7,1182.6,851340,1531.31,1626.8,90,1631.3,30,672120
2026-04-10T11:35:31.535,NF,BANKNIFTY28APR2655000CE,1626.6,1555.55,1704.15,1241.7,1182.6,851490,1531.32,1626.5,90,1631.2,60,672120
2026-04-10T11:35:43.956,NF,BANKNIFTY28APR2655000CE,1627.0,1555.55,1704.15,1241.7,1182.6,851520,1531.33,1627.4,150,1632.3,60,672120
2026-04-10T11:36:04.787,NF,BANKNIFTY28APR2655000CE,1636.7,1555.55,1704.15,1241.7,1182.6,851550,1531.33,1631.4,150,1636.2,660,672120
2026-04-10T11:36:06.013,NF,BANKNIFTY28APR2655000CE,1639.3,1555.55,1704.15,1241.7,1182.6,851640,1531.34,1632.7,60,1637.65,30,672120
2026-04-10T11:36:12.206,NF,BANKNIFTY28APR2655000CE,1635.1,1555.55,1704.15,1241.7,1182.6,851670,1531.35,1633.8,90,1637.0,30,672120
2026-04-10T11:36:16.020,NF,BANKNIFTY28APR2655000CE,1633.05,1555.55,1704.15,1241.7,1182.6,851820,1531.36,1632.95,60,1638.55,90,672120
2026-04-10T11:36:28.448,NF,BANKNIFTY28APR2655000CE,1633.15,1555.55,1704.15,1241.7,1182.6,851850,1531.37,1629.6,180,1635.25,120,672120
2026-04-10T11:36:37.046,NF,BANKNIFTY28APR2655000CE,1628.0,1555.55,1704.15,1241.7,1182.6,852180,1531.4,1626.15,120,1631.4,90,672120
2026-04-10T11:36:43.251,NF,BANKNIFTY28APR2655000CE,1624.4,1555.55,1704.15,1241.7,1182.6,852300,1531.42,1620.0,150,1623.95,60,672120
2026-04-10T11:36:44.470,NF,BANKNIFTY28APR2655000CE,1620.0,1555.55,1704.15,1241.7,1182.6,852390,1531.43,1616.8,150,1621.4,60,672120
2026-04-10T11:36:51.883,NF,BANKNIFTY28APR2655000CE,1620.4,1555.55,1704.15,1241.7,1182.6,852450,1531.43,1615.85,240,1620.45,720,672120
2026-04-10T11:36:53.089,NF,BANKNIFTY28APR2655000CE,1615.85,1555.55,1704.15,1241.7,1182.6,852630,1531.45,1615.1,60,1620.05,60,672120
2026-04-10T11:36:54.486,NF,BANKNIFTY28APR2655000CE,1616.1,1555.55,1704.15,1241.7,1182.6,852660,1531.45,1614.55,120,1620.65,60,672120
2026-04-10T11:36:58.078,NF,BANKNIFTY28APR2655000CE,1618.4,1555.55,1704.15,1241.7,1182.6,852720,1531.46,1613.05,120,1618.25,90,672120
2026-04-10T11:37:00.690,NF,BANKNIFTY28APR2655000CE,1618.25,1555.55,1704.15,1241.7,1182.6,852780,1531.47,1612.05,90,1616.9,120,672120
2026-04-10T11:37:03.082,NF,BANKNIFTY28APR2655000CE,1611.15,1555.55,1704.15,1241.7,1182.6,852960,1531.48,1606.1,30,1611.15,60,672120
2026-04-10T11:37:04.284,NF,BANKNIFTY28APR2655000CE,1610.5,1555.55,1704.15,1241.7,1182.6,853050,1531.49,1605.95,120,1610.6,60,672120
2026-04-10T11:37:08.091,NF,BANKNIFTY28APR2655000CE,1609.35,1555.55,1704.15,1241.7,1182.6,853110,1531.5,1608.85,210,1614.25,90,672120
2026-04-10T11:37:16.702,NF,BANKNIFTY28APR2655000CE,1607.0,1555.55,1704.15,1241.7,1182.6,853140,1531.5,1606.3,60,1612.1,60,672120
2026-04-10T11:37:20.517,NF,BANKNIFTY28APR2655000CE,1602.9,1555.55,1704.15,1241.7,1182.6,853200,1531.51,1604.85,150,1610.55,60,672120
2026-04-10T11:37:26.526,NF,BANKNIFTY28APR2655000CE,1604.55,1555.55,1704.15,1241.7,1182.6,853230,1531.51,1604.8,60,1610.3,90,672120
2026-04-10T11:37:29.124,NF,BANKNIFTY28APR2655000CE,1606.7,1555.55,1704.15,1241.7,1182.6,853260,1531.51,1601.6,150,1606.85,120,672120
2026-04-10T11:37:34.123,NF,BANKNIFTY28APR2655000CE,1601.0,1555.55,1704.15,1241.7,1182.6,853440,1531.53,1600.0,90,1602.7,90,672120
2026-04-10T11:37:36.535,NF,BANKNIFTY28APR2655000CE,1602.6,1555.55,1704.15,1241.7,1182.6,853470,1531.53,1600.0,90,1602.75,600,672120
2026-04-10T11:37:40.346,NF,BANKNIFTY28APR2655000CE,1601.0,1555.55,1704.15,1241.7,1182.6,853500,1531.53,1600.0,90,1601.0,120,672120
2026-04-10T11:37:45.143,NF,BANKNIFTY28APR2655000CE,1601.0,1555.55,1704.15,1241.7,1182.6,853530,1531.53,1600.0,90,1601.0,90,672120
2026-04-10T11:37:51.352,NF,BANKNIFTY28APR2655000CE,1601.0,1555.55,1704.15,1241.7,1182.6,853620,1531.54,1600.0,90,1603.15,60,672150
2026-04-10T11:37:52.562,NF,BANKNIFTY28APR2655000CE,1596.2,1555.55,1704.15,1241.7,1182.6,853950,1531.57,1597.8,120,1602.5,30,672150
2026-04-10T11:37:54.961,NF,BANKNIFTY28APR2655000CE,1599.35,1555.55,1704.15,1241.7,1182.6,853980,1531.57,1597.95,60,1603.1,60,672150
2026-04-10T11:37:56.382,NF,BANKNIFTY28APR2655000CE,1600.0,1555.55,1704.15,1241.7,1182.6,854010,1531.57,1597.65,30,1602.8,60,672150
2026-04-10T11:37:57.569,NF,BANKNIFTY28APR2655000CE,1605.0,1555.55,1704.15,1241.7,1182.6,854100,1531.58,1603.8,90,1607.0,30,672150
2026-04-10T11:38:14.992,NF,BANKNIFTY28APR2655000CE,1601.15,1555.55,1704.15,1241.7,1182.6,854160,1531.58,1596.6,120,1601.3,60,672150
2026-04-10T11:38:21.215,NF,BANKNIFTY28APR2655000CE,1607.0,1555.55,1704.15,1241.7,1182.6,854460,1531.61,1604.65,90,1610.2,120,672150
2026-04-10T11:38:27.428,NF,BANKNIFTY28APR2655000CE,1613.35,1555.55,1704.15,1241.7,1182.6,854580,1531.62,1607.4,30,1612.35,840,672150
2026-04-10T11:38:32.420,NF,BANKNIFTY28APR2655000CE,1609.8,1555.55,1704.15,1241.7,1182.6,854610,1531.62,1602.65,60,1608.45,90,672150
2026-04-10T11:38:44.643,NF,BANKNIFTY28APR2655000CE,1603.8,1555.55,1704.15,1241.7,1182.6,854640,1531.62,1603.65,60,1609.05,270,672150
2026-04-10T11:39:00.663,NF,BANKNIFTY28APR2655000CE,1609.7,1555.55,1704.15,1241.7,1182.6,854910,1531.65,1604.4,90,1609.65,180,672150
2026-04-10T11:39:03.082,NF,BANKNIFTY28APR2655000CE,1607.65,1555.55,1704.15,1241.7,1182.6,854940,1531.65,1607.0,30,1612.25,90,672150
2026-04-10T11:39:09.279,NF,BANKNIFTY28APR2655000CE,1611.45,1555.55,1704.15,1241.7,1182.6,855240,1531.68,1604.4,90,1610.25,90,672150
2026-04-10T11:39:21.697,NF,BANKNIFTY28APR2655000CE,1626.1,1555.55,1704.15,1241.7,1182.6,855570,1531.72,1620.25,60,1625.0,600,672150
2026-04-10T11:39:25.506,NF,BANKNIFTY28APR2655000CE,1619.45,1555.55,1704.15,1241.7,1182.6,855600,1531.72,1619.75,60,1624.8,630,672150
2026-04-10T11:39:34.113,NF,BANKNIFTY28APR2655000CE,1612.0,1555.55,1704.15,1241.7,1182.6,855690,1531.73,1607.9,90,1613.3,30,672150
2026-04-10T11:39:46.355,NF,BANKNIFTY28APR2655000CE,1605.9,1555.55,1704.15,1241.7,1182.6,855720,1531.73,1600.05,30,1605.1,60,672150
2026-04-10T11:39:48.939,NF,BANKNIFTY28APR2655000CE,1595.35,1555.55,1704.15,1241.7,1182.6,856170,1531.76,1600.6,120,1605.05,90,672150
2026-04-10T11:39:51.343,NF,BANKNIFTY28APR2655000CE,1600.6,1555.55,1704.15,1241.7,1182.6,856200,1531.77,1600.8,120,1604.8,60,672150
2026-04-10T11:39:52.350,NF,BANKNIFTY28APR2655000CE,1604.85,1555.55,1704.15,1241.7,1182.6,856470,1531.79,1600.85,120,1605.05,630,672150
2026-04-10T11:39:56.152,NF,BANKNIFTY28APR2655000CE,1598.1,1555.55,1704.15,1241.7,1182.6,856530,1531.79,1597.95,90,1603.0,30,672150
2026-04-10T11:40:04.759,NF,BANKNIFTY28APR2655000CE,1603.3,1555.55,1704.15,1241.7,1182.6,856560,1531.8,1604.15,120,1608.65,600,672150
2026-04-10T11:40:23.000,NF,BANKNIFTY28APR2655000CE,1608.6,1555.55,1704.15,1241.7,1182.6,856590,1531.8,1608.6,120,1613.05,60,672150
2026-04-10T11:40:46.436,NF,BANKNIFTY28APR2655000CE,1613.4,1555.55,1704.15,1241.7,1182.6,856650,1531.8,1613.05,150,1617.7,30,672180
2026-04-10T11:40:52.442,NF,BANKNIFTY28APR2655000CE,1609.15,1555.55,1704.15,1241.7,1182.6,856830,1531.82,1604.9,150,1610.0,60,672180
2026-04-10T11:40:59.863,NF,BANKNIFTY28APR2655000CE,1602.1,1555.55,1704.15,1241.7,1182.6,856920,1531.83,1602.4,240,1607.2,120,672180
2026-04-10T11:41:01.049,NF,BANKNIFTY28APR2655000CE,1602.85,1555.55,1704.15,1241.7,1182.6,856950,1531.83,1602.35,60,1607.5,120,672180
2026-04-10T11:41:02.248,NF,BANKNIFTY28APR2655000CE,1603.6,1555.55,1704.15,1241.7,1182.6,856980,1531.83,1603.55,60,1609.0,60,672180
2026-04-10T11:41:11.060,NF,BANKNIFTY28APR2655000CE,1604.5,1555.55,1704.15,1241.7,1182.6,857010,1531.84,1601.4,150,1605.9,30,672180
2026-04-10T11:41:17.282,NF,BANKNIFTY28APR2655000CE,1602.85,1555.55,1704.15,1241.7,1182.6,857070,1531.84,1601.25,90,1605.75,60,672180
2026-04-10T11:41:18.483,NF,BANKNIFTY28APR2655000CE,1606.35,1555.55,1704.15,1241.7,1182.6,857100,1531.84,1601.8,90,1606.55,630,672180
2026-04-10T11:41:20.875,NF,BANKNIFTY28APR2655000CE,1605.95,1555.55,1704.15,1241.7,1182.6,857190,1531.85,1601.45,90,1606.2,90,672180
2026-04-10T11:41:23.281,NF,BANKNIFTY28APR2655000CE,1606.05,1555.55,1704.15,1241.7,1182.6,857220,1531.85,1601.25,90,1606.1,90,672180
2026-04-10T11:41:24.490,NF,BANKNIFTY28APR2655000CE,1601.25,1555.55,1704.15,1241.7,1182.6,857310,1531.86,1601.9,90,1607.15,60,672180
2026-04-10T11:41:38.102,NF,BANKNIFTY28APR2655000CE,1603.3,1555.55,1704.15,1241.7,1182.6,857340,1531.86,1603.75,120,1608.35,30,672180
2026-04-10T11:41:46.517,NF,BANKNIFTY28APR2655000CE,1600.55,1555.55,1704.15,1241.7,1182.6,857490,1531.87,1600.1,150,1605.15,780,672180
2026-04-10T11:41:51.132,NF,BANKNIFTY28APR2655000CE,1605.45,1555.55,1704.15,1241.7,1182.6,857520,1531.88,1600.4,150,1605.45,90,672180
2026-04-10T11:41:54.940,NF,BANKNIFTY28APR2655000CE,1605.45,1555.55,1704.15,1241.7,1182.6,857550,1531.88,1600.3,180,1605.45,90,672180
2026-04-10T11:42:02.352,NF,BANKNIFTY28APR2655000CE,1601.0,1555.55,1704.15,1241.7,1182.6,857730,1531.89,1601.0,120,1606.2,60,672180
2026-04-10T11:42:14.560,NF,BANKNIFTY28APR2655000CE,1595.0,1555.55,1704.15,1241.7,1182.6,857790,1531.9,1591.55,120,1595.0,150,672180
2026-04-10T11:42:15.763,NF,BANKNIFTY28APR2655000CE,1595.0,1555.55,1704.15,1241.7,1182.6,857820,1531.9,1591.4,120,1596.1,90,672180
2026-04-10T11:42:19.566,NF,BANKNIFTY28APR2655000CE,1597.25,1555.55,1704.15,1241.7,1182.6,857850,1531.9,1592.35,120,1597.3,90,672180
2026-04-10T11:42:24.372,NF,BANKNIFTY28APR2655000CE,1597.4,1555.55,1704.15,1241.7,1182.6,857880,1531.91,1594.15,150,1599.4,90,672180
2026-04-10T11:42:35.187,NF,BANKNIFTY28APR2655000CE,1590.0,1555.55,1704.15,1241.7,1182.6,857940,1531.91,1590.0,90,1593.55,120,672180
2026-04-10T11:42:36.394,NF,BANKNIFTY28APR2655000CE,1590.0,1555.55,1704.15,1241.7,1182.6,858000,1531.91,1590.0,30,1593.35,120,672180
2026-04-10T11:42:37.593,NF,BANKNIFTY28APR2655000CE,1590.0,1555.55,1704.15,1241.7,1182.6,858030,1531.92,1588.0,30,1592.6,120,672180
2026-04-10T11:42:38.808,NF,BANKNIFTY28APR2655000CE,1589.65,1555.55,1704.15,1241.7,1182.6,858060,1531.92,1589.0,30,1594.75,90,672180
2026-04-10T11:42:45.007,NF,BANKNIFTY28APR2655000CE,1592.65,1555.55,1704.15,1241.7,1182.6,858240,1531.93,1592.6,30,1597.6,90,672180
2026-04-10T11:42:47.410,NF,BANKNIFTY28APR2655000CE,1602.4,1555.55,1704.15,1241.7,1182.6,858270,1531.93,1596.65,30,1601.4,150,672180
2026-04-10T11:42:49.827,NF,BANKNIFTY28APR2655000CE,1593.4,1555.55,1704.15,1241.7,1182.6,858360,1531.94,1592.6,300,1598.2,90,672180
2026-04-10T11:42:53.624,NF,BANKNIFTY28APR2655000CE,1599.75,1555.55,1704.15,1241.7,1182.6,858390,1531.94,1594.75,30,1599.95,60,672180
2026-04-10T11:42:54.819,NF,BANKNIFTY28APR2655000CE,1594.1,1555.55,1704.15,1241.7,1182.6,858570,1531.96,1592.75,120,1597.95,60,672180
2026-04-10T11:42:59.837,NF,BANKNIFTY28APR2655000CE,1595.35,1555.55,1704.15,1241.7,1182.6,858600,1531.96,1590.0,30,1593.55,90,672180
2026-04-10T11:43:02.240,NF,BANKNIFTY28APR2655000CE,1593.55,1555.55,1704.15,1241.7,1182.6,858630,1531.96,1590.0,30,1594.6,30,672180
2026-04-10T11:43:03.432,NF,BANKNIFTY28APR2655000CE,1590.0,1555.55,1704.15,1241.7,1182.6,858660,1531.96,1589.0,30,1592.85,60,672180
2026-04-10T11:43:05.849,NF,BANKNIFTY28APR2655000CE,1589.0,1555.55,1704.15,1241.7,1182.6,858690,1531.96,1588.0,60,1592.0,90,672180
2026-04-10T11:43:07.236,NF,BANKNIFTY28APR2655000CE,1590.0,1555.55,1704.15,1241.7,1182.6,858840,1531.97,1586.1,120,1590.35,600,672180
2026-04-10T11:43:09.642,NF,BANKNIFTY28APR2655000CE,1586.05,1555.55,1704.15,1241.7,1182.6,858930,1531.98,1586.45,150,1591.05,60,672180
2026-04-10T11:43:10.860,NF,BANKNIFTY28APR2655000CE,1590.25,1555.55,1704.15,1241.7,1182.6,858960,1531.98,1586.05,150,1591.0,90,672180
2026-04-10T11:43:12.042,NF,BANKNIFTY28APR2655000CE,1585.0,1555.55,1704.15,1241.7,1182.6,859050,1531.99,1586.25,90,1590.8,60,672180
2026-04-10T11:43:13.256,NF,BANKNIFTY28APR2655000CE,1585.05,1555.55,1704.15,1241.7,1182.6,859380,1532.01,1585.5,270,1591.1,90,672180
2026-04-10T11:43:14.648,NF,BANKNIFTY28APR2655000CE,1590.8,1555.55,1704.15,1241.7,1182.6,859410,1532.01,1585.25,150,1590.35,90,672180
2026-04-10T11:43:18.252,NF,BANKNIFTY28APR2655000CE,1581.5,1555.55,1704.15,1241.7,1182.6,860010,1532.05,1585.9,120,1591.45,120,672180
2026-04-10T11:43:25.674,NF,BANKNIFTY28APR2655000CE,1588.8,1555.55,1704.15,1241.7,1182.6,860040,1532.05,1589.55,120,1594.1,120,672180
2026-04-10T11:43:27.065,NF,BANKNIFTY28APR2655000CE,1594.1,1555.55,1704.15,1241.7,1182.6,860070,1532.05,1591.15,120,1594.1,60,672180
2026-04-10T11:43:28.267,NF,BANKNIFTY28APR2655000CE,1589.6,1555.55,1704.15,1241.7,1182.6,860100,1532.05,1590.05,120,1594.1,60,672180
2026-04-10T11:43:32.080,NF,BANKNIFTY28APR2655000CE,1594.1,1555.55,1704.15,1241.7,1182.6,860160,1532.06,1592.1,120,1599.65,60,672180
2026-04-10T11:43:37.082,NF,BANKNIFTY28APR2655000CE,1600.0,1555.55,1704.15,1241.7,1182.6,860190,1532.06,1599.5,150,1605.4,120,672180
2026-04-10T11:43:40.689,NF,BANKNIFTY28APR2655000CE,1605.9,1555.55,1704.15,1241.7,1182.6,860220,1532.06,1604.35,180,1609.4,780,672180
2026-04-10T11:43:46.897,NF,BANKNIFTY28APR2655000CE,1608.65,1555.55,1704.15,1241.7,1182.6,860250,1532.06,1603.95,30,1606.75,90,672180
2026-04-10T11:43:53.104,NF,BANKNIFTY28APR2655000CE,1603.95,1555.55,1704.15,1241.7,1182.6,860280,1532.07,1600.2,30,1604.55,90,671160
2026-04-10T11:43:55.710,NF,BANKNIFTY28APR2655000CE,1600.2,1555.55,1704.15,1241.7,1182.6,860310,1532.07,1597.25,30,1602.25,90,671160
2026-04-10T11:43:56.915,NF,BANKNIFTY28APR2655000CE,1601.75,1555.55,1704.15,1241.7,1182.6,860340,1532.07,1596.95,90,1602.5,90,671160
2026-04-10T11:43:58.117,NF,BANKNIFTY28APR2655000CE,1596.15,1555.55,1704.15,1241.7,1182.6,860430,1532.08,1595.35,60,1600.25,60,671160
2026-04-10T11:44:06.929,NF,BANKNIFTY28APR2655000CE,1595.7,1555.55,1704.15,1241.7,1182.6,863430,1532.3,1596.35,150,1601.9,90,671160
2026-04-10T11:44:08.127,NF,BANKNIFTY28APR2655000CE,1602.1,1555.55,1704.15,1241.7,1182.6,863460,1532.3,1596.15,30,1601.95,60,671160
2026-04-10T11:44:09.333,NF,BANKNIFTY28APR2655000CE,1599.65,1555.55,1704.15,1241.7,1182.6,863520,1532.31,1596.15,30,1599.5,90,671160
2026-04-10T11:44:10.539,NF,BANKNIFTY28APR2655000CE,1599.4,1555.55,1704.15,1241.7,1182.6,863610,1532.32,1596.15,30,1599.85,90,671160
2026-04-10T11:44:12.934,NF,BANKNIFTY28APR2655000CE,1600.3,1555.55,1704.15,1241.7,1182.6,863640,1532.32,1596.7,30,1602.55,60,671160
2026-04-10T11:44:15.338,NF,BANKNIFTY28APR2655000CE,1601.2,1555.55,1704.15,1241.7,1182.6,863700,1532.32,1594.3,150,1599.9,90,671160
2026-04-10T11:44:16.540,NF,BANKNIFTY28APR2655000CE,1593.5,1555.55,1704.15,1241.7,1182.6,863880,1532.34,1591.85,120,1597.75,90,671160
2026-04-10T11:44:21.377,NF,BANKNIFTY28APR2655000CE,1592.3,1555.55,1704.15,1241.7,1182.6,863910,1532.34,1592.25,150,1597.6,90,671160
2026-04-10T11:44:26.151,NF,BANKNIFTY28APR2655000CE,1594.0,1555.55,1704.15,1241.7,1182.6,864000,1532.34,1587.4,150,1592.05,60,671160
2026-04-10T11:44:27.367,NF,BANKNIFTY28APR2655000CE,1592.05,1555.55,1704.15,1241.7,1182.6,864030,1532.35,1587.4,150,1592.7,90,671160
2026-04-10T11:44:29.776,NF,BANKNIFTY28APR2655000CE,1585.9,1555.55,1704.15,1241.7,1182.6,864060,1532.35,1583.7,150,1588.7,30,671160
2026-04-10T11:44:31.168,NF,BANKNIFTY28APR2655000CE,1588.7,1555.55,1704.15,1241.7,1182.6,864090,1532.35,1583.9,150,1589.3,120,671160
2026-04-10T11:44:32.370,NF,BANKNIFTY28APR2655000CE,1589.85,1555.55,1704.15,1241.7,1182.6,864210,1532.36,1584.05,180,1589.8,60,671160
2026-04-10T11:44:35.970,NF,BANKNIFTY28APR2655000CE,1584.25,1555.55,1704.15,1241.7,1182.6,864330,1532.37,1584.35,240,1589.5,150,671160
2026-04-10T11:44:38.573,NF,BANKNIFTY28APR2655000CE,1589.6,1555.55,1704.15,1241.7,1182.6,864360,1532.37,1584.6,150,1589.85,60,671160
2026-04-10T11:44:42.182,NF,BANKNIFTY28APR2655000CE,1584.05,1555.55,1704.15,1241.7,1182.6,864390,1532.37,1585.05,150,1590.35,120,671160
2026-04-10T11:44:48.391,NF,BANKNIFTY28APR2655000CE,1590.6,1555.55,1704.15,1241.7,1182.6,864420,1532.37,1586.45,150,1591.45,750,671160
2026-04-10T11:44:51.798,NF,BANKNIFTY28APR2655000CE,1586.95,1555.55,1704.15,1241.7,1182.6,864450,1532.37,1587.1,150,1592.75,60,671160
2026-04-10T11:44:56.806,NF,BANKNIFTY28APR2655000CE,1585.55,1555.55,1704.15,1241.7,1182.6,864570,1532.38,1586.35,150,1591.6,630,671160
2026-04-10T11:45:00.614,NF,BANKNIFTY28APR2655000CE,1590.0,1555.55,1704.15,1241.7,1182.6,864600,1532.38,1588.3,120,1594.25,90,671160
2026-04-10T11:45:06.624,NF,BANKNIFTY28APR2655000CE,1593.7,1555.55,1704.15,1241.7,1182.6,864660,1532.39,1593.95,150,1598.9,150,671160
2026-04-10T11:45:12.834,NF,BANKNIFTY28APR2655000CE,1593.35,1555.55,1704.15,1241.7,1182.6,864690,1532.39,1593.25,270,1598.65,90,671160
2026-04-10T11:45:17.846,NF,BANKNIFTY28APR2655000CE,1592.5,1555.55,1704.15,1241.7,1182.6,865260,1532.43,1592.7,150,1598.1,90,671160
2026-04-10T11:45:22.850,NF,BANKNIFTY28APR2655000CE,1600.0,1555.55,1704.15,1241.7,1182.6,865290,1532.43,1596.75,150,1602.3,90,671160
2026-04-10T11:45:42.688,NF,BANKNIFTY28APR2655000CE,1603.45,1555.55,1704.15,1241.7,1182.6,865920,1532.48,1599.05,120,1605.15,60,671160
2026-04-10T11:45:47.691,NF,BANKNIFTY28APR2655000CE,1606.25,1555.55,1704.15,1241.7,1182.6,866280,1532.51,1601.4,150,1606.85,90,671160
2026-04-10T11:45:57.706,NF,BANKNIFTY28APR2655000CE,1602.25,1555.55,1704.15,1241.7,1182.6,866310,1532.51,1598.3,120,1603.3,180,671160
2026-04-10T11:46:00.113,NF,BANKNIFTY28APR2655000CE,1603.1,1555.55,1704.15,1241.7,1182.6,866340,1532.51,1596.75,120,1601.9,120,671160
2026-04-10T11:46:20.150,NF,BANKNIFTY28APR2655000CE,1600.0,1555.55,1704.15,1241.7,1182.6,866370,1532.52,1595.95,150,1601.3,150,671160
2026-04-10T11:46:22.546,NF,BANKNIFTY28APR2655000CE,1602.55,1555.55,1704.15,1241.7,1182.6,866400,1532.52,1596.8,150,1602.5,120,671160
2026-04-10T11:46:23.749,NF,BANKNIFTY28APR2655000CE,1600.0,1555.55,1704.15,1241.7,1182.6,866430,1532.52,1597.4,90,1603.2,60,671160
2026-04-10T11:46:25.150,NF,BANKNIFTY28APR2655000CE,1601.25,1555.55,1704.15,1241.7,1182.6,866460,1532.52,1596.0,120,1601.45,120,671160
2026-04-10T11:46:26.351,NF,BANKNIFTY28APR2655000CE,1601.2,1555.55,1704.15,1241.7,1182.6,866490,1532.52,1596.4,90,1602.1,150,671160
2026-04-10T11:46:28.760,NF,BANKNIFTY28APR2655000CE,1598.65,1555.55,1704.15,1241.7,1182.6,866520,1532.53,1593.9,120,1599.4,120,671160
2026-04-10T11:46:36.369,NF,BANKNIFTY28APR2655000CE,1600.85,1555.55,1704.15,1241.7,1182.6,866550,1532.53,1595.05,120,1600.0,120,671160
2026-04-10T11:46:43.780,NF,BANKNIFTY28APR2655000CE,1594.2,1555.55,1704.15,1241.7,1182.6,866610,1532.53,1589.25,150,1594.3,30,671160
2026-04-10T11:46:47.586,NF,BANKNIFTY28APR2655000CE,1594.45,1555.55,1704.15,1241.7,1182.6,866640,1532.54,1589.2,240,1594.35,60,671160
2026-04-10T11:46:53.203,NF,BANKNIFTY28APR2655000CE,1594.65,1555.55,1704.15,1241.7,1182.6,866670,1532.54,1589.65,90,1594.8,30,672480
2026-04-10T11:46:54.595,NF,BANKNIFTY28APR2655000CE,1594.5,1555.55,1704.15,1241.7,1182.6,866700,1532.54,1589.2,120,1593.5,90,672480
2026-04-10T11:46:57.004,NF,BANKNIFTY28APR2655000CE,1593.5,1555.55,1704.15,1241.7,1182.6,866730,1532.54,1589.25,90,1594.05,150,672480
2026-04-10T11:47:03.206,NF,BANKNIFTY28APR2655000CE,1595.85,1555.55,1704.15,1241.7,1182.6,866790,1532.55,1591.3,180,1596.8,210,672480
2026-04-10T11:47:05.613,NF,BANKNIFTY28APR2655000CE,1594.05,1555.55,1704.15,1241.7,1182.6,866910,1532.56,1590.0,120,1594.05,60,672480
2026-04-10T11:47:09.423,NF,BANKNIFTY28APR2655000CE,1595.4,1555.55,1704.15,1241.7,1182.6,867240,1532.58,1590.0,30,1594.55,30,672480
2026-04-10T11:47:14.431,NF,BANKNIFTY28APR2655000CE,1589.2,1555.55,1704.15,1241.7,1182.6,867330,1532.58,1589.2,90,1592.0,60,672480
2026-04-10T11:47:15.639,NF,BANKNIFTY28APR2655000CE,1589.2,1555.55,1704.15,1241.7,1182.6,867360,1532.59,1589.2,60,1591.95,90,672480
2026-04-10T11:47:18.232,NF,BANKNIFTY28APR2655000CE,1589.2,1555.55,1704.15,1241.7,1182.6,867450,1532.59,1586.35,90,1591.15,60,672480
2026-04-10T11:47:35.264,NF,BANKNIFTY28APR2655000CE,1588.95,1555.55,1704.15,1241.7,1182.6,867510,1532.6,1585.15,90,1589.1,30,672480
2026-04-10T11:47:36.470,NF,BANKNIFTY28APR2655000CE,1585.0,1555.55,1704.15,1241.7,1182.6,867720,1532.61,1582.5,60,1588.05,90,672480
2026-04-10T11:47:37.872,NF,BANKNIFTY28APR2655000CE,1583.05,1555.55,1704.15,1241.7,1182.6,867750,1532.61,1583.05,90,1588.65,60,672480
2026-04-10T11:47:39.075,NF,BANKNIFTY28APR2655000CE,1589.25,1555.55,1704.15,1241.7,1182.6,867810,1532.61,1584.75,120,1589.8,60,672480
2026-04-10T11:47:42.870,NF,BANKNIFTY28APR2655000CE,1589.1,1555.55,1704.15,1241.7,1182.6,867840,1532.62,1583.45,90,1588.8,60,672480
2026-04-10T11:47:46.485,NF,BANKNIFTY28APR2655000CE,1590.5,1555.55,1704.15,1241.7,1182.6,867870,1532.62,1586.15,60,1590.85,60,672480
2026-04-10T11:47:47.687,NF,BANKNIFTY28APR2655000CE,1585.65,1555.55,1704.15,1241.7,1182.6,867900,1532.62,1583.2,60,1588.8,30,672480
2026-04-10T11:47:48.895,NF,BANKNIFTY28APR2655000CE,1588.75,1555.55,1704.15,1241.7,1182.6,867930,1532.62,1583.0,90,1588.6,60,672480
2026-04-10T11:47:51.483,NF,BANKNIFTY28APR2655000CE,1588.35,1555.55,1704.15,1241.7,1182.6,867960,1532.62,1583.5,90,1588.45,660,672480
2026-04-10T11:47:52.685,NF,BANKNIFTY28APR2655000CE,1587.2,1555.55,1704.15,1241.7,1182.6,867990,1532.63,1582.65,60,1587.5,60,672480
2026-04-10T11:47:53.890,NF,BANKNIFTY28APR2655000CE,1583.15,1555.55,1704.15,1241.7,1182.6,868020,1532.63,1582.65,60,1587.65,690,672480
2026-04-10T11:47:56.290,NF,BANKNIFTY28APR2655000CE,1582.0,1555.55,1704.15,1241.7,1182.6,868080,1532.63,1582.0,540,1585.35,90,672480
2026-04-10T11:47:57.492,NF,BANKNIFTY28APR2655000CE,1581.0,1555.55,1704.15,1241.7,1182.6,868680,1532.67,1581.0,540,1583.05,30,672480
2026-04-10T11:47:58.695,NF,BANKNIFTY28APR2655000CE,1572.1,1555.55,1704.15,1241.7,1182.6,872190,1532.85,1570.0,30,1572.05,90,672480
2026-04-10T11:48:00.103,NF,BANKNIFTY28APR2655000CE,1567.45,1555.55,1704.15,1241.7,1182.6,873330,1532.9,1565.9,30,1567.8,60,672480
2026-04-10T11:48:01.300,NF,BANKNIFTY28APR2655000CE,1556.6,1555.55,1704.15,1241.7,1182.6,873840,1532.91,1552.0,90,1556.55,30,672480
2026-04-10T11:48:02.500,NF,BANKNIFTY28APR2655000CE,1554.7,1555.55,1704.15,1241.7,1182.6,874140,1532.92,1552.0,30,1554.25,30,672480
2026-04-10T11:48:03.701,NF,BANKNIFTY28APR2655000CE,1550.0,1555.55,1704.15,1241.7,1182.6,874590,1532.93,1551.6,30,1554.75,60,672480
2026-04-10T11:48:06.304,NF,BANKNIFTY28APR2655000CE,1550.65,1555.55,1704.15,1241.7,1182.6,876240,1532.97,1550.15,30,1555.15,180,672480
2026-04-10T11:48:07.506,NF,BANKNIFTY28APR2655000CE,1552.5,1555.55,1704.15,1241.7,1182.6,876360,1532.97,1552.8,30,1557.45,60,672480
2026-04-10T11:48:08.709,NF,BANKNIFTY28APR2655000CE,1550.65,1555.55,1704.15,1241.7,1182.6,876450,1532.97,1552.95,150,1558.75,90,672480
2026-04-10T11:48:10.108,NF,BANKNIFTY28APR2655000CE,1551.3,1555.55,1704.15,1241.7,1182.6,876510,1532.97,1550.35,120,1555.35,30,672480
2026-04-10T11:48:12.518,NF,BANKNIFTY28APR2655000CE,1550.15,1555.55,1704.15,1241.7,1182.6,876570,1532.97,1550.0,1230,1554.55,60,672480
2026-04-10T11:48:15.118,NF,BANKNIFTY28APR2655000CE,1563.8,1555.55,1704.15,1241.7,1182.6,877110,1532.99,1561.1,150,1567.45,150,672480
2026-04-10T11:48:17.521,NF,BANKNIFTY28APR2655000CE,1563.05,1555.55,1704.15,1241.7,1182.6,877230,1533.0,1561.1,120,1567.35,120,672480
2026-04-10T11:48:18.731,NF,BANKNIFTY28APR2655000CE,1561.2,1555.55,1704.15,1241.7,1182.6,877260,1533.0,1561.65,120,1567.9,150,672480
2026-04-10T11:48:20.122,NF,BANKNIFTY28APR2655000CE,1568.3,1555.55,1704.15,1241.7,1182.6,877350,1533.0,1562.8,60,1570.0,60,672480
2026-04-10T11:48:21.329,NF,BANKNIFTY28APR2655000CE,1571.45,1555.55,1704.15,1241.7,1182.6,877530,1533.01,1566.35,120,1571.65,120,672480
2026-04-10T11:48:23.742,NF,BANKNIFTY28APR2655000CE,1567.35,1555.55,1704.15,1241.7,1182.6,877560,1533.01,1565.7,120,1570.95,120,672480
2026-04-10T11:48:26.335,NF,BANKNIFTY28APR2655000CE,1569.75,1555.55,1704.15,1241.7,1182.6,877620,1533.01,1564.0,30,1569.8,30,672480
2026-04-10T11:48:27.536,NF,BANKNIFTY28APR2655000CE,1562.1,1555.55,1704.15,1241.7,1182.6,877650,1533.01,1563.25,120,1569.0,120,672480
2026-04-10T11:48:31.343,NF,BANKNIFTY28APR2655000CE,1565.0,1555.55,1704.15,1241.7,1182.6,877680,1533.01,1566.3,150,1571.15,30,672480
2026-04-10T11:48:32.548,NF,BANKNIFTY28APR2655000CE,1571.0,1555.55,1704.15,1241.7,1182.6,877740,1533.02,1567.55,120,1573.1,30,672480
2026-04-10T11:48:35.158,NF,BANKNIFTY28APR2655000CE,1573.1,1555.55,1704.15,1241.7,1182.6,877770,1533.02,1568.0,240,1573.55,630,672480
2026-04-10T11:48:36.350,NF,BANKNIFTY28APR2655000CE,1573.55,1555.55,1704.15,1241.7,1182.6,877800,1533.02,1567.2,120,1572.4,60,672480
2026-04-10T11:48:38.756,NF,BANKNIFTY28APR2655000CE,1571.85,1555.55,1704.15,1241.7,1182.6,877830,1533.02,1566.85,120,1571.8,150,672480
2026-04-10T11:48:40.154,NF,BANKNIFTY28APR2655000CE,1571.85,1555.55,1704.15,1241.7,1182.6,877890,1533.02,1568.0,120,1573.35,90,672480
2026-04-10T11:48:41.363,NF,BANKNIFTY28APR2655000CE,1568.2,1555.55,1704.15,1241.7,1182.6,877980,1533.03,1566.95,120,1572.3,60,672480
2026-04-10T11:48:47.567,NF,BANKNIFTY28APR2655000CE,1576.85,1555.55,1704.15,1241.7,1182.6,878010,1533.03,1571.3,30,1575.8,120,672480
2026-04-10T11:48:52.425,NF,BANKNIFTY28APR2655000CE,1575.95,1555.55,1704.15,1241.7,1182.6,878040,1533.03,1570.0,30,1573.95,150,672480
2026-04-10T11:48:58.420,NF,BANKNIFTY28APR2655000CE,1570.0,1555.55,1704.15,1241.7,1182.6,878070,1533.03,1570.0,30,1571.45,30,672480
2026-04-10T11:48:59.631,NF,BANKNIFTY28APR2655000CE,1570.0,1555.55,1704.15,1241.7,1182.6,878100,1533.03,1568.2,60,1571.7,150,672480
2026-04-10T11:49:00.788,NF,BANKNIFTY28APR2655000CE,1568.0,1555.55,1704.15,1241.7,1182.6,878220,1533.04,1563.1,150,1568.45,60,672480
2026-04-10T11:49:04.592,NF,BANKNIFTY28APR2655000CE,1565.6,1555.55,1704.15,1241.7,1182.6,878580,1533.05,1565.25,120,1570.15,90,672480
2026-04-10T11:49:14.408,NF,BANKNIFTY28APR2655000CE,1561.2,1555.55,1704.15,1241.7,1182.6,878760,1533.06,1561.0,600,1564.7,660,672480
2026-04-10T11:49:17.027,NF,BANKNIFTY28APR2655000CE,1561.05,1555.55,1704.15,1241.7,1182.6,878790,1533.06,1561.0,600,1565.3,150,672480
2026-04-10T11:49:20.813,NF,BANKNIFTY28APR2655000CE,1565.6,1555.55,1704.15,1241.7,1182.6,878820,1533.06,1561.2,150,1565.8,210,672480
2026-04-10T11:49:28.225,NF,BANKNIFTY28APR2655000CE,1560.0,1555.55,1704.15,1241.7,1182.6,879570,1533.08,1560.0,780,1561.45,30,672480
2026-04-10T11:49:29.428,NF,BANKNIFTY28APR2655000CE,1560.0,1555.55,1704.15,1241.7,1182.6,879870,1533.09,1560.0,510,1562.05,30,672480
2026-04-10T11:49:32.034,NF,BANKNIFTY28APR2655000CE,1560.0,1555.55,1704.15,1241.7,1182.6,879900,1533.09,1560.0,480,1564.35,120,672480
2026-04-10T11:49:33.231,NF,BANKNIFTY28APR2655000CE,1560.0,1555.55,1704.15,1241.7,1182.6,880230,1533.1,1560.0,150,1561.85,90,672480
2026-04-10T11:49:34.433,NF,BANKNIFTY28APR2655000CE,1561.05,1555.55,1704.15,1241.7,1182.6,880410,1533.11,1556.85,120,1561.7,60,672480
2026-04-10T11:49:42.067,NF,BANKNIFTY28APR2655000CE,1561.55,1555.55,1704.15,1241.7,1182.6,880710,1533.12,1556.25,120,1561.0,120,672480
2026-04-10T11:49:43.249,NF,BANKNIFTY28APR2655000CE,1560.6,1555.55,1704.15,1241.7,1182.6,880740,1533.12,1555.75,120,1560.5,120,672480
2026-04-10T11:49:47.049,NF,BANKNIFTY28APR2655000CE,1565.6,1555.55,1704.15,1241.7,1182.6,880770,1533.12,1564.5,180,1569.35,120,672480
2026-04-10T11:50:02.278,NF,BANKNIFTY28APR2655000CE,1570.2,1555.55,1704.15,1241.7,1182.6,880830,1533.12,1571.0,120,1576.1,120,669630
2026-04-10T11:50:03.506,NF,BANKNIFTY28APR2655000CE,1571.5,1555.55,1704.15,1241.7,1182.6,880950,1533.13,1571.45,60,1576.3,150,669630
2026-04-10T11:50:04.679,NF,BANKNIFTY28APR2655000CE,1568.1,1555.55,1704.15,1241.7,1182.6,881070,1533.13,1568.2,60,1573.45,60,669630
2026-04-10T11:50:06.075,NF,BANKNIFTY28APR2655000CE,1570.05,1555.55,1704.15,1241.7,1182.6,881220,1533.14,1569.0,60,1574.9,30,669630
2026-04-10T11:50:18.500,NF,BANKNIFTY28APR2655000CE,1579.0,1555.55,1704.15,1241.7,1182.6,881250,1533.14,1575.6,30,1579.25,60,669630
2026-04-10T11:50:19.700,NF,BANKNIFTY28APR2655000CE,1582.15,1555.55,1704.15,1241.7,1182.6,881310,1533.15,1578.6,150,1583.9,150,669630
2026-04-10T11:50:22.317,NF,BANKNIFTY28APR2655000CE,1585.9,1555.55,1704.15,1241.7,1182.6,881340,1533.15,1581.4,60,1586.45,120,669630
2026-04-10T11:50:24.713,NF,BANKNIFTY28APR2655000CE,1587.65,1555.55,1704.15,1241.7,1182.6,881370,1533.15,1583.75,150,1588.2,60,669630
2026-04-10T11:50:26.107,NF,BANKNIFTY28APR2655000CE,1588.2,1555.55,1704.15,1241.7,1182.6,881400,1533.15,1584.75,60,1588.2,30,669630
2026-04-10T11:50:27.311,NF,BANKNIFTY28APR2655000CE,1588.2,1555.55,1704.15,1241.7,1182.6,881430,1533.15,1585.05,150,1589.0,60,669630
2026-04-10T11:50:28.535,NF,BANKNIFTY28APR2655000CE,1589.0,1555.55,1704.15,1241.7,1182.6,881460,1533.15,1585.45,30,1589.0,30,669630
2026-04-10T11:50:31.115,NF,BANKNIFTY28APR2655000CE,1589.95,1555.55,1704.15,1241.7,1182.6,881520,1533.16,1591.2,120,1596.75,90,669630
2026-04-10T11:50:37.328,NF,BANKNIFTY28APR2655000CE,1595.95,1555.55,1704.15,1241.7,1182.6,881670,1533.17,1595.9,60,1600.0,180,669630
2026-04-10T11:50:38.531,NF,BANKNIFTY28APR2655000CE,1600.0,1555.55,1704.15,1241.7,1182.6,881820,1533.18,1595.95,120,1600.0,30,669630
2026-04-10T11:50:39.748,NF,BANKNIFTY28APR2655000CE,1593.45,1555.55,1704.15,1241.7,1182.6,881880,1533.18,1593.4,150,1598.7,120,669630
2026-04-10T11:50:41.128,NF,BANKNIFTY28APR2655000CE,1591.1,1555.55,1704.15,1241.7,1182.6,881910,1533.19,1591.25,120,1597.25,30,669630
2026-04-10T11:50:42.343,NF,BANKNIFTY28APR2655000CE,1596.65,1555.55,1704.15,1241.7,1182.6,881940,1533.19,1591.35,120,1596.6,150,669630
2026-04-10T11:50:46.136,NF,BANKNIFTY28APR2655000CE,1591.35,1555.55,1704.15,1241.7,1182.6,882240,1533.21,1591.4,60,1596.55,150,669630
2026-04-10T11:50:48.540,NF,BANKNIFTY28APR2655000CE,1595.8,1555.55,1704.15,1241.7,1182.6,882270,1533.21,1589.75,90,1595.5,150,669630
2026-04-10T11:51:05.766,NF,BANKNIFTY28APR2655000CE,1598.55,1555.55,1704.15,1241.7,1182.6,882300,1533.21,1594.05,210,1599.15,150,669630
2026-04-10T11:51:19.395,NF,BANKNIFTY28APR2655000CE,1590.0,1555.55,1704.15,1241.7,1182.6,882330,1533.21,1585.35,120,1591.1,150,669630
2026-04-10T11:51:20.802,NF,BANKNIFTY28APR2655000CE,1589.85,1555.55,1704.15,1241.7,1182.6,882360,1533.22,1583.65,90,1589.35,240,669630
2026-04-10T11:51:27.005,NF,BANKNIFTY28APR2655000CE,1587.65,1555.55,1704.15,1241.7,1182.6,882390,1533.22,1582.4,90,1587.35,150,669630
2026-04-10T11:51:30.816,NF,BANKNIFTY28APR2655000CE,1589.7,1555.55,1704.15,1241.7,1182.6,882420,1533.22,1585.0,150,1589.1,150,669630
2026-04-10T11:51:35.816,NF,BANKNIFTY28APR2655000CE,1584.1,1555.55,1704.15,1241.7,1182.6,882600,1533.23,1584.6,90,1590.05,120,669630
2026-04-10T11:51:39.412,NF,BANKNIFTY28APR2655000CE,1588.95,1555.55,1704.15,1241.7,1182.6,882630,1533.23,1589.55,60,1595.7,120,669630
2026-04-10T11:51:40.812,NF,BANKNIFTY28APR2655000CE,1589.9,1555.55,1704.15,1241.7,1182.6,882660,1533.23,1588.75,30,1595.2,120,669630
2026-04-10T11:51:51.837,NF,BANKNIFTY28APR2655000CE,1589.9,1555.55,1704.15,1241.7,1182.6,882690,1533.24,1589.9,900,1592.75,150,669630
2026-04-10T11:51:53.033,NF,BANKNIFTY28APR2655000CE,1592.85,1555.55,1704.15,1241.7,1182.6,882720,1533.24,1589.9,900,1593.25,150,669630
2026-04-10T11:52:06.863,NF,BANKNIFTY28APR2655000CE,1590.0,1555.55,1704.15,1241.7,1182.6,882870,1533.25,1588.05,90,1592.8,120,669630
2026-04-10T11:52:08.048,NF,BANKNIFTY28APR2655000CE,1588.0,1555.55,1704.15,1241.7,1182.6,882900,1533.25,1585.65,60,1590.3,120,669630
2026-04-10T11:52:11.856,NF,BANKNIFTY28APR2655000CE,1587.0,1555.55,1704.15,1241.7,1182.6,882930,1533.25,1583.65,120,1588.35,30,669630
2026-04-10T11:52:15.464,NF,BANKNIFTY28APR2655000CE,1584.45,1555.55,1704.15,1241.7,1182.6,882960,1533.25,1584.3,30,1588.4,120,669630
2026-04-10T11:52:20.474,NF,BANKNIFTY28APR2655000CE,1591.15,1555.55,1704.15,1241.7,1182.6,882990,1533.26,1586.25,90,1591.05,120,669630
2026-04-10T11:52:27.879,NF,BANKNIFTY28APR2655000CE,1587.85,1555.55,1704.15,1241.7,1182.6,883020,1533.26,1582.5,120,1587.7,30,669630
2026-04-10T11:52:31.691,NF,BANKNIFTY28APR2655000CE,1583.1,1555.55,1704.15,1241.7,1182.6,883050,1533.26,1584.3,90,1590.25,120,669630
2026-04-10T11:53:00.123,NF,BANKNIFTY28APR2655000CE,1589.3,1555.55,1704.15,1241.7,1182.6,883110,1533.26,1584.4,120,1589.3,90,669300
2026-04-10T11:53:02.536,NF,BANKNIFTY28APR2655000CE,1588.45,1555.55,1704.15,1241.7,1182.6,883140,1533.26,1583.1,90,1588.65,120,669300
2026-04-10T11:53:06.332,NF,BANKNIFTY28APR2655000CE,1588.0,1555.55,1704.15,1241.7,1182.6,883170,1533.27,1585.55,150,1590.0,60,669300
2026-04-10T11:53:29.972,NF,BANKNIFTY28APR2655000CE,1585.0,1555.55,1704.15,1241.7,1182.6,883320,1533.28,1580.05,90,1585.65,120,669300
2026-04-10T11:53:32.376,NF,BANKNIFTY28APR2655000CE,1585.9,1555.55,1704.15,1241.7,1182.6,883380,1533.28,1581.75,120,1585.8,120,669300
2026-04-10T11:53:33.780,NF,BANKNIFTY28APR2655000CE,1585.2,1555.55,1704.15,1241.7,1182.6,883410,1533.28,1578.7,60,1584.15,150,669300
2026-04-10T11:53:34.975,NF,BANKNIFTY28APR2655000CE,1584.35,1555.55,1704.15,1241.7,1182.6,883770,1533.3,1580.35,150,1585.3,150,669300
2026-04-10T11:53:36.177,NF,BANKNIFTY28APR2655000CE,1585.15,1555.55,1704.15,1241.7,1182.6,883830,1533.31,1580.7,150,1585.1,450,669300
2026-04-10T11:53:37.380,NF,BANKNIFTY28APR2655000CE,1583.5,1555.55,1704.15,1241.7,1182.6,883890,1533.31,1578.55,30,1581.1,120,669300
2026-04-10T11:53:38.588,NF,BANKNIFTY28APR2655000CE,1581.9,1555.55,1704.15,1241.7,1182.6,883950,1533.31,1578.55,30,1581.85,60,669300
2026-04-10T11:53:42.387,NF,BANKNIFTY28APR2655000CE,1587.15,1555.55,1704.15,1241.7,1182.6,884010,1533.32,1581.65,120,1586.55,120,669300
2026-04-10T11:54:02.020,NF,BANKNIFTY28APR2655000CE,1584.3,1555.55,1704.15,1241.7,1182.6,884070,1533.32,1580.0,30,1583.05,30,669300
2026-04-10T11:54:17.038,NF,BANKNIFTY28APR2655000CE,1580.0,1555.55,1704.15,1241.7,1182.6,884100,1533.32,1579.75,180,1584.6,150,669300
2026-04-10T11:54:22.066,NF,BANKNIFTY28APR2655000CE,1578.55,1555.55,1704.15,1241.7,1182.6,884130,1533.32,1576.3,150,1580.0,30,669300
2026-04-10T11:54:27.066,NF,BANKNIFTY28APR2655000CE,1584.75,1555.55,1704.15,1241.7,1182.6,884190,1533.33,1580.8,150,1585.0,150,669300
2026-04-10T11:54:32.061,NF,BANKNIFTY28APR2655000CE,1585.0,1555.55,1704.15,1241.7,1182.6,884340,1533.33,1585.65,120,1590.0,750,669300
2026-04-10T11:55:40.178,NF,BANKNIFTY28APR2655000CE,1583.5,1555.55,1704.15,1241.7,1182.6,884460,1533.34,1576.9,150,1581.7,30,669300
2026-04-10T11:55:46.363,NF,BANKNIFTY28APR2655000CE,1580.0,1555.55,1704.15,1241.7,1182.6,885150,1533.38,1579.7,120,1584.5,90,669300
2026-04-10T11:55:51.382,NF,BANKNIFTY28APR2655000CE,1582.0,1555.55,1704.15,1241.7,1182.6,885210,1533.38,1578.75,120,1583.25,30,669600
2026-04-10T11:56:12.401,NF,BANKNIFTY28APR2655000CE,1577.3,1555.55,1704.15,1241.7,1182.6,885270,1533.38,1572.4,150,1576.85,90,669600
2026-04-10T11:56:22.427,NF,BANKNIFTY28APR2655000CE,1575.0,1555.55,1704.15,1241.7,1182.6,885300,1533.38,1571.65,150,1575.7,30,669600
2026-04-10T11:56:33.831,NF,BANKNIFTY28APR2655000CE,1574.95,1555.55,1704.15,1241.7,1182.6,885330,1533.39,1575.95,180,1580.45,30,669600
2026-04-10T11:56:35.035,NF,BANKNIFTY28APR2655000CE,1576.25,1555.55,1704.15,1241.7,1182.6,885390,1533.39,1576.25,60,1580.75,90,669600
2026-04-10T11:56:51.062,NF,BANKNIFTY28APR2655000CE,1580.0,1555.55,1704.15,1241.7,1182.6,885420,1533.39,1576.0,150,1580.0,120,669600
2026-04-10T11:56:53.479,NF,BANKNIFTY28APR2655000CE,1576.85,1555.55,1704.15,1241.7,1182.6,885450,1533.39,1571.5,30,1575.9,90,669600
2026-04-10T11:56:54.668,NF,BANKNIFTY28APR2655000CE,1571.5,1555.55,1704.15,1241.7,1182.6,885480,1533.39,1569.0,150,1573.9,60,669600
2026-04-10T11:56:59.674,NF,BANKNIFTY28APR2655000CE,1570.0,1555.55,1704.15,1241.7,1182.6,885510,1533.39,1567.8,150,1573.0,60,669600
2026-04-10T11:57:07.098,NF,BANKNIFTY28APR2655000CE,1569.4,1555.55,1704.15,1241.7,1182.6,885600,1533.4,1568.95,150,1573.7,150,669600
2026-04-10T11:57:08.487,NF,BANKNIFTY28APR2655000CE,1570.0,1555.55,1704.15,1241.7,1182.6,885780,1533.41,1570.0,180,1573.3,120,669600
2026-04-10T11:57:09.690,NF,BANKNIFTY28APR2655000CE,1570.0,1555.55,1704.15,1241.7,1182.6,885930,1533.41,1570.0,30,1571.9,90,669600
2026-04-10T11:57:10.898,NF,BANKNIFTY28APR2655000CE,1570.0,1555.55,1704.15,1241.7,1182.6,885960,1533.41,1567.0,60,1571.6,90,669600
2026-04-10T11:57:24.722,NF,BANKNIFTY28APR2655000CE,1580.0,1555.55,1704.15,1241.7,1182.6,886020,1533.42,1577.65,150,1582.5,150,669600
2026-04-10T11:57:38.536,NF,BANKNIFTY28APR2655000CE,1580.0,1555.55,1704.15,1241.7,1182.6,886920,1533.46,1576.0,150,1581.25,150,669600
2026-04-10T11:57:39.736,NF,BANKNIFTY28APR2655000CE,1583.05,1555.55,1704.15,1241.7,1182.6,886950,1533.47,1578.55,120,1583.15,240,669600
2026-04-10T11:57:44.742,NF,BANKNIFTY28APR2655000CE,1581.45,1555.55,1704.15,1241.7,1182.6,887010,1533.47,1575.1,150,1580.1,90,669600
2026-04-10T11:57:45.946,NF,BANKNIFTY28APR2655000CE,1579.95,1555.55,1704.15,1241.7,1182.6,887040,1533.47,1575.0,30,1579.6,270,669600
2026-04-10T11:57:47.147,NF,BANKNIFTY28APR2655000CE,1575.1,1555.55,1704.15,1241.7,1182.6,887070,1533.47,1571.55,90,1576.5,150,669600
2026-04-10T11:57:48.547,NF,BANKNIFTY28APR2655000CE,1576.7,1555.55,1704.15,1241.7,1182.6,887130,1533.47,1570.45,150,1575.55,150,669600
2026-04-10T11:57:49.752,NF,BANKNIFTY28APR2655000CE,1570.0,1555.55,1704.15,1241.7,1182.6,887220,1533.48,1570.0,30,1573.35,150,669600
2026-04-10T11:57:53.153,NF,BANKNIFTY28APR2655000CE,1574.15,1555.55,1704.15,1241.7,1182.6,887280,1533.48,1570.0,30,1573.05,60,669600
2026-04-10T11:57:54.359,NF,BANKNIFTY28APR2655000CE,1573.1,1555.55,1704.15,1241.7,1182.6,887310,1533.48,1570.0,30,1572.95,30,669600
2026-04-10T11:57:55.559,NF,BANKNIFTY28APR2655000CE,1573.3,1555.55,1704.15,1241.7,1182.6,887370,1533.49,1570.0,30,1572.65,120,669600
2026-04-10T11:57:58.161,NF,BANKNIFTY28APR2655000CE,1570.0,1555.55,1704.15,1241.7,1182.6,887400,1533.49,1567.4,150,1572.95,120,669600
2026-04-10T11:57:59.364,NF,BANKNIFTY28APR2655000CE,1572.6,1555.55,1704.15,1241.7,1182.6,887460,1533.49,1568.35,150,1572.95,120,669600
2026-04-10T11:58:04.369,NF,BANKNIFTY28APR2655000CE,1575.55,1555.55,1704.15,1241.7,1182.6,887490,1533.49,1572.65,120,1577.7,60,669600
2026-04-10T11:58:09.180,NF,BANKNIFTY28APR2655000CE,1573.9,1555.55,1704.15,1241.7,1182.6,888090,1533.52,1568.75,120,1573.9,60,669600
2026-04-10T11:58:38.630,NF,BANKNIFTY28APR2655000CE,1570.55,1555.55,1704.15,1241.7,1182.6,888120,1533.52,1570.6,240,1575.4,120,669600
2026-04-10T11:58:44.629,NF,BANKNIFTY28APR2655000CE,1575.95,1555.55,1704.15,1241.7,1182.6,888180,1533.52,1576.55,150,1580.0,30,669600
2026-04-10T11:58:58.454,NF,BANKNIFTY28APR2655000CE,1580.0,1555.55,1704.15,1241.7,1182.6,888210,1533.52,1575.55,90,1580.0,810,669330
2026-04-10T11:59:07.067,NF,BANKNIFTY28APR2655000CE,1574.85,1555.55,1704.15,1241.7,1182.6,888240,1533.52,1571.1,120,1575.75,690,669330
2026-04-10T11:59:13.472,NF,BANKNIFTY28APR2655000CE,1579.25,1555.55,1704.15,1241.7,1182.6,889140,1533.57,1573.95,240,1578.75,630,669330
2026-04-10T11:59:24.689,NF,BANKNIFTY28APR2655000CE,1579.25,1555.55,1704.15,1241.7,1182.6,889170,1533.57,1576.2,180,1580.0,810,669330
2026-04-10T11:59:25.892,NF,BANKNIFTY28APR2655000CE,1580.0,1555.55,1704.15,1241.7,1182.6,889200,1533.57,1576.4,150,1579.95,360,669330
2026-04-10T11:59:28.500,NF,BANKNIFTY28APR2655000CE,1580.0,1555.55,1704.15,1241.7,1182.6,889230,1533.57,1576.25,150,1580.0,810,669330
2026-04-10T11:59:30.904,NF,BANKNIFTY28APR2655000CE,1580.0,1555.55,1704.15,1241.7,1182.6,890040,1533.62,1580.8,120,1585.15,60,669330
2026-04-10T11:59:38.505,NF,BANKNIFTY28APR2655000CE,1583.1,1555.55,1704.15,1241.7,1182.6,890100,1533.62,1577.85,150,1583.4,630,669330
2026-04-10T11:59:47.121,NF,BANKNIFTY28APR2655000CE,1583.1,1555.55,1704.15,1241.7,1182.6,890130,1533.62,1577.85,30,1582.8,750,669330
2026-04-10T11:59:58.535,NF,BANKNIFTY28APR2655000CE,1585.05,1555.55,1704.15,1241.7,1182.6,891630,1533.71,1578.95,150,1584.7,660,669330
2026-04-10T11:59:59.738,NF,BANKNIFTY28APR2655000CE,1584.7,1555.55,1704.15,1241.7,1182.6,891660,1533.71,1579.4,150,1584.5,180,669330
2026-04-10T12:00:08.552,NF,BANKNIFTY28APR2655000CE,1578.5,1555.55,1704.15,1241.7,1182.6,891720,1533.71,1574.05,270,1578.5,90,669330
2026-04-10T12:00:24.577,NF,BANKNIFTY28APR2655000CE,1576.2,1555.55,1704.15,1241.7,1182.6,891750,1533.71,1573.8,60,1576.2,330,669330
2026-04-10T12:00:25.979,NF,BANKNIFTY28APR2655000CE,1576.2,1555.55,1704.15,1241.7,1182.6,892020,1533.73,1574.15,300,1576.2,60,669330
2026-04-10T12:00:28.390,NF,BANKNIFTY28APR2655000CE,1576.2,1555.55,1704.15,1241.7,1182.6,892080,1533.73,1577.0,120,1582.05,180,669330
2026-04-10T12:00:30.993,NF,BANKNIFTY28APR2655000CE,1577.4,1555.55,1704.15,1241.7,1182.6,892230,1533.74,1577.3,150,1581.55,90,669330
2026-04-10T12:00:34.604,NF,BANKNIFTY28APR2655000CE,1580.45,1555.55,1704.15,1241.7,1182.6,892350,1533.74,1579.85,60,1584.55,120,669330
2026-04-10T12:01:05.846,NF,BANKNIFTY28APR2655000CE,1580.45,1555.55,1704.15,1241.7,1182.6,892380,1533.75,1577.85,120,1582.8,90,669330
2026-04-10T12:01:45.507,NF,BANKNIFTY28APR2655000CE,1590.0,1555.55,1704.15,1241.7,1182.6,892470,1533.75,1588.8,30,1593.0,120,669330
2026-04-10T12:02:11.920,NF,BANKNIFTY28APR2655000CE,1591.9,1555.55,1704.15,1241.7,1182.6,892530,1533.76,1587.4,150,1591.45,60,666090
2026-04-10T12:02:16.954,NF,BANKNIFTY28APR2655000CE,1587.95,1555.55,1704.15,1241.7,1182.6,892590,1533.76,1582.35,60,1586.95,120,666090
2026-04-10T12:02:28.147,NF,BANKNIFTY28APR2655000CE,1590.85,1555.55,1704.15,1241.7,1182.6,892710,1533.77,1586.2,120,1591.2,90,666090
2026-04-10T12:02:52.782,NF,BANKNIFTY28APR2655000CE,1595.0,1555.55,1704.15,1241.7,1182.6,892740,1533.77,1591.15,150,1596.2,150,666090
2026-04-10T12:03:10.003,NF,BANKNIFTY28APR2655000CE,1598.0,1555.55,1704.15,1241.7,1182.6,892770,1533.77,1596.5,180,1600.0,990,666090
2026-04-10T12:03:17.214,NF,BANKNIFTY28APR2655000CE,1601.55,1555.55,1704.15,1241.7,1182.6,893910,1533.86,1601.55,30,1605.6,30,666090
2026-04-10T12:03:18.611,NF,BANKNIFTY28APR2655000CE,1601.55,1555.55,1704.15,1241.7,1182.6,893940,1533.86,1600.95,120,1605.55,120,666090
2026-04-10T12:03:24.624,NF,BANKNIFTY28APR2655000CE,1609.95,1555.55,1704.15,1241.7,1182.6,894000,1533.86,1603.95,120,1609.05,120,666090
2026-04-10T12:03:27.224,NF,BANKNIFTY28APR2655000CE,1605.9,1555.55,1704.15,1241.7,1182.6,894030,1533.87,1601.95,150,1606.85,150,666090
2026-04-10T12:03:29.632,NF,BANKNIFTY28APR2655000CE,1601.55,1555.55,1704.15,1241.7,1182.6,894120,1533.87,1600.35,120,1605.8,90,666090
2026-04-10T12:03:32.231,NF,BANKNIFTY28APR2655000CE,1605.75,1555.55,1704.15,1241.7,1182.6,894150,1533.87,1601.05,120,1606.4,150,666090
2026-04-10T12:03:34.637,NF,BANKNIFTY28APR2655000CE,1601.55,1555.55,1704.15,1241.7,1182.6,894270,1533.88,1601.35,120,1606.85,120,666090
2026-04-10T12:03:38.448,NF,BANKNIFTY28APR2655000CE,1605.55,1555.55,1704.15,1241.7,1182.6,894330,1533.89,1601.4,120,1607.4,30,666090
2026-04-10T12:03:39.649,NF,BANKNIFTY28APR2655000CE,1607.1,1555.55,1704.15,1241.7,1182.6,894360,1533.89,1600.85,120,1606.65,90,666090
2026-04-10T12:03:44.652,NF,BANKNIFTY28APR2655000CE,1606.3,1555.55,1704.15,1241.7,1182.6,894390,1533.89,1601.95,240,1607.05,150,666090
2026-04-10T12:03:49.659,NF,BANKNIFTY28APR2655000CE,1606.3,1555.55,1704.15,1241.7,1182.6,894420,1533.9,1602.1,120,1606.2,120,666090
2026-04-10T12:03:51.863,NF,BANKNIFTY28APR2655000CE,1606.25,1555.55,1704.15,1241.7,1182.6,894480,1533.9,1602.3,240,1606.3,30,666090
2026-04-10T12:03:54.292,NF,BANKNIFTY28APR2655000CE,1606.3,1555.55,1704.15,1241.7,1182.6,894510,1533.9,1603.25,90,1608.15,150,666090
2026-04-10T12:04:09.085,NF,BANKNIFTY28APR2655000CE,1605.25,1555.55,1704.15,1241.7,1182.6,894570,1533.91,1604.5,150,1609.95,270,666090
2026-04-10T12:04:10.287,NF,BANKNIFTY28APR2655000CE,1607.5,1555.55,1704.15,1241.7,1182.6,894600,1533.91,1603.3,150,1608.25,180,666090
2026-04-10T12:04:12.888,NF,BANKNIFTY28APR2655000CE,1607.95,1555.55,1704.15,1241.7,1182.6,894660,1533.92,1603.0,120,1607.85,90,666090
2026-04-10T12:04:15.292,NF,BANKNIFTY28APR2655000CE,1609.3,1555.55,1704.15,1241.7,1182.6,894810,1533.93,1603.45,150,1609.45,60,666090
2026-04-10T12:04:16.495,NF,BANKNIFTY28APR2655000CE,1607.8,1555.55,1704.15,1241.7,1182.6,894990,1533.94,1602.7,150,1607.85,60,666090
2026-04-10T12:04:22.507,NF,BANKNIFTY28APR2655000CE,1603.2,1555.55,1704.15,1241.7,1182.6,895020,1533.94,1603.45,240,1608.5,150,666090
2026-04-10T12:04:24.911,NF,BANKNIFTY28APR2655000CE,1608.85,1555.55,1704.15,1241.7,1182.6,895050,1533.95,1603.9,120,1608.8,510,666090
2026-04-10T12:04:28.520,NF,BANKNIFTY28APR2655000CE,1610.0,1555.55,1704.15,1241.7,1182.6,895650,1534.0,1604.65,120,1609.8,120,666090
2026-04-10T12:04:31.142,NF,BANKNIFTY28APR2655000CE,1608.65,1555.55,1704.15,1241.7,1182.6,895680,1534.0,1603.3,120,1608.65,90,666090
2026-04-10T12:04:34.719,NF,BANKNIFTY28APR2655000CE,1610.0,1555.55,1704.15,1241.7,1182.6,896280,1534.05,1603.85,150,1609.35,150,666090
2026-04-10T12:04:35.920,NF,BANKNIFTY28APR2655000CE,1609.65,1555.55,1704.15,1241.7,1182.6,896340,1534.06,1604.25,180,1610.05,120,666090
2026-04-10T12:04:37.129,NF,BANKNIFTY28APR2655000CE,1609.85,1555.55,1704.15,1241.7,1182.6,896370,1534.06,1604.25,150,1609.75,270,666090
2026-04-10T12:04:39.561,NF,BANKNIFTY28APR2655000CE,1610.0,1555.55,1704.15,1241.7,1182.6,896970,1534.11,1604.75,150,1610.0,1080,666090
2026-04-10T12:04:40.728,NF,BANKNIFTY28APR2655000CE,1609.95,1555.55,1704.15,1241.7,1182.6,897000,1534.11,1604.75,150,1609.85,240,666090
2026-04-10T12:04:43.337,NF,BANKNIFTY28APR2655000CE,1609.95,1555.55,1704.15,1241.7,1182.6,897030,1534.11,1604.25,150,1609.8,150,666090
2026-04-10T12:04:49.370,NF,BANKNIFTY28APR2655000CE,1610.25,1555.55,1704.15,1241.7,1182.6,897060,1534.12,1604.8,270,1609.9,120,666090
2026-04-10T12:04:51.945,NF,BANKNIFTY28APR2655000CE,1609.9,1555.55,1704.15,1241.7,1182.6,897180,1534.13,1605.55,150,1609.95,150,666090
2026-04-10T12:04:53.188,NF,BANKNIFTY28APR2655000CE,1609.95,1555.55,1704.15,1241.7,1182.6,897210,1534.13,1606.75,180,1610.0,30,666090
2026-04-10T12:04:54.545,NF,BANKNIFTY28APR2655000CE,1615.15,1555.55,1704.15,1241.7,1182.6,897390,1534.15,1610.95,120,1615.05,30,663900
2026-04-10T12:05:00.766,NF,BANKNIFTY28APR2655000CE,1615.2,1555.55,1704.15,1241.7,1182.6,897420,1534.15,1610.6,150,1616.45,90,663900
2026-04-10T12:05:06.982,NF,BANKNIFTY28APR2655000CE,1614.1,1555.55,1704.15,1241.7,1182.6,897570,1534.16,1612.75,150,1618.3,150,663900
2026-04-10T12:05:08.171,NF,BANKNIFTY28APR2655000CE,1612.95,1555.55,1704.15,1241.7,1182.6,897690,1534.17,1613.0,150,1618.9,150,663900
2026-04-10T12:05:10.774,NF,BANKNIFTY28APR2655000CE,1613.05,1555.55,1704.15,1241.7,1182.6,897810,1534.18,1612.15,150,1617.4,60,663900
2026-04-10T12:05:14.394,NF,BANKNIFTY28APR2655000CE,1612.3,1555.55,1704.15,1241.7,1182.6,897840,1534.19,1612.1,150,1617.85,60,663900
2026-04-10T12:05:15.782,NF,BANKNIFTY28APR2655000CE,1612.05,1555.55,1704.15,1241.7,1182.6,897990,1534.2,1612.75,120,1617.35,30,663900
2026-04-10T12:05:18.193,NF,BANKNIFTY28APR2655000CE,1616.45,1555.55,1704.15,1241.7,1182.6,898020,1534.2,1612.15,180,1616.0,30,663900
2026-04-10T12:05:19.389,NF,BANKNIFTY28APR2655000CE,1613.05,1555.55,1704.15,1241.7,1182.6,898080,1534.21,1611.2,90,1616.0,30,663900
2026-04-10T12:05:25.596,NF,BANKNIFTY28APR2655000CE,1620.0,1555.55,1704.15,1241.7,1182.6,898230,1534.22,1616.8,240,1620.0,210,663900
2026-04-10T12:05:26.997,NF,BANKNIFTY28APR2655000CE,1620.0,1555.55,1704.15,1241.7,1182.6,898290,1534.23,1617.2,120,1620.0,150,663900
2026-04-10T12:05:29.406,NF,BANKNIFTY28APR2655000CE,1615.0,1555.55,1704.15,1241.7,1182.6,898410,1534.24,1614.5,150,1619.35,30,663900
2026-04-10T12:05:34.424,NF,BANKNIFTY28APR2655000CE,1613.65,1555.55,1704.15,1241.7,1182.6,898710,1534.26,1607.0,90,1612.8,60,663900
2026-04-10T12:05:40.621,NF,BANKNIFTY28APR2655000CE,1615.0,1555.55,1704.15,1241.7,1182.6,898740,1534.27,1612.6,90,1618.35,90,663900
2026-04-10T12:05:44.424,NF,BANKNIFTY28APR2655000CE,1617.5,1555.55,1704.15,1241.7,1182.6,898770,1534.27,1612.0,120,1617.4,60,663900
2026-04-10T12:05:47.025,NF,BANKNIFTY28APR2655000CE,1613.6,1555.55,1704.15,1241.7,1182.6,898950,1534.28,1613.4,90,1619.05,120,663900
2026-04-10T12:05:58.847,NF,BANKNIFTY28APR2655000CE,1610.0,1555.55,1704.15,1241.7,1182.6,898980,1534.29,1608.0,30,1612.9,210,663900
2026-04-10T12:06:01.252,NF,BANKNIFTY28APR2655000CE,1608.0,1555.55,1704.15,1241.7,1182.6,899010,1534.29,1606.0,120,1611.5,60,663900
2026-04-10T12:06:07.470,NF,BANKNIFTY28APR2655000CE,1608.0,1555.55,1704.15,1241.7,1182.6,899130,1534.3,1608.0,510,1612.25,150,663900
2026-04-10T12:06:18.673,NF,BANKNIFTY28APR2655000CE,1609.0,1555.55,1704.15,1241.7,1182.6,899160,1534.3,1608.8,60,1614.5,120,663900
2026-04-10T12:06:22.494,NF,BANKNIFTY28APR2655000CE,1608.0,1555.55,1704.15,1241.7,1182.6,899670,1534.34,1603.0,60,1608.4,90,663900
2026-04-10T12:06:36.101,NF,BANKNIFTY28APR2655000CE,1602.0,1555.55,1704.15,1241.7,1182.6,899700,1534.35,1602.15,120,1607.5,90,663900
2026-04-10T12:06:37.505,NF,BANKNIFTY28APR2655000CE,1603.2,1555.55,1704.15,1241.7,1182.6,899730,1534.35,1602.3,90,1608.3,90,663900
2026-04-10T12:06:51.514,NF,BANKNIFTY28APR2655000CE,1610.0,1555.55,1704.15,1241.7,1182.6,899760,1534.35,1609.6,60,1614.85,150,663900
2026-04-10T12:06:55.121,NF,BANKNIFTY28APR2655000CE,1615.0,1555.55,1704.15,1241.7,1182.6,899820,1534.36,1614.55,30,1619.85,90,663900
2026-04-10T12:06:57.718,NF,BANKNIFTY28APR2655000CE,1619.9,1555.55,1704.15,1241.7,1182.6,899850,1534.36,1615.45,60,1620.0,90,663900
2026-04-10T12:07:06.329,NF,BANKNIFTY28APR2655000CE,1615.35,1555.55,1704.15,1241.7,1182.6,900150,1534.39,1609.65,30,1614.95,180,663900
2026-04-10T12:07:13.741,NF,BANKNIFTY28APR2655000CE,1605.0,1555.55,1704.15,1241.7,1182.6,900180,1534.39,1602.6,120,1607.9,150,663900
2026-04-10T12:07:17.362,NF,BANKNIFTY28APR2655000CE,1607.5,1555.55,1704.15,1241.7,1182.6,900210,1534.39,1603.6,30,1608.65,120,663900
2026-04-10T12:07:19.750,NF,BANKNIFTY28APR2655000CE,1608.65,1555.55,1704.15,1241.7,1182.6,900360,1534.4,1605.35,30,1610.7,120,663900
2026-04-10T12:07:44.383,NF,BANKNIFTY28APR2655000CE,1610.6,1555.55,1704.15,1241.7,1182.6,900390,1534.41,1610.25,150,1615.3,150,663900
2026-04-10T12:08:05.416,NF,BANKNIFTY28APR2655000CE,1617.0,1555.55,1704.15,1241.7,1182.6,900420,1534.41,1613.65,60,1619.65,90,662310
2026-04-10T12:08:17.827,NF,BANKNIFTY28APR2655000CE,1619.8,1555.55,1704.15,1241.7,1182.6,900510,1534.42,1614.85,150,1619.7,270,662310
2026-04-10T12:08:21.644,NF,BANKNIFTY28APR2655000CE,1615.3,1555.55,1704.15,1241.7,1182.6,900540,1534.42,1615.15,150,1619.9,60,662310
2026-04-10T12:08:31.675,NF,BANKNIFTY28APR2655000CE,1622.0,1555.55,1704.15,1241.7,1182.6,901020,1534.47,1621.15,150,1624.0,240,662310
2026-04-10T12:08:32.848,NF,BANKNIFTY28APR2655000CE,1624.0,1555.55,1704.15,1241.7,1182.6,901050,1534.47,1621.2,90,1624.0,210,662310
2026-04-10T12:08:34.052,NF,BANKNIFTY28APR2655000CE,1624.0,1555.55,1704.15,1241.7,1182.6,901110,1534.47,1621.35,120,1624.0,150,662310
2026-04-10T12:08:35.252,NF,BANKNIFTY28APR2655000CE,1624.0,1555.55,1704.15,1241.7,1182.6,901260,1534.49,1623.05,60,1625.9,30,662310
2026-04-10T12:08:36.658,NF,BANKNIFTY28APR2655000CE,1625.9,1555.55,1704.15,1241.7,1182.6,901290,1534.49,1622.65,30,1626.15,120,662310
2026-04-10T12:08:41.478,NF,BANKNIFTY28APR2655000CE,1626.15,1555.55,1704.15,1241.7,1182.6,901350,1534.5,1624.1,30,1626.15,60,662310
2026-04-10T12:08:45.264,NF,BANKNIFTY28APR2655000CE,1626.15,1555.55,1704.15,1241.7,1182.6,901380,1534.5,1623.75,150,1626.15,30,662310
2026-04-10T12:08:47.674,NF,BANKNIFTY28APR2655000CE,1626.15,1555.55,1704.15,1241.7,1182.6,901410,1534.5,1624.05,90,1628.0,60,662310
2026-04-10T12:08:49.085,NF,BANKNIFTY28APR2655000CE,1626.8,1555.55,1704.15,1241.7,1182.6,901440,1534.51,1621.75,30,1626.9,90,662310
2026-04-10T12:08:50.287,NF,BANKNIFTY28APR2655000CE,1627.1,1555.55,1704.15,1241.7,1182.6,901470,1534.51,1621.3,60,1626.6,90,662310
2026-04-10T12:08:52.682,NF,BANKNIFTY28APR2655000CE,1623.6,1555.55,1704.15,1241.7,1182.6,901530,1534.52,1618.55,90,1623.75,150,662310
2026-04-10T12:08:53.880,NF,BANKNIFTY28APR2655000CE,1623.75,1555.55,1704.15,1241.7,1182.6,901560,1534.52,1619.25,60,1624.65,60,662310
2026-04-10T12:08:55.092,NF,BANKNIFTY28APR2655000CE,1622.45,1555.55,1704.15,1241.7,1182.6,901590,1534.52,1608.8,60,1614.7,120,662310
2026-04-10T12:08:56.287,NF,BANKNIFTY28APR2655000CE,1613.85,1555.55,1704.15,1241.7,1182.6,901650,1534.53,1613.0,30,1615.1,60,662310
2026-04-10T12:08:57.694,NF,BANKNIFTY28APR2655000CE,1616.0,1555.55,1704.15,1241.7,1182.6,901710,1534.53,1613.0,30,1616.75,90,662310
2026-04-10T12:09:08.912,NF,BANKNIFTY28APR2655000CE,1613.0,1555.55,1704.15,1241.7,1182.6,901740,1534.54,1608.4,90,1613.85,90,662310
2026-04-10T12:09:10.110,NF,BANKNIFTY28APR2655000CE,1608.75,1555.55,1704.15,1241.7,1182.6,901890,1534.55,1608.7,90,1613.7,60,662310
2026-04-10T12:09:11.311,NF,BANKNIFTY28APR2655000CE,1613.7,1555.55,1704.15,1241.7,1182.6,901920,1534.55,1608.1,60,1613.45,90,662310
2026-04-10T12:09:18.921,NF,BANKNIFTY28APR2655000CE,1613.75,1555.55,1704.15,1241.7,1182.6,901950,1534.55,1608.5,60,1613.85,60,662310
2026-04-10T12:09:21.325,NF,BANKNIFTY28APR2655000CE,1609.15,1555.55,1704.15,1241.7,1182.6,902010,1534.56,1607.5,60,1613.1,30,662310
2026-04-10T12:09:23.935,NF,BANKNIFTY28APR2655000CE,1608.35,1555.55,1704.15,1241.7,1182.6,902100,1534.57,1608.65,90,1614.0,90,662310
2026-04-10T12:09:28.737,NF,BANKNIFTY28APR2655000CE,1620.25,1555.55,1704.15,1241.7,1182.6,902130,1534.57,1614.1,90,1619.5,90,662310
2026-04-10T12:09:38.754,NF,BANKNIFTY28APR2655000CE,1620.0,1555.55,1704.15,1241.7,1182.6,902160,1534.57,1619.6,60,1624.95,30,662310
2026-04-10T12:09:40.152,NF,BANKNIFTY28APR2655000CE,1625.0,1555.55,1704.15,1241.7,1182.6,902190,1534.57,1620.35,150,1625.0,420,662310
2026-04-10T12:09:41.356,NF,BANKNIFTY28APR2655000CE,1625.0,1555.55,1704.15,1241.7,1182.6,902220,1534.58,1620.4,90,1624.9,30,662310
2026-04-10T12:09:53.377,NF,BANKNIFTY28APR2655000CE,1625.0,1555.55,1704.15,1241.7,1182.6,902250,1534.58,1621.1,60,1625.0,360,662310
2026-04-10T12:09:58.393,NF,BANKNIFTY28APR2655000CE,1620.85,1555.55,1704.15,1241.7,1182.6,902280,1534.58,1620.8,120,1625.0,360,662310
2026-04-10T12:10:00.792,NF,BANKNIFTY28APR2655000CE,1625.0,1555.55,1704.15,1241.7,1182.6,902310,1534.59,1621.4,60,1625.0,330,662310
2026-04-10T12:10:01.993,NF,BANKNIFTY28APR2655000CE,1625.0,1555.55,1704.15,1241.7,1182.6,902430,1534.6,1622.45,180,1625.0,210,662310
2026-04-10T12:10:03.407,NF,BANKNIFTY28APR2655000CE,1625.0,1555.55,1704.15,1241.7,1182.6,902640,1534.62,1623.4,150,1626.0,30,662310
2026-04-10T12:10:09.603,NF,BANKNIFTY28APR2655000CE,1622.45,1555.55,1704.15,1241.7,1182.6,902670,1534.62,1622.45,150,1626.0,30,662310
2026-04-10T12:10:13.217,NF,BANKNIFTY28APR2655000CE,1624.7,1555.55,1704.15,1241.7,1182.6,902700,1534.62,1620.5,90,1625.35,60,662310
2026-04-10T12:10:17.017,NF,BANKNIFTY28APR2655000CE,1622.0,1555.55,1704.15,1241.7,1182.6,902730,1534.63,1617.4,90,1622.7,120,662310
2026-04-10T12:10:33.243,NF,BANKNIFTY28APR2655000CE,1619.4,1555.55,1704.15,1241.7,1182.6,902760,1534.63,1613.3,90,1618.95,120,662310
2026-04-10T12:10:40.655,NF,BANKNIFTY28APR2655000CE,1617.3,1555.55,1704.15,1241.7,1182.6,902790,1534.63,1615.0,60,1617.45,150,662310
2026-04-10T12:10:45.475,NF,BANKNIFTY28APR2655000CE,1615.0,1555.55,1704.15,1241.7,1182.6,902850,1534.64,1611.7,60,1617.05,60,662310
2026-04-10T12:10:48.066,NF,BANKNIFTY28APR2655000CE,1616.25,1555.55,1704.15,1241.7,1182.6,902880,1534.64,1610.0,60,1614.3,240,662310
2026-04-10T12:10:57.680,NF,BANKNIFTY28APR2655000CE,1616.65,1555.55,1704.15,1241.7,1182.6,902910,1534.64,1611.6,90,1616.4,60,662250
2026-04-10T12:11:00.083,NF,BANKNIFTY28APR2655000CE,1616.2,1555.55,1704.15,1241.7,1182.6,902970,1534.65,1611.4,90,1616.35,90,662250
2026-04-10T12:11:07.294,NF,BANKNIFTY28APR2655000CE,1616.25,1555.55,1704.15,1241.7,1182.6,903000,1534.65,1611.95,30,1616.45,150,662250
2026-04-10T12:11:13.311,NF,BANKNIFTY28APR2655000CE,1606.0,1555.55,1704.15,1241.7,1182.6,903120,1534.66,1605.9,30,1611.25,60,662250
2026-04-10T12:11:19.712,NF,BANKNIFTY28APR2655000CE,1613.85,1555.55,1704.15,1241.7,1182.6,903150,1534.66,1606.9,90,1612.0,270,662250
2026-04-10T12:11:22.118,NF,BANKNIFTY28APR2655000CE,1613.55,1555.55,1704.15,1241.7,1182.6,903180,1534.67,1608.6,60,1613.5,330,662250
2026-04-10T12:11:27.138,NF,BANKNIFTY28APR2655000CE,1614.5,1555.55,1704.15,1241.7,1182.6,903210,1534.67,1609.4,60,1614.3,30,662250
2026-04-10T12:11:30.927,NF,BANKNIFTY28APR2655000CE,1614.3,1555.55,1704.15,1241.7,1182.6,903270,1534.68,1609.85,120,1615.05,120,662250
2026-04-10T12:11:34.549,NF,BANKNIFTY28APR2655000CE,1614.3,1555.55,1704.15,1241.7,1182.6,903300,1534.68,1608.75,90,1614.45,120,662250
2026-04-10T12:11:36.939,NF,BANKNIFTY28APR2655000CE,1611.95,1555.55,1704.15,1241.7,1182.6,903330,1534.68,1607.1,90,1612.2,90,662250
2026-04-10T12:11:39.543,NF,BANKNIFTY28APR2655000CE,1609.0,1555.55,1704.15,1241.7,1182.6,903360,1534.68,1605.9,30,1609.0,90,662250
2026-04-10T12:11:43.148,NF,BANKNIFTY28APR2655000CE,1609.0,1555.55,1704.15,1241.7,1182.6,903390,1534.69,1605.95,180,1609.0,60,662250
2026-04-10T12:11:49.363,NF,BANKNIFTY28APR2655000CE,1609.0,1555.55,1704.15,1241.7,1182.6,903450,1534.69,1608.75,30,1614.1,60,662250
2026-04-10T12:12:02.591,NF,BANKNIFTY28APR2655000CE,1612.1,1555.55,1704.15,1241.7,1182.6,903480,1534.69,1612.0,60,1616.45,150,662250
2026-04-10T12:12:05.176,NF,BANKNIFTY28APR2655000CE,1613.95,1555.55,1704.15,1241.7,1182.6,903540,1534.7,1608.75,90,1613.95,60,662250
2026-04-10T12:12:06.377,NF,BANKNIFTY28APR2655000CE,1615.9,1555.55,1704.15,1241.7,1182.6,903630,1534.71,1609.9,90,1614.85,120,662250
2026-04-10T12:12:19.827,NF,BANKNIFTY28APR2655000CE,1610.0,1555.55,1704.15,1241.7,1182.6,903660,1534.71,1605.9,30,1611.05,30,662250
2026-04-10T12:12:39.631,NF,BANKNIFTY28APR2655000CE,1612.0,1555.55,1704.15,1241.7,1182.6,903810,1534.72,1607.0,30,1610.55,150,662250
2026-04-10T12:12:41.038,NF,BANKNIFTY28APR2655000CE,1607.0,1555.55,1704.15,1241.7,1182.6,903840,1534.72,1605.9,30,1609.8,30,662250
2026-04-10T12:12:53.051,NF,BANKNIFTY28APR2655000CE,1605.9,1555.55,1704.15,1241.7,1182.6,903870,1534.73,1603.25,60,1608.55,180,662250
2026-04-10T12:13:15.469,NF,BANKNIFTY28APR2655000CE,1608.85,1555.55,1704.15,1241.7,1182.6,903900,1534.73,1608.75,180,1613.8,120,662250
2026-04-10T12:13:22.878,NF,BANKNIFTY28APR2655000CE,1609.4,1555.55,1704.15,1241.7,1182.6,903930,1534.73,1605.05,60,1610.0,150,662250
2026-04-10T12:14:12.148,NF,BANKNIFTY28APR2655000CE,1611.85,1555.55,1704.15,1241.7,1182.6,904050,1534.74,1607.35,30,1610.95,60,662250
2026-04-10T12:14:16.952,NF,BANKNIFTY28APR2655000CE,1613.55,1555.55,1704.15,1241.7,1182.6,904080,1534.74,1609.05,60,1613.75,120,662250
2026-04-10T12:14:21.769,NF,BANKNIFTY28APR2655000CE,1613.25,1555.55,1704.15,1241.7,1182.6,904110,1534.75,1608.85,90,1613.6,60,662250
2026-04-10T12:14:27.769,NF,BANKNIFTY28APR2655000CE,1611.1,1555.55,1704.15,1241.7,1182.6,904380,1534.77,1605.1,120,1610.75,60,662250
2026-04-10T12:14:45.793,NF,BANKNIFTY28APR2655000CE,1589.3,1555.55,1704.15,1241.7,1182.6,905490,1534.85,1591.1,60,1596.5,120,662250
2026-04-10T12:14:53.211,NF,BANKNIFTY28APR2655000CE,1588.0,1555.55,1704.15,1241.7,1182.6,905730,1534.87,1588.7,60,1594.55,90,662250
2026-04-10T12:14:58.014,NF,BANKNIFTY28APR2655000CE,1592.0,1555.55,1704.15,1241.7,1182.6,905760,1534.87,1588.0,30,1591.75,60,662250
2026-04-10T12:14:59.211,NF,BANKNIFTY28APR2655000CE,1588.0,1555.55,1704.15,1241.7,1182.6,905790,1534.87,1586.9,90,1592.45,60,662250
2026-04-10T12:15:03.019,NF,BANKNIFTY28APR2655000CE,1592.15,1555.55,1704.15,1241.7,1182.6,905820,1534.87,1588.0,60,1593.15,210,662250
2026-04-10T12:15:07.839,NF,BANKNIFTY28APR2655000CE,1599.3,1555.55,1704.15,1241.7,1182.6,905880,1534.88,1599.7,90,1604.05,30,662250
2026-04-10T12:15:11.627,NF,BANKNIFTY28APR2655000CE,1604.5,1555.55,1704.15,1241.7,1182.6,905910,1534.88,1597.75,60,1603.7,60,662250
2026-04-10T12:15:15.245,NF,BANKNIFTY28APR2655000CE,1601.8,1555.55,1704.15,1241.7,1182.6,906240,1534.9,1596.05,180,1600.45,30,662250
2026-04-10T12:15:33.857,NF,BANKNIFTY28APR2655000CE,1599.1,1555.55,1704.15,1241.7,1182.6,906270,1534.9,1596.35,90,1602.1,120,662250
2026-04-10T12:15:48.921,NF,BANKNIFTY28APR2655000CE,1595.45,1555.55,1704.15,1241.7,1182.6,906300,1534.91,1590.3,180,1595.4,630,662250
2026-04-10T12:15:52.527,NF,BANKNIFTY28APR2655000CE,1592.05,1555.55,1704.15,1241.7,1182.6,906330,1534.91,1588.0,90,1591.95,60,662250
2026-04-10T12:15:53.682,NF,BANKNIFTY28APR2655000CE,1588.0,1555.55,1704.15,1241.7,1182.6,906360,1534.91,1588.0,60,1591.2,180,662250
2026-04-10T12:15:54.889,NF,BANKNIFTY28APR2655000CE,1588.0,1555.55,1704.15,1241.7,1182.6,906420,1534.91,1585.9,30,1589.2,90,662250
2026-04-10T12:15:56.092,NF,BANKNIFTY28APR2655000CE,1585.9,1555.55,1704.15,1241.7,1182.6,906450,1534.91,1581.8,180,1587.1,120,662250
2026-04-10T12:16:01.100,NF,BANKNIFTY28APR2655000CE,1584.4,1555.55,1704.15,1241.7,1182.6,906510,1534.92,1581.3,90,1586.8,150,662250
2026-04-10T12:16:08.312,NF,BANKNIFTY28APR2655000CE,1588.5,1555.55,1704.15,1241.7,1182.6,907380,1534.97,1594.9,30,1600.0,30,662250
2026-04-10T12:16:12.106,NF,BANKNIFTY28APR2655000CE,1592.25,1555.55,1704.15,1241.7,1182.6,907410,1534.97,1592.75,180,1597.75,60,662250
2026-04-10T12:16:16.915,NF,BANKNIFTY28APR2655000CE,1596.6,1555.55,1704.15,1241.7,1182.6,907440,1534.97,1592.35,180,1598.6,30,662250
2026-04-10T12:16:20.726,NF,BANKNIFTY28APR2655000CE,1591.95,1555.55,1704.15,1241.7,1182.6,907470,1534.98,1590.95,90,1596.1,60,662250
2026-04-10T12:16:32.740,NF,BANKNIFTY28APR2655000CE,1600.0,1555.55,1704.15,1241.7,1182.6,907500,1534.98,1597.75,60,1602.2,150,662250
2026-04-10T12:16:36.542,NF,BANKNIFTY28APR2655000CE,1598.2,1555.55,1704.15,1241.7,1182.6,907680,1534.99,1597.7,210,1603.55,60,662250
2026-04-10T12:16:49.962,NF,BANKNIFTY28APR2655000CE,1600.0,1555.55,1704.15,1241.7,1182.6,907800,1535.0,1598.15,30,1604.1,90,662250
2026-04-10T12:16:55.970,NF,BANKNIFTY28APR2655000CE,1605.75,1555.55,1704.15,1241.7,1182.6,907830,1535.0,1600.35,60,1605.65,60,662250
2026-04-10T12:17:07.216,NF,BANKNIFTY28APR2655000CE,1608.0,1555.55,1704.15,1241.7,1182.6,908010,1535.02,1608.35,120,1613.6,150,661500
2026-04-10T12:17:08.582,NF,BANKNIFTY28APR2655000CE,1608.55,1555.55,1704.15,1241.7,1182.6,908100,1535.02,1607.9,60,1613.55,60,661500
2026-04-10T12:17:10.989,NF,BANKNIFTY28APR2655000CE,1608.75,1555.55,1704.15,1241.7,1182.6,908190,1535.03,1605.45,60,1611.0,60,661500
2026-04-10T12:17:28.610,NF,BANKNIFTY28APR2655000CE,1601.15,1555.55,1704.15,1241.7,1182.6,908250,1535.03,1600.55,60,1606.0,90,661500
2026-04-10T12:17:31.030,NF,BANKNIFTY28APR2655000CE,1608.55,1555.55,1704.15,1241.7,1182.6,908280,1535.04,1604.75,90,1608.55,60,661500
2026-04-10T12:17:36.033,NF,BANKNIFTY28APR2655000CE,1605.0,1555.55,1704.15,1241.7,1182.6,908430,1535.05,1604.9,120,1608.55,60,661500
2026-04-10T12:18:05.686,NF,BANKNIFTY28APR2655000CE,1600.0,1555.55,1704.15,1241.7,1182.6,908460,1535.05,1595.0,150,1600.8,90,661500
2026-04-10T12:18:10.677,NF,BANKNIFTY28APR2655000CE,1590.9,1555.55,1704.15,1241.7,1182.6,908490,1535.05,1591.05,120,1596.2,90,661500
2026-04-10T12:18:24.110,NF,BANKNIFTY28APR2655000CE,1590.9,1555.55,1704.15,1241.7,1182.6,908520,1535.05,1590.0,30,1592.9,210,661500
2026-04-10T12:18:31.513,NF,BANKNIFTY28APR2655000CE,1595.05,1555.55,1704.15,1241.7,1182.6,908580,1535.06,1591.45,90,1596.8,120,661500
2026-04-10T12:18:47.331,NF,BANKNIFTY28APR2655000CE,1595.0,1555.55,1704.15,1241.7,1182.6,908610,1535.06,1593.6,90,1598.75,90,661500
2026-04-10T12:18:49.735,NF,BANKNIFTY28APR2655000CE,1599.8,1555.55,1704.15,1241.7,1182.6,908790,1535.07,1600.7,180,1606.15,60,661500
2026-04-10T12:18:52.541,NF,BANKNIFTY28APR2655000CE,1602.25,1555.55,1704.15,1241.7,1182.6,908820,1535.07,1598.9,90,1604.8,90,661500
2026-04-10T12:18:58.747,NF,BANKNIFTY28APR2655000CE,1606.5,1555.55,1704.15,1241.7,1182.6,908850,1535.08,1600.55,90,1605.85,90,661500
2026-04-10T12:19:01.151,NF,BANKNIFTY28APR2655000CE,1604.2,1555.55,1704.15,1241.7,1182.6,908880,1535.08,1596.45,30,1602.6,90,661500
2026-04-10T12:19:03.756,NF,BANKNIFTY28APR2655000CE,1602.0,1555.55,1704.15,1241.7,1182.6,908910,1535.08,1596.5,60,1602.35,90,661500
2026-04-10T12:19:31.196,NF,BANKNIFTY28APR2655000CE,1602.0,1555.55,1704.15,1241.7,1182.6,908940,1535.08,1602.25,90,1608.0,90,661500
2026-04-10T12:19:38.809,NF,BANKNIFTY28APR2655000CE,1610.0,1555.55,1704.15,1241.7,1182.6,908970,1535.09,1608.0,90,1614.3,60,661500
2026-04-10T12:19:40.008,NF,BANKNIFTY28APR2655000CE,1608.55,1555.55,1704.15,1241.7,1182.6,909120,1535.1,1606.9,60,1611.85,90,661500
2026-04-10T12:20:07.257,NF,BANKNIFTY28APR2655000CE,1611.55,1555.55,1704.15,1241.7,1182.6,909150,1535.1,1607.15,120,1612.25,90,661350
2026-04-10T12:20:09.673,NF,BANKNIFTY28APR2655000CE,1611.85,1555.55,1704.15,1241.7,1182.6,909180,1535.1,1612.4,30,1617.95,60,661350
2026-04-10T12:20:10.865,NF,BANKNIFTY28APR2655000CE,1612.3,1555.55,1704.15,1241.7,1182.6,909270,1535.11,1613.45,210,1618.0,30,661350
2026-04-10T12:20:13.460,NF,BANKNIFTY28APR2655000CE,1612.3,1555.55,1704.15,1241.7,1182.6,909300,1535.11,1609.9,150,1615.15,90,661350
2026-04-10T12:20:20.876,NF,BANKNIFTY28APR2655000CE,1613.75,1555.55,1704.15,1241.7,1182.6,909330,1535.12,1607.75,180,1613.25,90,661350
2026-04-10T12:20:54.523,NF,BANKNIFTY28APR2655000CE,1612.45,1555.55,1704.15,1241.7,1182.6,909360,1535.12,1607.25,120,1613.0,60,661350
2026-04-10T12:20:59.534,NF,BANKNIFTY28APR2655000CE,1608.05,1555.55,1704.15,1241.7,1182.6,909390,1535.12,1608.35,60,1613.25,90,661350
2026-04-10T12:21:08.341,NF,BANKNIFTY28APR2655000CE,1602.9,1555.55,1704.15,1241.7,1182.6,909450,1535.13,1602.45,120,1607.85,60,661350
2026-04-10T12:21:14.550,NF,BANKNIFTY28APR2655000CE,1604.15,1555.55,1704.15,1241.7,1182.6,909480,1535.13,1599.6,60,1604.95,90,661350
2026-04-10T12:21:15.752,NF,BANKNIFTY28APR2655000CE,1603.25,1555.55,1704.15,1241.7,1182.6,909510,1535.13,1597.55,150,1603.15,60,661350
2026-04-10T12:21:21.987,NF,BANKNIFTY28APR2655000CE,1600.0,1555.55,1704.15,1241.7,1182.6,909660,1535.14,1595.4,60,1600.45,30,661350
2026-04-10T12:21:23.164,NF,BANKNIFTY28APR2655000CE,1596.1,1555.55,1704.15,1241.7,1182.6,909690,1535.14,1591.45,150,1596.6,150,661350
2026-04-10T12:21:24.365,NF,BANKNIFTY28APR2655000CE,1591.45,1555.55,1704.15,1241.7,1182.6,909720,1535.14,1591.05,120,1596.2,60,661350
2026-04-10T12:21:26.770,NF,BANKNIFTY28APR2655000CE,1593.8,1555.55,1704.15,1241.7,1182.6,909750,1535.15,1592.45,150,1598.05,90,661350
2026-04-10T12:22:01.022,NF,BANKNIFTY28APR2655000CE,1600.0,1555.55,1704.15,1241.7,1182.6,909780,1535.15,1597.6,30,1603.65,30,661350
2026-04-10T12:22:44.685,NF,BANKNIFTY28APR2655000CE,1597.0,1555.55,1704.15,1241.7,1182.6,909840,1535.15,1598.35,60,1604.7,30,661350
2026-04-10T12:23:20.737,NF,BANKNIFTY28APR2655000CE,1615.0,1555.55,1704.15,1241.7,1182.6,909930,1535.16,1610.8,150,1614.95,540,661320
2026-04-10T12:23:29.359,NF,BANKNIFTY28APR2655000CE,1608.7,1555.55,1704.15,1241.7,1182.6,910020,1535.17,1603.8,90,1609.2,90,661320
2026-04-10T12:23:30.750,NF,BANKNIFTY28APR2655000CE,1609.6,1555.55,1704.15,1241.7,1182.6,910050,1535.17,1605.95,30,1611.5,120,661320
2026-04-10T12:23:55.399,NF,BANKNIFTY28APR2655000CE,1615.0,1555.55,1704.15,1241.7,1182.6,910080,1535.17,1611.0,90,1615.9,120,661320
2026-04-10T12:23:56.595,NF,BANKNIFTY28APR2655000CE,1615.9,1555.55,1704.15,1241.7,1182.6,910110,1535.18,1611.9,150,1616.0,120,661320
2026-04-10T12:23:59.192,NF,BANKNIFTY28APR2655000CE,1615.95,1555.55,1704.15,1241.7,1182.6,910170,1535.18,1611.65,180,1616.0,90,661320
2026-04-10T12:24:00.394,NF,BANKNIFTY28APR2655000CE,1616.0,1555.55,1704.15,1241.7,1182.6,910200,1535.18,1612.1,120,1616.0,60,661320
2026-04-10T12:24:01.600,NF,BANKNIFTY28APR2655000CE,1616.0,1555.55,1704.15,1241.7,1182.6,910260,1535.19,1613.8,30,1617.95,150,661320
2026-04-10T12:24:05.208,NF,BANKNIFTY28APR2655000CE,1618.0,1555.55,1704.15,1241.7,1182.6,910320,1535.19,1614.1,180,1617.95,60,661320
2026-04-10T12:24:07.800,NF,BANKNIFTY28APR2655000CE,1618.35,1555.55,1704.15,1241.7,1182.6,910410,1535.2,1613.65,120,1618.1,150,661320
2026-04-10T12:24:11.406,NF,BANKNIFTY28APR2655000CE,1617.65,1555.55,1704.15,1241.7,1182.6,910530,1535.21,1613.35,120,1618.25,150,661320
2026-04-10T12:24:16.411,NF,BANKNIFTY28APR2655000CE,1620.0,1555.55,1704.15,1241.7,1182.6,910800,1535.24,1618.75,90,1620.0,30,661320
2026-04-10T12:24:17.613,NF,BANKNIFTY28APR2655000CE,1624.0,1555.55,1704.15,1241.7,1182.6,910860,1535.24,1620.55,30,1624.0,120,661320
2026-04-10T12:24:18.815,NF,BANKNIFTY28APR2655000CE,1625.0,1555.55,1704.15,1241.7,1182.6,911040,1535.26,1623.75,90,1625.0,30,661320
2026-04-10T12:24:20.017,NF,BANKNIFTY28APR2655000CE,1626.0,1555.55,1704.15,1241.7,1182.6,911130,1535.27,1625.4,90,1628.0,60,661320
2026-04-10T12:24:21.220,NF,BANKNIFTY28APR2655000CE,1630.0,1555.55,1704.15,1241.7,1182.6,911220,1535.28,1626.05,120,1630.0,210,661320
2026-04-10T12:24:29.838,NF,BANKNIFTY28APR2655000CE,1623.55,1555.55,1704.15,1241.7,1182.6,911280,1535.29,1623.5,60,1629.5,60,661320
2026-04-10T12:24:31.040,NF,BANKNIFTY28APR2655000CE,1623.45,1555.55,1704.15,1241.7,1182.6,911310,1535.29,1624.15,30,1629.45,60,661320
2026-04-10T12:24:33.643,NF,BANKNIFTY28APR2655000CE,1628.0,1555.55,1704.15,1241.7,1182.6,911340,1535.29,1622.85,150,1628.3,210,661320
2026-04-10T12:24:37.245,NF,BANKNIFTY28APR2655000CE,1627.0,1555.55,1704.15,1241.7,1182.6,911370,1535.3,1621.9,60,1626.95,690,661320
2026-04-10T12:24:40.856,NF,BANKNIFTY28APR2655000CE,1624.0,1555.55,1704.15,1241.7,1182.6,911430,1535.3,1625.1,30,1629.9,120,661320
2026-04-10T12:24:45.870,NF,BANKNIFTY28APR2655000CE,1626.65,1555.55,1704.15,1241.7,1182.6,912480,1535.41,1623.9,60,1629.6,120,661320
2026-04-10T12:24:49.669,NF,BANKNIFTY28APR2655000CE,1626.65,1555.55,1704.15,1241.7,1182.6,912660,1535.42,1623.0,120,1628.85,150,661320
2026-04-10T12:24:50.866,NF,BANKNIFTY28APR2655000CE,1628.95,1555.55,1704.15,1241.7,1182.6,912750,1535.43,1624.15,90,1628.9,360,661320
2026-04-10T12:25:03.278,NF,BANKNIFTY28APR2655000CE,1630.0,1555.55,1704.15,1241.7,1182.6,913140,1535.47,1625.55,90,1630.0,210,661320
2026-04-10T12:25:04.479,NF,BANKNIFTY28APR2655000CE,1628.95,1555.55,1704.15,1241.7,1182.6,913260,1535.49,1625.05,120,1628.95,210,661320
2026-04-10T12:25:05.688,NF,BANKNIFTY28APR2655000CE,1629.6,1555.55,1704.15,1241.7,1182.6,913320,1535.49,1625.35,120,1630.0,210,661320
2026-04-10T12:25:08.281,NF,BANKNIFTY28APR2655000CE,1630.0,1555.55,1704.15,1241.7,1182.6,913350,1535.49,1626.9,120,1630.0,180,661320
2026-04-10T12:25:10.699,NF,BANKNIFTY28APR2655000CE,1630.0,1555.55,1704.15,1241.7,1182.6,913440,1535.5,1627.8,120,1630.0,90,661320
2026-04-10T12:25:16.898,NF,BANKNIFTY28APR2655000CE,1629.9,1555.55,1704.15,1241.7,1182.6,913470,1535.51,1624.45,60,1629.85,360,661320
2026-04-10T12:25:25.523,NF,BANKNIFTY28APR2655000CE,1629.9,1555.55,1704.15,1241.7,1182.6,913530,1535.51,1627.5,210,1630.0,90,661320
2026-04-10T12:25:26.718,NF,BANKNIFTY28APR2655000CE,1630.0,1555.55,1704.15,1241.7,1182.6,913620,1535.52,1630.0,60,1633.9,60,661320
2026-04-10T12:25:29.130,NF,BANKNIFTY28APR2655000CE,1640.0,1555.55,1704.15,1241.7,1182.6,913890,1535.55,1636.45,30,1640.0,120,661320
2026-04-10T12:25:30.515,NF,BANKNIFTY28APR2655000CE,1637.6,1555.55,1704.15,1241.7,1182.6,913920,1535.56,1637.25,90,1640.0,120,661320
2026-04-10T12:25:31.719,NF,BANKNIFTY28APR2655000CE,1640.0,1555.55,1704.15,1241.7,1182.6,914010,1535.57,1638.05,60,1640.0,30,661320
2026-04-10T12:25:32.922,NF,BANKNIFTY28APR2655000CE,1641.0,1555.55,1704.15,1241.7,1182.6,914070,1535.57,1638.5,30,1642.4,90,661320
2026-04-10T12:25:35.335,NF,BANKNIFTY28APR2655000CE,1638.5,1555.55,1704.15,1241.7,1182.6,914100,1535.58,1632.0,90,1640.45,120,661320
2026-04-10T12:25:37.934,NF,BANKNIFTY28APR2655000CE,1638.65,1555.55,1704.15,1241.7,1182.6,914130,1535.58,1634.2,30,1638.0,90,661320
2026-04-10T12:25:44.136,NF,BANKNIFTY28APR2655000CE,1645.0,1555.55,1704.15,1241.7,1182.6,914190,1535.59,1643.6,90,1645.0,30,661320
2026-04-10T12:25:45.375,NF,BANKNIFTY28APR2655000CE,1645.0,1555.55,1704.15,1241.7,1182.6,914280,1535.6,1642.85,60,1647.5,270,661320
2026-04-10T12:25:46.582,NF,BANKNIFTY28APR2655000CE,1646.25,1555.55,1704.15,1241.7,1182.6,914370,1535.61,1641.95,60,1647.2,150,661320
2026-04-10T12:25:51.551,NF,BANKNIFTY28APR2655000CE,1644.0,1555.55,1704.15,1241.7,1182.6,914400,1535.61,1643.65,210,1647.5,30,661320
2026-04-10T12:26:00.189,NF,BANKNIFTY28APR2655000CE,1644.95,1555.55,1704.15,1241.7,1182.6,914430,1535.61,1643.6,120,1647.5,30,658890
2026-04-10T12:26:01.394,NF,BANKNIFTY28APR2655000CE,1647.5,1555.55,1704.15,1241.7,1182.6,914460,1535.62,1644.5,30,1648.0,90,658890
2026-04-10T12:26:03.768,NF,BANKNIFTY28APR2655000CE,1647.5,1555.55,1704.15,1241.7,1182.6,914580,1535.63,1644.55,30,1647.5,300,658890
2026-04-10T12:26:06.172,NF,BANKNIFTY28APR2655000CE,1640.1,1555.55,1704.15,1241.7,1182.6,914700,1535.65,1640.05,30,1645.65,90,658890
2026-04-10T12:26:08.572,NF,BANKNIFTY28APR2655000CE,1640.0,1555.55,1704.15,1241.7,1182.6,914760,1535.65,1635.45,240,1640.0,30,658890
2026-04-10T12:26:09.790,NF,BANKNIFTY28APR2655000CE,1635.95,1555.55,1704.15,1241.7,1182.6,914790,1535.66,1636.3,60,1640.0,30,658890
2026-04-10T12:26:10.988,NF,BANKNIFTY28APR2655000CE,1628.95,1555.55,1704.15,1241.7,1182.6,915810,1535.76,1627.2,120,1632.75,60,658890
2026-04-10T12:26:14.583,NF,BANKNIFTY28APR2655000CE,1635.1,1555.55,1704.15,1241.7,1182.6,915840,1535.77,1630.95,90,1636.05,60,658890
2026-04-10T12:26:17.002,NF,BANKNIFTY28APR2655000CE,1640.0,1555.55,1704.15,1241.7,1182.6,915870,1535.77,1637.7,30,1642.9,90,658890
2026-04-10T12:26:19.399,NF,BANKNIFTY28APR2655000CE,1646.4,1555.55,1704.15,1241.7,1182.6,916560,1535.85,1643.1,90,1648.0,90,658890
2026-04-10T12:26:22.995,NF,BANKNIFTY28APR2655000CE,1646.4,1555.55,1704.15,1241.7,1182.6,916590,1535.86,1641.9,60,1647.95,30,658890
2026-04-10T12:26:29.000,NF,BANKNIFTY28APR2655000CE,1646.4,1555.55,1704.15,1241.7,1182.6,916650,1535.86,1641.6,30,1647.85,60,658890
2026-04-10T12:26:38.634,NF,BANKNIFTY28APR2655000CE,1642.6,1555.55,1704.15,1241.7,1182.6,916710,1535.87,1638.45,60,1643.7,90,658890
2026-04-10T12:26:59.241,NF,BANKNIFTY28APR2655000CE,1634.3,1555.55,1704.15,1241.7,1182.6,916740,1535.87,1635.05,210,1640.55,90,658890
2026-04-10T12:27:17.684,NF,BANKNIFTY28APR2655000CE,1632.0,1555.55,1704.15,1241.7,1182.6,916770,1535.88,1626.75,30,1631.65,150,658890
2026-04-10T12:27:21.467,NF,BANKNIFTY28APR2655000CE,1634.3,1555.55,1704.15,1241.7,1182.6,916860,1535.89,1628.3,90,1633.9,120,658890
2026-04-10T12:28:06.931,NF,BANKNIFTY28APR2655000CE,1622.35,1555.55,1704.15,1241.7,1182.6,916920,1535.89,1621.25,90,1627.45,120,658890
2026-04-10T12:28:09.336,NF,BANKNIFTY28APR2655000CE,1627.5,1555.55,1704.15,1241.7,1182.6,916950,1535.9,1622.9,120,1628.85,150,658890
2026-04-10T12:28:15.551,NF,BANKNIFTY28APR2655000CE,1620.05,1555.55,1704.15,1241.7,1182.6,916980,1535.9,1620.0,30,1624.1,150,658890
2026-04-10T12:28:18.150,NF,BANKNIFTY28APR2655000CE,1620.0,1555.55,1704.15,1241.7,1182.6,917010,1535.9,1615.9,60,1621.35,30,658890
2026-04-10T12:28:20.555,NF,BANKNIFTY28APR2655000CE,1619.9,1555.55,1704.15,1241.7,1182.6,917070,1535.91,1614.3,60,1619.55,120,658890
2026-04-10T12:28:23.163,NF,BANKNIFTY28APR2655000CE,1609.6,1555.55,1704.15,1241.7,1182.6,917100,1535.91,1608.3,90,1613.05,120,658890
2026-04-10T12:28:24.363,NF,BANKNIFTY28APR2655000CE,1612.4,1555.55,1704.15,1241.7,1182.6,917130,1535.91,1608.1,90,1613.8,150,658890
2026-04-10T12:28:26.962,NF,BANKNIFTY28APR2655000CE,1610.0,1555.55,1704.15,1241.7,1182.6,917160,1535.91,1606.4,90,1612.0,120,658890
2026-04-10T12:28:28.163,NF,BANKNIFTY28APR2655000CE,1612.4,1555.55,1704.15,1241.7,1182.6,917190,1535.92,1606.9,180,1612.15,150,658890
2026-04-10T12:28:30.590,NF,BANKNIFTY28APR2655000CE,1609.85,1555.55,1704.15,1241.7,1182.6,917220,1535.92,1609.6,60,1615.3,120,658890
2026-04-10T12:28:33.170,NF,BANKNIFTY28APR2655000CE,1610.7,1555.55,1704.15,1241.7,1182.6,917250,1535.92,1610.4,180,1615.4,60,658890
2026-04-10T12:28:37.978,NF,BANKNIFTY28APR2655000CE,1610.7,1555.55,1704.15,1241.7,1182.6,917280,1535.92,1610.9,30,1615.7,120,658890
2026-04-10T12:28:50.397,NF,BANKNIFTY28APR2655000CE,1612.2,1555.55,1704.15,1241.7,1182.6,917310,1535.93,1612.85,90,1618.15,60,658890
2026-04-10T12:28:56.401,NF,BANKNIFTY28APR2655000CE,1620.0,1555.55,1704.15,1241.7,1182.6,917370,1535.93,1614.4,30,1619.0,150,658890
2026-04-10T12:29:02.610,NF,BANKNIFTY28APR2655000CE,1612.75,1555.55,1704.15,1241.7,1182.6,917400,1535.93,1611.0,60,1615.6,60,658770
2026-04-10T12:29:10.037,NF,BANKNIFTY28APR2655000CE,1616.6,1555.55,1704.15,1241.7,1182.6,917430,1535.94,1611.45,60,1616.4,240,658770
2026-04-10T12:29:13.845,NF,BANKNIFTY28APR2655000CE,1617.35,1555.55,1704.15,1241.7,1182.6,917460,1535.94,1616.5,60,1620.0,30,658770
2026-04-10T12:29:22.637,NF,BANKNIFTY28APR2655000CE,1620.0,1555.55,1704.15,1241.7,1182.6,917490,1535.94,1615.9,60,1621.4,90,658770
2026-04-10T12:29:27.450,NF,BANKNIFTY28APR2655000CE,1623.0,1555.55,1704.15,1241.7,1182.6,917520,1535.94,1621.35,90,1625.0,30,658770
2026-04-10T12:29:32.455,NF,BANKNIFTY28APR2655000CE,1624.7,1555.55,1704.15,1241.7,1182.6,917550,1535.95,1618.25,60,1623.05,150,658770
2026-04-10T12:29:33.656,NF,BANKNIFTY28APR2655000CE,1623.0,1555.55,1704.15,1241.7,1182.6,917640,1535.96,1619.6,60,1624.6,150,658770
2026-04-10T12:29:35.054,NF,BANKNIFTY28APR2655000CE,1624.95,1555.55,1704.15,1241.7,1182.6,917670,1535.96,1620.25,60,1626.2,90,658770
2026-04-10T12:29:40.061,NF,BANKNIFTY28APR2655000CE,1622.0,1555.55,1704.15,1241.7,1182.6,917730,1535.96,1621.4,30,1625.9,120,658770
2026-04-10T12:29:47.473,NF,BANKNIFTY28APR2655000CE,1624.5,1555.55,1704.15,1241.7,1182.6,917760,1535.97,1623.65,60,1629.35,30,658770
2026-04-10T12:29:51.282,NF,BANKNIFTY28APR2655000CE,1626.0,1555.55,1704.15,1241.7,1182.6,917790,1535.97,1620.4,30,1625.75,60,658770
2026-04-10T12:30:08.511,NF,BANKNIFTY28APR2655000CE,1620.0,1555.55,1704.15,1241.7,1182.6,917940,1535.98,1618.1,90,1623.35,60,658770
2026-04-10T12:30:29.934,NF,BANKNIFTY28APR2655000CE,1612.25,1555.55,1704.15,1241.7,1182.6,917970,1535.99,1606.95,60,1612.6,30,658770
2026-04-10T12:30:49.956,NF,BANKNIFTY28APR2655000CE,1619.15,1555.55,1704.15,1241.7,1182.6,918060,1535.99,1613.95,60,1619.05,90,658770
2026-04-10T12:30:54.563,NF,BANKNIFTY28APR2655000CE,1620.5,1555.55,1704.15,1241.7,1182.6,918360,1536.02,1619.2,30,1623.55,60,658770
2026-04-10T12:30:56.969,NF,BANKNIFTY28APR2655000CE,1614.35,1555.55,1704.15,1241.7,1182.6,918390,1536.03,1614.2,60,1619.95,60,658770
2026-04-10T12:31:09.583,NF,BANKNIFTY28APR2655000CE,1622.9,1555.55,1704.15,1241.7,1182.6,918420,1536.03,1618.65,30,1623.05,300,658770
2026-04-10T12:31:34.633,NF,BANKNIFTY28APR2655000CE,1614.55,1555.55,1704.15,1241.7,1182.6,918450,1536.03,1614.45,30,1619.4,300,658770
2026-04-10T12:31:48.433,NF,BANKNIFTY28APR2655000CE,1616.0,1555.55,1704.15,1241.7,1182.6,918480,1536.03,1612.25,30,1616.95,60,658770
2026-04-10T12:31:58.260,NF,BANKNIFTY28APR2655000CE,1619.0,1555.55,1704.15,1241.7,1182.6,918510,1536.04,1613.0,30,1619.3,60,658770
2026-04-10T12:31:59.653,NF,BANKNIFTY28APR2655000CE,1611.3,1555.55,1704.15,1241.7,1182.6,918570,1536.04,1611.65,30,1617.15,60,658770
2026-04-10T12:32:12.072,NF,BANKNIFTY28APR2655000CE,1611.0,1555.55,1704.15,1241.7,1182.6,918600,1536.04,1609.15,90,1615.0,60,658620
2026-04-10T12:32:23.286,NF,BANKNIFTY28APR2655000CE,1615.8,1555.55,1704.15,1241.7,1182.6,918630,1536.05,1612.2,30,1616.8,300,658620
2026-04-10T12:32:49.523,NF,BANKNIFTY28APR2655000CE,1614.1,1555.55,1704.15,1241.7,1182.6,918660,1536.05,1607.95,120,1613.8,150,658620
2026-04-10T12:33:05.942,NF,BANKNIFTY28APR2655000CE,1615.8,1555.55,1704.15,1241.7,1182.6,918690,1536.05,1614.2,60,1619.0,30,658620
2026-04-10T12:33:18.364,NF,BANKNIFTY28APR2655000CE,1615.3,1555.55,1704.15,1241.7,1182.6,918750,1536.06,1614.75,60,1619.0,30,658620
2026-04-10T12:33:25.985,NF,BANKNIFTY28APR2655000CE,1618.95,1555.55,1704.15,1241.7,1182.6,918780,1536.06,1615.3,30,1618.95,90,658620
2026-04-10T12:33:29.607,NF,BANKNIFTY28APR2655000CE,1615.25,1555.55,1704.15,1241.7,1182.6,918840,1536.06,1610.0,60,1614.35,60,658620
2026-04-10T12:33:30.981,NF,BANKNIFTY28APR2655000CE,1613.45,1555.55,1704.15,1241.7,1182.6,918870,1536.07,1608.65,60,1614.3,90,658620
2026-04-10T12:33:33.387,NF,BANKNIFTY28APR2655000CE,1608.0,1555.55,1704.15,1241.7,1182.6,919020,1536.08,1607.0,30,1611.75,90,658620
2026-04-10T12:33:39.611,NF,BANKNIFTY28APR2655000CE,1612.0,1555.55,1704.15,1241.7,1182.6,919050,1536.08,1607.3,90,1612.5,120,658620
2026-04-10T12:33:40.992,NF,BANKNIFTY28APR2655000CE,1611.1,1555.55,1704.15,1241.7,1182.6,919080,1536.08,1606.6,90,1611.85,120,658620
2026-04-10T12:33:44.601,NF,BANKNIFTY28APR2655000CE,1608.3,1555.55,1704.15,1241.7,1182.6,919110,1536.09,1603.65,90,1608.95,90,658620
2026-04-10T12:33:47.200,NF,BANKNIFTY28APR2655000CE,1604.2,1555.55,1704.15,1241.7,1182.6,919140,1536.09,1604.1,90,1610.1,60,658620
2026-04-10T12:33:48.409,NF,BANKNIFTY28APR2655000CE,1604.1,1555.55,1704.15,1241.7,1182.6,919170,1536.09,1603.85,90,1609.6,90,658620
2026-04-10T12:33:53.642,NF,BANKNIFTY28APR2655000CE,1607.45,1555.55,1704.15,1241.7,1182.6,919200,1536.09,1602.0,150,1605.45,60,658620
2026-04-10T12:33:54.814,NF,BANKNIFTY28APR2655000CE,1605.15,1555.55,1704.15,1241.7,1182.6,919290,1536.1,1602.0,150,1605.6,90,658620
2026-04-10T12:33:59.820,NF,BANKNIFTY28APR2655000CE,1601.95,1555.55,1704.15,1241.7,1182.6,919470,1536.11,1600.0,30,1602.5,60,658620
2026-04-10T12:34:04.832,NF,BANKNIFTY28APR2655000CE,1600.0,1555.55,1704.15,1241.7,1182.6,919530,1536.12,1597.45,90,1602.95,90,658620
2026-04-10T12:34:08.633,NF,BANKNIFTY28APR2655000CE,1601.0,1555.55,1704.15,1241.7,1182.6,919560,1536.12,1601.0,60,1603.65,150,658620
2026-04-10T12:34:09.844,NF,BANKNIFTY28APR2655000CE,1601.0,1555.55,1704.15,1241.7,1182.6,919620,1536.12,1595.0,60,1599.65,60,658620
2026-04-10T12:34:18.671,NF,BANKNIFTY28APR2655000CE,1597.9,1555.55,1704.15,1241.7,1182.6,919680,1536.13,1597.7,60,1602.7,60,658620
2026-04-10T12:34:28.657,NF,BANKNIFTY28APR2655000CE,1598.45,1555.55,1704.15,1241.7,1182.6,919710,1536.13,1598.25,30,1602.8,210,658620
2026-04-10T12:34:39.883,NF,BANKNIFTY28APR2655000CE,1599.0,1555.55,1704.15,1241.7,1182.6,919740,1536.13,1595.0,60,1599.6,120,658620
2026-04-10T12:34:51.087,NF,BANKNIFTY28APR2655000CE,1595.0,1555.55,1704.15,1241.7,1182.6,919800,1536.13,1592.2,60,1597.35,30,658620
2026-04-10T12:34:54.700,NF,BANKNIFTY28APR2655000CE,1596.5,1555.55,1704.15,1241.7,1182.6,919920,1536.14,1595.95,30,1601.0,60,658620
2026-04-10T12:35:00.914,NF,BANKNIFTY28APR2655000CE,1591.3,1555.55,1704.15,1241.7,1182.6,920010,1536.15,1592.45,60,1597.8,90,658620
2026-04-10T12:35:17.329,NF,BANKNIFTY28APR2655000CE,1606.0,1555.55,1704.15,1241.7,1182.6,920040,1536.15,1602.95,30,1607.25,90,658680
2026-04-10T12:35:27.342,NF,BANKNIFTY28APR2655000CE,1605.1,1555.55,1704.15,1241.7,1182.6,920250,1536.17,1605.5,90,1610.0,30,658680
2026-04-10T12:35:32.345,NF,BANKNIFTY28APR2655000CE,1610.0,1555.55,1704.15,1241.7,1182.6,920280,1536.17,1606.55,30,1611.9,90,658680
2026-04-10T12:35:44.764,NF,BANKNIFTY28APR2655000CE,1612.9,1555.55,1704.15,1241.7,1182.6,920310,1536.17,1612.1,60,1617.4,90,658680
2026-04-10T12:35:49.781,NF,BANKNIFTY28APR2655000CE,1615.3,1555.55,1704.15,1241.7,1182.6,920340,1536.17,1610.4,150,1615.3,90,658680
2026-04-10T12:35:55.982,NF,BANKNIFTY28APR2655000CE,1615.0,1555.55,1704.15,1241.7,1182.6,920370,1536.18,1610.55,90,1615.65,90,658680
2026-04-10T12:36:17.034,NF,BANKNIFTY28APR2655000CE,1619.0,1555.55,1704.15,1241.7,1182.6,920430,1536.18,1613.45,60,1619.05,90,658680
2026-04-10T12:36:26.830,NF,BANKNIFTY28APR2655000CE,1617.05,1555.55,1704.15,1241.7,1182.6,920490,1536.19,1611.25,90,1617.35,60,658680
2026-04-10T12:36:33.036,NF,BANKNIFTY28APR2655000CE,1612.35,1555.55,1704.15,1241.7,1182.6,920520,1536.19,1612.25,30,1617.6,180,658680
2026-04-10T12:36:44.254,NF,BANKNIFTY28APR2655000CE,1611.0,1555.55,1704.15,1241.7,1182.6,920670,1536.2,1612.45,30,1618.45,90,658680
2026-04-10T12:36:55.315,NF,BANKNIFTY28APR2655000CE,1620.0,1555.55,1704.15,1241.7,1182.6,920700,1536.2,1616.0,30,1620.0,180,658680
2026-04-10T12:36:59.068,NF,BANKNIFTY28APR2655000CE,1619.95,1555.55,1704.15,1241.7,1182.6,920730,1536.21,1615.75,60,1620.0,180,658680
2026-04-10T12:37:05.098,NF,BANKNIFTY28APR2655000CE,1620.0,1555.55,1704.15,1241.7,1182.6,920760,1536.21,1615.45,30,1620.0,150,658680
2026-04-10T12:37:22.312,NF,BANKNIFTY28APR2655000CE,1613.65,1555.55,1704.15,1241.7,1182.6,920790,1536.21,1607.25,90,1613.35,60,658680
2026-04-10T12:37:44.340,NF,BANKNIFTY28APR2655000CE,1616.15,1555.55,1704.15,1241.7,1182.6,920940,1536.22,1609.35,60,1614.85,60,658680
2026-04-10T12:38:43.459,NF,BANKNIFTY28APR2655000CE,1605.35,1555.55,1704.15,1241.7,1182.6,921120,1536.24,1603.45,60,1609.65,60,658680
2026-04-10T12:39:01.864,NF,BANKNIFTY28APR2655000CE,1612.75,1555.55,1704.15,1241.7,1182.6,921270,1536.25,1611.25,270,1616.85,60,658590
2026-04-10T12:39:40.715,NF,BANKNIFTY28APR2655000CE,1623.4,1555.55,1704.15,1241.7,1182.6,921300,1536.25,1618.75,90,1624.0,120,658590
2026-04-10T12:39:43.128,NF,BANKNIFTY28APR2655000CE,1623.7,1555.55,1704.15,1241.7,1182.6,921330,1536.26,1618.5,120,1623.6,150,658590
2026-04-10T12:39:52.143,NF,BANKNIFTY28APR2655000CE,1625.0,1555.55,1704.15,1241.7,1182.6,921480,1536.27,1621.5,180,1625.0,210,658590
2026-04-10T12:39:54.543,NF,BANKNIFTY28APR2655000CE,1625.0,1555.55,1704.15,1241.7,1182.6,921540,1536.28,1622.1,120,1625.0,150,658590
2026-04-10T12:40:04.552,NF,BANKNIFTY28APR2655000CE,1625.0,1555.55,1704.15,1241.7,1182.6,921630,1536.29,1621.55,210,1625.0,120,658590
2026-04-10T12:40:08.354,NF,BANKNIFTY28APR2655000CE,1625.0,1555.55,1704.15,1241.7,1182.6,921690,1536.29,1621.6,180,1625.0,60,658590
2026-04-10T12:40:09.556,NF,BANKNIFTY28APR2655000CE,1625.0,1555.55,1704.15,1241.7,1182.6,921750,1536.3,1625.0,30,1625.9,30,658590
2026-04-10T12:40:13.362,NF,BANKNIFTY28APR2655000CE,1625.9,1555.55,1704.15,1241.7,1182.6,921780,1536.3,1625.0,30,1628.1,210,658590
2026-04-10T12:40:16.974,NF,BANKNIFTY28APR2655000CE,1625.9,1555.55,1704.15,1241.7,1182.6,921840,1536.31,1621.15,120,1625.95,30,658590
2026-04-10T12:40:24.378,NF,BANKNIFTY28APR2655000CE,1628.15,1555.55,1704.15,1241.7,1182.6,921870,1536.31,1625.6,30,1629.6,30,658590
2026-04-10T12:40:33.194,NF,BANKNIFTY28APR2655000CE,1630.0,1555.55,1704.15,1241.7,1182.6,921900,1536.31,1628.35,60,1633.55,90,658590
2026-04-10T12:40:43.012,NF,BANKNIFTY28APR2655000CE,1633.6,1555.55,1704.15,1241.7,1182.6,922230,1536.35,1629.0,30,1633.4,60,658590
2026-04-10T12:40:50.620,NF,BANKNIFTY28APR2655000CE,1629.0,1555.55,1704.15,1241.7,1182.6,922260,1536.35,1628.2,90,1633.1,60,658590
2026-04-10T12:40:55.629,NF,BANKNIFTY28APR2655000CE,1628.15,1555.55,1704.15,1241.7,1182.6,922290,1536.35,1626.15,90,1631.1,60,658590
2026-04-10T12:41:07.853,NF,BANKNIFTY28APR2655000CE,1630.0,1555.55,1704.15,1241.7,1182.6,922320,1536.36,1628.05,60,1630.0,30,659070
2026-04-10T12:41:09.247,NF,BANKNIFTY28APR2655000CE,1630.0,1555.55,1704.15,1241.7,1182.6,922350,1536.36,1627.55,180,1633.4,90,659070
2026-04-10T12:41:17.858,NF,BANKNIFTY28APR2655000CE,1634.0,1555.55,1704.15,1241.7,1182.6,922380,1536.36,1628.85,90,1633.95,720,659070
2026-04-10T12:41:28.877,NF,BANKNIFTY28APR2655000CE,1633.6,1555.55,1704.15,1241.7,1182.6,922470,1536.37,1628.55,90,1633.7,60,659070
2026-04-10T12:42:04.135,NF,BANKNIFTY28APR2655000CE,1609.2,1555.55,1704.15,1241.7,1182.6,923070,1536.42,1612.1,60,1618.7,60,659070
2026-04-10T12:42:54.013,NF,BANKNIFTY28APR2655000CE,1619.6,1555.55,1704.15,1241.7,1182.6,923100,1536.42,1619.2,90,1624.8,90,659070
2026-04-10T12:43:00.418,NF,BANKNIFTY28APR2655000CE,1610.5,1555.55,1704.15,1241.7,1182.6,923700,1536.47,1612.9,120,1618.45,90,659070
2026-04-10T12:43:04.027,NF,BANKNIFTY28APR2655000CE,1619.25,1555.55,1704.15,1241.7,1182.6,923730,1536.48,1618.35,240,1623.7,90,659070
2026-04-10T12:43:06.629,NF,BANKNIFTY28APR2655000CE,1618.7,1555.55,1704.15,1241.7,1182.6,923760,1536.48,1618.85,150,1624.05,90,659070
2026-04-10T12:43:41.482,NF,BANKNIFTY28APR2655000CE,1614.85,1555.55,1704.15,1241.7,1182.6,923820,1536.48,1614.25,150,1619.75,90,659070
2026-04-10T12:43:50.108,NF,BANKNIFTY28APR2655000CE,1614.05,1555.55,1704.15,1241.7,1182.6,923850,1536.49,1614.05,120,1618.45,60,659070
2026-04-10T12:43:56.514,NF,BANKNIFTY28APR2655000CE,1609.2,1555.55,1704.15,1241.7,1182.6,924060,1536.5,1605.9,30,1609.8,90,659070
2026-04-10T12:44:15.132,NF,BANKNIFTY28APR2655000CE,1606.0,1555.55,1704.15,1241.7,1182.6,924090,1536.5,1605.95,120,1610.7,60,658170
2026-04-10T12:44:17.539,NF,BANKNIFTY28APR2655000CE,1605.95,1555.55,1704.15,1241.7,1182.6,924210,1536.51,1605.9,150,1611.0,90,658170
2026-04-10T12:44:18.942,NF,BANKNIFTY28APR2655000CE,1605.9,1555.55,1704.15,1241.7,1182.6,924240,1536.52,1605.35,120,1610.8,60,658170
2026-04-10T12:44:34.967,NF,BANKNIFTY28APR2655000CE,1608.4,1555.55,1704.15,1241.7,1182.6,924270,1536.52,1603.5,150,1608.4,150,658170
2026-04-10T12:45:08.018,NF,BANKNIFTY28APR2655000CE,1600.0,1555.55,1704.15,1241.7,1182.6,924600,1536.54,1600.85,180,1605.5,30,658170
2026-04-10T12:45:42.896,NF,BANKNIFTY28APR2655000CE,1608.0,1555.55,1704.15,1241.7,1182.6,924630,1536.54,1606.4,60,1611.15,30,658170
2026-04-10T12:46:00.300,NF,BANKNIFTY28APR2655000CE,1608.0,1555.55,1704.15,1241.7,1182.6,924660,1536.55,1603.6,30,1609.6,60,658170
2026-04-10T12:46:07.908,NF,BANKNIFTY28APR2655000CE,1608.7,1555.55,1704.15,1241.7,1182.6,924690,1536.55,1604.05,150,1608.7,30,658170
2026-04-10T12:46:15.328,NF,BANKNIFTY28APR2655000CE,1607.1,1555.55,1704.15,1241.7,1182.6,924720,1536.55,1603.2,30,1607.5,150,658170
2026-04-10T12:46:25.164,NF,BANKNIFTY28APR2655000CE,1607.45,1555.55,1704.15,1241.7,1182.6,924750,1536.55,1602.65,150,1607.45,60,658170
2026-04-10T12:46:58.799,NF,BANKNIFTY28APR2655000CE,1606.75,1555.55,1704.15,1241.7,1182.6,924780,1536.55,1602.6,30,1605.0,120,658170
2026-04-10T12:47:02.639,NF,BANKNIFTY28APR2655000CE,1605.65,1555.55,1704.15,1241.7,1182.6,924810,1536.56,1602.6,30,1605.9,90,658170
2026-04-10T12:47:15.062,NF,BANKNIFTY28APR2655000CE,1600.2,1555.55,1704.15,1241.7,1182.6,924900,1536.56,1599.7,150,1604.5,30,657840
2026-04-10T12:47:30.042,NF,BANKNIFTY28APR2655000CE,1598.95,1555.55,1704.15,1241.7,1182.6,925110,1536.58,1598.0,60,1600.45,90,657840
2026-04-10T12:47:36.248,NF,BANKNIFTY28APR2655000CE,1600.2,1555.55,1704.15,1241.7,1182.6,925140,1536.58,1598.0,60,1601.5,150,657840
2026-04-10T12:47:47.466,NF,BANKNIFTY28APR2655000CE,1600.85,1555.55,1704.15,1241.7,1182.6,925170,1536.58,1600.45,90,1604.75,90,657840
2026-04-10T12:47:54.879,NF,BANKNIFTY28APR2655000CE,1604.0,1555.55,1704.15,1241.7,1182.6,925830,1536.63,1603.15,30,1608.45,90,657840
2026-04-10T12:48:13.499,NF,BANKNIFTY28APR2655000CE,1613.95,1555.55,1704.15,1241.7,1182.6,925920,1536.64,1613.45,120,1618.75,90,657840
2026-04-10T12:48:18.501,NF,BANKNIFTY28APR2655000CE,1618.3,1555.55,1704.15,1241.7,1182.6,926010,1536.64,1616.05,90,1623.15,30,657840
2026-04-10T12:48:23.508,NF,BANKNIFTY28APR2655000CE,1619.15,1555.55,1704.15,1241.7,1182.6,926040,1536.65,1613.75,120,1619.0,90,657840
2026-04-10T12:48:32.214,NF,BANKNIFTY28APR2655000CE,1618.9,1555.55,1704.15,1241.7,1182.6,926070,1536.65,1618.1,90,1623.8,90,657840
2026-04-10T12:48:34.742,NF,BANKNIFTY28APR2655000CE,1618.9,1555.55,1704.15,1241.7,1182.6,926100,1536.65,1617.9,60,1623.5,210,657840
2026-04-10T12:48:50.949,NF,BANKNIFTY28APR2655000CE,1623.7,1555.55,1704.15,1241.7,1182.6,926160,1536.66,1620.5,120,1623.7,300,657840
2026-04-10T12:48:55.559,NF,BANKNIFTY28APR2655000CE,1623.6,1555.55,1704.15,1241.7,1182.6,926190,1536.66,1619.95,90,1623.6,60,657840
2026-04-10T12:49:13.002,NF,BANKNIFTY28APR2655000CE,1608.5,1555.55,1704.15,1241.7,1182.6,926220,1536.66,1610.95,30,1615.85,60,657840
2026-04-10T12:49:19.211,NF,BANKNIFTY28APR2655000CE,1614.5,1555.55,1704.15,1241.7,1182.6,926250,1536.67,1609.6,90,1614.95,90,657840
2026-04-10T12:49:32.837,NF,BANKNIFTY28APR2655000CE,1608.6,1555.55,1704.15,1241.7,1182.6,926310,1536.67,1608.2,90,1613.3,90,657840
2026-04-10T12:49:41.667,NF,BANKNIFTY28APR2655000CE,1610.3,1555.55,1704.15,1241.7,1182.6,926370,1536.68,1610.35,60,1615.5,90,657840
2026-04-10T12:49:42.835,NF,BANKNIFTY28APR2655000CE,1611.85,1555.55,1704.15,1241.7,1182.6,926400,1536.68,1611.15,90,1616.75,30,657840
2026-04-10T12:49:50.055,NF,BANKNIFTY28APR2655000CE,1611.9,1555.55,1704.15,1241.7,1182.6,926430,1536.68,1612.3,60,1617.2,60,657840
2026-04-10T12:49:51.450,NF,BANKNIFTY28APR2655000CE,1612.1,1555.55,1704.15,1241.7,1182.6,926670,1536.7,1610.9,150,1616.5,90,657840
2026-04-10T12:49:53.888,NF,BANKNIFTY28APR2655000CE,1615.05,1555.55,1704.15,1241.7,1182.6,926730,1536.7,1615.05,330,1616.95,180,657840
2026-04-10T12:49:56.259,NF,BANKNIFTY28APR2655000CE,1615.05,1555.55,1704.15,1241.7,1182.6,927060,1536.73,1609.5,120,1615.1,60,657840
2026-04-10T12:50:00.087,NF,BANKNIFTY28APR2655000CE,1606.7,1555.55,1704.15,1241.7,1182.6,927120,1536.74,1606.3,150,1612.25,90,657840
2026-04-10T12:50:08.907,NF,BANKNIFTY28APR2655000CE,1607.05,1555.55,1704.15,1241.7,1182.6,927510,1536.77,1600.2,30,1603.05,30,658530
2026-04-10T12:50:33.721,NF,BANKNIFTY28APR2655000CE,1602.9,1555.55,1704.15,1241.7,1182.6,927570,1536.77,1601.95,60,1606.85,60,658530
2026-04-10T12:50:41.357,NF,BANKNIFTY28APR2655000CE,1601.1,1555.55,1704.15,1241.7,1182.6,927600,1536.77,1600.85,60,1605.15,120,658530
2026-04-10T12:50:48.741,NF,BANKNIFTY28APR2655000CE,1600.0,1555.55,1704.15,1241.7,1182.6,927690,1536.78,1598.0,60,1599.45,90,658530
2026-04-10T12:50:49.952,NF,BANKNIFTY28APR2655000CE,1595.0,1555.55,1704.15,1241.7,1182.6,927840,1536.79,1590.0,30,1592.75,60,658530
2026-04-10T12:50:57.951,NF,BANKNIFTY28APR2655000CE,1592.75,1555.55,1704.15,1241.7,1182.6,927990,1536.8,1590.75,120,1596.15,60,658530
2026-04-10T12:50:59.157,NF,BANKNIFTY28APR2655000CE,1590.75,1555.55,1704.15,1241.7,1182.6,928020,1536.8,1590.55,150,1595.7,90,658530
2026-04-10T12:51:12.792,NF,BANKNIFTY28APR2655000CE,1600.45,1555.55,1704.15,1241.7,1182.6,928320,1536.82,1600.4,90,1605.35,90,658530
2026-04-10T12:51:29.221,NF,BANKNIFTY28APR2655000CE,1600.45,1555.55,1704.15,1241.7,1182.6,928410,1536.83,1596.1,60,1600.7,30,658530
2026-04-10T12:51:34.235,NF,BANKNIFTY28APR2655000CE,1600.45,1555.55,1704.15,1241.7,1182.6,928440,1536.83,1600.45,90,1603.95,180,658530
2026-04-10T12:51:37.832,NF,BANKNIFTY28APR2655000CE,1600.45,1555.55,1704.15,1241.7,1182.6,928530,1536.83,1596.35,60,1601.6,90,658530
2026-04-10T12:51:39.233,NF,BANKNIFTY28APR2655000CE,1597.85,1555.55,1704.15,1241.7,1182.6,928590,1536.84,1597.8,30,1602.05,60,658530
2026-04-10T12:51:40.456,NF,BANKNIFTY28APR2655000CE,1597.6,1555.55,1704.15,1241.7,1182.6,928680,1536.84,1596.5,150,1601.25,60,658530
2026-04-10T12:51:41.626,NF,BANKNIFTY28APR2655000CE,1599.75,1555.55,1704.15,1241.7,1182.6,928830,1536.85,1596.75,150,1601.75,30,658530
2026-04-10T12:51:47.838,NF,BANKNIFTY28APR2655000CE,1597.75,1555.55,1704.15,1241.7,1182.6,928950,1536.86,1596.3,60,1600.85,30,658530
2026-04-10T12:52:21.676,NF,BANKNIFTY28APR2655000CE,1613.45,1555.55,1704.15,1241.7,1182.6,929040,1536.87,1608.45,60,1613.6,180,658530
2026-04-10T12:52:29.090,NF,BANKNIFTY28APR2655000CE,1615.2,1555.55,1704.15,1241.7,1182.6,929070,1536.87,1607.25,30,1613.35,60,658530
2026-04-10T12:52:39.114,NF,BANKNIFTY28APR2655000CE,1615.95,1555.55,1704.15,1241.7,1182.6,929100,1536.88,1609.8,60,1615.8,90,658530
2026-04-10T12:52:44.114,NF,BANKNIFTY28APR2655000CE,1611.1,1555.55,1704.15,1241.7,1182.6,929400,1536.9,1605.35,90,1611.1,30,658530
2026-04-10T12:52:46.732,NF,BANKNIFTY28APR2655000CE,1611.1,1555.55,1704.15,1241.7,1182.6,929430,1536.9,1603.9,120,1609.9,60,658530
2026-04-10T12:53:03.751,NF,BANKNIFTY28APR2655000CE,1602.55,1555.55,1704.15,1241.7,1182.6,929490,1536.91,1597.3,60,1603.15,150,658530
2026-04-10T12:53:12.565,NF,BANKNIFTY28APR2655000CE,1599.0,1555.55,1704.15,1241.7,1182.6,929640,1536.92,1599.0,120,1605.1,150,658650
2026-04-10T12:53:20.178,NF,BANKNIFTY28APR2655000CE,1600.05,1555.55,1704.15,1241.7,1182.6,929670,1536.92,1594.0,90,1600.0,120,658650
2026-04-10T12:53:25.182,NF,BANKNIFTY28APR2655000CE,1597.05,1555.55,1704.15,1241.7,1182.6,929700,1536.92,1591.65,60,1597.15,90,658650
2026-04-10T12:53:40.236,NF,BANKNIFTY28APR2655000CE,1600.0,1555.55,1704.15,1241.7,1182.6,929760,1536.92,1595.85,30,1600.0,240,658650
2026-04-10T12:53:41.413,NF,BANKNIFTY28APR2655000CE,1600.0,1555.55,1704.15,1241.7,1182.6,929850,1536.93,1597.75,90,1600.0,150,658650
2026-04-10T12:53:47.623,NF,BANKNIFTY28APR2655000CE,1600.0,1555.55,1704.15,1241.7,1182.6,929880,1536.93,1597.35,210,1600.0,120,658650
2026-04-10T12:53:53.843,NF,BANKNIFTY28APR2655000CE,1600.0,1555.55,1704.15,1241.7,1182.6,930000,1536.94,1605.75,60,1610.0,90,658650
2026-04-10T12:54:13.880,NF,BANKNIFTY28APR2655000CE,1600.0,1555.55,1704.15,1241.7,1182.6,930120,1536.95,1590.15,30,1596.7,30,658650
2026-04-10T12:54:17.474,NF,BANKNIFTY28APR2655000CE,1596.85,1555.55,1704.15,1241.7,1182.6,930180,1536.95,1591.7,60,1598.1,60,658650
2026-04-10T12:54:20.065,NF,BANKNIFTY28APR2655000CE,1592.35,1555.55,1704.15,1241.7,1182.6,930330,1536.96,1591.85,90,1596.8,60,658650
2026-04-10T12:54:23.887,NF,BANKNIFTY28APR2655000CE,1593.25,1555.55,1704.15,1241.7,1182.6,930600,1536.98,1592.3,150,1598.6,90,658650
2026-04-10T12:54:25.080,NF,BANKNIFTY28APR2655000CE,1597.7,1555.55,1704.15,1241.7,1182.6,930630,1536.98,1592.7,150,1597.7,180,658650
2026-04-10T12:54:26.292,NF,BANKNIFTY28APR2655000CE,1592.0,1555.55,1704.15,1241.7,1182.6,930660,1536.98,1590.9,150,1597.0,90,658650
2026-04-10T12:54:27.486,NF,BANKNIFTY28APR2655000CE,1590.9,1555.55,1704.15,1241.7,1182.6,930750,1536.99,1590.6,270,1596.55,120,658650
2026-04-10T12:54:28.893,NF,BANKNIFTY28APR2655000CE,1590.15,1555.55,1704.15,1241.7,1182.6,931020,1537.0,1590.15,330,1595.75,90,658650
2026-04-10T12:54:30.088,NF,BANKNIFTY28APR2655000CE,1591.55,1555.55,1704.15,1241.7,1182.6,931140,1537.01,1591.5,150,1598.1,60,658650
2026-04-10T12:54:33.894,NF,BANKNIFTY28APR2655000CE,1590.9,1555.55,1704.15,1241.7,1182.6,931230,1537.01,1590.7,150,1596.5,60,658650
2026-04-10T12:54:36.323,NF,BANKNIFTY28APR2655000CE,1590.25,1555.55,1704.15,1241.7,1182.6,931260,1537.02,1590.05,150,1595.1,90,658650
2026-04-10T12:54:37.536,NF,BANKNIFTY28APR2655000CE,1595.1,1555.55,1704.15,1241.7,1182.6,931320,1537.02,1590.3,90,1596.8,120,658650
2026-04-10T12:54:41.317,NF,BANKNIFTY28APR2655000CE,1590.0,1555.55,1704.15,1241.7,1182.6,931530,1537.03,1585.95,120,1591.3,90,658650
2026-04-10T12:54:42.518,NF,BANKNIFTY28APR2655000CE,1582.7,1555.55,1704.15,1241.7,1182.6,931920,1537.05,1582.7,90,1587.75,60,658650
2026-04-10T12:54:43.711,NF,BANKNIFTY28APR2655000CE,1582.8,1555.55,1704.15,1241.7,1182.6,931980,1537.05,1581.6,120,1587.05,60,658650
2026-04-10T12:54:50.128,NF,BANKNIFTY28APR2655000CE,1584.75,1555.55,1704.15,1241.7,1182.6,932580,1537.09,1586.7,150,1591.9,90,658650
2026-04-10T12:54:52.522,NF,BANKNIFTY28APR2655000CE,1593.25,1555.55,1704.15,1241.7,1182.6,932700,1537.09,1588.2,120,1593.65,90,658650
2026-04-10T12:55:01.357,NF,BANKNIFTY28APR2655000CE,1600.0,1555.55,1704.15,1241.7,1182.6,932760,1537.1,1596.4,30,1601.75,90,658650
2026-04-10T12:55:26.383,NF,BANKNIFTY28APR2655000CE,1600.0,1555.55,1704.15,1241.7,1182.6,932790,1537.1,1596.85,60,1601.6,30,658650
2026-04-10T12:55:33.795,NF,BANKNIFTY28APR2655000CE,1603.5,1555.55,1704.15,1241.7,1182.6,932820,1537.1,1600.0,180,1604.1,90,658650
2026-04-10T12:55:37.599,NF,BANKNIFTY28APR2655000CE,1600.25,1555.55,1704.15,1241.7,1182.6,932850,1537.1,1600.4,30,1605.6,60,658650
2026-04-10T12:55:38.813,NF,BANKNIFTY28APR2655000CE,1600.3,1555.55,1704.15,1241.7,1182.6,932880,1537.11,1601.0,60,1605.85,60,658650
2026-04-10T12:55:40.200,NF,BANKNIFTY28APR2655000CE,1605.9,1555.55,1704.15,1241.7,1182.6,932910,1537.11,1603.5,30,1606.6,90,658650
2026-04-10T12:55:46.405,NF,BANKNIFTY28APR2655000CE,1610.85,1555.55,1704.15,1241.7,1182.6,932940,1537.11,1605.8,60,1611.2,90,658650
2026-04-10T12:55:50.013,NF,BANKNIFTY28APR2655000CE,1610.7,1555.55,1704.15,1241.7,1182.6,932970,1537.11,1605.65,210,1610.85,60,658650
2026-04-10T12:55:52.213,NF,BANKNIFTY28APR2655000CE,1610.55,1555.55,1704.15,1241.7,1182.6,933000,1537.11,1606.25,60,1610.85,60,658650
2026-04-10T12:55:53.416,NF,BANKNIFTY28APR2655000CE,1610.85,1555.55,1704.15,1241.7,1182.6,933030,1537.12,1608.15,60,1612.95,60,658650
2026-04-10T12:55:58.432,NF,BANKNIFTY28APR2655000CE,1608.45,1555.55,1704.15,1241.7,1182.6,933060,1537.12,1602.75,120,1609.05,30,658650
2026-04-10T12:56:06.036,NF,BANKNIFTY28APR2655000CE,1609.2,1555.55,1704.15,1241.7,1182.6,933360,1537.14,1603.3,60,1609.25,60,658650
2026-04-10T12:56:18.457,NF,BANKNIFTY28APR2655000CE,1604.1,1555.55,1704.15,1241.7,1182.6,933690,1537.17,1602.85,90,1608.75,90,659310
2026-04-10T12:56:29.681,NF,BANKNIFTY28APR2655000CE,1602.95,1555.55,1704.15,1241.7,1182.6,933720,1537.17,1600.0,180,1603.15,60,659310
2026-04-10T12:56:30.879,NF,BANKNIFTY28APR2655000CE,1604.1,1555.55,1704.15,1241.7,1182.6,933750,1537.17,1600.0,180,1604.65,90,659310
2026-04-10T12:56:48.506,NF,BANKNIFTY28APR2655000CE,1605.85,1555.55,1704.15,1241.7,1182.6,933780,1537.17,1602.0,30,1605.05,210,659310
2026-04-10T12:56:49.709,NF,BANKNIFTY28APR2655000CE,1602.0,1555.55,1704.15,1241.7,1182.6,933810,1537.18,1600.0,180,1604.65,120,659310
2026-04-10T12:56:52.116,NF,BANKNIFTY28APR2655000CE,1604.9,1555.55,1704.15,1241.7,1182.6,933840,1537.18,1600.4,90,1605.75,90,659310
2026-04-10T12:57:03.329,NF,BANKNIFTY28APR2655000CE,1605.25,1555.55,1704.15,1241.7,1182.6,933870,1537.18,1600.8,90,1606.5,60,659310
2026-04-10T12:57:05.741,NF,BANKNIFTY28APR2655000CE,1600.0,1555.55,1704.15,1241.7,1182.6,933960,1537.19,1600.05,60,1606.05,30,659310
2026-04-10T12:57:10.745,NF,BANKNIFTY28APR2655000CE,1604.5,1555.55,1704.15,1241.7,1182.6,934050,1537.19,1600.0,90,1604.5,90,659310
2026-04-10T12:57:11.948,NF,BANKNIFTY28APR2655000CE,1600.0,1555.55,1704.15,1241.7,1182.6,934140,1537.2,1596.0,90,1601.3,180,659310
2026-04-10T12:57:13.347,NF,BANKNIFTY28APR2655000CE,1601.3,1555.55,1704.15,1241.7,1182.6,934170,1537.2,1595.0,30,1600.4,90,659310
2026-04-10T12:57:25.772,NF,BANKNIFTY28APR2655000CE,1599.55,1555.55,1704.15,1241.7,1182.6,934200,1537.2,1595.0,30,1599.55,90,659310
2026-04-10T12:57:30.784,NF,BANKNIFTY28APR2655000CE,1595.0,1555.55,1704.15,1241.7,1182.6,934230,1537.2,1592.4,90,1598.25,90,659310
2026-04-10T12:57:35.777,NF,BANKNIFTY28APR2655000CE,1596.75,1555.55,1704.15,1241.7,1182.6,934260,1537.21,1591.45,60,1596.6,30,659310
2026-04-10T12:57:36.990,NF,BANKNIFTY28APR2655000CE,1596.45,1555.55,1704.15,1241.7,1182.6,934320,1537.21,1591.4,90,1596.45,180,659310
2026-04-10T12:57:50.803,NF,BANKNIFTY28APR2655000CE,1602.25,1555.55,1704.15,1241.7,1182.6,934380,1537.21,1601.85,90,1607.5,90,659310
2026-04-10T12:57:59.615,NF,BANKNIFTY28APR2655000CE,1604.05,1555.55,1704.15,1241.7,1182.6,934410,1537.22,1600.0,150,1606.15,120,659310
2026-04-10T12:58:17.239,NF,BANKNIFTY28APR2655000CE,1605.0,1555.55,1704.15,1241.7,1182.6,934440,1537.22,1604.05,300,1608.85,150,659310
2026-04-10T12:58:39.287,NF,BANKNIFTY28APR2655000CE,1608.85,1555.55,1704.15,1241.7,1182.6,934470,1537.22,1605.0,300,1608.9,150,659310
2026-04-10T12:58:49.285,NF,BANKNIFTY28APR2655000CE,1611.05,1555.55,1704.15,1241.7,1182.6,934770,1537.24,1604.75,90,1609.0,300,659310
2026-04-10T12:58:53.084,NF,BANKNIFTY28APR2655000CE,1608.0,1555.55,1704.15,1241.7,1182.6,934800,1537.25,1604.65,90,1609.0,300,659310
2026-04-10T12:58:56.889,NF,BANKNIFTY28APR2655000CE,1609.0,1555.55,1704.15,1241.7,1182.6,934890,1537.25,1606.75,120,1609.0,210,659310
2026-04-10T12:58:59.310,NF,BANKNIFTY28APR2655000CE,1609.0,1555.55,1704.15,1241.7,1182.6,934920,1537.26,1606.1,60,1609.0,180,659310
2026-04-10T12:59:05.518,NF,BANKNIFTY28APR2655000CE,1609.0,1555.55,1704.15,1241.7,1182.6,935130,1537.27,1609.0,390,1611.65,330,659310
2026-04-10T12:59:14.310,NF,BANKNIFTY28APR2655000CE,1609.0,1555.55,1704.15,1241.7,1182.6,935550,1537.3,1605.2,30,1607.7,150,659640
2026-04-10T12:59:19.321,NF,BANKNIFTY28APR2655000CE,1608.4,1555.55,1704.15,1241.7,1182.6,935580,1537.31,1605.2,30,1608.3,150,659640
2026-04-10T12:59:24.325,NF,BANKNIFTY28APR2655000CE,1608.9,1555.55,1704.15,1241.7,1182.6,935610,1537.31,1605.2,30,1608.55,150,659640
2026-04-10T12:59:26.753,NF,BANKNIFTY28APR2655000CE,1610.0,1555.55,1704.15,1241.7,1182.6,935670,1537.31,1605.25,90,1610.6,120,659640
2026-04-10T12:59:27.947,NF,BANKNIFTY28APR2655000CE,1610.0,1555.55,1704.15,1241.7,1182.6,935880,1537.33,1605.2,30,1609.95,330,659640
2026-04-10T12:59:34.346,NF,BANKNIFTY28APR2655000CE,1612.15,1555.55,1704.15,1241.7,1182.6,936090,1537.35,1607.25,90,1612.3,60,659640
2026-04-10T12:59:59.174,NF,BANKNIFTY28APR2655000CE,1607.05,1555.55,1704.15,1241.7,1182.6,936330,1537.36,1603.15,60,1608.75,30,659640
2026-04-10T13:00:09.188,NF,BANKNIFTY28APR2655000CE,1612.15,1555.55,1704.15,1241.7,1182.6,936480,1537.38,1609.45,60,1612.15,180,659640
2026-04-10T13:00:10.409,NF,BANKNIFTY28APR2655000CE,1612.15,1555.55,1704.15,1241.7,1182.6,936660,1537.39,1610.45,30,1612.95,30,659640
2026-04-10T13:00:11.604,NF,BANKNIFTY28APR2655000CE,1613.0,1555.55,1704.15,1241.7,1182.6,936810,1537.4,1612.85,60,1616.7,30,659640
2026-04-10T13:00:25.420,NF,BANKNIFTY28APR2655000CE,1616.0,1555.55,1704.15,1241.7,1182.6,936840,1537.4,1612.75,210,1616.9,30,659640
2026-04-10T13:00:30.427,NF,BANKNIFTY28APR2655000CE,1609.0,1555.55,1704.15,1241.7,1182.6,936870,1537.41,1605.95,90,1610.5,60,659640
2026-04-10T13:00:31.623,NF,BANKNIFTY28APR2655000CE,1605.55,1555.55,1704.15,1241.7,1182.6,936900,1537.41,1606.5,90,1612.5,60,659640
2026-04-10T13:00:41.653,NF,BANKNIFTY28APR2655000CE,1615.0,1555.55,1704.15,1241.7,1182.6,936960,1537.41,1611.5,150,1617.0,60,659640
2026-04-10T13:00:42.843,NF,BANKNIFTY28APR2655000CE,1617.0,1555.55,1704.15,1241.7,1182.6,936990,1537.42,1613.6,90,1618.8,60,659640
2026-04-10T13:00:44.045,NF,BANKNIFTY28APR2655000CE,1612.55,1555.55,1704.15,1241.7,1182.6,937050,1537.42,1612.95,90,1618.5,60,659640
2026-04-10T13:00:49.047,NF,BANKNIFTY28APR2655000CE,1617.8,1555.55,1704.15,1241.7,1182.6,937080,1537.42,1614.8,90,1619.0,30,659640
2026-04-10T13:01:01.673,NF,BANKNIFTY28APR2655000CE,1620.0,1555.55,1704.15,1241.7,1182.6,937260,1537.44,1617.05,90,1622.7,90,659640
2026-04-10T13:01:10.481,NF,BANKNIFTY28APR2655000CE,1624.0,1555.55,1704.15,1241.7,1182.6,937290,1537.44,1618.1,90,1623.95,90,659640
2026-04-10T13:01:14.095,NF,BANKNIFTY28APR2655000CE,1622.05,1555.55,1704.15,1241.7,1182.6,937380,1537.45,1622.05,90,1625.0,60,659640
2026-04-10T13:01:15.484,NF,BANKNIFTY28APR2655000CE,1625.0,1555.55,1704.15,1241.7,1182.6,937440,1537.46,1622.05,90,1625.9,30,659640
2026-04-10T13:01:17.890,NF,BANKNIFTY28APR2655000CE,1625.9,1555.55,1704.15,1241.7,1182.6,937470,1537.46,1623.25,120,1630.0,30,659640
2026-04-10T13:01:22.898,NF,BANKNIFTY28APR2655000CE,1633.45,1555.55,1704.15,1241.7,1182.6,937560,1537.47,1626.0,210,1632.35,90,659640
2026-04-10T13:01:29.178,NF,BANKNIFTY28APR2655000CE,1627.0,1555.55,1704.15,1241.7,1182.6,937860,1537.5,1625.9,30,1628.7,60,659640
2026-04-10T13:01:40.514,NF,BANKNIFTY28APR2655000CE,1628.0,1555.55,1704.15,1241.7,1182.6,937980,1537.51,1625.9,30,1628.3,120,659640
2026-04-10T13:01:42.931,NF,BANKNIFTY28APR2655000CE,1623.15,1555.55,1704.15,1241.7,1182.6,938280,1537.54,1618.15,60,1623.85,120,659640
2026-04-10T13:01:55.335,NF,BANKNIFTY28APR2655000CE,1622.4,1555.55,1704.15,1241.7,1182.6,938310,1537.54,1617.25,90,1621.9,150,659640
2026-04-10T13:02:05.378,NF,BANKNIFTY28APR2655000CE,1621.4,1555.55,1704.15,1241.7,1182.6,938340,1537.54,1616.7,90,1622.2,210,659640
2026-04-10T13:02:12.775,NF,BANKNIFTY28APR2655000CE,1619.95,1555.55,1704.15,1241.7,1182.6,938400,1537.55,1616.05,30,1619.85,60,659640
2026-04-10T13:02:15.367,NF,BANKNIFTY28APR2655000CE,1619.8,1555.55,1704.15,1241.7,1182.6,938430,1537.55,1616.05,30,1620.0,120,659250
2026-04-10T13:02:26.393,NF,BANKNIFTY28APR2655000CE,1620.3,1555.55,1704.15,1241.7,1182.6,938670,1537.57,1614.75,90,1620.55,60,659250
2026-04-10T13:02:27.788,NF,BANKNIFTY28APR2655000CE,1614.75,1555.55,1704.15,1241.7,1182.6,938700,1537.57,1614.3,120,1620.3,60,659250
2026-04-10T13:02:41.401,NF,BANKNIFTY28APR2655000CE,1619.15,1555.55,1704.15,1241.7,1182.6,938760,1537.58,1614.0,30,1617.85,30,659250
2026-04-10T13:02:48.824,NF,BANKNIFTY28APR2655000CE,1614.0,1555.55,1704.15,1241.7,1182.6,938790,1537.58,1610.1,60,1615.1,30,659250
2026-04-10T13:03:01.434,NF,BANKNIFTY28APR2655000CE,1624.0,1555.55,1704.15,1241.7,1182.6,938820,1537.58,1621.0,90,1624.0,30,659250
2026-04-10T13:03:05.231,NF,BANKNIFTY28APR2655000CE,1625.0,1555.55,1704.15,1241.7,1182.6,938910,1537.59,1623.55,30,1629.8,60,659250
2026-04-10T13:03:10.248,NF,BANKNIFTY28APR2655000CE,1631.85,1555.55,1704.15,1241.7,1182.6,939060,1537.61,1629.15,120,1634.0,60,659250
2026-04-10T13:03:11.446,NF,BANKNIFTY28APR2655000CE,1634.0,1555.55,1704.15,1241.7,1182.6,939090,1537.61,1629.95,90,1634.95,150,659250
2026-04-10T13:03:12.648,NF,BANKNIFTY28APR2655000CE,1630.0,1555.55,1704.15,1241.7,1182.6,939120,1537.61,1629.85,90,1635.0,330,659250
2026-04-10T13:03:22.676,NF,BANKNIFTY28APR2655000CE,1630.0,1555.55,1704.15,1241.7,1182.6,939150,1537.62,1629.2,90,1634.85,150,659250
2026-04-10T13:03:24.074,NF,BANKNIFTY28APR2655000CE,1629.2,1555.55,1704.15,1241.7,1182.6,939180,1537.62,1628.5,60,1634.1,30,659250
2026-04-10T13:03:27.675,NF,BANKNIFTY28APR2655000CE,1635.0,1555.55,1704.15,1241.7,1182.6,939330,1537.63,1631.65,90,1635.0,60,659250
2026-04-10T13:03:29.067,NF,BANKNIFTY28APR2655000CE,1632.0,1555.55,1704.15,1241.7,1182.6,939450,1537.65,1632.15,90,1635.0,30,659250
2026-04-10T13:03:30.270,NF,BANKNIFTY28APR2655000CE,1632.35,1555.55,1704.15,1241.7,1182.6,939480,1537.65,1630.8,60,1635.0,30,659250
2026-04-10T13:03:34.072,NF,BANKNIFTY28APR2655000CE,1635.0,1555.55,1704.15,1241.7,1182.6,939690,1537.67,1632.95,90,1636.4,30,659250
2026-04-10T13:03:35.279,NF,BANKNIFTY28APR2655000CE,1636.4,1555.55,1704.15,1241.7,1182.6,939720,1537.67,1630.85,120,1636.1,30,659250
2026-04-10T13:03:50.299,NF,BANKNIFTY28APR2655000CE,1636.4,1555.55,1704.15,1241.7,1182.6,939750,1537.68,1633.45,30,1637.5,210,659250
2026-04-10T13:03:52.712,NF,BANKNIFTY28APR2655000CE,1633.35,1555.55,1704.15,1241.7,1182.6,939810,1537.68,1627.05,60,1632.8,60,659250
2026-04-10T13:03:53.915,NF,BANKNIFTY28APR2655000CE,1626.9,1555.55,1704.15,1241.7,1182.6,939840,1537.69,1625.0,90,1628.65,60,659250
2026-04-10T13:04:26.405,NF,BANKNIFTY28APR2655000CE,1629.6,1555.55,1704.15,1241.7,1182.6,939870,1537.69,1626.9,90,1630.95,90,659250
2026-04-10T13:04:29.979,NF,BANKNIFTY28APR2655000CE,1631.65,1555.55,1704.15,1241.7,1182.6,940410,1537.74,1626.95,90,1631.8,30,659250
2026-04-10T13:04:31.363,NF,BANKNIFTY28APR2655000CE,1631.15,1555.55,1704.15,1241.7,1182.6,940440,1537.75,1626.95,60,1631.85,150,659250
2026-04-10T13:04:49.806,NF,BANKNIFTY28APR2655000CE,1631.6,1555.55,1704.15,1241.7,1182.6,940470,1537.75,1627.1,60,1631.6,120,659250
2026-04-10T13:05:16.422,NF,BANKNIFTY28APR2655000CE,1631.25,1555.55,1704.15,1241.7,1182.6,940500,1537.75,1627.65,90,1631.25,30,659280
2026-04-10T13:05:17.626,NF,BANKNIFTY28APR2655000CE,1631.65,1555.55,1704.15,1241.7,1182.6,940530,1537.76,1627.85,60,1633.35,150,659280
2026-04-10T13:05:27.634,NF,BANKNIFTY28APR2655000CE,1631.25,1555.55,1704.15,1241.7,1182.6,940560,1537.76,1626.95,60,1631.9,150,659280
2026-04-10T13:05:35.044,NF,BANKNIFTY28APR2655000CE,1630.35,1555.55,1704.15,1241.7,1182.6,940590,1537.76,1626.9,90,1630.3,360,659280
2026-04-10T13:05:38.857,NF,BANKNIFTY28APR2655000CE,1626.9,1555.55,1704.15,1241.7,1182.6,940680,1537.77,1622.4,90,1627.95,150,659280
2026-04-10T13:05:50.096,NF,BANKNIFTY28APR2655000CE,1622.15,1555.55,1704.15,1241.7,1182.6,940740,1537.77,1621.5,120,1626.6,150,659280
2026-04-10T13:05:52.667,NF,BANKNIFTY28APR2655000CE,1626.9,1555.55,1704.15,1241.7,1182.6,940770,1537.78,1622.05,150,1626.9,150,659280
2026-04-10T13:06:57.565,NF,BANKNIFTY28APR2655000CE,1635.0,1555.55,1704.15,1241.7,1182.6,940800,1537.78,1629.9,90,1634.95,180,659280
2026-04-10T13:07:08.775,NF,BANKNIFTY28APR2655000CE,1633.9,1555.55,1704.15,1241.7,1182.6,940860,1537.79,1628.85,180,1633.8,60,659280
2026-04-10T13:07:28.801,NF,BANKNIFTY28APR2655000CE,1631.95,1555.55,1704.15,1241.7,1182.6,940920,1537.79,1627.1,90,1632.5,30,659280
2026-04-10T13:07:50.045,NF,BANKNIFTY28APR2655000CE,1629.45,1555.55,1704.15,1241.7,1182.6,941070,1537.81,1629.35,150,1633.9,60,659280
2026-04-10T13:07:53.236,NF,BANKNIFTY28APR2655000CE,1629.25,1555.55,1704.15,1241.7,1182.6,941130,1537.81,1625.3,90,1631.25,60,659280
2026-04-10T13:08:03.257,NF,BANKNIFTY28APR2655000CE,1629.05,1555.55,1704.15,1241.7,1182.6,941220,1537.82,1629.25,30,1633.9,30,659280
2026-04-10T13:08:06.853,NF,BANKNIFTY28APR2655000CE,1633.9,1555.55,1704.15,1241.7,1182.6,941250,1537.83,1632.3,180,1636.0,120,659280
2026-04-10T13:08:09.455,NF,BANKNIFTY28APR2655000CE,1632.3,1555.55,1704.15,1241.7,1182.6,941430,1537.84,1632.4,60,1636.0,120,659280
2026-04-10T13:08:15.664,NF,BANKNIFTY28APR2655000CE,1629.55,1555.55,1704.15,1241.7,1182.6,941520,1537.85,1629.8,60,1635.1,90,659010
2026-04-10T13:08:39.494,NF,BANKNIFTY28APR2655000CE,1632.0,1555.55,1704.15,1241.7,1182.6,941640,1537.86,1632.9,60,1636.0,120,659010
2026-04-10T13:08:41.916,NF,BANKNIFTY28APR2655000CE,1636.0,1555.55,1704.15,1241.7,1182.6,941760,1537.88,1634.45,60,1638.0,30,659010
2026-04-10T13:08:44.508,NF,BANKNIFTY28APR2655000CE,1639.9,1555.55,1704.15,1241.7,1182.6,941910,1537.89,1636.6,30,1640.0,450,659010
2026-04-10T13:08:45.707,NF,BANKNIFTY28APR2655000CE,1645.0,1555.55,1704.15,1241.7,1182.6,942420,1537.95,1642.95,30,1645.0,30,659010
2026-04-10T13:08:46.913,NF,BANKNIFTY28APR2655000CE,1645.0,1555.55,1704.15,1241.7,1182.6,942450,1537.95,1645.05,90,1647.0,30,659010
2026-04-10T13:08:48.120,NF,BANKNIFTY28APR2655000CE,1648.95,1555.55,1704.15,1241.7,1182.6,942540,1537.96,1647.05,30,1650.0,780,659010
2026-04-10T13:08:49.515,NF,BANKNIFTY28APR2655000CE,1650.0,1555.55,1704.15,1241.7,1182.6,942660,1537.98,1647.05,60,1650.0,660,659010
2026-04-10T13:08:52.127,NF,BANKNIFTY28APR2655000CE,1645.15,1555.55,1704.15,1241.7,1182.6,942690,1537.98,1641.7,30,1645.3,60,659010
2026-04-10T13:09:02.136,NF,BANKNIFTY28APR2655000CE,1644.85,1555.55,1704.15,1241.7,1182.6,942720,1537.98,1637.6,150,1643.4,90,659010
2026-04-10T13:09:07.144,NF,BANKNIFTY28APR2655000CE,1642.9,1555.55,1704.15,1241.7,1182.6,942750,1537.99,1637.25,90,1643.1,30,659010
2026-04-10T13:09:15.748,NF,BANKNIFTY28APR2655000CE,1641.1,1555.55,1704.15,1241.7,1182.6,942810,1537.99,1635.85,120,1641.9,60,659010
2026-04-10T13:09:18.350,NF,BANKNIFTY28APR2655000CE,1635.8,1555.55,1704.15,1241.7,1182.6,942840,1538.0,1632.5,60,1637.8,90,659010
2026-04-10T13:09:29.575,NF,BANKNIFTY28APR2655000CE,1635.9,1555.55,1704.15,1241.7,1182.6,942900,1538.0,1637.1,60,1642.85,60,659010
2026-04-10T13:09:35.784,NF,BANKNIFTY28APR2655000CE,1648.0,1555.55,1704.15,1241.7,1182.6,942930,1538.01,1644.35,90,1648.0,60,659010
2026-04-10T13:09:37.172,NF,BANKNIFTY28APR2655000CE,1648.0,1555.55,1704.15,1241.7,1182.6,942960,1538.01,1644.45,60,1648.0,30,659010
2026-04-10T13:09:38.375,NF,BANKNIFTY28APR2655000CE,1648.0,1555.55,1704.15,1241.7,1182.6,942990,1538.01,1644.45,30,1649.6,210,659010
2026-04-10T13:09:48.390,NF,BANKNIFTY28APR2655000CE,1647.35,1555.55,1704.15,1241.7,1182.6,943080,1538.02,1642.1,60,1647.35,60,659010
2026-04-10T13:09:52.818,NF,BANKNIFTY28APR2655000CE,1646.7,1555.55,1704.15,1241.7,1182.6,943110,1538.03,1643.1,30,1648.7,210,659010
2026-04-10T13:09:55.398,NF,BANKNIFTY28APR2655000CE,1648.4,1555.55,1704.15,1241.7,1182.6,943140,1538.03,1643.5,120,1648.75,60,659010
2026-04-10T13:10:01.632,NF,BANKNIFTY28APR2655000CE,1644.0,1555.55,1704.15,1241.7,1182.6,943230,1538.04,1641.85,60,1648.25,120,659010
2026-04-10T13:10:06.614,NF,BANKNIFTY28APR2655000CE,1637.35,1555.55,1704.15,1241.7,1182.6,943260,1538.04,1637.55,30,1643.3,60,659010
2026-04-10T13:10:20.235,NF,BANKNIFTY28APR2655000CE,1640.0,1555.55,1704.15,1241.7,1182.6,943290,1538.05,1639.2,120,1643.75,30,659010
2026-04-10T13:10:32.656,NF,BANKNIFTY28APR2655000CE,1640.65,1555.55,1704.15,1241.7,1182.6,943320,1538.05,1637.05,30,1640.45,30,659010
2026-04-10T13:10:35.252,NF,BANKNIFTY28APR2655000CE,1637.0,1555.55,1704.15,1241.7,1182.6,943380,1538.06,1631.75,60,1637.65,90,659010
2026-04-10T13:10:40.259,NF,BANKNIFTY28APR2655000CE,1637.4,1555.55,1704.15,1241.7,1182.6,943410,1538.06,1634.65,90,1639.55,60,659010
2026-04-10T13:11:07.097,NF,BANKNIFTY28APR2655000CE,1637.3,1555.55,1704.15,1241.7,1182.6,943470,1538.07,1635.7,30,1640.75,30,659010
2026-04-10T13:11:10.901,NF,BANKNIFTY28APR2655000CE,1635.65,1555.55,1704.15,1241.7,1182.6,943500,1538.07,1630.5,60,1636.1,90,659010
2026-04-10T13:11:26.724,NF,BANKNIFTY28APR2655000CE,1634.85,1555.55,1704.15,1241.7,1182.6,943530,1538.07,1630.0,30,1634.9,90,659010
2026-04-10T13:11:33.939,NF,BANKNIFTY28APR2655000CE,1631.7,1555.55,1704.15,1241.7,1182.6,943560,1538.07,1631.4,60,1636.25,150,659040
2026-04-10T13:11:42.567,NF,BANKNIFTY28APR2655000CE,1631.35,1555.55,1704.15,1241.7,1182.6,943590,1538.08,1631.1,90,1635.85,60,659040
2026-04-10T13:12:13.408,NF,BANKNIFTY28APR2655000CE,1631.05,1555.55,1704.15,1241.7,1182.6,943620,1538.08,1631.0,30,1633.5,30,659040
2026-04-10T13:12:28.056,NF,BANKNIFTY28APR2655000CE,1630.0,1555.55,1704.15,1241.7,1182.6,943680,1538.09,1623.95,120,1632.1,60,659040
2026-04-10T13:12:29.428,NF,BANKNIFTY28APR2655000CE,1622.65,1555.55,1704.15,1241.7,1182.6,943710,1538.09,1622.0,60,1628.0,60,659040
2026-04-10T13:12:30.630,NF,BANKNIFTY28APR2655000CE,1621.55,1555.55,1704.15,1241.7,1182.6,943740,1538.09,1621.55,60,1627.0,90,659040
2026-04-10T13:13:12.888,NF,BANKNIFTY28APR2655000CE,1623.2,1555.55,1704.15,1241.7,1182.6,943770,1538.09,1621.45,60,1627.4,90,659040
2026-04-10T13:13:51.151,NF,BANKNIFTY28APR2655000CE,1629.4,1555.55,1704.15,1241.7,1182.6,943800,1538.1,1629.3,60,1634.7,90,659040
2026-04-10T13:14:22.610,NF,BANKNIFTY28APR2655000CE,1618.95,1555.55,1704.15,1241.7,1182.6,943920,1538.11,1619.3,150,1624.15,60,659010
2026-04-10T13:14:23.809,NF,BANKNIFTY28APR2655000CE,1624.1,1555.55,1704.15,1241.7,1182.6,943950,1538.11,1620.1,150,1625.7,120,659010
2026-04-10T13:14:38.625,NF,BANKNIFTY28APR2655000CE,1621.85,1555.55,1704.15,1241.7,1182.6,943980,1538.11,1621.45,180,1627.35,90,659010
2026-04-10T13:15:06.266,NF,BANKNIFTY28APR2655000CE,1623.5,1555.55,1704.15,1241.7,1182.6,944010,1538.12,1622.0,30,1625.75,90,659010
2026-04-10T13:15:11.272,NF,BANKNIFTY28APR2655000CE,1622.0,1555.55,1704.15,1241.7,1182.6,944040,1538.12,1621.85,30,1623.55,60,659010
2026-04-10T13:15:17.487,NF,BANKNIFTY28APR2655000CE,1626.3,1555.55,1704.15,1241.7,1182.6,944070,1538.12,1626.4,60,1631.6,90,659010
2026-04-10T13:15:29.900,NF,BANKNIFTY28APR2655000CE,1621.85,1555.55,1704.15,1241.7,1182.6,944100,1538.12,1620.05,150,1626.15,90,659010
2026-04-10T13:15:36.305,NF,BANKNIFTY28APR2655000CE,1623.25,1555.55,1704.15,1241.7,1182.6,944130,1538.13,1623.55,150,1628.55,60,659010
2026-04-10T13:15:56.342,NF,BANKNIFTY28APR2655000CE,1623.0,1555.55,1704.15,1241.7,1182.6,944160,1538.13,1621.8,120,1626.35,90,659010
2026-04-10T13:16:11.164,NF,BANKNIFTY28APR2655000CE,1627.05,1555.55,1704.15,1241.7,1182.6,944220,1538.14,1622.3,120,1627.5,120,659010
2026-04-10T13:16:12.365,NF,BANKNIFTY28APR2655000CE,1626.6,1555.55,1704.15,1241.7,1182.6,944250,1538.14,1623.35,60,1628.0,60,659010
2026-04-10T13:16:28.589,NF,BANKNIFTY28APR2655000CE,1619.95,1555.55,1704.15,1241.7,1182.6,944280,1538.14,1618.0,30,1620.9,90,659010
2026-04-10T13:16:57.230,NF,BANKNIFTY28APR2655000CE,1623.0,1555.55,1704.15,1241.7,1182.6,944310,1538.14,1618.85,60,1626.95,60,659010
2026-04-10T13:16:58.435,NF,BANKNIFTY28APR2655000CE,1626.75,1555.55,1704.15,1241.7,1182.6,944400,1538.15,1621.2,30,1626.55,90,659010
2026-04-10T13:16:59.761,NF,BANKNIFTY28APR2655000CE,1621.2,1555.55,1704.15,1241.7,1182.6,944430,1538.15,1620.6,60,1626.3,210,659010
2026-04-10T13:17:05.853,NF,BANKNIFTY28APR2655000CE,1625.0,1555.55,1704.15,1241.7,1182.6,944460,1538.16,1622.95,180,1628.0,30,659010
2026-04-10T13:17:17.066,NF,BANKNIFTY28APR2655000CE,1629.0,1555.55,1704.15,1241.7,1182.6,944520,1538.16,1627.4,180,1632.95,60,659040
2026-04-10T13:17:22.080,NF,BANKNIFTY28APR2655000CE,1633.0,1555.55,1704.15,1241.7,1182.6,944550,1538.17,1632.8,30,1638.85,60,659040
2026-04-10T13:17:33.297,NF,BANKNIFTY28APR2655000CE,1634.0,1555.55,1704.15,1241.7,1182.6,944670,1538.18,1633.25,60,1638.4,60,659040
2026-04-10T13:17:38.290,NF,BANKNIFTY28APR2655000CE,1636.85,1555.55,1704.15,1241.7,1182.6,944700,1538.18,1631.4,60,1636.0,90,659040
2026-04-10T13:17:42.107,NF,BANKNIFTY28APR2655000CE,1631.4,1555.55,1704.15,1241.7,1182.6,944730,1538.18,1630.05,150,1635.35,90,659040
2026-04-10T13:18:01.536,NF,BANKNIFTY28APR2655000CE,1630.85,1555.55,1704.15,1241.7,1182.6,944790,1538.19,1632.2,30,1637.05,90,659040
2026-04-10T13:18:18.958,NF,BANKNIFTY28APR2655000CE,1630.85,1555.55,1704.15,1241.7,1182.6,944820,1538.19,1630.0,60,1634.15,90,659040
2026-04-10T13:18:26.375,NF,BANKNIFTY28APR2655000CE,1630.0,1555.55,1704.15,1241.7,1182.6,944880,1538.2,1624.5,120,1630.15,30,659040
2026-04-10T13:19:13.833,NF,BANKNIFTY28APR2655000CE,1630.0,1555.55,1704.15,1241.7,1182.6,944910,1538.2,1625.05,30,1630.0,150,659040
2026-04-10T13:19:45.894,NF,BANKNIFTY28APR2655000CE,1633.8,1555.55,1704.15,1241.7,1182.6,944940,1538.21,1629.75,60,1635.0,30,659040
2026-04-10T13:19:58.305,NF,BANKNIFTY28APR2655000CE,1633.1,1555.55,1704.15,1241.7,1182.6,944970,1538.21,1627.1,120,1632.6,90,659040
2026-04-10T13:20:13.331,NF,BANKNIFTY28APR2655000CE,1629.9,1555.55,1704.15,1241.7,1182.6,945000,1538.21,1629.35,90,1633.75,30,659040
2026-04-10T13:20:28.152,NF,BANKNIFTY28APR2655000CE,1630.2,1555.55,1704.15,1241.7,1182.6,945060,1538.22,1630.05,30,1634.55,30,659010
2026-04-10T13:21:06.806,NF,BANKNIFTY28APR2655000CE,1630.6,1555.55,1704.15,1241.7,1182.6,945090,1538.22,1627.9,150,1632.6,30,659010
2026-04-10T13:21:14.422,NF,BANKNIFTY28APR2655000CE,1632.45,1555.55,1704.15,1241.7,1182.6,945120,1538.22,1627.9,30,1631.95,120,659010
2026-04-10T13:21:24.433,NF,BANKNIFTY28APR2655000CE,1630.75,1555.55,1704.15,1241.7,1182.6,945180,1538.23,1629.75,30,1633.0,30,659010
2026-04-10T13:21:25.645,NF,BANKNIFTY28APR2655000CE,1629.6,1555.55,1704.15,1241.7,1182.6,945210,1538.23,1629.6,60,1633.0,30,659010
2026-04-10T13:21:26.859,NF,BANKNIFTY28APR2655000CE,1633.0,1555.55,1704.15,1241.7,1182.6,945240,1538.23,1630.15,30,1635.0,90,659010
2026-04-10T13:21:50.674,NF,BANKNIFTY28APR2655000CE,1630.0,1555.55,1704.15,1241.7,1182.6,945270,1538.24,1629.7,30,1634.55,90,659010
2026-04-10T13:21:53.483,NF,BANKNIFTY28APR2655000CE,1634.8,1555.55,1704.15,1241.7,1182.6,945300,1538.24,1629.5,90,1635.35,90,659010
2026-04-10T13:21:55.885,NF,BANKNIFTY28APR2655000CE,1628.4,1555.55,1704.15,1241.7,1182.6,945330,1538.24,1627.4,60,1633.25,90,659010
2026-04-10T13:22:15.906,NF,BANKNIFTY28APR2655000CE,1632.7,1555.55,1704.15,1241.7,1182.6,945390,1538.25,1635.15,60,1640.0,30,659010
2026-04-10T13:22:26.932,NF,BANKNIFTY28APR2655000CE,1640.0,1555.55,1704.15,1241.7,1182.6,945420,1538.25,1638.05,60,1643.75,90,659010
2026-04-10T13:22:46.959,NF,BANKNIFTY28APR2655000CE,1644.65,1555.55,1704.15,1241.7,1182.6,945450,1538.26,1638.4,210,1644.45,60,659010
2026-04-10T13:22:50.763,NF,BANKNIFTY28APR2655000CE,1643.6,1555.55,1704.15,1241.7,1182.6,945570,1538.27,1638.1,90,1643.75,90,659010
2026-04-10T13:22:58.978,NF,BANKNIFTY28APR2655000CE,1637.5,1555.55,1704.15,1241.7,1182.6,945600,1538.27,1637.5,60,1643.3,60,659010
2026-04-10T13:23:07.595,NF,BANKNIFTY28APR2655000CE,1638.0,1555.55,1704.15,1241.7,1182.6,945630,1538.28,1636.2,150,1641.85,60,659010
2026-04-10T13:23:45.051,NF,BANKNIFTY28APR2655000CE,1633.95,1555.55,1704.15,1241.7,1182.6,945660,1538.28,1634.6,60,1640.05,60,659040
2026-04-10T13:24:49.945,NF,BANKNIFTY28APR2655000CE,1635.45,1555.55,1704.15,1241.7,1182.6,945720,1538.29,1635.4,120,1640.4,30,659040
2026-04-10T13:25:08.386,NF,BANKNIFTY28APR2655000CE,1638.15,1555.55,1704.15,1241.7,1182.6,945750,1538.29,1633.6,60,1638.55,30,659040
2026-04-10T13:25:13.383,NF,BANKNIFTY28APR2655000CE,1639.4,1555.55,1704.15,1241.7,1182.6,945780,1538.29,1633.95,210,1639.35,90,659040
2026-04-10T13:25:30.611,NF,BANKNIFTY28APR2655000CE,1641.05,1555.55,1704.15,1241.7,1182.6,945810,1538.29,1636.1,30,1641.35,180,659040
2026-04-10T13:25:49.045,NF,BANKNIFTY28APR2655000CE,1641.05,1555.55,1704.15,1241.7,1182.6,945870,1538.3,1639.55,90,1644.95,210,659040
2026-04-10T13:25:55.045,NF,BANKNIFTY28APR2655000CE,1645.0,1555.55,1704.15,1241.7,1182.6,945900,1538.3,1640.5,60,1645.0,480,659040
2026-04-10T13:26:02.460,NF,BANKNIFTY28APR2655000CE,1645.0,1555.55,1704.15,1241.7,1182.6,945930,1538.31,1642.15,90,1645.0,330,659040
2026-04-10T13:26:03.657,NF,BANKNIFTY28APR2655000CE,1645.0,1555.55,1704.15,1241.7,1182.6,945990,1538.31,1641.05,60,1645.0,270,659040
2026-04-10T13:26:19.688,NF,BANKNIFTY28APR2655000CE,1642.65,1555.55,1704.15,1241.7,1182.6,946020,1538.32,1639.6,120,1645.0,330,658860
2026-04-10T13:26:29.701,NF,BANKNIFTY28APR2655000CE,1645.0,1555.55,1704.15,1241.7,1182.6,946110,1538.33,1642.5,60,1645.0,210,658860
2026-04-10T13:26:30.904,NF,BANKNIFTY28APR2655000CE,1645.0,1555.55,1704.15,1241.7,1182.6,946200,1538.34,1642.5,60,1645.0,120,658860
2026-04-10T13:26:32.107,NF,BANKNIFTY28APR2655000CE,1645.0,1555.55,1704.15,1241.7,1182.6,946230,1538.34,1642.8,210,1645.0,90,658860
2026-04-10T13:26:33.505,NF,BANKNIFTY28APR2655000CE,1645.0,1555.55,1704.15,1241.7,1182.6,946290,1538.35,1642.55,90,1645.0,30,658860
2026-04-10T13:26:38.515,NF,BANKNIFTY28APR2655000CE,1645.0,1555.55,1704.15,1241.7,1182.6,946320,1538.35,1643.05,30,1647.75,120,658860
2026-04-10T13:26:49.535,NF,BANKNIFTY28APR2655000CE,1645.0,1555.55,1704.15,1241.7,1182.6,946350,1538.36,1645.0,30,1649.15,30,658860
2026-04-10T13:26:51.342,NF,BANKNIFTY28APR2655000CE,1645.05,1555.55,1704.15,1241.7,1182.6,946410,1538.36,1645.05,120,1649.5,60,658860
2026-04-10T13:26:56.346,NF,BANKNIFTY28APR2655000CE,1645.05,1555.55,1704.15,1241.7,1182.6,946440,1538.37,1645.05,120,1649.3,60,658860
2026-04-10T13:27:00.166,NF,BANKNIFTY28APR2655000CE,1645.0,1555.55,1704.15,1241.7,1182.6,946590,1538.38,1641.0,90,1647.0,90,658860
2026-04-10T13:27:05.159,NF,BANKNIFTY28APR2655000CE,1645.0,1555.55,1704.15,1241.7,1182.6,946650,1538.39,1643.5,60,1648.55,60,658860
2026-04-10T13:27:14.981,NF,BANKNIFTY28APR2655000CE,1643.25,1555.55,1704.15,1241.7,1182.6,946680,1538.39,1643.4,90,1648.55,60,658860
2026-04-10T13:27:18.585,NF,BANKNIFTY28APR2655000CE,1649.75,1555.55,1704.15,1241.7,1182.6,946770,1538.4,1645.0,90,1649.9,90,658860
2026-04-10T13:27:21.193,NF,BANKNIFTY28APR2655000CE,1647.0,1555.55,1704.15,1241.7,1182.6,946800,1538.41,1645.0,90,1649.9,60,658860
2026-04-10T13:27:24.990,NF,BANKNIFTY28APR2655000CE,1649.75,1555.55,1704.15,1241.7,1182.6,946830,1538.41,1644.7,90,1649.85,120,658860
2026-04-10T13:27:27.397,NF,BANKNIFTY28APR2655000CE,1647.0,1555.55,1704.15,1241.7,1182.6,946860,1538.41,1643.8,30,1647.1,30,658860
2026-04-10T13:27:32.412,NF,BANKNIFTY28APR2655000CE,1643.25,1555.55,1704.15,1241.7,1182.6,946890,1538.42,1640.25,90,1646.15,90,658860
2026-04-10T13:27:33.606,NF,BANKNIFTY28APR2655000CE,1646.2,1555.55,1704.15,1241.7,1182.6,946920,1538.42,1641.6,90,1646.9,60,658860
2026-04-10T13:27:41.017,NF,BANKNIFTY28APR2655000CE,1635.05,1555.55,1704.15,1241.7,1182.6,946950,1538.42,1638.25,120,1643.1,60,658860
2026-04-10T13:27:51.434,NF,BANKNIFTY28APR2655000CE,1641.95,1555.55,1704.15,1241.7,1182.6,946980,1538.43,1636.9,60,1641.95,60,658860
2026-04-10T13:27:52.655,NF,BANKNIFTY28APR2655000CE,1636.2,1555.55,1704.15,1241.7,1182.6,947010,1538.43,1636.35,120,1641.95,60,658860
2026-04-10T13:28:14.864,NF,BANKNIFTY28APR2655000CE,1643.05,1555.55,1704.15,1241.7,1182.6,947040,1538.43,1643.05,90,1648.75,90,658860
2026-04-10T13:28:17.269,NF,BANKNIFTY28APR2655000CE,1643.05,1555.55,1704.15,1241.7,1182.6,947070,1538.44,1643.15,210,1648.85,60,658860
2026-04-10T13:28:26.085,NF,BANKNIFTY28APR2655000CE,1642.6,1555.55,1704.15,1241.7,1182.6,947310,1538.46,1642.5,60,1648.05,120,658860
2026-04-10T13:28:35.906,NF,BANKNIFTY28APR2655000CE,1649.0,1555.55,1704.15,1241.7,1182.6,947340,1538.47,1644.45,210,1649.75,90,658860
2026-04-10T13:28:38.502,NF,BANKNIFTY28APR2655000CE,1645.0,1555.55,1704.15,1241.7,1182.6,947370,1538.47,1644.75,150,1649.85,60,658860
2026-04-10T13:28:45.736,NF,BANKNIFTY28APR2655000CE,1650.0,1555.55,1704.15,1241.7,1182.6,948510,1538.6,1647.55,60,1650.0,60,658860
2026-04-10T13:28:50.719,NF,BANKNIFTY28APR2655000CE,1650.0,1555.55,1704.15,1241.7,1182.6,948540,1538.61,1647.75,210,1650.0,30,658860
2026-04-10T13:28:51.927,NF,BANKNIFTY28APR2655000CE,1652.0,1555.55,1704.15,1241.7,1182.6,948690,1538.62,1650.0,60,1653.95,60,658860
2026-04-10T13:28:58.130,NF,BANKNIFTY28APR2655000CE,1653.95,1555.55,1704.15,1241.7,1182.6,948720,1538.63,1650.0,60,1653.95,30,658860
2026-04-10T13:29:01.743,NF,BANKNIFTY28APR2655000CE,1654.0,1555.55,1704.15,1241.7,1182.6,948810,1538.64,1652.1,30,1654.0,120,658860
2026-04-10T13:29:02.939,NF,BANKNIFTY28APR2655000CE,1654.0,1555.55,1704.15,1241.7,1182.6,948840,1538.64,1652.0,30,1654.0,90,658860
2026-04-10T13:29:04.149,NF,BANKNIFTY28APR2655000CE,1654.0,1555.55,1704.15,1241.7,1182.6,948870,1538.65,1651.6,120,1654.0,60,658860
2026-04-10T13:29:07.947,NF,BANKNIFTY28APR2655000CE,1654.0,1555.55,1704.15,1241.7,1182.6,948900,1538.65,1651.0,120,1654.0,30,658860
2026-04-10T13:29:11.553,NF,BANKNIFTY28APR2655000CE,1655.0,1555.55,1704.15,1241.7,1182.6,948990,1538.66,1651.05,120,1655.0,90,658860
2026-04-10T13:29:13.958,NF,BANKNIFTY28APR2655000CE,1655.0,1555.55,1704.15,1241.7,1182.6,949020,1538.66,1652.25,30,1655.0,90,658860
2026-04-10T13:29:16.367,NF,BANKNIFTY28APR2655000CE,1655.0,1555.55,1704.15,1241.7,1182.6,949110,1538.68,1655.0,30,1658.0,60,658860
2026-04-10T13:29:22.574,NF,BANKNIFTY28APR2655000CE,1657.45,1555.55,1704.15,1241.7,1182.6,949170,1538.68,1654.15,30,1658.0,60,658140
2026-04-10T13:29:23.970,NF,BANKNIFTY28APR2655000CE,1658.0,1555.55,1704.15,1241.7,1182.6,949230,1538.69,1654.25,90,1659.85,90,658140
2026-04-10T13:29:28.978,NF,BANKNIFTY28APR2655000CE,1658.95,1555.55,1704.15,1241.7,1182.6,949260,1538.69,1654.3,60,1659.7,60,658140
2026-04-10T13:29:32.586,NF,BANKNIFTY28APR2655000CE,1658.0,1555.55,1704.15,1241.7,1182.6,949290,1538.7,1656.0,30,1660.0,90,658140
2026-04-10T13:29:35.201,NF,BANKNIFTY28APR2655000CE,1660.0,1555.55,1704.15,1241.7,1182.6,949380,1538.71,1657.05,30,1662.35,150,658140
2026-04-10T13:29:38.796,NF,BANKNIFTY28APR2655000CE,1661.55,1555.55,1704.15,1241.7,1182.6,949410,1538.71,1660.0,30,1661.65,90,658140
2026-04-10T13:29:48.411,NF,BANKNIFTY28APR2655000CE,1660.0,1555.55,1704.15,1241.7,1182.6,949440,1538.72,1655.35,90,1660.7,180,658140
2026-04-10T13:29:49.616,NF,BANKNIFTY28APR2655000CE,1661.45,1555.55,1704.15,1241.7,1182.6,949500,1538.73,1656.25,60,1661.2,150,658140
2026-04-10T13:30:04.242,NF,BANKNIFTY28APR2655000CE,1659.7,1555.55,1704.15,1241.7,1182.6,950250,1538.82,1653.5,120,1659.2,30,658140
2026-04-10T13:30:14.056,NF,BANKNIFTY28APR2655000CE,1660.9,1555.55,1704.15,1241.7,1182.6,950280,1538.82,1656.65,90,1660.6,60,658140
2026-04-10T13:30:15.453,NF,BANKNIFTY28APR2655000CE,1657.05,1555.55,1704.15,1241.7,1182.6,950340,1538.83,1657.1,90,1661.0,60,658140
2026-04-10T13:30:24.075,NF,BANKNIFTY28APR2655000CE,1661.0,1555.55,1704.15,1241.7,1182.6,950370,1538.83,1658.4,60,1661.0,30,658140
2026-04-10T13:30:27.869,NF,BANKNIFTY28APR2655000CE,1657.95,1555.55,1704.15,1241.7,1182.6,950670,1538.87,1657.0,90,1661.0,30,658140
2026-04-10T13:30:32.876,NF,BANKNIFTY28APR2655000CE,1661.0,1555.55,1704.15,1241.7,1182.6,950700,1538.88,1658.9,90,1664.1,60,658140
2026-04-10T13:30:52.116,NF,BANKNIFTY28APR2655000CE,1660.95,1555.55,1704.15,1241.7,1182.6,950730,1538.88,1658.8,30,1660.95,60,658140
2026-04-10T13:30:59.319,NF,BANKNIFTY28APR2655000CE,1660.95,1555.55,1704.15,1241.7,1182.6,950760,1538.88,1658.5,90,1660.95,30,658140
2026-04-10T13:31:02.928,NF,BANKNIFTY28APR2655000CE,1661.0,1555.55,1704.15,1241.7,1182.6,950820,1538.89,1661.15,60,1666.0,60,658140
2026-04-10T13:31:11.543,NF,BANKNIFTY28APR2655000CE,1661.0,1555.55,1704.15,1241.7,1182.6,950910,1538.9,1661.0,30,1666.0,60,658140
2026-04-10T13:31:15.152,NF,BANKNIFTY28APR2655000CE,1663.3,1555.55,1704.15,1241.7,1182.6,950970,1538.91,1654.75,90,1662.75,90,658140
2026-04-10T13:31:36.185,NF,BANKNIFTY28APR2655000CE,1658.15,1555.55,1704.15,1241.7,1182.6,951000,1538.91,1658.65,90,1663.0,60,658140
2026-04-10T13:31:47.396,NF,BANKNIFTY28APR2655000CE,1654.5,1555.55,1704.15,1241.7,1182.6,951150,1538.93,1654.5,180,1660.0,60,658140
2026-04-10T13:32:01.015,NF,BANKNIFTY28APR2655000CE,1650.2,1555.55,1704.15,1241.7,1182.6,951210,1538.94,1651.4,90,1657.2,90,658140
2026-04-10T13:32:15.639,NF,BANKNIFTY28APR2655000CE,1650.0,1555.55,1704.15,1241.7,1182.6,951240,1538.94,1650.0,60,1653.95,90,658140
2026-04-10T13:32:52.101,NF,BANKNIFTY28APR2655000CE,1655.85,1555.55,1704.15,1241.7,1182.6,951270,1538.95,1655.55,90,1661.2,90,658350
2026-04-10T13:32:55.905,NF,BANKNIFTY28APR2655000CE,1662.95,1555.55,1704.15,1241.7,1182.6,951300,1538.95,1657.4,30,1662.25,120,658350
2026-04-10T13:33:07.123,NF,BANKNIFTY28APR2655000CE,1657.05,1555.55,1704.15,1241.7,1182.6,951330,1538.96,1652.1,180,1658.25,90,658350
2026-04-10T13:33:10.729,NF,BANKNIFTY28APR2655000CE,1657.6,1555.55,1704.15,1241.7,1182.6,951360,1538.96,1652.6,120,1657.55,60,658350
2026-04-10T13:33:11.935,NF,BANKNIFTY28APR2655000CE,1657.0,1555.55,1704.15,1241.7,1182.6,951390,1538.96,1652.5,90,1658.85,60,658350
2026-04-10T13:33:20.753,NF,BANKNIFTY28APR2655000CE,1650.0,1555.55,1704.15,1241.7,1182.6,951570,1538.98,1645.25,60,1651.9,120,658350
2026-04-10T13:33:31.764,NF,BANKNIFTY28APR2655000CE,1647.75,1555.55,1704.15,1241.7,1182.6,951660,1538.99,1642.35,240,1648.1,60,658350
2026-04-10T13:34:00.208,NF,BANKNIFTY28APR2655000CE,1647.75,1555.55,1704.15,1241.7,1182.6,951690,1539.0,1643.05,90,1649.35,90,658350
2026-04-10T13:34:07.622,NF,BANKNIFTY28APR2655000CE,1636.6,1555.55,1704.15,1241.7,1182.6,951720,1539.0,1637.7,90,1643.25,90,658350
2026-04-10T13:34:10.229,NF,BANKNIFTY28APR2655000CE,1641.95,1555.55,1704.15,1241.7,1182.6,951780,1539.01,1636.9,120,1642.3,60,658350
2026-04-10T13:34:15.247,NF,BANKNIFTY28APR2655000CE,1637.95,1555.55,1704.15,1241.7,1182.6,951840,1539.01,1633.15,60,1638.75,60,658350
2026-04-10T13:34:16.442,NF,BANKNIFTY28APR2655000CE,1639.4,1555.55,1704.15,1241.7,1182.6,951900,1539.02,1634.4,30,1641.05,60,658350
2026-04-10T13:34:22.442,NF,BANKNIFTY28APR2655000CE,1641.9,1555.55,1704.15,1241.7,1182.6,951960,1539.03,1637.95,90,1642.3,60,658350
2026-04-10T13:34:25.073,NF,BANKNIFTY28APR2655000CE,1642.85,1555.55,1704.15,1241.7,1182.6,952020,1539.03,1637.95,90,1642.6,150,658350
2026-04-10T13:34:32.457,NF,BANKNIFTY28APR2655000CE,1638.15,1555.55,1704.15,1241.7,1182.6,952050,1539.04,1638.15,60,1642.9,120,658350
2026-04-10T13:34:37.463,NF,BANKNIFTY28APR2655000CE,1647.75,1555.55,1704.15,1241.7,1182.6,952110,1539.04,1641.95,60,1647.45,150,658350
2026-04-10T13:35:00.956,NF,BANKNIFTY28APR2655000CE,1645.0,1555.55,1704.15,1241.7,1182.6,952140,1539.05,1641.0,60,1645.95,240,658350
2026-04-10T13:35:08.317,NF,BANKNIFTY28APR2655000CE,1642.05,1555.55,1704.15,1241.7,1182.6,952440,1539.08,1642.0,60,1646.85,120,658350
2026-04-10T13:35:18.150,NF,BANKNIFTY28APR2655000CE,1645.0,1555.55,1704.15,1241.7,1182.6,952470,1539.08,1641.0,30,1645.9,30,658350
2026-04-10T13:35:19.355,NF,BANKNIFTY28APR2655000CE,1645.35,1555.55,1704.15,1241.7,1182.6,952530,1539.09,1641.0,30,1643.95,30,658290
2026-04-10T13:35:21.739,NF,BANKNIFTY28APR2655000CE,1643.95,1555.55,1704.15,1241.7,1182.6,952560,1539.09,1643.95,30,1645.85,210,658290
2026-04-10T13:35:22.944,NF,BANKNIFTY28APR2655000CE,1645.35,1555.55,1704.15,1241.7,1182.6,952590,1539.1,1643.95,30,1645.75,60,658290
2026-04-10T13:35:24.144,NF,BANKNIFTY28APR2655000CE,1645.0,1555.55,1704.15,1241.7,1182.6,952680,1539.11,1641.1,30,1644.95,60,658290
2026-04-10T13:35:25.347,NF,BANKNIFTY28APR2655000CE,1645.55,1555.55,1704.15,1241.7,1182.6,953280,1539.17,1641.1,30,1645.55,90,658290
2026-04-10T13:35:30.157,NF,BANKNIFTY28APR2655000CE,1645.65,1555.55,1704.15,1241.7,1182.6,953340,1539.18,1641.2,60,1645.75,60,658290
2026-04-10T13:35:34.960,NF,BANKNIFTY28APR2655000CE,1645.3,1555.55,1704.15,1241.7,1182.6,953640,1539.21,1641.1,60,1645.35,90,658290
2026-04-10T13:35:36.162,NF,BANKNIFTY28APR2655000CE,1641.1,1555.55,1704.15,1241.7,1182.6,953670,1539.22,1637.5,90,1643.4,150,658290
2026-04-10T13:35:44.774,NF,BANKNIFTY28APR2655000CE,1642.3,1555.55,1704.15,1241.7,1182.6,953730,1539.22,1635.45,90,1641.5,150,658290
2026-04-10T13:35:49.591,NF,BANKNIFTY28APR2655000CE,1638.75,1555.55,1704.15,1241.7,1182.6,953790,1539.23,1632.2,120,1638.1,240,658290
2026-04-10T13:35:52.191,NF,BANKNIFTY28APR2655000CE,1636.35,1555.55,1704.15,1241.7,1182.6,953850,1539.23,1630.9,90,1636.15,180,658290
2026-04-10T13:35:53.589,NF,BANKNIFTY28APR2655000CE,1622.6,1555.55,1704.15,1241.7,1182.6,954090,1539.26,1624.15,240,1630.45,60,658290
2026-04-10T13:35:55.997,NF,BANKNIFTY28APR2655000CE,1629.8,1555.55,1704.15,1241.7,1182.6,954180,1539.26,1623.35,60,1628.7,30,658290
2026-04-10T13:36:07.214,NF,BANKNIFTY28APR2655000CE,1629.4,1555.55,1704.15,1241.7,1182.6,954210,1539.27,1630.35,120,1635.7,120,658290
2026-04-10T13:36:17.253,NF,BANKNIFTY28APR2655000CE,1633.2,1555.55,1704.15,1241.7,1182.6,954240,1539.27,1633.2,90,1638.3,120,658290
2026-04-10T13:36:24.837,NF,BANKNIFTY28APR2655000CE,1636.3,1555.55,1704.15,1241.7,1182.6,954300,1539.28,1631.7,30,1636.45,150,658290
2026-04-10T13:36:29.845,NF,BANKNIFTY28APR2655000CE,1633.7,1555.55,1704.15,1241.7,1182.6,954360,1539.28,1628.15,90,1633.9,60,658290
2026-04-10T13:36:38.458,NF,BANKNIFTY28APR2655000CE,1629.15,1555.55,1704.15,1241.7,1182.6,954390,1539.29,1629.15,120,1634.6,90,658290
2026-04-10T13:36:42.067,NF,BANKNIFTY28APR2655000CE,1628.8,1555.55,1704.15,1241.7,1182.6,954420,1539.29,1629.05,90,1634.2,120,658290
2026-04-10T13:37:01.704,NF,BANKNIFTY28APR2655000CE,1629.4,1555.55,1704.15,1241.7,1182.6,954510,1539.3,1629.45,210,1635.45,60,658290
2026-04-10T13:37:25.553,NF,BANKNIFTY28APR2655000CE,1635.2,1555.55,1704.15,1241.7,1182.6,954540,1539.3,1635.15,60,1640.0,150,658290
2026-04-10T13:37:31.545,NF,BANKNIFTY28APR2655000CE,1640.0,1555.55,1704.15,1241.7,1182.6,954570,1539.3,1635.8,30,1640.1,60,658290
2026-04-10T13:37:36.353,NF,BANKNIFTY28APR2655000CE,1639.6,1555.55,1704.15,1241.7,1182.6,954630,1539.31,1635.35,120,1640.5,60,658290
2026-04-10T13:38:03.401,NF,BANKNIFTY28APR2655000CE,1631.0,1555.55,1704.15,1241.7,1182.6,954660,1539.31,1630.65,60,1636.25,90,658290
2026-04-10T13:38:12.018,NF,BANKNIFTY28APR2655000CE,1630.6,1555.55,1704.15,1241.7,1182.6,954750,1539.32,1630.55,90,1636.1,90,658290
2026-04-10T13:38:28.037,NF,BANKNIFTY28APR2655000CE,1630.35,1555.55,1704.15,1241.7,1182.6,954780,1539.32,1630.35,180,1635.75,90,658530
2026-04-10T13:38:36.460,NF,BANKNIFTY28APR2655000CE,1639.15,1555.55,1704.15,1241.7,1182.6,954810,1539.33,1633.0,60,1638.5,60,658530
2026-04-10T13:39:18.729,NF,BANKNIFTY28APR2655000CE,1644.0,1555.55,1704.15,1241.7,1182.6,954840,1539.33,1641.4,120,1644.0,30,658530
2026-04-10T13:39:26.333,NF,BANKNIFTY28APR2655000CE,1640.55,1555.55,1704.15,1241.7,1182.6,954870,1539.33,1638.7,60,1643.9,30,658530
2026-04-10T13:39:51.178,NF,BANKNIFTY28APR2655000CE,1645.0,1555.55,1704.15,1241.7,1182.6,954900,1539.34,1642.3,180,1645.0,30,658530
2026-04-10T13:39:52.374,NF,BANKNIFTY28APR2655000CE,1645.0,1555.55,1704.15,1241.7,1182.6,954930,1539.34,1643.0,30,1648.5,60,658530
2026-04-10T13:40:07.197,NF,BANKNIFTY28APR2655000CE,1650.0,1555.55,1704.15,1241.7,1182.6,954990,1539.35,1647.6,210,1651.8,30,658530
2026-04-10T13:40:08.602,NF,BANKNIFTY28APR2655000CE,1652.0,1555.55,1704.15,1241.7,1182.6,955110,1539.36,1648.2,30,1652.8,30,658530
2026-04-10T13:40:14.820,NF,BANKNIFTY28APR2655000CE,1652.4,1555.55,1704.15,1241.7,1182.6,955260,1539.38,1652.6,60,1656.0,60,658530
2026-04-10T13:40:21.019,NF,BANKNIFTY28APR2655000CE,1656.0,1555.55,1704.15,1241.7,1182.6,955290,1539.38,1653.55,90,1656.0,30,658530
2026-04-10T13:40:22.224,NF,BANKNIFTY28APR2655000CE,1656.0,1555.55,1704.15,1241.7,1182.6,955320,1539.39,1654.35,150,1658.7,30,658530
2026-04-10T13:40:24.824,NF,BANKNIFTY28APR2655000CE,1659.95,1555.55,1704.15,1241.7,1182.6,955350,1539.39,1655.8,90,1660.0,60,658530
2026-04-10T13:40:27.229,NF,BANKNIFTY28APR2655000CE,1659.5,1555.55,1704.15,1241.7,1182.6,955410,1539.4,1652.85,150,1657.8,60,658530
2026-04-10T13:40:32.237,NF,BANKNIFTY28APR2655000CE,1656.0,1555.55,1704.15,1241.7,1182.6,955530,1539.41,1653.8,150,1659.15,90,658530
2026-04-10T13:40:35.844,NF,BANKNIFTY28APR2655000CE,1658.95,1555.55,1704.15,1241.7,1182.6,955560,1539.42,1654.4,90,1660.05,60,658530
2026-04-10T13:40:44.658,NF,BANKNIFTY28APR2655000CE,1653.9,1555.55,1704.15,1241.7,1182.6,955620,1539.42,1648.35,120,1654.1,90,658530
2026-04-10T13:41:01.686,NF,BANKNIFTY28APR2655000CE,1655.8,1555.55,1704.15,1241.7,1182.6,955650,1539.43,1651.25,120,1656.15,120,658530
2026-04-10T13:41:06.492,NF,BANKNIFTY28APR2655000CE,1656.15,1555.55,1704.15,1241.7,1182.6,955710,1539.43,1651.15,120,1656.0,120,658530
2026-04-10T13:41:14.097,NF,BANKNIFTY28APR2655000CE,1655.65,1555.55,1704.15,1241.7,1182.6,955800,1539.45,1649.2,30,1654.6,60,658530
2026-04-10T13:41:17.705,NF,BANKNIFTY28APR2655000CE,1654.75,1555.55,1704.15,1241.7,1182.6,955830,1539.45,1649.8,60,1654.65,150,658530
2026-04-10T13:41:18.913,NF,BANKNIFTY28APR2655000CE,1654.95,1555.55,1704.15,1241.7,1182.6,955890,1539.46,1650.2,60,1655.0,120,658530
2026-04-10T13:41:25.121,NF,BANKNIFTY28APR2655000CE,1656.0,1555.55,1704.15,1241.7,1182.6,955920,1539.46,1654.35,120,1658.95,30,658560
2026-04-10T13:41:41.341,NF,BANKNIFTY28APR2655000CE,1658.95,1555.55,1704.15,1241.7,1182.6,955950,1539.46,1655.4,60,1660.1,60,658560
2026-04-10T13:41:48.992,NF,BANKNIFTY28APR2655000CE,1657.8,1555.55,1704.15,1241.7,1182.6,956010,1539.47,1652.15,90,1657.45,90,658560
2026-04-10T13:41:50.170,NF,BANKNIFTY28APR2655000CE,1657.2,1555.55,1704.15,1241.7,1182.6,956070,1539.48,1653.2,120,1658.55,90,658560
2026-04-10T13:41:51.363,NF,BANKNIFTY28APR2655000CE,1658.3,1555.55,1704.15,1241.7,1182.6,956100,1539.48,1653.7,30,1658.7,90,658560
2026-04-10T13:41:53.955,NF,BANKNIFTY28APR2655000CE,1655.6,1555.55,1704.15,1241.7,1182.6,956220,1539.5,1649.0,60,1655.05,90,658560
2026-04-10T13:41:55.159,NF,BANKNIFTY28APR2655000CE,1654.7,1555.55,1704.15,1241.7,1182.6,956280,1539.5,1649.1,90,1654.5,120,658560
2026-04-10T13:42:12.596,NF,BANKNIFTY28APR2655000CE,1659.95,1555.55,1704.15,1241.7,1182.6,956340,1539.51,1656.0,120,1660.0,60,658560
2026-04-10T13:42:15.186,NF,BANKNIFTY28APR2655000CE,1660.0,1555.55,1704.15,1241.7,1182.6,956400,1539.52,1656.6,120,1661.0,30,658560
2026-04-10T13:42:16.401,NF,BANKNIFTY28APR2655000CE,1660.0,1555.55,1704.15,1241.7,1182.6,956430,1539.52,1660.0,30,1661.0,30,658560
2026-04-10T13:42:17.594,NF,BANKNIFTY28APR2655000CE,1661.0,1555.55,1704.15,1241.7,1182.6,956460,1539.53,1660.75,30,1662.0,60,658560
2026-04-10T13:42:20.206,NF,BANKNIFTY28APR2655000CE,1662.0,1555.55,1704.15,1241.7,1182.6,956520,1539.53,1662.0,150,1664.0,120,658560
2026-04-10T13:42:22.599,NF,BANKNIFTY28APR2655000CE,1661.85,1555.55,1704.15,1241.7,1182.6,956610,1539.55,1652.4,90,1658.15,60,658560
2026-04-10T13:42:25.199,NF,BANKNIFTY28APR2655000CE,1660.0,1555.55,1704.15,1241.7,1182.6,956640,1539.55,1656.05,90,1662.05,60,658560
2026-04-10T13:42:31.410,NF,BANKNIFTY28APR2655000CE,1660.05,1555.55,1704.15,1241.7,1182.6,956700,1539.56,1654.25,60,1659.25,150,658560
2026-04-10T13:42:43.429,NF,BANKNIFTY28APR2655000CE,1660.05,1555.55,1704.15,1241.7,1182.6,956730,1539.56,1654.45,90,1659.65,150,658560
2026-04-10T13:42:44.428,NF,BANKNIFTY28APR2655000CE,1659.15,1555.55,1704.15,1241.7,1182.6,956760,1539.56,1653.55,90,1659.35,150,658560
2026-04-10T13:43:10.293,NF,BANKNIFTY28APR2655000CE,1654.55,1555.55,1704.15,1241.7,1182.6,956790,1539.57,1655.05,90,1659.95,60,658560
2026-04-10T13:43:14.076,NF,BANKNIFTY28APR2655000CE,1659.85,1555.55,1704.15,1241.7,1182.6,956850,1539.58,1654.85,60,1659.8,210,658560
2026-04-10T13:43:17.881,NF,BANKNIFTY28APR2655000CE,1659.8,1555.55,1704.15,1241.7,1182.6,956940,1539.59,1655.45,90,1660.7,150,658560
2026-04-10T13:43:27.698,NF,BANKNIFTY28APR2655000CE,1660.85,1555.55,1704.15,1241.7,1182.6,957030,1539.6,1656.25,210,1661.05,60,658560
2026-04-10T13:43:29.097,NF,BANKNIFTY28APR2655000CE,1659.8,1555.55,1704.15,1241.7,1182.6,957060,1539.6,1656.55,210,1661.5,90,658560
2026-04-10T13:43:30.299,NF,BANKNIFTY28APR2655000CE,1659.9,1555.55,1704.15,1241.7,1182.6,957090,1539.61,1656.1,120,1661.0,30,658560
2026-04-10T13:43:31.502,NF,BANKNIFTY28APR2655000CE,1656.7,1555.55,1704.15,1241.7,1182.6,957180,1539.62,1656.8,120,1661.55,180,658560
2026-04-10T13:43:32.704,NF,BANKNIFTY28APR2655000CE,1661.75,1555.55,1704.15,1241.7,1182.6,957240,1539.62,1656.75,210,1661.5,150,658560
2026-04-10T13:43:35.111,NF,BANKNIFTY28APR2655000CE,1661.85,1555.55,1704.15,1241.7,1182.6,957300,1539.63,1657.0,270,1661.7,90,658560
2026-04-10T13:43:36.321,NF,BANKNIFTY28APR2655000CE,1661.7,1555.55,1704.15,1241.7,1182.6,957360,1539.64,1655.65,210,1661.35,60,658560
2026-04-10T13:43:43.721,NF,BANKNIFTY28APR2655000CE,1668.0,1555.55,1704.15,1241.7,1182.6,957420,1539.65,1665.35,150,1668.0,60,658560
2026-04-10T13:43:45.120,NF,BANKNIFTY28APR2655000CE,1665.7,1555.55,1704.15,1241.7,1182.6,957540,1539.66,1661.35,120,1666.95,30,658560
2026-04-10T13:43:46.333,NF,BANKNIFTY28APR2655000CE,1666.45,1555.55,1704.15,1241.7,1182.6,957600,1539.67,1662.3,120,1667.25,90,658560
2026-04-10T13:43:47.523,NF,BANKNIFTY28APR2655000CE,1668.0,1555.55,1704.15,1241.7,1182.6,957630,1539.68,1664.0,60,1668.0,30,658560
2026-04-10T13:43:52.529,NF,BANKNIFTY28APR2655000CE,1668.0,1555.55,1704.15,1241.7,1182.6,957690,1539.68,1664.45,150,1669.55,120,658560
2026-04-10T13:43:56.145,NF,BANKNIFTY28APR2655000CE,1668.5,1555.55,1704.15,1241.7,1182.6,957810,1539.7,1661.3,90,1667.0,120,658560
2026-04-10T13:43:57.340,NF,BANKNIFTY28APR2655000CE,1666.35,1555.55,1704.15,1241.7,1182.6,957870,1539.71,1663.0,270,1666.9,150,658560
2026-04-10T13:43:58.540,NF,BANKNIFTY28APR2655000CE,1665.4,1555.55,1704.15,1241.7,1182.6,958200,1539.75,1660.65,120,1663.0,30,658560
2026-04-10T13:43:59.743,NF,BANKNIFTY28APR2655000CE,1663.0,1555.55,1704.15,1241.7,1182.6,958230,1539.75,1663.6,90,1668.2,60,658560
2026-04-10T13:44:02.147,NF,BANKNIFTY28APR2655000CE,1668.2,1555.55,1704.15,1241.7,1182.6,958290,1539.76,1662.6,60,1667.7,240,658560
2026-04-10T13:44:04.549,NF,BANKNIFTY28APR2655000CE,1667.95,1555.55,1704.15,1241.7,1182.6,958350,1539.77,1663.05,60,1668.25,150,658560
2026-04-10T13:44:05.765,NF,BANKNIFTY28APR2655000CE,1667.7,1555.55,1704.15,1241.7,1182.6,958380,1539.77,1662.15,60,1667.4,30,658560
2026-04-10T13:44:06.956,NF,BANKNIFTY28APR2655000CE,1667.0,1555.55,1704.15,1241.7,1182.6,958470,1539.79,1662.15,180,1668.5,30,658560
2026-04-10T13:44:09.355,NF,BANKNIFTY28APR2655000CE,1668.95,1555.55,1704.15,1241.7,1182.6,958530,1539.79,1663.3,60,1668.9,330,658560
2026-04-10T13:44:12.984,NF,BANKNIFTY28APR2655000CE,1669.0,1555.55,1704.15,1241.7,1182.6,958590,1539.8,1664.9,90,1669.8,60,658560
2026-04-10T13:44:14.178,NF,BANKNIFTY28APR2655000CE,1664.75,1555.55,1704.15,1241.7,1182.6,958650,1539.81,1664.55,60,1669.0,60,658560
2026-04-10T13:44:18.965,NF,BANKNIFTY28APR2655000CE,1670.0,1555.55,1704.15,1241.7,1182.6,960000,1539.99,1664.05,90,1669.3,120,658560
2026-04-10T13:44:21.376,NF,BANKNIFTY28APR2655000CE,1669.8,1555.55,1704.15,1241.7,1182.6,960090,1540.01,1664.45,90,1669.75,90,658560
2026-04-10T13:44:29.383,NF,BANKNIFTY28APR2655000CE,1668.65,1555.55,1704.15,1241.7,1182.6,960120,1540.01,1663.7,90,1669.1,150,659370
2026-04-10T13:44:36.590,NF,BANKNIFTY28APR2655000CE,1669.8,1555.55,1704.15,1241.7,1182.6,960180,1540.02,1664.9,90,1670.0,150,659370
2026-04-10T13:44:38.998,NF,BANKNIFTY28APR2655000CE,1669.8,1555.55,1704.15,1241.7,1182.6,960210,1540.02,1665.15,90,1670.0,120,659370
2026-04-10T13:44:41.398,NF,BANKNIFTY28APR2655000CE,1670.0,1555.55,1704.15,1241.7,1182.6,960270,1540.03,1665.45,90,1670.45,60,659370
2026-04-10T13:44:45.003,NF,BANKNIFTY28APR2655000CE,1666.1,1555.55,1704.15,1241.7,1182.6,960300,1540.03,1666.2,60,1670.4,150,659370
2026-04-10T13:44:47.406,NF,BANKNIFTY28APR2655000CE,1670.45,1555.55,1704.15,1241.7,1182.6,960360,1540.04,1665.6,150,1670.65,120,659370
2026-04-10T13:45:00.822,NF,BANKNIFTY28APR2655000CE,1663.95,1555.55,1704.15,1241.7,1182.6,960420,1540.05,1663.4,60,1668.25,60,659370
2026-04-10T13:45:11.834,NF,BANKNIFTY28APR2655000CE,1663.95,1555.55,1704.15,1241.7,1182.6,960450,1540.05,1661.95,90,1667.1,30,659370
2026-04-10T13:45:21.647,NF,BANKNIFTY28APR2655000CE,1663.95,1555.55,1704.15,1241.7,1182.6,960480,1540.06,1663.25,90,1667.1,30,659370
2026-04-10T13:45:26.458,NF,BANKNIFTY28APR2655000CE,1663.95,1555.55,1704.15,1241.7,1182.6,960690,1540.08,1663.8,90,1667.9,30,659370
2026-04-10T13:45:27.659,NF,BANKNIFTY28APR2655000CE,1667.9,1555.55,1704.15,1241.7,1182.6,960750,1540.09,1663.8,120,1669.15,90,659370
2026-04-10T13:45:31.473,NF,BANKNIFTY28APR2655000CE,1668.8,1555.55,1704.15,1241.7,1182.6,960780,1540.1,1663.9,60,1669.4,90,659370
2026-04-10T13:45:36.275,NF,BANKNIFTY28APR2655000CE,1665.5,1555.55,1704.15,1241.7,1182.6,960810,1540.1,1664.9,60,1670.2,30,659370
2026-04-10T13:45:44.878,NF,BANKNIFTY28APR2655000CE,1670.8,1555.55,1704.15,1241.7,1182.6,960870,1540.11,1665.5,30,1670.6,60,659370
2026-04-10T13:45:54.694,NF,BANKNIFTY28APR2655000CE,1670.15,1555.55,1704.15,1241.7,1182.6,960930,1540.12,1665.5,30,1670.3,30,659370
2026-04-10T13:45:55.895,NF,BANKNIFTY28APR2655000CE,1670.25,1555.55,1704.15,1241.7,1182.6,960990,1540.12,1665.5,30,1670.2,120,659370
2026-04-10T13:45:57.101,NF,BANKNIFTY28APR2655000CE,1670.25,1555.55,1704.15,1241.7,1182.6,961050,1540.13,1665.5,30,1670.1,120,659370
2026-04-10T13:45:58.301,NF,BANKNIFTY28APR2655000CE,1669.35,1555.55,1704.15,1241.7,1182.6,961170,1540.15,1665.5,30,1669.75,60,659370
2026-04-10T13:45:59.509,NF,BANKNIFTY28APR2655000CE,1669.75,1555.55,1704.15,1241.7,1182.6,961230,1540.16,1665.5,30,1669.7,360,659370
2026-04-10T13:46:00.902,NF,BANKNIFTY28APR2655000CE,1670.35,1555.55,1704.15,1241.7,1182.6,961290,1540.16,1667.6,60,1670.8,30,659370
2026-04-10T13:46:02.108,NF,BANKNIFTY28APR2655000CE,1680.0,1555.55,1704.15,1241.7,1182.6,961980,1540.26,1677.95,120,1680.0,30,659370
2026-04-10T13:46:04.515,NF,BANKNIFTY28APR2655000CE,1680.0,1555.55,1704.15,1241.7,1182.6,962010,1540.27,1677.0,30,1681.0,90,659370
2026-04-10T13:46:08.316,NF,BANKNIFTY28APR2655000CE,1681.05,1555.55,1704.15,1241.7,1182.6,962130,1540.28,1681.0,30,1682.95,30,659370
2026-04-10T13:46:10.919,NF,BANKNIFTY28APR2655000CE,1679.55,1555.55,1704.15,1241.7,1182.6,962160,1540.29,1679.4,90,1682.95,30,659370
2026-04-10T13:46:18.331,NF,BANKNIFTY28APR2655000CE,1673.55,1555.55,1704.15,1241.7,1182.6,962790,1540.38,1666.85,60,1672.65,90,659370
2026-04-10T13:46:20.740,NF,BANKNIFTY28APR2655000CE,1673.15,1555.55,1704.15,1241.7,1182.6,962820,1540.38,1667.85,210,1673.05,60,659370
2026-04-10T13:46:26.959,NF,BANKNIFTY28APR2655000CE,1673.0,1555.55,1704.15,1241.7,1182.6,962850,1540.39,1670.25,210,1676.4,90,659370
2026-04-10T13:46:53.982,NF,BANKNIFTY28APR2655000CE,1675.0,1555.55,1704.15,1241.7,1182.6,963090,1540.42,1675.0,510,1677.95,90,659370
2026-04-10T13:46:56.397,NF,BANKNIFTY28APR2655000CE,1675.0,1555.55,1704.15,1241.7,1182.6,963600,1540.49,1673.0,30,1677.0,120,659370
2026-04-10T13:46:58.793,NF,BANKNIFTY28APR2655000CE,1677.0,1555.55,1704.15,1241.7,1182.6,963630,1540.49,1673.05,90,1678.15,120,659370
2026-04-10T13:47:05.002,NF,BANKNIFTY28APR2655000CE,1680.0,1555.55,1704.15,1241.7,1182.6,963690,1540.5,1675.25,60,1680.0,600,659370
2026-04-10T13:47:06.399,NF,BANKNIFTY28APR2655000CE,1673.4,1555.55,1704.15,1241.7,1182.6,963720,1540.51,1673.25,90,1678.45,60,659370
2026-04-10T13:47:07.603,NF,BANKNIFTY28APR2655000CE,1673.25,1555.55,1704.15,1241.7,1182.6,963750,1540.51,1673.0,30,1677.95,60,659370
2026-04-10T13:47:12.609,NF,BANKNIFTY28APR2655000CE,1673.55,1555.55,1704.15,1241.7,1182.6,963780,1540.52,1673.0,30,1676.8,90,659370
2026-04-10T13:47:15.015,NF,BANKNIFTY28APR2655000CE,1673.25,1555.55,1704.15,1241.7,1182.6,963840,1540.52,1670.0,1710,1673.35,60,659370
2026-04-10T13:47:16.414,NF,BANKNIFTY28APR2655000CE,1673.7,1555.55,1704.15,1241.7,1182.6,963900,1540.53,1670.0,1650,1673.15,210,659370
2026-04-10T13:47:22.426,NF,BANKNIFTY28APR2655000CE,1670.0,1555.55,1704.15,1241.7,1182.6,965460,1540.74,1666.2,90,1670.85,30,659370
2026-04-10T13:47:26.232,NF,BANKNIFTY28APR2655000CE,1668.0,1555.55,1704.15,1241.7,1182.6,965490,1540.74,1666.95,90,1672.2,120,656190
2026-04-10T13:47:29.835,NF,BANKNIFTY28APR2655000CE,1670.25,1555.55,1704.15,1241.7,1182.6,965550,1540.75,1663.95,60,1668.25,180,656190
2026-04-10T13:47:31.038,NF,BANKNIFTY28APR2655000CE,1667.9,1555.55,1704.15,1241.7,1182.6,965580,1540.76,1663.95,60,1668.45,120,656190
2026-04-10T13:47:38.456,NF,BANKNIFTY28APR2655000CE,1662.75,1555.55,1704.15,1241.7,1182.6,965940,1540.8,1661.4,90,1667.65,60,656190
2026-04-10T13:47:39.651,NF,BANKNIFTY28APR2655000CE,1665.9,1555.55,1704.15,1241.7,1182.6,965970,1540.81,1661.55,60,1666.0,60,656190
2026-04-10T13:47:41.060,NF,BANKNIFTY28APR2655000CE,1664.0,1555.55,1704.15,1241.7,1182.6,966030,1540.81,1662.2,120,1668.15,60,656190
2026-04-10T13:47:43.453,NF,BANKNIFTY28APR2655000CE,1667.65,1555.55,1704.15,1241.7,1182.6,966180,1540.83,1661.85,120,1667.35,90,656190
2026-04-10T13:47:48.260,NF,BANKNIFTY28APR2655000CE,1666.15,1555.55,1704.15,1241.7,1182.6,966330,1540.85,1655.75,150,1661.6,90,656190
2026-04-10T13:47:51.683,NF,BANKNIFTY28APR2655000CE,1659.55,1555.55,1704.15,1241.7,1182.6,966480,1540.87,1655.15,60,1658.95,120,656190
2026-04-10T13:47:54.272,NF,BANKNIFTY28APR2655000CE,1654.5,1555.55,1704.15,1241.7,1182.6,966960,1540.93,1650.0,60,1654.85,90,656190
2026-04-10T13:47:55.474,NF,BANKNIFTY28APR2655000CE,1654.95,1555.55,1704.15,1241.7,1182.6,967110,1540.95,1650.0,60,1654.5,180,656190
2026-04-10T13:47:56.674,NF,BANKNIFTY28APR2655000CE,1650.0,1555.55,1704.15,1241.7,1182.6,967170,1540.95,1645.85,60,1651.4,30,656190
2026-04-10T13:47:58.073,NF,BANKNIFTY28APR2655000CE,1649.6,1555.55,1704.15,1241.7,1182.6,967320,1540.97,1645.0,90,1648.8,60,656190
2026-04-10T13:47:59.275,NF,BANKNIFTY28APR2655000CE,1644.95,1555.55,1704.15,1241.7,1182.6,967500,1540.99,1641.35,60,1647.6,60,656190
2026-04-10T13:48:00.477,NF,BANKNIFTY28APR2655000CE,1640.0,1555.55,1704.15,1241.7,1182.6,967620,1541.0,1639.7,90,1645.35,60,656190
2026-04-10T13:48:02.887,NF,BANKNIFTY28APR2655000CE,1642.0,1555.55,1704.15,1241.7,1182.6,967800,1541.02,1635.55,60,1641.45,120,656190
2026-04-10T13:48:04.282,NF,BANKNIFTY28APR2655000CE,1632.9,1555.55,1704.15,1241.7,1182.6,967860,1541.03,1632.95,90,1638.35,120,656190
2026-04-10T13:48:05.489,NF,BANKNIFTY28APR2655000CE,1638.35,1555.55,1704.15,1241.7,1182.6,967890,1541.03,1632.9,60,1639.0,60,656190
2026-04-10T13:48:06.694,NF,BANKNIFTY28APR2655000CE,1638.1,1555.55,1704.15,1241.7,1182.6,968040,1541.04,1632.85,90,1638.5,60,656190
2026-04-10T13:48:07.896,NF,BANKNIFTY28APR2655000CE,1631.9,1555.55,1704.15,1241.7,1182.6,968100,1541.05,1632.55,60,1638.4,60,656190
2026-04-10T13:48:11.700,NF,BANKNIFTY28APR2655000CE,1637.15,1555.55,1704.15,1241.7,1182.6,968130,1541.05,1637.1,60,1642.55,90,656190
2026-04-10T13:48:12.900,NF,BANKNIFTY28APR2655000CE,1643.95,1555.55,1704.15,1241.7,1182.6,968280,1541.07,1634.6,60,1640.35,60,656190
2026-04-10T13:48:14.119,NF,BANKNIFTY28APR2655000CE,1632.6,1555.55,1704.15,1241.7,1182.6,968310,1541.07,1630.0,60,1634.1,60,656190
2026-04-10T13:48:15.510,NF,BANKNIFTY28APR2655000CE,1634.25,1555.55,1704.15,1241.7,1182.6,968340,1541.07,1630.0,60,1633.8,60,656190
2026-04-10T13:48:16.703,NF,BANKNIFTY28APR2655000CE,1635.05,1555.55,1704.15,1241.7,1182.6,968370,1541.08,1631.05,210,1636.55,90,656190
2026-04-10T13:48:20.514,NF,BANKNIFTY28APR2655000CE,1630.0,1555.55,1704.15,1241.7,1182.6,968400,1541.08,1630.0,30,1634.75,90,656190
2026-04-10T13:48:22.917,NF,BANKNIFTY28APR2655000CE,1635.9,1555.55,1704.15,1241.7,1182.6,968430,1541.08,1630.0,30,1634.8,60,656190
2026-04-10T13:48:26.718,NF,BANKNIFTY28APR2655000CE,1630.0,1555.55,1704.15,1241.7,1182.6,968460,1541.08,1625.6,60,1631.9,120,656190
2026-04-10T13:48:30.325,NF,BANKNIFTY28APR2655000CE,1631.7,1555.55,1704.15,1241.7,1182.6,968550,1541.09,1625.5,60,1631.7,90,656190
2026-04-10T13:48:31.527,NF,BANKNIFTY28APR2655000CE,1630.0,1555.55,1704.15,1241.7,1182.6,968760,1541.11,1625.05,30,1631.35,30,656190
2026-04-10T13:48:35.135,NF,BANKNIFTY28APR2655000CE,1620.0,1555.55,1704.15,1241.7,1182.6,968850,1541.12,1616.9,30,1623.15,120,656190
2026-04-10T13:48:38.946,NF,BANKNIFTY28APR2655000CE,1618.2,1555.55,1704.15,1241.7,1182.6,969030,1541.13,1615.0,180,1618.65,300,656190
2026-04-10T13:48:40.141,NF,BANKNIFTY28APR2655000CE,1615.1,1555.55,1704.15,1241.7,1182.6,969060,1541.14,1615.05,60,1618.9,60,656190
2026-04-10T13:48:41.347,NF,BANKNIFTY28APR2655000CE,1618.25,1555.55,1704.15,1241.7,1182.6,969090,1541.14,1616.5,60,1621.0,120,656190
2026-04-10T13:48:42.578,NF,BANKNIFTY28APR2655000CE,1621.65,1555.55,1704.15,1241.7,1182.6,969120,1541.14,1622.15,60,1626.25,60,656190
2026-04-10T13:48:43.955,NF,BANKNIFTY28APR2655000CE,1623.0,1555.55,1704.15,1241.7,1182.6,969210,1541.15,1620.35,120,1626.0,90,656190
2026-04-10T13:48:58.770,NF,BANKNIFTY28APR2655000CE,1628.5,1555.55,1704.15,1241.7,1182.6,969240,1541.15,1627.15,90,1632.75,30,656190
2026-04-10T13:49:01.178,NF,BANKNIFTY28APR2655000CE,1636.2,1555.55,1704.15,1241.7,1182.6,969450,1541.17,1633.8,60,1639.0,90,656190
2026-04-10T13:49:09.989,NF,BANKNIFTY28APR2655000CE,1626.7,1555.55,1704.15,1241.7,1182.6,969480,1541.17,1627.85,180,1633.05,60,656190
2026-04-10T13:49:13.600,NF,BANKNIFTY28APR2655000CE,1628.4,1555.55,1704.15,1241.7,1182.6,969510,1541.18,1627.4,90,1632.7,90,656190
2026-04-10T13:49:16.197,NF,BANKNIFTY28APR2655000CE,1632.85,1555.55,1704.15,1241.7,1182.6,969540,1541.18,1629.05,60,1634.85,60,656190
2026-04-10T13:49:17.406,NF,BANKNIFTY28APR2655000CE,1634.35,1555.55,1704.15,1241.7,1182.6,969570,1541.18,1628.35,30,1633.7,90,656190
2026-04-10T13:49:32.425,NF,BANKNIFTY28APR2655000CE,1633.6,1555.55,1704.15,1241.7,1182.6,969630,1541.19,1628.5,90,1633.7,180,656190
2026-04-10T13:49:34.830,NF,BANKNIFTY28APR2655000CE,1634.35,1555.55,1704.15,1241.7,1182.6,969660,1541.19,1631.45,180,1636.3,210,656190
2026-04-10T13:49:36.031,NF,BANKNIFTY28APR2655000CE,1635.15,1555.55,1704.15,1241.7,1182.6,969690,1541.19,1628.6,90,1634.2,90,656190
2026-04-10T13:49:46.050,NF,BANKNIFTY28APR2655000CE,1629.65,1555.55,1704.15,1241.7,1182.6,969720,1541.2,1628.8,90,1634.6,60,656190
2026-04-10T13:49:47.255,NF,BANKNIFTY28APR2655000CE,1634.55,1555.55,1704.15,1241.7,1182.6,969750,1541.2,1628.8,90,1634.15,120,656190
2026-04-10T13:49:48.452,NF,BANKNIFTY28APR2655000CE,1634.4,1555.55,1704.15,1241.7,1182.6,969780,1541.2,1629.0,90,1634.45,90,656190
2026-04-10T13:49:54.660,NF,BANKNIFTY28APR2655000CE,1633.2,1555.55,1704.15,1241.7,1182.6,969810,1541.21,1632.8,60,1637.7,60,656190
2026-04-10T13:49:56.060,NF,BANKNIFTY28APR2655000CE,1635.0,1555.55,1704.15,1241.7,1182.6,969870,1541.21,1632.95,60,1639.8,120,656190
2026-04-10T13:50:06.075,NF,BANKNIFTY28APR2655000CE,1634.0,1555.55,1704.15,1241.7,1182.6,969960,1541.22,1629.4,90,1634.5,30,656190
2026-04-10T13:50:07.281,NF,BANKNIFTY28APR2655000CE,1630.85,1555.55,1704.15,1241.7,1182.6,970110,1541.23,1629.05,90,1634.4,90,656190
2026-04-10T13:50:08.482,NF,BANKNIFTY28APR2655000CE,1627.0,1555.55,1704.15,1241.7,1182.6,970140,1541.24,1623.0,90,1626.05,60,656190
2026-04-10T13:50:09.685,NF,BANKNIFTY28APR2655000CE,1623.0,1555.55,1704.15,1241.7,1182.6,970380,1541.26,1619.65,60,1624.65,150,656190
2026-04-10T13:50:12.292,NF,BANKNIFTY28APR2655000CE,1620.4,1555.55,1704.15,1241.7,1182.6,970410,1541.26,1619.35,60,1624.25,30,656190
2026-04-10T13:50:16.093,NF,BANKNIFTY28APR2655000CE,1623.85,1555.55,1704.15,1241.7,1182.6,970440,1541.26,1618.75,90,1623.4,30,656190
2026-04-10T13:50:17.296,NF,BANKNIFTY28APR2655000CE,1620.4,1555.55,1704.15,1241.7,1182.6,970470,1541.26,1620.4,60,1626.6,60,656190
2026-04-10T13:50:19.703,NF,BANKNIFTY28APR2655000CE,1627.1,1555.55,1704.15,1241.7,1182.6,970650,1541.28,1628.35,120,1633.9,90,656190
2026-04-10T13:50:27.313,NF,BANKNIFTY28APR2655000CE,1630.3,1555.55,1704.15,1241.7,1182.6,970740,1541.29,1630.2,90,1635.25,60,656310
2026-04-10T13:50:37.130,NF,BANKNIFTY28APR2655000CE,1631.6,1555.55,1704.15,1241.7,1182.6,970770,1541.29,1626.9,90,1631.9,90,656310
2026-04-10T13:50:45.943,NF,BANKNIFTY28APR2655000CE,1631.6,1555.55,1704.15,1241.7,1182.6,970800,1541.29,1631.6,30,1636.2,60,656310
2026-04-10T13:50:49.754,NF,BANKNIFTY28APR2655000CE,1638.75,1555.55,1704.15,1241.7,1182.6,970830,1541.3,1633.2,30,1638.1,90,656310
2026-04-10T13:50:58.360,NF,BANKNIFTY28APR2655000CE,1633.6,1555.55,1704.15,1241.7,1182.6,970860,1541.3,1632.5,60,1638.05,90,656310
2026-04-10T13:51:05.773,NF,BANKNIFTY28APR2655000CE,1639.3,1555.55,1704.15,1241.7,1182.6,970890,1541.3,1634.2,30,1639.4,210,656310
2026-04-10T13:51:19.595,NF,BANKNIFTY28APR2655000CE,1639.95,1555.55,1704.15,1241.7,1182.6,970920,1541.31,1633.05,90,1638.9,60,656310
2026-04-10T13:51:23.407,NF,BANKNIFTY28APR2655000CE,1639.9,1555.55,1704.15,1241.7,1182.6,970950,1541.31,1634.05,180,1639.35,90,656310
2026-04-10T13:51:24.602,NF,BANKNIFTY28APR2655000CE,1640.45,1555.55,1704.15,1241.7,1182.6,970980,1541.31,1634.75,180,1640.1,90,656310
2026-04-10T13:51:39.630,NF,BANKNIFTY28APR2655000CE,1640.45,1555.55,1704.15,1241.7,1182.6,971040,1541.32,1645.35,90,1651.6,60,656310
2026-04-10T13:51:42.033,NF,BANKNIFTY28APR2655000CE,1649.4,1555.55,1704.15,1241.7,1182.6,971070,1541.32,1649.45,30,1653.8,90,656310
2026-04-10T13:51:43.233,NF,BANKNIFTY28APR2655000CE,1645.7,1555.55,1704.15,1241.7,1182.6,971190,1541.33,1644.6,60,1650.6,90,656310
2026-04-10T13:51:44.631,NF,BANKNIFTY28APR2655000CE,1650.05,1555.55,1704.15,1241.7,1182.6,971220,1541.34,1644.7,90,1649.45,60,656310
2026-04-10T13:51:51.845,NF,BANKNIFTY28APR2655000CE,1650.0,1555.55,1704.15,1241.7,1182.6,971250,1541.34,1649.5,60,1655.4,120,656310
2026-04-10T13:51:56.871,NF,BANKNIFTY28APR2655000CE,1650.05,1555.55,1704.15,1241.7,1182.6,971340,1541.35,1648.4,150,1653.5,180,656310
2026-04-10T13:52:04.465,NF,BANKNIFTY28APR2655000CE,1655.95,1555.55,1704.15,1241.7,1182.6,971370,1541.36,1655.05,90,1658.0,30,656310
2026-04-10T13:52:05.670,NF,BANKNIFTY28APR2655000CE,1659.9,1555.55,1704.15,1241.7,1182.6,971460,1541.37,1655.45,30,1660.55,60,656310
2026-04-10T13:52:06.878,NF,BANKNIFTY28APR2655000CE,1660.45,1555.55,1704.15,1241.7,1182.6,971580,1541.38,1658.7,90,1663.95,180,656310
2026-04-10T13:52:09.476,NF,BANKNIFTY28APR2655000CE,1663.8,1555.55,1704.15,1241.7,1182.6,971670,1541.39,1663.75,30,1668.9,210,656310
2026-04-10T13:52:13.086,NF,BANKNIFTY28APR2655000CE,1663.85,1555.55,1704.15,1241.7,1182.6,971760,1541.4,1663.5,30,1668.55,60,656310
2026-04-10T13:52:14.481,NF,BANKNIFTY28APR2655000CE,1661.0,1555.55,1704.15,1241.7,1182.6,971820,1541.41,1661.4,240,1666.25,30,656310
2026-04-10T13:52:16.889,NF,BANKNIFTY28APR2655000CE,1667.9,1555.55,1704.15,1241.7,1182.6,971880,1541.42,1663.4,150,1667.9,30,656310
2026-04-10T13:52:18.097,NF,BANKNIFTY28APR2655000CE,1664.15,1555.55,1704.15,1241.7,1182.6,971940,1541.43,1664.5,60,1669.95,60,656310
2026-04-10T13:52:19.489,NF,BANKNIFTY28APR2655000CE,1667.9,1555.55,1704.15,1241.7,1182.6,971970,1541.43,1663.25,60,1668.65,30,656310
2026-04-10T13:52:26.910,NF,BANKNIFTY28APR2655000CE,1657.85,1555.55,1704.15,1241.7,1182.6,972420,1541.48,1650.0,210,1656.55,30,656310
2026-04-10T13:52:33.118,NF,BANKNIFTY28APR2655000CE,1655.15,1555.55,1704.15,1241.7,1182.6,972510,1541.49,1653.95,30,1660.5,60,656310
2026-04-10T13:52:50.742,NF,BANKNIFTY28APR2655000CE,1657.85,1555.55,1704.15,1241.7,1182.6,972540,1541.5,1656.4,90,1657.85,30,656310
2026-04-10T13:52:51.949,NF,BANKNIFTY28APR2655000CE,1658.0,1555.55,1704.15,1241.7,1182.6,972600,1541.51,1656.45,60,1662.35,60,656310
2026-04-10T13:53:20.594,NF,BANKNIFTY28APR2655000CE,1659.5,1555.55,1704.15,1241.7,1182.6,972990,1541.55,1659.9,90,1665.75,90,656310
2026-04-10T13:53:21.987,NF,BANKNIFTY28APR2655000CE,1660.2,1555.55,1704.15,1241.7,1182.6,973050,1541.56,1659.5,30,1664.8,90,656310
2026-04-10T13:53:36.814,NF,BANKNIFTY28APR2655000CE,1662.2,1555.55,1704.15,1241.7,1182.6,973080,1541.56,1661.65,90,1665.0,60,656040
2026-04-10T13:53:58.046,NF,BANKNIFTY28APR2655000CE,1660.0,1555.55,1704.15,1241.7,1182.6,973230,1541.58,1655.2,30,1660.45,60,656040
2026-04-10T13:54:01.849,NF,BANKNIFTY28APR2655000CE,1657.5,1555.55,1704.15,1241.7,1182.6,973380,1541.6,1653.0,30,1657.15,30,656040
2026-04-10T13:54:04.254,NF,BANKNIFTY28APR2655000CE,1656.55,1555.55,1704.15,1241.7,1182.6,973470,1541.61,1653.0,30,1656.15,60,656040
2026-04-10T13:54:05.475,NF,BANKNIFTY28APR2655000CE,1657.3,1555.55,1704.15,1241.7,1182.6,973620,1541.63,1653.0,30,1657.0,60,656040
2026-04-10T13:54:08.059,NF,BANKNIFTY28APR2655000CE,1653.0,1555.55,1704.15,1241.7,1182.6,973650,1541.63,1650.1,90,1655.0,120,656040
2026-04-10T13:54:17.877,NF,BANKNIFTY28APR2655000CE,1658.7,1555.55,1704.15,1241.7,1182.6,973800,1541.65,1650.35,90,1655.5,60,656040
2026-04-10T13:54:21.683,NF,BANKNIFTY28APR2655000CE,1656.1,1555.55,1704.15,1241.7,1182.6,973830,1541.65,1650.55,90,1656.05,690,656040
2026-04-10T13:54:25.485,NF,BANKNIFTY28APR2655000CE,1655.1,1555.55,1704.15,1241.7,1182.6,973920,1541.66,1649.55,90,1655.05,120,656040
2026-04-10T13:54:29.094,NF,BANKNIFTY28APR2655000CE,1654.35,1555.55,1704.15,1241.7,1182.6,973950,1541.67,1650.0,90,1655.2,60,656040
2026-04-10T13:54:35.304,NF,BANKNIFTY28APR2655000CE,1654.0,1555.55,1704.15,1241.7,1182.6,974190,1541.7,1654.05,60,1658.9,120,656040
2026-04-10T13:54:52.326,NF,BANKNIFTY28APR2655000CE,1654.0,1555.55,1704.15,1241.7,1182.6,974490,1541.73,1647.85,60,1654.15,90,656040
2026-04-10T13:54:54.926,NF,BANKNIFTY28APR2655000CE,1654.0,1555.55,1704.15,1241.7,1182.6,974640,1541.75,1648.0,90,1653.6,90,656040
2026-04-10T13:55:02.340,NF,BANKNIFTY28APR2655000CE,1651.85,1555.55,1704.15,1241.7,1182.6,974790,1541.76,1645.35,30,1649.85,150,656040
2026-04-10T13:55:19.771,NF,BANKNIFTY28APR2655000CE,1652.75,1555.55,1704.15,1241.7,1182.6,974820,1541.77,1652.75,60,1656.95,30,656040
2026-04-10T13:55:30.990,NF,BANKNIFTY28APR2655000CE,1651.85,1555.55,1704.15,1241.7,1182.6,974850,1541.77,1646.05,90,1651.35,60,656040
2026-04-10T13:55:37.203,NF,BANKNIFTY28APR2655000CE,1647.0,1555.55,1704.15,1241.7,1182.6,974880,1541.77,1646.65,90,1651.0,30,656040
2026-04-10T13:55:39.605,NF,BANKNIFTY28APR2655000CE,1651.0,1555.55,1704.15,1241.7,1182.6,974910,1541.78,1646.6,90,1651.85,90,656040
2026-04-10T13:55:43.418,NF,BANKNIFTY28APR2655000CE,1651.85,1555.55,1704.15,1241.7,1182.6,974940,1541.78,1649.6,90,1652.0,240,656040
2026-04-10T13:55:48.415,NF,BANKNIFTY28APR2655000CE,1652.0,1555.55,1704.15,1241.7,1182.6,974970,1541.79,1648.25,90,1652.0,210,656040
2026-04-10T13:55:57.045,NF,BANKNIFTY28APR2655000CE,1652.0,1555.55,1704.15,1241.7,1182.6,975000,1541.79,1647.7,30,1652.0,180,656040
2026-04-10T13:55:58.235,NF,BANKNIFTY28APR2655000CE,1652.0,1555.55,1704.15,1241.7,1182.6,975030,1541.79,1647.75,60,1652.0,270,656040
2026-04-10T13:56:13.255,NF,BANKNIFTY28APR2655000CE,1652.0,1555.55,1704.15,1241.7,1182.6,975060,1541.8,1647.7,30,1652.0,300,656040
2026-04-10T13:56:18.266,NF,BANKNIFTY28APR2655000CE,1647.85,1555.55,1704.15,1241.7,1182.6,975120,1541.8,1647.35,60,1651.95,120,656040
2026-04-10T13:56:22.069,NF,BANKNIFTY28APR2655000CE,1650.0,1555.55,1704.15,1241.7,1182.6,975180,1541.81,1649.6,150,1652.0,270,656040
2026-04-10T13:56:25.695,NF,BANKNIFTY28APR2655000CE,1652.0,1555.55,1704.15,1241.7,1182.6,975300,1541.82,1650.05,90,1652.0,150,656160
2026-04-10T13:56:32.084,NF,BANKNIFTY28APR2655000CE,1652.0,1555.55,1704.15,1241.7,1182.6,975450,1541.84,1654.95,60,1660.1,180,656160
2026-04-10T13:57:05.731,NF,BANKNIFTY28APR2655000CE,1661.0,1555.55,1704.15,1241.7,1182.6,975480,1541.84,1658.8,60,1665.6,30,656160
2026-04-10T13:57:13.144,NF,BANKNIFTY28APR2655000CE,1654.35,1555.55,1704.15,1241.7,1182.6,975510,1541.85,1654.65,60,1660.0,90,656160
2026-04-10T13:57:20.754,NF,BANKNIFTY28APR2655000CE,1651.6,1555.55,1704.15,1241.7,1182.6,975540,1541.85,1651.6,60,1657.05,150,656160
2026-04-10T13:57:38.185,NF,BANKNIFTY28APR2655000CE,1664.3,1555.55,1704.15,1241.7,1182.6,975570,1541.85,1657.55,90,1663.35,90,656160
2026-04-10T13:57:50.601,NF,BANKNIFTY28APR2655000CE,1658.55,1555.55,1704.15,1241.7,1182.6,975600,1541.86,1659.0,90,1664.8,60,656160
2026-04-10T13:57:58.011,NF,BANKNIFTY28APR2655000CE,1666.95,1555.55,1704.15,1241.7,1182.6,975750,1541.88,1661.35,60,1667.2,60,656160
2026-04-10T13:58:03.017,NF,BANKNIFTY28APR2655000CE,1668.0,1555.55,1704.15,1241.7,1182.6,975930,1541.9,1666.25,60,1668.0,60,656160
2026-04-10T13:58:05.423,NF,BANKNIFTY28APR2655000CE,1668.0,1555.55,1704.15,1241.7,1182.6,975990,1541.91,1666.8,120,1669.9,30,656160
2026-04-10T13:58:06.821,NF,BANKNIFTY28APR2655000CE,1669.9,1555.55,1704.15,1241.7,1182.6,976050,1541.91,1662.95,90,1668.5,60,656160
2026-04-10T13:58:11.829,NF,BANKNIFTY28APR2655000CE,1670.0,1555.55,1704.15,1241.7,1182.6,976080,1541.92,1667.45,90,1670.0,60,656160
2026-04-10T13:58:13.045,NF,BANKNIFTY28APR2655000CE,1667.75,1555.55,1704.15,1241.7,1182.6,976200,1541.93,1667.7,180,1672.0,60,656160
2026-04-10T13:58:15.451,NF,BANKNIFTY28APR2655000CE,1669.7,1555.55,1704.15,1241.7,1182.6,976290,1541.95,1669.35,60,1672.0,60,656160
2026-04-10T13:58:18.044,NF,BANKNIFTY28APR2655000CE,1669.35,1555.55,1704.15,1241.7,1182.6,976320,1541.95,1669.35,150,1672.0,60,656160
2026-04-10T13:58:19.246,NF,BANKNIFTY28APR2655000CE,1669.15,1555.55,1704.15,1241.7,1182.6,976380,1541.96,1667.25,120,1672.0,60,656160
2026-04-10T13:58:20.444,NF,BANKNIFTY28APR2655000CE,1672.0,1555.55,1704.15,1241.7,1182.6,976410,1541.96,1669.4,90,1672.0,30,656160
2026-04-10T13:58:25.451,NF,BANKNIFTY28APR2655000CE,1672.0,1555.55,1704.15,1241.7,1182.6,976440,1541.97,1669.3,30,1673.0,30,656160
2026-04-10T13:58:28.054,NF,BANKNIFTY28APR2655000CE,1668.75,1555.55,1704.15,1241.7,1182.6,976680,1542.0,1668.45,60,1673.5,60,656160
2026-04-10T13:58:30.459,NF,BANKNIFTY28APR2655000CE,1669.7,1555.55,1704.15,1241.7,1182.6,977160,1542.06,1665.05,120,1670.0,30,656160
2026-04-10T13:58:33.066,NF,BANKNIFTY28APR2655000CE,1670.0,1555.55,1704.15,1241.7,1182.6,977190,1542.06,1667.65,90,1673.2,90,656160
2026-04-10T13:58:45.477,NF,BANKNIFTY28APR2655000CE,1672.0,1555.55,1704.15,1241.7,1182.6,977280,1542.08,1671.4,90,1675.0,150,656160
2026-04-10T13:58:46.680,NF,BANKNIFTY28APR2655000CE,1671.2,1555.55,1704.15,1241.7,1182.6,977490,1542.1,1671.0,60,1675.0,150,656160
2026-04-10T13:58:47.884,NF,BANKNIFTY28APR2655000CE,1670.2,1555.55,1704.15,1241.7,1182.6,978300,1542.21,1671.15,120,1675.0,150,656160
2026-04-10T13:58:49.283,NF,BANKNIFTY28APR2655000CE,1675.0,1555.55,1704.15,1241.7,1182.6,978450,1542.23,1674.65,60,1678.0,60,656160
2026-04-10T13:58:50.484,NF,BANKNIFTY28APR2655000CE,1681.0,1555.55,1704.15,1241.7,1182.6,979170,1542.33,1678.6,60,1682.95,30,656160
2026-04-10T13:58:51.894,NF,BANKNIFTY28APR2655000CE,1683.95,1555.55,1704.15,1241.7,1182.6,979290,1542.35,1679.55,30,1684.0,30,656160
2026-04-10T13:58:55.504,NF,BANKNIFTY28APR2655000CE,1683.0,1555.55,1704.15,1241.7,1182.6,979350,1542.36,1678.4,240,1683.0,60,656160
2026-04-10T13:58:59.305,NF,BANKNIFTY28APR2655000CE,1685.0,1555.55,1704.15,1241.7,1182.6,979410,1542.37,1681.3,180,1685.0,60,656160
2026-04-10T13:59:08.115,NF,BANKNIFTY28APR2655000CE,1683.45,1555.55,1704.15,1241.7,1182.6,979440,1542.37,1678.8,30,1684.9,60,656160
2026-04-10T13:59:10.520,NF,BANKNIFTY28APR2655000CE,1675.55,1555.55,1704.15,1241.7,1182.6,979500,1542.38,1674.2,150,1680.3,60,656160
2026-04-10T13:59:17.930,NF,BANKNIFTY28APR2655000CE,1684.85,1555.55,1704.15,1241.7,1182.6,979710,1542.41,1681.3,90,1685.0,60,656160
2026-04-10T13:59:19.130,NF,BANKNIFTY28APR2655000CE,1680.8,1555.55,1704.15,1241.7,1182.6,979830,1542.43,1679.75,30,1685.0,60,656160
2026-04-10T13:59:32.951,NF,BANKNIFTY28APR2655000CE,1685.0,1555.55,1704.15,1241.7,1182.6,979860,1542.43,1682.0,30,1685.0,30,657480
2026-04-10T13:59:35.358,NF,BANKNIFTY28APR2655000CE,1679.7,1555.55,1704.15,1241.7,1182.6,979950,1542.44,1680.55,240,1685.0,30,657480
2026-04-10T13:59:36.581,NF,BANKNIFTY28APR2655000CE,1685.0,1555.55,1704.15,1241.7,1182.6,979980,1542.45,1681.55,60,1686.95,90,657480
2026-04-10T13:59:41.567,NF,BANKNIFTY28APR2655000CE,1687.0,1555.55,1704.15,1241.7,1182.6,980010,1542.45,1685.8,150,1688.8,120,657480
2026-04-10T13:59:42.979,NF,BANKNIFTY28APR2655000CE,1691.95,1555.55,1704.15,1241.7,1182.6,980520,1542.53,1691.85,60,1695.0,90,657480
2026-04-10T13:59:45.373,NF,BANKNIFTY28APR2655000CE,1695.0,1555.55,1704.15,1241.7,1182.6,980550,1542.53,1690.55,120,1695.0,60,657480
2026-04-10T13:59:46.575,NF,BANKNIFTY28APR2655000CE,1695.6,1555.55,1717.35,1241.7,1182.6,986190,1543.47,1698.55,60,1704.55,30,657480
2026-04-10T13:59:47.975,NF,BANKNIFTY28APR2655000CE,1707.75,1555.55,1717.35,1241.7,1182.6,986250,1543.48,1701.7,30,1707.4,60,657480
2026-04-10T13:59:49.178,NF,BANKNIFTY28APR2655000CE,1709.1,1555.55,1717.35,1241.7,1182.6,986310,1543.49,1704.7,90,1710.2,150,657480
2026-04-10T13:59:50.381,NF,BANKNIFTY28APR2655000CE,1705.85,1555.55,1717.35,1241.7,1182.6,986340,1543.49,1704.7,60,1710.7,60,657480
2026-04-10T13:59:51.582,NF,BANKNIFTY28APR2655000CE,1704.7,1555.55,1717.35,1241.7,1182.6,986490,1543.52,1704.75,60,1708.85,90,657480
2026-04-10T13:59:52.807,NF,BANKNIFTY28APR2655000CE,1704.75,1555.55,1717.35,1241.7,1182.6,986610,1543.54,1698.6,60,1704.6,90,657480
2026-04-10T13:59:53.985,NF,BANKNIFTY28APR2655000CE,1703.7,1555.55,1717.35,1241.7,1182.6,986730,1543.56,1698.6,60,1703.85,120,657480
2026-04-10T13:59:55.193,NF,BANKNIFTY28APR2655000CE,1699.3,1555.55,1717.35,1241.7,1182.6,986820,1543.57,1699.25,30,1704.3,150,657480
2026-04-10T13:59:56.396,NF,BANKNIFTY28APR2655000CE,1693.55,1555.55,1717.35,1241.7,1182.6,987630,1543.7,1691.55,120,1698.7,30,657480
2026-04-10T13:59:57.794,NF,BANKNIFTY28APR2655000CE,1690.85,1555.55,1717.35,1241.7,1182.6,988320,1543.8,1690.8,30,1695.45,60,657480
2026-04-10T13:59:58.998,NF,BANKNIFTY28APR2655000CE,1697.65,1555.55,1717.35,1241.7,1182.6,989280,1543.94,1693.05,30,1699.3,90,657480
2026-04-10T14:00:00.197,NF,BANKNIFTY28APR2655000CE,1696.2,1555.55,1717.35,1241.7,1182.6,989400,1543.96,1691.4,30,1695.15,30,657480
2026-04-10T14:00:04.017,NF,BANKNIFTY28APR2655000CE,1697.2,1555.55,1717.35,1241.7,1182.6,989430,1543.97,1700.2,90,1706.3,90,657480
2026-04-10T14:00:05.216,NF,BANKNIFTY28APR2655000CE,1695.75,1555.55,1717.35,1241.7,1182.6,991590,1544.3,1697.25,120,1702.8,90,657480
2026-04-10T14:00:06.408,NF,BANKNIFTY28APR2655000CE,1697.35,1555.55,1717.35,1241.7,1182.6,991620,1544.31,1696.45,120,1702.8,120,657480
2026-04-10T14:00:07.625,NF,BANKNIFTY28APR2655000CE,1699.95,1555.55,1717.35,1241.7,1182.6,991680,1544.32,1700.9,120,1707.3,60,657480
2026-04-10T14:00:08.811,NF,BANKNIFTY28APR2655000CE,1701.3,1555.55,1717.35,1241.7,1182.6,991710,1544.32,1700.0,30,1705.95,120,657480
2026-04-10T14:00:10.224,NF,BANKNIFTY28APR2655000CE,1700.1,1555.55,1717.35,1241.7,1182.6,991740,1544.33,1697.85,150,1703.95,30,657480
2026-04-10T14:00:12.612,NF,BANKNIFTY28APR2655000CE,1698.55,1555.55,1717.35,1241.7,1182.6,991770,1544.33,1698.5,180,1703.85,90,657480
2026-04-10T14:00:13.625,NF,BANKNIFTY28APR2655000CE,1701.3,1555.55,1717.35,1241.7,1182.6,991800,1544.34,1698.55,150,1703.85,90,657480
2026-04-10T14:00:15.024,NF,BANKNIFTY28APR2655000CE,1698.55,1555.55,1717.35,1241.7,1182.6,991830,1544.34,1698.5,60,1703.0,90,657480
2026-04-10T14:00:17.439,NF,BANKNIFTY28APR2655000CE,1704.65,1555.55,1717.35,1241.7,1182.6,992010,1544.37,1701.3,30,1704.8,60,657480
2026-04-10T14:00:18.621,NF,BANKNIFTY28APR2655000CE,1704.1,1555.55,1717.35,1241.7,1182.6,992070,1544.38,1701.35,30,1705.25,90,657480
2026-04-10T14:00:22.233,NF,BANKNIFTY28APR2655000CE,1702.35,1555.55,1717.35,1241.7,1182.6,992190,1544.4,1701.9,90,1707.7,180,657480
2026-04-10T14:00:25.841,NF,BANKNIFTY28APR2655000CE,1694.55,1555.55,1717.35,1241.7,1182.6,992430,1544.43,1694.95,90,1700.65,90,657480
2026-04-10T14:00:36.658,NF,BANKNIFTY28APR2655000CE,1694.55,1555.55,1717.35,1241.7,1182.6,993120,1544.54,1686.2,60,1692.8,60,657480
2026-04-10T14:00:37.857,NF,BANKNIFTY28APR2655000CE,1690.3,1555.55,1717.35,1241.7,1182.6,993150,1544.54,1686.8,30,1690.35,60,657480
2026-04-10T14:00:42.863,NF,BANKNIFTY28APR2655000CE,1694.7,1555.55,1717.35,1241.7,1182.6,993180,1544.55,1689.55,90,1695.3,90,657480
2026-04-10T14:00:50.087,NF,BANKNIFTY28APR2655000CE,1689.9,1555.55,1717.35,1241.7,1182.6,993270,1544.56,1685.0,30,1689.6,60,657480
2026-04-10T14:00:52.681,NF,BANKNIFTY28APR2655000CE,1689.8,1555.55,1717.35,1241.7,1182.6,993510,1544.6,1688.95,30,1694.95,120,657480
2026-04-10T14:00:59.080,NF,BANKNIFTY28APR2655000CE,1695.0,1555.55,1717.35,1241.7,1182.6,993630,1544.62,1692.9,60,1697.85,150,657480
2026-04-10T14:01:07.694,NF,BANKNIFTY28APR2655000CE,1698.0,1555.55,1717.35,1241.7,1182.6,994140,1544.69,1694.4,30,1703.35,120,657480
2026-04-10T14:01:11.506,NF,BANKNIFTY28APR2655000CE,1702.1,1555.55,1717.35,1241.7,1182.6,994170,1544.7,1700.7,60,1705.0,1380,657480
2026-04-10T14:01:12.702,NF,BANKNIFTY28APR2655000CE,1705.0,1555.55,1717.35,1241.7,1182.6,994200,1544.7,1700.7,30,1705.0,1350,657480
2026-04-10T14:01:20.327,NF,BANKNIFTY28APR2655000CE,1705.0,1555.55,1717.35,1241.7,1182.6,994230,1544.71,1699.85,30,1705.0,1320,657480
2026-04-10T14:01:21.519,NF,BANKNIFTY28APR2655000CE,1705.0,1555.55,1717.35,1241.7,1182.6,994260,1544.71,1700.6,30,1705.0,1290,657480
2026-04-10T14:01:23.925,NF,BANKNIFTY28APR2655000CE,1703.45,1555.55,1717.35,1241.7,1182.6,994320,1544.72,1700.2,60,1704.95,210,657480
2026-04-10T14:01:25.353,NF,BANKNIFTY28APR2655000CE,1704.9,1555.55,1717.35,1241.7,1182.6,994350,1544.73,1700.4,60,1704.95,180,657480
2026-04-10T14:01:32.739,NF,BANKNIFTY28APR2655000CE,1705.0,1555.55,1717.35,1241.7,1182.6,994500,1544.75,1700.7,30,1705.0,1140,657480
2026-04-10T14:01:36.552,NF,BANKNIFTY28APR2655000CE,1705.0,1555.55,1717.35,1241.7,1182.6,994650,1544.78,1700.4,30,1705.0,990,657480
2026-04-10T14:01:40.352,NF,BANKNIFTY28APR2655000CE,1705.0,1555.55,1717.35,1241.7,1182.6,994800,1544.8,1701.25,150,1705.0,840,657480
2026-04-10T14:01:41.557,NF,BANKNIFTY28APR2655000CE,1705.0,1555.55,1717.35,1241.7,1182.6,994920,1544.82,1702.0,120,1705.0,780,657480
2026-04-10T14:01:43.960,NF,BANKNIFTY28APR2655000CE,1705.0,1555.55,1717.35,1241.7,1182.6,994950,1544.82,1702.25,60,1705.0,750,657480
2026-04-10T14:01:45.367,NF,BANKNIFTY28APR2655000CE,1706.25,1555.55,1717.35,1241.7,1182.6,996240,1545.03,1706.65,60,1710.0,180,657480
2026-04-10T14:01:50.353,NF,BANKNIFTY28APR2655000CE,1705.3,1555.55,1717.35,1241.7,1182.6,996270,1545.04,1706.15,60,1710.0,210,657480
2026-04-10T14:01:54.177,NF,BANKNIFTY28APR2655000CE,1710.0,1555.55,1717.35,1241.7,1182.6,996480,1545.07,1708.05,60,1713.65,60,657480
2026-04-10T14:01:55.370,NF,BANKNIFTY28APR2655000CE,1714.85,1555.55,1717.35,1241.7,1182.6,996960,1545.15,1709.9,90,1714.95,90,657480
2026-04-10T14:02:02.778,NF,BANKNIFTY28APR2655000CE,1714.7,1555.55,1717.35,1241.7,1182.6,996990,1545.16,1710.0,330,1714.65,60,657480
2026-04-10T14:02:04.207,NF,BANKNIFTY28APR2655000CE,1714.75,1555.55,1717.35,1241.7,1182.6,997020,1545.16,1710.0,330,1714.45,30,657480
2026-04-10T14:02:06.584,NF,BANKNIFTY28APR2655000CE,1714.7,1555.55,1717.35,1241.7,1182.6,997050,1545.17,1710.4,30,1715.0,60,657480
2026-04-10T14:02:09.190,NF,BANKNIFTY28APR2655000CE,1710.0,1555.55,1717.35,1241.7,1182.6,997320,1545.21,1710.0,90,1713.25,60,657480
2026-04-10T14:02:10.398,NF,BANKNIFTY28APR2655000CE,1710.0,1555.55,1717.35,1241.7,1182.6,997410,1545.23,1706.8,150,1712.1,30,657480
2026-04-10T14:02:11.597,NF,BANKNIFTY28APR2655000CE,1706.45,1555.55,1717.35,1241.7,1182.6,997440,1545.23,1705.7,150,1710.6,30,657480
2026-04-10T14:02:16.599,NF,BANKNIFTY28APR2655000CE,1710.85,1555.55,1717.35,1241.7,1182.6,997470,1545.24,1705.9,120,1711.0,60,657480
2026-04-10T14:02:17.809,NF,BANKNIFTY28APR2655000CE,1710.0,1555.55,1717.35,1241.7,1182.6,997500,1545.24,1705.0,30,1709.95,60,657480
2026-04-10T14:02:20.219,NF,BANKNIFTY28APR2655000CE,1708.1,1555.55,1717.35,1241.7,1182.6,997560,1545.25,1705.0,30,1708.25,60,657480
2026-04-10T14:02:24.016,NF,BANKNIFTY28APR2655000CE,1705.0,1555.55,1717.35,1241.7,1182.6,997680,1545.27,1703.6,30,1706.65,60,657480
2026-04-10T14:02:26.422,NF,BANKNIFTY28APR2655000CE,1702.4,1555.55,1717.35,1241.7,1182.6,997770,1545.28,1700.6,30,1703.05,60,657480
2026-04-10T14:02:27.630,NF,BANKNIFTY28APR2655000CE,1700.0,1555.55,1717.35,1241.7,1182.6,997830,1545.29,1695.0,30,1698.55,60,657480
2026-04-10T14:02:29.023,NF,BANKNIFTY28APR2655000CE,1691.7,1555.55,1717.35,1241.7,1182.6,998160,1545.34,1690.15,30,1698.1,30,659280
2026-04-10T14:02:32.630,NF,BANKNIFTY28APR2655000CE,1693.6,1555.55,1717.35,1241.7,1182.6,998190,1545.35,1695.05,120,1699.7,60,659280
2026-04-10T14:02:36.427,NF,BANKNIFTY28APR2655000CE,1694.4,1555.55,1717.35,1241.7,1182.6,998220,1545.35,1688.75,150,1693.8,90,659280
2026-04-10T14:02:37.630,NF,BANKNIFTY28APR2655000CE,1693.15,1555.55,1717.35,1241.7,1182.6,998280,1545.36,1687.2,120,1693.8,120,659280
2026-04-10T14:02:40.230,NF,BANKNIFTY28APR2655000CE,1692.6,1555.55,1717.35,1241.7,1182.6,998310,1545.36,1688.3,90,1693.55,90,659280
2026-04-10T14:02:42.637,NF,BANKNIFTY28APR2655000CE,1688.15,1555.55,1717.35,1241.7,1182.6,998340,1545.37,1685.0,30,1687.7,90,659280
2026-04-10T14:02:44.038,NF,BANKNIFTY28APR2655000CE,1682.15,1555.55,1717.35,1241.7,1182.6,998520,1545.39,1685.3,30,1691.3,90,659280
2026-04-10T14:02:46.441,NF,BANKNIFTY28APR2655000CE,1682.65,1555.55,1717.35,1241.7,1182.6,998550,1545.4,1682.3,30,1688.5,90,659280
2026-04-10T14:03:01.274,NF,BANKNIFTY28APR2655000CE,1689.45,1555.55,1717.35,1241.7,1182.6,998580,1545.4,1686.0,60,1689.45,60,659280
2026-04-10T14:03:03.684,NF,BANKNIFTY28APR2655000CE,1690.0,1555.55,1717.35,1241.7,1182.6,998730,1545.42,1688.6,30,1694.15,60,659280
2026-04-10T14:03:04.870,NF,BANKNIFTY28APR2655000CE,1689.15,1555.55,1717.35,1241.7,1182.6,998760,1545.43,1689.15,90,1693.85,60,659280
2026-04-10T14:03:14.882,NF,BANKNIFTY28APR2655000CE,1685.55,1555.55,1717.35,1241.7,1182.6,998790,1545.43,1685.35,120,1690.7,90,659280
2026-04-10T14:03:28.508,NF,BANKNIFTY28APR2655000CE,1688.4,1555.55,1717.35,1241.7,1182.6,998850,1545.44,1684.95,120,1689.95,60,659280
2026-04-10T14:03:57.954,NF,BANKNIFTY28APR2655000CE,1688.4,1555.55,1717.35,1241.7,1182.6,998880,1545.45,1688.4,30,1691.45,90,659280
2026-04-10T14:04:01.753,NF,BANKNIFTY28APR2655000CE,1689.1,1555.55,1717.35,1241.7,1182.6,998910,1545.45,1688.4,30,1691.6,60,659280
2026-04-10T14:04:06.572,NF,BANKNIFTY28APR2655000CE,1688.0,1555.55,1717.35,1241.7,1182.6,999090,1545.48,1685.1,60,1690.95,90,659280
2026-04-10T14:04:07.962,NF,BANKNIFTY28APR2655000CE,1686.2,1555.55,1717.35,1241.7,1182.6,999180,1545.49,1682.0,30,1688.4,60,659280
2026-04-10T14:04:10.371,NF,BANKNIFTY28APR2655000CE,1686.3,1555.55,1717.35,1241.7,1182.6,999210,1545.49,1686.3,90,1691.95,90,659280
2026-04-10T14:04:11.582,NF,BANKNIFTY28APR2655000CE,1685.75,1555.55,1717.35,1241.7,1182.6,999270,1545.5,1683.0,90,1689.5,90,659280
2026-04-10T14:04:16.600,NF,BANKNIFTY28APR2655000CE,1689.85,1555.55,1717.35,1241.7,1182.6,999300,1545.51,1683.3,30,1690.1,60,659280
2026-04-10T14:04:19.182,NF,BANKNIFTY28APR2655000CE,1688.1,1555.55,1717.35,1241.7,1182.6,999330,1545.51,1682.95,30,1688.45,60,659280
2026-04-10T14:04:27.801,NF,BANKNIFTY28APR2655000CE,1684.5,1555.55,1717.35,1241.7,1182.6,999360,1545.51,1684.0,60,1689.55,210,659280
2026-04-10T14:04:59.645,NF,BANKNIFTY28APR2655000CE,1685.0,1555.55,1717.35,1241.7,1182.6,999390,1545.52,1685.0,30,1690.55,90,659280
2026-04-10T14:05:03.257,NF,BANKNIFTY28APR2655000CE,1690.55,1555.55,1717.35,1241.7,1182.6,999420,1545.52,1688.7,90,1692.0,30,659280
2026-04-10T14:05:05.855,NF,BANKNIFTY28APR2655000CE,1692.0,1555.55,1717.35,1241.7,1182.6,999450,1545.53,1689.35,60,1694.35,60,659280
2026-04-10T14:05:09.677,NF,BANKNIFTY28APR2655000CE,1695.0,1555.55,1717.35,1241.7,1182.6,999480,1545.53,1691.1,90,1695.95,30,659280
2026-04-10T14:05:12.085,NF,BANKNIFTY28APR2655000CE,1691.35,1555.55,1717.35,1241.7,1182.6,999540,1545.54,1691.8,60,1697.0,90,659280
2026-04-10T14:05:13.268,NF,BANKNIFTY28APR2655000CE,1698.0,1555.55,1717.35,1241.7,1182.6,999570,1545.54,1695.25,60,1699.0,30,659280
2026-04-10T14:05:14.665,NF,BANKNIFTY28APR2655000CE,1699.0,1555.55,1717.35,1241.7,1182.6,999600,1545.55,1694.75,60,1699.95,60,659280
2026-04-10T14:05:18.289,NF,BANKNIFTY28APR2655000CE,1701.15,1555.55,1717.35,1241.7,1182.6,999630,1545.55,1699.0,30,1701.65,30,659280
2026-04-10T14:05:19.476,NF,BANKNIFTY28APR2655000CE,1699.0,1555.55,1717.35,1241.7,1182.6,999660,1545.56,1693.05,120,1699.05,60,659280
2026-04-10T14:05:32.105,NF,BANKNIFTY28APR2655000CE,1699.0,1555.55,1717.35,1241.7,1182.6,999780,1545.58,1699.0,30,1700.6,60,659100
2026-04-10T14:05:38.306,NF,BANKNIFTY28APR2655000CE,1699.0,1555.55,1717.35,1241.7,1182.6,999870,1545.59,1695.5,150,1699.0,210,659100
2026-04-10T14:05:39.524,NF,BANKNIFTY28APR2655000CE,1699.0,1555.55,1717.35,1241.7,1182.6,1000050,1545.62,1695.3,210,1699.0,30,659100
2026-04-10T14:05:42.110,NF,BANKNIFTY28APR2655000CE,1699.0,1555.55,1717.35,1241.7,1182.6,1000080,1545.62,1695.45,180,1701.15,150,659100
2026-04-10T14:05:45.718,NF,BANKNIFTY28APR2655000CE,1699.0,1555.55,1717.35,1241.7,1182.6,1000110,1545.63,1696.15,300,1700.0,300,659100
2026-04-10T14:05:48.319,NF,BANKNIFTY28APR2655000CE,1695.4,1555.55,1717.35,1241.7,1182.6,1000410,1545.67,1695.45,150,1700.0,300,659100
2026-04-10T14:05:52.126,NF,BANKNIFTY28APR2655000CE,1699.0,1555.55,1717.35,1241.7,1182.6,1000440,1545.68,1696.3,210,1700.0,300,659100
2026-04-10T14:05:58.341,NF,BANKNIFTY28APR2655000CE,1695.65,1555.55,1717.35,1241.7,1182.6,1000470,1545.68,1694.4,120,1699.95,120,659100
2026-04-10T14:05:59.544,NF,BANKNIFTY28APR2655000CE,1700.0,1555.55,1717.35,1241.7,1182.6,1000560,1545.7,1697.15,120,1700.0,210,659100
2026-04-10T14:06:00.745,NF,BANKNIFTY28APR2655000CE,1700.0,1555.55,1717.35,1241.7,1182.6,1000590,1545.7,1696.3,120,1700.0,180,659100
2026-04-10T14:06:01.945,NF,BANKNIFTY28APR2655000CE,1700.0,1555.55,1717.35,1241.7,1182.6,1000650,1545.71,1698.15,120,1700.0,120,659100
2026-04-10T14:06:03.147,NF,BANKNIFTY28APR2655000CE,1702.5,1555.55,1717.35,1241.7,1182.6,1000800,1545.73,1696.65,60,1702.25,60,659100
2026-04-10T14:06:08.154,NF,BANKNIFTY28APR2655000CE,1698.25,1555.55,1717.35,1241.7,1182.6,1000830,1545.74,1693.9,210,1698.35,60,659100
2026-04-10T14:06:15.589,NF,BANKNIFTY28APR2655000CE,1698.9,1555.55,1717.35,1241.7,1182.6,1000920,1545.75,1693.6,120,1698.65,90,659100
2026-04-10T14:06:30.590,NF,BANKNIFTY28APR2655000CE,1689.85,1555.55,1717.35,1241.7,1182.6,1002420,1545.97,1688.35,120,1693.55,60,659100
2026-04-10T14:06:35.395,NF,BANKNIFTY28APR2655000CE,1695.0,1555.55,1717.35,1241.7,1182.6,1002450,1545.97,1691.65,60,1697.7,120,659100
2026-04-10T14:06:36.608,NF,BANKNIFTY28APR2655000CE,1688.85,1555.55,1717.35,1241.7,1182.6,1002480,1545.97,1689.1,150,1694.5,90,659100
2026-04-10T14:06:45.213,NF,BANKNIFTY28APR2655000CE,1689.85,1555.55,1717.35,1241.7,1182.6,1002510,1545.98,1691.75,120,1697.6,90,659100
2026-04-10T14:06:46.623,NF,BANKNIFTY28APR2655000CE,1697.45,1555.55,1717.35,1241.7,1182.6,1002540,1545.98,1693.0,60,1698.3,60,659100
2026-04-10T14:06:50.239,NF,BANKNIFTY28APR2655000CE,1694.0,1555.55,1717.35,1241.7,1182.6,1002570,1545.99,1691.25,60,1696.45,90,659100
2026-04-10T14:06:57.436,NF,BANKNIFTY28APR2655000CE,1699.4,1555.55,1717.35,1241.7,1182.6,1002600,1545.99,1693.25,180,1699.2,90,659100
2026-04-10T14:07:00.047,NF,BANKNIFTY28APR2655000CE,1699.2,1555.55,1717.35,1241.7,1182.6,1002630,1546.0,1693.8,60,1699.35,180,659100
2026-04-10T14:07:11.254,NF,BANKNIFTY28APR2655000CE,1699.95,1555.55,1717.35,1241.7,1182.6,1002660,1546.0,1694.85,30,1700.0,30,659100
2026-04-10T14:07:12.456,NF,BANKNIFTY28APR2655000CE,1692.8,1555.55,1717.35,1241.7,1182.6,1003050,1546.06,1685.05,60,1691.3,30,659100
2026-04-10T14:07:21.272,NF,BANKNIFTY28APR2655000CE,1690.7,1555.55,1717.35,1241.7,1182.6,1003110,1546.07,1692.35,60,1697.3,60,659100
2026-04-10T14:07:33.691,NF,BANKNIFTY28APR2655000CE,1697.0,1555.55,1717.35,1241.7,1182.6,1003140,1546.07,1695.0,90,1699.75,30,659100
2026-04-10T14:07:41.299,NF,BANKNIFTY28APR2655000CE,1697.2,1555.55,1717.35,1241.7,1182.6,1003170,1546.08,1691.3,90,1697.55,240,659100
2026-04-10T14:07:42.502,NF,BANKNIFTY28APR2655000CE,1693.7,1555.55,1717.35,1241.7,1182.6,1003200,1546.08,1692.4,210,1698.9,180,659100
2026-04-10T14:07:43.706,NF,BANKNIFTY28APR2655000CE,1697.6,1555.55,1717.35,1241.7,1182.6,1003230,1546.09,1693.35,180,1699.0,60,659100
2026-04-10T14:07:48.721,NF,BANKNIFTY28APR2655000CE,1697.95,1555.55,1717.35,1241.7,1182.6,1003260,1546.09,1692.65,90,1698.45,60,659100
2026-04-10T14:07:55.721,NF,BANKNIFTY28APR2655000CE,1698.45,1555.55,1717.35,1241.7,1182.6,1003380,1546.11,1693.0,30,1698.55,120,659100
2026-04-10T14:07:59.332,NF,BANKNIFTY28APR2655000CE,1699.0,1555.55,1717.35,1241.7,1182.6,1003410,1546.11,1694.65,120,1700.0,60,659100
2026-04-10T14:08:01.926,NF,BANKNIFTY28APR2655000CE,1699.3,1555.55,1717.35,1241.7,1182.6,1003650,1546.15,1693.3,60,1699.45,60,659100
2026-04-10T14:08:03.132,NF,BANKNIFTY28APR2655000CE,1697.8,1555.55,1717.35,1241.7,1182.6,1003710,1546.16,1691.55,60,1697.0,120,659100
2026-04-10T14:08:04.335,NF,BANKNIFTY28APR2655000CE,1694.25,1555.55,1717.35,1241.7,1182.6,1003740,1546.16,1694.3,30,1697.5,60,659100
2026-04-10T14:08:06.935,NF,BANKNIFTY28APR2655000CE,1697.45,1555.55,1717.35,1241.7,1182.6,1003770,1546.17,1694.6,90,1697.8,240,659100
2026-04-10T14:08:08.138,NF,BANKNIFTY28APR2655000CE,1697.75,1555.55,1717.35,1241.7,1182.6,1003800,1546.17,1694.6,90,1697.8,240,659100
2026-04-10T14:08:13.144,NF,BANKNIFTY28APR2655000CE,1694.4,1555.55,1717.35,1241.7,1182.6,1004160,1546.23,1690.3,90,1694.35,270,659100
2026-04-10T14:08:14.352,NF,BANKNIFTY28APR2655000CE,1693.55,1555.55,1717.35,1241.7,1182.6,1004190,1546.23,1690.3,90,1693.7,420,659100
2026-04-10T14:08:17.952,NF,BANKNIFTY28APR2655000CE,1694.3,1555.55,1717.35,1241.7,1182.6,1004250,1546.24,1690.35,30,1694.5,60,659100
2026-04-10T14:08:20.554,NF,BANKNIFTY28APR2655000CE,1690.3,1555.55,1717.35,1241.7,1182.6,1004340,1546.25,1689.05,90,1693.9,240,659100
2026-04-10T14:08:30.391,NF,BANKNIFTY28APR2655000CE,1693.1,1555.55,1717.35,1241.7,1182.6,1004370,1546.26,1693.1,30,1697.0,150,658500
2026-04-10T14:08:50.003,NF,BANKNIFTY28APR2655000CE,1696.45,1555.55,1717.35,1241.7,1182.6,1004490,1546.27,1693.15,90,1697.8,120,658500
2026-04-10T14:08:56.614,NF,BANKNIFTY28APR2655000CE,1697.8,1555.55,1717.35,1241.7,1182.6,1004520,1546.28,1695.65,30,1697.8,90,658500
2026-04-10T14:08:57.822,NF,BANKNIFTY28APR2655000CE,1696.6,1555.55,1717.35,1241.7,1182.6,1004670,1546.3,1696.5,60,1699.0,60,658500
2026-04-10T14:08:59.035,NF,BANKNIFTY28APR2655000CE,1692.9,1555.55,1717.35,1241.7,1182.6,1004760,1546.31,1694.2,150,1699.0,60,658500
2026-04-10T14:09:02.821,NF,BANKNIFTY28APR2655000CE,1693.15,1555.55,1717.35,1241.7,1182.6,1004790,1546.32,1693.9,60,1698.75,30,658500
2026-04-10T14:09:07.826,NF,BANKNIFTY28APR2655000CE,1699.0,1555.55,1717.35,1241.7,1182.6,1004820,1546.32,1696.1,90,1699.0,30,658500
2026-04-10T14:09:09.028,NF,BANKNIFTY28APR2655000CE,1696.35,1555.55,1717.35,1241.7,1182.6,1004850,1546.33,1695.9,90,1699.0,30,658500
2026-04-10T14:09:11.434,NF,BANKNIFTY28APR2655000CE,1696.0,1555.55,1717.35,1241.7,1182.6,1004910,1546.34,1694.3,90,1699.0,30,658500
2026-04-10T14:09:15.238,NF,BANKNIFTY28APR2655000CE,1695.6,1555.55,1717.35,1241.7,1182.6,1004940,1546.34,1695.6,90,1699.0,30,658500
2026-04-10T14:09:21.450,NF,BANKNIFTY28APR2655000CE,1696.4,1555.55,1717.35,1241.7,1182.6,1004970,1546.34,1696.0,30,1698.95,60,658500
2026-04-10T14:09:22.652,NF,BANKNIFTY28APR2655000CE,1699.0,1555.55,1717.35,1241.7,1182.6,1005000,1546.35,1696.0,30,1700.0,60,658500
2026-04-10T14:09:24.052,NF,BANKNIFTY28APR2655000CE,1699.95,1555.55,1717.35,1241.7,1182.6,1005030,1546.35,1695.3,120,1700.0,60,658500
2026-04-10T14:09:27.661,NF,BANKNIFTY28APR2655000CE,1699.75,1555.55,1717.35,1241.7,1182.6,1005060,1546.36,1695.45,120,1700.0,60,658500
2026-04-10T14:09:29.064,NF,BANKNIFTY28APR2655000CE,1696.0,1555.55,1717.35,1241.7,1182.6,1005090,1546.36,1691.45,30,1696.45,90,658500
2026-04-10T14:09:31.462,NF,BANKNIFTY28APR2655000CE,1697.65,1555.55,1717.35,1241.7,1182.6,1005270,1546.39,1692.65,30,1697.65,90,658500
2026-04-10T14:09:34.069,NF,BANKNIFTY28APR2655000CE,1685.05,1555.55,1717.35,1241.7,1182.6,1005870,1546.47,1692.75,90,1697.7,60,658500
2026-04-10T14:09:35.267,NF,BANKNIFTY28APR2655000CE,1697.75,1555.55,1717.35,1241.7,1182.6,1005960,1546.49,1693.15,60,1697.75,30,658500
2026-04-10T14:09:36.471,NF,BANKNIFTY28APR2655000CE,1697.75,1555.55,1717.35,1241.7,1182.6,1005990,1546.49,1693.8,30,1699.0,180,658500
2026-04-10T14:09:41.477,NF,BANKNIFTY28APR2655000CE,1695.5,1555.55,1717.35,1241.7,1182.6,1006050,1546.5,1693.45,90,1698.7,60,658500
2026-04-10T14:09:57.504,NF,BANKNIFTY28APR2655000CE,1696.4,1555.55,1717.35,1241.7,1182.6,1006080,1546.51,1697.15,30,1699.75,30,658500
2026-04-10T14:10:00.105,NF,BANKNIFTY28APR2655000CE,1696.4,1555.55,1717.35,1241.7,1182.6,1006170,1546.52,1694.9,90,1699.95,60,658500
2026-04-10T14:10:08.918,NF,BANKNIFTY28APR2655000CE,1699.95,1555.55,1717.35,1241.7,1182.6,1006230,1546.53,1698.2,90,1700.0,60,658500
2026-04-10T14:10:10.121,NF,BANKNIFTY28APR2655000CE,1700.0,1555.55,1717.35,1241.7,1182.6,1006260,1546.53,1698.2,120,1700.0,30,658500
2026-04-10T14:10:11.324,NF,BANKNIFTY28APR2655000CE,1700.0,1555.55,1717.35,1241.7,1182.6,1006290,1546.54,1698.7,90,1703.85,90,658500
2026-04-10T14:10:16.337,NF,BANKNIFTY28APR2655000CE,1700.35,1555.55,1717.35,1241.7,1182.6,1006350,1546.55,1695.2,90,1700.25,60,658500
2026-04-10T14:10:17.538,NF,BANKNIFTY28APR2655000CE,1695.55,1555.55,1717.35,1241.7,1182.6,1006500,1546.57,1693.3,30,1695.5,270,658500
2026-04-10T14:10:18.934,NF,BANKNIFTY28APR2655000CE,1693.3,1555.55,1717.35,1241.7,1182.6,1006530,1546.57,1689.6,60,1694.5,60,658500
2026-04-10T14:10:21.338,NF,BANKNIFTY28APR2655000CE,1694.45,1555.55,1717.35,1241.7,1182.6,1006560,1546.58,1689.85,30,1694.5,60,658500
2026-04-10T14:10:22.554,NF,BANKNIFTY28APR2655000CE,1694.45,1555.55,1717.35,1241.7,1182.6,1006590,1546.58,1690.2,30,1695.15,60,658500
2026-04-10T14:10:25.143,NF,BANKNIFTY28APR2655000CE,1694.05,1555.55,1717.35,1241.7,1182.6,1006680,1546.6,1690.2,30,1694.1,60,658500
2026-04-10T14:10:26.347,NF,BANKNIFTY28APR2655000CE,1694.2,1555.55,1717.35,1241.7,1182.6,1006740,1546.6,1690.2,30,1694.2,60,658500
2026-04-10T14:10:27.553,NF,BANKNIFTY28APR2655000CE,1694.0,1555.55,1717.35,1241.7,1182.6,1006830,1546.62,1690.2,30,1694.2,60,658500
2026-04-10T14:10:28.756,NF,BANKNIFTY28APR2655000CE,1688.15,1555.55,1717.35,1241.7,1182.6,1006920,1546.63,1683.0,90,1688.15,120,658500
2026-04-10T14:10:29.958,NF,BANKNIFTY28APR2655000CE,1688.8,1555.55,1717.35,1241.7,1182.6,1007040,1546.65,1685.85,90,1691.5,150,658500
2026-04-10T14:10:31.354,NF,BANKNIFTY28APR2655000CE,1685.9,1555.55,1717.35,1241.7,1182.6,1007070,1546.65,1686.15,30,1691.05,180,658500
2026-04-10T14:10:52.201,NF,BANKNIFTY28APR2655000CE,1686.0,1555.55,1717.35,1241.7,1182.6,1007130,1546.66,1690.1,90,1695.0,30,658500
2026-04-10T14:10:53.404,NF,BANKNIFTY28APR2655000CE,1695.85,1555.55,1717.35,1241.7,1182.6,1007220,1546.67,1691.0,30,1695.15,120,658500
2026-04-10T14:10:54.606,NF,BANKNIFTY28APR2655000CE,1690.0,1555.55,1717.35,1241.7,1182.6,1007280,1546.68,1690.55,60,1696.0,150,658500
2026-04-10T14:11:08.025,NF,BANKNIFTY28APR2655000CE,1695.8,1555.55,1717.35,1241.7,1182.6,1007310,1546.69,1691.4,30,1695.9,240,658500
2026-04-10T14:11:14.221,NF,BANKNIFTY28APR2655000CE,1691.25,1555.55,1717.35,1241.7,1182.6,1007340,1546.69,1690.35,60,1696.05,150,658500
2026-04-10T14:11:18.025,NF,BANKNIFTY28APR2655000CE,1700.0,1555.55,1717.35,1241.7,1182.6,1007400,1546.7,1698.95,60,1703.8,150,658500
2026-04-10T14:11:26.448,NF,BANKNIFTY28APR2655000CE,1698.65,1555.55,1717.35,1241.7,1182.6,1007580,1546.73,1698.35,90,1703.35,150,658500
2026-04-10T14:11:37.461,NF,BANKNIFTY28APR2655000CE,1702.45,1555.55,1717.35,1241.7,1182.6,1007610,1546.73,1697.7,30,1702.25,210,658590
2026-04-10T14:11:38.670,NF,BANKNIFTY28APR2655000CE,1701.4,1555.55,1717.35,1241.7,1182.6,1007700,1546.74,1697.7,30,1701.7,60,658590
2026-04-10T14:11:43.469,NF,BANKNIFTY28APR2655000CE,1697.05,1555.55,1717.35,1241.7,1182.6,1007850,1546.77,1697.0,30,1702.15,60,658590
2026-04-10T14:11:46.083,NF,BANKNIFTY28APR2655000CE,1701.1,1555.55,1717.35,1241.7,1182.6,1007880,1546.77,1696.5,30,1701.0,120,658590
2026-04-10T14:11:48.475,NF,BANKNIFTY28APR2655000CE,1696.4,1555.55,1717.35,1241.7,1182.6,1008210,1546.82,1696.45,60,1701.9,60,658590
2026-04-10T14:11:53.099,NF,BANKNIFTY28APR2655000CE,1699.25,1555.55,1717.35,1241.7,1182.6,1008270,1546.83,1694.2,60,1699.95,180,658590
2026-04-10T14:12:06.901,NF,BANKNIFTY28APR2655000CE,1698.15,1555.55,1717.35,1241.7,1182.6,1008300,1546.83,1692.8,60,1698.0,90,658590
2026-04-10T14:12:09.307,NF,BANKNIFTY28APR2655000CE,1693.65,1555.55,1717.35,1241.7,1182.6,1008390,1546.85,1694.05,30,1699.2,60,658590
2026-04-10T14:12:11.907,NF,BANKNIFTY28APR2655000CE,1700.2,1555.55,1717.35,1241.7,1182.6,1008420,1546.85,1695.15,30,1700.35,90,658590
2026-04-10T14:12:15.518,NF,BANKNIFTY28APR2655000CE,1701.85,1555.55,1717.35,1241.7,1182.6,1008450,1546.86,1697.75,60,1703.4,150,658590
2026-04-10T14:12:24.334,NF,BANKNIFTY28APR2655000CE,1710.0,1555.55,1717.35,1241.7,1182.6,1008540,1546.87,1709.65,30,1712.0,30,658590
2026-04-10T14:12:26.736,NF,BANKNIFTY28APR2655000CE,1712.0,1555.55,1717.35,1241.7,1182.6,1008570,1546.88,1709.75,30,1714.75,210,658590
2026-04-10T14:12:28.150,NF,BANKNIFTY28APR2655000CE,1709.75,1555.55,1717.35,1241.7,1182.6,1008600,1546.88,1708.7,60,1714.15,150,658590
2026-04-10T14:12:29.332,NF,BANKNIFTY28APR2655000CE,1708.9,1555.55,1717.35,1241.7,1182.6,1008630,1546.89,1709.35,120,1714.75,180,658590
2026-04-10T14:12:30.562,NF,BANKNIFTY28APR2655000CE,1709.7,1555.55,1717.35,1241.7,1182.6,1008660,1546.89,1708.75,90,1714.15,90,658590
2026-04-10T14:12:48.165,NF,BANKNIFTY28APR2655000CE,1712.15,1555.55,1717.35,1241.7,1182.6,1008690,1546.9,1711.95,60,1715.0,30,658590
2026-04-10T14:12:50.576,NF,BANKNIFTY28APR2655000CE,1711.8,1555.55,1717.35,1241.7,1182.6,1008720,1546.9,1711.05,30,1715.0,30,658590
2026-04-10T14:12:54.574,NF,BANKNIFTY28APR2655000CE,1715.0,1555.55,1717.35,1241.7,1182.6,1008750,1546.91,1712.35,30,1717.2,150,658590
2026-04-10T14:13:00.781,NF,BANKNIFTY28APR2655000CE,1715.0,1555.55,1717.35,1241.7,1182.6,1008810,1546.92,1712.15,60,1717.75,90,658590
2026-04-10T14:13:04.390,NF,BANKNIFTY28APR2655000CE,1718.0,1555.55,1718.0,1241.7,1182.6,1009020,1546.95,1717.0,60,1718.0,120,658590
2026-04-10T14:13:05.592,NF,BANKNIFTY28APR2655000CE,1717.0,1555.55,1718.0,1241.7,1182.6,1009050,1546.96,1715.8,30,1718.0,120,658590
2026-04-10T14:13:09.397,NF,BANKNIFTY28APR2655000CE,1718.0,1555.55,1718.0,1241.7,1182.6,1009170,1546.98,1714.35,90,1718.0,90,658590
2026-04-10T14:13:16.815,NF,BANKNIFTY28APR2655000CE,1717.55,1555.55,1718.0,1241.7,1182.6,1009200,1546.98,1713.4,60,1717.65,60,658590
2026-04-10T14:13:20.414,NF,BANKNIFTY28APR2655000CE,1714.65,1555.55,1718.0,1241.7,1182.6,1009230,1546.99,1714.55,60,1718.0,120,658590
2026-04-10T14:13:22.820,NF,BANKNIFTY28APR2655000CE,1718.0,1555.55,1718.0,1241.7,1182.6,1009350,1547.01,1718.15,60,1719.0,60,658590
2026-04-10T14:13:26.622,NF,BANKNIFTY28APR2655000CE,1719.0,1555.55,1719.0,1241.7,1182.6,1009410,1547.02,1718.0,30,1720.0,90,658590
2026-04-10T14:13:31.430,NF,BANKNIFTY28APR2655000CE,1713.55,1555.55,1719.8,1241.7,1182.6,1009470,1547.03,1713.45,180,1718.7,90,658590
2026-04-10T14:13:32.635,NF,BANKNIFTY28APR2655000CE,1715.65,1555.55,1719.8,1241.7,1182.6,1009530,1547.04,1712.0,30,1715.35,90,658590
2026-04-10T14:13:35.241,NF,BANKNIFTY28APR2655000CE,1716.05,1555.55,1719.8,1241.7,1182.6,1009560,1547.04,1712.05,30,1717.05,120,658590
2026-04-10T14:13:38.849,NF,BANKNIFTY28APR2655000CE,1712.15,1555.55,1719.8,1241.7,1182.6,1009590,1547.05,1712.15,30,1715.9,60,658590
2026-04-10T14:13:40.046,NF,BANKNIFTY28APR2655000CE,1712.25,1555.55,1719.8,1241.7,1182.6,1009620,1547.05,1712.25,90,1716.95,150,658590
2026-04-10T14:13:41.472,NF,BANKNIFTY28APR2655000CE,1707.9,1555.55,1719.8,1241.7,1182.6,1009890,1547.09,1703.25,30,1708.3,60,658590
2026-04-10T14:13:42.658,NF,BANKNIFTY28APR2655000CE,1703.4,1555.55,1719.8,1241.7,1182.6,1009950,1547.1,1703.25,30,1708.25,90,658590
2026-04-10T14:13:48.865,NF,BANKNIFTY28APR2655000CE,1703.35,1555.55,1719.8,1241.7,1182.6,1009980,1547.11,1700.65,30,1705.1,180,658590
2026-04-10T14:14:05.090,NF,BANKNIFTY28APR2655000CE,1710.5,1555.55,1719.8,1241.7,1182.6,1010010,1547.11,1705.9,30,1710.4,150,658590
2026-04-10T14:14:17.507,NF,BANKNIFTY28APR2655000CE,1710.5,1555.55,1719.8,1241.7,1182.6,1010040,1547.12,1709.2,30,1710.5,30,658590
2026-04-10T14:14:20.120,NF,BANKNIFTY28APR2655000CE,1707.55,1555.55,1719.8,1241.7,1182.6,1010160,1547.14,1707.0,300,1710.5,30,658590
2026-04-10T14:14:21.314,NF,BANKNIFTY28APR2655000CE,1705.1,1555.55,1719.8,1241.7,1182.6,1010490,1547.19,1705.05,30,1709.15,60,658590
2026-04-10T14:14:22.522,NF,BANKNIFTY28APR2655000CE,1703.35,1555.55,1719.8,1241.7,1182.6,1010700,1547.22,1700.0,120,1702.4,60,658590
2026-04-10T14:14:23.712,NF,BANKNIFTY28APR2655000CE,1696.05,1555.55,1719.8,1241.7,1182.6,1010910,1547.25,1695.3,90,1700.55,30,658590
2026-04-10T14:14:26.361,NF,BANKNIFTY28APR2655000CE,1653.45,1555.55,1719.8,1241.7,1182.6,1018650,1548.18,1636.05,60,1658.05,60,658590
2026-04-10T14:14:27.556,NF,BANKNIFTY28APR2655000CE,1638.8,1555.55,1719.8,1241.7,1182.6,1019910,1548.29,1624.8,90,1638.8,30,658590
2026-04-10T14:14:28.733,NF,BANKNIFTY28APR2655000CE,1623.4,1555.55,1719.8,1241.7,1182.6,1020210,1548.31,1623.0,90,1629.35,30,658590
2026-04-10T14:14:30.129,NF,BANKNIFTY28APR2655000CE,1615.75,1555.55,1719.8,1241.7,1182.6,1020570,1548.34,1616.2,60,1621.95,30,658590
2026-04-10T14:14:31.327,NF,BANKNIFTY28APR2655000CE,1623.4,1555.55,1719.8,1241.7,1182.6,1020990,1548.37,1623.4,30,1627.8,60,658590
2026-04-10T14:14:32.552,NF,BANKNIFTY28APR2655000CE,1627.8,1555.55,1719.8,1241.7,1182.6,1021110,1548.38,1630.35,60,1635.4,90,656640
2026-04-10T14:14:33.756,NF,BANKNIFTY28APR2655000CE,1636.95,1555.55,1719.8,1241.7,1182.6,1021170,1548.38,1635.7,90,1640.95,60,656640
2026-04-10T14:14:35.154,NF,BANKNIFTY28APR2655000CE,1646.1,1555.55,1719.8,1241.7,1182.6,1021290,1548.4,1639.8,60,1645.0,30,656640
2026-04-10T14:14:36.330,NF,BANKNIFTY28APR2655000CE,1646.65,1555.55,1719.8,1241.7,1182.6,1021350,1548.4,1639.7,60,1646.3,30,656640
2026-04-10T14:14:37.576,NF,BANKNIFTY28APR2655000CE,1644.15,1555.55,1719.8,1241.7,1182.6,1021380,1548.4,1637.2,30,1642.45,60,656640
2026-04-10T14:14:40.133,NF,BANKNIFTY28APR2655000CE,1641.7,1555.55,1719.8,1241.7,1182.6,1021440,1548.41,1641.35,60,1648.2,60,656640
2026-04-10T14:14:42.550,NF,BANKNIFTY28APR2655000CE,1640.0,1555.55,1719.8,1241.7,1182.6,1021470,1548.41,1634.65,60,1641.75,60,656640
2026-04-10T14:14:43.754,NF,BANKNIFTY28APR2655000CE,1640.0,1555.55,1719.8,1241.7,1182.6,1021800,1548.44,1636.3,30,1643.9,60,656640
2026-04-10T14:14:46.346,NF,BANKNIFTY28APR2655000CE,1642.2,1555.55,1719.8,1241.7,1182.6,1021860,1548.45,1640.7,60,1646.4,60,656640
2026-04-10T14:14:47.549,NF,BANKNIFTY28APR2655000CE,1643.45,1555.55,1719.8,1241.7,1182.6,1021890,1548.45,1636.2,60,1642.5,30,656640
2026-04-10T14:14:48.758,NF,BANKNIFTY28APR2655000CE,1640.0,1555.55,1719.8,1241.7,1182.6,1021920,1548.45,1637.45,60,1642.55,60,656640
2026-04-10T14:14:58.365,NF,BANKNIFTY28APR2655000CE,1646.75,1555.55,1719.8,1241.7,1182.6,1021980,1548.46,1640.0,60,1646.75,30,656640
2026-04-10T14:15:00.978,NF,BANKNIFTY28APR2655000CE,1640.0,1555.55,1719.8,1241.7,1182.6,1022100,1548.47,1633.1,30,1642.45,60,656640
2026-04-10T14:15:03.381,NF,BANKNIFTY28APR2655000CE,1633.7,1555.55,1719.8,1241.7,1182.6,1022130,1548.47,1630.55,30,1636.65,150,656640
2026-04-10T14:15:04.772,NF,BANKNIFTY28APR2655000CE,1630.0,1555.55,1719.8,1241.7,1182.6,1022460,1548.5,1624.15,30,1634.15,60,656640
2026-04-10T14:15:05.978,NF,BANKNIFTY28APR2655000CE,1626.2,1555.55,1719.8,1241.7,1182.6,1022550,1548.51,1626.05,30,1631.1,60,656640
2026-04-10T14:15:07.179,NF,BANKNIFTY28APR2655000CE,1623.0,1555.55,1719.8,1241.7,1182.6,1022640,1548.51,1622.05,120,1628.5,60,656640
2026-04-10T14:15:08.379,NF,BANKNIFTY28APR2655000CE,1622.0,1555.55,1719.8,1241.7,1182.6,1022670,1548.51,1619.05,90,1625.45,60,656640
2026-04-10T14:15:09.784,NF,BANKNIFTY28APR2655000CE,1618.95,1555.55,1719.8,1241.7,1182.6,1022730,1548.52,1615.4,60,1622.4,60,656640
2026-04-10T14:15:12.196,NF,BANKNIFTY28APR2655000CE,1621.05,1555.55,1719.8,1241.7,1182.6,1023030,1548.54,1617.7,30,1623.85,30,656640
2026-04-10T14:15:13.388,NF,BANKNIFTY28APR2655000CE,1623.45,1555.55,1719.8,1241.7,1182.6,1023090,1548.54,1616.35,60,1624.0,30,656640
2026-04-10T14:15:14.791,NF,BANKNIFTY28APR2655000CE,1618.3,1555.55,1719.8,1241.7,1182.6,1023660,1548.58,1617.15,90,1622.0,180,656640
2026-04-10T14:15:15.993,NF,BANKNIFTY28APR2655000CE,1621.4,1555.55,1719.8,1241.7,1182.6,1023690,1548.59,1617.1,30,1621.15,90,656640
2026-04-10T14:15:18.396,NF,BANKNIFTY28APR2655000CE,1617.1,1555.55,1719.8,1241.7,1182.6,1023900,1548.6,1613.0,60,1619.05,60,656640
2026-04-10T14:15:19.796,NF,BANKNIFTY28APR2655000CE,1612.75,1555.55,1719.8,1241.7,1182.6,1024020,1548.61,1612.55,60,1618.45,60,656640
2026-04-10T14:15:21.008,NF,BANKNIFTY28APR2655000CE,1605.9,1555.55,1719.8,1241.7,1182.6,1024500,1548.64,1605.0,180,1609.45,90,656640
2026-04-10T14:15:22.202,NF,BANKNIFTY28APR2655000CE,1604.05,1555.55,1719.8,1241.7,1182.6,1024830,1548.66,1603.45,60,1608.9,60,656640
2026-04-10T14:15:24.813,NF,BANKNIFTY28APR2655000CE,1601.0,1555.55,1719.8,1241.7,1182.6,1024890,1548.66,1600.0,60,1603.5,60,656640
2026-04-10T14:15:26.006,NF,BANKNIFTY28APR2655000CE,1596.05,1555.55,1719.8,1241.7,1182.6,1025670,1548.7,1594.45,60,1600.5,60,656640
2026-04-10T14:15:27.214,NF,BANKNIFTY28APR2655000CE,1596.95,1555.55,1719.8,1241.7,1182.6,1025880,1548.71,1596.45,30,1603.35,60,656640
2026-04-10T14:15:28.418,NF,BANKNIFTY28APR2655000CE,1603.8,1555.55,1719.8,1241.7,1182.6,1025940,1548.71,1597.8,30,1605.35,60,656640
2026-04-10T14:15:32.226,NF,BANKNIFTY28APR2655000CE,1598.95,1555.55,1719.8,1241.7,1182.6,1026030,1548.71,1596.05,90,1600.8,60,656640
2026-04-10T14:15:33.427,NF,BANKNIFTY28APR2655000CE,1601.55,1555.55,1719.8,1241.7,1182.6,1026090,1548.72,1596.05,90,1600.6,60,656640
2026-04-10T14:15:34.819,NF,BANKNIFTY28APR2655000CE,1590.0,1555.55,1719.8,1241.7,1182.6,1026540,1548.74,1590.0,180,1592.95,90,656640
2026-04-10T14:15:36.022,NF,BANKNIFTY28APR2655000CE,1570.0,1555.55,1719.8,1241.7,1182.6,1027590,1548.77,1576.2,90,1581.2,120,656640
2026-04-10T14:15:37.231,NF,BANKNIFTY28APR2655000CE,1571.85,1555.55,1719.8,1241.7,1182.6,1028100,1548.78,1568.8,60,1574.9,210,656640
2026-04-10T14:15:38.430,NF,BANKNIFTY28APR2655000CE,1565.9,1555.55,1719.8,1241.7,1182.6,1028280,1548.78,1564.1,30,1568.6,60,656640
2026-04-10T14:15:39.840,NF,BANKNIFTY28APR2655000CE,1558.7,1555.55,1719.8,1241.7,1182.6,1029300,1548.79,1556.7,120,1561.3,60,656640
2026-04-10T14:15:41.037,NF,BANKNIFTY28APR2655000CE,1560.1,1555.55,1719.8,1241.7,1182.6,1029630,1548.79,1552.45,120,1560.15,120,656640
2026-04-10T14:15:42.234,NF,BANKNIFTY28APR2655000CE,1549.05,1555.55,1719.8,1241.7,1182.6,1030530,1548.79,1544.4,30,1548.3,120,656640
2026-04-10T14:15:43.442,NF,BANKNIFTY28APR2655000CE,1538.25,1555.55,1719.8,1241.7,1182.6,1030740,1548.79,1538.4,30,1549.95,60,656640
2026-04-10T14:15:44.834,NF,BANKNIFTY28APR2655000CE,1552.7,1555.55,1719.8,1241.7,1182.6,1031310,1548.78,1543.1,30,1556.3,60,656640
2026-04-10T14:15:46.045,NF,BANKNIFTY28APR2655000CE,1550.45,1555.55,1719.8,1241.7,1182.6,1031340,1548.78,1546.3,30,1553.15,60,656640
2026-04-10T14:15:47.283,NF,BANKNIFTY28APR2655000CE,1548.55,1555.55,1719.8,1241.7,1182.6,1032390,1548.78,1541.8,30,1547.75,60,656640
2026-04-10T14:15:48.454,NF,BANKNIFTY28APR2655000CE,1537.55,1555.55,1719.8,1241.7,1182.6,1032600,1548.78,1526.95,30,1534.7,60,656640
2026-04-10T14:15:49.845,NF,BANKNIFTY28APR2655000CE,1529.1,1555.55,1719.8,1241.7,1182.6,1032690,1548.78,1530.95,60,1538.7,60,656640
2026-04-10T14:15:51.058,NF,BANKNIFTY28APR2655000CE,1536.55,1555.55,1719.8,1241.7,1182.6,1033350,1548.77,1535.6,30,1543.1,60,656640
2026-04-10T14:15:52.251,NF,BANKNIFTY28APR2655000CE,1537.85,1555.55,1719.8,1241.7,1182.6,1033560,1548.77,1533.7,120,1540.7,60,656640
2026-04-10T14:15:53.686,NF,BANKNIFTY28APR2655000CE,1529.3,1555.55,1719.8,1241.7,1182.6,1034130,1548.76,1523.4,60,1529.35,60,656640
2026-04-10T14:15:54.862,NF,BANKNIFTY28APR2655000CE,1543.75,1555.55,1719.8,1241.7,1182.6,1034220,1548.76,1519.75,30,1526.8,60,656640
2026-04-10T14:15:56.058,NF,BANKNIFTY28APR2655000CE,1526.4,1555.55,1719.8,1241.7,1182.6,1034250,1548.76,1520.85,30,1528.1,120,656640
2026-04-10T14:15:57.268,NF,BANKNIFTY28APR2655000CE,1537.85,1555.55,1719.8,1241.7,1182.6,1034340,1548.76,1531.9,60,1538.15,30,656640
2026-04-10T14:15:58.656,NF,BANKNIFTY28APR2655000CE,1538.35,1555.55,1719.8,1241.7,1182.6,1034550,1548.76,1536.65,60,1543.6,60,656640
2026-04-10T14:15:59.877,NF,BANKNIFTY28APR2655000CE,1538.15,1555.55,1719.8,1241.7,1182.6,1034610,1548.76,1537.7,60,1545.7,60,656640
2026-04-10T14:16:01.061,NF,BANKNIFTY28APR2655000CE,1546.0,1555.55,1719.8,1241.7,1182.6,1034700,1548.76,1546.55,30,1552.55,30,656640
2026-04-10T14:16:02.286,NF,BANKNIFTY28APR2655000CE,1563.0,1555.55,1719.8,1241.7,1182.6,1035300,1548.76,1560.2,30,1565.9,60,656640
2026-04-10T14:16:03.704,NF,BANKNIFTY28APR2655000CE,1575.1,1555.55,1719.8,1241.7,1182.6,1035600,1548.77,1577.45,60,1585.45,60,656640
2026-04-10T14:16:04.883,NF,BANKNIFTY28APR2655000CE,1581.55,1555.55,1719.8,1241.7,1182.6,1035690,1548.77,1578.45,30,1585.65,60,656640
2026-04-10T14:16:07.272,NF,BANKNIFTY28APR2655000CE,1594.4,1555.55,1719.8,1241.7,1182.6,1035750,1548.78,1586.45,60,1593.55,30,656640
2026-04-10T14:16:08.688,NF,BANKNIFTY28APR2655000CE,1569.7,1555.55,1719.8,1241.7,1182.6,1036170,1548.79,1575.75,60,1581.55,30,656640
2026-04-10T14:16:09.874,NF,BANKNIFTY28APR2655000CE,1581.55,1555.55,1719.8,1241.7,1182.6,1036200,1548.79,1577.6,60,1584.05,120,656640
2026-04-10T14:16:11.090,NF,BANKNIFTY28APR2655000CE,1584.95,1555.55,1719.8,1241.7,1182.6,1036350,1548.79,1580.65,60,1586.45,30,656640
2026-04-10T14:16:12.280,NF,BANKNIFTY28APR2655000CE,1584.85,1555.55,1719.8,1241.7,1182.6,1036470,1548.8,1584.9,60,1591.45,30,656640
2026-04-10T14:16:16.084,NF,BANKNIFTY28APR2655000CE,1597.25,1555.55,1719.8,1241.7,1182.6,1036650,1548.81,1591.8,60,1597.25,330,656640
2026-04-10T14:16:17.284,NF,BANKNIFTY28APR2655000CE,1597.85,1555.55,1719.8,1241.7,1182.6,1036680,1548.81,1590.6,60,1597.5,30,656640
2026-04-10T14:16:18.682,NF,BANKNIFTY28APR2655000CE,1590.6,1555.55,1719.8,1241.7,1182.6,1036740,1548.81,1589.75,60,1594.85,30,656640
2026-04-10T14:16:19.913,NF,BANKNIFTY28APR2655000CE,1595.25,1555.55,1719.8,1241.7,1182.6,1036770,1548.81,1583.65,30,1590.2,30,656640
2026-04-10T14:16:21.093,NF,BANKNIFTY28APR2655000CE,1585.65,1555.55,1719.8,1241.7,1182.6,1036800,1548.81,1589.1,60,1595.65,30,656640
2026-04-10T14:16:23.691,NF,BANKNIFTY28APR2655000CE,1594.95,1555.55,1719.8,1241.7,1182.6,1036830,1548.81,1592.0,30,1594.95,60,656640
2026-04-10T14:16:24.894,NF,BANKNIFTY28APR2655000CE,1593.15,1555.55,1719.8,1241.7,1182.6,1036860,1548.82,1592.45,60,1595.0,60,656640
2026-04-10T14:16:26.097,NF,BANKNIFTY28APR2655000CE,1589.8,1555.55,1719.8,1241.7,1182.6,1036980,1548.82,1582.95,60,1589.95,30,656640
2026-04-10T14:16:27.299,NF,BANKNIFTY28APR2655000CE,1591.25,1555.55,1719.8,1241.7,1182.6,1037130,1548.83,1587.45,60,1591.7,30,656640
2026-04-10T14:16:29.905,NF,BANKNIFTY28APR2655000CE,1580.0,1555.55,1719.8,1241.7,1182.6,1037280,1548.83,1581.6,60,1586.05,30,656640
2026-04-10T14:16:31.110,NF,BANKNIFTY28APR2655000CE,1578.85,1555.55,1719.8,1241.7,1182.6,1037340,1548.83,1574.35,30,1579.3,30,656640
2026-04-10T14:16:33.711,NF,BANKNIFTY28APR2655000CE,1575.0,1555.55,1719.8,1241.7,1182.6,1037490,1548.84,1581.75,60,1587.8,90,656640
2026-04-10T14:16:36.110,NF,BANKNIFTY28APR2655000CE,1584.65,1555.55,1719.8,1241.7,1182.6,1037550,1548.84,1578.25,60,1583.25,30,656640
2026-04-10T14:16:39.915,NF,BANKNIFTY28APR2655000CE,1585.75,1555.55,1719.8,1241.7,1182.6,1037820,1548.85,1581.3,150,1585.9,30,656640
2026-04-10T14:16:46.131,NF,BANKNIFTY28APR2655000CE,1565.9,1555.55,1719.8,1241.7,1182.6,1037850,1548.85,1562.5,60,1568.25,30,656640
2026-04-10T14:16:48.535,NF,BANKNIFTY28APR2655000CE,1565.35,1555.55,1719.8,1241.7,1182.6,1037880,1548.85,1567.4,240,1572.2,30,656640
2026-04-10T14:16:49.930,NF,BANKNIFTY28APR2655000CE,1562.2,1555.55,1719.8,1241.7,1182.6,1037940,1548.85,1562.2,240,1568.5,60,656640
2026-04-10T14:16:51.137,NF,BANKNIFTY28APR2655000CE,1565.0,1555.55,1719.8,1241.7,1182.6,1038030,1548.85,1561.35,60,1566.9,60,656640
2026-04-10T14:16:53.542,NF,BANKNIFTY28APR2655000CE,1566.55,1555.55,1719.8,1241.7,1182.6,1038090,1548.85,1560.15,90,1566.45,30,656640
2026-04-10T14:16:55.936,NF,BANKNIFTY28APR2655000CE,1562.2,1555.55,1719.8,1241.7,1182.6,1038120,1548.85,1561.75,60,1568.05,120,656640
2026-04-10T14:16:57.163,NF,BANKNIFTY28APR2655000CE,1562.85,1555.55,1719.8,1241.7,1182.6,1038180,1548.85,1566.8,30,1575.3,30,656640
2026-04-10T14:16:58.545,NF,BANKNIFTY28APR2655000CE,1564.4,1555.55,1719.8,1241.7,1182.6,1038330,1548.86,1561.4,150,1568.75,30,656640
2026-04-10T14:16:59.749,NF,BANKNIFTY28APR2655000CE,1562.85,1555.55,1719.8,1241.7,1182.6,1038360,1548.86,1563.6,120,1571.05,60,656640
2026-04-10T14:17:00.945,NF,BANKNIFTY28APR2655000CE,1589.15,1555.55,1719.8,1241.7,1182.6,1040100,1548.9,1582.65,60,1588.75,60,656640
2026-04-10T14:17:03.556,NF,BANKNIFTY28APR2655000CE,1586.1,1555.55,1719.8,1241.7,1182.6,1040130,1548.9,1577.25,30,1585.05,30,656640
2026-04-10T14:17:07.166,NF,BANKNIFTY28APR2655000CE,1578.25,1555.55,1719.8,1241.7,1182.6,1040160,1548.9,1570.85,60,1578.15,120,656640
2026-04-10T14:17:08.560,NF,BANKNIFTY28APR2655000CE,1569.7,1555.55,1719.8,1241.7,1182.6,1044690,1548.98,1564.8,30,1570.6,60,656640
2026-04-10T14:17:10.958,NF,BANKNIFTY28APR2655000CE,1572.9,1555.55,1719.8,1241.7,1182.6,1044750,1548.98,1568.9,120,1574.8,90,656640
2026-04-10T14:17:12.162,NF,BANKNIFTY28APR2655000CE,1574.7,1555.55,1719.8,1241.7,1182.6,1044870,1548.98,1568.65,60,1575.1,90,656640
2026-04-10T14:17:14.763,NF,BANKNIFTY28APR2655000CE,1577.55,1555.55,1719.8,1241.7,1182.6,1044960,1548.98,1565.9,30,1572.25,90,656640
2026-04-10T14:17:15.965,NF,BANKNIFTY28APR2655000CE,1573.95,1555.55,1719.8,1241.7,1182.6,1045020,1548.98,1567.45,60,1573.35,90,656640
2026-04-10T14:17:17.171,NF,BANKNIFTY28APR2655000CE,1580.0,1555.55,1719.8,1241.7,1182.6,1045050,1548.99,1573.95,60,1579.85,120,656640
2026-04-10T14:17:18.573,NF,BANKNIFTY28APR2655000CE,1575.95,1555.55,1719.8,1241.7,1182.6,1048110,1549.06,1570.95,30,1576.65,30,656640
2026-04-10T14:17:19.769,NF,BANKNIFTY28APR2655000CE,1579.4,1555.55,1719.8,1241.7,1182.6,1048140,1549.07,1577.1,30,1582.7,120,656640
2026-04-10T14:17:22.175,NF,BANKNIFTY28APR2655000CE,1579.15,1555.55,1719.8,1241.7,1182.6,1048170,1549.07,1575.65,120,1581.7,90,656640
2026-04-10T14:17:23.580,NF,BANKNIFTY28APR2655000CE,1581.9,1555.55,1719.8,1241.7,1182.6,1048200,1549.07,1575.7,30,1582.55,60,656640
2026-04-10T14:17:24.785,NF,BANKNIFTY28APR2655000CE,1579.45,1555.55,1719.8,1241.7,1182.6,1048230,1549.07,1575.95,60,1582.05,60,656640
2026-04-10T14:17:25.994,NF,BANKNIFTY28APR2655000CE,1584.9,1555.55,1719.8,1241.7,1182.6,1048260,1549.07,1579.25,90,1585.25,60,656640
2026-04-10T14:17:29.791,NF,BANKNIFTY28APR2655000CE,1579.9,1555.55,1719.8,1241.7,1182.6,1048290,1549.07,1577.2,90,1583.45,90,656640
2026-04-10T14:17:30.990,NF,BANKNIFTY28APR2655000CE,1582.95,1555.55,1719.8,1241.7,1182.6,1048320,1549.07,1576.5,30,1583.65,90,656640
2026-04-10T14:17:33.598,NF,BANKNIFTY28APR2655000CE,1588.45,1555.55,1719.8,1241.7,1182.6,1048380,1549.07,1583.15,60,1589.15,30,649890
2026-04-10T14:17:34.796,NF,BANKNIFTY28APR2655000CE,1609.15,1555.55,1719.8,1241.7,1182.6,1049700,1549.13,1600.25,90,1609.3,150,649890
2026-04-10T14:17:37.202,NF,BANKNIFTY28APR2655000CE,1606.95,1555.55,1719.8,1241.7,1182.6,1049760,1549.14,1601.25,90,1607.0,60,649890
2026-04-10T14:17:38.601,NF,BANKNIFTY28APR2655000CE,1609.8,1555.55,1719.8,1241.7,1182.6,1049850,1549.14,1602.15,60,1609.95,120,649890
2026-04-10T14:17:39.802,NF,BANKNIFTY28APR2655000CE,1610.05,1555.55,1719.8,1241.7,1182.6,1049970,1549.15,1604.15,90,1610.95,120,649890
2026-04-10T14:17:41.010,NF,BANKNIFTY28APR2655000CE,1609.85,1555.55,1719.8,1241.7,1182.6,1050090,1549.16,1604.4,120,1611.45,30,649890
2026-04-10T14:17:42.209,NF,BANKNIFTY28APR2655000CE,1613.15,1555.55,1719.8,1241.7,1182.6,1050150,1549.16,1607.25,90,1614.25,120,649890
2026-04-10T14:17:43.607,NF,BANKNIFTY28APR2655000CE,1613.45,1555.55,1719.8,1241.7,1182.6,1050390,1549.17,1607.4,60,1614.25,150,649890
2026-04-10T14:17:44.818,NF,BANKNIFTY28APR2655000CE,1613.05,1555.55,1719.8,1241.7,1182.6,1050570,1549.18,1606.4,90,1612.45,180,649890
2026-04-10T14:17:46.014,NF,BANKNIFTY28APR2655000CE,1612.9,1555.55,1719.8,1241.7,1182.6,1050690,1549.19,1604.1,60,1611.55,30,649890
2026-04-10T14:17:47.217,NF,BANKNIFTY28APR2655000CE,1607.05,1555.55,1719.8,1241.7,1182.6,1050960,1549.2,1599.95,30,1606.9,90,649890
2026-04-10T14:17:48.614,NF,BANKNIFTY28APR2655000CE,1597.8,1555.55,1719.8,1241.7,1182.6,1051080,1549.21,1597.7,60,1604.5,30,649890
2026-04-10T14:17:49.819,NF,BANKNIFTY28APR2655000CE,1607.2,1555.55,1719.8,1241.7,1182.6,1051110,1549.21,1600.0,60,1607.05,60,649890
2026-04-10T14:17:53.425,NF,BANKNIFTY28APR2655000CE,1600.0,1555.55,1719.8,1241.7,1182.6,1051260,1549.22,1599.75,240,1607.0,150,649890
2026-04-10T14:17:54.635,NF,BANKNIFTY28APR2655000CE,1607.1,1555.55,1719.8,1241.7,1182.6,1051290,1549.22,1600.05,180,1606.35,150,649890
2026-04-10T14:17:56.026,NF,BANKNIFTY28APR2655000CE,1598.4,1555.55,1719.8,1241.7,1182.6,1051320,1549.22,1601.05,180,1606.75,60,649890
2026-04-10T14:17:57.284,NF,BANKNIFTY28APR2655000CE,1600.0,1555.55,1719.8,1241.7,1182.6,1051350,1549.22,1599.4,60,1605.9,30,649890
2026-04-10T14:18:07.245,NF,BANKNIFTY28APR2655000CE,1599.7,1555.55,1719.8,1241.7,1182.6,1051380,1549.23,1597.4,90,1603.5,60,649890
2026-04-10T14:18:08.451,NF,BANKNIFTY28APR2655000CE,1604.9,1555.55,1719.8,1241.7,1182.6,1051680,1549.24,1597.35,60,1604.2,120,649890
2026-04-10T14:18:09.650,NF,BANKNIFTY28APR2655000CE,1596.7,1555.55,1719.8,1241.7,1182.6,1051830,1549.25,1596.05,60,1602.8,60,649890
2026-04-10T14:18:11.075,NF,BANKNIFTY28APR2655000CE,1625.8,1555.55,1719.8,1241.7,1182.6,1054380,1549.39,1612.4,60,1620.65,120,649890
2026-04-10T14:18:14.671,NF,BANKNIFTY28APR2655000CE,1615.2,1555.55,1719.8,1241.7,1182.6,1054470,1549.4,1612.55,60,1618.9,120,649890
2026-04-10T14:18:16.061,NF,BANKNIFTY28APR2655000CE,1612.3,1555.55,1719.8,1241.7,1182.6,1054530,1549.4,1605.75,90,1612.8,150,649890
2026-04-10T14:18:17.260,NF,BANKNIFTY28APR2655000CE,1612.6,1555.55,1719.8,1241.7,1182.6,1054560,1549.4,1606.85,90,1613.35,150,649890
2026-04-10T14:18:18.464,NF,BANKNIFTY28APR2655000CE,1613.35,1555.55,1719.8,1241.7,1182.6,1054590,1549.4,1607.0,60,1613.65,180,649890
2026-04-10T14:18:19.671,NF,BANKNIFTY28APR2655000CE,1611.0,1555.55,1719.8,1241.7,1182.6,1054620,1549.4,1606.55,180,1612.85,150,649890
2026-04-10T14:18:26.074,NF,BANKNIFTY28APR2655000CE,1615.75,1555.55,1719.8,1241.7,1182.6,1054680,1549.41,1609.9,90,1616.7,120,649890
2026-04-10T14:18:27.276,NF,BANKNIFTY28APR2655000CE,1614.0,1555.55,1719.8,1241.7,1182.6,1054710,1549.41,1611.45,90,1618.65,120,649890
2026-04-10T14:18:29.682,NF,BANKNIFTY28APR2655000CE,1614.5,1555.55,1719.8,1241.7,1182.6,1054830,1549.42,1613.5,90,1619.45,60,649890
2026-04-10T14:18:39.702,NF,BANKNIFTY28APR2655000CE,1621.4,1555.55,1719.8,1241.7,1182.6,1054860,1549.42,1613.35,90,1619.2,60,649890
2026-04-10T14:18:43.506,NF,BANKNIFTY28APR2655000CE,1616.85,1555.55,1719.8,1241.7,1182.6,1054890,1549.42,1611.25,90,1616.9,60,649890
2026-04-10T14:18:49.713,NF,BANKNIFTY28APR2655000CE,1619.95,1555.55,1719.8,1241.7,1182.6,1054920,1549.42,1613.7,60,1619.45,210,649890
2026-04-10T14:18:55.927,NF,BANKNIFTY28APR2655000CE,1614.0,1555.55,1719.8,1241.7,1182.6,1055190,1549.44,1613.5,150,1619.15,60,649890
2026-04-10T14:18:59.725,NF,BANKNIFTY28APR2655000CE,1623.35,1555.55,1719.8,1241.7,1182.6,1055310,1549.45,1613.4,30,1619.35,120,649890
2026-04-10T14:19:00.929,NF,BANKNIFTY28APR2655000CE,1612.4,1555.55,1719.8,1241.7,1182.6,1055340,1549.45,1611.45,60,1617.5,150,649890
2026-04-10T14:19:04.733,NF,BANKNIFTY28APR2655000CE,1613.55,1555.55,1719.8,1241.7,1182.6,1055370,1549.45,1607.15,90,1613.25,150,649890
2026-04-10T14:19:08.349,NF,BANKNIFTY28APR2655000CE,1606.95,1555.55,1719.8,1241.7,1182.6,1055550,1549.46,1606.65,150,1612.0,60,649890
2026-04-10T14:19:10.945,NF,BANKNIFTY28APR2655000CE,1610.0,1555.55,1719.8,1241.7,1182.6,1055610,1549.47,1606.5,60,1612.95,60,649890
2026-04-10T14:19:12.149,NF,BANKNIFTY28APR2655000CE,1608.25,1555.55,1719.8,1241.7,1182.6,1055670,1549.47,1606.8,90,1613.2,60,649890
2026-04-10T14:19:17.155,NF,BANKNIFTY28APR2655000CE,1606.0,1555.55,1719.8,1241.7,1182.6,1055700,1549.47,1605.0,30,1606.6,60,649890
2026-04-10T14:19:19.767,NF,BANKNIFTY28APR2655000CE,1606.6,1555.55,1719.8,1241.7,1182.6,1055790,1549.48,1605.55,60,1611.65,60,649890
2026-04-10T14:19:24.767,NF,BANKNIFTY28APR2655000CE,1605.0,1555.55,1719.8,1241.7,1182.6,1055820,1549.48,1606.2,90,1611.7,60,649890
2026-04-10T14:19:27.188,NF,BANKNIFTY28APR2655000CE,1603.65,1555.55,1719.8,1241.7,1182.6,1055850,1549.48,1602.25,90,1608.05,30,649890
2026-04-10T14:19:28.379,NF,BANKNIFTY28APR2655000CE,1600.45,1555.55,1719.8,1241.7,1182.6,1055940,1549.48,1601.4,60,1607.05,90,649890
2026-04-10T14:19:30.981,NF,BANKNIFTY28APR2655000CE,1605.25,1555.55,1719.8,1241.7,1182.6,1055970,1549.49,1603.45,60,1609.2,60,649890
2026-04-10T14:19:38.395,NF,BANKNIFTY28APR2655000CE,1609.2,1555.55,1719.8,1241.7,1182.6,1056000,1549.49,1605.8,60,1610.0,30,649890
2026-04-10T14:19:43.404,NF,BANKNIFTY28APR2655000CE,1610.0,1555.55,1719.8,1241.7,1182.6,1056030,1549.49,1607.45,180,1612.85,30,649890
2026-04-10T14:19:44.813,NF,BANKNIFTY28APR2655000CE,1621.55,1555.55,1719.8,1241.7,1182.6,1056300,1549.51,1614.05,30,1620.75,60,649890
2026-04-10T14:20:00.835,NF,BANKNIFTY28APR2655000CE,1616.5,1555.55,1719.8,1241.7,1182.6,1056360,1549.51,1617.3,120,1621.55,30,649890
2026-04-10T14:20:02.094,NF,BANKNIFTY28APR2655000CE,1617.35,1555.55,1719.8,1241.7,1182.6,1056420,1549.51,1615.05,60,1620.95,60,649890
2026-04-10T14:20:05.852,NF,BANKNIFTY28APR2655000CE,1616.5,1555.55,1719.8,1241.7,1182.6,1056450,1549.51,1615.05,60,1620.55,150,649890
2026-04-10T14:20:07.041,NF,BANKNIFTY28APR2655000CE,1615.6,1555.55,1719.8,1241.7,1182.6,1056540,1549.52,1614.5,120,1620.4,90,649890
2026-04-10T14:20:08.244,NF,BANKNIFTY28APR2655000CE,1616.65,1555.55,1719.8,1241.7,1182.6,1056600,1549.52,1616.35,90,1621.5,90,649890
2026-04-10T14:20:09.645,NF,BANKNIFTY28APR2655000CE,1618.0,1555.55,1719.8,1241.7,1182.6,1056720,1549.53,1616.55,120,1621.55,30,649890
2026-04-10T14:20:10.850,NF,BANKNIFTY28APR2655000CE,1617.55,1555.55,1719.8,1241.7,1182.6,1056900,1549.54,1618.1,180,1621.55,90,649890
2026-04-10T14:20:15.854,NF,BANKNIFTY28APR2655000CE,1616.0,1555.55,1719.8,1241.7,1182.6,1056930,1549.55,1614.3,150,1620.7,90,649890
2026-04-10T14:20:19.655,NF,BANKNIFTY28APR2655000CE,1616.0,1555.55,1719.8,1241.7,1182.6,1056990,1549.55,1614.65,180,1620.8,90,649890
2026-04-10T14:20:22.076,NF,BANKNIFTY28APR2655000CE,1615.0,1555.55,1719.8,1241.7,1182.6,1059240,1549.69,1615.8,90,1620.9,210,649890
2026-04-10T14:20:27.068,NF,BANKNIFTY28APR2655000CE,1618.45,1555.55,1719.8,1241.7,1182.6,1059270,1549.69,1612.9,180,1618.35,90,649890
2026-04-10T14:20:28.275,NF,BANKNIFTY28APR2655000CE,1612.85,1555.55,1719.8,1241.7,1182.6,1059300,1549.69,1612.5,30,1617.55,90,649890
2026-04-10T14:20:29.682,NF,BANKNIFTY28APR2655000CE,1616.0,1555.55,1719.8,1241.7,1182.6,1059330,1549.69,1611.05,120,1612.9,30,649890
2026-04-10T14:20:30.907,NF,BANKNIFTY28APR2655000CE,1612.9,1555.55,1719.8,1241.7,1182.6,1059360,1549.7,1612.4,30,1617.45,90,649890
2026-04-10T14:20:32.081,NF,BANKNIFTY28APR2655000CE,1616.7,1555.55,1719.8,1241.7,1182.6,1059390,1549.7,1612.8,90,1617.95,90,649890
2026-04-10T14:20:33.283,NF,BANKNIFTY28APR2655000CE,1613.55,1555.55,1719.8,1241.7,1182.6,1059450,1549.7,1613.25,150,1618.45,60,646170
2026-04-10T14:20:42.093,NF,BANKNIFTY28APR2655000CE,1613.55,1555.55,1719.8,1241.7,1182.6,1059630,1549.71,1614.35,90,1618.0,30,646170
2026-04-10T14:20:45.913,NF,BANKNIFTY28APR2655000CE,1613.0,1555.55,1719.8,1241.7,1182.6,1059690,1549.72,1612.05,30,1618.0,30,646170
2026-04-10T14:20:51.915,NF,BANKNIFTY28APR2655000CE,1610.0,1555.55,1719.8,1241.7,1182.6,1059720,1549.72,1610.0,150,1615.3,90,646170
2026-04-10T14:20:56.925,NF,BANKNIFTY28APR2655000CE,1618.0,1555.55,1719.8,1241.7,1182.6,1059750,1549.72,1613.0,120,1618.95,150,646170
2026-04-10T14:20:59.519,NF,BANKNIFTY28APR2655000CE,1616.2,1555.55,1719.8,1241.7,1182.6,1059780,1549.72,1611.75,30,1616.9,90,646170
2026-04-10T14:21:05.559,NF,BANKNIFTY28APR2655000CE,1624.0,1555.55,1719.8,1241.7,1182.6,1059810,1549.72,1617.15,60,1622.4,90,646170
2026-04-10T14:21:06.929,NF,BANKNIFTY28APR2655000CE,1621.7,1555.55,1719.8,1241.7,1182.6,1059840,1549.73,1613.7,30,1618.85,180,646170
2026-04-10T14:21:10.540,NF,BANKNIFTY28APR2655000CE,1614.3,1555.55,1719.8,1241.7,1182.6,1059870,1549.73,1611.2,60,1617.65,90,646170
2026-04-10T14:21:16.747,NF,BANKNIFTY28APR2655000CE,1610.0,1555.55,1719.8,1241.7,1182.6,1059930,1549.73,1603.95,30,1611.05,30,646170
2026-04-10T14:21:20.359,NF,BANKNIFTY28APR2655000CE,1600.45,1555.55,1719.8,1241.7,1182.6,1062180,1549.84,1605.15,120,1611.2,90,646170
2026-04-10T14:21:21.758,NF,BANKNIFTY28APR2655000CE,1612.9,1555.55,1719.8,1241.7,1182.6,1062210,1549.85,1608.4,60,1614.75,180,646170
2026-04-10T14:21:25.377,NF,BANKNIFTY28APR2655000CE,1613.6,1555.55,1719.8,1241.7,1182.6,1062240,1549.85,1612.85,240,1618.75,180,646170
2026-04-10T14:21:28.973,NF,BANKNIFTY28APR2655000CE,1614.55,1555.55,1719.8,1241.7,1182.6,1062330,1549.85,1607.3,30,1614.55,90,646170
2026-04-10T14:21:35.174,NF,BANKNIFTY28APR2655000CE,1608.7,1555.55,1719.8,1241.7,1182.6,1062360,1549.85,1608.5,60,1614.0,90,646170
2026-04-10T14:21:36.386,NF,BANKNIFTY28APR2655000CE,1609.3,1555.55,1719.8,1241.7,1182.6,1062450,1549.86,1607.75,60,1613.0,60,646170
2026-04-10T14:21:44.998,NF,BANKNIFTY28APR2655000CE,1610.3,1555.55,1719.8,1241.7,1182.6,1062480,1549.86,1610.05,180,1613.9,30,646170
2026-04-10T14:21:47.397,NF,BANKNIFTY28APR2655000CE,1613.95,1555.55,1719.8,1241.7,1182.6,1062540,1549.86,1612.45,60,1615.0,30,646170
2026-04-10T14:21:57.417,NF,BANKNIFTY28APR2655000CE,1610.6,1555.55,1719.8,1241.7,1182.6,1062660,1549.87,1604.85,30,1609.8,90,646170
2026-04-10T14:22:01.222,NF,BANKNIFTY28APR2655000CE,1615.0,1555.55,1719.8,1241.7,1182.6,1062690,1549.87,1606.85,60,1613.65,60,646170
2026-04-10T14:22:03.620,NF,BANKNIFTY28APR2655000CE,1615.25,1555.55,1719.8,1241.7,1182.6,1062720,1549.88,1611.1,60,1617.1,120,646170
2026-04-10T14:22:06.223,NF,BANKNIFTY28APR2655000CE,1613.75,1555.55,1719.8,1241.7,1182.6,1062750,1549.88,1607.65,60,1613.75,60,646170
2026-04-10T14:22:08.630,NF,BANKNIFTY28APR2655000CE,1610.0,1555.55,1719.8,1241.7,1182.6,1062780,1549.88,1605.05,30,1612.0,90,646170
2026-04-10T14:22:10.027,NF,BANKNIFTY28APR2655000CE,1606.0,1555.55,1719.8,1241.7,1182.6,1062930,1549.89,1608.1,60,1614.05,60,646170
2026-04-10T14:22:12.441,NF,BANKNIFTY28APR2655000CE,1609.1,1555.55,1719.8,1241.7,1182.6,1062960,1549.89,1602.85,90,1607.75,180,646170
2026-04-10T14:22:17.458,NF,BANKNIFTY28APR2655000CE,1597.35,1555.55,1719.8,1241.7,1182.6,1063260,1549.9,1592.2,60,1597.95,30,646170
2026-04-10T14:22:18.644,NF,BANKNIFTY28APR2655000CE,1591.7,1555.55,1719.8,1241.7,1182.6,1063290,1549.9,1591.45,90,1596.9,90,646170
2026-04-10T14:22:21.247,NF,BANKNIFTY28APR2655000CE,1593.75,1555.55,1719.8,1241.7,1182.6,1063440,1549.91,1592.8,60,1598.0,60,646170
2026-04-10T14:22:26.253,NF,BANKNIFTY28APR2655000CE,1598.0,1555.55,1719.8,1241.7,1182.6,1063470,1549.91,1596.45,60,1601.8,30,646170
2026-04-10T14:22:29.865,NF,BANKNIFTY28APR2655000CE,1591.7,1555.55,1719.8,1241.7,1182.6,1063500,1549.91,1591.0,30,1596.4,60,646170
2026-04-10T14:22:33.666,NF,BANKNIFTY28APR2655000CE,1584.0,1555.55,1719.8,1241.7,1182.6,1063680,1549.92,1585.7,150,1591.75,90,646170
2026-04-10T14:22:34.875,NF,BANKNIFTY28APR2655000CE,1588.3,1555.55,1719.8,1241.7,1182.6,1063770,1549.92,1584.8,60,1591.05,90,646170
2026-04-10T14:22:36.079,NF,BANKNIFTY28APR2655000CE,1590.2,1555.55,1719.8,1241.7,1182.6,1063800,1549.92,1580.15,30,1586.7,60,646170
2026-04-10T14:22:41.129,NF,BANKNIFTY28APR2655000CE,1585.0,1555.55,1719.8,1241.7,1182.6,1064010,1549.93,1583.05,150,1588.25,60,646170
2026-04-10T14:22:44.898,NF,BANKNIFTY28APR2655000CE,1585.65,1555.55,1719.8,1241.7,1182.6,1064040,1549.93,1580.6,60,1586.2,60,646170
2026-04-10T14:22:51.099,NF,BANKNIFTY28APR2655000CE,1580.95,1555.55,1719.8,1241.7,1182.6,1064400,1549.94,1580.05,150,1585.8,90,646170
2026-04-10T14:22:53.502,NF,BANKNIFTY28APR2655000CE,1579.45,1555.55,1719.8,1241.7,1182.6,1065450,1549.97,1579.0,60,1585.45,30,646170
2026-04-10T14:22:54.898,NF,BANKNIFTY28APR2655000CE,1579.5,1555.55,1719.8,1241.7,1182.6,1065480,1549.97,1578.9,60,1584.6,30,646170
2026-04-10T14:22:57.358,NF,BANKNIFTY28APR2655000CE,1575.6,1555.55,1719.8,1241.7,1182.6,1065630,1549.98,1569.05,60,1574.75,60,646170
2026-04-10T14:22:58.522,NF,BANKNIFTY28APR2655000CE,1566.8,1555.55,1719.8,1241.7,1182.6,1065750,1549.98,1566.6,150,1572.05,60,646170
2026-04-10T14:23:02.313,NF,BANKNIFTY28APR2655000CE,1567.55,1555.55,1719.8,1241.7,1182.6,1065780,1549.98,1568.1,60,1574.95,60,646170
2026-04-10T14:23:03.523,NF,BANKNIFTY28APR2655000CE,1568.2,1555.55,1719.8,1241.7,1182.6,1065870,1549.98,1567.85,210,1574.0,60,646170
2026-04-10T14:23:04.917,NF,BANKNIFTY28APR2655000CE,1571.2,1555.55,1719.8,1241.7,1182.6,1065900,1549.98,1569.95,180,1575.65,90,646170
2026-04-10T14:23:07.327,NF,BANKNIFTY28APR2655000CE,1567.5,1555.55,1719.8,1241.7,1182.6,1065930,1549.98,1568.2,60,1574.55,90,646170
2026-04-10T14:23:08.525,NF,BANKNIFTY28APR2655000CE,1565.2,1555.55,1719.8,1241.7,1182.6,1066980,1550.0,1567.15,120,1573.05,90,646170
2026-04-10T14:23:12.346,NF,BANKNIFTY28APR2655000CE,1576.9,1555.55,1719.8,1241.7,1182.6,1067040,1550.0,1573.45,30,1580.0,60,646170
2026-04-10T14:23:14.931,NF,BANKNIFTY28APR2655000CE,1576.95,1555.55,1719.8,1241.7,1182.6,1067070,1550.0,1575.1,30,1580.0,60,646170
2026-04-10T14:23:16.133,NF,BANKNIFTY28APR2655000CE,1578.35,1555.55,1719.8,1241.7,1182.6,1067100,1550.0,1575.45,120,1580.0,60,646170
2026-04-10T14:23:17.336,NF,BANKNIFTY28APR2655000CE,1580.0,1555.55,1719.8,1241.7,1182.6,1067130,1550.0,1572.7,30,1577.35,90,646170
2026-04-10T14:23:19.944,NF,BANKNIFTY28APR2655000CE,1567.55,1555.55,1719.8,1241.7,1182.6,1067160,1550.0,1564.3,30,1569.35,150,646170
2026-04-10T14:23:21.146,NF,BANKNIFTY28APR2655000CE,1561.95,1555.55,1719.8,1241.7,1182.6,1067190,1550.0,1563.3,30,1568.5,60,646170
2026-04-10T14:23:24.951,NF,BANKNIFTY28APR2655000CE,1562.85,1555.55,1719.8,1241.7,1182.6,1067220,1550.0,1560.0,30,1566.1,90,646170
2026-04-10T14:23:26.153,NF,BANKNIFTY28APR2655000CE,1560.0,1555.55,1719.8,1241.7,1182.6,1067250,1550.0,1556.3,30,1560.45,60,646170
2026-04-10T14:23:27.363,NF,BANKNIFTY28APR2655000CE,1560.75,1555.55,1719.8,1241.7,1182.6,1067280,1550.0,1556.9,30,1561.15,60,646170
2026-04-10T14:23:28.569,NF,BANKNIFTY28APR2655000CE,1560.85,1555.55,1719.8,1241.7,1182.6,1067310,1550.0,1557.05,30,1560.9,180,646170
2026-04-10T14:23:29.958,NF,BANKNIFTY28APR2655000CE,1560.5,1555.55,1719.8,1241.7,1182.6,1067400,1550.0,1556.95,30,1559.95,60,646170
2026-04-10T14:23:31.181,NF,BANKNIFTY28APR2655000CE,1558.05,1555.55,1719.8,1241.7,1182.6,1067460,1550.0,1558.1,90,1563.5,150,646170
2026-04-10T14:23:32.375,NF,BANKNIFTY28APR2655000CE,1562.95,1555.55,1719.8,1241.7,1182.6,1067490,1550.0,1560.25,30,1564.15,150,646170
2026-04-10T14:23:34.970,NF,BANKNIFTY28APR2655000CE,1564.2,1555.55,1719.8,1241.7,1182.6,1067550,1550.0,1559.4,30,1563.7,30,645330
2026-04-10T14:23:36.170,NF,BANKNIFTY28APR2655000CE,1562.35,1555.55,1719.8,1241.7,1182.6,1067580,1550.0,1558.1,30,1562.55,210,645330
2026-04-10T14:23:38.572,NF,BANKNIFTY28APR2655000CE,1564.15,1555.55,1719.8,1241.7,1182.6,1067610,1550.0,1560.15,30,1563.15,150,645330
2026-04-10T14:23:39.979,NF,BANKNIFTY28APR2655000CE,1560.0,1555.55,1719.8,1241.7,1182.6,1068270,1550.01,1556.3,30,1562.45,60,645330
2026-04-10T14:23:42.392,NF,BANKNIFTY28APR2655000CE,1555.15,1555.55,1719.8,1241.7,1182.6,1068300,1550.01,1556.55,60,1560.45,120,645330
2026-04-10T14:23:44.795,NF,BANKNIFTY28APR2655000CE,1558.85,1555.55,1719.8,1241.7,1182.6,1068330,1550.01,1556.45,60,1562.25,30,645330
2026-04-10T14:23:47.382,NF,BANKNIFTY28APR2655000CE,1557.1,1555.55,1719.8,1241.7,1182.6,1068360,1550.01,1556.2,60,1560.9,60,645330
2026-04-10T14:23:54.794,NF,BANKNIFTY28APR2655000CE,1556.95,1555.55,1719.8,1241.7,1182.6,1068420,1550.01,1555.5,30,1560.0,30,645330
2026-04-10T14:23:56.195,NF,BANKNIFTY28APR2655000CE,1555.0,1555.55,1719.8,1241.7,1182.6,1068510,1550.01,1550.2,30,1555.2,60,645330
2026-04-10T14:23:57.395,NF,BANKNIFTY28APR2655000CE,1550.0,1555.55,1719.8,1241.7,1182.6,1068540,1550.01,1546.95,30,1549.0,30,645330
2026-04-10T14:23:58.622,NF,BANKNIFTY28APR2655000CE,1549.0,1555.55,1719.8,1241.7,1182.6,1068570,1550.01,1545.9,30,1550.15,120,645330
2026-04-10T14:23:59.807,NF,BANKNIFTY28APR2655000CE,1544.4,1555.55,1719.8,1241.7,1182.6,1068720,1550.01,1544.2,30,1548.35,60,645330
2026-04-10T14:24:02.411,NF,BANKNIFTY28APR2655000CE,1542.1,1555.55,1719.8,1241.7,1182.6,1068870,1550.01,1545.9,60,1551.75,60,645330
2026-04-10T14:24:04.818,NF,BANKNIFTY28APR2655000CE,1548.15,1555.55,1719.8,1241.7,1182.6,1068900,1550.01,1543.1,30,1546.15,30,645330
2026-04-10T14:24:06.015,NF,BANKNIFTY28APR2655000CE,1546.15,1555.55,1719.8,1241.7,1182.6,1068930,1550.01,1542.0,30,1548.15,60,645330
2026-04-10T14:24:08.612,NF,BANKNIFTY28APR2655000CE,1540.0,1555.55,1719.8,1241.7,1182.6,1069140,1550.01,1534.2,30,1537.9,120,645330
2026-04-10T14:24:11.045,NF,BANKNIFTY28APR2655000CE,1536.45,1555.55,1719.8,1241.7,1182.6,1069170,1550.01,1533.15,60,1538.45,60,645330
2026-04-10T14:24:13.619,NF,BANKNIFTY28APR2655000CE,1532.25,1555.55,1719.8,1241.7,1182.6,1069260,1550.01,1532.1,30,1537.2,90,645330
2026-04-10T14:24:14.826,NF,BANKNIFTY28APR2655000CE,1532.25,1555.55,1719.8,1241.7,1182.6,1069350,1550.0,1536.0,30,1540.0,60,645330
2026-04-10T14:24:16.028,NF,BANKNIFTY28APR2655000CE,1533.0,1555.55,1719.8,1241.7,1182.6,1069410,1550.0,1532.2,90,1538.0,60,645330
2026-04-10T14:24:19.826,NF,BANKNIFTY28APR2655000CE,1537.3,1555.55,1719.8,1241.7,1182.6,1070400,1549.99,1532.5,60,1537.4,90,645330
2026-04-10T14:24:24.839,NF,BANKNIFTY28APR2655000CE,1540.0,1555.55,1719.8,1241.7,1182.6,1070460,1549.99,1537.75,30,1541.8,60,645330
2026-04-10T14:24:27.238,NF,BANKNIFTY28APR2655000CE,1540.0,1555.55,1719.8,1241.7,1182.6,1070520,1549.99,1540.55,30,1544.55,90,645330
2026-04-10T14:24:29.839,NF,BANKNIFTY28APR2655000CE,1545.85,1555.55,1719.8,1241.7,1182.6,1070550,1549.99,1541.3,30,1545.75,60,645330
2026-04-10T14:24:31.044,NF,BANKNIFTY28APR2655000CE,1548.75,1555.55,1719.8,1241.7,1182.6,1070880,1549.98,1542.0,90,1547.45,60,645330
2026-04-10T14:24:32.254,NF,BANKNIFTY28APR2655000CE,1546.95,1555.55,1719.8,1241.7,1182.6,1071030,1549.98,1542.8,60,1548.6,30,645330
2026-04-10T14:24:39.866,NF,BANKNIFTY28APR2655000CE,1539.25,1555.55,1719.8,1241.7,1182.6,1071090,1549.98,1539.3,60,1545.65,60,645330
2026-04-10T14:24:42.259,NF,BANKNIFTY28APR2655000CE,1537.45,1555.55,1719.8,1241.7,1182.6,1071150,1549.98,1537.7,60,1543.3,210,645330
2026-04-10T14:24:46.062,NF,BANKNIFTY28APR2655000CE,1539.25,1555.55,1719.8,1241.7,1182.6,1072080,1549.97,1538.1,30,1543.4,60,645330
2026-04-10T14:24:51.071,NF,BANKNIFTY28APR2655000CE,1539.55,1555.55,1719.8,1241.7,1182.6,1072110,1549.97,1539.25,60,1542.35,30,645330
2026-04-10T14:24:52.270,NF,BANKNIFTY28APR2655000CE,1539.0,1555.55,1719.8,1241.7,1182.6,1072140,1549.97,1539.15,90,1544.25,240,645330
2026-04-10T14:24:54.685,NF,BANKNIFTY28APR2655000CE,1539.8,1555.55,1719.8,1241.7,1182.6,1072170,1549.97,1539.2,60,1544.35,60,645330
2026-04-10T14:24:55.890,NF,BANKNIFTY28APR2655000CE,1542.0,1555.55,1719.8,1241.7,1182.6,1072200,1549.97,1539.95,60,1544.65,60,645330
2026-04-10T14:24:57.084,NF,BANKNIFTY28APR2655000CE,1539.0,1555.55,1719.8,1241.7,1182.6,1072290,1549.97,1532.9,60,1538.25,60,645330
2026-04-10T14:24:59.687,NF,BANKNIFTY28APR2655000CE,1541.35,1555.55,1719.8,1241.7,1182.6,1072440,1549.97,1540.3,30,1543.15,60,645330
2026-04-10T14:25:00.883,NF,BANKNIFTY28APR2655000CE,1537.95,1555.55,1719.8,1241.7,1182.6,1072680,1549.97,1537.25,30,1538.75,60,645330
2026-04-10T14:25:02.087,NF,BANKNIFTY28APR2655000CE,1535.1,1555.55,1719.8,1241.7,1182.6,1072740,1549.97,1530.0,180,1533.85,120,645330
2026-04-10T14:25:03.487,NF,BANKNIFTY28APR2655000CE,1530.0,1555.55,1719.8,1241.7,1182.6,1072920,1549.96,1530.9,30,1535.5,120,645330
2026-04-10T14:25:05.898,NF,BANKNIFTY28APR2655000CE,1529.85,1555.55,1719.8,1241.7,1182.6,1073130,1549.96,1529.0,30,1533.45,90,645330
2026-04-10T14:25:07.100,NF,BANKNIFTY28APR2655000CE,1534.45,1555.55,1719.8,1241.7,1182.6,1073160,1549.96,1530.8,60,1535.3,90,645330
2026-04-10T14:25:09.704,NF,BANKNIFTY28APR2655000CE,1530.55,1555.55,1719.8,1241.7,1182.6,1073310,1549.96,1530.45,30,1535.35,30,645330
2026-04-10T14:25:12.103,NF,BANKNIFTY28APR2655000CE,1532.75,1555.55,1719.8,1241.7,1182.6,1073340,1549.96,1533.0,30,1535.7,90,645330
2026-04-10T14:25:13.308,NF,BANKNIFTY28APR2655000CE,1535.0,1555.55,1719.8,1241.7,1182.6,1073370,1549.95,1529.6,60,1534.8,150,645330
2026-04-10T14:25:14.703,NF,BANKNIFTY28APR2655000CE,1534.65,1555.55,1719.8,1241.7,1182.6,1073400,1549.95,1530.35,30,1535.1,60,645330
2026-04-10T14:25:15.908,NF,BANKNIFTY28APR2655000CE,1537.45,1555.55,1719.8,1241.7,1182.6,1073670,1549.95,1534.15,30,1536.35,60,645330
2026-04-10T14:25:17.109,NF,BANKNIFTY28APR2655000CE,1536.25,1555.55,1719.8,1241.7,1182.6,1073730,1549.95,1533.45,30,1536.15,90,645330
2026-04-10T14:25:18.317,NF,BANKNIFTY28APR2655000CE,1538.0,1555.55,1719.8,1241.7,1182.6,1073820,1549.95,1533.5,90,1536.95,150,645330
2026-04-10T14:25:19.515,NF,BANKNIFTY28APR2655000CE,1537.0,1555.55,1719.8,1241.7,1182.6,1073850,1549.95,1533.55,30,1537.6,60,645330
2026-04-10T14:25:20.912,NF,BANKNIFTY28APR2655000CE,1533.55,1555.55,1719.8,1241.7,1182.6,1073880,1549.95,1533.5,90,1536.45,150,645330
2026-04-10T14:25:23.318,NF,BANKNIFTY28APR2655000CE,1533.8,1555.55,1719.8,1241.7,1182.6,1074210,1549.94,1531.15,30,1533.4,180,645330
2026-04-10T14:25:24.518,NF,BANKNIFTY28APR2655000CE,1531.75,1555.55,1719.8,1241.7,1182.6,1074390,1549.94,1528.05,90,1532.95,90,645330
2026-04-10T14:25:25.724,NF,BANKNIFTY28APR2655000CE,1532.85,1555.55,1719.8,1241.7,1182.6,1074420,1549.94,1529.9,30,1532.35,120,645330
2026-04-10T14:25:27.121,NF,BANKNIFTY28APR2655000CE,1528.55,1555.55,1719.8,1241.7,1182.6,1074450,1549.94,1528.0,90,1531.25,210,645330
2026-04-10T14:25:28.322,NF,BANKNIFTY28APR2655000CE,1528.45,1555.55,1719.8,1241.7,1182.6,1074480,1549.94,1528.05,60,1531.2,150,645330
2026-04-10T14:25:29.527,NF,BANKNIFTY28APR2655000CE,1528.0,1555.55,1719.8,1241.7,1182.6,1074630,1549.94,1527.55,120,1530.9,60,645330
2026-04-10T14:25:30.743,NF,BANKNIFTY28APR2655000CE,1522.25,1555.55,1719.8,1241.7,1182.6,1074990,1549.93,1517.65,30,1522.15,30,645330
2026-04-10T14:25:33.330,NF,BANKNIFTY28APR2655000CE,1523.8,1555.55,1719.8,1241.7,1182.6,1075140,1549.92,1522.15,30,1525.75,30,645330
2026-04-10T14:25:35.738,NF,BANKNIFTY28APR2655000CE,1525.4,1555.55,1719.8,1241.7,1182.6,1075230,1549.92,1524.45,30,1527.1,150,645330
2026-04-10T14:25:36.939,NF,BANKNIFTY28APR2655000CE,1527.55,1555.55,1719.8,1241.7,1182.6,1075410,1549.92,1526.1,120,1529.75,120,645330
2026-04-10T14:25:38.340,NF,BANKNIFTY28APR2655000CE,1524.7,1555.55,1719.8,1241.7,1182.6,1075470,1549.92,1521.1,30,1526.3,60,645330
2026-04-10T14:25:39.548,NF,BANKNIFTY28APR2655000CE,1525.65,1555.55,1719.8,1241.7,1182.6,1075500,1549.92,1520.55,150,1524.9,60,645330
2026-04-10T14:25:40.745,NF,BANKNIFTY28APR2655000CE,1520.55,1555.55,1719.8,1241.7,1182.6,1075590,1549.91,1520.6,30,1523.6,120,645330
2026-04-10T14:25:41.946,NF,BANKNIFTY28APR2655000CE,1520.65,1555.55,1719.8,1241.7,1182.6,1075950,1549.9,1520.85,30,1525.0,210,645330
2026-04-10T14:25:43.347,NF,BANKNIFTY28APR2655000CE,1527.55,1555.55,1719.8,1241.7,1182.6,1076280,1549.9,1526.85,90,1530.0,30,645330
2026-04-10T14:25:44.551,NF,BANKNIFTY28APR2655000CE,1526.25,1555.55,1719.8,1241.7,1182.6,1076310,1549.9,1525.4,90,1529.75,150,645330
2026-04-10T14:25:45.752,NF,BANKNIFTY28APR2655000CE,1525.1,1555.55,1719.8,1241.7,1182.6,1076340,1549.9,1524.6,30,1526.35,60,645330
2026-04-10T14:25:46.957,NF,BANKNIFTY28APR2655000CE,1521.3,1555.55,1719.8,1241.7,1182.6,1076400,1549.89,1523.65,90,1528.2,150,645330
2026-04-10T14:25:48.363,NF,BANKNIFTY28APR2655000CE,1527.95,1555.55,1719.8,1241.7,1182.6,1076550,1549.89,1523.1,30,1527.65,150,645330
2026-04-10T14:25:50.759,NF,BANKNIFTY28APR2655000CE,1527.25,1555.55,1719.8,1241.7,1182.6,1076580,1549.89,1523.8,30,1527.25,120,645330
2026-04-10T14:25:55.782,NF,BANKNIFTY28APR2655000CE,1529.95,1555.55,1719.8,1241.7,1182.6,1076610,1549.89,1527.5,150,1530.0,60,645330
2026-04-10T14:25:56.982,NF,BANKNIFTY28APR2655000CE,1530.0,1555.55,1719.8,1241.7,1182.6,1076670,1549.89,1529.3,30,1532.6,120,645330
2026-04-10T14:25:58.187,NF,BANKNIFTY28APR2655000CE,1533.05,1555.55,1719.8,1241.7,1182.6,1076850,1549.89,1529.95,30,1533.25,120,645330
2026-04-10T14:25:59.570,NF,BANKNIFTY28APR2655000CE,1534.95,1555.55,1719.8,1241.7,1182.6,1076910,1549.88,1530.45,60,1535.05,120,645330
2026-04-10T14:26:00.773,NF,BANKNIFTY28APR2655000CE,1532.3,1555.55,1719.8,1241.7,1182.6,1076940,1549.88,1531.85,30,1535.9,120,645330
2026-04-10T14:26:04.595,NF,BANKNIFTY28APR2655000CE,1537.8,1555.55,1719.8,1241.7,1182.6,1076970,1549.88,1536.05,30,1539.2,30,645330
2026-04-10T14:26:06.982,NF,BANKNIFTY28APR2655000CE,1535.05,1555.55,1719.8,1241.7,1182.6,1077060,1549.88,1533.55,180,1536.8,180,645330
2026-04-10T14:26:08.219,NF,BANKNIFTY28APR2655000CE,1530.2,1555.55,1719.8,1241.7,1182.6,1077330,1549.88,1527.4,60,1531.5,120,645330
2026-04-10T14:26:09.595,NF,BANKNIFTY28APR2655000CE,1526.35,1555.55,1719.8,1241.7,1182.6,1077390,1549.88,1528.0,60,1530.15,30,645330
2026-04-10T14:26:11.991,NF,BANKNIFTY28APR2655000CE,1530.15,1555.55,1719.8,1241.7,1182.6,1077480,1549.88,1523.55,60,1529.45,60,645330
2026-04-10T14:26:13.203,NF,BANKNIFTY28APR2655000CE,1524.35,1555.55,1719.8,1241.7,1182.6,1077630,1549.87,1521.2,30,1525.2,30,645330
2026-04-10T14:26:14.589,NF,BANKNIFTY28APR2655000CE,1522.05,1555.55,1719.8,1241.7,1182.6,1077660,1549.87,1523.2,90,1528.05,30,645330
2026-04-10T14:26:19.398,NF,BANKNIFTY28APR2655000CE,1526.7,1555.55,1719.8,1241.7,1182.6,1077930,1549.87,1522.1,90,1527.25,120,645330
2026-04-10T14:26:24.406,NF,BANKNIFTY28APR2655000CE,1530.5,1555.55,1719.8,1241.7,1182.6,1077960,1549.86,1530.0,30,1535.7,60,645330
2026-04-10T14:26:27.010,NF,BANKNIFTY28APR2655000CE,1530.0,1555.55,1719.8,1241.7,1182.6,1077990,1549.86,1528.45,90,1533.75,120,645330
2026-04-10T14:26:28.214,NF,BANKNIFTY28APR2655000CE,1528.45,1555.55,1719.8,1241.7,1182.6,1078050,1549.86,1524.6,30,1531.05,60,645330
2026-04-10T14:26:29.414,NF,BANKNIFTY28APR2655000CE,1528.35,1555.55,1719.8,1241.7,1182.6,1078200,1549.86,1524.05,60,1530.65,120,645330
2026-04-10T14:26:34.453,NF,BANKNIFTY28APR2655000CE,1530.0,1555.55,1719.8,1241.7,1182.6,1078230,1549.86,1526.45,60,1530.0,30,645330
2026-04-10T14:26:37.026,NF,BANKNIFTY28APR2655000CE,1527.9,1555.55,1719.8,1241.7,1182.6,1078290,1549.86,1527.3,30,1528.5,60,640890
2026-04-10T14:26:38.235,NF,BANKNIFTY28APR2655000CE,1527.2,1555.55,1719.8,1241.7,1182.6,1078350,1549.86,1522.4,60,1526.45,90,640890
2026-04-10T14:26:39.433,NF,BANKNIFTY28APR2655000CE,1526.45,1555.55,1719.8,1241.7,1182.6,1078440,1549.86,1522.95,90,1528.6,120,640890
2026-04-10T14:26:40.834,NF,BANKNIFTY28APR2655000CE,1525.55,1555.55,1719.8,1241.7,1182.6,1078470,1549.85,1522.95,90,1528.9,120,640890
2026-04-10T14:26:42.038,NF,BANKNIFTY28APR2655000CE,1526.45,1555.55,1719.8,1241.7,1182.6,1078500,1549.85,1524.9,90,1530.5,60,640890
2026-04-10T14:26:45.647,NF,BANKNIFTY28APR2655000CE,1532.05,1555.55,1719.8,1241.7,1182.6,1078680,1549.85,1527.1,30,1531.1,210,640890
2026-04-10T14:26:48.243,NF,BANKNIFTY28APR2655000CE,1531.15,1555.55,1719.8,1241.7,1182.6,1078710,1549.85,1527.95,90,1533.25,60,640890
2026-04-10T14:26:52.054,NF,BANKNIFTY28APR2655000CE,1535.0,1555.55,1719.8,1241.7,1182.6,1078740,1549.85,1534.1,60,1538.6,180,640890
2026-04-10T14:26:53.451,NF,BANKNIFTY28APR2655000CE,1544.95,1555.55,1719.8,1241.7,1182.6,1078770,1549.85,1541.15,60,1545.0,30,640890
2026-04-10T14:26:54.655,NF,BANKNIFTY28APR2655000CE,1545.0,1555.55,1719.8,1241.7,1182.6,1078800,1549.85,1541.35,30,1545.9,30,640890
2026-04-10T14:26:55.859,NF,BANKNIFTY28APR2655000CE,1545.9,1555.55,1719.8,1241.7,1182.6,1078860,1549.85,1541.05,60,1546.5,60,640890
2026-04-10T14:26:57.062,NF,BANKNIFTY28APR2655000CE,1547.3,1555.55,1719.8,1241.7,1182.6,1078890,1549.85,1542.85,60,1548.75,30,640890
2026-04-10T14:26:58.471,NF,BANKNIFTY28APR2655000CE,1549.85,1555.55,1719.8,1241.7,1182.6,1078920,1549.85,1544.5,60,1550.0,30,640890
2026-04-10T14:26:59.673,NF,BANKNIFTY28APR2655000CE,1550.0,1555.55,1719.8,1241.7,1182.6,1078950,1549.85,1546.4,120,1550.0,450,640890
2026-04-10T14:27:00.864,NF,BANKNIFTY28APR2655000CE,1554.45,1555.55,1719.8,1241.7,1182.6,1079340,1549.85,1545.85,90,1551.6,150,640890
2026-04-10T14:27:04.669,NF,BANKNIFTY28APR2655000CE,1544.55,1555.55,1719.8,1241.7,1182.6,1079370,1549.85,1541.9,60,1548.15,120,640890
2026-04-10T14:27:05.881,NF,BANKNIFTY28APR2655000CE,1547.25,1555.55,1719.8,1241.7,1182.6,1079400,1549.85,1540.6,30,1545.85,150,640890
2026-04-10T14:27:08.280,NF,BANKNIFTY28APR2655000CE,1546.4,1555.55,1719.8,1241.7,1182.6,1079550,1549.85,1541.4,60,1546.85,90,640890
2026-04-10T14:27:09.683,NF,BANKNIFTY28APR2655000CE,1548.35,1555.55,1719.8,1241.7,1182.6,1080180,1549.85,1541.4,30,1547.45,120,640890
2026-04-10T14:27:10.884,NF,BANKNIFTY28APR2655000CE,1546.8,1555.55,1719.8,1241.7,1182.6,1080240,1549.85,1546.05,60,1550.85,150,640890
2026-04-10T14:27:12.096,NF,BANKNIFTY28APR2655000CE,1550.0,1555.55,1719.8,1241.7,1182.6,1080270,1549.85,1545.4,150,1549.2,60,640890
2026-04-10T14:27:14.692,NF,BANKNIFTY28APR2655000CE,1545.6,1555.55,1719.8,1241.7,1182.6,1080300,1549.85,1541.45,30,1547.6,60,640890
2026-04-10T14:27:15.890,NF,BANKNIFTY28APR2655000CE,1541.1,1555.55,1719.8,1241.7,1182.6,1080330,1549.85,1535.5,90,1541.85,120,640890
2026-04-10T14:27:18.294,NF,BANKNIFTY28APR2655000CE,1542.05,1555.55,1719.8,1241.7,1182.6,1080360,1549.85,1536.95,90,1542.5,150,640890
2026-04-10T14:27:19.699,NF,BANKNIFTY28APR2655000CE,1543.35,1555.55,1719.8,1241.7,1182.6,1080390,1549.85,1538.15,90,1543.15,120,640890
2026-04-10T14:27:20.895,NF,BANKNIFTY28APR2655000CE,1538.3,1555.55,1719.8,1241.7,1182.6,1080720,1549.84,1539.85,150,1544.95,60,640890
2026-04-10T14:27:22.097,NF,BANKNIFTY28APR2655000CE,1539.45,1555.55,1719.8,1241.7,1182.6,1080780,1549.84,1536.2,60,1541.7,30,640890
2026-04-10T14:27:24.700,NF,BANKNIFTY28APR2655000CE,1539.95,1555.55,1719.8,1241.7,1182.6,1080930,1549.84,1536.35,180,1542.3,120,640890
2026-04-10T14:27:27.106,NF,BANKNIFTY28APR2655000CE,1535.0,1555.55,1719.8,1241.7,1182.6,1080960,1549.84,1530.5,90,1536.4,150,640890
2026-04-10T14:27:29.705,NF,BANKNIFTY28APR2655000CE,1533.65,1555.55,1719.8,1241.7,1182.6,1080990,1549.84,1533.65,60,1538.8,60,640890
2026-04-10T14:27:32.117,NF,BANKNIFTY28APR2655000CE,1530.0,1555.55,1719.8,1241.7,1182.6,1082190,1549.82,1530.0,30,1534.3,30,640890
2026-04-10T14:27:33.315,NF,BANKNIFTY28APR2655000CE,1530.0,1555.55,1719.8,1241.7,1182.6,1082220,1549.82,1525.9,30,1530.15,120,640890
2026-04-10T14:27:34.715,NF,BANKNIFTY28APR2655000CE,1526.65,1555.55,1719.8,1241.7,1182.6,1085310,1549.76,1525.2,60,1531.2,30,640890
2026-04-10T14:27:35.916,NF,BANKNIFTY28APR2655000CE,1522.55,1555.55,1719.8,1241.7,1182.6,1087050,1549.72,1523.05,120,1528.85,90,640890
2026-04-10T14:27:37.144,NF,BANKNIFTY28APR2655000CE,1529.9,1555.55,1719.8,1241.7,1182.6,1087110,1549.72,1525.6,30,1531.3,120,640890
2026-04-10T14:27:38.322,NF,BANKNIFTY28APR2655000CE,1527.95,1555.55,1719.8,1241.7,1182.6,1087140,1549.72,1527.8,90,1532.65,120,640890
2026-04-10T14:27:42.134,NF,BANKNIFTY28APR2655000CE,1528.35,1555.55,1719.8,1241.7,1182.6,1087170,1549.72,1527.0,120,1531.8,90,640890
2026-04-10T14:27:43.328,NF,BANKNIFTY28APR2655000CE,1531.3,1555.55,1719.8,1241.7,1182.6,1087350,1549.72,1525.7,240,1531.7,90,640890
2026-04-10T14:27:44.729,NF,BANKNIFTY28APR2655000CE,1531.85,1555.55,1719.8,1241.7,1182.6,1087380,1549.72,1528.2,60,1533.35,30,640890
2026-04-10T14:27:47.140,NF,BANKNIFTY28APR2655000CE,1537.0,1555.55,1719.8,1241.7,1182.6,1087440,1549.72,1537.85,90,1543.3,60,640890
2026-04-10T14:27:49.735,NF,BANKNIFTY28APR2655000CE,1542.0,1555.55,1719.8,1241.7,1182.6,1087500,1549.72,1540.2,30,1546.95,120,640890
2026-04-10T14:27:53.143,NF,BANKNIFTY28APR2655000CE,1548.65,1555.55,1719.8,1241.7,1182.6,1089330,1549.72,1542.95,60,1548.45,60,640890
2026-04-10T14:27:54.349,NF,BANKNIFTY28APR2655000CE,1543.9,1555.55,1719.8,1241.7,1182.6,1089360,1549.71,1542.8,30,1547.65,90,640890
2026-04-10T14:27:56.954,NF,BANKNIFTY28APR2655000CE,1541.5,1555.55,1719.8,1241.7,1182.6,1089390,1549.71,1535.9,180,1541.35,90,640890
2026-04-10T14:27:59.350,NF,BANKNIFTY28APR2655000CE,1542.05,1555.55,1719.8,1241.7,1182.6,1089420,1549.71,1539.05,90,1544.8,120,640890
2026-04-10T14:28:04.359,NF,BANKNIFTY28APR2655000CE,1544.3,1555.55,1719.8,1241.7,1182.6,1089450,1549.71,1545.25,90,1550.65,60,640890
2026-04-10T14:28:09.369,NF,BANKNIFTY28APR2655000CE,1548.65,1555.55,1719.8,1241.7,1182.6,1089480,1549.71,1545.55,90,1551.15,60,640890
2026-04-10T14:28:10.569,NF,BANKNIFTY28APR2655000CE,1548.0,1555.55,1719.8,1241.7,1182.6,1089510,1549.71,1545.45,60,1550.5,60,640890
2026-04-10T14:28:14.381,NF,BANKNIFTY28APR2655000CE,1551.85,1555.55,1719.8,1241.7,1182.6,1089570,1549.71,1548.15,60,1554.2,30,640890
2026-04-10T14:28:15.585,NF,BANKNIFTY28APR2655000CE,1540.6,1555.55,1719.8,1241.7,1182.6,1090230,1549.71,1544.05,60,1549.8,120,640890
2026-04-10T14:28:16.790,NF,BANKNIFTY28APR2655000CE,1549.35,1555.55,1719.8,1241.7,1182.6,1090260,1549.71,1545.35,180,1549.35,30,640890
2026-04-10T14:28:19.390,NF,BANKNIFTY28APR2655000CE,1550.4,1555.55,1719.8,1241.7,1182.6,1090380,1549.71,1544.55,60,1550.0,90,640890
2026-04-10T14:28:21.792,NF,BANKNIFTY28APR2655000CE,1549.35,1555.55,1719.8,1241.7,1182.6,1090410,1549.71,1545.8,90,1549.35,30,640890
2026-04-10T14:28:24.391,NF,BANKNIFTY28APR2655000CE,1549.95,1555.55,1719.8,1241.7,1182.6,1090500,1549.71,1545.4,90,1550.2,150,640890
2026-04-10T14:28:25.594,NF,BANKNIFTY28APR2655000CE,1545.0,1555.55,1719.8,1241.7,1182.6,1090530,1549.71,1541.15,90,1546.65,30,640890
2026-04-10T14:28:30.607,NF,BANKNIFTY28APR2655000CE,1545.15,1555.55,1719.8,1241.7,1182.6,1090590,1549.71,1544.4,30,1549.95,150,640890
2026-04-10T14:28:34.406,NF,BANKNIFTY28APR2655000CE,1559.15,1555.55,1719.8,1241.7,1182.6,1092390,1549.72,1547.1,120,1552.95,210,640890
2026-04-10T14:28:35.613,NF,BANKNIFTY28APR2655000CE,1548.6,1555.55,1719.8,1241.7,1182.6,1092420,1549.72,1549.85,60,1556.35,60,640890
2026-04-10T14:28:36.811,NF,BANKNIFTY28APR2655000CE,1555.0,1555.55,1719.8,1241.7,1182.6,1092510,1549.72,1552.6,120,1557.85,30,640890
2026-04-10T14:28:41.821,NF,BANKNIFTY28APR2655000CE,1555.55,1555.55,1719.8,1241.7,1182.6,1092540,1549.72,1549.4,60,1555.35,120,640890
2026-04-10T14:28:44.229,NF,BANKNIFTY28APR2655000CE,1555.05,1555.55,1719.8,1241.7,1182.6,1092600,1549.72,1549.95,60,1557.2,120,640890
2026-04-10T14:28:45.626,NF,BANKNIFTY28APR2655000CE,1556.15,1555.55,1719.8,1241.7,1182.6,1092690,1549.72,1551.95,60,1557.5,180,640890
2026-04-10T14:28:46.829,NF,BANKNIFTY28APR2655000CE,1555.0,1555.55,1719.8,1241.7,1182.6,1093020,1549.72,1549.35,60,1555.65,60,640890
2026-04-10T14:28:50.444,NF,BANKNIFTY28APR2655000CE,1554.5,1555.55,1719.8,1241.7,1182.6,1093110,1549.72,1549.25,30,1555.35,120,640890
2026-04-10T14:28:51.638,NF,BANKNIFTY28APR2655000CE,1556.7,1555.55,1719.8,1241.7,1182.6,1093710,1549.73,1550.0,60,1555.05,240,640890
2026-04-10T14:28:56.645,NF,BANKNIFTY28APR2655000CE,1546.45,1555.55,1719.8,1241.7,1182.6,1093770,1549.72,1538.1,60,1543.6,120,640890
2026-04-10T14:28:59.055,NF,BANKNIFTY28APR2655000CE,1544.6,1555.55,1719.8,1241.7,1182.6,1093800,1549.72,1539.9,60,1545.8,120,640890
2026-04-10T14:29:05.458,NF,BANKNIFTY28APR2655000CE,1546.0,1555.55,1719.8,1241.7,1182.6,1094190,1549.72,1540.25,90,1545.65,180,640890
2026-04-10T14:29:10.468,NF,BANKNIFTY28APR2655000CE,1544.6,1555.55,1719.8,1241.7,1182.6,1094490,1549.72,1540.6,90,1545.95,240,640890
2026-04-10T14:29:16.679,NF,BANKNIFTY28APR2655000CE,1543.2,1555.55,1719.8,1241.7,1182.6,1094520,1549.72,1546.15,60,1551.65,60,640890
2026-04-10T14:29:20.485,NF,BANKNIFTY28APR2655000CE,1550.5,1555.55,1719.8,1241.7,1182.6,1095120,1549.72,1544.85,90,1550.5,210,640890
2026-04-10T14:29:26.691,NF,BANKNIFTY28APR2655000CE,1544.0,1555.55,1719.8,1241.7,1182.6,1095180,1549.72,1540.25,90,1546.0,120,640890
2026-04-10T14:29:32.930,NF,BANKNIFTY28APR2655000CE,1533.0,1555.55,1719.8,1241.7,1182.6,1095240,1549.72,1528.75,90,1533.65,120,640890
2026-04-10T14:29:36.716,NF,BANKNIFTY28APR2655000CE,1528.8,1555.55,1719.8,1241.7,1182.6,1095270,1549.72,1530.55,120,1535.65,30,635700
2026-04-10T14:29:42.918,NF,BANKNIFTY28APR2655000CE,1540.0,1555.55,1719.8,1241.7,1182.6,1095300,1549.72,1537.25,180,1541.8,120,635700
2026-04-10T14:29:46.720,NF,BANKNIFTY28APR2655000CE,1543.0,1555.55,1719.8,1241.7,1182.6,1095570,1549.72,1542.7,90,1548.75,90,635700
2026-04-10T14:29:49.125,NF,BANKNIFTY28APR2655000CE,1551.15,1555.55,1719.8,1241.7,1182.6,1095630,1549.72,1547.8,90,1553.45,60,635700
2026-04-10T14:29:50.526,NF,BANKNIFTY28APR2655000CE,1555.0,1555.55,1719.8,1241.7,1182.6,1095780,1549.72,1552.2,120,1556.8,30,635700
2026-04-10T14:29:52.934,NF,BANKNIFTY28APR2655000CE,1556.8,1555.55,1719.8,1241.7,1182.6,1095810,1549.72,1553.7,150,1558.45,150,635700
2026-04-10T14:29:54.340,NF,BANKNIFTY28APR2655000CE,1553.95,1555.55,1719.8,1241.7,1182.6,1095840,1549.72,1551.35,60,1557.3,90,635700
2026-04-10T14:30:04.144,NF,BANKNIFTY28APR2655000CE,1546.25,1555.55,1719.8,1241.7,1182.6,1095930,1549.72,1544.1,60,1551.2,60,635700
2026-04-10T14:30:05.348,NF,BANKNIFTY28APR2655000CE,1557.4,1555.55,1719.8,1241.7,1182.6,1097040,1549.72,1549.75,120,1557.35,180,635700
2026-04-10T14:30:06.761,NF,BANKNIFTY28APR2655000CE,1559.1,1555.55,1719.8,1241.7,1182.6,1099020,1549.74,1552.45,90,1556.9,30,635700
2026-04-10T14:30:10.358,NF,BANKNIFTY28APR2655000CE,1552.9,1555.55,1719.8,1241.7,1182.6,1099110,1549.74,1549.4,180,1554.75,90,635700
2026-04-10T14:30:21.570,NF,BANKNIFTY28APR2655000CE,1550.0,1555.55,1719.8,1241.7,1182.6,1099170,1549.74,1545.7,30,1551.3,60,635700
2026-04-10T14:30:22.774,NF,BANKNIFTY28APR2655000CE,1550.65,1555.55,1719.8,1241.7,1182.6,1099200,1549.74,1546.55,60,1551.95,60,635700
2026-04-10T14:30:26.576,NF,BANKNIFTY28APR2655000CE,1552.9,1555.55,1719.8,1241.7,1182.6,1099230,1549.74,1551.15,60,1556.9,60,635700
2026-04-10T14:30:27.777,NF,BANKNIFTY28APR2655000CE,1559.0,1555.55,1719.8,1241.7,1182.6,1099470,1549.74,1558.9,60,1562.7,30,635700
2026-04-10T14:30:28.982,NF,BANKNIFTY28APR2655000CE,1565.9,1555.55,1719.8,1241.7,1182.6,1099590,1549.74,1562.85,60,1566.0,30,635700
2026-04-10T14:30:30.186,NF,BANKNIFTY28APR2655000CE,1562.0,1555.55,1719.8,1241.7,1182.6,1099740,1549.74,1561.8,30,1567.6,60,635700
2026-04-10T14:30:31.593,NF,BANKNIFTY28APR2655000CE,1568.0,1555.55,1719.8,1241.7,1182.6,1099800,1549.74,1563.0,60,1568.55,30,635700
2026-04-10T14:30:32.786,NF,BANKNIFTY28APR2655000CE,1568.0,1555.55,1719.8,1241.7,1182.6,1099830,1549.74,1560.3,30,1565.95,30,635700
2026-04-10T14:30:33.986,NF,BANKNIFTY28APR2655000CE,1567.3,1555.55,1719.8,1241.7,1182.6,1099890,1549.74,1559.85,60,1565.35,120,635700
2026-04-10T14:30:40.195,NF,BANKNIFTY28APR2655000CE,1562.5,1555.55,1719.8,1241.7,1182.6,1099920,1549.74,1563.25,90,1567.6,30,635700
2026-04-10T14:30:42.600,NF,BANKNIFTY28APR2655000CE,1572.0,1555.55,1719.8,1241.7,1182.6,1099950,1549.75,1570.7,60,1576.05,30,635700
2026-04-10T14:30:46.401,NF,BANKNIFTY28APR2655000CE,1566.8,1555.55,1719.8,1241.7,1182.6,1100070,1549.75,1566.1,150,1571.95,60,635700
2026-04-10T14:30:50.221,NF,BANKNIFTY28APR2655000CE,1570.3,1555.55,1719.8,1241.7,1182.6,1100820,1549.76,1570.5,90,1576.1,60,635700
2026-04-10T14:30:51.406,NF,BANKNIFTY28APR2655000CE,1574.25,1555.55,1719.8,1241.7,1182.6,1100850,1549.76,1569.35,150,1574.1,90,635700
2026-04-10T14:30:53.819,NF,BANKNIFTY28APR2655000CE,1575.6,1555.55,1719.8,1241.7,1182.6,1100880,1549.76,1570.1,30,1575.45,150,635700
2026-04-10T14:30:55.017,NF,BANKNIFTY28APR2655000CE,1574.5,1555.55,1719.8,1241.7,1182.6,1101090,1549.77,1570.15,30,1574.65,30,635700
2026-04-10T14:31:00.033,NF,BANKNIFTY28APR2655000CE,1577.0,1555.55,1719.8,1241.7,1182.6,1101120,1549.77,1571.8,60,1577.65,60,635700
2026-04-10T14:31:01.219,NF,BANKNIFTY28APR2655000CE,1571.3,1555.55,1719.8,1241.7,1182.6,1101480,1549.78,1568.55,30,1574.4,60,635700
2026-04-10T14:31:02.431,NF,BANKNIFTY28APR2655000CE,1568.9,1555.55,1719.8,1241.7,1182.6,1101600,1549.78,1568.1,120,1574.1,30,635700
2026-04-10T14:31:04.832,NF,BANKNIFTY28APR2655000CE,1570.55,1555.55,1719.8,1241.7,1182.6,1101720,1549.78,1568.55,180,1574.1,90,635700
2026-04-10T14:31:07.428,NF,BANKNIFTY28APR2655000CE,1573.2,1555.55,1719.8,1241.7,1182.6,1101900,1549.79,1569.3,120,1574.5,90,635700
2026-04-10T14:31:08.630,NF,BANKNIFTY28APR2655000CE,1576.15,1555.55,1719.8,1241.7,1182.6,1101930,1549.79,1568.15,60,1575.0,150,635700
2026-04-10T14:31:12.441,NF,BANKNIFTY28APR2655000CE,1571.2,1555.55,1719.8,1241.7,1182.6,1102050,1549.79,1570.45,60,1576.3,30,635700
2026-04-10T14:31:13.638,NF,BANKNIFTY28APR2655000CE,1576.8,1555.55,1719.8,1241.7,1182.6,1102320,1549.8,1571.9,60,1577.3,30,635700
2026-04-10T14:31:14.851,NF,BANKNIFTY28APR2655000CE,1575.95,1555.55,1719.8,1241.7,1182.6,1102500,1549.8,1571.65,90,1576.55,30,635700
2026-04-10T14:31:16.043,NF,BANKNIFTY28APR2655000CE,1575.5,1555.55,1719.8,1241.7,1182.6,1102770,1549.81,1572.2,30,1577.1,60,635700
2026-04-10T14:31:17.439,NF,BANKNIFTY28APR2655000CE,1577.0,1555.55,1719.8,1241.7,1182.6,1103040,1549.81,1577.0,90,1578.0,300,635700
2026-04-10T14:31:19.845,NF,BANKNIFTY28APR2655000CE,1574.1,1555.55,1719.8,1241.7,1182.6,1103160,1549.82,1571.85,30,1577.15,30,635700
2026-04-10T14:31:22.446,NF,BANKNIFTY28APR2655000CE,1578.0,1555.55,1719.8,1241.7,1182.6,1103760,1549.83,1571.2,90,1576.3,150,635700
2026-04-10T14:31:23.653,NF,BANKNIFTY28APR2655000CE,1576.45,1555.55,1719.8,1241.7,1182.6,1104060,1549.84,1570.25,60,1576.35,120,635700
2026-04-10T14:31:24.854,NF,BANKNIFTY28APR2655000CE,1574.95,1555.55,1719.8,1241.7,1182.6,1104360,1549.84,1571.0,60,1575.0,30,635700
2026-04-10T14:31:26.087,NF,BANKNIFTY28APR2655000CE,1575.0,1555.55,1719.8,1241.7,1182.6,1104390,1549.85,1570.6,90,1576.6,150,635700
2026-04-10T14:31:27.455,NF,BANKNIFTY28APR2655000CE,1567.65,1555.55,1719.8,1241.7,1182.6,1104960,1549.86,1559.75,30,1566.2,120,635700
2026-04-10T14:31:28.659,NF,BANKNIFTY28APR2655000CE,1566.75,1555.55,1719.8,1241.7,1182.6,1105020,1549.86,1562.7,90,1568.15,90,635700
2026-04-10T14:31:29.870,NF,BANKNIFTY28APR2655000CE,1567.85,1555.55,1719.8,1241.7,1182.6,1105050,1549.86,1562.3,90,1565.0,30,635700
2026-04-10T14:31:31.082,NF,BANKNIFTY28APR2655000CE,1565.0,1555.55,1719.8,1241.7,1182.6,1105080,1549.86,1565.1,60,1570.0,60,635700
2026-04-10T14:31:32.464,NF,BANKNIFTY28APR2655000CE,1570.9,1555.55,1719.8,1241.7,1182.6,1105170,1549.86,1565.3,60,1570.05,30,635700
2026-04-10T14:31:34.886,NF,BANKNIFTY28APR2655000CE,1571.3,1555.55,1719.8,1241.7,1182.6,1105200,1549.86,1566.65,90,1572.3,60,635700
2026-04-10T14:31:41.100,NF,BANKNIFTY28APR2655000CE,1560.0,1555.55,1719.8,1241.7,1182.6,1105260,1549.86,1558.45,60,1564.45,60,635700
2026-04-10T14:31:43.684,NF,BANKNIFTY28APR2655000CE,1557.75,1555.55,1719.8,1241.7,1182.6,1105560,1549.86,1559.3,60,1566.25,60,635700
2026-04-10T14:32:04.727,NF,BANKNIFTY28APR2655000CE,1563.9,1555.55,1719.8,1241.7,1182.6,1105620,1549.86,1556.0,120,1561.5,210,635700
2026-04-10T14:32:07.124,NF,BANKNIFTY28APR2655000CE,1555.15,1555.55,1719.8,1241.7,1182.6,1105680,1549.86,1555.1,90,1560.9,90,635700
2026-04-10T14:32:08.527,NF,BANKNIFTY28APR2655000CE,1555.35,1555.55,1719.8,1241.7,1182.6,1105740,1549.86,1555.4,30,1560.75,90,635700
2026-04-10T14:32:09.748,NF,BANKNIFTY28APR2655000CE,1558.9,1555.55,1719.8,1241.7,1182.6,1105830,1549.86,1557.75,60,1562.7,60,635700
2026-04-10T14:32:10.933,NF,BANKNIFTY28APR2655000CE,1556.8,1555.55,1719.8,1241.7,1182.6,1105890,1549.86,1556.4,60,1562.2,60,635700
2026-04-10T14:32:12.131,NF,BANKNIFTY28APR2655000CE,1557.6,1555.55,1719.8,1241.7,1182.6,1105920,1549.86,1557.0,30,1560.0,30,635700
2026-04-10T14:32:13.548,NF,BANKNIFTY28APR2655000CE,1556.85,1555.55,1719.8,1241.7,1182.6,1105950,1549.87,1553.9,60,1559.45,90,635700
2026-04-10T14:32:15.942,NF,BANKNIFTY28APR2655000CE,1560.0,1555.55,1719.8,1241.7,1182.6,1105980,1549.87,1557.95,150,1563.55,60,635700
2026-04-10T14:32:18.335,NF,BANKNIFTY28APR2655000CE,1555.2,1555.55,1719.8,1241.7,1182.6,1106040,1549.87,1555.5,240,1560.65,90,635700
2026-04-10T14:32:23.344,NF,BANKNIFTY28APR2655000CE,1552.2,1555.55,1719.8,1241.7,1182.6,1106070,1549.87,1553.25,120,1559.3,90,635700
2026-04-10T14:32:28.348,NF,BANKNIFTY28APR2655000CE,1557.0,1555.55,1719.8,1241.7,1182.6,1106100,1549.87,1554.3,120,1561.5,90,635700
2026-04-10T14:32:35.963,NF,BANKNIFTY28APR2655000CE,1557.0,1555.55,1719.8,1241.7,1182.6,1106130,1549.87,1556.2,150,1561.85,90,635700
2026-04-10T14:32:38.363,NF,BANKNIFTY28APR2655000CE,1558.2,1555.55,1719.8,1241.7,1182.6,1106160,1549.87,1557.6,90,1563.5,60,635700
2026-04-10T14:33:09.821,NF,BANKNIFTY28APR2655000CE,1565.0,1555.55,1719.8,1241.7,1182.6,1106190,1549.87,1561.95,30,1567.85,90,631440
2026-04-10T14:33:18.432,NF,BANKNIFTY28APR2655000CE,1563.05,1555.55,1719.8,1241.7,1182.6,1106280,1549.87,1562.25,60,1567.25,90,631440
2026-04-10T14:33:19.636,NF,BANKNIFTY28APR2655000CE,1565.0,1555.55,1719.8,1241.7,1182.6,1106310,1549.87,1564.5,180,1568.0,30,631440
2026-04-10T14:33:21.042,NF,BANKNIFTY28APR2655000CE,1568.0,1555.55,1719.8,1241.7,1182.6,1106340,1549.87,1567.8,120,1572.85,60,631440
2026-04-10T14:33:30.857,NF,BANKNIFTY28APR2655000CE,1573.25,1555.55,1719.8,1241.7,1182.6,1106370,1549.87,1563.95,60,1568.9,60,631440
2026-04-10T14:33:37.266,NF,BANKNIFTY28APR2655000CE,1576.0,1555.55,1719.8,1241.7,1182.6,1106430,1549.87,1570.55,90,1574.75,60,631440
2026-04-10T14:33:43.471,NF,BANKNIFTY28APR2655000CE,1575.75,1555.55,1719.8,1241.7,1182.6,1106580,1549.87,1571.05,60,1576.8,30,631440
2026-04-10T14:33:49.674,NF,BANKNIFTY28APR2655000CE,1565.0,1555.55,1719.8,1241.7,1182.6,1106730,1549.88,1563.9,120,1569.7,90,631440
2026-04-10T14:33:52.080,NF,BANKNIFTY28APR2655000CE,1570.15,1555.55,1719.8,1241.7,1182.6,1106760,1549.88,1567.05,90,1572.6,120,631440
2026-04-10T14:34:03.498,NF,BANKNIFTY28APR2655000CE,1569.0,1555.55,1719.8,1241.7,1182.6,1106820,1549.88,1570.7,60,1576.35,180,631440
2026-04-10T14:34:08.504,NF,BANKNIFTY28APR2655000CE,1563.15,1555.55,1719.8,1241.7,1182.6,1106850,1549.88,1562.45,60,1568.45,90,631440
2026-04-10T14:34:10.905,NF,BANKNIFTY28APR2655000CE,1563.75,1555.55,1719.8,1241.7,1182.6,1106880,1549.88,1564.1,90,1569.75,90,631440
2026-04-10T14:34:12.151,NF,BANKNIFTY28APR2655000CE,1568.95,1555.55,1719.8,1241.7,1182.6,1107000,1549.88,1568.85,120,1574.5,90,631440
2026-04-10T14:34:13.515,NF,BANKNIFTY28APR2655000CE,1568.75,1555.55,1719.8,1241.7,1182.6,1107030,1549.88,1568.7,270,1574.25,90,631440
2026-04-10T14:34:28.527,NF,BANKNIFTY28APR2655000CE,1568.75,1555.55,1719.8,1241.7,1182.6,1107060,1549.88,1564.7,90,1568.75,120,631440
2026-04-10T14:34:30.940,NF,BANKNIFTY28APR2655000CE,1568.75,1555.55,1719.8,1241.7,1182.6,1107090,1549.88,1566.95,90,1568.75,90,631440
2026-04-10T14:34:32.135,NF,BANKNIFTY28APR2655000CE,1569.0,1555.55,1719.8,1241.7,1182.6,1107210,1549.88,1567.75,60,1573.05,90,631440
2026-04-10T14:34:35.942,NF,BANKNIFTY28APR2655000CE,1568.15,1555.55,1719.8,1241.7,1182.6,1107300,1549.89,1564.8,90,1570.05,180,631440
2026-04-10T14:34:40.951,NF,BANKNIFTY28APR2655000CE,1560.0,1555.55,1719.8,1241.7,1182.6,1107360,1549.89,1555.95,60,1561.65,60,631440
2026-04-10T14:34:43.364,NF,BANKNIFTY28APR2655000CE,1562.25,1555.55,1719.8,1241.7,1182.6,1107390,1549.89,1557.5,60,1562.95,30,631440
2026-04-10T14:34:56.986,NF,BANKNIFTY28APR2655000CE,1551.05,1555.55,1719.8,1241.7,1182.6,1107420,1549.89,1552.8,30,1558.6,60,631440
2026-04-10T14:34:58.190,NF,BANKNIFTY28APR2655000CE,1550.0,1555.55,1719.8,1241.7,1182.6,1107450,1549.89,1546.1,120,1550.0,60,631440
2026-04-10T14:34:59.378,NF,BANKNIFTY28APR2655000CE,1545.95,1555.55,1719.8,1241.7,1182.6,1107540,1549.89,1547.1,60,1553.95,60,631440
2026-04-10T14:35:00.586,NF,BANKNIFTY28APR2655000CE,1545.9,1555.55,1719.8,1241.7,1182.6,1107570,1549.89,1544.0,150,1549.15,180,631440
2026-04-10T14:35:01.990,NF,BANKNIFTY28APR2655000CE,1540.0,1555.55,1719.8,1241.7,1182.6,1108050,1549.88,1543.0,30,1548.2,180,631440
2026-04-10T14:35:05.591,NF,BANKNIFTY28APR2655000CE,1542.25,1555.55,1719.8,1241.7,1182.6,1108230,1549.88,1541.25,150,1548.9,60,631440
2026-04-10T14:35:13.194,NF,BANKNIFTY28APR2655000CE,1542.65,1555.55,1719.8,1241.7,1182.6,1108260,1549.88,1541.8,60,1547.35,90,631440
2026-04-10T14:35:15.610,NF,BANKNIFTY28APR2655000CE,1541.9,1555.55,1719.8,1241.7,1182.6,1108290,1549.88,1541.75,180,1547.65,90,631440
2026-04-10T14:35:18.012,NF,BANKNIFTY28APR2655000CE,1540.35,1555.55,1719.8,1241.7,1182.6,1108590,1549.88,1541.75,30,1547.15,240,631440
2026-04-10T14:35:20.623,NF,BANKNIFTY28APR2655000CE,1546.95,1555.55,1719.8,1241.7,1182.6,1108680,1549.88,1543.2,30,1547.75,120,631440
2026-04-10T14:35:32.845,NF,BANKNIFTY28APR2655000CE,1541.1,1555.55,1719.8,1241.7,1182.6,1108710,1549.88,1540.0,150,1543.85,60,631440
2026-04-10T14:35:35.431,NF,BANKNIFTY28APR2655000CE,1540.0,1555.55,1719.8,1241.7,1182.6,1108770,1549.88,1540.0,120,1543.9,60,631440
2026-04-10T14:35:37.839,NF,BANKNIFTY28APR2655000CE,1540.0,1555.55,1719.8,1241.7,1182.6,1108890,1549.88,1528.75,30,1534.9,60,631440
2026-04-10T14:35:42.842,NF,BANKNIFTY28APR2655000CE,1532.0,1555.55,1719.8,1241.7,1182.6,1108920,1549.88,1532.0,270,1535.6,90,632130
2026-04-10T14:35:45.253,NF,BANKNIFTY28APR2655000CE,1532.0,1555.55,1719.8,1241.7,1182.6,1109190,1549.87,1528.95,60,1533.75,30,632130
2026-04-10T14:35:46.648,NF,BANKNIFTY28APR2655000CE,1527.7,1555.55,1719.8,1241.7,1182.6,1109280,1549.87,1527.65,60,1533.0,90,632130
2026-04-10T14:35:49.070,NF,BANKNIFTY28APR2655000CE,1529.5,1555.55,1719.8,1241.7,1182.6,1109310,1549.87,1529.25,60,1534.25,90,632130
2026-04-10T14:35:55.461,NF,BANKNIFTY28APR2655000CE,1525.9,1555.55,1719.8,1241.7,1182.6,1109340,1549.87,1524.15,30,1529.75,90,632130
2026-04-10T14:35:57.876,NF,BANKNIFTY28APR2655000CE,1521.8,1555.55,1719.8,1241.7,1182.6,1109730,1549.86,1522.0,120,1527.35,90,632130
2026-04-10T14:35:59.283,NF,BANKNIFTY28APR2655000CE,1522.15,1555.55,1719.8,1241.7,1182.6,1109820,1549.86,1524.9,120,1530.0,90,632130
2026-04-10T14:36:05.478,NF,BANKNIFTY28APR2655000CE,1525.0,1555.55,1719.8,1241.7,1182.6,1109910,1549.86,1521.75,60,1528.2,120,632130
2026-04-10T14:36:10.484,NF,BANKNIFTY28APR2655000CE,1522.15,1555.55,1719.8,1241.7,1182.6,1109970,1549.85,1520.0,180,1524.25,180,632130
2026-04-10T14:36:11.695,NF,BANKNIFTY28APR2655000CE,1515.0,1555.55,1719.8,1241.7,1182.6,1110240,1549.85,1515.05,150,1520.25,60,632130
2026-04-10T14:36:14.290,NF,BANKNIFTY28APR2655000CE,1515.0,1555.55,1719.8,1241.7,1182.6,1110270,1549.85,1514.6,30,1519.45,90,632130
2026-04-10T14:36:16.697,NF,BANKNIFTY28APR2655000CE,1512.0,1555.55,1719.8,1241.7,1182.6,1110390,1549.84,1511.0,60,1514.6,30,632130
2026-04-10T14:36:17.899,NF,BANKNIFTY28APR2655000CE,1511.0,1555.55,1719.8,1241.7,1182.6,1110420,1549.84,1508.3,60,1513.05,60,632130
2026-04-10T14:36:22.902,NF,BANKNIFTY28APR2655000CE,1515.5,1555.55,1719.8,1241.7,1182.6,1110450,1549.84,1508.45,60,1514.05,60,632130
2026-04-10T14:36:25.505,NF,BANKNIFTY28APR2655000CE,1503.05,1555.55,1719.8,1241.7,1182.6,1110990,1549.82,1503.2,120,1508.45,60,632130
2026-04-10T14:36:27.915,NF,BANKNIFTY28APR2655000CE,1507.6,1555.55,1719.8,1241.7,1182.6,1111020,1549.82,1503.0,30,1507.5,90,632130
2026-04-10T14:36:31.714,NF,BANKNIFTY28APR2655000CE,1506.0,1555.55,1719.8,1241.7,1182.6,1111140,1549.81,1504.95,150,1509.35,90,632130
2026-04-10T14:36:36.724,NF,BANKNIFTY28APR2655000CE,1512.65,1555.55,1719.8,1241.7,1182.6,1111320,1549.81,1510.55,60,1515.0,30,632130
2026-04-10T14:36:37.926,NF,BANKNIFTY28APR2655000CE,1509.7,1555.55,1719.8,1241.7,1182.6,1111410,1549.8,1508.65,30,1513.85,90,632130
2026-04-10T14:36:39.138,NF,BANKNIFTY28APR2655000CE,1510.6,1555.55,1719.8,1241.7,1182.6,1111710,1549.79,1512.9,120,1515.45,30,632130
2026-04-10T14:36:40.528,NF,BANKNIFTY28APR2655000CE,1515.45,1555.55,1719.8,1241.7,1182.6,1111740,1549.79,1511.4,60,1516.35,120,632130
2026-04-10T14:36:41.730,NF,BANKNIFTY28APR2655000CE,1512.8,1555.55,1719.8,1241.7,1182.6,1111830,1549.79,1513.5,30,1518.05,90,632130
2026-04-10T14:36:45.340,NF,BANKNIFTY28APR2655000CE,1518.1,1555.55,1719.8,1241.7,1182.6,1111860,1549.79,1515.6,60,1521.15,60,632130
2026-04-10T14:36:46.758,NF,BANKNIFTY28APR2655000CE,1516.4,1555.55,1719.8,1241.7,1182.6,1111890,1549.79,1521.5,60,1525.8,120,632130
2026-04-10T14:36:49.145,NF,BANKNIFTY28APR2655000CE,1525.0,1555.55,1719.8,1241.7,1182.6,1111920,1549.79,1520.3,120,1524.95,90,632130
2026-04-10T14:36:51.759,NF,BANKNIFTY28APR2655000CE,1525.9,1555.55,1719.8,1241.7,1182.6,1111950,1549.79,1524.6,30,1529.2,90,632130
2026-04-10T14:36:57.959,NF,BANKNIFTY28APR2655000CE,1517.95,1555.55,1719.8,1241.7,1182.6,1112040,1549.78,1519.0,60,1524.0,30,632130
2026-04-10T14:37:01.771,NF,BANKNIFTY28APR2655000CE,1517.45,1555.55,1719.8,1241.7,1182.6,1112070,1549.78,1517.55,180,1523.25,90,632130
2026-04-10T14:37:11.780,NF,BANKNIFTY28APR2655000CE,1510.15,1555.55,1719.8,1241.7,1182.6,1112220,1549.78,1510.05,120,1514.95,180,632130
2026-04-10T14:37:12.982,NF,BANKNIFTY28APR2655000CE,1514.95,1555.55,1719.8,1241.7,1182.6,1112250,1549.78,1513.1,30,1518.1,90,632130
2026-04-10T14:37:14.197,NF,BANKNIFTY28APR2655000CE,1517.7,1555.55,1719.8,1241.7,1182.6,1112280,1549.77,1512.9,90,1518.55,60,632130
2026-04-10T14:37:19.193,NF,BANKNIFTY28APR2655000CE,1511.25,1555.55,1719.8,1241.7,1182.6,1112430,1549.77,1512.55,60,1517.45,90,632130
2026-04-10T14:37:21.797,NF,BANKNIFTY28APR2655000CE,1514.3,1555.55,1719.8,1241.7,1182.6,1112580,1549.77,1514.85,30,1519.2,90,632130
2026-04-10T14:37:24.203,NF,BANKNIFTY28APR2655000CE,1518.8,1555.55,1719.8,1241.7,1182.6,1112610,1549.76,1520.6,30,1525.0,30,632130
2026-04-10T14:37:31.613,NF,BANKNIFTY28APR2655000CE,1517.9,1555.55,1719.8,1241.7,1182.6,1112670,1549.76,1517.1,150,1522.5,120,632130
2026-04-10T14:37:40.437,NF,BANKNIFTY28APR2655000CE,1525.0,1555.55,1719.8,1241.7,1182.6,1114920,1549.71,1514.45,30,1520.6,150,632130
2026-04-10T14:37:45.430,NF,BANKNIFTY28APR2655000CE,1517.85,1555.55,1719.8,1241.7,1182.6,1114950,1549.71,1512.75,120,1517.25,60,632130
2026-04-10T14:37:47.833,NF,BANKNIFTY28APR2655000CE,1510.0,1555.55,1719.8,1241.7,1182.6,1114980,1549.71,1510.9,120,1515.7,120,632130
2026-04-10T14:38:02.868,NF,BANKNIFTY28APR2655000CE,1528.0,1555.55,1719.8,1241.7,1182.6,1115070,1549.7,1528.45,150,1533.2,60,632130
2026-04-10T14:38:05.262,NF,BANKNIFTY28APR2655000CE,1528.55,1555.55,1719.8,1241.7,1182.6,1115130,1549.7,1522.8,30,1528.0,60,632130
2026-04-10T14:38:06.462,NF,BANKNIFTY28APR2655000CE,1523.0,1555.55,1719.8,1241.7,1182.6,1115160,1549.7,1518.8,30,1523.65,60,632130
2026-04-10T14:38:20.289,NF,BANKNIFTY28APR2655000CE,1529.9,1555.55,1719.8,1241.7,1182.6,1115190,1549.7,1528.4,60,1529.9,60,632130
2026-04-10T14:38:21.482,NF,BANKNIFTY28APR2655000CE,1529.9,1555.55,1719.8,1241.7,1182.6,1115250,1549.7,1529.45,90,1534.9,60,632130
2026-04-10T14:38:30.311,NF,BANKNIFTY28APR2655000CE,1534.85,1555.55,1719.8,1241.7,1182.6,1115280,1549.7,1530.3,150,1534.8,330,632130
2026-04-10T14:38:32.700,NF,BANKNIFTY28APR2655000CE,1538.0,1555.55,1719.8,1241.7,1182.6,1115310,1549.7,1539.45,30,1544.2,60,632130
2026-04-10T14:38:35.319,NF,BANKNIFTY28APR2655000CE,1540.0,1555.55,1719.8,1241.7,1182.6,1115340,1549.7,1538.0,90,1544.1,60,632130
2026-04-10T14:38:37.708,NF,BANKNIFTY28APR2655000CE,1545.6,1555.55,1719.8,1241.7,1182.6,1115370,1549.7,1539.85,90,1545.35,180,632130
2026-04-10T14:38:45.328,NF,BANKNIFTY28APR2655000CE,1545.7,1555.55,1719.8,1241.7,1182.6,1116210,1549.7,1539.55,300,1544.0,30,632460
2026-04-10T14:38:46.522,NF,BANKNIFTY28APR2655000CE,1544.0,1555.55,1719.8,1241.7,1182.6,1116240,1549.7,1541.4,60,1547.55,30,632460
2026-04-10T14:38:49.127,NF,BANKNIFTY28APR2655000CE,1549.8,1555.55,1719.8,1241.7,1182.6,1116300,1549.7,1547.1,30,1552.0,150,632460
2026-04-10T14:38:52.729,NF,BANKNIFTY28APR2655000CE,1546.95,1555.55,1719.8,1241.7,1182.6,1116360,1549.7,1547.25,60,1552.6,60,632460
2026-04-10T14:38:53.939,NF,BANKNIFTY28APR2655000CE,1549.8,1555.55,1719.8,1241.7,1182.6,1116420,1549.7,1547.35,90,1552.75,90,632460
2026-04-10T14:38:58.940,NF,BANKNIFTY28APR2655000CE,1547.2,1555.55,1719.8,1241.7,1182.6,1116510,1549.7,1541.35,90,1547.35,90,632460
2026-04-10T14:39:03.966,NF,BANKNIFTY28APR2655000CE,1540.35,1555.55,1719.8,1241.7,1182.6,1116630,1549.7,1541.75,180,1547.8,90,632460
2026-04-10T14:39:07.779,NF,BANKNIFTY28APR2655000CE,1550.35,1555.55,1719.8,1241.7,1182.6,1116660,1549.7,1545.45,90,1550.85,120,632460
2026-04-10T14:39:08.968,NF,BANKNIFTY28APR2655000CE,1545.5,1555.55,1719.8,1241.7,1182.6,1116780,1549.69,1543.75,90,1549.35,60,632460
2026-04-10T14:39:10.354,NF,BANKNIFTY28APR2655000CE,1549.65,1555.55,1719.8,1241.7,1182.6,1117020,1549.69,1545.2,120,1550.75,60,632460
2026-04-10T14:39:11.557,NF,BANKNIFTY28APR2655000CE,1547.2,1555.55,1719.8,1241.7,1182.6,1117050,1549.69,1546.35,120,1551.65,90,632460
2026-04-10T14:39:15.382,NF,BANKNIFTY28APR2655000CE,1551.35,1555.55,1719.8,1241.7,1182.6,1117080,1549.69,1547.3,60,1552.55,60,632460
2026-04-10T14:39:16.563,NF,BANKNIFTY28APR2655000CE,1552.95,1555.55,1719.8,1241.7,1182.6,1117140,1549.69,1547.7,90,1553.15,60,632460
2026-04-10T14:39:26.586,NF,BANKNIFTY28APR2655000CE,1559.8,1555.55,1719.8,1241.7,1182.6,1117290,1549.7,1555.6,60,1560.75,60,632460
2026-04-10T14:39:27.781,NF,BANKNIFTY28APR2655000CE,1555.6,1555.55,1719.8,1241.7,1182.6,1117320,1549.7,1555.25,60,1560.8,120,632460
2026-04-10T14:39:31.586,NF,BANKNIFTY28APR2655000CE,1561.0,1555.55,1719.8,1241.7,1182.6,1117350,1549.7,1555.9,60,1561.1,60,632460
2026-04-10T14:39:33.994,NF,BANKNIFTY28APR2655000CE,1562.25,1555.55,1719.8,1241.7,1182.6,1117380,1549.7,1560.8,60,1565.9,30,632460
2026-04-10T14:39:35.393,NF,BANKNIFTY28APR2655000CE,1565.85,1555.55,1719.8,1241.7,1182.6,1117410,1549.7,1561.8,180,1565.9,30,632460
2026-04-10T14:39:36.601,NF,BANKNIFTY28APR2655000CE,1568.0,1555.55,1719.8,1241.7,1182.6,1117470,1549.7,1565.1,60,1569.9,90,632460
2026-04-10T14:39:37.819,NF,BANKNIFTY28APR2655000CE,1570.0,1555.55,1719.8,1241.7,1182.6,1117500,1549.7,1565.95,90,1571.6,90,632460
2026-04-10T14:39:39.006,NF,BANKNIFTY28APR2655000CE,1566.9,1555.55,1719.8,1241.7,1182.6,1117560,1549.7,1564.75,210,1570.65,120,632460
2026-04-10T14:39:40.425,NF,BANKNIFTY28APR2655000CE,1569.3,1555.55,1719.8,1241.7,1182.6,1117590,1549.7,1565.0,60,1570.05,60,632460
2026-04-10T14:39:45.413,NF,BANKNIFTY28APR2655000CE,1559.25,1555.55,1719.8,1241.7,1182.6,1117770,1549.7,1561.5,60,1567.1,90,632460
2026-04-10T14:40:10.046,NF,BANKNIFTY28APR2655000CE,1562.1,1555.55,1719.8,1241.7,1182.6,1117860,1549.7,1557.75,90,1563.05,180,632460
2026-04-10T14:40:12.460,NF,BANKNIFTY28APR2655000CE,1562.1,1555.55,1719.8,1241.7,1182.6,1117920,1549.7,1560.05,180,1565.45,60,632460
2026-04-10T14:40:22.467,NF,BANKNIFTY28APR2655000CE,1568.0,1555.55,1719.8,1241.7,1182.6,1117950,1549.7,1562.1,60,1568.15,90,632460
2026-04-10T14:40:23.689,NF,BANKNIFTY28APR2655000CE,1562.1,1555.55,1719.8,1241.7,1182.6,1117980,1549.7,1559.75,90,1566.15,60,632460
2026-04-10T14:40:24.871,NF,BANKNIFTY28APR2655000CE,1566.1,1555.55,1719.8,1241.7,1182.6,1118040,1549.71,1563.8,90,1569.9,60,632460
2026-04-10T14:40:29.880,NF,BANKNIFTY28APR2655000CE,1565.2,1555.55,1719.8,1241.7,1182.6,1118340,1549.71,1564.2,30,1569.75,30,632460
2026-04-10T14:40:41.104,NF,BANKNIFTY28APR2655000CE,1584.15,1555.55,1719.8,1241.7,1182.6,1119390,1549.74,1577.85,90,1584.8,30,632460
2026-04-10T14:40:44.703,NF,BANKNIFTY28APR2655000CE,1584.35,1555.55,1719.8,1241.7,1182.6,1119450,1549.74,1578.65,60,1584.6,120,632460
2026-04-10T14:40:46.113,NF,BANKNIFTY28APR2655000CE,1582.9,1555.55,1719.8,1241.7,1182.6,1119480,1549.74,1576.65,90,1583.0,60,632460
2026-04-10T14:40:48.518,NF,BANKNIFTY28APR2655000CE,1570.95,1555.55,1719.8,1241.7,1182.6,1119540,1549.74,1570.85,30,1576.7,120,632460
2026-04-10T14:40:58.327,NF,BANKNIFTY28APR2655000CE,1574.6,1555.55,1719.8,1241.7,1182.6,1119690,1549.74,1573.0,150,1578.45,180,632460
2026-04-10T14:40:59.531,NF,BANKNIFTY28APR2655000CE,1570.0,1555.55,1719.8,1241.7,1182.6,1119720,1549.74,1568.8,60,1575.35,60,632460
2026-04-10T14:41:00.930,NF,BANKNIFTY28APR2655000CE,1577.65,1555.55,1719.8,1241.7,1182.6,1119810,1549.75,1571.2,60,1577.55,60,632460
2026-04-10T14:41:04.544,NF,BANKNIFTY28APR2655000CE,1577.35,1555.55,1719.8,1241.7,1182.6,1119990,1549.75,1572.15,90,1577.55,420,632460
2026-04-10T14:41:07.155,NF,BANKNIFTY28APR2655000CE,1570.0,1555.55,1719.8,1241.7,1182.6,1120020,1549.75,1569.9,60,1575.6,30,632460
2026-04-10T14:41:08.358,NF,BANKNIFTY28APR2655000CE,1569.2,1555.55,1719.8,1241.7,1182.6,1120050,1549.75,1568.5,120,1574.65,90,632460
2026-04-10T14:41:15.785,NF,BANKNIFTY28APR2655000CE,1569.2,1555.55,1719.8,1241.7,1182.6,1120110,1549.75,1567.45,30,1573.05,120,632460
2026-04-10T14:41:26.977,NF,BANKNIFTY28APR2655000CE,1570.0,1555.55,1719.8,1241.7,1182.6,1120170,1549.75,1565.2,240,1570.0,30,632460
2026-04-10T14:41:44.412,NF,BANKNIFTY28APR2655000CE,1565.0,1555.55,1719.8,1241.7,1182.6,1120500,1549.76,1562.85,30,1570.75,30,632550
2026-04-10T14:41:54.218,NF,BANKNIFTY28APR2655000CE,1580.0,1555.55,1719.8,1241.7,1182.6,1121040,1549.77,1579.3,30,1584.0,30,632550
2026-04-10T14:41:55.418,NF,BANKNIFTY28APR2655000CE,1585.0,1555.55,1719.8,1241.7,1182.6,1121100,1549.77,1581.7,90,1585.9,30,632550
2026-04-10T14:42:06.847,NF,BANKNIFTY28APR2655000CE,1572.5,1555.55,1719.8,1241.7,1182.6,1121130,1549.77,1565.45,90,1571.75,120,632550
2026-04-10T14:42:10.453,NF,BANKNIFTY28APR2655000CE,1565.0,1555.55,1719.8,1241.7,1182.6,1121160,1549.77,1561.65,90,1565.0,120,632550
2026-04-10T14:42:11.841,NF,BANKNIFTY28APR2655000CE,1565.0,1555.55,1719.8,1241.7,1182.6,1121280,1549.78,1564.2,30,1570.0,60,632550
2026-04-10T14:42:20.464,NF,BANKNIFTY28APR2655000CE,1564.0,1555.55,1719.8,1241.7,1182.6,1121430,1549.78,1562.6,60,1569.1,90,632550
2026-04-10T14:42:24.263,NF,BANKNIFTY28APR2655000CE,1566.4,1555.55,1719.8,1241.7,1182.6,1121550,1549.78,1566.4,120,1572.2,90,632550
2026-04-10T14:42:25.472,NF,BANKNIFTY28APR2655000CE,1571.75,1555.55,1719.8,1241.7,1182.6,1121760,1549.78,1565.0,120,1569.35,180,632550
2026-04-10T14:42:31.878,NF,BANKNIFTY28APR2655000CE,1565.1,1555.55,1719.8,1241.7,1182.6,1122030,1549.79,1565.3,120,1570.2,120,632550
2026-04-10T14:42:39.312,NF,BANKNIFTY28APR2655000CE,1565.1,1555.55,1719.8,1241.7,1182.6,1122630,1549.8,1565.6,30,1570.6,120,632550
2026-04-10T14:42:45.499,NF,BANKNIFTY28APR2655000CE,1572.85,1555.55,1719.8,1241.7,1182.6,1122690,1549.8,1568.2,60,1573.75,150,632550
2026-04-10T14:42:56.930,NF,BANKNIFTY28APR2655000CE,1573.85,1555.55,1719.8,1241.7,1182.6,1122810,1549.8,1568.4,180,1573.95,60,632550
2026-04-10T14:42:58.313,NF,BANKNIFTY28APR2655000CE,1574.7,1555.55,1719.8,1241.7,1182.6,1122840,1549.8,1570.85,90,1574.7,60,632550
2026-04-10T14:43:03.331,NF,BANKNIFTY28APR2655000CE,1576.7,1555.55,1719.8,1241.7,1182.6,1122930,1549.8,1571.6,60,1576.8,150,632550
2026-04-10T14:43:04.527,NF,BANKNIFTY28APR2655000CE,1575.95,1555.55,1719.8,1241.7,1182.6,1123080,1549.81,1570.2,60,1576.45,150,632550
2026-04-10T14:43:10.751,NF,BANKNIFTY28APR2655000CE,1575.3,1555.55,1719.8,1241.7,1182.6,1123110,1549.81,1567.65,90,1573.4,90,632550
2026-04-10T14:43:15.755,NF,BANKNIFTY28APR2655000CE,1567.85,1555.55,1719.8,1241.7,1182.6,1123350,1549.81,1558.4,120,1564.8,60,632550
2026-04-10T14:43:18.155,NF,BANKNIFTY28APR2655000CE,1557.6,1555.55,1719.8,1241.7,1182.6,1123380,1549.81,1559.2,90,1564.45,120,632550
2026-04-10T14:43:33.172,NF,BANKNIFTY28APR2655000CE,1561.85,1555.55,1719.8,1241.7,1182.6,1123410,1549.81,1561.8,60,1567.2,120,632550
2026-04-10T14:43:48.191,NF,BANKNIFTY28APR2655000CE,1562.45,1555.55,1719.8,1241.7,1182.6,1123440,1549.81,1562.75,60,1568.2,90,632550
2026-04-10T14:43:54.195,NF,BANKNIFTY28APR2655000CE,1566.0,1555.55,1719.8,1241.7,1182.6,1123500,1549.81,1566.45,30,1569.8,180,632550
2026-04-10T14:43:55.400,NF,BANKNIFTY28APR2655000CE,1566.45,1555.55,1719.8,1241.7,1182.6,1123530,1549.81,1561.4,60,1568.1,60,632550
2026-04-10T14:44:22.853,NF,BANKNIFTY28APR2655000CE,1569.95,1555.55,1719.8,1241.7,1182.6,1123560,1549.81,1570.6,150,1574.95,30,632550
2026-04-10T14:44:34.075,NF,BANKNIFTY28APR2655000CE,1567.2,1555.55,1719.8,1241.7,1182.6,1123590,1549.81,1566.3,60,1572.1,90,632550
2026-04-10T14:44:41.470,NF,BANKNIFTY28APR2655000CE,1572.0,1555.55,1719.8,1241.7,1182.6,1123680,1549.82,1569.9,150,1574.9,90,633150
2026-04-10T14:45:08.911,NF,BANKNIFTY28APR2655000CE,1573.35,1555.55,1719.8,1241.7,1182.6,1123710,1549.82,1566.95,60,1572.5,30,633150
2026-04-10T14:45:13.931,NF,BANKNIFTY28APR2655000CE,1565.0,1555.55,1719.8,1241.7,1182.6,1123740,1549.82,1560.0,30,1564.45,90,633150
2026-04-10T14:45:17.541,NF,BANKNIFTY28APR2655000CE,1563.65,1555.55,1719.8,1241.7,1182.6,1123770,1549.82,1560.0,30,1564.25,150,633150
2026-04-10T14:45:18.923,NF,BANKNIFTY28APR2655000CE,1560.0,1555.55,1719.8,1241.7,1182.6,1123800,1549.82,1556.25,150,1563.95,30,633150
2026-04-10T14:45:20.140,NF,BANKNIFTY28APR2655000CE,1557.0,1555.55,1719.8,1241.7,1182.6,1124010,1549.82,1558.05,210,1563.35,60,633150
2026-04-10T14:45:26.345,NF,BANKNIFTY28APR2655000CE,1554.65,1555.55,1719.8,1241.7,1182.6,1124040,1549.82,1554.65,90,1560.25,90,633150
2026-04-10T14:45:33.948,NF,BANKNIFTY28APR2655000CE,1561.05,1555.55,1719.8,1241.7,1182.6,1124070,1549.82,1555.3,210,1560.95,60,633150
2026-04-10T14:45:36.384,NF,BANKNIFTY28APR2655000CE,1554.65,1555.55,1719.8,1241.7,1182.6,1124100,1549.82,1551.0,60,1555.55,60,633150
2026-04-10T14:45:37.582,NF,BANKNIFTY28APR2655000CE,1551.0,1555.55,1719.8,1241.7,1182.6,1124160,1549.82,1550.0,30,1552.55,30,633150
2026-04-10T14:45:38.966,NF,BANKNIFTY28APR2655000CE,1555.0,1555.55,1719.8,1241.7,1182.6,1124460,1549.82,1550.0,300,1552.7,30,633150
2026-04-10T14:45:43.968,NF,BANKNIFTY28APR2655000CE,1550.1,1555.55,1719.8,1241.7,1182.6,1124490,1549.82,1550.0,300,1553.5,30,633150
2026-04-10T14:45:45.171,NF,BANKNIFTY28APR2655000CE,1553.5,1555.55,1719.8,1241.7,1182.6,1124520,1549.82,1552.05,60,1557.25,30,633150
2026-04-10T14:45:53.858,NF,BANKNIFTY28APR2655000CE,1567.4,1555.55,1719.8,1241.7,1182.6,1124640,1549.82,1562.9,60,1569.0,60,633150
2026-04-10T14:45:55.208,NF,BANKNIFTY28APR2655000CE,1568.0,1555.55,1719.8,1241.7,1182.6,1124670,1549.82,1564.05,60,1571.25,60,633150
2026-04-10T14:45:58.796,NF,BANKNIFTY28APR2655000CE,1563.1,1555.55,1719.8,1241.7,1182.6,1124730,1549.82,1560.35,60,1566.35,90,633150
2026-04-10T14:46:01.403,NF,BANKNIFTY28APR2655000CE,1566.1,1555.55,1719.8,1241.7,1182.6,1124820,1549.83,1563.05,90,1567.0,30,633150
2026-04-10T14:46:02.590,NF,BANKNIFTY28APR2655000CE,1567.0,1555.55,1719.8,1241.7,1182.6,1124850,1549.83,1564.8,90,1570.8,120,633150
2026-04-10T14:46:34.854,NF,BANKNIFTY28APR2655000CE,1572.35,1555.55,1719.8,1241.7,1182.6,1124880,1549.83,1567.3,150,1572.3,60,633150
2026-04-10T14:46:41.064,NF,BANKNIFTY28APR2655000CE,1559.95,1555.55,1719.8,1241.7,1182.6,1124940,1549.83,1554.85,30,1560.7,60,633150
2026-04-10T14:46:46.068,NF,BANKNIFTY28APR2655000CE,1560.8,1555.55,1719.8,1241.7,1182.6,1124970,1549.83,1555.25,60,1561.95,210,633150
2026-04-10T14:46:51.074,NF,BANKNIFTY28APR2655000CE,1558.5,1555.55,1719.8,1241.7,1182.6,1125000,1549.83,1553.1,150,1558.65,60,633150
2026-04-10T14:46:59.682,NF,BANKNIFTY28APR2655000CE,1550.0,1555.55,1719.8,1241.7,1182.6,1125330,1549.83,1548.05,90,1553.25,60,633150
2026-04-10T14:47:02.348,NF,BANKNIFTY28APR2655000CE,1539.75,1555.55,1719.8,1241.7,1182.6,1125750,1549.82,1544.45,90,1549.75,90,633150
2026-04-10T14:47:04.693,NF,BANKNIFTY28APR2655000CE,1550.25,1555.55,1719.8,1241.7,1182.6,1125780,1549.82,1545.15,120,1550.4,60,633150
2026-04-10T14:47:05.903,NF,BANKNIFTY28APR2655000CE,1551.35,1555.55,1719.8,1241.7,1182.6,1125810,1549.82,1546.05,60,1551.5,150,633150
2026-04-10T14:47:23.549,NF,BANKNIFTY28APR2655000CE,1539.05,1555.55,1719.8,1241.7,1182.6,1128930,1549.79,1540.25,30,1545.85,60,633150
2026-04-10T14:47:24.720,NF,BANKNIFTY28APR2655000CE,1536.0,1555.55,1719.8,1241.7,1182.6,1129560,1549.78,1538.45,120,1544.45,60,633150
2026-04-10T14:47:27.125,NF,BANKNIFTY28APR2655000CE,1536.75,1555.55,1719.8,1241.7,1182.6,1130190,1549.78,1539.35,150,1544.7,90,633150
2026-04-10T14:47:29.728,NF,BANKNIFTY28APR2655000CE,1538.75,1555.55,1719.8,1241.7,1182.6,1131090,1549.77,1541.4,30,1545.9,30,633150
2026-04-10T14:47:30.933,NF,BANKNIFTY28APR2655000CE,1538.65,1555.55,1719.8,1241.7,1182.6,1132620,1549.76,1541.9,120,1547.0,90,633150
2026-04-10T14:47:32.135,NF,BANKNIFTY28APR2655000CE,1540.25,1555.55,1719.8,1241.7,1182.6,1133220,1549.75,1540.95,120,1546.65,120,633150
2026-04-10T14:47:35.940,NF,BANKNIFTY28APR2655000CE,1546.4,1555.55,1719.8,1241.7,1182.6,1133850,1549.75,1540.65,180,1546.15,90,633150
2026-04-10T14:47:38.343,NF,BANKNIFTY28APR2655000CE,1540.2,1555.55,1719.8,1241.7,1182.6,1134090,1549.75,1539.45,150,1545.65,60,633150
2026-04-10T14:47:45.754,NF,BANKNIFTY28APR2655000CE,1549.0,1555.55,1719.8,1241.7,1182.6,1134120,1549.75,1546.45,120,1552.1,90,630780
2026-04-10T14:47:49.562,NF,BANKNIFTY28APR2655000CE,1552.05,1555.55,1719.8,1241.7,1182.6,1134210,1549.75,1552.2,240,1557.55,60,630780
2026-04-10T14:47:53.414,NF,BANKNIFTY28APR2655000CE,1553.8,1555.55,1719.8,1241.7,1182.6,1134270,1549.75,1548.35,60,1553.6,180,630780
2026-04-10T14:47:55.778,NF,BANKNIFTY28APR2655000CE,1548.35,1555.55,1719.8,1241.7,1182.6,1134330,1549.75,1541.95,60,1547.6,210,630780
2026-04-10T14:48:23.204,NF,BANKNIFTY28APR2655000CE,1557.95,1555.55,1719.8,1241.7,1182.6,1134360,1549.75,1549.9,30,1554.85,90,630780
2026-04-10T14:48:28.223,NF,BANKNIFTY28APR2655000CE,1554.75,1555.55,1719.8,1241.7,1182.6,1134960,1549.75,1550.5,30,1554.1,90,630780
2026-04-10T14:48:37.038,NF,BANKNIFTY28APR2655000CE,1548.35,1555.55,1719.8,1241.7,1182.6,1135140,1549.75,1546.55,90,1551.75,90,630780
2026-04-10T14:48:42.035,NF,BANKNIFTY28APR2655000CE,1547.3,1555.55,1719.8,1241.7,1182.6,1135170,1549.75,1542.4,30,1547.6,30,630780
2026-04-10T14:48:52.046,NF,BANKNIFTY28APR2655000CE,1539.0,1555.55,1719.8,1241.7,1182.6,1135410,1549.75,1538.35,120,1543.1,90,630780
2026-04-10T14:48:57.071,NF,BANKNIFTY28APR2655000CE,1559.0,1555.55,1719.8,1241.7,1182.6,1135650,1549.75,1558.9,60,1564.95,60,630780
2026-04-10T14:49:12.081,NF,BANKNIFTY28APR2655000CE,1565.9,1555.55,1719.8,1241.7,1182.6,1135710,1549.75,1565.7,60,1570.95,150,630780
2026-04-10T14:49:13.322,NF,BANKNIFTY28APR2655000CE,1585.0,1555.55,1719.8,1241.7,1182.6,1136400,1549.77,1580.15,30,1585.0,270,630780
2026-04-10T14:49:14.507,NF,BANKNIFTY28APR2655000CE,1591.4,1555.55,1719.8,1241.7,1182.6,1136880,1549.78,1590.35,30,1597.5,60,630780
2026-04-10T14:49:15.906,NF,BANKNIFTY28APR2655000CE,1599.0,1555.55,1719.8,1241.7,1182.6,1136910,1549.78,1595.05,30,1600.0,540,630780
2026-04-10T14:49:17.098,NF,BANKNIFTY28APR2655000CE,1600.0,1555.55,1719.8,1241.7,1182.6,1137060,1549.79,1594.7,60,1599.8,90,630780
2026-04-10T14:49:18.315,NF,BANKNIFTY28APR2655000CE,1600.0,1555.55,1719.8,1241.7,1182.6,1137570,1549.81,1599.0,30,1603.9,30,630780
2026-04-10T14:49:19.504,NF,BANKNIFTY28APR2655000CE,1605.9,1555.55,1719.8,1241.7,1182.6,1137690,1549.82,1603.15,30,1608.8,180,630780
2026-04-10T14:49:23.293,NF,BANKNIFTY28APR2655000CE,1600.5,1555.55,1719.8,1241.7,1182.6,1137810,1549.82,1601.8,60,1605.9,900,630780
2026-04-10T14:49:24.523,NF,BANKNIFTY28APR2655000CE,1600.7,1555.55,1719.8,1241.7,1182.6,1138050,1549.83,1600.7,120,1605.85,90,630780
2026-04-10T14:49:27.098,NF,BANKNIFTY28APR2655000CE,1602.25,1555.55,1719.8,1241.7,1182.6,1138590,1549.86,1601.85,360,1605.9,810,630780
2026-04-10T14:49:28.315,NF,BANKNIFTY28APR2655000CE,1600.05,1555.55,1719.8,1241.7,1182.6,1139040,1549.88,1601.4,150,1605.85,60,630780
2026-04-10T14:49:29.508,NF,BANKNIFTY28APR2655000CE,1605.9,1555.55,1719.8,1241.7,1182.6,1139820,1549.92,1601.2,120,1606.85,120,630780
2026-04-10T14:49:32.101,NF,BANKNIFTY28APR2655000CE,1607.5,1555.55,1719.8,1241.7,1182.6,1139880,1549.92,1604.6,120,1610.95,60,630780
2026-04-10T14:49:33.340,NF,BANKNIFTY28APR2655000CE,1605.25,1555.55,1719.8,1241.7,1182.6,1139910,1549.92,1606.5,120,1612.05,30,630780
2026-04-10T14:49:35.918,NF,BANKNIFTY28APR2655000CE,1614.45,1555.55,1719.8,1241.7,1182.6,1139940,1549.92,1609.55,120,1616.3,30,630780
2026-04-10T14:49:38.341,NF,BANKNIFTY28APR2655000CE,1617.3,1555.55,1719.8,1241.7,1182.6,1139970,1549.93,1610.85,30,1616.35,120,630780
2026-04-10T14:49:39.520,NF,BANKNIFTY28APR2655000CE,1606.85,1555.55,1719.8,1241.7,1182.6,1140330,1549.94,1601.2,30,1609.8,90,630780
2026-04-10T14:49:40.932,NF,BANKNIFTY28APR2655000CE,1614.25,1555.55,1719.8,1241.7,1182.6,1140570,1549.96,1610.55,60,1616.55,60,630780
2026-04-10T14:49:42.154,NF,BANKNIFTY28APR2655000CE,1616.85,1555.55,1719.8,1241.7,1182.6,1140720,1549.97,1611.4,90,1617.15,90,630780
2026-04-10T14:49:43.326,NF,BANKNIFTY28APR2655000CE,1610.1,1555.55,1719.8,1241.7,1182.6,1140750,1549.97,1607.55,60,1614.05,30,630780
2026-04-10T14:49:45.917,NF,BANKNIFTY28APR2655000CE,1607.95,1555.55,1719.8,1241.7,1182.6,1140780,1549.97,1605.8,60,1611.25,90,630780
2026-04-10T14:49:48.336,NF,BANKNIFTY28APR2655000CE,1613.0,1555.55,1719.8,1241.7,1182.6,1140810,1549.97,1609.6,60,1616.9,60,630780
2026-04-10T14:49:50.927,NF,BANKNIFTY28APR2655000CE,1614.4,1555.55,1719.8,1241.7,1182.6,1141110,1549.99,1611.6,90,1617.25,150,630780
2026-04-10T14:49:51.950,NF,BANKNIFTY28APR2655000CE,1617.3,1555.55,1719.8,1241.7,1182.6,1141140,1549.99,1614.2,90,1619.55,60,630780
2026-04-10T14:49:53.345,NF,BANKNIFTY28APR2655000CE,1620.0,1555.55,1719.8,1241.7,1182.6,1141290,1550.0,1616.25,60,1620.0,60,630780
2026-04-10T14:49:54.539,NF,BANKNIFTY28APR2655000CE,1620.0,1555.55,1719.8,1241.7,1182.6,1141350,1550.0,1617.0,30,1621.5,60,630780
2026-04-10T14:49:58.341,NF,BANKNIFTY28APR2655000CE,1623.55,1555.55,1719.8,1241.7,1182.6,1141380,1550.0,1618.25,30,1623.5,30,630780
2026-04-10T14:50:03.366,NF,BANKNIFTY28APR2655000CE,1613.8,1555.55,1719.8,1241.7,1182.6,1141800,1550.03,1611.1,60,1619.15,90,630780
2026-04-10T14:50:04.546,NF,BANKNIFTY28APR2655000CE,1619.8,1555.55,1719.8,1241.7,1182.6,1141830,1550.03,1614.95,60,1620.0,60,630780
2026-04-10T14:50:05.755,NF,BANKNIFTY28APR2655000CE,1618.95,1555.55,1719.8,1241.7,1182.6,1141860,1550.03,1613.8,60,1618.7,60,630780
2026-04-10T14:50:06.948,NF,BANKNIFTY28APR2655000CE,1620.0,1555.55,1719.8,1241.7,1182.6,1141890,1550.04,1614.3,90,1620.3,90,630780
2026-04-10T14:50:10.753,NF,BANKNIFTY28APR2655000CE,1609.75,1555.55,1719.8,1241.7,1182.6,1142010,1550.04,1609.0,60,1615.55,60,630780
2026-04-10T14:50:13.438,NF,BANKNIFTY28APR2655000CE,1618.95,1555.55,1719.8,1241.7,1182.6,1142070,1550.05,1614.8,60,1620.3,90,630780
2026-04-10T14:50:15.765,NF,BANKNIFTY28APR2655000CE,1615.9,1555.55,1719.8,1241.7,1182.6,1142100,1550.05,1614.7,30,1620.85,60,630780
2026-04-10T14:50:19.589,NF,BANKNIFTY28APR2655000CE,1611.0,1555.55,1719.8,1241.7,1182.6,1142220,1550.05,1610.5,60,1615.45,60,630780
2026-04-10T14:50:20.766,NF,BANKNIFTY28APR2655000CE,1611.0,1555.55,1719.8,1241.7,1182.6,1144740,1550.2,1609.45,60,1615.65,90,630780
2026-04-10T14:50:23.367,NF,BANKNIFTY28APR2655000CE,1608.75,1555.55,1719.8,1241.7,1182.6,1144770,1550.21,1611.35,60,1617.3,30,630780
2026-04-10T14:50:33.384,NF,BANKNIFTY28APR2655000CE,1600.7,1555.55,1719.8,1241.7,1182.6,1144800,1550.21,1601.45,60,1606.7,30,630780
2026-04-10T14:50:35.789,NF,BANKNIFTY28APR2655000CE,1606.8,1555.55,1719.8,1241.7,1182.6,1144860,1550.21,1600.6,90,1606.55,30,630780
2026-04-10T14:50:36.990,NF,BANKNIFTY28APR2655000CE,1600.0,1555.55,1719.8,1241.7,1182.6,1145160,1550.22,1595.1,60,1601.75,60,630780
2026-04-10T14:50:39.595,NF,BANKNIFTY28APR2655000CE,1601.65,1555.55,1719.8,1241.7,1182.6,1145310,1550.23,1598.9,30,1604.5,120,630780
2026-04-10T14:50:43.411,NF,BANKNIFTY28APR2655000CE,1602.35,1555.55,1719.8,1241.7,1182.6,1145340,1550.23,1596.65,60,1604.05,120,631740
2026-04-10T14:50:50.833,NF,BANKNIFTY28APR2655000CE,1602.35,1555.55,1719.8,1241.7,1182.6,1145370,1550.23,1598.85,60,1604.9,90,631740
2026-04-10T14:50:54.416,NF,BANKNIFTY28APR2655000CE,1605.8,1555.55,1719.8,1241.7,1182.6,1145400,1550.23,1600.35,60,1607.45,120,631740
2026-04-10T14:50:57.059,NF,BANKNIFTY28APR2655000CE,1600.3,1555.55,1719.8,1241.7,1182.6,1145520,1550.24,1594.3,60,1600.55,30,631740
2026-04-10T14:51:00.898,NF,BANKNIFTY28APR2655000CE,1597.7,1555.55,1719.8,1241.7,1182.6,1145610,1550.24,1590.15,60,1597.05,60,631740
2026-04-10T14:51:04.440,NF,BANKNIFTY28APR2655000CE,1600.0,1555.55,1719.8,1241.7,1182.6,1145640,1550.24,1594.85,60,1600.0,30,631740
2026-04-10T14:51:09.454,NF,BANKNIFTY28APR2655000CE,1600.15,1555.55,1719.8,1241.7,1182.6,1145670,1550.25,1592.85,30,1598.3,180,631740
2026-04-10T14:51:14.447,NF,BANKNIFTY28APR2655000CE,1598.05,1555.55,1719.8,1241.7,1182.6,1145700,1550.25,1592.9,60,1598.8,120,631740
2026-04-10T14:51:18.255,NF,BANKNIFTY28APR2655000CE,1592.9,1555.55,1719.8,1241.7,1182.6,1145730,1550.25,1592.85,30,1597.75,150,631740
2026-04-10T14:51:19.452,NF,BANKNIFTY28APR2655000CE,1592.85,1555.55,1719.8,1241.7,1182.6,1146030,1550.26,1594.1,30,1598.75,30,631740
2026-04-10T14:51:23.260,NF,BANKNIFTY28APR2655000CE,1599.15,1555.55,1719.8,1241.7,1182.6,1146120,1550.26,1593.8,60,1598.5,120,631740
2026-04-10T14:51:24.466,NF,BANKNIFTY28APR2655000CE,1593.8,1555.55,1719.8,1241.7,1182.6,1146150,1550.26,1593.0,30,1599.35,90,631740
2026-04-10T14:51:33.268,NF,BANKNIFTY28APR2655000CE,1600.85,1555.55,1719.8,1241.7,1182.6,1146240,1550.27,1595.1,180,1601.0,90,631740
2026-04-10T14:51:34.494,NF,BANKNIFTY28APR2655000CE,1602.0,1555.55,1719.8,1241.7,1182.6,1146330,1550.27,1599.3,90,1604.85,60,631740
2026-04-10T14:51:38.301,NF,BANKNIFTY28APR2655000CE,1601.55,1555.55,1719.8,1241.7,1182.6,1146540,1550.28,1593.05,60,1598.9,120,631740
2026-04-10T14:51:40.706,NF,BANKNIFTY28APR2655000CE,1590.0,1555.55,1719.8,1241.7,1182.6,1146720,1550.29,1590.95,90,1596.55,60,631740
2026-04-10T14:51:44.492,NF,BANKNIFTY28APR2655000CE,1589.5,1555.55,1719.8,1241.7,1182.6,1146750,1550.29,1589.4,30,1594.85,60,631740
2026-04-10T14:51:49.518,NF,BANKNIFTY28APR2655000CE,1590.0,1555.55,1719.8,1241.7,1182.6,1146780,1550.29,1585.9,30,1590.0,60,631740
2026-04-10T14:51:53.296,NF,BANKNIFTY28APR2655000CE,1590.4,1555.55,1719.8,1241.7,1182.6,1146840,1550.29,1585.9,30,1590.05,90,631740
2026-04-10T14:51:58.302,NF,BANKNIFTY28APR2655000CE,1585.9,1555.55,1719.8,1241.7,1182.6,1146870,1550.29,1586.8,30,1592.95,60,631740
2026-04-10T14:52:03.327,NF,BANKNIFTY28APR2655000CE,1594.05,1555.55,1719.8,1241.7,1182.6,1146900,1550.29,1592.85,60,1597.8,60,631740
2026-04-10T14:52:06.925,NF,BANKNIFTY28APR2655000CE,1593.1,1555.55,1719.8,1241.7,1182.6,1146990,1550.3,1589.9,60,1595.35,180,631740
2026-04-10T14:52:10.736,NF,BANKNIFTY28APR2655000CE,1585.9,1555.55,1719.8,1241.7,1182.6,1147020,1550.3,1586.05,60,1592.05,60,631740
2026-04-10T14:52:18.339,NF,BANKNIFTY28APR2655000CE,1589.0,1555.55,1719.8,1241.7,1182.6,1147290,1550.31,1583.05,60,1589.8,120,631740
2026-04-10T14:52:41.976,NF,BANKNIFTY28APR2655000CE,1591.45,1555.55,1719.8,1241.7,1182.6,1147320,1550.31,1592.05,60,1596.85,180,631740
2026-04-10T14:52:45.784,NF,BANKNIFTY28APR2655000CE,1594.85,1555.55,1719.8,1241.7,1182.6,1147350,1550.31,1594.8,60,1599.55,150,631740
2026-04-10T14:53:05.613,NF,BANKNIFTY28APR2655000CE,1584.8,1555.55,1719.8,1241.7,1182.6,1147380,1550.31,1579.65,90,1585.35,60,631740
2026-04-10T14:53:21.831,NF,BANKNIFTY28APR2655000CE,1594.85,1555.55,1719.8,1241.7,1182.6,1147410,1550.31,1591.05,90,1597.75,150,631740
2026-04-10T14:53:24.248,NF,BANKNIFTY28APR2655000CE,1589.35,1555.55,1719.8,1241.7,1182.6,1147440,1550.31,1593.05,60,1598.0,30,631740
2026-04-10T14:53:29.245,NF,BANKNIFTY28APR2655000CE,1600.0,1555.55,1719.8,1241.7,1182.6,1147500,1550.31,1595.85,60,1602.6,120,631740
2026-04-10T14:53:34.280,NF,BANKNIFTY28APR2655000CE,1602.85,1555.55,1719.8,1241.7,1182.6,1147530,1550.32,1600.75,60,1605.9,180,631740
2026-04-10T14:53:56.889,NF,BANKNIFTY28APR2655000CE,1605.9,1555.55,1719.8,1241.7,1182.6,1147560,1550.32,1604.35,60,1610.25,30,631740
2026-04-10T14:53:58.097,NF,BANKNIFTY28APR2655000CE,1603.0,1555.55,1719.8,1241.7,1182.6,1147620,1550.32,1602.05,120,1607.1,90,631800
2026-04-10T14:54:00.694,NF,BANKNIFTY28APR2655000CE,1600.0,1555.55,1719.8,1241.7,1182.6,1147680,1550.32,1598.2,120,1605.35,60,631800
2026-04-10T14:54:03.124,NF,BANKNIFTY28APR2655000CE,1599.85,1555.55,1719.8,1241.7,1182.6,1147710,1550.32,1594.35,90,1599.75,60,631800
2026-04-10T14:54:18.136,NF,BANKNIFTY28APR2655000CE,1597.9,1555.55,1719.8,1241.7,1182.6,1147740,1550.33,1594.05,60,1599.6,60,631800
2026-04-10T14:54:21.927,NF,BANKNIFTY28APR2655000CE,1595.8,1555.55,1719.8,1241.7,1182.6,1148190,1550.34,1592.55,60,1598.0,90,631800
2026-04-10T14:54:45.590,NF,BANKNIFTY28APR2655000CE,1584.45,1555.55,1719.8,1241.7,1182.6,1148250,1550.35,1578.0,30,1584.55,90,631800
2026-04-10T14:54:54.384,NF,BANKNIFTY28APR2655000CE,1581.3,1555.55,1719.8,1241.7,1182.6,1148430,1550.35,1582.9,60,1586.6,30,631800
2026-04-10T14:54:55.583,NF,BANKNIFTY28APR2655000CE,1586.6,1555.55,1719.8,1241.7,1182.6,1148460,1550.35,1584.35,120,1590.35,90,631800
2026-04-10T14:54:56.979,NF,BANKNIFTY28APR2655000CE,1584.1,1555.55,1719.8,1241.7,1182.6,1148490,1550.35,1583.15,60,1589.2,90,631800
2026-04-10T14:55:15.615,NF,BANKNIFTY28APR2655000CE,1593.85,1555.55,1719.8,1241.7,1182.6,1148520,1550.35,1592.05,60,1598.25,60,631800
2026-04-10T14:55:21.822,NF,BANKNIFTY28APR2655000CE,1599.55,1555.55,1719.8,1241.7,1182.6,1148550,1550.35,1594.05,150,1599.55,90,631800
2026-04-10T14:55:31.832,NF,BANKNIFTY28APR2655000CE,1603.2,1555.55,1719.8,1241.7,1182.6,1148580,1550.36,1599.55,30,1603.35,90,631800
2026-04-10T14:55:34.435,NF,BANKNIFTY28APR2655000CE,1604.0,1555.55,1719.8,1241.7,1182.6,1148610,1550.36,1600.7,30,1605.75,60,631800
2026-04-10T14:55:35.644,NF,BANKNIFTY28APR2655000CE,1599.55,1555.55,1719.8,1241.7,1182.6,1149660,1550.4,1598.9,30,1604.95,60,631800
2026-04-10T14:55:39.444,NF,BANKNIFTY28APR2655000CE,1601.15,1555.55,1719.8,1241.7,1182.6,1149690,1550.4,1600.35,60,1605.3,210,631800
2026-04-10T14:55:43.052,NF,BANKNIFTY28APR2655000CE,1604.55,1555.55,1719.8,1241.7,1182.6,1149750,1550.41,1597.8,30,1602.1,120,631800
2026-04-10T14:55:51.679,NF,BANKNIFTY28APR2655000CE,1603.4,1555.55,1719.8,1241.7,1182.6,1149780,1550.41,1600.45,30,1604.6,90,631800
2026-04-10T14:55:55.490,NF,BANKNIFTY28APR2655000CE,1600.8,1555.55,1719.8,1241.7,1182.6,1149810,1550.41,1599.45,120,1604.85,90,631800
2026-04-10T14:55:56.672,NF,BANKNIFTY28APR2655000CE,1603.0,1555.55,1719.8,1241.7,1182.6,1149840,1550.41,1598.4,120,1603.65,90,631800
2026-04-10T14:55:59.077,NF,BANKNIFTY28APR2655000CE,1600.65,1555.55,1719.8,1241.7,1182.6,1149870,1550.41,1594.85,150,1599.95,90,631800
2026-04-10T14:56:01.677,NF,BANKNIFTY28APR2655000CE,1596.85,1555.55,1719.8,1241.7,1182.6,1149900,1550.41,1596.85,120,1602.1,60,631800
2026-04-10T14:56:02.878,NF,BANKNIFTY28APR2655000CE,1596.0,1555.55,1719.8,1241.7,1182.6,1149930,1550.41,1595.45,150,1601.65,90,631800
2026-04-10T14:56:04.099,NF,BANKNIFTY28APR2655000CE,1599.95,1555.55,1719.8,1241.7,1182.6,1149960,1550.42,1594.8,60,1601.35,60,631800
2026-04-10T14:56:31.525,NF,BANKNIFTY28APR2655000CE,1596.1,1555.55,1719.8,1241.7,1182.6,1150050,1550.42,1595.9,60,1600.0,30,631800
2026-04-10T14:56:33.936,NF,BANKNIFTY28APR2655000CE,1595.9,1555.55,1719.8,1241.7,1182.6,1150080,1550.42,1593.7,60,1599.1,90,631800
2026-04-10T14:56:41.547,NF,BANKNIFTY28APR2655000CE,1599.25,1555.55,1719.8,1241.7,1182.6,1150140,1550.42,1594.95,180,1600.0,30,631800
2026-04-10T14:56:51.557,NF,BANKNIFTY28APR2655000CE,1600.0,1555.55,1719.8,1241.7,1182.6,1150170,1550.42,1597.6,30,1602.3,90,631350
2026-04-10T14:56:55.164,NF,BANKNIFTY28APR2655000CE,1596.9,1555.55,1719.8,1241.7,1182.6,1150200,1550.43,1596.85,120,1601.8,90,631350
2026-04-10T14:57:01.386,NF,BANKNIFTY28APR2655000CE,1600.1,1555.55,1719.8,1241.7,1182.6,1150230,1550.43,1600.7,120,1605.75,90,631350
2026-04-10T14:57:05.181,NF,BANKNIFTY28APR2655000CE,1605.05,1555.55,1719.8,1241.7,1182.6,1150320,1550.43,1599.1,90,1604.65,90,631350
2026-04-10T14:57:10.187,NF,BANKNIFTY28APR2655000CE,1593.6,1555.55,1719.8,1241.7,1182.6,1150380,1550.43,1592.7,120,1597.8,90,631350
2026-04-10T14:57:12.593,NF,BANKNIFTY28APR2655000CE,1595.8,1555.55,1719.8,1241.7,1182.6,1150470,1550.44,1590.0,270,1595.3,90,631350
2026-04-10T14:57:18.800,NF,BANKNIFTY28APR2655000CE,1596.75,1555.55,1719.8,1241.7,1182.6,1150560,1550.44,1592.85,90,1598.1,60,631350
2026-04-10T14:57:27.614,NF,BANKNIFTY28APR2655000CE,1600.0,1555.55,1719.8,1241.7,1182.6,1150680,1550.45,1597.95,90,1603.35,120,631350
2026-04-10T14:57:30.019,NF,BANKNIFTY28APR2655000CE,1600.85,1555.55,1719.8,1241.7,1182.6,1150710,1550.45,1596.3,60,1602.4,60,631350
2026-04-10T14:57:31.434,NF,BANKNIFTY28APR2655000CE,1597.7,1555.55,1719.8,1241.7,1182.6,1150740,1550.45,1595.95,120,1601.65,90,631350
2026-04-10T14:57:55.057,NF,BANKNIFTY28APR2655000CE,1593.45,1555.55,1719.8,1241.7,1182.6,1150800,1550.45,1593.7,90,1599.55,60,631350
2026-04-10T14:58:00.063,NF,BANKNIFTY28APR2655000CE,1599.5,1555.55,1719.8,1241.7,1182.6,1150860,1550.45,1593.6,150,1599.75,60,631350
2026-04-10T14:58:03.873,NF,BANKNIFTY28APR2655000CE,1595.0,1555.55,1719.8,1241.7,1182.6,1155360,1550.63,1595.0,30,1599.75,240,631350
2026-04-10T14:58:06.283,NF,BANKNIFTY28APR2655000CE,1599.85,1555.55,1719.8,1241.7,1182.6,1155420,1550.63,1595.95,60,1600.9,90,631350
2026-04-10T14:58:16.288,NF,BANKNIFTY28APR2655000CE,1596.4,1555.55,1719.8,1241.7,1182.6,1155450,1550.63,1596.5,90,1599.0,30,631350
2026-04-10T14:58:18.906,NF,BANKNIFTY28APR2655000CE,1599.0,1555.55,1719.8,1241.7,1182.6,1155480,1550.63,1597.9,30,1602.9,120,631350
2026-04-10T14:58:28.905,NF,BANKNIFTY28APR2655000CE,1602.05,1555.55,1719.8,1241.7,1182.6,1155690,1550.64,1597.0,60,1602.7,60,631350
2026-04-10T14:58:40.137,NF,BANKNIFTY28APR2655000CE,1605.05,1555.55,1719.8,1241.7,1182.6,1155720,1550.64,1602.05,180,1605.9,30,631350
2026-04-10T14:58:41.333,NF,BANKNIFTY28APR2655000CE,1607.85,1555.55,1719.8,1241.7,1182.6,1155780,1550.65,1602.85,90,1607.8,30,631350
2026-04-10T14:58:45.157,NF,BANKNIFTY28APR2655000CE,1602.0,1555.55,1719.8,1241.7,1182.6,1155840,1550.65,1599.4,90,1604.75,30,631350
2026-04-10T14:59:09.986,NF,BANKNIFTY28APR2655000CE,1604.15,1555.55,1719.8,1241.7,1182.6,1155870,1550.65,1604.15,30,1606.3,60,631350
2026-04-10T14:59:11.403,NF,BANKNIFTY28APR2655000CE,1604.15,1555.55,1719.8,1241.7,1182.6,1155900,1550.65,1599.6,90,1604.4,30,631350
2026-04-10T14:59:17.589,NF,BANKNIFTY28APR2655000CE,1597.0,1555.55,1719.8,1241.7,1182.6,1155990,1550.65,1597.0,30,1602.2,30,631350
2026-04-10T14:59:30.010,NF,BANKNIFTY28APR2655000CE,1597.8,1555.55,1719.8,1241.7,1182.6,1156110,1550.66,1597.65,90,1602.85,90,631350
2026-04-10T14:59:38.847,NF,BANKNIFTY28APR2655000CE,1597.0,1555.55,1719.8,1241.7,1182.6,1156140,1550.66,1594.85,60,1601.75,30,631350
2026-04-10T14:59:47.440,NF,BANKNIFTY28APR2655000CE,1600.0,1555.55,1719.8,1241.7,1182.6,1156200,1550.66,1595.7,90,1601.75,60,629580
2026-04-10T14:59:53.846,NF,BANKNIFTY28APR2655000CE,1597.0,1555.55,1719.8,1241.7,1182.6,1156230,1550.66,1593.9,60,1600.0,30,629580
2026-04-10T15:00:03.877,NF,BANKNIFTY28APR2655000CE,1597.9,1555.55,1719.8,1241.7,1182.6,1156320,1550.67,1596.15,90,1599.65,60,629580
2026-04-10T15:00:05.058,NF,BANKNIFTY28APR2655000CE,1599.65,1555.55,1719.8,1241.7,1182.6,1156350,1550.67,1595.35,120,1599.55,60,629580
2026-04-10T15:00:08.871,NF,BANKNIFTY28APR2655000CE,1596.45,1555.55,1719.8,1241.7,1182.6,1156410,1550.67,1596.1,120,1599.65,60,629580
2026-04-10T15:00:10.068,NF,BANKNIFTY28APR2655000CE,1599.6,1555.55,1719.8,1241.7,1182.6,1156470,1550.67,1595.15,60,1599.7,60,629580
2026-04-10T15:00:16.279,NF,BANKNIFTY28APR2655000CE,1593.85,1555.55,1719.8,1241.7,1182.6,1156530,1550.68,1594.35,90,1599.45,60,629580
2026-04-10T15:00:18.892,NF,BANKNIFTY28APR2655000CE,1600.0,1555.55,1719.8,1241.7,1182.6,1156560,1550.68,1596.35,30,1600.0,150,629580
2026-04-10T15:00:20.087,NF,BANKNIFTY28APR2655000CE,1600.0,1555.55,1719.8,1241.7,1182.6,1156590,1550.68,1596.35,90,1600.0,120,629580
2026-04-10T15:00:22.683,NF,BANKNIFTY28APR2655000CE,1600.0,1555.55,1719.8,1241.7,1182.6,1156620,1550.68,1595.9,90,1600.0,60,629580
2026-04-10T15:00:23.896,NF,BANKNIFTY28APR2655000CE,1600.0,1555.55,1719.8,1241.7,1182.6,1156680,1550.68,1597.4,120,1602.45,120,629580
2026-04-10T15:00:26.297,NF,BANKNIFTY28APR2655000CE,1602.5,1555.55,1719.8,1241.7,1182.6,1156830,1550.69,1597.2,60,1601.9,60,629580
2026-04-10T15:00:27.721,NF,BANKNIFTY28APR2655000CE,1602.7,1555.55,1719.8,1241.7,1182.6,1156860,1550.69,1597.7,60,1603.9,60,629580
2026-04-10T15:00:28.906,NF,BANKNIFTY28APR2655000CE,1610.0,1555.55,1719.8,1241.7,1182.6,1157070,1550.7,1604.8,60,1610.85,90,629580
2026-04-10T15:00:30.114,NF,BANKNIFTY28APR2655000CE,1605.0,1555.55,1719.8,1241.7,1182.6,1157100,1550.7,1606.95,30,1611.3,30,629580
2026-04-10T15:00:33.935,NF,BANKNIFTY28APR2655000CE,1607.9,1555.55,1719.8,1241.7,1182.6,1157130,1550.7,1603.3,90,1609.35,210,629580
2026-04-10T15:00:38.923,NF,BANKNIFTY28APR2655000CE,1608.75,1555.55,1719.8,1241.7,1182.6,1157160,1550.71,1605.9,90,1611.3,120,629580
2026-04-10T15:00:48.936,NF,BANKNIFTY28APR2655000CE,1597.65,1555.55,1719.8,1241.7,1182.6,1157340,1550.71,1597.85,90,1603.95,180,629580
2026-04-10T15:00:50.135,NF,BANKNIFTY28APR2655000CE,1603.9,1555.55,1719.8,1241.7,1182.6,1157400,1550.72,1601.2,90,1607.55,180,629580
2026-04-10T15:00:51.342,NF,BANKNIFTY28APR2655000CE,1607.05,1555.55,1719.8,1241.7,1182.6,1157430,1550.72,1601.7,90,1607.05,60,629580
2026-04-10T15:00:55.343,NF,BANKNIFTY28APR2655000CE,1605.6,1555.55,1719.8,1241.7,1182.6,1157460,1550.72,1602.5,180,1606.7,60,629580
2026-04-10T15:00:59.158,NF,BANKNIFTY28APR2655000CE,1599.35,1555.55,1719.8,1241.7,1182.6,1157790,1550.73,1598.7,60,1604.3,180,629580
2026-04-10T15:01:04.201,NF,BANKNIFTY28APR2655000CE,1603.25,1555.55,1719.8,1241.7,1182.6,1158000,1550.74,1601.95,150,1606.7,150,629580
2026-04-10T15:01:14.198,NF,BANKNIFTY28APR2655000CE,1597.7,1555.55,1719.8,1241.7,1182.6,1158090,1550.75,1596.8,150,1601.95,90,629580
2026-04-10T15:01:25.392,NF,BANKNIFTY28APR2655000CE,1602.4,1555.55,1719.8,1241.7,1182.6,1158120,1550.75,1596.3,120,1602.85,60,629580
2026-04-10T15:01:35.398,NF,BANKNIFTY28APR2655000CE,1606.5,1555.55,1719.8,1241.7,1182.6,1158270,1550.75,1606.85,30,1611.95,150,629580
2026-04-10T15:01:37.807,NF,BANKNIFTY28APR2655000CE,1607.85,1555.55,1719.8,1241.7,1182.6,1158330,1550.76,1605.7,90,1611.75,60,629580
2026-04-10T15:01:41.606,NF,BANKNIFTY28APR2655000CE,1606.5,1555.55,1719.8,1241.7,1182.6,1158390,1550.76,1606.0,180,1611.8,90,629580
2026-04-10T15:01:44.213,NF,BANKNIFTY28APR2655000CE,1610.9,1555.55,1719.8,1241.7,1182.6,1158480,1550.77,1610.0,60,1615.5,90,629580
2026-04-10T15:01:46.645,NF,BANKNIFTY28APR2655000CE,1610.9,1555.55,1719.8,1241.7,1182.6,1158510,1550.77,1609.8,60,1614.95,60,629580
2026-04-10T15:01:47.823,NF,BANKNIFTY28APR2655000CE,1615.35,1555.55,1719.8,1241.7,1182.6,1158570,1550.77,1609.55,120,1614.4,30,629580
2026-04-10T15:01:51.674,NF,BANKNIFTY28APR2655000CE,1615.7,1555.55,1719.8,1241.7,1182.6,1160820,1550.89,1605.9,60,1611.25,150,629580
2026-04-10T15:01:54.831,NF,BANKNIFTY28APR2655000CE,1605.0,1555.55,1719.8,1241.7,1182.6,1161030,1550.9,1604.6,60,1609.85,60,629580
2026-04-10T15:01:56.231,NF,BANKNIFTY28APR2655000CE,1605.0,1555.55,1719.8,1241.7,1182.6,1161150,1550.91,1605.75,60,1611.9,90,629580
2026-04-10T15:01:57.453,NF,BANKNIFTY28APR2655000CE,1610.25,1555.55,1719.8,1241.7,1182.6,1161180,1550.91,1605.05,150,1610.35,60,629580
2026-04-10T15:02:01.262,NF,BANKNIFTY28APR2655000CE,1608.6,1555.55,1719.8,1241.7,1182.6,1161570,1550.93,1602.05,60,1608.95,90,629580
2026-04-10T15:02:02.467,NF,BANKNIFTY28APR2655000CE,1607.75,1555.55,1719.8,1241.7,1182.6,1161960,1550.95,1603.1,210,1608.95,90,629580
2026-04-10T15:02:03.641,NF,BANKNIFTY28APR2655000CE,1605.0,1555.55,1719.8,1241.7,1182.6,1162080,1550.96,1604.75,60,1609.8,120,629580
2026-04-10T15:02:06.279,NF,BANKNIFTY28APR2655000CE,1600.0,1555.55,1719.8,1241.7,1182.6,1162230,1550.96,1599.7,90,1605.0,90,629580
2026-04-10T15:02:07.446,NF,BANKNIFTY28APR2655000CE,1598.0,1555.55,1719.8,1241.7,1182.6,1162350,1550.97,1599.3,60,1604.65,60,629580
2026-04-10T15:02:08.649,NF,BANKNIFTY28APR2655000CE,1598.05,1555.55,1719.8,1241.7,1182.6,1162410,1550.97,1601.4,60,1607.65,90,629580
2026-04-10T15:02:09.894,NF,BANKNIFTY28APR2655000CE,1602.0,1555.55,1719.8,1241.7,1182.6,1162530,1550.97,1602.65,60,1608.6,90,629580
2026-04-10T15:02:16.263,NF,BANKNIFTY28APR2655000CE,1606.75,1555.55,1719.8,1241.7,1182.6,1162590,1550.98,1603.15,60,1607.85,180,629580
2026-04-10T15:02:17.463,NF,BANKNIFTY28APR2655000CE,1607.7,1555.55,1719.8,1241.7,1182.6,1162740,1550.98,1604.3,30,1607.95,150,629580
2026-04-10T15:02:18.688,NF,BANKNIFTY28APR2655000CE,1613.05,1555.55,1719.8,1241.7,1182.6,1163070,1551.0,1607.35,120,1612.15,210,629580
2026-04-10T15:02:24.894,NF,BANKNIFTY28APR2655000CE,1612.7,1555.55,1719.8,1241.7,1182.6,1163100,1551.0,1608.25,150,1613.0,210,629580
2026-04-10T15:02:28.711,NF,BANKNIFTY28APR2655000CE,1606.0,1555.55,1719.8,1241.7,1182.6,1163130,1551.0,1602.0,90,1606.6,300,629580
2026-04-10T15:02:29.904,NF,BANKNIFTY28APR2655000CE,1600.0,1555.55,1719.8,1241.7,1182.6,1163370,1551.01,1598.15,30,1603.25,120,629580
2026-04-10T15:02:38.694,NF,BANKNIFTY28APR2655000CE,1607.1,1555.55,1719.8,1241.7,1182.6,1163400,1551.02,1603.4,120,1607.65,30,629580
2026-04-10T15:02:42.499,NF,BANKNIFTY28APR2655000CE,1606.0,1555.55,1719.8,1241.7,1182.6,1163430,1551.02,1602.85,60,1607.05,60,629580
2026-04-10T15:02:44.906,NF,BANKNIFTY28APR2655000CE,1611.0,1555.55,1719.8,1241.7,1182.6,1163820,1551.04,1606.6,60,1613.0,60,629580
2026-04-10T15:02:52.515,NF,BANKNIFTY28APR2655000CE,1608.95,1555.55,1719.8,1241.7,1182.6,1163850,1551.04,1609.7,60,1613.05,30,631260
2026-04-10T15:02:53.718,NF,BANKNIFTY28APR2655000CE,1614.7,1555.55,1719.8,1241.7,1182.6,1163970,1551.04,1610.15,30,1614.8,60,631260
2026-04-10T15:02:56.348,NF,BANKNIFTY28APR2655000CE,1614.8,1555.55,1719.8,1241.7,1182.6,1164000,1551.05,1613.0,30,1614.85,150,631260
2026-04-10T15:02:58.726,NF,BANKNIFTY28APR2655000CE,1614.85,1555.55,1719.8,1241.7,1182.6,1164060,1551.05,1613.35,90,1614.85,90,631260
2026-04-10T15:02:59.945,NF,BANKNIFTY28APR2655000CE,1617.0,1555.55,1719.8,1241.7,1182.6,1164180,1551.06,1615.2,30,1617.0,60,631260
2026-04-10T15:03:01.357,NF,BANKNIFTY28APR2655000CE,1620.0,1555.55,1719.8,1241.7,1182.6,1164570,1551.08,1620.1,30,1624.5,90,631260
2026-04-10T15:03:04.957,NF,BANKNIFTY28APR2655000CE,1625.0,1555.55,1719.8,1241.7,1182.6,1164630,1551.08,1622.4,120,1626.0,60,631260
2026-04-10T15:03:06.336,NF,BANKNIFTY28APR2655000CE,1626.0,1555.55,1719.8,1241.7,1182.6,1164720,1551.09,1621.8,90,1626.0,30,631260
2026-04-10T15:03:07.547,NF,BANKNIFTY28APR2655000CE,1626.0,1555.55,1719.8,1241.7,1182.6,1164780,1551.09,1623.15,60,1628.0,30,631260
2026-04-10T15:03:09.946,NF,BANKNIFTY28APR2655000CE,1622.25,1555.55,1719.8,1241.7,1182.6,1164870,1551.1,1624.5,60,1627.65,60,631260
2026-04-10T15:03:11.345,NF,BANKNIFTY28APR2655000CE,1627.2,1555.55,1719.8,1241.7,1182.6,1164930,1551.1,1624.5,60,1627.2,120,631260
2026-04-10T15:03:12.545,NF,BANKNIFTY28APR2655000CE,1624.5,1555.55,1719.8,1241.7,1182.6,1164960,1551.1,1624.5,30,1627.45,60,631260
2026-04-10T15:03:14.982,NF,BANKNIFTY28APR2655000CE,1627.95,1555.55,1719.8,1241.7,1182.6,1165050,1551.11,1623.75,90,1627.95,150,631260
2026-04-10T15:03:16.172,NF,BANKNIFTY28APR2655000CE,1624.05,1555.55,1719.8,1241.7,1182.6,1165080,1551.11,1624.5,90,1628.0,30,631260
2026-04-10T15:03:19.959,NF,BANKNIFTY28APR2655000CE,1628.0,1555.55,1719.8,1241.7,1182.6,1165110,1551.11,1624.85,30,1629.6,150,631260
2026-04-10T15:03:21.166,NF,BANKNIFTY28APR2655000CE,1629.75,1555.55,1719.8,1241.7,1182.6,1165260,1551.12,1624.75,60,1629.4,90,631260
2026-04-10T15:03:23.786,NF,BANKNIFTY28APR2655000CE,1629.75,1555.55,1719.8,1241.7,1182.6,1165410,1551.13,1625.2,30,1629.8,180,631260
2026-04-10T15:03:27.584,NF,BANKNIFTY28APR2655000CE,1629.8,1555.55,1719.8,1241.7,1182.6,1165560,1551.14,1625.0,30,1629.8,120,631260
2026-04-10T15:03:31.238,NF,BANKNIFTY28APR2655000CE,1629.8,1555.55,1719.8,1241.7,1182.6,1165590,1551.15,1624.75,120,1629.8,180,631260
2026-04-10T15:03:36.186,NF,BANKNIFTY28APR2655000CE,1630.0,1555.55,1719.8,1241.7,1182.6,1165800,1551.16,1626.8,90,1630.0,570,631260
2026-04-10T15:03:37.389,NF,BANKNIFTY28APR2655000CE,1630.0,1555.55,1719.8,1241.7,1182.6,1166220,1551.19,1627.85,30,1630.0,150,631260
2026-04-10T15:03:43.793,NF,BANKNIFTY28APR2655000CE,1630.0,1555.55,1719.8,1241.7,1182.6,1166430,1551.2,1631.3,90,1634.9,30,631260
2026-04-10T15:03:44.996,NF,BANKNIFTY28APR2655000CE,1635.0,1555.55,1719.8,1241.7,1182.6,1166670,1551.22,1635.0,60,1636.0,30,631260
2026-04-10T15:03:46.199,NF,BANKNIFTY28APR2655000CE,1636.2,1555.55,1719.8,1241.7,1182.6,1166730,1551.22,1633.1,30,1637.55,120,631260
2026-04-10T15:03:51.220,NF,BANKNIFTY28APR2655000CE,1639.45,1555.55,1719.8,1241.7,1182.6,1166880,1551.24,1635.15,90,1639.85,120,631260
2026-04-10T15:03:52.617,NF,BANKNIFTY28APR2655000CE,1635.5,1555.55,1719.8,1241.7,1182.6,1166910,1551.24,1635.5,30,1639.55,120,631260
2026-04-10T15:03:56.235,NF,BANKNIFTY28APR2655000CE,1644.0,1555.55,1719.8,1241.7,1182.6,1167060,1551.25,1640.55,180,1644.9,150,631260
2026-04-10T15:03:57.615,NF,BANKNIFTY28APR2655000CE,1640.55,1555.55,1719.8,1241.7,1182.6,1167120,1551.25,1640.6,30,1644.95,120,631260
2026-04-10T15:03:58.825,NF,BANKNIFTY28APR2655000CE,1640.95,1555.55,1719.8,1241.7,1182.6,1167180,1551.26,1641.6,30,1644.9,120,631260
2026-04-10T15:04:00.031,NF,BANKNIFTY28APR2655000CE,1644.9,1555.55,1719.8,1241.7,1182.6,1167210,1551.26,1641.9,90,1644.9,90,631260
2026-04-10T15:04:01.235,NF,BANKNIFTY28APR2655000CE,1645.0,1555.55,1719.8,1241.7,1182.6,1167270,1551.27,1642.2,30,1646.0,150,631260
2026-04-10T15:04:02.428,NF,BANKNIFTY28APR2655000CE,1646.0,1555.55,1719.8,1241.7,1182.6,1167300,1551.27,1642.75,60,1647.8,60,631260
2026-04-10T15:04:03.824,NF,BANKNIFTY28APR2655000CE,1647.85,1555.55,1719.8,1241.7,1182.6,1167420,1551.28,1645.2,150,1649.0,150,631260
2026-04-10T15:04:06.235,NF,BANKNIFTY28APR2655000CE,1648.7,1555.55,1719.8,1241.7,1182.6,1167510,1551.29,1644.1,30,1648.45,150,631260
2026-04-10T15:04:07.431,NF,BANKNIFTY28APR2655000CE,1644.6,1555.55,1719.8,1241.7,1182.6,1167810,1551.31,1639.7,60,1644.75,60,631260
2026-04-10T15:04:08.838,NF,BANKNIFTY28APR2655000CE,1644.85,1555.55,1719.8,1241.7,1182.6,1167900,1551.32,1640.45,60,1645.2,180,631260
2026-04-10T15:04:10.036,NF,BANKNIFTY28APR2655000CE,1645.2,1555.55,1719.8,1241.7,1182.6,1167930,1551.32,1641.0,150,1646.0,150,631260
2026-04-10T15:04:13.839,NF,BANKNIFTY28APR2655000CE,1635.0,1555.55,1719.8,1241.7,1182.6,1168200,1551.34,1635.7,60,1641.65,60,631260
2026-04-10T15:04:16.242,NF,BANKNIFTY28APR2655000CE,1638.35,1555.55,1719.8,1241.7,1182.6,1168320,1551.35,1639.15,60,1644.8,60,631260
2026-04-10T15:04:19.856,NF,BANKNIFTY28APR2655000CE,1645.95,1555.55,1719.8,1241.7,1182.6,1168410,1551.35,1639.0,30,1644.3,90,631260
2026-04-10T15:04:24.859,NF,BANKNIFTY28APR2655000CE,1644.75,1555.55,1719.8,1241.7,1182.6,1168440,1551.36,1640.3,120,1644.85,90,631260
2026-04-10T15:04:26.058,NF,BANKNIFTY28APR2655000CE,1644.2,1555.55,1719.8,1241.7,1182.6,1168500,1551.36,1638.4,120,1643.75,150,631260
2026-04-10T15:04:27.284,NF,BANKNIFTY28APR2655000CE,1641.75,1555.55,1719.8,1241.7,1182.6,1168830,1551.39,1634.9,120,1640.7,780,631260
2026-04-10T15:04:28.686,NF,BANKNIFTY28APR2655000CE,1637.5,1555.55,1719.8,1241.7,1182.6,1169130,1551.41,1636.9,30,1641.4,60,631260
2026-04-10T15:04:33.667,NF,BANKNIFTY28APR2655000CE,1640.0,1555.55,1719.8,1241.7,1182.6,1169160,1551.41,1637.75,30,1643.4,150,631260
2026-04-10T15:04:34.897,NF,BANKNIFTY28APR2655000CE,1644.7,1555.55,1719.8,1241.7,1182.6,1169190,1551.41,1640.15,210,1645.0,120,631260
2026-04-10T15:04:37.283,NF,BANKNIFTY28APR2655000CE,1640.65,1555.55,1719.8,1241.7,1182.6,1169280,1551.42,1639.25,90,1644.8,60,631260
2026-04-10T15:04:39.887,NF,BANKNIFTY28APR2655000CE,1638.0,1555.55,1719.8,1241.7,1182.6,1169310,1551.42,1637.4,240,1643.05,120,631260
2026-04-10T15:04:42.318,NF,BANKNIFTY28APR2655000CE,1643.95,1555.55,1719.8,1241.7,1182.6,1169700,1551.45,1638.3,90,1643.95,180,631260
2026-04-10T15:04:43.499,NF,BANKNIFTY28APR2655000CE,1641.45,1555.55,1719.8,1241.7,1182.6,1169760,1551.46,1636.75,120,1642.45,120,631260
2026-04-10T15:04:44.906,NF,BANKNIFTY28APR2655000CE,1637.0,1555.55,1719.8,1241.7,1182.6,1169820,1551.46,1637.65,90,1642.75,90,631260
2026-04-10T15:04:51.112,NF,BANKNIFTY28APR2655000CE,1642.05,1555.55,1719.8,1241.7,1182.6,1169880,1551.47,1641.8,30,1645.0,90,631260
2026-04-10T15:05:00.729,NF,BANKNIFTY28APR2655000CE,1641.55,1555.55,1719.8,1241.7,1182.6,1170000,1551.48,1640.8,120,1645.0,120,631260
2026-04-10T15:05:03.352,NF,BANKNIFTY28APR2655000CE,1645.0,1555.55,1719.8,1241.7,1182.6,1170030,1551.48,1642.65,60,1645.0,90,631260
2026-04-10T15:05:04.527,NF,BANKNIFTY28APR2655000CE,1645.0,1555.55,1719.8,1241.7,1182.6,1170090,1551.48,1642.2,90,1645.0,60,631260
2026-04-10T15:05:05.721,NF,BANKNIFTY28APR2655000CE,1646.0,1555.55,1719.8,1241.7,1182.6,1170240,1551.5,1643.0,30,1646.0,30,631260
2026-04-10T15:05:06.931,NF,BANKNIFTY28APR2655000CE,1646.0,1555.55,1719.8,1241.7,1182.6,1170270,1551.5,1645.25,60,1648.0,30,631260
2026-04-10T15:05:08.332,NF,BANKNIFTY28APR2655000CE,1645.25,1555.55,1719.8,1241.7,1182.6,1170300,1551.5,1645.45,90,1648.0,30,631260
2026-04-10T15:05:09.532,NF,BANKNIFTY28APR2655000CE,1648.0,1555.55,1719.8,1241.7,1182.6,1170330,1551.5,1645.8,30,1649.0,30,631260
2026-04-10T15:05:10.745,NF,BANKNIFTY28APR2655000CE,1649.0,1555.55,1719.8,1241.7,1182.6,1170360,1551.51,1645.8,30,1649.9,60,631260
2026-04-10T15:05:11.926,NF,BANKNIFTY28APR2655000CE,1649.3,1555.55,1719.8,1241.7,1182.6,1170420,1551.51,1644.15,60,1649.3,180,631260
2026-04-10T15:05:13.331,NF,BANKNIFTY28APR2655000CE,1644.8,1555.55,1719.8,1241.7,1182.6,1170510,1551.52,1644.7,30,1649.5,90,631260
2026-04-10T15:05:14.539,NF,BANKNIFTY28APR2655000CE,1649.45,1555.55,1719.8,1241.7,1182.6,1170660,1551.53,1645.0,90,1649.7,90,631260
2026-04-10T15:05:15.738,NF,BANKNIFTY28APR2655000CE,1645.0,1555.55,1719.8,1241.7,1182.6,1170750,1551.54,1646.5,30,1650.0,570,631260
2026-04-10T15:05:18.341,NF,BANKNIFTY28APR2655000CE,1646.75,1555.55,1719.8,1241.7,1182.6,1170780,1551.54,1646.55,30,1650.0,570,631260
2026-04-10T15:05:20.746,NF,BANKNIFTY28APR2655000CE,1650.1,1555.55,1719.8,1241.7,1182.6,1171440,1551.6,1650.9,60,1655.55,90,631260
2026-04-10T15:05:23.158,NF,BANKNIFTY28APR2655000CE,1652.25,1555.55,1719.8,1241.7,1182.6,1171500,1551.6,1652.2,60,1656.85,150,631260
2026-04-10T15:05:24.543,NF,BANKNIFTY28APR2655000CE,1653.05,1555.55,1719.8,1241.7,1182.6,1171650,1551.61,1654.15,30,1658.9,30,631260
2026-04-10T15:05:26.949,NF,BANKNIFTY28APR2655000CE,1655.55,1555.55,1719.8,1241.7,1182.6,1171680,1551.62,1655.65,30,1658.9,30,631260
2026-04-10T15:05:31.961,NF,BANKNIFTY28APR2655000CE,1661.0,1555.55,1719.8,1241.7,1182.6,1171800,1551.63,1657.1,30,1662.65,90,631260
2026-04-10T15:05:33.157,NF,BANKNIFTY28APR2655000CE,1659.0,1555.55,1719.8,1241.7,1182.6,1171860,1551.63,1657.7,30,1663.0,150,631260
2026-04-10T15:05:34.369,NF,BANKNIFTY28APR2655000CE,1658.0,1555.55,1719.8,1241.7,1182.6,1171890,1551.64,1657.7,30,1660.0,90,631260
2026-04-10T15:05:35.770,NF,BANKNIFTY28APR2655000CE,1657.25,1555.55,1719.8,1241.7,1182.6,1171950,1551.64,1657.2,30,1660.0,90,631260
2026-04-10T15:05:36.984,NF,BANKNIFTY28APR2655000CE,1660.0,1555.55,1719.8,1241.7,1182.6,1171980,1551.64,1656.95,120,1660.0,90,631260
2026-04-10T15:05:38.178,NF,BANKNIFTY28APR2655000CE,1660.0,1555.55,1719.8,1241.7,1182.6,1172040,1551.65,1657.85,30,1660.0,30,631260
2026-04-10T15:05:39.412,NF,BANKNIFTY28APR2655000CE,1660.0,1555.55,1719.8,1241.7,1182.6,1172070,1551.65,1659.55,30,1664.35,150,631260
2026-04-10T15:05:43.185,NF,BANKNIFTY28APR2655000CE,1666.0,1555.55,1719.8,1241.7,1182.6,1172100,1551.66,1663.35,30,1667.95,120,631260
2026-04-10T15:05:44.410,NF,BANKNIFTY28APR2655000CE,1666.65,1555.55,1719.8,1241.7,1182.6,1172160,1551.66,1662.4,30,1666.5,120,631260
2026-04-10T15:05:45.769,NF,BANKNIFTY28APR2655000CE,1662.05,1555.55,1719.8,1241.7,1182.6,1172190,1551.66,1663.3,30,1667.8,120,631260
2026-04-10T15:05:46.981,NF,BANKNIFTY28APR2655000CE,1668.75,1555.55,1719.8,1241.7,1182.6,1172250,1551.67,1666.0,60,1670.0,30,630390
2026-04-10T15:05:49.429,NF,BANKNIFTY28APR2655000CE,1669.35,1555.55,1719.8,1241.7,1182.6,1172370,1551.68,1669.3,60,1674.15,150,630390
2026-04-10T15:05:53.385,NF,BANKNIFTY28APR2655000CE,1674.05,1555.55,1719.8,1241.7,1182.6,1172400,1551.69,1670.2,30,1674.5,120,630390
2026-04-10T15:05:56.003,NF,BANKNIFTY28APR2655000CE,1669.0,1555.55,1719.8,1241.7,1182.6,1172430,1551.69,1672.4,30,1674.1,60,630390
2026-04-10T15:05:57.200,NF,BANKNIFTY28APR2655000CE,1672.4,1555.55,1719.8,1241.7,1182.6,1172460,1551.69,1668.85,30,1673.5,120,630390
2026-04-10T15:05:58.413,NF,BANKNIFTY28APR2655000CE,1672.4,1555.55,1719.8,1241.7,1182.6,1172610,1551.71,1668.75,30,1671.0,60,630390
2026-04-10T15:05:59.607,NF,BANKNIFTY28APR2655000CE,1669.0,1555.55,1719.8,1241.7,1182.6,1172670,1551.71,1665.0,30,1669.55,60,630390
2026-04-10T15:06:00.837,NF,BANKNIFTY28APR2655000CE,1666.45,1555.55,1719.8,1241.7,1182.6,1172700,1551.72,1665.6,60,1671.3,180,630390
2026-04-10T15:06:07.225,NF,BANKNIFTY28APR2655000CE,1670.0,1555.55,1719.8,1241.7,1182.6,1172760,1551.72,1671.7,30,1675.0,150,630390
2026-04-10T15:06:09.613,NF,BANKNIFTY28APR2655000CE,1675.0,1555.55,1719.8,1241.7,1182.6,1172790,1551.73,1672.45,60,1675.0,120,630390
2026-04-10T15:06:10.822,NF,BANKNIFTY28APR2655000CE,1675.0,1555.55,1719.8,1241.7,1182.6,1172850,1551.73,1672.1,30,1675.0,90,630390
2026-04-10T15:06:12.261,NF,BANKNIFTY28APR2655000CE,1676.35,1555.55,1719.8,1241.7,1182.6,1173150,1551.76,1672.1,30,1676.5,60,630390
2026-04-10T15:06:13.419,NF,BANKNIFTY28APR2655000CE,1672.2,1555.55,1719.8,1241.7,1182.6,1173210,1551.77,1671.4,60,1676.1,90,630390
2026-04-10T15:06:14.757,NF,BANKNIFTY28APR2655000CE,1671.15,1555.55,1719.8,1241.7,1182.6,1173240,1551.77,1671.2,90,1676.25,120,630390
2026-04-10T15:06:17.027,NF,BANKNIFTY28APR2655000CE,1676.05,1555.55,1719.8,1241.7,1182.6,1173810,1551.83,1672.05,60,1677.0,30,630390
2026-04-10T15:06:22.034,NF,BANKNIFTY28APR2655000CE,1674.65,1555.55,1719.8,1241.7,1182.6,1173840,1551.84,1670.0,360,1674.6,90,630390
2026-04-10T15:06:23.442,NF,BANKNIFTY28APR2655000CE,1674.9,1555.55,1719.8,1241.7,1182.6,1173870,1551.84,1672.05,150,1674.9,60,630390
2026-04-10T15:06:24.638,NF,BANKNIFTY28APR2655000CE,1672.05,1555.55,1719.8,1241.7,1182.6,1173930,1551.84,1674.65,30,1674.9,60,630390
2026-04-10T15:06:25.852,NF,BANKNIFTY28APR2655000CE,1674.65,1555.55,1719.8,1241.7,1182.6,1173960,1551.85,1670.1,30,1674.9,60,630390
2026-04-10T15:06:28.444,NF,BANKNIFTY28APR2655000CE,1670.15,1555.55,1719.8,1241.7,1182.6,1173990,1551.85,1670.0,390,1672.95,120,630390
2026-04-10T15:06:30.849,NF,BANKNIFTY28APR2655000CE,1668.7,1555.55,1719.8,1241.7,1182.6,1174410,1551.89,1666.0,90,1668.1,240,630390
2026-04-10T15:06:32.080,NF,BANKNIFTY28APR2655000CE,1668.1,1555.55,1719.8,1241.7,1182.6,1174440,1551.9,1666.0,90,1668.7,150,630390
2026-04-10T15:06:33.240,NF,BANKNIFTY28APR2655000CE,1668.7,1555.55,1719.8,1241.7,1182.6,1174470,1551.9,1666.0,90,1668.7,120,630390
2026-04-10T15:06:35.644,NF,BANKNIFTY28APR2655000CE,1666.0,1555.55,1719.8,1241.7,1182.6,1174560,1551.91,1667.7,60,1672.2,150,630390
2026-04-10T15:06:37.063,NF,BANKNIFTY28APR2655000CE,1663.65,1555.55,1719.8,1241.7,1182.6,1174740,1551.92,1663.55,90,1668.6,150,630390
2026-04-10T15:06:38.244,NF,BANKNIFTY28APR2655000CE,1668.75,1555.55,1719.8,1241.7,1182.6,1174800,1551.93,1665.35,150,1669.65,150,630390
2026-04-10T15:06:39.446,NF,BANKNIFTY28APR2655000CE,1665.0,1555.55,1719.8,1241.7,1182.6,1175100,1551.96,1660.45,120,1666.15,30,630390
2026-04-10T15:06:41.871,NF,BANKNIFTY28APR2655000CE,1658.0,1555.55,1719.8,1241.7,1182.6,1175220,1551.97,1651.55,150,1657.45,30,630390
2026-04-10T15:06:43.258,NF,BANKNIFTY28APR2655000CE,1657.7,1555.55,1719.8,1241.7,1182.6,1175280,1551.98,1652.7,60,1658.4,630,630390
2026-04-10T15:06:46.878,NF,BANKNIFTY28APR2655000CE,1660.0,1555.55,1719.8,1241.7,1182.6,1175610,1552.01,1655.75,60,1661.7,30,630390
2026-04-10T15:06:49.459,NF,BANKNIFTY28APR2655000CE,1657.2,1555.55,1719.8,1241.7,1182.6,1175910,1552.03,1657.0,90,1662.45,30,630390
2026-04-10T15:06:53.105,NF,BANKNIFTY28APR2655000CE,1665.45,1555.55,1719.8,1241.7,1182.6,1175940,1552.04,1659.6,30,1665.6,30,630390
2026-04-10T15:07:05.685,NF,BANKNIFTY28APR2655000CE,1665.2,1555.55,1719.8,1241.7,1182.6,1176030,1552.04,1659.45,90,1665.25,90,630390
2026-04-10T15:07:15.706,NF,BANKNIFTY28APR2655000CE,1663.7,1555.55,1719.8,1241.7,1182.6,1176060,1552.05,1663.4,90,1668.8,90,630390
2026-04-10T15:07:18.101,NF,BANKNIFTY28APR2655000CE,1670.0,1555.55,1719.8,1241.7,1182.6,1176120,1552.05,1668.4,30,1674.35,30,630390
2026-04-10T15:07:19.304,NF,BANKNIFTY28APR2655000CE,1670.3,1555.55,1719.8,1241.7,1182.6,1176180,1552.06,1670.15,90,1675.0,750,630390
2026-04-10T15:07:21.914,NF,BANKNIFTY28APR2655000CE,1670.15,1555.55,1719.8,1241.7,1182.6,1176210,1552.06,1670.2,30,1674.75,240,630390
2026-04-10T15:07:25.711,NF,BANKNIFTY28APR2655000CE,1673.65,1555.55,1719.8,1241.7,1182.6,1176360,1552.08,1673.6,60,1676.0,30,630390
2026-04-10T15:07:26.917,NF,BANKNIFTY28APR2655000CE,1673.6,1555.55,1719.8,1241.7,1182.6,1176390,1552.08,1672.8,120,1676.0,30,630390
2026-04-10T15:07:30.715,NF,BANKNIFTY28APR2655000CE,1675.0,1555.55,1719.8,1241.7,1182.6,1176630,1552.11,1673.6,120,1675.0,1200,630390
2026-04-10T15:07:33.122,NF,BANKNIFTY28APR2655000CE,1675.0,1555.55,1719.8,1241.7,1182.6,1177080,1552.15,1674.2,30,1675.0,810,630390
2026-04-10T15:07:34.331,NF,BANKNIFTY28APR2655000CE,1676.0,1555.55,1719.8,1241.7,1182.6,1177920,1552.24,1675.1,30,1677.0,30,630390
2026-04-10T15:07:36.923,NF,BANKNIFTY28APR2655000CE,1677.0,1555.55,1719.8,1241.7,1182.6,1177950,1552.24,1677.5,60,1680.0,180,630390
2026-04-10T15:07:38.144,NF,BANKNIFTY28APR2655000CE,1680.0,1555.55,1719.8,1241.7,1182.6,1178040,1552.25,1678.85,30,1680.0,90,630390
2026-04-10T15:07:39.341,NF,BANKNIFTY28APR2655000CE,1681.0,1555.55,1719.8,1241.7,1182.6,1178160,1552.27,1680.05,90,1681.0,30,630390
2026-04-10T15:07:40.530,NF,BANKNIFTY28APR2655000CE,1680.35,1555.55,1719.8,1241.7,1182.6,1178220,1552.27,1680.2,60,1684.4,60,630390
2026-04-10T15:07:43.161,NF,BANKNIFTY28APR2655000CE,1680.2,1555.55,1719.8,1241.7,1182.6,1178250,1552.28,1680.15,30,1684.4,60,630390
2026-04-10T15:07:46.947,NF,BANKNIFTY28APR2655000CE,1680.0,1555.55,1719.8,1241.7,1182.6,1178280,1552.28,1680.0,60,1680.35,60,630390
2026-04-10T15:07:50.555,NF,BANKNIFTY28APR2655000CE,1680.35,1555.55,1719.8,1241.7,1182.6,1178340,1552.29,1680.2,90,1684.35,120,630390
2026-04-10T15:07:52.748,NF,BANKNIFTY28APR2655000CE,1680.3,1555.55,1719.8,1241.7,1182.6,1178370,1552.29,1680.25,30,1684.35,120,630390
2026-04-10T15:07:54.159,NF,BANKNIFTY28APR2655000CE,1681.1,1555.55,1719.8,1241.7,1182.6,1178550,1552.31,1681.1,30,1684.4,60,630390
2026-04-10T15:08:00.373,NF,BANKNIFTY28APR2655000CE,1684.65,1555.55,1719.8,1241.7,1182.6,1178640,1552.32,1685.8,60,1688.0,270,630390
2026-04-10T15:08:01.560,NF,BANKNIFTY28APR2655000CE,1687.8,1555.55,1719.8,1241.7,1182.6,1178670,1552.32,1684.6,30,1688.0,270,630390
2026-04-10T15:08:02.778,NF,BANKNIFTY28APR2655000CE,1681.0,1555.55,1719.8,1241.7,1182.6,1178820,1552.34,1685.0,30,1686.35,60,630390
2026-04-10T15:08:03.966,NF,BANKNIFTY28APR2655000CE,1681.0,1555.55,1719.8,1241.7,1182.6,1178880,1552.35,1681.25,150,1686.05,60,630390
2026-04-10T15:08:05.367,NF,BANKNIFTY28APR2655000CE,1683.15,1555.55,1719.8,1241.7,1182.6,1179030,1552.36,1680.55,120,1685.7,120,630390
2026-04-10T15:08:10.179,NF,BANKNIFTY28APR2655000CE,1682.2,1555.55,1719.8,1241.7,1182.6,1179090,1552.37,1682.45,120,1687.45,150,630390
2026-04-10T15:08:15.179,NF,BANKNIFTY28APR2655000CE,1684.15,1555.55,1719.8,1241.7,1182.6,1179120,1552.37,1682.85,210,1687.55,120,630390
2026-04-10T15:08:16.581,NF,BANKNIFTY28APR2655000CE,1687.25,1555.55,1719.8,1241.7,1182.6,1179150,1552.38,1682.8,180,1687.4,60,630390
2026-04-10T15:08:20.188,NF,BANKNIFTY28APR2655000CE,1688.0,1555.55,1719.8,1241.7,1182.6,1179180,1552.38,1685.4,180,1688.0,240,630390
2026-04-10T15:08:23.792,NF,BANKNIFTY28APR2655000CE,1686.1,1555.55,1719.8,1241.7,1182.6,1179420,1552.41,1686.1,90,1688.0,240,630390
2026-04-10T15:08:28.893,NF,BANKNIFTY28APR2655000CE,1688.0,1555.55,1719.8,1241.7,1182.6,1179450,1552.41,1686.5,240,1687.25,30,630390
2026-04-10T15:08:31.212,NF,BANKNIFTY28APR2655000CE,1687.25,1555.55,1719.8,1241.7,1182.6,1179480,1552.41,1687.4,240,1688.0,210,630390
2026-04-10T15:08:32.622,NF,BANKNIFTY28APR2655000CE,1688.0,1555.55,1719.8,1241.7,1182.6,1179510,1552.42,1687.4,240,1688.0,180,630390
2026-04-10T15:08:33.834,NF,BANKNIFTY28APR2655000CE,1688.0,1555.55,1719.8,1241.7,1182.6,1179660,1552.43,1687.4,240,1688.0,30,630390
2026-04-10T15:08:35.009,NF,BANKNIFTY28APR2655000CE,1688.0,1555.55,1719.8,1241.7,1182.6,1179690,1552.44,1688.0,300,1689.0,30,630390
2026-04-10T15:08:38.811,NF,BANKNIFTY28APR2655000CE,1689.95,1555.55,1719.8,1241.7,1182.6,1179840,1552.45,1689.95,180,1690.9,900,630390
2026-04-10T15:08:44.819,NF,BANKNIFTY28APR2655000CE,1689.95,1555.55,1719.8,1241.7,1182.6,1179990,1552.47,1689.35,60,1690.9,900,630390
2026-04-10T15:08:46.219,NF,BANKNIFTY28APR2655000CE,1690.9,1555.55,1719.8,1241.7,1182.6,1180380,1552.52,1690.1,150,1690.9,510,630390
2026-04-10T15:08:47.433,NF,BANKNIFTY28APR2655000CE,1690.9,1555.55,1719.8,1241.7,1182.6,1180440,1552.52,1690.15,150,1690.9,450,630390
2026-04-10T15:08:48.626,NF,BANKNIFTY28APR2655000CE,1690.9,1555.55,1719.8,1241.7,1182.6,1180470,1552.53,1690.65,240,1690.9,420,629340
2026-04-10T15:08:49.831,NF,BANKNIFTY28APR2655000CE,1692.1,1555.55,1719.8,1241.7,1182.6,1181010,1552.59,1688.2,150,1692.35,30,629340
2026-04-10T15:08:52.642,NF,BANKNIFTY28APR2655000CE,1692.45,1555.55,1719.8,1241.7,1182.6,1181070,1552.6,1690.0,360,1692.35,60,629340
2026-04-10T15:08:53.830,NF,BANKNIFTY28APR2655000CE,1690.0,1555.55,1719.8,1241.7,1182.6,1181400,1552.64,1687.0,150,1689.45,30,629340
2026-04-10T15:08:58.840,NF,BANKNIFTY28APR2655000CE,1685.0,1555.55,1719.8,1241.7,1182.6,1181520,1552.65,1684.35,180,1687.95,90,629340
2026-04-10T15:09:00.043,NF,BANKNIFTY28APR2655000CE,1684.35,1555.55,1719.8,1241.7,1182.6,1181640,1552.66,1680.0,30,1686.6,120,629340
2026-04-10T15:09:17.469,NF,BANKNIFTY28APR2655000CE,1689.15,1555.55,1719.8,1241.7,1182.6,1181670,1552.67,1683.95,60,1687.9,30,629340
2026-04-10T15:09:30.083,NF,BANKNIFTY28APR2655000CE,1682.25,1555.55,1719.8,1241.7,1182.6,1181700,1552.67,1682.25,120,1687.2,30,629340
2026-04-10T15:09:34.895,NF,BANKNIFTY28APR2655000CE,1687.0,1555.55,1719.8,1241.7,1182.6,1181760,1552.68,1681.15,90,1685.95,60,629340
2026-04-10T15:09:38.703,NF,BANKNIFTY28APR2655000CE,1689.0,1555.55,1719.8,1241.7,1182.6,1181790,1552.68,1687.6,60,1690.0,30,629340
2026-04-10T15:09:44.926,NF,BANKNIFTY28APR2655000CE,1687.15,1555.55,1719.8,1241.7,1182.6,1181850,1552.69,1686.5,90,1690.0,90,629340
2026-04-10T15:09:47.508,NF,BANKNIFTY28APR2655000CE,1691.6,1555.55,1719.8,1241.7,1182.6,1182000,1552.71,1686.25,90,1691.65,60,629340
2026-04-10T15:09:49.932,NF,BANKNIFTY28APR2655000CE,1685.3,1555.55,1719.8,1241.7,1182.6,1182030,1552.71,1685.55,60,1690.9,60,629340
2026-04-10T15:09:52.116,NF,BANKNIFTY28APR2655000CE,1686.05,1555.55,1719.8,1241.7,1182.6,1182060,1552.71,1686.45,60,1691.1,120,629340
2026-04-10T15:09:55.729,NF,BANKNIFTY28APR2655000CE,1693.9,1555.55,1719.8,1241.7,1182.6,1182150,1552.72,1688.0,60,1692.75,690,629340
2026-04-10T15:10:04.534,NF,BANKNIFTY28APR2655000CE,1693.9,1555.55,1719.8,1241.7,1182.6,1182180,1552.73,1691.7,60,1693.9,30,629340
2026-04-10T15:10:05.778,NF,BANKNIFTY28APR2655000CE,1695.0,1555.55,1719.8,1241.7,1182.6,1182300,1552.74,1694.75,120,1698.0,60,629340
2026-04-10T15:10:09.351,NF,BANKNIFTY28APR2655000CE,1694.3,1555.55,1719.8,1241.7,1182.6,1182330,1552.74,1694.9,60,1698.0,60,629340
2026-04-10T15:10:10.741,NF,BANKNIFTY28APR2655000CE,1700.0,1555.55,1719.8,1241.7,1182.6,1184160,1552.97,1700.0,180,1704.0,30,629340
2026-04-10T15:10:20.573,NF,BANKNIFTY28APR2655000CE,1707.2,1555.55,1719.8,1241.7,1182.6,1184280,1552.99,1701.95,30,1707.55,90,629340
2026-04-10T15:10:23.159,NF,BANKNIFTY28APR2655000CE,1703.9,1555.55,1719.8,1241.7,1182.6,1184340,1552.99,1700.9,30,1705.95,120,629340
2026-04-10T15:10:25.562,NF,BANKNIFTY28APR2655000CE,1700.45,1555.55,1719.8,1241.7,1182.6,1184370,1553.0,1700.35,90,1705.5,30,629340
2026-04-10T15:10:26.765,NF,BANKNIFTY28APR2655000CE,1710.0,1555.55,1719.8,1241.7,1182.6,1186620,1553.29,1702.35,120,1707.95,60,629340
2026-04-10T15:10:27.968,NF,BANKNIFTY28APR2655000CE,1702.85,1555.55,1719.8,1241.7,1182.6,1186680,1553.3,1702.9,30,1707.8,120,629340
2026-04-10T15:10:32.974,NF,BANKNIFTY28APR2655000CE,1704.05,1555.55,1719.8,1241.7,1182.6,1186710,1553.3,1704.05,150,1708.85,120,629340
2026-04-10T15:10:42.989,NF,BANKNIFTY28APR2655000CE,1703.35,1555.55,1719.8,1241.7,1182.6,1186740,1553.31,1703.45,30,1705.75,30,629340
2026-04-10T15:10:44.191,NF,BANKNIFTY28APR2655000CE,1703.4,1555.55,1719.8,1241.7,1182.6,1186830,1553.32,1703.3,90,1705.75,30,629340
2026-04-10T15:10:45.393,NF,BANKNIFTY28APR2655000CE,1704.3,1555.55,1719.8,1241.7,1182.6,1186920,1553.33,1703.2,120,1708.6,60,629340
2026-04-10T15:10:46.595,NF,BANKNIFTY28APR2655000CE,1704.8,1555.55,1719.8,1241.7,1182.6,1187310,1553.38,1705.2,120,1708.9,900,629340
2026-04-10T15:10:49.017,NF,BANKNIFTY28APR2655000CE,1704.75,1555.55,1719.8,1241.7,1182.6,1187340,1553.38,1704.65,60,1708.85,90,629340
2026-04-10T15:10:52.808,NF,BANKNIFTY28APR2655000CE,1704.05,1555.55,1719.8,1241.7,1182.6,1187370,1553.39,1701.8,120,1706.75,30,629340
2026-04-10T15:10:59.016,NF,BANKNIFTY28APR2655000CE,1704.05,1555.55,1719.8,1241.7,1182.6,1187400,1553.39,1703.55,180,1708.9,900,629340
2026-04-10T15:11:09.036,NF,BANKNIFTY28APR2655000CE,1705.0,1555.55,1719.8,1241.7,1182.6,1187460,1553.4,1704.05,120,1708.45,90,629340
2026-04-10T15:11:12.840,NF,BANKNIFTY28APR2655000CE,1705.0,1555.55,1719.8,1241.7,1182.6,1187520,1553.41,1704.05,120,1708.75,90,629340
2026-04-10T15:11:15.238,NF,BANKNIFTY28APR2655000CE,1708.9,1555.55,1719.8,1241.7,1182.6,1187670,1553.43,1704.5,30,1708.8,210,629340
2026-04-10T15:11:16.640,NF,BANKNIFTY28APR2655000CE,1704.55,1555.55,1719.8,1241.7,1182.6,1187700,1553.43,1704.85,210,1708.9,780,629340
2026-04-10T15:11:17.854,NF,BANKNIFTY28APR2655000CE,1704.45,1555.55,1719.8,1241.7,1182.6,1187760,1553.44,1704.3,150,1708.9,750,629340
2026-04-10T15:11:19.057,NF,BANKNIFTY28APR2655000CE,1704.75,1555.55,1719.8,1241.7,1182.6,1187790,1553.44,1704.75,60,1708.9,900,629340
2026-04-10T15:11:20.247,NF,BANKNIFTY28APR2655000CE,1708.3,1555.55,1719.8,1241.7,1182.6,1187850,1553.45,1705.0,120,1708.3,60,629340
2026-04-10T15:11:21.653,NF,BANKNIFTY28APR2655000CE,1708.55,1555.55,1719.8,1241.7,1182.6,1187910,1553.46,1705.0,120,1708.55,60,629340
2026-04-10T15:11:22.850,NF,BANKNIFTY28APR2655000CE,1708.75,1555.55,1719.8,1241.7,1182.6,1188030,1553.47,1704.05,120,1708.75,150,629340
2026-04-10T15:11:24.053,NF,BANKNIFTY28APR2655000CE,1707.35,1555.55,1719.8,1241.7,1182.6,1188060,1553.48,1704.05,120,1707.45,60,629340
2026-04-10T15:11:25.254,NF,BANKNIFTY28APR2655000CE,1707.75,1555.55,1719.8,1241.7,1182.6,1188510,1553.54,1704.05,120,1706.8,60,629340
2026-04-10T15:11:26.463,NF,BANKNIFTY28APR2655000CE,1706.45,1555.55,1719.8,1241.7,1182.6,1188630,1553.55,1704.05,120,1706.85,60,629340
2026-04-10T15:11:29.058,NF,BANKNIFTY28APR2655000CE,1707.0,1555.55,1719.8,1241.7,1182.6,1188660,1553.56,1704.05,120,1708.0,90,629340
2026-04-10T15:11:34.066,NF,BANKNIFTY28APR2655000CE,1704.05,1555.55,1719.8,1241.7,1182.6,1188720,1553.56,1704.05,60,1708.0,90,629340
2026-04-10T15:11:37.683,NF,BANKNIFTY28APR2655000CE,1704.05,1555.55,1719.8,1241.7,1182.6,1188750,1553.57,1704.05,30,1707.85,60,629340
2026-04-10T15:11:39.074,NF,BANKNIFTY28APR2655000CE,1706.1,1555.55,1719.8,1241.7,1182.6,1188780,1553.57,1704.05,30,1707.7,60,629340
2026-04-10T15:11:40.315,NF,BANKNIFTY28APR2655000CE,1706.8,1555.55,1719.8,1241.7,1182.6,1188810,1553.57,1704.05,30,1707.4,120,629340
2026-04-10T15:11:43.885,NF,BANKNIFTY28APR2655000CE,1707.9,1555.55,1719.8,1241.7,1182.6,1188840,1553.58,1704.05,30,1708.0,90,629340
2026-04-10T15:11:46.486,NF,BANKNIFTY28APR2655000CE,1704.0,1555.55,1719.8,1241.7,1182.6,1188900,1553.59,1704.0,270,1708.0,690,629340
2026-04-10T15:11:47.692,NF,BANKNIFTY28APR2655000CE,1707.85,1555.55,1719.8,1241.7,1182.6,1189050,1553.61,1704.0,270,1708.0,90,629340
2026-04-10T15:11:48.891,NF,BANKNIFTY28APR2655000CE,1708.0,1555.55,1719.8,1241.7,1182.6,1189140,1553.62,1704.0,270,1708.15,150,629130
2026-04-10T15:11:51.331,NF,BANKNIFTY28APR2655000CE,1707.05,1555.55,1719.8,1241.7,1182.6,1189290,1553.64,1704.0,270,1707.75,720,629130
2026-04-10T15:11:54.098,NF,BANKNIFTY28APR2655000CE,1707.75,1555.55,1719.8,1241.7,1182.6,1189380,1553.65,1704.0,270,1707.9,150,629130
2026-04-10T15:11:55.327,NF,BANKNIFTY28APR2655000CE,1707.75,1555.55,1719.8,1241.7,1182.6,1189560,1553.67,1704.0,270,1708.1,120,629130
2026-04-10T15:11:56.521,NF,BANKNIFTY28APR2655000CE,1708.15,1555.55,1719.8,1241.7,1182.6,1189710,1553.69,1704.0,270,1707.05,120,629130
2026-04-10T15:11:58.905,NF,BANKNIFTY28APR2655000CE,1704.0,1555.55,1719.8,1241.7,1182.6,1189740,1553.7,1704.0,330,1707.05,30,629130
2026-04-10T15:12:00.119,NF,BANKNIFTY28APR2655000CE,1707.0,1555.55,1719.8,1241.7,1182.6,1189890,1553.71,1704.0,240,1706.8,180,629130
2026-04-10T15:12:01.324,NF,BANKNIFTY28APR2655000CE,1708.9,1555.55,1719.8,1241.7,1182.6,1190070,1553.74,1706.3,90,1708.9,600,629130
2026-04-10T15:12:03.935,NF,BANKNIFTY28APR2655000CE,1708.9,1555.55,1719.8,1241.7,1182.6,1190220,1553.76,1707.25,30,1708.9,450,629130
2026-04-10T15:12:05.145,NF,BANKNIFTY28APR2655000CE,1708.9,1555.55,1719.8,1241.7,1182.6,1190670,1553.82,1709.15,30,1710.0,30,629130
2026-04-10T15:12:06.373,NF,BANKNIFTY28APR2655000CE,1714.7,1555.55,1719.8,1241.7,1182.6,1190820,1553.84,1711.95,120,1715.0,180,629130
2026-04-10T15:12:07.728,NF,BANKNIFTY28APR2655000CE,1715.1,1555.55,1719.8,1241.7,1182.6,1191030,1553.86,1715.1,90,1717.0,120,629130
2026-04-10T15:12:08.941,NF,BANKNIFTY28APR2655000CE,1715.0,1555.55,1719.8,1241.7,1182.6,1191120,1553.88,1710.9,90,1713.0,60,629130
2026-04-10T15:12:10.136,NF,BANKNIFTY28APR2655000CE,1708.45,1555.55,1719.8,1241.7,1182.6,1191510,1553.93,1704.0,240,1706.55,30,629130
2026-04-10T15:12:11.325,NF,BANKNIFTY28APR2655000CE,1704.0,1555.55,1719.8,1241.7,1182.6,1191660,1553.95,1704.0,90,1706.9,270,629130
2026-04-10T15:12:12.742,NF,BANKNIFTY28APR2655000CE,1706.7,1555.55,1719.8,1241.7,1182.6,1191690,1553.95,1704.0,90,1706.95,60,629130
2026-04-10T15:12:15.144,NF,BANKNIFTY28APR2655000CE,1707.95,1555.55,1719.8,1241.7,1182.6,1191840,1553.97,1704.0,90,1707.35,60,629130
2026-04-10T15:12:17.542,NF,BANKNIFTY28APR2655000CE,1707.4,1555.55,1719.8,1241.7,1182.6,1191990,1553.99,1704.0,90,1706.85,120,629130
2026-04-10T15:12:18.749,NF,BANKNIFTY28APR2655000CE,1704.0,1555.55,1719.8,1241.7,1182.6,1192230,1554.02,1701.0,30,1703.9,60,629130
2026-04-10T15:12:19.960,NF,BANKNIFTY28APR2655000CE,1705.1,1555.55,1719.8,1241.7,1182.6,1192380,1554.04,1701.0,30,1704.1,210,629130
2026-04-10T15:12:21.346,NF,BANKNIFTY28APR2655000CE,1704.15,1555.55,1719.8,1241.7,1182.6,1192680,1554.08,1701.0,30,1703.75,30,629130
2026-04-10T15:12:22.541,NF,BANKNIFTY28APR2655000CE,1703.65,1555.55,1719.8,1241.7,1182.6,1192800,1554.09,1701.0,30,1703.7,120,629130
2026-04-10T15:12:23.776,NF,BANKNIFTY28APR2655000CE,1700.0,1555.55,1719.8,1241.7,1182.6,1193070,1554.12,1698.85,60,1703.6,600,629130
2026-04-10T15:12:26.156,NF,BANKNIFTY28APR2655000CE,1701.7,1555.55,1719.8,1241.7,1182.6,1193220,1554.14,1694.1,90,1698.95,240,629130
2026-04-10T15:12:27.554,NF,BANKNIFTY28APR2655000CE,1697.5,1555.55,1719.8,1241.7,1182.6,1193430,1554.17,1692.1,210,1697.35,120,629130
2026-04-10T15:12:29.957,NF,BANKNIFTY28APR2655000CE,1699.45,1555.55,1719.8,1241.7,1182.6,1193460,1554.17,1694.2,60,1698.95,120,629130
2026-04-10T15:12:31.172,NF,BANKNIFTY28APR2655000CE,1696.45,1555.55,1719.8,1241.7,1182.6,1193820,1554.21,1692.6,90,1697.8,120,629130
2026-04-10T15:12:32.557,NF,BANKNIFTY28APR2655000CE,1698.9,1555.55,1719.8,1241.7,1182.6,1194030,1554.24,1694.0,60,1698.9,720,629130
2026-04-10T15:12:33.759,NF,BANKNIFTY28APR2655000CE,1691.9,1555.55,1719.8,1241.7,1182.6,1194090,1554.25,1692.8,30,1698.75,150,629130
2026-04-10T15:12:34.971,NF,BANKNIFTY28APR2655000CE,1696.9,1555.55,1719.8,1241.7,1182.6,1194270,1554.27,1693.0,30,1695.9,30,629130
2026-04-10T15:12:36.203,NF,BANKNIFTY28APR2655000CE,1691.95,1555.55,1719.8,1241.7,1182.6,1194480,1554.29,1691.6,30,1696.45,150,629130
2026-04-10T15:12:37.573,NF,BANKNIFTY28APR2655000CE,1695.95,1555.55,1719.8,1241.7,1182.6,1194660,1554.31,1690.5,60,1696.05,60,629130
2026-04-10T15:12:38.791,NF,BANKNIFTY28APR2655000CE,1695.6,1555.55,1719.8,1241.7,1182.6,1194810,1554.33,1690.2,30,1695.3,90,629130
2026-04-10T15:12:39.977,NF,BANKNIFTY28APR2655000CE,1686.4,1555.55,1719.8,1241.7,1182.6,1195110,1554.37,1682.9,30,1688.15,210,629130
2026-04-10T15:12:41.202,NF,BANKNIFTY28APR2655000CE,1682.25,1555.55,1719.8,1241.7,1182.6,1195290,1554.39,1680.0,30,1685.1,60,629130
2026-04-10T15:12:42.584,NF,BANKNIFTY28APR2655000CE,1675.25,1555.55,1719.8,1241.7,1182.6,1195740,1554.43,1677.8,120,1683.2,30,629130
2026-04-10T15:12:43.808,NF,BANKNIFTY28APR2655000CE,1677.15,1555.55,1719.8,1241.7,1182.6,1195800,1554.44,1676.8,60,1681.85,120,629130
2026-04-10T15:12:46.190,NF,BANKNIFTY28APR2655000CE,1682.65,1555.55,1719.8,1241.7,1182.6,1195860,1554.44,1676.25,210,1681.55,120,629130
2026-04-10T15:12:47.591,NF,BANKNIFTY28APR2655000CE,1677.15,1555.55,1719.8,1241.7,1182.6,1195890,1554.45,1675.8,150,1680.35,120,629130
2026-04-10T15:12:53.193,NF,BANKNIFTY28APR2655000CE,1678.65,1555.55,1719.8,1241.7,1182.6,1195980,1554.46,1678.65,90,1681.5,120,629130
2026-04-10T15:12:55.803,NF,BANKNIFTY28APR2655000CE,1680.05,1555.55,1719.8,1241.7,1182.6,1198320,1554.7,1675.2,180,1681.4,420,629130
2026-04-10T15:12:58.199,NF,BANKNIFTY28APR2655000CE,1683.55,1555.55,1719.8,1241.7,1182.6,1198350,1554.7,1676.35,210,1681.55,120,629130
2026-04-10T15:12:59.435,NF,BANKNIFTY28APR2655000CE,1681.35,1555.55,1719.8,1241.7,1182.6,1198650,1554.74,1675.45,180,1680.65,120,629130
2026-04-10T15:13:05.819,NF,BANKNIFTY28APR2655000CE,1682.75,1555.55,1719.8,1241.7,1182.6,1198680,1554.74,1682.5,60,1687.15,60,629130
2026-04-10T15:13:10.838,NF,BANKNIFTY28APR2655000CE,1687.3,1555.55,1719.8,1241.7,1182.6,1198860,1554.76,1683.15,90,1687.35,630,629130
2026-04-10T15:13:12.028,NF,BANKNIFTY28APR2655000CE,1685.4,1555.55,1719.8,1241.7,1182.6,1198890,1554.76,1685.3,30,1689.95,600,629130
2026-04-10T15:13:17.027,NF,BANKNIFTY28APR2655000CE,1689.65,1555.55,1719.8,1241.7,1182.6,1198920,1554.77,1687.7,60,1691.55,120,629130
2026-04-10T15:13:18.254,NF,BANKNIFTY28APR2655000CE,1691.35,1555.55,1719.8,1241.7,1182.6,1198950,1554.77,1691.35,120,1694.55,120,629130
2026-04-10T15:13:20.843,NF,BANKNIFTY28APR2655000CE,1695.35,1555.55,1719.8,1241.7,1182.6,1199280,1554.81,1691.45,180,1696.55,30,629130
2026-04-10T15:13:24.448,NF,BANKNIFTY28APR2655000CE,1693.6,1555.55,1719.8,1241.7,1182.6,1199310,1554.81,1691.85,210,1696.75,120,629130
2026-04-10T15:13:30.667,NF,BANKNIFTY28APR2655000CE,1695.0,1555.55,1719.8,1241.7,1182.6,1199340,1554.81,1691.85,60,1694.9,60,629130
2026-04-10T15:13:32.060,NF,BANKNIFTY28APR2655000CE,1691.45,1555.55,1719.8,1241.7,1182.6,1199520,1554.84,1691.3,150,1695.0,30,629130
2026-04-10T15:13:33.255,NF,BANKNIFTY28APR2655000CE,1695.0,1555.55,1719.8,1241.7,1182.6,1199550,1554.84,1691.65,60,1696.8,60,629130
2026-04-10T15:13:34.499,NF,BANKNIFTY28APR2655000CE,1691.25,1555.55,1719.8,1241.7,1182.6,1199580,1554.84,1690.75,120,1695.35,60,629130
2026-04-10T15:13:37.061,NF,BANKNIFTY28APR2655000CE,1691.45,1555.55,1719.8,1241.7,1182.6,1199610,1554.85,1691.5,150,1696.3,180,629130
2026-04-10T15:13:39.470,NF,BANKNIFTY28APR2655000CE,1696.3,1555.55,1719.8,1241.7,1182.6,1199970,1554.89,1691.45,120,1696.65,180,629130
2026-04-10T15:13:43.268,NF,BANKNIFTY28APR2655000CE,1697.0,1555.55,1719.8,1241.7,1182.6,1200030,1554.89,1696.4,30,1697.0,330,629130
2026-04-10T15:13:44.463,NF,BANKNIFTY28APR2655000CE,1696.4,1555.55,1719.8,1241.7,1182.6,1200060,1554.9,1692.15,210,1697.0,960,629130
2026-04-10T15:13:45.665,NF,BANKNIFTY28APR2655000CE,1696.3,1555.55,1719.8,1241.7,1182.6,1200090,1554.9,1695.05,210,1697.0,930,629130
2026-04-10T15:13:46.885,NF,BANKNIFTY28APR2655000CE,1695.0,1555.55,1719.8,1241.7,1182.6,1200360,1554.93,1692.25,150,1697.0,330,629130
2026-04-10T15:13:51.884,NF,BANKNIFTY28APR2655000CE,1691.9,1555.55,1719.8,1241.7,1182.6,1200390,1554.94,1687.3,150,1692.35,210,629130
2026-04-10T15:13:53.078,NF,BANKNIFTY28APR2655000CE,1687.3,1555.55,1719.8,1241.7,1182.6,1200420,1554.94,1686.55,60,1690.5,210,629130
2026-04-10T15:13:55.499,NF,BANKNIFTY28APR2655000CE,1685.3,1555.55,1719.8,1241.7,1182.6,1200450,1554.94,1685.15,150,1690.7,90,629130
2026-04-10T15:14:00.481,NF,BANKNIFTY28APR2655000CE,1685.0,1555.55,1719.8,1241.7,1182.6,1200510,1554.95,1685.0,90,1688.9,60,629130
2026-04-10T15:14:01.685,NF,BANKNIFTY28APR2655000CE,1685.0,1555.55,1719.8,1241.7,1182.6,1200600,1554.96,1681.2,90,1686.65,60,629130
2026-04-10T15:14:04.091,NF,BANKNIFTY28APR2655000CE,1684.95,1555.55,1719.8,1241.7,1182.6,1200630,1554.96,1680.0,150,1684.6,120,629130
2026-04-10T15:14:05.294,NF,BANKNIFTY28APR2655000CE,1686.1,1555.55,1719.8,1241.7,1182.6,1201110,1555.02,1680.15,150,1685.15,150,629130
2026-04-10T15:14:12.713,NF,BANKNIFTY28APR2655000CE,1680.0,1555.55,1719.8,1241.7,1182.6,1201140,1555.02,1677.3,150,1681.7,120,629130
2026-04-10T15:14:16.304,NF,BANKNIFTY28APR2655000CE,1680.0,1555.55,1719.8,1241.7,1182.6,1201170,1555.02,1677.45,150,1682.95,30,629130
2026-04-10T15:14:21.318,NF,BANKNIFTY28APR2655000CE,1677.0,1555.55,1719.8,1241.7,1182.6,1201260,1555.03,1674.4,120,1679.95,90,629130
2026-04-10T15:14:24.916,NF,BANKNIFTY28APR2655000CE,1675.45,1555.55,1719.8,1241.7,1182.6,1201290,1555.03,1675.85,90,1681.0,120,629130
2026-04-10T15:14:26.331,NF,BANKNIFTY28APR2655000CE,1681.6,1555.55,1719.8,1241.7,1182.6,1201320,1555.04,1676.45,60,1681.95,120,629130
2026-04-10T15:14:29.923,NF,BANKNIFTY28APR2655000CE,1675.85,1555.55,1719.8,1241.7,1182.6,1201470,1555.05,1676.9,90,1681.85,60,629130
2026-04-10T15:14:48.553,NF,BANKNIFTY28APR2655000CE,1677.45,1555.55,1719.8,1241.7,1182.6,1201500,1555.06,1674.75,90,1679.95,150,629130
2026-04-10T15:14:56.962,NF,BANKNIFTY28APR2655000CE,1679.1,1555.55,1719.8,1241.7,1182.6,1201650,1555.07,1679.65,60,1682.0,30,627840
2026-04-10T15:14:59.569,NF,BANKNIFTY28APR2655000CE,1674.4,1555.55,1719.8,1241.7,1182.6,1201980,1555.1,1672.8,60,1678.6,30,627840
2026-04-10T15:15:00.781,NF,BANKNIFTY28APR2655000CE,1674.9,1555.55,1719.8,1241.7,1182.6,1202040,1555.11,1673.95,90,1679.1,60,627840
2026-04-10T15:15:01.969,NF,BANKNIFTY28APR2655000CE,1671.3,1555.55,1719.8,1241.7,1182.6,1202100,1555.12,1670.05,90,1676.6,90,627840
2026-04-10T15:15:03.365,NF,BANKNIFTY28APR2655000CE,1679.75,1555.55,1719.8,1241.7,1182.6,1202160,1555.12,1676.3,210,1681.35,60,627840
2026-04-10T15:15:13.198,NF,BANKNIFTY28APR2655000CE,1679.2,1555.55,1719.8,1241.7,1182.6,1202280,1555.13,1679.85,60,1682.0,30,627840
2026-04-10T15:15:14.583,NF,BANKNIFTY28APR2655000CE,1685.0,1555.55,1719.8,1241.7,1182.6,1202370,1555.14,1682.8,60,1685.0,270,627840
2026-04-10T15:15:17.010,NF,BANKNIFTY28APR2655000CE,1685.0,1555.55,1719.8,1241.7,1182.6,1202400,1555.15,1683.35,30,1685.0,240,627840
2026-04-10T15:15:19.397,NF,BANKNIFTY28APR2655000CE,1685.3,1555.55,1719.8,1241.7,1182.6,1202700,1555.18,1684.5,30,1692.1,60,627840
2026-04-10T15:15:21.995,NF,BANKNIFTY28APR2655000CE,1683.1,1555.55,1719.8,1241.7,1182.6,1202760,1555.19,1682.85,60,1688.05,60,627840
2026-04-10T15:15:24.403,NF,BANKNIFTY28APR2655000CE,1686.0,1555.55,1719.8,1241.7,1182.6,1202820,1555.19,1681.45,90,1686.45,630,627840
2026-04-10T15:15:30.610,NF,BANKNIFTY28APR2655000CE,1689.4,1555.55,1719.8,1241.7,1182.6,1202850,1555.2,1685.1,60,1691.1,60,627840
2026-04-10T15:15:35.628,NF,BANKNIFTY28APR2655000CE,1680.0,1555.55,1719.8,1241.7,1182.6,1202880,1555.2,1676.35,90,1681.85,90,627840
2026-04-10T15:15:36.817,NF,BANKNIFTY28APR2655000CE,1684.9,1555.55,1719.8,1241.7,1182.6,1202940,1555.2,1678.8,60,1685.0,60,627840
2026-04-10T15:15:38.021,NF,BANKNIFTY28APR2655000CE,1680.05,1555.55,1719.8,1241.7,1182.6,1202970,1555.21,1679.5,90,1685.05,90,627840
2026-04-10T15:15:40.422,NF,BANKNIFTY28APR2655000CE,1679.55,1555.55,1719.8,1241.7,1182.6,1203000,1555.21,1679.6,90,1684.65,90,627840
2026-04-10T15:15:44.228,NF,BANKNIFTY28APR2655000CE,1675.1,1555.55,1719.8,1241.7,1182.6,1203030,1555.21,1670.65,60,1675.25,60,627840
2026-04-10T15:15:50.457,NF,BANKNIFTY28APR2655000CE,1676.65,1555.55,1719.8,1241.7,1182.6,1203120,1555.22,1676.45,30,1682.85,60,627840
2026-04-10T15:15:51.650,NF,BANKNIFTY28APR2655000CE,1676.45,1555.55,1719.8,1241.7,1182.6,1203150,1555.23,1675.85,90,1681.1,90,627840
2026-04-10T15:15:52.842,NF,BANKNIFTY28APR2655000CE,1675.8,1555.55,1719.8,1241.7,1182.6,1203180,1555.23,1676.25,90,1682.15,210,627840
2026-04-10T15:15:56.476,NF,BANKNIFTY28APR2655000CE,1677.45,1555.55,1719.8,1241.7,1182.6,1203210,1555.23,1678.95,30,1683.7,90,627840
2026-04-10T15:15:59.048,NF,BANKNIFTY28APR2655000CE,1678.8,1555.55,1719.8,1241.7,1182.6,1203240,1555.24,1673.85,90,1679.9,90,627840
2026-04-10T15:16:00.259,NF,BANKNIFTY28APR2655000CE,1679.1,1555.55,1719.8,1241.7,1182.6,1203270,1555.24,1674.55,90,1679.95,600,627840
2026-04-10T15:16:07.896,NF,BANKNIFTY28APR2655000CE,1679.6,1555.55,1719.8,1241.7,1182.6,1203300,1555.24,1675.75,90,1681.1,90,627840
2026-04-10T15:16:14.076,NF,BANKNIFTY28APR2655000CE,1679.75,1555.55,1719.8,1241.7,1182.6,1203330,1555.24,1679.75,60,1684.95,150,627840
2026-04-10T15:16:21.482,NF,BANKNIFTY28APR2655000CE,1685.0,1555.55,1719.8,1241.7,1182.6,1203360,1555.25,1684.6,30,1690.45,60,627840
2026-04-10T15:16:32.896,NF,BANKNIFTY28APR2655000CE,1681.1,1555.55,1719.8,1241.7,1182.6,1204350,1555.35,1681.0,30,1686.3,60,627840
2026-04-10T15:16:37.703,NF,BANKNIFTY28APR2655000CE,1678.95,1555.55,1719.8,1241.7,1182.6,1204380,1555.35,1679.15,30,1683.95,90,627840
2026-04-10T15:16:46.511,NF,BANKNIFTY28APR2655000CE,1682.6,1555.55,1719.8,1241.7,1182.6,1204500,1555.37,1683.35,30,1689.2,90,627840
2026-04-10T15:16:49.117,NF,BANKNIFTY28APR2655000CE,1686.3,1555.55,1719.8,1241.7,1182.6,1204530,1555.37,1686.4,60,1690.0,30,627840
2026-04-10T15:16:50.343,NF,BANKNIFTY28APR2655000CE,1689.65,1555.55,1719.8,1241.7,1182.6,1204560,1555.37,1689.65,30,1690.0,30,627840
2026-04-10T15:16:51.519,NF,BANKNIFTY28APR2655000CE,1689.65,1555.55,1719.8,1241.7,1182.6,1204590,1555.38,1686.95,180,1690.0,30,627840
2026-04-10T15:16:53.731,NF,BANKNIFTY28APR2655000CE,1690.9,1555.55,1719.8,1241.7,1182.6,1204740,1555.39,1687.25,210,1690.9,780,627840
2026-04-10T15:17:01.328,NF,BANKNIFTY28APR2655000CE,1684.8,1555.55,1719.8,1241.7,1182.6,1204770,1555.4,1685.05,120,1690.45,90,627840
2026-04-10T15:17:09.960,NF,BANKNIFTY28APR2655000CE,1688.7,1555.55,1719.8,1241.7,1182.6,1204800,1555.4,1685.45,90,1690.75,120,627840
2026-04-10T15:17:12.362,NF,BANKNIFTY28APR2655000CE,1689.2,1555.55,1719.8,1241.7,1182.6,1205040,1555.43,1684.75,30,1689.0,90,627840
2026-04-10T15:17:16.159,NF,BANKNIFTY28APR2655000CE,1690.0,1555.55,1719.8,1241.7,1182.6,1205130,1555.44,1685.3,60,1689.95,150,627840
2026-04-10T15:17:18.554,NF,BANKNIFTY28APR2655000CE,1686.15,1555.55,1719.8,1241.7,1182.6,1205250,1555.45,1685.95,30,1690.0,180,627840
2026-04-10T15:17:19.955,NF,BANKNIFTY28APR2655000CE,1689.05,1555.55,1719.8,1241.7,1182.6,1205280,1555.45,1685.45,90,1690.0,30,627840
2026-04-10T15:17:21.164,NF,BANKNIFTY28APR2655000CE,1690.0,1555.55,1719.8,1241.7,1182.6,1205310,1555.46,1687.5,180,1690.9,870,627840
2026-04-10T15:17:24.765,NF,BANKNIFTY28APR2655000CE,1690.9,1555.55,1719.8,1241.7,1182.6,1205370,1555.46,1688.85,30,1690.9,810,627840
2026-04-10T15:17:27.363,NF,BANKNIFTY28APR2655000CE,1690.9,1555.55,1719.8,1241.7,1182.6,1205730,1555.5,1688.8,210,1690.9,480,627840
2026-04-10T15:17:28.578,NF,BANKNIFTY28APR2655000CE,1695.0,1555.55,1719.8,1241.7,1182.6,1206240,1555.56,1690.95,30,1695.2,90,627840
2026-04-10T15:17:34.776,NF,BANKNIFTY28APR2655000CE,1693.85,1555.55,1719.8,1241.7,1182.6,1206270,1555.56,1689.05,120,1694.55,120,627840
2026-04-10T15:17:42.187,NF,BANKNIFTY28APR2655000CE,1690.15,1555.55,1719.8,1241.7,1182.6,1206300,1555.57,1685.5,30,1690.0,60,627840
2026-04-10T15:17:44.603,NF,BANKNIFTY28APR2655000CE,1683.0,1555.55,1719.8,1241.7,1182.6,1207770,1555.72,1683.05,30,1688.15,90,627840
2026-04-10T15:17:45.795,NF,BANKNIFTY28APR2655000CE,1687.95,1555.55,1719.8,1241.7,1182.6,1207800,1555.73,1682.15,60,1687.15,60,627840
2026-04-10T15:17:47.207,NF,BANKNIFTY28APR2655000CE,1687.5,1555.55,1719.8,1241.7,1182.6,1207920,1555.74,1682.0,30,1686.2,60,627840
2026-04-10T15:17:50.812,NF,BANKNIFTY28APR2655000CE,1686.75,1555.55,1719.8,1241.7,1182.6,1207950,1555.74,1684.0,30,1688.2,210,626160
2026-04-10T15:17:55.824,NF,BANKNIFTY28APR2655000CE,1685.0,1555.55,1719.8,1241.7,1182.6,1208040,1555.75,1684.6,30,1687.5,30,626160
2026-04-10T15:18:03.425,NF,BANKNIFTY28APR2655000CE,1687.5,1555.55,1719.8,1241.7,1182.6,1208100,1555.76,1684.4,90,1689.5,30,626160
2026-04-10T15:18:05.847,NF,BANKNIFTY28APR2655000CE,1684.0,1555.55,1719.8,1241.7,1182.6,1208130,1555.76,1680.05,120,1685.4,60,626160
2026-04-10T15:18:09.638,NF,BANKNIFTY28APR2655000CE,1682.8,1555.55,1719.8,1241.7,1182.6,1208160,1555.77,1682.7,90,1687.2,90,626160
2026-04-10T15:18:19.655,NF,BANKNIFTY28APR2655000CE,1680.9,1555.55,1719.8,1241.7,1182.6,1208190,1555.77,1680.1,60,1684.85,90,626160
2026-04-10T15:18:23.453,NF,BANKNIFTY28APR2655000CE,1685.0,1555.55,1719.8,1241.7,1182.6,1208370,1555.79,1684.8,60,1689.35,60,626160
2026-04-10T15:18:24.653,NF,BANKNIFTY28APR2655000CE,1683.75,1555.55,1719.8,1241.7,1182.6,1208430,1555.8,1684.15,60,1689.4,120,626160
2026-04-10T15:18:33.470,NF,BANKNIFTY28APR2655000CE,1688.5,1555.55,1719.8,1241.7,1182.6,1208460,1555.8,1688.45,30,1688.5,270,626160
2026-04-10T15:18:38.474,NF,BANKNIFTY28APR2655000CE,1686.25,1555.55,1719.8,1241.7,1182.6,1208610,1555.82,1686.3,30,1688.5,300,626160
2026-04-10T15:18:42.098,NF,BANKNIFTY28APR2655000CE,1688.5,1555.55,1719.8,1241.7,1182.6,1208640,1555.82,1687.85,30,1688.5,270,626160
2026-04-10T15:18:43.480,NF,BANKNIFTY28APR2655000CE,1688.5,1555.55,1719.8,1241.7,1182.6,1208730,1555.83,1688.25,30,1688.5,210,626160
2026-04-10T15:18:45.883,NF,BANKNIFTY28APR2655000CE,1688.5,1555.55,1719.8,1241.7,1182.6,1208760,1555.83,1685.0,60,1688.5,180,626160
2026-04-10T15:18:47.117,NF,BANKNIFTY28APR2655000CE,1688.5,1555.55,1719.8,1241.7,1182.6,1208820,1555.84,1685.8,30,1688.5,120,626160
2026-04-10T15:18:48.485,NF,BANKNIFTY28APR2655000CE,1688.5,1555.55,1719.8,1241.7,1182.6,1208850,1555.84,1685.0,60,1688.5,90,626160
2026-04-10T15:18:49.687,NF,BANKNIFTY28APR2655000CE,1688.5,1555.55,1719.8,1241.7,1182.6,1208880,1555.84,1685.2,30,1688.5,60,626160
2026-04-10T15:18:50.889,NF,BANKNIFTY28APR2655000CE,1682.15,1555.55,1719.8,1241.7,1182.6,1209120,1555.87,1682.4,30,1687.55,90,626160
2026-04-10T15:18:52.299,NF,BANKNIFTY28APR2655000CE,1685.95,1555.55,1719.8,1241.7,1182.6,1209150,1555.87,1683.7,120,1688.25,90,626160
2026-04-10T15:18:54.903,NF,BANKNIFTY28APR2655000CE,1682.9,1555.55,1719.8,1241.7,1182.6,1209180,1555.88,1682.05,120,1686.4,60,626160
2026-04-10T15:18:59.901,NF,BANKNIFTY28APR2655000CE,1682.95,1555.55,1719.8,1241.7,1182.6,1209210,1555.88,1681.95,30,1687.05,90,626160
2026-04-10T15:19:03.512,NF,BANKNIFTY28APR2655000CE,1686.8,1555.55,1719.8,1241.7,1182.6,1209240,1555.88,1682.5,120,1687.1,60,626160
2026-04-10T15:19:10.923,NF,BANKNIFTY28APR2655000CE,1687.35,1555.55,1719.8,1241.7,1182.6,1209360,1555.9,1682.45,90,1687.25,90,626160
2026-04-10T15:19:12.119,NF,BANKNIFTY28APR2655000CE,1686.0,1555.55,1719.8,1241.7,1182.6,1209390,1555.9,1685.75,30,1686.0,240,626160
2026-04-10T15:19:13.321,NF,BANKNIFTY28APR2655000CE,1686.0,1555.55,1719.8,1241.7,1182.6,1209480,1555.91,1684.7,30,1686.0,150,626160
2026-04-10T15:19:14.722,NF,BANKNIFTY28APR2655000CE,1686.0,1555.55,1719.8,1241.7,1182.6,1209510,1555.91,1682.9,30,1686.0,120,626160
2026-04-10T15:19:15.922,NF,BANKNIFTY28APR2655000CE,1685.2,1555.55,1719.8,1241.7,1182.6,1209570,1555.92,1682.0,30,1685.9,60,626160
2026-04-10T15:19:17.124,NF,BANKNIFTY28APR2655000CE,1680.0,1555.55,1719.8,1241.7,1182.6,1209660,1555.93,1676.4,30,1680.6,90,626160
2026-04-10T15:19:18.330,NF,BANKNIFTY28APR2655000CE,1676.4,1555.55,1719.8,1241.7,1182.6,1209690,1555.93,1675.45,30,1680.45,210,626160
2026-04-10T15:19:25.939,NF,BANKNIFTY28APR2655000CE,1674.15,1555.55,1719.8,1241.7,1182.6,1209750,1555.94,1672.0,390,1674.95,150,626160
2026-04-10T15:19:27.139,NF,BANKNIFTY28APR2655000CE,1672.0,1555.55,1719.8,1241.7,1182.6,1210140,1555.97,1670.0,150,1672.8,150,626160
2026-04-10T15:19:29.757,NF,BANKNIFTY28APR2655000CE,1670.95,1555.55,1719.8,1241.7,1182.6,1210320,1555.99,1665.2,30,1670.0,240,626160
2026-04-10T15:19:33.350,NF,BANKNIFTY28APR2655000CE,1663.8,1555.55,1719.8,1241.7,1182.6,1210530,1556.01,1662.6,30,1667.95,60,626160
2026-04-10T15:19:34.747,NF,BANKNIFTY28APR2655000CE,1661.2,1555.55,1719.8,1241.7,1182.6,1210590,1556.01,1661.2,90,1665.1,630,626160
2026-04-10T15:19:37.153,NF,BANKNIFTY28APR2655000CE,1656.0,1555.55,1719.8,1241.7,1182.6,1210860,1556.04,1656.0,90,1660.9,90,626160
2026-04-10T15:19:38.365,NF,BANKNIFTY28APR2655000CE,1661.0,1555.55,1719.8,1241.7,1182.6,1210890,1556.04,1658.55,120,1663.5,90,626160
2026-04-10T15:19:39.571,NF,BANKNIFTY28APR2655000CE,1658.6,1555.55,1719.8,1241.7,1182.6,1210980,1556.05,1663.0,60,1668.7,120,626160
2026-04-10T15:19:40.954,NF,BANKNIFTY28APR2655000CE,1667.8,1555.55,1719.8,1241.7,1182.6,1211010,1556.05,1664.1,30,1669.65,60,626160
2026-04-10T15:19:42.158,NF,BANKNIFTY28APR2655000CE,1664.45,1555.55,1719.8,1241.7,1182.6,1211190,1556.07,1661.55,60,1666.5,150,626160
2026-04-10T15:19:44.576,NF,BANKNIFTY28APR2655000CE,1666.05,1555.55,1719.8,1241.7,1182.6,1211310,1556.08,1665.7,30,1670.65,120,626160
2026-04-10T15:19:47.165,NF,BANKNIFTY28APR2655000CE,1664.35,1555.55,1719.8,1241.7,1182.6,1211340,1556.08,1663.4,90,1668.6,120,626160
2026-04-10T15:19:54.176,NF,BANKNIFTY28APR2655000CE,1667.9,1555.55,1719.8,1241.7,1182.6,1211400,1556.09,1662.2,120,1667.5,150,626160
2026-04-10T15:19:55.386,NF,BANKNIFTY28APR2655000CE,1662.45,1555.55,1719.8,1241.7,1182.6,1211430,1556.09,1661.15,60,1666.45,120,626160
2026-04-10T15:19:57.795,NF,BANKNIFTY28APR2655000CE,1662.05,1555.55,1719.8,1241.7,1182.6,1211520,1556.1,1662.35,120,1667.1,600,626160
2026-04-10T15:19:59.185,NF,BANKNIFTY28APR2655000CE,1662.35,1555.55,1719.8,1241.7,1182.6,1211550,1556.1,1662.7,120,1668.2,90,626160
2026-04-10T15:20:00.402,NF,BANKNIFTY28APR2655000CE,1663.9,1555.55,1719.8,1241.7,1182.6,1211700,1556.11,1663.9,60,1669.3,150,626160
2026-04-10T15:20:02.788,NF,BANKNIFTY28APR2655000CE,1668.2,1555.55,1719.8,1241.7,1182.6,1211730,1556.12,1663.95,90,1669.0,120,626160
2026-04-10T15:20:10.196,NF,BANKNIFTY28APR2655000CE,1665.6,1555.55,1719.8,1241.7,1182.6,1211760,1556.12,1665.55,30,1666.4,180,626160
2026-04-10T15:20:12.822,NF,BANKNIFTY28APR2655000CE,1662.7,1555.55,1719.8,1241.7,1182.6,1211790,1556.12,1662.5,120,1666.3,90,626160
2026-04-10T15:20:14.000,NF,BANKNIFTY28APR2655000CE,1666.15,1555.55,1719.8,1241.7,1182.6,1211880,1556.13,1660.7,120,1666.2,60,626160
2026-04-10T15:20:15.203,NF,BANKNIFTY28APR2655000CE,1666.2,1555.55,1719.8,1241.7,1182.6,1211910,1556.13,1661.95,240,1666.2,120,626160
2026-04-10T15:20:16.414,NF,BANKNIFTY28APR2655000CE,1666.2,1555.55,1719.8,1241.7,1182.6,1211970,1556.14,1661.8,150,1666.2,60,626160
2026-04-10T15:20:17.610,NF,BANKNIFTY28APR2655000CE,1666.2,1555.55,1719.8,1241.7,1182.6,1212000,1556.14,1665.9,30,1666.55,60,626160
2026-04-10T15:20:18.810,NF,BANKNIFTY28APR2655000CE,1662.95,1555.55,1719.8,1241.7,1182.6,1212090,1556.15,1662.95,120,1666.55,60,626160
2026-04-10T15:20:24.823,NF,BANKNIFTY28APR2655000CE,1666.0,1555.55,1719.8,1241.7,1182.6,1212120,1556.15,1662.05,120,1666.55,90,626160
2026-04-10T15:20:26.024,NF,BANKNIFTY28APR2655000CE,1666.5,1555.55,1719.8,1241.7,1182.6,1212150,1556.15,1662.4,120,1666.45,120,626160
2026-04-10T15:20:28.431,NF,BANKNIFTY28APR2655000CE,1661.65,1555.55,1719.8,1241.7,1182.6,1212330,1556.17,1662.7,60,1666.5,60,626160
2026-04-10T15:20:36.837,NF,BANKNIFTY28APR2655000CE,1666.0,1555.55,1719.8,1241.7,1182.6,1212390,1556.17,1663.45,120,1666.55,60,626160
2026-04-10T15:20:39.256,NF,BANKNIFTY28APR2655000CE,1666.55,1555.55,1719.8,1241.7,1182.6,1212420,1556.18,1663.95,120,1668.65,30,626160
2026-04-10T15:20:40.443,NF,BANKNIFTY28APR2655000CE,1670.0,1555.55,1719.8,1241.7,1182.6,1212720,1556.21,1664.85,90,1670.35,120,626160
2026-04-10T15:20:42.844,NF,BANKNIFTY28APR2655000CE,1669.9,1555.55,1719.8,1241.7,1182.6,1212750,1556.21,1668.05,90,1674.15,60,626160
2026-04-10T15:20:45.267,NF,BANKNIFTY28APR2655000CE,1672.5,1555.55,1719.8,1241.7,1182.6,1212780,1556.21,1667.45,90,1672.55,60,626160
2026-04-10T15:20:50.268,NF,BANKNIFTY28APR2655000CE,1664.8,1555.55,1719.8,1241.7,1182.6,1212810,1556.21,1664.55,90,1668.85,150,626160
2026-04-10T15:20:52.661,NF,BANKNIFTY28APR2655000CE,1664.8,1555.55,1719.8,1241.7,1182.6,1212840,1556.22,1662.65,60,1668.25,30,624900
2026-04-10T15:20:56.265,NF,BANKNIFTY28APR2655000CE,1665.2,1555.55,1719.8,1241.7,1182.6,1212990,1556.23,1663.6,90,1668.85,120,624900
2026-04-10T15:20:58.867,NF,BANKNIFTY28APR2655000CE,1668.95,1555.55,1719.8,1241.7,1182.6,1213020,1556.23,1666.2,30,1670.95,60,624900
2026-04-10T15:21:01.279,NF,BANKNIFTY28APR2655000CE,1670.85,1555.55,1719.8,1241.7,1182.6,1213050,1556.24,1668.55,90,1674.15,90,624900
2026-04-10T15:21:16.094,NF,BANKNIFTY28APR2655000CE,1671.35,1555.55,1719.8,1241.7,1182.6,1213080,1556.24,1669.95,180,1674.8,120,624900
2026-04-10T15:21:26.105,NF,BANKNIFTY28APR2655000CE,1672.0,1555.55,1719.8,1241.7,1182.6,1213110,1556.24,1670.9,90,1675.0,240,624900
2026-04-10T15:21:27.309,NF,BANKNIFTY28APR2655000CE,1671.35,1555.55,1719.8,1241.7,1182.6,1213170,1556.25,1671.4,60,1675.0,210,624900
2026-04-10T15:21:35.924,NF,BANKNIFTY28APR2655000CE,1674.95,1555.55,1719.8,1241.7,1182.6,1213320,1556.26,1670.35,30,1673.8,90,624900
2026-04-10T15:21:43.531,NF,BANKNIFTY28APR2655000CE,1674.65,1555.55,1719.8,1241.7,1182.6,1213350,1556.26,1670.0,30,1674.7,90,624900
2026-04-10T15:21:47.146,NF,BANKNIFTY28APR2655000CE,1675.0,1555.55,1719.8,1241.7,1182.6,1213380,1556.27,1674.7,30,1675.0,270,624900
2026-04-10T15:21:49.741,NF,BANKNIFTY28APR2655000CE,1675.0,1555.55,1719.8,1241.7,1182.6,1213590,1556.29,1674.85,30,1679.85,90,624900
2026-04-10T15:21:53.350,NF,BANKNIFTY28APR2655000CE,1673.1,1555.55,1719.8,1241.7,1182.6,1213650,1556.29,1673.0,60,1678.1,60,624900
2026-04-10T15:21:55.950,NF,BANKNIFTY28APR2655000CE,1675.0,1555.55,1719.8,1241.7,1182.6,1213680,1556.3,1674.45,30,1675.0,60,624900
2026-04-10T15:21:57.155,NF,BANKNIFTY28APR2655000CE,1679.75,1555.55,1719.8,1241.7,1182.6,1213770,1556.31,1674.7,30,1679.7,30,624900
2026-04-10T15:21:59.556,NF,BANKNIFTY28APR2655000CE,1674.55,1555.55,1719.8,1241.7,1182.6,1214430,1556.37,1674.35,30,1679.2,150,624900
2026-04-10T15:22:00.759,NF,BANKNIFTY28APR2655000CE,1674.2,1555.55,1719.8,1241.7,1182.6,1214460,1556.38,1674.0,90,1678.65,60,624900
2026-04-10T15:22:01.985,NF,BANKNIFTY28APR2655000CE,1677.6,1555.55,1719.8,1241.7,1182.6,1214490,1556.38,1673.75,120,1678.6,60,624900
2026-04-10T15:22:03.169,NF,BANKNIFTY28APR2655000CE,1677.6,1555.55,1719.8,1241.7,1182.6,1214520,1556.38,1672.75,60,1677.9,90,624900
2026-04-10T15:22:04.362,NF,BANKNIFTY28APR2655000CE,1676.35,1555.55,1719.8,1241.7,1182.6,1214580,1556.39,1671.6,150,1677.1,90,624900
2026-04-10T15:22:05.565,NF,BANKNIFTY28APR2655000CE,1670.0,1555.55,1719.8,1241.7,1182.6,1214730,1556.4,1667.45,60,1673.05,120,624900
2026-04-10T15:22:06.789,NF,BANKNIFTY28APR2655000CE,1674.6,1555.55,1719.8,1241.7,1182.6,1214760,1556.4,1670.35,210,1675.85,60,624900
2026-04-10T15:22:10.176,NF,BANKNIFTY28APR2655000CE,1675.0,1555.55,1719.8,1241.7,1182.6,1214850,1556.41,1671.15,210,1675.0,60,624900
2026-04-10T15:22:11.381,NF,BANKNIFTY28APR2655000CE,1675.0,1555.55,1719.8,1241.7,1182.6,1214880,1556.42,1672.85,90,1678.05,60,624900
2026-04-10T15:22:12.598,NF,BANKNIFTY28APR2655000CE,1675.0,1555.55,1719.8,1241.7,1182.6,1214910,1556.42,1672.0,60,1677.2,90,624900
2026-04-10T15:22:13.778,NF,BANKNIFTY28APR2655000CE,1676.95,1555.55,1719.8,1241.7,1182.6,1214940,1556.42,1672.15,90,1677.1,120,624900
2026-04-10T15:22:18.582,NF,BANKNIFTY28APR2655000CE,1672.6,1555.55,1719.8,1241.7,1182.6,1215060,1556.43,1671.55,90,1676.95,90,624900
2026-04-10T15:22:23.393,NF,BANKNIFTY28APR2655000CE,1677.0,1555.55,1719.8,1241.7,1182.6,1215090,1556.44,1673.15,240,1678.4,60,624900
2026-04-10T15:22:24.395,NF,BANKNIFTY28APR2655000CE,1674.7,1555.55,1719.8,1241.7,1182.6,1215120,1556.44,1674.6,180,1679.75,90,624900
2026-04-10T15:22:27.997,NF,BANKNIFTY28APR2655000CE,1677.1,1555.55,1719.8,1241.7,1182.6,1215180,1556.45,1677.1,840,1679.75,90,624900
2026-04-10T15:22:30.403,NF,BANKNIFTY28APR2655000CE,1677.1,1555.55,1719.8,1241.7,1182.6,1215210,1556.45,1677.1,810,1679.75,90,624900
2026-04-10T15:22:32.810,NF,BANKNIFTY28APR2655000CE,1677.1,1555.55,1719.8,1241.7,1182.6,1215300,1556.46,1677.1,780,1680.0,300,624900
2026-04-10T15:22:38.612,NF,BANKNIFTY28APR2655000CE,1680.0,1555.55,1719.8,1241.7,1182.6,1215450,1556.47,1677.1,720,1680.0,210,624900
2026-04-10T15:22:42.235,NF,BANKNIFTY28APR2655000CE,1677.1,1555.55,1719.8,1241.7,1182.6,1215480,1556.48,1677.1,690,1680.0,210,624900
2026-04-10T15:22:43.419,NF,BANKNIFTY28APR2655000CE,1680.0,1555.55,1719.8,1241.7,1182.6,1215540,1556.48,1677.1,780,1680.0,210,624900
2026-04-10T15:22:44.619,NF,BANKNIFTY28APR2655000CE,1680.0,1555.55,1719.8,1241.7,1182.6,1215600,1556.49,1677.1,690,1680.0,120,624900
2026-04-10T15:22:46.831,NF,BANKNIFTY28APR2655000CE,1685.0,1555.55,1719.8,1241.7,1182.6,1215720,1556.5,1677.1,690,1682.1,150,624900
2026-04-10T15:22:49.237,NF,BANKNIFTY28APR2655000CE,1685.95,1555.55,1719.8,1241.7,1182.6,1215870,1556.52,1681.65,90,1686.0,60,624900
2026-04-10T15:22:50.435,NF,BANKNIFTY28APR2655000CE,1682.15,1555.55,1719.8,1241.7,1182.6,1215900,1556.52,1682.15,90,1686.0,60,624900
2026-04-10T15:22:51.633,NF,BANKNIFTY28APR2655000CE,1682.1,1555.55,1719.8,1241.7,1182.6,1215930,1556.52,1682.65,90,1686.0,60,624900
2026-04-10T15:22:53.044,NF,BANKNIFTY28APR2655000CE,1686.0,1555.55,1719.8,1241.7,1182.6,1215960,1556.52,1685.7,30,1686.0,30,624900
2026-04-10T15:22:55.446,NF,BANKNIFTY28APR2655000CE,1686.0,1555.55,1719.8,1241.7,1182.6,1215990,1556.53,1683.05,90,1688.0,30,624900
2026-04-10T15:23:09.059,NF,BANKNIFTY28APR2655000CE,1687.05,1555.55,1719.8,1241.7,1182.6,1216050,1556.53,1684.65,210,1687.05,330,624900
2026-04-10T15:23:11.479,NF,BANKNIFTY28APR2655000CE,1688.0,1555.55,1719.8,1241.7,1182.6,1216110,1556.54,1685.85,210,1689.5,180,624900
2026-04-10T15:23:14.065,NF,BANKNIFTY28APR2655000CE,1685.8,1555.55,1719.8,1241.7,1182.6,1216170,1556.55,1685.2,150,1689.05,90,624900
2026-04-10T15:23:16.471,NF,BANKNIFTY28APR2655000CE,1685.65,1555.55,1719.8,1241.7,1182.6,1216230,1556.55,1685.35,90,1688.95,90,624900
2026-04-10T15:23:22.682,NF,BANKNIFTY28APR2655000CE,1685.4,1555.55,1719.8,1241.7,1182.6,1216260,1556.56,1686.15,180,1688.75,90,624900
2026-04-10T15:23:25.288,NF,BANKNIFTY28APR2655000CE,1686.15,1555.55,1719.8,1241.7,1182.6,1216290,1556.56,1684.95,150,1688.6,60,624900
2026-04-10T15:23:26.484,NF,BANKNIFTY28APR2655000CE,1686.85,1555.55,1719.8,1241.7,1182.6,1216320,1556.56,1685.45,120,1688.9,90,624900
2026-04-10T15:23:31.298,NF,BANKNIFTY28APR2655000CE,1685.85,1555.55,1719.8,1241.7,1182.6,1216380,1556.57,1685.95,150,1689.35,120,624900
2026-04-10T15:23:40.109,NF,BANKNIFTY28APR2655000CE,1690.0,1555.55,1719.8,1241.7,1182.6,1216530,1556.59,1689.65,180,1690.0,90,624900
2026-04-10T15:23:45.121,NF,BANKNIFTY28APR2655000CE,1690.0,1555.55,1719.8,1241.7,1182.6,1216560,1556.59,1689.65,180,1690.0,60,624900
2026-04-10T15:23:46.318,NF,BANKNIFTY28APR2655000CE,1691.75,1555.55,1719.8,1241.7,1182.6,1216740,1556.61,1691.75,120,1694.9,150,624900
2026-04-10T15:23:52.733,NF,BANKNIFTY28APR2655000CE,1692.8,1555.55,1719.8,1241.7,1182.6,1216770,1556.61,1692.6,180,1694.85,120,624900
2026-04-10T15:24:00.142,NF,BANKNIFTY28APR2655000CE,1692.25,1555.55,1719.8,1241.7,1182.6,1216800,1556.62,1691.95,180,1694.5,60,624210
2026-04-10T15:24:02.552,NF,BANKNIFTY28APR2655000CE,1693.95,1555.55,1719.8,1241.7,1182.6,1216860,1556.62,1692.55,150,1695.95,150,624210
2026-04-10T15:24:06.355,NF,BANKNIFTY28APR2655000CE,1684.15,1555.55,1719.8,1241.7,1182.6,1217070,1556.65,1688.95,90,1694.5,60,624210
2026-04-10T15:24:08.984,NF,BANKNIFTY28APR2655000CE,1693.3,1555.55,1719.8,1241.7,1182.6,1217370,1556.68,1690.15,180,1692.85,30,624210
2026-04-10T15:24:16.385,NF,BANKNIFTY28APR2655000CE,1693.05,1555.55,1719.8,1241.7,1182.6,1217400,1556.68,1693.05,180,1694.35,30,624210
2026-04-10T15:24:18.781,NF,BANKNIFTY28APR2655000CE,1692.6,1555.55,1719.8,1241.7,1182.6,1217520,1556.7,1692.55,90,1693.85,60,624210
2026-04-10T15:24:22.575,NF,BANKNIFTY28APR2655000CE,1692.55,1555.55,1719.8,1241.7,1182.6,1217550,1556.7,1692.55,60,1693.75,60,624210
2026-04-10T15:24:33.608,NF,BANKNIFTY28APR2655000CE,1694.95,1555.55,1719.8,1241.7,1182.6,1217580,1556.7,1694.95,180,1695.0,90,624210
2026-04-10T15:24:36.003,NF,BANKNIFTY28APR2655000CE,1694.95,1555.55,1719.8,1241.7,1182.6,1217760,1556.72,1693.3,30,1695.0,90,624210
2026-04-10T15:24:37.406,NF,BANKNIFTY28APR2655000CE,1695.0,1555.55,1719.8,1241.7,1182.6,1217880,1556.74,1692.6,150,1695.0,60,624210
2026-04-10T15:24:43.619,NF,BANKNIFTY28APR2655000CE,1692.6,1555.55,1719.8,1241.7,1182.6,1218030,1556.75,1691.75,30,1694.85,30,624210
2026-04-10T15:24:47.238,NF,BANKNIFTY28APR2655000CE,1692.8,1555.55,1719.8,1241.7,1182.6,1218270,1556.78,1690.0,30,1692.75,60,624210
2026-04-10T15:24:48.426,NF,BANKNIFTY28APR2655000CE,1692.1,1555.55,1719.8,1241.7,1182.6,1218300,1556.78,1690.0,30,1692.5,30,624210
2026-04-10T15:24:49.822,NF,BANKNIFTY28APR2655000CE,1692.1,1555.55,1719.8,1241.7,1182.6,1218330,1556.79,1690.0,30,1692.65,60,624210
2026-04-10T15:24:51.031,NF,BANKNIFTY28APR2655000CE,1692.75,1555.55,1719.8,1241.7,1182.6,1218360,1556.79,1690.0,30,1693.05,60,624210
2026-04-10T15:24:52.231,NF,BANKNIFTY28APR2655000CE,1692.9,1555.55,1719.8,1241.7,1182.6,1218600,1556.82,1688.1,60,1692.95,30,624210
2026-04-10T15:24:55.843,NF,BANKNIFTY28APR2655000CE,1687.9,1555.55,1719.8,1241.7,1182.6,1218900,1556.85,1687.8,60,1692.7,60,624210
2026-04-10T15:24:57.232,NF,BANKNIFTY28APR2655000CE,1687.8,1555.55,1719.8,1241.7,1182.6,1218930,1556.85,1686.1,30,1692.6,60,624210
2026-04-10T15:24:58.434,NF,BANKNIFTY28APR2655000CE,1690.0,1555.55,1719.8,1241.7,1182.6,1218960,1556.86,1687.4,150,1690.0,2250,624210
2026-04-10T15:24:59.637,NF,BANKNIFTY28APR2655000CE,1687.55,1555.55,1719.8,1241.7,1182.6,1219290,1556.89,1687.55,120,1690.0,1950,624210
2026-04-10T15:25:00.840,NF,BANKNIFTY28APR2655000CE,1690.0,1555.55,1719.8,1241.7,1182.6,1220100,1556.98,1687.85,150,1690.0,1830,624210
2026-04-10T15:25:02.046,NF,BANKNIFTY28APR2655000CE,1690.0,1555.55,1719.8,1241.7,1182.6,1221450,1557.12,1687.2,150,1690.0,1440,624210
2026-04-10T15:25:03.246,NF,BANKNIFTY28APR2655000CE,1690.0,1555.55,1719.8,1241.7,1182.6,1221600,1557.14,1687.2,150,1690.0,1290,624210
2026-04-10T15:25:04.449,NF,BANKNIFTY28APR2655000CE,1690.0,1555.55,1719.8,1241.7,1182.6,1221690,1557.15,1687.55,90,1690.0,1200,624210
2026-04-10T15:25:05.855,NF,BANKNIFTY28APR2655000CE,1690.0,1555.55,1719.8,1241.7,1182.6,1221780,1557.16,1687.95,90,1690.0,1200,624210
2026-04-10T15:25:07.048,NF,BANKNIFTY28APR2655000CE,1690.0,1555.55,1719.8,1241.7,1182.6,1222860,1557.28,1688.8,150,1690.0,120,624210
2026-04-10T15:25:08.250,NF,BANKNIFTY28APR2655000CE,1690.0,1555.55,1719.8,1241.7,1182.6,1222980,1557.29,1690.55,60,1695.0,90,624210
2026-04-10T15:25:11.874,NF,BANKNIFTY28APR2655000CE,1690.05,1555.55,1719.8,1241.7,1182.6,1224420,1557.45,1689.95,90,1694.95,120,624210
2026-04-10T15:25:13.261,NF,BANKNIFTY28APR2655000CE,1689.95,1555.55,1719.8,1241.7,1182.6,1224450,1557.45,1689.85,210,1694.7,90,624210
2026-04-10T15:25:18.068,NF,BANKNIFTY28APR2655000CE,1692.3,1555.55,1719.8,1241.7,1182.6,1224510,1557.46,1688.4,150,1694.3,120,624210
2026-04-10T15:25:19.291,NF,BANKNIFTY28APR2655000CE,1690.0,1555.55,1719.8,1241.7,1182.6,1224540,1557.46,1690.05,330,1694.1,90,624210
2026-04-10T15:25:21.673,NF,BANKNIFTY28APR2655000CE,1688.3,1555.55,1719.8,1241.7,1182.6,1225260,1557.54,1688.35,60,1692.95,60,624210
2026-04-10T15:25:24.275,NF,BANKNIFTY28APR2655000CE,1690.9,1555.55,1719.8,1241.7,1182.6,1225680,1557.58,1688.45,150,1690.9,480,624210
2026-04-10T15:25:25.479,NF,BANKNIFTY28APR2655000CE,1690.9,1555.55,1719.8,1241.7,1182.6,1226040,1557.62,1688.4,150,1690.9,120,624210
2026-04-10T15:25:26.686,NF,BANKNIFTY28APR2655000CE,1690.9,1555.55,1719.8,1241.7,1182.6,1226160,1557.63,1689.15,60,1694.75,120,624210
2026-04-10T15:25:29.287,NF,BANKNIFTY28APR2655000CE,1694.2,1555.55,1719.8,1241.7,1182.6,1226220,1557.64,1689.3,90,1694.6,60,624210
2026-04-10T15:25:31.690,NF,BANKNIFTY28APR2655000CE,1691.95,1555.55,1719.8,1241.7,1182.6,1227030,1557.73,1688.6,180,1694.9,180,624210
2026-04-10T15:25:34.289,NF,BANKNIFTY28APR2655000CE,1693.15,1555.55,1719.8,1241.7,1182.6,1227060,1557.73,1688.2,150,1693.0,90,624210
2026-04-10T15:25:37.899,NF,BANKNIFTY28APR2655000CE,1688.2,1555.55,1719.8,1241.7,1182.6,1227090,1557.73,1689.45,60,1693.1,150,624210
2026-04-10T15:25:41.709,NF,BANKNIFTY28APR2655000CE,1687.8,1555.55,1719.8,1241.7,1182.6,1227810,1557.81,1687.85,150,1692.8,60,624210
2026-04-10T15:25:46.707,NF,BANKNIFTY28APR2655000CE,1690.3,1555.55,1719.8,1241.7,1182.6,1227840,1557.81,1689.0,90,1693.45,120,624210
2026-04-10T15:25:47.914,NF,BANKNIFTY28APR2655000CE,1690.3,1555.55,1719.8,1241.7,1182.6,1227870,1557.82,1689.35,30,1693.7,90,624210
2026-04-10T15:25:49.115,NF,BANKNIFTY28APR2655000CE,1690.0,1555.55,1719.8,1241.7,1182.6,1228530,1557.89,1689.35,30,1690.0,1620,624210
2026-04-10T15:25:50.318,NF,BANKNIFTY28APR2655000CE,1690.0,1555.55,1719.8,1241.7,1182.6,1228800,1557.92,1689.35,30,1690.0,1350,624210
2026-04-10T15:25:51.714,NF,BANKNIFTY28APR2655000CE,1690.0,1555.55,1719.8,1241.7,1182.6,1229010,1557.94,1687.8,30,1690.0,1140,624210
2026-04-10T15:25:52.920,NF,BANKNIFTY28APR2655000CE,1690.0,1555.55,1719.8,1241.7,1182.6,1230150,1558.06,1690.0,540,1692.7,60,624210
2026-04-10T15:25:55.327,NF,BANKNIFTY28APR2655000CE,1690.0,1555.55,1719.8,1241.7,1182.6,1230240,1558.07,1690.0,510,1691.3,90,624210
2026-04-10T15:26:00.135,NF,BANKNIFTY28APR2655000CE,1690.0,1555.55,1719.8,1241.7,1182.6,1230300,1558.08,1690.0,450,1694.15,60,624210
2026-04-10T15:26:02.739,NF,BANKNIFTY28APR2655000CE,1693.85,1555.55,1719.8,1241.7,1182.6,1230330,1558.08,1690.0,450,1693.85,480,624210
2026-04-10T15:26:06.338,NF,BANKNIFTY28APR2655000CE,1691.0,1555.55,1719.8,1241.7,1182.6,1230360,1558.09,1690.0,480,1691.0,450,624210
2026-04-10T15:26:08.745,NF,BANKNIFTY28APR2655000CE,1690.0,1555.55,1719.8,1241.7,1182.6,1230390,1558.09,1690.0,450,1691.0,450,624210
2026-04-10T15:26:09.950,NF,BANKNIFTY28APR2655000CE,1690.0,1555.55,1719.8,1241.7,1182.6,1230450,1558.09,1690.0,390,1691.0,450,624210
2026-04-10T15:26:11.154,NF,BANKNIFTY28APR2655000CE,1690.0,1555.55,1719.8,1241.7,1182.6,1230510,1558.1,1690.0,330,1691.0,450,624210
2026-04-10T15:26:16.160,NF,BANKNIFTY28APR2655000CE,1691.0,1555.55,1719.8,1241.7,1182.6,1230540,1558.1,1690.05,30,1691.0,540,624210
2026-04-10T15:26:17.355,NF,BANKNIFTY28APR2655000CE,1690.0,1555.55,1719.8,1241.7,1182.6,1230900,1558.14,1687.75,270,1689.35,90,624210
2026-04-10T15:26:18.555,NF,BANKNIFTY28APR2655000CE,1687.75,1555.55,1719.8,1241.7,1182.6,1231170,1558.17,1685.0,60,1687.8,90,624210
2026-04-10T15:26:20.959,NF,BANKNIFTY28APR2655000CE,1687.1,1555.55,1719.8,1241.7,1182.6,1231200,1558.17,1685.0,30,1686.85,90,624210
2026-04-10T15:26:34.380,NF,BANKNIFTY28APR2655000CE,1683.15,1555.55,1719.8,1241.7,1182.6,1231260,1558.18,1683.2,30,1685.9,420,624210
2026-04-10T15:26:36.781,NF,BANKNIFTY28APR2655000CE,1685.55,1555.55,1719.8,1241.7,1182.6,1231350,1558.19,1683.85,60,1685.55,330,624210
2026-04-10T15:26:38.195,NF,BANKNIFTY28APR2655000CE,1685.45,1555.55,1719.8,1241.7,1182.6,1231380,1558.19,1684.3,30,1685.45,300,624210
2026-04-10T15:26:39.387,NF,BANKNIFTY28APR2655000CE,1685.35,1555.55,1719.8,1241.7,1182.6,1231410,1558.2,1684.55,30,1685.3,270,624210
2026-04-10T15:26:40.586,NF,BANKNIFTY28APR2655000CE,1684.9,1555.55,1719.8,1241.7,1182.6,1231710,1558.23,1684.95,30,1687.1,30,624210
2026-04-10T15:26:41.802,NF,BANKNIFTY28APR2655000CE,1684.15,1555.55,1719.8,1241.7,1182.6,1232250,1558.28,1683.85,60,1688.7,90,624210
2026-04-10T15:26:42.995,NF,BANKNIFTY28APR2655000CE,1685.35,1555.55,1719.8,1241.7,1182.6,1232340,1558.29,1684.4,60,1688.55,90,624210
2026-04-10T15:26:44.189,NF,BANKNIFTY28APR2655000CE,1684.3,1555.55,1719.8,1241.7,1182.6,1232670,1558.33,1683.15,150,1686.45,30,624210
2026-04-10T15:26:45.395,NF,BANKNIFTY28APR2655000CE,1686.45,1555.55,1719.8,1241.7,1182.6,1232790,1558.34,1684.55,90,1690.75,60,624210
2026-04-10T15:26:52.803,NF,BANKNIFTY28APR2655000CE,1683.75,1555.55,1719.8,1241.7,1182.6,1232910,1558.35,1684.0,90,1689.75,90,624210
2026-04-10T15:26:56.611,NF,BANKNIFTY28APR2655000CE,1684.05,1555.55,1719.8,1241.7,1182.6,1233210,1558.38,1684.15,300,1689.65,90,619920
2026-04-10T15:26:57.817,NF,BANKNIFTY28APR2655000CE,1686.9,1555.55,1719.8,1241.7,1182.6,1233270,1558.39,1684.2,30,1690.1,90,619920
2026-04-10T15:27:00.410,NF,BANKNIFTY28APR2655000CE,1689.55,1555.55,1719.8,1241.7,1182.6,1233300,1558.39,1684.15,300,1688.95,90,619920
2026-04-10T15:27:06.619,NF,BANKNIFTY28APR2655000CE,1686.55,1555.55,1719.8,1241.7,1182.6,1233360,1558.4,1685.45,30,1690.85,60,619920
2026-04-10T15:27:11.628,NF,BANKNIFTY28APR2655000CE,1688.15,1555.55,1719.8,1241.7,1182.6,1233450,1558.41,1685.2,60,1690.85,60,619920
2026-04-10T15:27:16.642,NF,BANKNIFTY28APR2655000CE,1688.0,1555.55,1719.8,1241.7,1182.6,1233510,1558.41,1685.1,60,1690.85,30,619920
2026-04-10T15:27:24.053,NF,BANKNIFTY28APR2655000CE,1687.95,1555.55,1719.8,1241.7,1182.6,1233540,1558.42,1686.1,30,1687.95,30,619920
2026-04-10T15:27:26.656,NF,BANKNIFTY28APR2655000CE,1687.95,1555.55,1719.8,1241.7,1182.6,1233570,1558.42,1685.85,30,1690.75,90,619920
2026-04-10T15:27:30.251,NF,BANKNIFTY28APR2655000CE,1689.0,1555.55,1719.8,1241.7,1182.6,1233600,1558.42,1685.2,60,1690.65,90,619920
2026-04-10T15:27:31.454,NF,BANKNIFTY28APR2655000CE,1684.0,1555.55,1719.8,1241.7,1182.6,1233990,1558.46,1684.4,420,1690.15,90,619920
2026-04-10T15:27:32.853,NF,BANKNIFTY28APR2655000CE,1690.05,1555.55,1719.8,1241.7,1182.6,1234020,1558.47,1684.75,60,1689.75,90,619920
2026-04-10T15:27:36.480,NF,BANKNIFTY28APR2655000CE,1689.9,1555.55,1719.8,1241.7,1182.6,1234050,1558.47,1685.25,30,1690.2,90,619920
2026-04-10T15:27:40.275,NF,BANKNIFTY28APR2655000CE,1690.2,1555.55,1719.8,1241.7,1182.6,1234080,1558.47,1685.4,30,1690.6,60,619920
2026-04-10T15:27:45.272,NF,BANKNIFTY28APR2655000CE,1690.85,1555.55,1719.8,1241.7,1182.6,1234110,1558.47,1685.8,60,1690.85,60,619920
2026-04-10T15:27:47.675,NF,BANKNIFTY28APR2655000CE,1686.2,1555.55,1719.8,1241.7,1182.6,1234380,1558.5,1686.55,60,1690.9,540,619920
2026-04-10T15:27:48.878,NF,BANKNIFTY28APR2655000CE,1686.6,1555.55,1719.8,1241.7,1182.6,1234410,1558.51,1686.8,30,1690.2,30,619920
2026-04-10T15:27:50.276,NF,BANKNIFTY28APR2655000CE,1690.2,1555.55,1719.8,1241.7,1182.6,1234440,1558.51,1686.9,90,1690.9,540,619920
2026-04-10T15:27:54.884,NF,BANKNIFTY28APR2655000CE,1690.85,1555.55,1719.8,1241.7,1182.6,1234500,1558.52,1686.95,60,1690.85,90,619920
2026-04-10T15:27:56.087,NF,BANKNIFTY28APR2655000CE,1689.0,1555.55,1719.8,1241.7,1182.6,1234530,1558.52,1687.05,60,1690.9,570,619920
2026-04-10T15:28:02.305,NF,BANKNIFTY28APR2655000CE,1687.4,1555.55,1719.8,1241.7,1182.6,1234560,1558.52,1687.6,90,1690.0,30,619920
2026-04-10T15:28:04.902,NF,BANKNIFTY28APR2655000CE,1690.8,1555.55,1719.8,1241.7,1182.6,1234740,1558.54,1689.05,30,1690.8,30,619920
2026-04-10T15:28:08.513,NF,BANKNIFTY28APR2655000CE,1689.15,1555.55,1719.8,1241.7,1182.6,1234800,1558.55,1689.1,60,1690.25,30,619920
2026-04-10T15:28:09.916,NF,BANKNIFTY28APR2655000CE,1690.25,1555.55,1719.8,1241.7,1182.6,1234830,1558.55,1689.1,60,1690.9,540,619920
2026-04-10T15:28:11.138,NF,BANKNIFTY28APR2655000CE,1690.85,1555.55,1719.8,1241.7,1182.6,1235250,1558.59,1686.05,420,1690.9,600,619920
2026-04-10T15:28:12.316,NF,BANKNIFTY28APR2655000CE,1690.9,1555.55,1719.8,1241.7,1182.6,1235490,1558.62,1687.2,120,1690.9,390,619920
2026-04-10T15:28:15.921,NF,BANKNIFTY28APR2655000CE,1689.75,1555.55,1719.8,1241.7,1182.6,1235550,1558.63,1687.4,30,1689.75,30,619920
2026-04-10T15:28:17.125,NF,BANKNIFTY28APR2655000CE,1686.7,1555.55,1719.8,1241.7,1182.6,1235640,1558.64,1686.95,90,1690.9,360,619920
2026-04-10T15:28:22.131,NF,BANKNIFTY28APR2655000CE,1690.0,1555.55,1719.8,1241.7,1182.6,1235760,1558.65,1686.65,60,1690.9,300,619920
2026-04-10T15:28:25.737,NF,BANKNIFTY28APR2655000CE,1689.5,1555.55,1719.8,1241.7,1182.6,1235850,1558.66,1686.7,30,1689.7,60,619920
2026-04-10T15:28:29.543,NF,BANKNIFTY28APR2655000CE,1686.7,1555.55,1719.8,1241.7,1182.6,1235940,1558.67,1686.0,30,1690.0,60,619920
2026-04-10T15:28:30.745,NF,BANKNIFTY28APR2655000CE,1688.9,1555.55,1719.8,1241.7,1182.6,1236000,1558.67,1685.35,30,1688.9,60,619920
2026-04-10T15:28:31.945,NF,BANKNIFTY28APR2655000CE,1685.35,1555.55,1719.8,1241.7,1182.6,1236030,1558.68,1685.0,30,1688.65,30,619920
2026-04-10T15:28:33.150,NF,BANKNIFTY28APR2655000CE,1688.65,1555.55,1719.8,1241.7,1182.6,1236060,1558.68,1685.0,30,1689.5,60,619920
2026-04-10T15:28:34.352,NF,BANKNIFTY28APR2655000CE,1685.0,1555.55,1719.8,1241.7,1182.6,1236090,1558.68,1684.2,30,1688.95,60,619920
2026-04-10T15:28:38.156,NF,BANKNIFTY28APR2655000CE,1683.1,1555.55,1719.8,1241.7,1182.6,1236150,1558.69,1683.55,60,1687.35,60,619920
2026-04-10T15:28:40.566,NF,BANKNIFTY28APR2655000CE,1684.95,1555.55,1719.8,1241.7,1182.6,1236240,1558.7,1685.65,30,1688.7,60,619920
2026-04-10T15:28:46.769,NF,BANKNIFTY28APR2655000CE,1687.15,1555.55,1719.8,1241.7,1182.6,1236270,1558.7,1684.05,60,1687.15,30,619920
2026-04-10T15:28:47.973,NF,BANKNIFTY28APR2655000CE,1685.0,1555.55,1719.8,1241.7,1182.6,1236300,1558.7,1684.1,60,1687.15,30,619920
2026-04-10T15:28:49.177,NF,BANKNIFTY28APR2655000CE,1687.15,1555.55,1719.8,1241.7,1182.6,1236330,1558.71,1684.15,90,1689.65,90,619920
2026-04-10T15:28:50.379,NF,BANKNIFTY28APR2655000CE,1684.15,1555.55,1719.8,1241.7,1182.6,1236390,1558.71,1683.85,30,1689.05,90,619920
2026-04-10T15:28:55.195,NF,BANKNIFTY28APR2655000CE,1687.4,1555.55,1719.8,1241.7,1182.6,1236450,1558.72,1684.4,60,1688.9,60,619920
2026-04-10T15:28:58.807,NF,BANKNIFTY28APR2655000CE,1688.8,1555.55,1719.8,1241.7,1182.6,1236480,1558.72,1684.4,30,1688.85,90,619920
2026-04-10T15:29:01.407,NF,BANKNIFTY28APR2655000CE,1677.9,1555.55,1719.8,1241.7,1182.6,1237620,1558.84,1681.3,60,1688.65,60,619920
2026-04-10T15:29:02.620,NF,BANKNIFTY28APR2655000CE,1681.3,1555.55,1719.8,1241.7,1182.6,1237740,1558.85,1680.9,30,1686.65,90,619920
2026-04-10T15:29:03.803,NF,BANKNIFTY28APR2655000CE,1680.1,1555.55,1719.8,1241.7,1182.6,1237860,1558.86,1682.1,30,1688.15,60,619920
2026-04-10T15:29:05.202,NF,BANKNIFTY28APR2655000CE,1682.5,1555.55,1719.8,1241.7,1182.6,1238070,1558.88,1681.85,150,1688.65,90,619920
2026-04-10T15:29:06.408,NF,BANKNIFTY28APR2655000CE,1682.1,1555.55,1719.8,1241.7,1182.6,1238130,1558.89,1682.5,180,1688.9,90,619920
2026-04-10T15:29:07.613,NF,BANKNIFTY28APR2655000CE,1688.9,1555.55,1719.8,1241.7,1182.6,1238310,1558.91,1683.7,180,1689.0,60,619920
2026-04-10T15:29:08.814,NF,BANKNIFTY28APR2655000CE,1683.95,1555.55,1719.8,1241.7,1182.6,1238370,1558.91,1683.35,90,1688.95,90,619920
2026-04-10T15:29:10.226,NF,BANKNIFTY28APR2655000CE,1687.0,1555.55,1719.8,1241.7,1182.6,1238460,1558.92,1683.9,30,1688.95,60,619920
2026-04-10T15:29:11.415,NF,BANKNIFTY28APR2655000CE,1684.1,1555.55,1719.8,1241.7,1182.6,1238580,1558.93,1683.95,30,1688.95,60,619920
2026-04-10T15:29:12.626,NF,BANKNIFTY28APR2655000CE,1682.1,1555.55,1719.8,1241.7,1182.6,1238670,1558.94,1682.75,30,1687.8,90,619920
2026-04-10T15:29:13.826,NF,BANKNIFTY28APR2655000CE,1688.95,1555.55,1719.8,1241.7,1182.6,1238820,1558.96,1683.55,60,1688.95,60,619920
2026-04-10T15:29:17.623,NF,BANKNIFTY28APR2655000CE,1682.25,1555.55,1719.8,1241.7,1182.6,1238910,1558.97,1682.3,30,1687.45,90,619920
2026-04-10T15:29:18.837,NF,BANKNIFTY28APR2655000CE,1688.95,1555.55,1719.8,1241.7,1182.6,1238940,1558.97,1682.4,30,1687.8,210,619920
2026-04-10T15:29:20.229,NF,BANKNIFTY28APR2655000CE,1682.4,1555.55,1719.8,1241.7,1182.6,1238970,1558.97,1682.0,60,1686.2,210,619920
2026-04-10T15:29:25.256,NF,BANKNIFTY28APR2655000CE,1686.9,1555.55,1719.8,1241.7,1182.6,1239000,1558.98,1682.2,30,1687.55,210,619920
2026-04-10T15:29:26.441,NF,BANKNIFTY28APR2655000CE,1686.35,1555.55,1719.8,1241.7,1182.6,1239060,1558.98,1682.2,30,1686.0,90,619920
2026-04-10T15:29:30.238,NF,BANKNIFTY28APR2655000CE,1682.0,1555.55,1719.8,1241.7,1182.6,1239090,1558.98,1682.0,30,1685.9,90,619920
2026-04-10T15:29:31.442,NF,BANKNIFTY28APR2655000CE,1687.35,1555.55,1719.8,1241.7,1182.6,1239150,1558.99,1682.0,30,1687.95,210,619920
2026-04-10T15:29:32.649,NF,BANKNIFTY28APR2655000CE,1688.95,1555.55,1719.8,1241.7,1182.6,1239330,1559.01,1685.0,60,1688.7,90,619920
2026-04-10T15:29:33.862,NF,BANKNIFTY28APR2655000CE,1685.0,1555.55,1719.8,1241.7,1182.6,1239390,1559.02,1682.9,30,1688.95,60,619920
2026-04-10T15:29:36.452,NF,BANKNIFTY28APR2655000CE,1682.0,1555.55,1719.8,1241.7,1182.6,1239450,1559.02,1681.0,30,1686.25,90,619920
2026-04-10T15:29:38.864,NF,BANKNIFTY28APR2655000CE,1679.25,1555.55,1719.8,1241.7,1182.6,1239600,1559.04,1679.95,60,1686.65,60,619920
2026-04-10T15:29:40.254,NF,BANKNIFTY28APR2655000CE,1683.45,1555.55,1719.8,1241.7,1182.6,1240230,1559.1,1682.45,120,1688.75,60,619920
2026-04-10T15:29:41.466,NF,BANKNIFTY28APR2655000CE,1682.4,1555.55,1719.8,1241.7,1182.6,1240590,1559.14,1682.25,90,1688.7,60,619920
2026-04-10T15:29:45.262,NF,BANKNIFTY28APR2655000CE,1689.8,1555.55,1719.8,1241.7,1182.6,1240710,1559.15,1684.15,60,1689.8,120,619920
2026-04-10T15:29:46.463,NF,BANKNIFTY28APR2655000CE,1684.25,1555.55,1719.8,1241.7,1182.6,1240740,1559.15,1684.15,30,1689.6,60,619920
2026-04-10T15:29:51.473,NF,BANKNIFTY28APR2655000CE,1684.05,1555.55,1719.8,1241.7,1182.6,1240800,1559.16,1684.05,300,1689.15,60,619920
2026-04-10T15:29:53.075,NF,BANKNIFTY28APR2655000CE,1688.45,1555.55,1719.8,1241.7,1182.6,1240920,1559.17,1686.0,30,1689.4,120,619920
2026-04-10T15:29:54.474,NF,BANKNIFTY28APR2655000CE,1686.0,1555.55,1719.8,1241.7,1182.6,1240950,1559.17,1681.25,150,1689.85,120,617970
2026-04-10T15:29:55.678,NF,BANKNIFTY28APR2655000CE,1684.25,1555.55,1719.8,1241.7,1182.6,1241100,1559.19,1681.25,120,1684.25,180,617970
2026-04-10T15:29:56.883,NF,BANKNIFTY28APR2655000CE,1689.8,1555.55,1719.8,1241.7,1182.6,1241310,1559.21,1682.0,150,1689.75,120,617970
2026-04-10T15:29:58.086,NF,BANKNIFTY28APR2655000CE,1681.1,1555.55,1719.8,1241.7,1182.6,1241370,1559.22,1681.1,240,1689.75,90,617970
