Timestamp,Exchange,Symbol,LTP,Open,High,Low,Close,Volume,VWAP,Best_Bid,Bid_Qty,Best_Ask,Ask_Qty,OI
2026-04-13T04:24:31.794,NF,BANKNIFTY28APR2657500CE,367.75,253.4,378.7,235.0,232.7,1279650,334.49,364.1,240,367.75,60,343020
2026-04-13T09:15:00.588,NF,BANKNIFTY28APR2657500CE,168.3,168.3,168.3,168.3,358.3,30,168.3,136.9,30,180.0,1800,341310
2026-04-13T09:15:01.796,NF,BANKNIFTY28APR2657500CE,153.75,168.3,168.3,153.75,358.3,90,158.61,136.9,30,179.95,390,341310
2026-04-13T09:15:02.839,NF,BANKNIFTY28APR2657500CE,149.95,168.3,168.3,149.9,358.3,210,154.85,136.9,30,179.95,390,341310
2026-04-13T09:15:03.988,NF,BANKNIFTY28APR2657500CE,160.05,168.3,168.3,136.9,358.3,360,155.1,160.1,60,179.95,390,341310
2026-04-13T09:15:05.407,NF,BANKNIFTY28APR2657500CE,154.1,168.3,168.3,136.4,358.3,1350,147.96,150.1,60,154.1,30,341310
2026-04-13T09:15:06.032,NF,BANKNIFTY28APR2657500CE,155.55,168.3,168.3,136.4,358.3,2400,150.78,153.15,30,161.5,30,341310
2026-04-13T09:15:07.197,NF,BANKNIFTY28APR2657500CE,150.45,168.3,168.3,136.4,358.3,4080,151.31,146.7,30,151.65,90,341310
2026-04-13T09:15:08.412,NF,BANKNIFTY28APR2657500CE,149.7,168.3,168.3,136.4,358.3,5430,151.26,148.1,30,157.4,30,341310
2026-04-13T09:15:09.438,NF,BANKNIFTY28APR2657500CE,148.0,168.3,168.3,136.4,358.3,6990,151.09,148.0,30,153.75,30,341310
2026-04-13T09:15:10.595,NF,BANKNIFTY28APR2657500CE,141.65,168.3,168.3,136.4,358.3,7350,150.79,141.45,60,145.65,30,341310
2026-04-13T09:15:11.793,NF,BANKNIFTY28APR2657500CE,140.5,168.3,168.3,136.4,358.3,8010,149.9,136.95,60,140.5,60,341310
2026-04-13T09:15:12.798,NF,BANKNIFTY28APR2657500CE,138.15,168.3,168.3,136.4,358.3,8280,149.53,136.95,30,139.2,30,341310
2026-04-13T09:15:14.011,NF,BANKNIFTY28APR2657500CE,136.9,168.3,168.3,136.4,358.3,8760,148.85,110.55,30,136.75,60,341310
2026-04-13T09:15:15.204,NF,BANKNIFTY28APR2657500CE,140.15,168.3,168.3,110.85,358.3,12030,145.38,135.45,60,139.7,60,341310
2026-04-13T09:15:16.247,NF,BANKNIFTY28APR2657500CE,140.45,168.3,168.3,110.85,358.3,13500,144.66,140.75,30,145.25,150,341310
2026-04-13T09:15:17.410,NF,BANKNIFTY28APR2657500CE,141.6,168.3,168.3,110.85,358.3,15690,144.01,140.15,60,141.8,60,341310
2026-04-13T09:15:18.615,NF,BANKNIFTY28APR2657500CE,141.15,168.3,168.3,110.85,358.3,16830,143.86,141.0,60,142.5,30,341310
2026-04-13T09:15:19.830,NF,BANKNIFTY28APR2657500CE,144.5,168.3,168.3,110.85,358.3,17670,143.86,143.55,30,145.1,60,341310
2026-04-13T09:15:21.011,NF,BANKNIFTY28APR2657500CE,148.9,168.3,168.3,110.85,358.3,18390,143.97,147.9,30,149.9,30,341310
2026-04-13T09:15:22.222,NF,BANKNIFTY28APR2657500CE,147.6,168.3,168.3,110.85,358.3,19020,144.08,147.1,60,148.05,120,341310
2026-04-13T09:15:23.440,NF,BANKNIFTY28APR2657500CE,151.0,168.3,168.3,110.85,358.3,19710,144.31,146.35,30,150.3,30,341310
2026-04-13T09:15:24.445,NF,BANKNIFTY28APR2657500CE,151.2,168.3,168.3,110.85,358.3,20160,144.45,149.7,60,151.05,30,341310
2026-04-13T09:15:25.622,NF,BANKNIFTY28APR2657500CE,150.65,168.3,168.3,110.85,358.3,21390,144.74,149.25,30,151.1,30,341310
2026-04-13T09:15:26.825,NF,BANKNIFTY28APR2657500CE,150.4,168.3,168.3,110.85,358.3,23190,145.13,149.9,30,151.5,90,341310
2026-04-13T09:15:28.032,NF,BANKNIFTY28APR2657500CE,151.7,168.3,168.3,110.85,358.3,24180,145.39,150.25,30,151.8,30,341310
2026-04-13T09:15:29.251,NF,BANKNIFTY28APR2657500CE,151.8,168.3,168.3,110.85,358.3,24360,145.43,149.5,30,151.4,30,341310
2026-04-13T09:15:30.467,NF,BANKNIFTY28APR2657500CE,151.85,168.3,168.3,110.85,358.3,24390,145.44,150.7,30,151.8,60,341310
2026-04-13T09:15:31.628,NF,BANKNIFTY28APR2657500CE,149.2,168.3,168.3,110.85,358.3,25020,145.54,148.2,30,150.0,90,341310
2026-04-13T09:15:32.830,NF,BANKNIFTY28APR2657500CE,149.65,168.3,168.3,110.85,358.3,25920,145.69,148.25,300,149.65,30,341310
2026-04-13T09:15:34.031,NF,BANKNIFTY28APR2657500CE,150.6,168.3,168.3,110.85,358.3,26970,145.86,150.95,210,152.5,120,341310
2026-04-13T09:15:35.234,NF,BANKNIFTY28APR2657500CE,152.85,168.3,168.3,110.85,358.3,27300,145.93,151.9,30,153.45,30,341310
2026-04-13T09:15:36.291,NF,BANKNIFTY28APR2657500CE,152.75,168.3,168.3,110.85,358.3,28260,146.14,152.2,30,156.3,90,341310
2026-04-13T09:15:37.454,NF,BANKNIFTY28APR2657500CE,151.8,168.3,168.3,110.85,358.3,28680,146.24,151.25,30,151.75,30,341310
2026-04-13T09:15:38.662,NF,BANKNIFTY28APR2657500CE,150.0,168.3,168.3,110.85,358.3,28890,146.28,149.7,30,151.35,30,341310
2026-04-13T09:15:39.846,NF,BANKNIFTY28APR2657500CE,150.95,168.3,168.3,110.85,358.3,29850,146.41,150.0,30,151.15,150,341310
2026-04-13T09:15:41.092,NF,BANKNIFTY28APR2657500CE,152.95,168.3,168.3,110.85,358.3,32430,146.93,151.75,30,153.15,30,341310
2026-04-13T09:15:42.270,NF,BANKNIFTY28APR2657500CE,150.95,168.3,168.3,110.85,358.3,33690,147.05,151.05,30,152.25,30,341310
2026-04-13T09:15:43.258,NF,BANKNIFTY28APR2657500CE,154.35,168.3,168.3,110.85,358.3,34410,147.2,153.35,60,155.45,90,341310
2026-04-13T09:15:44.452,NF,BANKNIFTY28APR2657500CE,155.8,168.3,168.3,110.85,358.3,34620,147.25,154.6,30,156.1,30,341310
2026-04-13T09:15:45.667,NF,BANKNIFTY28APR2657500CE,152.75,168.3,168.3,110.85,358.3,34710,147.26,151.05,30,152.9,30,341310
2026-04-13T09:15:46.869,NF,BANKNIFTY28APR2657500CE,154.5,168.3,168.3,110.85,358.3,35070,147.33,152.75,120,154.7,30,341310
2026-04-13T09:15:48.068,NF,BANKNIFTY28APR2657500CE,157.15,168.3,168.3,110.85,358.3,35940,147.52,156.35,30,157.9,90,341310
2026-04-13T09:15:49.266,NF,BANKNIFTY28APR2657500CE,157.8,168.3,168.3,110.85,358.3,36330,147.62,157.2,30,158.4,30,341310
2026-04-13T09:15:50.461,NF,BANKNIFTY28APR2657500CE,157.9,168.3,168.3,110.85,358.3,36870,147.78,158.5,30,159.55,30,341310
2026-04-13T09:15:51.681,NF,BANKNIFTY28APR2657500CE,157.45,168.3,168.3,110.85,358.3,38220,148.15,155.9,60,157.15,30,341310
2026-04-13T09:15:52.885,NF,BANKNIFTY28APR2657500CE,156.4,168.3,168.3,110.85,358.3,38760,148.28,156.5,30,157.7,30,341310
2026-04-13T09:15:53.868,NF,BANKNIFTY28APR2657500CE,157.2,168.3,168.3,110.85,358.3,39330,148.41,157.15,60,158.5,30,341310
2026-04-13T09:15:55.115,NF,BANKNIFTY28APR2657500CE,158.15,168.3,168.3,110.85,358.3,39810,148.54,159.0,60,159.9,60,341310
2026-04-13T09:15:56.284,NF,BANKNIFTY28APR2657500CE,160.85,168.3,168.3,110.85,358.3,39930,148.57,157.7,30,158.85,30,341310
2026-04-13T09:15:57.482,NF,BANKNIFTY28APR2657500CE,157.55,168.3,168.3,110.85,358.3,40590,148.72,156.5,360,157.75,60,341310
2026-04-13T09:15:58.685,NF,BANKNIFTY28APR2657500CE,158.3,168.3,168.3,110.85,358.3,40710,148.75,157.7,30,158.9,30,341310
2026-04-13T09:15:59.687,NF,BANKNIFTY28APR2657500CE,154.55,168.3,168.3,110.85,358.3,41850,148.95,153.9,30,155.1,30,341310
2026-04-13T09:16:00.914,NF,BANKNIFTY28APR2657500CE,155.15,168.3,168.3,110.85,358.3,42300,149.01,153.95,120,155.0,30,341310
2026-04-13T09:16:02.104,NF,BANKNIFTY28APR2657500CE,155.45,168.3,168.3,110.85,358.3,42840,149.1,154.45,30,155.9,30,341310
2026-04-13T09:16:03.296,NF,BANKNIFTY28APR2657500CE,155.4,168.3,168.3,110.85,358.3,42990,149.12,153.85,30,155.0,30,341310
2026-04-13T09:16:04.486,NF,BANKNIFTY28APR2657500CE,151.9,168.3,168.3,110.85,358.3,44760,149.25,151.9,30,154.25,30,341310
2026-04-13T09:16:05.707,NF,BANKNIFTY28APR2657500CE,151.25,168.3,168.3,110.85,358.3,46080,149.34,149.9,30,151.2,30,341310
2026-04-13T09:16:06.888,NF,BANKNIFTY28APR2657500CE,149.55,168.3,168.3,110.85,358.3,47610,149.36,149.35,30,151.35,30,341310
2026-04-13T09:16:08.088,NF,BANKNIFTY28APR2657500CE,148.4,168.3,168.3,110.85,358.3,50400,149.29,147.1,30,148.75,30,341310
2026-04-13T09:16:09.291,NF,BANKNIFTY28APR2657500CE,148.4,168.3,168.3,110.85,358.3,51360,149.26,147.1,30,148.7,30,341310
2026-04-13T09:16:10.506,NF,BANKNIFTY28APR2657500CE,147.3,168.3,168.3,110.85,358.3,52560,149.21,146.9,30,148.5,30,341310
2026-04-13T09:16:11.705,NF,BANKNIFTY28APR2657500CE,147.1,168.3,168.3,110.85,358.3,53700,149.18,145.55,60,147.1,60,342390
2026-04-13T09:16:12.935,NF,BANKNIFTY28APR2657500CE,145.5,168.3,168.3,110.85,358.3,54510,149.13,145.0,90,146.1,30,342390
2026-04-13T09:16:14.113,NF,BANKNIFTY28APR2657500CE,147.3,168.3,168.3,110.85,358.3,55680,149.07,146.1,30,147.3,30,342390
2026-04-13T09:16:15.317,NF,BANKNIFTY28APR2657500CE,147.9,168.3,168.3,110.85,358.3,56190,149.06,147.3,30,149.0,30,342390
2026-04-13T09:16:16.514,NF,BANKNIFTY28APR2657500CE,147.05,168.3,168.3,110.85,358.3,57930,148.97,145.85,330,147.1,30,342390
2026-04-13T09:16:17.720,NF,BANKNIFTY28APR2657500CE,148.35,168.3,168.3,110.85,358.3,58290,148.96,147.5,30,148.9,30,342390
2026-04-13T09:16:18.917,NF,BANKNIFTY28APR2657500CE,148.25,168.3,168.3,110.85,358.3,58830,148.95,147.6,30,148.25,180,342390
2026-04-13T09:16:20.110,NF,BANKNIFTY28APR2657500CE,150.15,168.3,168.3,110.85,358.3,60210,148.98,149.5,30,151.8,30,342390
2026-04-13T09:16:21.160,NF,BANKNIFTY28APR2657500CE,150.5,168.3,168.3,110.85,358.3,60330,148.99,150.05,30,151.5,150,342390
2026-04-13T09:16:22.316,NF,BANKNIFTY28APR2657500CE,150.75,168.3,168.3,110.85,358.3,61140,149.02,151.05,30,152.1,30,342390
2026-04-13T09:16:23.524,NF,BANKNIFTY28APR2657500CE,150.1,168.3,168.3,110.85,358.3,64110,149.24,149.55,30,151.4,90,342390
2026-04-13T09:16:24.728,NF,BANKNIFTY28APR2657500CE,150.0,168.3,168.3,110.85,358.3,64170,149.24,148.4,30,149.95,30,342390
2026-04-13T09:16:25.924,NF,BANKNIFTY28APR2657500CE,148.05,168.3,168.3,110.85,358.3,64260,149.24,147.8,30,149.45,30,342390
2026-04-13T09:16:27.166,NF,BANKNIFTY28APR2657500CE,147.35,168.3,168.3,110.85,358.3,64560,149.24,147.4,60,148.75,30,342390
2026-04-13T09:16:28.346,NF,BANKNIFTY28APR2657500CE,153.75,168.3,168.3,110.85,358.3,66450,149.26,152.85,30,155.0,30,342390
2026-04-13T09:16:29.553,NF,BANKNIFTY28APR2657500CE,151.55,168.3,168.3,110.85,358.3,67800,149.3,150.15,90,151.55,60,342390
2026-04-13T09:16:30.728,NF,BANKNIFTY28APR2657500CE,150.65,168.3,168.3,110.85,358.3,68370,149.32,150.95,60,151.8,120,342390
2026-04-13T09:16:31.948,NF,BANKNIFTY28APR2657500CE,151.95,168.3,168.3,110.85,358.3,68700,149.33,151.8,60,153.1,30,342390
2026-04-13T09:16:33.148,NF,BANKNIFTY28APR2657500CE,150.65,168.3,168.3,110.85,358.3,70230,149.35,150.55,60,151.75,30,342390
2026-04-13T09:16:34.341,NF,BANKNIFTY28APR2657500CE,151.25,168.3,168.3,110.85,358.3,70380,149.36,151.2,60,152.6,30,342390
2026-04-13T09:16:35.537,NF,BANKNIFTY28APR2657500CE,151.3,168.3,168.3,110.85,358.3,70410,149.36,150.8,90,152.0,30,342390
2026-04-13T09:16:36.978,NF,BANKNIFTY28APR2657500CE,150.7,168.3,168.3,110.85,358.3,70650,149.36,150.4,300,151.05,30,342390
2026-04-13T09:16:38.160,NF,BANKNIFTY28APR2657500CE,149.75,168.3,168.3,110.85,358.3,71850,149.35,148.05,30,149.1,150,342390
2026-04-13T09:16:39.370,NF,BANKNIFTY28APR2657500CE,149.35,168.3,168.3,110.85,358.3,72060,149.35,147.85,120,149.1,180,342390
2026-04-13T09:16:40.555,NF,BANKNIFTY28APR2657500CE,149.85,168.3,168.3,110.85,358.3,72390,149.34,147.4,30,148.5,30,342390
2026-04-13T09:16:41.765,NF,BANKNIFTY28APR2657500CE,149.4,168.3,168.3,110.85,358.3,72660,149.34,148.85,30,149.95,30,342390
2026-04-13T09:16:43.152,NF,BANKNIFTY28APR2657500CE,149.35,168.3,168.3,110.85,358.3,72990,149.34,148.5,60,149.75,60,342390
2026-04-13T09:16:44.367,NF,BANKNIFTY28APR2657500CE,150.25,168.3,168.3,110.85,358.3,73320,149.34,149.35,30,150.75,30,342390
2026-04-13T09:16:45.562,NF,BANKNIFTY28APR2657500CE,147.95,168.3,168.3,110.85,358.3,73590,149.34,148.45,30,149.95,30,342390
2026-04-13T09:16:46.759,NF,BANKNIFTY28APR2657500CE,148.9,168.3,168.3,110.85,358.3,73770,149.34,148.65,90,149.9,30,342390
2026-04-13T09:16:49.197,NF,BANKNIFTY28APR2657500CE,147.35,168.3,168.3,110.85,358.3,74070,149.33,147.55,30,148.65,120,342390
2026-04-13T09:16:50.374,NF,BANKNIFTY28APR2657500CE,148.2,168.3,168.3,110.85,358.3,74670,149.32,148.15,150,149.3,90,342390
2026-04-13T09:16:51.564,NF,BANKNIFTY28APR2657500CE,147.8,168.3,168.3,110.85,358.3,74730,149.32,148.1,30,149.25,90,342390
2026-04-13T09:16:52.774,NF,BANKNIFTY28APR2657500CE,147.95,168.3,168.3,110.85,358.3,74970,149.32,147.85,60,148.8,30,342390
2026-04-13T09:16:53.972,NF,BANKNIFTY28APR2657500CE,149.25,168.3,168.3,110.85,358.3,75120,149.32,149.45,30,150.45,120,342390
2026-04-13T09:16:55.378,NF,BANKNIFTY28APR2657500CE,149.25,168.3,168.3,110.85,358.3,76230,149.32,147.45,30,148.35,30,342390
2026-04-13T09:16:56.570,NF,BANKNIFTY28APR2657500CE,146.75,168.3,168.3,110.85,358.3,76980,149.3,146.5,30,147.5,60,342390
2026-04-13T09:16:57.774,NF,BANKNIFTY28APR2657500CE,145.85,168.3,168.3,110.85,358.3,77160,149.29,145.25,120,145.85,30,342390
2026-04-13T09:16:58.975,NF,BANKNIFTY28APR2657500CE,146.4,168.3,168.3,110.85,358.3,77310,149.29,146.3,30,147.05,90,342390
2026-04-13T09:17:00.192,NF,BANKNIFTY28APR2657500CE,146.25,168.3,168.3,110.85,358.3,77340,149.29,146.1,90,146.6,120,342390
2026-04-13T09:17:01.403,NF,BANKNIFTY28APR2657500CE,144.95,168.3,168.3,110.85,358.3,77790,149.27,144.05,30,145.0,30,342390
2026-04-13T09:17:02.592,NF,BANKNIFTY28APR2657500CE,145.0,168.3,168.3,110.85,358.3,77940,149.26,144.15,210,144.75,30,342390
2026-04-13T09:17:03.786,NF,BANKNIFTY28APR2657500CE,145.85,168.3,168.3,110.85,358.3,78600,149.22,144.8,30,145.4,30,342390
2026-04-13T09:17:05.231,NF,BANKNIFTY28APR2657500CE,145.2,168.3,168.3,110.85,358.3,78660,149.22,145.0,30,145.6,60,342390
2026-04-13T09:17:06.402,NF,BANKNIFTY28APR2657500CE,145.5,168.3,168.3,110.85,358.3,78810,149.21,145.25,60,145.8,120,342390
2026-04-13T09:17:07.598,NF,BANKNIFTY28APR2657500CE,144.75,168.3,168.3,110.85,358.3,79770,149.16,145.2,30,145.25,60,342390
2026-04-13T09:17:08.790,NF,BANKNIFTY28APR2657500CE,145.6,168.3,168.3,110.85,358.3,81960,149.08,145.6,30,146.4,180,342390
2026-04-13T09:17:09.993,NF,BANKNIFTY28APR2657500CE,144.0,168.3,168.3,110.85,358.3,82740,149.04,142.95,60,143.7,150,342390
2026-04-13T09:17:11.208,NF,BANKNIFTY28APR2657500CE,143.35,168.3,168.3,110.85,358.3,82890,149.03,143.25,90,143.5,30,342390
2026-04-13T09:17:12.401,NF,BANKNIFTY28APR2657500CE,143.05,168.3,168.3,110.85,358.3,83040,149.02,142.65,30,143.45,60,342390
2026-04-13T09:17:13.606,NF,BANKNIFTY28APR2657500CE,142.4,168.3,168.3,110.85,358.3,83130,149.01,141.75,30,142.4,30,342390
2026-04-13T09:17:16.013,NF,BANKNIFTY28APR2657500CE,142.8,168.3,168.3,110.85,358.3,83310,149.0,142.85,30,143.9,30,342390
2026-04-13T09:17:17.311,NF,BANKNIFTY28APR2657500CE,144.75,168.3,168.3,110.85,358.3,83970,148.96,144.9,30,145.95,120,342390
2026-04-13T09:17:18.433,NF,BANKNIFTY28APR2657500CE,144.85,168.3,168.3,110.85,358.3,85080,148.9,144.8,30,145.7,30,342390
2026-04-13T09:17:19.613,NF,BANKNIFTY28APR2657500CE,145.2,168.3,168.3,110.85,358.3,85860,148.87,144.3,30,145.1,30,342390
2026-04-13T09:17:20.829,NF,BANKNIFTY28APR2657500CE,145.05,168.3,168.3,110.85,358.3,87480,148.8,144.1,30,145.05,30,342390
2026-04-13T09:17:22.236,NF,BANKNIFTY28APR2657500CE,145.4,168.3,168.3,110.85,358.3,87900,148.79,145.2,30,146.15,60,342390
2026-04-13T09:17:23.433,NF,BANKNIFTY28APR2657500CE,146.5,168.3,168.3,110.85,358.3,88320,148.78,145.6,150,146.5,30,342390
2026-04-13T09:17:24.433,NF,BANKNIFTY28APR2657500CE,145.75,168.3,168.3,110.85,358.3,88560,148.77,145.75,30,146.55,30,342390
2026-04-13T09:17:25.632,NF,BANKNIFTY28APR2657500CE,146.1,168.3,168.3,110.85,358.3,90900,148.71,145.4,120,146.45,30,342390
2026-04-13T09:17:26.834,NF,BANKNIFTY28APR2657500CE,146.35,168.3,168.3,110.85,358.3,91110,148.7,145.35,30,146.45,30,342390
2026-04-13T09:17:28.260,NF,BANKNIFTY28APR2657500CE,146.65,168.3,168.3,110.85,358.3,91740,148.69,145.85,30,146.8,90,342390
2026-04-13T09:17:29.235,NF,BANKNIFTY28APR2657500CE,146.1,168.3,168.3,110.85,358.3,91980,148.68,145.85,60,146.8,30,342390
2026-04-13T09:17:30.433,NF,BANKNIFTY28APR2657500CE,145.85,168.3,168.3,110.85,358.3,92760,148.66,145.05,30,145.9,30,342390
2026-04-13T09:17:31.859,NF,BANKNIFTY28APR2657500CE,146.15,168.3,168.3,110.85,358.3,94410,148.61,145.2,30,146.05,30,342390
2026-04-13T09:17:33.047,NF,BANKNIFTY28APR2657500CE,144.65,168.3,168.3,110.85,358.3,96180,148.53,144.15,30,145.15,60,342390
2026-04-13T09:17:34.231,NF,BANKNIFTY28APR2657500CE,143.4,168.3,168.3,110.85,358.3,97920,148.46,143.9,120,144.9,30,342390
2026-04-13T09:17:35.478,NF,BANKNIFTY28APR2657500CE,144.05,168.3,168.3,110.85,358.3,98340,148.44,143.9,30,144.65,30,342390
2026-04-13T09:17:36.662,NF,BANKNIFTY28APR2657500CE,144.3,168.3,168.3,110.85,358.3,98760,148.42,144.2,90,144.85,60,342390
2026-04-13T09:17:37.839,NF,BANKNIFTY28APR2657500CE,144.2,168.3,168.3,110.85,358.3,98820,148.42,144.25,30,145.15,30,342390
2026-04-13T09:17:39.043,NF,BANKNIFTY28APR2657500CE,144.25,168.3,168.3,110.85,358.3,98850,148.42,144.1,30,144.65,30,342390
2026-04-13T09:17:40.245,NF,BANKNIFTY28APR2657500CE,143.85,168.3,168.3,110.85,358.3,99180,148.4,143.55,60,144.3,90,342390
2026-04-13T09:17:41.445,NF,BANKNIFTY28APR2657500CE,144.2,168.3,168.3,110.85,358.3,99510,148.39,143.6,90,144.2,30,342390
2026-04-13T09:17:42.654,NF,BANKNIFTY28APR2657500CE,144.1,168.3,168.3,110.85,358.3,99720,148.38,143.3,60,144.15,30,342390
2026-04-13T09:17:43.878,NF,BANKNIFTY28APR2657500CE,144.15,168.3,168.3,110.85,358.3,99840,148.38,143.95,30,144.65,30,342390
2026-04-13T09:17:45.063,NF,BANKNIFTY28APR2657500CE,143.65,168.3,168.3,110.85,358.3,99900,148.37,143.65,90,144.2,210,342390
2026-04-13T09:17:46.256,NF,BANKNIFTY28APR2657500CE,144.0,168.3,168.3,110.85,358.3,100320,148.35,143.45,30,144.05,60,342390
2026-04-13T09:17:47.479,NF,BANKNIFTY28APR2657500CE,143.35,168.3,168.3,110.85,358.3,101610,148.3,143.35,60,144.05,120,342390
2026-04-13T09:17:48.660,NF,BANKNIFTY28APR2657500CE,143.1,168.3,168.3,110.85,358.3,101760,148.29,142.8,60,143.45,60,342390
2026-04-13T09:17:49.863,NF,BANKNIFTY28APR2657500CE,143.6,168.3,168.3,110.85,358.3,102840,148.25,143.4,30,144.45,330,342390
2026-04-13T09:17:51.068,NF,BANKNIFTY28APR2657500CE,141.0,168.3,168.3,110.85,358.3,103890,148.19,141.75,60,142.6,30,342390
2026-04-13T09:17:52.271,NF,BANKNIFTY28APR2657500CE,141.85,168.3,168.3,110.85,358.3,104130,148.18,141.75,60,142.6,30,342390
2026-04-13T09:17:53.464,NF,BANKNIFTY28APR2657500CE,142.4,168.3,168.3,110.85,358.3,104400,148.16,142.0,120,142.6,30,342390
2026-04-13T09:17:54.679,NF,BANKNIFTY28APR2657500CE,142.25,168.3,168.3,110.85,358.3,105120,148.12,142.15,30,142.6,30,342390
2026-04-13T09:17:55.878,NF,BANKNIFTY28APR2657500CE,141.95,168.3,168.3,110.85,358.3,105480,148.1,141.35,120,142.15,30,342390
2026-04-13T09:17:57.069,NF,BANKNIFTY28APR2657500CE,142.05,168.3,168.3,110.85,358.3,105900,148.07,141.75,30,142.35,30,342390
2026-04-13T09:17:58.276,NF,BANKNIFTY28APR2657500CE,141.45,168.3,168.3,110.85,358.3,106620,148.03,141.0,60,141.95,30,342390
2026-04-13T09:18:00.675,NF,BANKNIFTY28APR2657500CE,142.0,168.3,168.3,110.85,358.3,106710,148.02,141.2,60,142.0,30,342390
2026-04-13T09:18:01.876,NF,BANKNIFTY28APR2657500CE,139.75,168.3,168.3,110.85,358.3,107220,147.98,139.7,60,140.5,30,342390
2026-04-13T09:18:03.079,NF,BANKNIFTY28APR2657500CE,139.55,168.3,168.3,110.85,358.3,107460,147.97,139.65,30,140.2,30,342390
2026-04-13T09:18:04.279,NF,BANKNIFTY28APR2657500CE,139.95,168.3,168.3,110.85,358.3,107580,147.96,138.75,30,139.5,240,342390
2026-04-13T09:18:05.483,NF,BANKNIFTY28APR2657500CE,138.9,168.3,168.3,110.85,358.3,107880,147.93,138.45,60,139.35,30,342390
2026-04-13T09:18:06.683,NF,BANKNIFTY28APR2657500CE,138.5,168.3,168.3,110.85,358.3,107970,147.92,138.4,30,139.3,60,342390
2026-04-13T09:18:07.887,NF,BANKNIFTY28APR2657500CE,137.5,168.3,168.3,110.85,358.3,108540,147.87,137.6,30,138.25,30,342390
2026-04-13T09:18:09.090,NF,BANKNIFTY28APR2657500CE,137.7,168.3,168.3,110.85,358.3,112320,147.47,137.7,90,138.2,60,342390
2026-04-13T09:18:10.300,NF,BANKNIFTY28APR2657500CE,136.3,168.3,168.3,110.85,358.3,112500,147.45,136.3,30,137.05,30,342390
2026-04-13T09:18:11.495,NF,BANKNIFTY28APR2657500CE,137.45,168.3,168.3,110.85,358.3,113550,147.36,137.9,30,138.85,60,342390
2026-04-13T09:18:13.551,NF,BANKNIFTY28APR2657500CE,138.9,168.3,168.3,110.85,358.3,113670,147.35,138.9,60,139.6,30,342390
2026-04-13T09:18:13.912,NF,BANKNIFTY28APR2657500CE,141.9,168.3,168.3,110.85,358.3,114690,147.28,140.45,30,141.4,120,342390
2026-04-13T09:18:16.304,NF,BANKNIFTY28APR2657500CE,140.25,168.3,168.3,110.85,358.3,115020,147.26,139.85,30,140.3,30,342390
2026-04-13T09:18:17.707,NF,BANKNIFTY28APR2657500CE,138.55,168.3,168.3,110.85,358.3,115500,147.23,138.85,150,139.4,30,342390
2026-04-13T09:18:18.936,NF,BANKNIFTY28APR2657500CE,138.4,168.3,168.3,110.85,358.3,116460,147.15,138.95,30,139.0,90,342390
2026-04-13T09:18:20.116,NF,BANKNIFTY28APR2657500CE,139.15,168.3,168.3,110.85,358.3,117150,147.11,139.25,60,139.45,60,342390
2026-04-13T09:18:21.321,NF,BANKNIFTY28APR2657500CE,139.05,168.3,168.3,110.85,358.3,117300,147.1,138.65,90,139.25,60,342390
2026-04-13T09:18:22.510,NF,BANKNIFTY28APR2657500CE,138.3,168.3,168.3,110.85,358.3,117960,147.05,138.05,30,138.55,60,342390
2026-04-13T09:18:23.724,NF,BANKNIFTY28APR2657500CE,139.9,168.3,168.3,110.85,358.3,119100,146.97,141.0,60,141.6,60,342390
2026-04-13T09:18:24.957,NF,BANKNIFTY28APR2657500CE,140.6,168.3,168.3,110.85,358.3,119310,146.96,140.65,30,141.2,30,342390
2026-04-13T09:18:26.112,NF,BANKNIFTY28APR2657500CE,140.2,168.3,168.3,110.85,358.3,119490,146.95,139.9,90,140.55,60,342390
2026-04-13T09:18:27.315,NF,BANKNIFTY28APR2657500CE,139.25,168.3,168.3,110.85,358.3,119610,146.94,139.65,30,140.35,30,342390
2026-04-13T09:18:28.519,NF,BANKNIFTY28APR2657500CE,139.8,168.3,168.3,110.85,358.3,119820,146.93,139.65,30,140.3,30,342390
2026-04-13T09:18:29.724,NF,BANKNIFTY28APR2657500CE,138.55,168.3,168.3,110.85,358.3,120030,146.91,139.5,30,140.05,30,342390
2026-04-13T09:18:31.120,NF,BANKNIFTY28APR2657500CE,140.8,168.3,168.3,110.85,358.3,120090,146.91,140.25,30,141.05,30,342390
2026-04-13T09:18:33.523,NF,BANKNIFTY28APR2657500CE,141.15,168.3,168.3,110.85,358.3,120420,146.89,140.55,30,141.05,60,342390
2026-04-13T09:18:34.726,NF,BANKNIFTY28APR2657500CE,140.75,168.3,168.3,110.85,358.3,120450,146.89,140.45,90,140.75,30,342390
2026-04-13T09:18:35.930,NF,BANKNIFTY28APR2657500CE,140.1,168.3,168.3,110.85,358.3,120570,146.89,140.15,30,140.45,90,342390
2026-04-13T09:18:37.153,NF,BANKNIFTY28APR2657500CE,139.1,168.3,168.3,110.85,358.3,121110,146.86,139.15,30,139.55,210,342390
2026-04-13T09:18:38.339,NF,BANKNIFTY28APR2657500CE,139.5,168.3,168.3,110.85,358.3,121230,146.85,139.2,120,139.55,150,342390
2026-04-13T09:18:39.536,NF,BANKNIFTY28APR2657500CE,139.25,168.3,168.3,110.85,358.3,121560,146.83,139.25,60,139.55,210,342390
2026-04-13T09:18:40.743,NF,BANKNIFTY28APR2657500CE,139.7,168.3,168.3,110.85,358.3,121770,146.81,139.9,30,140.2,60,342390
2026-04-13T09:18:41.943,NF,BANKNIFTY28APR2657500CE,140.1,168.3,168.3,110.85,358.3,122340,146.78,139.95,60,140.6,60,342390
2026-04-13T09:18:43.200,NF,BANKNIFTY28APR2657500CE,139.65,168.3,168.3,110.85,358.3,122400,146.78,139.8,30,140.25,30,342390
2026-04-13T09:18:44.364,NF,BANKNIFTY28APR2657500CE,140.7,168.3,168.3,110.85,358.3,122580,146.77,140.5,90,140.7,30,342390
2026-04-13T09:18:45.556,NF,BANKNIFTY28APR2657500CE,141.0,168.3,168.3,110.85,358.3,122820,146.76,141.05,30,141.6,90,342390
2026-04-13T09:18:46.755,NF,BANKNIFTY28APR2657500CE,140.75,168.3,168.3,110.85,358.3,122910,146.75,140.75,30,141.2,30,342390
2026-04-13T09:18:47.949,NF,BANKNIFTY28APR2657500CE,141.65,168.3,168.3,110.85,358.3,123090,146.75,141.65,30,142.15,30,342390
2026-04-13T09:18:49.183,NF,BANKNIFTY28APR2657500CE,141.3,168.3,168.3,110.85,358.3,123240,146.74,140.85,60,141.55,60,342390
2026-04-13T09:18:50.373,NF,BANKNIFTY28APR2657500CE,140.7,168.3,168.3,110.85,358.3,123330,146.74,140.35,30,140.75,120,342390
2026-04-13T09:18:52.764,NF,BANKNIFTY28APR2657500CE,141.0,168.3,168.3,110.85,358.3,123360,146.73,140.55,30,141.15,150,342390
2026-04-13T09:18:53.965,NF,BANKNIFTY28APR2657500CE,141.45,168.3,168.3,110.85,358.3,124320,146.68,141.05,60,141.4,90,342390
2026-04-13T09:18:55.168,NF,BANKNIFTY28APR2657500CE,141.65,168.3,168.3,110.85,358.3,124620,146.67,141.2,30,141.5,30,342390
2026-04-13T09:18:56.367,NF,BANKNIFTY28APR2657500CE,141.3,168.3,168.3,110.85,358.3,124800,146.66,141.1,30,141.55,60,342390
2026-04-13T09:18:57.564,NF,BANKNIFTY28APR2657500CE,141.05,168.3,168.3,110.85,358.3,124860,146.66,140.65,30,141.1,90,342390
2026-04-13T09:18:58.766,NF,BANKNIFTY28APR2657500CE,140.7,168.3,168.3,110.85,358.3,125070,146.65,140.85,60,141.35,90,342390
2026-04-13T09:18:59.978,NF,BANKNIFTY28APR2657500CE,141.05,168.3,168.3,110.85,358.3,125250,146.64,140.8,30,141.25,60,342390
2026-04-13T09:19:01.177,NF,BANKNIFTY28APR2657500CE,140.5,168.3,168.3,110.85,358.3,125340,146.64,140.4,90,141.15,60,342390
2026-04-13T09:19:02.395,NF,BANKNIFTY28APR2657500CE,141.8,168.3,168.3,110.85,358.3,126150,146.61,141.75,30,142.3,30,342390
2026-04-13T09:19:03.575,NF,BANKNIFTY28APR2657500CE,142.1,168.3,168.3,110.85,358.3,126360,146.6,142.15,60,142.75,90,342390
2026-04-13T09:19:04.778,NF,BANKNIFTY28APR2657500CE,142.0,168.3,168.3,110.85,358.3,126780,146.58,142.25,60,142.8,60,342390
2026-04-13T09:19:05.979,NF,BANKNIFTY28APR2657500CE,142.8,168.3,168.3,110.85,358.3,126870,146.58,142.9,60,143.45,30,342390
2026-04-13T09:19:07.184,NF,BANKNIFTY28APR2657500CE,143.15,168.3,168.3,110.85,358.3,126930,146.58,143.15,30,143.5,60,342390
2026-04-13T09:19:08.583,NF,BANKNIFTY28APR2657500CE,143.4,168.3,168.3,110.85,358.3,127200,146.57,143.0,30,143.6,210,342390
2026-04-13T09:19:09.801,NF,BANKNIFTY28APR2657500CE,142.7,168.3,168.3,110.85,358.3,127380,146.57,142.9,30,143.25,180,342390
2026-04-13T09:19:10.986,NF,BANKNIFTY28APR2657500CE,144.5,168.3,168.3,110.85,358.3,127740,146.56,144.3,30,144.5,120,342390
2026-04-13T09:19:12.220,NF,BANKNIFTY28APR2657500CE,145.05,168.3,168.3,110.85,358.3,128130,146.55,144.05,30,144.5,60,334590
2026-04-13T09:19:13.394,NF,BANKNIFTY28APR2657500CE,144.35,168.3,168.3,110.85,358.3,128820,146.54,145.0,30,145.4,90,334590
2026-04-13T09:19:14.658,NF,BANKNIFTY28APR2657500CE,145.1,168.3,168.3,110.85,358.3,128910,146.54,143.95,30,144.3,90,334590
2026-04-13T09:19:15.797,NF,BANKNIFTY28APR2657500CE,144.5,168.3,168.3,110.85,358.3,128970,146.54,144.25,30,144.7,90,334590
2026-04-13T09:19:18.199,NF,BANKNIFTY28APR2657500CE,144.1,168.3,168.3,110.85,358.3,129090,146.54,144.05,90,144.45,30,334590
2026-04-13T09:19:19.398,NF,BANKNIFTY28APR2657500CE,143.85,168.3,168.3,110.85,358.3,129360,146.53,144.45,30,144.85,30,334590
2026-04-13T09:19:24.207,NF,BANKNIFTY28APR2657500CE,145.7,168.3,168.3,110.85,358.3,129420,146.53,145.35,60,145.9,30,334590
2026-04-13T09:19:26.619,NF,BANKNIFTY28APR2657500CE,145.3,168.3,168.3,110.85,358.3,129660,146.53,145.3,30,145.75,30,334590
2026-04-13T09:19:29.062,NF,BANKNIFTY28APR2657500CE,147.0,168.3,168.3,110.85,358.3,129840,146.53,146.75,30,147.3,60,334590
2026-04-13T09:19:31.420,NF,BANKNIFTY28APR2657500CE,146.75,168.3,168.3,110.85,358.3,129930,146.53,146.95,150,147.45,30,334590
2026-04-13T09:19:32.628,NF,BANKNIFTY28APR2657500CE,146.95,168.3,168.3,110.85,358.3,130350,146.53,146.85,90,147.45,30,334590
2026-04-13T09:19:33.826,NF,BANKNIFTY28APR2657500CE,146.4,168.3,168.3,110.85,358.3,130950,146.54,146.55,120,147.1,30,334590
2026-04-13T09:19:35.027,NF,BANKNIFTY28APR2657500CE,146.95,168.3,168.3,110.85,358.3,130980,146.54,146.85,90,147.25,60,334590
2026-04-13T09:19:36.428,NF,BANKNIFTY28APR2657500CE,147.7,168.3,168.3,110.85,358.3,132510,146.55,147.65,30,148.05,60,334590
2026-04-13T09:19:37.625,NF,BANKNIFTY28APR2657500CE,148.0,168.3,168.3,110.85,358.3,133980,146.57,148.3,30,148.9,30,334590
2026-04-13T09:19:38.829,NF,BANKNIFTY28APR2657500CE,148.85,168.3,168.3,110.85,358.3,134010,146.57,148.5,30,149.1,30,334590
2026-04-13T09:19:40.071,NF,BANKNIFTY28APR2657500CE,149.9,168.3,168.3,110.85,358.3,134550,146.58,150.25,30,150.95,30,334590
2026-04-13T09:19:41.239,NF,BANKNIFTY28APR2657500CE,149.8,168.3,168.3,110.85,358.3,134820,146.59,149.25,30,149.95,60,334590
2026-04-13T09:19:42.446,NF,BANKNIFTY28APR2657500CE,149.65,168.3,168.3,110.85,358.3,134940,146.59,149.25,60,149.65,90,334590
2026-04-13T09:19:43.638,NF,BANKNIFTY28APR2657500CE,149.85,168.3,168.3,110.85,358.3,135510,146.61,150.0,90,150.6,120,334590
2026-04-13T09:19:44.839,NF,BANKNIFTY28APR2657500CE,150.15,168.3,168.3,110.85,358.3,135600,146.61,150.15,120,150.75,90,334590
2026-04-13T09:19:47.242,NF,BANKNIFTY28APR2657500CE,150.0,168.3,168.3,110.85,358.3,136080,146.62,149.75,60,150.35,150,334590
2026-04-13T09:19:48.452,NF,BANKNIFTY28APR2657500CE,149.3,168.3,168.3,110.85,358.3,136650,146.63,149.3,30,149.75,60,334590
2026-04-13T09:19:49.843,NF,BANKNIFTY28APR2657500CE,149.9,168.3,168.3,110.85,358.3,136950,146.64,149.2,60,149.7,30,334590
2026-04-13T09:19:51.048,NF,BANKNIFTY28APR2657500CE,149.5,168.3,168.3,110.85,358.3,137550,146.65,149.2,30,149.7,90,334590
2026-04-13T09:19:52.247,NF,BANKNIFTY28APR2657500CE,149.9,168.3,168.3,110.85,358.3,137610,146.65,149.5,30,150.0,120,334590
2026-04-13T09:19:53.466,NF,BANKNIFTY28APR2657500CE,149.75,168.3,168.3,110.85,358.3,137670,146.66,149.5,60,150.0,60,334590
2026-04-13T09:19:54.658,NF,BANKNIFTY28APR2657500CE,151.0,168.3,168.3,110.85,358.3,137790,146.66,151.2,30,151.85,90,334590
2026-04-13T09:19:55.862,NF,BANKNIFTY28APR2657500CE,151.9,168.3,168.3,110.85,358.3,138120,146.67,151.45,30,152.1,120,334590
2026-04-13T09:19:57.057,NF,BANKNIFTY28APR2657500CE,151.25,168.3,168.3,110.85,358.3,138210,146.67,151.65,30,152.0,60,334590
2026-04-13T09:19:58.270,NF,BANKNIFTY28APR2657500CE,152.55,168.3,168.3,110.85,358.3,138780,146.7,152.15,30,152.85,120,334590
2026-04-13T09:19:59.461,NF,BANKNIFTY28APR2657500CE,151.85,168.3,168.3,110.85,358.3,138990,146.7,150.75,30,151.3,120,334590
2026-04-13T09:20:00.663,NF,BANKNIFTY28APR2657500CE,150.7,168.3,168.3,110.85,358.3,139020,146.7,150.35,30,150.65,270,334590
2026-04-13T09:20:01.863,NF,BANKNIFTY28APR2657500CE,149.45,168.3,168.3,110.85,358.3,139170,146.71,149.45,60,150.15,150,334590
2026-04-13T09:20:03.282,NF,BANKNIFTY28APR2657500CE,150.0,168.3,168.3,110.85,358.3,140910,146.76,150.35,30,150.8,30,334590
2026-04-13T09:20:04.477,NF,BANKNIFTY28APR2657500CE,150.0,168.3,168.3,110.85,358.3,140940,146.76,149.7,60,150.0,30,334590
2026-04-13T09:20:05.669,NF,BANKNIFTY28APR2657500CE,149.05,168.3,168.3,110.85,358.3,141630,146.77,148.65,120,148.95,90,334590
2026-04-13T09:20:06.878,NF,BANKNIFTY28APR2657500CE,149.05,168.3,168.3,110.85,358.3,141990,146.77,148.9,30,149.3,90,334590
2026-04-13T09:20:08.072,NF,BANKNIFTY28APR2657500CE,149.25,168.3,168.3,110.85,358.3,142260,146.78,149.05,60,149.35,90,334590
2026-04-13T09:20:09.287,NF,BANKNIFTY28APR2657500CE,149.5,168.3,168.3,110.85,358.3,142590,146.78,149.35,30,149.75,30,334590
2026-04-13T09:20:10.478,NF,BANKNIFTY28APR2657500CE,149.85,168.3,168.3,110.85,358.3,142800,146.79,149.15,30,149.7,60,334590
2026-04-13T09:20:11.680,NF,BANKNIFTY28APR2657500CE,151.15,168.3,168.3,110.85,358.3,145020,146.83,150.65,60,151.3,30,334590
2026-04-13T09:20:12.881,NF,BANKNIFTY28APR2657500CE,150.75,168.3,168.3,110.85,358.3,147450,146.88,149.9,30,150.55,30,334590
2026-04-13T09:20:14.102,NF,BANKNIFTY28APR2657500CE,150.45,168.3,168.3,110.85,358.3,147840,146.89,150.25,30,150.55,120,334590
2026-04-13T09:20:15.284,NF,BANKNIFTY28APR2657500CE,149.9,168.3,168.3,110.85,358.3,147960,146.9,149.75,90,149.8,90,334590
2026-04-13T09:20:16.519,NF,BANKNIFTY28APR2657500CE,149.9,168.3,168.3,110.85,358.3,149640,146.93,150.0,30,150.2,90,334590
2026-04-13T09:20:17.708,NF,BANKNIFTY28APR2657500CE,150.1,168.3,168.3,110.85,358.3,150060,146.94,149.95,60,150.45,30,334590
2026-04-13T09:20:18.900,NF,BANKNIFTY28APR2657500CE,150.15,168.3,168.3,110.85,358.3,150210,146.94,150.0,300,150.05,90,334590
2026-04-13T09:20:20.093,NF,BANKNIFTY28APR2657500CE,150.15,168.3,168.3,110.85,358.3,150390,146.94,150.05,30,150.1,120,334590
2026-04-13T09:20:21.329,NF,BANKNIFTY28APR2657500CE,149.85,168.3,168.3,110.85,358.3,150690,146.95,149.7,60,149.75,90,334590
2026-04-13T09:20:22.496,NF,BANKNIFTY28APR2657500CE,149.75,168.3,168.3,110.85,358.3,151020,146.96,149.85,30,150.3,30,334590
2026-04-13T09:20:23.707,NF,BANKNIFTY28APR2657500CE,149.95,168.3,168.3,110.85,358.3,151650,146.97,149.85,540,150.25,90,334590
2026-04-13T09:20:24.703,NF,BANKNIFTY28APR2657500CE,149.75,168.3,168.3,110.85,358.3,152280,146.98,148.95,600,149.4,60,334590
2026-04-13T09:20:25.903,NF,BANKNIFTY28APR2657500CE,149.5,168.3,168.3,110.85,358.3,152310,146.98,149.05,30,149.55,30,334590
2026-04-13T09:20:27.109,NF,BANKNIFTY28APR2657500CE,149.75,168.3,168.3,110.85,358.3,152790,146.99,149.2,60,149.7,30,334590
2026-04-13T09:20:28.320,NF,BANKNIFTY28APR2657500CE,150.2,168.3,168.3,110.85,358.3,154020,147.01,149.3,30,150.1,120,334590
2026-04-13T09:20:29.524,NF,BANKNIFTY28APR2657500CE,150.2,168.3,168.3,110.85,358.3,155160,147.03,150.5,30,151.1,30,334590
2026-04-13T09:20:30.723,NF,BANKNIFTY28APR2657500CE,151.25,168.3,168.3,110.85,358.3,155490,147.04,150.75,30,151.35,90,334590
2026-04-13T09:20:31.910,NF,BANKNIFTY28APR2657500CE,151.2,168.3,168.3,110.85,358.3,155520,147.04,150.75,30,151.2,180,334590
2026-04-13T09:20:33.118,NF,BANKNIFTY28APR2657500CE,150.7,168.3,168.3,110.85,358.3,155550,147.04,149.95,30,150.5,270,334590
2026-04-13T09:20:34.321,NF,BANKNIFTY28APR2657500CE,150.35,168.3,168.3,110.85,358.3,155610,147.05,150.5,60,150.85,180,334590
2026-04-13T09:20:35.526,NF,BANKNIFTY28APR2657500CE,151.25,168.3,168.3,110.85,358.3,155820,147.05,151.05,30,151.75,150,334590
2026-04-13T09:20:36.741,NF,BANKNIFTY28APR2657500CE,151.2,168.3,168.3,110.85,358.3,156150,147.06,151.2,30,151.55,60,334590
2026-04-13T09:20:37.972,NF,BANKNIFTY28APR2657500CE,151.6,168.3,168.3,110.85,358.3,156690,147.08,152.05,30,152.75,30,334590
2026-04-13T09:20:38.975,NF,BANKNIFTY28APR2657500CE,152.95,168.3,168.3,110.85,358.3,157380,147.1,151.85,30,152.55,150,334590
2026-04-13T09:20:41.540,NF,BANKNIFTY28APR2657500CE,151.65,168.3,168.3,110.85,358.3,157560,147.1,151.4,30,151.8,30,334590
2026-04-13T09:20:42.732,NF,BANKNIFTY28APR2657500CE,151.95,168.3,168.3,110.85,358.3,157590,147.1,151.65,30,151.75,150,334590
2026-04-13T09:20:46.544,NF,BANKNIFTY28APR2657500CE,153.0,168.3,168.3,110.85,358.3,157830,147.11,152.75,30,153.3,90,334590
2026-04-13T09:20:47.747,NF,BANKNIFTY28APR2657500CE,152.8,168.3,168.3,110.85,358.3,157980,147.12,152.65,30,153.05,60,334590
2026-04-13T09:20:48.950,NF,BANKNIFTY28APR2657500CE,152.2,168.3,168.3,110.85,358.3,158070,147.12,152.25,90,152.9,30,334590
2026-04-13T09:20:50.338,NF,BANKNIFTY28APR2657500CE,152.55,168.3,168.3,110.85,358.3,158280,147.13,152.65,30,153.05,30,334590
2026-04-13T09:20:51.543,NF,BANKNIFTY28APR2657500CE,153.05,168.3,168.3,110.85,358.3,158430,147.14,152.9,30,153.4,90,334590
2026-04-13T09:20:52.750,NF,BANKNIFTY28APR2657500CE,152.95,168.3,168.3,110.85,358.3,158490,147.14,152.95,120,153.65,120,334590
2026-04-13T09:20:53.946,NF,BANKNIFTY28APR2657500CE,153.05,168.3,168.3,110.85,358.3,158550,147.14,153.1,30,153.8,240,334590
2026-04-13T09:20:55.363,NF,BANKNIFTY28APR2657500CE,153.15,168.3,168.3,110.85,358.3,158640,147.14,153.1,30,153.65,150,334590
2026-04-13T09:20:56.555,NF,BANKNIFTY28APR2657500CE,152.2,168.3,168.3,110.85,358.3,159150,147.16,151.6,30,152.15,120,334590
2026-04-13T09:21:00.376,NF,BANKNIFTY28APR2657500CE,152.3,168.3,168.3,110.85,358.3,159240,147.16,152.05,30,152.2,90,334590
2026-04-13T09:21:01.565,NF,BANKNIFTY28APR2657500CE,151.4,168.3,168.3,110.85,358.3,159330,147.17,150.95,30,151.6,30,334590
2026-04-13T09:21:02.764,NF,BANKNIFTY28APR2657500CE,146.25,168.3,168.3,110.85,358.3,161550,147.19,145.85,30,146.8,90,334590
2026-04-13T09:21:03.960,NF,BANKNIFTY28APR2657500CE,146.6,168.3,168.3,110.85,358.3,161730,147.19,146.5,30,147.2,120,334590
2026-04-13T09:21:05.399,NF,BANKNIFTY28APR2657500CE,146.3,168.3,168.3,110.85,358.3,161790,147.19,145.9,30,146.45,30,334590
2026-04-13T09:21:06.609,NF,BANKNIFTY28APR2657500CE,146.55,168.3,168.3,110.85,358.3,161820,147.19,146.5,30,146.95,30,334590
2026-04-13T09:21:07.783,NF,BANKNIFTY28APR2657500CE,147.45,168.3,168.3,110.85,358.3,162000,147.19,147.7,150,148.3,120,334590
2026-04-13T09:21:08.975,NF,BANKNIFTY28APR2657500CE,147.7,168.3,168.3,110.85,358.3,162030,147.19,147.25,30,147.6,60,334590
2026-04-13T09:21:10.374,NF,BANKNIFTY28APR2657500CE,147.6,168.3,168.3,110.85,358.3,162090,147.19,147.55,30,147.85,150,334590
2026-04-13T09:21:11.584,NF,BANKNIFTY28APR2657500CE,147.2,168.3,168.3,110.85,358.3,162630,147.19,146.7,30,147.4,210,334590
2026-04-13T09:21:13.985,NF,BANKNIFTY28APR2657500CE,147.8,168.3,168.3,110.85,358.3,162780,147.19,147.45,60,147.8,60,334590
2026-04-13T09:21:15.383,NF,BANKNIFTY28APR2657500CE,147.8,168.3,168.3,110.85,358.3,162870,147.19,147.5,90,148.05,60,334590
2026-04-13T09:21:16.585,NF,BANKNIFTY28APR2657500CE,147.85,168.3,168.3,110.85,358.3,163200,147.19,148.8,60,149.3,30,334590
2026-04-13T09:21:17.810,NF,BANKNIFTY28APR2657500CE,148.55,168.3,168.3,110.85,358.3,163260,147.19,147.5,30,148.35,30,334590
2026-04-13T09:21:18.994,NF,BANKNIFTY28APR2657500CE,148.0,168.3,168.3,110.85,358.3,163290,147.19,147.8,150,148.45,90,334590
2026-04-13T09:21:20.397,NF,BANKNIFTY28APR2657500CE,148.7,168.3,168.3,110.85,358.3,163650,147.2,148.7,30,149.05,90,334590
2026-04-13T09:21:21.605,NF,BANKNIFTY28APR2657500CE,149.05,168.3,168.3,110.85,358.3,164460,147.2,148.65,30,149.1,150,334590
2026-04-13T09:21:23.994,NF,BANKNIFTY28APR2657500CE,149.9,168.3,168.3,110.85,358.3,164550,147.2,149.75,90,150.45,120,334590
2026-04-13T09:21:25.428,NF,BANKNIFTY28APR2657500CE,149.55,168.3,168.3,110.85,358.3,165090,147.21,149.7,30,150.35,60,334590
2026-04-13T09:21:26.640,NF,BANKNIFTY28APR2657500CE,150.5,168.3,168.3,110.85,358.3,165180,147.21,150.2,30,150.75,30,334590
2026-04-13T09:21:27.836,NF,BANKNIFTY28APR2657500CE,150.55,168.3,168.3,110.85,358.3,165210,147.21,150.55,30,151.15,30,334590
2026-04-13T09:21:28.996,NF,BANKNIFTY28APR2657500CE,150.25,168.3,168.3,110.85,358.3,165600,147.22,150.3,30,150.75,30,334590
2026-04-13T09:21:30.410,NF,BANKNIFTY28APR2657500CE,151.0,168.3,168.3,110.85,358.3,165660,147.22,151.05,60,151.65,30,334590
2026-04-13T09:21:32.807,NF,BANKNIFTY28APR2657500CE,150.8,168.3,168.3,110.85,358.3,165720,147.22,150.45,30,151.1,30,334590
2026-04-13T09:21:34.011,NF,BANKNIFTY28APR2657500CE,150.55,168.3,168.3,110.85,358.3,165840,147.23,150.55,30,150.95,60,334590
2026-04-13T09:21:35.422,NF,BANKNIFTY28APR2657500CE,151.0,168.3,168.3,110.85,358.3,165960,147.23,151.15,30,151.75,30,334590
2026-04-13T09:21:36.604,NF,BANKNIFTY28APR2657500CE,150.95,168.3,168.3,110.85,358.3,166020,147.23,150.95,60,151.55,90,334590
2026-04-13T09:21:38.014,NF,BANKNIFTY28APR2657500CE,151.9,168.3,168.3,110.85,358.3,166200,147.24,151.35,30,152.15,30,334590
2026-04-13T09:21:39.219,NF,BANKNIFTY28APR2657500CE,152.15,168.3,168.3,110.85,358.3,166260,147.24,151.65,30,152.2,30,334590
2026-04-13T09:21:40.613,NF,BANKNIFTY28APR2657500CE,151.05,168.3,168.3,110.85,358.3,166380,147.24,150.85,30,151.5,30,334590
2026-04-13T09:21:41.818,NF,BANKNIFTY28APR2657500CE,151.65,168.3,168.3,110.85,358.3,166590,147.25,151.15,30,151.65,60,334590
2026-04-13T09:21:43.013,NF,BANKNIFTY28APR2657500CE,151.0,168.3,168.3,110.85,358.3,166680,147.25,151.15,90,151.8,60,334590
2026-04-13T09:21:45.624,NF,BANKNIFTY28APR2657500CE,151.85,168.3,168.3,110.85,358.3,166890,147.25,151.45,30,152.05,30,334590
2026-04-13T09:21:49.223,NF,BANKNIFTY28APR2657500CE,151.95,168.3,168.3,110.85,358.3,166950,147.26,151.95,30,152.4,60,334590
2026-04-13T09:21:50.624,NF,BANKNIFTY28APR2657500CE,152.05,168.3,168.3,110.85,358.3,167070,147.26,152.0,60,152.55,60,334590
2026-04-13T09:21:51.825,NF,BANKNIFTY28APR2657500CE,152.45,168.3,168.3,110.85,358.3,167250,147.26,152.2,60,152.8,60,334590
2026-04-13T09:21:53.056,NF,BANKNIFTY28APR2657500CE,151.9,168.3,168.3,110.85,358.3,167340,147.27,151.9,30,152.7,90,334590
2026-04-13T09:21:54.235,NF,BANKNIFTY28APR2657500CE,151.0,168.3,168.3,110.85,358.3,168240,147.29,150.85,90,151.15,150,334590
2026-04-13T09:21:55.677,NF,BANKNIFTY28APR2657500CE,150.75,168.3,168.3,110.85,358.3,168450,147.29,150.85,30,151.35,30,334590
2026-04-13T09:21:56.845,NF,BANKNIFTY28APR2657500CE,150.8,168.3,168.3,110.85,358.3,168510,147.3,150.25,60,150.8,90,334590
2026-04-13T09:21:59.250,NF,BANKNIFTY28APR2657500CE,151.25,168.3,168.3,110.85,358.3,168660,147.3,151.55,60,151.65,90,334590
2026-04-13T09:22:00.657,NF,BANKNIFTY28APR2657500CE,151.5,168.3,168.3,110.85,358.3,168750,147.3,151.15,30,151.45,90,334590
2026-04-13T09:22:01.939,NF,BANKNIFTY28APR2657500CE,151.4,168.3,168.3,110.85,358.3,169290,147.31,151.05,30,151.75,60,334590
2026-04-13T09:22:03.050,NF,BANKNIFTY28APR2657500CE,151.15,168.3,168.3,110.85,358.3,169380,147.32,151.05,60,151.6,30,334590
2026-04-13T09:22:04.253,NF,BANKNIFTY28APR2657500CE,151.5,168.3,168.3,110.85,358.3,169440,147.32,150.95,30,151.35,60,334590
2026-04-13T09:22:05.648,NF,BANKNIFTY28APR2657500CE,151.7,168.3,168.3,110.85,358.3,169620,147.32,151.25,30,151.7,60,334590
2026-04-13T09:22:06.908,NF,BANKNIFTY28APR2657500CE,152.05,168.3,168.3,110.85,358.3,169770,147.33,151.55,30,152.1,30,334590
2026-04-13T09:22:09.258,NF,BANKNIFTY28APR2657500CE,151.95,168.3,168.3,110.85,358.3,169860,147.33,152.1,60,152.75,30,334590
2026-04-13T09:22:11.865,NF,BANKNIFTY28APR2657500CE,153.3,168.3,168.3,110.85,358.3,169980,147.33,152.8,30,153.3,210,334590
2026-04-13T09:22:13.063,NF,BANKNIFTY28APR2657500CE,154.3,168.3,168.3,110.85,358.3,171000,147.37,153.75,60,154.2,30,331350
2026-04-13T09:22:14.301,NF,BANKNIFTY28APR2657500CE,154.85,168.3,168.3,110.85,358.3,171900,147.41,153.85,30,154.5,180,331350
2026-04-13T09:22:15.667,NF,BANKNIFTY28APR2657500CE,155.0,168.3,168.3,110.85,358.3,172050,147.41,154.55,30,155.0,90,331350
2026-04-13T09:22:16.898,NF,BANKNIFTY28APR2657500CE,154.65,168.3,168.3,110.85,358.3,172110,147.42,154.7,120,155.3,150,331350
2026-04-13T09:22:18.104,NF,BANKNIFTY28APR2657500CE,155.2,168.3,168.3,110.85,358.3,172170,147.42,154.85,30,155.35,60,331350
2026-04-13T09:22:19.301,NF,BANKNIFTY28APR2657500CE,155.1,168.3,168.3,110.85,358.3,172890,147.45,156.05,30,156.65,60,331350
2026-04-13T09:22:21.925,NF,BANKNIFTY28APR2657500CE,156.2,168.3,168.3,110.85,358.3,172980,147.45,155.45,30,155.75,30,331350
2026-04-13T09:22:24.292,NF,BANKNIFTY28APR2657500CE,155.75,168.3,168.3,110.85,358.3,173040,147.46,155.2,300,155.55,30,331350
2026-04-13T09:22:25.684,NF,BANKNIFTY28APR2657500CE,154.75,168.3,168.3,110.85,358.3,173460,147.47,154.25,60,154.75,90,331350
2026-04-13T09:22:26.887,NF,BANKNIFTY28APR2657500CE,155.2,168.3,168.3,110.85,358.3,173580,147.48,154.9,30,155.3,120,331350
2026-04-13T09:22:28.116,NF,BANKNIFTY28APR2657500CE,154.75,168.3,168.3,110.85,358.3,173610,147.48,154.6,30,155.15,60,331350
2026-04-13T09:22:30.691,NF,BANKNIFTY28APR2657500CE,154.0,168.3,168.3,110.85,358.3,174090,147.5,154.35,30,154.85,90,331350
2026-04-13T09:22:31.930,NF,BANKNIFTY28APR2657500CE,154.15,168.3,168.3,110.85,358.3,174240,147.5,154.4,30,155.0,30,331350
2026-04-13T09:22:34.361,NF,BANKNIFTY28APR2657500CE,154.8,168.3,168.3,110.85,358.3,174330,147.51,154.8,120,155.25,30,331350
2026-04-13T09:22:35.704,NF,BANKNIFTY28APR2657500CE,155.35,168.3,168.3,110.85,358.3,174990,147.54,155.15,30,155.7,30,331350
2026-04-13T09:22:39.125,NF,BANKNIFTY28APR2657500CE,155.35,168.3,168.3,110.85,358.3,175050,147.54,155.0,90,155.5,60,331350
2026-04-13T09:22:40.523,NF,BANKNIFTY28APR2657500CE,155.0,168.3,168.3,110.85,358.3,175140,147.54,154.7,30,154.95,30,331350
2026-04-13T09:22:41.715,NF,BANKNIFTY28APR2657500CE,155.2,168.3,168.3,110.85,358.3,175320,147.55,154.95,30,155.55,30,331350
2026-04-13T09:22:45.523,NF,BANKNIFTY28APR2657500CE,156.0,168.3,168.3,110.85,358.3,175440,147.56,155.9,30,156.4,150,331350
2026-04-13T09:22:49.126,NF,BANKNIFTY28APR2657500CE,156.3,168.3,168.3,110.85,358.3,175500,147.56,156.0,30,156.25,30,331350
2026-04-13T09:22:50.526,NF,BANKNIFTY28APR2657500CE,156.0,168.3,168.3,110.85,358.3,175560,147.56,155.7,30,156.25,30,331350
2026-04-13T09:22:54.134,NF,BANKNIFTY28APR2657500CE,154.7,168.3,168.3,110.85,358.3,176310,147.59,155.1,30,155.65,30,331350
2026-04-13T09:22:55.534,NF,BANKNIFTY28APR2657500CE,155.75,168.3,168.3,110.85,358.3,176370,147.6,155.15,30,155.75,120,331350
2026-04-13T09:22:57.946,NF,BANKNIFTY28APR2657500CE,155.4,168.3,168.3,110.85,358.3,176400,147.6,155.35,30,155.95,90,331350
2026-04-13T09:22:59.152,NF,BANKNIFTY28APR2657500CE,155.85,168.3,168.3,110.85,358.3,176430,147.6,155.2,30,155.9,90,331350
2026-04-13T09:23:00.552,NF,BANKNIFTY28APR2657500CE,155.25,168.3,168.3,110.85,358.3,177840,147.66,155.2,30,155.8,30,331350
2026-04-13T09:23:01.746,NF,BANKNIFTY28APR2657500CE,154.75,168.3,168.3,110.85,358.3,178110,147.67,154.8,30,155.4,30,331350
2026-04-13T09:23:06.755,NF,BANKNIFTY28APR2657500CE,156.2,168.3,168.3,110.85,358.3,178140,147.67,155.85,60,156.45,90,331350
2026-04-13T09:23:09.161,NF,BANKNIFTY28APR2657500CE,156.35,168.3,168.3,110.85,358.3,178170,147.67,156.35,30,156.95,90,331350
2026-04-13T09:23:10.559,NF,BANKNIFTY28APR2657500CE,156.45,168.3,168.3,110.85,358.3,178200,147.67,156.5,60,156.9,30,331350
2026-04-13T09:23:11.784,NF,BANKNIFTY28APR2657500CE,157.0,168.3,168.3,110.85,358.3,178290,147.68,156.95,30,157.3,30,331350
2026-04-13T09:23:12.968,NF,BANKNIFTY28APR2657500CE,157.5,168.3,168.3,110.85,358.3,178350,147.68,156.8,30,157.45,30,331350
2026-04-13T09:23:14.173,NF,BANKNIFTY28APR2657500CE,156.25,168.3,168.3,110.85,358.3,178410,147.68,156.25,90,156.85,30,331350
2026-04-13T09:23:15.385,NF,BANKNIFTY28APR2657500CE,157.25,168.3,168.3,110.85,358.3,178440,147.69,156.75,30,157.5,30,331350
2026-04-13T09:23:16.773,NF,BANKNIFTY28APR2657500CE,157.25,168.3,168.3,110.85,358.3,179460,147.75,157.15,90,157.8,30,331350
2026-04-13T09:23:19.177,NF,BANKNIFTY28APR2657500CE,157.2,168.3,168.3,110.85,358.3,179490,147.75,157.3,30,157.85,30,331350
2026-04-13T09:23:22.980,NF,BANKNIFTY28APR2657500CE,155.2,168.3,168.3,110.85,358.3,182100,147.87,154.55,90,155.3,60,331350
2026-04-13T09:23:24.198,NF,BANKNIFTY28APR2657500CE,155.15,168.3,168.3,110.85,358.3,182430,147.89,154.5,30,154.85,90,331350
2026-04-13T09:23:25.434,NF,BANKNIFTY28APR2657500CE,154.7,168.3,168.3,110.85,358.3,182490,147.89,154.5,30,154.7,120,331350
2026-04-13T09:23:26.791,NF,BANKNIFTY28APR2657500CE,154.5,168.3,168.3,110.85,358.3,182520,147.89,154.0,90,154.45,180,331350
2026-04-13T09:23:28.002,NF,BANKNIFTY28APR2657500CE,154.0,168.3,168.3,110.85,358.3,182670,147.9,153.75,30,154.5,30,331350
2026-04-13T09:23:29.193,NF,BANKNIFTY28APR2657500CE,153.75,168.3,168.3,110.85,358.3,182700,147.9,153.8,30,154.45,120,331350
2026-04-13T09:23:31.625,NF,BANKNIFTY28APR2657500CE,153.75,168.3,168.3,110.85,358.3,183000,147.91,154.05,30,154.6,30,331350
2026-04-13T09:23:34.244,NF,BANKNIFTY28APR2657500CE,155.15,168.3,168.3,110.85,358.3,183090,147.91,154.35,30,155.05,120,331350
2026-04-13T09:23:36.626,NF,BANKNIFTY28APR2657500CE,154.65,168.3,168.3,110.85,358.3,183930,147.94,154.1,60,154.7,60,331350
2026-04-13T09:23:40.416,NF,BANKNIFTY28APR2657500CE,155.05,168.3,168.3,110.85,358.3,184050,147.94,154.4,210,155.05,30,331350
2026-04-13T09:23:41.614,NF,BANKNIFTY28APR2657500CE,154.4,168.3,168.3,110.85,358.3,184080,147.95,155.0,5100,155.35,30,331350
2026-04-13T09:23:42.816,NF,BANKNIFTY28APR2657500CE,155.0,168.3,168.3,110.85,358.3,184140,147.95,155.0,5190,155.5,60,331350
2026-04-13T09:23:44.019,NF,BANKNIFTY28APR2657500CE,155.0,168.3,168.3,110.85,358.3,184170,147.95,155.05,30,155.4,60,331350
2026-04-13T09:23:45.472,NF,BANKNIFTY28APR2657500CE,155.65,168.3,168.3,110.85,358.3,184230,147.95,155.1,30,155.7,30,331350
2026-04-13T09:23:46.640,NF,BANKNIFTY28APR2657500CE,155.0,168.3,168.3,110.85,358.3,184800,147.97,155.0,4590,155.15,30,331350
2026-04-13T09:23:47.853,NF,BANKNIFTY28APR2657500CE,155.3,168.3,168.3,110.85,358.3,184860,147.98,155.0,4590,155.4,90,331350
2026-04-13T09:23:49.028,NF,BANKNIFTY28APR2657500CE,155.8,168.3,168.3,110.85,358.3,184950,147.98,156.1,270,156.7,30,331350
2026-04-13T09:23:50.449,NF,BANKNIFTY28APR2657500CE,156.1,168.3,168.3,110.85,358.3,185010,147.98,155.75,180,156.35,30,331350
2026-04-13T09:23:51.634,NF,BANKNIFTY28APR2657500CE,157.1,168.3,168.3,110.85,358.3,185220,147.99,156.95,90,157.55,210,331350
2026-04-13T09:23:52.835,NF,BANKNIFTY28APR2657500CE,157.75,168.3,168.3,110.85,358.3,185280,147.99,156.85,30,157.55,30,331350
2026-04-13T09:23:54.039,NF,BANKNIFTY28APR2657500CE,158.0,168.3,168.3,110.85,358.3,185940,148.03,156.2,450,156.9,30,331350
2026-04-13T09:23:56.649,NF,BANKNIFTY28APR2657500CE,158.0,168.3,168.3,110.85,358.3,186930,148.08,156.9,30,157.15,30,331350
2026-04-13T09:23:57.848,NF,BANKNIFTY28APR2657500CE,157.4,168.3,168.3,110.85,358.3,186990,148.08,156.8,30,157.45,60,331350
2026-04-13T09:24:00.452,NF,BANKNIFTY28APR2657500CE,155.9,168.3,168.3,110.85,358.3,189390,148.19,155.7,60,156.4,30,331350
2026-04-13T09:24:01.646,NF,BANKNIFTY28APR2657500CE,158.0,168.3,168.3,110.85,358.3,190290,148.23,156.05,60,156.3,30,331350
2026-04-13T09:24:02.871,NF,BANKNIFTY28APR2657500CE,155.65,168.3,168.3,110.85,358.3,191130,148.26,155.85,30,156.55,30,331350
2026-04-13T09:24:04.056,NF,BANKNIFTY28APR2657500CE,158.0,168.3,168.3,110.85,358.3,192120,148.31,156.45,30,157.05,90,331350
2026-04-13T09:24:05.499,NF,BANKNIFTY28APR2657500CE,156.25,168.3,168.3,110.85,358.3,192390,148.32,156.2,30,156.75,30,331350
2026-04-13T09:24:06.659,NF,BANKNIFTY28APR2657500CE,156.2,168.3,168.3,110.85,358.3,192840,148.34,155.9,60,156.2,30,331350
2026-04-13T09:24:10.468,NF,BANKNIFTY28APR2657500CE,155.5,168.3,168.3,110.85,358.3,192900,148.34,155.2,90,155.85,30,331350
2026-04-13T09:24:12.866,NF,BANKNIFTY28APR2657500CE,155.85,168.3,168.3,110.85,358.3,192960,148.35,155.7,180,156.05,30,331350
2026-04-13T09:24:16.670,NF,BANKNIFTY28APR2657500CE,155.35,168.3,168.3,110.85,358.3,193140,148.35,155.45,30,156.3,30,331350
2026-04-13T09:24:17.876,NF,BANKNIFTY28APR2657500CE,155.45,168.3,168.3,110.85,358.3,193230,148.36,155.0,60,155.5,30,331350
2026-04-13T09:24:19.078,NF,BANKNIFTY28APR2657500CE,155.15,168.3,168.3,110.85,358.3,193320,148.36,155.05,90,155.7,30,331350
2026-04-13T09:24:22.881,NF,BANKNIFTY28APR2657500CE,154.6,168.3,168.3,110.85,358.3,193620,148.37,153.45,30,154.3,30,331350
2026-04-13T09:24:24.084,NF,BANKNIFTY28APR2657500CE,154.0,168.3,168.3,110.85,358.3,193710,148.37,153.65,90,154.2,90,331350
2026-04-13T09:24:25.294,NF,BANKNIFTY28APR2657500CE,154.35,168.3,168.3,110.85,358.3,193740,148.37,153.8,30,154.4,90,331350
2026-04-13T09:24:26.487,NF,BANKNIFTY28APR2657500CE,154.0,168.3,168.3,110.85,358.3,194340,148.39,154.35,30,155.05,90,331350
2026-04-13T09:24:29.090,NF,BANKNIFTY28APR2657500CE,155.2,168.3,168.3,110.85,358.3,194700,148.4,155.65,30,156.2,60,331350
2026-04-13T09:24:30.294,NF,BANKNIFTY28APR2657500CE,155.65,168.3,168.3,110.85,358.3,194850,148.41,155.55,30,156.35,30,331350
2026-04-13T09:24:32.903,NF,BANKNIFTY28APR2657500CE,154.7,168.3,168.3,110.85,358.3,194910,148.41,155.7,30,156.4,30,331350
2026-04-13T09:24:37.736,NF,BANKNIFTY28APR2657500CE,155.5,168.3,168.3,110.85,358.3,195120,148.42,155.25,30,155.95,30,331350
2026-04-13T09:24:38.915,NF,BANKNIFTY28APR2657500CE,155.1,168.3,168.3,110.85,358.3,196740,148.47,155.05,30,155.8,30,331350
2026-04-13T09:24:42.722,NF,BANKNIFTY28APR2657500CE,155.65,168.3,168.3,110.85,358.3,196770,148.47,154.9,30,155.7,90,331350
2026-04-13T09:24:46.326,NF,BANKNIFTY28APR2657500CE,154.85,168.3,168.3,110.85,358.3,197040,148.48,154.0,30,154.95,30,331350
2026-04-13T09:24:53.942,NF,BANKNIFTY28APR2657500CE,154.5,168.3,168.3,110.85,358.3,197400,148.49,154.25,420,154.8,30,331350
2026-04-13T09:24:55.129,NF,BANKNIFTY28APR2657500CE,154.85,168.3,168.3,110.85,358.3,197460,148.49,154.3,90,154.9,30,331350
2026-04-13T09:24:57.734,NF,BANKNIFTY28APR2657500CE,154.85,168.3,168.3,110.85,358.3,197490,148.49,154.7,30,155.4,30,331350
2026-04-13T09:24:58.944,NF,BANKNIFTY28APR2657500CE,154.45,168.3,168.3,110.85,358.3,197610,148.49,153.85,30,154.55,30,331350
2026-04-13T09:25:01.369,NF,BANKNIFTY28APR2657500CE,153.1,168.3,168.3,110.85,358.3,197760,148.5,153.1,30,153.65,30,331350
2026-04-13T09:25:02.745,NF,BANKNIFTY28APR2657500CE,154.15,168.3,168.3,110.85,358.3,197820,148.5,153.5,30,154.15,150,331350
2026-04-13T09:25:11.450,NF,BANKNIFTY28APR2657500CE,154.15,168.3,168.3,110.85,358.3,198060,148.51,153.9,30,154.6,90,331350
2026-04-13T09:25:12.760,NF,BANKNIFTY28APR2657500CE,154.15,168.3,168.3,110.85,358.3,198120,148.51,153.55,30,154.4,180,331350
2026-04-13T09:25:16.359,NF,BANKNIFTY28APR2657500CE,154.0,168.3,168.3,110.85,358.3,198390,148.51,154.55,30,155.0,30,333630
2026-04-13T09:25:17.778,NF,BANKNIFTY28APR2657500CE,156.0,168.3,168.3,110.85,358.3,198510,148.52,155.35,30,156.2,150,333630
2026-04-13T09:25:18.969,NF,BANKNIFTY28APR2657500CE,155.35,168.3,168.3,110.85,358.3,198540,148.52,156.35,30,156.95,30,333630
2026-04-13T09:25:20.162,NF,BANKNIFTY28APR2657500CE,156.55,168.3,168.3,110.85,358.3,198570,148.52,155.35,30,156.05,30,333630
2026-04-13T09:25:22.765,NF,BANKNIFTY28APR2657500CE,156.3,168.3,168.3,110.85,358.3,198630,148.52,155.3,30,156.15,90,333630
2026-04-13T09:25:23.979,NF,BANKNIFTY28APR2657500CE,155.9,168.3,168.3,110.85,358.3,198780,148.53,154.5,30,155.15,90,333630
2026-04-13T09:25:26.409,NF,BANKNIFTY28APR2657500CE,155.75,168.3,168.3,110.85,358.3,198870,148.53,155.9,30,156.7,30,333630
2026-04-13T09:25:30.207,NF,BANKNIFTY28APR2657500CE,155.85,168.3,168.3,110.85,358.3,198960,148.54,155.25,30,155.9,30,333630
2026-04-13T09:25:33.993,NF,BANKNIFTY28APR2657500CE,155.35,168.3,168.3,110.85,358.3,198990,148.54,155.6,30,155.9,30,333630
2026-04-13T09:25:35.205,NF,BANKNIFTY28APR2657500CE,156.4,168.3,168.3,110.85,358.3,199080,148.54,155.75,30,156.6,30,333630
2026-04-13T09:25:36.387,NF,BANKNIFTY28APR2657500CE,157.15,168.3,168.3,110.85,358.3,199110,148.54,156.9,30,157.75,30,333630
2026-04-13T09:25:37.590,NF,BANKNIFTY28APR2657500CE,157.0,168.3,168.3,110.85,358.3,199260,148.55,157.1,90,157.7,30,333630
2026-04-13T09:25:39.011,NF,BANKNIFTY28APR2657500CE,157.85,168.3,168.3,110.85,358.3,199320,148.55,157.1,120,157.75,30,333630
2026-04-13T09:25:41.594,NF,BANKNIFTY28APR2657500CE,158.2,168.3,168.3,110.85,358.3,200310,148.6,157.55,30,158.25,60,333630
2026-04-13T09:25:42.812,NF,BANKNIFTY28APR2657500CE,157.8,168.3,168.3,110.85,358.3,200940,148.63,157.65,30,158.45,60,333630
2026-04-13T09:25:44.003,NF,BANKNIFTY28APR2657500CE,157.65,168.3,168.3,110.85,358.3,200970,148.63,157.3,30,158.1,120,333630
2026-04-13T09:25:45.256,NF,BANKNIFTY28APR2657500CE,157.2,168.3,168.3,110.85,358.3,201090,148.63,157.75,30,158.3,30,333630
2026-04-13T09:25:46.609,NF,BANKNIFTY28APR2657500CE,158.05,168.3,168.3,110.85,358.3,201180,148.64,157.65,30,158.05,30,333630
2026-04-13T09:25:47.818,NF,BANKNIFTY28APR2657500CE,156.8,168.3,168.3,110.85,358.3,201780,148.66,157.3,90,158.05,60,333630
2026-04-13T09:25:49.010,NF,BANKNIFTY28APR2657500CE,158.25,168.3,168.3,110.85,358.3,202200,148.68,157.5,30,158.25,60,333630
2026-04-13T09:25:50.230,NF,BANKNIFTY28APR2657500CE,157.6,168.3,168.3,110.85,358.3,202230,148.68,156.85,30,157.6,90,333630
2026-04-13T09:25:54.028,NF,BANKNIFTY28APR2657500CE,158.05,168.3,168.3,110.85,358.3,202290,148.69,158.05,90,158.9,30,333630
2026-04-13T09:25:56.621,NF,BANKNIFTY28APR2657500CE,159.0,168.3,168.3,110.85,358.3,202320,148.69,158.75,30,159.55,30,333630
2026-04-13T09:25:57.822,NF,BANKNIFTY28APR2657500CE,159.55,168.3,168.3,110.85,358.3,202350,148.69,158.55,30,159.35,60,333630
2026-04-13T09:26:00.240,NF,BANKNIFTY28APR2657500CE,160.0,168.3,168.3,110.85,358.3,202950,148.72,158.85,30,159.55,30,333630
2026-04-13T09:26:02.834,NF,BANKNIFTY28APR2657500CE,159.95,168.3,168.3,110.85,358.3,203040,148.73,159.05,30,159.9,30,333630
2026-04-13T09:26:04.034,NF,BANKNIFTY28APR2657500CE,159.9,168.3,168.3,110.85,358.3,203130,148.73,159.25,90,159.9,90,333630
2026-04-13T09:26:05.238,NF,BANKNIFTY28APR2657500CE,160.0,168.3,168.3,110.85,358.3,203280,148.74,160.05,30,160.8,120,333630
2026-04-13T09:26:06.458,NF,BANKNIFTY28APR2657500CE,160.8,168.3,168.3,110.85,358.3,203310,148.74,160.25,90,160.8,60,333630
2026-04-13T09:26:07.863,NF,BANKNIFTY28APR2657500CE,160.3,168.3,168.3,110.85,358.3,203340,148.74,160.3,60,160.95,30,333630
2026-04-13T09:26:10.253,NF,BANKNIFTY28APR2657500CE,161.95,168.3,168.3,110.85,358.3,203850,148.78,160.7,30,161.6,180,333630
2026-04-13T09:26:11.478,NF,BANKNIFTY28APR2657500CE,160.8,168.3,168.3,110.85,358.3,204120,148.79,161.3,90,161.6,30,333630
2026-04-13T09:26:12.850,NF,BANKNIFTY28APR2657500CE,161.2,168.3,168.3,110.85,358.3,204180,148.8,161.1,120,161.6,60,333630
2026-04-13T09:26:14.050,NF,BANKNIFTY28APR2657500CE,161.1,168.3,168.3,110.85,358.3,204390,148.81,160.45,30,161.15,30,333630
2026-04-13T09:26:19.080,NF,BANKNIFTY28APR2657500CE,161.1,168.3,168.3,110.85,358.3,204420,148.81,161.05,120,161.55,30,333630
2026-04-13T09:26:20.266,NF,BANKNIFTY28APR2657500CE,161.55,168.3,168.3,110.85,358.3,204450,148.81,161.15,30,161.6,30,333630
2026-04-13T09:26:21.466,NF,BANKNIFTY28APR2657500CE,161.15,168.3,168.3,110.85,358.3,204480,148.82,161.05,180,161.6,30,333630
2026-04-13T09:26:22.867,NF,BANKNIFTY28APR2657500CE,162.25,168.3,168.3,110.85,358.3,204600,148.82,161.5,30,162.2,30,333630
2026-04-13T09:26:24.068,NF,BANKNIFTY28APR2657500CE,162.0,168.3,168.3,110.85,358.3,204630,148.82,162.8,30,163.45,60,333630
2026-04-13T09:26:25.269,NF,BANKNIFTY28APR2657500CE,163.05,168.3,168.3,110.85,358.3,204780,148.84,162.8,60,163.5,150,333630
2026-04-13T09:26:26.473,NF,BANKNIFTY28APR2657500CE,159.05,168.3,168.3,110.85,358.3,207780,149.01,158.3,30,159.35,30,333630
2026-04-13T09:26:27.871,NF,BANKNIFTY28APR2657500CE,159.35,168.3,168.3,110.85,358.3,207810,149.01,158.15,30,158.9,90,333630
2026-04-13T09:26:32.881,NF,BANKNIFTY28APR2657500CE,159.9,168.3,168.3,110.85,358.3,207840,149.02,159.05,90,159.85,30,333630
2026-04-13T09:26:34.084,NF,BANKNIFTY28APR2657500CE,159.25,168.3,168.3,110.85,358.3,208020,149.02,158.4,30,159.2,30,333630
2026-04-13T09:26:35.287,NF,BANKNIFTY28APR2657500CE,159.4,168.3,168.3,110.85,358.3,208110,149.03,158.25,90,159.1,30,333630
2026-04-13T09:26:39.090,NF,BANKNIFTY28APR2657500CE,158.15,168.3,168.3,110.85,358.3,208230,149.03,157.4,90,158.05,30,333630
2026-04-13T09:26:40.305,NF,BANKNIFTY28APR2657500CE,158.6,168.3,168.3,110.85,358.3,208410,149.04,157.8,180,158.5,90,333630
2026-04-13T09:26:42.707,NF,BANKNIFTY28APR2657500CE,157.8,168.3,168.3,110.85,358.3,208440,149.04,157.55,30,158.2,120,333630
2026-04-13T09:26:45.307,NF,BANKNIFTY28APR2657500CE,157.85,168.3,168.3,110.85,358.3,208470,149.04,156.9,60,157.55,90,333630
2026-04-13T09:26:48.912,NF,BANKNIFTY28APR2657500CE,156.75,168.3,168.3,110.85,358.3,208680,149.05,156.7,30,157.6,30,333630
2026-04-13T09:26:50.332,NF,BANKNIFTY28APR2657500CE,158.8,168.3,168.3,110.85,358.3,208800,149.06,159.0,60,159.7,30,333630
2026-04-13T09:26:51.510,NF,BANKNIFTY28APR2657500CE,159.0,168.3,168.3,110.85,358.3,208860,149.06,159.5,30,160.3,30,333630
2026-04-13T09:26:55.317,NF,BANKNIFTY28APR2657500CE,159.2,168.3,168.3,110.85,358.3,208890,149.06,158.7,30,159.6,90,333630
2026-04-13T09:26:56.530,NF,BANKNIFTY28APR2657500CE,159.0,168.3,168.3,110.85,358.3,208920,149.06,160.45,30,161.35,60,333630
2026-04-13T09:26:57.733,NF,BANKNIFTY28APR2657500CE,161.15,168.3,168.3,110.85,358.3,208980,149.07,159.75,30,160.6,30,333630
2026-04-13T09:27:00.323,NF,BANKNIFTY28APR2657500CE,160.15,168.3,168.3,110.85,358.3,209250,149.08,159.25,60,160.05,30,333630
2026-04-13T09:27:01.537,NF,BANKNIFTY28APR2657500CE,159.45,168.3,168.3,110.85,358.3,209340,149.08,158.75,30,159.55,60,333630
2026-04-13T09:27:02.727,NF,BANKNIFTY28APR2657500CE,158.85,168.3,168.3,110.85,358.3,209370,149.09,158.85,90,159.6,90,333630
2026-04-13T09:27:03.933,NF,BANKNIFTY28APR2657500CE,159.0,168.3,168.3,110.85,358.3,209400,149.09,158.4,90,159.2,30,333630
2026-04-13T09:27:05.135,NF,BANKNIFTY28APR2657500CE,159.0,168.3,168.3,110.85,358.3,209430,149.09,158.4,30,159.25,240,333630
2026-04-13T09:27:06.564,NF,BANKNIFTY28APR2657500CE,159.0,168.3,168.3,110.85,358.3,210360,149.13,159.05,30,160.0,30,333630
2026-04-13T09:27:08.950,NF,BANKNIFTY28APR2657500CE,160.25,168.3,168.3,110.85,358.3,210540,149.14,160.1,30,160.9,390,333630
2026-04-13T09:27:10.140,NF,BANKNIFTY28APR2657500CE,160.75,168.3,168.3,110.85,358.3,210570,149.15,160.1,30,160.75,90,333630
2026-04-13T09:27:15.156,NF,BANKNIFTY28APR2657500CE,161.65,168.3,168.3,110.85,358.3,210600,149.15,161.6,120,162.0,180,333630
2026-04-13T09:27:16.384,NF,BANKNIFTY28APR2657500CE,162.95,168.3,168.3,110.85,358.3,210780,149.16,162.75,120,163.0,270,333630
2026-04-13T09:27:17.552,NF,BANKNIFTY28APR2657500CE,163.0,168.3,168.3,110.85,358.3,211050,149.18,162.6,150,163.45,30,333630
2026-04-13T09:27:18.967,NF,BANKNIFTY28APR2657500CE,162.0,168.3,168.3,110.85,358.3,211290,149.19,162.05,90,162.5,150,333630
2026-04-13T09:27:20.152,NF,BANKNIFTY28APR2657500CE,161.95,168.3,168.3,110.85,358.3,211380,149.2,161.8,30,162.45,120,333630
2026-04-13T09:27:22.556,NF,BANKNIFTY28APR2657500CE,162.15,168.3,168.3,110.85,358.3,211410,149.2,161.5,30,162.1,210,333630
2026-04-13T09:27:23.766,NF,BANKNIFTY28APR2657500CE,162.0,168.3,168.3,110.85,358.3,211440,149.2,161.35,30,161.9,180,333630
2026-04-13T09:27:26.169,NF,BANKNIFTY28APR2657500CE,161.9,168.3,168.3,110.85,358.3,211470,149.2,161.15,30,161.9,60,333630
2026-04-13T09:27:27.365,NF,BANKNIFTY28APR2657500CE,162.25,168.3,168.3,110.85,358.3,211530,149.21,161.85,60,162.25,210,333630
2026-04-13T09:27:28.772,NF,BANKNIFTY28APR2657500CE,163.25,168.3,168.3,110.85,358.3,211980,149.23,162.85,30,163.5,30,333630
2026-04-13T09:27:31.171,NF,BANKNIFTY28APR2657500CE,163.45,168.3,168.3,110.85,358.3,212040,149.24,162.25,30,162.95,150,333630
2026-04-13T09:27:34.783,NF,BANKNIFTY28APR2657500CE,163.5,168.3,168.3,110.85,358.3,212160,149.25,162.5,30,163.2,180,333630
2026-04-13T09:27:35.978,NF,BANKNIFTY28APR2657500CE,162.6,168.3,168.3,110.85,358.3,212190,149.25,161.85,30,162.45,150,333630
2026-04-13T09:27:38.579,NF,BANKNIFTY28APR2657500CE,162.9,168.3,168.3,110.85,358.3,212550,149.27,162.15,30,162.8,90,333630
2026-04-13T09:27:40.984,NF,BANKNIFTY28APR2657500CE,162.2,168.3,168.3,110.85,358.3,212610,149.27,162.1,30,162.75,30,333630
2026-04-13T09:27:43.585,NF,BANKNIFTY28APR2657500CE,162.1,168.3,168.3,110.85,358.3,213060,149.3,162.0,30,162.1,1050,333630
2026-04-13T09:27:44.785,NF,BANKNIFTY28APR2657500CE,162.0,168.3,168.3,110.85,358.3,213450,149.33,161.25,150,161.9,30,333630
2026-04-13T09:27:45.989,NF,BANKNIFTY28APR2657500CE,162.1,168.3,168.3,110.85,358.3,213930,149.35,161.9,120,162.1,1710,333630
2026-04-13T09:27:47.192,NF,BANKNIFTY28APR2657500CE,162.1,168.3,168.3,110.85,358.3,214860,149.41,161.95,150,162.1,780,333630
2026-04-13T09:27:48.604,NF,BANKNIFTY28APR2657500CE,162.1,168.3,168.3,110.85,358.3,214920,149.41,162.05,180,162.1,750,333630
2026-04-13T09:27:49.798,NF,BANKNIFTY28APR2657500CE,162.1,168.3,168.3,110.85,358.3,215670,149.46,162.2,60,162.85,90,333630
2026-04-13T09:27:50.998,NF,BANKNIFTY28APR2657500CE,161.45,168.3,168.3,110.85,358.3,215700,149.46,161.75,30,162.3,90,333630
2026-04-13T09:27:52.205,NF,BANKNIFTY28APR2657500CE,162.35,168.3,168.3,110.85,358.3,215760,149.46,161.65,60,162.35,30,333630
2026-04-13T09:27:53.599,NF,BANKNIFTY28APR2657500CE,162.65,168.3,168.3,110.85,358.3,215790,149.46,161.65,30,162.6,120,333630
2026-04-13T09:27:54.802,NF,BANKNIFTY28APR2657500CE,162.5,168.3,168.3,110.85,358.3,215820,149.47,161.6,30,162.5,150,333630
2026-04-13T09:27:58.607,NF,BANKNIFTY28APR2657500CE,162.6,168.3,168.3,110.85,358.3,216150,149.49,161.5,60,162.45,30,333630
2026-04-13T09:28:02.223,NF,BANKNIFTY28APR2657500CE,162.35,168.3,168.3,110.85,358.3,216210,149.49,161.75,60,162.35,30,333630
2026-04-13T09:28:03.615,NF,BANKNIFTY28APR2657500CE,162.55,168.3,168.3,110.85,358.3,216300,149.49,161.7,30,162.4,90,333630
2026-04-13T09:28:06.033,NF,BANKNIFTY28APR2657500CE,160.9,168.3,168.3,110.85,358.3,216660,149.51,160.45,90,161.3,60,333630
2026-04-13T09:28:09.837,NF,BANKNIFTY28APR2657500CE,158.45,168.3,168.3,110.85,358.3,216840,149.52,157.9,30,158.5,30,333630
2026-04-13T09:28:12.247,NF,BANKNIFTY28APR2657500CE,159.35,168.3,168.3,110.85,358.3,216900,149.52,158.75,30,159.55,30,333630
2026-04-13T09:28:13.632,NF,BANKNIFTY28APR2657500CE,158.7,168.3,168.3,110.85,358.3,216930,149.52,158.5,90,159.05,30,333630
2026-04-13T09:28:14.837,NF,BANKNIFTY28APR2657500CE,160.05,168.3,168.3,110.85,358.3,217230,149.54,160.45,90,161.1,30,333630
2026-04-13T09:28:23.650,NF,BANKNIFTY28APR2657500CE,160.9,168.3,168.3,110.85,358.3,217260,149.54,160.45,60,161.2,30,336240
2026-04-13T09:28:34.882,NF,BANKNIFTY28APR2657500CE,160.05,168.3,168.3,110.85,358.3,217290,149.54,160.0,150,160.75,30,336240
2026-04-13T09:28:38.276,NF,BANKNIFTY28APR2657500CE,160.65,168.3,168.3,110.85,358.3,217320,149.54,160.1,30,160.7,120,336240
2026-04-13T09:28:41.893,NF,BANKNIFTY28APR2657500CE,160.05,168.3,168.3,110.85,358.3,217350,149.54,160.05,30,160.65,30,336240
2026-04-13T09:28:43.102,NF,BANKNIFTY28APR2657500CE,160.7,168.3,168.3,110.85,358.3,217410,149.55,160.1,30,160.7,60,336240
2026-04-13T09:28:44.492,NF,BANKNIFTY28APR2657500CE,160.0,168.3,168.3,110.85,358.3,217470,149.55,159.25,30,160.0,60,336240
2026-04-13T09:28:48.092,NF,BANKNIFTY28APR2657500CE,159.75,168.3,168.3,110.85,358.3,217530,149.55,159.05,30,159.85,30,336240
2026-04-13T09:28:50.699,NF,BANKNIFTY28APR2657500CE,160.45,168.3,168.3,110.85,358.3,217590,149.56,159.7,90,160.5,120,336240
2026-04-13T09:28:51.910,NF,BANKNIFTY28APR2657500CE,159.6,168.3,168.3,110.85,358.3,217680,149.56,159.35,30,160.2,60,336240
2026-04-13T09:28:58.108,NF,BANKNIFTY28APR2657500CE,159.9,168.3,168.3,110.85,358.3,217740,149.56,159.75,90,160.55,30,336240
2026-04-13T09:28:59.316,NF,BANKNIFTY28APR2657500CE,160.5,168.3,168.3,110.85,358.3,217770,149.56,160.05,30,160.9,30,336240
2026-04-13T09:29:00.520,NF,BANKNIFTY28APR2657500CE,161.0,168.3,168.3,110.85,358.3,217830,149.57,159.65,30,160.55,90,336240
2026-04-13T09:29:05.553,NF,BANKNIFTY28APR2657500CE,160.0,168.3,168.3,110.85,358.3,217860,149.57,159.5,30,160.0,570,336240
2026-04-13T09:29:06.722,NF,BANKNIFTY28APR2657500CE,159.7,168.3,168.3,110.85,358.3,217920,149.57,159.0,30,159.7,30,336240
2026-04-13T09:29:10.534,NF,BANKNIFTY28APR2657500CE,159.95,168.3,168.3,110.85,358.3,217950,149.57,159.8,30,160.0,690,336240
2026-04-13T09:29:11.728,NF,BANKNIFTY28APR2657500CE,161.15,168.3,168.3,110.85,358.3,218670,149.61,160.7,60,161.55,30,336240
2026-04-13T09:29:16.738,NF,BANKNIFTY28APR2657500CE,161.5,168.3,168.3,110.85,358.3,218700,149.61,160.85,30,161.6,90,336240
2026-04-13T09:29:17.940,NF,BANKNIFTY28APR2657500CE,161.3,168.3,168.3,110.85,358.3,218760,149.61,161.2,30,162.0,600,336240
2026-04-13T09:29:19.140,NF,BANKNIFTY28APR2657500CE,161.95,168.3,168.3,110.85,358.3,218790,149.61,161.1,30,162.0,660,336240
2026-04-13T09:29:20.342,NF,BANKNIFTY28APR2657500CE,162.0,168.3,168.3,110.85,358.3,218820,149.62,161.2,30,162.0,630,336240
2026-04-13T09:29:23.964,NF,BANKNIFTY28APR2657500CE,161.95,168.3,168.3,110.85,358.3,218850,149.62,161.6,30,162.0,540,336240
2026-04-13T09:29:26.392,NF,BANKNIFTY28APR2657500CE,162.0,168.3,168.3,110.85,358.3,218880,149.62,161.35,30,161.9,30,336240
2026-04-13T09:29:27.554,NF,BANKNIFTY28APR2657500CE,161.95,168.3,168.3,110.85,358.3,219030,149.63,161.2,30,161.95,60,336240
2026-04-13T09:29:28.764,NF,BANKNIFTY28APR2657500CE,162.0,168.3,168.3,110.85,358.3,219090,149.63,161.25,30,161.95,30,336240
2026-04-13T09:29:29.957,NF,BANKNIFTY28APR2657500CE,162.0,168.3,168.3,110.85,358.3,219120,149.63,161.25,30,161.95,30,336240
2026-04-13T09:29:32.570,NF,BANKNIFTY28APR2657500CE,162.0,168.3,168.3,110.85,358.3,219150,149.63,161.5,30,162.0,180,336240
2026-04-13T09:29:33.769,NF,BANKNIFTY28APR2657500CE,162.0,168.3,168.3,110.85,358.3,219330,149.64,162.15,30,162.6,30,336240
2026-04-13T09:29:34.968,NF,BANKNIFTY28APR2657500CE,162.15,168.3,168.3,110.85,358.3,219690,149.66,161.95,90,162.6,30,336240
2026-04-13T09:29:38.980,NF,BANKNIFTY28APR2657500CE,162.8,168.3,168.3,110.85,358.3,219720,149.67,161.9,30,162.6,30,336240
2026-04-13T09:29:40.182,NF,BANKNIFTY28APR2657500CE,162.6,168.3,168.3,110.85,358.3,219780,149.67,162.0,90,162.65,30,336240
2026-04-13T09:29:41.373,NF,BANKNIFTY28APR2657500CE,162.5,168.3,168.3,110.85,358.3,219870,149.68,162.15,30,162.9,180,336240
2026-04-13T09:29:42.584,NF,BANKNIFTY28APR2657500CE,162.7,168.3,168.3,110.85,358.3,219900,149.68,162.3,90,162.7,120,336240
2026-04-13T09:29:43.976,NF,BANKNIFTY28APR2657500CE,162.05,168.3,168.3,110.85,358.3,219960,149.68,162.1,60,162.6,150,336240
2026-04-13T09:29:45.198,NF,BANKNIFTY28APR2657500CE,162.0,168.3,168.3,110.85,358.3,220050,149.69,161.75,30,162.45,60,336240
2026-04-13T09:29:47.584,NF,BANKNIFTY28APR2657500CE,162.5,168.3,168.3,110.85,358.3,220110,149.69,161.95,30,162.6,150,336240
2026-04-13T09:29:48.984,NF,BANKNIFTY28APR2657500CE,162.6,168.3,168.3,110.85,358.3,220170,149.69,161.8,90,162.5,60,336240
2026-04-13T09:29:52.599,NF,BANKNIFTY28APR2657500CE,160.0,168.3,168.3,110.85,358.3,220230,149.7,159.45,30,160.3,30,336240
2026-04-13T09:29:55.194,NF,BANKNIFTY28APR2657500CE,160.95,168.3,168.3,110.85,358.3,220290,149.7,160.15,60,160.95,30,336240
2026-04-13T09:29:56.396,NF,BANKNIFTY28APR2657500CE,159.85,168.3,168.3,110.85,358.3,220380,149.7,159.25,30,159.85,120,336240
2026-04-13T09:29:57.598,NF,BANKNIFTY28APR2657500CE,159.6,168.3,168.3,110.85,358.3,220500,149.71,158.95,30,159.8,240,336240
2026-04-13T09:29:58.808,NF,BANKNIFTY28APR2657500CE,159.7,168.3,168.3,110.85,358.3,220530,149.71,158.75,30,159.5,30,336240
2026-04-13T09:30:00.207,NF,BANKNIFTY28APR2657500CE,158.3,168.3,168.3,110.85,358.3,220620,149.71,157.3,30,158.1,30,336240
2026-04-13T09:30:02.607,NF,BANKNIFTY28APR2657500CE,157.9,168.3,168.3,110.85,358.3,220770,149.72,157.05,30,157.9,30,336240
2026-04-13T09:30:05.208,NF,BANKNIFTY28APR2657500CE,158.1,168.3,168.3,110.85,358.3,220830,149.72,158.0,120,158.7,150,336240
2026-04-13T09:30:07.612,NF,BANKNIFTY28APR2657500CE,158.85,168.3,168.3,110.85,358.3,220920,149.72,158.55,30,159.1,150,336240
2026-04-13T09:30:08.814,NF,BANKNIFTY28APR2657500CE,158.15,168.3,168.3,110.85,358.3,220980,149.73,157.65,90,158.3,150,336240
2026-04-13T09:30:10.213,NF,BANKNIFTY28APR2657500CE,157.7,168.3,168.3,110.85,358.3,221070,149.73,157.2,30,157.8,150,336240
2026-04-13T09:30:11.424,NF,BANKNIFTY28APR2657500CE,156.85,168.3,168.3,110.85,358.3,221160,149.73,157.35,30,158.05,30,336240
2026-04-13T09:30:12.620,NF,BANKNIFTY28APR2657500CE,157.65,168.3,168.3,110.85,358.3,221970,149.76,157.1,30,157.95,90,336240
2026-04-13T09:30:16.429,NF,BANKNIFTY28APR2657500CE,156.55,168.3,168.3,110.85,358.3,222000,149.76,155.9,30,156.6,180,336240
2026-04-13T09:30:17.628,NF,BANKNIFTY28APR2657500CE,155.45,168.3,168.3,110.85,358.3,222060,149.76,155.1,30,155.75,30,336240
2026-04-13T09:30:18.836,NF,BANKNIFTY28APR2657500CE,155.8,168.3,168.3,110.85,358.3,222210,149.77,155.05,30,155.85,30,336240
2026-04-13T09:30:20.243,NF,BANKNIFTY28APR2657500CE,155.7,168.3,168.3,110.85,358.3,222240,149.77,155.0,60,155.35,30,336240
2026-04-13T09:30:21.431,NF,BANKNIFTY28APR2657500CE,152.6,168.3,168.3,110.85,358.3,223110,149.78,152.9,30,153.65,30,336240
2026-04-13T09:30:22.635,NF,BANKNIFTY28APR2657500CE,153.45,168.3,168.3,110.85,358.3,223290,149.78,152.65,30,153.2,30,336240
2026-04-13T09:30:23.851,NF,BANKNIFTY28APR2657500CE,153.3,168.3,168.3,110.85,358.3,223500,149.79,152.65,30,153.5,30,336240
2026-04-13T09:30:25.040,NF,BANKNIFTY28APR2657500CE,153.6,168.3,168.3,110.85,358.3,223590,149.79,152.9,30,153.65,30,336240
2026-04-13T09:30:26.442,NF,BANKNIFTY28APR2657500CE,154.65,168.3,168.3,110.85,358.3,223650,149.79,153.9,30,154.55,210,336240
2026-04-13T09:30:27.642,NF,BANKNIFTY28APR2657500CE,154.8,168.3,168.3,110.85,358.3,223950,149.8,154.7,90,155.05,150,336240
2026-04-13T09:30:28.846,NF,BANKNIFTY28APR2657500CE,155.15,168.3,168.3,110.85,358.3,223980,149.8,154.55,30,155.3,210,336240
2026-04-13T09:30:30.050,NF,BANKNIFTY28APR2657500CE,154.95,168.3,168.3,110.85,358.3,224100,149.8,155.15,90,155.75,30,336240
2026-04-13T09:30:31.449,NF,BANKNIFTY28APR2657500CE,155.3,168.3,168.3,110.85,358.3,224130,149.8,154.65,30,155.35,90,336240
2026-04-13T09:30:33.863,NF,BANKNIFTY28APR2657500CE,154.65,168.3,168.3,110.85,358.3,224280,149.8,154.7,30,155.3,90,336240
2026-04-13T09:30:35.061,NF,BANKNIFTY28APR2657500CE,154.6,168.3,168.3,110.85,358.3,224460,149.81,154.25,30,155.1,30,336240
2026-04-13T09:30:36.258,NF,BANKNIFTY28APR2657500CE,154.1,168.3,168.3,110.85,358.3,224850,149.82,153.15,180,154.05,30,336240
2026-04-13T09:30:38.665,NF,BANKNIFTY28APR2657500CE,154.0,168.3,168.3,110.85,358.3,224880,149.82,152.65,30,153.3,30,336240
2026-04-13T09:30:39.892,NF,BANKNIFTY28APR2657500CE,152.65,168.3,168.3,110.85,358.3,224910,149.82,152.8,30,153.55,30,336240
2026-04-13T09:30:41.078,NF,BANKNIFTY28APR2657500CE,152.6,168.3,168.3,110.85,358.3,225450,149.82,152.35,30,153.0,30,336240
2026-04-13T09:30:42.470,NF,BANKNIFTY28APR2657500CE,153.0,168.3,168.3,110.85,358.3,225480,149.82,152.35,60,153.15,30,336240
2026-04-13T09:30:49.691,NF,BANKNIFTY28APR2657500CE,152.8,168.3,168.3,110.85,358.3,225810,149.83,152.8,30,153.55,30,336240
2026-04-13T09:30:51.082,NF,BANKNIFTY28APR2657500CE,152.6,168.3,168.3,110.85,358.3,225870,149.83,152.8,90,153.5,30,336240
2026-04-13T09:30:57.294,NF,BANKNIFTY28APR2657500CE,153.35,168.3,168.3,110.85,358.3,226020,149.83,152.7,30,153.35,150,336240
2026-04-13T09:30:58.497,NF,BANKNIFTY28APR2657500CE,152.3,168.3,168.3,110.85,358.3,226050,149.83,152.25,90,152.95,30,336240
2026-04-13T09:31:00.913,NF,BANKNIFTY28APR2657500CE,152.25,168.3,168.3,110.85,358.3,226200,149.83,151.85,30,152.85,60,336240
2026-04-13T09:31:02.334,NF,BANKNIFTY28APR2657500CE,151.95,168.3,168.3,110.85,358.3,226230,149.83,151.8,30,152.6,120,336240
2026-04-13T09:31:04.707,NF,BANKNIFTY28APR2657500CE,152.05,168.3,168.3,110.85,358.3,226260,149.83,151.25,90,152.0,30,336240
2026-04-13T09:31:07.309,NF,BANKNIFTY28APR2657500CE,151.3,168.3,168.3,110.85,358.3,226380,149.83,151.25,240,152.1,30,336240
2026-04-13T09:31:09.716,NF,BANKNIFTY28APR2657500CE,152.35,168.3,168.3,110.85,358.3,226410,149.83,151.55,90,152.35,60,336240
2026-04-13T09:31:15.927,NF,BANKNIFTY28APR2657500CE,152.3,168.3,168.3,110.85,358.3,226500,149.84,152.25,30,153.0,120,335220
2026-04-13T09:31:17.185,NF,BANKNIFTY28APR2657500CE,152.95,168.3,168.3,110.85,358.3,226590,149.84,152.95,30,153.0,30,335220
2026-04-13T09:31:18.596,NF,BANKNIFTY28APR2657500CE,152.95,168.3,168.3,110.85,358.3,226620,149.84,152.05,30,152.85,30,335220
2026-04-13T09:31:19.738,NF,BANKNIFTY28APR2657500CE,152.2,168.3,168.3,110.85,358.3,226650,149.84,152.2,60,152.8,30,335220
2026-04-13T09:31:20.952,NF,BANKNIFTY28APR2657500CE,152.2,168.3,168.3,110.85,358.3,226680,149.84,152.2,30,152.75,30,335220
2026-04-13T09:31:22.157,NF,BANKNIFTY28APR2657500CE,152.7,168.3,168.3,110.85,358.3,227340,149.84,151.9,120,152.5,60,335220
2026-04-13T09:31:24.750,NF,BANKNIFTY28APR2657500CE,151.5,168.3,168.3,110.85,358.3,227460,149.84,151.5,150,152.2,30,335220
2026-04-13T09:31:27.146,NF,BANKNIFTY28APR2657500CE,152.45,168.3,168.3,110.85,358.3,227580,149.85,152.05,30,152.9,60,335220
2026-04-13T09:31:29.750,NF,BANKNIFTY28APR2657500CE,152.7,168.3,168.3,110.85,358.3,227610,149.85,152.0,30,152.75,30,335220
2026-04-13T09:31:37.170,NF,BANKNIFTY28APR2657500CE,153.0,168.3,168.3,110.85,358.3,227700,149.85,152.2,30,152.95,90,335220
2026-04-13T09:31:38.965,NF,BANKNIFTY28APR2657500CE,152.1,168.3,168.3,110.85,358.3,227850,149.85,152.5,30,153.55,30,335220
2026-04-13T09:31:41.370,NF,BANKNIFTY28APR2657500CE,154.2,168.3,168.3,110.85,358.3,227970,149.85,153.65,30,154.45,150,335220
2026-04-13T09:31:42.567,NF,BANKNIFTY28APR2657500CE,154.6,168.3,168.3,110.85,358.3,228000,149.85,153.95,30,154.7,120,335220
2026-04-13T09:31:43.778,NF,BANKNIFTY28APR2657500CE,154.9,168.3,168.3,110.85,358.3,228240,149.86,154.35,30,155.0,60,335220
2026-04-13T09:31:46.183,NF,BANKNIFTY28APR2657500CE,155.0,168.3,168.3,110.85,358.3,228300,149.86,154.4,30,155.0,30,335220
2026-04-13T09:31:47.574,NF,BANKNIFTY28APR2657500CE,155.8,168.3,168.3,110.85,358.3,228480,149.86,155.05,30,155.7,150,335220
2026-04-13T09:31:49.978,NF,BANKNIFTY28APR2657500CE,153.75,168.3,168.3,110.85,358.3,228630,149.87,153.05,30,154.2,30,335220
2026-04-13T09:31:51.181,NF,BANKNIFTY28APR2657500CE,154.15,168.3,168.3,110.85,358.3,228660,149.87,153.6,30,154.55,180,335220
2026-04-13T09:31:55.793,NF,BANKNIFTY28APR2657500CE,154.15,168.3,168.3,110.85,358.3,228690,149.87,153.55,30,154.35,150,335220
2026-04-13T09:31:59.100,NF,BANKNIFTY28APR2657500CE,153.0,168.3,168.3,110.85,358.3,228780,149.87,153.2,120,153.9,30,335220
2026-04-13T09:32:10.421,NF,BANKNIFTY28APR2657500CE,153.9,168.3,168.3,110.85,358.3,228870,149.87,153.25,30,154.0,180,335220
2026-04-13T09:32:11.618,NF,BANKNIFTY28APR2657500CE,154.8,168.3,168.3,110.85,358.3,229080,149.87,154.6,30,155.5,120,335220
2026-04-13T09:32:13.019,NF,BANKNIFTY28APR2657500CE,155.85,168.3,168.3,110.85,358.3,229140,149.88,155.3,30,155.95,60,335220
2026-04-13T09:32:14.218,NF,BANKNIFTY28APR2657500CE,155.25,168.3,168.3,110.85,358.3,229200,149.88,155.4,90,156.05,30,335220
2026-04-13T09:32:20.029,NF,BANKNIFTY28APR2657500CE,155.65,168.3,168.3,110.85,358.3,230280,149.9,155.85,60,156.25,30,335220
2026-04-13T09:32:21.235,NF,BANKNIFTY28APR2657500CE,157.05,168.3,168.3,110.85,358.3,230460,149.91,156.6,30,157.05,60,335220
2026-04-13T09:32:22.633,NF,BANKNIFTY28APR2657500CE,157.15,168.3,168.3,110.85,358.3,231540,149.94,157.35,30,157.95,90,335220
2026-04-13T09:32:23.835,NF,BANKNIFTY28APR2657500CE,158.1,168.3,168.3,110.85,358.3,231960,149.95,157.5,120,158.3,30,335220
2026-04-13T09:32:25.038,NF,BANKNIFTY28APR2657500CE,157.7,168.3,168.3,110.85,358.3,232020,149.96,157.1,60,157.7,60,335220
2026-04-13T09:32:26.243,NF,BANKNIFTY28APR2657500CE,157.1,168.3,168.3,110.85,358.3,232050,149.96,156.9,30,157.6,150,335220
2026-04-13T09:32:27.461,NF,BANKNIFTY28APR2657500CE,157.7,168.3,168.3,110.85,358.3,232110,149.96,157.45,30,158.05,150,335220
2026-04-13T09:32:28.850,NF,BANKNIFTY28APR2657500CE,158.95,168.3,168.3,110.85,358.3,232230,149.96,158.15,30,158.9,300,335220
2026-04-13T09:32:30.046,NF,BANKNIFTY28APR2657500CE,157.4,168.3,168.3,110.85,358.3,232320,149.97,157.4,90,158.1,30,335220
2026-04-13T09:32:31.260,NF,BANKNIFTY28APR2657500CE,158.0,168.3,168.3,110.85,358.3,232470,149.97,157.7,30,158.25,150,335220
2026-04-13T09:32:32.460,NF,BANKNIFTY28APR2657500CE,157.85,168.3,168.3,110.85,358.3,232560,149.97,157.1,120,157.8,30,335220
2026-04-13T09:32:33.656,NF,BANKNIFTY28APR2657500CE,157.65,168.3,168.3,110.85,358.3,232650,149.98,156.95,30,157.65,180,335220
2026-04-13T09:32:38.668,NF,BANKNIFTY28APR2657500CE,157.15,168.3,168.3,110.85,358.3,232710,149.98,156.7,30,157.3,270,335220
2026-04-13T09:32:40.078,NF,BANKNIFTY28APR2657500CE,157.3,168.3,168.3,110.85,358.3,232740,149.98,156.85,30,157.3,30,335220
2026-04-13T09:32:41.288,NF,BANKNIFTY28APR2657500CE,157.6,168.3,168.3,110.85,358.3,232830,149.98,157.3,30,157.9,150,335220
2026-04-13T09:32:46.277,NF,BANKNIFTY28APR2657500CE,159.6,168.3,168.3,110.85,358.3,233370,150.0,159.3,30,159.9,90,335220
2026-04-13T09:32:47.486,NF,BANKNIFTY28APR2657500CE,159.45,168.3,168.3,110.85,358.3,233430,150.01,158.1,30,158.8,90,335220
2026-04-13T09:32:49.887,NF,BANKNIFTY28APR2657500CE,159.2,168.3,168.3,110.85,358.3,233610,150.01,159.3,60,159.9,90,335220
2026-04-13T09:32:51.285,NF,BANKNIFTY28APR2657500CE,159.15,168.3,168.3,110.85,358.3,233760,150.02,157.7,30,158.4,60,335220
2026-04-13T09:32:52.492,NF,BANKNIFTY28APR2657500CE,158.15,168.3,168.3,110.85,358.3,233820,150.02,157.85,240,158.75,30,335220
2026-04-13T09:32:53.694,NF,BANKNIFTY28APR2657500CE,158.9,168.3,168.3,110.85,358.3,233880,150.02,158.2,120,158.9,150,335220
2026-04-13T09:32:54.898,NF,BANKNIFTY28APR2657500CE,158.9,168.3,168.3,110.85,358.3,233970,150.03,158.5,30,158.9,60,335220
2026-04-13T09:32:56.294,NF,BANKNIFTY28APR2657500CE,159.4,168.3,168.3,110.85,358.3,234060,150.03,158.6,30,159.4,120,335220
2026-04-13T09:32:57.508,NF,BANKNIFTY28APR2657500CE,159.25,168.3,168.3,110.85,358.3,234090,150.03,158.55,90,159.2,150,335220
2026-04-13T09:32:59.903,NF,BANKNIFTY28APR2657500CE,158.95,168.3,168.3,110.85,358.3,234120,150.03,158.35,30,159.05,180,335220
2026-04-13T09:33:01.321,NF,BANKNIFTY28APR2657500CE,159.15,168.3,168.3,110.85,358.3,234180,150.03,158.7,30,159.15,120,335220
2026-04-13T09:33:03.716,NF,BANKNIFTY28APR2657500CE,159.15,168.3,168.3,110.85,358.3,234210,150.04,158.55,30,159.15,90,335220
2026-04-13T09:33:04.921,NF,BANKNIFTY28APR2657500CE,159.15,168.3,168.3,110.85,358.3,234240,150.04,158.75,30,159.3,150,335220
2026-04-13T09:33:06.115,NF,BANKNIFTY28APR2657500CE,159.25,168.3,168.3,110.85,358.3,234420,150.04,159.0,60,159.25,120,335220
2026-04-13T09:33:07.315,NF,BANKNIFTY28APR2657500CE,158.6,168.3,168.3,110.85,358.3,234630,150.05,158.6,30,159.25,150,335220
2026-04-13T09:33:12.338,NF,BANKNIFTY28APR2657500CE,159.55,168.3,168.3,110.85,358.3,234660,150.05,159.05,30,159.55,30,335220
2026-04-13T09:33:13.527,NF,BANKNIFTY28APR2657500CE,159.65,168.3,168.3,110.85,358.3,234750,150.06,158.85,30,159.45,150,335220
2026-04-13T09:33:14.927,NF,BANKNIFTY28APR2657500CE,159.35,168.3,168.3,110.85,358.3,234840,150.06,158.8,30,159.4,150,335220
2026-04-13T09:33:16.129,NF,BANKNIFTY28APR2657500CE,159.9,168.3,168.3,110.85,358.3,234870,150.06,159.55,30,160.0,180,335220
2026-04-13T09:33:17.331,NF,BANKNIFTY28APR2657500CE,160.35,168.3,168.3,110.85,358.3,235290,150.08,159.95,180,160.5,180,335220
2026-04-13T09:33:18.535,NF,BANKNIFTY28APR2657500CE,160.1,168.3,168.3,110.85,358.3,235320,150.08,159.65,120,160.1,210,335220
2026-04-13T09:33:21.135,NF,BANKNIFTY28APR2657500CE,159.95,168.3,168.3,110.85,358.3,235470,150.09,159.3,30,159.95,150,335220
2026-04-13T09:33:22.339,NF,BANKNIFTY28APR2657500CE,159.95,168.3,168.3,110.85,358.3,235530,150.09,159.35,60,159.95,120,335220
2026-04-13T09:33:23.542,NF,BANKNIFTY28APR2657500CE,160.0,168.3,168.3,110.85,358.3,235560,150.09,159.3,30,160.0,150,335220
2026-04-13T09:33:24.744,NF,BANKNIFTY28APR2657500CE,160.2,168.3,168.3,110.85,358.3,235620,150.09,159.5,30,160.2,210,335220
2026-04-13T09:33:27.352,NF,BANKNIFTY28APR2657500CE,160.3,168.3,168.3,110.85,358.3,235920,150.11,159.7,30,160.4,60,335220
2026-04-13T09:33:29.757,NF,BANKNIFTY28APR2657500CE,160.25,168.3,168.3,110.85,358.3,235950,150.11,159.6,60,160.2,150,335220
2026-04-13T09:33:30.967,NF,BANKNIFTY28APR2657500CE,159.85,168.3,168.3,110.85,358.3,236070,150.11,159.6,150,160.1,180,335220
2026-04-13T09:33:32.363,NF,BANKNIFTY28APR2657500CE,160.05,168.3,168.3,110.85,358.3,236100,150.11,159.6,120,160.05,150,335220
2026-04-13T09:33:33.557,NF,BANKNIFTY28APR2657500CE,159.6,168.3,168.3,110.85,358.3,236190,150.12,159.45,30,160.05,60,335220
2026-04-13T09:33:34.766,NF,BANKNIFTY28APR2657500CE,160.05,168.3,168.3,110.85,358.3,236370,150.13,159.15,30,159.95,150,335220
2026-04-13T09:33:35.965,NF,BANKNIFTY28APR2657500CE,159.8,168.3,168.3,110.85,358.3,236430,150.13,159.75,60,160.4,150,335220
2026-04-13T09:33:37.169,NF,BANKNIFTY28APR2657500CE,159.25,168.3,168.3,110.85,358.3,236580,150.13,159.5,30,160.2,30,335220
2026-04-13T09:33:38.167,NF,BANKNIFTY28APR2657500CE,160.3,168.3,168.3,110.85,358.3,236640,150.14,159.55,120,160.1,150,335220
2026-04-13T09:33:39.567,NF,BANKNIFTY28APR2657500CE,160.0,168.3,168.3,110.85,358.3,236670,150.14,159.8,30,160.3,150,335220
2026-04-13T09:33:43.189,NF,BANKNIFTY28APR2657500CE,160.05,168.3,168.3,110.85,358.3,236700,150.14,160.0,60,160.75,90,335220
2026-04-13T09:33:45.778,NF,BANKNIFTY28APR2657500CE,162.0,168.3,168.3,110.85,358.3,236850,150.15,161.65,30,162.4,30,335220
2026-04-13T09:33:48.201,NF,BANKNIFTY28APR2657500CE,162.4,168.3,168.3,110.85,358.3,236880,150.15,161.25,30,162.0,90,335220
2026-04-13T09:33:50.786,NF,BANKNIFTY28APR2657500CE,161.05,168.3,168.3,110.85,358.3,237360,150.17,161.2,60,162.0,30,335220
2026-04-13T09:33:51.990,NF,BANKNIFTY28APR2657500CE,161.75,168.3,168.3,110.85,358.3,237900,150.2,161.7,30,162.45,30,335220
2026-04-13T09:33:53.192,NF,BANKNIFTY28APR2657500CE,161.1,168.3,168.3,110.85,358.3,238680,150.23,161.1,60,161.65,30,335220
2026-04-13T09:33:54.590,NF,BANKNIFTY28APR2657500CE,160.9,168.3,168.3,110.85,358.3,238740,150.23,160.55,30,161.3,30,335220
2026-04-13T09:33:55.794,NF,BANKNIFTY28APR2657500CE,161.35,168.3,168.3,110.85,358.3,238800,150.24,160.55,30,161.35,30,335220
2026-04-13T09:33:56.998,NF,BANKNIFTY28APR2657500CE,161.65,168.3,168.3,110.85,358.3,238920,150.24,161.15,30,161.8,30,335220
2026-04-13T09:33:58.203,NF,BANKNIFTY28APR2657500CE,161.8,168.3,168.3,110.85,358.3,238980,150.25,161.1,30,161.85,30,335220
2026-04-13T09:34:00.808,NF,BANKNIFTY28APR2657500CE,161.95,168.3,168.3,110.85,358.3,239010,150.25,160.6,30,161.3,90,335220
2026-04-13T09:34:02.051,NF,BANKNIFTY28APR2657500CE,161.3,168.3,168.3,110.85,358.3,239040,150.25,160.65,30,161.3,120,335220
2026-04-13T09:34:03.208,NF,BANKNIFTY28APR2657500CE,161.3,168.3,168.3,110.85,358.3,239070,150.25,160.85,30,161.3,90,335220
2026-04-13T09:34:04.607,NF,BANKNIFTY28APR2657500CE,161.3,168.3,168.3,110.85,358.3,239160,150.25,161.25,30,162.0,30,335220
2026-04-13T09:34:05.810,NF,BANKNIFTY28APR2657500CE,161.9,168.3,168.3,110.85,358.3,239190,150.26,161.45,30,162.2,30,335220
2026-04-13T09:34:07.014,NF,BANKNIFTY28APR2657500CE,162.0,168.3,168.3,110.85,358.3,239220,150.26,161.55,30,162.3,30,335220
2026-04-13T09:34:08.221,NF,BANKNIFTY28APR2657500CE,161.2,168.3,168.3,110.85,358.3,239250,150.26,161.15,30,161.85,90,335220
2026-04-13T09:34:09.616,NF,BANKNIFTY28APR2657500CE,161.6,168.3,168.3,110.85,358.3,239280,150.26,160.85,30,161.6,90,335220
2026-04-13T09:34:10.819,NF,BANKNIFTY28APR2657500CE,161.45,168.3,168.3,110.85,358.3,239370,150.26,160.95,60,161.65,90,335220
2026-04-13T09:34:12.022,NF,BANKNIFTY28APR2657500CE,161.7,168.3,168.3,110.85,358.3,239400,150.26,160.95,30,161.7,90,335220
2026-04-13T09:34:14.624,NF,BANKNIFTY28APR2657500CE,161.95,168.3,168.3,110.85,358.3,239430,150.27,161.2,30,162.0,120,335220
2026-04-13T09:34:18.235,NF,BANKNIFTY28APR2657500CE,161.45,168.3,168.3,110.85,358.3,239550,150.27,160.8,60,161.55,30,332760
2026-04-13T09:34:20.895,NF,BANKNIFTY28APR2657500CE,161.15,168.3,168.3,110.85,358.3,239610,150.27,161.1,30,161.9,120,332760
2026-04-13T09:34:23.243,NF,BANKNIFTY28APR2657500CE,161.75,168.3,168.3,110.85,358.3,239640,150.28,160.9,30,161.65,90,332760
2026-04-13T09:34:24.656,NF,BANKNIFTY28APR2657500CE,160.05,168.3,168.3,110.85,358.3,239700,150.28,160.0,30,160.8,30,332760
2026-04-13T09:34:28.254,NF,BANKNIFTY28APR2657500CE,160.65,168.3,168.3,110.85,358.3,239730,150.28,160.05,30,160.75,60,332760
2026-04-13T09:34:29.458,NF,BANKNIFTY28APR2657500CE,161.95,168.3,168.3,110.85,358.3,239760,150.28,160.95,30,161.7,30,332760
2026-04-13T09:34:30.856,NF,BANKNIFTY28APR2657500CE,162.35,168.3,168.3,110.85,358.3,239790,150.28,161.55,30,162.3,90,332760
2026-04-13T09:34:32.055,NF,BANKNIFTY28APR2657500CE,161.75,168.3,168.3,110.85,358.3,240300,150.31,160.9,30,161.7,120,332760
2026-04-13T09:34:33.257,NF,BANKNIFTY28APR2657500CE,161.15,168.3,168.3,110.85,358.3,240360,150.31,160.3,30,160.9,60,332760
2026-04-13T09:34:35.862,NF,BANKNIFTY28APR2657500CE,160.9,168.3,168.3,110.85,358.3,240450,150.31,160.5,60,161.25,30,332760
2026-04-13T09:34:37.062,NF,BANKNIFTY28APR2657500CE,161.15,168.3,168.3,110.85,358.3,240480,150.32,160.5,30,161.25,180,332760
2026-04-13T09:34:38.064,NF,BANKNIFTY28APR2657500CE,161.2,168.3,168.3,110.85,358.3,240570,150.32,160.5,30,161.2,120,332760
2026-04-13T09:34:39.273,NF,BANKNIFTY28APR2657500CE,161.2,168.3,168.3,110.85,358.3,240600,150.32,161.25,30,162.15,150,332760
2026-04-13T09:34:44.277,NF,BANKNIFTY28APR2657500CE,160.45,168.3,168.3,110.85,358.3,240690,150.33,160.05,150,161.0,120,332760
2026-04-13T09:34:50.283,NF,BANKNIFTY28APR2657500CE,160.0,168.3,168.3,110.85,358.3,240900,150.33,159.6,30,160.65,120,332760
2026-04-13T09:34:51.686,NF,BANKNIFTY28APR2657500CE,159.0,168.3,168.3,110.85,358.3,241710,150.36,159.7,30,160.55,30,332760
2026-04-13T09:34:52.886,NF,BANKNIFTY28APR2657500CE,160.2,168.3,168.3,110.85,358.3,241800,150.37,159.6,90,160.45,30,332760
2026-04-13T09:34:54.093,NF,BANKNIFTY28APR2657500CE,160.25,168.3,168.3,110.85,358.3,241860,150.37,159.3,30,160.15,90,332760
2026-04-13T09:34:56.704,NF,BANKNIFTY28APR2657500CE,161.35,168.3,168.3,110.85,358.3,242040,150.38,160.9,30,161.65,30,332760
2026-04-13T09:34:57.904,NF,BANKNIFTY28APR2657500CE,161.65,168.3,168.3,110.85,358.3,242070,150.38,160.7,90,161.55,30,332760
2026-04-13T09:35:00.301,NF,BANKNIFTY28APR2657500CE,161.6,168.3,168.3,110.85,358.3,242100,150.38,160.65,30,161.55,30,332760
2026-04-13T09:35:01.712,NF,BANKNIFTY28APR2657500CE,161.65,168.3,168.3,110.85,358.3,242220,150.39,159.5,30,160.35,120,332760
2026-04-13T09:35:06.516,NF,BANKNIFTY28APR2657500CE,159.8,168.3,168.3,110.85,358.3,242250,150.39,159.3,120,160.0,150,332760
2026-04-13T09:35:11.518,NF,BANKNIFTY28APR2657500CE,159.4,168.3,168.3,110.85,358.3,242580,150.4,159.55,90,160.0,60,332760
2026-04-13T09:35:12.716,NF,BANKNIFTY28APR2657500CE,160.0,168.3,168.3,110.85,358.3,242610,150.4,158.9,90,159.65,30,332760
2026-04-13T09:35:15.119,NF,BANKNIFTY28APR2657500CE,159.0,168.3,168.3,110.85,358.3,242910,150.41,159.15,30,159.65,180,332760
2026-04-13T09:35:17.523,NF,BANKNIFTY28APR2657500CE,159.6,168.3,168.3,110.85,358.3,242970,150.41,159.05,30,159.6,270,332760
2026-04-13T09:35:18.924,NF,BANKNIFTY28APR2657500CE,159.4,168.3,168.3,110.85,358.3,243030,150.42,159.15,180,159.55,180,332760
2026-04-13T09:35:20.138,NF,BANKNIFTY28APR2657500CE,159.25,168.3,168.3,110.85,358.3,243060,150.42,158.6,30,159.25,240,332760
2026-04-13T09:35:22.555,NF,BANKNIFTY28APR2657500CE,159.15,168.3,168.3,110.85,358.3,243090,150.42,158.1,120,158.65,30,332760
2026-04-13T09:35:23.744,NF,BANKNIFTY28APR2657500CE,157.85,168.3,168.3,110.85,358.3,243480,150.43,157.75,30,158.5,60,332760
2026-04-13T09:35:25.131,NF,BANKNIFTY28APR2657500CE,158.3,168.3,168.3,110.85,358.3,243510,150.43,158.05,180,158.65,30,332760
2026-04-13T09:35:26.334,NF,BANKNIFTY28APR2657500CE,154.6,168.3,168.3,110.85,358.3,245160,150.47,154.0,120,154.6,90,332760
2026-04-13T09:35:27.537,NF,BANKNIFTY28APR2657500CE,154.25,168.3,168.3,110.85,358.3,245400,150.48,154.55,30,155.45,90,332760
2026-04-13T09:35:28.742,NF,BANKNIFTY28APR2657500CE,155.1,168.3,168.3,110.85,358.3,245430,150.48,154.5,30,155.4,240,332760
2026-04-13T09:35:29.941,NF,BANKNIFTY28APR2657500CE,155.35,168.3,168.3,110.85,358.3,245730,150.48,155.35,60,156.25,60,332760
2026-04-13T09:35:34.959,NF,BANKNIFTY28APR2657500CE,155.85,168.3,168.3,110.85,358.3,245760,150.49,155.15,30,155.95,90,332760
2026-04-13T09:35:39.953,NF,BANKNIFTY28APR2657500CE,154.9,168.3,168.3,110.85,358.3,245790,150.49,154.35,120,155.25,30,332760
2026-04-13T09:35:42.362,NF,BANKNIFTY28APR2657500CE,154.35,168.3,168.3,110.85,358.3,245820,150.49,154.35,60,155.25,60,332760
2026-04-13T09:35:44.962,NF,BANKNIFTY28APR2657500CE,155.15,168.3,168.3,110.85,358.3,245910,150.49,154.4,30,155.25,90,332760
2026-04-13T09:35:53.586,NF,BANKNIFTY28APR2657500CE,156.0,168.3,168.3,110.85,358.3,246240,150.49,155.15,30,156.1,60,332760
2026-04-13T09:35:56.193,NF,BANKNIFTY28APR2657500CE,155.9,168.3,168.3,110.85,358.3,247320,150.52,155.05,30,155.85,240,332760
2026-04-13T09:35:59.987,NF,BANKNIFTY28APR2657500CE,153.7,168.3,168.3,110.85,358.3,247350,150.52,153.2,90,154.05,90,332760
2026-04-13T09:36:01.199,NF,BANKNIFTY28APR2657500CE,152.0,168.3,168.3,110.85,358.3,247380,150.52,151.6,30,152.6,240,332760
2026-04-13T09:36:03.622,NF,BANKNIFTY28APR2657500CE,151.9,168.3,168.3,110.85,358.3,247500,150.52,151.9,30,152.4,30,332760
2026-04-13T09:36:04.996,NF,BANKNIFTY28APR2657500CE,152.0,168.3,168.3,110.85,358.3,247740,150.52,151.9,120,152.75,30,332760
2026-04-13T09:36:06.209,NF,BANKNIFTY28APR2657500CE,152.75,168.3,168.3,110.85,358.3,247770,150.52,152.0,120,152.85,30,332760
2026-04-13T09:36:07.405,NF,BANKNIFTY28APR2657500CE,152.1,168.3,168.3,110.85,358.3,247800,150.52,152.05,120,152.9,30,332760
2026-04-13T09:36:10.008,NF,BANKNIFTY28APR2657500CE,151.35,168.3,168.3,110.85,358.3,247980,150.52,151.35,210,152.3,30,332760
2026-04-13T09:36:12.409,NF,BANKNIFTY28APR2657500CE,151.9,168.3,168.3,110.85,358.3,248010,150.52,151.7,150,152.0,30,332760
2026-04-13T09:36:13.616,NF,BANKNIFTY28APR2657500CE,152.55,168.3,168.3,110.85,358.3,248130,150.52,152.65,30,153.45,30,332760
2026-04-13T09:36:16.230,NF,BANKNIFTY28APR2657500CE,155.25,168.3,168.3,110.85,358.3,248190,150.52,155.55,30,156.55,30,332760
2026-04-13T09:36:17.418,NF,BANKNIFTY28APR2657500CE,157.0,168.3,168.3,110.85,358.3,248220,150.53,155.75,90,156.55,120,332760
2026-04-13T09:36:21.250,NF,BANKNIFTY28APR2657500CE,157.35,168.3,168.3,110.85,358.3,248400,150.53,156.45,30,157.15,30,332760
2026-04-13T09:36:22.427,NF,BANKNIFTY28APR2657500CE,157.0,168.3,168.3,110.85,358.3,248430,150.53,156.9,30,157.75,30,332760
2026-04-13T09:36:23.628,NF,BANKNIFTY28APR2657500CE,158.1,168.3,168.3,110.85,358.3,248550,150.53,158.05,120,158.95,30,332760
2026-04-13T09:36:24.858,NF,BANKNIFTY28APR2657500CE,158.0,168.3,168.3,110.85,358.3,248850,150.54,157.7,30,158.6,30,332760
2026-04-13T09:36:26.233,NF,BANKNIFTY28APR2657500CE,157.95,168.3,168.3,110.85,358.3,248880,150.54,157.05,120,157.75,30,332760
2026-04-13T09:36:31.244,NF,BANKNIFTY28APR2657500CE,156.75,168.3,168.3,110.85,358.3,248970,150.55,156.8,30,157.7,30,332760
2026-04-13T09:36:34.847,NF,BANKNIFTY28APR2657500CE,157.2,168.3,168.3,110.85,358.3,249000,150.55,156.8,30,157.65,30,332760
2026-04-13T09:36:36.257,NF,BANKNIFTY28APR2657500CE,156.75,168.3,168.3,110.85,358.3,249210,150.55,156.25,30,157.2,300,332760
2026-04-13T09:36:41.258,NF,BANKNIFTY28APR2657500CE,156.45,168.3,168.3,110.85,358.3,249270,150.55,155.45,30,156.25,90,332760
2026-04-13T09:36:50.073,NF,BANKNIFTY28APR2657500CE,156.35,168.3,168.3,110.85,358.3,249300,150.55,155.85,30,156.65,30,332760
2026-04-13T09:36:53.677,NF,BANKNIFTY28APR2657500CE,156.45,168.3,168.3,110.85,358.3,249360,150.56,155.3,120,156.15,90,332760
2026-04-13T09:36:56.281,NF,BANKNIFTY28APR2657500CE,156.4,168.3,168.3,110.85,358.3,249420,150.56,155.75,90,156.45,150,332760
2026-04-13T09:37:04.893,NF,BANKNIFTY28APR2657500CE,155.55,168.3,168.3,110.85,358.3,249480,150.56,155.45,30,156.35,60,332760
2026-04-13T09:37:06.101,NF,BANKNIFTY28APR2657500CE,155.55,168.3,168.3,110.85,358.3,249600,150.56,155.85,150,156.3,60,332760
2026-04-13T09:37:07.355,NF,BANKNIFTY28APR2657500CE,156.4,168.3,168.3,110.85,358.3,249750,150.56,156.15,90,156.65,30,332760
2026-04-13T09:37:08.700,NF,BANKNIFTY28APR2657500CE,156.65,168.3,168.3,110.85,358.3,249780,150.57,156.3,30,156.95,30,332760
2026-04-13T09:37:09.910,NF,BANKNIFTY28APR2657500CE,156.2,168.3,168.3,110.85,358.3,249990,150.57,156.7,180,157.4,30,332760
2026-04-13T09:37:17.378,NF,BANKNIFTY28APR2657500CE,158.75,168.3,168.3,110.85,358.3,250020,150.57,157.9,30,158.8,30,332760
2026-04-13T09:37:18.540,NF,BANKNIFTY28APR2657500CE,158.85,168.3,168.3,110.85,358.3,250080,150.57,157.25,30,158.15,30,330750
2026-04-13T09:37:22.318,NF,BANKNIFTY28APR2657500CE,157.8,168.3,168.3,110.85,358.3,250110,150.57,157.1,30,157.85,60,330750
2026-04-13T09:37:25.926,NF,BANKNIFTY28APR2657500CE,156.3,168.3,168.3,110.85,358.3,250590,150.59,155.55,30,156.4,30,330750
2026-04-13T09:37:28.530,NF,BANKNIFTY28APR2657500CE,155.8,168.3,168.3,110.85,358.3,250620,150.59,154.95,90,155.75,120,330750
2026-04-13T09:37:33.534,NF,BANKNIFTY28APR2657500CE,156.25,168.3,168.3,110.85,358.3,250650,150.59,155.4,30,156.3,180,330750
2026-04-13T09:37:34.753,NF,BANKNIFTY28APR2657500CE,155.55,168.3,168.3,110.85,358.3,250710,150.59,155.45,30,156.25,30,330750
2026-04-13T09:37:35.938,NF,BANKNIFTY28APR2657500CE,156.35,168.3,168.3,110.85,358.3,250770,150.59,156.15,30,156.95,60,330750
2026-04-13T09:37:37.289,NF,BANKNIFTY28APR2657500CE,157.45,168.3,168.3,110.85,358.3,251370,150.6,156.55,30,157.3,210,330750
2026-04-13T09:37:41.169,NF,BANKNIFTY28APR2657500CE,157.35,168.3,168.3,110.85,358.3,251640,150.61,156.5,30,157.35,60,330750
2026-04-13T09:37:42.342,NF,BANKNIFTY28APR2657500CE,157.85,168.3,168.3,110.85,358.3,251670,150.61,157.85,30,158.75,360,330750
2026-04-13T09:37:43.543,NF,BANKNIFTY28APR2657500CE,159.15,168.3,168.3,110.85,358.3,251700,150.61,158.5,30,159.25,270,330750
2026-04-13T09:37:44.765,NF,BANKNIFTY28APR2657500CE,158.45,168.3,168.3,110.85,358.3,251850,150.62,157.55,90,158.3,30,330750
2026-04-13T09:37:45.958,NF,BANKNIFTY28APR2657500CE,157.6,168.3,168.3,110.85,358.3,251880,150.62,157.65,60,158.45,30,330750
2026-04-13T09:37:47.161,NF,BANKNIFTY28APR2657500CE,157.5,168.3,168.3,110.85,358.3,252000,150.62,156.95,60,157.75,30,330750
2026-04-13T09:37:49.752,NF,BANKNIFTY28APR2657500CE,157.55,168.3,168.3,110.85,358.3,252150,150.63,156.4,90,157.3,30,330750
2026-04-13T09:37:58.371,NF,BANKNIFTY28APR2657500CE,157.7,168.3,168.3,110.85,358.3,252750,150.64,156.75,90,157.6,240,330750
2026-04-13T09:38:05.779,NF,BANKNIFTY28APR2657500CE,157.15,168.3,168.3,110.85,358.3,253380,150.66,157.9,30,158.75,180,330750
2026-04-13T09:38:06.979,NF,BANKNIFTY28APR2657500CE,159.15,168.3,168.3,110.85,358.3,253500,150.67,158.85,30,159.75,60,330750
2026-04-13T09:38:08.189,NF,BANKNIFTY28APR2657500CE,158.3,168.3,168.3,110.85,358.3,253530,150.67,157.9,30,158.85,30,330750
2026-04-13T09:38:09.384,NF,BANKNIFTY28APR2657500CE,158.75,168.3,168.3,110.85,358.3,253860,150.68,157.95,90,158.8,90,330750
2026-04-13T09:38:16.615,NF,BANKNIFTY28APR2657500CE,158.25,168.3,168.3,110.85,358.3,254190,150.69,158.1,120,159.0,30,330750
2026-04-13T09:38:17.802,NF,BANKNIFTY28APR2657500CE,158.6,168.3,168.3,110.85,358.3,254250,150.69,158.5,150,159.35,30,330750
2026-04-13T09:38:22.810,NF,BANKNIFTY28APR2657500CE,159.5,168.3,168.3,110.85,358.3,254430,150.69,158.95,120,159.7,30,330750
2026-04-13T09:38:37.512,NF,BANKNIFTY28APR2657500CE,160.15,168.3,168.3,110.85,358.3,254520,150.7,159.15,30,160.05,30,330750
2026-04-13T09:38:48.287,NF,BANKNIFTY28APR2657500CE,159.95,168.3,168.3,110.85,358.3,255450,150.73,159.15,120,159.9,30,330750
2026-04-13T09:38:58.278,NF,BANKNIFTY28APR2657500CE,159.5,168.3,168.3,110.85,358.3,256080,150.75,158.1,90,158.9,30,330750
2026-04-13T09:39:10.698,NF,BANKNIFTY28APR2657500CE,160.6,168.3,168.3,110.85,358.3,256110,150.75,160.15,30,160.55,30,330750
2026-04-13T09:39:12.092,NF,BANKNIFTY28APR2657500CE,160.55,168.3,168.3,110.85,358.3,256140,150.75,160.4,30,160.95,150,330750
2026-04-13T09:39:15.703,NF,BANKNIFTY28APR2657500CE,159.75,168.3,168.3,110.85,358.3,256290,150.76,160.0,90,160.8,30,330750
2026-04-13T09:39:20.709,NF,BANKNIFTY28APR2657500CE,159.5,168.3,168.3,110.85,358.3,256320,150.76,159.45,90,160.25,30,330750
2026-04-13T09:39:22.114,NF,BANKNIFTY28APR2657500CE,160.0,168.3,168.3,110.85,358.3,256350,150.76,159.15,150,160.05,30,330750
2026-04-13T09:39:24.514,NF,BANKNIFTY28APR2657500CE,159.85,168.3,168.3,110.85,358.3,256380,150.76,158.65,30,159.5,30,330750
2026-04-13T09:39:25.724,NF,BANKNIFTY28APR2657500CE,159.3,168.3,168.3,110.85,358.3,256410,150.76,158.35,30,159.3,90,330750
2026-04-13T09:39:27.117,NF,BANKNIFTY28APR2657500CE,158.6,168.3,168.3,110.85,358.3,256470,150.76,158.55,30,159.15,30,330750
2026-04-13T09:39:30.730,NF,BANKNIFTY28APR2657500CE,158.15,168.3,168.3,110.85,358.3,256530,150.76,158.2,210,159.1,30,330750
2026-04-13T09:39:32.142,NF,BANKNIFTY28APR2657500CE,159.15,168.3,168.3,110.85,358.3,256560,150.76,158.85,120,159.7,30,330750
2026-04-13T09:39:37.136,NF,BANKNIFTY28APR2657500CE,160.45,168.3,168.3,110.85,358.3,256590,150.77,159.5,30,160.45,150,330750
2026-04-13T09:39:38.332,NF,BANKNIFTY28APR2657500CE,160.3,168.3,168.3,110.85,358.3,256650,150.77,159.7,30,160.45,330,330750
2026-04-13T09:39:40.737,NF,BANKNIFTY28APR2657500CE,160.35,168.3,168.3,110.85,358.3,256680,150.77,160.2,30,160.95,30,330750
2026-04-13T09:39:47.957,NF,BANKNIFTY28APR2657500CE,158.0,168.3,168.3,110.85,358.3,256710,150.77,157.4,90,158.1,30,330750
2026-04-13T09:39:50.356,NF,BANKNIFTY28APR2657500CE,159.0,168.3,168.3,110.85,358.3,256740,150.77,158.3,90,159.15,30,330750
2026-04-13T09:39:52.759,NF,BANKNIFTY28APR2657500CE,159.1,168.3,168.3,110.85,358.3,256890,150.78,158.35,30,159.2,90,330750
2026-04-13T09:39:55.163,NF,BANKNIFTY28APR2657500CE,158.95,168.3,168.3,110.85,358.3,256980,150.78,158.9,90,159.7,30,330750
2026-04-13T09:39:56.365,NF,BANKNIFTY28APR2657500CE,159.6,168.3,168.3,110.85,358.3,257010,150.78,158.85,60,159.9,90,330750
2026-04-13T09:39:57.566,NF,BANKNIFTY28APR2657500CE,159.6,168.3,168.3,110.85,358.3,257070,150.78,158.6,30,159.45,30,330750
2026-04-13T09:39:58.772,NF,BANKNIFTY28APR2657500CE,158.95,168.3,168.3,110.85,358.3,257220,150.79,158.85,30,159.65,30,330750
2026-04-13T09:39:59.971,NF,BANKNIFTY28APR2657500CE,159.65,168.3,168.3,110.85,358.3,257250,150.79,158.9,30,159.7,30,330750
2026-04-13T09:40:05.981,NF,BANKNIFTY28APR2657500CE,159.2,168.3,168.3,110.85,358.3,257430,150.79,157.95,30,158.95,90,330750
2026-04-13T09:40:07.195,NF,BANKNIFTY28APR2657500CE,158.95,168.3,168.3,110.85,358.3,257550,150.8,158.1,30,158.95,30,330750
2026-04-13T09:40:09.388,NF,BANKNIFTY28APR2657500CE,159.05,168.3,168.3,110.85,358.3,257700,150.8,158.05,30,159.05,90,330750
2026-04-13T09:40:10.588,NF,BANKNIFTY28APR2657500CE,158.95,168.3,168.3,110.85,358.3,257730,150.8,157.95,30,158.85,30,330750
2026-04-13T09:40:23.615,NF,BANKNIFTY28APR2657500CE,160.3,168.3,168.3,110.85,358.3,257760,150.8,160.3,30,160.45,180,330750
2026-04-13T09:40:24.813,NF,BANKNIFTY28APR2657500CE,160.3,168.3,168.3,110.85,358.3,257880,150.81,160.2,30,160.4,30,330660
2026-04-13T09:40:26.016,NF,BANKNIFTY28APR2657500CE,160.2,168.3,168.3,110.85,358.3,258120,150.82,160.2,30,160.35,30,330660
2026-04-13T09:40:29.818,NF,BANKNIFTY28APR2657500CE,160.2,168.3,168.3,110.85,358.3,259890,150.89,160.2,30,160.3,30,330660
2026-04-13T09:40:31.029,NF,BANKNIFTY28APR2657500CE,160.2,168.3,168.3,110.85,358.3,259920,150.89,160.2,30,160.3,210,330660
2026-04-13T09:40:32.225,NF,BANKNIFTY28APR2657500CE,160.2,168.3,168.3,110.85,358.3,260100,150.9,159.95,30,160.25,210,330660
2026-04-13T09:40:33.426,NF,BANKNIFTY28APR2657500CE,159.95,168.3,168.3,110.85,358.3,260190,150.9,160.15,30,160.85,90,330660
2026-04-13T09:40:37.054,NF,BANKNIFTY28APR2657500CE,160.4,168.3,168.3,110.85,358.3,260250,150.9,159.7,30,160.55,60,330660
2026-04-13T09:40:39.245,NF,BANKNIFTY28APR2657500CE,160.0,168.3,168.3,110.85,358.3,260310,150.9,159.8,30,160.35,30,330660
2026-04-13T09:40:40.447,NF,BANKNIFTY28APR2657500CE,159.6,168.3,168.3,110.85,358.3,260730,150.92,159.4,30,159.6,30,330660
2026-04-13T09:40:41.842,NF,BANKNIFTY28APR2657500CE,159.65,168.3,168.3,110.85,358.3,260820,150.92,158.8,30,159.7,30,330660
2026-04-13T09:40:43.047,NF,BANKNIFTY28APR2657500CE,159.6,168.3,168.3,110.85,358.3,260910,150.92,158.9,30,159.7,30,330660
2026-04-13T09:40:49.258,NF,BANKNIFTY28APR2657500CE,159.65,168.3,168.3,110.85,358.3,261030,150.93,158.9,30,159.8,30,330660
2026-04-13T09:40:54.080,NF,BANKNIFTY28APR2657500CE,160.1,168.3,168.3,110.85,358.3,261630,150.95,159.25,30,160.0,60,330660
2026-04-13T09:40:55.466,NF,BANKNIFTY28APR2657500CE,159.65,168.3,168.3,110.85,358.3,261690,150.95,159.1,30,159.8,180,330660
2026-04-13T09:41:01.483,NF,BANKNIFTY28APR2657500CE,161.0,168.3,168.3,110.85,358.3,261720,150.95,160.4,30,160.95,210,330660
2026-04-13T09:41:02.693,NF,BANKNIFTY28APR2657500CE,161.0,168.3,168.3,110.85,358.3,261750,150.95,160.2,30,160.9,150,330660
2026-04-13T09:41:04.082,NF,BANKNIFTY28APR2657500CE,160.3,168.3,168.3,110.85,358.3,261810,150.96,160.3,120,160.9,150,330660
2026-04-13T09:41:06.498,NF,BANKNIFTY28APR2657500CE,162.3,168.3,168.3,110.85,358.3,261960,150.96,161.7,90,162.3,120,330660
2026-04-13T09:41:08.893,NF,BANKNIFTY28APR2657500CE,162.0,168.3,168.3,110.85,358.3,262050,150.96,161.45,60,161.95,150,330660
2026-04-13T09:41:12.497,NF,BANKNIFTY28APR2657500CE,160.55,168.3,168.3,110.85,358.3,262140,150.97,160.0,30,160.85,90,330660
2026-04-13T09:41:13.894,NF,BANKNIFTY28APR2657500CE,161.3,168.3,168.3,110.85,358.3,262200,150.97,161.05,30,161.6,150,330660
2026-04-13T09:41:15.096,NF,BANKNIFTY28APR2657500CE,161.55,168.3,168.3,110.85,358.3,262290,150.97,161.15,30,161.85,150,330660
2026-04-13T09:41:16.304,NF,BANKNIFTY28APR2657500CE,162.0,168.3,168.3,110.85,358.3,262350,150.98,161.65,30,162.2,210,330660
2026-04-13T09:41:17.510,NF,BANKNIFTY28APR2657500CE,162.75,168.3,168.3,110.85,358.3,262410,150.98,161.8,30,162.4,150,330660
2026-04-13T09:41:18.704,NF,BANKNIFTY28APR2657500CE,161.65,168.3,168.3,110.85,358.3,262920,151.0,161.35,60,162.0,150,330660
2026-04-13T09:41:19.910,NF,BANKNIFTY28APR2657500CE,161.55,168.3,168.3,110.85,358.3,262980,151.0,161.05,120,161.55,120,330660
2026-04-13T09:41:24.920,NF,BANKNIFTY28APR2657500CE,161.5,168.3,168.3,110.85,358.3,263040,151.01,161.6,30,162.3,60,330660
2026-04-13T09:41:26.316,NF,BANKNIFTY28APR2657500CE,163.3,168.3,168.3,110.85,358.3,263220,151.01,162.85,210,163.3,150,330660
2026-04-13T09:41:27.528,NF,BANKNIFTY28APR2657500CE,163.15,168.3,168.3,110.85,358.3,263340,151.02,162.4,90,163.1,30,330660
2026-04-13T09:41:28.717,NF,BANKNIFTY28APR2657500CE,162.15,168.3,168.3,110.85,358.3,263370,151.02,161.9,30,162.5,150,330660
2026-04-13T09:41:29.920,NF,BANKNIFTY28APR2657500CE,163.0,168.3,168.3,110.85,358.3,263580,151.03,162.65,180,163.05,150,330660
2026-04-13T09:41:31.131,NF,BANKNIFTY28APR2657500CE,162.85,168.3,168.3,110.85,358.3,263760,151.04,162.55,30,163.3,150,330660
2026-04-13T09:41:32.324,NF,BANKNIFTY28APR2657500CE,163.3,168.3,168.3,110.85,358.3,263790,151.04,162.25,30,162.9,150,330660
2026-04-13T09:41:34.929,NF,BANKNIFTY28APR2657500CE,163.35,168.3,168.3,110.85,358.3,263880,151.04,162.8,30,163.35,120,330660
2026-04-13T09:41:36.138,NF,BANKNIFTY28APR2657500CE,163.2,168.3,168.3,110.85,358.3,263910,151.04,162.7,30,163.2,150,330660
2026-04-13T09:41:37.330,NF,BANKNIFTY28APR2657500CE,163.15,168.3,168.3,110.85,358.3,263970,151.05,162.5,30,163.15,150,330660
2026-04-13T09:41:39.594,NF,BANKNIFTY28APR2657500CE,162.75,168.3,168.3,110.85,358.3,264000,151.05,162.5,30,163.1,150,330660
2026-04-13T09:41:42.137,NF,BANKNIFTY28APR2657500CE,162.9,168.3,168.3,110.85,358.3,264060,151.05,162.9,30,163.5,150,330660
2026-04-13T09:41:43.353,NF,BANKNIFTY28APR2657500CE,163.15,168.3,168.3,110.85,358.3,264210,151.06,162.9,30,163.35,150,330660
2026-04-13T09:41:44.567,NF,BANKNIFTY28APR2657500CE,163.2,168.3,168.3,110.85,358.3,264240,151.06,162.7,90,163.2,150,330660
2026-04-13T09:41:47.145,NF,BANKNIFTY28APR2657500CE,163.1,168.3,168.3,110.85,358.3,264270,151.06,162.7,90,163.4,30,330660
2026-04-13T09:41:49.549,NF,BANKNIFTY28APR2657500CE,164.05,168.3,168.3,110.85,358.3,264450,151.07,163.25,30,163.95,150,330660
2026-04-13T09:41:50.959,NF,BANKNIFTY28APR2657500CE,164.1,168.3,168.3,110.85,358.3,264480,151.07,163.65,30,164.1,150,330660
2026-04-13T09:41:53.355,NF,BANKNIFTY28APR2657500CE,164.0,168.3,168.3,110.85,358.3,264540,151.07,163.65,30,164.0,120,330660
2026-04-13T09:41:54.567,NF,BANKNIFTY28APR2657500CE,163.65,168.3,168.3,110.85,358.3,264690,151.08,163.65,30,164.1,30,330660
2026-04-13T09:41:57.160,NF,BANKNIFTY28APR2657500CE,164.3,168.3,168.3,110.85,358.3,264720,151.08,163.8,60,164.3,150,330660
2026-04-13T09:41:58.374,NF,BANKNIFTY28APR2657500CE,164.45,168.3,168.3,110.85,358.3,264780,151.09,164.7,60,164.95,30,330660
2026-04-13T09:41:59.563,NF,BANKNIFTY28APR2657500CE,165.6,168.3,168.3,110.85,358.3,265110,151.1,165.3,30,165.85,150,330660
2026-04-13T09:42:00.962,NF,BANKNIFTY28APR2657500CE,165.55,168.3,168.3,110.85,358.3,265170,151.11,164.75,30,165.55,30,330660
2026-04-13T09:42:02.189,NF,BANKNIFTY28APR2657500CE,165.15,168.3,168.3,110.85,358.3,265200,151.11,164.35,30,165.1,30,330660
2026-04-13T09:42:04.575,NF,BANKNIFTY28APR2657500CE,164.3,168.3,168.3,110.85,358.3,265320,151.11,163.7,30,164.55,60,330660
2026-04-13T09:42:10.985,NF,BANKNIFTY28APR2657500CE,164.9,168.3,168.3,110.85,358.3,265380,151.12,164.45,30,165.1,180,330660
2026-04-13T09:42:12.186,NF,BANKNIFTY28APR2657500CE,165.0,168.3,168.3,110.85,358.3,265440,151.12,164.85,60,165.55,90,330660
2026-04-13T09:42:13.384,NF,BANKNIFTY28APR2657500CE,163.8,168.3,168.3,110.85,358.3,266340,151.17,163.6,30,164.35,120,330660
2026-04-13T09:42:14.588,NF,BANKNIFTY28APR2657500CE,164.15,168.3,168.3,110.85,358.3,266370,151.17,163.95,30,164.5,30,330660
2026-04-13T09:42:15.795,NF,BANKNIFTY28APR2657500CE,164.65,168.3,168.3,110.85,358.3,266430,151.17,163.9,30,164.8,30,330660
2026-04-13T09:42:20.800,NF,BANKNIFTY28APR2657500CE,165.4,168.3,168.3,110.85,358.3,266520,151.18,165.35,60,165.9,150,330660
2026-04-13T09:42:22.198,NF,BANKNIFTY28APR2657500CE,165.8,168.3,168.3,110.85,358.3,266580,151.18,165.25,30,165.9,60,330660
2026-04-13T09:42:24.602,NF,BANKNIFTY28APR2657500CE,165.2,168.3,168.3,110.85,358.3,266610,151.18,164.4,90,165.15,30,330660
2026-04-13T09:42:25.807,NF,BANKNIFTY28APR2657500CE,164.35,168.3,168.3,110.85,358.3,266670,151.19,165.05,60,166.1,30,330660
2026-04-13T09:42:29.609,NF,BANKNIFTY28APR2657500CE,165.25,168.3,168.3,110.85,358.3,266700,151.19,164.85,30,165.65,30,330660
2026-04-13T09:42:30.813,NF,BANKNIFTY28APR2657500CE,165.1,168.3,168.3,110.85,358.3,266790,151.19,165.65,30,166.5,30,330660
2026-04-13T09:42:33.421,NF,BANKNIFTY28APR2657500CE,166.3,168.3,168.3,110.85,358.3,266880,151.2,165.25,30,166.1,30,330660
2026-04-13T09:42:37.027,NF,BANKNIFTY28APR2657500CE,166.0,168.3,168.3,110.85,358.3,267240,151.22,166.1,90,166.95,30,330660
2026-04-13T09:42:38.033,NF,BANKNIFTY28APR2657500CE,166.75,168.3,168.3,110.85,358.3,267270,151.22,165.6,120,166.35,30,330660
2026-04-13T09:42:38.822,NF,BANKNIFTY28APR2657500CE,166.45,168.3,168.3,110.85,358.3,267300,151.22,164.9,30,165.85,30,330660
2026-04-13T09:42:41.238,NF,BANKNIFTY28APR2657500CE,165.55,168.3,168.3,110.85,358.3,267330,151.22,164.6,60,165.5,30,330660
2026-04-13T09:42:42.433,NF,BANKNIFTY28APR2657500CE,165.4,168.3,168.3,110.85,358.3,267420,151.23,164.3,30,165.2,30,330660
2026-04-13T09:42:43.847,NF,BANKNIFTY28APR2657500CE,163.85,168.3,168.3,110.85,358.3,267450,151.23,163.85,30,164.8,30,330660
2026-04-13T09:42:46.237,NF,BANKNIFTY28APR2657500CE,164.9,168.3,168.3,110.85,358.3,267510,151.23,164.25,30,164.95,60,330660
2026-04-13T09:42:47.439,NF,BANKNIFTY28APR2657500CE,165.7,168.3,168.3,110.85,358.3,267570,151.23,164.75,30,165.85,90,330660
2026-04-13T09:42:48.852,NF,BANKNIFTY28APR2657500CE,166.7,168.3,168.3,110.85,358.3,267690,151.24,166.0,30,166.8,120,330660
2026-04-13T09:42:51.251,NF,BANKNIFTY28APR2657500CE,165.85,168.3,168.3,110.85,358.3,267750,151.24,165.6,30,166.0,30,330660
2026-04-13T09:42:52.445,NF,BANKNIFTY28APR2657500CE,166.6,168.3,168.3,110.85,358.3,267840,151.25,165.85,30,166.55,30,330660
2026-04-13T09:42:53.648,NF,BANKNIFTY28APR2657500CE,165.7,168.3,168.3,110.85,358.3,267900,151.25,165.75,30,166.5,120,330660
2026-04-13T09:42:56.253,NF,BANKNIFTY28APR2657500CE,165.8,168.3,168.3,110.85,358.3,267930,151.25,165.45,30,166.35,30,330660
2026-04-13T09:42:57.461,NF,BANKNIFTY28APR2657500CE,166.5,168.3,168.3,110.85,358.3,268110,151.26,165.7,30,166.65,120,330660
2026-04-13T09:42:58.665,NF,BANKNIFTY28APR2657500CE,166.55,168.3,168.3,110.85,358.3,268140,151.27,165.85,30,166.55,150,330660
2026-04-13T09:43:00.056,NF,BANKNIFTY28APR2657500CE,166.1,168.3,168.3,110.85,358.3,268260,151.27,165.8,30,166.6,60,330660
2026-04-13T09:43:01.258,NF,BANKNIFTY28APR2657500CE,164.05,168.3,168.3,110.85,358.3,268440,151.28,164.0,30,164.35,90,330660
2026-04-13T09:43:02.466,NF,BANKNIFTY28APR2657500CE,165.0,168.3,168.3,110.85,358.3,268620,151.29,164.2,30,165.0,30,330660
2026-04-13T09:43:05.090,NF,BANKNIFTY28APR2657500CE,165.05,168.3,168.3,110.85,358.3,268650,151.29,165.6,150,166.5,30,330660
2026-04-13T09:43:06.266,NF,BANKNIFTY28APR2657500CE,166.45,168.3,168.3,110.85,358.3,268680,151.29,165.9,30,166.6,60,330660
2026-04-13T09:43:07.470,NF,BANKNIFTY28APR2657500CE,166.6,168.3,168.3,110.85,358.3,268770,151.3,165.45,30,166.2,30,330660
2026-04-13T09:43:10.073,NF,BANKNIFTY28APR2657500CE,166.3,168.3,168.3,110.85,358.3,268800,151.3,165.5,30,166.25,210,330660
2026-04-13T09:43:11.288,NF,BANKNIFTY28APR2657500CE,166.65,168.3,168.3,110.85,358.3,268920,151.31,165.85,30,166.8,90,330660
2026-04-13T09:43:16.284,NF,BANKNIFTY28APR2657500CE,167.0,168.3,168.3,110.85,358.3,268980,151.31,166.65,30,167.0,30,330660
2026-04-13T09:43:17.525,NF,BANKNIFTY28APR2657500CE,167.35,168.3,168.3,110.85,358.3,269130,151.32,167.2,30,168.1,30,330660
2026-04-13T09:43:18.689,NF,BANKNIFTY28APR2657500CE,167.85,168.3,168.3,110.85,358.3,269160,151.32,167.7,30,168.5,30,330660
2026-04-13T09:43:23.706,NF,BANKNIFTY28APR2657500CE,169.1,168.3,169.1,110.85,358.3,269190,151.32,168.65,120,169.65,30,329610
2026-04-13T09:43:25.138,NF,BANKNIFTY28APR2657500CE,169.05,168.3,170.0,110.85,358.3,269550,151.35,169.0,30,169.8,30,329610
2026-04-13T09:43:27.498,NF,BANKNIFTY28APR2657500CE,168.55,168.3,170.0,110.85,358.3,269700,151.36,168.0,30,168.65,30,329610
2026-04-13T09:43:28.703,NF,BANKNIFTY28APR2657500CE,168.7,168.3,170.0,110.85,358.3,269760,151.36,168.45,30,169.35,30,329610
2026-04-13T09:43:32.528,NF,BANKNIFTY28APR2657500CE,170.65,168.3,170.65,110.85,358.3,270000,151.38,169.75,30,171.2,120,329610
2026-04-13T09:43:35.130,NF,BANKNIFTY28APR2657500CE,170.55,168.3,170.65,110.85,358.3,270030,151.38,169.6,30,170.5,150,329610
2026-04-13T09:43:36.315,NF,BANKNIFTY28APR2657500CE,169.45,168.3,170.65,110.85,358.3,270060,151.38,169.55,30,170.35,30,329610
2026-04-13T09:43:37.513,NF,BANKNIFTY28APR2657500CE,170.4,168.3,170.65,110.85,358.3,270120,151.39,169.45,60,170.45,180,329610
2026-04-13T09:43:39.920,NF,BANKNIFTY28APR2657500CE,169.85,168.3,170.65,110.85,358.3,270150,151.39,169.0,90,169.8,180,329610
2026-04-13T09:43:42.531,NF,BANKNIFTY28APR2657500CE,169.95,168.3,170.65,110.85,358.3,270180,151.39,169.05,30,169.95,150,329610
2026-04-13T09:43:43.727,NF,BANKNIFTY28APR2657500CE,169.0,168.3,170.65,110.85,358.3,270270,151.4,168.6,30,169.35,150,329610
2026-04-13T09:43:44.951,NF,BANKNIFTY28APR2657500CE,169.75,168.3,170.65,110.85,358.3,270420,151.41,168.75,30,169.7,150,329610
2026-04-13T09:43:53.760,NF,BANKNIFTY28APR2657500CE,169.15,168.3,170.65,110.85,358.3,270450,151.41,168.75,30,169.75,210,329610
2026-04-13T09:43:57.551,NF,BANKNIFTY28APR2657500CE,169.65,168.3,170.65,110.85,358.3,270510,151.41,169.55,30,170.4,30,329610
2026-04-13T09:43:58.750,NF,BANKNIFTY28APR2657500CE,169.7,168.3,170.65,110.85,358.3,270540,151.41,169.65,30,170.6,30,329610
2026-04-13T09:44:01.159,NF,BANKNIFTY28APR2657500CE,171.2,168.3,171.2,110.85,358.3,270720,151.43,170.2,30,171.1,240,329610
2026-04-13T09:44:04.970,NF,BANKNIFTY28APR2657500CE,171.15,168.3,171.2,110.85,358.3,270840,151.44,170.15,30,171.05,210,329610
2026-04-13T09:44:07.572,NF,BANKNIFTY28APR2657500CE,170.05,168.3,171.2,110.85,358.3,270930,151.44,170.1,30,170.75,30,329610
2026-04-13T09:44:08.766,NF,BANKNIFTY28APR2657500CE,170.1,168.3,171.2,110.85,358.3,270960,151.44,169.55,180,170.3,180,329610
2026-04-13T09:44:11.179,NF,BANKNIFTY28APR2657500CE,169.55,168.3,171.2,110.85,358.3,271050,151.45,169.5,30,170.1,150,329610
2026-04-13T09:44:12.374,NF,BANKNIFTY28APR2657500CE,169.15,168.3,171.2,110.85,358.3,271110,151.45,168.45,120,169.35,30,329610
2026-04-13T09:44:18.600,NF,BANKNIFTY28APR2657500CE,168.75,168.3,171.2,110.85,358.3,271170,151.46,168.85,30,169.65,120,329610
2026-04-13T09:44:21.191,NF,BANKNIFTY28APR2657500CE,169.55,168.3,171.2,110.85,358.3,271230,151.46,168.55,30,169.45,150,329610
2026-04-13T09:44:24.999,NF,BANKNIFTY28APR2657500CE,168.55,168.3,171.2,110.85,358.3,271260,151.46,168.05,60,168.95,150,329610
2026-04-13T09:44:32.415,NF,BANKNIFTY28APR2657500CE,168.05,168.3,171.2,110.85,358.3,271290,151.47,168.05,30,169.05,30,329610
2026-04-13T09:44:36.015,NF,BANKNIFTY28APR2657500CE,168.8,168.3,171.2,110.85,358.3,271320,151.47,167.75,30,168.6,180,329610
2026-04-13T09:44:42.237,NF,BANKNIFTY28APR2657500CE,168.1,168.3,171.2,110.85,358.3,271380,151.47,168.1,150,168.95,30,329610
2026-04-13T09:44:44.654,NF,BANKNIFTY28APR2657500CE,169.0,168.3,171.2,110.85,358.3,271410,151.47,168.4,30,169.0,270,329610
2026-04-13T09:44:45.842,NF,BANKNIFTY28APR2657500CE,169.0,168.3,171.2,110.85,358.3,271530,151.48,168.6,60,169.0,150,329610
2026-04-13T09:44:47.038,NF,BANKNIFTY28APR2657500CE,169.0,168.3,171.2,110.85,358.3,271560,151.48,168.45,30,168.95,30,329610
2026-04-13T09:44:50.838,NF,BANKNIFTY28APR2657500CE,169.0,168.3,171.2,110.85,358.3,271740,151.49,168.9,30,169.9,30,329610
2026-04-13T09:45:01.659,NF,BANKNIFTY28APR2657500CE,169.65,168.3,171.2,110.85,358.3,271770,151.5,168.9,90,169.55,60,329610
2026-04-13T09:45:02.886,NF,BANKNIFTY28APR2657500CE,167.75,168.3,171.2,110.85,358.3,272430,151.54,168.35,30,168.8,30,329610
2026-04-13T09:45:04.148,NF,BANKNIFTY28APR2657500CE,168.35,168.3,171.2,110.85,358.3,273570,151.6,167.8,30,168.65,30,329610
2026-04-13T09:45:05.463,NF,BANKNIFTY28APR2657500CE,168.5,168.3,171.2,110.85,358.3,273630,151.61,167.8,30,168.5,30,329610
2026-04-13T09:45:07.886,NF,BANKNIFTY28APR2657500CE,167.8,168.3,171.2,110.85,358.3,273750,151.61,166.8,180,167.55,30,329610
2026-04-13T09:45:09.082,NF,BANKNIFTY28APR2657500CE,166.25,168.3,171.2,110.85,358.3,273840,151.62,165.85,90,166.6,30,329610
2026-04-13T09:45:10.295,NF,BANKNIFTY28APR2657500CE,166.95,168.3,171.2,110.85,358.3,273930,151.62,166.4,120,167.2,90,329610
2026-04-13T09:45:11.672,NF,BANKNIFTY28APR2657500CE,166.15,168.3,171.2,110.85,358.3,274050,151.63,165.7,120,166.5,30,329610
2026-04-13T09:45:12.884,NF,BANKNIFTY28APR2657500CE,165.3,168.3,171.2,110.85,358.3,274500,151.65,165.35,240,166.05,30,329610
2026-04-13T09:45:15.282,NF,BANKNIFTY28APR2657500CE,166.15,168.3,171.2,110.85,358.3,274770,151.67,166.6,90,167.35,30,329610
2026-04-13T09:45:16.515,NF,BANKNIFTY28APR2657500CE,167.35,168.3,171.2,110.85,358.3,274800,151.67,167.05,30,167.85,30,329610
2026-04-13T09:45:17.886,NF,BANKNIFTY28APR2657500CE,167.65,168.3,171.2,110.85,358.3,274830,151.67,167.6,30,168.55,60,329610
2026-04-13T09:45:22.693,NF,BANKNIFTY28APR2657500CE,166.85,168.3,171.2,110.85,358.3,274860,151.67,166.6,150,167.15,30,329610
2026-04-13T09:45:32.526,NF,BANKNIFTY28APR2657500CE,166.8,168.3,171.2,110.85,358.3,274950,151.68,166.0,30,166.3,30,329610
2026-04-13T09:45:33.720,NF,BANKNIFTY28APR2657500CE,166.0,168.3,171.2,110.85,358.3,274980,151.68,165.3,30,165.65,30,329610
2026-04-13T09:45:35.110,NF,BANKNIFTY28APR2657500CE,164.95,168.3,171.2,110.85,358.3,275070,151.68,165.15,90,165.75,30,329610
2026-04-13T09:45:36.314,NF,BANKNIFTY28APR2657500CE,165.8,168.3,171.2,110.85,358.3,275130,151.69,165.55,90,166.3,30,329610
2026-04-13T09:45:37.518,NF,BANKNIFTY28APR2657500CE,166.35,168.3,171.2,110.85,358.3,275160,151.69,165.95,30,166.85,30,329610
2026-04-13T09:45:43.725,NF,BANKNIFTY28APR2657500CE,165.0,168.3,171.2,110.85,358.3,275190,151.69,163.5,180,164.25,30,329610
2026-04-13T09:45:44.930,NF,BANKNIFTY28APR2657500CE,164.2,168.3,171.2,110.85,358.3,275220,151.69,163.75,30,164.45,30,329610
2026-04-13T09:45:47.332,NF,BANKNIFTY28APR2657500CE,164.8,168.3,171.2,110.85,358.3,275250,151.69,163.45,30,164.2,30,329610
2026-04-13T09:45:49.937,NF,BANKNIFTY28APR2657500CE,164.05,168.3,171.2,110.85,358.3,275280,151.69,163.7,90,164.5,30,329610
2026-04-13T09:45:52.341,NF,BANKNIFTY28APR2657500CE,163.55,168.3,171.2,110.85,358.3,275370,151.7,163.4,30,164.1,90,329610
2026-04-13T09:45:54.940,NF,BANKNIFTY28APR2657500CE,164.8,168.3,171.2,110.85,358.3,275730,151.71,164.5,60,165.2,30,329610
2026-04-13T09:45:56.153,NF,BANKNIFTY28APR2657500CE,164.65,168.3,171.2,110.85,358.3,275790,151.72,165.1,90,166.05,30,329610
2026-04-13T09:45:57.351,NF,BANKNIFTY28APR2657500CE,165.8,168.3,171.2,110.85,358.3,276990,151.77,165.15,30,165.85,30,329610
2026-04-13T09:45:58.555,NF,BANKNIFTY28APR2657500CE,166.15,168.3,171.2,110.85,358.3,277110,151.78,165.25,30,165.9,90,329610
2026-04-13T09:46:01.167,NF,BANKNIFTY28APR2657500CE,166.6,168.3,171.2,110.85,358.3,277230,151.78,165.65,30,166.4,120,329610
2026-04-13T09:46:02.376,NF,BANKNIFTY28APR2657500CE,166.25,168.3,171.2,110.85,358.3,277290,151.79,165.55,30,166.35,90,329610
2026-04-13T09:46:04.760,NF,BANKNIFTY28APR2657500CE,166.9,168.3,171.2,110.85,358.3,277740,151.81,166.2,30,167.0,30,329610
2026-04-13T09:46:07.361,NF,BANKNIFTY28APR2657500CE,166.6,168.3,171.2,110.85,358.3,277770,151.81,166.0,30,166.65,30,329610
2026-04-13T09:46:10.973,NF,BANKNIFTY28APR2657500CE,166.1,168.3,171.2,110.85,358.3,277800,151.82,165.35,60,166.05,30,329610
2026-04-13T09:46:14.780,NF,BANKNIFTY28APR2657500CE,165.05,168.3,171.2,110.85,358.3,277830,151.82,164.3,30,165.0,150,329610
2026-04-13T09:46:22.234,NF,BANKNIFTY28APR2657500CE,166.05,168.3,171.2,110.85,358.3,277860,151.82,165.85,180,166.65,150,332130
2026-04-13T09:46:28.396,NF,BANKNIFTY28APR2657500CE,166.5,168.3,171.2,110.85,358.3,277920,151.82,165.65,30,166.6,180,332130
2026-04-13T09:46:38.420,NF,BANKNIFTY28APR2657500CE,165.45,168.3,171.2,110.85,358.3,279150,151.88,164.65,30,165.55,120,332130
2026-04-13T09:46:39.807,NF,BANKNIFTY28APR2657500CE,164.65,168.3,171.2,110.85,358.3,279180,151.88,165.35,900,165.85,30,332130
2026-04-13T09:46:46.034,NF,BANKNIFTY28APR2657500CE,166.2,168.3,171.2,110.85,358.3,279210,151.88,165.95,30,166.7,30,332130
2026-04-13T09:46:52.234,NF,BANKNIFTY28APR2657500CE,164.65,168.3,171.2,110.85,358.3,283080,152.09,163.95,30,164.65,120,332130
2026-04-13T09:46:53.434,NF,BANKNIFTY28APR2657500CE,163.5,168.3,171.2,110.85,358.3,283830,152.12,163.0,60,163.6,120,332130
2026-04-13T09:46:54.830,NF,BANKNIFTY28APR2657500CE,164.2,168.3,171.2,110.85,358.3,284100,152.13,163.9,30,164.7,30,332130
2026-04-13T09:46:56.042,NF,BANKNIFTY28APR2657500CE,164.75,168.3,171.2,110.85,358.3,284340,152.14,164.75,150,165.4,150,332130
2026-04-13T09:46:59.841,NF,BANKNIFTY28APR2657500CE,165.6,168.3,171.2,110.85,358.3,284370,152.14,164.7,30,165.6,90,332130
2026-04-13T09:47:04.864,NF,BANKNIFTY28APR2657500CE,165.4,168.3,171.2,110.85,358.3,284400,152.14,164.7,30,165.4,60,332130
2026-04-13T09:47:07.268,NF,BANKNIFTY28APR2657500CE,164.85,168.3,171.2,110.85,358.3,284430,152.14,164.6,150,165.3,150,332130
2026-04-13T09:47:12.282,NF,BANKNIFTY28APR2657500CE,166.5,168.3,171.2,110.85,358.3,284460,152.14,166.05,30,166.95,60,332130
2026-04-13T09:47:16.103,NF,BANKNIFTY28APR2657500CE,166.8,168.3,171.2,110.85,358.3,284520,152.15,165.8,30,166.7,30,332130
2026-04-13T09:47:19.875,NF,BANKNIFTY28APR2657500CE,166.8,168.3,171.2,110.85,358.3,284550,152.15,165.7,30,166.55,90,332130
2026-04-13T09:47:21.165,NF,BANKNIFTY28APR2657500CE,166.6,168.3,171.2,110.85,358.3,284640,152.15,165.85,30,166.8,30,332130
2026-04-13T09:47:22.281,NF,BANKNIFTY28APR2657500CE,166.8,168.3,171.2,110.85,358.3,284670,152.16,165.6,30,166.6,30,332130
2026-04-13T09:47:24.881,NF,BANKNIFTY28APR2657500CE,166.8,168.3,171.2,110.85,358.3,284790,152.16,166.25,30,167.15,150,332130
2026-04-13T09:47:33.520,NF,BANKNIFTY28APR2657500CE,166.75,168.3,171.2,110.85,358.3,284820,152.16,166.65,30,167.6,120,332130
2026-04-13T09:47:38.508,NF,BANKNIFTY28APR2657500CE,166.7,168.3,171.2,110.85,358.3,284850,152.16,166.45,30,167.25,150,332130
2026-04-13T09:47:44.719,NF,BANKNIFTY28APR2657500CE,166.55,168.3,171.2,110.85,358.3,284880,152.17,166.35,30,167.1,30,332130
2026-04-13T09:47:45.921,NF,BANKNIFTY28APR2657500CE,165.6,168.3,171.2,110.85,358.3,285060,152.17,165.7,150,166.4,30,332130
2026-04-13T09:47:47.321,NF,BANKNIFTY28APR2657500CE,166.4,168.3,171.2,110.85,358.3,285090,152.18,165.8,30,166.65,30,332130
2026-04-13T09:47:48.526,NF,BANKNIFTY28APR2657500CE,166.7,168.3,171.2,110.85,358.3,285150,152.18,166.05,60,166.7,30,332130
2026-04-13T09:47:49.726,NF,BANKNIFTY28APR2657500CE,166.8,168.3,171.2,110.85,358.3,285180,152.18,166.45,180,167.05,30,332130
2026-04-13T09:47:50.929,NF,BANKNIFTY28APR2657500CE,167.25,168.3,171.2,110.85,358.3,285360,152.19,166.1,30,167.0,30,332130
2026-04-13T09:47:52.142,NF,BANKNIFTY28APR2657500CE,166.95,168.3,171.2,110.85,358.3,285390,152.19,166.2,60,167.0,30,332130
2026-04-13T09:47:53.548,NF,BANKNIFTY28APR2657500CE,167.0,168.3,171.2,110.85,358.3,285420,152.19,166.75,60,167.65,30,332130
2026-04-13T09:47:55.937,NF,BANKNIFTY28APR2657500CE,166.6,168.3,171.2,110.85,358.3,285510,152.2,166.75,30,167.6,180,332130
2026-04-13T09:48:08.387,NF,BANKNIFTY28APR2657500CE,164.4,168.3,171.2,110.85,358.3,285690,152.21,164.45,30,165.2,30,332130
2026-04-13T09:48:09.560,NF,BANKNIFTY28APR2657500CE,165.25,168.3,171.2,110.85,358.3,285720,152.21,165.15,30,165.75,90,332130
2026-04-13T09:48:11.961,NF,BANKNIFTY28APR2657500CE,165.75,168.3,171.2,110.85,358.3,285810,152.21,165.65,30,166.3,30,332130
2026-04-13T09:48:15.772,NF,BANKNIFTY28APR2657500CE,165.0,168.3,171.2,110.85,358.3,285840,152.21,164.7,30,165.5,30,332130
2026-04-13T09:48:19.374,NF,BANKNIFTY28APR2657500CE,165.15,168.3,171.2,110.85,358.3,285930,152.22,164.75,30,165.35,180,332130
2026-04-13T09:48:20.773,NF,BANKNIFTY28APR2657500CE,166.1,168.3,171.2,110.85,358.3,286230,152.23,165.3,30,165.95,30,332130
2026-04-13T09:48:21.977,NF,BANKNIFTY28APR2657500CE,165.9,168.3,171.2,110.85,358.3,286260,152.23,165.25,60,166.0,30,332130
2026-04-13T09:48:24.388,NF,BANKNIFTY28APR2657500CE,165.7,168.3,171.2,110.85,358.3,286290,152.23,165.1,30,165.85,60,332130
2026-04-13T09:48:25.783,NF,BANKNIFTY28APR2657500CE,165.85,168.3,171.2,110.85,358.3,286320,152.23,165.2,30,165.9,60,332130
2026-04-13T09:48:29.400,NF,BANKNIFTY28APR2657500CE,165.15,168.3,171.2,110.85,358.3,286380,152.24,164.6,30,165.4,30,332130
2026-04-13T09:48:30.796,NF,BANKNIFTY28APR2657500CE,165.8,168.3,171.2,110.85,358.3,286530,152.24,165.15,30,165.9,30,332130
2026-04-13T09:48:32.001,NF,BANKNIFTY28APR2657500CE,165.9,168.3,171.2,110.85,358.3,286560,152.25,165.2,30,166.1,180,332130
2026-04-13T09:48:39.605,NF,BANKNIFTY28APR2657500CE,167.7,168.3,171.2,110.85,358.3,287250,152.28,167.35,90,168.0,30,332130
2026-04-13T09:48:40.808,NF,BANKNIFTY28APR2657500CE,168.0,168.3,171.2,110.85,358.3,287280,152.28,167.35,90,168.2,240,332130
2026-04-13T09:48:42.011,NF,BANKNIFTY28APR2657500CE,168.3,168.3,171.2,110.85,358.3,287310,152.28,168.0,3000,168.25,150,332130
2026-04-13T09:48:43.250,NF,BANKNIFTY28APR2657500CE,168.0,168.3,171.2,110.85,358.3,288660,152.36,168.0,1650,168.05,30,332130
2026-04-13T09:48:44.613,NF,BANKNIFTY28APR2657500CE,168.0,168.3,171.2,110.85,358.3,290310,152.44,167.2,120,167.85,60,332130
2026-04-13T09:48:45.825,NF,BANKNIFTY28APR2657500CE,167.2,168.3,171.2,110.85,358.3,290370,152.45,166.55,90,167.2,30,332130
2026-04-13T09:48:53.230,NF,BANKNIFTY28APR2657500CE,167.0,168.3,171.2,110.85,358.3,290460,152.45,166.1,60,166.9,30,332130
2026-04-13T09:48:57.052,NF,BANKNIFTY28APR2657500CE,167.0,168.3,171.2,110.85,358.3,291000,152.48,167.3,60,168.05,60,332130
2026-04-13T09:48:58.239,NF,BANKNIFTY28APR2657500CE,167.0,168.3,171.2,110.85,358.3,291540,152.51,167.25,30,168.0,120,332130
2026-04-13T09:49:02.052,NF,BANKNIFTY28APR2657500CE,166.95,168.3,171.2,110.85,358.3,291570,152.51,167.0,120,167.75,30,332130
2026-04-13T09:49:05.654,NF,BANKNIFTY28APR2657500CE,166.8,168.3,171.2,110.85,358.3,291720,152.52,166.85,90,167.5,900,332130
2026-04-13T09:49:08.278,NF,BANKNIFTY28APR2657500CE,167.2,168.3,171.2,110.85,358.3,291870,152.52,166.9,60,167.2,750,332130
2026-04-13T09:49:09.470,NF,BANKNIFTY28APR2657500CE,167.2,168.3,171.2,110.85,358.3,293190,152.59,166.85,90,167.2,330,332130
2026-04-13T09:49:24.284,NF,BANKNIFTY28APR2657500CE,167.2,168.3,171.2,110.85,358.3,293970,152.63,166.6,270,167.2,150,331440
2026-04-13T09:49:30.487,NF,BANKNIFTY28APR2657500CE,166.5,168.3,171.2,110.85,358.3,294000,152.63,166.5,30,167.2,390,331440
2026-04-13T09:49:31.691,NF,BANKNIFTY28APR2657500CE,167.5,168.3,171.2,110.85,358.3,294240,152.64,167.25,300,167.5,810,331440
2026-04-13T09:49:32.903,NF,BANKNIFTY28APR2657500CE,167.5,168.3,171.2,110.85,358.3,295050,152.68,167.6,240,168.45,30,331440
2026-04-13T09:49:34.307,NF,BANKNIFTY28APR2657500CE,168.0,168.3,171.2,110.85,358.3,295110,152.68,167.85,30,168.55,30,331440
2026-04-13T09:49:41.507,NF,BANKNIFTY28APR2657500CE,168.25,168.3,171.2,110.85,358.3,295620,152.71,168.0,30,168.25,390,331440
2026-04-13T09:49:42.718,NF,BANKNIFTY28APR2657500CE,168.25,168.3,171.2,110.85,358.3,296010,152.73,168.2,30,169.0,120,331440
2026-04-13T09:49:47.714,NF,BANKNIFTY28APR2657500CE,170.25,168.3,171.2,110.85,358.3,296250,152.74,169.5,30,170.15,240,331440
2026-04-13T09:49:51.344,NF,BANKNIFTY28APR2657500CE,170.65,168.3,171.2,110.85,358.3,296400,152.75,170.35,30,170.9,180,331440
2026-04-13T09:49:55.128,NF,BANKNIFTY28APR2657500CE,171.5,168.3,171.5,110.85,358.3,296790,152.78,170.55,30,171.1,90,331440
2026-04-13T09:49:57.534,NF,BANKNIFTY28APR2657500CE,171.45,168.3,171.5,110.85,358.3,296820,152.78,170.85,30,171.45,90,331440
2026-04-13T09:49:58.730,NF,BANKNIFTY28APR2657500CE,171.2,168.3,171.5,110.85,358.3,296940,152.79,171.2,30,171.45,90,331440
2026-04-13T09:49:59.932,NF,BANKNIFTY28APR2657500CE,171.45,168.3,171.5,110.85,358.3,296970,152.79,171.4,120,172.05,30,331440
2026-04-13T09:50:01.139,NF,BANKNIFTY28APR2657500CE,171.25,168.3,171.55,110.85,358.3,297060,152.79,171.2,30,172.0,30,331440
2026-04-13T09:50:02.343,NF,BANKNIFTY28APR2657500CE,172.2,168.3,172.25,110.85,358.3,297240,152.81,172.2,30,172.75,30,331440
2026-04-13T09:50:03.735,NF,BANKNIFTY28APR2657500CE,172.75,168.3,172.75,110.85,358.3,297300,152.81,172.15,60,172.75,150,331440
2026-04-13T09:50:04.952,NF,BANKNIFTY28APR2657500CE,172.35,168.3,172.75,110.85,358.3,297450,152.82,171.7,120,172.45,30,331440
2026-04-13T09:50:07.345,NF,BANKNIFTY28APR2657500CE,171.5,168.3,172.75,110.85,358.3,297510,152.82,171.2,30,171.95,30,331440
2026-04-13T09:50:08.550,NF,BANKNIFTY28APR2657500CE,172.0,168.3,172.75,110.85,358.3,297570,152.83,171.5,30,172.0,30,331440
2026-04-13T09:50:09.759,NF,BANKNIFTY28APR2657500CE,172.0,168.3,172.75,110.85,358.3,297750,152.84,171.9,30,172.7,30,331440
2026-04-13T09:50:10.949,NF,BANKNIFTY28APR2657500CE,172.75,168.3,172.75,110.85,358.3,297840,152.84,172.05,30,172.75,30,331440
2026-04-13T09:50:12.158,NF,BANKNIFTY28APR2657500CE,172.7,168.3,172.75,110.85,358.3,297900,152.85,172.05,30,172.7,30,331440
2026-04-13T09:50:13.364,NF,BANKNIFTY28APR2657500CE,172.65,168.3,172.75,110.85,358.3,297930,152.85,171.85,30,172.55,60,331440
2026-04-13T09:50:15.769,NF,BANKNIFTY28APR2657500CE,172.55,168.3,172.75,110.85,358.3,298020,152.86,172.2,30,172.7,60,331440
2026-04-13T09:50:16.969,NF,BANKNIFTY28APR2657500CE,173.75,168.3,173.75,110.85,358.3,298320,152.88,173.05,30,173.9,150,331440
2026-04-13T09:50:18.158,NF,BANKNIFTY28APR2657500CE,172.9,168.3,173.75,110.85,358.3,298350,152.88,172.85,90,173.55,60,331440
2026-04-13T09:50:19.363,NF,BANKNIFTY28APR2657500CE,172.85,168.3,173.75,110.85,358.3,298380,152.88,172.5,30,173.3,30,331440
2026-04-13T09:50:21.774,NF,BANKNIFTY28APR2657500CE,173.35,168.3,173.75,110.85,358.3,298470,152.89,173.3,30,174.05,60,331440
2026-04-13T09:50:22.964,NF,BANKNIFTY28APR2657500CE,173.3,168.3,173.75,110.85,358.3,298500,152.89,173.3,30,174.1,30,331440
2026-04-13T09:50:24.179,NF,BANKNIFTY28APR2657500CE,173.9,168.3,173.9,110.85,358.3,298560,152.89,173.2,90,173.9,180,331440
2026-04-13T09:50:25.373,NF,BANKNIFTY28APR2657500CE,174.1,168.3,174.1,110.85,358.3,298740,152.91,173.35,30,174.1,30,331440
2026-04-13T09:50:28.982,NF,BANKNIFTY28APR2657500CE,174.25,168.3,174.25,110.85,358.3,298770,152.91,173.7,30,174.45,60,331440
2026-04-13T09:50:30.179,NF,BANKNIFTY28APR2657500CE,174.85,168.3,175.1,110.85,358.3,298980,152.92,174.3,30,174.95,150,331440
2026-04-13T09:50:31.382,NF,BANKNIFTY28APR2657500CE,174.65,168.3,175.1,110.85,358.3,299820,152.98,174.15,30,174.65,30,331440
2026-04-13T09:50:32.781,NF,BANKNIFTY28APR2657500CE,174.65,168.3,175.1,110.85,358.3,300030,153.0,174.1,300,174.6,30,331440
2026-04-13T09:50:33.982,NF,BANKNIFTY28APR2657500CE,174.9,168.3,175.1,110.85,358.3,300330,153.02,174.05,30,174.8,30,331440
2026-04-13T09:50:36.201,NF,BANKNIFTY28APR2657500CE,173.0,168.3,175.1,110.85,358.3,300390,153.02,172.9,30,173.7,30,331440
2026-04-13T09:50:37.394,NF,BANKNIFTY28APR2657500CE,173.75,168.3,175.1,110.85,358.3,300420,153.03,173.4,30,174.25,30,331440
2026-04-13T09:50:39.907,NF,BANKNIFTY28APR2657500CE,173.45,168.3,175.1,110.85,358.3,300870,153.06,172.3,30,173.15,30,331440
2026-04-13T09:50:42.200,NF,BANKNIFTY28APR2657500CE,172.45,168.3,175.1,110.85,358.3,300900,153.06,171.3,570,171.95,60,331440
2026-04-13T09:50:43.400,NF,BANKNIFTY28APR2657500CE,171.7,168.3,175.1,110.85,358.3,301800,153.11,171.1,270,171.65,120,331440
2026-04-13T09:50:44.809,NF,BANKNIFTY28APR2657500CE,171.7,168.3,175.1,110.85,358.3,301980,153.12,171.55,60,172.3,30,331440
2026-04-13T09:50:48.431,NF,BANKNIFTY28APR2657500CE,172.3,168.3,175.1,110.85,358.3,302040,153.13,172.0,600,172.4,30,331440
2026-04-13T09:50:49.610,NF,BANKNIFTY28APR2657500CE,172.0,168.3,175.1,110.85,358.3,302640,153.16,171.45,30,172.1,30,331440
2026-04-13T09:50:52.049,NF,BANKNIFTY28APR2657500CE,172.4,168.3,175.1,110.85,358.3,302670,153.17,172.1,60,172.8,90,331440
2026-04-13T09:50:57.024,NF,BANKNIFTY28APR2657500CE,172.35,168.3,175.1,110.85,358.3,302760,153.17,171.3,60,172.1,30,331440
2026-04-13T09:51:04.440,NF,BANKNIFTY28APR2657500CE,171.1,168.3,175.1,110.85,358.3,302820,153.18,171.05,30,171.75,90,331440
2026-04-13T09:51:12.075,NF,BANKNIFTY28APR2657500CE,170.6,168.3,175.1,110.85,358.3,303090,153.19,170.75,60,171.4,30,331440
2026-04-13T09:51:14.454,NF,BANKNIFTY28APR2657500CE,169.95,168.3,175.1,110.85,358.3,303570,153.22,170.0,30,170.55,30,331440
2026-04-13T09:51:15.874,NF,BANKNIFTY28APR2657500CE,170.0,168.3,175.1,110.85,358.3,303600,153.22,169.3,60,170.05,30,331440
2026-04-13T09:51:17.060,NF,BANKNIFTY28APR2657500CE,170.3,168.3,175.1,110.85,358.3,303630,153.22,169.6,30,170.55,30,331440
2026-04-13T09:51:19.462,NF,BANKNIFTY28APR2657500CE,170.25,168.3,175.1,110.85,358.3,303660,153.22,169.9,30,170.7,60,331440
2026-04-13T09:51:25.722,NF,BANKNIFTY28APR2657500CE,170.85,168.3,175.1,110.85,358.3,303690,153.22,170.75,30,171.5,240,331440
2026-04-13T09:51:27.072,NF,BANKNIFTY28APR2657500CE,171.5,168.3,175.1,110.85,358.3,304590,153.28,170.6,30,171.45,60,331440
2026-04-13T09:51:30.691,NF,BANKNIFTY28APR2657500CE,170.5,168.3,175.1,110.85,358.3,304740,153.29,170.55,90,171.35,30,331440
2026-04-13T09:51:31.901,NF,BANKNIFTY28APR2657500CE,171.15,168.3,175.1,110.85,358.3,304800,153.29,171.1,30,171.8,30,331440
2026-04-13T09:51:34.485,NF,BANKNIFTY28APR2657500CE,171.1,168.3,175.1,110.85,358.3,305040,153.3,170.25,30,171.1,30,331440
2026-04-13T09:51:40.703,NF,BANKNIFTY28APR2657500CE,172.0,168.3,175.1,110.85,358.3,305070,153.31,171.2,120,172.0,180,331440
2026-04-13T09:51:41.912,NF,BANKNIFTY28APR2657500CE,171.4,168.3,175.1,110.85,358.3,305100,153.31,171.4,30,172.0,90,331440
2026-04-13T09:51:43.109,NF,BANKNIFTY28APR2657500CE,172.0,168.3,175.1,110.85,358.3,305190,153.31,172.25,30,173.05,120,331440
2026-04-13T09:51:46.908,NF,BANKNIFTY28APR2657500CE,173.0,168.3,175.1,110.85,358.3,305220,153.32,172.45,30,173.2,150,331440
2026-04-13T09:51:54.319,NF,BANKNIFTY28APR2657500CE,174.6,168.3,175.1,110.85,358.3,305250,153.32,174.3,90,174.95,150,331440
2026-04-13T09:52:01.937,NF,BANKNIFTY28APR2657500CE,173.55,168.3,175.1,110.85,358.3,305370,153.33,173.6,30,174.35,90,331440
2026-04-13T09:52:06.937,NF,BANKNIFTY28APR2657500CE,173.75,168.3,175.1,110.85,358.3,305400,153.33,173.5,30,174.45,60,331440
2026-04-13T09:52:09.345,NF,BANKNIFTY28APR2657500CE,173.95,168.3,175.1,110.85,358.3,305490,153.33,173.35,30,174.3,30,331440
2026-04-13T09:52:11.749,NF,BANKNIFTY28APR2657500CE,174.3,168.3,175.1,110.85,358.3,305790,153.35,173.3,30,174.3,30,331440
2026-04-13T09:52:23.266,NF,BANKNIFTY28APR2657500CE,172.65,168.3,175.1,110.85,358.3,305880,153.36,172.55,90,172.95,30,331770
2026-04-13T09:52:24.377,NF,BANKNIFTY28APR2657500CE,173.0,168.3,175.1,110.85,358.3,306060,153.37,172.9,90,173.65,30,331770
2026-04-13T09:52:25.594,NF,BANKNIFTY28APR2657500CE,173.05,168.3,175.1,110.85,358.3,306270,153.38,172.9,30,173.7,30,331770
2026-04-13T09:52:26.775,NF,BANKNIFTY28APR2657500CE,173.1,168.3,175.1,110.85,358.3,306300,153.39,172.6,30,173.1,30,331770
2026-04-13T09:52:29.386,NF,BANKNIFTY28APR2657500CE,173.2,168.3,175.1,110.85,358.3,306390,153.39,172.95,30,173.8,60,331770
2026-04-13T09:52:30.589,NF,BANKNIFTY28APR2657500CE,173.1,168.3,175.1,110.85,358.3,306660,153.41,172.4,90,173.1,30,331770
2026-04-13T09:52:31.782,NF,BANKNIFTY28APR2657500CE,173.1,168.3,175.1,110.85,358.3,306750,153.42,173.0,120,173.75,30,331770
2026-04-13T09:52:33.213,NF,BANKNIFTY28APR2657500CE,173.6,168.3,175.1,110.85,358.3,306810,153.42,172.3,30,173.1,30,331770
2026-04-13T09:52:35.589,NF,BANKNIFTY28APR2657500CE,172.35,168.3,175.1,110.85,358.3,306870,153.42,172.45,60,173.1,60,331770
2026-04-13T09:52:36.792,NF,BANKNIFTY28APR2657500CE,173.15,168.3,175.1,110.85,358.3,306930,153.43,172.55,30,173.25,90,331770
2026-04-13T09:52:38.005,NF,BANKNIFTY28APR2657500CE,173.35,168.3,175.1,110.85,358.3,306960,153.43,172.85,60,173.35,30,331770
2026-04-13T09:52:40.424,NF,BANKNIFTY28APR2657500CE,173.55,168.3,175.1,110.85,358.3,307110,153.44,172.95,30,173.7,30,331770
2026-04-13T09:52:41.602,NF,BANKNIFTY28APR2657500CE,173.1,168.3,175.1,110.85,358.3,307230,153.45,172.95,30,173.75,150,331770
2026-04-13T09:52:44.202,NF,BANKNIFTY28APR2657500CE,173.35,168.3,175.1,110.85,358.3,307260,153.45,173.05,90,173.45,30,331770
2026-04-13T09:52:45.428,NF,BANKNIFTY28APR2657500CE,174.0,168.3,175.1,110.85,358.3,307350,153.45,173.3,30,174.0,60,331770
2026-04-13T09:52:46.609,NF,BANKNIFTY28APR2657500CE,174.05,168.3,175.1,110.85,358.3,307470,153.46,173.65,30,174.4,30,331770
2026-04-13T09:52:50.415,NF,BANKNIFTY28APR2657500CE,173.25,168.3,175.1,110.85,358.3,307620,153.47,173.25,30,173.95,30,331770
2026-04-13T09:52:52.833,NF,BANKNIFTY28APR2657500CE,174.6,168.3,175.1,110.85,358.3,307740,153.48,174.05,60,174.8,30,331770
2026-04-13T09:52:54.219,NF,BANKNIFTY28APR2657500CE,174.65,168.3,175.1,110.85,358.3,307770,153.48,174.2,60,174.9,120,331770
2026-04-13T09:52:55.418,NF,BANKNIFTY28APR2657500CE,175.0,168.3,175.1,110.85,358.3,307800,153.48,174.65,60,175.4,150,331770
2026-04-13T09:52:56.620,NF,BANKNIFTY28APR2657500CE,174.75,168.3,175.1,110.85,358.3,307920,153.49,173.5,60,174.25,30,331770
2026-04-13T09:52:59.224,NF,BANKNIFTY28APR2657500CE,174.85,168.3,175.1,110.85,358.3,308040,153.5,174.2,60,174.95,210,331770
2026-04-13T09:53:05.434,NF,BANKNIFTY28APR2657500CE,175.4,168.3,175.4,110.85,358.3,308130,153.51,175.8,60,176.45,150,331770
2026-04-13T09:53:06.646,NF,BANKNIFTY28APR2657500CE,176.35,168.3,176.35,110.85,358.3,308160,153.51,175.7,60,176.35,120,331770
2026-04-13T09:53:10.443,NF,BANKNIFTY28APR2657500CE,175.85,168.3,176.35,110.85,358.3,308430,153.53,175.85,360,176.05,30,331770
2026-04-13T09:53:11.646,NF,BANKNIFTY28APR2657500CE,176.05,168.3,176.35,110.85,358.3,308610,153.54,175.85,210,176.15,60,331770
2026-04-13T09:53:14.248,NF,BANKNIFTY28APR2657500CE,175.85,168.3,176.35,110.85,358.3,309000,153.57,176.0,60,176.75,210,331770
2026-04-13T09:53:16.654,NF,BANKNIFTY28APR2657500CE,176.3,168.3,176.35,110.85,358.3,309030,153.57,176.0,240,176.8,30,331770
2026-04-13T09:53:21.662,NF,BANKNIFTY28APR2657500CE,175.9,168.3,176.35,110.85,358.3,309060,153.57,176.0,180,176.5,30,331770
2026-04-13T09:53:25.467,NF,BANKNIFTY28APR2657500CE,178.0,168.3,178.0,110.85,358.3,309480,153.61,177.0,120,177.85,300,331770
2026-04-13T09:53:26.693,NF,BANKNIFTY28APR2657500CE,177.4,168.3,178.0,110.85,358.3,309600,153.62,176.65,90,177.25,150,331770
2026-04-13T09:53:30.279,NF,BANKNIFTY28APR2657500CE,177.7,168.3,178.0,110.85,358.3,311160,153.74,177.1,150,177.65,90,331770
2026-04-13T09:53:31.678,NF,BANKNIFTY28APR2657500CE,177.6,168.3,178.0,110.85,358.3,311250,153.74,177.6,150,178.0,270,331770
2026-04-13T09:53:32.887,NF,BANKNIFTY28APR2657500CE,178.0,168.3,178.0,110.85,358.3,311400,153.75,177.25,30,177.95,60,331770
2026-04-13T09:53:34.097,NF,BANKNIFTY28APR2657500CE,177.25,168.3,178.0,110.85,358.3,311460,153.76,176.85,150,177.35,150,331770
2026-04-13T09:53:36.693,NF,BANKNIFTY28APR2657500CE,177.2,168.3,178.0,110.85,358.3,311490,153.76,177.35,60,178.0,150,331770
2026-04-13T09:53:38.894,NF,BANKNIFTY28APR2657500CE,177.95,168.3,178.0,110.85,358.3,311520,153.76,177.6,270,178.0,150,331770
2026-04-13T09:53:40.096,NF,BANKNIFTY28APR2657500CE,178.5,168.3,178.6,110.85,358.3,312630,153.85,178.4,210,178.95,30,331770
2026-04-13T09:53:41.302,NF,BANKNIFTY28APR2657500CE,179.0,168.3,179.0,110.85,358.3,312720,153.86,178.45,90,179.0,150,331770
2026-04-13T09:53:42.498,NF,BANKNIFTY28APR2657500CE,178.85,168.3,179.0,110.85,358.3,312780,153.86,178.05,30,178.7,30,331770
2026-04-13T09:53:47.507,NF,BANKNIFTY28APR2657500CE,178.5,168.3,179.0,110.85,358.3,312810,153.86,178.5,30,179.0,210,331770
2026-04-13T09:53:51.311,NF,BANKNIFTY28APR2657500CE,178.9,168.3,179.0,110.85,358.3,312960,153.88,178.35,90,178.95,30,331770
2026-04-13T09:53:55.130,NF,BANKNIFTY28APR2657500CE,179.0,168.3,179.0,110.85,358.3,313080,153.89,178.7,30,179.5,30,331770
2026-04-13T09:53:56.319,NF,BANKNIFTY28APR2657500CE,179.5,168.3,179.5,110.85,358.3,313110,153.89,178.9,30,179.6,150,331770
2026-04-13T09:53:58.930,NF,BANKNIFTY28APR2657500CE,178.75,168.3,179.5,110.85,358.3,313140,153.89,178.75,120,179.35,30,331770
2026-04-13T09:54:01.335,NF,BANKNIFTY28APR2657500CE,179.0,168.3,179.5,110.85,358.3,313170,153.89,178.85,60,179.45,30,331770
2026-04-13T09:54:03.935,NF,BANKNIFTY28APR2657500CE,178.45,168.3,179.5,110.85,358.3,313230,153.9,177.8,30,178.6,30,331770
2026-04-13T09:54:05.134,NF,BANKNIFTY28APR2657500CE,178.6,168.3,179.5,110.85,358.3,313320,153.9,177.85,60,178.6,60,331770
2026-04-13T09:54:06.336,NF,BANKNIFTY28APR2657500CE,178.7,168.3,179.5,110.85,358.3,313380,153.91,178.05,30,178.85,30,331770
2026-04-13T09:54:07.541,NF,BANKNIFTY28APR2657500CE,177.75,168.3,179.5,110.85,358.3,313770,153.94,178.0,180,178.7,60,331770
2026-04-13T09:54:11.419,NF,BANKNIFTY28APR2657500CE,179.0,168.3,179.5,110.85,358.3,313800,153.94,178.6,30,179.2,60,331770
2026-04-13T09:54:13.948,NF,BANKNIFTY28APR2657500CE,179.3,168.3,179.5,110.85,358.3,313860,153.95,179.1,30,179.9,30,331770
2026-04-13T09:54:15.158,NF,BANKNIFTY28APR2657500CE,178.8,168.3,179.5,110.85,358.3,314010,153.96,178.8,60,179.5,30,331770
2026-04-13T09:54:16.383,NF,BANKNIFTY28APR2657500CE,179.0,168.3,179.5,110.85,358.3,314100,153.97,179.05,90,179.65,30,331770
2026-04-13T09:54:18.962,NF,BANKNIFTY28APR2657500CE,179.6,168.3,179.6,110.85,358.3,314130,153.97,178.7,30,179.4,30,331770
2026-04-13T09:54:20.163,NF,BANKNIFTY28APR2657500CE,179.25,168.3,179.6,110.85,358.3,314190,153.97,178.6,60,179.4,60,331770
2026-04-13T09:54:21.361,NF,BANKNIFTY28APR2657500CE,178.85,168.3,179.6,110.85,358.3,314520,154.0,178.8,240,179.55,90,331770
2026-04-13T09:54:23.766,NF,BANKNIFTY28APR2657500CE,180.4,168.3,180.4,110.85,358.3,314610,154.01,180.15,60,180.8,150,331770
2026-04-13T09:54:25.175,NF,BANKNIFTY28APR2657500CE,180.95,168.3,180.95,110.85,358.3,314640,154.01,180.4,120,181.0,30,331770
2026-04-13T09:54:26.381,NF,BANKNIFTY28APR2657500CE,180.85,168.3,180.95,110.85,358.3,314790,154.02,180.4,60,181.0,30,331770
2026-04-13T09:54:27.580,NF,BANKNIFTY28APR2657500CE,181.95,168.3,181.95,110.85,358.3,315150,154.05,181.3,60,182.0,60,331770
2026-04-13T09:54:28.777,NF,BANKNIFTY28APR2657500CE,180.95,168.3,181.95,110.85,358.3,315270,154.06,180.05,60,180.5,30,331770
2026-04-13T09:54:31.431,NF,BANKNIFTY28APR2657500CE,180.1,168.3,181.95,110.85,358.3,315480,154.08,179.4,30,180.2,60,331770
2026-04-13T09:54:32.601,NF,BANKNIFTY28APR2657500CE,179.0,168.3,181.95,110.85,358.3,315840,154.11,179.2,60,179.9,30,331770
2026-04-13T09:54:33.787,NF,BANKNIFTY28APR2657500CE,179.5,168.3,181.95,110.85,358.3,315870,154.11,178.85,30,179.65,30,331770
2026-04-13T09:54:36.439,NF,BANKNIFTY28APR2657500CE,178.7,168.3,181.95,110.85,358.3,316170,154.13,178.4,60,179.2,60,331770
2026-04-13T09:54:42.398,NF,BANKNIFTY28APR2657500CE,179.25,168.3,181.95,110.85,358.3,316500,154.16,178.4,120,179.25,90,331770
2026-04-13T09:54:48.615,NF,BANKNIFTY28APR2657500CE,178.95,168.3,181.95,110.85,358.3,316530,154.16,178.35,30,179.1,60,331770
2026-04-13T09:54:53.614,NF,BANKNIFTY28APR2657500CE,178.85,168.3,181.95,110.85,358.3,316740,154.18,178.8,240,179.6,180,331770
2026-04-13T09:54:54.816,NF,BANKNIFTY28APR2657500CE,178.75,168.3,181.95,110.85,358.3,316770,154.18,178.0,60,178.7,60,331770
2026-04-13T09:54:57.413,NF,BANKNIFTY28APR2657500CE,178.95,168.3,181.95,110.85,358.3,317100,154.21,178.2,30,179.0,210,331770
2026-04-13T09:55:03.637,NF,BANKNIFTY28APR2657500CE,179.35,168.3,181.95,110.85,358.3,317130,154.21,179.1,60,179.8,30,331770
2026-04-13T09:55:07.232,NF,BANKNIFTY28APR2657500CE,179.65,168.3,181.95,110.85,358.3,317160,154.21,179.05,60,179.8,30,331770
2026-04-13T09:55:08.657,NF,BANKNIFTY28APR2657500CE,179.8,168.3,181.95,110.85,358.3,317190,154.21,179.55,90,180.4,60,331770
2026-04-13T09:55:09.836,NF,BANKNIFTY28APR2657500CE,180.95,168.3,181.95,110.85,358.3,317280,154.22,180.25,60,181.1,90,331770
2026-04-13T09:55:12.240,NF,BANKNIFTY28APR2657500CE,180.45,168.3,181.95,110.85,358.3,317490,154.24,179.65,60,180.6,30,331770
2026-04-13T09:55:13.442,NF,BANKNIFTY28APR2657500CE,180.6,168.3,181.95,110.85,358.3,317520,154.24,180.05,60,180.9,90,331770
2026-04-13T09:55:15.842,NF,BANKNIFTY28APR2657500CE,180.45,168.3,181.95,110.85,358.3,317640,154.25,180.3,60,181.1,60,331770
2026-04-13T09:55:18.082,NF,BANKNIFTY28APR2657500CE,180.25,168.3,181.95,110.85,358.3,317760,154.26,180.3,60,181.2,150,331770
2026-04-13T09:55:19.248,NF,BANKNIFTY28APR2657500CE,181.2,168.3,181.95,110.85,358.3,317850,154.27,180.0,90,181.0,30,331770
2026-04-13T09:55:20.650,NF,BANKNIFTY28APR2657500CE,180.35,168.3,181.95,110.85,358.3,317880,154.27,180.15,60,180.85,150,331770
2026-04-13T09:55:21.713,NF,BANKNIFTY28APR2657500CE,181.15,168.3,181.95,110.85,358.3,317970,154.28,180.4,30,181.1,180,331770
2026-04-13T09:55:23.054,NF,BANKNIFTY28APR2657500CE,180.2,168.3,181.95,110.85,358.3,318270,154.3,180.4,60,181.3,30,331770
2026-04-13T09:55:27.860,NF,BANKNIFTY28APR2657500CE,181.55,168.3,181.95,110.85,358.3,318300,154.31,181.3,30,182.15,60,331770
2026-04-13T09:55:31.688,NF,BANKNIFTY28APR2657500CE,184.05,168.3,184.05,110.85,358.3,318600,154.33,183.05,30,183.85,150,333030
2026-04-13T09:55:34.079,NF,BANKNIFTY28APR2657500CE,183.95,168.3,184.05,110.85,358.3,318720,154.34,183.45,30,184.25,120,333030
2026-04-13T09:55:35.271,NF,BANKNIFTY28APR2657500CE,184.2,168.3,184.2,110.85,358.3,318840,154.36,183.65,30,184.25,180,333030
2026-04-13T09:55:36.477,NF,BANKNIFTY28APR2657500CE,186.0,168.3,186.0,110.85,358.3,319230,154.39,184.85,60,185.45,210,333030
2026-04-13T09:55:37.704,NF,BANKNIFTY28APR2657500CE,185.05,168.3,186.0,110.85,358.3,319410,154.41,184.0,30,184.7,90,333030
2026-04-13T09:55:39.090,NF,BANKNIFTY28APR2657500CE,184.3,168.3,186.0,110.85,358.3,319470,154.42,183.35,60,184.2,30,333030
2026-04-13T09:55:41.486,NF,BANKNIFTY28APR2657500CE,183.0,168.3,186.0,110.85,358.3,319500,154.42,183.05,120,183.75,30,333030
2026-04-13T09:55:42.708,NF,BANKNIFTY28APR2657500CE,183.8,168.3,186.0,110.85,358.3,319530,154.42,182.9,120,183.65,60,333030
2026-04-13T09:55:43.890,NF,BANKNIFTY28APR2657500CE,183.6,168.3,186.0,110.85,358.3,319590,154.43,182.8,150,183.55,30,333030
2026-04-13T09:55:45.088,NF,BANKNIFTY28APR2657500CE,183.5,168.3,186.0,110.85,358.3,319620,154.43,182.95,60,183.65,60,333030
2026-04-13T09:55:46.292,NF,BANKNIFTY28APR2657500CE,182.9,168.3,186.0,110.85,358.3,320820,154.54,183.55,30,184.0,30,333030
2026-04-13T09:55:47.512,NF,BANKNIFTY28APR2657500CE,182.55,168.3,186.0,110.85,358.3,321060,154.56,182.3,120,183.25,60,333030
2026-04-13T09:55:48.895,NF,BANKNIFTY28APR2657500CE,182.45,168.3,186.0,110.85,358.3,321510,154.6,181.65,60,182.35,30,333030
2026-04-13T09:55:50.105,NF,BANKNIFTY28APR2657500CE,181.9,168.3,186.0,110.85,358.3,321600,154.61,181.1,30,181.95,30,333030
2026-04-13T09:55:51.314,NF,BANKNIFTY28APR2657500CE,182.3,168.3,186.0,110.85,358.3,321630,154.61,181.7,60,182.5,60,333030
2026-04-13T09:55:52.508,NF,BANKNIFTY28APR2657500CE,180.55,168.3,186.0,110.85,358.3,321780,154.62,180.85,180,181.7,30,333030
2026-04-13T09:55:53.706,NF,BANKNIFTY28APR2657500CE,182.3,168.3,186.0,110.85,358.3,321960,154.64,181.55,30,182.35,60,333030
2026-04-13T09:55:55.111,NF,BANKNIFTY28APR2657500CE,182.85,168.3,186.0,110.85,358.3,321990,154.64,182.15,60,182.9,60,333030
2026-04-13T09:55:56.316,NF,BANKNIFTY28APR2657500CE,183.0,168.3,186.0,110.85,358.3,322140,154.65,182.65,30,183.0,450,333030
2026-04-13T09:55:57.511,NF,BANKNIFTY28APR2657500CE,183.0,168.3,186.0,110.85,358.3,322590,154.69,183.1,60,183.7,90,333030
2026-04-13T09:55:58.721,NF,BANKNIFTY28APR2657500CE,183.8,168.3,186.0,110.85,358.3,322620,154.69,183.8,30,184.55,120,333030
2026-04-13T09:56:01.313,NF,BANKNIFTY28APR2657500CE,184.65,168.3,186.0,110.85,358.3,322770,154.71,184.2,60,184.85,60,333030
2026-04-13T09:56:03.721,NF,BANKNIFTY28APR2657500CE,184.8,168.3,186.0,110.85,358.3,322830,154.71,184.25,60,184.85,60,333030
2026-04-13T09:56:06.130,NF,BANKNIFTY28APR2657500CE,184.45,168.3,186.0,110.85,358.3,322890,154.72,183.95,60,184.75,30,333030
2026-04-13T09:56:07.521,NF,BANKNIFTY28APR2657500CE,184.7,168.3,186.0,110.85,358.3,322950,154.72,184.15,60,184.85,30,333030
2026-04-13T09:56:08.735,NF,BANKNIFTY28APR2657500CE,184.85,168.3,186.0,110.85,358.3,323010,154.73,183.8,180,184.6,30,333030
2026-04-13T09:56:09.968,NF,BANKNIFTY28APR2657500CE,185.0,168.3,186.0,110.85,358.3,323070,154.74,184.1,90,184.85,60,333030
2026-04-13T09:56:13.734,NF,BANKNIFTY28APR2657500CE,185.2,168.3,186.0,110.85,358.3,323460,154.77,184.25,90,185.1,60,333030
2026-04-13T09:56:18.783,NF,BANKNIFTY28APR2657500CE,186.2,168.3,186.2,110.85,358.3,323580,154.78,185.6,210,186.35,60,333030
2026-04-13T09:56:22.350,NF,BANKNIFTY28APR2657500CE,186.7,168.3,186.7,110.85,358.3,323610,154.79,185.95,90,186.75,120,333030
2026-04-13T09:56:23.774,NF,BANKNIFTY28APR2657500CE,186.75,168.3,186.75,110.85,358.3,323730,154.8,186.15,60,186.9,60,333030
2026-04-13T09:56:24.952,NF,BANKNIFTY28APR2657500CE,185.95,168.3,186.75,110.85,358.3,323820,154.81,185.3,60,186.0,30,333030
2026-04-13T09:56:26.188,NF,BANKNIFTY28APR2657500CE,185.25,168.3,186.75,110.85,358.3,323850,154.81,185.2,60,185.95,60,333030
2026-04-13T09:56:27.357,NF,BANKNIFTY28APR2657500CE,185.85,168.3,186.75,110.85,358.3,323910,154.82,185.15,60,185.95,60,333030
2026-04-13T09:56:28.794,NF,BANKNIFTY28APR2657500CE,186.0,168.3,186.75,110.85,358.3,323970,154.82,186.1,30,186.8,60,333030
2026-04-13T09:56:33.574,NF,BANKNIFTY28APR2657500CE,186.1,168.3,186.75,110.85,358.3,324000,154.82,186.05,60,186.8,120,333030
2026-04-13T09:56:34.968,NF,BANKNIFTY28APR2657500CE,186.8,168.3,186.8,110.85,358.3,324030,154.83,186.0,30,186.75,60,333030
2026-04-13T09:56:37.400,NF,BANKNIFTY28APR2657500CE,186.5,168.3,186.9,110.85,358.3,324120,154.84,186.4,30,187.0,90,333030
2026-04-13T09:56:38.570,NF,BANKNIFTY28APR2657500CE,187.0,168.3,187.0,110.85,358.3,324180,154.84,186.2,30,187.0,60,333030
2026-04-13T09:56:40.990,NF,BANKNIFTY28APR2657500CE,187.05,168.3,187.05,110.85,358.3,324210,154.84,186.35,120,187.15,60,333030
2026-04-13T09:56:44.799,NF,BANKNIFTY28APR2657500CE,186.1,168.3,187.05,110.85,358.3,324360,154.86,185.5,30,186.1,30,333030
2026-04-13T09:56:49.793,NF,BANKNIFTY28APR2657500CE,185.9,168.3,187.05,110.85,358.3,324690,154.89,185.6,30,186.4,90,333030
2026-04-13T09:56:51.004,NF,BANKNIFTY28APR2657500CE,186.5,168.3,187.05,110.85,358.3,324720,154.89,185.95,30,186.7,60,333030
2026-04-13T09:56:53.411,NF,BANKNIFTY28APR2657500CE,186.2,168.3,187.05,110.85,358.3,324750,154.9,186.15,30,186.9,60,333030
2026-04-13T09:56:54.624,NF,BANKNIFTY28APR2657500CE,186.95,168.3,187.05,110.85,358.3,324780,154.9,186.25,270,186.95,60,333030
2026-04-13T09:56:55.994,NF,BANKNIFTY28APR2657500CE,187.05,168.3,187.05,110.85,358.3,324810,154.9,186.3,90,187.0,60,333030
2026-04-13T09:57:02.014,NF,BANKNIFTY28APR2657500CE,186.25,168.3,187.05,110.85,358.3,324960,154.92,185.7,210,186.35,60,333030
2026-04-13T09:57:03.435,NF,BANKNIFTY28APR2657500CE,186.25,168.3,187.05,110.85,358.3,325050,154.93,185.5,60,186.2,30,333030
2026-04-13T09:57:04.611,NF,BANKNIFTY28APR2657500CE,185.85,168.3,187.05,110.85,358.3,325140,154.93,185.35,180,185.9,30,333030
2026-04-13T09:57:05.815,NF,BANKNIFTY28APR2657500CE,185.8,168.3,187.05,110.85,358.3,325170,154.94,185.2,240,185.8,30,333030
2026-04-13T09:57:08.414,NF,BANKNIFTY28APR2657500CE,186.65,168.3,187.05,110.85,358.3,325230,154.94,186.25,60,187.0,30,333030
2026-04-13T09:57:12.030,NF,BANKNIFTY28APR2657500CE,185.25,168.3,187.05,110.85,358.3,325440,154.96,185.0,330,185.45,90,333030
2026-04-13T09:57:14.623,NF,BANKNIFTY28APR2657500CE,184.35,168.3,187.05,110.85,358.3,326070,155.02,183.95,180,184.55,30,333030
2026-04-13T09:57:15.868,NF,BANKNIFTY28APR2657500CE,183.25,168.3,187.05,110.85,358.3,326400,155.05,182.2,210,182.95,30,333030
2026-04-13T09:57:18.230,NF,BANKNIFTY28APR2657500CE,182.75,168.3,187.05,110.85,358.3,326430,155.05,182.3,210,182.9,30,333030
2026-04-13T09:57:19.437,NF,BANKNIFTY28APR2657500CE,182.45,168.3,187.05,110.85,358.3,326910,155.09,181.5,30,182.25,90,333030
2026-04-13T09:57:22.046,NF,BANKNIFTY28APR2657500CE,182.25,168.3,187.05,110.85,358.3,327180,155.11,181.8,30,182.55,30,333030
2026-04-13T09:57:23.239,NF,BANKNIFTY28APR2657500CE,183.0,168.3,187.05,110.85,358.3,327330,155.13,182.9,30,183.55,60,333030
2026-04-13T09:57:24.440,NF,BANKNIFTY28APR2657500CE,183.15,168.3,187.05,110.85,358.3,327450,155.14,182.75,60,183.55,150,333030
2026-04-13T09:57:25.838,NF,BANKNIFTY28APR2657500CE,183.1,168.3,187.05,110.85,358.3,327510,155.14,182.55,30,183.15,30,333030
2026-04-13T09:57:27.078,NF,BANKNIFTY28APR2657500CE,183.2,168.3,187.05,110.85,358.3,327540,155.14,182.35,270,182.75,30,333030
2026-04-13T09:57:31.903,NF,BANKNIFTY28APR2657500CE,182.85,168.3,187.05,110.85,358.3,327570,155.15,182.65,240,183.25,90,333030
2026-04-13T09:57:33.074,NF,BANKNIFTY28APR2657500CE,182.3,168.3,187.05,110.85,358.3,327630,155.15,181.75,30,182.5,60,333030
2026-04-13T09:57:34.259,NF,BANKNIFTY28APR2657500CE,181.8,168.3,187.05,110.85,358.3,327750,155.16,181.65,60,182.45,90,333030
2026-04-13T09:57:35.654,NF,BANKNIFTY28APR2657500CE,181.3,168.3,187.05,110.85,358.3,327870,155.17,181.45,30,182.0,900,333030
2026-04-13T09:57:36.867,NF,BANKNIFTY28APR2657500CE,182.7,168.3,187.05,110.85,358.3,328890,155.26,181.4,30,182.1,30,333030
2026-04-13T09:57:39.263,NF,BANKNIFTY28APR2657500CE,180.95,168.3,187.05,110.85,358.3,329010,155.26,180.85,60,181.6,60,333030
2026-04-13T09:57:41.668,NF,BANKNIFTY28APR2657500CE,181.6,168.3,187.05,110.85,358.3,329100,155.27,181.4,30,182.25,120,333030
2026-04-13T09:57:45.480,NF,BANKNIFTY28APR2657500CE,181.9,168.3,187.05,110.85,358.3,329250,155.28,182.0,30,182.35,60,333030
2026-04-13T09:57:50.475,NF,BANKNIFTY28APR2657500CE,182.05,168.3,187.05,110.85,358.3,329340,155.29,181.65,210,182.35,120,333030
2026-04-13T09:57:57.892,NF,BANKNIFTY28APR2657500CE,182.15,168.3,187.05,110.85,358.3,329370,155.29,181.45,30,182.15,60,333030
2026-04-13T09:57:59.097,NF,BANKNIFTY28APR2657500CE,182.15,168.3,187.05,110.85,358.3,329400,155.3,181.55,90,182.3,150,333030
2026-04-13T09:58:01.497,NF,BANKNIFTY28APR2657500CE,182.9,168.3,187.05,110.85,358.3,329700,155.32,182.8,90,183.55,60,333030
2026-04-13T09:58:05.320,NF,BANKNIFTY28APR2657500CE,181.15,168.3,187.05,110.85,358.3,329820,155.33,180.8,30,181.6,30,333030
2026-04-13T09:58:07.707,NF,BANKNIFTY28APR2657500CE,181.5,168.3,187.05,110.85,358.3,329970,155.34,180.85,30,181.75,90,333030
2026-04-13T09:58:09.135,NF,BANKNIFTY28APR2657500CE,181.15,168.3,187.05,110.85,358.3,330000,155.35,181.15,30,181.9,60,333030
2026-04-13T09:58:11.513,NF,BANKNIFTY28APR2657500CE,181.0,168.3,187.05,110.85,358.3,330120,155.35,180.3,60,180.9,30,333030
2026-04-13T09:58:12.713,NF,BANKNIFTY28APR2657500CE,180.3,168.3,187.05,110.85,358.3,330270,155.37,180.2,90,180.75,30,333030
2026-04-13T09:58:14.117,NF,BANKNIFTY28APR2657500CE,180.05,168.3,187.05,110.85,358.3,330570,155.39,180.15,60,180.7,30,333030
2026-04-13T09:58:15.319,NF,BANKNIFTY28APR2657500CE,180.35,168.3,187.05,110.85,358.3,330690,155.4,180.2,120,180.95,210,333030
2026-04-13T09:58:16.533,NF,BANKNIFTY28APR2657500CE,181.0,168.3,187.05,110.85,358.3,330930,155.42,180.6,30,181.45,60,333030
2026-04-13T09:58:17.721,NF,BANKNIFTY28APR2657500CE,181.65,168.3,187.05,110.85,358.3,331080,155.43,180.85,60,181.5,60,333030
2026-04-13T09:58:21.534,NF,BANKNIFTY28APR2657500CE,180.9,168.3,187.05,110.85,358.3,331110,155.43,181.0,150,181.55,30,333030
2026-04-13T09:58:22.744,NF,BANKNIFTY28APR2657500CE,182.0,168.3,187.05,110.85,358.3,331500,155.46,181.4,30,181.95,30,333030
2026-04-13T09:58:23.930,NF,BANKNIFTY28APR2657500CE,182.3,168.3,187.05,110.85,358.3,332280,155.52,181.65,30,182.55,90,333030
2026-04-13T09:58:25.146,NF,BANKNIFTY28APR2657500CE,180.95,168.3,187.05,110.85,358.3,332400,155.53,180.75,30,181.55,30,330990
2026-04-13T09:58:28.939,NF,BANKNIFTY28APR2657500CE,180.6,168.3,187.05,110.85,358.3,333090,155.58,179.95,150,180.8,60,330990
2026-04-13T09:58:33.948,NF,BANKNIFTY28APR2657500CE,179.7,168.3,187.05,110.85,358.3,333120,155.59,179.2,90,179.75,120,330990
2026-04-13T09:58:35.159,NF,BANKNIFTY28APR2657500CE,179.75,168.3,187.05,110.85,358.3,333240,155.6,179.5,90,180.2,30,330990
2026-04-13T09:58:36.357,NF,BANKNIFTY28APR2657500CE,179.65,168.3,187.05,110.85,358.3,333270,155.6,179.7,30,180.35,30,330990
2026-04-13T09:58:37.560,NF,BANKNIFTY28APR2657500CE,180.5,168.3,187.05,110.85,358.3,333360,155.6,179.55,90,180.25,60,330990
2026-04-13T09:58:41.386,NF,BANKNIFTY28APR2657500CE,180.5,168.3,187.05,110.85,358.3,333390,155.61,179.75,60,180.6,30,330990
2026-04-13T09:58:46.169,NF,BANKNIFTY28APR2657500CE,180.0,168.3,187.05,110.85,358.3,333420,155.61,179.45,120,180.25,30,330990
2026-04-13T09:58:48.573,NF,BANKNIFTY28APR2657500CE,178.3,168.3,187.05,110.85,358.3,333450,155.61,177.5,30,178.3,60,330990
2026-04-13T09:58:49.972,NF,BANKNIFTY28APR2657500CE,177.25,168.3,187.05,110.85,358.3,333660,155.62,177.4,180,177.75,30,330990
2026-04-13T09:58:51.181,NF,BANKNIFTY28APR2657500CE,177.85,168.3,187.05,110.85,358.3,333690,155.63,177.6,210,178.05,30,330990
2026-04-13T09:58:53.580,NF,BANKNIFTY28APR2657500CE,178.15,168.3,187.05,110.85,358.3,333990,155.65,177.45,60,178.2,60,330990
2026-04-13T09:58:58.410,NF,BANKNIFTY28APR2657500CE,178.0,168.3,187.05,110.85,358.3,334020,155.65,177.95,60,178.7,30,330990
2026-04-13T09:59:00.807,NF,BANKNIFTY28APR2657500CE,177.8,168.3,187.05,110.85,358.3,334320,155.67,177.1,30,177.85,150,330990
2026-04-13T09:59:01.798,NF,BANKNIFTY28APR2657500CE,177.3,168.3,187.05,110.85,358.3,334350,155.67,176.8,30,177.8,120,330990
2026-04-13T09:59:05.406,NF,BANKNIFTY28APR2657500CE,177.4,168.3,187.05,110.85,358.3,334380,155.67,177.3,30,178.15,30,330990
2026-04-13T09:59:06.603,NF,BANKNIFTY28APR2657500CE,177.3,168.3,187.05,110.85,358.3,334410,155.67,177.1,60,178.0,300,330990
2026-04-13T09:59:12.414,NF,BANKNIFTY28APR2657500CE,177.9,168.3,187.05,110.85,358.3,334470,155.68,177.2,60,178.05,60,330990
2026-04-13T09:59:19.426,NF,BANKNIFTY28APR2657500CE,177.65,168.3,187.05,110.85,358.3,334500,155.68,177.55,90,178.35,60,330990
2026-04-13T09:59:23.040,NF,BANKNIFTY28APR2657500CE,177.75,168.3,187.05,110.85,358.3,334530,155.68,177.6,120,178.1,30,330990
2026-04-13T09:59:24.238,NF,BANKNIFTY28APR2657500CE,178.2,168.3,187.05,110.85,358.3,334560,155.68,177.75,60,178.35,30,330990
2026-04-13T09:59:26.661,NF,BANKNIFTY28APR2657500CE,178.3,168.3,187.05,110.85,358.3,334590,155.69,177.5,60,178.25,30,330990
2026-04-13T09:59:30.242,NF,BANKNIFTY28APR2657500CE,178.2,168.3,187.05,110.85,358.3,334620,155.69,177.4,30,178.15,60,330990
2026-04-13T09:59:32.657,NF,BANKNIFTY28APR2657500CE,178.35,168.3,187.05,110.85,358.3,334740,155.7,178.45,60,179.35,60,330990
2026-04-13T09:59:45.077,NF,BANKNIFTY28APR2657500CE,177.35,168.3,187.05,110.85,358.3,334800,155.7,177.25,30,177.35,30,330990
2026-04-13T09:59:46.492,NF,BANKNIFTY28APR2657500CE,177.0,168.3,187.05,110.85,358.3,335460,155.74,176.7,30,177.6,120,330990
2026-04-13T09:59:50.133,NF,BANKNIFTY28APR2657500CE,177.5,168.3,187.05,110.85,358.3,335550,155.75,177.45,30,178.15,60,330990
2026-04-13T09:59:51.492,NF,BANKNIFTY28APR2657500CE,178.05,168.3,187.05,110.85,358.3,335580,155.75,177.4,30,178.15,30,330990
2026-04-13T09:59:53.894,NF,BANKNIFTY28APR2657500CE,177.2,168.3,187.05,110.85,358.3,335610,155.75,176.5,90,177.2,120,330990
2026-04-13T09:59:56.487,NF,BANKNIFTY28APR2657500CE,176.75,168.3,187.05,110.85,358.3,335640,155.75,176.75,90,177.2,60,330990
2026-04-13T09:59:57.695,NF,BANKNIFTY28APR2657500CE,177.6,168.3,187.05,110.85,358.3,335820,155.77,177.05,30,177.7,120,330990
2026-04-13T10:00:01.508,NF,BANKNIFTY28APR2657500CE,177.2,168.3,187.05,110.85,358.3,336120,155.78,176.5,30,177.25,90,330990
2026-04-13T10:00:02.712,NF,BANKNIFTY28APR2657500CE,177.15,168.3,187.05,110.85,358.3,336180,155.79,176.75,60,177.5,30,330990
2026-04-13T10:00:05.104,NF,BANKNIFTY28APR2657500CE,176.55,168.3,187.05,110.85,358.3,336480,155.81,176.7,30,177.2,90,330990
2026-04-13T10:00:06.306,NF,BANKNIFTY28APR2657500CE,178.45,168.3,187.05,110.85,358.3,336690,155.82,178.45,30,179.0,60,330990
2026-04-13T10:00:07.718,NF,BANKNIFTY28APR2657500CE,178.7,168.3,187.05,110.85,358.3,336720,155.82,178.6,30,178.9,30,330990
2026-04-13T10:00:08.927,NF,BANKNIFTY28APR2657500CE,178.85,168.3,187.05,110.85,358.3,336750,155.82,178.1,90,178.9,60,330990
2026-04-13T10:00:10.110,NF,BANKNIFTY28APR2657500CE,178.1,168.3,187.05,110.85,358.3,336870,155.83,178.1,30,178.8,150,330990
2026-04-13T10:00:11.322,NF,BANKNIFTY28APR2657500CE,178.5,168.3,187.05,110.85,358.3,336930,155.84,178.0,420,178.55,30,330990
2026-04-13T10:00:12.553,NF,BANKNIFTY28APR2657500CE,178.0,168.3,187.05,110.85,358.3,337350,155.86,177.3,30,177.9,120,330990
2026-04-13T10:00:13.915,NF,BANKNIFTY28APR2657500CE,177.95,168.3,187.05,110.85,358.3,337380,155.87,177.2,30,177.95,210,330990
2026-04-13T10:00:16.377,NF,BANKNIFTY28APR2657500CE,177.85,168.3,187.05,110.85,358.3,337410,155.87,177.3,30,177.85,60,330990
2026-04-13T10:00:18.938,NF,BANKNIFTY28APR2657500CE,177.1,168.3,187.05,110.85,358.3,337590,155.88,176.65,60,177.25,60,330990
2026-04-13T10:00:25.148,NF,BANKNIFTY28APR2657500CE,177.1,168.3,187.05,110.85,358.3,338160,155.91,176.0,30,176.7,120,330990
2026-04-13T10:00:26.346,NF,BANKNIFTY28APR2657500CE,176.0,168.3,187.05,110.85,358.3,338190,155.92,175.5,30,176.2,60,330990
2026-04-13T10:00:28.950,NF,BANKNIFTY28APR2657500CE,175.1,168.3,187.05,110.85,358.3,338220,155.92,174.4,60,175.1,90,330990
2026-04-13T10:00:31.370,NF,BANKNIFTY28APR2657500CE,174.15,168.3,187.05,110.85,358.3,338250,155.92,174.15,60,174.5,30,330990
2026-04-13T10:00:36.397,NF,BANKNIFTY28APR2657500CE,174.55,168.3,187.05,110.85,358.3,338370,155.93,174.35,60,175.0,60,330990
2026-04-13T10:00:37.565,NF,BANKNIFTY28APR2657500CE,174.05,168.3,187.05,110.85,358.3,338490,155.93,174.0,810,174.65,30,330990
2026-04-13T10:00:40.168,NF,BANKNIFTY28APR2657500CE,173.2,168.3,187.05,110.85,358.3,339540,155.99,173.25,60,174.0,60,330990
2026-04-13T10:00:41.403,NF,BANKNIFTY28APR2657500CE,173.25,168.3,187.05,110.85,358.3,339600,155.99,173.2,330,174.05,60,330990
2026-04-13T10:00:45.207,NF,BANKNIFTY28APR2657500CE,173.5,168.3,187.05,110.85,358.3,339690,156.0,173.45,150,174.1,120,330990
2026-04-13T10:00:48.973,NF,BANKNIFTY28APR2657500CE,174.7,168.3,187.05,110.85,358.3,339750,156.0,174.1,30,174.65,30,330990
2026-04-13T10:00:53.982,NF,BANKNIFTY28APR2657500CE,174.95,168.3,187.05,110.85,358.3,339900,156.01,175.0,30,175.8,60,330990
2026-04-13T10:01:01.387,NF,BANKNIFTY28APR2657500CE,175.95,168.3,187.05,110.85,358.3,339960,156.01,175.2,150,176.0,240,330990
2026-04-13T10:01:03.795,NF,BANKNIFTY28APR2657500CE,176.2,168.3,187.05,110.85,358.3,339990,156.01,176.05,180,176.75,90,330990
2026-04-13T10:01:06.197,NF,BANKNIFTY28APR2657500CE,176.2,168.3,187.05,110.85,358.3,340050,156.02,176.3,150,177.0,210,330990
2026-04-13T10:01:07.610,NF,BANKNIFTY28APR2657500CE,173.5,168.3,187.05,110.85,358.3,341730,156.11,173.05,30,173.6,30,330990
2026-04-13T10:01:08.802,NF,BANKNIFTY28APR2657500CE,173.25,168.3,187.05,110.85,358.3,341820,156.11,172.8,30,173.55,60,330990
2026-04-13T10:01:10.001,NF,BANKNIFTY28APR2657500CE,173.2,168.3,187.05,110.85,358.3,341850,156.12,172.85,30,173.55,30,330990
2026-04-13T10:01:11.246,NF,BANKNIFTY28APR2657500CE,173.6,168.3,187.05,110.85,358.3,341970,156.12,173.4,150,174.0,30,330990
2026-04-13T10:01:12.410,NF,BANKNIFTY28APR2657500CE,174.1,168.3,187.05,110.85,358.3,342030,156.13,173.45,30,174.1,90,330990
2026-04-13T10:01:13.816,NF,BANKNIFTY28APR2657500CE,173.95,168.3,187.05,110.85,358.3,342060,156.13,173.3,30,173.95,60,330990
2026-04-13T10:01:27.228,NF,BANKNIFTY28APR2657500CE,172.45,168.3,187.05,110.85,358.3,342090,156.13,172.95,30,173.8,30,330120
2026-04-13T10:01:30.834,NF,BANKNIFTY28APR2657500CE,173.6,168.3,187.05,110.85,358.3,342120,156.13,173.4,30,174.25,30,330120
2026-04-13T10:01:38.042,NF,BANKNIFTY28APR2657500CE,173.65,168.3,187.05,110.85,358.3,342180,156.13,173.7,60,174.5,30,330120
2026-04-13T10:01:44.256,NF,BANKNIFTY28APR2657500CE,174.55,168.3,187.05,110.85,358.3,342210,156.13,174.4,30,175.0,90,330120
2026-04-13T10:01:45.453,NF,BANKNIFTY28APR2657500CE,175.0,168.3,187.05,110.85,358.3,342240,156.14,175.2,60,176.0,600,330120
2026-04-13T10:01:46.693,NF,BANKNIFTY28APR2657500CE,176.75,168.3,187.05,110.85,358.3,343080,156.19,177.0,30,177.85,30,330120
2026-04-13T10:01:48.070,NF,BANKNIFTY28APR2657500CE,178.05,168.3,187.05,110.85,358.3,343110,156.19,177.25,60,178.05,120,330120
2026-04-13T10:01:51.670,NF,BANKNIFTY28APR2657500CE,177.5,168.3,187.05,110.85,358.3,343320,156.2,176.8,120,177.45,90,330120
2026-04-13T10:01:53.075,NF,BANKNIFTY28APR2657500CE,176.4,168.3,187.05,110.85,358.3,343350,156.2,176.0,30,176.7,60,330120
2026-04-13T10:01:54.326,NF,BANKNIFTY28APR2657500CE,175.85,168.3,187.05,110.85,358.3,343410,156.21,175.85,60,176.55,30,330120
2026-04-13T10:01:55.495,NF,BANKNIFTY28APR2657500CE,176.9,168.3,187.05,110.85,358.3,343440,156.21,176.3,150,176.9,60,330120
2026-04-13T10:01:56.674,NF,BANKNIFTY28APR2657500CE,177.05,168.3,187.05,110.85,358.3,343470,156.21,176.2,90,176.85,90,330120
2026-04-13T10:01:58.094,NF,BANKNIFTY28APR2657500CE,176.7,168.3,187.05,110.85,358.3,343500,156.21,176.2,60,176.85,150,330120
2026-04-13T10:01:59.296,NF,BANKNIFTY28APR2657500CE,177.05,168.3,187.05,110.85,358.3,343920,156.24,176.45,60,177.2,60,330120
2026-04-13T10:02:01.768,NF,BANKNIFTY28APR2657500CE,178.1,168.3,187.05,110.85,358.3,344220,156.26,177.1,30,177.9,150,330120
2026-04-13T10:02:05.503,NF,BANKNIFTY28APR2657500CE,177.6,168.3,187.05,110.85,358.3,344250,156.26,177.55,30,178.2,120,330120
2026-04-13T10:02:06.713,NF,BANKNIFTY28APR2657500CE,177.3,168.3,187.05,110.85,358.3,344310,156.26,176.5,30,177.25,90,330120
2026-04-13T10:02:14.101,NF,BANKNIFTY28APR2657500CE,177.25,168.3,187.05,110.85,358.3,344460,156.27,177.65,30,178.4,150,330120
2026-04-13T10:02:21.520,NF,BANKNIFTY28APR2657500CE,177.8,168.3,187.05,110.85,358.3,345030,156.31,177.3,30,178.3,90,330120
2026-04-13T10:02:22.711,NF,BANKNIFTY28APR2657500CE,177.85,168.3,187.05,110.85,358.3,345150,156.31,177.5,60,178.2,180,330120
2026-04-13T10:02:26.326,NF,BANKNIFTY28APR2657500CE,178.75,168.3,187.05,110.85,358.3,345180,156.32,177.65,60,178.4,90,330120
2026-04-13T10:02:28.727,NF,BANKNIFTY28APR2657500CE,177.75,168.3,187.05,110.85,358.3,345630,156.34,177.3,60,177.9,30,330120
2026-04-13T10:02:33.736,NF,BANKNIFTY28APR2657500CE,178.05,168.3,187.05,110.85,358.3,345660,156.35,177.85,30,178.8,60,330120
2026-04-13T10:02:34.941,NF,BANKNIFTY28APR2657500CE,177.7,168.3,187.05,110.85,358.3,345690,156.35,177.6,30,178.3,60,330120
2026-04-13T10:02:36.156,NF,BANKNIFTY28APR2657500CE,178.2,168.3,187.05,110.85,358.3,345750,156.35,177.25,30,178.15,60,330120
2026-04-13T10:02:39.961,NF,BANKNIFTY28APR2657500CE,178.15,168.3,187.05,110.85,358.3,345780,156.35,178.2,30,179.05,60,330120
2026-04-13T10:02:42.441,NF,BANKNIFTY28APR2657500CE,178.15,168.3,187.05,110.85,358.3,345930,156.36,178.1,30,178.95,90,330120
2026-04-13T10:02:44.986,NF,BANKNIFTY28APR2657500CE,178.9,168.3,187.05,110.85,358.3,346020,156.37,177.6,60,178.35,60,330120
2026-04-13T10:02:51.159,NF,BANKNIFTY28APR2657500CE,179.9,168.3,187.05,110.85,358.3,347250,156.45,178.4,60,179.1,480,330120
2026-04-13T10:02:54.973,NF,BANKNIFTY28APR2657500CE,178.8,168.3,187.05,110.85,358.3,347280,156.45,178.75,60,179.45,30,330120
2026-04-13T10:02:57.383,NF,BANKNIFTY28APR2657500CE,178.75,168.3,187.05,110.85,358.3,347310,156.45,178.55,60,179.2,90,330120
2026-04-13T10:02:58.580,NF,BANKNIFTY28APR2657500CE,178.75,168.3,187.05,110.85,358.3,347340,156.46,178.65,60,179.4,60,330120
2026-04-13T10:03:02.376,NF,BANKNIFTY28APR2657500CE,178.55,168.3,187.05,110.85,358.3,347370,156.46,177.7,60,178.5,90,330120
2026-04-13T10:03:03.594,NF,BANKNIFTY28APR2657500CE,177.85,168.3,187.05,110.85,358.3,347400,156.46,177.7,90,178.55,30,330120
2026-04-13T10:03:04.797,NF,BANKNIFTY28APR2657500CE,177.75,168.3,187.05,110.85,358.3,347460,156.46,177.75,60,178.55,30,330120
2026-04-13T10:03:06.017,NF,BANKNIFTY28APR2657500CE,177.25,168.3,187.05,110.85,358.3,347610,156.47,177.2,120,177.7,150,330120
2026-04-13T10:03:07.388,NF,BANKNIFTY28APR2657500CE,177.6,168.3,187.05,110.85,358.3,347700,156.48,177.05,90,177.6,60,330120
2026-04-13T10:03:08.596,NF,BANKNIFTY28APR2657500CE,178.0,168.3,187.05,110.85,358.3,347970,156.5,177.45,30,178.05,60,330120
2026-04-13T10:03:09.795,NF,BANKNIFTY28APR2657500CE,178.15,168.3,187.05,110.85,358.3,348150,156.51,177.5,30,178.1,90,330120
2026-04-13T10:03:11.004,NF,BANKNIFTY28APR2657500CE,178.2,168.3,187.05,110.85,358.3,348330,156.52,177.8,30,178.4,60,330120
2026-04-13T10:03:12.198,NF,BANKNIFTY28APR2657500CE,178.3,168.3,187.05,110.85,358.3,348630,156.54,177.45,30,178.2,120,330120
2026-04-13T10:03:13.411,NF,BANKNIFTY28APR2657500CE,178.1,168.3,187.05,110.85,358.3,348840,156.55,178.05,90,178.15,30,330120
2026-04-13T10:03:14.605,NF,BANKNIFTY28APR2657500CE,178.0,168.3,187.05,110.85,358.3,349110,156.57,178.1,90,178.75,210,330120
2026-04-13T10:03:16.000,NF,BANKNIFTY28APR2657500CE,178.5,168.3,187.05,110.85,358.3,349200,156.57,177.9,60,178.3,30,330120
2026-04-13T10:03:19.625,NF,BANKNIFTY28APR2657500CE,177.85,168.3,187.05,110.85,358.3,349230,156.57,177.85,30,178.4,150,330120
2026-04-13T10:03:21.010,NF,BANKNIFTY28APR2657500CE,177.9,168.3,187.05,110.85,358.3,349320,156.58,177.7,30,178.45,120,330120
2026-04-13T10:03:30.826,NF,BANKNIFTY28APR2657500CE,178.2,168.3,187.05,110.85,358.3,349410,156.58,179.35,120,179.95,30,330120
2026-04-13T10:03:32.029,NF,BANKNIFTY28APR2657500CE,179.2,168.3,187.05,110.85,358.3,349680,156.6,178.7,60,179.4,150,330120
2026-04-13T10:03:38.240,NF,BANKNIFTY28APR2657500CE,178.5,168.3,187.05,110.85,358.3,349770,156.61,178.6,90,179.3,30,330120
2026-04-13T10:03:46.859,NF,BANKNIFTY28APR2657500CE,178.25,168.3,187.05,110.85,358.3,349890,156.61,178.05,60,178.85,60,330120
2026-04-13T10:03:48.065,NF,BANKNIFTY28APR2657500CE,178.55,168.3,187.05,110.85,358.3,350130,156.63,177.8,60,178.55,60,330120
2026-04-13T10:03:50.465,NF,BANKNIFTY28APR2657500CE,177.2,168.3,187.05,110.85,358.3,350220,156.64,177.6,120,178.35,60,330120
2026-04-13T10:03:55.485,NF,BANKNIFTY28APR2657500CE,178.8,168.3,187.05,110.85,358.3,350250,156.64,178.55,90,179.35,30,330120
2026-04-13T10:04:00.277,NF,BANKNIFTY28APR2657500CE,178.55,168.3,187.05,110.85,358.3,350670,156.66,178.55,330,179.35,30,330120
2026-04-13T10:04:07.723,NF,BANKNIFTY28APR2657500CE,179.45,168.3,187.05,110.85,358.3,350730,156.67,179.05,30,179.9,30,330120
2026-04-13T10:04:10.095,NF,BANKNIFTY28APR2657500CE,179.25,168.3,187.05,110.85,358.3,351030,156.69,178.65,30,179.2,90,330120
2026-04-13T10:04:12.514,NF,BANKNIFTY28APR2657500CE,178.1,168.3,187.05,110.85,358.3,351300,156.7,177.4,60,178.05,90,330120
2026-04-13T10:04:13.914,NF,BANKNIFTY28APR2657500CE,177.35,168.3,187.05,110.85,358.3,351330,156.7,177.55,90,178.15,60,330120
2026-04-13T10:04:15.110,NF,BANKNIFTY28APR2657500CE,178.15,168.3,187.05,110.85,358.3,351390,156.71,178.1,30,178.9,30,330120
2026-04-13T10:04:17.513,NF,BANKNIFTY28APR2657500CE,178.35,168.3,187.05,110.85,358.3,351480,156.71,178.35,30,179.05,30,330120
2026-04-13T10:04:22.542,NF,BANKNIFTY28APR2657500CE,177.9,168.3,187.05,110.85,358.3,351600,156.72,177.65,180,178.35,30,330120
2026-04-13T10:04:23.725,NF,BANKNIFTY28APR2657500CE,177.75,168.3,187.05,110.85,358.3,351630,156.72,177.75,210,178.45,30,330120
2026-04-13T10:04:31.130,NF,BANKNIFTY28APR2657500CE,177.05,168.3,187.05,110.85,358.3,351660,156.72,177.05,30,177.25,240,330690
2026-04-13T10:04:32.526,NF,BANKNIFTY28APR2657500CE,177.15,168.3,187.05,110.85,358.3,351720,156.73,177.05,30,177.2,30,330690
2026-04-13T10:04:33.738,NF,BANKNIFTY28APR2657500CE,177.0,168.3,187.05,110.85,358.3,352350,156.76,176.1,60,176.55,60,330690
2026-04-13T10:04:34.932,NF,BANKNIFTY28APR2657500CE,176.55,168.3,187.05,110.85,358.3,352410,156.77,176.35,30,177.05,60,330690
2026-04-13T10:04:36.147,NF,BANKNIFTY28APR2657500CE,177.15,168.3,187.05,110.85,358.3,352470,156.77,177.0,60,177.15,90,330690
2026-04-13T10:04:37.349,NF,BANKNIFTY28APR2657500CE,177.15,168.3,187.05,110.85,358.3,352530,156.77,176.85,30,177.15,30,330690
2026-04-13T10:04:39.952,NF,BANKNIFTY28APR2657500CE,176.45,168.3,187.05,110.85,358.3,352560,156.78,176.4,60,177.15,60,330690
2026-04-13T10:04:44.975,NF,BANKNIFTY28APR2657500CE,177.25,168.3,187.05,110.85,358.3,352710,156.79,176.65,30,177.35,60,330690
2026-04-13T10:04:46.152,NF,BANKNIFTY28APR2657500CE,177.25,168.3,187.05,110.85,358.3,352800,156.79,177.4,60,178.1,60,330690
2026-04-13T10:04:48.792,NF,BANKNIFTY28APR2657500CE,177.9,168.3,187.05,110.85,358.3,352950,156.8,178.0,60,178.85,150,330690
2026-04-13T10:04:49.958,NF,BANKNIFTY28APR2657500CE,178.4,168.3,187.05,110.85,358.3,353070,156.81,178.35,30,179.0,570,330690
2026-04-13T10:04:51.162,NF,BANKNIFTY28APR2657500CE,179.0,168.3,187.05,110.85,358.3,353640,156.84,178.7,180,179.5,60,330690
2026-04-13T10:04:52.367,NF,BANKNIFTY28APR2657500CE,180.2,168.3,187.05,110.85,358.3,353940,156.86,180.2,30,181.1,30,330690
2026-04-13T10:04:53.766,NF,BANKNIFTY28APR2657500CE,180.2,168.3,187.05,110.85,358.3,353970,156.86,180.8,90,181.55,60,330690
2026-04-13T10:04:57.374,NF,BANKNIFTY28APR2657500CE,181.2,168.3,187.05,110.85,358.3,354330,156.89,180.8,60,181.35,60,330690
2026-04-13T10:05:01.180,NF,BANKNIFTY28APR2657500CE,181.55,168.3,187.05,110.85,358.3,354990,156.93,181.15,60,181.95,60,330690
2026-04-13T10:05:02.402,NF,BANKNIFTY28APR2657500CE,181.35,168.3,187.05,110.85,358.3,355050,156.94,181.35,60,182.0,30,330690
2026-04-13T10:05:03.782,NF,BANKNIFTY28APR2657500CE,182.45,168.3,187.05,110.85,358.3,355650,156.98,181.45,30,182.25,30,330690
2026-04-13T10:05:06.198,NF,BANKNIFTY28APR2657500CE,182.25,168.3,187.05,110.85,358.3,355680,156.98,182.0,60,182.5,150,330690
2026-04-13T10:05:07.399,NF,BANKNIFTY28APR2657500CE,182.75,168.3,187.05,110.85,358.3,355950,157.0,182.05,60,182.65,30,330690
2026-04-13T10:05:15.000,NF,BANKNIFTY28APR2657500CE,182.25,168.3,187.05,110.85,358.3,356250,157.02,181.75,90,182.45,30,330690
2026-04-13T10:05:25.015,NF,BANKNIFTY28APR2657500CE,182.25,168.3,187.05,110.85,358.3,356280,157.03,182.2,30,182.9,60,330690
2026-04-13T10:05:28.647,NF,BANKNIFTY28APR2657500CE,183.4,168.3,187.05,110.85,358.3,356310,157.03,182.85,60,183.6,180,330690
2026-04-13T10:05:29.861,NF,BANKNIFTY28APR2657500CE,182.4,168.3,187.05,110.85,358.3,356400,157.03,182.35,120,182.8,150,330690
2026-04-13T10:05:34.837,NF,BANKNIFTY28APR2657500CE,182.25,168.3,187.05,110.85,358.3,356430,157.04,182.25,270,182.8,270,330690
2026-04-13T10:05:36.256,NF,BANKNIFTY28APR2657500CE,183.25,168.3,187.05,110.85,358.3,356460,157.04,182.4,120,183.15,30,330690
2026-04-13T10:05:37.457,NF,BANKNIFTY28APR2657500CE,182.9,168.3,187.05,110.85,358.3,356550,157.05,182.8,90,183.4,60,330690
2026-04-13T10:05:38.687,NF,BANKNIFTY28APR2657500CE,182.8,168.3,187.05,110.85,358.3,356910,157.07,183.0,90,183.75,30,330690
2026-04-13T10:05:42.448,NF,BANKNIFTY28APR2657500CE,183.35,168.3,187.05,110.85,358.3,356970,157.08,183.65,60,184.4,30,330690
2026-04-13T10:05:49.858,NF,BANKNIFTY28APR2657500CE,183.7,168.3,187.05,110.85,358.3,357030,157.08,182.95,60,183.6,120,330690
2026-04-13T10:05:51.075,NF,BANKNIFTY28APR2657500CE,183.65,168.3,187.05,110.85,358.3,357060,157.08,182.8,120,183.6,60,330690
2026-04-13T10:05:52.472,NF,BANKNIFTY28APR2657500CE,183.6,168.3,187.05,110.85,358.3,357090,157.08,182.95,30,183.8,60,330690
2026-04-13T10:05:58.487,NF,BANKNIFTY28APR2657500CE,184.05,168.3,187.05,110.85,358.3,357270,157.1,183.4,90,184.05,90,330690
2026-04-13T10:06:02.275,NF,BANKNIFTY28APR2657500CE,183.6,168.3,187.05,110.85,358.3,357360,157.11,183.85,60,184.55,180,330690
2026-04-13T10:06:04.878,NF,BANKNIFTY28APR2657500CE,184.25,168.3,187.05,110.85,358.3,357510,157.12,183.45,120,184.25,60,330690
2026-04-13T10:06:06.099,NF,BANKNIFTY28APR2657500CE,184.15,168.3,187.05,110.85,358.3,357540,157.12,183.35,300,184.05,210,330690
2026-04-13T10:06:08.489,NF,BANKNIFTY28APR2657500CE,183.35,168.3,187.05,110.85,358.3,358140,157.16,182.1,30,182.75,60,330690
2026-04-13T10:06:09.687,NF,BANKNIFTY28APR2657500CE,182.1,168.3,187.05,110.85,358.3,358230,157.17,182.05,60,182.7,60,330690
2026-04-13T10:06:17.299,NF,BANKNIFTY28APR2657500CE,183.6,168.3,187.05,110.85,358.3,358260,157.17,182.95,60,183.7,60,330690
2026-04-13T10:06:18.502,NF,BANKNIFTY28APR2657500CE,184.2,168.3,187.05,110.85,358.3,358320,157.18,183.55,60,184.2,120,330690
2026-04-13T10:06:19.707,NF,BANKNIFTY28APR2657500CE,184.4,168.3,187.05,110.85,358.3,358350,157.18,183.7,60,184.6,270,330690
2026-04-13T10:06:20.906,NF,BANKNIFTY28APR2657500CE,184.65,168.3,187.05,110.85,358.3,358380,157.18,183.9,30,184.8,60,330690
2026-04-13T10:06:22.315,NF,BANKNIFTY28APR2657500CE,184.5,168.3,187.05,110.85,358.3,358530,157.19,183.9,60,184.7,120,330690
2026-04-13T10:06:25.913,NF,BANKNIFTY28APR2657500CE,184.4,168.3,187.05,110.85,358.3,358590,157.2,183.85,30,184.5,90,330690
2026-04-13T10:06:28.519,NF,BANKNIFTY28APR2657500CE,184.3,168.3,187.05,110.85,358.3,358620,157.2,183.4,30,184.15,150,330690
2026-04-13T10:06:32.124,NF,BANKNIFTY28APR2657500CE,184.1,168.3,187.05,110.85,358.3,358650,157.2,183.7,60,184.45,150,330690
2026-04-13T10:06:33.338,NF,BANKNIFTY28APR2657500CE,183.8,168.3,187.05,110.85,358.3,358680,157.2,183.3,60,184.1,60,330690
2026-04-13T10:06:34.528,NF,BANKNIFTY28APR2657500CE,184.1,168.3,187.05,110.85,358.3,358710,157.2,183.25,60,184.0,30,330690
2026-04-13T10:06:39.534,NF,BANKNIFTY28APR2657500CE,183.7,168.3,187.05,110.85,358.3,359040,157.23,183.7,60,184.4,120,330690
2026-04-13T10:06:41.939,NF,BANKNIFTY28APR2657500CE,184.25,168.3,187.05,110.85,358.3,359190,157.24,183.6,30,184.3,60,330690
2026-04-13T10:06:46.748,NF,BANKNIFTY28APR2657500CE,185.3,168.3,187.05,110.85,358.3,359280,157.25,184.65,90,185.25,120,330690
2026-04-13T10:06:48.172,NF,BANKNIFTY28APR2657500CE,184.4,168.3,187.05,110.85,358.3,359310,157.25,184.1,90,184.8,60,330690
2026-04-13T10:07:00.369,NF,BANKNIFTY28APR2657500CE,184.0,168.3,187.05,110.85,358.3,359340,157.25,184.0,60,184.7,60,330690
2026-04-13T10:07:08.779,NF,BANKNIFTY28APR2657500CE,184.0,168.3,187.05,110.85,358.3,359370,157.25,183.25,210,184.05,60,330690
2026-04-13T10:07:18.595,NF,BANKNIFTY28APR2657500CE,183.95,168.3,187.05,110.85,358.3,359400,157.26,183.4,30,184.1,60,330690
2026-04-13T10:07:21.261,NF,BANKNIFTY28APR2657500CE,185.7,168.3,187.05,110.85,358.3,359550,157.27,185.2,60,185.9,30,330690
2026-04-13T10:07:22.418,NF,BANKNIFTY28APR2657500CE,186.0,168.3,187.05,110.85,358.3,359580,157.27,185.1,60,185.8,120,330690
2026-04-13T10:07:27.231,NF,BANKNIFTY28APR2657500CE,185.35,168.3,187.05,110.85,358.3,359610,157.27,184.75,60,185.5,120,330690
2026-04-13T10:07:32.217,NF,BANKNIFTY28APR2657500CE,185.0,168.3,187.05,110.85,358.3,359760,157.28,185.2,30,185.8,120,330180
2026-04-13T10:07:35.815,NF,BANKNIFTY28APR2657500CE,185.2,168.3,187.05,110.85,358.3,359820,157.29,185.2,210,185.85,30,330180
2026-04-13T10:07:37.016,NF,BANKNIFTY28APR2657500CE,184.6,168.3,187.05,110.85,358.3,359850,157.29,184.65,90,185.3,30,330180
2026-04-13T10:07:40.629,NF,BANKNIFTY28APR2657500CE,185.35,168.3,187.05,110.85,358.3,359970,157.3,184.7,30,185.4,30,330180
2026-04-13T10:07:43.026,NF,BANKNIFTY28APR2657500CE,185.6,168.3,187.05,110.85,358.3,360030,157.31,184.85,60,185.6,30,330180
2026-04-13T10:07:45.451,NF,BANKNIFTY28APR2657500CE,185.6,168.3,187.05,110.85,358.3,360060,157.31,184.85,30,185.6,30,330180
2026-04-13T10:07:47.835,NF,BANKNIFTY28APR2657500CE,185.7,168.3,187.05,110.85,358.3,360090,157.31,184.0,150,184.65,30,330180
2026-04-13T10:07:50.243,NF,BANKNIFTY28APR2657500CE,184.65,168.3,187.05,110.85,358.3,360180,157.32,184.95,210,185.5,30,330180
2026-04-13T10:07:51.446,NF,BANKNIFTY28APR2657500CE,185.5,168.3,187.05,110.85,358.3,360240,157.32,185.2,150,185.7,30,330180
2026-04-13T10:07:52.644,NF,BANKNIFTY28APR2657500CE,185.15,168.3,187.05,110.85,358.3,360300,157.33,185.15,120,185.95,30,330180
2026-04-13T10:07:57.252,NF,BANKNIFTY28APR2657500CE,185.2,168.3,187.05,110.85,358.3,360360,157.33,185.15,60,186.0,270,330180
2026-04-13T10:07:59.655,NF,BANKNIFTY28APR2657500CE,185.7,168.3,187.05,110.85,358.3,360390,157.33,185.05,120,185.85,60,330180
2026-04-13T10:08:00.859,NF,BANKNIFTY28APR2657500CE,185.95,168.3,187.05,110.85,358.3,360420,157.34,185.2,60,185.95,30,330180
2026-04-13T10:08:02.078,NF,BANKNIFTY28APR2657500CE,186.0,168.3,187.05,110.85,358.3,360660,157.35,185.55,90,186.0,120,330180
2026-04-13T10:08:03.468,NF,BANKNIFTY28APR2657500CE,186.0,168.3,187.05,110.85,358.3,360750,157.36,185.55,120,186.0,30,330180
2026-04-13T10:08:04.686,NF,BANKNIFTY28APR2657500CE,185.55,168.3,187.05,110.85,358.3,360870,157.37,184.1,60,184.85,60,330180
2026-04-13T10:08:05.865,NF,BANKNIFTY28APR2657500CE,184.3,168.3,187.05,110.85,358.3,360930,157.38,184.1,90,184.7,30,330180
2026-04-13T10:08:10.879,NF,BANKNIFTY28APR2657500CE,183.45,168.3,187.05,110.85,358.3,360960,157.38,183.05,240,183.45,120,330180
2026-04-13T10:08:12.082,NF,BANKNIFTY28APR2657500CE,183.45,168.3,187.05,110.85,358.3,361080,157.39,183.45,150,184.0,60,330180
2026-04-13T10:08:13.277,NF,BANKNIFTY28APR2657500CE,184.0,168.3,187.05,110.85,358.3,361110,157.39,183.55,60,184.15,60,330180
2026-04-13T10:08:14.481,NF,BANKNIFTY28APR2657500CE,183.55,168.3,187.05,110.85,358.3,361140,157.39,183.55,120,184.2,60,330180
2026-04-13T10:08:15.882,NF,BANKNIFTY28APR2657500CE,183.55,168.3,187.05,110.85,358.3,361170,157.39,182.7,30,183.4,60,330180
2026-04-13T10:08:17.082,NF,BANKNIFTY28APR2657500CE,182.85,168.3,187.05,110.85,358.3,361200,157.4,183.05,150,183.8,30,330180
2026-04-13T10:08:18.284,NF,BANKNIFTY28APR2657500CE,183.05,168.3,187.05,110.85,358.3,361230,157.4,182.8,150,183.5,90,330180
2026-04-13T10:08:21.893,NF,BANKNIFTY28APR2657500CE,182.25,168.3,187.05,110.85,358.3,361410,157.41,182.25,150,182.9,90,330180
2026-04-13T10:08:24.494,NF,BANKNIFTY28APR2657500CE,182.0,168.3,187.05,110.85,358.3,361440,157.41,182.15,90,182.75,90,330180
2026-04-13T10:08:28.107,NF,BANKNIFTY28APR2657500CE,182.0,168.3,187.05,110.85,358.3,361830,157.44,182.0,630,182.25,120,330180
2026-04-13T10:08:29.305,NF,BANKNIFTY28APR2657500CE,182.25,168.3,187.05,110.85,358.3,361890,157.44,182.0,630,182.4,60,330180
2026-04-13T10:08:31.734,NF,BANKNIFTY28APR2657500CE,182.0,168.3,187.05,110.85,358.3,361950,157.45,182.0,570,182.4,60,330180
2026-04-13T10:08:33.114,NF,BANKNIFTY28APR2657500CE,182.0,168.3,187.05,110.85,358.3,361980,157.45,182.0,540,182.4,150,330180
2026-04-13T10:08:34.322,NF,BANKNIFTY28APR2657500CE,182.0,168.3,187.05,110.85,358.3,362160,157.46,182.0,360,182.5,90,330180
2026-04-13T10:08:40.325,NF,BANKNIFTY28APR2657500CE,182.7,168.3,187.05,110.85,358.3,362190,157.46,182.75,30,183.4,60,330180
2026-04-13T10:08:42.925,NF,BANKNIFTY28APR2657500CE,184.0,168.3,187.05,110.85,358.3,362280,157.47,183.25,30,184.0,60,330180
2026-04-13T10:08:56.561,NF,BANKNIFTY28APR2657500CE,182.6,168.3,187.05,110.85,358.3,362310,157.47,182.5,60,183.2,30,330180
2026-04-13T10:09:04.971,NF,BANKNIFTY28APR2657500CE,183.15,168.3,187.05,110.85,358.3,362370,157.48,182.3,30,182.9,60,330180
2026-04-13T10:09:13.784,NF,BANKNIFTY28APR2657500CE,184.0,168.3,187.05,110.85,358.3,362400,157.48,183.15,30,183.9,30,330180
2026-04-13T10:09:16.182,NF,BANKNIFTY28APR2657500CE,184.0,168.3,187.05,110.85,358.3,362430,157.48,183.6,60,184.0,570,330180
2026-04-13T10:09:17.386,NF,BANKNIFTY28APR2657500CE,183.95,168.3,187.05,110.85,358.3,362460,157.48,183.55,60,184.0,570,330180
2026-04-13T10:09:18.590,NF,BANKNIFTY28APR2657500CE,184.45,168.3,187.05,110.85,358.3,363090,157.53,184.25,60,184.65,30,330180
2026-04-13T10:09:19.793,NF,BANKNIFTY28APR2657500CE,185.2,168.3,187.05,110.85,358.3,363120,157.53,184.75,60,185.5,30,330180
2026-04-13T10:09:21.003,NF,BANKNIFTY28APR2657500CE,185.7,168.3,187.05,110.85,358.3,363150,157.53,185.05,60,185.95,30,330180
2026-04-13T10:09:22.397,NF,BANKNIFTY28APR2657500CE,184.9,168.3,187.05,110.85,358.3,363210,157.54,184.75,60,185.35,30,330180
2026-04-13T10:09:27.207,NF,BANKNIFTY28APR2657500CE,184.85,168.3,187.05,110.85,358.3,363240,157.54,184.05,60,184.95,120,330180
2026-04-13T10:09:41.033,NF,BANKNIFTY28APR2657500CE,184.0,168.3,187.05,110.85,358.3,365010,157.68,184.15,60,185.0,30,330180
2026-04-13T10:09:42.233,NF,BANKNIFTY28APR2657500CE,184.8,168.3,187.05,110.85,358.3,365520,157.71,184.0,90,184.85,30,330180
2026-04-13T10:09:43.448,NF,BANKNIFTY28APR2657500CE,184.85,168.3,187.05,110.85,358.3,365610,157.72,184.2,60,185.0,30,330180
2026-04-13T10:09:44.634,NF,BANKNIFTY28APR2657500CE,185.0,168.3,187.05,110.85,358.3,365640,157.72,184.5,30,185.3,120,330180
2026-04-13T10:09:57.053,NF,BANKNIFTY28APR2657500CE,184.85,168.3,187.05,110.85,358.3,365790,157.73,183.95,30,184.7,60,330180
2026-04-13T10:09:59.671,NF,BANKNIFTY28APR2657500CE,184.85,168.3,187.05,110.85,358.3,365850,157.74,184.35,30,184.85,30,330180
2026-04-13T10:10:05.878,NF,BANKNIFTY28APR2657500CE,184.75,168.3,187.05,110.85,358.3,366210,157.76,183.9,30,184.75,510,330180
2026-04-13T10:10:09.679,NF,BANKNIFTY28APR2657500CE,183.15,168.3,187.05,110.85,358.3,366270,157.77,183.15,60,184.0,60,330180
2026-04-13T10:10:12.086,NF,BANKNIFTY28APR2657500CE,183.4,168.3,187.05,110.85,358.3,366300,157.77,183.35,30,184.0,120,330180
2026-04-13T10:10:20.891,NF,BANKNIFTY28APR2657500CE,184.0,168.3,187.05,110.85,358.3,366390,157.78,183.8,60,184.0,60,330180
2026-04-13T10:10:22.093,NF,BANKNIFTY28APR2657500CE,184.0,168.3,187.05,110.85,358.3,366450,157.78,184.05,60,184.85,30,330180
2026-04-13T10:10:29.578,NF,BANKNIFTY28APR2657500CE,184.85,168.3,187.05,110.85,358.3,366540,157.79,184.6,120,185.0,30,331110
2026-04-13T10:10:42.138,NF,BANKNIFTY28APR2657500CE,184.45,168.3,187.05,110.85,358.3,366570,157.79,184.4,30,184.95,60,331110
2026-04-13T10:10:43.326,NF,BANKNIFTY28APR2657500CE,185.0,168.3,187.05,110.85,358.3,366630,157.79,184.8,120,185.5,150,331110
2026-04-13T10:10:46.936,NF,BANKNIFTY28APR2657500CE,184.85,168.3,187.05,110.85,358.3,366690,157.8,184.3,30,185.1,30,331110
2026-04-13T10:10:59.355,NF,BANKNIFTY28APR2657500CE,185.25,168.3,187.05,110.85,358.3,366720,157.8,184.55,60,185.3,90,331110
2026-04-13T10:11:04.365,NF,BANKNIFTY28APR2657500CE,185.05,168.3,187.05,110.85,358.3,366930,157.82,184.05,60,184.95,60,331110
2026-04-13T10:11:07.963,NF,BANKNIFTY28APR2657500CE,185.1,168.3,187.05,110.85,358.3,367050,157.83,184.3,30,185.15,750,331110
2026-04-13T10:11:15.573,NF,BANKNIFTY28APR2657500CE,183.85,168.3,187.05,110.85,358.3,367080,157.83,183.9,90,184.7,90,331110
2026-04-13T10:11:22.995,NF,BANKNIFTY28APR2657500CE,183.1,168.3,187.05,110.85,358.3,367110,157.83,183.15,90,183.85,60,331110
2026-04-13T10:11:29.206,NF,BANKNIFTY28APR2657500CE,184.05,168.3,187.05,110.85,358.3,367140,157.83,183.45,60,184.35,60,331110
2026-04-13T10:11:30.592,NF,BANKNIFTY28APR2657500CE,184.35,168.3,187.05,110.85,358.3,367170,157.83,183.65,60,184.55,30,331110
2026-04-13T10:11:39.405,NF,BANKNIFTY28APR2657500CE,183.35,168.3,187.05,110.85,358.3,367200,157.84,183.45,120,184.15,150,331110
2026-04-13T10:11:45.617,NF,BANKNIFTY28APR2657500CE,184.6,168.3,187.05,110.85,358.3,367260,157.84,184.55,60,185.45,60,331110
2026-04-13T10:11:50.624,NF,BANKNIFTY28APR2657500CE,185.6,168.3,187.05,110.85,358.3,367290,157.84,184.3,60,185.25,90,331110
2026-04-13T10:11:53.026,NF,BANKNIFTY28APR2657500CE,185.7,168.3,187.05,110.85,358.3,367440,157.85,185.05,60,185.7,150,331110
2026-04-13T10:11:58.036,NF,BANKNIFTY28APR2657500CE,185.35,168.3,187.05,110.85,358.3,367590,157.86,184.45,90,185.4,60,331110
2026-04-13T10:11:59.241,NF,BANKNIFTY28APR2657500CE,185.35,168.3,187.05,110.85,358.3,367620,157.87,185.1,120,185.95,30,331110
2026-04-13T10:12:03.054,NF,BANKNIFTY28APR2657500CE,186.0,168.3,187.05,110.85,358.3,367650,157.87,186.1,120,186.75,30,331110
2026-04-13T10:12:05.658,NF,BANKNIFTY28APR2657500CE,185.6,168.3,187.05,110.85,358.3,367740,157.88,185.45,120,186.1,30,331110
2026-04-13T10:12:15.462,NF,BANKNIFTY28APR2657500CE,186.6,168.3,187.05,110.85,358.3,367800,157.88,186.0,150,186.85,60,331110
2026-04-13T10:12:17.867,NF,BANKNIFTY28APR2657500CE,185.65,168.3,187.05,110.85,358.3,367920,157.89,186.0,30,186.45,60,331110
2026-04-13T10:12:19.070,NF,BANKNIFTY28APR2657500CE,186.45,168.3,187.05,110.85,358.3,367980,157.89,186.0,240,186.6,30,331110
2026-04-13T10:12:24.080,NF,BANKNIFTY28APR2657500CE,186.05,168.3,187.05,110.85,358.3,368010,157.9,186.0,120,186.6,90,331110
2026-04-13T10:12:27.685,NF,BANKNIFTY28APR2657500CE,186.6,168.3,187.25,110.85,358.3,368400,157.93,186.55,60,187.25,60,331110
2026-04-13T10:12:29.094,NF,BANKNIFTY28APR2657500CE,187.2,168.3,187.25,110.85,358.3,368490,157.93,186.5,90,187.35,30,331110
2026-04-13T10:12:32.698,NF,BANKNIFTY28APR2657500CE,187.95,168.3,187.95,110.85,358.3,368670,157.95,187.0,60,187.8,60,331110
2026-04-13T10:12:33.907,NF,BANKNIFTY28APR2657500CE,187.8,168.3,187.95,110.85,358.3,368700,157.95,186.9,60,187.8,60,331110
2026-04-13T10:12:37.500,NF,BANKNIFTY28APR2657500CE,187.8,168.3,187.95,110.85,358.3,368730,157.95,187.2,180,187.95,30,331110
2026-04-13T10:12:38.516,NF,BANKNIFTY28APR2657500CE,186.9,168.3,187.95,110.85,358.3,368760,157.96,186.2,30,187.2,30,331110
2026-04-13T10:12:39.715,NF,BANKNIFTY28APR2657500CE,186.3,168.3,187.95,110.85,358.3,368790,157.96,185.55,120,186.4,30,331110
2026-04-13T10:12:41.105,NF,BANKNIFTY28APR2657500CE,186.9,168.3,187.95,110.85,358.3,368910,157.97,186.65,30,187.45,30,331110
2026-04-13T10:12:43.510,NF,BANKNIFTY28APR2657500CE,186.55,168.3,187.95,110.85,358.3,368940,157.97,186.0,120,186.7,60,331110
2026-04-13T10:12:44.745,NF,BANKNIFTY28APR2657500CE,187.0,168.3,187.95,110.85,358.3,369540,158.02,185.8,90,186.75,30,331110
2026-04-13T10:12:47.118,NF,BANKNIFTY28APR2657500CE,186.25,168.3,187.95,110.85,358.3,369600,158.02,186.5,150,186.85,30,331110
2026-04-13T10:12:48.516,NF,BANKNIFTY28APR2657500CE,186.85,168.3,187.95,110.85,358.3,369630,158.02,186.85,30,187.7,60,331110
2026-04-13T10:12:50.925,NF,BANKNIFTY28APR2657500CE,188.0,168.3,188.0,110.85,358.3,369720,158.03,187.35,60,188.0,690,331110
2026-04-13T10:12:53.360,NF,BANKNIFTY28APR2657500CE,188.0,168.3,188.0,110.85,358.3,369750,158.03,187.4,60,188.0,690,331110
2026-04-13T10:12:54.532,NF,BANKNIFTY28APR2657500CE,187.3,168.3,188.0,110.85,358.3,369780,158.04,187.35,90,187.95,30,331110
2026-04-13T10:13:00.740,NF,BANKNIFTY28APR2657500CE,188.0,168.3,188.0,110.85,358.3,369900,158.05,187.6,90,188.0,600,331110
2026-04-13T10:13:01.942,NF,BANKNIFTY28APR2657500CE,187.75,168.3,188.0,110.85,358.3,369960,158.05,187.55,90,188.0,570,331110
2026-04-13T10:13:03.344,NF,BANKNIFTY28APR2657500CE,188.0,168.3,188.0,110.85,358.3,370530,158.1,188.2,60,188.9,90,331110
2026-04-13T10:13:04.547,NF,BANKNIFTY28APR2657500CE,187.95,168.3,188.2,110.85,358.3,371250,158.15,187.9,90,188.6,30,331110
2026-04-13T10:13:06.958,NF,BANKNIFTY28APR2657500CE,187.85,168.3,188.2,110.85,358.3,371280,158.16,187.85,60,188.6,30,331110
2026-04-13T10:13:09.555,NF,BANKNIFTY28APR2657500CE,187.1,168.3,188.2,110.85,358.3,371370,158.16,187.1,90,187.8,30,331110
2026-04-13T10:13:11.961,NF,BANKNIFTY28APR2657500CE,187.7,168.3,188.2,110.85,358.3,371430,158.17,187.2,150,187.95,60,331110
2026-04-13T10:13:13.160,NF,BANKNIFTY28APR2657500CE,186.85,168.3,188.2,110.85,358.3,371460,158.17,186.05,60,186.7,30,331110
2026-04-13T10:13:14.365,NF,BANKNIFTY28APR2657500CE,186.7,168.3,188.2,110.85,358.3,371490,158.17,185.2,30,186.1,60,331110
2026-04-13T10:13:16.965,NF,BANKNIFTY28APR2657500CE,186.15,168.3,188.2,110.85,358.3,371520,158.18,185.6,60,186.15,60,331110
2026-04-13T10:13:19.373,NF,BANKNIFTY28APR2657500CE,185.65,168.3,188.2,110.85,358.3,371550,158.18,185.7,210,186.15,90,331110
2026-04-13T10:13:21.776,NF,BANKNIFTY28APR2657500CE,186.15,168.3,188.2,110.85,358.3,371580,158.18,185.7,150,186.15,30,331110
2026-04-13T10:13:24.379,NF,BANKNIFTY28APR2657500CE,186.15,168.3,188.2,110.85,358.3,371610,158.18,185.65,150,186.35,30,331110
2026-04-13T10:13:25.581,NF,BANKNIFTY28APR2657500CE,186.0,168.3,188.2,110.85,358.3,371670,158.19,185.65,30,186.0,180,331110
2026-04-13T10:13:26.786,NF,BANKNIFTY28APR2657500CE,186.2,168.3,188.2,110.85,358.3,371880,158.2,185.7,180,186.3,60,331110
2026-04-13T10:13:30.446,NF,BANKNIFTY28APR2657500CE,185.7,168.3,188.2,110.85,358.3,371970,158.21,185.8,30,186.2,30,331380
2026-04-13T10:13:31.593,NF,BANKNIFTY28APR2657500CE,185.4,168.3,188.2,110.85,358.3,372180,158.23,185.5,90,186.0,30,331380
2026-04-13T10:13:32.799,NF,BANKNIFTY28APR2657500CE,186.15,168.3,188.2,110.85,358.3,372210,158.23,185.6,180,186.2,30,331380
2026-04-13T10:13:35.400,NF,BANKNIFTY28APR2657500CE,185.65,168.3,188.2,110.85,358.3,372240,158.23,185.7,30,186.3,90,331380
2026-04-13T10:13:36.611,NF,BANKNIFTY28APR2657500CE,185.8,168.3,188.2,110.85,358.3,372270,158.23,185.85,150,186.3,60,331380
2026-04-13T10:13:40.004,NF,BANKNIFTY28APR2657500CE,186.35,168.3,188.2,110.85,358.3,372360,158.24,186.35,30,186.6,150,331380
2026-04-13T10:13:41.208,NF,BANKNIFTY28APR2657500CE,186.55,168.3,188.2,110.85,358.3,372540,158.25,186.55,30,186.75,30,331380
2026-04-13T10:13:42.418,NF,BANKNIFTY28APR2657500CE,186.75,168.3,188.2,110.85,358.3,372570,158.25,185.85,30,186.6,30,331380
2026-04-13T10:13:46.037,NF,BANKNIFTY28APR2657500CE,186.75,168.3,188.2,110.85,358.3,372630,158.26,186.25,30,186.75,30,331380
2026-04-13T10:13:48.426,NF,BANKNIFTY28APR2657500CE,185.75,168.3,188.2,110.85,358.3,372660,158.26,185.0,30,185.55,30,331380
2026-04-13T10:13:52.227,NF,BANKNIFTY28APR2657500CE,185.0,168.3,188.2,110.85,358.3,372690,158.26,185.1,180,185.7,90,331380
2026-04-13T10:13:53.427,NF,BANKNIFTY28APR2657500CE,185.85,168.3,188.2,110.85,358.3,372750,158.27,185.05,30,185.85,30,331380
2026-04-13T10:14:03.446,NF,BANKNIFTY28APR2657500CE,180.4,168.3,188.2,110.85,358.3,373200,158.3,180.3,150,180.8,30,331380
2026-04-13T10:14:05.868,NF,BANKNIFTY28APR2657500CE,180.3,168.3,188.2,110.85,358.3,373230,158.3,180.0,60,180.25,30,331380
2026-04-13T10:14:07.057,NF,BANKNIFTY28APR2657500CE,179.8,168.3,188.2,110.85,358.3,373500,158.31,179.45,240,179.85,30,331380
2026-04-13T10:14:08.453,NF,BANKNIFTY28APR2657500CE,179.4,168.3,188.2,110.85,358.3,373530,158.31,179.4,150,179.85,60,331380
2026-04-13T10:14:09.656,NF,BANKNIFTY28APR2657500CE,179.8,168.3,188.2,110.85,358.3,373560,158.32,179.3,60,179.85,60,331380
2026-04-13T10:14:10.856,NF,BANKNIFTY28APR2657500CE,179.65,168.3,188.2,110.85,358.3,373590,158.32,179.5,150,179.9,90,331380
2026-04-13T10:14:12.058,NF,BANKNIFTY28APR2657500CE,179.9,168.3,188.2,110.85,358.3,373680,158.32,179.9,150,180.3,60,331380
2026-04-13T10:14:13.457,NF,BANKNIFTY28APR2657500CE,179.6,168.3,188.2,110.85,358.3,373770,158.33,179.6,150,180.15,60,331380
2026-04-13T10:14:14.668,NF,BANKNIFTY28APR2657500CE,180.3,168.3,188.2,110.85,358.3,373890,158.34,179.3,60,180.0,120,331380
2026-04-13T10:14:15.865,NF,BANKNIFTY28APR2657500CE,179.5,168.3,188.2,110.85,358.3,374040,158.34,180.05,30,180.4,150,331380
2026-04-13T10:14:17.065,NF,BANKNIFTY28APR2657500CE,180.4,168.3,188.2,110.85,358.3,374130,158.35,179.65,60,180.4,90,331380
2026-04-13T10:14:18.290,NF,BANKNIFTY28APR2657500CE,179.85,168.3,188.2,110.85,358.3,374460,158.37,179.75,60,180.65,30,331380
2026-04-13T10:14:19.673,NF,BANKNIFTY28APR2657500CE,179.65,168.3,188.2,110.85,358.3,374490,158.37,179.3,180,180.15,30,331380
2026-04-13T10:14:34.488,NF,BANKNIFTY28APR2657500CE,180.7,168.3,188.2,110.85,358.3,374520,158.37,181.3,30,182.15,120,331380
2026-04-13T10:14:38.099,NF,BANKNIFTY28APR2657500CE,183.0,168.3,188.2,110.85,358.3,376020,158.47,181.0,60,181.6,30,331380
2026-04-13T10:14:41.907,NF,BANKNIFTY28APR2657500CE,182.0,168.3,188.2,110.85,358.3,376050,158.47,181.3,30,182.0,240,331380
2026-04-13T10:14:45.511,NF,BANKNIFTY28APR2657500CE,181.6,168.3,188.2,110.85,358.3,376110,158.47,180.95,30,181.6,150,331380
2026-04-13T10:14:46.919,NF,BANKNIFTY28APR2657500CE,181.15,168.3,188.2,110.85,358.3,376170,158.48,180.05,30,180.85,30,331380
2026-04-13T10:14:50.521,NF,BANKNIFTY28APR2657500CE,180.6,168.3,188.2,110.85,358.3,376200,158.48,180.35,60,181.15,120,331380
2026-04-13T10:14:54.320,NF,BANKNIFTY28APR2657500CE,180.35,168.3,188.2,110.85,358.3,376230,158.48,180.2,60,181.0,600,331380
2026-04-13T10:14:59.334,NF,BANKNIFTY28APR2657500CE,180.95,168.3,188.2,110.85,358.3,376260,158.48,180.05,60,180.85,90,331380
2026-04-13T10:15:00.527,NF,BANKNIFTY28APR2657500CE,179.55,168.3,188.2,110.85,358.3,376290,158.48,179.1,90,179.95,30,331380
2026-04-13T10:15:03.142,NF,BANKNIFTY28APR2657500CE,179.8,168.3,188.2,110.85,358.3,376410,158.49,179.1,30,179.7,60,331380
2026-04-13T10:15:04.335,NF,BANKNIFTY28APR2657500CE,179.35,168.3,188.2,110.85,358.3,376560,158.5,178.5,60,179.35,60,331380
2026-04-13T10:15:05.544,NF,BANKNIFTY28APR2657500CE,179.35,168.3,188.2,110.85,358.3,376650,158.5,179.4,30,179.65,270,331380
2026-04-13T10:15:06.739,NF,BANKNIFTY28APR2657500CE,179.65,168.3,188.2,110.85,358.3,376890,158.52,179.05,60,179.65,60,331380
2026-04-13T10:15:09.352,NF,BANKNIFTY28APR2657500CE,176.45,168.3,188.2,110.85,358.3,377160,158.53,176.45,180,177.05,30,331380
2026-04-13T10:15:10.544,NF,BANKNIFTY28APR2657500CE,176.3,168.3,188.2,110.85,358.3,379620,158.64,176.05,150,176.95,90,331380
2026-04-13T10:15:14.357,NF,BANKNIFTY28APR2657500CE,175.3,168.3,188.2,110.85,358.3,379650,158.64,175.2,90,176.1,30,331380
2026-04-13T10:15:15.560,NF,BANKNIFTY28APR2657500CE,174.9,168.3,188.2,110.85,358.3,380310,158.67,175.15,30,176.05,30,331380
2026-04-13T10:15:17.960,NF,BANKNIFTY28APR2657500CE,175.3,168.3,188.2,110.85,358.3,380370,158.67,175.2,90,176.0,30,331380
2026-04-13T10:15:22.764,NF,BANKNIFTY28APR2657500CE,175.15,168.3,188.2,110.85,358.3,380520,158.68,175.35,30,176.25,120,331380
2026-04-13T10:15:25.173,NF,BANKNIFTY28APR2657500CE,175.6,168.3,188.2,110.85,358.3,380580,158.68,175.2,30,176.1,60,331380
2026-04-13T10:15:27.574,NF,BANKNIFTY28APR2657500CE,175.95,168.3,188.2,110.85,358.3,380610,158.68,175.2,30,175.95,180,331380
2026-04-13T10:15:30.183,NF,BANKNIFTY28APR2657500CE,175.0,168.3,188.2,110.85,358.3,380880,158.7,174.15,150,174.9,120,331380
2026-04-13T10:15:32.581,NF,BANKNIFTY28APR2657500CE,174.45,168.3,188.2,110.85,358.3,380970,158.7,173.95,30,174.65,30,331380
2026-04-13T10:15:33.785,NF,BANKNIFTY28APR2657500CE,174.45,168.3,188.2,110.85,358.3,381000,158.7,173.7,90,174.45,30,331380
2026-04-13T10:15:34.994,NF,BANKNIFTY28APR2657500CE,174.7,168.3,188.2,110.85,358.3,381150,158.71,173.85,30,174.65,90,331380
2026-04-13T10:15:37.587,NF,BANKNIFTY28APR2657500CE,174.3,168.3,188.2,110.85,358.3,381210,158.71,173.7,60,174.3,30,331380
2026-04-13T10:15:38.595,NF,BANKNIFTY28APR2657500CE,173.7,168.3,188.2,110.85,358.3,381240,158.71,173.7,120,174.35,30,331380
2026-04-13T10:15:39.795,NF,BANKNIFTY28APR2657500CE,173.65,168.3,188.2,110.85,358.3,381360,158.72,172.75,150,173.65,30,331380
2026-04-13T10:15:41.199,NF,BANKNIFTY28APR2657500CE,174.0,168.3,188.2,110.85,358.3,383760,158.81,173.35,30,174.05,60,331380
2026-04-13T10:15:42.395,NF,BANKNIFTY28APR2657500CE,173.3,168.3,188.2,110.85,358.3,383790,158.81,172.9,60,173.65,180,331380
2026-04-13T10:15:43.609,NF,BANKNIFTY28APR2657500CE,172.65,168.3,188.2,110.85,358.3,383850,158.81,172.7,30,173.45,60,331380
2026-04-13T10:15:44.810,NF,BANKNIFTY28APR2657500CE,173.35,168.3,188.2,110.85,358.3,383880,158.82,172.55,30,173.1,210,331380
2026-04-13T10:15:46.003,NF,BANKNIFTY28APR2657500CE,172.2,168.3,188.2,110.85,358.3,383970,158.82,172.0,60,172.65,150,331380
2026-04-13T10:15:48.617,NF,BANKNIFTY28APR2657500CE,172.8,168.3,188.2,110.85,358.3,384030,158.82,173.3,30,174.0,30,331380
2026-04-13T10:15:49.811,NF,BANKNIFTY28APR2657500CE,174.2,168.3,188.2,110.85,358.3,384240,158.83,173.85,30,174.65,240,331380
2026-04-13T10:15:51.022,NF,BANKNIFTY28APR2657500CE,174.2,168.3,188.2,110.85,358.3,384300,158.83,174.2,30,174.95,30,331380
2026-04-13T10:15:53.615,NF,BANKNIFTY28APR2657500CE,173.85,168.3,188.2,110.85,358.3,384720,158.85,174.35,60,175.0,750,331380
2026-04-13T10:15:54.821,NF,BANKNIFTY28APR2657500CE,174.35,168.3,188.2,110.85,358.3,384750,158.85,174.3,30,174.95,90,331380
2026-04-13T10:16:03.642,NF,BANKNIFTY28APR2657500CE,173.35,168.3,188.2,110.85,358.3,384780,158.85,173.2,150,174.1,30,331380
2026-04-13T10:16:04.836,NF,BANKNIFTY28APR2657500CE,172.8,168.3,188.2,110.85,358.3,384870,158.85,172.8,90,173.65,90,331380
2026-04-13T10:16:08.643,NF,BANKNIFTY28APR2657500CE,172.95,168.3,188.2,110.85,358.3,384900,158.85,172.7,150,173.55,60,331380
2026-04-13T10:16:09.847,NF,BANKNIFTY28APR2657500CE,173.7,168.3,188.2,110.85,358.3,384930,158.86,172.85,30,173.5,210,331380
2026-04-13T10:16:17.260,NF,BANKNIFTY28APR2657500CE,174.6,168.3,188.2,110.85,358.3,384960,158.86,174.45,30,174.95,150,331380
2026-04-13T10:16:18.660,NF,BANKNIFTY28APR2657500CE,176.55,168.3,188.2,110.85,358.3,385320,158.87,175.55,30,176.45,210,331380
2026-04-13T10:16:23.470,NF,BANKNIFTY28APR2657500CE,174.3,168.3,188.2,110.85,358.3,385380,158.88,174.05,30,174.75,90,331380
2026-04-13T10:16:28.478,NF,BANKNIFTY28APR2657500CE,173.75,168.3,188.2,110.85,358.3,385410,158.88,173.7,60,174.6,60,331380
2026-04-13T10:16:34.688,NF,BANKNIFTY28APR2657500CE,175.2,168.3,188.2,110.85,358.3,385440,158.88,175.6,30,176.45,150,328950
2026-04-13T10:16:38.294,NF,BANKNIFTY28APR2657500CE,175.7,168.3,188.2,110.85,358.3,385470,158.88,174.8,30,175.65,30,328950
2026-04-13T10:16:39.498,NF,BANKNIFTY28APR2657500CE,175.6,168.3,188.2,110.85,358.3,385590,158.88,175.6,30,176.0,120,328950
2026-04-13T10:16:40.701,NF,BANKNIFTY28APR2657500CE,175.8,168.3,188.2,110.85,358.3,385710,158.89,175.15,30,176.0,30,328950
2026-04-13T10:16:41.905,NF,BANKNIFTY28APR2657500CE,175.9,168.3,188.2,110.85,358.3,385770,158.89,174.85,30,175.55,60,328950
2026-04-13T10:16:46.910,NF,BANKNIFTY28APR2657500CE,175.2,168.3,188.2,110.85,358.3,385830,158.9,174.9,30,175.55,60,328950
2026-04-13T10:17:05.540,NF,BANKNIFTY28APR2657500CE,174.7,168.3,188.2,110.85,358.3,386730,158.93,173.4,60,174.25,150,328950
2026-04-13T10:17:06.760,NF,BANKNIFTY28APR2657500CE,173.0,168.3,188.2,110.85,358.3,386820,158.93,172.85,180,173.65,30,328950
2026-04-13T10:17:10.547,NF,BANKNIFTY28APR2657500CE,173.95,168.3,188.2,110.85,358.3,387120,158.95,172.95,60,173.8,60,328950
2026-04-13T10:17:11.768,NF,BANKNIFTY28APR2657500CE,172.95,168.3,188.2,110.85,358.3,387150,158.95,172.85,60,173.55,90,328950
2026-04-13T10:17:13.161,NF,BANKNIFTY28APR2657500CE,172.8,168.3,188.2,110.85,358.3,387180,158.95,172.65,90,173.45,60,328950
2026-04-13T10:17:14.356,NF,BANKNIFTY28APR2657500CE,172.55,168.3,188.2,110.85,358.3,387270,158.95,172.5,150,173.3,60,328950
2026-04-13T10:17:26.569,NF,BANKNIFTY28APR2657500CE,172.3,168.3,188.2,110.85,358.3,387300,158.95,171.8,30,172.45,60,328950
2026-04-13T10:17:28.994,NF,BANKNIFTY28APR2657500CE,172.55,168.3,188.2,110.85,358.3,387330,158.95,171.95,60,172.75,150,328950
2026-04-13T10:17:30.178,NF,BANKNIFTY28APR2657500CE,172.9,168.3,188.2,110.85,358.3,387390,158.96,172.8,120,173.4,150,328950
2026-04-13T10:17:38.800,NF,BANKNIFTY28APR2657500CE,172.4,168.3,188.2,110.85,358.3,387450,158.96,172.5,30,173.35,60,328950
2026-04-13T10:17:43.596,NF,BANKNIFTY28APR2657500CE,172.6,168.3,188.2,110.85,358.3,387480,158.96,172.35,30,173.2,120,328950
2026-04-13T10:17:44.800,NF,BANKNIFTY28APR2657500CE,172.05,168.3,188.2,110.85,358.3,387600,158.96,172.0,30,172.5,90,328950
2026-04-13T10:17:46.197,NF,BANKNIFTY28APR2657500CE,172.9,168.3,188.2,110.85,358.3,387750,158.97,172.3,30,173.15,150,328950
2026-04-13T10:17:54.610,NF,BANKNIFTY28APR2657500CE,171.25,168.3,188.2,110.85,358.3,387930,158.97,171.4,30,172.25,60,328950
2026-04-13T10:18:02.020,NF,BANKNIFTY28APR2657500CE,171.8,168.3,188.2,110.85,358.3,388020,158.98,171.5,90,172.4,30,328950
2026-04-13T10:18:05.624,NF,BANKNIFTY28APR2657500CE,174.1,168.3,188.2,110.85,358.3,388050,158.98,173.05,30,173.9,60,328950
2026-04-13T10:18:09.429,NF,BANKNIFTY28APR2657500CE,174.15,168.3,188.2,110.85,358.3,388080,158.98,174.2,30,175.1,60,328950
2026-04-13T10:18:16.850,NF,BANKNIFTY28APR2657500CE,175.25,168.3,188.2,110.85,358.3,388110,158.98,174.6,30,175.25,150,328950
2026-04-13T10:18:18.254,NF,BANKNIFTY28APR2657500CE,174.5,168.3,188.2,110.85,358.3,388290,158.99,174.0,30,174.5,150,328950
2026-04-13T10:18:21.861,NF,BANKNIFTY28APR2657500CE,174.65,168.3,188.2,110.85,358.3,388320,158.99,174.6,120,174.9,180,328950
2026-04-13T10:18:23.250,NF,BANKNIFTY28APR2657500CE,174.6,168.3,188.2,110.85,358.3,388500,159.0,174.4,210,175.1,180,328950
2026-04-13T10:18:24.457,NF,BANKNIFTY28APR2657500CE,176.0,168.3,188.2,110.85,358.3,389040,159.02,175.2,30,175.85,150,328950
2026-04-13T10:18:25.656,NF,BANKNIFTY28APR2657500CE,175.05,168.3,188.2,110.85,358.3,389100,159.02,174.8,120,175.4,30,328950
2026-04-13T10:18:26.858,NF,BANKNIFTY28APR2657500CE,174.8,168.3,188.2,110.85,358.3,389160,159.02,174.4,30,174.85,60,328950
2026-04-13T10:18:30.669,NF,BANKNIFTY28APR2657500CE,175.4,168.3,188.2,110.85,358.3,389190,159.02,174.6,30,175.35,30,328950
2026-04-13T10:18:35.675,NF,BANKNIFTY28APR2657500CE,175.65,168.3,188.2,110.85,358.3,389220,159.03,175.2,30,175.9,120,328950
2026-04-13T10:18:40.287,NF,BANKNIFTY28APR2657500CE,175.15,168.3,188.2,110.85,358.3,389400,159.03,175.6,120,176.2,60,328950
2026-04-13T10:18:42.886,NF,BANKNIFTY28APR2657500CE,175.75,168.3,188.2,110.85,358.3,389430,159.03,175.65,30,176.25,60,328950
2026-04-13T10:18:45.295,NF,BANKNIFTY28APR2657500CE,175.25,168.3,188.2,110.85,358.3,389550,159.04,175.25,60,175.9,60,328950
2026-04-13T10:18:58.715,NF,BANKNIFTY28APR2657500CE,175.6,168.3,188.2,110.85,358.3,389580,159.04,175.6,30,176.15,150,328950
2026-04-13T10:19:01.129,NF,BANKNIFTY28APR2657500CE,176.8,168.3,188.2,110.85,358.3,389670,159.04,176.7,30,177.1,150,328950
2026-04-13T10:19:02.529,NF,BANKNIFTY28APR2657500CE,177.0,168.3,188.2,110.85,358.3,390120,159.07,176.45,30,177.15,30,328950
2026-04-13T10:19:06.140,NF,BANKNIFTY28APR2657500CE,177.0,168.3,188.2,110.85,358.3,390270,159.07,176.85,60,177.6,30,328950
2026-04-13T10:19:07.335,NF,BANKNIFTY28APR2657500CE,177.6,168.3,188.2,110.85,358.3,390300,159.07,176.6,30,177.2,150,328950
2026-04-13T10:19:08.732,NF,BANKNIFTY28APR2657500CE,177.2,168.3,188.2,110.85,358.3,390330,159.08,176.5,120,177.2,180,328950
2026-04-13T10:19:14.939,NF,BANKNIFTY28APR2657500CE,177.15,168.3,188.2,110.85,358.3,390360,159.08,177.15,150,177.75,120,328950
2026-04-13T10:19:18.545,NF,BANKNIFTY28APR2657500CE,177.35,168.3,188.2,110.85,358.3,390510,159.08,176.6,60,177.3,60,328950
2026-04-13T10:19:23.354,NF,BANKNIFTY28APR2657500CE,178.95,168.3,188.2,110.85,358.3,390570,159.09,178.0,240,178.55,210,328950
2026-04-13T10:19:25.759,NF,BANKNIFTY28APR2657500CE,178.4,168.3,188.2,110.85,358.3,390600,159.09,177.9,120,178.45,240,328950
2026-04-13T10:19:28.164,NF,BANKNIFTY28APR2657500CE,177.85,168.3,188.2,110.85,358.3,390660,159.09,177.85,30,178.4,120,328950
2026-04-13T10:19:30.587,NF,BANKNIFTY28APR2657500CE,178.55,168.3,188.2,110.85,358.3,390690,159.09,177.95,30,178.55,150,327750
2026-04-13T10:19:35.373,NF,BANKNIFTY28APR2657500CE,179.0,168.3,188.2,110.85,358.3,390720,159.09,179.05,30,179.8,210,327750
2026-04-13T10:19:40.382,NF,BANKNIFTY28APR2657500CE,179.6,168.3,188.2,110.85,358.3,390780,159.1,179.55,60,180.0,120,327750
2026-04-13T10:19:42.986,NF,BANKNIFTY28APR2657500CE,178.55,168.3,188.2,110.85,358.3,390840,159.1,178.55,90,179.25,60,327750
2026-04-13T10:19:44.185,NF,BANKNIFTY28APR2657500CE,179.95,168.3,188.2,110.85,358.3,391170,159.12,179.6,30,180.0,30,327750
2026-04-13T10:19:46.589,NF,BANKNIFTY28APR2657500CE,180.0,168.3,188.2,110.85,358.3,391200,159.12,180.05,30,180.85,240,327750
2026-04-13T10:19:48.992,NF,BANKNIFTY28APR2657500CE,180.7,168.3,188.2,110.85,358.3,391230,159.12,180.85,60,181.45,90,327750
2026-04-13T10:19:50.235,NF,BANKNIFTY28APR2657500CE,181.65,168.3,188.2,110.85,358.3,391440,159.13,181.6,180,182.0,180,327750
2026-04-13T10:19:51.400,NF,BANKNIFTY28APR2657500CE,182.45,168.3,188.2,110.85,358.3,391740,159.15,182.5,90,183.15,30,327750
2026-04-13T10:19:52.799,NF,BANKNIFTY28APR2657500CE,183.25,168.3,188.2,110.85,358.3,392040,159.17,182.7,60,183.25,60,327750
2026-04-13T10:19:56.412,NF,BANKNIFTY28APR2657500CE,182.4,168.3,188.2,110.85,358.3,392130,159.17,182.45,60,183.25,30,327750
2026-04-13T10:20:00.212,NF,BANKNIFTY28APR2657500CE,183.2,168.3,188.2,110.85,358.3,392160,159.18,182.15,60,182.95,60,327750
2026-04-13T10:20:06.443,NF,BANKNIFTY28APR2657500CE,181.8,168.3,188.2,110.85,358.3,392190,159.18,182.0,120,182.8,180,327750
2026-04-13T10:20:09.025,NF,BANKNIFTY28APR2657500CE,182.5,168.3,188.2,110.85,358.3,393000,159.23,181.7,90,182.55,30,327750
2026-04-13T10:20:12.630,NF,BANKNIFTY28APR2657500CE,181.75,168.3,188.2,110.85,358.3,393030,159.23,180.9,60,181.6,150,327750
2026-04-13T10:20:15.056,NF,BANKNIFTY28APR2657500CE,182.45,168.3,188.2,110.85,358.3,393090,159.23,181.65,60,182.45,90,327750
2026-04-13T10:20:17.649,NF,BANKNIFTY28APR2657500CE,182.3,168.3,188.2,110.85,358.3,393120,159.23,181.6,90,182.3,60,327750
2026-04-13T10:20:18.839,NF,BANKNIFTY28APR2657500CE,180.7,168.3,188.2,110.85,358.3,393330,159.24,180.35,30,181.15,30,327750
2026-04-13T10:20:20.043,NF,BANKNIFTY28APR2657500CE,180.5,168.3,188.2,110.85,358.3,393360,159.25,180.5,30,181.2,120,327750
2026-04-13T10:20:21.244,NF,BANKNIFTY28APR2657500CE,181.2,168.3,188.2,110.85,358.3,393390,159.25,181.1,30,181.9,60,327750
2026-04-13T10:20:24.865,NF,BANKNIFTY28APR2657500CE,180.95,168.3,188.2,110.85,358.3,393450,159.25,180.6,60,181.4,30,327750
2026-04-13T10:20:32.064,NF,BANKNIFTY28APR2657500CE,183.85,168.3,188.2,110.85,358.3,393510,159.26,183.4,60,184.0,150,327750
2026-04-13T10:20:33.259,NF,BANKNIFTY28APR2657500CE,184.0,168.3,188.2,110.85,358.3,393570,159.26,183.5,150,184.0,90,327750
2026-04-13T10:20:34.466,NF,BANKNIFTY28APR2657500CE,184.0,168.3,188.2,110.85,358.3,393660,159.26,183.95,30,184.5,90,327750
2026-04-13T10:20:35.666,NF,BANKNIFTY28APR2657500CE,184.25,168.3,188.2,110.85,358.3,393720,159.27,184.3,120,185.05,30,327750
2026-04-13T10:20:37.072,NF,BANKNIFTY28APR2657500CE,184.05,168.3,188.2,110.85,358.3,393840,159.28,184.35,60,185.2,90,327750
2026-04-13T10:20:39.273,NF,BANKNIFTY28APR2657500CE,185.85,168.3,188.2,110.85,358.3,394170,159.3,185.35,150,186.1,150,327750
2026-04-13T10:20:40.472,NF,BANKNIFTY28APR2657500CE,185.4,168.3,188.2,110.85,358.3,394200,159.3,184.2,60,184.9,30,327750
2026-04-13T10:20:43.074,NF,BANKNIFTY28APR2657500CE,184.85,168.3,188.2,110.85,358.3,394380,159.31,184.95,30,185.7,60,327750
2026-04-13T10:20:44.284,NF,BANKNIFTY28APR2657500CE,185.05,168.3,188.2,110.85,358.3,394560,159.32,184.25,30,185.2,60,327750
2026-04-13T10:20:45.480,NF,BANKNIFTY28APR2657500CE,184.3,168.3,188.2,110.85,358.3,394590,159.33,184.15,60,185.1,150,327750
2026-04-13T10:20:46.883,NF,BANKNIFTY28APR2657500CE,184.85,168.3,188.2,110.85,358.3,394620,159.33,184.15,60,184.85,120,327750
2026-04-13T10:20:48.095,NF,BANKNIFTY28APR2657500CE,184.85,168.3,188.2,110.85,358.3,394650,159.33,183.65,60,184.55,90,327750
2026-04-13T10:20:50.498,NF,BANKNIFTY28APR2657500CE,184.5,168.3,188.2,110.85,358.3,394680,159.33,184.35,30,185.1,90,327750
2026-04-13T10:20:54.296,NF,BANKNIFTY28APR2657500CE,184.75,168.3,188.2,110.85,358.3,394770,159.34,184.85,30,185.7,60,327750
2026-04-13T10:20:55.503,NF,BANKNIFTY28APR2657500CE,184.7,168.3,188.2,110.85,358.3,394830,159.34,184.7,60,185.55,30,327750
2026-04-13T10:21:00.525,NF,BANKNIFTY28APR2657500CE,185.6,168.3,188.2,110.85,358.3,394920,159.35,186.6,30,187.4,60,327750
2026-04-13T10:21:01.904,NF,BANKNIFTY28APR2657500CE,186.75,168.3,188.2,110.85,358.3,395100,159.36,186.85,60,187.5,120,327750
2026-04-13T10:21:06.919,NF,BANKNIFTY28APR2657500CE,185.6,168.3,188.2,110.85,358.3,395400,159.38,185.55,30,186.45,30,327750
2026-04-13T10:21:10.527,NF,BANKNIFTY28APR2657500CE,186.7,168.3,188.2,110.85,358.3,395430,159.38,186.6,120,187.45,30,327750
2026-04-13T10:21:11.920,NF,BANKNIFTY28APR2657500CE,186.25,168.3,188.2,110.85,358.3,395460,159.38,186.65,60,187.3,90,327750
2026-04-13T10:21:13.124,NF,BANKNIFTY28APR2657500CE,186.95,168.3,188.2,110.85,358.3,395490,159.39,186.8,120,187.65,30,327750
2026-04-13T10:21:14.328,NF,BANKNIFTY28APR2657500CE,187.5,168.3,188.2,110.85,358.3,395610,159.39,187.2,30,187.75,150,327750
2026-04-13T10:21:15.531,NF,BANKNIFTY28APR2657500CE,187.55,168.3,188.2,110.85,358.3,395670,159.4,187.25,30,188.2,180,327750
2026-04-13T10:21:16.935,NF,BANKNIFTY28APR2657500CE,187.5,168.3,188.2,110.85,358.3,395700,159.4,186.8,30,187.55,30,327750
2026-04-13T10:21:19.335,NF,BANKNIFTY28APR2657500CE,186.75,168.3,188.2,110.85,358.3,395730,159.4,186.55,30,187.35,30,327750
2026-04-13T10:21:21.741,NF,BANKNIFTY28APR2657500CE,187.65,168.3,188.2,110.85,358.3,395880,159.41,186.95,90,187.85,150,327750
2026-04-13T10:21:23.141,NF,BANKNIFTY28APR2657500CE,187.1,168.3,188.2,110.85,358.3,396090,159.43,186.25,120,187.1,60,327750
2026-04-13T10:21:24.347,NF,BANKNIFTY28APR2657500CE,187.05,168.3,188.2,110.85,358.3,396120,159.43,186.4,30,187.25,60,327750
2026-04-13T10:21:26.749,NF,BANKNIFTY28APR2657500CE,187.1,168.3,188.2,110.85,358.3,396150,159.43,186.9,30,187.75,60,327750
2026-04-13T10:21:30.555,NF,BANKNIFTY28APR2657500CE,188.6,168.3,188.6,110.85,358.3,396240,159.44,188.55,30,189.0,60,327750
2026-04-13T10:21:31.758,NF,BANKNIFTY28APR2657500CE,189.0,168.3,189.0,110.85,358.3,396300,159.44,188.7,30,189.35,150,327750
2026-04-13T10:21:32.961,NF,BANKNIFTY28APR2657500CE,189.5,168.3,189.5,110.85,358.3,396330,159.45,188.85,30,189.5,90,327750
2026-04-13T10:21:34.369,NF,BANKNIFTY28APR2657500CE,191.0,168.3,191.05,110.85,358.3,396990,159.5,190.9,30,192.05,30,327750
2026-04-13T10:21:35.562,NF,BANKNIFTY28APR2657500CE,191.8,168.3,191.8,110.85,358.3,397140,159.51,189.3,60,190.55,60,327750
2026-04-13T10:21:37.968,NF,BANKNIFTY28APR2657500CE,190.0,168.3,191.8,110.85,358.3,397170,159.51,188.95,60,189.75,30,327750
2026-04-13T10:21:39.382,NF,BANKNIFTY28APR2657500CE,188.45,168.3,191.8,110.85,358.3,397380,159.53,187.9,30,188.45,30,327750
2026-04-13T10:21:40.570,NF,BANKNIFTY28APR2657500CE,187.7,168.3,191.8,110.85,358.3,397620,159.54,187.05,30,187.85,30,327750
2026-04-13T10:21:41.774,NF,BANKNIFTY28APR2657500CE,187.7,168.3,191.8,110.85,358.3,397710,159.55,186.8,30,187.55,60,327750
2026-04-13T10:21:42.975,NF,BANKNIFTY28APR2657500CE,187.3,168.3,191.8,110.85,358.3,397770,159.55,187.2,30,188.25,150,327750
2026-04-13T10:21:45.578,NF,BANKNIFTY28APR2657500CE,187.2,168.3,191.8,110.85,358.3,397800,159.56,186.7,30,187.6,120,327750
2026-04-13T10:21:46.782,NF,BANKNIFTY28APR2657500CE,187.6,168.3,191.8,110.85,358.3,397890,159.56,187.35,30,188.2,90,327750
2026-04-13T10:21:56.798,NF,BANKNIFTY28APR2657500CE,187.45,168.3,191.8,110.85,358.3,398250,159.59,187.15,90,188.1,90,327750
2026-04-13T10:22:00.607,NF,BANKNIFTY28APR2657500CE,190.0,168.3,191.8,110.85,358.3,398310,159.59,190.4,150,191.2,30,327750
2026-04-13T10:22:05.613,NF,BANKNIFTY28APR2657500CE,193.6,168.3,193.6,110.85,358.3,399060,159.65,190.2,60,190.95,30,327750
2026-04-13T10:22:06.814,NF,BANKNIFTY28APR2657500CE,190.2,168.3,193.6,110.85,358.3,399090,159.66,190.5,30,191.25,60,327750
2026-04-13T10:22:08.027,NF,BANKNIFTY28APR2657500CE,191.55,168.3,193.6,110.85,358.3,399120,159.66,191.05,120,191.85,150,327750
2026-04-13T10:22:14.235,NF,BANKNIFTY28APR2657500CE,191.9,168.3,193.6,110.85,358.3,399420,159.68,191.25,30,192.1,60,327750
2026-04-13T10:22:19.239,NF,BANKNIFTY28APR2657500CE,191.95,168.3,193.6,110.85,358.3,399510,159.69,191.15,90,192.0,180,327750
2026-04-13T10:22:20.435,NF,BANKNIFTY28APR2657500CE,191.95,168.3,193.6,110.85,358.3,399540,159.69,191.2,90,192.05,30,327750
2026-04-13T10:22:21.643,NF,BANKNIFTY28APR2657500CE,191.25,168.3,193.6,110.85,358.3,399570,159.69,191.35,120,192.2,60,327750
2026-04-13T10:22:24.041,NF,BANKNIFTY28APR2657500CE,192.7,168.3,193.6,110.85,358.3,400170,159.74,191.1,90,191.95,60,327750
2026-04-13T10:22:27.653,NF,BANKNIFTY28APR2657500CE,190.45,168.3,193.6,110.85,358.3,400410,159.76,190.0,30,190.8,90,327750
2026-04-13T10:22:29.048,NF,BANKNIFTY28APR2657500CE,190.45,168.3,193.6,110.85,358.3,400440,159.76,189.6,30,190.3,60,327750
2026-04-13T10:22:30.254,NF,BANKNIFTY28APR2657500CE,190.8,168.3,193.6,110.85,358.3,400620,159.78,190.6,60,190.8,90,327750
2026-04-13T10:22:32.690,NF,BANKNIFTY28APR2657500CE,191.3,168.3,193.6,110.85,358.3,400740,159.79,191.25,90,192.1,150,327750
2026-04-13T10:22:35.286,NF,BANKNIFTY28APR2657500CE,191.65,168.3,193.6,110.85,358.3,400920,159.8,191.65,60,192.55,120,328140
2026-04-13T10:22:36.463,NF,BANKNIFTY28APR2657500CE,192.65,168.3,193.6,110.85,358.3,401130,159.82,192.25,90,193.0,30,328140
2026-04-13T10:22:37.674,NF,BANKNIFTY28APR2657500CE,192.25,168.3,193.6,110.85,358.3,401160,159.82,191.9,150,192.65,150,328140
2026-04-13T10:22:38.867,NF,BANKNIFTY28APR2657500CE,192.7,168.3,193.6,110.85,358.3,401190,159.82,191.95,60,192.65,60,328140
2026-04-13T10:22:41.483,NF,BANKNIFTY28APR2657500CE,192.45,168.3,193.6,110.85,358.3,401250,159.83,192.15,60,192.85,60,328140
2026-04-13T10:22:43.876,NF,BANKNIFTY28APR2657500CE,192.45,168.3,193.6,110.85,358.3,401280,159.83,192.35,90,193.1,30,328140
2026-04-13T10:22:47.692,NF,BANKNIFTY28APR2657500CE,192.95,168.3,193.6,110.85,358.3,401370,159.84,192.8,120,193.45,150,328140
2026-04-13T10:22:48.883,NF,BANKNIFTY28APR2657500CE,193.45,168.3,193.6,110.85,358.3,401430,159.84,192.4,60,193.05,150,328140
2026-04-13T10:22:50.095,NF,BANKNIFTY28APR2657500CE,192.4,168.3,193.6,110.85,358.3,401460,159.85,192.2,30,192.7,150,328140
2026-04-13T10:22:53.896,NF,BANKNIFTY28APR2657500CE,193.1,168.3,193.6,110.85,358.3,401520,159.85,192.75,30,193.25,270,328140
2026-04-13T10:22:55.094,NF,BANKNIFTY28APR2657500CE,193.2,168.3,193.6,110.85,358.3,401670,159.86,192.5,90,193.15,60,328140
2026-04-13T10:23:01.302,NF,BANKNIFTY28APR2657500CE,195.15,168.3,196.8,110.85,358.3,404100,160.07,192.85,30,193.55,60,328140
2026-04-13T10:23:02.510,NF,BANKNIFTY28APR2657500CE,192.75,168.3,196.8,110.85,358.3,404130,160.07,192.45,60,193.2,150,328140
2026-04-13T10:23:03.728,NF,BANKNIFTY28APR2657500CE,193.55,168.3,196.8,110.85,358.3,404160,160.08,192.65,90,193.4,60,328140
2026-04-13T10:23:07.511,NF,BANKNIFTY28APR2657500CE,193.0,168.3,196.8,110.85,358.3,404190,160.08,192.45,30,193.15,120,328140
2026-04-13T10:23:09.918,NF,BANKNIFTY28APR2657500CE,193.35,168.3,196.8,110.85,358.3,404430,160.1,192.45,30,193.2,240,328140
2026-04-13T10:23:11.121,NF,BANKNIFTY28APR2657500CE,192.0,168.3,196.8,110.85,358.3,404460,160.1,191.8,30,192.6,90,328140
2026-04-13T10:23:14.926,NF,BANKNIFTY28APR2657500CE,192.05,168.3,196.8,110.85,358.3,404490,160.1,191.5,30,192.4,30,328140
2026-04-13T10:23:21.131,NF,BANKNIFTY28APR2657500CE,188.9,168.3,196.8,110.85,358.3,404610,160.11,189.05,30,189.8,60,328140
2026-04-13T10:23:23.742,NF,BANKNIFTY28APR2657500CE,190.85,168.3,196.8,110.85,358.3,404700,160.12,190.0,30,190.7,60,328140
2026-04-13T10:23:24.936,NF,BANKNIFTY28APR2657500CE,189.8,168.3,196.8,110.85,358.3,404910,160.13,189.3,60,190.0,300,328140
2026-04-13T10:23:26.146,NF,BANKNIFTY28APR2657500CE,190.0,168.3,196.8,110.85,358.3,405210,160.16,189.6,90,190.3,30,328140
2026-04-13T10:23:28.363,NF,BANKNIFTY28APR2657500CE,189.4,168.3,196.8,110.85,358.3,405510,160.18,189.25,90,189.95,60,328140
2026-04-13T10:23:34.354,NF,BANKNIFTY28APR2657500CE,189.25,168.3,196.8,110.85,358.3,405540,160.18,188.85,180,189.6,150,328140
2026-04-13T10:23:45.169,NF,BANKNIFTY28APR2657500CE,190.15,168.3,196.8,110.85,358.3,405570,160.18,189.2,240,190.15,60,328140
2026-04-13T10:23:46.492,NF,BANKNIFTY28APR2657500CE,189.25,168.3,196.8,110.85,358.3,406320,160.23,189.2,60,189.95,30,328140
2026-04-13T10:23:47.594,NF,BANKNIFTY28APR2657500CE,189.2,168.3,196.8,110.85,358.3,406380,160.24,189.05,60,189.55,30,328140
2026-04-13T10:23:51.188,NF,BANKNIFTY28APR2657500CE,190.05,168.3,196.8,110.85,358.3,406470,160.25,189.4,90,190.05,60,328140
2026-04-13T10:23:53.605,NF,BANKNIFTY28APR2657500CE,189.85,168.3,196.8,110.85,358.3,406500,160.25,189.3,120,190.05,30,328140
2026-04-13T10:23:55.998,NF,BANKNIFTY28APR2657500CE,191.75,168.3,196.8,110.85,358.3,406650,160.26,191.1,120,191.75,150,328140
2026-04-13T10:23:57.194,NF,BANKNIFTY28APR2657500CE,191.3,168.3,196.8,110.85,358.3,406710,160.26,190.8,150,191.4,30,328140
2026-04-13T10:23:58.393,NF,BANKNIFTY28APR2657500CE,191.2,168.3,196.8,110.85,358.3,406830,160.27,190.95,30,191.8,30,328140
2026-04-13T10:24:00.797,NF,BANKNIFTY28APR2657500CE,192.05,168.3,196.8,110.85,358.3,406860,160.28,191.7,30,192.5,150,328140
2026-04-13T10:24:01.998,NF,BANKNIFTY28APR2657500CE,191.6,168.3,196.8,110.85,358.3,406950,160.28,190.75,30,191.55,30,328140
2026-04-13T10:24:09.414,NF,BANKNIFTY28APR2657500CE,192.25,168.3,196.8,110.85,358.3,407010,160.29,191.65,30,192.45,210,328140
2026-04-13T10:24:12.025,NF,BANKNIFTY28APR2657500CE,192.65,168.3,196.8,110.85,358.3,407040,160.29,191.8,150,192.7,210,328140
2026-04-13T10:24:13.216,NF,BANKNIFTY28APR2657500CE,192.0,168.3,196.8,110.85,358.3,407070,160.29,191.6,120,192.4,180,328140
2026-04-13T10:24:14.441,NF,BANKNIFTY28APR2657500CE,192.25,168.3,196.8,110.85,358.3,407100,160.29,191.4,30,192.1,150,328140
2026-04-13T10:24:15.620,NF,BANKNIFTY28APR2657500CE,192.1,168.3,196.8,110.85,358.3,407160,160.3,191.55,150,192.15,150,328140
2026-04-13T10:24:16.824,NF,BANKNIFTY28APR2657500CE,193.2,168.3,196.8,110.85,358.3,408090,160.37,193.05,120,194.05,150,328140
2026-04-13T10:24:18.029,NF,BANKNIFTY28APR2657500CE,193.65,168.3,196.8,110.85,358.3,408960,160.44,192.65,60,193.55,60,328140
2026-04-13T10:24:20.626,NF,BANKNIFTY28APR2657500CE,193.1,168.3,196.8,110.85,358.3,409020,160.45,192.4,30,193.2,120,328140
2026-04-13T10:24:21.839,NF,BANKNIFTY28APR2657500CE,193.6,168.3,196.8,110.85,358.3,409050,160.45,193.0,30,193.75,150,328140
2026-04-13T10:24:23.034,NF,BANKNIFTY28APR2657500CE,193.2,168.3,196.8,110.85,358.3,409140,160.46,193.1,150,193.7,150,328140
2026-04-13T10:24:25.642,NF,BANKNIFTY28APR2657500CE,193.8,168.3,196.8,110.85,358.3,409200,160.46,193.35,30,193.8,150,328140
2026-04-13T10:24:26.838,NF,BANKNIFTY28APR2657500CE,193.1,168.3,196.8,110.85,358.3,409260,160.47,192.8,30,193.5,150,328140
2026-04-13T10:24:28.039,NF,BANKNIFTY28APR2657500CE,193.55,168.3,196.8,110.85,358.3,409350,160.47,193.45,60,194.15,90,328140
2026-04-13T10:24:30.442,NF,BANKNIFTY28APR2657500CE,194.0,168.3,196.8,110.85,358.3,409500,160.49,193.1,30,194.0,150,328140
2026-04-13T10:24:32.848,NF,BANKNIFTY28APR2657500CE,194.0,168.3,196.8,110.85,358.3,409560,160.49,193.15,30,193.95,120,328140
2026-04-13T10:24:34.253,NF,BANKNIFTY28APR2657500CE,192.8,168.3,196.8,110.85,358.3,409620,160.5,192.15,30,193.15,30,328140
2026-04-13T10:24:35.451,NF,BANKNIFTY28APR2657500CE,192.6,168.3,196.8,110.85,358.3,409710,160.5,192.4,60,192.75,150,328140
2026-04-13T10:24:36.651,NF,BANKNIFTY28APR2657500CE,191.6,168.3,196.8,110.85,358.3,409800,160.51,191.15,30,192.0,60,328140
2026-04-13T10:24:38.059,NF,BANKNIFTY28APR2657500CE,190.7,168.3,196.8,110.85,358.3,409920,160.52,190.3,60,190.7,30,328140
2026-04-13T10:24:40.462,NF,BANKNIFTY28APR2657500CE,191.15,168.3,196.8,110.85,358.3,409950,160.52,190.35,300,191.0,150,328140
2026-04-13T10:24:41.661,NF,BANKNIFTY28APR2657500CE,191.0,168.3,196.8,110.85,358.3,410100,160.53,190.95,120,191.75,30,328140
2026-04-13T10:24:42.864,NF,BANKNIFTY28APR2657500CE,191.8,168.3,196.8,110.85,358.3,410190,160.54,190.9,30,191.65,60,328140
2026-04-13T10:24:44.068,NF,BANKNIFTY28APR2657500CE,191.55,168.3,196.8,110.85,358.3,410220,160.54,190.35,60,191.2,90,328140
2026-04-13T10:24:49.079,NF,BANKNIFTY28APR2657500CE,192.7,168.3,196.8,110.85,358.3,410280,160.55,192.0,60,192.75,210,328140
2026-04-13T10:24:54.085,NF,BANKNIFTY28APR2657500CE,192.4,168.3,196.8,110.85,358.3,410310,160.55,191.45,30,192.25,60,328140
2026-04-13T10:24:57.887,NF,BANKNIFTY28APR2657500CE,192.15,168.3,196.8,110.85,358.3,410340,160.55,191.25,30,192.0,90,328140
2026-04-13T10:24:59.096,NF,BANKNIFTY28APR2657500CE,191.8,168.3,196.8,110.85,358.3,410400,160.56,191.2,30,192.0,150,328140
2026-04-13T10:25:04.096,NF,BANKNIFTY28APR2657500CE,193.0,168.3,196.8,110.85,358.3,410580,160.57,193.25,30,194.25,150,328140
2026-04-13T10:25:19.118,NF,BANKNIFTY28APR2657500CE,193.35,168.3,196.8,110.85,358.3,410640,160.57,193.35,90,194.25,30,328140
2026-04-13T10:25:22.925,NF,BANKNIFTY28APR2657500CE,193.2,168.3,196.8,110.85,358.3,410700,160.58,192.3,150,193.25,30,328140
2026-04-13T10:25:28.933,NF,BANKNIFTY28APR2657500CE,193.0,168.3,196.8,110.85,358.3,410730,160.58,192.3,90,193.1,60,328140
2026-04-13T10:25:33.749,NF,BANKNIFTY28APR2657500CE,193.0,168.3,196.8,110.85,358.3,410760,160.58,193.35,30,194.25,30,328440
2026-04-13T10:25:34.945,NF,BANKNIFTY28APR2657500CE,193.25,168.3,196.8,110.85,358.3,410790,160.59,193.35,180,194.15,60,328440
2026-04-13T10:25:37.418,NF,BANKNIFTY28APR2657500CE,194.0,168.3,196.8,110.85,358.3,410850,160.59,193.45,30,194.1,90,328440
2026-04-13T10:25:39.754,NF,BANKNIFTY28APR2657500CE,194.55,168.3,196.8,110.85,358.3,410880,160.59,193.75,90,194.65,60,328440
2026-04-13T10:25:41.156,NF,BANKNIFTY28APR2657500CE,195.6,168.3,196.8,110.85,358.3,411030,160.61,194.6,60,195.55,60,328440
2026-04-13T10:25:43.557,NF,BANKNIFTY28APR2657500CE,195.0,168.3,196.8,110.85,358.3,411060,160.61,194.3,90,195.15,90,328440
2026-04-13T10:25:44.759,NF,BANKNIFTY28APR2657500CE,194.3,168.3,196.8,110.85,358.3,411210,160.62,194.45,150,195.15,60,328440
2026-04-13T10:25:49.766,NF,BANKNIFTY28APR2657500CE,196.25,168.3,196.8,110.85,358.3,411510,160.65,195.55,60,196.6,60,328440
2026-04-13T10:25:51.044,NF,BANKNIFTY28APR2657500CE,196.4,168.3,196.8,110.85,358.3,411540,160.65,195.15,90,195.95,30,328440
2026-04-13T10:25:52.367,NF,BANKNIFTY28APR2657500CE,195.05,168.3,196.8,110.85,358.3,411660,160.66,194.4,180,195.35,60,328440
2026-04-13T10:25:53.572,NF,BANKNIFTY28APR2657500CE,195.0,168.3,196.8,110.85,358.3,411690,160.66,193.8,60,194.8,90,328440
2026-04-13T10:25:54.783,NF,BANKNIFTY28APR2657500CE,195.35,168.3,196.8,110.85,358.3,411750,160.67,194.65,30,195.65,30,328440
2026-04-13T10:25:55.975,NF,BANKNIFTY28APR2657500CE,195.4,168.3,196.8,110.85,358.3,411810,160.67,195.15,30,196.0,90,328440
2026-04-13T10:25:57.177,NF,BANKNIFTY28APR2657500CE,195.15,168.3,196.8,110.85,358.3,411870,160.68,194.55,30,195.15,30,328440
2026-04-13T10:25:58.388,NF,BANKNIFTY28APR2657500CE,195.15,168.3,196.8,110.85,358.3,411900,160.68,195.4,30,196.2,150,328440
2026-04-13T10:26:00.805,NF,BANKNIFTY28APR2657500CE,196.25,168.3,196.8,110.85,358.3,412200,160.71,195.3,30,196.0,210,328440
2026-04-13T10:26:01.986,NF,BANKNIFTY28APR2657500CE,196.3,168.3,196.8,110.85,358.3,413130,160.79,195.0,60,195.85,60,328440
2026-04-13T10:26:03.188,NF,BANKNIFTY28APR2657500CE,195.4,168.3,196.8,110.85,358.3,413160,160.79,195.25,30,196.0,150,328440
2026-04-13T10:26:10.405,NF,BANKNIFTY28APR2657500CE,195.0,168.3,196.8,110.85,358.3,413760,160.84,193.9,60,194.9,30,328440
2026-04-13T10:26:11.807,NF,BANKNIFTY28APR2657500CE,194.05,168.3,196.8,110.85,358.3,413820,160.84,194.0,210,194.9,30,328440
2026-04-13T10:26:14.222,NF,BANKNIFTY28APR2657500CE,194.05,168.3,196.8,110.85,358.3,413850,160.85,194.05,30,194.9,60,328440
2026-04-13T10:26:17.814,NF,BANKNIFTY28APR2657500CE,193.65,168.3,196.8,110.85,358.3,414060,160.86,193.25,30,194.15,30,328440
2026-04-13T10:26:19.009,NF,BANKNIFTY28APR2657500CE,194.55,168.3,196.8,110.85,358.3,414090,160.86,193.7,60,194.55,60,328440
2026-04-13T10:26:20.211,NF,BANKNIFTY28APR2657500CE,194.6,168.3,196.8,110.85,358.3,414120,160.87,193.9,30,194.65,60,328440
2026-04-13T10:26:21.228,NF,BANKNIFTY28APR2657500CE,194.75,168.3,196.8,110.85,358.3,414270,160.88,195.0,30,195.9,150,328440
2026-04-13T10:26:28.441,NF,BANKNIFTY28APR2657500CE,194.55,168.3,196.8,110.85,358.3,414450,160.89,193.7,60,194.55,60,328440
2026-04-13T10:26:30.832,NF,BANKNIFTY28APR2657500CE,193.75,168.3,196.8,110.85,358.3,414480,160.9,193.65,60,194.5,120,328440
2026-04-13T10:26:35.643,NF,BANKNIFTY28APR2657500CE,194.6,168.3,196.8,110.85,358.3,414510,160.9,194.4,120,195.2,150,328440
2026-04-13T10:26:36.842,NF,BANKNIFTY28APR2657500CE,195.4,168.3,196.8,110.85,358.3,414570,160.9,194.35,120,195.1,60,328440
2026-04-13T10:26:38.844,NF,BANKNIFTY28APR2657500CE,196.6,168.3,196.8,110.85,358.3,414690,160.91,195.65,60,196.6,60,328440
2026-04-13T10:26:40.055,NF,BANKNIFTY28APR2657500CE,196.5,168.3,196.8,110.85,358.3,414750,160.92,195.15,60,196.0,150,328440
2026-04-13T10:26:43.847,NF,BANKNIFTY28APR2657500CE,196.05,168.3,196.8,110.85,358.3,414780,160.92,195.35,60,196.1,180,328440
2026-04-13T10:26:45.066,NF,BANKNIFTY28APR2657500CE,196.0,168.3,196.8,110.85,358.3,414810,160.92,195.15,60,196.05,120,328440
2026-04-13T10:26:51.072,NF,BANKNIFTY28APR2657500CE,196.05,168.3,196.8,110.85,358.3,414990,160.94,196.2,60,196.95,30,328440
2026-04-13T10:26:52.273,NF,BANKNIFTY28APR2657500CE,197.0,168.3,197.0,110.85,358.3,415020,160.94,196.85,60,197.0,600,328440
2026-04-13T10:26:53.658,NF,BANKNIFTY28APR2657500CE,197.0,168.3,197.0,110.85,358.3,415650,161.0,196.95,90,197.0,120,328440
2026-04-13T10:26:54.876,NF,BANKNIFTY28APR2657500CE,198.0,168.3,198.0,110.85,358.3,416640,161.08,197.95,120,198.65,30,328440
2026-04-13T10:26:56.063,NF,BANKNIFTY28APR2657500CE,198.15,168.3,200.1,110.85,358.3,419790,161.37,198.05,30,198.85,30,328440
2026-04-13T10:26:57.267,NF,BANKNIFTY28APR2657500CE,199.9,168.3,200.25,110.85,358.3,420120,161.4,199.65,780,200.6,30,328440
2026-04-13T10:26:58.470,NF,BANKNIFTY28APR2657500CE,199.8,168.3,200.25,110.85,358.3,420510,161.44,198.95,90,199.7,60,328440
2026-04-13T10:26:59.870,NF,BANKNIFTY28APR2657500CE,200.05,168.3,200.25,110.85,358.3,420540,161.44,199.3,30,200.15,30,328440
2026-04-13T10:27:01.097,NF,BANKNIFTY28APR2657500CE,200.0,168.3,200.25,110.85,358.3,420660,161.45,199.9,30,200.65,90,328440
2026-04-13T10:27:02.299,NF,BANKNIFTY28APR2657500CE,200.5,168.3,200.85,110.85,358.3,420930,161.48,200.25,180,200.5,120,328440
2026-04-13T10:27:03.486,NF,BANKNIFTY28APR2657500CE,200.95,168.3,200.95,110.85,358.3,421200,161.5,200.35,30,201.0,60,328440
2026-04-13T10:27:04.878,NF,BANKNIFTY28APR2657500CE,201.05,168.3,201.05,110.85,358.3,421740,161.55,201.5,60,202.3,60,328440
2026-04-13T10:27:06.098,NF,BANKNIFTY28APR2657500CE,202.75,168.3,202.75,110.85,358.3,421830,161.56,202.5,120,203.35,120,328440
2026-04-13T10:27:08.498,NF,BANKNIFTY28APR2657500CE,202.45,168.3,203.2,110.85,358.3,421920,161.57,202.3,30,203.1,30,328440
2026-04-13T10:27:09.888,NF,BANKNIFTY28APR2657500CE,202.45,168.3,203.2,110.85,358.3,422010,161.58,202.35,30,203.3,30,328440
2026-04-13T10:27:12.298,NF,BANKNIFTY28APR2657500CE,203.05,168.3,203.2,110.85,358.3,422070,161.59,202.2,90,202.75,30,328440
2026-04-13T10:27:13.500,NF,BANKNIFTY28APR2657500CE,202.75,168.3,203.2,110.85,358.3,422130,161.59,202.15,30,202.7,30,328440
2026-04-13T10:27:17.318,NF,BANKNIFTY28APR2657500CE,202.95,168.3,203.2,110.85,358.3,422340,161.61,202.8,90,203.5,60,328440
2026-04-13T10:27:19.915,NF,BANKNIFTY28APR2657500CE,203.25,168.3,203.25,110.85,358.3,422370,161.61,202.45,30,203.0,120,328440
2026-04-13T10:27:21.105,NF,BANKNIFTY28APR2657500CE,202.9,168.3,203.3,110.85,358.3,422670,161.64,202.6,30,203.6,30,328440
2026-04-13T10:27:22.313,NF,BANKNIFTY28APR2657500CE,203.9,168.3,205.0,110.85,358.3,422880,161.67,203.85,60,204.5,150,328440
2026-04-13T10:27:23.522,NF,BANKNIFTY28APR2657500CE,203.85,168.3,205.0,110.85,358.3,422940,161.67,203.2,60,204.05,150,328440
2026-04-13T10:27:27.320,NF,BANKNIFTY28APR2657500CE,204.55,168.3,205.0,110.85,358.3,422970,161.67,202.7,30,203.7,30,328440
2026-04-13T10:27:28.528,NF,BANKNIFTY28APR2657500CE,202.0,168.3,205.0,110.85,358.3,423090,161.69,201.75,120,202.55,30,328440
2026-04-13T10:27:29.934,NF,BANKNIFTY28APR2657500CE,203.0,168.3,205.0,110.85,358.3,423690,161.74,202.05,30,202.8,240,328440
2026-04-13T10:27:36.131,NF,BANKNIFTY28APR2657500CE,202.95,168.3,205.0,110.85,358.3,423960,161.77,201.9,30,202.55,210,328440
2026-04-13T10:27:37.338,NF,BANKNIFTY28APR2657500CE,202.55,168.3,205.0,110.85,358.3,423990,161.77,201.9,30,202.55,630,328440
2026-04-13T10:27:38.338,NF,BANKNIFTY28APR2657500CE,202.2,168.3,205.0,110.85,358.3,424050,161.78,201.35,30,202.25,60,328440
2026-04-13T10:27:39.740,NF,BANKNIFTY28APR2657500CE,202.75,168.3,205.0,110.85,358.3,424110,161.78,202.7,30,203.4,90,328440
2026-04-13T10:27:40.935,NF,BANKNIFTY28APR2657500CE,202.6,168.3,205.0,110.85,358.3,424140,161.79,202.55,30,203.4,180,328440
2026-04-13T10:27:43.341,NF,BANKNIFTY28APR2657500CE,203.0,168.3,205.0,110.85,358.3,424170,161.79,202.1,30,202.95,60,328440
2026-04-13T10:27:45.946,NF,BANKNIFTY28APR2657500CE,203.35,168.3,205.0,110.85,358.3,424200,161.79,202.8,30,203.65,60,328440
2026-04-13T10:27:47.227,NF,BANKNIFTY28APR2657500CE,202.85,168.3,205.0,110.85,358.3,424260,161.8,201.85,60,202.45,60,328440
2026-04-13T10:27:52.154,NF,BANKNIFTY28APR2657500CE,201.4,168.3,205.0,110.85,358.3,424950,161.86,200.35,30,201.1,60,328440
2026-04-13T10:27:53.360,NF,BANKNIFTY28APR2657500CE,200.0,168.3,205.0,110.85,358.3,424980,161.87,200.0,30,200.65,60,328440
2026-04-13T10:27:54.562,NF,BANKNIFTY28APR2657500CE,199.15,168.3,205.0,110.85,358.3,425070,161.87,199.25,120,200.1,30,328440
2026-04-13T10:27:58.371,NF,BANKNIFTY28APR2657500CE,201.8,168.3,205.0,110.85,358.3,425100,161.88,201.0,30,201.85,210,328440
2026-04-13T10:28:02.181,NF,BANKNIFTY28APR2657500CE,202.45,168.3,205.0,110.85,358.3,425130,161.88,201.7,60,202.45,120,328440
2026-04-13T10:28:05.780,NF,BANKNIFTY28APR2657500CE,202.7,168.3,205.0,110.85,358.3,425340,161.9,201.7,780,202.45,210,328440
2026-04-13T10:28:07.178,NF,BANKNIFTY28APR2657500CE,201.7,168.3,205.0,110.85,358.3,426090,161.97,200.85,60,201.65,30,328440
2026-04-13T10:28:08.381,NF,BANKNIFTY28APR2657500CE,201.05,168.3,205.0,110.85,358.3,426570,162.02,201.2,90,202.0,90,328440
2026-04-13T10:28:10.788,NF,BANKNIFTY28APR2657500CE,202.0,168.3,205.0,110.85,358.3,426780,162.04,201.8,30,202.45,60,328440
2026-04-13T10:28:13.192,NF,BANKNIFTY28APR2657500CE,201.8,168.3,205.0,110.85,358.3,426810,162.04,200.65,30,201.55,30,328440
2026-04-13T10:28:19.208,NF,BANKNIFTY28APR2657500CE,202.0,168.3,205.0,110.85,358.3,426840,162.04,201.3,30,202.2,120,328440
2026-04-13T10:28:27.653,NF,BANKNIFTY28APR2657500CE,200.85,168.3,205.0,110.85,358.3,426930,162.05,200.65,30,201.6,330,328440
2026-04-13T10:28:30.016,NF,BANKNIFTY28APR2657500CE,201.6,168.3,205.0,110.85,358.3,426960,162.05,201.35,60,202.05,240,328440
2026-04-13T10:28:33.825,NF,BANKNIFTY28APR2657500CE,201.05,168.3,205.0,110.85,358.3,427110,162.07,200.3,30,201.15,90,328440
2026-04-13T10:28:36.236,NF,BANKNIFTY28APR2657500CE,201.0,168.3,205.0,110.85,358.3,427440,162.1,200.95,90,201.75,150,329400
2026-04-13T10:28:40.055,NF,BANKNIFTY28APR2657500CE,200.4,168.3,205.0,110.85,358.3,427470,162.1,200.45,60,201.2,120,329400
2026-04-13T10:28:43.634,NF,BANKNIFTY28APR2657500CE,201.4,168.3,205.0,110.85,358.3,427500,162.1,200.7,60,201.45,60,329400
2026-04-13T10:28:46.236,NF,BANKNIFTY28APR2657500CE,201.9,168.3,205.0,110.85,358.3,427650,162.11,202.0,30,202.95,30,329400
2026-04-13T10:28:47.465,NF,BANKNIFTY28APR2657500CE,201.85,168.3,205.0,110.85,358.3,427710,162.12,201.45,90,202.45,180,329400
2026-04-13T10:28:48.642,NF,BANKNIFTY28APR2657500CE,201.5,168.3,205.0,110.85,358.3,427740,162.12,201.15,90,201.95,30,329400
2026-04-13T10:28:51.047,NF,BANKNIFTY28APR2657500CE,201.85,168.3,205.0,110.85,358.3,428160,162.16,201.25,30,201.95,210,329400
2026-04-13T10:28:52.442,NF,BANKNIFTY28APR2657500CE,200.3,168.3,205.0,110.85,358.3,428220,162.17,200.25,60,201.05,90,329400
2026-04-13T10:28:58.453,NF,BANKNIFTY28APR2657500CE,201.3,168.3,205.0,110.85,358.3,428370,162.18,200.7,90,201.45,60,329400
2026-04-13T10:29:01.098,NF,BANKNIFTY28APR2657500CE,200.15,168.3,205.0,110.85,358.3,428400,162.18,200.15,180,200.75,60,329400
2026-04-13T10:29:02.262,NF,BANKNIFTY28APR2657500CE,200.15,168.3,205.0,110.85,358.3,428580,162.2,199.65,150,200.45,60,329400
2026-04-13T10:29:06.073,NF,BANKNIFTY28APR2657500CE,199.6,168.3,205.0,110.85,358.3,428730,162.21,198.8,90,199.6,30,329400
2026-04-13T10:29:07.266,NF,BANKNIFTY28APR2657500CE,199.15,168.3,205.0,110.85,358.3,428880,162.23,198.65,180,199.4,60,329400
2026-04-13T10:29:11.073,NF,BANKNIFTY28APR2657500CE,198.0,168.3,205.0,110.85,358.3,428910,162.23,197.65,30,198.45,90,329400
2026-04-13T10:29:12.279,NF,BANKNIFTY28APR2657500CE,197.05,168.3,205.0,110.85,358.3,428970,162.23,197.45,90,198.25,60,329400
2026-04-13T10:29:13.475,NF,BANKNIFTY28APR2657500CE,197.35,168.3,205.0,110.85,358.3,429000,162.24,197.5,30,198.5,90,329400
2026-04-13T10:29:16.076,NF,BANKNIFTY28APR2657500CE,197.55,168.3,205.0,110.85,358.3,429030,162.24,197.15,120,197.95,30,329400
2026-04-13T10:29:17.281,NF,BANKNIFTY28APR2657500CE,198.0,168.3,205.0,110.85,358.3,429300,162.26,197.1,30,198.35,60,329400
2026-04-13T10:29:19.685,NF,BANKNIFTY28APR2657500CE,196.85,168.3,205.0,110.85,358.3,429660,162.29,196.95,210,197.75,30,329400
2026-04-13T10:29:20.893,NF,BANKNIFTY28APR2657500CE,197.8,168.3,205.0,110.85,358.3,429690,162.29,196.95,60,197.75,30,329400
2026-04-13T10:29:22.099,NF,BANKNIFTY28APR2657500CE,196.8,168.3,205.0,110.85,358.3,429720,162.29,196.65,60,197.55,60,329400
2026-04-13T10:29:24.502,NF,BANKNIFTY28APR2657500CE,197.6,168.3,205.0,110.85,358.3,429750,162.3,197.7,60,198.5,150,329400
2026-04-13T10:29:29.504,NF,BANKNIFTY28APR2657500CE,197.9,168.3,205.0,110.85,358.3,429780,162.3,198.05,30,199.05,60,329400
2026-04-13T10:29:32.102,NF,BANKNIFTY28APR2657500CE,198.25,168.3,205.0,110.85,358.3,429810,162.3,198.35,30,199.2,30,329400
2026-04-13T10:29:43.130,NF,BANKNIFTY28APR2657500CE,199.45,168.3,205.0,110.85,358.3,429840,162.3,198.65,60,199.45,150,329400
2026-04-13T10:29:54.141,NF,BANKNIFTY28APR2657500CE,198.8,168.3,205.0,110.85,358.3,430050,162.32,197.75,30,198.55,330,329400
2026-04-13T10:30:01.563,NF,BANKNIFTY28APR2657500CE,199.3,168.3,205.0,110.85,358.3,430260,162.34,198.9,30,199.4,60,329400
2026-04-13T10:30:04.173,NF,BANKNIFTY28APR2657500CE,200.0,168.3,205.0,110.85,358.3,430290,162.34,200.0,30,200.7,60,329400
2026-04-13T10:30:09.173,NF,BANKNIFTY28APR2657500CE,201.2,168.3,205.0,110.85,358.3,430380,162.35,201.25,30,202.0,270,329400
2026-04-13T10:30:11.582,NF,BANKNIFTY28APR2657500CE,201.2,168.3,205.0,110.85,358.3,430890,162.4,200.85,60,201.4,150,329400
2026-04-13T10:30:12.969,NF,BANKNIFTY28APR2657500CE,201.15,168.3,205.0,110.85,358.3,430920,162.4,200.45,60,201.05,180,329400
2026-04-13T10:30:20.383,NF,BANKNIFTY28APR2657500CE,202.7,168.3,205.0,110.85,358.3,430950,162.4,201.9,60,202.5,240,329400
2026-04-13T10:30:25.192,NF,BANKNIFTY28APR2657500CE,201.8,168.3,205.0,110.85,358.3,430980,162.41,201.6,180,202.2,150,329400
2026-04-13T10:30:26.396,NF,BANKNIFTY28APR2657500CE,202.35,168.3,205.0,110.85,358.3,431310,162.44,201.7,120,202.4,120,329400
2026-04-13T10:30:27.796,NF,BANKNIFTY28APR2657500CE,202.6,168.3,205.0,110.85,358.3,431670,162.47,202.0,150,202.6,180,329400
2026-04-13T10:30:28.997,NF,BANKNIFTY28APR2657500CE,202.6,168.3,205.0,110.85,358.3,431700,162.47,202.05,90,202.6,150,329400
2026-04-13T10:30:32.653,NF,BANKNIFTY28APR2657500CE,203.5,168.3,205.0,110.85,358.3,432240,162.52,202.65,30,203.25,90,329400
2026-04-13T10:30:35.209,NF,BANKNIFTY28APR2657500CE,202.5,168.3,205.0,110.85,358.3,432660,162.56,202.5,210,203.2,30,329400
2026-04-13T10:30:36.408,NF,BANKNIFTY28APR2657500CE,202.5,168.3,205.0,110.85,358.3,432720,162.57,202.5,240,203.15,120,329400
2026-04-13T10:30:39.019,NF,BANKNIFTY28APR2657500CE,202.45,168.3,205.0,110.85,358.3,432990,162.59,201.85,60,202.55,90,329400
2026-04-13T10:30:43.822,NF,BANKNIFTY28APR2657500CE,202.8,168.3,205.0,110.85,358.3,433020,162.59,202.2,30,202.95,180,329400
2026-04-13T10:30:45.026,NF,BANKNIFTY28APR2657500CE,202.45,168.3,205.0,110.85,358.3,433050,162.6,202.35,90,202.95,90,329400
2026-04-13T10:30:46.431,NF,BANKNIFTY28APR2657500CE,203.25,168.3,205.0,110.85,358.3,433140,162.61,202.8,30,203.35,60,329400
2026-04-13T10:30:50.032,NF,BANKNIFTY28APR2657500CE,202.0,168.3,205.0,110.85,358.3,433200,162.61,201.05,30,201.8,90,329400
2026-04-13T10:30:51.436,NF,BANKNIFTY28APR2657500CE,201.75,168.3,205.0,110.85,358.3,433590,162.65,201.85,30,202.6,60,329400
2026-04-13T10:31:03.675,NF,BANKNIFTY28APR2657500CE,202.65,168.3,205.0,110.85,358.3,433680,162.66,202.1,30,202.7,60,329400
2026-04-13T10:31:13.668,NF,BANKNIFTY28APR2657500CE,201.25,168.3,205.0,110.85,358.3,433710,162.66,201.0,30,201.55,60,329400
2026-04-13T10:31:19.680,NF,BANKNIFTY28APR2657500CE,201.9,168.3,205.0,110.85,358.3,434640,162.74,200.6,30,201.8,30,329400
2026-04-13T10:31:22.287,NF,BANKNIFTY28APR2657500CE,200.1,168.3,205.0,110.85,358.3,434670,162.74,200.05,30,200.85,60,329400
2026-04-13T10:31:24.688,NF,BANKNIFTY28APR2657500CE,201.1,168.3,205.0,110.85,358.3,435570,162.82,200.3,30,201.1,300,329400
2026-04-13T10:31:28.292,NF,BANKNIFTY28APR2657500CE,200.0,168.3,205.0,110.85,358.3,435870,162.85,199.7,180,200.45,60,329400
2026-04-13T10:31:33.102,NF,BANKNIFTY28APR2657500CE,199.8,168.3,205.0,110.85,358.3,435900,162.85,199.7,60,200.45,30,329400
2026-04-13T10:31:50.334,NF,BANKNIFTY28APR2657500CE,199.5,168.3,205.0,110.85,358.3,435930,162.85,198.8,150,199.5,30,330300
2026-04-13T10:31:52.731,NF,BANKNIFTY28APR2657500CE,200.0,168.3,205.0,110.85,358.3,436140,162.87,199.85,90,200.0,120,330300
2026-04-13T10:31:57.740,NF,BANKNIFTY28APR2657500CE,200.0,168.3,205.0,110.85,358.3,436260,162.88,199.85,30,200.7,120,330300
2026-04-13T10:32:01.556,NF,BANKNIFTY28APR2657500CE,200.25,168.3,205.0,110.85,358.3,436320,162.89,199.25,30,200.15,90,330300
2026-04-13T10:32:06.551,NF,BANKNIFTY28APR2657500CE,201.0,168.3,205.0,110.85,358.3,436920,162.94,201.15,90,201.85,60,330300
2026-04-13T10:32:10.158,NF,BANKNIFTY28APR2657500CE,200.5,168.3,205.0,110.85,358.3,436980,162.94,200.55,30,201.3,150,330300
2026-04-13T10:32:11.377,NF,BANKNIFTY28APR2657500CE,200.55,168.3,205.0,110.85,358.3,437010,162.95,200.4,30,201.3,270,330300
2026-04-13T10:32:24.977,NF,BANKNIFTY28APR2657500CE,200.55,168.3,205.0,110.85,358.3,437040,162.95,200.55,90,201.45,60,330300
2026-04-13T10:32:26.180,NF,BANKNIFTY28APR2657500CE,200.45,168.3,205.0,110.85,358.3,437340,162.98,200.6,150,201.3,30,330300
2026-04-13T10:32:29.784,NF,BANKNIFTY28APR2657500CE,201.3,168.3,205.0,110.85,358.3,437400,162.98,200.45,30,201.35,30,330300
2026-04-13T10:32:32.190,NF,BANKNIFTY28APR2657500CE,201.7,168.3,205.0,110.85,358.3,437490,162.99,201.2,30,201.6,180,330300
2026-04-13T10:32:34.602,NF,BANKNIFTY28APR2657500CE,201.2,168.3,205.0,110.85,358.3,437520,162.99,201.0,90,201.55,180,330300
2026-04-13T10:32:36.000,NF,BANKNIFTY28APR2657500CE,201.55,168.3,205.0,110.85,358.3,437700,163.01,201.55,90,202.0,30,330300
2026-04-13T10:32:38.394,NF,BANKNIFTY28APR2657500CE,202.0,168.3,205.0,110.85,358.3,437730,163.01,201.8,30,202.65,30,330300
2026-04-13T10:32:44.609,NF,BANKNIFTY28APR2657500CE,201.3,168.3,205.0,110.85,358.3,438330,163.06,201.6,150,202.3,60,330300
2026-04-13T10:32:48.216,NF,BANKNIFTY28APR2657500CE,201.4,168.3,205.0,110.85,358.3,438360,163.07,201.4,60,202.25,60,330300
2026-04-13T10:32:52.029,NF,BANKNIFTY28APR2657500CE,202.0,168.3,205.0,110.85,358.3,438420,163.07,201.35,60,202.05,60,330300
2026-04-13T10:32:53.223,NF,BANKNIFTY28APR2657500CE,201.2,168.3,205.0,110.85,358.3,438720,163.1,201.3,300,202.0,30,330300
2026-04-13T10:32:54.422,NF,BANKNIFTY28APR2657500CE,201.35,168.3,205.0,110.85,358.3,439050,163.13,201.3,60,202.05,60,330300
2026-04-13T10:32:55.630,NF,BANKNIFTY28APR2657500CE,202.05,168.3,205.0,110.85,358.3,439110,163.13,201.35,30,202.1,60,330300
2026-04-13T10:33:01.835,NF,BANKNIFTY28APR2657500CE,202.5,168.3,205.0,110.85,358.3,439260,163.14,201.75,30,202.5,150,330300
2026-04-13T10:33:08.048,NF,BANKNIFTY28APR2657500CE,203.35,168.3,205.0,110.85,358.3,439290,163.15,203.35,30,203.65,90,330300
2026-04-13T10:33:09.462,NF,BANKNIFTY28APR2657500CE,203.35,168.3,205.0,110.85,358.3,439320,163.15,202.55,60,203.45,30,330300
2026-04-13T10:33:10.652,NF,BANKNIFTY28APR2657500CE,202.5,168.3,205.0,110.85,358.3,439380,163.16,202.25,60,202.9,60,330300
2026-04-13T10:33:14.458,NF,BANKNIFTY28APR2657500CE,202.0,168.3,205.0,110.85,358.3,439410,163.16,201.4,90,202.3,60,330300
2026-04-13T10:33:15.667,NF,BANKNIFTY28APR2657500CE,202.3,168.3,205.0,110.85,358.3,439470,163.16,201.3,240,202.2,60,330300
2026-04-13T10:33:18.065,NF,BANKNIFTY28APR2657500CE,202.1,168.3,205.0,110.85,358.3,439830,163.19,200.75,60,201.65,60,330300
2026-04-13T10:33:19.266,NF,BANKNIFTY28APR2657500CE,201.75,168.3,205.0,110.85,358.3,440130,163.22,200.3,60,201.1,60,330300
2026-04-13T10:33:23.086,NF,BANKNIFTY28APR2657500CE,201.2,168.3,205.0,110.85,358.3,440160,163.22,200.45,30,201.25,30,330300
2026-04-13T10:33:25.495,NF,BANKNIFTY28APR2657500CE,201.2,168.3,205.0,110.85,358.3,440220,163.23,200.15,30,201.05,30,330300
2026-04-13T10:33:30.500,NF,BANKNIFTY28APR2657500CE,199.5,168.3,205.0,110.85,358.3,440370,163.24,198.5,30,199.35,30,330300
2026-04-13T10:33:32.893,NF,BANKNIFTY28APR2657500CE,199.7,168.3,205.0,110.85,358.3,440430,163.25,199.05,120,199.75,90,330300
2026-04-13T10:33:36.695,NF,BANKNIFTY28APR2657500CE,198.0,168.3,205.0,110.85,358.3,440520,163.25,197.95,150,198.85,60,330300
2026-04-13T10:33:43.106,NF,BANKNIFTY28APR2657500CE,195.5,168.3,205.0,110.85,358.3,440610,163.26,195.5,60,196.3,30,330300
2026-04-13T10:33:44.313,NF,BANKNIFTY28APR2657500CE,195.0,168.3,205.0,110.85,358.3,440700,163.27,194.55,120,195.4,60,330300
2026-04-13T10:33:46.718,NF,BANKNIFTY28APR2657500CE,196.35,168.3,205.0,110.85,358.3,441090,163.29,195.9,60,196.85,60,330300
2026-04-13T10:33:49.330,NF,BANKNIFTY28APR2657500CE,196.75,168.3,205.0,110.85,358.3,441120,163.3,195.85,30,196.8,90,330300
2026-04-13T10:33:54.336,NF,BANKNIFTY28APR2657500CE,197.05,168.3,205.0,110.85,358.3,441360,163.32,196.35,30,197.45,90,330300
2026-04-13T10:33:56.736,NF,BANKNIFTY28APR2657500CE,195.6,168.3,205.0,110.85,358.3,441840,163.35,196.15,60,197.1,60,330300
2026-04-13T10:33:59.331,NF,BANKNIFTY28APR2657500CE,197.25,168.3,205.0,110.85,358.3,442260,163.38,197.15,30,198.0,450,330300
2026-04-13T10:34:01.768,NF,BANKNIFTY28APR2657500CE,198.55,168.3,205.0,110.85,358.3,442320,163.39,197.65,60,198.45,180,330300
2026-04-13T10:34:02.956,NF,BANKNIFTY28APR2657500CE,197.35,168.3,205.0,110.85,358.3,442350,163.39,197.4,30,198.4,180,330300
2026-04-13T10:34:04.147,NF,BANKNIFTY28APR2657500CE,197.35,168.3,205.0,110.85,358.3,442380,163.39,197.3,60,198.25,150,330300
2026-04-13T10:34:07.947,NF,BANKNIFTY28APR2657500CE,197.4,168.3,205.0,110.85,358.3,442500,163.4,197.5,180,198.35,60,330300
2026-04-13T10:34:16.583,NF,BANKNIFTY28APR2657500CE,197.25,168.3,205.0,110.85,358.3,442560,163.41,197.05,120,197.9,210,330300
2026-04-13T10:34:21.573,NF,BANKNIFTY28APR2657500CE,197.95,168.3,205.0,110.85,358.3,442650,163.41,198.1,120,198.8,150,330300
2026-04-13T10:34:35.386,NF,BANKNIFTY28APR2657500CE,198.45,168.3,205.0,110.85,358.3,442740,163.42,198.15,60,198.9,30,330300
2026-04-13T10:34:36.590,NF,BANKNIFTY28APR2657500CE,198.15,168.3,205.0,110.85,358.3,442770,163.42,198.05,60,198.85,60,329460
2026-04-13T10:34:37.793,NF,BANKNIFTY28APR2657500CE,198.8,168.3,205.0,110.85,358.3,443070,163.45,197.95,90,198.75,240,329460
2026-04-13T10:34:42.413,NF,BANKNIFTY28APR2657500CE,199.4,168.3,205.0,110.85,358.3,443100,163.45,198.6,60,199.4,150,329460
2026-04-13T10:34:43.800,NF,BANKNIFTY28APR2657500CE,198.7,168.3,205.0,110.85,358.3,443130,163.45,199.05,120,199.85,30,329460
2026-04-13T10:34:52.414,NF,BANKNIFTY28APR2657500CE,199.35,168.3,205.0,110.85,358.3,443160,163.45,198.5,90,199.4,180,329460
2026-04-13T10:34:54.819,NF,BANKNIFTY28APR2657500CE,199.4,168.3,205.0,110.85,358.3,443220,163.46,198.8,90,199.4,90,329460
2026-04-13T10:35:03.447,NF,BANKNIFTY28APR2657500CE,200.8,168.3,205.0,110.85,358.3,443250,163.46,200.5,120,201.4,180,329460
2026-04-13T10:35:10.851,NF,BANKNIFTY28APR2657500CE,200.3,168.3,205.0,110.85,358.3,443280,163.46,200.4,60,201.35,60,329460
2026-04-13T10:35:25.673,NF,BANKNIFTY28APR2657500CE,199.35,168.3,205.0,110.85,358.3,443370,163.47,199.0,180,199.75,60,329460
2026-04-13T10:35:26.869,NF,BANKNIFTY28APR2657500CE,199.0,168.3,205.0,110.85,358.3,443460,163.48,198.4,90,199.3,30,329460
2026-04-13T10:35:37.899,NF,BANKNIFTY28APR2657500CE,196.5,168.3,205.0,110.85,358.3,443490,163.48,196.0,120,196.85,30,329460
2026-04-13T10:35:51.711,NF,BANKNIFTY28APR2657500CE,195.0,168.3,205.0,110.85,358.3,443640,163.49,194.3,120,195.1,30,329460
2026-04-13T10:36:01.718,NF,BANKNIFTY28APR2657500CE,194.0,168.3,205.0,110.85,358.3,443670,163.49,193.6,60,194.2,30,329460
2026-04-13T10:36:06.527,NF,BANKNIFTY28APR2657500CE,194.6,168.3,205.0,110.85,358.3,443700,163.5,194.85,30,195.85,30,329460
2026-04-13T10:36:07.926,NF,BANKNIFTY28APR2657500CE,195.35,168.3,205.0,110.85,358.3,443760,163.5,195.25,30,196.15,30,329460
2026-04-13T10:36:12.948,NF,BANKNIFTY28APR2657500CE,195.6,168.3,205.0,110.85,358.3,443850,163.51,195.7,150,196.6,30,329460
2026-04-13T10:36:15.344,NF,BANKNIFTY28APR2657500CE,195.7,168.3,205.0,110.85,358.3,444150,163.53,195.45,120,196.3,60,329460
2026-04-13T10:36:16.547,NF,BANKNIFTY28APR2657500CE,196.35,168.3,205.0,110.85,358.3,444180,163.53,196.3,120,197.45,30,329460
2026-04-13T10:36:17.744,NF,BANKNIFTY28APR2657500CE,196.35,168.3,205.0,110.85,358.3,444210,163.53,196.4,180,197.4,30,329460
2026-04-13T10:36:18.946,NF,BANKNIFTY28APR2657500CE,196.4,168.3,205.0,110.85,358.3,444240,163.53,196.35,90,197.15,30,329460
2026-04-13T10:36:20.345,NF,BANKNIFTY28APR2657500CE,196.7,168.3,205.0,110.85,358.3,444270,163.54,195.65,30,196.65,30,329460
2026-04-13T10:36:21.555,NF,BANKNIFTY28APR2657500CE,195.65,168.3,205.0,110.85,358.3,444300,163.54,195.25,180,196.2,60,329460
2026-04-13T10:36:26.554,NF,BANKNIFTY28APR2657500CE,195.25,168.3,205.0,110.85,358.3,444330,163.54,195.25,60,195.95,30,329460
2026-04-13T10:36:28.962,NF,BANKNIFTY28APR2657500CE,195.65,168.3,205.0,110.85,358.3,444360,163.54,195.5,180,196.25,60,329460
2026-04-13T10:36:31.367,NF,BANKNIFTY28APR2657500CE,195.0,168.3,205.0,110.85,358.3,444390,163.54,195.0,90,195.8,60,329460
2026-04-13T10:36:35.197,NF,BANKNIFTY28APR2657500CE,195.8,168.3,205.0,110.85,358.3,444600,163.56,194.45,30,195.4,60,329460
2026-04-13T10:36:36.375,NF,BANKNIFTY28APR2657500CE,194.85,168.3,205.0,110.85,358.3,444690,163.57,194.1,60,194.9,150,329460
2026-04-13T10:36:38.775,NF,BANKNIFTY28APR2657500CE,193.65,168.3,205.0,110.85,358.3,444900,163.58,193.1,60,193.95,30,329460
2026-04-13T10:36:39.994,NF,BANKNIFTY28APR2657500CE,194.0,168.3,205.0,110.85,358.3,444990,163.59,193.0,60,193.85,60,329460
2026-04-13T10:36:46.207,NF,BANKNIFTY28APR2657500CE,191.75,168.3,205.0,110.85,358.3,447060,163.72,191.05,240,191.8,30,329460
2026-04-13T10:36:47.395,NF,BANKNIFTY28APR2657500CE,190.35,168.3,205.0,110.85,358.3,447120,163.72,190.35,60,191.15,60,329460
2026-04-13T10:36:48.813,NF,BANKNIFTY28APR2657500CE,190.35,168.3,205.0,110.85,358.3,447150,163.73,190.3,30,190.75,240,329460
2026-04-13T10:36:49.995,NF,BANKNIFTY28APR2657500CE,190.3,168.3,205.0,110.85,358.3,447210,163.73,190.4,30,191.2,90,329460
2026-04-13T10:36:52.423,NF,BANKNIFTY28APR2657500CE,191.0,168.3,205.0,110.85,358.3,447360,163.74,191.7,30,192.4,60,329460
2026-04-13T10:36:55.016,NF,BANKNIFTY28APR2657500CE,191.65,168.3,205.0,110.85,358.3,447390,163.74,191.45,30,192.3,30,329460
2026-04-13T10:36:57.408,NF,BANKNIFTY28APR2657500CE,190.45,168.3,205.0,110.85,358.3,447450,163.74,190.15,150,191.0,60,329460
2026-04-13T10:37:01.220,NF,BANKNIFTY28APR2657500CE,190.0,168.3,205.0,110.85,358.3,447600,163.75,189.85,240,190.75,90,329460
2026-04-13T10:37:03.619,NF,BANKNIFTY28APR2657500CE,189.6,168.3,205.0,110.85,358.3,447750,163.76,189.95,60,190.8,90,329460
2026-04-13T10:37:08.627,NF,BANKNIFTY28APR2657500CE,189.65,168.3,205.0,110.85,358.3,447780,163.76,190.05,30,191.0,30,329460
2026-04-13T10:37:12.427,NF,BANKNIFTY28APR2657500CE,189.6,168.3,205.0,110.85,358.3,448170,163.79,189.7,30,190.55,30,329460
2026-04-13T10:37:16.039,NF,BANKNIFTY28APR2657500CE,190.95,168.3,205.0,110.85,358.3,448200,163.79,190.4,30,191.5,30,329460
2026-04-13T10:37:18.445,NF,BANKNIFTY28APR2657500CE,189.85,168.3,205.0,110.85,358.3,448230,163.79,189.9,30,190.7,60,329460
2026-04-13T10:37:39.283,NF,BANKNIFTY28APR2657500CE,193.7,168.3,205.0,110.85,358.3,448320,163.8,192.45,30,193.35,30,330090
2026-04-13T10:37:40.482,NF,BANKNIFTY28APR2657500CE,193.3,168.3,205.0,110.85,358.3,448380,163.8,192.6,30,193.55,30,330090
2026-04-13T10:37:44.295,NF,BANKNIFTY28APR2657500CE,192.0,168.3,205.0,110.85,358.3,448470,163.81,191.6,60,192.6,150,330090
2026-04-13T10:37:52.910,NF,BANKNIFTY28APR2657500CE,194.6,168.3,205.0,110.85,358.3,448500,163.81,192.65,30,193.7,90,330090
2026-04-13T10:37:57.707,NF,BANKNIFTY28APR2657500CE,194.55,168.3,205.0,110.85,358.3,448530,163.81,193.75,30,194.6,90,330090
2026-04-13T10:38:01.512,NF,BANKNIFTY28APR2657500CE,193.85,168.3,205.0,110.85,358.3,448620,163.82,193.95,30,194.95,30,330090
2026-04-13T10:38:02.719,NF,BANKNIFTY28APR2657500CE,195.4,168.3,205.0,110.85,358.3,448920,163.84,196.05,30,197.1,30,330090
2026-04-13T10:38:03.918,NF,BANKNIFTY28APR2657500CE,196.3,168.3,205.0,110.85,358.3,449040,163.84,196.1,90,196.9,60,330090
2026-04-13T10:38:06.510,NF,BANKNIFTY28APR2657500CE,196.95,168.3,205.0,110.85,358.3,449070,163.85,196.95,30,197.1,30,330090
2026-04-13T10:38:07.714,NF,BANKNIFTY28APR2657500CE,197.1,168.3,205.0,110.85,358.3,449100,163.85,197.15,90,197.95,60,330090
2026-04-13T10:38:10.128,NF,BANKNIFTY28APR2657500CE,197.0,168.3,205.0,110.85,358.3,449130,163.85,195.9,60,196.7,30,330090
2026-04-13T10:38:12.727,NF,BANKNIFTY28APR2657500CE,195.6,168.3,205.0,110.85,358.3,449160,163.85,195.75,90,196.55,30,330090
2026-04-13T10:38:13.923,NF,BANKNIFTY28APR2657500CE,197.0,168.3,205.0,110.85,358.3,449250,163.86,196.3,60,197.2,60,330090
2026-04-13T10:38:21.335,NF,BANKNIFTY28APR2657500CE,195.95,168.3,205.0,110.85,358.3,449310,163.86,196.45,90,197.15,30,330090
2026-04-13T10:38:23.740,NF,BANKNIFTY28APR2657500CE,197.2,168.3,205.0,110.85,358.3,449370,163.87,196.85,30,197.75,90,330090
2026-04-13T10:38:29.965,NF,BANKNIFTY28APR2657500CE,197.35,168.3,205.0,110.85,358.3,449400,163.87,197.3,60,198.0,60,330090
2026-04-13T10:38:36.162,NF,BANKNIFTY28APR2657500CE,196.95,168.3,205.0,110.85,358.3,449520,163.88,196.8,120,197.5,30,330090
2026-04-13T10:38:37.378,NF,BANKNIFTY28APR2657500CE,197.5,168.3,205.0,110.85,358.3,449550,163.88,197.1,30,197.9,30,330090
2026-04-13T10:38:39.769,NF,BANKNIFTY28APR2657500CE,197.7,168.3,205.0,110.85,358.3,449610,163.89,196.65,30,197.5,90,330090
2026-04-13T10:38:40.963,NF,BANKNIFTY28APR2657500CE,197.5,168.3,205.0,110.85,358.3,449640,163.89,196.6,30,197.45,30,330090
2026-04-13T10:38:45.769,NF,BANKNIFTY28APR2657500CE,196.15,168.3,205.0,110.85,358.3,449670,163.89,196.05,60,196.9,90,330090
2026-04-13T10:38:46.971,NF,BANKNIFTY28APR2657500CE,196.1,168.3,205.0,110.85,358.3,449820,163.9,196.25,150,197.1,30,330090
2026-04-13T10:38:50.582,NF,BANKNIFTY28APR2657500CE,196.1,168.3,205.0,110.85,358.3,449850,163.9,195.25,30,196.1,30,330090
2026-04-13T10:38:51.978,NF,BANKNIFTY28APR2657500CE,196.0,168.3,205.0,110.85,358.3,449880,163.91,195.05,30,195.9,90,330090
2026-04-13T10:38:58.188,NF,BANKNIFTY28APR2657500CE,196.1,168.3,205.0,110.85,358.3,449910,163.91,195.85,30,196.7,30,330090
2026-04-13T10:38:59.388,NF,BANKNIFTY28APR2657500CE,196.7,168.3,205.0,110.85,358.3,449940,163.91,195.7,30,196.5,90,330090
2026-04-13T10:39:05.612,NF,BANKNIFTY28APR2657500CE,196.95,168.3,205.0,110.85,358.3,450150,163.93,197.2,30,197.95,30,330090
2026-04-13T10:39:06.800,NF,BANKNIFTY28APR2657500CE,197.0,168.3,205.0,110.85,358.3,450180,163.93,196.65,120,197.5,30,330090
2026-04-13T10:39:09.213,NF,BANKNIFTY28APR2657500CE,197.3,168.3,205.0,110.85,358.3,450510,163.95,196.5,90,197.45,30,330090
2026-04-13T10:39:11.611,NF,BANKNIFTY28APR2657500CE,198.0,168.3,205.0,110.85,358.3,450570,163.96,197.25,30,198.05,120,330090
2026-04-13T10:39:14.211,NF,BANKNIFTY28APR2657500CE,198.05,168.3,205.0,110.85,358.3,450600,163.96,197.25,30,198.0,30,330090
2026-04-13T10:39:15.413,NF,BANKNIFTY28APR2657500CE,197.7,168.3,205.0,110.85,358.3,450660,163.96,197.15,30,198.05,60,330090
2026-04-13T10:39:20.428,NF,BANKNIFTY28APR2657500CE,198.05,168.3,205.0,110.85,358.3,450810,163.97,198.2,120,199.25,30,330090
2026-04-13T10:39:21.639,NF,BANKNIFTY28APR2657500CE,198.55,168.3,205.0,110.85,358.3,451020,163.99,198.9,30,199.9,60,330090
2026-04-13T10:39:22.827,NF,BANKNIFTY28APR2657500CE,199.45,168.3,205.0,110.85,358.3,451050,163.99,198.8,180,199.85,60,330090
2026-04-13T10:39:27.856,NF,BANKNIFTY28APR2657500CE,200.05,168.3,205.0,110.85,358.3,451110,164.0,199.35,60,200.0,90,330090
2026-04-13T10:39:29.052,NF,BANKNIFTY28APR2657500CE,202.9,168.3,205.0,110.85,358.3,452010,164.07,200.25,90,201.2,60,330090
2026-04-13T10:39:32.646,NF,BANKNIFTY28APR2657500CE,200.5,168.3,205.0,110.85,358.3,452640,164.12,199.7,60,200.6,90,330090
2026-04-13T10:39:37.452,NF,BANKNIFTY28APR2657500CE,200.75,168.3,205.0,110.85,358.3,452790,164.13,199.85,30,200.8,30,330090
2026-04-13T10:39:41.266,NF,BANKNIFTY28APR2657500CE,200.75,168.3,205.0,110.85,358.3,452850,164.14,200.05,30,200.75,180,330090
2026-04-13T10:39:45.061,NF,BANKNIFTY28APR2657500CE,200.75,168.3,205.0,110.85,358.3,452880,164.14,199.7,180,200.55,30,330090
2026-04-13T10:39:46.267,NF,BANKNIFTY28APR2657500CE,200.75,168.3,205.0,110.85,358.3,452910,164.14,200.15,90,200.75,90,330090
2026-04-13T10:39:47.465,NF,BANKNIFTY28APR2657500CE,200.9,168.3,205.0,110.85,358.3,453030,164.15,200.05,90,200.95,30,330090
2026-04-13T10:39:48.675,NF,BANKNIFTY28APR2657500CE,200.05,168.3,205.0,110.85,358.3,453060,164.16,199.9,120,200.85,30,330090
2026-04-13T10:40:00.886,NF,BANKNIFTY28APR2657500CE,200.6,168.3,205.0,110.85,358.3,453150,164.16,200.85,30,201.85,30,330090
2026-04-13T10:40:07.100,NF,BANKNIFTY28APR2657500CE,201.9,168.3,205.0,110.85,358.3,453180,164.17,201.35,30,202.2,60,330090
2026-04-13T10:40:09.697,NF,BANKNIFTY28APR2657500CE,202.05,168.3,205.0,110.85,358.3,453210,164.17,201.3,60,202.2,30,330090
2026-04-13T10:40:10.900,NF,BANKNIFTY28APR2657500CE,202.15,168.3,205.0,110.85,358.3,453270,164.17,201.6,30,202.2,210,330090
2026-04-13T10:40:12.103,NF,BANKNIFTY28APR2657500CE,202.15,168.3,205.0,110.85,358.3,453300,164.18,201.2,30,202.05,60,330090
2026-04-13T10:40:13.306,NF,BANKNIFTY28APR2657500CE,202.0,168.3,205.0,110.85,358.3,453330,164.18,201.2,30,202.0,210,330090
2026-04-13T10:40:14.514,NF,BANKNIFTY28APR2657500CE,200.0,168.3,205.0,110.85,358.3,453510,164.19,199.45,60,200.1,30,330090
2026-04-13T10:40:16.911,NF,BANKNIFTY28APR2657500CE,200.7,168.3,205.0,110.85,358.3,453570,164.2,200.1,30,200.75,60,330090
2026-04-13T10:40:18.314,NF,BANKNIFTY28APR2657500CE,201.1,168.3,205.0,110.85,358.3,453630,164.2,200.3,30,201.3,60,330090
2026-04-13T10:40:19.524,NF,BANKNIFTY28APR2657500CE,201.25,168.3,205.0,110.85,358.3,453660,164.21,200.9,30,201.95,60,330090
2026-04-13T10:40:23.122,NF,BANKNIFTY28APR2657500CE,201.75,168.3,205.0,110.85,358.3,453690,164.21,200.95,30,201.9,30,330090
2026-04-13T10:40:26.726,NF,BANKNIFTY28APR2657500CE,201.95,168.3,205.0,110.85,358.3,453720,164.21,201.25,30,201.55,30,330090
2026-04-13T10:40:27.948,NF,BANKNIFTY28APR2657500CE,201.55,168.3,205.0,110.85,358.3,453750,164.21,201.25,30,201.7,30,330090
2026-04-13T10:40:29.325,NF,BANKNIFTY28APR2657500CE,201.05,168.3,205.0,110.85,358.3,453840,164.22,201.25,150,201.7,60,330090
2026-04-13T10:40:40.141,NF,BANKNIFTY28APR2657500CE,203.0,168.3,205.0,110.85,358.3,453870,164.22,202.25,30,202.85,240,330750
2026-04-13T10:40:41.365,NF,BANKNIFTY28APR2657500CE,202.85,168.3,205.0,110.85,358.3,453930,164.23,202.15,60,202.85,180,330750
2026-04-13T10:40:43.751,NF,BANKNIFTY28APR2657500CE,202.2,168.3,205.0,110.85,358.3,454020,164.24,202.15,60,202.95,60,330750
2026-04-13T10:40:45.178,NF,BANKNIFTY28APR2657500CE,203.1,168.3,205.0,110.85,358.3,454080,164.24,202.95,60,203.7,90,330750
2026-04-13T10:40:51.182,NF,BANKNIFTY28APR2657500CE,203.45,168.3,205.0,110.85,358.3,454230,164.25,202.35,30,203.3,60,330750
2026-04-13T10:40:52.372,NF,BANKNIFTY28APR2657500CE,202.4,168.3,205.0,110.85,358.3,454410,164.27,202.1,30,203.1,30,330750
2026-04-13T10:40:59.770,NF,BANKNIFTY28APR2657500CE,202.25,168.3,205.0,110.85,358.3,454440,164.27,201.5,90,202.3,60,330750
2026-04-13T10:41:10.988,NF,BANKNIFTY28APR2657500CE,202.5,168.3,205.0,110.85,358.3,454470,164.27,201.9,30,202.75,30,330750
2026-04-13T10:41:15.800,NF,BANKNIFTY28APR2657500CE,203.2,168.3,205.0,110.85,358.3,454680,164.29,202.35,30,203.1,300,330750
2026-04-13T10:41:18.205,NF,BANKNIFTY28APR2657500CE,202.35,168.3,205.0,110.85,358.3,454800,164.3,202.3,90,203.2,30,330750
2026-04-13T10:41:20.818,NF,BANKNIFTY28APR2657500CE,202.0,168.3,205.0,110.85,358.3,454830,164.3,201.9,30,202.85,30,330750
2026-04-13T10:41:22.009,NF,BANKNIFTY28APR2657500CE,202.1,168.3,205.0,110.85,358.3,454950,164.31,200.65,30,201.6,30,330750
2026-04-13T10:41:27.020,NF,BANKNIFTY28APR2657500CE,201.7,168.3,205.0,110.85,358.3,455010,164.32,201.6,60,202.5,90,330750
2026-04-13T10:41:30.818,NF,BANKNIFTY28APR2657500CE,202.7,168.3,205.0,110.85,358.3,455040,164.32,202.35,30,203.2,60,330750
2026-04-13T10:41:34.436,NF,BANKNIFTY28APR2657500CE,201.4,168.3,205.0,110.85,358.3,455070,164.32,201.05,30,201.95,30,330750
2026-04-13T10:41:35.827,NF,BANKNIFTY28APR2657500CE,199.3,168.3,205.0,110.85,358.3,455100,164.33,198.55,30,199.45,60,330750
2026-04-13T10:41:38.232,NF,BANKNIFTY28APR2657500CE,198.0,168.3,205.0,110.85,358.3,456000,164.39,196.5,60,197.3,30,330750
2026-04-13T10:41:42.050,NF,BANKNIFTY28APR2657500CE,195.0,168.3,205.0,110.85,358.3,456150,164.4,192.95,120,193.9,30,330750
2026-04-13T10:41:43.245,NF,BANKNIFTY28APR2657500CE,193.5,168.3,205.0,110.85,358.3,456270,164.41,192.5,30,193.25,30,330750
2026-04-13T10:41:45.850,NF,BANKNIFTY28APR2657500CE,190.6,168.3,205.0,110.85,358.3,456330,164.41,190.9,30,191.9,60,330750
2026-04-13T10:41:47.045,NF,BANKNIFTY28APR2657500CE,191.9,168.3,205.0,110.85,358.3,456360,164.42,191.8,30,192.5,30,330750
2026-04-13T10:41:49.459,NF,BANKNIFTY28APR2657500CE,191.6,168.3,205.0,110.85,358.3,456450,164.42,190.95,60,191.8,30,330750
2026-04-13T10:41:50.653,NF,BANKNIFTY28APR2657500CE,190.95,168.3,205.0,110.85,358.3,456510,164.42,190.8,30,191.7,60,330750
2026-04-13T10:41:52.051,NF,BANKNIFTY28APR2657500CE,191.05,168.3,205.0,110.85,358.3,456660,164.43,190.45,30,191.05,30,330750
2026-04-13T10:41:53.251,NF,BANKNIFTY28APR2657500CE,190.45,168.3,205.0,110.85,358.3,456720,164.44,190.4,60,191.3,120,330750
2026-04-13T10:41:54.459,NF,BANKNIFTY28APR2657500CE,188.1,168.3,205.0,110.85,358.3,456870,164.44,188.25,60,189.0,60,330750
2026-04-13T10:41:55.673,NF,BANKNIFTY28APR2657500CE,188.15,168.3,205.0,110.85,358.3,456900,164.45,188.55,90,189.4,30,330750
2026-04-13T10:41:58.289,NF,BANKNIFTY28APR2657500CE,190.25,168.3,205.0,110.85,358.3,457200,164.46,190.8,30,191.6,30,330750
2026-04-13T10:42:01.879,NF,BANKNIFTY28APR2657500CE,189.65,168.3,205.0,110.85,358.3,457260,164.47,189.35,60,190.4,30,330750
2026-04-13T10:42:04.271,NF,BANKNIFTY28APR2657500CE,190.8,168.3,205.0,110.85,358.3,457320,164.47,190.6,90,191.55,30,330750
2026-04-13T10:42:05.484,NF,BANKNIFTY28APR2657500CE,191.65,168.3,205.0,110.85,358.3,457350,164.47,190.6,90,191.55,60,330750
2026-04-13T10:42:06.673,NF,BANKNIFTY28APR2657500CE,190.95,168.3,205.0,110.85,358.3,457380,164.47,190.6,90,191.5,60,330750
2026-04-13T10:42:10.280,NF,BANKNIFTY28APR2657500CE,192.25,168.3,205.0,110.85,358.3,457440,164.48,192.1,120,192.6,150,330750
2026-04-13T10:42:23.499,NF,BANKNIFTY28APR2657500CE,192.9,168.3,205.0,110.85,358.3,457470,164.48,192.85,60,193.6,90,330750
2026-04-13T10:42:24.704,NF,BANKNIFTY28APR2657500CE,191.65,168.3,205.0,110.85,358.3,457770,164.5,191.95,30,192.7,90,330750
2026-04-13T10:42:43.737,NF,BANKNIFTY28APR2657500CE,191.6,168.3,205.0,110.85,358.3,457800,164.5,190.65,60,191.45,60,330750
2026-04-13T10:42:56.146,NF,BANKNIFTY28APR2657500CE,190.1,168.3,205.0,110.85,358.3,457860,164.5,189.35,90,190.25,60,330750
2026-04-13T10:43:01.156,NF,BANKNIFTY28APR2657500CE,190.0,168.3,205.0,110.85,358.3,458010,164.51,189.25,90,190.1,60,330750
2026-04-13T10:43:03.770,NF,BANKNIFTY28APR2657500CE,189.85,168.3,205.0,110.85,358.3,458040,164.51,189.45,30,190.25,30,330750
2026-04-13T10:43:04.986,NF,BANKNIFTY28APR2657500CE,190.65,168.3,205.0,110.85,358.3,458100,164.52,189.9,30,190.7,60,330750
2026-04-13T10:43:06.175,NF,BANKNIFTY28APR2657500CE,190.0,168.3,205.0,110.85,358.3,458370,164.53,190.0,30,190.75,60,330750
2026-04-13T10:43:08.774,NF,BANKNIFTY28APR2657500CE,190.1,168.3,205.0,110.85,358.3,458520,164.54,190.05,30,190.65,60,330750
2026-04-13T10:43:09.979,NF,BANKNIFTY28APR2657500CE,189.75,168.3,205.0,110.85,358.3,458610,164.54,189.5,30,190.25,90,330750
2026-04-13T10:43:16.180,NF,BANKNIFTY28APR2657500CE,189.65,168.3,205.0,110.85,358.3,458700,164.55,189.0,30,189.85,90,330750
2026-04-13T10:43:17.580,NF,BANKNIFTY28APR2657500CE,189.9,168.3,205.0,110.85,358.3,458820,164.56,189.9,30,190.6,120,330750
2026-04-13T10:43:18.782,NF,BANKNIFTY28APR2657500CE,189.8,168.3,205.0,110.85,358.3,458850,164.56,189.65,60,190.5,180,330750
2026-04-13T10:43:28.831,NF,BANKNIFTY28APR2657500CE,191.2,168.3,205.0,110.85,358.3,458880,164.56,190.5,60,191.3,120,330750
2026-04-13T10:43:40.019,NF,BANKNIFTY28APR2657500CE,192.85,168.3,205.0,110.85,358.3,458970,164.56,192.55,90,193.05,150,331110
2026-04-13T10:43:41.221,NF,BANKNIFTY28APR2657500CE,192.5,168.3,205.0,110.85,358.3,459090,164.57,192.55,30,193.25,120,331110
2026-04-13T10:43:49.851,NF,BANKNIFTY28APR2657500CE,193.4,168.3,205.0,110.85,358.3,459210,164.58,192.5,60,193.35,30,331110
2026-04-13T10:43:58.248,NF,BANKNIFTY28APR2657500CE,193.9,168.3,205.0,110.85,358.3,459240,164.58,194.2,90,194.9,60,331110
2026-04-13T10:43:59.646,NF,BANKNIFTY28APR2657500CE,194.75,168.3,205.0,110.85,358.3,459300,164.59,194.45,60,195.2,150,331110
2026-04-13T10:44:05.658,NF,BANKNIFTY28APR2657500CE,195.2,168.3,205.0,110.85,358.3,459390,164.59,195.05,60,195.85,30,331110
2026-04-13T10:44:14.274,NF,BANKNIFTY28APR2657500CE,194.45,168.3,205.0,110.85,358.3,459450,164.6,193.7,60,194.65,60,331110
2026-04-13T10:44:20.476,NF,BANKNIFTY28APR2657500CE,195.35,168.3,205.0,110.85,358.3,459480,164.6,195.3,60,196.1,60,331110
2026-04-13T10:44:22.882,NF,BANKNIFTY28APR2657500CE,195.65,168.3,205.0,110.85,358.3,459510,164.6,195.85,60,196.55,240,331110
2026-04-13T10:44:31.504,NF,BANKNIFTY28APR2657500CE,196.7,168.3,205.0,110.85,358.3,459570,164.6,196.8,120,197.5,30,331110
2026-04-13T10:44:37.502,NF,BANKNIFTY28APR2657500CE,198.0,168.3,205.0,110.85,358.3,459600,164.61,198.0,90,198.25,30,331110
2026-04-13T10:44:38.706,NF,BANKNIFTY28APR2657500CE,198.25,168.3,205.0,110.85,358.3,459630,164.61,198.0,180,198.65,30,331110
2026-04-13T10:44:45.116,NF,BANKNIFTY28APR2657500CE,199.0,168.3,205.0,110.85,358.3,459660,164.61,198.55,30,199.25,30,331110
2026-04-13T10:44:49.922,NF,BANKNIFTY28APR2657500CE,199.9,168.3,205.0,110.85,358.3,459960,164.63,199.95,30,200.5,150,331110
2026-04-13T10:44:51.319,NF,BANKNIFTY28APR2657500CE,200.4,168.3,205.0,110.85,358.3,459990,164.64,199.55,90,200.2,30,331110
2026-04-13T10:44:52.539,NF,BANKNIFTY28APR2657500CE,199.35,168.3,205.0,110.85,358.3,460020,164.64,198.75,150,199.35,60,331110
2026-04-13T10:44:56.332,NF,BANKNIFTY28APR2657500CE,199.0,168.3,205.0,110.85,358.3,460080,164.64,198.85,120,199.55,60,331110
2026-04-13T10:44:58.732,NF,BANKNIFTY28APR2657500CE,199.05,168.3,205.0,110.85,358.3,460110,164.64,198.95,30,199.3,30,331110
2026-04-13T10:45:01.137,NF,BANKNIFTY28APR2657500CE,199.35,168.3,205.0,110.85,358.3,460230,164.65,199.35,30,199.8,60,331110
2026-04-13T10:45:02.344,NF,BANKNIFTY28APR2657500CE,199.35,168.3,205.0,110.85,358.3,460260,164.66,199.0,210,199.55,30,331110
2026-04-13T10:45:03.740,NF,BANKNIFTY28APR2657500CE,199.25,168.3,205.0,110.85,358.3,460290,164.66,199.35,30,199.6,30,331110
2026-04-13T10:45:06.148,NF,BANKNIFTY28APR2657500CE,200.5,168.3,205.0,110.85,358.3,460440,164.67,200.5,60,201.1,60,331110
2026-04-13T10:45:07.346,NF,BANKNIFTY28APR2657500CE,200.85,168.3,205.0,110.85,358.3,460530,164.68,200.35,30,200.95,30,331110
2026-04-13T10:45:09.948,NF,BANKNIFTY28APR2657500CE,202.75,168.3,205.0,110.85,358.3,461160,164.73,202.35,30,202.85,120,331110
2026-04-13T10:45:12.356,NF,BANKNIFTY28APR2657500CE,202.9,168.3,205.0,110.85,358.3,461190,164.73,203.05,30,203.45,60,331110
2026-04-13T10:45:13.752,NF,BANKNIFTY28APR2657500CE,203.7,168.3,205.0,110.85,358.3,461400,164.75,203.45,30,203.7,150,331110
2026-04-13T10:45:14.969,NF,BANKNIFTY28APR2657500CE,203.45,168.3,205.0,110.85,358.3,461460,164.75,203.7,60,204.25,30,331110
2026-04-13T10:45:16.198,NF,BANKNIFTY28APR2657500CE,204.35,168.3,205.0,110.85,358.3,461610,164.77,204.2,30,204.55,150,331110
2026-04-13T10:45:17.362,NF,BANKNIFTY28APR2657500CE,204.3,168.3,205.0,110.85,358.3,461730,164.78,204.25,60,204.6,150,331110
2026-04-13T10:45:18.761,NF,BANKNIFTY28APR2657500CE,204.35,168.3,205.0,110.85,358.3,461850,164.79,203.95,60,204.6,150,331110
2026-04-13T10:45:19.963,NF,BANKNIFTY28APR2657500CE,205.6,168.3,206.0,110.85,358.3,462540,164.85,205.6,30,205.95,180,331110
2026-04-13T10:45:21.177,NF,BANKNIFTY28APR2657500CE,205.7,168.3,206.1,110.85,358.3,462690,164.86,205.6,180,206.1,60,331110
2026-04-13T10:45:22.376,NF,BANKNIFTY28APR2657500CE,206.1,168.3,206.1,110.85,358.3,462720,164.86,206.1,120,206.55,120,331110
2026-04-13T10:45:23.775,NF,BANKNIFTY28APR2657500CE,205.6,168.3,206.1,110.85,358.3,462960,164.88,205.05,30,205.5,30,331110
2026-04-13T10:45:24.976,NF,BANKNIFTY28APR2657500CE,206.25,168.3,206.25,110.85,358.3,462990,164.89,205.65,30,206.25,120,331110
2026-04-13T10:45:27.378,NF,BANKNIFTY28APR2657500CE,204.0,168.3,206.25,110.85,358.3,463050,164.89,204.0,60,204.4,30,331110
2026-04-13T10:45:29.979,NF,BANKNIFTY28APR2657500CE,203.35,168.3,206.25,110.85,358.3,463470,164.93,202.5,120,203.3,60,331110
2026-04-13T10:45:33.593,NF,BANKNIFTY28APR2657500CE,203.8,168.3,206.25,110.85,358.3,463830,164.96,203.0,90,203.75,90,331110
2026-04-13T10:45:34.792,NF,BANKNIFTY28APR2657500CE,203.8,168.3,206.25,110.85,358.3,463890,164.96,203.25,120,203.85,30,331110
2026-04-13T10:45:42.003,NF,BANKNIFTY28APR2657500CE,205.5,168.3,206.25,110.85,358.3,463920,164.97,205.5,30,205.95,60,331110
2026-04-13T10:45:43.206,NF,BANKNIFTY28APR2657500CE,205.9,168.3,206.25,110.85,358.3,463950,164.97,205.5,90,205.9,60,331110
2026-04-13T10:45:44.407,NF,BANKNIFTY28APR2657500CE,205.5,168.3,206.25,110.85,358.3,463980,164.97,205.35,30,205.85,30,331110
2026-04-13T10:45:49.216,NF,BANKNIFTY28APR2657500CE,205.7,168.3,206.25,110.85,358.3,464010,164.97,204.95,30,205.15,60,331110
2026-04-13T10:45:50.615,NF,BANKNIFTY28APR2657500CE,205.15,168.3,206.25,110.85,358.3,464100,164.98,204.95,30,205.2,60,331110
2026-04-13T10:45:51.840,NF,BANKNIFTY28APR2657500CE,205.75,168.3,206.25,110.85,358.3,464220,164.99,205.15,60,205.9,30,331110
2026-04-13T10:45:54.223,NF,BANKNIFTY28APR2657500CE,206.0,168.3,206.25,110.85,358.3,464250,164.99,205.45,30,205.95,180,331110
2026-04-13T10:45:59.036,NF,BANKNIFTY28APR2657500CE,205.0,168.3,206.25,110.85,358.3,464400,165.01,204.3,60,204.75,30,331110
2026-04-13T10:46:00.236,NF,BANKNIFTY28APR2657500CE,204.25,168.3,206.25,110.85,358.3,464460,165.01,204.1,90,204.75,30,331110
2026-04-13T10:46:01.441,NF,BANKNIFTY28APR2657500CE,205.0,168.3,206.25,110.85,358.3,464520,165.02,205.1,60,205.8,30,331110
2026-04-13T10:46:04.041,NF,BANKNIFTY28APR2657500CE,204.95,168.3,206.25,110.85,358.3,465000,165.06,204.4,30,205.1,30,331110
2026-04-13T10:46:05.239,NF,BANKNIFTY28APR2657500CE,205.65,168.3,206.25,110.85,358.3,465060,165.06,205.6,60,206.0,30,331110
2026-04-13T10:46:06.447,NF,BANKNIFTY28APR2657500CE,206.2,168.3,206.25,110.85,358.3,465150,165.07,205.7,30,206.0,150,331110
2026-04-13T10:46:07.642,NF,BANKNIFTY28APR2657500CE,206.3,168.3,206.3,110.85,358.3,465330,165.09,205.65,180,206.3,150,331110
2026-04-13T10:46:08.866,NF,BANKNIFTY28APR2657500CE,206.3,168.3,206.3,110.85,358.3,465360,165.09,205.85,30,206.4,210,331110
2026-04-13T10:46:12.648,NF,BANKNIFTY28APR2657500CE,206.65,168.3,206.65,110.85,358.3,465420,165.1,206.45,60,207.0,150,331110
2026-04-13T10:46:13.853,NF,BANKNIFTY28APR2657500CE,206.8,168.3,206.8,110.85,358.3,465450,165.1,206.25,30,206.85,60,331110
2026-04-13T10:46:16.264,NF,BANKNIFTY28APR2657500CE,206.15,168.3,206.8,110.85,358.3,465510,165.1,206.15,30,206.8,210,331110
2026-04-13T10:46:18.696,NF,BANKNIFTY28APR2657500CE,206.9,168.3,206.9,110.85,358.3,465600,165.11,206.35,30,206.9,90,331110
2026-04-13T10:46:19.863,NF,BANKNIFTY28APR2657500CE,206.9,168.3,206.9,110.85,358.3,465630,165.11,206.35,30,206.9,60,331110
2026-04-13T10:46:24.672,NF,BANKNIFTY28APR2657500CE,206.35,168.3,206.9,110.85,358.3,465750,165.12,206.15,60,206.8,30,331110
2026-04-13T10:46:29.482,NF,BANKNIFTY28APR2657500CE,207.4,168.3,207.45,110.85,358.3,466080,165.15,206.65,60,207.4,330,331110
2026-04-13T10:46:31.890,NF,BANKNIFTY28APR2657500CE,207.15,168.3,207.45,110.85,358.3,466110,165.16,207.1,30,207.5,240,331110
2026-04-13T10:46:33.122,NF,BANKNIFTY28APR2657500CE,207.35,168.3,207.45,110.85,358.3,466230,165.17,207.2,30,207.7,180,331110
2026-04-13T10:46:34.085,NF,BANKNIFTY28APR2657500CE,206.85,168.3,207.45,110.85,358.3,466260,165.17,206.95,30,207.5,90,331110
2026-04-13T10:46:36.488,NF,BANKNIFTY28APR2657500CE,206.75,168.3,207.45,110.85,358.3,466320,165.18,206.5,30,207.1,30,331110
2026-04-13T10:46:37.702,NF,BANKNIFTY28APR2657500CE,206.9,168.3,207.45,110.85,358.3,466350,165.18,206.05,30,206.85,30,331110
2026-04-13T10:46:43.777,NF,BANKNIFTY28APR2657500CE,207.9,168.3,207.9,110.85,358.3,466530,165.2,207.35,30,207.8,150,331890
2026-04-13T10:46:46.102,NF,BANKNIFTY28APR2657500CE,207.35,168.3,207.9,110.85,358.3,466560,165.2,207.4,30,207.85,150,331890
2026-04-13T10:46:47.305,NF,BANKNIFTY28APR2657500CE,207.9,168.3,208.0,110.85,358.3,466770,165.22,207.65,30,208.25,30,331890
2026-04-13T10:46:49.914,NF,BANKNIFTY28APR2657500CE,208.25,168.3,208.25,110.85,358.3,467010,165.24,208.1,60,208.55,210,331890
2026-04-13T10:46:51.110,NF,BANKNIFTY28APR2657500CE,208.5,168.3,208.5,110.85,358.3,467070,165.24,207.2,30,207.95,30,331890
2026-04-13T10:46:52.324,NF,BANKNIFTY28APR2657500CE,207.25,168.3,208.5,110.85,358.3,467160,165.25,206.6,30,207.25,30,331890
2026-04-13T10:46:53.521,NF,BANKNIFTY28APR2657500CE,206.8,168.3,208.5,110.85,358.3,467250,165.26,205.9,30,206.75,30,331890
2026-04-13T10:46:54.916,NF,BANKNIFTY28APR2657500CE,207.4,168.3,208.5,110.85,358.3,467280,165.26,206.7,90,207.55,90,331890
2026-04-13T10:46:58.524,NF,BANKNIFTY28APR2657500CE,207.15,168.3,208.5,110.85,358.3,467400,165.27,207.0,60,207.7,30,331890
2026-04-13T10:46:59.744,NF,BANKNIFTY28APR2657500CE,207.6,168.3,208.5,110.85,358.3,467430,165.28,205.85,60,206.55,30,331890
2026-04-13T10:47:00.949,NF,BANKNIFTY28APR2657500CE,206.4,168.3,208.5,110.85,358.3,467460,165.28,205.3,30,206.15,60,331890
2026-04-13T10:47:03.331,NF,BANKNIFTY28APR2657500CE,206.05,168.3,208.5,110.85,358.3,467490,165.28,205.35,30,206.05,60,331890
2026-04-13T10:47:05.757,NF,BANKNIFTY28APR2657500CE,205.35,168.3,208.5,110.85,358.3,467610,165.29,204.95,150,205.6,30,331890
2026-04-13T10:47:06.935,NF,BANKNIFTY28APR2657500CE,205.0,168.3,208.5,110.85,358.3,467700,165.3,204.2,30,205.1,60,331890
2026-04-13T10:47:10.743,NF,BANKNIFTY28APR2657500CE,205.5,168.3,208.5,110.85,358.3,467730,165.3,204.8,60,205.65,30,331890
2026-04-13T10:47:16.957,NF,BANKNIFTY28APR2657500CE,205.35,168.3,208.5,110.85,358.3,467760,165.31,205.15,90,206.0,120,331890
2026-04-13T10:47:19.354,NF,BANKNIFTY28APR2657500CE,205.8,168.3,208.5,110.85,358.3,467790,165.31,205.2,30,205.85,60,331890
2026-04-13T10:47:20.557,NF,BANKNIFTY28APR2657500CE,206.55,168.3,208.5,110.85,358.3,467820,165.31,205.85,30,206.55,180,331890
2026-04-13T10:47:22.960,NF,BANKNIFTY28APR2657500CE,205.0,168.3,208.5,110.85,358.3,467970,165.32,204.1,30,205.15,30,331890
2026-04-13T10:47:25.382,NF,BANKNIFTY28APR2657500CE,204.1,168.3,208.5,110.85,358.3,468030,165.33,204.0,210,204.7,210,331890
2026-04-13T10:47:26.762,NF,BANKNIFTY28APR2657500CE,204.1,168.3,208.5,110.85,358.3,468060,165.33,203.9,60,204.65,30,331890
2026-04-13T10:47:27.966,NF,BANKNIFTY28APR2657500CE,203.85,168.3,208.5,110.85,358.3,468180,165.34,203.35,150,203.9,60,331890
2026-04-13T10:47:29.169,NF,BANKNIFTY28APR2657500CE,203.7,168.3,208.5,110.85,358.3,468210,165.34,203.0,90,203.7,60,331890
2026-04-13T10:47:30.383,NF,BANKNIFTY28APR2657500CE,203.2,168.3,208.5,110.85,358.3,468270,165.35,203.2,150,203.85,360,331890
2026-04-13T10:47:31.581,NF,BANKNIFTY28APR2657500CE,203.15,168.3,208.5,110.85,358.3,468300,165.35,202.95,30,203.7,30,331890
2026-04-13T10:47:32.972,NF,BANKNIFTY28APR2657500CE,203.3,168.3,208.5,110.85,358.3,468450,165.36,202.95,60,203.8,60,331890
2026-04-13T10:47:34.207,NF,BANKNIFTY28APR2657500CE,204.25,168.3,208.5,110.85,358.3,468510,165.37,204.05,210,204.55,180,331890
2026-04-13T10:47:35.379,NF,BANKNIFTY28APR2657500CE,204.55,168.3,208.5,110.85,358.3,468570,165.37,204.3,60,205.05,60,331890
2026-04-13T10:47:37.793,NF,BANKNIFTY28APR2657500CE,205.25,168.3,208.5,110.85,358.3,468600,165.38,204.9,60,205.7,30,331890
2026-04-13T10:47:38.987,NF,BANKNIFTY28APR2657500CE,204.5,168.3,208.5,110.85,358.3,468690,165.38,204.4,210,205.0,30,331890
2026-04-13T10:47:40.202,NF,BANKNIFTY28APR2657500CE,204.35,168.3,208.5,110.85,358.3,468720,165.39,204.35,150,205.0,30,331890
2026-04-13T10:47:41.391,NF,BANKNIFTY28APR2657500CE,204.8,168.3,208.5,110.85,358.3,469050,165.41,204.7,180,205.15,60,331890
2026-04-13T10:47:42.587,NF,BANKNIFTY28APR2657500CE,205.65,168.3,208.5,110.85,358.3,469140,165.42,205.55,150,206.1,180,331890
2026-04-13T10:47:43.805,NF,BANKNIFTY28APR2657500CE,205.45,168.3,208.5,110.85,358.3,469170,165.42,205.15,30,205.7,60,331890
2026-04-13T10:47:44.994,NF,BANKNIFTY28APR2657500CE,205.55,168.3,208.5,110.85,358.3,469230,165.43,205.15,30,205.5,180,331890
2026-04-13T10:47:46.193,NF,BANKNIFTY28APR2657500CE,204.65,168.3,208.5,110.85,358.3,469290,165.43,204.35,60,205.1,60,331890
2026-04-13T10:47:48.795,NF,BANKNIFTY28APR2657500CE,205.0,168.3,208.5,110.85,358.3,469320,165.44,204.4,30,204.85,60,331890
2026-04-13T10:47:50.003,NF,BANKNIFTY28APR2657500CE,204.8,168.3,208.5,110.85,358.3,469440,165.45,204.4,30,204.75,150,331890
2026-04-13T10:47:52.403,NF,BANKNIFTY28APR2657500CE,205.3,168.3,208.5,110.85,358.3,469830,165.48,205.3,120,206.2,360,331890
2026-04-13T10:47:54.824,NF,BANKNIFTY28APR2657500CE,205.35,168.3,208.5,110.85,358.3,469860,165.48,204.6,90,205.4,30,331890
2026-04-13T10:47:58.418,NF,BANKNIFTY28APR2657500CE,205.85,168.3,208.5,110.85,358.3,469890,165.48,205.35,30,206.1,180,331890
2026-04-13T10:47:59.811,NF,BANKNIFTY28APR2657500CE,206.05,168.3,208.5,110.85,358.3,469920,165.49,205.0,60,205.65,30,331890
2026-04-13T10:48:01.013,NF,BANKNIFTY28APR2657500CE,205.8,168.3,208.5,110.85,358.3,470040,165.5,204.95,30,205.8,30,331890
2026-04-13T10:48:02.215,NF,BANKNIFTY28APR2657500CE,204.95,168.3,208.5,110.85,358.3,470070,165.5,205.3,60,206.0,150,331890
2026-04-13T10:48:04.627,NF,BANKNIFTY28APR2657500CE,206.4,168.3,208.5,110.85,358.3,470100,165.5,206.0,30,206.5,150,331890
2026-04-13T10:48:05.823,NF,BANKNIFTY28APR2657500CE,206.5,168.3,208.5,110.85,358.3,470310,165.52,206.0,90,206.5,30,331890
2026-04-13T10:48:07.027,NF,BANKNIFTY28APR2657500CE,206.55,168.3,208.5,110.85,358.3,470340,165.52,206.0,120,206.55,90,331890
2026-04-13T10:48:11.828,NF,BANKNIFTY28APR2657500CE,207.0,168.3,208.5,110.85,358.3,471240,165.6,207.15,120,207.75,150,331890
2026-04-13T10:48:13.241,NF,BANKNIFTY28APR2657500CE,207.7,168.3,208.5,110.85,358.3,471300,165.61,207.2,120,207.75,150,331890
2026-04-13T10:48:14.429,NF,BANKNIFTY28APR2657500CE,207.2,168.3,208.5,110.85,358.3,471360,165.61,206.35,120,207.1,30,331890
2026-04-13T10:48:15.631,NF,BANKNIFTY28APR2657500CE,207.3,168.3,208.5,110.85,358.3,471390,165.62,206.95,60,207.7,210,331890
2026-04-13T10:48:21.655,NF,BANKNIFTY28APR2657500CE,208.05,168.3,208.5,110.85,358.3,471420,165.62,207.7,60,208.5,60,331890
2026-04-13T10:48:23.064,NF,BANKNIFTY28APR2657500CE,207.7,168.3,208.5,110.85,358.3,471480,165.62,207.35,180,208.15,30,331890
2026-04-13T10:48:25.454,NF,BANKNIFTY28APR2657500CE,207.2,168.3,208.5,110.85,358.3,471540,165.63,207.0,60,207.3,30,331890
2026-04-13T10:48:30.259,NF,BANKNIFTY28APR2657500CE,207.55,168.3,208.5,110.85,358.3,471570,165.63,207.3,60,208.1,60,331890
2026-04-13T10:48:33.868,NF,BANKNIFTY28APR2657500CE,207.2,168.3,208.5,110.85,358.3,471600,165.63,207.05,30,207.6,30,331890
2026-04-13T10:48:35.286,NF,BANKNIFTY28APR2657500CE,207.6,168.3,208.5,110.85,358.3,471630,165.64,207.95,60,208.8,30,331890
2026-04-13T10:48:37.670,NF,BANKNIFTY28APR2657500CE,208.45,168.3,208.5,110.85,358.3,471720,165.65,208.35,120,209.15,30,331890
2026-04-13T10:48:38.893,NF,BANKNIFTY28APR2657500CE,208.35,168.3,208.5,110.85,358.3,471750,165.65,208.35,90,209.15,90,331890
2026-04-13T10:48:42.488,NF,BANKNIFTY28APR2657500CE,208.25,168.3,209.2,110.85,358.3,471930,165.66,207.45,90,208.05,60,331890
2026-04-13T10:48:43.891,NF,BANKNIFTY28APR2657500CE,207.55,168.3,209.2,110.85,358.3,472050,165.67,207.0,90,207.75,60,331890
2026-04-13T10:48:47.486,NF,BANKNIFTY28APR2657500CE,207.95,168.3,209.2,110.85,358.3,472080,165.68,207.05,30,207.7,60,331890
2026-04-13T10:48:48.695,NF,BANKNIFTY28APR2657500CE,207.0,168.3,209.2,110.85,358.3,472140,165.68,207.0,30,207.15,30,331890
2026-04-13T10:48:49.899,NF,BANKNIFTY28APR2657500CE,207.0,168.3,209.2,110.85,358.3,472170,165.69,206.85,30,207.65,60,331890
2026-04-13T10:48:51.290,NF,BANKNIFTY28APR2657500CE,207.65,168.3,209.2,110.85,358.3,472200,165.69,206.75,60,207.45,60,331890
2026-04-13T10:48:52.507,NF,BANKNIFTY28APR2657500CE,207.5,168.3,209.2,110.85,358.3,472230,165.69,207.0,90,207.6,30,331890
2026-04-13T10:48:53.694,NF,BANKNIFTY28APR2657500CE,207.6,168.3,209.2,110.85,358.3,472260,165.69,207.05,90,207.95,60,331890
2026-04-13T10:48:54.699,NF,BANKNIFTY28APR2657500CE,207.55,168.3,209.2,110.85,358.3,472500,165.71,207.0,120,207.7,60,331890
2026-04-13T10:48:57.101,NF,BANKNIFTY28APR2657500CE,207.3,168.3,209.2,110.85,358.3,472590,165.72,206.75,60,207.5,30,331890
2026-04-13T10:48:58.303,NF,BANKNIFTY28APR2657500CE,206.8,168.3,209.2,110.85,358.3,472650,165.73,206.05,240,206.8,60,331890
2026-04-13T10:48:59.507,NF,BANKNIFTY28APR2657500CE,206.8,168.3,209.2,110.85,358.3,472680,165.73,206.1,90,206.9,60,331890
2026-04-13T10:49:04.318,NF,BANKNIFTY28APR2657500CE,205.9,168.3,209.2,110.85,358.3,472890,165.75,205.3,60,205.9,30,331890
2026-04-13T10:49:09.118,NF,BANKNIFTY28APR2657500CE,205.3,168.3,209.2,110.85,358.3,472920,165.75,204.55,60,205.3,60,331890
2026-04-13T10:49:10.130,NF,BANKNIFTY28APR2657500CE,205.0,168.3,209.2,110.85,358.3,472980,165.76,204.5,150,205.2,60,331890
2026-04-13T10:49:12.724,NF,BANKNIFTY28APR2657500CE,204.0,168.3,209.2,110.85,358.3,473010,165.76,204.05,60,204.85,30,331890
2026-04-13T10:49:13.931,NF,BANKNIFTY28APR2657500CE,204.05,168.3,209.2,110.85,358.3,473040,165.76,201.85,30,202.7,30,331890
2026-04-13T10:49:15.138,NF,BANKNIFTY28APR2657500CE,202.55,168.3,209.2,110.85,358.3,473070,165.76,202.05,90,202.7,60,331890
2026-04-13T10:49:21.340,NF,BANKNIFTY28APR2657500CE,203.35,168.3,209.2,110.85,358.3,473160,165.77,202.65,90,203.45,90,331890
2026-04-13T10:49:22.546,NF,BANKNIFTY28APR2657500CE,203.55,168.3,209.2,110.85,358.3,473190,165.77,203.2,30,204.15,30,331890
2026-04-13T10:49:28.749,NF,BANKNIFTY28APR2657500CE,204.3,168.3,209.2,110.85,358.3,473490,165.8,203.4,60,204.2,330,331890
2026-04-13T10:49:29.950,NF,BANKNIFTY28APR2657500CE,204.25,168.3,209.2,110.85,358.3,473580,165.8,203.4,30,204.1,60,331890
2026-04-13T10:49:34.758,NF,BANKNIFTY28APR2657500CE,203.6,168.3,209.2,110.85,358.3,473610,165.81,203.7,90,204.45,30,331890
2026-04-13T10:49:39.764,NF,BANKNIFTY28APR2657500CE,202.8,168.3,209.2,110.85,358.3,473640,165.81,202.6,90,203.5,30,331890
2026-04-13T10:49:40.966,NF,BANKNIFTY28APR2657500CE,203.65,168.3,209.2,110.85,358.3,473760,165.82,202.8,60,203.6,180,331800
2026-04-13T10:49:42.174,NF,BANKNIFTY28APR2657500CE,203.0,168.3,209.2,110.85,358.3,473850,165.83,203.0,30,203.4,30,331800
2026-04-13T10:49:43.427,NF,BANKNIFTY28APR2657500CE,203.0,168.3,209.2,110.85,358.3,473880,165.83,202.3,30,203.15,30,331800
2026-04-13T10:49:44.594,NF,BANKNIFTY28APR2657500CE,203.6,168.3,209.2,110.85,358.3,473940,165.83,203.85,60,204.55,60,331800
2026-04-13T10:49:47.185,NF,BANKNIFTY28APR2657500CE,204.55,168.3,209.2,110.85,358.3,473970,165.83,203.65,60,204.55,60,331800
2026-04-13T10:49:50.792,NF,BANKNIFTY28APR2657500CE,204.9,168.3,209.2,110.85,358.3,474060,165.84,205.15,60,205.9,150,331800
2026-04-13T10:49:52.182,NF,BANKNIFTY28APR2657500CE,205.2,168.3,209.2,110.85,358.3,474300,165.86,205.15,30,206.0,60,331800
2026-04-13T10:49:53.398,NF,BANKNIFTY28APR2657500CE,204.7,168.3,209.2,110.85,358.3,474390,165.87,204.55,60,205.4,30,331800
2026-04-13T10:50:03.399,NF,BANKNIFTY28APR2657500CE,203.9,168.3,209.2,110.85,358.3,474420,165.87,203.4,60,204.1,60,331800
2026-04-13T10:50:07.004,NF,BANKNIFTY28APR2657500CE,203.4,168.3,209.2,110.85,358.3,474450,165.87,202.8,210,203.4,30,331800
2026-04-13T10:50:10.621,NF,BANKNIFTY28APR2657500CE,203.3,168.3,209.2,110.85,358.3,474480,165.88,203.3,60,204.1,60,331800
2026-04-13T10:50:12.014,NF,BANKNIFTY28APR2657500CE,204.1,168.3,209.2,110.85,358.3,474570,165.88,203.25,60,204.05,60,331800
2026-04-13T10:50:18.028,NF,BANKNIFTY28APR2657500CE,203.4,168.3,209.2,110.85,358.3,474600,165.89,203.0,60,203.85,90,331800
2026-04-13T10:50:25.639,NF,BANKNIFTY28APR2657500CE,203.15,168.3,209.2,110.85,358.3,474750,165.9,201.95,60,202.8,60,331800
2026-04-13T10:50:26.841,NF,BANKNIFTY28APR2657500CE,203.35,168.3,209.2,110.85,358.3,474780,165.9,202.7,90,203.5,90,331800
2026-04-13T10:50:28.035,NF,BANKNIFTY28APR2657500CE,203.6,168.3,209.2,110.85,358.3,474840,165.91,202.85,30,203.65,60,331800
2026-04-13T10:50:33.047,NF,BANKNIFTY28APR2657500CE,204.1,168.3,209.2,110.85,358.3,475110,165.93,203.9,30,204.6,60,331800
2026-04-13T10:50:38.056,NF,BANKNIFTY28APR2657500CE,203.85,168.3,209.2,110.85,358.3,475140,165.93,204.15,30,204.65,30,331800
2026-04-13T10:50:41.659,NF,BANKNIFTY28APR2657500CE,203.8,168.3,209.2,110.85,358.3,475200,165.93,203.75,150,204.6,120,331800
2026-04-13T10:50:47.880,NF,BANKNIFTY28APR2657500CE,204.65,168.3,209.2,110.85,358.3,475230,165.94,204.55,60,205.45,30,331800
2026-04-13T10:50:50.271,NF,BANKNIFTY28APR2657500CE,205.4,168.3,209.2,110.85,358.3,475260,165.94,204.65,60,205.45,90,331800
2026-04-13T10:50:52.896,NF,BANKNIFTY28APR2657500CE,204.05,168.3,209.2,110.85,358.3,475290,165.94,203.25,90,204.15,30,331800
2026-04-13T10:51:02.688,NF,BANKNIFTY28APR2657500CE,204.25,168.3,209.2,110.85,358.3,475320,165.94,203.25,60,204.05,30,331800
2026-04-13T10:51:03.890,NF,BANKNIFTY28APR2657500CE,204.0,168.3,209.2,110.85,358.3,475380,165.95,203.3,60,204.05,30,331800
2026-04-13T10:51:07.694,NF,BANKNIFTY28APR2657500CE,204.1,168.3,209.2,110.85,358.3,475500,165.96,204.25,30,205.0,60,331800
2026-04-13T10:51:10.100,NF,BANKNIFTY28APR2657500CE,203.6,168.3,209.2,110.85,358.3,475530,165.96,203.8,90,204.65,90,331800
2026-04-13T10:51:15.106,NF,BANKNIFTY28APR2657500CE,203.1,168.3,209.2,110.85,358.3,475590,165.97,203.15,60,203.95,30,331800
2026-04-13T10:51:16.308,NF,BANKNIFTY28APR2657500CE,203.55,168.3,209.2,110.85,358.3,475680,165.97,203.45,120,204.25,60,331800
2026-04-13T10:51:19.737,NF,BANKNIFTY28APR2657500CE,204.0,168.3,209.2,110.85,358.3,475710,165.97,204.2,60,205.0,90,331800
2026-04-13T10:51:30.934,NF,BANKNIFTY28APR2657500CE,203.1,168.3,209.2,110.85,358.3,475800,165.98,202.95,60,203.7,60,331800
2026-04-13T10:51:33.536,NF,BANKNIFTY28APR2657500CE,204.0,168.3,209.2,110.85,358.3,475980,166.0,203.25,60,204.2,90,331800
2026-04-13T10:51:37.144,NF,BANKNIFTY28APR2657500CE,203.45,168.3,209.2,110.85,358.3,476040,166.0,203.55,90,204.45,90,331800
2026-04-13T10:51:51.967,NF,BANKNIFTY28APR2657500CE,202.4,168.3,209.2,110.85,358.3,476070,166.0,202.2,60,203.0,90,331800
2026-04-13T10:52:00.388,NF,BANKNIFTY28APR2657500CE,201.65,168.3,209.2,110.85,358.3,476190,166.01,200.75,60,201.75,60,331800
2026-04-13T10:52:10.200,NF,BANKNIFTY28APR2657500CE,202.05,168.3,209.2,110.85,358.3,476250,166.02,201.4,180,202.2,30,331800
2026-04-13T10:52:16.209,NF,BANKNIFTY28APR2657500CE,203.15,168.3,209.2,110.85,358.3,476280,166.02,203.15,60,203.8,30,331800
2026-04-13T10:52:17.607,NF,BANKNIFTY28APR2657500CE,203.15,168.3,209.2,110.85,358.3,476310,166.02,202.4,30,203.2,90,331800
2026-04-13T10:52:26.240,NF,BANKNIFTY28APR2657500CE,204.25,168.3,209.2,110.85,358.3,476370,166.03,203.45,60,204.2,60,331800
2026-04-13T10:52:30.027,NF,BANKNIFTY28APR2657500CE,204.1,168.3,209.2,110.85,358.3,476400,166.03,203.35,90,204.0,60,331800
2026-04-13T10:52:31.228,NF,BANKNIFTY28APR2657500CE,204.7,168.3,209.2,110.85,358.3,476580,166.04,203.5,60,204.3,120,331800
2026-04-13T10:52:32.440,NF,BANKNIFTY28APR2657500CE,204.3,168.3,209.2,110.85,358.3,476610,166.05,203.55,60,204.25,90,331800
2026-04-13T10:52:37.243,NF,BANKNIFTY28APR2657500CE,204.5,168.3,209.2,110.85,358.3,476700,166.05,203.9,30,204.45,60,331800
2026-04-13T10:52:39.638,NF,BANKNIFTY28APR2657500CE,204.7,168.3,209.2,110.85,358.3,476730,166.06,203.6,90,204.4,120,331800
2026-04-13T10:52:47.057,NF,BANKNIFTY28APR2657500CE,204.8,168.3,209.2,110.85,358.3,476760,166.06,204.7,30,205.5,90,332040
2026-04-13T10:52:49.658,NF,BANKNIFTY28APR2657500CE,205.55,168.3,209.2,110.85,358.3,476790,166.06,205.15,30,205.75,60,332040
2026-04-13T10:52:53.262,NF,BANKNIFTY28APR2657500CE,207.2,168.3,209.2,110.85,358.3,477060,166.08,206.8,30,207.55,60,332040
2026-04-13T10:52:54.695,NF,BANKNIFTY28APR2657500CE,206.85,168.3,209.2,110.85,358.3,477120,166.09,206.65,30,207.5,90,332040
2026-04-13T10:53:02.083,NF,BANKNIFTY28APR2657500CE,207.45,168.3,209.2,110.85,358.3,477270,166.1,207.3,60,208.1,150,332040
2026-04-13T10:53:10.886,NF,BANKNIFTY28APR2657500CE,208.0,168.3,209.2,110.85,358.3,477330,166.11,207.1,60,207.8,90,332040
2026-04-13T10:53:20.504,NF,BANKNIFTY28APR2657500CE,209.15,168.3,209.2,110.85,358.3,477450,166.12,208.4,30,209.0,240,332040
2026-04-13T10:53:23.111,NF,BANKNIFTY28APR2657500CE,209.45,168.3,209.6,110.85,358.3,477780,166.15,209.25,120,209.85,180,332040
2026-04-13T10:53:24.324,NF,BANKNIFTY28APR2657500CE,210.0,168.3,210.0,110.85,358.3,477930,166.16,209.95,120,210.4,30,332040
2026-04-13T10:53:26.714,NF,BANKNIFTY28APR2657500CE,210.05,168.3,210.05,110.85,358.3,477960,166.16,209.85,60,210.65,60,332040
2026-04-13T10:53:29.332,NF,BANKNIFTY28APR2657500CE,208.1,168.3,210.05,110.85,358.3,477990,166.17,208.8,120,209.55,30,332040
2026-04-13T10:53:32.939,NF,BANKNIFTY28APR2657500CE,209.55,168.3,210.05,110.85,358.3,478050,166.17,208.8,120,209.7,30,332040
2026-04-13T10:53:34.324,NF,BANKNIFTY28APR2657500CE,209.35,168.3,210.05,110.85,358.3,478110,166.18,208.6,60,209.45,30,332040
2026-04-13T10:53:42.739,NF,BANKNIFTY28APR2657500CE,208.55,168.3,210.05,110.85,358.3,478140,166.18,207.9,90,208.65,60,332040
2026-04-13T10:53:45.146,NF,BANKNIFTY28APR2657500CE,209.25,168.3,210.05,110.85,358.3,481140,166.45,208.45,30,209.25,120,332040
2026-04-13T10:53:51.152,NF,BANKNIFTY28APR2657500CE,210.0,168.3,210.05,110.85,358.3,481170,166.45,208.55,60,209.4,30,332040
2026-04-13T10:53:56.017,NF,BANKNIFTY28APR2657500CE,206.75,168.3,210.05,110.85,358.3,481200,166.45,206.85,30,207.55,30,332040
2026-04-13T10:53:59.767,NF,BANKNIFTY28APR2657500CE,209.1,168.3,210.05,110.85,358.3,481230,166.46,208.3,90,209.15,180,332040
2026-04-13T10:54:03.391,NF,BANKNIFTY28APR2657500CE,208.65,168.3,210.05,110.85,358.3,481260,166.46,208.85,30,209.55,120,332040
2026-04-13T10:54:04.587,NF,BANKNIFTY28APR2657500CE,209.5,168.3,210.05,110.85,358.3,481290,166.46,208.9,60,209.6,150,332040
2026-04-13T10:54:05.775,NF,BANKNIFTY28APR2657500CE,208.9,168.3,210.05,110.85,358.3,481320,166.46,208.9,30,209.6,150,332040
2026-04-13T10:54:06.788,NF,BANKNIFTY28APR2657500CE,209.05,168.3,210.05,110.85,358.3,481350,166.47,209.0,60,209.8,30,332040
2026-04-13T10:54:07.990,NF,BANKNIFTY28APR2657500CE,209.0,168.3,210.05,110.85,358.3,481380,166.47,209.0,60,209.75,90,332040
2026-04-13T10:54:10.388,NF,BANKNIFTY28APR2657500CE,208.95,168.3,210.05,110.85,358.3,481440,166.47,209.0,120,209.6,30,332040
2026-04-13T10:54:11.784,NF,BANKNIFTY28APR2657500CE,209.95,168.3,210.05,110.85,358.3,481500,166.48,209.1,90,209.9,90,332040
2026-04-13T10:54:12.988,NF,BANKNIFTY28APR2657500CE,209.05,168.3,210.05,110.85,358.3,481530,166.48,209.1,30,209.9,60,332040
2026-04-13T10:54:13.992,NF,BANKNIFTY28APR2657500CE,210.05,168.3,210.05,110.85,358.3,481920,166.52,209.15,30,210.0,90,332040
2026-04-13T10:54:16.396,NF,BANKNIFTY28APR2657500CE,209.15,168.3,210.05,110.85,358.3,481950,166.52,209.8,30,210.4,90,332040
2026-04-13T10:54:18.806,NF,BANKNIFTY28APR2657500CE,209.0,168.3,210.05,110.85,358.3,482010,166.53,208.55,60,209.4,90,332040
2026-04-13T10:54:20.200,NF,BANKNIFTY28APR2657500CE,209.45,168.3,210.05,110.85,358.3,482370,166.56,208.6,30,209.35,300,332040
2026-04-13T10:54:30.821,NF,BANKNIFTY28APR2657500CE,208.05,168.3,210.05,110.85,358.3,482400,166.56,207.3,90,208.15,30,332040
2026-04-13T10:54:34.621,NF,BANKNIFTY28APR2657500CE,206.0,168.3,210.05,110.85,358.3,482430,166.56,206.0,90,206.6,30,332040
2026-04-13T10:54:40.831,NF,BANKNIFTY28APR2657500CE,206.75,168.3,210.05,110.85,358.3,482550,166.57,206.85,90,207.6,30,332040
2026-04-13T10:54:48.057,NF,BANKNIFTY28APR2657500CE,206.95,168.3,210.05,110.85,358.3,482850,166.6,206.35,60,207.15,120,332040
2026-04-13T10:54:50.494,NF,BANKNIFTY28APR2657500CE,206.85,168.3,210.05,110.85,358.3,482880,166.6,206.3,60,207.1,180,332040
2026-04-13T10:54:54.052,NF,BANKNIFTY28APR2657500CE,207.05,168.3,210.05,110.85,358.3,482910,166.6,206.25,60,207.05,150,332040
2026-04-13T10:54:55.255,NF,BANKNIFTY28APR2657500CE,206.85,168.3,210.05,110.85,358.3,482940,166.61,206.15,90,206.9,30,332040
2026-04-13T10:54:59.879,NF,BANKNIFTY28APR2657500CE,207.35,168.3,210.05,110.85,358.3,483090,166.62,207.25,30,208.1,150,332040
2026-04-13T10:55:01.098,NF,BANKNIFTY28APR2657500CE,208.1,168.3,210.05,110.85,358.3,483120,166.62,207.05,30,207.95,60,332040
2026-04-13T10:55:04.678,NF,BANKNIFTY28APR2657500CE,208.25,168.3,210.05,110.85,358.3,483150,166.62,207.45,90,208.25,30,332040
2026-04-13T10:55:06.070,NF,BANKNIFTY28APR2657500CE,208.25,168.3,210.05,110.85,358.3,483210,166.63,208.35,90,209.4,60,332040
2026-04-13T10:55:14.297,NF,BANKNIFTY28APR2657500CE,208.55,168.3,210.05,110.85,358.3,483450,166.65,208.1,30,208.85,30,332040
2026-04-13T10:55:19.292,NF,BANKNIFTY28APR2657500CE,209.45,168.3,210.05,110.85,358.3,483480,166.65,209.5,120,210.25,60,332040
2026-04-13T10:55:24.111,NF,BANKNIFTY28APR2657500CE,209.85,168.3,210.05,110.85,358.3,483510,166.65,209.85,30,210.55,60,332040
2026-04-13T10:55:27.717,NF,BANKNIFTY28APR2657500CE,211.9,168.3,211.9,110.85,358.3,483840,166.69,211.6,60,211.9,60,332040
2026-04-13T10:55:28.914,NF,BANKNIFTY28APR2657500CE,211.9,168.3,211.9,110.85,358.3,483900,166.69,211.35,90,211.9,150,332040
2026-04-13T10:55:32.531,NF,BANKNIFTY28APR2657500CE,211.6,168.3,211.9,110.85,358.3,483930,166.69,211.2,60,211.9,60,332040
2026-04-13T10:55:34.915,NF,BANKNIFTY28APR2657500CE,211.35,168.3,211.9,110.85,358.3,483960,166.7,211.45,30,212.0,60,332040
2026-04-13T10:55:36.119,NF,BANKNIFTY28APR2657500CE,212.4,168.3,212.4,110.85,358.3,484320,166.73,211.85,150,212.95,30,332040
2026-04-13T10:55:37.319,NF,BANKNIFTY28APR2657500CE,212.55,168.3,212.75,110.85,358.3,484440,166.74,212.3,120,213.2,30,332040
2026-04-13T10:55:39.993,NF,BANKNIFTY28APR2657500CE,212.55,168.3,212.75,110.85,358.3,484680,166.76,212.2,90,213.0,30,332040
2026-04-13T10:55:41.125,NF,BANKNIFTY28APR2657500CE,212.3,168.3,212.75,110.85,358.3,484890,166.78,212.45,60,213.2,90,332040
2026-04-13T10:55:44.926,NF,BANKNIFTY28APR2657500CE,210.2,168.3,212.75,110.85,358.3,485070,166.8,209.9,60,210.65,60,330030
2026-04-13T10:55:46.130,NF,BANKNIFTY28APR2657500CE,211.4,168.3,212.75,110.85,358.3,485370,166.83,210.05,30,210.65,30,330030
2026-04-13T10:55:47.332,NF,BANKNIFTY28APR2657500CE,209.75,168.3,212.75,110.85,358.3,485490,166.84,209.75,30,210.55,60,330030
2026-04-13T10:55:48.731,NF,BANKNIFTY28APR2657500CE,210.5,168.3,212.75,110.85,358.3,485550,166.84,209.75,30,210.55,120,330030
2026-04-13T10:55:52.372,NF,BANKNIFTY28APR2657500CE,209.85,168.3,212.75,110.85,358.3,485760,166.86,210.0,60,210.95,60,330030
2026-04-13T10:55:53.544,NF,BANKNIFTY28APR2657500CE,209.85,168.3,212.75,110.85,358.3,485790,166.86,210.1,30,210.6,60,330030
2026-04-13T10:55:54.941,NF,BANKNIFTY28APR2657500CE,210.6,168.3,212.75,110.85,358.3,485820,166.87,210.25,90,211.15,30,330030
2026-04-13T10:55:57.354,NF,BANKNIFTY28APR2657500CE,211.8,168.3,212.75,110.85,358.3,485880,166.87,210.9,30,211.5,30,330030
2026-04-13T10:55:59.963,NF,BANKNIFTY28APR2657500CE,212.1,168.3,212.75,110.85,358.3,485910,166.88,210.75,60,211.6,30,330030
2026-04-13T10:56:01.152,NF,BANKNIFTY28APR2657500CE,211.6,168.3,212.75,110.85,358.3,485940,166.88,210.75,60,211.65,90,330030
2026-04-13T10:56:02.367,NF,BANKNIFTY28APR2657500CE,211.65,168.3,212.75,110.85,358.3,485970,166.88,210.9,60,211.7,60,330030
2026-04-13T10:56:03.568,NF,BANKNIFTY28APR2657500CE,212.1,168.3,212.75,110.85,358.3,486000,166.88,211.7,30,212.1,60,330030
2026-04-13T10:56:04.957,NF,BANKNIFTY28APR2657500CE,213.0,168.3,213.0,110.85,358.3,486570,166.94,212.05,30,212.7,30,330030
2026-04-13T10:56:06.162,NF,BANKNIFTY28APR2657500CE,211.85,168.3,213.0,110.85,358.3,486630,166.94,211.8,60,212.85,30,330030
2026-04-13T10:56:07.363,NF,BANKNIFTY28APR2657500CE,212.05,168.3,213.0,110.85,358.3,487380,167.01,211.7,3030,212.5,90,330030
2026-04-13T10:56:08.568,NF,BANKNIFTY28APR2657500CE,211.7,168.3,213.0,110.85,358.3,487740,167.05,211.75,30,212.5,30,330030
2026-04-13T10:56:09.769,NF,BANKNIFTY28APR2657500CE,212.3,168.3,213.0,110.85,358.3,487770,167.05,212.4,90,213.1,60,330030
2026-04-13T10:56:11.173,NF,BANKNIFTY28APR2657500CE,213.35,168.3,213.35,110.85,358.3,490020,167.26,212.3,60,213.2,60,330030
2026-04-13T10:56:12.371,NF,BANKNIFTY28APR2657500CE,213.2,168.3,213.4,110.85,358.3,490470,167.3,212.2,210,212.7,30,330030
2026-04-13T10:56:14.779,NF,BANKNIFTY28APR2657500CE,212.2,168.3,213.4,110.85,358.3,490500,167.31,212.2,180,212.85,60,330030
2026-04-13T10:56:15.978,NF,BANKNIFTY28APR2657500CE,212.7,168.3,213.4,110.85,358.3,490770,167.33,212.1,60,212.85,150,330030
2026-04-13T10:56:19.584,NF,BANKNIFTY28APR2657500CE,211.95,168.3,213.4,110.85,358.3,490800,167.33,212.05,30,212.9,60,330030
2026-04-13T10:56:23.398,NF,BANKNIFTY28APR2657500CE,210.65,168.3,213.4,110.85,358.3,490890,167.34,210.6,60,211.55,60,330030
2026-04-13T10:56:33.206,NF,BANKNIFTY28APR2657500CE,212.4,168.3,213.4,110.85,358.3,491190,167.37,211.55,30,212.3,120,330030
2026-04-13T10:56:37.010,NF,BANKNIFTY28APR2657500CE,208.75,168.3,213.4,110.85,358.3,491790,167.42,211.05,150,211.9,30,330030
2026-04-13T10:56:40.614,NF,BANKNIFTY28APR2657500CE,211.2,168.3,213.4,110.85,358.3,491850,167.43,210.5,30,211.45,60,330030
2026-04-13T10:56:44.221,NF,BANKNIFTY28APR2657500CE,211.95,168.3,213.4,110.85,358.3,491880,167.43,210.9,90,211.6,150,330030
2026-04-13T10:56:45.224,NF,BANKNIFTY28APR2657500CE,210.95,168.3,213.4,110.85,358.3,491910,167.43,210.95,90,211.8,30,330030
2026-04-13T10:56:51.034,NF,BANKNIFTY28APR2657500CE,211.0,168.3,213.4,110.85,358.3,491940,167.43,210.5,90,211.0,720,330030
2026-04-13T10:56:52.237,NF,BANKNIFTY28APR2657500CE,211.0,168.3,213.4,110.85,358.3,492660,167.5,211.3,60,212.0,150,330030
2026-04-13T10:56:59.247,NF,BANKNIFTY28APR2657500CE,211.95,168.3,213.4,110.85,358.3,493260,167.55,211.2,30,211.95,60,330030
2026-04-13T10:57:00.453,NF,BANKNIFTY28APR2657500CE,212.0,168.3,213.4,110.85,358.3,493410,167.57,212.1,30,212.95,60,330030
2026-04-13T10:57:01.653,NF,BANKNIFTY28APR2657500CE,213.0,168.3,213.4,110.85,358.3,493440,167.57,212.1,30,212.85,150,330030
2026-04-13T10:57:05.258,NF,BANKNIFTY28APR2657500CE,213.0,168.3,213.4,110.85,358.3,493770,167.6,212.1,30,212.9,60,330030
2026-04-13T10:57:06.459,NF,BANKNIFTY28APR2657500CE,212.75,168.3,213.4,110.85,358.3,493860,167.61,212.1,60,212.9,180,330030
2026-04-13T10:57:08.664,NF,BANKNIFTY28APR2657500CE,212.75,168.3,213.4,110.85,358.3,493890,167.61,212.35,30,213.4,180,330030
2026-04-13T10:57:09.869,NF,BANKNIFTY28APR2657500CE,213.0,168.3,213.4,110.85,358.3,493920,167.61,212.75,30,213.65,90,330030
2026-04-13T10:57:19.715,NF,BANKNIFTY28APR2657500CE,213.3,168.3,213.4,110.85,358.3,494070,167.63,212.1,60,212.95,60,330030
2026-04-13T10:57:25.490,NF,BANKNIFTY28APR2657500CE,212.1,168.3,213.4,110.85,358.3,494100,167.63,212.15,60,213.0,30,330030
2026-04-13T10:57:29.098,NF,BANKNIFTY28APR2657500CE,210.5,168.3,213.4,110.85,358.3,496560,167.85,212.2,90,212.95,60,330030
2026-04-13T10:57:31.504,NF,BANKNIFTY28APR2657500CE,212.25,168.3,213.4,110.85,358.3,496590,167.85,212.15,60,212.75,30,330030
2026-04-13T10:57:33.719,NF,BANKNIFTY28APR2657500CE,213.25,168.3,213.4,110.85,358.3,496650,167.85,212.35,30,213.0,90,330030
2026-04-13T10:57:34.907,NF,BANKNIFTY28APR2657500CE,213.45,168.3,213.45,110.85,358.3,496740,167.86,212.7,30,213.3,90,330030
2026-04-13T10:57:48.527,NF,BANKNIFTY28APR2657500CE,213.5,168.3,213.5,110.85,358.3,496800,167.87,212.85,120,213.65,30,330030
2026-04-13T10:57:52.340,NF,BANKNIFTY28APR2657500CE,213.3,168.3,213.55,110.85,358.3,499290,168.09,212.7,60,213.45,60,330030
2026-04-13T10:57:53.543,NF,BANKNIFTY28APR2657500CE,212.95,168.3,213.55,110.85,358.3,499320,168.09,212.15,30,213.05,60,330030
2026-04-13T10:57:58.554,NF,BANKNIFTY28APR2657500CE,212.9,168.3,213.55,110.85,358.3,499380,168.1,212.3,60,213.05,60,330030
2026-04-13T10:57:59.749,NF,BANKNIFTY28APR2657500CE,212.3,168.3,213.55,110.85,358.3,499410,168.1,212.5,60,213.3,150,330030
2026-04-13T10:58:01.143,NF,BANKNIFTY28APR2657500CE,213.75,168.3,213.75,110.85,358.3,499950,168.15,212.3,30,213.2,30,330030
2026-04-13T10:58:02.346,NF,BANKNIFTY28APR2657500CE,212.3,168.3,213.75,110.85,358.3,500010,168.16,211.55,30,212.35,30,330030
2026-04-13T10:58:03.550,NF,BANKNIFTY28APR2657500CE,211.65,168.3,213.75,110.85,358.3,500040,168.16,211.65,120,212.5,30,330030
2026-04-13T10:58:04.756,NF,BANKNIFTY28APR2657500CE,211.9,168.3,213.75,110.85,358.3,500100,168.16,212.05,150,212.85,210,330030
2026-04-13T10:58:05.956,NF,BANKNIFTY28APR2657500CE,213.1,168.3,213.75,110.85,358.3,500190,168.17,212.3,30,213.15,30,330030
2026-04-13T10:58:13.368,NF,BANKNIFTY28APR2657500CE,212.85,168.3,213.75,110.85,358.3,500640,168.21,211.75,60,212.55,30,330030
2026-04-13T10:58:18.182,NF,BANKNIFTY28APR2657500CE,212.15,168.3,213.75,110.85,358.3,500790,168.22,211.1,60,211.75,30,330030
2026-04-13T10:58:19.573,NF,BANKNIFTY28APR2657500CE,211.5,168.3,213.75,110.85,358.3,500880,168.23,210.35,60,211.2,90,330030
2026-04-13T10:58:20.780,NF,BANKNIFTY28APR2657500CE,210.35,168.3,213.75,110.85,358.3,500910,168.24,210.05,90,210.95,60,330030
2026-04-13T10:58:24.578,NF,BANKNIFTY28APR2657500CE,209.75,168.3,213.75,110.85,358.3,501120,168.25,208.4,30,209.35,30,330030
2026-04-13T10:58:25.792,NF,BANKNIFTY28APR2657500CE,208.3,168.3,213.75,110.85,358.3,501240,168.26,208.3,30,208.8,60,330030
2026-04-13T10:58:26.989,NF,BANKNIFTY28APR2657500CE,209.0,168.3,213.75,110.85,358.3,501300,168.27,209.0,30,209.5,60,330030
2026-04-13T10:58:28.187,NF,BANKNIFTY28APR2657500CE,209.25,168.3,213.75,110.85,358.3,501330,168.27,209.5,60,210.3,60,330030
2026-04-13T10:58:29.588,NF,BANKNIFTY28APR2657500CE,210.5,168.3,213.75,110.85,358.3,501360,168.27,209.55,30,210.45,60,330030
2026-04-13T10:58:30.795,NF,BANKNIFTY28APR2657500CE,209.55,168.3,213.75,110.85,358.3,501390,168.27,209.55,30,210.55,60,330030
2026-04-13T10:58:35.796,NF,BANKNIFTY28APR2657500CE,210.85,168.3,213.75,110.85,358.3,501420,168.28,209.85,30,210.85,60,330030
2026-04-13T10:58:44.410,NF,BANKNIFTY28APR2657500CE,209.95,168.3,213.75,110.85,358.3,501450,168.28,208.95,60,209.95,120,331950
2026-04-13T10:58:46.869,NF,BANKNIFTY28APR2657500CE,209.8,168.3,213.75,110.85,358.3,501480,168.28,208.6,60,209.45,90,331950
2026-04-13T10:58:49.019,NF,BANKNIFTY28APR2657500CE,208.5,168.3,213.75,110.85,358.3,501540,168.29,208.45,30,209.4,120,331950
2026-04-13T10:58:50.220,NF,BANKNIFTY28APR2657500CE,209.05,168.3,213.75,110.85,358.3,501570,168.29,209.0,330,209.2,90,331950
2026-04-13T10:58:51.433,NF,BANKNIFTY28APR2657500CE,209.2,168.3,213.75,110.85,358.3,501600,168.29,209.0,330,209.8,30,331950
2026-04-13T10:58:55.024,NF,BANKNIFTY28APR2657500CE,209.4,168.3,213.75,110.85,358.3,501630,168.29,209.0,330,209.65,30,331950
2026-04-13T10:59:00.643,NF,BANKNIFTY28APR2657500CE,209.0,168.3,213.75,110.85,358.3,501960,168.32,208.05,60,208.95,30,331950
2026-04-13T10:59:01.837,NF,BANKNIFTY28APR2657500CE,208.8,168.3,213.75,110.85,358.3,501990,168.32,208.05,60,208.85,60,331950
2026-04-13T10:59:04.238,NF,BANKNIFTY28APR2657500CE,208.0,168.3,213.75,110.85,358.3,502620,168.37,207.45,30,208.3,60,331950
2026-04-13T10:59:11.650,NF,BANKNIFTY28APR2657500CE,206.5,168.3,213.75,110.85,358.3,502680,168.38,206.4,30,207.25,120,331950
2026-04-13T10:59:12.851,NF,BANKNIFTY28APR2657500CE,206.0,168.3,213.75,110.85,358.3,502740,168.38,206.0,60,207.05,60,331950
2026-04-13T10:59:14.069,NF,BANKNIFTY28APR2657500CE,206.4,168.3,213.75,110.85,358.3,502770,168.39,206.4,60,207.3,60,331950
2026-04-13T10:59:18.875,NF,BANKNIFTY28APR2657500CE,206.3,168.3,213.75,110.85,358.3,502830,168.39,206.25,60,206.9,60,331950
2026-04-13T10:59:21.271,NF,BANKNIFTY28APR2657500CE,206.9,168.3,213.75,110.85,358.3,502890,168.39,206.55,60,207.35,30,331950
2026-04-13T10:59:22.466,NF,BANKNIFTY28APR2657500CE,206.45,168.3,213.75,110.85,358.3,503010,168.4,205.4,60,206.3,30,331950
2026-04-13T10:59:26.072,NF,BANKNIFTY28APR2657500CE,206.7,168.3,213.75,110.85,358.3,503040,168.41,206.0,60,206.85,120,331950
2026-04-13T10:59:27.274,NF,BANKNIFTY28APR2657500CE,206.0,168.3,213.75,110.85,358.3,503070,168.41,205.85,60,206.8,90,331950
2026-04-13T10:59:30.687,NF,BANKNIFTY28APR2657500CE,207.45,168.3,213.75,110.85,358.3,503100,168.41,207.4,30,208.4,30,331950
2026-04-13T10:59:46.906,NF,BANKNIFTY28APR2657500CE,207.6,168.3,213.75,110.85,358.3,503190,168.42,207.65,60,208.55,120,331950
2026-04-13T11:00:04.348,NF,BANKNIFTY28APR2657500CE,208.4,168.3,213.75,110.85,358.3,503220,168.42,207.4,60,208.3,30,331950
2026-04-13T11:00:06.738,NF,BANKNIFTY28APR2657500CE,207.65,168.3,213.75,110.85,358.3,503250,168.42,206.5,60,207.35,30,331950
2026-04-13T11:00:12.953,NF,BANKNIFTY28APR2657500CE,207.9,168.3,213.75,110.85,358.3,503670,168.46,206.9,30,207.9,90,331950
2026-04-13T11:00:24.967,NF,BANKNIFTY28APR2657500CE,206.7,168.3,213.75,110.85,358.3,503700,168.46,206.45,120,207.4,60,331950
2026-04-13T11:00:27.367,NF,BANKNIFTY28APR2657500CE,207.15,168.3,213.75,110.85,358.3,503730,168.46,206.8,30,207.75,90,331950
2026-04-13T11:00:29.774,NF,BANKNIFTY28APR2657500CE,207.55,168.3,213.75,110.85,358.3,503910,168.47,206.85,30,207.75,60,331950
2026-04-13T11:00:42.994,NF,BANKNIFTY28APR2657500CE,206.35,168.3,213.75,110.85,358.3,503940,168.48,206.3,60,207.2,60,331950
2026-04-13T11:00:45.414,NF,BANKNIFTY28APR2657500CE,206.5,168.3,213.75,110.85,358.3,503970,168.48,205.4,60,206.3,60,331950
2026-04-13T11:00:57.835,NF,BANKNIFTY28APR2657500CE,205.7,168.3,213.75,110.85,358.3,504000,168.48,205.65,30,206.55,150,331950
2026-04-13T11:01:01.427,NF,BANKNIFTY28APR2657500CE,205.9,168.3,213.75,110.85,358.3,504360,168.51,205.8,90,206.85,30,331950
2026-04-13T11:01:05.030,NF,BANKNIFTY28APR2657500CE,205.8,168.3,213.75,110.85,358.3,504420,168.51,205.75,60,206.8,30,331950
2026-04-13T11:01:18.850,NF,BANKNIFTY28APR2657500CE,205.65,168.3,213.75,110.85,358.3,504750,168.54,205.65,60,206.55,90,331950
2026-04-13T11:01:27.262,NF,BANKNIFTY28APR2657500CE,205.0,168.3,213.75,110.85,358.3,504960,168.55,204.0,600,204.5,60,331950
2026-04-13T11:01:28.479,NF,BANKNIFTY28APR2657500CE,204.0,168.3,213.75,110.85,358.3,505560,168.59,203.0,30,204.0,60,331950
2026-04-13T11:01:44.488,NF,BANKNIFTY28APR2657500CE,204.8,168.3,213.75,110.85,358.3,505620,168.6,204.65,90,205.6,60,331950
2026-04-13T11:01:48.293,NF,BANKNIFTY28APR2657500CE,205.0,168.3,213.75,110.85,358.3,505950,168.62,203.85,30,204.75,120,332880
2026-04-13T11:01:53.101,NF,BANKNIFTY28APR2657500CE,203.2,168.3,213.75,110.85,358.3,506010,168.63,202.55,90,203.55,60,332880
2026-04-13T11:01:54.500,NF,BANKNIFTY28APR2657500CE,203.55,168.3,213.75,110.85,358.3,506040,168.63,203.05,60,203.85,90,332880
2026-04-13T11:01:55.711,NF,BANKNIFTY28APR2657500CE,203.95,168.3,213.75,110.85,358.3,506250,168.64,202.85,30,203.85,180,332880
2026-04-13T11:01:56.911,NF,BANKNIFTY28APR2657500CE,202.4,168.3,213.75,110.85,358.3,506340,168.65,202.5,90,203.35,30,332880
2026-04-13T11:02:01.948,NF,BANKNIFTY28APR2657500CE,203.75,168.3,213.75,110.85,358.3,507210,168.71,203.75,180,204.55,30,332880
2026-04-13T11:02:08.133,NF,BANKNIFTY28APR2657500CE,206.4,168.3,213.75,110.85,358.3,507270,168.71,205.75,90,206.25,60,332880
2026-04-13T11:02:09.330,NF,BANKNIFTY28APR2657500CE,205.8,168.3,213.75,110.85,358.3,507300,168.72,205.9,90,206.95,30,332880
2026-04-13T11:02:11.929,NF,BANKNIFTY28APR2657500CE,206.7,168.3,213.75,110.85,358.3,507390,168.72,205.95,60,206.8,150,332880
2026-04-13T11:02:13.148,NF,BANKNIFTY28APR2657500CE,206.25,168.3,213.75,110.85,358.3,507420,168.72,205.8,60,206.9,30,332880
2026-04-13T11:02:14.338,NF,BANKNIFTY28APR2657500CE,205.8,168.3,213.75,110.85,358.3,507450,168.73,205.35,60,206.35,60,332880
2026-04-13T11:02:15.534,NF,BANKNIFTY28APR2657500CE,205.75,168.3,213.75,110.85,358.3,507510,168.73,205.3,60,206.35,120,332880
2026-04-13T11:02:18.136,NF,BANKNIFTY28APR2657500CE,206.95,168.3,213.75,110.85,358.3,507570,168.74,206.1,60,207.0,750,332880
2026-04-13T11:02:20.548,NF,BANKNIFTY28APR2657500CE,206.1,168.3,213.75,110.85,358.3,507630,168.74,205.95,60,206.9,30,332880
2026-04-13T11:02:24.348,NF,BANKNIFTY28APR2657500CE,205.4,168.3,213.75,110.85,358.3,507720,168.75,205.45,30,206.5,30,332880
2026-04-13T11:02:25.550,NF,BANKNIFTY28APR2657500CE,206.85,168.3,213.75,110.85,358.3,507810,168.75,205.8,30,206.8,240,332880
2026-04-13T11:02:29.354,NF,BANKNIFTY28APR2657500CE,206.05,168.3,213.75,110.85,358.3,507840,168.76,205.45,30,206.1,30,332880
2026-04-13T11:02:34.188,NF,BANKNIFTY28APR2657500CE,206.1,168.3,213.75,110.85,358.3,507870,168.76,205.65,60,206.75,90,332880
2026-04-13T11:02:38.987,NF,BANKNIFTY28APR2657500CE,206.3,168.3,213.75,110.85,358.3,507960,168.76,205.2,60,206.1,90,332880
2026-04-13T11:02:42.584,NF,BANKNIFTY28APR2657500CE,205.5,168.3,213.75,110.85,358.3,507990,168.77,205.55,60,206.45,60,332880
2026-04-13T11:02:46.194,NF,BANKNIFTY28APR2657500CE,205.35,168.3,213.75,110.85,358.3,508020,168.77,205.4,60,206.4,30,332880
2026-04-13T11:02:48.788,NF,BANKNIFTY28APR2657500CE,206.05,168.3,213.75,110.85,358.3,508050,168.77,205.4,30,206.3,60,332880
2026-04-13T11:02:51.192,NF,BANKNIFTY28APR2657500CE,205.1,168.3,213.75,110.85,358.3,508290,168.79,205.4,30,206.35,180,332880
2026-04-13T11:02:57.203,NF,BANKNIFTY28APR2657500CE,206.35,168.3,213.75,110.85,358.3,509880,168.9,205.3,30,206.25,120,332880
2026-04-13T11:03:03.216,NF,BANKNIFTY28APR2657500CE,207.2,168.3,213.75,110.85,358.3,510990,168.99,207.2,30,208.0,30,332880
2026-04-13T11:03:04.614,NF,BANKNIFTY28APR2657500CE,208.2,168.3,213.75,110.85,358.3,511140,169.0,207.15,30,208.0,210,332880
2026-04-13T11:03:05.829,NF,BANKNIFTY28APR2657500CE,206.8,168.3,213.75,110.85,358.3,511200,169.0,206.8,120,207.65,60,332880
2026-04-13T11:03:07.018,NF,BANKNIFTY28APR2657500CE,206.9,168.3,213.75,110.85,358.3,511230,169.01,206.75,60,207.6,30,332880
2026-04-13T11:03:09.429,NF,BANKNIFTY28APR2657500CE,206.65,168.3,213.75,110.85,358.3,511350,169.01,206.5,120,207.55,30,332880
2026-04-13T11:03:10.824,NF,BANKNIFTY28APR2657500CE,207.05,168.3,213.75,110.85,358.3,511500,169.03,207.15,60,208.0,60,332880
2026-04-13T11:03:13.231,NF,BANKNIFTY28APR2657500CE,207.05,168.3,213.75,110.85,358.3,511530,169.03,206.95,60,207.85,60,332880
2026-04-13T11:03:14.430,NF,BANKNIFTY28APR2657500CE,207.05,168.3,213.75,110.85,358.3,511560,169.03,207.0,60,207.85,60,332880
2026-04-13T11:03:15.640,NF,BANKNIFTY28APR2657500CE,207.0,168.3,213.75,110.85,358.3,511590,169.03,206.8,60,207.85,60,332880
2026-04-13T11:03:21.647,NF,BANKNIFTY28APR2657500CE,208.05,168.3,213.75,110.85,358.3,511620,169.03,208.15,90,209.1,30,332880
2026-04-13T11:03:24.262,NF,BANKNIFTY28APR2657500CE,208.15,168.3,213.75,110.85,358.3,511710,169.04,208.15,30,209.2,30,332880
2026-04-13T11:03:26.667,NF,BANKNIFTY28APR2657500CE,208.7,168.3,213.75,110.85,358.3,511980,169.06,208.85,30,209.7,60,332880
2026-04-13T11:03:28.060,NF,BANKNIFTY28APR2657500CE,209.15,168.3,213.75,110.85,358.3,512070,169.07,208.2,60,209.1,90,332880
2026-04-13T11:03:30.463,NF,BANKNIFTY28APR2657500CE,208.6,168.3,213.75,110.85,358.3,518160,169.54,207.75,30,208.4,60,332880
2026-04-13T11:03:32.862,NF,BANKNIFTY28APR2657500CE,209.1,168.3,213.75,110.85,358.3,518220,169.55,209.0,90,209.95,90,332880
2026-04-13T11:03:35.467,NF,BANKNIFTY28APR2657500CE,209.3,168.3,213.75,110.85,358.3,518250,169.55,209.5,90,210.4,60,332880
2026-04-13T11:03:40.284,NF,BANKNIFTY28APR2657500CE,208.8,168.3,213.75,110.85,358.3,518280,169.55,208.35,30,209.35,30,332880
2026-04-13T11:03:44.094,NF,BANKNIFTY28APR2657500CE,207.05,168.3,213.75,110.85,358.3,518310,169.56,207.05,90,207.9,150,332880
2026-04-13T11:03:45.285,NF,BANKNIFTY28APR2657500CE,207.55,168.3,213.75,110.85,358.3,518340,169.56,207.6,60,208.6,30,332880
2026-04-13T11:03:46.489,NF,BANKNIFTY28APR2657500CE,208.55,168.3,213.75,110.85,358.3,518370,169.56,207.8,60,208.8,90,332880
2026-04-13T11:03:47.882,NF,BANKNIFTY28APR2657500CE,207.75,168.3,213.75,110.85,358.3,518430,169.56,208.45,60,209.4,60,332880
2026-04-13T11:03:52.892,NF,BANKNIFTY28APR2657500CE,208.0,168.3,213.75,110.85,358.3,518520,169.57,207.25,30,208.2,60,332880
2026-04-13T11:03:56.503,NF,BANKNIFTY28APR2657500CE,207.3,168.3,213.75,110.85,358.3,518550,169.57,207.25,30,208.0,30,332880
2026-04-13T11:03:58.915,NF,BANKNIFTY28APR2657500CE,208.05,168.3,213.75,110.85,358.3,518610,169.58,207.95,30,208.9,30,332880
2026-04-13T11:04:01.323,NF,BANKNIFTY28APR2657500CE,208.4,168.3,213.75,110.85,358.3,518730,169.59,208.35,30,209.25,90,332880
2026-04-13T11:04:03.736,NF,BANKNIFTY28APR2657500CE,209.4,168.3,213.75,110.85,358.3,518820,169.59,208.0,60,208.85,60,332880
2026-04-13T11:04:05.128,NF,BANKNIFTY28APR2657500CE,208.0,168.3,213.75,110.85,358.3,518850,169.6,208.2,30,209.1,60,332880
2026-04-13T11:04:08.726,NF,BANKNIFTY28APR2657500CE,208.45,168.3,213.75,110.85,358.3,518880,169.6,208.1,90,209.0,30,332880
2026-04-13T11:04:11.150,NF,BANKNIFTY28APR2657500CE,208.2,168.3,213.75,110.85,358.3,519090,169.61,208.2,30,209.0,30,332880
2026-04-13T11:04:13.727,NF,BANKNIFTY28APR2657500CE,209.0,168.3,213.75,110.85,358.3,519120,169.62,208.65,30,210.0,90,332880
2026-04-13T11:04:16.141,NF,BANKNIFTY28APR2657500CE,208.55,168.3,213.75,110.85,358.3,519180,169.62,208.6,60,209.4,90,332880
2026-04-13T11:04:19.535,NF,BANKNIFTY28APR2657500CE,208.55,168.3,213.75,110.85,358.3,519210,169.62,208.2,60,209.0,30,332880
2026-04-13T11:04:21.952,NF,BANKNIFTY28APR2657500CE,208.2,168.3,213.75,110.85,358.3,519270,169.63,208.05,60,209.0,90,332880
2026-04-13T11:04:25.551,NF,BANKNIFTY28APR2657500CE,207.9,168.3,213.75,110.85,358.3,519300,169.63,207.9,120,208.9,120,332880
2026-04-13T11:04:26.756,NF,BANKNIFTY28APR2657500CE,207.0,168.3,213.75,110.85,358.3,519360,169.63,206.65,180,207.7,30,332880
2026-04-13T11:04:30.553,NF,BANKNIFTY28APR2657500CE,207.25,168.3,213.75,110.85,358.3,519480,169.64,207.2,30,208.15,60,332880
2026-04-13T11:04:35.368,NF,BANKNIFTY28APR2657500CE,206.6,168.3,213.75,110.85,358.3,519510,169.64,206.7,120,207.65,60,332880
2026-04-13T11:04:37.775,NF,BANKNIFTY28APR2657500CE,207.0,168.3,213.75,110.85,358.3,519540,169.65,206.9,30,207.8,60,332880
2026-04-13T11:04:38.964,NF,BANKNIFTY28APR2657500CE,207.0,168.3,213.75,110.85,358.3,519570,169.65,207.0,120,208.0,90,332880
2026-04-13T11:04:42.571,NF,BANKNIFTY28APR2657500CE,208.05,168.3,213.75,110.85,358.3,519600,169.65,207.1,30,208.0,30,332880
2026-04-13T11:04:47.418,NF,BANKNIFTY28APR2657500CE,207.05,168.3,213.75,110.85,358.3,519630,169.65,207.5,30,208.55,30,326970
2026-04-13T11:04:48.588,NF,BANKNIFTY28APR2657500CE,207.45,168.3,213.75,110.85,358.3,519660,169.66,207.45,150,208.35,30,326970
2026-04-13T11:04:49.781,NF,BANKNIFTY28APR2657500CE,208.35,168.3,213.75,110.85,358.3,519750,169.66,207.45,210,208.55,30,326970
2026-04-13T11:04:50.992,NF,BANKNIFTY28APR2657500CE,207.5,168.3,213.75,110.85,358.3,519810,169.67,207.95,60,208.95,60,326970
2026-04-13T11:04:54.603,NF,BANKNIFTY28APR2657500CE,207.8,168.3,213.75,110.85,358.3,519840,169.67,207.7,60,208.65,30,326970
2026-04-13T11:04:55.793,NF,BANKNIFTY28APR2657500CE,208.7,168.3,213.75,110.85,358.3,519930,169.68,207.9,150,208.85,60,326970
2026-04-13T11:04:59.396,NF,BANKNIFTY28APR2657500CE,207.5,168.3,213.75,110.85,358.3,519960,169.68,207.5,210,208.4,30,326970
2026-04-13T11:05:00.609,NF,BANKNIFTY28APR2657500CE,208.05,168.3,213.75,110.85,358.3,520080,169.69,208.55,60,209.35,30,326970
2026-04-13T11:05:01.813,NF,BANKNIFTY28APR2657500CE,208.95,168.3,213.75,110.85,358.3,520260,169.7,208.9,60,209.45,30,326970
2026-04-13T11:05:06.811,NF,BANKNIFTY28APR2657500CE,208.45,168.3,213.75,110.85,358.3,520320,169.7,208.8,30,209.45,30,326970
2026-04-13T11:05:08.010,NF,BANKNIFTY28APR2657500CE,209.45,168.3,213.75,110.85,358.3,520350,169.71,209.1,60,209.95,30,326970
2026-04-13T11:05:09.211,NF,BANKNIFTY28APR2657500CE,210.0,168.3,213.75,110.85,358.3,520380,169.71,209.8,60,210.7,30,326970
2026-04-13T11:05:13.019,NF,BANKNIFTY28APR2657500CE,210.55,168.3,213.75,110.85,358.3,520410,169.71,210.9,60,211.7,30,326970
2026-04-13T11:05:14.219,NF,BANKNIFTY28APR2657500CE,210.75,168.3,213.75,110.85,358.3,520440,169.71,210.8,60,211.6,60,326970
2026-04-13T11:05:15.430,NF,BANKNIFTY28APR2657500CE,210.75,168.3,213.75,110.85,358.3,520620,169.73,210.9,60,211.85,30,326970
2026-04-13T11:05:20.431,NF,BANKNIFTY28APR2657500CE,211.45,168.3,213.75,110.85,358.3,520650,169.73,210.75,120,211.45,30,326970
2026-04-13T11:05:21.634,NF,BANKNIFTY28APR2657500CE,211.65,168.3,213.75,110.85,358.3,520710,169.74,210.9,60,211.75,30,326970
2026-04-13T11:05:26.652,NF,BANKNIFTY28APR2657500CE,210.55,168.3,213.75,110.85,358.3,521100,169.77,211.1,60,211.9,90,326970
2026-04-13T11:05:30.457,NF,BANKNIFTY28APR2657500CE,211.85,168.3,213.75,110.85,358.3,521160,169.77,211.1,60,211.95,90,326970
2026-04-13T11:05:35.250,NF,BANKNIFTY28APR2657500CE,211.3,168.3,213.75,110.85,358.3,521220,169.78,211.4,300,212.0,30,326970
2026-04-13T11:05:36.461,NF,BANKNIFTY28APR2657500CE,212.0,168.3,213.75,110.85,358.3,521250,169.78,211.85,60,212.75,60,326970
2026-04-13T11:05:39.059,NF,BANKNIFTY28APR2657500CE,212.0,168.3,213.75,110.85,358.3,521310,169.78,212.0,240,212.65,120,326970
2026-04-13T11:05:45.284,NF,BANKNIFTY28APR2657500CE,212.15,168.3,213.75,110.85,358.3,521370,169.79,212.05,270,212.85,270,326970
2026-04-13T11:05:47.681,NF,BANKNIFTY28APR2657500CE,212.0,168.3,213.75,110.85,358.3,521490,169.8,212.0,120,212.25,30,326970
2026-04-13T11:05:48.886,NF,BANKNIFTY28APR2657500CE,212.05,168.3,213.75,110.85,358.3,521550,169.8,212.0,120,212.4,60,326970
2026-04-13T11:05:51.473,NF,BANKNIFTY28APR2657500CE,211.65,168.3,213.75,110.85,358.3,521580,169.8,211.9,120,212.75,30,326970
2026-04-13T11:05:55.096,NF,BANKNIFTY28APR2657500CE,211.0,168.3,213.75,110.85,358.3,521670,169.81,210.6,240,211.55,90,326970
2026-04-13T11:06:06.314,NF,BANKNIFTY28APR2657500CE,210.0,168.3,213.75,110.85,358.3,522270,169.86,208.9,30,209.8,30,326970
2026-04-13T11:06:16.108,NF,BANKNIFTY28APR2657500CE,210.7,168.3,213.75,110.85,358.3,522300,169.86,210.1,30,210.8,60,326970
2026-04-13T11:06:17.317,NF,BANKNIFTY28APR2657500CE,210.0,168.3,213.75,110.85,358.3,522330,169.86,209.1,30,209.95,30,326970
2026-04-13T11:06:24.536,NF,BANKNIFTY28APR2657500CE,210.0,168.3,213.75,110.85,358.3,522480,169.87,209.9,30,210.5,30,326970
2026-04-13T11:06:32.937,NF,BANKNIFTY28APR2657500CE,210.0,168.3,213.75,110.85,358.3,522510,169.88,209.7,150,210.35,30,326970
2026-04-13T11:06:34.152,NF,BANKNIFTY28APR2657500CE,210.4,168.3,213.75,110.85,358.3,522630,169.89,209.6,180,210.5,30,326970
2026-04-13T11:06:36.352,NF,BANKNIFTY28APR2657500CE,209.75,168.3,213.75,110.85,358.3,522810,169.9,209.85,240,210.65,30,326970
2026-04-13T11:06:41.172,NF,BANKNIFTY28APR2657500CE,209.15,168.3,213.75,110.85,358.3,522870,169.9,208.7,210,209.45,30,326970
2026-04-13T11:06:52.374,NF,BANKNIFTY28APR2657500CE,208.15,168.3,213.75,110.85,358.3,522900,169.91,207.75,90,208.4,120,326970
2026-04-13T11:06:54.773,NF,BANKNIFTY28APR2657500CE,207.6,168.3,213.75,110.85,358.3,522930,169.91,207.55,60,208.3,30,326970
2026-04-13T11:06:58.588,NF,BANKNIFTY28APR2657500CE,207.6,168.3,213.75,110.85,358.3,522960,169.91,207.6,60,208.3,30,326970
2026-04-13T11:06:59.779,NF,BANKNIFTY28APR2657500CE,207.7,168.3,213.75,110.85,358.3,523020,169.92,207.2,60,207.85,30,326970
2026-04-13T11:07:10.998,NF,BANKNIFTY28APR2657500CE,206.9,168.3,213.75,110.85,358.3,523140,169.92,206.8,90,207.55,30,326970
2026-04-13T11:07:22.217,NF,BANKNIFTY28APR2657500CE,207.9,168.3,213.75,110.85,358.3,523170,169.93,208.2,60,209.1,30,326970
2026-04-13T11:07:25.827,NF,BANKNIFTY28APR2657500CE,209.45,168.3,213.75,110.85,358.3,523200,169.93,208.85,30,209.7,30,326970
2026-04-13T11:07:33.239,NF,BANKNIFTY28APR2657500CE,208.35,168.3,213.75,110.85,358.3,523230,169.93,208.25,120,209.15,60,326970
2026-04-13T11:07:40.644,NF,BANKNIFTY28APR2657500CE,208.05,168.3,213.75,110.85,358.3,523260,169.93,208.0,150,208.4,60,326970
2026-04-13T11:07:41.853,NF,BANKNIFTY28APR2657500CE,208.35,168.3,213.75,110.85,358.3,523350,169.94,208.0,150,208.3,30,326970
2026-04-13T11:07:51.262,NF,BANKNIFTY28APR2657500CE,208.3,168.3,213.75,110.85,358.3,523410,169.94,208.35,120,209.15,30,327630
2026-04-13T11:08:02.488,NF,BANKNIFTY28APR2657500CE,208.0,168.3,213.75,110.85,358.3,523560,169.95,207.1,60,207.9,30,327630
2026-04-13T11:08:27.524,NF,BANKNIFTY28APR2657500CE,208.1,168.3,213.75,110.85,358.3,523590,169.96,207.7,90,208.55,60,327630
2026-04-13T11:08:43.145,NF,BANKNIFTY28APR2657500CE,209.9,168.3,213.75,110.85,358.3,523680,169.96,209.85,150,210.4,60,327630
2026-04-13T11:08:44.536,NF,BANKNIFTY28APR2657500CE,209.85,168.3,213.75,110.85,358.3,523710,169.97,209.5,150,210.3,60,327630
2026-04-13T11:08:54.153,NF,BANKNIFTY28APR2657500CE,208.85,168.3,213.75,110.85,358.3,523740,169.97,209.15,30,210.0,30,327630
2026-04-13T11:08:59.177,NF,BANKNIFTY28APR2657500CE,209.6,168.3,213.75,110.85,358.3,523800,169.97,208.95,60,209.85,30,327630
2026-04-13T11:09:01.574,NF,BANKNIFTY28APR2657500CE,208.85,168.3,213.75,110.85,358.3,523830,169.97,208.05,120,209.05,60,327630
2026-04-13T11:09:03.969,NF,BANKNIFTY28APR2657500CE,208.35,168.3,213.75,110.85,358.3,523860,169.98,207.75,120,208.5,30,327630
2026-04-13T11:09:05.176,NF,BANKNIFTY28APR2657500CE,208.5,168.3,213.75,110.85,358.3,523890,169.98,208.1,90,208.8,30,327630
2026-04-13T11:09:06.378,NF,BANKNIFTY28APR2657500CE,208.7,168.3,213.75,110.85,358.3,523920,169.98,208.1,90,208.8,90,327630
2026-04-13T11:09:08.985,NF,BANKNIFTY28APR2657500CE,207.45,168.3,213.75,110.85,358.3,524010,169.99,206.95,90,207.55,120,327630
2026-04-13T11:09:10.185,NF,BANKNIFTY28APR2657500CE,207.55,168.3,213.75,110.85,358.3,524040,169.99,207.2,60,207.95,90,327630
2026-04-13T11:09:11.392,NF,BANKNIFTY28APR2657500CE,208.15,168.3,213.75,110.85,358.3,524070,169.99,207.35,60,208.1,60,327630
2026-04-13T11:09:12.793,NF,BANKNIFTY28APR2657500CE,208.15,168.3,213.75,110.85,358.3,524100,169.99,207.5,90,208.05,30,327630
2026-04-13T11:09:17.596,NF,BANKNIFTY28APR2657500CE,208.0,168.3,213.75,110.85,358.3,524190,170.0,207.8,30,208.25,30,327630
2026-04-13T11:09:18.990,NF,BANKNIFTY28APR2657500CE,208.25,168.3,213.75,110.85,358.3,524220,170.0,208.3,120,209.05,60,327630
2026-04-13T11:09:31.421,NF,BANKNIFTY28APR2657500CE,208.25,168.3,213.75,110.85,358.3,524280,170.01,207.55,60,208.4,30,327630
2026-04-13T11:09:33.854,NF,BANKNIFTY28APR2657500CE,207.15,168.3,213.75,110.85,358.3,524310,170.01,207.1,810,207.95,90,327630
2026-04-13T11:09:43.467,NF,BANKNIFTY28APR2657500CE,208.15,168.3,213.75,110.85,358.3,524340,170.01,207.55,30,208.35,120,327630
2026-04-13T11:09:52.055,NF,BANKNIFTY28APR2657500CE,208.05,168.3,213.75,110.85,358.3,524460,170.02,207.15,60,208.0,60,327630
2026-04-13T11:09:53.253,NF,BANKNIFTY28APR2657500CE,207.45,168.3,213.75,110.85,358.3,524490,170.02,206.7,30,207.5,150,327630
2026-04-13T11:09:54.452,NF,BANKNIFTY28APR2657500CE,207.15,168.3,213.75,110.85,358.3,524670,170.04,207.15,180,207.5,180,327630
2026-04-13T11:09:57.055,NF,BANKNIFTY28APR2657500CE,207.5,168.3,213.75,110.85,358.3,524700,170.04,207.2,30,207.5,150,327630
2026-04-13T11:09:59.262,NF,BANKNIFTY28APR2657500CE,207.5,168.3,213.75,110.85,358.3,524820,170.05,207.2,30,207.7,60,327630
2026-04-13T11:10:01.896,NF,BANKNIFTY28APR2657500CE,207.75,168.3,213.75,110.85,358.3,524880,170.05,207.45,90,208.25,30,327630
2026-04-13T11:10:04.272,NF,BANKNIFTY28APR2657500CE,207.6,168.3,213.75,110.85,358.3,524940,170.05,207.55,60,208.3,90,327630
2026-04-13T11:10:07.881,NF,BANKNIFTY28APR2657500CE,207.75,168.3,213.75,110.85,358.3,524970,170.06,207.8,60,208.25,60,327630
2026-04-13T11:10:09.081,NF,BANKNIFTY28APR2657500CE,208.25,168.3,213.75,110.85,358.3,525060,170.06,207.85,30,208.25,30,327630
2026-04-13T11:10:10.477,NF,BANKNIFTY28APR2657500CE,207.0,168.3,213.75,110.85,358.3,525180,170.07,206.45,90,207.2,30,327630
2026-04-13T11:10:14.097,NF,BANKNIFTY28APR2657500CE,208.05,168.3,213.75,110.85,358.3,525210,170.07,207.5,90,208.2,60,327630
2026-04-13T11:10:15.296,NF,BANKNIFTY28APR2657500CE,208.2,168.3,213.75,110.85,358.3,525240,170.08,207.05,90,207.85,60,327630
2026-04-13T11:10:20.291,NF,BANKNIFTY28APR2657500CE,206.85,168.3,213.75,110.85,358.3,525270,170.08,206.65,150,207.35,30,327630
2026-04-13T11:10:21.495,NF,BANKNIFTY28APR2657500CE,206.3,168.3,213.75,110.85,358.3,525300,170.08,206.45,210,206.9,30,327630
2026-04-13T11:10:22.697,NF,BANKNIFTY28APR2657500CE,206.9,168.3,213.75,110.85,358.3,525330,170.08,206.7,150,207.1,60,327630
2026-04-13T11:10:23.900,NF,BANKNIFTY28APR2657500CE,206.75,168.3,213.75,110.85,358.3,525420,170.09,206.75,180,207.05,30,327630
2026-04-13T11:10:25.101,NF,BANKNIFTY28APR2657500CE,207.35,168.3,213.75,110.85,358.3,525570,170.1,207.3,210,208.0,90,327630
2026-04-13T11:10:26.324,NF,BANKNIFTY28APR2657500CE,207.3,168.3,213.75,110.85,358.3,525600,170.1,207.25,120,207.9,120,327630
2026-04-13T11:10:38.524,NF,BANKNIFTY28APR2657500CE,207.25,168.3,213.75,110.85,358.3,525660,170.11,206.9,60,207.65,30,327630
2026-04-13T11:10:39.729,NF,BANKNIFTY28APR2657500CE,206.75,168.3,213.75,110.85,358.3,525810,170.12,206.55,90,207.3,60,327630
2026-04-13T11:10:44.543,NF,BANKNIFTY28APR2657500CE,205.15,168.3,213.75,110.85,358.3,526140,170.14,204.8,180,205.4,30,327630
2026-04-13T11:10:45.751,NF,BANKNIFTY28APR2657500CE,204.8,168.3,213.75,110.85,358.3,526200,170.14,204.65,180,205.3,60,327630
2026-04-13T11:10:48.139,NF,BANKNIFTY28APR2657500CE,204.55,168.3,213.75,110.85,358.3,526500,170.16,204.8,60,205.3,30,328650
2026-04-13T11:10:50.740,NF,BANKNIFTY28APR2657500CE,204.45,168.3,213.75,110.85,358.3,526530,170.16,204.35,90,205.1,60,328650
2026-04-13T11:10:53.154,NF,BANKNIFTY28APR2657500CE,204.75,168.3,213.75,110.85,358.3,526740,170.18,204.0,60,204.35,60,328650
2026-04-13T11:10:54.357,NF,BANKNIFTY28APR2657500CE,204.5,168.3,213.75,110.85,358.3,526920,170.19,203.8,30,204.35,60,328650
2026-04-13T11:10:56.757,NF,BANKNIFTY28APR2657500CE,203.8,168.3,213.75,110.85,358.3,526950,170.19,203.35,90,204.0,30,328650
2026-04-13T11:10:58.164,NF,BANKNIFTY28APR2657500CE,202.75,168.3,213.75,110.85,358.3,527010,170.2,202.0,120,202.35,30,328650
2026-04-13T11:11:02.965,NF,BANKNIFTY28APR2657500CE,202.45,168.3,213.75,110.85,358.3,527040,170.2,202.1,60,202.55,30,328650
2026-04-13T11:11:04.177,NF,BANKNIFTY28APR2657500CE,202.9,168.3,213.75,110.85,358.3,527100,170.2,202.5,60,203.2,60,328650
2026-04-13T11:11:05.379,NF,BANKNIFTY28APR2657500CE,202.0,168.3,213.75,110.85,358.3,527190,170.21,201.3,120,201.85,30,328650
2026-04-13T11:11:06.766,NF,BANKNIFTY28APR2657500CE,201.1,168.3,213.75,110.85,358.3,527250,170.21,200.55,30,201.1,30,328650
2026-04-13T11:11:09.175,NF,BANKNIFTY28APR2657500CE,200.55,168.3,213.75,110.85,358.3,527340,170.21,200.55,60,201.0,60,328650
2026-04-13T11:11:11.776,NF,BANKNIFTY28APR2657500CE,201.0,168.3,213.75,110.85,358.3,527520,170.23,200.8,180,201.65,30,328650
2026-04-13T11:11:12.977,NF,BANKNIFTY28APR2657500CE,200.9,168.3,213.75,110.85,358.3,527760,170.24,201.15,30,201.9,30,328650
2026-04-13T11:11:15.391,NF,BANKNIFTY28APR2657500CE,201.8,168.3,213.75,110.85,358.3,527790,170.24,201.75,60,202.6,60,328650
2026-04-13T11:11:23.998,NF,BANKNIFTY28APR2657500CE,200.7,168.3,213.75,110.85,358.3,527820,170.24,200.8,60,201.6,60,328650
2026-04-13T11:11:37.630,NF,BANKNIFTY28APR2657500CE,201.7,168.3,213.75,110.85,358.3,527850,170.24,200.85,30,201.75,90,328650
2026-04-13T11:11:40.018,NF,BANKNIFTY28APR2657500CE,201.0,168.3,213.75,110.85,358.3,527880,170.25,200.5,60,201.35,60,328650
2026-04-13T11:11:43.622,NF,BANKNIFTY28APR2657500CE,201.25,168.3,213.75,110.85,358.3,528030,170.25,201.5,60,202.35,90,328650
2026-04-13T11:11:44.845,NF,BANKNIFTY28APR2657500CE,202.65,168.3,213.75,110.85,358.3,528060,170.26,201.8,30,202.5,90,328650
2026-04-13T11:11:46.026,NF,BANKNIFTY28APR2657500CE,203.6,168.3,213.75,110.85,358.3,528090,170.26,202.8,30,203.6,240,328650
2026-04-13T11:11:47.231,NF,BANKNIFTY28APR2657500CE,203.6,168.3,213.75,110.85,358.3,528120,170.26,203.65,60,204.55,90,328650
2026-04-13T11:11:48.649,NF,BANKNIFTY28APR2657500CE,203.7,168.3,213.75,110.85,358.3,528150,170.26,203.2,60,203.95,120,328650
2026-04-13T11:11:49.833,NF,BANKNIFTY28APR2657500CE,203.65,168.3,213.75,110.85,358.3,528210,170.27,202.6,30,203.45,180,328650
2026-04-13T11:11:51.036,NF,BANKNIFTY28APR2657500CE,203.5,168.3,213.75,110.85,358.3,528390,170.28,202.65,30,203.5,240,328650
2026-04-13T11:11:52.235,NF,BANKNIFTY28APR2657500CE,202.65,168.3,213.75,110.85,358.3,528420,170.28,202.25,30,202.95,120,328650
2026-04-13T11:11:57.239,NF,BANKNIFTY28APR2657500CE,203.0,168.3,213.75,110.85,358.3,528480,170.28,202.2,30,203.0,120,328650
2026-04-13T11:12:00.848,NF,BANKNIFTY28APR2657500CE,203.95,168.3,213.75,110.85,358.3,528540,170.29,203.05,30,203.9,30,328650
2026-04-13T11:12:02.244,NF,BANKNIFTY28APR2657500CE,203.0,168.3,213.75,110.85,358.3,528570,170.29,202.85,60,203.7,120,328650
2026-04-13T11:12:04.665,NF,BANKNIFTY28APR2657500CE,203.95,168.3,213.75,110.85,358.3,528600,170.29,204.1,60,204.55,30,328650
2026-04-13T11:12:05.858,NF,BANKNIFTY28APR2657500CE,204.55,168.3,213.75,110.85,358.3,528630,170.29,204.7,90,205.7,30,328650
2026-04-13T11:12:07.052,NF,BANKNIFTY28APR2657500CE,205.1,168.3,213.75,110.85,358.3,528660,170.29,205.15,30,205.75,60,328650
2026-04-13T11:12:08.255,NF,BANKNIFTY28APR2657500CE,205.95,168.3,213.75,110.85,358.3,528750,170.3,204.85,60,205.75,60,328650
2026-04-13T11:12:10.889,NF,BANKNIFTY28APR2657500CE,205.35,168.3,213.75,110.85,358.3,528810,170.3,205.2,60,206.25,30,328650
2026-04-13T11:12:12.069,NF,BANKNIFTY28APR2657500CE,205.75,168.3,213.75,110.85,358.3,528840,170.31,205.95,30,206.95,30,328650
2026-04-13T11:12:14.469,NF,BANKNIFTY28APR2657500CE,206.4,168.3,213.75,110.85,358.3,528870,170.31,206.25,60,207.15,60,328650
2026-04-13T11:12:15.674,NF,BANKNIFTY28APR2657500CE,206.0,168.3,213.75,110.85,358.3,529170,170.33,206.05,120,206.85,30,328650
2026-04-13T11:12:16.881,NF,BANKNIFTY28APR2657500CE,206.65,168.3,213.75,110.85,358.3,529230,170.33,206.7,60,207.8,30,328650
2026-04-13T11:12:18.273,NF,BANKNIFTY28APR2657500CE,206.55,168.3,213.75,110.85,358.3,529530,170.35,206.65,90,207.6,30,328650
2026-04-13T11:12:20.675,NF,BANKNIFTY28APR2657500CE,206.5,168.3,213.75,110.85,358.3,529830,170.37,206.6,60,207.5,120,328650
2026-04-13T11:12:35.702,NF,BANKNIFTY28APR2657500CE,207.9,168.3,213.75,110.85,358.3,530070,170.39,207.15,90,207.9,30,328650
2026-04-13T11:12:41.939,NF,BANKNIFTY28APR2657500CE,207.75,168.3,213.75,110.85,358.3,530130,170.4,206.8,30,207.65,150,328650
2026-04-13T11:12:49.333,NF,BANKNIFTY28APR2657500CE,207.5,168.3,213.75,110.85,358.3,530160,170.4,207.45,90,208.35,30,328650
2026-04-13T11:12:55.575,NF,BANKNIFTY28APR2657500CE,207.9,168.3,213.75,110.85,358.3,530310,170.41,207.05,60,207.9,60,328650
2026-04-13T11:13:00.546,NF,BANKNIFTY28APR2657500CE,208.0,168.3,213.75,110.85,358.3,530340,170.41,207.3,30,208.2,90,328650
2026-04-13T11:13:04.156,NF,BANKNIFTY28APR2657500CE,207.6,168.3,213.75,110.85,358.3,530400,170.41,207.55,90,208.4,120,328650
2026-04-13T11:13:12.756,NF,BANKNIFTY28APR2657500CE,208.65,168.3,213.75,110.85,358.3,530460,170.42,208.15,60,209.05,60,328650
2026-04-13T11:13:15.164,NF,BANKNIFTY28APR2657500CE,208.75,168.3,213.75,110.85,358.3,530520,170.42,207.95,30,208.8,90,328650
2026-04-13T11:13:18.766,NF,BANKNIFTY28APR2657500CE,209.95,168.3,213.75,110.85,358.3,530670,170.43,209.0,60,209.95,60,328650
2026-04-13T11:13:22.377,NF,BANKNIFTY28APR2657500CE,209.35,168.3,213.75,110.85,358.3,530700,170.44,208.55,60,209.45,30,328650
2026-04-13T11:13:26.977,NF,BANKNIFTY28APR2657500CE,207.8,168.3,213.75,110.85,358.3,530790,170.44,207.45,90,208.4,30,328650
2026-04-13T11:13:32.799,NF,BANKNIFTY28APR2657500CE,207.85,168.3,213.75,110.85,358.3,530820,170.44,207.9,150,208.85,60,328650
2026-04-13T11:13:43.600,NF,BANKNIFTY28APR2657500CE,208.35,168.3,213.75,110.85,358.3,530850,170.45,208.3,60,209.0,120,328650
2026-04-13T11:13:44.803,NF,BANKNIFTY28APR2657500CE,209.0,168.3,213.75,110.85,358.3,530970,170.46,208.35,90,209.15,30,328650
2026-04-13T11:13:47.207,NF,BANKNIFTY28APR2657500CE,208.7,168.3,213.75,110.85,358.3,531000,170.46,208.0,60,208.7,30,328650
2026-04-13T11:13:48.459,NF,BANKNIFTY28APR2657500CE,209.0,168.3,213.75,110.85,358.3,531390,170.49,208.75,30,209.85,60,329430
2026-04-13T11:13:52.012,NF,BANKNIFTY28APR2657500CE,208.4,168.3,213.75,110.85,358.3,531570,170.5,208.3,30,209.0,30,329430
2026-04-13T11:13:53.215,NF,BANKNIFTY28APR2657500CE,208.25,168.3,213.75,110.85,358.3,531720,170.51,208.05,120,208.9,60,329430
2026-04-13T11:13:54.431,NF,BANKNIFTY28APR2657500CE,208.05,168.3,213.75,110.85,358.3,531750,170.51,208.05,240,208.85,60,329430
2026-04-13T11:13:55.621,NF,BANKNIFTY28APR2657500CE,208.4,168.3,213.75,110.85,358.3,531810,170.52,208.55,210,209.35,60,329430
2026-04-13T11:13:56.820,NF,BANKNIFTY28APR2657500CE,209.5,168.3,213.75,110.85,358.3,531840,170.52,208.85,90,209.55,60,329430
2026-04-13T11:14:03.050,NF,BANKNIFTY28APR2657500CE,208.05,168.3,213.75,110.85,358.3,531870,170.52,207.65,90,208.5,30,329430
2026-04-13T11:14:09.051,NF,BANKNIFTY28APR2657500CE,207.7,168.3,213.75,110.85,358.3,531900,170.52,207.95,30,208.8,60,329430
2026-04-13T11:14:21.863,NF,BANKNIFTY28APR2657500CE,209.0,168.3,213.75,110.85,358.3,532620,170.57,208.75,30,209.7,60,329430
2026-04-13T11:14:24.269,NF,BANKNIFTY28APR2657500CE,207.2,168.3,213.75,110.85,358.3,532830,170.59,207.4,60,208.4,60,329430
2026-04-13T11:14:29.068,NF,BANKNIFTY28APR2657500CE,207.7,168.3,213.75,110.85,358.3,533040,170.6,207.2,60,208.15,60,329430
2026-04-13T11:14:32.678,NF,BANKNIFTY28APR2657500CE,208.2,168.3,213.75,110.85,358.3,533070,170.61,208.1,30,209.05,60,329430
2026-04-13T11:14:33.878,NF,BANKNIFTY28APR2657500CE,207.95,168.3,213.75,110.85,358.3,533250,170.62,207.95,60,208.9,30,329430
2026-04-13T11:14:34.874,NF,BANKNIFTY28APR2657500CE,208.0,168.3,213.75,110.85,358.3,533340,170.62,208.0,60,208.95,60,329430
2026-04-13T11:14:36.085,NF,BANKNIFTY28APR2657500CE,208.15,168.3,213.75,110.85,358.3,533460,170.63,208.15,60,209.1,30,329430
2026-04-13T11:14:38.079,NF,BANKNIFTY28APR2657500CE,208.2,168.3,213.75,110.85,358.3,533490,170.63,208.15,60,209.0,60,329430
2026-04-13T11:14:39.287,NF,BANKNIFTY28APR2657500CE,208.35,168.3,213.75,110.85,358.3,533520,170.64,208.4,180,209.3,60,329430
2026-04-13T11:14:40.491,NF,BANKNIFTY28APR2657500CE,208.4,168.3,213.75,110.85,358.3,533550,170.64,208.35,120,209.3,60,329430
2026-04-13T11:14:41.708,NF,BANKNIFTY28APR2657500CE,208.4,168.3,213.75,110.85,358.3,533700,170.65,208.6,60,209.5,60,329430
2026-04-13T11:14:44.094,NF,BANKNIFTY28APR2657500CE,208.4,168.3,213.75,110.85,358.3,533790,170.66,208.1,60,209.0,60,329430
2026-04-13T11:14:59.919,NF,BANKNIFTY28APR2657500CE,209.55,168.3,213.75,110.85,358.3,533850,170.66,208.7,30,209.65,30,329430
2026-04-13T11:15:09.743,NF,BANKNIFTY28APR2657500CE,210.45,168.3,213.75,110.85,358.3,533910,170.66,210.0,30,210.85,30,329430
2026-04-13T11:15:18.546,NF,BANKNIFTY28APR2657500CE,212.0,168.3,213.75,110.85,358.3,534060,170.68,211.4,30,212.0,450,329430
2026-04-13T11:15:19.745,NF,BANKNIFTY28APR2657500CE,211.2,168.3,213.75,110.85,358.3,534240,170.69,211.6,30,212.0,450,329430
2026-04-13T11:15:20.953,NF,BANKNIFTY28APR2657500CE,212.0,168.3,213.75,110.85,358.3,534510,170.71,211.8,60,212.0,180,329430
2026-04-13T11:15:25.755,NF,BANKNIFTY28APR2657500CE,212.0,168.3,213.75,110.85,358.3,534540,170.71,211.55,30,212.0,150,329430
2026-04-13T11:15:30.765,NF,BANKNIFTY28APR2657500CE,212.0,168.3,213.75,110.85,358.3,534690,170.72,211.55,30,212.35,30,329430
2026-04-13T11:15:31.968,NF,BANKNIFTY28APR2657500CE,211.6,168.3,213.75,110.85,358.3,534750,170.73,210.75,60,211.55,30,329430
2026-04-13T11:15:33.164,NF,BANKNIFTY28APR2657500CE,211.55,168.3,213.75,110.85,358.3,534840,170.74,210.8,150,211.6,30,329430
2026-04-13T11:15:35.584,NF,BANKNIFTY28APR2657500CE,211.8,168.3,213.75,110.85,358.3,534870,170.74,211.05,150,211.85,30,329430
2026-04-13T11:15:43.793,NF,BANKNIFTY28APR2657500CE,211.15,168.3,213.75,110.85,358.3,534900,170.74,210.0,450,210.75,30,329430
2026-04-13T11:15:44.985,NF,BANKNIFTY28APR2657500CE,210.0,168.3,213.75,110.85,358.3,534930,170.74,210.0,420,210.65,60,329430
2026-04-13T11:15:47.383,NF,BANKNIFTY28APR2657500CE,210.8,168.3,213.75,110.85,358.3,534960,170.75,210.3,30,211.15,30,329430
2026-04-13T11:15:50.988,NF,BANKNIFTY28APR2657500CE,210.55,168.3,213.75,110.85,358.3,534990,170.75,210.55,90,211.35,30,329430
2026-04-13T11:15:56.803,NF,BANKNIFTY28APR2657500CE,210.25,168.3,213.75,110.85,358.3,535020,170.75,210.2,90,211.1,60,329430
2026-04-13T11:16:02.802,NF,BANKNIFTY28APR2657500CE,210.3,168.3,213.75,110.85,358.3,535080,170.75,210.25,30,211.15,60,329430
2026-04-13T11:16:14.829,NF,BANKNIFTY28APR2657500CE,212.15,168.3,213.75,110.85,358.3,535500,170.79,211.3,30,212.2,30,329430
2026-04-13T11:16:16.029,NF,BANKNIFTY28APR2657500CE,211.45,168.3,213.75,110.85,358.3,535530,170.79,211.3,30,212.2,30,329430
2026-04-13T11:16:19.636,NF,BANKNIFTY28APR2657500CE,211.15,168.3,213.75,110.85,358.3,535560,170.79,211.1,30,212.05,90,329430
2026-04-13T11:16:20.833,NF,BANKNIFTY28APR2657500CE,211.15,168.3,213.75,110.85,358.3,535650,170.8,211.0,90,211.85,30,329430
2026-04-13T11:16:26.842,NF,BANKNIFTY28APR2657500CE,211.5,168.3,213.75,110.85,358.3,535680,170.8,211.4,30,212.25,120,329430
2026-04-13T11:16:38.670,NF,BANKNIFTY28APR2657500CE,212.35,168.3,213.75,110.85,358.3,535980,170.82,211.7,30,212.45,60,329430
2026-04-13T11:16:39.862,NF,BANKNIFTY28APR2657500CE,211.85,168.3,213.75,110.85,358.3,536100,170.83,211.75,60,212.6,30,329430
2026-04-13T11:16:43.472,NF,BANKNIFTY28APR2657500CE,212.0,168.3,213.75,110.85,358.3,536160,170.84,211.35,90,212.2,30,329430
2026-04-13T11:16:48.478,NF,BANKNIFTY28APR2657500CE,211.95,168.3,213.75,110.85,358.3,536190,170.84,211.95,90,212.55,30,330150
2026-04-13T11:16:49.681,NF,BANKNIFTY28APR2657500CE,211.85,168.3,213.75,110.85,358.3,536220,170.84,211.75,30,212.55,150,330150
2026-04-13T11:16:54.703,NF,BANKNIFTY28APR2657500CE,212.45,168.3,213.75,110.85,358.3,536280,170.85,211.85,30,212.5,30,330150
2026-04-13T11:16:58.294,NF,BANKNIFTY28APR2657500CE,211.9,168.3,213.75,110.85,358.3,536310,170.85,211.9,30,212.7,30,330150
2026-04-13T11:17:01.906,NF,BANKNIFTY28APR2657500CE,211.85,168.3,213.75,110.85,358.3,536340,170.85,211.2,30,212.1,30,330150
2026-04-13T11:17:05.730,NF,BANKNIFTY28APR2657500CE,211.05,168.3,213.75,110.85,358.3,536400,170.86,211.0,30,211.7,60,330150
2026-04-13T11:17:06.908,NF,BANKNIFTY28APR2657500CE,211.0,168.3,213.75,110.85,358.3,536460,170.86,210.75,60,211.5,30,330150
2026-04-13T11:17:08.112,NF,BANKNIFTY28APR2657500CE,210.8,168.3,213.75,110.85,358.3,536490,170.86,210.75,30,211.55,30,330150
2026-04-13T11:17:10.513,NF,BANKNIFTY28APR2657500CE,210.8,168.3,213.75,110.85,358.3,536580,170.87,210.05,30,210.95,30,330150
2026-04-13T11:17:11.718,NF,BANKNIFTY28APR2657500CE,210.05,168.3,213.75,110.85,358.3,536610,170.87,210.1,180,210.9,30,330150
2026-04-13T11:17:20.530,NF,BANKNIFTY28APR2657500CE,210.8,168.3,213.75,110.85,358.3,536640,170.87,210.15,150,211.05,30,330150
2026-04-13T11:17:21.733,NF,BANKNIFTY28APR2657500CE,211.2,168.3,213.75,110.85,358.3,536760,170.88,210.1,90,211.05,120,330150
2026-04-13T11:17:27.743,NF,BANKNIFTY28APR2657500CE,210.45,168.3,213.75,110.85,358.3,536790,170.88,210.35,60,211.2,120,330150
2026-04-13T11:17:28.943,NF,BANKNIFTY28APR2657500CE,210.35,168.3,213.75,110.85,358.3,536820,170.89,210.35,90,211.3,60,330150
2026-04-13T11:17:32.553,NF,BANKNIFTY28APR2657500CE,211.1,168.3,213.75,110.85,358.3,536850,170.89,211.0,90,211.85,30,330150
2026-04-13T11:17:33.952,NF,BANKNIFTY28APR2657500CE,210.95,168.3,213.75,110.85,358.3,536880,170.89,211.05,60,211.9,90,330150
2026-04-13T11:17:37.566,NF,BANKNIFTY28APR2657500CE,210.95,168.3,213.75,110.85,358.3,537000,170.9,210.85,90,211.65,30,330150
2026-04-13T11:17:38.961,NF,BANKNIFTY28APR2657500CE,210.85,168.3,213.75,110.85,358.3,537060,170.9,210.75,30,211.6,120,330150
2026-04-13T11:17:41.366,NF,BANKNIFTY28APR2657500CE,211.4,168.3,213.75,110.85,358.3,537090,170.91,210.75,120,211.45,30,330150
2026-04-13T11:17:42.568,NF,BANKNIFTY28APR2657500CE,211.45,168.3,213.75,110.85,358.3,537120,170.91,210.9,60,211.55,120,330150
2026-04-13T11:17:47.373,NF,BANKNIFTY28APR2657500CE,211.2,168.3,213.75,110.85,358.3,537150,170.91,210.65,90,211.55,60,330150
2026-04-13T11:17:53.185,NF,BANKNIFTY28APR2657500CE,211.3,168.3,213.75,110.85,358.3,537180,170.91,210.75,60,211.5,60,330150
2026-04-13T11:18:05.410,NF,BANKNIFTY28APR2657500CE,212.0,168.3,213.75,110.85,358.3,537210,170.92,211.4,90,212.3,30,330150
2026-04-13T11:18:08.814,NF,BANKNIFTY28APR2657500CE,212.6,168.3,213.75,110.85,358.3,537420,170.93,211.8,60,212.65,90,330150
2026-04-13T11:18:11.015,NF,BANKNIFTY28APR2657500CE,211.8,168.3,213.75,110.85,358.3,537450,170.93,211.8,60,212.55,120,330150
2026-04-13T11:18:26.236,NF,BANKNIFTY28APR2657500CE,211.9,168.3,213.75,110.85,358.3,537480,170.94,211.95,90,212.75,30,330150
2026-04-13T11:18:28.456,NF,BANKNIFTY28APR2657500CE,211.95,168.3,213.75,110.85,358.3,537510,170.94,211.9,60,212.8,60,330150
2026-04-13T11:18:30.844,NF,BANKNIFTY28APR2657500CE,212.8,168.3,213.75,110.85,358.3,537540,170.94,211.9,30,212.65,60,330150
2026-04-13T11:18:33.052,NF,BANKNIFTY28APR2657500CE,212.75,168.3,213.75,110.85,358.3,537660,170.95,210.95,30,211.75,60,330150
2026-04-13T11:18:36.857,NF,BANKNIFTY28APR2657500CE,210.6,168.3,213.75,110.85,358.3,537990,170.98,210.2,60,210.95,60,330150
2026-04-13T11:18:40.663,NF,BANKNIFTY28APR2657500CE,210.6,168.3,213.75,110.85,358.3,538020,170.98,210.3,60,211.0,30,330150
2026-04-13T11:19:07.102,NF,BANKNIFTY28APR2657500CE,210.0,168.3,213.75,110.85,358.3,538050,170.98,209.15,60,209.95,90,330150
2026-04-13T11:19:15.915,NF,BANKNIFTY28APR2657500CE,210.5,168.3,213.75,110.85,358.3,538140,170.99,209.6,30,210.4,60,330150
2026-04-13T11:19:19.727,NF,BANKNIFTY28APR2657500CE,210.0,168.3,213.75,110.85,358.3,538410,171.01,209.15,60,210.15,240,330150
2026-04-13T11:19:28.139,NF,BANKNIFTY28APR2657500CE,210.5,168.3,213.75,110.85,358.3,538470,171.01,210.05,30,210.85,30,330150
2026-04-13T11:19:43.361,NF,BANKNIFTY28APR2657500CE,211.5,168.3,213.75,110.85,358.3,538530,171.02,210.8,30,211.6,120,330150
2026-04-13T11:19:55.576,NF,BANKNIFTY28APR2657500CE,208.75,168.3,213.75,110.85,358.3,538590,171.02,208.55,30,209.45,60,331170
2026-04-13T11:19:57.981,NF,BANKNIFTY28APR2657500CE,209.15,168.3,213.75,110.85,358.3,538620,171.02,208.1,30,209.1,60,331170
2026-04-13T11:20:02.994,NF,BANKNIFTY28APR2657500CE,208.7,168.3,213.75,110.85,358.3,538710,171.03,208.75,30,209.6,90,331170
2026-04-13T11:20:09.197,NF,BANKNIFTY28APR2657500CE,209.35,168.3,213.75,110.85,358.3,538740,171.03,208.5,30,209.35,60,331170
2026-04-13T11:20:15.411,NF,BANKNIFTY28APR2657500CE,208.6,168.3,213.75,110.85,358.3,538800,171.03,208.5,30,209.4,150,331170
2026-04-13T11:20:25.822,NF,BANKNIFTY28APR2657500CE,208.4,168.3,213.75,110.85,358.3,538920,171.04,207.55,30,208.5,60,331170
2026-04-13T11:20:27.025,NF,BANKNIFTY28APR2657500CE,208.05,168.3,213.75,110.85,358.3,539220,171.06,208.05,30,209.0,30,331170
2026-04-13T11:20:28.243,NF,BANKNIFTY28APR2657500CE,208.0,168.3,213.75,110.85,358.3,539310,171.07,208.35,60,209.1,60,331170
2026-04-13T11:20:34.044,NF,BANKNIFTY28APR2657500CE,208.55,168.3,213.75,110.85,358.3,539370,171.07,207.85,60,208.8,210,331170
2026-04-13T11:20:35.238,NF,BANKNIFTY28APR2657500CE,207.9,168.3,213.75,110.85,358.3,539460,171.08,207.9,90,208.8,60,331170
2026-04-13T11:20:38.438,NF,BANKNIFTY28APR2657500CE,207.35,168.3,213.75,110.85,358.3,539700,171.1,206.7,30,207.55,60,331170
2026-04-13T11:20:48.451,NF,BANKNIFTY28APR2657500CE,205.15,168.3,213.75,110.85,358.3,539760,171.1,204.55,60,205.5,90,331170
2026-04-13T11:20:53.261,NF,BANKNIFTY28APR2657500CE,204.65,168.3,213.75,110.85,358.3,539790,171.1,204.65,60,205.5,60,331170
2026-04-13T11:21:01.672,NF,BANKNIFTY28APR2657500CE,204.4,168.3,213.75,110.85,358.3,539820,171.1,203.45,60,204.2,60,331170
2026-04-13T11:21:04.274,NF,BANKNIFTY28APR2657500CE,202.85,168.3,213.75,110.85,358.3,540030,171.12,202.25,60,202.9,30,331170
2026-04-13T11:21:05.476,NF,BANKNIFTY28APR2657500CE,202.8,168.3,213.75,110.85,358.3,540090,171.12,202.55,30,203.35,90,331170
2026-04-13T11:21:11.685,NF,BANKNIFTY28APR2657500CE,203.75,168.3,213.75,110.85,358.3,540150,171.12,203.75,60,204.5,60,331170
2026-04-13T11:21:12.887,NF,BANKNIFTY28APR2657500CE,204.5,168.3,213.75,110.85,358.3,540180,171.12,203.85,30,204.6,30,331170
2026-04-13T11:21:17.697,NF,BANKNIFTY28APR2657500CE,204.35,168.3,213.75,110.85,358.3,540210,171.13,203.75,90,204.55,60,331170
2026-04-13T11:21:18.901,NF,BANKNIFTY28APR2657500CE,203.25,168.3,213.75,110.85,358.3,540330,171.13,203.4,30,204.2,60,331170
2026-04-13T11:21:23.704,NF,BANKNIFTY28APR2657500CE,204.35,168.3,213.75,110.85,358.3,540360,171.14,203.45,60,204.25,60,331170
2026-04-13T11:21:29.712,NF,BANKNIFTY28APR2657500CE,203.3,168.3,213.75,110.85,358.3,540630,171.15,202.8,210,203.4,60,331170
2026-04-13T11:21:30.915,NF,BANKNIFTY28APR2657500CE,203.4,168.3,213.75,110.85,358.3,540900,171.17,202.9,30,203.6,60,331170
2026-04-13T11:21:33.517,NF,BANKNIFTY28APR2657500CE,203.5,168.3,213.75,110.85,358.3,540960,171.17,203.45,30,204.15,60,331170
2026-04-13T11:21:34.721,NF,BANKNIFTY28APR2657500CE,203.25,168.3,213.75,110.85,358.3,541020,171.17,203.2,30,204.0,90,331170
2026-04-13T11:21:37.125,NF,BANKNIFTY28APR2657500CE,204.35,168.3,213.75,110.85,358.3,541140,171.18,203.55,60,204.6,30,331170
2026-04-13T11:21:40.940,NF,BANKNIFTY28APR2657500CE,204.55,168.3,213.75,110.85,358.3,541170,171.18,204.25,30,205.15,60,331170
2026-04-13T11:21:51.954,NF,BANKNIFTY28APR2657500CE,203.55,168.3,213.75,110.85,358.3,541230,171.19,203.45,30,204.2,90,331170
2026-04-13T11:21:54.359,NF,BANKNIFTY28APR2657500CE,203.85,168.3,213.75,110.85,358.3,541260,171.19,203.0,30,203.85,60,331170
2026-04-13T11:21:56.960,NF,BANKNIFTY28APR2657500CE,203.15,168.3,213.75,110.85,358.3,541290,171.19,203.2,60,204.05,60,331170
2026-04-13T11:21:59.365,NF,BANKNIFTY28APR2657500CE,204.2,168.3,213.75,110.85,358.3,541500,171.2,203.9,60,204.75,60,331170
2026-04-13T11:22:04.173,NF,BANKNIFTY28APR2657500CE,204.15,168.3,213.75,110.85,358.3,541530,171.21,204.55,60,205.5,60,331170
2026-04-13T11:22:05.379,NF,BANKNIFTY28APR2657500CE,204.3,168.3,213.75,110.85,358.3,541590,171.21,204.55,60,205.5,30,331170
2026-04-13T11:22:06.579,NF,BANKNIFTY28APR2657500CE,204.4,168.3,213.75,110.85,358.3,541620,171.21,204.35,60,205.25,30,331170
2026-04-13T11:22:08.978,NF,BANKNIFTY28APR2657500CE,204.4,168.3,213.75,110.85,358.3,541650,171.21,204.2,60,205.05,60,331170
2026-04-13T11:22:10.181,NF,BANKNIFTY28APR2657500CE,205.3,168.3,213.75,110.85,358.3,541680,171.21,205.3,30,206.05,30,331170
2026-04-13T11:22:12.600,NF,BANKNIFTY28APR2657500CE,208.35,168.3,213.75,110.85,358.3,541800,171.22,208.55,60,209.35,90,331170
2026-04-13T11:22:15.187,NF,BANKNIFTY28APR2657500CE,210.0,168.3,213.75,110.85,358.3,541920,171.23,209.0,30,209.85,30,331170
2026-04-13T11:22:17.608,NF,BANKNIFTY28APR2657500CE,209.15,168.3,213.75,110.85,358.3,541950,171.23,209.25,30,210.0,30,331170
2026-04-13T11:22:34.818,NF,BANKNIFTY28APR2657500CE,211.7,168.3,213.75,110.85,358.3,541980,171.24,210.65,30,211.6,30,331170
2026-04-13T11:22:37.421,NF,BANKNIFTY28APR2657500CE,211.7,168.3,213.75,110.85,358.3,542130,171.25,210.85,90,211.7,30,331170
2026-04-13T11:22:47.042,NF,BANKNIFTY28APR2657500CE,211.75,168.3,213.75,110.85,358.3,542160,171.25,211.65,30,212.0,60,331170
2026-04-13T11:22:48.441,NF,BANKNIFTY28APR2657500CE,212.75,168.3,213.75,110.85,358.3,542370,171.26,211.95,30,212.75,30,331170
2026-04-13T11:22:53.442,NF,BANKNIFTY28APR2657500CE,213.0,168.3,213.75,110.85,358.3,542430,171.27,212.05,120,212.85,30,331320
2026-04-13T11:22:54.689,NF,BANKNIFTY28APR2657500CE,213.5,168.3,213.75,110.85,358.3,543360,171.34,213.35,30,213.95,60,331320
2026-04-13T11:22:55.847,NF,BANKNIFTY28APR2657500CE,213.6,168.3,213.75,110.85,358.3,543480,171.35,213.3,30,214.0,30,331320
2026-04-13T11:22:57.100,NF,BANKNIFTY28APR2657500CE,213.15,168.3,213.75,110.85,358.3,543510,171.35,213.0,60,213.9,30,331320
2026-04-13T11:22:58.449,NF,BANKNIFTY28APR2657500CE,214.0,168.3,214.75,110.85,358.3,544260,171.41,213.3,120,214.05,30,331320
2026-04-13T11:23:02.060,NF,BANKNIFTY28APR2657500CE,214.0,168.3,214.75,110.85,358.3,544290,171.41,213.25,90,214.05,120,331320
2026-04-13T11:23:03.292,NF,BANKNIFTY28APR2657500CE,213.3,168.3,214.75,110.85,358.3,544320,171.42,213.3,120,214.0,60,331320
2026-04-13T11:23:04.469,NF,BANKNIFTY28APR2657500CE,214.05,168.3,214.75,110.85,358.3,544650,171.44,213.35,60,214.1,270,331320
2026-04-13T11:23:05.661,NF,BANKNIFTY28APR2657500CE,213.9,168.3,214.75,110.85,358.3,544680,171.44,213.1,60,213.95,90,331320
2026-04-13T11:23:06.864,NF,BANKNIFTY28APR2657500CE,213.5,168.3,214.75,110.85,358.3,545130,171.48,212.6,30,213.4,90,331320
2026-04-13T11:23:08.077,NF,BANKNIFTY28APR2657500CE,212.6,168.3,214.75,110.85,358.3,545250,171.49,211.5,30,212.3,30,331320
2026-04-13T11:23:09.463,NF,BANKNIFTY28APR2657500CE,212.7,168.3,214.75,110.85,358.3,545490,171.51,212.05,30,212.85,240,331320
2026-04-13T11:23:10.667,NF,BANKNIFTY28APR2657500CE,213.35,168.3,214.75,110.85,358.3,545640,171.52,212.5,60,213.3,150,331320
2026-04-13T11:23:11.868,NF,BANKNIFTY28APR2657500CE,212.8,168.3,214.75,110.85,358.3,545730,171.52,212.65,60,213.3,120,331320
2026-04-13T11:23:15.474,NF,BANKNIFTY28APR2657500CE,213.4,168.3,214.75,110.85,358.3,546270,171.57,212.55,30,213.3,120,331320
2026-04-13T11:23:16.678,NF,BANKNIFTY28APR2657500CE,213.35,168.3,214.75,110.85,358.3,546390,171.57,212.6,60,213.4,60,331320
2026-04-13T11:23:17.884,NF,BANKNIFTY28APR2657500CE,212.7,168.3,214.75,110.85,358.3,546420,171.58,212.45,150,213.2,90,331320
2026-04-13T11:23:19.086,NF,BANKNIFTY28APR2657500CE,212.35,168.3,214.75,110.85,358.3,546480,171.58,212.45,240,213.15,60,331320
2026-04-13T11:23:21.684,NF,BANKNIFTY28APR2657500CE,212.6,168.3,214.75,110.85,358.3,546510,171.58,212.7,150,213.15,30,331320
2026-04-13T11:23:24.093,NF,BANKNIFTY28APR2657500CE,213.75,168.3,214.75,110.85,358.3,546600,171.59,213.7,90,214.5,30,331320
2026-04-13T11:23:25.295,NF,BANKNIFTY28APR2657500CE,214.7,168.3,214.75,110.85,358.3,546780,171.6,213.65,90,214.4,60,331320
2026-04-13T11:23:26.491,NF,BANKNIFTY28APR2657500CE,213.6,168.3,214.75,110.85,358.3,547050,171.63,213.6,60,214.4,120,331320
2026-04-13T11:23:31.320,NF,BANKNIFTY28APR2657500CE,212.6,168.3,214.75,110.85,358.3,547080,171.63,212.55,210,213.15,120,331320
2026-04-13T11:23:37.311,NF,BANKNIFTY28APR2657500CE,211.2,168.3,214.75,110.85,358.3,547710,171.67,211.95,60,212.6,60,331320
2026-04-13T11:23:42.117,NF,BANKNIFTY28APR2657500CE,211.95,168.3,214.75,110.85,358.3,547740,171.68,211.6,150,212.2,60,331320
2026-04-13T11:23:48.129,NF,BANKNIFTY28APR2657500CE,212.0,168.3,214.75,110.85,358.3,547770,171.68,211.5,30,212.15,60,331320
2026-04-13T11:23:54.344,NF,BANKNIFTY28APR2657500CE,211.45,168.3,214.75,110.85,358.3,547800,171.68,210.8,30,211.5,150,331320
2026-04-13T11:24:00.362,NF,BANKNIFTY28APR2657500CE,210.3,168.3,214.75,110.85,358.3,547890,171.69,210.3,120,211.1,60,331320
2026-04-13T11:24:02.956,NF,BANKNIFTY28APR2657500CE,211.1,168.3,214.75,110.85,358.3,547920,171.69,210.2,30,211.1,60,331320
2026-04-13T11:24:04.154,NF,BANKNIFTY28APR2657500CE,210.4,168.3,214.75,110.85,358.3,547950,171.69,210.2,30,211.05,60,331320
2026-04-13T11:24:10.168,NF,BANKNIFTY28APR2657500CE,211.1,168.3,214.75,110.85,358.3,547980,171.69,210.45,120,211.35,60,331320
2026-04-13T11:24:15.174,NF,BANKNIFTY28APR2657500CE,210.6,168.3,214.75,110.85,358.3,548040,171.7,210.2,30,211.05,150,331320
2026-04-13T11:24:16.375,NF,BANKNIFTY28APR2657500CE,211.2,168.3,214.75,110.85,358.3,548070,171.7,210.5,30,211.4,210,331320
2026-04-13T11:24:17.579,NF,BANKNIFTY28APR2657500CE,210.2,168.3,214.75,110.85,358.3,548130,171.7,210.3,150,211.1,90,331320
2026-04-13T11:24:18.780,NF,BANKNIFTY28APR2657500CE,211.1,168.3,214.75,110.85,358.3,548160,171.71,210.3,150,211.15,60,331320
2026-04-13T11:24:19.981,NF,BANKNIFTY28APR2657500CE,211.0,168.3,214.75,110.85,358.3,548190,171.71,209.6,30,210.5,60,331320
2026-04-13T11:24:27.396,NF,BANKNIFTY28APR2657500CE,210.0,168.3,214.75,110.85,358.3,548220,171.71,208.9,90,209.9,60,331320
2026-04-13T11:24:43.420,NF,BANKNIFTY28APR2657500CE,209.8,168.3,214.75,110.85,358.3,548400,171.72,209.1,60,209.9,60,331320
2026-04-13T11:24:47.231,NF,BANKNIFTY28APR2657500CE,209.4,168.3,214.75,110.85,358.3,548430,171.73,208.9,90,209.55,60,331320
2026-04-13T11:24:48.428,NF,BANKNIFTY28APR2657500CE,209.7,168.3,214.75,110.85,358.3,548460,171.73,209.05,90,209.7,60,331320
2026-04-13T11:24:54.438,NF,BANKNIFTY28APR2657500CE,206.9,168.3,214.75,110.85,358.3,548520,171.73,207.25,30,208.05,60,331320
2026-04-13T11:24:58.253,NF,BANKNIFTY28APR2657500CE,207.65,168.3,214.75,110.85,358.3,548550,171.73,207.75,30,208.7,60,331320
2026-04-13T11:25:01.848,NF,BANKNIFTY28APR2657500CE,208.75,168.3,214.75,110.85,358.3,548670,171.74,207.85,30,208.75,60,331320
2026-04-13T11:25:06.855,NF,BANKNIFTY28APR2657500CE,207.9,168.3,214.75,110.85,358.3,548700,171.74,207.85,60,208.75,30,331320
2026-04-13T11:25:08.061,NF,BANKNIFTY28APR2657500CE,208.0,168.3,214.75,110.85,358.3,548790,171.75,207.85,30,208.8,90,331320
2026-04-13T11:25:09.264,NF,BANKNIFTY28APR2657500CE,207.8,168.3,214.75,110.85,358.3,548910,171.76,207.4,180,208.2,30,331320
2026-04-13T11:25:13.064,NF,BANKNIFTY28APR2657500CE,207.25,168.3,214.75,110.85,358.3,548940,171.76,207.25,210,207.95,30,331320
2026-04-13T11:25:14.272,NF,BANKNIFTY28APR2657500CE,207.95,168.3,214.75,110.85,358.3,549000,171.76,207.4,60,208.15,30,331320
2026-04-13T11:25:19.272,NF,BANKNIFTY28APR2657500CE,208.55,168.3,214.75,110.85,358.3,549030,171.76,207.8,60,208.55,30,331320
2026-04-13T11:25:24.277,NF,BANKNIFTY28APR2657500CE,209.1,168.3,214.75,110.85,358.3,549060,171.77,208.8,30,209.7,60,331320
2026-04-13T11:25:25.481,NF,BANKNIFTY28APR2657500CE,209.6,168.3,214.75,110.85,358.3,549150,171.77,208.3,60,209.2,60,331320
2026-04-13T11:25:35.491,NF,BANKNIFTY28APR2657500CE,210.5,168.3,214.75,110.85,358.3,549180,171.78,209.75,30,210.7,30,331320
2026-04-13T11:25:36.696,NF,BANKNIFTY28APR2657500CE,210.95,168.3,214.75,110.85,358.3,549210,171.78,210.35,30,211.15,30,331320
2026-04-13T11:25:40.500,NF,BANKNIFTY28APR2657500CE,210.95,168.3,214.75,110.85,358.3,549240,171.78,210.15,30,211.1,90,331320
2026-04-13T11:25:41.703,NF,BANKNIFTY28APR2657500CE,211.85,168.3,214.75,110.85,358.3,549270,171.78,210.9,30,211.8,90,331320
2026-04-13T11:25:44.307,NF,BANKNIFTY28APR2657500CE,212.0,168.3,214.75,110.85,358.3,549300,171.78,212.1,60,213.0,60,331320
2026-04-13T11:25:45.529,NF,BANKNIFTY28APR2657500CE,212.0,168.3,214.75,110.85,358.3,549390,171.79,211.9,30,212.85,60,331320
2026-04-13T11:25:49.310,NF,BANKNIFTY28APR2657500CE,211.9,168.3,214.75,110.85,358.3,549420,171.79,211.9,60,212.65,60,331320
2026-04-13T11:25:51.790,NF,BANKNIFTY28APR2657500CE,211.7,168.3,214.75,110.85,358.3,549600,171.81,211.5,120,212.35,30,332730
2026-04-13T11:26:11.542,NF,BANKNIFTY28APR2657500CE,212.4,168.3,214.75,110.85,358.3,549780,171.82,211.4,30,212.35,90,332730
2026-04-13T11:26:12.747,NF,BANKNIFTY28APR2657500CE,212.8,168.3,214.75,110.85,358.3,549810,171.82,211.75,30,212.75,90,332730
2026-04-13T11:26:20.163,NF,BANKNIFTY28APR2657500CE,212.3,168.3,214.75,110.85,358.3,549840,171.82,212.3,30,213.2,60,332730
2026-04-13T11:26:21.556,NF,BANKNIFTY28APR2657500CE,211.65,168.3,214.75,110.85,358.3,549930,171.83,211.65,30,212.5,60,332730
2026-04-13T11:26:31.175,NF,BANKNIFTY28APR2657500CE,211.6,168.3,214.75,110.85,358.3,549990,171.83,211.55,60,212.45,60,332730
2026-04-13T11:26:45.605,NF,BANKNIFTY28APR2657500CE,212.65,168.3,214.75,110.85,358.3,550020,171.84,211.8,90,212.6,60,332730
2026-04-13T11:26:49.202,NF,BANKNIFTY28APR2657500CE,212.85,168.3,214.75,110.85,358.3,550050,171.84,211.95,30,212.8,60,332730
2026-04-13T11:26:51.410,NF,BANKNIFTY28APR2657500CE,211.9,168.3,214.75,110.85,358.3,550080,171.84,211.95,90,212.8,60,332730
2026-04-13T11:26:55.019,NF,BANKNIFTY28APR2657500CE,212.5,168.3,214.75,110.85,358.3,550260,171.85,211.85,120,212.7,210,332730
2026-04-13T11:26:57.417,NF,BANKNIFTY28APR2657500CE,212.75,168.3,214.75,110.85,358.3,550290,171.86,210.6,60,211.5,60,332730
2026-04-13T11:27:04.629,NF,BANKNIFTY28APR2657500CE,209.35,168.3,214.75,110.85,358.3,550320,171.86,209.0,30,209.7,60,332730
2026-04-13T11:27:07.034,NF,BANKNIFTY28APR2657500CE,209.9,168.3,214.75,110.85,358.3,550530,171.87,209.95,30,210.95,90,332730
2026-04-13T11:27:19.254,NF,BANKNIFTY28APR2657500CE,210.55,168.3,214.75,110.85,358.3,550560,171.88,210.25,30,211.1,30,332730
2026-04-13T11:27:22.860,NF,BANKNIFTY28APR2657500CE,210.8,168.3,214.75,110.85,358.3,550590,171.88,210.05,30,210.9,60,332730
2026-04-13T11:27:29.080,NF,BANKNIFTY28APR2657500CE,210.0,168.3,214.75,110.85,358.3,550620,171.88,210.0,90,210.65,90,332730
2026-04-13T11:27:30.277,NF,BANKNIFTY28APR2657500CE,210.0,168.3,214.75,110.85,358.3,550710,171.89,209.25,60,210.15,60,332730
2026-04-13T11:27:43.288,NF,BANKNIFTY28APR2657500CE,208.8,168.3,214.75,110.85,358.3,550830,171.89,209.05,30,209.9,60,332730
2026-04-13T11:28:02.720,NF,BANKNIFTY28APR2657500CE,208.9,168.3,214.75,110.85,358.3,550860,171.9,208.8,30,209.75,90,332730
2026-04-13T11:28:18.546,NF,BANKNIFTY28APR2657500CE,208.8,168.3,214.75,110.85,358.3,550920,171.9,208.45,90,209.35,60,332730
2026-04-13T11:28:25.355,NF,BANKNIFTY28APR2657500CE,209.7,168.3,214.75,110.85,358.3,551070,171.91,210.0,60,210.8,30,332730
2026-04-13T11:28:34.770,NF,BANKNIFTY28APR2657500CE,209.5,168.3,214.75,110.85,358.3,551160,171.92,208.7,120,209.55,30,332730
2026-04-13T11:28:38.777,NF,BANKNIFTY28APR2657500CE,209.2,168.3,214.75,110.85,358.3,551190,171.92,208.6,30,209.35,60,332730
2026-04-13T11:28:42.383,NF,BANKNIFTY28APR2657500CE,209.1,168.3,214.75,110.85,358.3,551310,171.93,208.9,60,209.9,60,332730
2026-04-13T11:28:50.394,NF,BANKNIFTY28APR2657500CE,208.95,168.3,214.75,110.85,358.3,551370,171.93,208.8,60,209.6,60,332730
2026-04-13T11:28:57.405,NF,BANKNIFTY28APR2657500CE,208.85,168.3,214.75,110.85,358.3,551430,171.93,208.8,60,209.7,120,332760
2026-04-13T11:29:11.821,NF,BANKNIFTY28APR2657500CE,208.0,168.3,214.75,110.85,358.3,551460,171.94,207.2,90,208.05,30,332760
2026-04-13T11:29:15.442,NF,BANKNIFTY28APR2657500CE,206.85,168.3,214.75,110.85,358.3,551520,171.94,206.25,30,207.0,30,332760
2026-04-13T11:29:24.086,NF,BANKNIFTY28APR2657500CE,205.9,168.3,214.75,110.85,358.3,551550,171.94,205.45,90,206.1,60,332760
2026-04-13T11:29:26.445,NF,BANKNIFTY28APR2657500CE,205.35,168.3,214.75,110.85,358.3,551700,171.95,205.4,60,206.2,30,332760
2026-04-13T11:29:47.074,NF,BANKNIFTY28APR2657500CE,206.5,168.3,214.75,110.85,358.3,551970,171.97,205.75,30,206.65,120,332760
2026-04-13T11:29:49.479,NF,BANKNIFTY28APR2657500CE,206.25,168.3,214.75,110.85,358.3,552000,171.97,205.5,30,206.3,60,332760
2026-04-13T11:30:01.895,NF,BANKNIFTY28APR2657500CE,206.5,168.3,214.75,110.85,358.3,552150,171.98,205.5,150,206.35,30,332760
2026-04-13T11:30:06.707,NF,BANKNIFTY28APR2657500CE,205.95,168.3,214.75,110.85,358.3,552180,171.98,206.05,30,206.65,30,332760
2026-04-13T11:30:09.308,NF,BANKNIFTY28APR2657500CE,206.75,168.3,214.75,110.85,358.3,552210,171.98,206.1,30,207.0,60,332760
2026-04-13T11:30:12.927,NF,BANKNIFTY28APR2657500CE,206.75,168.3,214.75,110.85,358.3,552240,171.98,207.05,30,207.75,30,332760
2026-04-13T11:30:14.320,NF,BANKNIFTY28APR2657500CE,207.8,168.3,214.75,110.85,358.3,552330,171.99,207.3,30,208.05,60,332760
2026-04-13T11:30:16.723,NF,BANKNIFTY28APR2657500CE,208.15,168.3,214.75,110.85,358.3,552360,171.99,207.25,30,208.15,120,332760
2026-04-13T11:30:24.134,NF,BANKNIFTY28APR2657500CE,209.15,168.3,214.75,110.85,358.3,552390,171.99,208.5,30,209.3,150,332760
2026-04-13T11:30:27.939,NF,BANKNIFTY28APR2657500CE,208.15,168.3,214.75,110.85,358.3,552420,172.0,208.05,60,208.85,120,332760
2026-04-13T11:30:30.350,NF,BANKNIFTY28APR2657500CE,208.4,168.3,214.75,110.85,358.3,552450,172.0,208.35,30,209.15,60,332760
2026-04-13T11:30:31.551,NF,BANKNIFTY28APR2657500CE,208.85,168.3,214.75,110.85,358.3,552510,172.0,209.1,30,209.95,30,332760
2026-04-13T11:30:32.749,NF,BANKNIFTY28APR2657500CE,209.75,168.3,214.75,110.85,358.3,552900,172.03,209.8,60,210.65,90,332760
2026-04-13T11:30:44.171,NF,BANKNIFTY28APR2657500CE,209.75,168.3,214.75,110.85,358.3,553020,172.04,208.75,30,209.6,60,332760
2026-04-13T11:30:52.799,NF,BANKNIFTY28APR2657500CE,210.15,168.3,214.75,110.85,358.3,553080,172.04,210.0,30,211.0,30,332760
2026-04-13T11:30:56.589,NF,BANKNIFTY28APR2657500CE,209.5,168.3,214.75,110.85,358.3,553110,172.04,209.35,30,210.25,60,332760
2026-04-13T11:31:01.597,NF,BANKNIFTY28APR2657500CE,211.7,168.3,214.75,110.85,358.3,553230,172.05,210.65,30,211.7,630,332760
2026-04-13T11:31:06.605,NF,BANKNIFTY28APR2657500CE,211.7,168.3,214.75,110.85,358.3,553260,172.05,210.85,30,211.7,60,332760
2026-04-13T11:31:14.016,NF,BANKNIFTY28APR2657500CE,210.8,168.3,214.75,110.85,358.3,553290,172.06,210.8,120,211.4,60,332760
2026-04-13T11:31:15.414,NF,BANKNIFTY28APR2657500CE,210.8,168.3,214.75,110.85,358.3,553410,172.06,210.15,120,211.05,60,332760
2026-04-13T11:31:21.625,NF,BANKNIFTY28APR2657500CE,210.3,168.3,214.75,110.85,358.3,553440,172.07,209.55,30,210.6,60,332760
2026-04-13T11:31:31.643,NF,BANKNIFTY28APR2657500CE,210.1,168.3,214.75,110.85,358.3,553470,172.07,210.2,60,211.15,30,332760
2026-04-13T11:31:34.047,NF,BANKNIFTY28APR2657500CE,210.25,168.3,214.75,110.85,358.3,553500,172.07,210.0,60,210.95,60,332760
2026-04-13T11:31:45.497,NF,BANKNIFTY28APR2657500CE,211.0,168.3,214.75,110.85,358.3,553530,172.07,210.2,30,211.05,90,332760
2026-04-13T11:31:49.065,NF,BANKNIFTY28APR2657500CE,210.1,168.3,214.75,110.85,358.3,553590,172.08,209.05,30,210.1,60,332760
2026-04-13T11:31:51.665,NF,BANKNIFTY28APR2657500CE,210.05,168.3,214.75,110.85,358.3,553620,172.08,208.75,120,209.8,60,332760
2026-04-13T11:31:56.530,NF,BANKNIFTY28APR2657500CE,207.55,168.3,214.75,110.85,358.3,553650,172.08,206.75,30,207.65,60,332760
2026-04-13T11:32:01.485,NF,BANKNIFTY28APR2657500CE,206.65,168.3,214.75,110.85,358.3,553680,172.08,205.55,30,206.3,60,332790
2026-04-13T11:32:04.100,NF,BANKNIFTY28APR2657500CE,205.5,168.3,214.75,110.85,358.3,554010,172.1,205.65,30,206.4,90,332790
2026-04-13T11:32:06.502,NF,BANKNIFTY28APR2657500CE,207.55,168.3,214.75,110.85,358.3,554400,172.13,206.15,30,207.1,30,332790
2026-04-13T11:32:07.893,NF,BANKNIFTY28APR2657500CE,205.8,168.3,214.75,110.85,358.3,554550,172.14,206.05,120,206.8,150,332790
2026-04-13T11:32:10.301,NF,BANKNIFTY28APR2657500CE,205.8,168.3,214.75,110.85,358.3,554580,172.14,205.7,30,206.55,30,332790
2026-04-13T11:32:12.929,NF,BANKNIFTY28APR2657500CE,206.8,168.3,214.75,110.85,358.3,554640,172.14,207.1,30,207.65,30,332790
2026-04-13T11:32:14.113,NF,BANKNIFTY28APR2657500CE,207.65,168.3,214.75,110.85,358.3,554670,172.14,207.05,30,208.0,60,332790
2026-04-13T11:32:15.319,NF,BANKNIFTY28APR2657500CE,207.1,168.3,214.75,110.85,358.3,554700,172.15,207.0,60,207.8,60,332790
2026-04-13T11:32:23.922,NF,BANKNIFTY28APR2657500CE,207.55,168.3,214.75,110.85,358.3,554730,172.15,207.2,30,208.0,30,332790
2026-04-13T11:32:28.937,NF,BANKNIFTY28APR2657500CE,207.75,168.3,214.75,110.85,358.3,554760,172.15,207.25,60,208.05,90,332790
2026-04-13T11:32:34.956,NF,BANKNIFTY28APR2657500CE,208.4,168.3,214.75,110.85,358.3,554790,172.15,208.25,60,208.95,60,332790
2026-04-13T11:32:36.152,NF,BANKNIFTY28APR2657500CE,209.15,168.3,214.75,110.85,358.3,554820,172.15,209.05,30,209.8,60,332790
2026-04-13T11:32:37.344,NF,BANKNIFTY28APR2657500CE,209.8,168.3,214.75,110.85,358.3,554850,172.16,209.05,60,209.8,60,332790
2026-04-13T11:32:41.365,NF,BANKNIFTY28APR2657500CE,208.85,168.3,214.75,110.85,358.3,554910,172.16,208.7,60,209.45,30,332790
2026-04-13T11:32:42.563,NF,BANKNIFTY28APR2657500CE,209.4,168.3,214.75,110.85,358.3,554940,172.16,208.75,30,209.4,30,332790
2026-04-13T11:32:49.970,NF,BANKNIFTY28APR2657500CE,207.9,168.3,214.75,110.85,358.3,554970,172.16,207.6,30,208.4,60,332790
2026-04-13T11:32:55.051,NF,BANKNIFTY28APR2657500CE,208.15,168.3,214.75,110.85,358.3,555000,172.17,207.4,60,207.9,60,332790
2026-04-13T11:32:58.616,NF,BANKNIFTY28APR2657500CE,207.25,168.3,214.75,110.85,358.3,555030,172.17,207.45,30,207.9,60,332790
2026-04-13T11:32:59.980,NF,BANKNIFTY28APR2657500CE,207.9,168.3,214.75,110.85,358.3,555060,172.17,207.4,30,207.95,60,332790
2026-04-13T11:33:01.185,NF,BANKNIFTY28APR2657500CE,207.95,168.3,214.75,110.85,358.3,555150,172.18,208.1,60,208.6,30,332790
2026-04-13T11:33:03.592,NF,BANKNIFTY28APR2657500CE,207.65,168.3,214.75,110.85,358.3,555240,172.18,207.85,150,208.6,60,332790
2026-04-13T11:33:04.791,NF,BANKNIFTY28APR2657500CE,207.7,168.3,214.75,110.85,358.3,555330,172.19,207.7,30,208.4,30,332790
2026-04-13T11:33:07.207,NF,BANKNIFTY28APR2657500CE,207.35,168.3,214.75,110.85,358.3,555660,172.21,207.2,210,207.9,30,332790
2026-04-13T11:33:09.805,NF,BANKNIFTY28APR2657500CE,208.05,168.3,214.75,110.85,358.3,555750,172.21,207.75,210,208.55,30,332790
2026-04-13T11:33:13.407,NF,BANKNIFTY28APR2657500CE,208.0,168.3,214.75,110.85,358.3,555780,172.22,207.3,30,208.0,60,332790
2026-04-13T11:33:20.826,NF,BANKNIFTY28APR2657500CE,207.25,168.3,214.75,110.85,358.3,555810,172.22,206.65,30,207.45,60,332790
2026-04-13T11:33:25.633,NF,BANKNIFTY28APR2657500CE,207.6,168.3,214.75,110.85,358.3,555840,172.22,207.4,60,208.0,60,332790
2026-04-13T11:33:28.228,NF,BANKNIFTY28APR2657500CE,207.05,168.3,214.75,110.85,358.3,555870,172.22,206.95,90,207.7,60,332790
2026-04-13T11:33:34.441,NF,BANKNIFTY28APR2657500CE,206.65,168.3,214.75,110.85,358.3,555900,172.22,206.2,30,206.85,90,332790
2026-04-13T11:33:39.250,NF,BANKNIFTY28APR2657500CE,206.75,168.3,214.75,110.85,358.3,555930,172.23,206.2,30,206.85,90,332790
2026-04-13T11:33:43.054,NF,BANKNIFTY28APR2657500CE,206.2,168.3,214.75,110.85,358.3,555960,172.23,205.55,120,206.3,120,332790
2026-04-13T11:33:46.663,NF,BANKNIFTY28APR2657500CE,205.4,168.3,214.75,110.85,358.3,555990,172.23,205.15,30,205.9,60,332790
2026-04-13T11:33:50.467,NF,BANKNIFTY28APR2657500CE,205.6,168.3,214.75,110.85,358.3,556140,172.24,205.95,60,206.7,60,332790
2026-04-13T11:33:55.485,NF,BANKNIFTY28APR2657500CE,206.45,168.3,214.75,110.85,358.3,556230,172.24,206.25,60,207.0,120,332790
2026-04-13T11:33:57.883,NF,BANKNIFTY28APR2657500CE,205.75,168.3,214.75,110.85,358.3,556500,172.26,205.7,150,206.35,210,332790
2026-04-13T11:34:01.693,NF,BANKNIFTY28APR2657500CE,206.35,168.3,214.75,110.85,358.3,556560,172.26,205.7,90,206.5,60,332790
2026-04-13T11:34:04.118,NF,BANKNIFTY28APR2657500CE,206.45,168.3,214.75,110.85,358.3,556740,172.27,206.2,30,206.7,30,332790
2026-04-13T11:34:05.490,NF,BANKNIFTY28APR2657500CE,207.1,168.3,214.75,110.85,358.3,556770,172.28,206.25,90,207.05,30,332790
2026-04-13T11:34:10.500,NF,BANKNIFTY28APR2657500CE,207.9,168.3,214.75,110.85,358.3,556860,172.28,208.4,30,209.1,30,332790
2026-04-13T11:34:19.121,NF,BANKNIFTY28APR2657500CE,208.55,168.3,214.75,110.85,358.3,556890,172.28,207.95,60,208.95,30,332790
2026-04-13T11:34:21.721,NF,BANKNIFTY28APR2657500CE,207.2,168.3,214.75,110.85,358.3,556950,172.29,207.25,210,207.9,120,332790
2026-04-13T11:34:26.728,NF,BANKNIFTY28APR2657500CE,208.2,168.3,214.75,110.85,358.3,557040,172.29,207.7,240,208.5,60,332790
2026-04-13T11:34:37.743,NF,BANKNIFTY28APR2657500CE,207.9,168.3,214.75,110.85,358.3,557130,172.3,207.7,30,208.5,60,332790
2026-04-13T11:34:40.950,NF,BANKNIFTY28APR2657500CE,208.6,168.3,214.75,110.85,358.3,557160,172.3,208.0,30,208.7,60,332790
2026-04-13T11:34:43.549,NF,BANKNIFTY28APR2657500CE,207.7,168.3,214.75,110.85,358.3,557310,172.31,207.8,30,208.5,60,332790
2026-04-13T11:34:44.753,NF,BANKNIFTY28APR2657500CE,207.9,168.3,214.75,110.85,358.3,557370,172.31,207.9,120,208.5,60,332790
2026-04-13T11:34:45.996,NF,BANKNIFTY28APR2657500CE,208.05,168.3,214.75,110.85,358.3,557520,172.32,207.95,60,208.7,90,332790
2026-04-13T11:34:53.384,NF,BANKNIFTY28APR2657500CE,209.1,168.3,214.75,110.85,358.3,557610,172.33,209.1,60,209.65,60,332790
2026-04-13T11:34:54.793,NF,BANKNIFTY28APR2657500CE,209.45,168.3,214.75,110.85,358.3,557730,172.34,209.45,60,209.7,60,332790
2026-04-13T11:34:55.969,NF,BANKNIFTY28APR2657500CE,209.45,168.3,214.75,110.85,358.3,557910,172.35,208.4,30,209.2,90,333660
2026-04-13T11:34:58.383,NF,BANKNIFTY28APR2657500CE,209.2,168.3,214.75,110.85,358.3,557970,172.35,208.4,60,209.1,90,333660
2026-04-13T11:35:03.390,NF,BANKNIFTY28APR2657500CE,209.3,168.3,214.75,110.85,358.3,558030,172.36,209.3,60,209.7,300,333660
2026-04-13T11:35:05.985,NF,BANKNIFTY28APR2657500CE,209.3,168.3,214.75,110.85,358.3,558150,172.37,209.3,60,209.75,150,333660
2026-04-13T11:35:13.394,NF,BANKNIFTY28APR2657500CE,210.05,168.3,214.75,110.85,358.3,558240,172.37,209.85,60,210.3,150,333660
2026-04-13T11:35:15.995,NF,BANKNIFTY28APR2657500CE,210.55,168.3,214.75,110.85,358.3,558270,172.37,210.55,60,211.4,30,333660
2026-04-13T11:35:22.204,NF,BANKNIFTY28APR2657500CE,211.25,168.3,214.75,110.85,358.3,558390,172.38,211.8,30,212.75,30,333660
2026-04-13T11:35:26.008,NF,BANKNIFTY28APR2657500CE,212.4,168.3,214.75,110.85,358.3,558480,172.39,212.0,60,212.9,30,333660
2026-04-13T11:35:28.422,NF,BANKNIFTY28APR2657500CE,212.35,168.3,214.75,110.85,358.3,558510,172.39,212.0,60,212.65,60,333660
2026-04-13T11:35:29.811,NF,BANKNIFTY28APR2657500CE,211.95,168.3,214.75,110.85,358.3,559080,172.43,211.9,60,212.7,60,333660
2026-04-13T11:35:32.219,NF,BANKNIFTY28APR2657500CE,211.6,168.3,214.75,110.85,358.3,559140,172.44,211.55,30,212.4,60,333660
2026-04-13T11:35:33.424,NF,BANKNIFTY28APR2657500CE,211.55,168.3,214.75,110.85,358.3,559320,172.45,211.6,60,212.3,60,333660
2026-04-13T11:35:38.628,NF,BANKNIFTY28APR2657500CE,211.7,168.3,214.75,110.85,358.3,559470,172.46,211.7,90,212.0,90,333660
2026-04-13T11:35:44.643,NF,BANKNIFTY28APR2657500CE,212.5,168.3,214.75,110.85,358.3,559560,172.47,212.5,30,213.3,60,333660
2026-04-13T11:35:48.443,NF,BANKNIFTY28APR2657500CE,213.0,168.3,214.75,110.85,358.3,559620,172.47,212.2,60,213.1,60,333660
2026-04-13T11:35:49.645,NF,BANKNIFTY28APR2657500CE,212.55,168.3,214.75,110.85,358.3,559800,172.48,212.4,30,213.15,90,333660
2026-04-13T11:35:53.256,NF,BANKNIFTY28APR2657500CE,213.25,168.3,214.75,110.85,358.3,559920,172.49,212.45,30,213.25,690,333660
2026-04-13T11:35:57.056,NF,BANKNIFTY28APR2657500CE,212.4,168.3,214.75,110.85,358.3,560190,172.51,211.55,60,212.4,120,333660
2026-04-13T11:35:59.462,NF,BANKNIFTY28APR2657500CE,212.25,168.3,214.75,110.85,358.3,560250,172.52,212.45,90,213.15,60,333660
2026-04-13T11:36:01.867,NF,BANKNIFTY28APR2657500CE,212.45,168.3,214.75,110.85,358.3,560310,172.52,212.05,30,212.8,60,333660
2026-04-13T11:36:08.290,NF,BANKNIFTY28APR2657500CE,212.0,168.3,214.75,110.85,358.3,560580,172.54,211.3,30,211.95,60,333660
2026-04-13T11:36:10.681,NF,BANKNIFTY28APR2657500CE,212.0,168.3,214.75,110.85,358.3,560610,172.54,211.5,60,212.25,60,333660
2026-04-13T11:36:13.284,NF,BANKNIFTY28APR2657500CE,211.25,168.3,214.75,110.85,358.3,560640,172.54,210.5,90,211.3,60,333660
2026-04-13T11:36:14.489,NF,BANKNIFTY28APR2657500CE,210.0,168.3,214.75,110.85,358.3,560670,172.54,209.2,60,210.0,60,333660
2026-04-13T11:36:24.503,NF,BANKNIFTY28APR2657500CE,210.9,168.3,214.75,110.85,358.3,560970,172.56,210.25,30,211.05,60,333660
2026-04-13T11:36:29.510,NF,BANKNIFTY28APR2657500CE,209.7,168.3,214.75,110.85,358.3,561090,172.57,208.9,30,209.75,90,333660
2026-04-13T11:36:35.719,NF,BANKNIFTY28APR2657500CE,209.75,168.3,214.75,110.85,358.3,561120,172.57,209.15,30,209.95,120,333660
2026-04-13T11:36:44.335,NF,BANKNIFTY28APR2657500CE,210.4,168.3,214.75,110.85,358.3,561210,172.58,210.45,30,211.35,60,333660
2026-04-13T11:36:46.739,NF,BANKNIFTY28APR2657500CE,211.9,168.3,214.75,110.85,358.3,561240,172.58,211.6,90,212.5,60,333660
2026-04-13T11:36:51.746,NF,BANKNIFTY28APR2657500CE,211.75,168.3,214.75,110.85,358.3,561270,172.59,211.5,30,212.4,150,333660
2026-04-13T11:36:52.947,NF,BANKNIFTY28APR2657500CE,211.55,168.3,214.75,110.85,358.3,561360,172.59,211.55,30,212.5,60,333660
2026-04-13T11:37:00.362,NF,BANKNIFTY28APR2657500CE,214.0,168.3,214.75,110.85,358.3,561390,172.59,213.85,60,214.6,30,333660
2026-04-13T11:37:22.805,NF,BANKNIFTY28APR2657500CE,214.7,168.3,215.1,110.85,358.3,561450,172.6,214.7,30,215.5,30,333660
2026-04-13T11:37:24.000,NF,BANKNIFTY28APR2657500CE,215.05,168.3,215.1,110.85,358.3,561510,172.6,214.2,120,214.8,60,333660
2026-04-13T11:37:26.599,NF,BANKNIFTY28APR2657500CE,214.95,168.3,215.1,110.85,358.3,561540,172.6,214.2,180,215.0,60,333660
2026-04-13T11:37:30.203,NF,BANKNIFTY28APR2657500CE,214.55,168.3,215.1,110.85,358.3,561600,172.61,214.15,120,215.0,30,333660
2026-04-13T11:37:31.602,NF,BANKNIFTY28APR2657500CE,214.55,168.3,215.1,110.85,358.3,561750,172.62,214.55,60,215.2,60,333660
2026-04-13T11:37:38.612,NF,BANKNIFTY28APR2657500CE,215.2,168.3,215.2,110.85,358.3,561780,172.62,215.25,30,216.0,150,333660
2026-04-13T11:37:39.814,NF,BANKNIFTY28APR2657500CE,216.0,168.3,216.0,110.85,358.3,562110,172.65,215.0,30,215.8,150,333660
2026-04-13T11:37:43.438,NF,BANKNIFTY28APR2657500CE,215.0,168.3,216.0,110.85,358.3,562140,172.65,214.9,60,215.75,60,333660
2026-04-13T11:37:45.825,NF,BANKNIFTY28APR2657500CE,215.0,168.3,216.0,110.85,358.3,562170,172.65,215.0,60,215.95,60,333660
2026-04-13T11:37:48.483,NF,BANKNIFTY28APR2657500CE,215.0,168.3,216.0,110.85,358.3,562320,172.66,215.0,60,215.75,90,333660
2026-04-13T11:37:58.061,NF,BANKNIFTY28APR2657500CE,214.55,168.3,216.0,110.85,358.3,562410,172.67,213.8,210,214.55,60,332610
2026-04-13T11:38:01.858,NF,BANKNIFTY28APR2657500CE,213.8,168.3,216.0,110.85,358.3,562620,172.69,213.05,60,213.55,60,332610
2026-04-13T11:38:03.057,NF,BANKNIFTY28APR2657500CE,213.55,168.3,216.0,110.85,358.3,562650,172.69,213.05,120,213.9,60,332610
2026-04-13T11:38:10.662,NF,BANKNIFTY28APR2657500CE,214.5,168.3,216.0,110.85,358.3,562710,172.69,214.3,30,215.2,60,332610
2026-04-13T11:38:14.468,NF,BANKNIFTY28APR2657500CE,215.55,168.3,216.0,110.85,358.3,562770,172.7,214.7,30,215.6,150,332610
2026-04-13T11:38:16.878,NF,BANKNIFTY28APR2657500CE,217.45,168.3,217.7,110.85,358.3,563160,172.73,216.75,30,217.4,60,332610
2026-04-13T11:38:18.081,NF,BANKNIFTY28APR2657500CE,216.75,168.3,217.7,110.85,358.3,563190,172.73,216.65,30,217.55,60,332610
2026-04-13T11:38:19.476,NF,BANKNIFTY28APR2657500CE,217.35,168.3,217.7,110.85,358.3,563220,172.73,217.3,30,218.2,60,332610
2026-04-13T11:38:23.085,NF,BANKNIFTY28APR2657500CE,217.75,168.3,217.75,110.85,358.3,563400,172.75,216.7,60,217.7,150,332610
2026-04-13T11:38:24.485,NF,BANKNIFTY28APR2657500CE,217.45,168.3,217.75,110.85,358.3,563430,172.75,216.45,60,217.4,90,332610
2026-04-13T11:38:25.688,NF,BANKNIFTY28APR2657500CE,217.45,168.3,217.75,110.85,358.3,563460,172.75,216.5,60,217.3,60,332610
2026-04-13T11:38:26.889,NF,BANKNIFTY28APR2657500CE,217.25,168.3,217.75,110.85,358.3,563490,172.75,216.35,30,217.25,180,332610
2026-04-13T11:38:29.501,NF,BANKNIFTY28APR2657500CE,217.5,168.3,217.75,110.85,358.3,563670,172.77,216.7,90,217.55,60,332610
2026-04-13T11:38:30.696,NF,BANKNIFTY28APR2657500CE,216.7,168.3,217.75,110.85,358.3,563760,172.78,216.55,30,217.45,90,332610
2026-04-13T11:38:31.898,NF,BANKNIFTY28APR2657500CE,217.35,168.3,217.75,110.85,358.3,563820,172.78,216.65,60,217.35,180,332610
2026-04-13T11:38:33.101,NF,BANKNIFTY28APR2657500CE,217.35,168.3,217.75,110.85,358.3,563850,172.78,216.55,30,217.35,180,332610
2026-04-13T11:38:34.501,NF,BANKNIFTY28APR2657500CE,216.4,168.3,217.75,110.85,358.3,563880,172.79,216.7,30,217.5,30,332610
2026-04-13T11:38:35.704,NF,BANKNIFTY28APR2657500CE,217.6,168.3,217.75,110.85,358.3,563940,172.79,216.85,90,217.55,30,332610
2026-04-13T11:38:36.907,NF,BANKNIFTY28APR2657500CE,217.4,168.3,217.75,110.85,358.3,563970,172.79,216.75,30,217.5,30,332610
2026-04-13T11:38:38.118,NF,BANKNIFTY28APR2657500CE,217.55,168.3,217.75,110.85,358.3,564000,172.8,216.85,90,217.65,30,332610
2026-04-13T11:38:44.322,NF,BANKNIFTY28APR2657500CE,216.75,168.3,217.75,110.85,358.3,564150,172.81,216.05,120,216.85,60,332610
2026-04-13T11:38:45.523,NF,BANKNIFTY28APR2657500CE,216.2,168.3,217.75,110.85,358.3,564180,172.81,215.45,180,216.3,30,332610
2026-04-13T11:38:51.745,NF,BANKNIFTY28APR2657500CE,216.1,168.3,217.75,110.85,358.3,564210,172.81,215.8,30,216.55,30,332610
2026-04-13T11:38:55.536,NF,BANKNIFTY28APR2657500CE,217.5,168.3,217.75,110.85,358.3,564270,172.82,216.85,30,217.5,120,332610
2026-04-13T11:38:59.346,NF,BANKNIFTY28APR2657500CE,217.55,168.3,218.0,110.85,358.3,564480,172.83,217.3,30,218.1,60,332610
2026-04-13T11:39:01.746,NF,BANKNIFTY28APR2657500CE,217.65,168.3,218.0,110.85,358.3,564510,172.84,217.6,30,218.45,60,332610
2026-04-13T11:39:10.357,NF,BANKNIFTY28APR2657500CE,218.25,168.3,218.25,110.85,358.3,564600,172.84,217.65,60,218.55,30,332610
2026-04-13T11:39:15.172,NF,BANKNIFTY28APR2657500CE,218.65,168.3,218.65,110.85,358.3,564630,172.84,218.3,90,219.0,30,332610
2026-04-13T11:39:21.378,NF,BANKNIFTY28APR2657500CE,219.0,168.3,219.0,110.85,358.3,564720,172.85,219.25,90,219.7,900,332610
2026-04-13T11:39:23.785,NF,BANKNIFTY28APR2657500CE,219.1,168.3,219.7,110.85,358.3,564900,172.87,219.15,60,219.7,870,332610
2026-04-13T11:39:25.181,NF,BANKNIFTY28APR2657500CE,219.7,168.3,219.7,110.85,358.3,564960,172.87,219.35,30,219.7,780,332610
2026-04-13T11:39:26.397,NF,BANKNIFTY28APR2657500CE,219.7,168.3,219.7,110.85,358.3,565050,172.88,219.1,60,219.7,690,332610
2026-04-13T11:39:27.601,NF,BANKNIFTY28APR2657500CE,219.1,168.3,219.7,110.85,358.3,565290,172.9,219.1,30,219.65,30,332610
2026-04-13T11:39:31.195,NF,BANKNIFTY28APR2657500CE,220.0,168.3,220.0,110.85,358.3,565950,172.95,219.9,30,220.5,90,332610
2026-04-13T11:39:33.809,NF,BANKNIFTY28APR2657500CE,220.1,168.3,220.15,110.85,358.3,566070,172.96,220.1,30,220.75,30,332610
2026-04-13T11:39:34.997,NF,BANKNIFTY28APR2657500CE,220.0,168.3,220.15,110.85,358.3,566190,172.97,219.9,30,220.65,30,332610
2026-04-13T11:39:36.201,NF,BANKNIFTY28APR2657500CE,219.55,168.3,220.15,110.85,358.3,566220,172.98,219.25,90,220.0,30,332610
2026-04-13T11:39:37.403,NF,BANKNIFTY28APR2657500CE,219.05,168.3,220.15,110.85,358.3,566460,173.0,218.65,210,219.1,30,332610
2026-04-13T11:39:40.006,NF,BANKNIFTY28APR2657500CE,219.0,168.3,220.15,110.85,358.3,566490,173.0,218.35,30,219.1,30,332610
2026-04-13T11:39:41.208,NF,BANKNIFTY28APR2657500CE,219.1,168.3,220.15,110.85,358.3,566520,173.0,218.75,30,219.65,30,332610
2026-04-13T11:39:42.415,NF,BANKNIFTY28APR2657500CE,219.15,168.3,220.15,110.85,358.3,566550,173.0,218.4,90,219.0,30,332610
2026-04-13T11:39:43.811,NF,BANKNIFTY28APR2657500CE,219.15,168.3,220.15,110.85,358.3,566670,173.01,217.5,90,218.45,30,332610
2026-04-13T11:39:45.015,NF,BANKNIFTY28APR2657500CE,218.35,168.3,220.15,110.85,358.3,566700,173.02,217.55,90,218.3,30,332610
2026-04-13T11:39:46.227,NF,BANKNIFTY28APR2657500CE,217.65,168.3,220.15,110.85,358.3,566880,173.03,217.7,150,218.4,30,332610
2026-04-13T11:39:48.819,NF,BANKNIFTY28APR2657500CE,217.55,168.3,220.15,110.85,358.3,566910,173.03,216.75,30,217.8,90,332610
2026-04-13T11:39:50.022,NF,BANKNIFTY28APR2657500CE,217.8,168.3,220.15,110.85,358.3,567120,173.05,216.0,30,216.85,30,332610
2026-04-13T11:39:53.827,NF,BANKNIFTY28APR2657500CE,216.75,168.3,220.15,110.85,358.3,567180,173.05,216.5,30,217.0,30,332610
2026-04-13T11:39:57.444,NF,BANKNIFTY28APR2657500CE,217.45,168.3,220.15,110.85,358.3,567270,173.06,216.9,30,217.8,30,332610
2026-04-13T11:39:58.638,NF,BANKNIFTY28APR2657500CE,217.8,168.3,220.15,110.85,358.3,567300,173.06,217.4,30,218.25,60,332610
2026-04-13T11:40:07.455,NF,BANKNIFTY28APR2657500CE,216.3,168.3,220.15,110.85,358.3,567420,173.07,215.55,30,216.4,120,332610
2026-04-13T11:40:08.657,NF,BANKNIFTY28APR2657500CE,216.4,168.3,220.15,110.85,358.3,567480,173.08,216.25,30,216.95,60,332610
2026-04-13T11:40:31.089,NF,BANKNIFTY28APR2657500CE,218.0,168.3,220.15,110.85,358.3,567510,173.08,217.3,30,218.35,30,332610
2026-04-13T11:40:38.503,NF,BANKNIFTY28APR2657500CE,218.25,168.3,220.15,110.85,358.3,567540,173.08,217.0,60,218.0,120,332610
2026-04-13T11:40:42.302,NF,BANKNIFTY28APR2657500CE,218.0,168.3,220.15,110.85,358.3,568530,173.16,218.0,180,218.9,30,332610
2026-04-13T11:40:44.720,NF,BANKNIFTY28APR2657500CE,218.6,168.3,220.15,110.85,358.3,568590,173.16,217.7,30,218.65,30,332610
2026-04-13T11:40:54.523,NF,BANKNIFTY28APR2657500CE,218.1,168.3,220.15,110.85,358.3,568680,173.17,217.35,30,218.15,60,332610
2026-04-13T11:41:03.333,NF,BANKNIFTY28APR2657500CE,216.8,168.3,220.15,110.85,358.3,568770,173.18,216.2,90,216.95,30,332250
2026-04-13T11:41:09.541,NF,BANKNIFTY28APR2657500CE,216.6,168.3,220.15,110.85,358.3,568800,173.18,216.9,30,217.9,30,332250
2026-04-13T11:41:12.142,NF,BANKNIFTY28APR2657500CE,216.9,168.3,220.15,110.85,358.3,568920,173.19,216.85,60,217.9,30,332250
2026-04-13T11:41:37.984,NF,BANKNIFTY28APR2657500CE,217.95,168.3,220.15,110.85,358.3,568950,173.19,217.05,60,217.9,150,332250
2026-04-13T11:41:49.001,NF,BANKNIFTY28APR2657500CE,218.25,168.3,220.15,110.85,358.3,568980,173.19,217.35,120,218.35,90,332250
2026-04-13T11:41:53.821,NF,BANKNIFTY28APR2657500CE,217.8,168.3,220.15,110.85,358.3,569040,173.2,217.85,30,218.7,30,332250
2026-04-13T11:41:56.414,NF,BANKNIFTY28APR2657500CE,219.0,168.3,220.15,110.85,358.3,569070,173.2,218.25,150,219.35,60,332250
2026-04-13T11:41:57.630,NF,BANKNIFTY28APR2657500CE,218.6,168.3,220.15,110.85,358.3,569130,173.21,217.25,150,218.3,30,332250
2026-04-13T11:42:01.436,NF,BANKNIFTY28APR2657500CE,218.2,168.3,220.15,110.85,358.3,569160,173.21,217.7,30,218.75,30,332250
2026-04-13T11:42:05.030,NF,BANKNIFTY28APR2657500CE,218.95,168.3,220.15,110.85,358.3,569190,173.21,218.05,30,219.0,60,332250
2026-04-13T11:42:07.443,NF,BANKNIFTY28APR2657500CE,218.8,168.3,220.15,110.85,358.3,569220,173.21,218.05,60,219.05,30,332250
2026-04-13T11:42:18.460,NF,BANKNIFTY28APR2657500CE,217.8,168.3,220.15,110.85,358.3,569430,173.23,217.7,30,218.7,60,332250
2026-04-13T11:42:27.060,NF,BANKNIFTY28APR2657500CE,216.25,168.3,220.15,110.85,358.3,569490,173.23,216.1,30,217.05,30,332250
2026-04-13T11:42:31.887,NF,BANKNIFTY28APR2657500CE,217.55,168.3,220.15,110.85,358.3,569520,173.24,216.7,30,217.55,90,332250
2026-04-13T11:42:33.269,NF,BANKNIFTY28APR2657500CE,217.55,168.3,220.15,110.85,358.3,569550,173.24,217.7,60,218.5,30,332250
2026-04-13T11:43:12.536,NF,BANKNIFTY28APR2657500CE,217.6,168.3,220.15,110.85,358.3,569580,173.24,216.95,30,218.0,30,332250
2026-04-13T11:43:23.554,NF,BANKNIFTY28APR2657500CE,221.4,168.3,221.6,110.85,358.3,573480,173.56,220.55,30,221.55,30,332250
2026-04-13T11:43:24.758,NF,BANKNIFTY28APR2657500CE,220.7,168.3,221.6,110.85,358.3,573510,173.56,220.6,60,221.55,30,332250
2026-04-13T11:43:25.970,NF,BANKNIFTY28APR2657500CE,220.5,168.3,221.6,110.85,358.3,573690,173.57,220.55,60,221.55,30,332250
2026-04-13T11:43:28.562,NF,BANKNIFTY28APR2657500CE,221.05,168.3,221.6,110.85,358.3,573840,173.59,220.05,90,221.1,60,332250
2026-04-13T11:43:30.965,NF,BANKNIFTY28APR2657500CE,220.6,168.3,221.6,110.85,358.3,573870,173.59,219.7,30,220.6,30,332250
2026-04-13T11:43:32.169,NF,BANKNIFTY28APR2657500CE,220.7,168.3,221.6,110.85,358.3,573960,173.6,220.05,180,220.9,60,332250
2026-04-13T11:43:37.172,NF,BANKNIFTY28APR2657500CE,220.7,168.3,221.6,110.85,358.3,573990,173.6,219.8,30,220.8,120,332250
2026-04-13T11:43:39.178,NF,BANKNIFTY28APR2657500CE,220.7,168.3,221.6,110.85,358.3,574020,173.6,220.05,120,220.8,90,332250
2026-04-13T11:43:42.985,NF,BANKNIFTY28APR2657500CE,220.7,168.3,221.6,110.85,358.3,574080,173.61,220.1,60,220.8,60,332250
2026-04-13T11:43:45.396,NF,BANKNIFTY28APR2657500CE,220.8,168.3,221.6,110.85,358.3,574260,173.62,220.25,30,220.8,30,332250
2026-04-13T11:43:51.599,NF,BANKNIFTY28APR2657500CE,220.85,168.3,221.6,110.85,358.3,574410,173.63,220.2,60,221.35,30,332250
2026-04-13T11:43:55.401,NF,BANKNIFTY28APR2657500CE,220.8,168.3,221.6,110.85,358.3,574440,173.64,220.15,30,221.05,60,332250
2026-04-13T11:44:02.813,NF,BANKNIFTY28APR2657500CE,220.0,168.3,221.6,110.85,358.3,574470,173.64,219.25,30,220.15,60,334320
2026-04-13T11:44:04.028,NF,BANKNIFTY28APR2657500CE,220.2,168.3,221.6,110.85,358.3,574530,173.64,219.5,30,220.6,150,334320
2026-04-13T11:44:09.023,NF,BANKNIFTY28APR2657500CE,220.2,168.3,221.6,110.85,358.3,574560,173.64,219.6,150,220.3,60,334320
2026-04-13T11:44:17.650,NF,BANKNIFTY28APR2657500CE,220.25,168.3,221.6,110.85,358.3,574680,173.65,219.35,60,220.25,60,334320
2026-04-13T11:44:18.843,NF,BANKNIFTY28APR2657500CE,219.35,168.3,221.6,110.85,358.3,574710,173.66,219.15,60,220.05,120,334320
2026-04-13T11:44:28.851,NF,BANKNIFTY28APR2657500CE,218.7,168.3,221.6,110.85,358.3,574740,173.66,218.5,30,219.45,60,334320
2026-04-13T11:44:35.075,NF,BANKNIFTY28APR2657500CE,219.05,168.3,221.6,110.85,358.3,574770,173.66,218.5,30,219.5,30,334320
2026-04-13T11:44:38.875,NF,BANKNIFTY28APR2657500CE,219.0,168.3,221.6,110.85,358.3,574800,173.66,218.55,30,219.45,60,334320
2026-04-13T11:44:39.871,NF,BANKNIFTY28APR2657500CE,219.0,168.3,221.6,110.85,358.3,574830,173.67,218.75,30,219.5,60,334320
2026-04-13T11:44:42.480,NF,BANKNIFTY28APR2657500CE,219.0,168.3,221.6,110.85,358.3,574860,173.67,218.6,60,219.5,60,334320
2026-04-13T11:44:43.676,NF,BANKNIFTY28APR2657500CE,219.0,168.3,221.6,110.85,358.3,574890,173.67,219.35,30,220.0,60,334320
2026-04-13T11:44:44.876,NF,BANKNIFTY28APR2657500CE,219.3,168.3,221.6,110.85,358.3,574920,173.67,219.15,120,219.95,60,334320
2026-04-13T11:44:47.287,NF,BANKNIFTY28APR2657500CE,220.0,168.3,221.6,110.85,358.3,575010,173.68,219.95,30,220.8,60,334320
2026-04-13T11:44:49.689,NF,BANKNIFTY28APR2657500CE,220.0,168.3,221.6,110.85,358.3,575040,173.68,219.9,30,220.8,120,334320
2026-04-13T11:44:52.092,NF,BANKNIFTY28APR2657500CE,219.15,168.3,221.6,110.85,358.3,575070,173.69,219.15,30,219.95,60,334320
2026-04-13T11:44:58.299,NF,BANKNIFTY28APR2657500CE,219.5,168.3,221.6,110.85,358.3,575100,173.69,219.55,30,220.0,60,334320
2026-04-13T11:44:59.502,NF,BANKNIFTY28APR2657500CE,220.0,168.3,221.6,110.85,358.3,575130,173.69,219.6,30,220.4,60,334320
2026-04-13T11:45:14.324,NF,BANKNIFTY28APR2657500CE,220.0,168.3,221.6,110.85,358.3,575430,173.71,220.05,210,220.9,60,334320
2026-04-13T11:45:29.357,NF,BANKNIFTY28APR2657500CE,221.8,168.3,221.8,110.85,358.3,575580,173.73,220.65,60,221.7,30,334320
2026-04-13T11:45:35.572,NF,BANKNIFTY28APR2657500CE,221.95,168.3,221.95,110.85,358.3,575640,173.73,220.95,30,222.0,30,334320
2026-04-13T11:45:40.370,NF,BANKNIFTY28APR2657500CE,222.45,168.3,222.45,110.85,358.3,575850,173.75,221.45,30,222.35,120,334320
2026-04-13T11:45:44.173,NF,BANKNIFTY28APR2657500CE,222.4,168.3,222.45,110.85,358.3,575880,173.75,221.55,30,222.4,60,334320
2026-04-13T11:45:49.181,NF,BANKNIFTY28APR2657500CE,221.75,168.3,222.45,110.85,358.3,575940,173.76,221.75,60,222.45,120,334320
2026-04-13T11:45:51.590,NF,BANKNIFTY28APR2657500CE,222.45,168.3,222.45,110.85,358.3,576060,173.77,222.75,60,223.3,30,334320
2026-04-13T11:45:52.987,NF,BANKNIFTY28APR2657500CE,222.7,168.3,222.7,110.85,358.3,576090,173.77,222.55,30,223.3,30,334320
2026-04-13T11:45:54.195,NF,BANKNIFTY28APR2657500CE,223.35,168.3,223.35,110.85,358.3,576120,173.77,223.5,30,224.35,30,334320
2026-04-13T11:46:00.417,NF,BANKNIFTY28APR2657500CE,225.1,168.3,225.35,110.85,358.3,576390,173.8,225.05,30,226.1,60,334320
2026-04-13T11:46:01.647,NF,BANKNIFTY28APR2657500CE,225.45,168.3,226.0,110.85,358.3,576660,173.82,225.45,30,226.2,30,334320
2026-04-13T11:46:04.223,NF,BANKNIFTY28APR2657500CE,224.3,168.3,226.0,110.85,358.3,576690,173.82,224.15,30,225.0,30,334320
2026-04-13T11:46:06.612,NF,BANKNIFTY28APR2657500CE,224.3,168.3,226.0,110.85,358.3,576750,173.83,223.4,30,224.3,30,334320
2026-04-13T11:46:07.816,NF,BANKNIFTY28APR2657500CE,224.1,168.3,226.0,110.85,358.3,576810,173.83,223.25,30,224.25,30,334320
2026-04-13T11:46:10.419,NF,BANKNIFTY28APR2657500CE,223.2,168.3,226.0,110.85,358.3,576840,173.84,222.85,180,223.7,60,334320
2026-04-13T11:46:11.631,NF,BANKNIFTY28APR2657500CE,223.3,168.3,226.0,110.85,358.3,576870,173.84,222.55,60,223.6,150,334320
2026-04-13T11:46:14.045,NF,BANKNIFTY28APR2657500CE,223.45,168.3,226.0,110.85,358.3,576900,173.84,222.6,30,223.55,30,334320
2026-04-13T11:46:15.426,NF,BANKNIFTY28APR2657500CE,223.6,168.3,226.0,110.85,358.3,576930,173.84,222.9,30,223.8,30,334320
2026-04-13T11:46:16.630,NF,BANKNIFTY28APR2657500CE,223.55,168.3,226.0,110.85,358.3,576990,173.85,223.45,30,224.4,30,334320
2026-04-13T11:46:17.834,NF,BANKNIFTY28APR2657500CE,224.0,168.3,226.0,110.85,358.3,577020,173.85,223.45,30,224.25,30,334320
2026-04-13T11:46:20.240,NF,BANKNIFTY28APR2657500CE,224.15,168.3,226.0,110.85,358.3,577050,173.85,223.2,30,224.05,30,334320
2026-04-13T11:46:25.247,NF,BANKNIFTY28APR2657500CE,224.5,168.3,226.0,110.85,358.3,577080,173.86,223.5,30,224.45,60,334320
2026-04-13T11:46:28.858,NF,BANKNIFTY28APR2657500CE,224.15,168.3,226.0,110.85,358.3,577140,173.86,222.85,30,223.9,60,334320
2026-04-13T11:47:04.105,NF,BANKNIFTY28APR2657500CE,223.75,168.3,226.0,110.85,358.3,577170,173.87,223.75,30,224.6,60,334320
2026-04-13T11:47:11.515,NF,BANKNIFTY28APR2657500CE,224.75,168.3,226.0,110.85,358.3,577200,173.87,223.9,30,224.75,210,334650
2026-04-13T11:47:12.726,NF,BANKNIFTY28APR2657500CE,224.55,168.3,226.0,110.85,358.3,577290,173.88,223.45,60,224.45,90,334650
2026-04-13T11:47:21.132,NF,BANKNIFTY28APR2657500CE,223.65,168.3,226.0,110.85,358.3,577350,173.88,223.65,60,224.55,60,334650
2026-04-13T11:47:22.341,NF,BANKNIFTY28APR2657500CE,223.75,168.3,226.0,110.85,358.3,577380,173.88,223.65,30,224.6,60,334650
2026-04-13T11:47:25.938,NF,BANKNIFTY28APR2657500CE,225.0,168.3,226.0,110.85,358.3,577410,173.89,225.4,30,226.2,90,334650
2026-04-13T11:47:27.140,NF,BANKNIFTY28APR2657500CE,225.4,168.3,226.0,110.85,358.3,577440,173.89,225.3,30,226.15,90,334650
2026-04-13T11:47:28.346,NF,BANKNIFTY28APR2657500CE,224.95,168.3,226.0,110.85,358.3,577590,173.9,224.9,60,225.85,60,334650
2026-04-13T11:47:30.945,NF,BANKNIFTY28APR2657500CE,224.7,168.3,226.0,110.85,358.3,577620,173.9,225.05,30,225.9,30,334650
2026-04-13T11:47:32.149,NF,BANKNIFTY28APR2657500CE,225.2,168.3,226.0,110.85,358.3,577650,173.91,225.05,60,226.0,60,334650
2026-04-13T11:47:37.154,NF,BANKNIFTY28APR2657500CE,225.25,168.3,226.0,110.85,358.3,577710,173.91,225.25,300,226.15,60,334650
2026-04-13T11:47:39.562,NF,BANKNIFTY28APR2657500CE,226.1,168.3,226.1,110.85,358.3,577770,173.92,225.45,60,226.4,60,334650
2026-04-13T11:47:43.166,NF,BANKNIFTY28APR2657500CE,225.8,168.3,226.1,110.85,358.3,577890,173.93,225.85,30,226.8,30,334650
2026-04-13T11:47:45.570,NF,BANKNIFTY28APR2657500CE,226.25,168.3,226.25,110.85,358.3,577920,173.93,225.95,60,226.8,30,334650
2026-04-13T11:47:51.780,NF,BANKNIFTY28APR2657500CE,227.05,168.3,227.05,110.85,358.3,577950,173.93,226.75,120,227.8,30,334650
2026-04-13T11:47:56.791,NF,BANKNIFTY28APR2657500CE,228.65,168.3,228.65,110.85,358.3,578040,173.94,227.6,30,228.55,30,334650
2026-04-13T11:48:00.392,NF,BANKNIFTY28APR2657500CE,228.3,168.3,228.65,110.85,358.3,578070,173.95,227.65,30,228.6,30,334650
2026-04-13T11:48:01.791,NF,BANKNIFTY28APR2657500CE,228.3,168.3,228.65,110.85,358.3,578220,173.96,227.8,60,228.9,30,334650
2026-04-13T11:48:02.995,NF,BANKNIFTY28APR2657500CE,228.9,168.3,229.0,110.85,358.3,578670,174.0,228.65,60,229.7,30,334650
2026-04-13T11:48:05.400,NF,BANKNIFTY28APR2657500CE,229.35,168.3,229.95,110.85,358.3,578820,174.02,229.2,30,229.95,30,334650
2026-04-13T11:48:06.800,NF,BANKNIFTY28APR2657500CE,233.4,168.3,233.4,110.85,358.3,580080,174.14,232.4,30,233.2,30,334650
2026-04-13T11:48:08.002,NF,BANKNIFTY28APR2657500CE,233.95,168.3,234.1,110.85,358.3,581190,174.26,233.65,30,234.75,60,334650
2026-04-13T11:48:09.222,NF,BANKNIFTY28APR2657500CE,233.85,168.3,234.75,110.85,358.3,581310,174.27,234.05,30,234.9,30,334650
2026-04-13T11:48:10.414,NF,BANKNIFTY28APR2657500CE,235.5,168.3,235.5,110.85,358.3,581370,174.28,235.05,30,235.75,30,334650
2026-04-13T11:48:11.811,NF,BANKNIFTY28APR2657500CE,235.35,168.3,235.5,110.85,358.3,581460,174.29,235.1,30,236.15,30,334650
2026-04-13T11:48:14.212,NF,BANKNIFTY28APR2657500CE,234.7,168.3,235.5,110.85,358.3,581790,174.32,234.4,30,235.3,30,334650
2026-04-13T11:48:15.415,NF,BANKNIFTY28APR2657500CE,235.0,168.3,235.5,110.85,358.3,581940,174.34,234.1,60,234.95,30,334650
2026-04-13T11:48:16.832,NF,BANKNIFTY28APR2657500CE,234.9,168.3,235.5,110.85,358.3,582060,174.35,234.1,30,234.95,30,334650
2026-04-13T11:48:18.016,NF,BANKNIFTY28APR2657500CE,235.05,168.3,235.5,110.85,358.3,582120,174.35,234.4,30,235.5,30,334650
2026-04-13T11:48:19.221,NF,BANKNIFTY28APR2657500CE,234.05,168.3,235.5,110.85,358.3,582420,174.38,234.3,90,235.35,30,334650
2026-04-13T11:48:20.422,NF,BANKNIFTY28APR2657500CE,236.15,168.3,236.15,110.85,358.3,582570,174.4,235.35,30,236.45,30,334650
2026-04-13T11:48:24.225,NF,BANKNIFTY28APR2657500CE,235.15,168.3,236.15,110.85,358.3,582690,174.41,234.25,120,235.3,30,334650
2026-04-13T11:48:25.429,NF,BANKNIFTY28APR2657500CE,235.25,168.3,236.15,110.85,358.3,582750,174.42,234.1,60,234.9,30,334650
2026-04-13T11:48:26.664,NF,BANKNIFTY28APR2657500CE,234.65,168.3,236.15,110.85,358.3,582870,174.43,233.85,60,234.75,30,334650
2026-04-13T11:48:27.841,NF,BANKNIFTY28APR2657500CE,234.45,168.3,236.15,110.85,358.3,582990,174.44,235.05,60,235.9,60,334650
2026-04-13T11:48:30.239,NF,BANKNIFTY28APR2657500CE,234.95,168.3,236.15,110.85,358.3,583050,174.45,234.65,30,235.3,30,334650
2026-04-13T11:48:31.638,NF,BANKNIFTY28APR2657500CE,234.45,168.3,236.15,110.85,358.3,583380,174.48,234.4,30,235.3,30,334650
2026-04-13T11:48:34.042,NF,BANKNIFTY28APR2657500CE,235.4,168.3,236.15,110.85,358.3,583410,174.49,234.4,120,235.3,30,334650
2026-04-13T11:48:35.242,NF,BANKNIFTY28APR2657500CE,236.5,168.3,236.5,110.85,358.3,583440,174.49,235.55,60,236.5,90,334650
2026-04-13T11:48:38.447,NF,BANKNIFTY28APR2657500CE,237.35,168.3,237.4,110.85,358.3,583560,174.5,236.1,90,237.1,60,334650
2026-04-13T11:48:42.263,NF,BANKNIFTY28APR2657500CE,236.05,168.3,237.4,110.85,358.3,583800,174.53,235.6,60,236.4,30,334650
2026-04-13T11:48:45.864,NF,BANKNIFTY28APR2657500CE,236.2,168.3,237.4,110.85,358.3,583860,174.54,236.05,60,236.8,90,334650
2026-04-13T11:48:47.070,NF,BANKNIFTY28APR2657500CE,235.65,168.3,237.4,110.85,358.3,583920,174.54,235.65,30,236.6,30,334650
2026-04-13T11:48:49.664,NF,BANKNIFTY28APR2657500CE,235.9,168.3,237.4,110.85,358.3,584040,174.55,235.1,30,235.95,210,334650
2026-04-13T11:48:50.866,NF,BANKNIFTY28APR2657500CE,235.9,168.3,237.4,110.85,358.3,584160,174.57,234.4,30,235.5,30,334650
2026-04-13T11:48:52.071,NF,BANKNIFTY28APR2657500CE,234.6,168.3,237.4,110.85,358.3,584310,174.58,233.35,30,234.25,60,334650
2026-04-13T11:48:53.271,NF,BANKNIFTY28APR2657500CE,234.0,168.3,237.4,110.85,358.3,584430,174.59,233.35,30,234.25,30,334650
2026-04-13T11:48:54.470,NF,BANKNIFTY28APR2657500CE,234.15,168.3,237.4,110.85,358.3,584490,174.6,233.4,30,234.4,30,334650
2026-04-13T11:48:55.678,NF,BANKNIFTY28APR2657500CE,233.4,168.3,237.4,110.85,358.3,584520,174.6,233.65,30,234.75,30,334650
2026-04-13T11:48:56.875,NF,BANKNIFTY28APR2657500CE,234.8,168.3,237.4,110.85,358.3,584580,174.61,233.05,30,234.05,30,334650
2026-04-13T11:48:59.279,NF,BANKNIFTY28APR2657500CE,233.0,168.3,237.4,110.85,358.3,584610,174.61,232.45,30,233.55,60,334650
2026-04-13T11:49:01.992,NF,BANKNIFTY28APR2657500CE,232.3,168.3,237.4,110.85,358.3,584910,174.64,232.3,30,233.25,30,334650
2026-04-13T11:49:04.298,NF,BANKNIFTY28APR2657500CE,232.85,168.3,237.4,110.85,358.3,584970,174.65,232.85,60,234.0,30,334650
2026-04-13T11:49:05.494,NF,BANKNIFTY28APR2657500CE,233.95,168.3,237.4,110.85,358.3,585030,174.65,232.7,30,233.7,60,334650
2026-04-13T11:49:08.093,NF,BANKNIFTY28APR2657500CE,233.8,168.3,237.4,110.85,358.3,585090,174.66,232.35,30,233.4,30,334650
2026-04-13T11:49:14.300,NF,BANKNIFTY28APR2657500CE,234.7,168.3,237.4,110.85,358.3,585270,174.68,234.15,30,235.2,60,334650
2026-04-13T11:49:17.907,NF,BANKNIFTY28APR2657500CE,234.0,168.3,237.4,110.85,358.3,585300,174.68,234.1,90,235.15,30,334650
2026-04-13T11:49:21.521,NF,BANKNIFTY28APR2657500CE,234.1,168.3,237.4,110.85,358.3,585330,174.69,234.3,30,235.25,30,334650
2026-04-13T11:49:22.732,NF,BANKNIFTY28APR2657500CE,235.3,168.3,237.4,110.85,358.3,585360,174.69,234.5,30,235.55,60,334650
2026-04-13T11:49:23.918,NF,BANKNIFTY28APR2657500CE,236.5,168.3,237.4,110.85,358.3,585390,174.69,235.5,30,236.45,30,334650
2026-04-13T11:49:32.333,NF,BANKNIFTY28APR2657500CE,235.4,168.3,237.4,110.85,358.3,585570,174.71,234.3,30,235.15,30,334650
2026-04-13T11:49:34.737,NF,BANKNIFTY28APR2657500CE,234.7,168.3,237.4,110.85,358.3,585600,174.71,233.75,30,234.7,90,334650
2026-04-13T11:49:36.155,NF,BANKNIFTY28APR2657500CE,232.95,168.3,237.4,110.85,358.3,585660,174.72,232.95,30,233.9,60,334650
2026-04-13T11:49:42.171,NF,BANKNIFTY28APR2657500CE,233.25,168.3,237.4,110.85,358.3,585720,174.73,233.05,30,234.05,30,334650
2026-04-13T11:49:45.755,NF,BANKNIFTY28APR2657500CE,234.55,168.3,237.4,110.85,358.3,585750,174.73,233.5,30,234.6,30,334650
2026-04-13T11:49:49.563,NF,BANKNIFTY28APR2657500CE,234.95,168.3,237.4,110.85,358.3,585780,174.73,234.8,30,235.8,150,334650
2026-04-13T11:49:50.774,NF,BANKNIFTY28APR2657500CE,235.8,168.3,237.4,110.85,358.3,585810,174.73,235.35,30,236.4,60,334650
2026-04-13T11:49:51.962,NF,BANKNIFTY28APR2657500CE,235.95,168.3,237.4,110.85,358.3,585870,174.74,235.4,30,236.4,60,334650
2026-04-13T11:49:53.169,NF,BANKNIFTY28APR2657500CE,235.7,168.3,237.4,110.85,358.3,586080,174.76,236.35,30,237.5,30,334650
2026-04-13T11:49:54.371,NF,BANKNIFTY28APR2657500CE,236.4,168.3,237.4,110.85,358.3,586200,174.78,235.95,90,236.95,60,334650
2026-04-13T11:49:55.570,NF,BANKNIFTY28APR2657500CE,236.25,168.3,237.4,110.85,358.3,586260,174.78,235.9,30,237.0,30,334650
2026-04-13T11:49:57.977,NF,BANKNIFTY28APR2657500CE,236.15,168.3,237.4,110.85,358.3,586500,174.81,236.25,120,237.15,60,334650
2026-04-13T11:49:59.175,NF,BANKNIFTY28APR2657500CE,237.65,168.3,237.65,110.85,358.3,586710,174.83,237.35,30,238.0,30,334650
2026-04-13T11:50:00.400,NF,BANKNIFTY28APR2657500CE,239.35,168.3,240.3,110.85,358.3,587370,174.9,238.7,30,239.8,30,335640
2026-04-13T11:50:01.828,NF,BANKNIFTY28APR2657500CE,238.55,168.3,240.3,110.85,358.3,588420,175.02,238.5,120,239.45,60,335640
2026-04-13T11:50:02.980,NF,BANKNIFTY28APR2657500CE,238.55,168.3,240.3,110.85,358.3,588810,175.06,238.1,30,238.95,30,335640
2026-04-13T11:50:04.186,NF,BANKNIFTY28APR2657500CE,238.05,168.3,240.3,110.85,358.3,589380,175.12,236.75,30,237.7,60,335640
2026-04-13T11:50:05.387,NF,BANKNIFTY28APR2657500CE,238.75,168.3,240.3,110.85,358.3,589950,175.18,236.8,60,237.8,90,335640
2026-04-13T11:50:06.786,NF,BANKNIFTY28APR2657500CE,236.85,168.3,240.3,110.85,358.3,590100,175.2,236.85,30,237.75,150,335640
2026-04-13T11:50:09.198,NF,BANKNIFTY28APR2657500CE,239.4,168.3,240.3,110.85,358.3,590580,175.25,238.4,30,239.5,90,335640
2026-04-13T11:50:11.595,NF,BANKNIFTY28APR2657500CE,239.25,168.3,240.3,110.85,358.3,590820,175.27,238.7,30,239.8,60,335640
2026-04-13T11:50:12.997,NF,BANKNIFTY28APR2657500CE,239.3,168.3,240.3,110.85,358.3,591420,175.34,239.3,330,240.0,150,335640
2026-04-13T11:50:15.400,NF,BANKNIFTY28APR2657500CE,240.0,168.3,240.3,110.85,358.3,591450,175.34,239.75,30,240.8,90,335640
2026-04-13T11:50:16.612,NF,BANKNIFTY28APR2657500CE,242.45,168.3,242.75,110.85,358.3,591840,175.39,242.25,30,243.35,30,335640
2026-04-13T11:50:17.805,NF,BANKNIFTY28APR2657500CE,242.8,168.3,242.8,110.85,358.3,592020,175.41,242.25,120,243.25,30,335640
2026-04-13T11:50:19.204,NF,BANKNIFTY28APR2657500CE,242.45,168.3,243.0,110.85,358.3,592890,175.5,240.9,30,242.1,90,335640
2026-04-13T11:50:20.418,NF,BANKNIFTY28APR2657500CE,242.1,168.3,243.0,110.85,358.3,593010,175.52,241.05,30,242.0,60,335640
2026-04-13T11:50:21.611,NF,BANKNIFTY28APR2657500CE,241.9,168.3,243.0,110.85,358.3,593040,175.52,240.8,120,241.95,60,335640
2026-04-13T11:50:22.822,NF,BANKNIFTY28APR2657500CE,241.95,168.3,243.0,110.85,358.3,593100,175.53,239.35,60,240.4,30,335640
2026-04-13T11:50:24.213,NF,BANKNIFTY28APR2657500CE,239.75,168.3,243.0,110.85,358.3,593160,175.53,238.9,30,240.0,60,335640
2026-04-13T11:50:27.822,NF,BANKNIFTY28APR2657500CE,240.7,168.3,243.0,110.85,358.3,593190,175.54,240.45,30,241.5,60,335640
2026-04-13T11:50:29.021,NF,BANKNIFTY28APR2657500CE,241.8,168.3,243.0,110.85,358.3,593550,175.58,240.7,30,241.5,30,335640
2026-04-13T11:50:30.420,NF,BANKNIFTY28APR2657500CE,240.95,168.3,243.0,110.85,358.3,593760,175.6,240.35,30,241.45,30,335640
2026-04-13T11:50:32.828,NF,BANKNIFTY28APR2657500CE,241.8,168.3,243.0,110.85,358.3,594210,175.65,241.0,60,242.0,90,335640
2026-04-13T11:50:34.030,NF,BANKNIFTY28APR2657500CE,242.0,168.3,243.0,110.85,358.3,594270,175.66,241.7,30,242.8,150,335640
2026-04-13T11:50:35.440,NF,BANKNIFTY28APR2657500CE,242.65,168.3,243.0,110.85,358.3,594300,175.66,242.75,30,243.8,30,335640
2026-04-13T11:50:39.035,NF,BANKNIFTY28APR2657500CE,242.8,168.3,243.0,110.85,358.3,594330,175.66,242.55,30,243.55,120,335640
2026-04-13T11:50:41.445,NF,BANKNIFTY28APR2657500CE,241.9,168.3,243.25,110.85,358.3,594420,175.67,241.8,90,242.75,30,335640
2026-04-13T11:50:42.839,NF,BANKNIFTY28APR2657500CE,242.0,168.3,243.25,110.85,358.3,594480,175.68,242.0,120,242.45,180,335640
2026-04-13T11:50:44.042,NF,BANKNIFTY28APR2657500CE,240.95,168.3,243.25,110.85,358.3,594810,175.72,240.7,990,241.4,30,335640
2026-04-13T11:50:45.246,NF,BANKNIFTY28APR2657500CE,240.7,168.3,243.25,110.85,358.3,595020,175.74,240.7,810,240.85,90,335640
2026-04-13T11:50:46.447,NF,BANKNIFTY28APR2657500CE,241.85,168.3,243.25,110.85,358.3,595050,175.74,241.25,30,241.95,60,335640
2026-04-13T11:50:47.852,NF,BANKNIFTY28APR2657500CE,242.2,168.3,243.25,110.85,358.3,595080,175.75,241.15,90,242.0,90,335640
2026-04-13T11:50:49.049,NF,BANKNIFTY28APR2657500CE,242.5,168.3,243.25,110.85,358.3,595140,175.75,242.2,30,243.0,60,335640
2026-04-13T11:50:52.660,NF,BANKNIFTY28APR2657500CE,242.5,168.3,243.25,110.85,358.3,595200,175.76,242.05,30,242.95,120,335640
2026-04-13T11:50:55.259,NF,BANKNIFTY28APR2657500CE,242.1,168.3,243.25,110.85,358.3,595230,175.76,242.05,30,242.75,150,335640
2026-04-13T11:50:56.470,NF,BANKNIFTY28APR2657500CE,242.5,168.3,243.25,110.85,358.3,595260,175.77,242.75,30,243.5,90,335640
2026-04-13T11:50:57.669,NF,BANKNIFTY28APR2657500CE,243.5,168.3,243.5,110.85,358.3,595290,175.77,243.1,90,244.0,150,335640
2026-04-13T11:51:00.266,NF,BANKNIFTY28APR2657500CE,244.75,168.3,245.0,110.85,358.3,595950,175.85,244.8,30,245.7,360,335640
2026-04-13T11:51:01.478,NF,BANKNIFTY28APR2657500CE,245.0,168.3,245.0,110.85,358.3,596760,175.94,244.35,90,245.4,30,335640
2026-04-13T11:51:02.902,NF,BANKNIFTY28APR2657500CE,244.75,168.3,245.0,110.85,358.3,596790,175.94,244.5,90,245.35,90,335640
2026-04-13T11:51:05.082,NF,BANKNIFTY28APR2657500CE,244.95,168.3,245.0,110.85,358.3,596820,175.95,244.25,60,245.3,120,335640
2026-04-13T11:51:06.473,NF,BANKNIFTY28APR2657500CE,244.4,168.3,245.0,110.85,358.3,596880,175.95,243.75,30,244.85,60,335640
2026-04-13T11:51:07.676,NF,BANKNIFTY28APR2657500CE,244.7,168.3,245.0,110.85,358.3,596910,175.96,244.75,30,245.45,120,335640
2026-04-13T11:51:08.889,NF,BANKNIFTY28APR2657500CE,244.75,168.3,245.45,110.85,358.3,597000,175.97,244.4,30,245.3,60,335640
2026-04-13T11:51:12.684,NF,BANKNIFTY28APR2657500CE,245.5,168.3,245.7,110.85,358.3,597390,176.01,245.25,30,246.15,120,335640
2026-04-13T11:51:13.886,NF,BANKNIFTY28APR2657500CE,244.75,168.3,245.7,110.85,358.3,597420,176.02,244.5,120,245.4,60,335640
2026-04-13T11:51:15.107,NF,BANKNIFTY28APR2657500CE,245.0,168.3,245.7,110.85,358.3,597480,176.02,245.3,30,246.3,120,335640
2026-04-13T11:51:17.691,NF,BANKNIFTY28APR2657500CE,245.7,168.3,246.25,110.85,358.3,597570,176.03,244.8,120,245.8,60,335640
2026-04-13T11:51:21.302,NF,BANKNIFTY28APR2657500CE,245.7,168.3,246.25,110.85,358.3,597630,176.04,245.05,30,246.0,30,335640
2026-04-13T11:51:22.707,NF,BANKNIFTY28APR2657500CE,245.8,168.3,246.25,110.85,358.3,597840,176.06,245.05,30,245.85,30,335640
2026-04-13T11:51:23.899,NF,BANKNIFTY28APR2657500CE,245.0,168.3,246.25,110.85,358.3,597870,176.07,244.75,30,245.45,60,335640
2026-04-13T11:51:25.103,NF,BANKNIFTY28APR2657500CE,245.35,168.3,246.25,110.85,358.3,597900,176.07,244.8,30,245.5,120,335640
2026-04-13T11:51:28.909,NF,BANKNIFTY28APR2657500CE,244.85,168.3,246.25,110.85,358.3,597930,176.08,244.8,120,245.8,30,335640
2026-04-13T11:51:31.327,NF,BANKNIFTY28APR2657500CE,244.8,168.3,246.25,110.85,358.3,598350,176.12,245.0,30,245.75,60,335640
2026-04-13T11:51:32.512,NF,BANKNIFTY28APR2657500CE,245.8,168.3,246.25,110.85,358.3,598380,176.13,245.0,60,245.75,30,335640
2026-04-13T11:51:35.116,NF,BANKNIFTY28APR2657500CE,244.75,168.3,246.25,110.85,358.3,598560,176.15,246.15,60,247.35,120,335640
2026-04-13T11:51:36.326,NF,BANKNIFTY28APR2657500CE,245.75,168.3,246.25,110.85,358.3,598830,176.18,245.95,60,247.15,90,335640
2026-04-13T11:51:37.523,NF,BANKNIFTY28APR2657500CE,247.45,168.3,247.45,110.85,358.3,598890,176.19,246.5,60,247.55,90,335640
2026-04-13T11:51:40.126,NF,BANKNIFTY28APR2657500CE,245.5,168.3,247.45,110.85,358.3,599010,176.2,245.6,30,246.7,30,335640
2026-04-13T11:51:42.539,NF,BANKNIFTY28APR2657500CE,247.0,168.3,247.45,110.85,358.3,599160,176.22,245.9,90,246.95,30,335640
2026-04-13T11:51:43.731,NF,BANKNIFTY28APR2657500CE,245.3,168.3,247.45,110.85,358.3,599220,176.23,245.25,60,246.25,30,335640
2026-04-13T11:51:44.936,NF,BANKNIFTY28APR2657500CE,246.65,168.3,247.45,110.85,358.3,599250,176.23,246.25,60,247.3,30,335640
2026-04-13T11:51:47.537,NF,BANKNIFTY28APR2657500CE,246.4,168.3,247.45,110.85,358.3,599280,176.23,246.2,120,247.35,60,335640
2026-04-13T11:51:48.745,NF,BANKNIFTY28APR2657500CE,248.75,168.3,248.75,110.85,358.3,599490,176.26,247.65,60,248.75,120,335640
2026-04-13T11:51:49.943,NF,BANKNIFTY28APR2657500CE,246.45,168.3,248.75,110.85,358.3,599610,176.27,246.5,30,247.55,30,335640
2026-04-13T11:51:51.153,NF,BANKNIFTY28APR2657500CE,248.0,168.3,248.75,110.85,358.3,599700,176.28,247.2,30,248.05,30,335640
2026-04-13T11:51:52.384,NF,BANKNIFTY28APR2657500CE,248.0,168.3,248.75,110.85,358.3,599730,176.29,247.25,30,248.05,60,335640
2026-04-13T11:51:53.559,NF,BANKNIFTY28APR2657500CE,247.9,168.3,248.75,110.85,358.3,599790,176.29,248.6,60,249.75,90,335640
2026-04-13T11:51:54.957,NF,BANKNIFTY28APR2657500CE,248.15,168.3,248.75,110.85,358.3,599820,176.3,248.25,60,249.3,90,335640
2026-04-13T11:51:56.159,NF,BANKNIFTY28APR2657500CE,248.85,168.3,248.85,110.85,358.3,599850,176.3,247.6,30,248.7,90,335640
2026-04-13T11:51:57.358,NF,BANKNIFTY28APR2657500CE,248.55,168.3,248.85,110.85,358.3,599880,176.3,247.9,30,248.65,60,335640
2026-04-13T11:52:00.764,NF,BANKNIFTY28APR2657500CE,248.0,168.3,248.85,110.85,358.3,599940,176.31,248.0,30,248.5,60,335640
2026-04-13T11:52:01.963,NF,BANKNIFTY28APR2657500CE,247.85,168.3,248.85,110.85,358.3,600150,176.34,246.7,90,247.8,30,335640
2026-04-13T11:52:04.369,NF,BANKNIFTY28APR2657500CE,247.95,168.3,248.85,110.85,358.3,600360,176.36,247.3,120,248.4,60,335640
2026-04-13T11:52:07.976,NF,BANKNIFTY28APR2657500CE,247.8,168.3,248.85,110.85,358.3,600390,176.37,247.0,90,247.9,30,335640
2026-04-13T11:52:12.786,NF,BANKNIFTY28APR2657500CE,246.65,168.3,248.85,110.85,358.3,600420,176.37,246.05,60,246.9,30,335640
2026-04-13T11:52:16.386,NF,BANKNIFTY28APR2657500CE,245.7,168.3,248.85,110.85,358.3,600570,176.39,245.6,120,246.7,30,335640
2026-04-13T11:52:17.587,NF,BANKNIFTY28APR2657500CE,246.45,168.3,248.85,110.85,358.3,600600,176.39,245.5,90,246.55,60,335640
2026-04-13T11:52:19.802,NF,BANKNIFTY28APR2657500CE,245.35,168.3,248.85,110.85,358.3,601050,176.44,244.8,150,245.65,30,335640
2026-04-13T11:52:21.005,NF,BANKNIFTY28APR2657500CE,246.1,168.3,248.85,110.85,358.3,601170,176.45,244.85,30,246.0,30,335640
2026-04-13T11:52:22.199,NF,BANKNIFTY28APR2657500CE,245.8,168.3,248.85,110.85,358.3,601350,176.48,245.2,30,246.15,30,335640
2026-04-13T11:52:23.405,NF,BANKNIFTY28APR2657500CE,245.15,168.3,248.85,110.85,358.3,601410,176.48,245.05,90,246.25,60,335640
2026-04-13T11:52:28.005,NF,BANKNIFTY28APR2657500CE,245.15,168.3,248.85,110.85,358.3,601440,176.49,244.15,90,245.2,30,335640
2026-04-13T11:52:30.210,NF,BANKNIFTY28APR2657500CE,244.85,168.3,248.85,110.85,358.3,601500,176.49,244.0,60,244.95,60,335640
2026-04-13T11:52:31.411,NF,BANKNIFTY28APR2657500CE,245.2,168.3,248.85,110.85,358.3,601770,176.52,245.45,30,246.4,90,335640
2026-04-13T11:52:32.423,NF,BANKNIFTY28APR2657500CE,245.05,168.3,248.85,110.85,358.3,601860,176.53,244.8,30,246.0,120,335640
2026-04-13T11:52:35.823,NF,BANKNIFTY28APR2657500CE,246.55,168.3,248.85,110.85,358.3,601890,176.54,246.55,30,247.7,60,335640
2026-04-13T11:52:38.226,NF,BANKNIFTY28APR2657500CE,247.25,168.3,248.85,110.85,358.3,601920,176.54,247.1,30,248.0,60,335640
2026-04-13T11:52:45.234,NF,BANKNIFTY28APR2657500CE,246.0,168.3,248.85,110.85,358.3,601950,176.54,244.6,60,245.75,30,335640
2026-04-13T11:52:46.435,NF,BANKNIFTY28APR2657500CE,245.75,168.3,248.85,110.85,358.3,601980,176.55,244.7,60,245.75,90,335640
2026-04-13T11:52:47.640,NF,BANKNIFTY28APR2657500CE,245.65,168.3,248.85,110.85,358.3,602010,176.55,244.6,30,245.7,90,335640
2026-04-13T11:52:50.045,NF,BANKNIFTY28APR2657500CE,245.2,168.3,248.85,110.85,358.3,602070,176.56,244.5,150,245.7,60,335640
2026-04-13T11:52:51.289,NF,BANKNIFTY28APR2657500CE,245.65,168.3,248.85,110.85,358.3,602130,176.57,244.55,60,245.55,30,335640
2026-04-13T11:52:52.713,NF,BANKNIFTY28APR2657500CE,245.2,168.3,248.85,110.85,358.3,602160,176.57,244.05,30,244.95,90,335640
2026-04-13T11:52:53.850,NF,BANKNIFTY28APR2657500CE,245.65,168.3,248.85,110.85,358.3,602190,176.57,244.8,30,245.8,30,335640
2026-04-13T11:52:58.861,NF,BANKNIFTY28APR2657500CE,245.0,168.3,248.85,110.85,358.3,602340,176.59,244.1,30,245.2,90,335640
2026-04-13T11:53:00.132,NF,BANKNIFTY28APR2657500CE,245.0,168.3,248.85,110.85,358.3,602400,176.6,244.05,30,244.85,60,338280
2026-04-13T11:53:01.270,NF,BANKNIFTY28APR2657500CE,245.2,168.3,248.85,110.85,358.3,602460,176.6,244.8,30,245.8,60,338280
2026-04-13T11:53:03.866,NF,BANKNIFTY28APR2657500CE,244.8,168.3,248.85,110.85,358.3,602550,176.61,243.6,150,244.75,60,338280
2026-04-13T11:53:05.070,NF,BANKNIFTY28APR2657500CE,244.75,168.3,248.85,110.85,358.3,602580,176.62,243.55,30,244.55,90,338280
2026-04-13T11:53:07.484,NF,BANKNIFTY28APR2657500CE,243.55,168.3,248.85,110.85,358.3,602670,176.63,243.7,90,244.75,30,338280
2026-04-13T11:53:10.075,NF,BANKNIFTY28APR2657500CE,244.05,168.3,248.85,110.85,358.3,603300,176.7,243.2,150,244.15,60,338280
2026-04-13T11:53:12.484,NF,BANKNIFTY28APR2657500CE,243.3,168.3,248.85,110.85,358.3,603480,176.72,242.4,60,243.55,60,338280
2026-04-13T11:53:13.890,NF,BANKNIFTY28APR2657500CE,243.4,168.3,248.85,110.85,358.3,603510,176.72,242.25,30,243.2,60,338280
2026-04-13T11:53:15.083,NF,BANKNIFTY28APR2657500CE,243.0,168.3,248.85,110.85,358.3,603570,176.73,242.5,300,243.3,60,338280
2026-04-13T11:53:16.288,NF,BANKNIFTY28APR2657500CE,243.05,168.3,248.85,110.85,358.3,603750,176.75,242.05,30,243.05,120,338280
2026-04-13T11:53:17.493,NF,BANKNIFTY28APR2657500CE,242.05,168.3,248.85,110.85,358.3,603870,176.76,242.05,120,243.0,60,338280
2026-04-13T11:53:18.888,NF,BANKNIFTY28APR2657500CE,243.0,168.3,248.85,110.85,358.3,603990,176.77,242.05,30,243.0,210,338280
2026-04-13T11:53:22.496,NF,BANKNIFTY28APR2657500CE,241.9,168.3,248.85,110.85,358.3,604620,176.84,241.15,60,242.2,30,338280
2026-04-13T11:53:27.306,NF,BANKNIFTY28APR2657500CE,241.9,168.3,248.85,110.85,358.3,604680,176.85,241.65,60,242.55,90,338280
2026-04-13T11:53:28.513,NF,BANKNIFTY28APR2657500CE,241.25,168.3,248.85,110.85,358.3,604980,176.88,241.3,90,242.3,30,338280
2026-04-13T11:53:33.513,NF,BANKNIFTY28APR2657500CE,241.2,168.3,248.85,110.85,358.3,605130,176.89,241.5,90,242.5,30,338280
2026-04-13T11:53:34.725,NF,BANKNIFTY28APR2657500CE,242.65,168.3,248.85,110.85,358.3,605190,176.9,241.65,60,242.65,210,338280
2026-04-13T11:53:35.918,NF,BANKNIFTY28APR2657500CE,241.7,168.3,248.85,110.85,358.3,605790,176.97,241.65,60,242.65,90,338280
2026-04-13T11:53:37.131,NF,BANKNIFTY28APR2657500CE,243.1,168.3,248.85,110.85,358.3,606120,177.0,243.15,60,244.15,60,338280
2026-04-13T11:53:46.947,NF,BANKNIFTY28APR2657500CE,244.1,168.3,248.85,110.85,358.3,606300,177.02,243.35,30,244.35,150,338280
2026-04-13T11:53:47.939,NF,BANKNIFTY28APR2657500CE,244.4,168.3,248.85,110.85,358.3,606330,177.02,243.5,60,244.4,60,338280
2026-04-13T11:53:49.137,NF,BANKNIFTY28APR2657500CE,244.4,168.3,248.85,110.85,358.3,606510,177.04,243.65,120,244.55,150,338280
2026-04-13T11:53:52.545,NF,BANKNIFTY28APR2657500CE,243.5,168.3,248.85,110.85,358.3,606540,177.05,243.2,30,244.25,30,338280
2026-04-13T11:53:53.759,NF,BANKNIFTY28APR2657500CE,244.15,168.3,248.85,110.85,358.3,606570,177.05,243.2,60,244.1,60,338280
2026-04-13T11:53:56.157,NF,BANKNIFTY28APR2657500CE,243.7,168.3,248.85,110.85,358.3,606600,177.05,243.1,30,243.8,30,338280
2026-04-13T11:53:59.367,NF,BANKNIFTY28APR2657500CE,244.3,168.3,248.85,110.85,358.3,606630,177.06,243.9,30,244.45,90,338280
2026-04-13T11:54:00.356,NF,BANKNIFTY28APR2657500CE,244.35,168.3,248.85,110.85,358.3,606660,177.06,243.9,30,244.45,90,338280
2026-04-13T11:54:01.555,NF,BANKNIFTY28APR2657500CE,244.5,168.3,248.85,110.85,358.3,606690,177.06,244.1,30,244.9,90,338280
2026-04-13T11:54:02.764,NF,BANKNIFTY28APR2657500CE,245.0,168.3,248.85,110.85,358.3,606720,177.07,245.95,90,246.85,120,338280
2026-04-13T11:54:04.019,NF,BANKNIFTY28APR2657500CE,246.45,168.3,248.85,110.85,358.3,606750,177.07,246.55,90,247.5,90,338280
2026-04-13T11:54:05.173,NF,BANKNIFTY28APR2657500CE,246.75,168.3,248.85,110.85,358.3,606780,177.07,247.05,90,248.0,60,338280
2026-04-13T11:54:08.975,NF,BANKNIFTY28APR2657500CE,247.15,168.3,248.85,110.85,358.3,606810,177.08,246.25,30,247.35,60,338280
2026-04-13T11:54:10.170,NF,BANKNIFTY28APR2657500CE,245.0,168.3,248.85,110.85,358.3,607410,177.15,244.15,30,245.0,60,338280
2026-04-13T11:54:11.373,NF,BANKNIFTY28APR2657500CE,245.05,168.3,248.85,110.85,358.3,607530,177.16,244.05,30,245.1,60,338280
2026-04-13T11:54:13.784,NF,BANKNIFTY28APR2657500CE,245.05,168.3,248.85,110.85,358.3,607590,177.17,244.7,60,245.75,60,338280
2026-04-13T11:54:17.579,NF,BANKNIFTY28APR2657500CE,245.3,168.3,248.85,110.85,358.3,607620,177.17,245.3,30,246.25,90,338280
2026-04-13T11:54:18.780,NF,BANKNIFTY28APR2657500CE,246.15,168.3,248.85,110.85,358.3,607740,177.18,245.1,60,246.25,90,338280
2026-04-13T11:54:22.385,NF,BANKNIFTY28APR2657500CE,245.5,168.3,248.85,110.85,358.3,607800,177.19,245.0,30,245.8,300,338280
2026-04-13T11:54:26.996,NF,BANKNIFTY28APR2657500CE,245.0,168.3,248.85,110.85,358.3,607830,177.19,244.05,120,245.1,30,338280
2026-04-13T11:54:29.411,NF,BANKNIFTY28APR2657500CE,244.5,168.3,248.85,110.85,358.3,607890,177.2,244.4,120,245.35,30,338280
2026-04-13T11:54:31.809,NF,BANKNIFTY28APR2657500CE,244.15,168.3,248.85,110.85,358.3,607920,177.2,244.15,90,245.15,30,338280
2026-04-13T11:54:33.004,NF,BANKNIFTY28APR2657500CE,244.05,168.3,248.85,110.85,358.3,608070,177.22,243.9,120,244.85,60,338280
2026-04-13T11:54:36.609,NF,BANKNIFTY28APR2657500CE,245.5,168.3,248.85,110.85,358.3,608100,177.22,245.1,30,246.15,60,338280
2026-04-13T11:54:39.011,NF,BANKNIFTY28APR2657500CE,246.45,168.3,248.85,110.85,358.3,608130,177.23,246.2,30,247.2,60,338280
2026-04-13T11:54:44.017,NF,BANKNIFTY28APR2657500CE,247.8,168.3,248.85,110.85,358.3,608190,177.23,246.7,60,247.8,60,338280
2026-04-13T11:54:47.622,NF,BANKNIFTY28APR2657500CE,248.0,168.3,248.85,110.85,358.3,608220,177.24,246.95,90,247.95,150,338280
2026-04-13T11:54:50.025,NF,BANKNIFTY28APR2657500CE,248.0,168.3,248.85,110.85,358.3,608250,177.24,248.05,30,248.9,90,338280
2026-04-13T11:54:52.431,NF,BANKNIFTY28APR2657500CE,248.0,168.3,248.85,110.85,358.3,608280,177.24,246.85,30,247.9,60,338280
2026-04-13T11:54:58.838,NF,BANKNIFTY28APR2657500CE,247.6,168.3,248.85,110.85,358.3,608340,177.25,247.55,60,248.8,30,338280
2026-04-13T11:55:00.043,NF,BANKNIFTY28APR2657500CE,247.45,168.3,248.85,110.85,358.3,608490,177.27,247.45,30,248.3,60,338280
2026-04-13T11:55:02.458,NF,BANKNIFTY28APR2657500CE,248.6,168.3,248.95,110.85,358.3,608670,177.29,249.05,90,249.75,60,338280
2026-04-13T11:55:03.847,NF,BANKNIFTY28APR2657500CE,250.1,168.3,250.4,110.85,358.3,609300,177.36,249.35,30,250.5,30,338280
2026-04-13T11:55:07.455,NF,BANKNIFTY28APR2657500CE,252.9,168.3,252.9,110.85,358.3,609570,177.4,251.1,30,252.2,60,338280
2026-04-13T11:55:08.668,NF,BANKNIFTY28APR2657500CE,252.45,168.3,252.9,110.85,358.3,609690,177.41,251.55,30,252.45,150,338280
2026-04-13T11:55:09.860,NF,BANKNIFTY28APR2657500CE,252.45,168.3,252.9,110.85,358.3,609720,177.42,251.25,30,252.3,180,338280
2026-04-13T11:55:11.261,NF,BANKNIFTY28APR2657500CE,252.7,168.3,252.9,110.85,358.3,609750,177.42,251.75,60,252.7,180,338280
2026-04-13T11:55:13.672,NF,BANKNIFTY28APR2657500CE,251.7,168.3,252.9,110.85,358.3,609900,177.44,252.0,120,252.6,30,338280
2026-04-13T11:55:18.673,NF,BANKNIFTY28APR2657500CE,252.05,168.3,252.9,110.85,358.3,610050,177.46,251.15,30,252.2,120,338280
2026-04-13T11:55:19.875,NF,BANKNIFTY28APR2657500CE,252.6,168.3,252.9,110.85,358.3,610080,177.46,251.9,30,253.0,210,338280
2026-04-13T11:55:21.076,NF,BANKNIFTY28APR2657500CE,253.0,168.3,253.0,110.85,358.3,610290,177.49,252.8,90,253.95,60,338280
2026-04-13T11:55:24.685,NF,BANKNIFTY28APR2657500CE,253.35,168.3,253.35,110.85,358.3,610320,177.49,253.6,30,254.7,60,338280
2026-04-13T11:55:25.896,NF,BANKNIFTY28APR2657500CE,255.0,168.3,255.0,110.85,358.3,610350,177.49,254.35,120,255.5,90,338280
2026-04-13T11:55:27.289,NF,BANKNIFTY28APR2657500CE,255.3,168.3,255.45,110.85,358.3,610410,177.5,254.7,60,255.75,240,338280
2026-04-13T11:55:29.710,NF,BANKNIFTY28APR2657500CE,254.7,168.3,255.45,110.85,358.3,610440,177.5,254.65,30,255.4,120,338280
2026-04-13T11:55:32.098,NF,BANKNIFTY28APR2657500CE,255.6,168.3,255.6,110.85,358.3,610500,177.51,254.7,60,255.65,210,338280
2026-04-13T11:55:34.520,NF,BANKNIFTY28APR2657500CE,254.65,168.3,255.6,110.85,358.3,610560,177.52,254.05,60,255.1,30,338280
2026-04-13T11:55:36.934,NF,BANKNIFTY28APR2657500CE,255.85,168.3,255.85,110.85,358.3,610860,177.56,254.7,90,255.75,30,338280
2026-04-13T11:55:39.309,NF,BANKNIFTY28APR2657500CE,254.9,168.3,255.85,110.85,358.3,610890,177.56,254.6,30,255.35,150,338280
2026-04-13T11:55:41.725,NF,BANKNIFTY28APR2657500CE,254.6,168.3,255.85,110.85,358.3,610980,177.57,254.55,30,255.65,120,338280
2026-04-13T11:55:47.725,NF,BANKNIFTY28APR2657500CE,254.35,168.3,255.85,110.85,358.3,611280,177.61,254.2,30,254.95,30,338280
2026-04-13T11:55:48.925,NF,BANKNIFTY28APR2657500CE,254.2,168.3,255.85,110.85,358.3,611310,177.61,254.2,30,255.25,60,338280
2026-04-13T11:55:50.127,NF,BANKNIFTY28APR2657500CE,255.2,168.3,255.85,110.85,358.3,611340,177.62,254.4,90,255.4,60,338280
2026-04-13T11:55:52.531,NF,BANKNIFTY28APR2657500CE,255.5,168.3,255.85,110.85,358.3,611460,177.63,254.2,60,255.3,120,338280
2026-04-13T11:55:57.384,NF,BANKNIFTY28APR2657500CE,254.85,168.3,255.85,110.85,358.3,611670,177.66,254.0,150,254.9,30,338280
2026-04-13T11:55:58.560,NF,BANKNIFTY28APR2657500CE,253.75,168.3,255.85,110.85,358.3,612090,177.71,253.7,60,254.85,60,338280
2026-04-13T11:55:59.785,NF,BANKNIFTY28APR2657500CE,254.6,168.3,255.85,110.85,358.3,612240,177.73,253.8,30,254.75,30,338280
2026-04-13T11:56:01.992,NF,BANKNIFTY28APR2657500CE,255.0,168.3,255.85,110.85,358.3,612360,177.75,254.1,30,255.0,60,338700
2026-04-13T11:56:03.155,NF,BANKNIFTY28APR2657500CE,254.7,168.3,255.85,110.85,358.3,612690,177.79,254.1,30,255.0,210,338700
2026-04-13T11:56:04.432,NF,BANKNIFTY28APR2657500CE,253.8,168.3,255.85,110.85,358.3,612750,177.8,253.3,30,254.5,30,338700
2026-04-13T11:56:05.566,NF,BANKNIFTY28APR2657500CE,253.3,168.3,255.85,110.85,358.3,612870,177.81,252.5,30,253.55,90,338700
2026-04-13T11:56:06.755,NF,BANKNIFTY28APR2657500CE,253.5,168.3,255.85,110.85,358.3,612960,177.82,252.2,60,253.55,120,338700
2026-04-13T11:56:07.962,NF,BANKNIFTY28APR2657500CE,252.95,168.3,255.85,110.85,358.3,612990,177.82,252.0,30,253.1,30,338700
2026-04-13T11:56:09.172,NF,BANKNIFTY28APR2657500CE,253.0,168.3,255.85,110.85,358.3,613230,177.85,253.25,60,254.5,90,338700
2026-04-13T11:56:10.357,NF,BANKNIFTY28APR2657500CE,253.35,168.3,255.85,110.85,358.3,613380,177.87,253.2,30,254.45,30,338700
2026-04-13T11:56:11.568,NF,BANKNIFTY28APR2657500CE,254.2,168.3,255.85,110.85,358.3,613470,177.88,253.2,90,254.35,60,338700
2026-04-13T11:56:12.766,NF,BANKNIFTY28APR2657500CE,253.9,168.3,255.85,110.85,358.3,613530,177.89,252.7,30,253.9,30,338700
2026-04-13T11:56:15.178,NF,BANKNIFTY28APR2657500CE,254.6,168.3,255.85,110.85,358.3,613680,177.91,254.15,30,255.1,60,338700
2026-04-13T11:56:16.369,NF,BANKNIFTY28APR2657500CE,254.0,168.3,255.85,110.85,358.3,613830,177.93,252.8,30,253.8,60,338700
2026-04-13T11:56:19.985,NF,BANKNIFTY28APR2657500CE,253.9,168.3,255.85,110.85,358.3,613860,177.93,252.95,30,253.9,210,338700
2026-04-13T11:56:23.781,NF,BANKNIFTY28APR2657500CE,253.8,168.3,255.85,110.85,358.3,613890,177.94,252.9,30,253.85,30,338700
2026-04-13T11:56:26.203,NF,BANKNIFTY28APR2657500CE,253.65,168.3,255.85,110.85,358.3,613920,177.94,252.35,60,253.55,30,338700
2026-04-13T11:56:29.792,NF,BANKNIFTY28APR2657500CE,253.55,168.3,255.85,110.85,358.3,613950,177.94,252.5,30,253.6,120,338700
2026-04-13T11:56:35.806,NF,BANKNIFTY28APR2657500CE,252.6,168.3,255.85,110.85,358.3,613980,177.95,252.6,30,253.6,120,338700
2026-04-13T11:56:38.206,NF,BANKNIFTY28APR2657500CE,251.9,168.3,255.85,110.85,358.3,614370,177.99,250.2,90,251.35,60,338700
2026-04-13T11:56:41.813,NF,BANKNIFTY28APR2657500CE,252.0,168.3,255.85,110.85,358.3,617370,178.35,250.1,30,251.2,30,338700
2026-04-13T11:56:43.215,NF,BANKNIFTY28APR2657500CE,251.05,168.3,255.85,110.85,358.3,617400,178.36,250.0,30,250.95,30,338700
2026-04-13T11:56:44.415,NF,BANKNIFTY28APR2657500CE,251.1,168.3,255.85,110.85,358.3,617430,178.36,250.0,30,250.9,60,338700
2026-04-13T11:56:46.822,NF,BANKNIFTY28APR2657500CE,251.05,168.3,255.85,110.85,358.3,617460,178.36,250.6,30,251.8,30,338700
2026-04-13T11:56:48.022,NF,BANKNIFTY28APR2657500CE,250.65,168.3,255.85,110.85,358.3,617490,178.37,250.55,30,251.5,30,338700
2026-04-13T11:56:49.431,NF,BANKNIFTY28APR2657500CE,251.4,168.3,255.85,110.85,358.3,617550,178.37,250.5,210,251.15,60,338700
2026-04-13T11:56:50.627,NF,BANKNIFTY28APR2657500CE,251.05,168.3,255.85,110.85,358.3,617580,178.38,250.5,210,251.0,180,338700
2026-04-13T11:56:54.450,NF,BANKNIFTY28APR2657500CE,248.7,168.3,255.85,110.85,358.3,617700,178.39,247.85,60,248.75,60,338700
2026-04-13T11:56:55.634,NF,BANKNIFTY28APR2657500CE,248.15,168.3,255.85,110.85,358.3,617730,178.39,248.35,30,249.4,30,338700
2026-04-13T11:57:00.647,NF,BANKNIFTY28APR2657500CE,248.65,168.3,255.85,110.85,358.3,617970,178.42,248.85,150,249.75,150,338700
2026-04-13T11:57:03.062,NF,BANKNIFTY28APR2657500CE,249.55,168.3,255.85,110.85,358.3,618000,178.43,250.0,30,250.4,60,338700
2026-04-13T11:57:04.450,NF,BANKNIFTY28APR2657500CE,250.25,168.3,255.85,110.85,358.3,618060,178.43,249.15,30,250.25,90,338700
2026-04-13T11:57:05.665,NF,BANKNIFTY28APR2657500CE,250.4,168.3,255.85,110.85,358.3,618090,178.44,249.9,30,251.05,30,338700
2026-04-13T11:57:09.455,NF,BANKNIFTY28APR2657500CE,250.4,168.3,255.85,110.85,358.3,618540,178.49,249.45,60,250.4,30,338700
2026-04-13T11:57:10.690,NF,BANKNIFTY28APR2657500CE,250.4,168.3,255.85,110.85,358.3,618570,178.49,249.15,60,250.3,180,338700
2026-04-13T11:57:11.861,NF,BANKNIFTY28APR2657500CE,250.6,168.3,255.85,110.85,358.3,618630,178.5,249.55,60,250.6,120,338700
2026-04-13T11:57:13.064,NF,BANKNIFTY28APR2657500CE,250.15,168.3,255.85,110.85,358.3,618660,178.5,249.0,90,250.1,60,338700
2026-04-13T11:57:18.080,NF,BANKNIFTY28APR2657500CE,250.15,168.3,255.85,110.85,358.3,618690,178.51,249.6,60,250.6,150,338700
2026-04-13T11:57:19.282,NF,BANKNIFTY28APR2657500CE,250.6,168.3,255.85,110.85,358.3,618720,178.51,249.45,60,250.5,90,338700
2026-04-13T11:57:23.078,NF,BANKNIFTY28APR2657500CE,249.95,168.3,255.85,110.85,358.3,618780,178.52,250.05,60,250.85,60,338700
2026-04-13T11:57:24.282,NF,BANKNIFTY28APR2657500CE,252.2,168.3,255.85,110.85,358.3,618900,178.53,251.2,60,252.25,30,338700
2026-04-13T11:57:25.483,NF,BANKNIFTY28APR2657500CE,251.2,168.3,255.85,110.85,358.3,618930,178.53,250.8,210,251.95,30,338700
2026-04-13T11:57:36.502,NF,BANKNIFTY28APR2657500CE,252.25,168.3,255.85,110.85,358.3,618990,178.54,251.8,60,252.95,30,338700
2026-04-13T11:57:40.108,NF,BANKNIFTY28APR2657500CE,252.55,168.3,255.85,110.85,358.3,619020,178.54,251.2,60,252.6,30,338700
2026-04-13T11:57:42.716,NF,BANKNIFTY28APR2657500CE,251.5,168.3,255.85,110.85,358.3,619230,178.57,250.65,60,251.85,30,338700
2026-04-13T11:57:43.923,NF,BANKNIFTY28APR2657500CE,252.25,168.3,255.85,110.85,358.3,619440,178.59,250.65,60,251.75,120,338700
2026-04-13T11:57:46.318,NF,BANKNIFTY28APR2657500CE,251.9,168.3,255.85,110.85,358.3,619680,178.62,251.25,210,252.05,120,338700
2026-04-13T11:57:47.521,NF,BANKNIFTY28APR2657500CE,250.9,168.3,255.85,110.85,358.3,619710,178.63,250.6,60,251.4,30,338700
2026-04-13T11:57:48.721,NF,BANKNIFTY28APR2657500CE,250.65,168.3,255.85,110.85,358.3,619770,178.63,249.6,90,250.9,60,338700
2026-04-13T11:57:51.128,NF,BANKNIFTY28APR2657500CE,249.15,168.3,255.85,110.85,358.3,619830,178.64,249.15,60,250.3,30,338700
2026-04-13T11:57:52.526,NF,BANKNIFTY28APR2657500CE,250.25,168.3,255.85,110.85,358.3,619860,178.64,249.3,210,250.1,60,338700
2026-04-13T11:57:53.730,NF,BANKNIFTY28APR2657500CE,250.0,168.3,255.85,110.85,358.3,619890,178.65,249.15,180,249.95,30,338700
2026-04-13T11:57:54.931,NF,BANKNIFTY28APR2657500CE,249.1,168.3,255.85,110.85,358.3,619950,178.65,248.95,150,250.05,90,338700
2026-04-13T11:57:56.138,NF,BANKNIFTY28APR2657500CE,248.9,168.3,255.85,110.85,358.3,619980,178.66,248.95,30,249.9,60,338700
2026-04-13T11:57:57.352,NF,BANKNIFTY28APR2657500CE,249.55,168.3,255.85,110.85,358.3,620070,178.67,249.55,180,250.65,150,338700
2026-04-13T11:57:58.741,NF,BANKNIFTY28APR2657500CE,250.25,168.3,255.85,110.85,358.3,620130,178.67,249.75,30,250.65,150,338700
2026-04-13T11:58:05.199,NF,BANKNIFTY28APR2657500CE,250.05,168.3,255.85,110.85,358.3,620730,178.74,249.0,30,250.05,60,338700
2026-04-13T11:58:07.350,NF,BANKNIFTY28APR2657500CE,249.0,168.3,255.85,110.85,358.3,620760,178.75,248.85,150,249.85,120,338700
2026-04-13T11:58:10.953,NF,BANKNIFTY28APR2657500CE,249.9,168.3,255.85,110.85,358.3,620790,178.75,249.05,30,249.9,90,338700
2026-04-13T11:58:14.563,NF,BANKNIFTY28APR2657500CE,249.0,168.3,255.85,110.85,358.3,620820,178.75,248.05,120,249.4,60,338700
2026-04-13T11:58:21.975,NF,BANKNIFTY28APR2657500CE,247.75,168.3,255.85,110.85,358.3,621240,178.8,248.1,30,249.35,30,338700
2026-04-13T11:58:24.578,NF,BANKNIFTY28APR2657500CE,249.6,168.3,255.85,110.85,358.3,621270,178.8,247.95,30,248.9,60,338700
2026-04-13T11:58:30.583,NF,BANKNIFTY28APR2657500CE,248.8,168.3,255.85,110.85,358.3,621300,178.81,248.0,30,248.9,150,338700
2026-04-13T11:58:34.200,NF,BANKNIFTY28APR2657500CE,248.55,168.3,255.85,110.85,358.3,621330,178.81,246.65,60,247.9,60,338700
2026-04-13T11:58:36.596,NF,BANKNIFTY28APR2657500CE,247.6,168.3,255.85,110.85,358.3,621360,178.81,246.65,30,247.6,60,338700
2026-04-13T11:58:37.795,NF,BANKNIFTY28APR2657500CE,246.65,168.3,255.85,110.85,358.3,621390,178.82,245.8,30,246.95,60,338700
2026-04-13T11:58:47.807,NF,BANKNIFTY28APR2657500CE,247.8,168.3,255.85,110.85,358.3,621450,178.82,247.45,30,248.55,90,338700
2026-04-13T11:59:01.233,NF,BANKNIFTY28APR2657500CE,246.65,168.3,255.85,110.85,358.3,621540,178.83,246.55,30,247.7,60,338700
2026-04-13T11:59:18.458,NF,BANKNIFTY28APR2657500CE,246.0,168.3,255.85,110.85,358.3,621570,178.84,245.0,60,245.8,150,336960
2026-04-13T11:59:19.701,NF,BANKNIFTY28APR2657500CE,244.05,168.3,255.85,110.85,358.3,621690,178.85,244.05,120,244.85,30,336960
2026-04-13T11:59:22.072,NF,BANKNIFTY28APR2657500CE,244.0,168.3,255.85,110.85,358.3,621720,178.85,244.0,30,244.55,60,336960
2026-04-13T11:59:23.464,NF,BANKNIFTY28APR2657500CE,244.9,168.3,255.85,110.85,358.3,621870,178.87,244.0,30,244.85,60,336960
2026-04-13T11:59:25.881,NF,BANKNIFTY28APR2657500CE,244.0,168.3,255.85,110.85,358.3,621900,178.87,243.0,180,243.95,60,336960
2026-04-13T11:59:30.876,NF,BANKNIFTY28APR2657500CE,243.8,168.3,255.85,110.85,358.3,621960,178.88,243.45,90,244.4,60,336960
2026-04-13T11:59:38.288,NF,BANKNIFTY28APR2657500CE,244.9,168.3,255.85,110.85,358.3,622020,178.88,243.85,30,244.7,60,336960
2026-04-13T11:59:44.100,NF,BANKNIFTY28APR2657500CE,243.9,168.3,255.85,110.85,358.3,622050,178.89,242.9,60,243.95,30,336960
2026-04-13T11:59:55.515,NF,BANKNIFTY28APR2657500CE,246.75,168.3,255.85,110.85,358.3,622350,178.92,246.55,30,247.65,30,336960
2026-04-13T12:00:01.326,NF,BANKNIFTY28APR2657500CE,245.95,168.3,255.85,110.85,358.3,622380,178.92,246.0,60,247.15,30,336960
2026-04-13T12:00:03.939,NF,BANKNIFTY28APR2657500CE,248.2,168.3,255.85,110.85,358.3,622560,178.94,247.9,30,248.95,90,336960
2026-04-13T12:00:09.952,NF,BANKNIFTY28APR2657500CE,248.2,168.3,255.85,110.85,358.3,622680,178.96,247.65,30,248.7,30,336960
2026-04-13T12:00:11.341,NF,BANKNIFTY28APR2657500CE,250.0,168.3,255.85,110.85,358.3,622710,178.96,250.2,120,251.25,30,336960
2026-04-13T12:00:18.749,NF,BANKNIFTY28APR2657500CE,250.5,168.3,255.85,110.85,358.3,622980,178.99,249.35,60,250.4,90,336960
2026-04-13T12:00:26.161,NF,BANKNIFTY28APR2657500CE,250.1,168.3,255.85,110.85,358.3,623010,178.99,250.1,30,251.15,90,336960
2026-04-13T12:00:39.377,NF,BANKNIFTY28APR2657500CE,251.55,168.3,255.85,110.85,358.3,623190,179.01,250.5,30,251.5,90,336960
2026-04-13T12:00:47.991,NF,BANKNIFTY28APR2657500CE,251.5,168.3,255.85,110.85,358.3,623370,179.04,250.6,60,251.55,30,336960
2026-04-13T12:00:49.193,NF,BANKNIFTY28APR2657500CE,251.8,168.3,255.85,110.85,358.3,623700,179.07,251.9,30,251.95,30,336960
2026-04-13T12:00:51.793,NF,BANKNIFTY28APR2657500CE,251.85,168.3,255.85,110.85,358.3,623730,179.08,251.85,30,252.85,120,336960
2026-04-13T12:00:54.214,NF,BANKNIFTY28APR2657500CE,254.0,168.3,255.85,110.85,358.3,623940,179.1,254.15,30,255.0,150,336960
2026-04-13T12:00:55.401,NF,BANKNIFTY28APR2657500CE,254.0,168.3,255.85,110.85,358.3,624270,179.14,254.15,30,255.0,120,336960
2026-04-13T12:00:56.605,NF,BANKNIFTY28APR2657500CE,255.0,168.3,255.85,110.85,358.3,624570,179.18,255.25,30,256.55,120,336960
2026-04-13T12:00:58.004,NF,BANKNIFTY28APR2657500CE,254.7,168.3,255.85,110.85,358.3,624720,179.2,254.7,120,255.65,30,336960
2026-04-13T12:00:59.210,NF,BANKNIFTY28APR2657500CE,255.85,168.3,255.85,110.85,358.3,624750,179.2,255.0,60,256.0,60,336960
2026-04-13T12:01:00.414,NF,BANKNIFTY28APR2657500CE,256.35,168.3,256.35,110.85,358.3,624840,179.21,256.0,30,256.95,90,336960
2026-04-13T12:01:01.629,NF,BANKNIFTY28APR2657500CE,255.35,168.3,256.35,110.85,358.3,625440,179.28,255.6,30,256.75,30,336960
2026-04-13T12:01:03.019,NF,BANKNIFTY28APR2657500CE,257.6,168.3,257.6,110.85,358.3,625470,179.29,256.6,60,257.8,150,336960
2026-04-13T12:01:04.222,NF,BANKNIFTY28APR2657500CE,256.35,168.3,257.6,110.85,358.3,626400,179.4,255.85,150,256.35,60,336960
2026-04-13T12:01:05.423,NF,BANKNIFTY28APR2657500CE,256.8,168.3,257.6,110.85,358.3,626670,179.44,256.0,210,256.8,90,336960
2026-04-13T12:01:06.622,NF,BANKNIFTY28APR2657500CE,256.8,168.3,257.6,110.85,358.3,626760,179.45,256.2,90,257.2,30,336960
2026-04-13T12:01:09.240,NF,BANKNIFTY28APR2657500CE,255.45,168.3,257.6,110.85,358.3,626820,179.45,255.0,90,255.35,60,336960
2026-04-13T12:01:10.435,NF,BANKNIFTY28APR2657500CE,255.0,168.3,257.6,110.85,358.3,626850,179.46,255.0,60,255.5,60,336960
2026-04-13T12:01:11.634,NF,BANKNIFTY28APR2657500CE,255.2,168.3,257.6,110.85,358.3,627000,179.48,254.1,30,255.15,60,336960
2026-04-13T12:01:12.831,NF,BANKNIFTY28APR2657500CE,254.45,168.3,257.6,110.85,358.3,627360,179.52,253.25,270,254.45,30,336960
2026-04-13T12:01:15.433,NF,BANKNIFTY28APR2657500CE,255.15,168.3,257.6,110.85,358.3,627390,179.52,254.5,90,255.2,30,336960
2026-04-13T12:01:16.635,NF,BANKNIFTY28APR2657500CE,255.2,168.3,257.6,110.85,358.3,627420,179.53,255.4,30,256.45,30,336960
2026-04-13T12:01:17.842,NF,BANKNIFTY28APR2657500CE,255.35,168.3,257.6,110.85,358.3,627660,179.55,255.35,90,256.35,90,336960
2026-04-13T12:01:21.644,NF,BANKNIFTY28APR2657500CE,256.3,168.3,257.6,110.85,358.3,627690,179.56,255.25,30,256.0,30,336960
2026-04-13T12:01:24.050,NF,BANKNIFTY28APR2657500CE,256.0,168.3,257.6,110.85,358.3,627750,179.57,255.0,390,256.0,120,336960
2026-04-13T12:01:25.254,NF,BANKNIFTY28APR2657500CE,255.95,168.3,257.6,110.85,358.3,627780,179.57,255.0,300,256.0,150,336960
2026-04-13T12:01:27.863,NF,BANKNIFTY28APR2657500CE,255.0,168.3,257.6,110.85,358.3,628050,179.6,253.25,30,254.55,30,336960
2026-04-13T12:01:29.057,NF,BANKNIFTY28APR2657500CE,254.3,168.3,257.6,110.85,358.3,628140,179.61,253.35,30,254.35,30,336960
2026-04-13T12:01:36.471,NF,BANKNIFTY28APR2657500CE,253.9,168.3,257.6,110.85,358.3,628200,179.62,252.85,90,253.9,30,336960
2026-04-13T12:01:40.277,NF,BANKNIFTY28APR2657500CE,254.5,168.3,257.6,110.85,358.3,628230,179.62,253.45,30,254.45,60,336960
2026-04-13T12:01:47.488,NF,BANKNIFTY28APR2657500CE,254.35,168.3,257.6,110.85,358.3,628380,179.64,252.7,120,253.9,30,336960
2026-04-13T12:01:50.090,NF,BANKNIFTY28APR2657500CE,254.3,168.3,257.6,110.85,358.3,628410,179.64,253.5,30,254.65,90,336960
2026-04-13T12:01:51.306,NF,BANKNIFTY28APR2657500CE,254.95,168.3,257.6,110.85,358.3,628680,179.68,253.55,30,254.9,30,336960
2026-04-13T12:01:52.494,NF,BANKNIFTY28APR2657500CE,253.65,168.3,257.6,110.85,358.3,628710,179.68,252.55,30,253.7,90,336960
2026-04-13T12:01:54.899,NF,BANKNIFTY28APR2657500CE,254.0,168.3,257.6,110.85,358.3,628770,179.69,253.1,30,253.95,60,336960
2026-04-13T12:01:58.553,NF,BANKNIFTY28APR2657500CE,255.35,168.3,257.6,110.85,358.3,628800,179.69,254.2,90,255.2,90,336960
2026-04-13T12:01:59.960,NF,BANKNIFTY28APR2657500CE,254.45,168.3,257.6,110.85,358.3,628980,179.71,253.15,60,254.05,60,336960
2026-04-13T12:02:05.949,NF,BANKNIFTY28APR2657500CE,255.65,168.3,257.6,110.85,358.3,629010,179.72,254.6,60,255.7,60,338880
2026-04-13T12:02:10.732,NF,BANKNIFTY28APR2657500CE,255.2,168.3,257.6,110.85,358.3,629100,179.73,253.8,90,255.0,90,338880
2026-04-13T12:02:18.143,NF,BANKNIFTY28APR2657500CE,254.7,168.3,257.6,110.85,358.3,629130,179.73,254.6,30,255.6,60,338880
2026-04-13T12:02:19.340,NF,BANKNIFTY28APR2657500CE,254.55,168.3,257.6,110.85,358.3,629250,179.74,254.6,30,255.6,120,338880
2026-04-13T12:02:21.942,NF,BANKNIFTY28APR2657500CE,254.6,168.3,257.6,110.85,358.3,629310,179.75,254.75,60,255.75,90,338880
2026-04-13T12:02:23.143,NF,BANKNIFTY28APR2657500CE,254.9,168.3,257.6,110.85,358.3,629370,179.76,254.95,120,256.0,120,338880
2026-04-13T12:02:29.156,NF,BANKNIFTY28APR2657500CE,255.2,168.3,257.6,110.85,358.3,629580,179.78,254.75,30,255.2,30,338880
2026-04-13T12:02:30.555,NF,BANKNIFTY28APR2657500CE,254.5,168.3,257.6,110.85,358.3,629640,179.79,253.4,30,254.6,30,338880
2026-04-13T12:02:31.760,NF,BANKNIFTY28APR2657500CE,254.6,168.3,257.6,110.85,358.3,629700,179.8,253.6,30,254.65,150,338880
2026-04-13T12:02:37.791,NF,BANKNIFTY28APR2657500CE,253.1,168.3,257.6,110.85,358.3,629730,179.8,252.25,90,253.25,60,338880
2026-04-13T12:02:40.183,NF,BANKNIFTY28APR2657500CE,252.9,168.3,257.6,110.85,358.3,629760,179.81,252.25,60,253.35,60,338880
2026-04-13T12:02:50.791,NF,BANKNIFTY28APR2657500CE,251.35,168.3,257.6,110.85,358.3,629850,179.82,251.35,90,252.4,60,338880
2026-04-13T12:02:55.604,NF,BANKNIFTY28APR2657500CE,251.6,168.3,257.6,110.85,358.3,629880,179.82,251.55,30,252.5,60,338880
2026-04-13T12:02:59.202,NF,BANKNIFTY28APR2657500CE,252.4,168.3,257.6,110.85,358.3,629910,179.82,251.7,60,252.55,30,338880
2026-04-13T12:03:00.411,NF,BANKNIFTY28APR2657500CE,252.3,168.3,257.6,110.85,358.3,629940,179.83,251.35,150,252.4,750,338880
2026-04-13T12:03:01.606,NF,BANKNIFTY28APR2657500CE,252.2,168.3,257.6,110.85,358.3,631170,179.97,251.1,270,252.25,60,338880
2026-04-13T12:03:05.222,NF,BANKNIFTY28APR2657500CE,251.2,168.3,257.6,110.85,358.3,631200,179.97,251.25,30,252.4,60,338880
2026-04-13T12:03:06.413,NF,BANKNIFTY28APR2657500CE,252.4,168.3,257.6,110.85,358.3,631230,179.97,251.35,90,252.45,90,338880
2026-04-13T12:03:11.025,NF,BANKNIFTY28APR2657500CE,251.6,168.3,257.6,110.85,358.3,631290,179.98,251.35,150,252.4,60,338880
2026-04-13T12:03:14.627,NF,BANKNIFTY28APR2657500CE,251.55,168.3,257.6,110.85,358.3,631320,179.98,250.7,30,251.6,60,338880
2026-04-13T12:03:15.828,NF,BANKNIFTY28APR2657500CE,250.75,168.3,257.6,110.85,358.3,631350,179.99,250.8,90,251.7,30,338880
2026-04-13T12:03:17.030,NF,BANKNIFTY28APR2657500CE,251.65,168.3,257.6,110.85,358.3,631380,179.99,250.6,60,251.6,60,338880
2026-04-13T12:03:19.440,NF,BANKNIFTY28APR2657500CE,251.35,168.3,257.6,110.85,358.3,631410,179.99,250.05,90,251.2,60,338880
2026-04-13T12:03:20.651,NF,BANKNIFTY28APR2657500CE,249.9,168.3,257.6,110.85,358.3,631950,180.05,249.15,60,249.9,120,338880
2026-04-13T12:03:22.037,NF,BANKNIFTY28APR2657500CE,249.45,168.3,257.6,110.85,358.3,631980,180.06,248.6,120,249.5,30,338880
2026-04-13T12:03:23.236,NF,BANKNIFTY28APR2657500CE,248.6,168.3,257.6,110.85,358.3,632040,180.06,248.9,60,249.7,30,338880
2026-04-13T12:03:24.439,NF,BANKNIFTY28APR2657500CE,250.0,168.3,257.6,110.85,358.3,632190,180.08,250.35,30,251.15,90,338880
2026-04-13T12:03:33.251,NF,BANKNIFTY28APR2657500CE,249.45,168.3,257.6,110.85,358.3,633390,180.21,249.1,90,250.1,30,338880
2026-04-13T12:03:34.455,NF,BANKNIFTY28APR2657500CE,250.0,168.3,257.6,110.85,358.3,633420,180.21,249.15,30,250.05,30,338880
2026-04-13T12:03:36.857,NF,BANKNIFTY28APR2657500CE,248.9,168.3,257.6,110.85,358.3,633480,180.22,248.85,60,249.85,30,338880
2026-04-13T12:03:39.264,NF,BANKNIFTY28APR2657500CE,249.9,168.3,257.6,110.85,358.3,634530,180.34,248.9,90,249.95,120,338880
2026-04-13T12:03:40.466,NF,BANKNIFTY28APR2657500CE,248.7,168.3,257.6,110.85,358.3,634710,180.36,248.55,60,249.7,60,338880
2026-04-13T12:03:42.867,NF,BANKNIFTY28APR2657500CE,248.9,168.3,257.6,110.85,358.3,634770,180.36,249.3,30,250.15,30,338880
2026-04-13T12:03:46.474,NF,BANKNIFTY28APR2657500CE,250.0,168.3,257.6,110.85,358.3,634800,180.36,249.65,30,250.65,90,338880
2026-04-13T12:03:47.675,NF,BANKNIFTY28APR2657500CE,250.6,168.3,257.6,110.85,358.3,635040,180.39,249.35,60,250.4,120,338880
2026-04-13T12:03:51.480,NF,BANKNIFTY28APR2657500CE,252.0,168.3,257.6,110.85,358.3,635160,180.4,252.0,60,253.15,60,338880
2026-04-13T12:03:52.681,NF,BANKNIFTY28APR2657500CE,253.1,168.3,257.6,110.85,358.3,635220,180.41,253.0,30,254.05,90,338880
2026-04-13T12:03:53.885,NF,BANKNIFTY28APR2657500CE,254.2,168.3,257.6,110.85,358.3,635340,180.43,253.2,60,254.0,150,338880
2026-04-13T12:03:55.087,NF,BANKNIFTY28APR2657500CE,252.9,168.3,257.6,110.85,358.3,635400,180.43,252.65,60,253.65,30,338880
2026-04-13T12:03:57.489,NF,BANKNIFTY28APR2657500CE,252.4,168.3,257.6,110.85,358.3,635520,180.45,252.15,60,253.05,30,338880
2026-04-13T12:04:03.697,NF,BANKNIFTY28APR2657500CE,253.8,168.3,257.6,110.85,358.3,635790,180.48,252.9,30,253.65,150,338880
2026-04-13T12:04:04.900,NF,BANKNIFTY28APR2657500CE,252.9,168.3,257.6,110.85,358.3,635820,180.48,251.4,30,252.55,120,338880
2026-04-13T12:04:09.508,NF,BANKNIFTY28APR2657500CE,251.0,168.3,257.6,110.85,358.3,636060,180.51,250.9,150,251.8,30,338880
2026-04-13T12:04:10.710,NF,BANKNIFTY28APR2657500CE,252.0,168.3,257.6,110.85,358.3,636120,180.51,251.1,30,252.0,270,338880
2026-04-13T12:04:11.917,NF,BANKNIFTY28APR2657500CE,251.4,168.3,257.6,110.85,358.3,636180,180.52,251.35,30,252.0,270,338880
2026-04-13T12:04:15.516,NF,BANKNIFTY28APR2657500CE,251.55,168.3,257.6,110.85,358.3,636420,180.55,251.6,30,252.0,30,338880
2026-04-13T12:04:16.734,NF,BANKNIFTY28APR2657500CE,252.0,168.3,257.6,110.85,358.3,636450,180.55,252.3,30,253.3,30,338880
2026-04-13T12:04:19.124,NF,BANKNIFTY28APR2657500CE,252.45,168.3,257.6,110.85,358.3,636630,180.57,252.45,60,253.45,60,338880
2026-04-13T12:04:26.136,NF,BANKNIFTY28APR2657500CE,253.4,168.3,257.6,110.85,358.3,636750,180.58,252.2,30,253.35,60,338880
2026-04-13T12:04:27.333,NF,BANKNIFTY28APR2657500CE,252.0,168.3,257.6,110.85,358.3,636990,180.61,250.9,30,252.1,30,338880
2026-04-13T12:04:30.943,NF,BANKNIFTY28APR2657500CE,250.35,168.3,257.6,110.85,358.3,637020,180.62,250.85,60,251.6,60,338880
2026-04-13T12:04:35.754,NF,BANKNIFTY28APR2657500CE,251.75,168.3,257.6,110.85,358.3,637080,180.62,250.95,30,251.9,90,338880
2026-04-13T12:04:38.146,NF,BANKNIFTY28APR2657500CE,251.95,168.3,257.6,110.85,358.3,637110,180.63,250.9,30,252.0,120,338880
2026-04-13T12:04:41.551,NF,BANKNIFTY28APR2657500CE,252.0,168.3,257.6,110.85,358.3,637260,180.64,250.8,30,251.8,120,338880
2026-04-13T12:04:42.760,NF,BANKNIFTY28APR2657500CE,251.55,168.3,257.6,110.85,358.3,637290,180.65,250.75,30,251.7,60,338880
2026-04-13T12:04:49.763,NF,BANKNIFTY28APR2657500CE,250.75,168.3,257.6,110.85,358.3,637320,180.65,250.75,30,251.9,180,338880
2026-04-13T12:04:50.966,NF,BANKNIFTY28APR2657500CE,250.25,168.3,257.6,110.85,358.3,637560,180.67,250.35,270,251.45,60,338880
2026-04-13T12:04:55.774,NF,BANKNIFTY28APR2657500CE,251.4,168.3,257.6,110.85,358.3,637590,180.68,250.4,30,251.3,150,338880
2026-04-13T12:05:05.584,NF,BANKNIFTY28APR2657500CE,252.4,168.3,257.6,110.85,358.3,637620,180.68,251.35,120,252.55,30,340500
2026-04-13T12:05:10.395,NF,BANKNIFTY28APR2657500CE,252.4,168.3,257.6,110.85,358.3,637650,180.68,251.75,90,252.35,150,340500
2026-04-13T12:05:11.598,NF,BANKNIFTY28APR2657500CE,251.7,168.3,257.6,110.85,358.3,637800,180.7,251.65,90,251.7,30,340500
2026-04-13T12:05:12.994,NF,BANKNIFTY28APR2657500CE,251.65,168.3,257.6,110.85,358.3,638310,180.76,251.45,120,252.1,60,340500
2026-04-13T12:05:16.616,NF,BANKNIFTY28APR2657500CE,251.0,168.3,257.6,110.85,358.3,638460,180.78,250.45,90,251.0,120,340500
2026-04-13T12:05:19.010,NF,BANKNIFTY28APR2657500CE,251.0,168.3,257.6,110.85,358.3,638580,180.79,250.7,120,251.8,60,340500
2026-04-13T12:05:22.616,NF,BANKNIFTY28APR2657500CE,251.85,168.3,257.6,110.85,358.3,639000,180.83,251.3,90,252.25,30,340500
2026-04-13T12:05:24.011,NF,BANKNIFTY28APR2657500CE,252.1,168.3,257.6,110.85,358.3,639060,180.84,251.4,90,252.35,30,340500
2026-04-13T12:05:33.629,NF,BANKNIFTY28APR2657500CE,252.5,168.3,257.6,110.85,358.3,639120,180.85,251.5,60,252.5,120,340500
2026-04-13T12:05:34.832,NF,BANKNIFTY28APR2657500CE,252.55,168.3,257.6,110.85,358.3,639150,180.85,251.45,60,252.4,60,340500
2026-04-13T12:05:37.235,NF,BANKNIFTY28APR2657500CE,251.6,168.3,257.6,110.85,358.3,639240,180.86,251.45,60,252.45,60,340500
2026-04-13T12:05:39.641,NF,BANKNIFTY28APR2657500CE,252.3,168.3,257.6,110.85,358.3,639270,180.87,251.3,60,252.3,30,340500
2026-04-13T12:05:54.263,NF,BANKNIFTY28APR2657500CE,252.4,168.3,257.6,110.85,358.3,639300,180.87,251.7,60,252.45,30,340500
2026-04-13T12:06:05.282,NF,BANKNIFTY28APR2657500CE,253.35,168.3,257.6,110.85,358.3,639330,180.87,252.75,30,253.65,150,340500
2026-04-13T12:06:10.089,NF,BANKNIFTY28APR2657500CE,253.65,168.3,257.6,110.85,358.3,639360,180.88,252.65,60,253.6,30,340500
2026-04-13T12:06:15.904,NF,BANKNIFTY28APR2657500CE,255.0,168.3,257.6,110.85,358.3,639390,180.88,254.25,60,254.95,150,340500
2026-04-13T12:06:17.300,NF,BANKNIFTY28APR2657500CE,255.0,168.3,257.6,110.85,358.3,639450,180.89,254.45,60,255.15,60,340500
2026-04-13T12:06:18.517,NF,BANKNIFTY28APR2657500CE,255.2,168.3,257.6,110.85,358.3,639540,180.9,254.4,60,255.4,30,340500
2026-04-13T12:06:23.511,NF,BANKNIFTY28APR2657500CE,255.4,168.3,257.6,110.85,358.3,639570,180.9,255.4,60,256.25,90,340500
2026-04-13T12:06:24.718,NF,BANKNIFTY28APR2657500CE,255.85,168.3,257.6,110.85,358.3,639660,180.91,255.65,90,256.5,60,340500
2026-04-13T12:06:27.315,NF,BANKNIFTY28APR2657500CE,257.0,168.3,257.6,110.85,358.3,639720,180.92,257.0,30,257.9,90,340500
2026-04-13T12:06:28.533,NF,BANKNIFTY28APR2657500CE,257.0,168.3,257.6,110.85,358.3,639750,180.92,256.85,30,257.75,120,340500
2026-04-13T12:06:29.725,NF,BANKNIFTY28APR2657500CE,256.55,168.3,257.6,110.85,358.3,640320,180.99,255.7,120,256.7,30,340500
2026-04-13T12:06:30.924,NF,BANKNIFTY28APR2657500CE,255.55,168.3,257.6,110.85,358.3,640380,180.99,255.6,30,256.6,30,340500
2026-04-13T12:06:37.332,NF,BANKNIFTY28APR2657500CE,261.4,168.3,262.2,110.85,358.3,642090,181.21,261.15,90,262.2,150,340500
2026-04-13T12:06:38.336,NF,BANKNIFTY28APR2657500CE,261.55,168.3,262.2,110.85,358.3,642270,181.23,260.7,60,261.55,150,340500
2026-04-13T12:06:39.539,NF,BANKNIFTY28APR2657500CE,260.05,168.3,262.2,110.85,358.3,642420,181.25,259.05,60,260.1,150,340500
2026-04-13T12:06:43.343,NF,BANKNIFTY28APR2657500CE,259.5,168.3,262.2,110.85,358.3,642540,181.26,258.5,120,259.5,180,340500
2026-04-13T12:06:44.546,NF,BANKNIFTY28APR2657500CE,259.1,168.3,262.2,110.85,358.3,642750,181.29,259.25,180,260.25,60,340500
2026-04-13T12:06:49.562,NF,BANKNIFTY28APR2657500CE,258.55,168.3,262.2,110.85,358.3,642990,181.32,257.75,90,258.7,60,340500
2026-04-13T12:07:00.776,NF,BANKNIFTY28APR2657500CE,261.5,168.3,262.2,110.85,358.3,643110,181.33,260.55,60,261.35,30,340500
2026-04-13T12:07:03.184,NF,BANKNIFTY28APR2657500CE,260.15,168.3,262.2,110.85,358.3,643140,181.34,260.4,60,261.25,90,340500
2026-04-13T12:07:05.425,NF,BANKNIFTY28APR2657500CE,260.1,168.3,262.2,110.85,358.3,643350,181.36,259.15,30,260.35,30,340500
2026-04-13T12:07:05.786,NF,BANKNIFTY28APR2657500CE,260.05,168.3,262.2,110.85,358.3,643380,181.37,259.15,60,260.05,60,340500
2026-04-13T12:07:06.977,NF,BANKNIFTY28APR2657500CE,259.6,168.3,262.2,110.85,358.3,643410,181.37,259.1,30,259.8,60,340500
2026-04-13T12:07:08.193,NF,BANKNIFTY28APR2657500CE,259.8,168.3,262.2,110.85,358.3,643470,181.38,259.1,30,259.8,60,340500
2026-04-13T12:07:09.382,NF,BANKNIFTY28APR2657500CE,259.65,168.3,262.2,110.85,358.3,643500,181.38,259.1,30,259.65,60,340500
2026-04-13T12:07:10.780,NF,BANKNIFTY28APR2657500CE,259.1,168.3,262.2,110.85,358.3,643530,181.38,258.55,60,259.55,30,340500
2026-04-13T12:07:11.991,NF,BANKNIFTY28APR2657500CE,258.55,168.3,262.2,110.85,358.3,643560,181.39,258.5,120,259.6,120,340500
2026-04-13T12:07:13.199,NF,BANKNIFTY28APR2657500CE,259.5,168.3,262.2,110.85,358.3,643620,181.4,258.3,30,259.3,90,340500
2026-04-13T12:07:14.388,NF,BANKNIFTY28APR2657500CE,259.45,168.3,262.2,110.85,358.3,643830,181.42,258.65,30,259.55,60,340500
2026-04-13T12:07:16.809,NF,BANKNIFTY28APR2657500CE,259.35,168.3,262.2,110.85,358.3,643890,181.43,258.1,30,259.4,30,340500
2026-04-13T12:07:17.996,NF,BANKNIFTY28APR2657500CE,259.4,168.3,262.2,110.85,358.3,643920,181.43,258.85,30,259.8,60,340500
2026-04-13T12:07:19.199,NF,BANKNIFTY28APR2657500CE,258.85,168.3,262.2,110.85,358.3,643980,181.44,258.45,30,259.5,60,340500
2026-04-13T12:07:26.409,NF,BANKNIFTY28APR2657500CE,258.9,168.3,262.2,110.85,358.3,644010,181.44,258.85,300,259.8,90,340500
2026-04-13T12:07:28.607,NF,BANKNIFTY28APR2657500CE,259.8,168.3,262.2,110.85,358.3,644040,181.45,259.1,30,259.8,60,340500
2026-04-13T12:07:29.616,NF,BANKNIFTY28APR2657500CE,259.8,168.3,262.2,110.85,358.3,644070,181.45,258.9,30,259.8,60,340500
2026-04-13T12:07:32.429,NF,BANKNIFTY28APR2657500CE,258.95,168.3,262.2,110.85,358.3,644100,181.45,259.1,30,260.0,30,340500
2026-04-13T12:07:34.836,NF,BANKNIFTY28APR2657500CE,258.85,168.3,262.2,110.85,358.3,644430,181.49,258.6,30,259.5,30,340500
2026-04-13T12:07:36.021,NF,BANKNIFTY28APR2657500CE,258.4,168.3,262.2,110.85,358.3,644580,181.51,257.3,60,258.4,60,340500
2026-04-13T12:07:38.424,NF,BANKNIFTY28APR2657500CE,258.5,168.3,262.2,110.85,358.3,644910,181.55,257.25,30,258.35,60,340500
2026-04-13T12:07:40.828,NF,BANKNIFTY28APR2657500CE,256.85,168.3,262.2,110.85,358.3,645270,181.59,255.85,30,257.35,90,340500
2026-04-13T12:07:42.227,NF,BANKNIFTY28APR2657500CE,257.1,168.3,262.2,110.85,358.3,645360,181.6,256.0,60,256.9,30,340500
2026-04-13T12:07:43.428,NF,BANKNIFTY28APR2657500CE,256.85,168.3,262.2,110.85,358.3,645390,181.61,255.75,30,256.85,30,340500
2026-04-13T12:07:44.633,NF,BANKNIFTY28APR2657500CE,256.85,168.3,262.2,110.85,358.3,645420,181.61,255.6,30,256.5,60,340500
2026-04-13T12:07:45.832,NF,BANKNIFTY28APR2657500CE,255.5,168.3,262.2,110.85,358.3,645630,181.63,255.0,30,256.05,60,340500
2026-04-13T12:07:47.036,NF,BANKNIFTY28APR2657500CE,256.05,168.3,262.2,110.85,358.3,645660,181.64,255.5,30,256.55,90,340500
2026-04-13T12:07:48.246,NF,BANKNIFTY28APR2657500CE,255.4,168.3,262.2,110.85,358.3,646290,181.71,255.4,60,256.45,60,340500
2026-04-13T12:07:49.636,NF,BANKNIFTY28APR2657500CE,256.0,168.3,262.2,110.85,358.3,648600,181.97,255.05,30,256.2,30,340500
2026-04-13T12:07:50.837,NF,BANKNIFTY28APR2657500CE,256.0,168.3,262.2,110.85,358.3,648840,182.0,255.0,60,256.2,30,340500
2026-04-13T12:07:52.041,NF,BANKNIFTY28APR2657500CE,256.05,168.3,262.2,110.85,358.3,648870,182.0,256.0,60,257.1,30,340500
2026-04-13T12:07:54.482,NF,BANKNIFTY28APR2657500CE,256.2,168.3,262.2,110.85,358.3,648900,182.0,255.4,30,256.25,150,340500
2026-04-13T12:07:55.847,NF,BANKNIFTY28APR2657500CE,255.45,168.3,262.2,110.85,358.3,648930,182.01,255.5,30,256.4,30,340500
2026-04-13T12:07:57.107,NF,BANKNIFTY28APR2657500CE,255.45,168.3,262.2,110.85,358.3,649080,182.03,256.0,210,256.4,60,340500
2026-04-13T12:07:58.259,NF,BANKNIFTY28APR2657500CE,255.3,168.3,262.2,110.85,358.3,649620,182.09,255.35,90,256.25,30,340500
2026-04-13T12:07:59.459,NF,BANKNIFTY28APR2657500CE,255.35,168.3,262.2,110.85,358.3,649650,182.09,255.05,60,255.9,30,340500
2026-04-13T12:08:03.067,NF,BANKNIFTY28APR2657500CE,255.75,168.3,262.2,110.85,358.3,649680,182.09,255.15,60,256.1,90,340500
2026-04-13T12:08:04.340,NF,BANKNIFTY28APR2657500CE,256.15,168.3,262.2,110.85,358.3,649710,182.1,255.2,30,256.25,150,343830
2026-04-13T12:08:09.269,NF,BANKNIFTY28APR2657500CE,255.6,168.3,262.2,110.85,358.3,650250,182.16,255.0,150,255.7,60,343830
2026-04-13T12:08:14.278,NF,BANKNIFTY28APR2657500CE,255.3,168.3,262.2,110.85,358.3,650340,182.17,255.3,30,256.1,60,343830
2026-04-13T12:08:15.481,NF,BANKNIFTY28APR2657500CE,256.2,168.3,262.2,110.85,358.3,650430,182.18,255.45,30,256.4,60,343830
2026-04-13T12:08:17.888,NF,BANKNIFTY28APR2657500CE,256.4,168.3,262.2,110.85,358.3,650490,182.19,255.6,30,256.5,90,343830
2026-04-13T12:08:28.905,NF,BANKNIFTY28APR2657500CE,256.2,168.3,262.2,110.85,358.3,650700,182.21,256.0,150,256.65,30,343830
2026-04-13T12:08:31.311,NF,BANKNIFTY28APR2657500CE,256.4,168.3,262.2,110.85,358.3,650730,182.21,256.2,30,257.1,30,343830
2026-04-13T12:08:37.520,NF,BANKNIFTY28APR2657500CE,256.75,168.3,262.2,110.85,358.3,650760,182.22,256.0,150,256.75,60,343830
2026-04-13T12:08:38.534,NF,BANKNIFTY28APR2657500CE,256.75,168.3,262.2,110.85,358.3,651060,182.25,256.0,150,256.75,60,343830
2026-04-13T12:08:39.724,NF,BANKNIFTY28APR2657500CE,256.9,168.3,262.2,110.85,358.3,651090,182.25,256.1,30,256.95,90,343830
2026-04-13T12:08:45.732,NF,BANKNIFTY28APR2657500CE,256.35,168.3,262.2,110.85,358.3,651270,182.27,256.0,150,256.55,60,343830
2026-04-13T12:08:48.136,NF,BANKNIFTY28APR2657500CE,256.0,168.3,262.2,110.85,358.3,651420,182.29,255.1,90,255.8,30,343830
2026-04-13T12:08:49.339,NF,BANKNIFTY28APR2657500CE,255.0,168.3,262.2,110.85,358.3,651540,182.3,254.35,30,255.15,30,343830
2026-04-13T12:08:50.548,NF,BANKNIFTY28APR2657500CE,254.1,168.3,262.2,110.85,358.3,651570,182.31,254.05,60,255.0,30,343830
2026-04-13T12:08:51.941,NF,BANKNIFTY28APR2657500CE,254.7,168.3,262.2,110.85,358.3,651690,182.32,255.1,30,256.05,30,343830
2026-04-13T12:08:54.348,NF,BANKNIFTY28APR2657500CE,255.85,168.3,262.2,110.85,358.3,651780,182.33,255.4,90,256.25,180,343830
2026-04-13T12:08:59.363,NF,BANKNIFTY28APR2657500CE,255.9,168.3,262.2,110.85,358.3,651930,182.35,254.9,60,255.9,60,343830
2026-04-13T12:09:01.961,NF,BANKNIFTY28APR2657500CE,256.7,168.3,262.2,110.85,358.3,651990,182.36,255.85,60,256.7,150,343830
2026-04-13T12:09:07.095,NF,BANKNIFTY28APR2657500CE,256.9,168.3,262.2,110.85,358.3,652080,182.37,256.85,30,257.65,90,343830
2026-04-13T12:09:08.190,NF,BANKNIFTY28APR2657500CE,257.0,168.3,262.2,110.85,358.3,652110,182.37,256.8,60,257.7,90,343830
2026-04-13T12:09:15.379,NF,BANKNIFTY28APR2657500CE,256.65,168.3,262.2,110.85,358.3,652230,182.38,255.4,30,256.3,90,343830
2026-04-13T12:09:17.786,NF,BANKNIFTY28APR2657500CE,255.8,168.3,262.2,110.85,358.3,652260,182.39,255.75,60,256.7,30,343830
2026-04-13T12:09:21.192,NF,BANKNIFTY28APR2657500CE,255.6,168.3,262.2,110.85,358.3,652440,182.41,255.15,60,256.25,60,343830
2026-04-13T12:09:23.598,NF,BANKNIFTY28APR2657500CE,257.05,168.3,262.2,110.85,358.3,653280,182.5,256.85,60,258.0,30,343830
2026-04-13T12:09:24.996,NF,BANKNIFTY28APR2657500CE,257.25,168.3,262.2,110.85,358.3,653370,182.51,256.75,60,257.45,150,343830
2026-04-13T12:09:27.406,NF,BANKNIFTY28APR2657500CE,256.2,168.3,262.2,110.85,358.3,653400,182.52,256.25,90,257.2,90,343830
2026-04-13T12:09:28.607,NF,BANKNIFTY28APR2657500CE,257.15,168.3,262.2,110.85,358.3,653460,182.52,256.25,90,257.2,30,343830
2026-04-13T12:09:32.210,NF,BANKNIFTY28APR2657500CE,257.4,168.3,262.2,110.85,358.3,653490,182.53,256.8,150,257.45,240,343830
2026-04-13T12:09:40.431,NF,BANKNIFTY28APR2657500CE,257.4,168.3,262.2,110.85,358.3,653610,182.54,257.0,180,257.55,210,343830
2026-04-13T12:09:41.629,NF,BANKNIFTY28APR2657500CE,257.55,168.3,262.2,110.85,358.3,653640,182.54,257.85,60,258.9,90,343830
2026-04-13T12:09:50.453,NF,BANKNIFTY28APR2657500CE,257.4,168.3,262.2,110.85,358.3,653700,182.55,256.8,60,257.65,60,343830
2026-04-13T12:09:54.047,NF,BANKNIFTY28APR2657500CE,258.45,168.3,262.2,110.85,358.3,653760,182.56,257.2,60,258.25,30,343830
2026-04-13T12:09:59.070,NF,BANKNIFTY28APR2657500CE,256.8,168.3,262.2,110.85,358.3,653850,182.57,256.9,30,257.85,30,343830
2026-04-13T12:10:00.455,NF,BANKNIFTY28APR2657500CE,257.8,168.3,262.2,110.85,358.3,653880,182.57,256.9,30,257.9,30,343830
2026-04-13T12:10:01.655,NF,BANKNIFTY28APR2657500CE,257.8,168.3,262.2,110.85,358.3,653910,182.57,257.0,30,258.1,30,343830
2026-04-13T12:10:05.286,NF,BANKNIFTY28APR2657500CE,258.25,168.3,262.2,110.85,358.3,654240,182.61,258.1,30,259.2,30,343830
2026-04-13T12:10:06.668,NF,BANKNIFTY28APR2657500CE,258.75,168.3,262.2,110.85,358.3,654270,182.62,257.9,30,258.7,90,343830
2026-04-13T12:10:10.299,NF,BANKNIFTY28APR2657500CE,257.55,168.3,262.2,110.85,358.3,654510,182.64,257.3,30,258.05,60,343830
2026-04-13T12:10:14.083,NF,BANKNIFTY28APR2657500CE,258.1,168.3,262.2,110.85,358.3,654630,182.66,258.0,30,258.85,30,343830
2026-04-13T12:10:21.494,NF,BANKNIFTY28APR2657500CE,259.05,168.3,262.2,110.85,358.3,655230,182.73,258.05,60,258.85,30,343830
2026-04-13T12:10:26.504,NF,BANKNIFTY28APR2657500CE,260.0,168.3,262.2,110.85,358.3,655380,182.74,259.65,60,260.6,120,343830
2026-04-13T12:10:27.902,NF,BANKNIFTY28APR2657500CE,259.75,168.3,262.2,110.85,358.3,656250,182.85,259.9,60,260.9,30,343830
2026-04-13T12:10:30.309,NF,BANKNIFTY28APR2657500CE,260.1,168.3,262.2,110.85,358.3,656340,182.86,259.8,30,260.9,60,343830
2026-04-13T12:10:34.113,NF,BANKNIFTY28APR2657500CE,260.65,168.3,262.2,110.85,358.3,656700,182.9,260.8,60,261.8,30,343830
2026-04-13T12:10:43.931,NF,BANKNIFTY28APR2657500CE,262.0,168.3,262.2,110.85,358.3,656730,182.9,261.25,60,261.8,30,343830
2026-04-13T12:10:45.137,NF,BANKNIFTY28APR2657500CE,261.25,168.3,262.2,110.85,358.3,656790,182.91,259.85,60,261.0,30,343830
2026-04-13T12:10:46.334,NF,BANKNIFTY28APR2657500CE,260.0,168.3,262.2,110.85,358.3,656820,182.91,260.9,60,261.9,60,343830
2026-04-13T12:10:47.537,NF,BANKNIFTY28APR2657500CE,261.95,168.3,262.2,110.85,358.3,656850,182.92,261.6,30,262.0,60,343830
2026-04-13T12:10:48.744,NF,BANKNIFTY28APR2657500CE,262.0,168.3,262.2,110.85,358.3,656910,182.93,261.85,120,262.8,30,343830
2026-04-13T12:10:57.151,NF,BANKNIFTY28APR2657500CE,262.25,168.3,263.3,110.85,358.3,656970,182.93,262.2,60,263.1,30,343830
2026-04-13T12:10:59.559,NF,BANKNIFTY28APR2657500CE,262.8,168.3,263.3,110.85,358.3,657000,182.94,261.4,30,262.6,60,343830
2026-04-13T12:11:01.958,NF,BANKNIFTY28APR2657500CE,261.6,168.3,263.3,110.85,358.3,657180,182.96,261.5,90,262.4,60,343830
2026-04-13T12:11:04.361,NF,BANKNIFTY28APR2657500CE,262.5,168.3,263.3,110.85,358.3,657270,182.97,261.6,90,262.55,60,343830
2026-04-13T12:11:06.771,NF,BANKNIFTY28APR2657500CE,261.7,168.3,263.3,110.85,358.3,657480,182.99,260.9,30,261.8,60,343650
2026-04-13T12:11:07.999,NF,BANKNIFTY28APR2657500CE,261.1,168.3,263.3,110.85,358.3,657600,183.01,260.2,30,261.05,60,343650
2026-04-13T12:11:14.183,NF,BANKNIFTY28APR2657500CE,262.0,168.3,263.3,110.85,358.3,657660,183.02,261.7,30,262.0,30,343650
2026-04-13T12:11:15.378,NF,BANKNIFTY28APR2657500CE,262.3,168.3,263.3,110.85,358.3,657870,183.04,262.6,30,263.6,60,343650
2026-04-13T12:11:17.782,NF,BANKNIFTY28APR2657500CE,263.9,168.3,263.9,110.85,358.3,657900,183.04,263.0,30,263.9,60,343650
2026-04-13T12:11:33.409,NF,BANKNIFTY28APR2657500CE,262.6,168.3,263.9,110.85,358.3,657930,183.05,262.6,30,263.6,30,343650
2026-04-13T12:11:42.021,NF,BANKNIFTY28APR2657500CE,261.85,168.3,263.9,110.85,358.3,657990,183.06,261.25,90,261.9,30,343650
2026-04-13T12:11:44.642,NF,BANKNIFTY28APR2657500CE,262.25,168.3,263.9,110.85,358.3,658080,183.07,261.5,120,262.55,60,343650
2026-04-13T12:11:49.631,NF,BANKNIFTY28APR2657500CE,261.45,168.3,263.9,110.85,358.3,658230,183.08,260.55,210,261.5,30,343650
2026-04-13T12:11:52.039,NF,BANKNIFTY28APR2657500CE,260.8,168.3,263.9,110.85,358.3,658260,183.09,262.05,120,263.15,30,343650
2026-04-13T12:11:53.238,NF,BANKNIFTY28APR2657500CE,261.85,168.3,263.9,110.85,358.3,658290,183.09,261.9,240,262.8,60,343650
2026-04-13T12:11:54.639,NF,BANKNIFTY28APR2657500CE,261.3,168.3,263.9,110.85,358.3,658350,183.1,261.3,150,262.25,60,343650
2026-04-13T12:11:58.255,NF,BANKNIFTY28APR2657500CE,262.15,168.3,263.9,110.85,358.3,658380,183.1,261.25,60,262.3,60,343650
2026-04-13T12:11:59.649,NF,BANKNIFTY28APR2657500CE,262.25,168.3,263.9,110.85,358.3,658470,183.11,261.2,90,262.3,60,343650
2026-04-13T12:12:00.860,NF,BANKNIFTY28APR2657500CE,262.2,168.3,263.9,110.85,358.3,658560,183.12,261.35,30,262.45,30,343650
2026-04-13T12:12:03.255,NF,BANKNIFTY28APR2657500CE,262.4,168.3,263.9,110.85,358.3,658590,183.13,261.15,30,262.45,60,343650
2026-04-13T12:12:07.058,NF,BANKNIFTY28APR2657500CE,262.05,168.3,263.9,110.85,358.3,658680,183.14,262.05,120,263.2,60,343650
2026-04-13T12:12:10.864,NF,BANKNIFTY28APR2657500CE,263.9,168.3,263.9,110.85,358.3,659460,183.23,262.85,60,263.95,60,343650
2026-04-13T12:12:15.886,NF,BANKNIFTY28APR2657500CE,264.0,168.3,264.0,110.85,358.3,659490,183.24,263.9,60,265.0,90,343650
2026-04-13T12:12:22.078,NF,BANKNIFTY28APR2657500CE,263.65,168.3,264.95,110.85,358.3,659550,183.24,263.3,30,264.4,30,343650
2026-04-13T12:12:24.499,NF,BANKNIFTY28APR2657500CE,264.15,168.3,264.95,110.85,358.3,660150,183.32,262.8,30,264.1,30,343650
2026-04-13T12:12:27.101,NF,BANKNIFTY28APR2657500CE,263.65,168.3,264.95,110.85,358.3,660210,183.33,262.25,30,263.55,60,343650
2026-04-13T12:12:29.496,NF,BANKNIFTY28APR2657500CE,263.4,168.3,264.95,110.85,358.3,660300,183.34,262.3,150,263.7,60,343650
2026-04-13T12:12:38.103,NF,BANKNIFTY28APR2657500CE,263.45,168.3,264.95,110.85,358.3,660360,183.34,263.35,30,264.5,150,343650
2026-04-13T12:12:39.306,NF,BANKNIFTY28APR2657500CE,262.65,168.3,264.95,110.85,358.3,660720,183.39,261.5,60,262.55,150,343650
2026-04-13T12:12:40.508,NF,BANKNIFTY28APR2657500CE,262.4,168.3,264.95,110.85,358.3,660750,183.39,262.3,60,263.65,120,343650
2026-04-13T12:12:41.910,NF,BANKNIFTY28APR2657500CE,262.7,168.3,264.95,110.85,358.3,660780,183.39,262.75,60,263.75,210,343650
2026-04-13T12:12:47.919,NF,BANKNIFTY28APR2657500CE,262.8,168.3,264.95,110.85,358.3,660870,183.4,261.45,60,262.85,60,343650
2026-04-13T12:13:00.332,NF,BANKNIFTY28APR2657500CE,262.35,168.3,264.95,110.85,358.3,660900,183.41,261.25,60,262.45,60,343650
2026-04-13T12:13:01.541,NF,BANKNIFTY28APR2657500CE,262.3,168.3,264.95,110.85,358.3,660930,183.41,261.25,60,262.45,60,343650
2026-04-13T12:13:02.750,NF,BANKNIFTY28APR2657500CE,261.85,168.3,264.95,110.85,358.3,661380,183.47,263.05,90,264.2,30,343650
2026-04-13T12:13:06.547,NF,BANKNIFTY28APR2657500CE,262.1,168.3,264.95,110.85,358.3,661410,183.47,261.75,60,262.9,30,343650
2026-04-13T12:13:16.360,NF,BANKNIFTY28APR2657500CE,264.55,168.3,264.95,110.85,358.3,661440,183.47,263.5,90,264.65,30,343650
2026-04-13T12:13:17.561,NF,BANKNIFTY28APR2657500CE,264.6,168.3,264.95,110.85,358.3,661500,183.48,263.3,60,264.4,60,343650
2026-04-13T12:13:18.765,NF,BANKNIFTY28APR2657500CE,265.0,168.3,265.0,110.85,358.3,661590,183.49,264.45,90,265.45,30,343650
2026-04-13T12:13:20.162,NF,BANKNIFTY28APR2657500CE,265.7,168.3,265.7,110.85,358.3,661800,183.52,264.75,60,265.7,150,343650
2026-04-13T12:13:21.365,NF,BANKNIFTY28APR2657500CE,266.0,168.3,266.0,110.85,358.3,661830,183.52,265.55,60,266.0,390,343650
2026-04-13T12:13:22.582,NF,BANKNIFTY28APR2657500CE,266.0,168.3,266.0,110.85,358.3,661860,183.52,265.4,120,266.0,360,343650
2026-04-13T12:13:27.575,NF,BANKNIFTY28APR2657500CE,265.05,168.3,266.0,110.85,358.3,661890,183.53,265.0,60,266.0,480,343650
2026-04-13T12:13:30.178,NF,BANKNIFTY28APR2657500CE,266.0,168.3,266.0,110.85,358.3,661920,183.53,264.65,60,265.6,30,343650
2026-04-13T12:13:37.392,NF,BANKNIFTY28APR2657500CE,265.0,168.3,266.0,110.85,358.3,661980,183.54,264.2,90,265.2,60,343650
2026-04-13T12:13:42.397,NF,BANKNIFTY28APR2657500CE,264.95,168.3,266.0,110.85,358.3,662010,183.54,264.4,30,265.45,60,343650
2026-04-13T12:13:46.003,NF,BANKNIFTY28APR2657500CE,265.1,168.3,266.0,110.85,358.3,662130,183.56,264.35,30,265.15,60,343650
2026-04-13T12:13:49.614,NF,BANKNIFTY28APR2657500CE,264.95,168.3,266.0,110.85,358.3,662160,183.56,264.2,90,265.2,120,343650
2026-04-13T12:13:52.012,NF,BANKNIFTY28APR2657500CE,265.45,168.3,266.0,110.85,358.3,662370,183.59,265.4,30,266.0,330,343650
2026-04-13T12:13:53.216,NF,BANKNIFTY28APR2657500CE,265.6,168.3,266.0,110.85,358.3,662400,183.59,265.55,90,266.0,330,343650
2026-04-13T12:13:54.614,NF,BANKNIFTY28APR2657500CE,266.0,168.3,266.0,110.85,358.3,662430,183.59,265.6,30,266.0,300,343650
2026-04-13T12:13:59.622,NF,BANKNIFTY28APR2657500CE,265.85,168.3,266.0,110.85,358.3,662460,183.6,265.0,60,266.0,390,343650
2026-04-13T12:14:00.829,NF,BANKNIFTY28APR2657500CE,266.0,168.3,266.0,110.85,358.3,662490,183.6,264.95,30,265.55,300,343650
2026-04-13T12:14:03.240,NF,BANKNIFTY28APR2657500CE,264.35,168.3,266.0,110.85,358.3,662550,183.61,264.55,90,265.3,30,343650
2026-04-13T12:14:07.041,NF,BANKNIFTY28APR2657500CE,264.75,168.3,266.0,110.85,358.3,662640,183.62,263.75,30,264.7,30,344160
2026-04-13T12:14:10.851,NF,BANKNIFTY28APR2657500CE,264.35,168.3,266.0,110.85,358.3,662700,183.63,263.75,30,264.75,210,344160
2026-04-13T12:14:12.042,NF,BANKNIFTY28APR2657500CE,264.75,168.3,266.0,110.85,358.3,662730,183.63,264.0,120,264.75,210,344160
2026-04-13T12:14:13.248,NF,BANKNIFTY28APR2657500CE,264.75,168.3,266.0,110.85,358.3,662760,183.63,264.0,90,264.75,180,344160
2026-04-13T12:14:14.644,NF,BANKNIFTY28APR2657500CE,264.75,168.3,266.0,110.85,358.3,662790,183.64,264.2,30,264.75,150,344160
2026-04-13T12:14:15.847,NF,BANKNIFTY28APR2657500CE,264.75,168.3,266.0,110.85,358.3,662820,183.64,264.35,30,264.75,90,344160
2026-04-13T12:14:19.461,NF,BANKNIFTY28APR2657500CE,264.75,168.3,266.0,110.85,358.3,662910,183.65,264.25,240,265.45,30,344160
2026-04-13T12:14:24.460,NF,BANKNIFTY28APR2657500CE,265.75,168.3,266.0,110.85,358.3,663210,183.69,266.75,30,267.7,90,344160
2026-04-13T12:14:28.068,NF,BANKNIFTY28APR2657500CE,267.05,168.3,267.05,110.85,358.3,663240,183.69,267.0,60,267.9,60,344160
2026-04-13T12:14:31.871,NF,BANKNIFTY28APR2657500CE,266.7,168.3,267.05,110.85,358.3,663270,183.7,266.95,120,267.9,30,344160
2026-04-13T12:14:33.074,NF,BANKNIFTY28APR2657500CE,268.1,168.3,268.1,110.85,358.3,663330,183.71,267.5,120,268.55,30,344160
2026-04-13T12:14:40.488,NF,BANKNIFTY28APR2657500CE,268.2,168.3,268.85,110.85,358.3,663540,183.73,267.95,60,268.65,150,344160
2026-04-13T12:14:41.690,NF,BANKNIFTY28APR2657500CE,267.9,168.3,268.85,110.85,358.3,663600,183.74,267.7,60,268.7,30,344160
2026-04-13T12:14:45.502,NF,BANKNIFTY28APR2657500CE,267.95,168.3,268.85,110.85,358.3,663630,183.74,267.9,60,268.9,60,344160
2026-04-13T12:14:47.901,NF,BANKNIFTY28APR2657500CE,269.05,168.3,270.0,110.85,358.3,663780,183.76,267.85,30,268.9,30,344160
2026-04-13T12:14:49.098,NF,BANKNIFTY28APR2657500CE,268.0,168.3,270.0,110.85,358.3,663810,183.77,267.25,90,268.35,30,344160
2026-04-13T12:14:55.308,NF,BANKNIFTY28APR2657500CE,269.2,168.3,270.0,110.85,358.3,663840,183.77,269.45,60,270.0,60,344160
2026-04-13T12:14:59.113,NF,BANKNIFTY28APR2657500CE,270.0,168.3,270.0,110.85,358.3,663870,183.77,269.5,30,270.0,30,344160
2026-04-13T12:15:00.333,NF,BANKNIFTY28APR2657500CE,270.55,168.3,270.55,110.85,358.3,663960,183.79,269.5,60,270.4,150,344160
2026-04-13T12:15:01.718,NF,BANKNIFTY28APR2657500CE,270.5,168.3,270.55,110.85,358.3,664110,183.81,270.2,60,271.05,240,344160
2026-04-13T12:15:05.324,NF,BANKNIFTY28APR2657500CE,270.95,168.3,270.95,110.85,358.3,664140,183.81,270.7,60,271.45,90,344160
2026-04-13T12:15:07.936,NF,BANKNIFTY28APR2657500CE,271.9,168.3,271.9,110.85,358.3,664170,183.81,270.65,60,271.8,30,344160
2026-04-13T12:15:09.128,NF,BANKNIFTY28APR2657500CE,271.85,168.3,271.9,110.85,358.3,664200,183.82,270.8,60,271.9,30,344160
2026-04-13T12:15:11.533,NF,BANKNIFTY28APR2657500CE,271.95,168.3,271.95,110.85,358.3,664260,183.83,271.15,90,271.95,60,344160
2026-04-13T12:15:14.148,NF,BANKNIFTY28APR2657500CE,271.6,168.3,271.95,110.85,358.3,664290,183.83,270.45,150,271.45,30,344160
2026-04-13T12:15:15.345,NF,BANKNIFTY28APR2657500CE,271.15,168.3,271.95,110.85,358.3,664320,183.83,270.15,90,271.2,30,344160
2026-04-13T12:15:16.564,NF,BANKNIFTY28APR2657500CE,271.2,168.3,271.95,110.85,358.3,664350,183.84,270.6,120,271.85,60,344160
2026-04-13T12:15:17.738,NF,BANKNIFTY28APR2657500CE,271.45,168.3,271.95,110.85,358.3,664410,183.85,270.4,60,271.5,60,344160
2026-04-13T12:15:18.758,NF,BANKNIFTY28APR2657500CE,271.5,168.3,271.95,110.85,358.3,664440,183.85,270.15,90,271.0,60,344160
2026-04-13T12:15:19.944,NF,BANKNIFTY28APR2657500CE,271.0,168.3,271.95,110.85,358.3,664740,183.89,270.1,60,270.95,60,344160
2026-04-13T12:15:21.144,NF,BANKNIFTY28APR2657500CE,271.0,168.3,271.95,110.85,358.3,664800,183.9,270.05,60,270.9,30,344160
2026-04-13T12:15:22.348,NF,BANKNIFTY28APR2657500CE,270.0,168.3,271.95,110.85,358.3,664860,183.9,269.15,60,270.15,30,344160
2026-04-13T12:15:23.551,NF,BANKNIFTY28APR2657500CE,269.7,168.3,271.95,110.85,358.3,664890,183.91,269.15,30,269.75,30,344160
2026-04-13T12:15:24.758,NF,BANKNIFTY28APR2657500CE,269.5,168.3,271.95,110.85,358.3,664920,183.91,268.05,30,269.05,60,344160
2026-04-13T12:15:26.151,NF,BANKNIFTY28APR2657500CE,269.0,168.3,271.95,110.85,358.3,664950,183.92,268.15,30,269.15,60,344160
2026-04-13T12:15:28.374,NF,BANKNIFTY28APR2657500CE,268.05,168.3,271.95,110.85,358.3,665040,183.93,268.05,30,269.05,60,344160
2026-04-13T12:15:29.560,NF,BANKNIFTY28APR2657500CE,269.05,168.3,271.95,110.85,358.3,665070,183.93,268.85,30,269.9,30,344160
2026-04-13T12:15:34.566,NF,BANKNIFTY28APR2657500CE,270.55,168.3,271.95,110.85,358.3,665100,183.94,269.9,30,271.0,90,344160
2026-04-13T12:15:36.975,NF,BANKNIFTY28APR2657500CE,271.1,168.3,271.95,110.85,358.3,665130,183.94,271.05,30,271.55,60,344160
2026-04-13T12:15:37.974,NF,BANKNIFTY28APR2657500CE,271.05,168.3,271.95,110.85,358.3,665160,183.94,270.05,30,271.3,60,344160
2026-04-13T12:15:42.983,NF,BANKNIFTY28APR2657500CE,271.35,168.3,271.95,110.85,358.3,665220,183.95,270.3,30,271.5,30,344160
2026-04-13T12:15:44.187,NF,BANKNIFTY28APR2657500CE,270.15,168.3,271.95,110.85,358.3,665430,183.98,269.1,90,270.15,60,344160
2026-04-13T12:15:50.391,NF,BANKNIFTY28APR2657500CE,270.0,168.3,271.95,110.85,358.3,665460,183.98,269.8,30,271.0,90,344160
2026-04-13T12:15:51.597,NF,BANKNIFTY28APR2657500CE,269.65,168.3,271.95,110.85,358.3,665760,184.02,270.1,60,271.0,60,344160
2026-04-13T12:15:52.795,NF,BANKNIFTY28APR2657500CE,270.95,168.3,271.95,110.85,358.3,665790,184.02,269.9,60,271.05,90,344160
2026-04-13T12:15:55.212,NF,BANKNIFTY28APR2657500CE,271.0,168.3,271.95,110.85,358.3,666900,184.17,270.1,30,271.15,60,344160
2026-04-13T12:15:56.400,NF,BANKNIFTY28APR2657500CE,271.7,168.3,271.95,110.85,358.3,666930,184.17,270.5,30,271.6,120,344160
2026-04-13T12:15:57.623,NF,BANKNIFTY28APR2657500CE,272.2,168.3,272.2,110.85,358.3,667440,184.24,271.15,30,271.95,30,344160
2026-04-13T12:16:00.021,NF,BANKNIFTY28APR2657500CE,271.4,168.3,272.2,110.85,358.3,667560,184.25,270.5,60,271.5,150,344160
2026-04-13T12:16:11.028,NF,BANKNIFTY28APR2657500CE,270.45,168.3,272.2,110.85,358.3,668190,184.33,268.45,60,269.55,60,344160
2026-04-13T12:16:12.446,NF,BANKNIFTY28APR2657500CE,270.15,168.3,272.2,110.85,358.3,668400,184.36,269.2,30,270.4,60,344160
2026-04-13T12:16:18.455,NF,BANKNIFTY28APR2657500CE,269.5,168.3,272.2,110.85,358.3,668490,184.37,269.05,30,269.5,60,344160
2026-04-13T12:16:19.654,NF,BANKNIFTY28APR2657500CE,269.65,168.3,272.2,110.85,358.3,668520,184.38,269.1,30,269.65,30,344160
2026-04-13T12:16:20.856,NF,BANKNIFTY28APR2657500CE,269.0,168.3,272.2,110.85,358.3,668550,184.38,269.05,30,269.65,30,344160
2026-04-13T12:16:22.057,NF,BANKNIFTY28APR2657500CE,269.4,168.3,272.2,110.85,358.3,669030,184.44,268.6,30,269.45,30,344160
2026-04-13T12:16:23.249,NF,BANKNIFTY28APR2657500CE,269.45,168.3,272.2,110.85,358.3,669060,184.45,268.5,60,269.5,210,344160
2026-04-13T12:16:24.665,NF,BANKNIFTY28APR2657500CE,268.75,168.3,272.2,110.85,358.3,669120,184.45,268.25,30,268.8,30,344160
2026-04-13T12:16:28.274,NF,BANKNIFTY28APR2657500CE,268.0,168.3,272.2,110.85,358.3,669150,184.46,267.25,30,268.15,30,344160
2026-04-13T12:16:34.272,NF,BANKNIFTY28APR2657500CE,267.85,168.3,272.2,110.85,358.3,669180,184.46,267.3,30,268.1,60,344160
2026-04-13T12:16:36.874,NF,BANKNIFTY28APR2657500CE,270.9,168.3,272.2,110.85,358.3,669300,184.48,269.45,30,270.4,60,344160
2026-04-13T12:16:38.070,NF,BANKNIFTY28APR2657500CE,270.3,168.3,272.2,110.85,358.3,669330,184.48,269.0,90,270.2,30,344160
2026-04-13T12:16:40.302,NF,BANKNIFTY28APR2657500CE,268.95,168.3,272.2,110.85,358.3,669360,184.48,267.5,30,268.9,60,344160
2026-04-13T12:16:42.873,NF,BANKNIFTY28APR2657500CE,268.7,168.3,272.2,110.85,358.3,669480,184.5,267.55,30,268.5,60,344160
2026-04-13T12:16:44.078,NF,BANKNIFTY28APR2657500CE,268.5,168.3,272.2,110.85,358.3,669540,184.51,267.8,30,268.9,150,344160
2026-04-13T12:16:51.501,NF,BANKNIFTY28APR2657500CE,268.95,168.3,272.2,110.85,358.3,669630,184.52,268.0,60,268.9,90,344160
2026-04-13T12:16:54.109,NF,BANKNIFTY28APR2657500CE,268.2,168.3,272.2,110.85,358.3,669660,184.52,268.05,30,268.9,120,344160
2026-04-13T12:16:55.097,NF,BANKNIFTY28APR2657500CE,268.9,168.3,272.2,110.85,358.3,669690,184.52,268.0,30,268.9,90,344160
2026-04-13T12:17:08.134,NF,BANKNIFTY28APR2657500CE,270.05,168.3,272.2,110.85,358.3,669750,184.53,269.25,60,270.5,120,345420
2026-04-13T12:17:30.364,NF,BANKNIFTY28APR2657500CE,269.7,168.3,272.2,110.85,358.3,669780,184.54,268.65,30,269.8,690,345420
2026-04-13T12:17:35.156,NF,BANKNIFTY28APR2657500CE,269.8,168.3,272.2,110.85,358.3,669930,184.56,268.8,30,269.7,120,345420
2026-04-13T12:17:38.959,NF,BANKNIFTY28APR2657500CE,269.7,168.3,272.2,110.85,358.3,669960,184.56,269.95,30,270.8,30,345420
2026-04-13T12:17:42.567,NF,BANKNIFTY28APR2657500CE,270.95,168.3,272.2,110.85,358.3,669990,184.56,269.85,30,270.9,180,345420
2026-04-13T12:17:48.576,NF,BANKNIFTY28APR2657500CE,272.0,168.3,272.2,110.85,358.3,670320,184.61,271.55,30,272.65,150,345420
2026-04-13T12:17:49.976,NF,BANKNIFTY28APR2657500CE,272.5,168.3,273.0,110.85,358.3,670410,184.62,272.5,30,273.0,30,345420
2026-04-13T12:17:51.179,NF,BANKNIFTY28APR2657500CE,273.0,168.3,273.0,110.85,358.3,670440,184.62,272.75,30,273.75,30,345420
2026-04-13T12:17:52.394,NF,BANKNIFTY28APR2657500CE,272.65,168.3,273.0,110.85,358.3,670500,184.63,271.85,90,272.9,30,345420
2026-04-13T12:17:53.584,NF,BANKNIFTY28APR2657500CE,271.7,168.3,273.0,110.85,358.3,670560,184.64,270.95,30,272.2,240,345420
2026-04-13T12:17:54.982,NF,BANKNIFTY28APR2657500CE,271.25,168.3,273.0,110.85,358.3,670590,184.64,270.75,30,271.9,30,345420
2026-04-13T12:17:57.395,NF,BANKNIFTY28APR2657500CE,270.75,168.3,273.0,110.85,358.3,670620,184.65,270.1,30,271.1,60,345420
2026-04-13T12:18:00.996,NF,BANKNIFTY28APR2657500CE,270.05,168.3,273.0,110.85,358.3,670680,184.65,270.05,30,271.2,30,345420
2026-04-13T12:18:02.197,NF,BANKNIFTY28APR2657500CE,271.35,168.3,273.0,110.85,358.3,670710,184.66,270.95,30,272.3,60,345420
2026-04-13T12:18:03.399,NF,BANKNIFTY28APR2657500CE,271.4,168.3,273.0,110.85,358.3,670860,184.68,271.3,90,272.5,60,345420
2026-04-13T12:18:06.009,NF,BANKNIFTY28APR2657500CE,272.35,168.3,273.0,110.85,358.3,670920,184.68,270.8,30,271.9,60,345420
2026-04-13T12:18:10.849,NF,BANKNIFTY28APR2657500CE,270.0,168.3,273.0,110.85,358.3,671190,184.72,267.7,30,268.95,30,345420
2026-04-13T12:18:12.206,NF,BANKNIFTY28APR2657500CE,269.0,168.3,273.0,110.85,358.3,671790,184.79,268.3,90,269.65,30,345420
2026-04-13T12:18:17.224,NF,BANKNIFTY28APR2657500CE,269.4,168.3,273.0,110.85,358.3,671910,184.81,268.3,30,269.45,90,345420
2026-04-13T12:18:22.033,NF,BANKNIFTY28APR2657500CE,271.2,168.3,273.0,110.85,358.3,672030,184.82,270.0,30,271.3,30,345420
2026-04-13T12:18:23.437,NF,BANKNIFTY28APR2657500CE,271.25,168.3,273.0,110.85,358.3,672060,184.83,269.9,90,271.0,150,345420
2026-04-13T12:18:24.628,NF,BANKNIFTY28APR2657500CE,271.1,168.3,273.0,110.85,358.3,672240,184.85,270.1,30,271.25,180,345420
2026-04-13T12:18:28.238,NF,BANKNIFTY28APR2657500CE,270.15,168.3,273.0,110.85,358.3,672270,184.85,270.15,90,271.15,30,345420
2026-04-13T12:18:30.839,NF,BANKNIFTY28APR2657500CE,270.85,168.3,273.0,110.85,358.3,672630,184.9,270.1,30,271.5,30,345420
2026-04-13T12:18:32.055,NF,BANKNIFTY28APR2657500CE,269.9,168.3,273.0,110.85,358.3,672660,184.9,270.05,60,271.25,60,345420
2026-04-13T12:18:33.246,NF,BANKNIFTY28APR2657500CE,269.6,168.3,273.0,110.85,358.3,672720,184.91,268.45,30,269.7,90,345420
2026-04-13T12:18:34.656,NF,BANKNIFTY28APR2657500CE,268.8,168.3,273.0,110.85,358.3,672780,184.92,268.45,30,269.85,30,345420
2026-04-13T12:18:37.049,NF,BANKNIFTY28APR2657500CE,268.5,168.3,273.0,110.85,358.3,672840,184.93,267.4,90,268.55,30,345420
2026-04-13T12:18:41.856,NF,BANKNIFTY28APR2657500CE,269.05,168.3,273.0,110.85,358.3,673350,184.99,267.95,30,269.0,30,345420
2026-04-13T12:18:46.668,NF,BANKNIFTY28APR2657500CE,268.05,168.3,273.0,110.85,358.3,673410,185.0,268.75,60,269.95,30,345420
2026-04-13T12:18:47.866,NF,BANKNIFTY28APR2657500CE,270.0,168.3,273.0,110.85,358.3,673590,185.02,269.1,30,270.0,240,345420
2026-04-13T12:18:49.079,NF,BANKNIFTY28APR2657500CE,269.15,168.3,273.0,110.85,358.3,673620,185.02,269.0,90,269.95,60,345420
2026-04-13T12:18:52.687,NF,BANKNIFTY28APR2657500CE,271.45,168.3,273.0,110.85,358.3,673980,185.07,270.05,30,271.1,60,345420
2026-04-13T12:19:05.899,NF,BANKNIFTY28APR2657500CE,270.4,168.3,273.0,110.85,358.3,674160,185.09,270.6,60,271.7,30,345420
2026-04-13T12:19:20.327,NF,BANKNIFTY28APR2657500CE,270.65,168.3,273.0,110.85,358.3,674190,185.1,270.1,30,271.0,150,345420
2026-04-13T12:19:22.740,NF,BANKNIFTY28APR2657500CE,270.7,168.3,273.0,110.85,358.3,674220,185.1,270.1,30,271.1,120,345420
2026-04-13T12:19:26.134,NF,BANKNIFTY28APR2657500CE,271.45,168.3,273.0,110.85,358.3,674280,185.11,271.2,30,271.95,30,345420
2026-04-13T12:19:28.738,NF,BANKNIFTY28APR2657500CE,271.25,168.3,273.0,110.85,358.3,674400,185.12,270.65,30,271.55,30,345420
2026-04-13T12:19:29.951,NF,BANKNIFTY28APR2657500CE,270.65,168.3,273.0,110.85,358.3,674520,185.14,270.75,30,271.25,60,345420
2026-04-13T12:19:31.137,NF,BANKNIFTY28APR2657500CE,270.5,168.3,273.0,110.85,358.3,674760,185.17,270.55,30,271.45,30,345420
2026-04-13T12:19:32.395,NF,BANKNIFTY28APR2657500CE,270.05,168.3,273.0,110.85,358.3,674940,185.19,270.15,30,271.25,30,345420
2026-04-13T12:19:33.550,NF,BANKNIFTY28APR2657500CE,270.05,168.3,273.0,110.85,358.3,675060,185.21,270.1,30,271.15,30,345420
2026-04-13T12:19:34.744,NF,BANKNIFTY28APR2657500CE,270.0,168.3,273.0,110.85,358.3,675330,185.24,269.3,30,270.0,30,345420
2026-04-13T12:19:35.959,NF,BANKNIFTY28APR2657500CE,269.15,168.3,273.0,110.85,358.3,675390,185.25,269.6,30,270.4,30,345420
2026-04-13T12:19:38.557,NF,BANKNIFTY28APR2657500CE,270.9,168.3,273.0,110.85,358.3,675600,185.27,270.4,30,271.0,30,345420
2026-04-13T12:19:39.766,NF,BANKNIFTY28APR2657500CE,271.0,168.3,273.0,110.85,358.3,675630,185.28,270.8,30,271.75,60,345420
2026-04-13T12:19:40.965,NF,BANKNIFTY28APR2657500CE,270.8,168.3,273.0,110.85,358.3,675660,185.28,271.3,30,271.85,30,345420
2026-04-13T12:19:44.760,NF,BANKNIFTY28APR2657500CE,271.55,168.3,273.0,110.85,358.3,675780,185.3,270.7,30,271.6,90,345420
2026-04-13T12:19:47.165,NF,BANKNIFTY28APR2657500CE,271.9,168.3,273.0,110.85,358.3,675840,185.31,272.05,30,272.65,30,345420
2026-04-13T12:19:49.775,NF,BANKNIFTY28APR2657500CE,274.05,168.3,274.15,110.85,358.3,676110,185.34,274.1,30,274.95,60,345420
2026-04-13T12:19:50.971,NF,BANKNIFTY28APR2657500CE,273.8,168.3,274.2,110.85,358.3,676440,185.38,274.3,60,275.0,420,345420
2026-04-13T12:19:55.982,NF,BANKNIFTY28APR2657500CE,275.0,168.3,275.0,110.85,358.3,676890,185.44,275.15,60,276.05,60,345420
2026-04-13T12:19:57.182,NF,BANKNIFTY28APR2657500CE,277.05,168.3,277.05,110.85,358.3,676950,185.45,276.3,30,277.05,120,345420
2026-04-13T12:19:58.385,NF,BANKNIFTY28APR2657500CE,276.9,168.3,277.05,110.85,358.3,677010,185.46,276.2,60,276.85,60,345420
2026-04-13T12:19:59.586,NF,BANKNIFTY28APR2657500CE,276.7,168.3,277.05,110.85,358.3,677550,185.53,275.4,30,276.5,150,345420
2026-04-13T12:20:03.391,NF,BANKNIFTY28APR2657500CE,277.1,168.3,277.1,110.85,358.3,677610,185.54,276.45,60,277.45,180,345420
2026-04-13T12:20:05.805,NF,BANKNIFTY28APR2657500CE,276.2,168.3,277.1,110.85,358.3,678150,185.61,276.1,60,276.95,60,345420
2026-04-13T12:20:07.002,NF,BANKNIFTY28APR2657500CE,276.4,168.3,277.1,110.85,358.3,678180,185.62,276.25,30,276.85,210,345420
2026-04-13T12:20:08.210,NF,BANKNIFTY28APR2657500CE,276.2,168.3,277.1,110.85,358.3,678240,185.62,276.0,30,276.55,240,344850
2026-04-13T12:20:09.406,NF,BANKNIFTY28APR2657500CE,276.55,168.3,277.1,110.85,358.3,678420,185.65,276.3,30,277.0,120,344850
2026-04-13T12:20:14.409,NF,BANKNIFTY28APR2657500CE,277.4,168.3,277.45,110.85,358.3,678570,185.67,277.3,60,278.0,30,344850
2026-04-13T12:20:15.611,NF,BANKNIFTY28APR2657500CE,277.35,168.3,278.2,110.85,358.3,678780,185.7,277.0,30,277.75,90,344850
2026-04-13T12:20:16.812,NF,BANKNIFTY28APR2657500CE,277.4,168.3,278.2,110.85,358.3,678810,185.7,276.8,30,277.75,60,344850
2026-04-13T12:20:18.013,NF,BANKNIFTY28APR2657500CE,278.35,168.3,278.35,110.85,358.3,678900,185.71,277.5,60,278.4,60,344850
2026-04-13T12:20:19.242,NF,BANKNIFTY28APR2657500CE,277.0,168.3,278.4,110.85,358.3,679020,185.73,277.0,30,277.95,210,344850
2026-04-13T12:20:21.646,NF,BANKNIFTY28APR2657500CE,278.65,168.3,279.2,110.85,358.3,679200,185.75,278.45,60,279.3,30,344850
2026-04-13T12:20:22.835,NF,BANKNIFTY28APR2657500CE,279.3,168.3,279.3,110.85,358.3,679260,185.76,278.35,60,279.35,30,344850
2026-04-13T12:20:24.023,NF,BANKNIFTY28APR2657500CE,279.8,168.3,279.8,110.85,358.3,680160,185.89,278.5,60,279.45,90,344850
2026-04-13T12:20:26.426,NF,BANKNIFTY28APR2657500CE,277.85,168.3,279.8,110.85,358.3,680190,185.89,278.0,60,278.95,30,344850
2026-04-13T12:20:27.644,NF,BANKNIFTY28APR2657500CE,277.05,168.3,279.95,110.85,358.3,682680,186.23,277.75,60,278.8,30,344850
2026-04-13T12:20:31.233,NF,BANKNIFTY28APR2657500CE,279.0,168.3,279.95,110.85,358.3,682710,186.23,278.6,30,279.6,30,344850
2026-04-13T12:20:33.650,NF,BANKNIFTY28APR2657500CE,279.0,168.3,279.95,110.85,358.3,682740,186.24,279.0,90,279.9,60,344850
2026-04-13T12:20:36.240,NF,BANKNIFTY28APR2657500CE,279.0,168.3,279.95,110.85,358.3,682770,186.24,279.0,210,279.9,30,344850
2026-04-13T12:20:38.457,NF,BANKNIFTY28APR2657500CE,279.2,168.3,279.95,110.85,358.3,682800,186.25,279.2,60,280.0,30,344850
2026-04-13T12:20:40.856,NF,BANKNIFTY28APR2657500CE,280.85,168.3,280.85,110.85,358.3,682860,186.25,279.9,180,280.8,30,344850
2026-04-13T12:20:42.255,NF,BANKNIFTY28APR2657500CE,280.65,168.3,280.85,110.85,358.3,682890,186.26,280.05,60,280.9,30,344850
2026-04-13T12:20:47.074,NF,BANKNIFTY28APR2657500CE,282.25,168.3,286.55,110.85,358.3,684390,186.47,281.1,90,281.85,60,344850
2026-04-13T12:20:52.066,NF,BANKNIFTY28APR2657500CE,281.55,168.3,286.55,110.85,358.3,684450,186.48,281.4,60,282.0,150,344850
2026-04-13T12:20:53.270,NF,BANKNIFTY28APR2657500CE,281.45,168.3,286.55,110.85,358.3,684480,186.48,281.4,90,282.0,150,344850
2026-04-13T12:20:59.481,NF,BANKNIFTY28APR2657500CE,281.95,168.3,286.55,110.85,358.3,684540,186.49,280.9,150,281.95,30,344850
2026-04-13T12:21:01.888,NF,BANKNIFTY28APR2657500CE,281.5,168.3,286.55,110.85,358.3,684690,186.51,281.6,240,282.5,90,344850
2026-04-13T12:21:04.090,NF,BANKNIFTY28APR2657500CE,281.0,168.3,286.55,110.85,358.3,684930,186.54,280.3,60,281.25,60,344850
2026-04-13T12:21:06.691,NF,BANKNIFTY28APR2657500CE,281.95,168.3,286.55,110.85,358.3,684960,186.55,281.6,30,282.55,60,344850
2026-04-13T12:21:09.093,NF,BANKNIFTY28APR2657500CE,283.8,168.3,286.55,110.85,358.3,684990,186.55,282.75,30,283.7,60,344850
2026-04-13T12:21:10.295,NF,BANKNIFTY28APR2657500CE,283.45,168.3,286.55,110.85,358.3,685170,186.58,282.4,60,283.55,60,344850
2026-04-13T12:21:11.506,NF,BANKNIFTY28APR2657500CE,282.4,168.3,286.55,110.85,358.3,685230,186.59,282.5,60,283.6,60,344850
2026-04-13T12:21:12.900,NF,BANKNIFTY28APR2657500CE,283.6,168.3,286.55,110.85,358.3,685260,186.59,282.8,60,283.75,90,344850
2026-04-13T12:21:14.105,NF,BANKNIFTY28APR2657500CE,282.6,168.3,286.55,110.85,358.3,685620,186.64,282.9,30,283.85,60,344850
2026-04-13T12:21:16.504,NF,BANKNIFTY28APR2657500CE,283.35,168.3,286.55,110.85,358.3,685650,186.65,283.4,30,284.45,30,344850
2026-04-13T12:21:22.725,NF,BANKNIFTY28APR2657500CE,286.05,168.3,286.55,110.85,358.3,685680,186.65,285.25,60,286.05,60,344850
2026-04-13T12:21:24.125,NF,BANKNIFTY28APR2657500CE,285.3,168.3,286.55,110.85,358.3,686160,186.72,285.25,150,286.3,120,344850
2026-04-13T12:21:26.522,NF,BANKNIFTY28APR2657500CE,286.05,168.3,286.55,110.85,358.3,686190,186.72,285.7,90,286.8,120,344850
2026-04-13T12:21:27.728,NF,BANKNIFTY28APR2657500CE,286.65,168.3,286.65,110.85,358.3,686310,186.74,285.75,90,286.65,60,344850
2026-04-13T12:21:28.923,NF,BANKNIFTY28APR2657500CE,286.5,168.3,286.65,110.85,358.3,686430,186.76,285.5,60,286.5,180,344850
2026-04-13T12:21:30.124,NF,BANKNIFTY28APR2657500CE,285.4,168.3,286.65,110.85,358.3,686460,186.76,285.0,30,285.7,240,344850
2026-04-13T12:21:32.726,NF,BANKNIFTY28APR2657500CE,283.35,168.3,286.65,110.85,358.3,687270,186.87,282.6,30,283.25,60,344850
2026-04-13T12:21:35.141,NF,BANKNIFTY28APR2657500CE,283.1,168.3,286.65,110.85,358.3,687300,186.88,282.35,90,283.15,30,344850
2026-04-13T12:21:36.333,NF,BANKNIFTY28APR2657500CE,282.1,168.3,286.65,110.85,358.3,687330,186.88,282.2,60,283.0,60,344850
2026-04-13T12:21:37.539,NF,BANKNIFTY28APR2657500CE,281.35,168.3,286.65,110.85,358.3,687360,186.89,280.45,90,281.5,60,344850
2026-04-13T12:21:38.741,NF,BANKNIFTY28APR2657500CE,281.25,168.3,286.65,110.85,358.3,687390,186.89,280.1,90,280.9,30,344850
2026-04-13T12:21:39.939,NF,BANKNIFTY28APR2657500CE,280.9,168.3,286.65,110.85,358.3,687420,186.9,280.6,150,281.6,60,344850
2026-04-13T12:21:41.348,NF,BANKNIFTY28APR2657500CE,282.0,168.3,286.65,110.85,358.3,687480,186.9,281.55,60,282.55,120,344850
2026-04-13T12:21:42.540,NF,BANKNIFTY28APR2657500CE,282.6,168.3,286.65,110.85,358.3,687510,186.91,281.45,90,282.55,30,344850
2026-04-13T12:21:43.742,NF,BANKNIFTY28APR2657500CE,281.65,168.3,286.65,110.85,358.3,687600,186.92,281.5,30,282.4,30,344850
2026-04-13T12:21:44.946,NF,BANKNIFTY28APR2657500CE,282.15,168.3,286.65,110.85,358.3,687660,186.93,281.35,60,282.35,60,344850
2026-04-13T12:21:46.163,NF,BANKNIFTY28APR2657500CE,282.35,168.3,286.65,110.85,358.3,687690,186.93,280.95,60,281.85,30,344850
2026-04-13T12:21:47.357,NF,BANKNIFTY28APR2657500CE,281.8,168.3,286.65,110.85,358.3,687750,186.94,281.05,60,281.95,90,344850
2026-04-13T12:21:48.746,NF,BANKNIFTY28APR2657500CE,282.05,168.3,286.65,110.85,358.3,687900,186.96,281.95,30,282.85,60,344850
2026-04-13T12:21:51.160,NF,BANKNIFTY28APR2657500CE,281.85,168.3,286.65,110.85,358.3,688050,186.98,280.6,30,281.9,60,344850
2026-04-13T12:21:52.354,NF,BANKNIFTY28APR2657500CE,281.9,168.3,286.65,110.85,358.3,688080,186.99,281.9,30,282.0,60,344850
2026-04-13T12:21:53.557,NF,BANKNIFTY28APR2657500CE,281.65,168.3,286.65,110.85,358.3,688620,187.06,281.65,30,281.7,90,344850
2026-04-13T12:21:54.958,NF,BANKNIFTY28APR2657500CE,281.7,168.3,286.65,110.85,358.3,688650,187.06,281.65,30,281.95,30,344850
2026-04-13T12:21:56.172,NF,BANKNIFTY28APR2657500CE,281.65,168.3,286.65,110.85,358.3,688680,187.07,280.0,60,280.75,60,344850
2026-04-13T12:21:57.361,NF,BANKNIFTY28APR2657500CE,280.0,168.3,286.65,110.85,358.3,688740,187.08,278.65,30,279.55,60,344850
2026-04-13T12:21:59.965,NF,BANKNIFTY28APR2657500CE,278.25,168.3,286.65,110.85,358.3,689250,187.14,276.3,60,277.2,30,344850
2026-04-13T12:22:01.168,NF,BANKNIFTY28APR2657500CE,276.9,168.3,286.65,110.85,358.3,689340,187.16,276.15,30,276.9,90,344850
2026-04-13T12:22:02.381,NF,BANKNIFTY28APR2657500CE,275.6,168.3,286.65,110.85,358.3,689430,187.17,274.55,60,275.65,60,344850
2026-04-13T12:22:03.574,NF,BANKNIFTY28APR2657500CE,276.9,168.3,286.65,110.85,358.3,689520,187.18,277.1,30,278.25,180,344850
2026-04-13T12:22:04.979,NF,BANKNIFTY28APR2657500CE,276.95,168.3,286.65,110.85,358.3,689550,187.18,277.05,90,278.1,30,344850
2026-04-13T12:22:06.194,NF,BANKNIFTY28APR2657500CE,276.95,168.3,286.65,110.85,358.3,689610,187.19,276.05,30,277.15,60,344850
2026-04-13T12:22:08.589,NF,BANKNIFTY28APR2657500CE,278.45,168.3,286.65,110.85,358.3,689640,187.19,278.15,30,279.45,30,344850
2026-04-13T12:22:11.184,NF,BANKNIFTY28APR2657500CE,279.9,168.3,286.65,110.85,358.3,690120,187.26,278.05,30,279.45,30,344850
2026-04-13T12:22:13.597,NF,BANKNIFTY28APR2657500CE,277.35,168.3,286.65,110.85,358.3,690150,187.26,277.3,60,278.45,60,344850
2026-04-13T12:22:14.991,NF,BANKNIFTY28APR2657500CE,278.45,168.3,286.65,110.85,358.3,690540,187.31,277.15,150,277.75,30,344850
2026-04-13T12:22:16.193,NF,BANKNIFTY28APR2657500CE,276.95,168.3,286.65,110.85,358.3,690720,187.34,275.25,30,276.4,30,344850
2026-04-13T12:22:18.599,NF,BANKNIFTY28APR2657500CE,275.95,168.3,286.65,110.85,358.3,690780,187.35,275.65,30,276.75,60,344850
2026-04-13T12:22:19.999,NF,BANKNIFTY28APR2657500CE,275.0,168.3,286.65,110.85,358.3,691050,187.38,274.95,30,276.1,60,344850
2026-04-13T12:22:21.202,NF,BANKNIFTY28APR2657500CE,274.55,168.3,286.65,110.85,358.3,691080,187.38,274.7,60,276.0,120,344850
2026-04-13T12:22:22.404,NF,BANKNIFTY28APR2657500CE,276.0,168.3,286.65,110.85,358.3,691320,187.41,274.9,30,276.1,120,344850
2026-04-13T12:22:29.816,NF,BANKNIFTY28APR2657500CE,274.45,168.3,286.65,110.85,358.3,691350,187.42,274.55,30,275.75,120,344850
2026-04-13T12:22:31.024,NF,BANKNIFTY28APR2657500CE,274.5,168.3,286.65,110.85,358.3,691590,187.45,274.55,210,275.75,60,344850
2026-04-13T12:22:37.028,NF,BANKNIFTY28APR2657500CE,273.9,168.3,286.65,110.85,358.3,691680,187.46,273.0,30,273.7,60,344850
2026-04-13T12:22:38.236,NF,BANKNIFTY28APR2657500CE,273.0,168.3,286.65,110.85,358.3,692010,187.5,273.15,30,274.35,60,344850
2026-04-13T12:22:41.838,NF,BANKNIFTY28APR2657500CE,273.75,168.3,286.65,110.85,358.3,692220,187.53,272.55,30,273.35,180,344850
2026-04-13T12:22:46.848,NF,BANKNIFTY28APR2657500CE,273.1,168.3,286.65,110.85,358.3,692370,187.55,272.25,60,273.2,150,344850
2026-04-13T12:22:49.050,NF,BANKNIFTY28APR2657500CE,272.25,168.3,286.65,110.85,358.3,692400,187.55,271.65,90,272.7,90,344850
2026-04-13T12:22:55.452,NF,BANKNIFTY28APR2657500CE,269.2,168.3,286.65,110.85,358.3,692790,187.6,268.85,90,270.15,30,344850
2026-04-13T12:22:56.653,NF,BANKNIFTY28APR2657500CE,270.7,168.3,286.65,110.85,358.3,692820,187.6,269.7,30,270.65,240,344850
2026-04-13T12:22:57.855,NF,BANKNIFTY28APR2657500CE,269.55,168.3,286.65,110.85,358.3,692910,187.61,270.0,120,271.2,30,344850
2026-04-13T12:23:00.516,NF,BANKNIFTY28APR2657500CE,269.25,168.3,286.65,110.85,358.3,692970,187.62,269.1,30,270.0,60,344850
2026-04-13T12:23:01.659,NF,BANKNIFTY28APR2657500CE,270.9,168.3,286.65,110.85,358.3,693030,187.62,270.1,30,271.1,60,344850
2026-04-13T12:23:10.274,NF,BANKNIFTY28APR2657500CE,272.05,168.3,286.65,110.85,358.3,693360,187.66,271.8,60,272.75,60,341100
2026-04-13T12:23:12.876,NF,BANKNIFTY28APR2657500CE,272.85,168.3,286.65,110.85,358.3,693420,187.67,272.65,60,273.65,30,341100
2026-04-13T12:23:15.278,NF,BANKNIFTY28APR2657500CE,272.85,168.3,286.65,110.85,358.3,693480,187.68,271.95,30,273.0,690,341100
2026-04-13T12:23:17.880,NF,BANKNIFTY28APR2657500CE,271.6,168.3,286.65,110.85,358.3,693570,187.69,270.9,30,271.9,30,341100
2026-04-13T12:23:20.284,NF,BANKNIFTY28APR2657500CE,272.0,168.3,286.65,110.85,358.3,693600,187.69,271.15,30,272.0,60,341100
2026-04-13T12:23:30.096,NF,BANKNIFTY28APR2657500CE,270.9,168.3,286.65,110.85,358.3,693630,187.7,270.5,90,271.55,30,341100
2026-04-13T12:23:33.704,NF,BANKNIFTY28APR2657500CE,273.0,168.3,286.65,110.85,358.3,693930,187.73,272.85,30,273.95,30,341100
2026-04-13T12:23:36.305,NF,BANKNIFTY28APR2657500CE,273.75,168.3,286.65,110.85,358.3,694080,187.75,272.8,30,273.95,150,341100
2026-04-13T12:23:39.910,NF,BANKNIFTY28APR2657500CE,274.0,168.3,286.65,110.85,358.3,694110,187.76,273.05,60,274.05,90,341100
2026-04-13T12:23:42.511,NF,BANKNIFTY28APR2657500CE,275.0,168.3,286.65,110.85,358.3,694290,187.78,275.55,30,276.0,30,341100
2026-04-13T12:23:43.716,NF,BANKNIFTY28APR2657500CE,275.3,168.3,286.65,110.85,358.3,694320,187.78,275.6,60,276.0,30,341100
2026-04-13T12:23:44.926,NF,BANKNIFTY28APR2657500CE,275.6,168.3,286.65,110.85,358.3,694380,187.79,275.45,60,276.0,30,341100
2026-04-13T12:23:46.132,NF,BANKNIFTY28APR2657500CE,276.0,168.3,286.65,110.85,358.3,694410,187.79,276.35,120,277.0,30,341100
2026-04-13T12:23:51.129,NF,BANKNIFTY28APR2657500CE,277.0,168.3,286.65,110.85,358.3,694590,187.82,277.3,30,277.9,90,341100
2026-04-13T12:23:52.332,NF,BANKNIFTY28APR2657500CE,278.15,168.3,286.65,110.85,358.3,694620,187.82,277.5,30,278.45,240,341100
2026-04-13T12:23:53.533,NF,BANKNIFTY28APR2657500CE,278.25,168.3,286.65,110.85,358.3,694710,187.83,278.55,60,279.4,60,341100
2026-04-13T12:23:56.135,NF,BANKNIFTY28APR2657500CE,278.05,168.3,286.65,110.85,358.3,694800,187.84,277.05,60,278.0,60,341100
2026-04-13T12:24:01.150,NF,BANKNIFTY28APR2657500CE,278.0,168.3,286.65,110.85,358.3,694860,187.85,277.8,120,278.75,60,341100
2026-04-13T12:24:06.159,NF,BANKNIFTY28APR2657500CE,279.2,168.3,286.65,110.85,358.3,694890,187.86,279.25,60,280.0,120,341100
2026-04-13T12:24:07.355,NF,BANKNIFTY28APR2657500CE,278.95,168.3,286.65,110.85,358.3,694980,187.87,279.15,30,279.95,90,341100
2026-04-13T12:24:09.774,NF,BANKNIFTY28APR2657500CE,280.0,168.3,286.65,110.85,358.3,695100,187.88,278.45,30,279.55,120,341100
2026-04-13T12:24:10.961,NF,BANKNIFTY28APR2657500CE,278.7,168.3,286.65,110.85,358.3,695220,187.9,278.15,60,279.35,150,341100
2026-04-13T12:24:14.576,NF,BANKNIFTY28APR2657500CE,280.0,168.3,286.65,110.85,358.3,695250,187.9,279.25,30,280.0,30,341100
2026-04-13T12:24:15.779,NF,BANKNIFTY28APR2657500CE,280.0,168.3,286.65,110.85,358.3,695280,187.91,280.0,210,280.4,90,341100
2026-04-13T12:24:18.183,NF,BANKNIFTY28APR2657500CE,280.0,168.3,286.65,110.85,358.3,695400,187.92,279.45,30,280.35,120,341100
2026-04-13T12:24:19.374,NF,BANKNIFTY28APR2657500CE,280.35,168.3,286.65,110.85,358.3,695430,187.93,279.9,60,280.8,180,341100
2026-04-13T12:24:25.384,NF,BANKNIFTY28APR2657500CE,279.6,168.3,286.65,110.85,358.3,695460,187.93,278.7,30,279.5,60,341100
2026-04-13T12:24:27.988,NF,BANKNIFTY28APR2657500CE,279.6,168.3,286.65,110.85,358.3,695490,187.93,278.5,30,279.55,450,341100
2026-04-13T12:24:29.190,NF,BANKNIFTY28APR2657500CE,279.1,168.3,286.65,110.85,358.3,696480,188.06,279.05,30,279.95,150,341100
2026-04-13T12:24:31.600,NF,BANKNIFTY28APR2657500CE,280.0,168.3,286.65,110.85,358.3,696570,188.07,279.05,30,279.95,60,341100
2026-04-13T12:24:32.808,NF,BANKNIFTY28APR2657500CE,279.95,168.3,286.65,110.85,358.3,696660,188.08,280.05,90,281.0,90,341100
2026-04-13T12:24:33.999,NF,BANKNIFTY28APR2657500CE,281.0,168.3,286.65,110.85,358.3,696750,188.1,281.0,30,282.15,30,341100
2026-04-13T12:24:46.418,NF,BANKNIFTY28APR2657500CE,281.8,168.3,286.65,110.85,358.3,697260,188.17,283.3,60,284.0,330,341100
2026-04-13T12:24:50.038,NF,BANKNIFTY28APR2657500CE,283.45,168.3,286.65,110.85,358.3,697320,188.17,282.6,30,283.75,30,341100
2026-04-13T12:24:53.831,NF,BANKNIFTY28APR2657500CE,284.0,168.3,286.65,110.85,358.3,697620,188.22,284.45,150,285.0,60,341100
2026-04-13T12:24:57.635,NF,BANKNIFTY28APR2657500CE,284.4,168.3,286.65,110.85,358.3,697680,188.22,283.45,150,284.55,60,341100
2026-04-13T12:25:00.058,NF,BANKNIFTY28APR2657500CE,284.1,168.3,286.65,110.85,358.3,697710,188.23,283.25,120,284.25,60,341100
2026-04-13T12:25:06.253,NF,BANKNIFTY28APR2657500CE,284.4,168.3,286.65,110.85,358.3,697740,188.23,284.35,30,285.0,60,341100
2026-04-13T12:25:08.852,NF,BANKNIFTY28APR2657500CE,285.0,168.3,286.65,110.85,358.3,697800,188.24,284.9,120,286.2,150,341100
2026-04-13T12:25:11.313,NF,BANKNIFTY28APR2657500CE,285.05,168.3,286.65,110.85,358.3,697830,188.24,285.1,60,286.05,90,341100
2026-04-13T12:25:13.665,NF,BANKNIFTY28APR2657500CE,287.0,168.3,287.0,110.85,358.3,697860,188.25,286.9,30,288.2,120,341100
2026-04-13T12:25:18.682,NF,BANKNIFTY28APR2657500CE,288.55,168.3,288.55,110.85,358.3,697890,188.25,287.75,60,288.8,90,341100
2026-04-13T12:25:20.085,NF,BANKNIFTY28APR2657500CE,287.4,168.3,288.55,110.85,358.3,697920,188.26,287.0,30,288.1,30,341100
2026-04-13T12:25:21.296,NF,BANKNIFTY28APR2657500CE,288.05,168.3,288.55,110.85,358.3,697950,188.26,286.8,240,287.95,30,341100
2026-04-13T12:25:22.476,NF,BANKNIFTY28APR2657500CE,288.1,168.3,288.55,110.85,358.3,697980,188.27,287.0,90,288.0,30,341100
2026-04-13T12:25:23.701,NF,BANKNIFTY28APR2657500CE,288.25,168.3,288.55,110.85,358.3,698040,188.27,287.0,30,288.1,30,341100
2026-04-13T12:25:25.090,NF,BANKNIFTY28APR2657500CE,286.85,168.3,288.55,110.85,358.3,698760,188.38,287.55,60,288.6,30,341100
2026-04-13T12:25:33.697,NF,BANKNIFTY28APR2657500CE,289.0,168.3,289.0,110.85,358.3,698820,188.38,288.25,60,289.0,120,341100
2026-04-13T12:25:38.702,NF,BANKNIFTY28APR2657500CE,288.1,168.3,289.0,110.85,358.3,698910,188.4,287.95,30,288.55,90,341100
2026-04-13T12:25:40.111,NF,BANKNIFTY28APR2657500CE,287.65,168.3,289.0,110.85,358.3,698970,188.41,287.75,90,288.55,90,341100
2026-04-13T12:25:42.505,NF,BANKNIFTY28APR2657500CE,288.55,168.3,289.0,110.85,358.3,699060,188.42,287.75,120,288.9,30,341100
2026-04-13T12:25:46.118,NF,BANKNIFTY28APR2657500CE,289.0,168.3,289.0,110.85,358.3,699150,188.43,288.15,60,289.0,180,341100
2026-04-13T12:25:51.121,NF,BANKNIFTY28APR2657500CE,289.2,168.3,289.2,110.85,358.3,699300,188.45,288.95,30,290.0,210,341100
2026-04-13T12:25:52.338,NF,BANKNIFTY28APR2657500CE,290.0,168.3,290.0,110.85,358.3,699510,188.48,289.2,60,290.35,90,341100
2026-04-13T12:25:53.527,NF,BANKNIFTY28APR2657500CE,289.3,168.3,290.3,110.85,358.3,699570,188.49,289.3,30,290.3,60,341100
2026-04-13T12:25:56.126,NF,BANKNIFTY28APR2657500CE,289.8,168.3,290.3,110.85,358.3,699780,188.52,289.0,60,289.7,30,341100
2026-04-13T12:25:57.347,NF,BANKNIFTY28APR2657500CE,289.35,168.3,290.3,110.85,358.3,699870,188.54,288.3,90,289.45,30,341100
2026-04-13T12:25:59.937,NF,BANKNIFTY28APR2657500CE,289.45,168.3,290.3,110.85,358.3,699930,188.54,288.05,60,289.05,30,341100
2026-04-13T12:26:01.134,NF,BANKNIFTY28APR2657500CE,289.0,168.3,290.3,110.85,358.3,699960,188.55,288.15,60,289.15,210,341100
2026-04-13T12:26:02.334,NF,BANKNIFTY28APR2657500CE,289.15,168.3,290.3,110.85,358.3,699990,188.55,288.8,30,289.85,30,341100
2026-04-13T12:26:08.589,NF,BANKNIFTY28APR2657500CE,290.35,168.3,290.35,110.85,358.3,700080,188.57,289.3,30,290.4,150,341100
2026-04-13T12:26:13.550,NF,BANKNIFTY28APR2657500CE,292.5,168.3,292.5,110.85,358.3,700170,188.58,291.35,30,292.4,120,340530
2026-04-13T12:26:15.966,NF,BANKNIFTY28APR2657500CE,292.5,168.3,292.5,110.85,358.3,700200,188.58,291.45,30,292.65,90,340530
2026-04-13T12:26:25.976,NF,BANKNIFTY28APR2657500CE,293.7,168.3,293.7,110.85,358.3,700290,188.6,292.6,60,293.75,60,340530
2026-04-13T12:26:28.596,NF,BANKNIFTY28APR2657500CE,292.7,168.3,293.7,110.85,358.3,700320,188.6,293.05,90,293.85,90,340530
2026-04-13T12:26:29.791,NF,BANKNIFTY28APR2657500CE,292.45,168.3,293.7,110.85,358.3,702750,188.96,292.55,90,293.45,30,340530
2026-04-13T12:26:32.201,NF,BANKNIFTY28APR2657500CE,293.45,168.3,293.7,110.85,358.3,702780,188.97,292.35,60,293.5,60,340530
2026-04-13T12:26:33.590,NF,BANKNIFTY28APR2657500CE,293.35,168.3,293.7,110.85,358.3,702810,188.97,292.4,630,293.5,150,340530
2026-04-13T12:26:35.997,NF,BANKNIFTY28APR2657500CE,293.3,168.3,293.7,110.85,358.3,702900,188.99,292.4,630,293.45,30,340530
2026-04-13T12:26:38.392,NF,BANKNIFTY28APR2657500CE,293.55,168.3,293.7,110.85,358.3,702960,188.99,292.4,30,292.8,90,340530
2026-04-13T12:26:40.798,NF,BANKNIFTY28APR2657500CE,292.45,168.3,293.7,110.85,358.3,702990,189.0,292.5,30,293.4,90,340530
2026-04-13T12:26:42.007,NF,BANKNIFTY28APR2657500CE,293.5,168.3,293.7,110.85,358.3,703080,189.01,292.5,60,293.5,120,340530
2026-04-13T12:26:43.406,NF,BANKNIFTY28APR2657500CE,293.35,168.3,293.7,110.85,358.3,703110,189.02,292.4,60,293.2,30,340530
2026-04-13T12:26:45.815,NF,BANKNIFTY28APR2657500CE,294.0,168.3,294.0,110.85,358.3,703170,189.03,293.15,30,294.0,210,340530
2026-04-13T12:26:49.612,NF,BANKNIFTY28APR2657500CE,294.3,168.3,294.3,110.85,358.3,703200,189.03,294.1,60,295.0,30,340530
2026-04-13T12:26:52.020,NF,BANKNIFTY28APR2657500CE,294.1,168.3,294.3,110.85,358.3,703440,189.07,294.0,60,294.95,30,340530
2026-04-13T12:26:53.420,NF,BANKNIFTY28APR2657500CE,296.25,168.3,296.25,110.85,358.3,703590,189.09,296.25,30,297.0,30,340530
2026-04-13T12:26:54.650,NF,BANKNIFTY28APR2657500CE,300.45,168.3,302.2,110.85,358.3,704250,189.19,298.6,30,300.05,30,340530
2026-04-13T12:26:55.839,NF,BANKNIFTY28APR2657500CE,302.2,168.3,302.2,110.85,358.3,704640,189.25,301.05,60,302.1,210,340530
2026-04-13T12:26:57.020,NF,BANKNIFTY28APR2657500CE,299.0,168.3,302.2,110.85,358.3,704940,189.3,299.0,60,300.1,60,340530
2026-04-13T12:26:58.446,NF,BANKNIFTY28APR2657500CE,300.0,168.3,302.2,110.85,358.3,706470,189.54,299.9,60,301.05,150,340530
2026-04-13T12:27:02.029,NF,BANKNIFTY28APR2657500CE,300.0,168.3,302.2,110.85,358.3,706650,189.57,298.7,120,299.7,30,340530
2026-04-13T12:27:03.235,NF,BANKNIFTY28APR2657500CE,299.8,168.3,302.2,110.85,358.3,706860,189.6,298.55,30,299.85,30,340530
2026-04-13T12:27:08.239,NF,BANKNIFTY28APR2657500CE,300.0,168.3,302.2,110.85,358.3,706920,189.61,299.5,120,300.0,60,340530
2026-04-13T12:27:09.638,NF,BANKNIFTY28APR2657500CE,300.0,168.3,302.2,110.85,358.3,707040,189.63,299.65,30,300.55,150,340530
2026-04-13T12:27:10.845,NF,BANKNIFTY28APR2657500CE,299.6,168.3,302.2,110.85,358.3,707250,189.66,299.75,30,300.85,120,340530
2026-04-13T12:27:12.043,NF,BANKNIFTY28APR2657500CE,301.05,168.3,302.2,110.85,358.3,707370,189.68,299.6,120,300.9,30,340530
2026-04-13T12:27:14.644,NF,BANKNIFTY28APR2657500CE,300.0,168.3,302.2,110.85,358.3,707400,189.69,299.7,630,300.65,30,340530
2026-04-13T12:27:23.265,NF,BANKNIFTY28APR2657500CE,298.95,168.3,302.2,110.85,358.3,707610,189.72,298.35,120,299.35,30,340530
2026-04-13T12:27:24.462,NF,BANKNIFTY28APR2657500CE,298.0,168.3,302.2,110.85,358.3,707820,189.75,297.45,30,298.55,60,340530
2026-04-13T12:27:29.477,NF,BANKNIFTY28APR2657500CE,300.7,168.3,302.2,110.85,358.3,707850,189.76,299.5,60,300.85,30,340530
2026-04-13T12:27:34.479,NF,BANKNIFTY28APR2657500CE,302.0,168.3,302.2,110.85,358.3,707880,189.76,301.95,60,302.9,30,340530
2026-04-13T12:27:38.282,NF,BANKNIFTY28APR2657500CE,303.3,168.3,303.3,110.85,358.3,707940,189.77,302.25,120,303.55,30,340530
2026-04-13T12:27:40.495,NF,BANKNIFTY28APR2657500CE,302.0,168.3,303.3,110.85,358.3,707970,189.78,299.9,60,301.0,30,340530
2026-04-13T12:27:49.103,NF,BANKNIFTY28APR2657500CE,301.7,168.3,303.3,110.85,358.3,708030,189.78,300.85,30,301.35,30,340530
2026-04-13T12:27:52.921,NF,BANKNIFTY28APR2657500CE,301.2,168.3,303.3,110.85,358.3,708060,189.79,301.4,30,302.0,30,340530
2026-04-13T12:27:54.112,NF,BANKNIFTY28APR2657500CE,302.9,168.3,303.3,110.85,358.3,708210,189.81,301.0,690,301.95,30,340530
2026-04-13T12:27:55.508,NF,BANKNIFTY28APR2657500CE,302.45,168.3,303.3,110.85,358.3,708360,189.84,301.55,60,302.7,120,340530
2026-04-13T12:27:59.123,NF,BANKNIFTY28APR2657500CE,303.15,168.3,303.75,110.85,358.3,708420,189.85,302.8,60,303.85,60,340530
2026-04-13T12:28:00.517,NF,BANKNIFTY28APR2657500CE,304.0,168.3,304.0,110.85,358.3,708510,189.86,303.15,30,304.45,30,340530
2026-04-13T12:28:01.724,NF,BANKNIFTY28APR2657500CE,303.5,168.3,304.0,110.85,358.3,708660,189.89,303.8,60,304.7,150,340530
2026-04-13T12:28:02.922,NF,BANKNIFTY28APR2657500CE,304.95,168.3,304.95,110.85,358.3,708720,189.89,304.25,60,304.95,90,340530
2026-04-13T12:28:04.126,NF,BANKNIFTY28APR2657500CE,304.8,168.3,304.95,110.85,358.3,708870,189.92,304.0,120,305.0,270,340530
2026-04-13T12:28:07.930,NF,BANKNIFTY28APR2657500CE,305.0,168.3,305.0,110.85,358.3,709020,189.94,305.15,30,305.6,30,340530
2026-04-13T12:28:09.136,NF,BANKNIFTY28APR2657500CE,305.35,168.3,305.35,110.85,358.3,709080,189.95,303.95,30,304.75,30,340530
2026-04-13T12:28:10.539,NF,BANKNIFTY28APR2657500CE,304.3,168.3,305.35,110.85,358.3,709230,189.98,303.15,30,304.25,60,340530
2026-04-13T12:28:11.737,NF,BANKNIFTY28APR2657500CE,303.95,168.3,305.35,110.85,358.3,709290,189.99,303.3,600,303.85,90,340530
2026-04-13T12:28:12.938,NF,BANKNIFTY28APR2657500CE,302.5,168.3,305.35,110.85,358.3,711120,190.28,302.65,150,303.6,30,340530
2026-04-13T12:28:14.144,NF,BANKNIFTY28APR2657500CE,302.95,168.3,305.35,110.85,358.3,711330,190.31,302.25,60,303.0,30,340530
2026-04-13T12:28:15.541,NF,BANKNIFTY28APR2657500CE,302.75,168.3,305.35,110.85,358.3,712980,190.57,302.55,30,303.55,30,340530
2026-04-13T12:28:19.148,NF,BANKNIFTY28APR2657500CE,302.95,168.3,305.35,110.85,358.3,713010,190.57,302.5,630,303.15,30,340530
2026-04-13T12:28:20.550,NF,BANKNIFTY28APR2657500CE,303.1,168.3,305.35,110.85,358.3,713070,190.58,302.45,30,303.2,60,340530
2026-04-13T12:28:21.754,NF,BANKNIFTY28APR2657500CE,303.3,168.3,305.35,110.85,358.3,713400,190.64,302.9,30,303.9,30,340530
2026-04-13T12:28:24.157,NF,BANKNIFTY28APR2657500CE,304.45,168.3,305.35,110.85,358.3,713430,190.64,303.55,30,304.55,60,340530
2026-04-13T12:28:26.763,NF,BANKNIFTY28APR2657500CE,303.6,168.3,305.35,110.85,358.3,713460,190.65,304.1,30,305.0,2400,340530
2026-04-13T12:28:27.972,NF,BANKNIFTY28APR2657500CE,305.0,168.3,305.35,110.85,358.3,715860,191.03,304.65,30,305.5,90,340530
2026-04-13T12:28:34.171,NF,BANKNIFTY28APR2657500CE,306.0,168.3,306.0,110.85,358.3,715950,191.04,306.0,60,307.0,60,340530
2026-04-13T12:28:35.571,NF,BANKNIFTY28APR2657500CE,306.8,168.3,306.8,110.85,358.3,716070,191.06,305.55,60,306.75,60,340530
2026-04-13T12:28:37.975,NF,BANKNIFTY28APR2657500CE,305.6,168.3,306.8,110.85,358.3,716130,191.07,305.85,30,306.75,60,340530
2026-04-13T12:28:39.174,NF,BANKNIFTY28APR2657500CE,306.9,168.3,306.9,110.85,358.3,716370,191.11,306.15,60,307.1,90,340530
2026-04-13T12:28:41.585,NF,BANKNIFTY28APR2657500CE,307.0,168.3,307.3,110.85,358.3,716580,191.14,307.05,30,308.05,150,340530
2026-04-13T12:28:42.982,NF,BANKNIFTY28APR2657500CE,306.6,168.3,307.3,110.85,358.3,716820,191.18,306.95,60,307.95,30,340530
2026-04-13T12:28:44.184,NF,BANKNIFTY28APR2657500CE,307.7,168.3,307.7,110.85,358.3,716850,191.19,306.8,690,307.8,60,340530
2026-04-13T12:28:50.395,NF,BANKNIFTY28APR2657500CE,310.0,168.3,310.0,110.85,358.3,717330,191.27,309.15,30,310.4,60,340530
2026-04-13T12:28:55.415,NF,BANKNIFTY28APR2657500CE,310.65,168.3,310.65,110.85,358.3,718260,191.42,308.0,30,308.4,150,340530
2026-04-13T12:28:56.607,NF,BANKNIFTY28APR2657500CE,308.65,168.3,310.65,110.85,358.3,718350,191.44,308.35,30,309.4,90,340530
2026-04-13T12:28:59.014,NF,BANKNIFTY28APR2657500CE,308.0,168.3,310.65,110.85,358.3,718500,191.46,307.95,90,309.15,30,340530
2026-04-13T12:29:01.615,NF,BANKNIFTY28APR2657500CE,308.25,168.3,310.65,110.85,358.3,718530,191.46,308.05,30,308.65,30,340530
2026-04-13T12:29:07.827,NF,BANKNIFTY28APR2657500CE,308.55,168.3,310.65,110.85,358.3,718620,191.48,308.9,660,310.3,30,340530
2026-04-13T12:29:09.036,NF,BANKNIFTY28APR2657500CE,309.85,168.3,310.65,110.85,358.3,718650,191.48,309.0,150,310.0,60,340530
2026-04-13T12:29:11.665,NF,BANKNIFTY28APR2657500CE,310.15,168.3,310.65,110.85,358.3,718680,191.49,310.1,120,311.45,30,342900
2026-04-13T12:29:12.835,NF,BANKNIFTY28APR2657500CE,311.0,168.3,311.75,110.85,358.3,719070,191.55,311.3,60,312.45,30,342900
2026-04-13T12:29:15.241,NF,BANKNIFTY28APR2657500CE,311.85,168.3,311.95,110.85,358.3,719160,191.57,311.55,120,312.75,30,342900
2026-04-13T12:29:20.250,NF,BANKNIFTY28APR2657500CE,313.0,168.3,313.0,110.85,358.3,719220,191.58,312.0,120,312.85,30,342900
2026-04-13T12:29:21.658,NF,BANKNIFTY28APR2657500CE,311.9,168.3,313.0,110.85,358.3,719280,191.59,312.0,90,312.95,30,342900
2026-04-13T12:29:22.859,NF,BANKNIFTY28APR2657500CE,311.8,168.3,313.0,110.85,358.3,719580,191.64,310.6,630,311.6,120,342900
2026-04-13T12:29:24.060,NF,BANKNIFTY28APR2657500CE,312.3,168.3,313.0,110.85,358.3,720480,191.79,311.2,90,312.25,60,342900
2026-04-13T12:29:25.259,NF,BANKNIFTY28APR2657500CE,312.0,168.3,313.0,110.85,358.3,720510,191.79,311.1,60,312.25,90,342900
2026-04-13T12:29:32.670,NF,BANKNIFTY28APR2657500CE,311.85,168.3,313.0,110.85,358.3,720540,191.8,311.7,90,312.8,60,342900
2026-04-13T12:29:33.881,NF,BANKNIFTY28APR2657500CE,311.85,168.3,313.0,110.85,358.3,720570,191.8,312.1,60,313.15,90,342900
2026-04-13T12:29:35.081,NF,BANKNIFTY28APR2657500CE,313.65,168.3,313.65,110.85,358.3,720600,191.81,312.1,150,313.4,150,342900
2026-04-13T12:29:36.474,NF,BANKNIFTY28APR2657500CE,313.25,168.3,313.65,110.85,358.3,720630,191.81,312.4,60,313.3,120,342900
2026-04-13T12:29:37.677,NF,BANKNIFTY28APR2657500CE,313.25,168.3,313.65,110.85,358.3,720660,191.82,312.4,120,313.3,150,342900
2026-04-13T12:29:40.090,NF,BANKNIFTY28APR2657500CE,311.0,168.3,313.65,110.85,358.3,721140,191.9,310.45,30,311.5,60,342900
2026-04-13T12:29:41.284,NF,BANKNIFTY28APR2657500CE,310.6,168.3,313.65,110.85,358.3,721170,191.91,310.65,30,311.7,60,342900
2026-04-13T12:29:48.895,NF,BANKNIFTY28APR2657500CE,312.0,168.3,313.65,110.85,358.3,721320,191.93,311.45,120,312.45,30,342900
2026-04-13T12:29:50.111,NF,BANKNIFTY28APR2657500CE,310.4,168.3,313.65,110.85,358.3,721350,191.93,310.45,30,311.4,30,342900
2026-04-13T12:29:51.312,NF,BANKNIFTY28APR2657500CE,311.35,168.3,313.65,110.85,358.3,721380,191.94,310.5,30,311.45,60,342900
2026-04-13T12:29:52.707,NF,BANKNIFTY28APR2657500CE,311.55,168.3,313.65,110.85,358.3,721590,191.97,311.65,30,312.9,120,342900
2026-04-13T12:29:53.917,NF,BANKNIFTY28APR2657500CE,311.65,168.3,313.65,110.85,358.3,721620,191.98,312.35,30,313.3,150,342900
2026-04-13T12:30:00.120,NF,BANKNIFTY28APR2657500CE,314.0,168.3,314.25,110.85,358.3,721800,192.01,313.8,30,315.0,720,342900
2026-04-13T12:30:01.373,NF,BANKNIFTY28APR2657500CE,317.45,168.3,317.45,110.85,358.3,722640,192.15,316.5,30,317.15,150,342900
2026-04-13T12:30:02.948,NF,BANKNIFTY28APR2657500CE,316.65,168.3,317.45,110.85,358.3,722820,192.18,316.4,30,317.45,60,342900
2026-04-13T12:30:03.925,NF,BANKNIFTY28APR2657500CE,316.25,168.3,317.45,110.85,358.3,722970,192.21,316.25,60,317.35,30,342900
2026-04-13T12:30:05.126,NF,BANKNIFTY28APR2657500CE,315.6,168.3,317.45,110.85,358.3,723060,192.23,315.2,60,316.55,90,342900
2026-04-13T12:30:07.747,NF,BANKNIFTY28APR2657500CE,314.7,168.3,317.45,110.85,358.3,723150,192.24,313.35,180,314.15,30,342900
2026-04-13T12:30:10.138,NF,BANKNIFTY28APR2657500CE,314.45,168.3,317.45,110.85,358.3,723180,192.25,312.6,30,313.95,60,342900
2026-04-13T12:30:11.346,NF,BANKNIFTY28APR2657500CE,310.4,168.3,317.45,110.85,358.3,723270,192.26,310.5,150,311.45,60,342900
2026-04-13T12:30:12.735,NF,BANKNIFTY28APR2657500CE,310.65,168.3,317.45,110.85,358.3,723360,192.28,310.3,60,311.3,60,342900
2026-04-13T12:30:13.942,NF,BANKNIFTY28APR2657500CE,309.9,168.3,317.45,110.85,358.3,723480,192.29,309.05,120,310.05,30,342900
2026-04-13T12:30:16.356,NF,BANKNIFTY28APR2657500CE,306.55,168.3,317.45,110.85,358.3,723750,192.34,306.55,150,307.5,30,342900
2026-04-13T12:30:17.551,NF,BANKNIFTY28APR2657500CE,307.05,168.3,317.45,110.85,358.3,723840,192.35,305.8,150,306.65,30,342900
2026-04-13T12:30:18.946,NF,BANKNIFTY28APR2657500CE,306.65,168.3,317.45,110.85,358.3,723870,192.36,305.85,120,306.8,30,342900
2026-04-13T12:30:20.164,NF,BANKNIFTY28APR2657500CE,305.0,168.3,317.45,110.85,358.3,724290,192.42,305.0,30,306.05,60,342900
2026-04-13T12:30:21.354,NF,BANKNIFTY28APR2657500CE,305.5,168.3,317.45,110.85,358.3,724350,192.43,304.15,30,305.2,120,342900
2026-04-13T12:30:22.559,NF,BANKNIFTY28APR2657500CE,303.8,168.3,317.45,110.85,358.3,724440,192.44,303.95,120,304.95,30,342900
2026-04-13T12:30:26.357,NF,BANKNIFTY28APR2657500CE,303.1,168.3,317.45,110.85,358.3,724470,192.45,302.95,30,303.8,60,342900
2026-04-13T12:30:27.567,NF,BANKNIFTY28APR2657500CE,303.0,168.3,317.45,110.85,358.3,724500,192.45,302.95,60,303.8,30,342900
2026-04-13T12:30:28.761,NF,BANKNIFTY28APR2657500CE,301.9,168.3,317.45,110.85,358.3,724830,192.5,301.6,90,302.45,30,342900
2026-04-13T12:30:29.970,NF,BANKNIFTY28APR2657500CE,302.45,168.3,317.45,110.85,358.3,724890,192.51,301.7,600,302.65,60,342900
2026-04-13T12:30:31.376,NF,BANKNIFTY28APR2657500CE,301.7,168.3,317.45,110.85,358.3,724950,192.52,301.7,570,302.45,60,342900
2026-04-13T12:30:32.574,NF,BANKNIFTY28APR2657500CE,305.7,168.3,317.45,110.85,358.3,725010,192.53,304.3,60,305.35,60,342900
2026-04-13T12:30:36.179,NF,BANKNIFTY28APR2657500CE,306.75,168.3,317.45,110.85,358.3,725100,192.55,305.65,60,306.75,60,342900
2026-04-13T12:30:37.581,NF,BANKNIFTY28APR2657500CE,305.9,168.3,317.45,110.85,358.3,725550,192.62,305.25,90,306.5,60,342900
2026-04-13T12:30:39.779,NF,BANKNIFTY28APR2657500CE,305.95,168.3,317.45,110.85,358.3,725820,192.66,304.75,90,305.75,90,342900
2026-04-13T12:30:40.985,NF,BANKNIFTY28APR2657500CE,304.85,168.3,317.45,110.85,358.3,725850,192.66,304.05,60,305.25,150,342900
2026-04-13T12:30:42.389,NF,BANKNIFTY28APR2657500CE,305.5,168.3,317.45,110.85,358.3,726030,192.69,304.7,90,305.95,60,342900
2026-04-13T12:30:45.993,NF,BANKNIFTY28APR2657500CE,307.0,168.3,317.45,110.85,358.3,726060,192.7,306.0,30,307.15,30,342900
2026-04-13T12:30:48.611,NF,BANKNIFTY28APR2657500CE,306.65,168.3,317.45,110.85,358.3,726120,192.7,305.35,180,306.35,120,342900
2026-04-13T12:30:58.411,NF,BANKNIFTY28APR2657500CE,304.0,168.3,317.45,110.85,358.3,729150,193.17,303.9,150,304.85,60,342900
2026-04-13T12:31:00.819,NF,BANKNIFTY28APR2657500CE,304.15,168.3,317.45,110.85,358.3,729180,193.17,303.3,120,304.5,60,342900
2026-04-13T12:31:03.224,NF,BANKNIFTY28APR2657500CE,304.6,168.3,317.45,110.85,358.3,729210,193.18,304.35,30,305.5,60,342900
2026-04-13T12:31:05.822,NF,BANKNIFTY28APR2657500CE,305.0,168.3,317.45,110.85,358.3,729270,193.19,305.05,90,306.15,60,342900
2026-04-13T12:31:07.033,NF,BANKNIFTY28APR2657500CE,305.0,168.3,317.45,110.85,358.3,729390,193.2,304.25,60,305.55,60,342900
2026-04-13T12:31:19.466,NF,BANKNIFTY28APR2657500CE,305.3,168.3,317.45,110.85,358.3,729420,193.21,304.85,180,306.1,90,342900
2026-04-13T12:31:23.061,NF,BANKNIFTY28APR2657500CE,306.05,168.3,317.45,110.85,358.3,729450,193.21,305.35,60,306.55,60,342900
2026-04-13T12:31:24.455,NF,BANKNIFTY28APR2657500CE,305.45,168.3,317.45,110.85,358.3,729750,193.26,305.9,180,307.0,120,342900
2026-04-13T12:31:25.647,NF,BANKNIFTY28APR2657500CE,308.0,168.3,317.45,110.85,358.3,729810,193.27,306.7,180,307.8,60,342900
2026-04-13T12:31:26.852,NF,BANKNIFTY28APR2657500CE,309.05,168.3,317.45,110.85,358.3,730110,193.32,307.7,150,308.85,90,342900
2026-04-13T12:31:28.055,NF,BANKNIFTY28APR2657500CE,308.25,168.3,317.45,110.85,358.3,730140,193.32,307.0,90,308.15,150,342900
2026-04-13T12:31:30.658,NF,BANKNIFTY28APR2657500CE,307.25,168.3,317.45,110.85,358.3,730350,193.35,307.05,300,308.15,60,342900
2026-04-13T12:31:31.882,NF,BANKNIFTY28APR2657500CE,307.6,168.3,317.45,110.85,358.3,730500,193.38,306.5,90,307.6,60,342900
2026-04-13T12:31:33.059,NF,BANKNIFTY28APR2657500CE,307.65,168.3,317.45,110.85,358.3,730530,193.38,306.5,60,307.55,60,342900
2026-04-13T12:31:35.672,NF,BANKNIFTY28APR2657500CE,308.65,168.3,317.45,110.85,358.3,730590,193.39,307.35,30,308.5,90,342900
2026-04-13T12:31:39.106,NF,BANKNIFTY28APR2657500CE,308.75,168.3,317.45,110.85,358.3,730620,193.4,307.8,60,308.85,60,342900
2026-04-13T12:31:41.488,NF,BANKNIFTY28APR2657500CE,309.6,168.3,317.45,110.85,358.3,730680,193.41,309.55,30,310.0,120,342900
2026-04-13T12:31:42.873,NF,BANKNIFTY28APR2657500CE,309.55,168.3,317.45,110.85,358.3,730890,193.44,308.4,30,309.55,60,342900
2026-04-13T12:31:45.285,NF,BANKNIFTY28APR2657500CE,310.0,168.3,317.45,110.85,358.3,731010,193.46,310.45,30,311.3,150,342900
2026-04-13T12:31:56.105,NF,BANKNIFTY28APR2657500CE,310.85,168.3,317.45,110.85,358.3,731040,193.46,310.05,60,311.15,90,342900
2026-04-13T12:31:57.499,NF,BANKNIFTY28APR2657500CE,310.7,168.3,317.45,110.85,358.3,731070,193.47,310.05,30,310.95,90,342900
2026-04-13T12:31:59.907,NF,BANKNIFTY28APR2657500CE,310.0,168.3,317.45,110.85,358.3,731250,193.5,309.45,60,310.0,30,342900
2026-04-13T12:32:01.116,NF,BANKNIFTY28APR2657500CE,311.4,168.3,317.45,110.85,358.3,731850,193.59,309.4,60,310.7,30,342900
2026-04-13T12:32:03.528,NF,BANKNIFTY28APR2657500CE,309.65,168.3,317.45,110.85,358.3,731880,193.6,308.3,60,309.25,30,342900
2026-04-13T12:32:05.718,NF,BANKNIFTY28APR2657500CE,309.65,168.3,317.45,110.85,358.3,732180,193.64,308.25,90,309.4,30,342900
2026-04-13T12:32:09.142,NF,BANKNIFTY28APR2657500CE,307.6,168.3,317.45,110.85,358.3,732270,193.66,307.85,60,309.15,30,342900
2026-04-13T12:32:10.343,NF,BANKNIFTY28APR2657500CE,311.4,168.3,317.45,110.85,358.3,732870,193.75,309.25,90,310.4,180,342900
2026-04-13T12:32:12.740,NF,BANKNIFTY28APR2657500CE,311.0,168.3,317.45,110.85,358.3,732900,193.76,310.25,60,311.45,30,346170
2026-04-13T12:32:14.972,NF,BANKNIFTY28APR2657500CE,311.8,168.3,317.45,110.85,358.3,733530,193.86,310.0,30,310.95,90,346170
2026-04-13T12:32:17.338,NF,BANKNIFTY28APR2657500CE,312.0,168.3,317.45,110.85,358.3,733560,193.87,312.75,90,313.8,180,346170
2026-04-13T12:32:19.767,NF,BANKNIFTY28APR2657500CE,312.4,168.3,317.45,110.85,358.3,733620,193.87,312.85,60,313.75,150,346170
2026-04-13T12:32:22.165,NF,BANKNIFTY28APR2657500CE,312.0,168.3,317.45,110.85,358.3,733650,193.88,311.45,30,312.4,90,346170
2026-04-13T12:32:23.556,NF,BANKNIFTY28APR2657500CE,313.3,168.3,317.45,110.85,358.3,734250,193.98,311.15,90,312.25,150,346170
2026-04-13T12:32:24.757,NF,BANKNIFTY28APR2657500CE,311.05,168.3,317.45,110.85,358.3,734280,193.98,310.0,60,311.0,210,346170
2026-04-13T12:32:25.954,NF,BANKNIFTY28APR2657500CE,310.85,168.3,317.45,110.85,358.3,734340,193.99,310.1,90,311.25,120,346170
2026-04-13T12:32:27.158,NF,BANKNIFTY28APR2657500CE,312.15,168.3,317.45,110.85,358.3,734940,194.09,310.65,90,311.65,30,346170
2026-04-13T12:32:28.360,NF,BANKNIFTY28APR2657500CE,311.4,168.3,317.45,110.85,358.3,735360,194.15,311.5,60,312.4,60,346170
2026-04-13T12:32:31.774,NF,BANKNIFTY28APR2657500CE,309.65,168.3,317.45,110.85,358.3,735510,194.18,309.4,120,310.25,120,346170
2026-04-13T12:32:32.963,NF,BANKNIFTY28APR2657500CE,310.5,168.3,317.45,110.85,358.3,735570,194.19,309.55,90,310.75,60,346170
2026-04-13T12:32:35.205,NF,BANKNIFTY28APR2657500CE,311.4,168.3,317.45,110.85,358.3,735600,194.19,311.2,30,312.25,150,346170
2026-04-13T12:32:47.195,NF,BANKNIFTY28APR2657500CE,310.6,168.3,317.45,110.85,358.3,735630,194.2,309.75,30,310.9,210,346170
2026-04-13T12:32:48.389,NF,BANKNIFTY28APR2657500CE,310.0,168.3,317.45,110.85,358.3,735720,194.21,309.7,60,310.0,90,346170
2026-04-13T12:32:49.597,NF,BANKNIFTY28APR2657500CE,310.0,168.3,317.45,110.85,358.3,735750,194.22,309.6,90,310.0,60,346170
2026-04-13T12:32:50.797,NF,BANKNIFTY28APR2657500CE,310.0,168.3,317.45,110.85,358.3,735810,194.23,309.6,60,310.6,90,346170
2026-04-13T12:32:54.604,NF,BANKNIFTY28APR2657500CE,310.7,168.3,317.45,110.85,358.3,735840,194.23,309.9,90,310.95,60,346170
2026-04-13T12:32:55.799,NF,BANKNIFTY28APR2657500CE,310.9,168.3,317.45,110.85,358.3,735870,194.24,309.95,60,311.0,210,346170
2026-04-13T12:33:01.808,NF,BANKNIFTY28APR2657500CE,310.35,168.3,317.45,110.85,358.3,735900,194.24,309.75,60,310.65,150,346170
2026-04-13T12:33:05.416,NF,BANKNIFTY28APR2657500CE,310.3,168.3,317.45,110.85,358.3,735960,194.25,310.2,60,310.95,30,346170
2026-04-13T12:33:09.023,NF,BANKNIFTY28APR2657500CE,310.65,168.3,317.45,110.85,358.3,736020,194.26,310.75,150,311.7,120,346170
2026-04-13T12:33:19.841,NF,BANKNIFTY28APR2657500CE,312.4,168.3,317.45,110.85,358.3,736290,194.3,312.4,90,313.4,60,346170
2026-04-13T12:33:21.240,NF,BANKNIFTY28APR2657500CE,313.4,168.3,317.45,110.85,358.3,736380,194.32,312.4,60,313.4,30,346170
2026-04-13T12:33:27.257,NF,BANKNIFTY28APR2657500CE,312.1,168.3,317.45,110.85,358.3,736500,194.34,311.5,30,312.5,90,346170
2026-04-13T12:33:31.058,NF,BANKNIFTY28APR2657500CE,311.5,168.3,317.45,110.85,358.3,736650,194.36,310.75,30,311.85,150,346170
2026-04-13T12:33:39.474,NF,BANKNIFTY28APR2657500CE,308.45,168.3,317.45,110.85,358.3,736830,194.39,308.3,90,309.45,30,346170
2026-04-13T12:33:40.875,NF,BANKNIFTY28APR2657500CE,308.15,168.3,317.45,110.85,358.3,736860,194.39,308.15,180,309.25,60,346170
2026-04-13T12:33:43.278,NF,BANKNIFTY28APR2657500CE,310.0,168.3,317.45,110.85,358.3,736920,194.4,308.45,90,309.6,60,346170
2026-04-13T12:33:44.487,NF,BANKNIFTY28APR2657500CE,309.05,168.3,317.45,110.85,358.3,736980,194.41,308.0,60,309.05,150,346170
2026-04-13T12:33:45.892,NF,BANKNIFTY28APR2657500CE,306.7,168.3,317.45,110.85,358.3,737160,194.44,306.85,30,307.8,90,346170
2026-04-13T12:33:47.086,NF,BANKNIFTY28APR2657500CE,307.3,168.3,317.45,110.85,358.3,737310,194.46,306.6,180,307.95,30,346170
2026-04-13T12:33:49.506,NF,BANKNIFTY28APR2657500CE,307.95,168.3,317.45,110.85,358.3,737340,194.47,306.3,90,307.3,30,346170
2026-04-13T12:33:52.097,NF,BANKNIFTY28APR2657500CE,305.6,168.3,317.45,110.85,358.3,737370,194.47,304.3,60,305.5,150,346170
2026-04-13T12:33:53.297,NF,BANKNIFTY28APR2657500CE,305.4,168.3,317.45,110.85,358.3,737490,194.49,305.65,60,306.55,30,346170
2026-04-13T12:33:54.503,NF,BANKNIFTY28APR2657500CE,306.8,168.3,317.45,110.85,358.3,737610,194.51,305.9,150,306.95,180,346170
2026-04-13T12:33:57.118,NF,BANKNIFTY28APR2657500CE,308.15,168.3,317.45,110.85,358.3,737970,194.56,308.0,120,309.15,90,346170
2026-04-13T12:33:58.313,NF,BANKNIFTY28APR2657500CE,309.3,168.3,317.45,110.85,358.3,738060,194.58,309.15,30,310.25,90,346170
2026-04-13T12:34:00.905,NF,BANKNIFTY28APR2657500CE,309.05,168.3,317.45,110.85,358.3,738090,194.58,308.55,30,309.05,30,346170
2026-04-13T12:34:02.120,NF,BANKNIFTY28APR2657500CE,309.05,168.3,317.45,110.85,358.3,738120,194.59,308.3,90,309.1,60,346170
2026-04-13T12:34:04.520,NF,BANKNIFTY28APR2657500CE,307.75,168.3,317.45,110.85,358.3,738570,194.66,307.65,120,308.9,60,346170
2026-04-13T12:34:07.116,NF,BANKNIFTY28APR2657500CE,308.05,168.3,317.45,110.85,358.3,738660,194.67,307.55,120,308.55,150,346170
2026-04-13T12:34:08.322,NF,BANKNIFTY28APR2657500CE,307.4,168.3,317.45,110.85,358.3,738690,194.67,307.85,120,308.7,60,346170
2026-04-13T12:34:09.522,NF,BANKNIFTY28APR2657500CE,307.85,168.3,317.45,110.85,358.3,738900,194.71,307.75,180,308.65,60,346170
2026-04-13T12:34:12.131,NF,BANKNIFTY28APR2657500CE,308.05,168.3,317.45,110.85,358.3,738960,194.72,307.45,120,308.2,60,346170
2026-04-13T12:34:13.332,NF,BANKNIFTY28APR2657500CE,306.9,168.3,317.45,110.85,358.3,739380,194.78,307.0,120,307.85,60,346170
2026-04-13T12:34:14.530,NF,BANKNIFTY28APR2657500CE,308.1,168.3,317.45,110.85,358.3,739650,194.82,307.05,180,307.95,60,346170
2026-04-13T12:34:17.130,NF,BANKNIFTY28APR2657500CE,305.4,168.3,317.45,110.85,358.3,739890,194.86,305.2,120,305.95,60,346170
2026-04-13T12:34:18.340,NF,BANKNIFTY28APR2657500CE,306.0,168.3,317.45,110.85,358.3,739920,194.86,305.3,120,306.25,90,346170
2026-04-13T12:34:19.540,NF,BANKNIFTY28APR2657500CE,306.2,168.3,317.45,110.85,358.3,739950,194.87,305.25,30,306.1,90,346170
2026-04-13T12:34:20.739,NF,BANKNIFTY28APR2657500CE,305.25,168.3,317.45,110.85,358.3,739980,194.87,304.75,120,305.75,150,346170
2026-04-13T12:34:22.138,NF,BANKNIFTY28APR2657500CE,306.0,168.3,317.45,110.85,358.3,740040,194.88,305.85,90,307.05,60,346170
2026-04-13T12:34:27.148,NF,BANKNIFTY28APR2657500CE,306.4,168.3,317.45,110.85,358.3,740100,194.89,306.15,30,307.4,60,346170
2026-04-13T12:34:30.753,NF,BANKNIFTY28APR2657500CE,305.6,168.3,317.45,110.85,358.3,740400,194.93,305.05,150,305.9,60,346170
2026-04-13T12:34:31.961,NF,BANKNIFTY28APR2657500CE,306.1,168.3,317.45,110.85,358.3,740430,194.94,305.4,60,306.3,60,346170
2026-04-13T12:34:33.355,NF,BANKNIFTY28APR2657500CE,306.2,168.3,317.45,110.85,358.3,740580,194.96,305.2,30,305.95,60,346170
2026-04-13T12:34:34.558,NF,BANKNIFTY28APR2657500CE,305.25,168.3,317.45,110.85,358.3,740640,194.97,305.2,270,306.05,60,346170
2026-04-13T12:34:39.570,NF,BANKNIFTY28APR2657500CE,306.35,168.3,317.45,110.85,358.3,740670,194.97,305.85,180,306.9,60,346170
2026-04-13T12:34:41.971,NF,BANKNIFTY28APR2657500CE,305.8,168.3,317.45,110.85,358.3,740730,194.98,305.9,60,306.75,60,346170
2026-04-13T12:34:43.175,NF,BANKNIFTY28APR2657500CE,306.55,168.3,317.45,110.85,358.3,740820,195.0,305.6,150,306.5,120,346170
2026-04-13T12:34:45.575,NF,BANKNIFTY28APR2657500CE,306.6,168.3,317.45,110.85,358.3,741120,195.04,305.6,30,306.3,60,346170
2026-04-13T12:34:52.786,NF,BANKNIFTY28APR2657500CE,306.6,168.3,317.45,110.85,358.3,741270,195.06,305.3,120,306.25,180,346170
2026-04-13T12:34:53.989,NF,BANKNIFTY28APR2657500CE,305.45,168.3,317.45,110.85,358.3,741300,195.07,304.7,30,305.9,120,346170
2026-04-13T12:34:56.394,NF,BANKNIFTY28APR2657500CE,305.65,168.3,317.45,110.85,358.3,741330,195.07,304.85,180,305.8,30,346170
2026-04-13T12:34:57.595,NF,BANKNIFTY28APR2657500CE,303.8,168.3,317.45,110.85,358.3,741630,195.12,304.3,120,305.15,30,346170
2026-04-13T12:34:58.797,NF,BANKNIFTY28APR2657500CE,304.25,168.3,317.45,110.85,358.3,741660,195.12,303.35,150,304.25,30,346170
2026-04-13T12:35:01.204,NF,BANKNIFTY28APR2657500CE,305.3,168.3,317.45,110.85,358.3,741780,195.14,305.25,60,306.5,30,346170
2026-04-13T12:35:02.435,NF,BANKNIFTY28APR2657500CE,306.4,168.3,317.45,110.85,358.3,741990,195.17,306.55,150,307.65,30,346170
2026-04-13T12:35:05.016,NF,BANKNIFTY28APR2657500CE,307.05,168.3,317.45,110.85,358.3,742080,195.18,306.1,150,307.05,150,346170
2026-04-13T12:35:10.027,NF,BANKNIFTY28APR2657500CE,306.1,168.3,317.45,110.85,358.3,742170,195.2,305.25,30,306.25,30,346170
2026-04-13T12:35:12.425,NF,BANKNIFTY28APR2657500CE,306.05,168.3,317.45,110.85,358.3,742230,195.21,306.05,30,306.85,60,346170
2026-04-13T12:35:13.624,NF,BANKNIFTY28APR2657500CE,306.05,168.3,317.45,110.85,358.3,742260,195.21,305.55,180,306.6,30,345840
2026-04-13T12:35:14.836,NF,BANKNIFTY28APR2657500CE,305.95,168.3,317.45,110.85,358.3,742290,195.22,305.9,90,306.6,30,345840
2026-04-13T12:35:16.056,NF,BANKNIFTY28APR2657500CE,306.3,168.3,317.45,110.85,358.3,742410,195.23,305.5,150,306.6,30,345840
2026-04-13T12:35:17.238,NF,BANKNIFTY28APR2657500CE,305.7,168.3,317.45,110.85,358.3,742470,195.24,305.65,120,306.35,30,345840
2026-04-13T12:35:18.432,NF,BANKNIFTY28APR2657500CE,305.7,168.3,317.45,110.85,358.3,742530,195.25,305.7,60,306.75,30,345840
2026-04-13T12:35:19.646,NF,BANKNIFTY28APR2657500CE,305.8,168.3,317.45,110.85,358.3,742560,195.26,305.8,60,306.95,30,345840
2026-04-13T12:35:20.834,NF,BANKNIFTY28APR2657500CE,305.9,168.3,317.45,110.85,358.3,742650,195.27,305.7,150,306.55,30,345840
2026-04-13T12:35:23.041,NF,BANKNIFTY28APR2657500CE,306.0,168.3,317.45,110.85,358.3,742680,195.27,305.7,30,306.0,180,345840
2026-04-13T12:35:24.241,NF,BANKNIFTY28APR2657500CE,306.0,168.3,317.45,110.85,358.3,742860,195.3,306.75,30,307.45,30,345840
2026-04-13T12:35:25.444,NF,BANKNIFTY28APR2657500CE,306.6,168.3,317.45,110.85,358.3,743130,195.34,306.55,90,307.3,90,345840
2026-04-13T12:35:26.651,NF,BANKNIFTY28APR2657500CE,307.25,168.3,317.45,110.85,358.3,743160,195.35,306.55,120,307.3,150,345840
2026-04-13T12:35:27.850,NF,BANKNIFTY28APR2657500CE,305.65,168.3,317.45,110.85,358.3,743280,195.36,305.0,180,305.9,60,345840
2026-04-13T12:35:31.454,NF,BANKNIFTY28APR2657500CE,305.0,168.3,317.45,110.85,358.3,743460,195.39,304.5,120,305.05,90,345840
2026-04-13T12:35:32.857,NF,BANKNIFTY28APR2657500CE,304.9,168.3,317.45,110.85,358.3,743490,195.39,304.3,150,305.1,210,345840
2026-04-13T12:35:35.258,NF,BANKNIFTY28APR2657500CE,305.35,168.3,317.45,110.85,358.3,743790,195.44,304.35,120,305.15,270,345840
2026-04-13T12:35:39.071,NF,BANKNIFTY28APR2657500CE,305.05,168.3,317.45,110.85,358.3,743820,195.44,304.65,150,305.0,30,345840
2026-04-13T12:35:40.267,NF,BANKNIFTY28APR2657500CE,305.0,168.3,317.45,110.85,358.3,743850,195.45,304.85,150,305.75,60,345840
2026-04-13T12:35:47.277,NF,BANKNIFTY28APR2657500CE,304.25,168.3,317.45,110.85,358.3,744150,195.49,303.95,120,304.55,60,345840
2026-04-13T12:35:48.479,NF,BANKNIFTY28APR2657500CE,304.65,168.3,317.45,110.85,358.3,744210,195.5,303.9,90,304.7,30,345840
2026-04-13T12:35:50.682,NF,BANKNIFTY28APR2657500CE,304.35,168.3,317.45,110.85,358.3,744420,195.53,304.95,30,305.95,90,345840
2026-04-13T12:35:51.884,NF,BANKNIFTY28APR2657500CE,305.7,168.3,317.45,110.85,358.3,744660,195.57,305.6,60,306.55,60,345840
2026-04-13T12:35:55.492,NF,BANKNIFTY28APR2657500CE,305.3,168.3,317.45,110.85,358.3,744690,195.57,304.25,150,305.2,30,345840
2026-04-13T12:35:58.908,NF,BANKNIFTY28APR2657500CE,304.15,168.3,317.45,110.85,358.3,744840,195.59,304.2,30,305.1,60,345840
2026-04-13T12:36:02.502,NF,BANKNIFTY28APR2657500CE,304.75,168.3,317.45,110.85,358.3,744870,195.6,305.0,120,306.05,60,345840
2026-04-13T12:36:05.117,NF,BANKNIFTY28APR2657500CE,308.1,168.3,317.45,110.85,358.3,744900,195.6,307.35,210,308.2,90,345840
2026-04-13T12:36:07.510,NF,BANKNIFTY28APR2657500CE,307.3,168.3,317.45,110.85,358.3,745020,195.62,306.85,120,307.65,30,345840
2026-04-13T12:36:19.325,NF,BANKNIFTY28APR2657500CE,307.9,168.3,317.45,110.85,358.3,745230,195.65,306.6,90,307.6,30,345840
2026-04-13T12:36:23.740,NF,BANKNIFTY28APR2657500CE,305.6,168.3,317.45,110.85,358.3,745260,195.66,305.05,150,306.05,30,345840
2026-04-13T12:36:26.136,NF,BANKNIFTY28APR2657500CE,305.45,168.3,317.45,110.85,358.3,745290,195.66,305.6,150,306.45,30,345840
2026-04-13T12:36:31.945,NF,BANKNIFTY28APR2657500CE,305.45,168.3,317.45,110.85,358.3,745320,195.66,305.5,150,306.5,30,345840
2026-04-13T12:36:33.146,NF,BANKNIFTY28APR2657500CE,305.45,168.3,317.45,110.85,358.3,745560,195.7,305.45,30,306.4,30,345840
2026-04-13T12:36:34.349,NF,BANKNIFTY28APR2657500CE,305.45,168.3,317.45,110.85,358.3,745590,195.7,304.2,210,305.05,30,345840
2026-04-13T12:36:37.952,NF,BANKNIFTY28APR2657500CE,303.75,168.3,317.45,110.85,358.3,745980,195.76,303.1,120,303.8,30,345840
2026-04-13T12:36:39.156,NF,BANKNIFTY28APR2657500CE,303.1,168.3,317.45,110.85,358.3,746160,195.79,303.15,180,303.8,60,345840
2026-04-13T12:36:40.361,NF,BANKNIFTY28APR2657500CE,304.2,168.3,317.45,110.85,358.3,746310,195.81,303.6,120,304.5,30,345840
2026-04-13T12:36:41.560,NF,BANKNIFTY28APR2657500CE,304.0,168.3,317.45,110.85,358.3,746730,195.87,303.05,120,303.9,30,345840
2026-04-13T12:36:44.161,NF,BANKNIFTY28APR2657500CE,304.6,168.3,317.45,110.85,358.3,747030,195.91,303.8,60,304.6,30,345840
2026-04-13T12:36:45.365,NF,BANKNIFTY28APR2657500CE,303.65,168.3,317.45,110.85,358.3,747060,195.92,303.8,120,304.7,90,345840
2026-04-13T12:36:46.568,NF,BANKNIFTY28APR2657500CE,304.7,168.3,317.45,110.85,358.3,747090,195.92,303.3,60,304.1,90,345840
2026-04-13T12:36:47.767,NF,BANKNIFTY28APR2657500CE,304.0,168.3,317.45,110.85,358.3,747300,195.95,303.9,150,304.95,30,345840
2026-04-13T12:36:51.372,NF,BANKNIFTY28APR2657500CE,303.6,168.3,317.45,110.85,358.3,747330,195.96,303.5,210,304.5,60,345840
2026-04-13T12:36:53.778,NF,BANKNIFTY28APR2657500CE,305.35,168.3,317.45,110.85,358.3,748020,196.06,305.45,90,306.6,90,345840
2026-04-13T12:36:56.378,NF,BANKNIFTY28APR2657500CE,304.9,168.3,317.45,110.85,358.3,748290,196.1,305.3,120,306.25,30,345840
2026-04-13T12:36:57.579,NF,BANKNIFTY28APR2657500CE,305.05,168.3,317.45,110.85,358.3,748440,196.12,304.85,90,306.0,30,345840
2026-04-13T12:36:59.985,NF,BANKNIFTY28APR2657500CE,307.15,168.3,317.45,110.85,358.3,748530,196.13,306.35,30,307.45,240,345840
2026-04-13T12:37:03.787,NF,BANKNIFTY28APR2657500CE,307.0,168.3,317.45,110.85,358.3,749250,196.24,307.1,150,308.2,90,345840
2026-04-13T12:37:04.991,NF,BANKNIFTY28APR2657500CE,306.65,168.3,317.45,110.85,358.3,749490,196.27,306.55,150,306.95,240,345840
2026-04-13T12:37:06.194,NF,BANKNIFTY28APR2657500CE,306.8,168.3,317.45,110.85,358.3,749640,196.3,306.65,30,306.8,90,345840
2026-04-13T12:37:07.409,NF,BANKNIFTY28APR2657500CE,306.45,168.3,317.45,110.85,358.3,749790,196.32,306.3,120,307.1,60,345840
2026-04-13T12:37:08.598,NF,BANKNIFTY28APR2657500CE,306.5,168.3,317.45,110.85,358.3,749940,196.34,306.35,240,307.25,60,345840
2026-04-13T12:37:14.816,NF,BANKNIFTY28APR2657500CE,306.2,168.3,317.45,110.85,358.3,749970,196.34,307.3,90,308.2,60,345840
2026-04-13T12:37:16.009,NF,BANKNIFTY28APR2657500CE,308.2,168.3,317.45,110.85,358.3,750030,196.35,308.4,90,309.45,60,345840
2026-04-13T12:37:19.814,NF,BANKNIFTY28APR2657500CE,308.85,168.3,317.45,110.85,358.3,750060,196.36,308.25,30,308.9,60,345840
2026-04-13T12:37:21.026,NF,BANKNIFTY28APR2657500CE,309.6,168.3,317.45,110.85,358.3,750120,196.37,308.85,30,309.95,150,345840
2026-04-13T12:37:22.237,NF,BANKNIFTY28APR2657500CE,310.55,168.3,317.45,110.85,358.3,750150,196.37,309.6,60,310.35,150,345840
2026-04-13T12:37:26.023,NF,BANKNIFTY28APR2657500CE,309.6,168.3,317.45,110.85,358.3,750390,196.41,308.95,120,309.65,30,345840
2026-04-13T12:37:33.442,NF,BANKNIFTY28APR2657500CE,313.9,168.3,317.45,110.85,358.3,750450,196.42,312.8,90,313.8,150,345840
2026-04-13T12:37:34.642,NF,BANKNIFTY28APR2657500CE,313.6,168.3,317.45,110.85,358.3,750480,196.42,312.6,120,313.5,150,345840
2026-04-13T12:37:35.848,NF,BANKNIFTY28APR2657500CE,314.05,168.3,317.45,110.85,358.3,750540,196.43,312.9,90,313.85,150,345840
2026-04-13T12:37:37.051,NF,BANKNIFTY28APR2657500CE,312.65,168.3,317.45,110.85,358.3,753390,196.87,312.8,60,313.95,30,345840
2026-04-13T12:37:39.253,NF,BANKNIFTY28APR2657500CE,314.4,168.3,317.45,110.85,358.3,753450,196.88,313.65,60,314.65,60,345840
2026-04-13T12:37:40.650,NF,BANKNIFTY28APR2657500CE,314.6,168.3,317.45,110.85,358.3,753480,196.89,313.4,150,314.45,120,345840
2026-04-13T12:37:43.054,NF,BANKNIFTY28APR2657500CE,313.35,168.3,317.45,110.85,358.3,753630,196.91,313.05,60,313.65,30,345840
2026-04-13T12:37:44.268,NF,BANKNIFTY28APR2657500CE,312.9,168.3,317.45,110.85,358.3,753690,196.92,312.8,30,313.8,60,345840
2026-04-13T12:37:45.662,NF,BANKNIFTY28APR2657500CE,313.7,168.3,317.45,110.85,358.3,753810,196.94,312.45,210,313.65,30,345840
2026-04-13T12:37:46.859,NF,BANKNIFTY28APR2657500CE,313.5,168.3,317.45,110.85,358.3,754050,196.98,313.1,30,314.2,90,345840
2026-04-13T12:37:48.072,NF,BANKNIFTY28APR2657500CE,314.55,168.3,317.45,110.85,358.3,754080,196.98,313.5,150,314.45,210,345840
2026-04-13T12:37:53.075,NF,BANKNIFTY28APR2657500CE,316.35,168.3,317.45,110.85,358.3,754440,197.04,315.45,30,316.35,90,345840
2026-04-13T12:37:56.877,NF,BANKNIFTY28APR2657500CE,315.45,168.3,317.45,110.85,358.3,754470,197.04,315.55,60,316.55,60,345840
2026-04-13T12:38:00.493,NF,BANKNIFTY28APR2657500CE,317.2,168.3,318.15,110.85,358.3,754620,197.07,317.0,60,318.2,60,345840
2026-04-13T12:38:01.696,NF,BANKNIFTY28APR2657500CE,318.3,168.3,318.3,110.85,358.3,754770,197.09,317.4,30,318.4,150,345840
2026-04-13T12:38:03.087,NF,BANKNIFTY28APR2657500CE,318.4,168.3,318.75,110.85,358.3,755550,197.22,317.5,300,318.45,60,345840
2026-04-13T12:38:04.292,NF,BANKNIFTY28APR2657500CE,317.5,168.3,318.75,110.85,358.3,755580,197.22,317.65,180,318.45,60,345840
2026-04-13T12:38:05.493,NF,BANKNIFTY28APR2657500CE,318.35,168.3,318.75,110.85,358.3,755940,197.28,317.75,60,318.55,120,345840
2026-04-13T12:38:06.696,NF,BANKNIFTY28APR2657500CE,318.5,168.3,318.75,110.85,358.3,756030,197.29,317.7,60,318.6,90,345840
2026-04-13T12:38:08.098,NF,BANKNIFTY28APR2657500CE,319.55,168.3,319.95,110.85,358.3,756210,197.32,318.95,90,319.8,60,345840
2026-04-13T12:38:09.333,NF,BANKNIFTY28APR2657500CE,320.0,168.3,320.0,110.85,358.3,756330,197.34,319.1,330,320.0,720,345840
2026-04-13T12:38:10.510,NF,BANKNIFTY28APR2657500CE,320.0,168.3,320.0,110.85,358.3,756600,197.38,319.5,30,320.0,570,345840
2026-04-13T12:38:11.704,NF,BANKNIFTY28APR2657500CE,319.75,168.3,320.0,110.85,358.3,757620,197.55,319.9,30,320.7,150,345840
2026-04-13T12:38:13.104,NF,BANKNIFTY28APR2657500CE,320.2,168.3,320.25,110.85,358.3,757770,197.57,320.15,30,321.0,150,348000
2026-04-13T12:38:14.386,NF,BANKNIFTY28APR2657500CE,319.8,168.3,320.25,110.85,358.3,757800,197.58,320.0,60,320.4,90,348000
2026-04-13T12:38:15.509,NF,BANKNIFTY28APR2657500CE,320.0,168.3,320.25,110.85,358.3,757860,197.59,319.55,90,320.6,30,348000
2026-04-13T12:38:16.713,NF,BANKNIFTY28APR2657500CE,321.4,168.3,321.4,110.85,358.3,758550,197.7,319.7,60,320.85,60,348000
2026-04-13T12:38:19.317,NF,BANKNIFTY28APR2657500CE,319.95,168.3,321.4,110.85,358.3,758580,197.71,320.0,60,320.95,120,348000
2026-04-13T12:38:20.519,NF,BANKNIFTY28APR2657500CE,320.05,168.3,321.4,110.85,358.3,758790,197.74,320.05,90,321.15,30,348000
2026-04-13T12:38:21.722,NF,BANKNIFTY28APR2657500CE,320.0,168.3,321.4,110.85,358.3,759090,197.79,319.95,30,320.3,30,348000
2026-04-13T12:38:23.122,NF,BANKNIFTY28APR2657500CE,320.5,168.3,321.4,110.85,358.3,759150,197.8,320.0,60,320.5,30,348000
2026-04-13T12:38:24.328,NF,BANKNIFTY28APR2657500CE,320.5,168.3,321.4,110.85,358.3,759180,197.8,320.0,60,320.95,120,348000
2026-04-13T12:38:29.138,NF,BANKNIFTY28APR2657500CE,320.9,168.3,321.4,110.85,358.3,759270,197.82,320.5,30,320.95,150,348000
2026-04-13T12:38:30.339,NF,BANKNIFTY28APR2657500CE,320.05,168.3,321.4,110.85,358.3,759540,197.86,320.1,60,321.0,120,348000
2026-04-13T12:38:31.742,NF,BANKNIFTY28APR2657500CE,321.6,168.3,321.6,110.85,358.3,760140,197.96,320.0,60,320.3,30,348000
2026-04-13T12:38:32.960,NF,BANKNIFTY28APR2657500CE,320.4,168.3,321.6,110.85,358.3,760170,197.96,320.0,60,320.85,210,348000
2026-04-13T12:38:34.146,NF,BANKNIFTY28APR2657500CE,320.95,168.3,321.6,110.85,358.3,760230,197.97,320.0,60,320.85,30,348000
2026-04-13T12:38:35.346,NF,BANKNIFTY28APR2657500CE,321.0,168.3,321.6,110.85,358.3,760290,197.98,320.05,30,321.1,150,348000
2026-04-13T12:38:41.365,NF,BANKNIFTY28APR2657500CE,319.55,168.3,321.6,110.85,358.3,760440,198.01,319.0,30,319.45,30,348000
2026-04-13T12:38:43.967,NF,BANKNIFTY28APR2657500CE,316.45,168.3,321.6,110.85,358.3,760920,198.08,316.6,90,317.7,30,348000
2026-04-13T12:38:46.362,NF,BANKNIFTY28APR2657500CE,317.25,168.3,321.6,110.85,358.3,760950,198.09,317.15,120,318.3,180,348000
2026-04-13T12:38:50.170,NF,BANKNIFTY28APR2657500CE,319.1,168.3,321.6,110.85,358.3,761070,198.11,318.1,60,319.2,120,348000
2026-04-13T12:38:51.371,NF,BANKNIFTY28APR2657500CE,317.8,168.3,321.6,110.85,358.3,761100,198.11,317.9,120,318.9,30,348000
2026-04-13T12:38:52.585,NF,BANKNIFTY28APR2657500CE,319.05,168.3,321.6,110.85,358.3,761190,198.12,318.0,90,319.1,180,348000
2026-04-13T12:38:53.778,NF,BANKNIFTY28APR2657500CE,318.95,168.3,321.6,110.85,358.3,761370,198.15,319.35,60,320.0,30,348000
2026-04-13T12:38:55.175,NF,BANKNIFTY28APR2657500CE,319.05,168.3,321.6,110.85,358.3,761460,198.17,317.95,30,318.8,30,348000
2026-04-13T12:38:58.800,NF,BANKNIFTY28APR2657500CE,318.45,168.3,321.6,110.85,358.3,761580,198.19,318.35,90,319.35,30,348000
2026-04-13T12:38:59.984,NF,BANKNIFTY28APR2657500CE,318.6,168.3,321.6,110.85,358.3,761610,198.19,318.65,90,319.6,60,348000
2026-04-13T12:39:01.192,NF,BANKNIFTY28APR2657500CE,320.1,168.3,321.6,110.85,358.3,761820,198.22,319.55,180,320.55,120,348000
2026-04-13T12:39:03.791,NF,BANKNIFTY28APR2657500CE,321.3,168.3,321.6,110.85,358.3,762150,198.28,320.95,60,321.8,240,348000
2026-04-13T12:39:08.801,NF,BANKNIFTY28APR2657500CE,321.0,168.3,321.6,110.85,358.3,762180,198.28,320.1,60,321.1,30,348000
2026-04-13T12:39:13.618,NF,BANKNIFTY28APR2657500CE,321.55,168.3,321.6,110.85,358.3,762210,198.29,321.4,30,322.0,90,348000
2026-04-13T12:39:15.025,NF,BANKNIFTY28APR2657500CE,322.1,168.3,323.0,110.85,358.3,763080,198.43,322.1,30,323.0,180,348000
2026-04-13T12:39:16.219,NF,BANKNIFTY28APR2657500CE,323.7,168.3,323.7,110.85,358.3,763170,198.44,323.4,60,324.0,30,348000
2026-04-13T12:39:17.437,NF,BANKNIFTY28APR2657500CE,323.4,168.3,323.7,110.85,358.3,763230,198.45,323.75,30,324.0,30,348000
2026-04-13T12:39:18.619,NF,BANKNIFTY28APR2657500CE,325.0,168.3,325.0,110.85,358.3,763530,198.5,324.05,30,325.15,180,348000
2026-04-13T12:39:20.015,NF,BANKNIFTY28APR2657500CE,324.9,168.3,325.0,110.85,358.3,763560,198.51,324.0,90,325.15,120,348000
2026-04-13T12:39:21.219,NF,BANKNIFTY28APR2657500CE,325.45,168.3,325.45,110.85,358.3,763650,198.52,324.2,90,325.4,150,348000
2026-04-13T12:39:22.426,NF,BANKNIFTY28APR2657500CE,323.0,168.3,325.45,110.85,358.3,763710,198.53,322.35,90,323.25,30,348000
2026-04-13T12:39:23.626,NF,BANKNIFTY28APR2657500CE,321.0,168.3,325.45,110.85,358.3,763920,198.57,320.15,60,321.15,30,348000
2026-04-13T12:39:25.024,NF,BANKNIFTY28APR2657500CE,318.35,168.3,325.45,110.85,358.3,764070,198.59,317.15,30,318.35,30,348000
2026-04-13T12:39:26.228,NF,BANKNIFTY28APR2657500CE,319.65,168.3,325.45,110.85,358.3,764130,198.6,319.05,90,320.3,120,348000
2026-04-13T12:39:27.434,NF,BANKNIFTY28APR2657500CE,320.3,168.3,325.45,110.85,358.3,764160,198.6,319.45,90,320.6,150,348000
2026-04-13T12:39:30.034,NF,BANKNIFTY28APR2657500CE,320.0,168.3,325.45,110.85,358.3,764220,198.61,319.7,90,320.85,210,348000
2026-04-13T12:39:31.235,NF,BANKNIFTY28APR2657500CE,319.5,168.3,325.45,110.85,358.3,764250,198.62,320.15,60,320.75,60,348000
2026-04-13T12:39:32.437,NF,BANKNIFTY28APR2657500CE,320.3,168.3,325.45,110.85,358.3,764550,198.67,319.25,120,320.45,30,348000
2026-04-13T12:39:33.648,NF,BANKNIFTY28APR2657500CE,319.95,168.3,325.45,110.85,358.3,764580,198.67,318.8,60,320.2,60,348000
2026-04-13T12:39:42.452,NF,BANKNIFTY28APR2657500CE,319.9,168.3,325.45,110.85,358.3,766410,198.96,318.4,120,319.5,60,348000
2026-04-13T12:39:43.668,NF,BANKNIFTY28APR2657500CE,319.0,168.3,325.45,110.85,358.3,766860,199.03,318.5,150,319.0,150,348000
2026-04-13T12:39:44.859,NF,BANKNIFTY28APR2657500CE,319.0,168.3,325.45,110.85,358.3,767010,199.05,318.7,60,319.65,90,348000
2026-04-13T12:39:53.474,NF,BANKNIFTY28APR2657500CE,320.0,168.3,325.45,110.85,358.3,767040,199.06,319.65,90,320.9,60,348000
2026-04-13T12:39:56.081,NF,BANKNIFTY28APR2657500CE,319.3,168.3,325.45,110.85,358.3,767100,199.07,318.2,210,319.3,30,348000
2026-04-13T12:39:57.283,NF,BANKNIFTY28APR2657500CE,318.95,168.3,325.45,110.85,358.3,767130,199.07,318.0,600,319.0,90,348000
2026-04-13T12:39:58.484,NF,BANKNIFTY28APR2657500CE,318.0,168.3,325.45,110.85,358.3,767490,199.13,316.2,120,318.4,120,348000
2026-04-13T12:39:59.681,NF,BANKNIFTY28APR2657500CE,317.15,168.3,325.45,110.85,358.3,767550,199.14,317.2,120,318.4,90,348000
2026-04-13T12:40:02.283,NF,BANKNIFTY28APR2657500CE,317.7,168.3,325.45,110.85,358.3,767580,199.14,316.95,30,317.95,60,348000
2026-04-13T12:40:04.690,NF,BANKNIFTY28APR2657500CE,318.5,168.3,325.45,110.85,358.3,767610,199.15,317.35,150,318.45,90,348000
2026-04-13T12:40:08.538,NF,BANKNIFTY28APR2657500CE,318.0,168.3,325.45,110.85,358.3,767640,199.15,317.8,90,319.05,90,348000
2026-04-13T12:40:10.899,NF,BANKNIFTY28APR2657500CE,318.1,168.3,325.45,110.85,358.3,767670,199.16,317.2,210,318.25,90,348000
2026-04-13T12:40:12.298,NF,BANKNIFTY28APR2657500CE,316.0,168.3,325.45,110.85,358.3,767850,199.18,316.5,120,317.4,30,348000
2026-04-13T12:40:15.904,NF,BANKNIFTY28APR2657500CE,318.0,168.3,325.45,110.85,358.3,767880,199.19,318.7,30,319.2,30,348000
2026-04-13T12:40:20.911,NF,BANKNIFTY28APR2657500CE,317.65,168.3,325.45,110.85,358.3,767910,199.19,317.1,120,318.1,30,348000
2026-04-13T12:40:22.121,NF,BANKNIFTY28APR2657500CE,316.0,168.3,325.45,110.85,358.3,768660,199.31,316.75,210,317.75,90,348000
2026-04-13T12:40:23.334,NF,BANKNIFTY28APR2657500CE,317.4,168.3,325.45,110.85,358.3,768750,199.32,316.15,120,317.05,30,348000
2026-04-13T12:40:25.917,NF,BANKNIFTY28APR2657500CE,316.8,168.3,325.45,110.85,358.3,768780,199.33,316.05,120,316.8,90,348000
2026-04-13T12:40:27.128,NF,BANKNIFTY28APR2657500CE,315.15,168.3,325.45,110.85,358.3,768900,199.34,313.55,120,314.2,60,348000
2026-04-13T12:40:28.343,NF,BANKNIFTY28APR2657500CE,315.45,168.3,325.45,110.85,358.3,768960,199.35,314.45,150,315.45,90,348000
2026-04-13T12:40:29.535,NF,BANKNIFTY28APR2657500CE,314.05,168.3,325.45,110.85,358.3,769260,199.4,315.45,120,316.45,60,348000
2026-04-13T12:40:32.128,NF,BANKNIFTY28APR2657500CE,315.15,168.3,325.45,110.85,358.3,769440,199.42,315.8,150,317.0,60,348000
2026-04-13T12:40:34.540,NF,BANKNIFTY28APR2657500CE,316.05,168.3,325.45,110.85,358.3,769470,199.43,314.4,120,315.35,30,348000
2026-04-13T12:40:35.930,NF,BANKNIFTY28APR2657500CE,313.55,168.3,325.45,110.85,358.3,769830,199.48,313.5,150,314.4,120,348000
2026-04-13T12:40:38.348,NF,BANKNIFTY28APR2657500CE,312.95,168.3,325.45,110.85,358.3,769980,199.5,312.9,150,313.7,60,348000
2026-04-13T12:40:39.536,NF,BANKNIFTY28APR2657500CE,312.8,168.3,325.45,110.85,358.3,770040,199.51,313.85,60,314.75,30,348000
2026-04-13T12:40:43.354,NF,BANKNIFTY28APR2657500CE,313.85,168.3,325.45,110.85,358.3,770100,199.52,312.95,30,313.8,90,348000
2026-04-13T12:40:45.746,NF,BANKNIFTY28APR2657500CE,313.85,168.3,325.45,110.85,358.3,770220,199.54,313.15,120,314.0,30,348000
2026-04-13T12:40:46.950,NF,BANKNIFTY28APR2657500CE,313.45,168.3,325.45,110.85,358.3,770340,199.56,313.2,30,314.35,120,348000
2026-04-13T12:40:48.351,NF,BANKNIFTY28APR2657500CE,315.0,168.3,325.45,110.85,358.3,770520,199.58,313.95,60,315.0,60,348000
2026-04-13T12:40:53.372,NF,BANKNIFTY28APR2657500CE,315.35,168.3,325.45,110.85,358.3,770700,199.61,316.05,60,317.2,30,348000
2026-04-13T12:40:58.367,NF,BANKNIFTY28APR2657500CE,318.5,168.3,325.45,110.85,358.3,770760,199.62,317.95,30,318.95,210,348000
2026-04-13T12:41:00.772,NF,BANKNIFTY28APR2657500CE,317.4,168.3,325.45,110.85,358.3,770790,199.63,317.45,30,318.8,90,348000
2026-04-13T12:41:01.978,NF,BANKNIFTY28APR2657500CE,317.6,168.3,325.45,110.85,358.3,770820,199.63,317.55,210,318.85,90,348000
2026-04-13T12:41:04.578,NF,BANKNIFTY28APR2657500CE,318.35,168.3,325.45,110.85,358.3,770850,199.63,317.1,90,318.3,90,348000
2026-04-13T12:41:19.405,NF,BANKNIFTY28APR2657500CE,317.85,168.3,325.45,110.85,358.3,770880,199.64,318.5,60,319.45,30,348120
2026-04-13T12:41:25.613,NF,BANKNIFTY28APR2657500CE,322.95,168.3,325.45,110.85,358.3,771330,199.71,320.25,30,321.15,30,348120
2026-04-13T12:41:28.021,NF,BANKNIFTY28APR2657500CE,320.8,168.3,325.45,110.85,358.3,771450,199.73,321.85,30,322.9,60,348120
2026-04-13T12:41:34.227,NF,BANKNIFTY28APR2657500CE,322.65,168.3,325.45,110.85,358.3,771540,199.74,321.8,30,322.7,30,348120
2026-04-13T12:41:35.432,NF,BANKNIFTY28APR2657500CE,322.65,168.3,325.45,110.85,358.3,771570,199.75,321.8,30,322.6,60,348120
2026-04-13T12:41:39.035,NF,BANKNIFTY28APR2657500CE,321.8,168.3,325.45,110.85,358.3,771600,199.75,320.8,90,321.9,120,348120
2026-04-13T12:41:40.243,NF,BANKNIFTY28APR2657500CE,321.9,168.3,325.45,110.85,358.3,771660,199.76,321.0,30,322.15,180,348120
2026-04-13T12:41:42.642,NF,BANKNIFTY28APR2657500CE,322.25,168.3,325.45,110.85,358.3,771690,199.77,321.2,30,322.25,210,348120
2026-04-13T12:41:43.846,NF,BANKNIFTY28APR2657500CE,320.0,168.3,325.45,110.85,358.3,772020,199.82,319.3,90,320.45,60,348120
2026-04-13T12:41:48.455,NF,BANKNIFTY28APR2657500CE,320.6,168.3,325.45,110.85,358.3,772050,199.82,319.45,60,320.6,90,348120
2026-04-13T12:41:50.860,NF,BANKNIFTY28APR2657500CE,319.25,168.3,325.45,110.85,358.3,772110,199.83,318.45,30,319.05,120,348120
2026-04-13T12:41:56.873,NF,BANKNIFTY28APR2657500CE,318.5,168.3,325.45,110.85,358.3,772140,199.84,318.5,60,319.6,90,348120
2026-04-13T12:41:57.872,NF,BANKNIFTY28APR2657500CE,318.9,168.3,325.45,110.85,358.3,772170,199.84,318.95,30,320.0,90,348120
2026-04-13T12:42:02.476,NF,BANKNIFTY28APR2657500CE,320.9,168.3,325.45,110.85,358.3,772200,199.85,320.8,30,321.9,30,348120
2026-04-13T12:42:03.678,NF,BANKNIFTY28APR2657500CE,320.75,168.3,325.45,110.85,358.3,772230,199.85,320.65,30,321.65,120,348120
2026-04-13T12:42:07.292,NF,BANKNIFTY28APR2657500CE,322.35,168.3,325.45,110.85,358.3,772260,199.86,321.25,60,322.4,60,348120
2026-04-13T12:42:08.487,NF,BANKNIFTY28APR2657500CE,322.35,168.3,325.45,110.85,358.3,772290,199.86,321.15,90,322.3,270,348120
2026-04-13T12:42:09.693,NF,BANKNIFTY28APR2657500CE,321.1,168.3,325.45,110.85,358.3,772350,199.87,321.55,30,322.6,180,348120
2026-04-13T12:42:14.307,NF,BANKNIFTY28APR2657500CE,322.25,168.3,325.45,110.85,358.3,772440,199.89,321.35,30,322.35,90,348120
2026-04-13T12:42:15.297,NF,BANKNIFTY28APR2657500CE,322.15,168.3,325.45,110.85,358.3,772470,199.89,321.35,30,322.25,60,348120
2026-04-13T12:42:16.497,NF,BANKNIFTY28APR2657500CE,323.0,168.3,325.45,110.85,358.3,772590,199.91,322.2,30,323.15,90,348120
2026-04-13T12:42:17.701,NF,BANKNIFTY28APR2657500CE,321.9,168.3,325.45,110.85,358.3,772770,199.94,321.55,30,322.55,60,348120
2026-04-13T12:42:25.912,NF,BANKNIFTY28APR2657500CE,323.25,168.3,325.45,110.85,358.3,772800,199.94,323.95,30,324.95,240,348120
2026-04-13T12:42:28.512,NF,BANKNIFTY28APR2657500CE,324.0,168.3,325.45,110.85,358.3,773010,199.98,322.95,30,324.05,240,348120
2026-04-13T12:42:29.714,NF,BANKNIFTY28APR2657500CE,324.0,168.3,325.45,110.85,358.3,773040,199.98,323.85,30,324.9,150,348120
2026-04-13T12:42:30.915,NF,BANKNIFTY28APR2657500CE,324.9,168.3,325.45,110.85,358.3,773070,199.99,324.1,90,325.0,270,348120
2026-04-13T12:42:32.116,NF,BANKNIFTY28APR2657500CE,325.0,168.3,325.45,110.85,358.3,773310,200.02,325.05,30,326.1,180,348120
2026-04-13T12:42:33.326,NF,BANKNIFTY28APR2657500CE,325.25,168.3,326.55,110.85,358.3,773400,200.04,325.15,60,326.3,30,348120
2026-04-13T12:42:34.521,NF,BANKNIFTY28APR2657500CE,323.65,168.3,326.55,110.85,358.3,773460,200.05,323.3,30,324.25,60,348120
2026-04-13T12:42:35.726,NF,BANKNIFTY28APR2657500CE,322.65,168.3,326.55,110.85,358.3,773610,200.07,321.8,180,322.85,60,348120
2026-04-13T12:42:36.935,NF,BANKNIFTY28APR2657500CE,322.7,168.3,326.55,110.85,358.3,773730,200.09,321.1,60,322.25,60,348120
2026-04-13T12:42:39.528,NF,BANKNIFTY28APR2657500CE,322.05,168.3,326.55,110.85,358.3,773760,200.1,321.85,60,323.05,60,348120
2026-04-13T12:42:43.347,NF,BANKNIFTY28APR2657500CE,322.65,168.3,326.55,110.85,358.3,773790,200.1,321.35,60,322.45,60,348120
2026-04-13T12:42:45.736,NF,BANKNIFTY28APR2657500CE,322.2,168.3,326.55,110.85,358.3,773880,200.12,322.25,60,323.15,30,348120
2026-04-13T12:42:48.343,NF,BANKNIFTY28APR2657500CE,324.15,168.3,326.55,110.85,358.3,774120,200.15,322.85,30,323.9,60,348120
2026-04-13T12:42:49.541,NF,BANKNIFTY28APR2657500CE,322.85,168.3,326.55,110.85,358.3,774150,200.16,321.95,30,322.7,60,348120
2026-04-13T12:42:54.550,NF,BANKNIFTY28APR2657500CE,322.85,168.3,326.55,110.85,358.3,774180,200.16,321.95,30,322.85,120,348120
2026-04-13T12:42:58.353,NF,BANKNIFTY28APR2657500CE,323.7,168.3,326.55,110.85,358.3,774210,200.17,323.55,30,324.85,60,348120
2026-04-13T12:42:59.556,NF,BANKNIFTY28APR2657500CE,324.85,168.3,326.55,110.85,358.3,774540,200.22,323.55,60,324.7,90,348120
2026-04-13T12:43:01.961,NF,BANKNIFTY28APR2657500CE,325.0,168.3,326.55,110.85,358.3,774570,200.23,324.7,30,325.55,120,348120
2026-04-13T12:43:03.363,NF,BANKNIFTY28APR2657500CE,325.45,168.3,326.55,110.85,358.3,774630,200.24,324.55,90,325.65,210,348120
2026-04-13T12:43:06.967,NF,BANKNIFTY28APR2657500CE,324.7,168.3,326.55,110.85,358.3,774660,200.24,325.0,30,326.05,150,348120
2026-04-13T12:43:10.573,NF,BANKNIFTY28APR2657500CE,324.9,168.3,326.55,110.85,358.3,774690,200.24,325.0,30,326.0,150,348120
2026-04-13T12:43:11.775,NF,BANKNIFTY28APR2657500CE,324.75,168.3,326.55,110.85,358.3,774930,200.28,323.85,60,324.9,60,348120
2026-04-13T12:43:14.184,NF,BANKNIFTY28APR2657500CE,324.4,168.3,326.55,110.85,358.3,775020,200.3,323.6,30,324.45,30,348120
2026-04-13T12:43:15.392,NF,BANKNIFTY28APR2657500CE,323.6,168.3,326.55,110.85,358.3,775050,200.3,323.25,30,324.2,30,348120
2026-04-13T12:43:18.987,NF,BANKNIFTY28APR2657500CE,324.9,168.3,326.55,110.85,358.3,775080,200.31,325.05,30,326.0,30,348120
2026-04-13T12:43:21.392,NF,BANKNIFTY28APR2657500CE,326.0,168.3,326.55,110.85,358.3,775200,200.33,325.1,90,326.15,240,348120
2026-04-13T12:43:26.197,NF,BANKNIFTY28APR2657500CE,326.2,168.3,326.55,110.85,358.3,775350,200.35,325.25,60,326.4,150,348120
2026-04-13T12:43:32.209,NF,BANKNIFTY28APR2657500CE,325.15,168.3,326.55,110.85,358.3,775500,200.38,325.55,30,326.65,240,348120
2026-04-13T12:43:37.014,NF,BANKNIFTY28APR2657500CE,324.9,168.3,326.55,110.85,358.3,775620,200.4,325.4,30,326.0,210,348120
2026-04-13T12:43:40.430,NF,BANKNIFTY28APR2657500CE,325.0,168.3,326.55,110.85,358.3,775650,200.4,324.9,30,325.6,90,348120
2026-04-13T12:43:42.624,NF,BANKNIFTY28APR2657500CE,325.0,168.3,326.55,110.85,358.3,775710,200.41,325.0,90,325.9,180,348120
2026-04-13T12:43:43.828,NF,BANKNIFTY28APR2657500CE,325.0,168.3,326.55,110.85,358.3,775800,200.42,323.8,30,324.65,90,348120
2026-04-13T12:43:49.440,NF,BANKNIFTY28APR2657500CE,324.5,168.3,326.55,110.85,358.3,776100,200.47,323.75,30,324.55,210,348120
2026-04-13T12:43:50.638,NF,BANKNIFTY28APR2657500CE,323.95,168.3,326.55,110.85,358.3,776310,200.51,323.1,30,324.0,60,348120
2026-04-13T12:43:51.848,NF,BANKNIFTY28APR2657500CE,324.4,168.3,326.55,110.85,358.3,776370,200.51,323.45,30,324.3,150,348120
2026-04-13T12:43:55.244,NF,BANKNIFTY28APR2657500CE,323.55,168.3,326.55,110.85,358.3,776400,200.52,322.85,90,323.9,30,348120
2026-04-13T12:43:57.450,NF,BANKNIFTY28APR2657500CE,323.35,168.3,326.55,110.85,358.3,776460,200.53,323.3,30,324.3,120,348120
2026-04-13T12:44:08.076,NF,BANKNIFTY28APR2657500CE,325.0,168.3,326.55,110.85,358.3,776490,200.53,325.45,60,326.75,60,348120
2026-04-13T12:44:10.468,NF,BANKNIFTY28APR2657500CE,325.4,168.3,326.55,110.85,358.3,776520,200.54,325.95,30,326.7,60,348120
2026-04-13T12:44:12.872,NF,BANKNIFTY28APR2657500CE,325.35,168.3,326.55,110.85,358.3,776550,200.54,325.45,30,326.55,90,348120
2026-04-13T12:44:15.348,NF,BANKNIFTY28APR2657500CE,325.25,168.3,326.55,110.85,358.3,776880,200.6,325.05,30,326.2,210,348120
2026-04-13T12:44:18.685,NF,BANKNIFTY28APR2657500CE,326.45,168.3,326.55,110.85,358.3,777000,200.62,325.5,90,326.45,60,347880
2026-04-13T12:44:19.887,NF,BANKNIFTY28APR2657500CE,326.55,168.3,326.55,110.85,358.3,777030,200.62,325.55,30,326.65,150,347880
2026-04-13T12:44:30.302,NF,BANKNIFTY28APR2657500CE,325.85,168.3,326.55,110.85,358.3,777060,200.63,324.95,60,326.0,90,347880
2026-04-13T12:44:31.503,NF,BANKNIFTY28APR2657500CE,324.95,168.3,326.55,110.85,358.3,777090,200.63,324.7,150,325.8,60,347880
2026-04-13T12:44:37.515,NF,BANKNIFTY28APR2657500CE,325.0,168.3,326.55,110.85,358.3,777150,200.64,325.0,90,326.05,180,347880
2026-04-13T12:44:38.719,NF,BANKNIFTY28APR2657500CE,324.35,168.3,326.55,110.85,358.3,777360,200.67,324.7,30,325.75,90,347880
2026-04-13T12:44:43.524,NF,BANKNIFTY28APR2657500CE,325.5,168.3,326.55,110.85,358.3,777390,200.68,324.55,60,325.6,90,347880
2026-04-13T12:44:46.135,NF,BANKNIFTY28APR2657500CE,325.35,168.3,326.55,110.85,358.3,777480,200.69,323.35,30,324.45,90,347880
2026-04-13T12:44:49.734,NF,BANKNIFTY28APR2657500CE,323.4,168.3,326.55,110.85,358.3,777810,200.74,323.3,90,324.5,90,347880
2026-04-13T12:44:53.342,NF,BANKNIFTY28APR2657500CE,323.4,168.3,326.55,110.85,358.3,777870,200.75,323.05,30,324.2,90,347880
2026-04-13T12:44:58.356,NF,BANKNIFTY28APR2657500CE,323.2,168.3,326.55,110.85,358.3,777960,200.77,323.2,210,323.75,60,347880
2026-04-13T12:45:08.163,NF,BANKNIFTY28APR2657500CE,324.45,168.3,326.55,110.85,358.3,778080,200.79,324.5,60,325.4,60,347880
2026-04-13T12:45:10.771,NF,BANKNIFTY28APR2657500CE,324.5,168.3,326.55,110.85,358.3,778110,200.79,324.7,30,325.85,60,347880
2026-04-13T12:45:13.172,NF,BANKNIFTY28APR2657500CE,325.95,168.3,326.55,110.85,358.3,778170,200.8,324.85,60,325.95,60,347880
2026-04-13T12:45:18.178,NF,BANKNIFTY28APR2657500CE,324.2,168.3,326.55,110.85,358.3,778290,200.82,324.05,150,325.0,90,347880
2026-04-13T12:45:21.986,NF,BANKNIFTY28APR2657500CE,323.7,168.3,326.55,110.85,358.3,778320,200.83,323.45,60,324.0,90,347880
2026-04-13T12:45:23.201,NF,BANKNIFTY28APR2657500CE,324.0,168.3,326.55,110.85,358.3,778350,200.83,323.45,30,324.0,60,347880
2026-04-13T12:45:24.591,NF,BANKNIFTY28APR2657500CE,324.0,168.3,326.55,110.85,358.3,778410,200.84,323.7,60,324.6,60,347880
2026-04-13T12:45:26.989,NF,BANKNIFTY28APR2657500CE,324.55,168.3,326.55,110.85,358.3,778440,200.84,323.55,30,324.65,90,347880
2026-04-13T12:45:30.793,NF,BANKNIFTY28APR2657500CE,324.65,168.3,326.55,110.85,358.3,778620,200.87,323.65,30,324.8,60,347880
2026-04-13T12:45:31.996,NF,BANKNIFTY28APR2657500CE,324.75,168.3,326.55,110.85,358.3,778680,200.88,323.65,30,324.85,90,347880
2026-04-13T12:45:35.802,NF,BANKNIFTY28APR2657500CE,322.1,168.3,326.55,110.85,358.3,778740,200.89,322.1,150,323.1,30,347880
2026-04-13T12:45:39.409,NF,BANKNIFTY28APR2657500CE,322.0,168.3,326.55,110.85,358.3,778860,200.91,322.2,90,323.25,60,347880
2026-04-13T12:45:45.613,NF,BANKNIFTY28APR2657500CE,320.2,168.3,326.55,110.85,358.3,778920,200.92,320.0,180,320.4,60,347880
2026-04-13T12:45:48.020,NF,BANKNIFTY28APR2657500CE,320.0,168.3,326.55,110.85,358.3,778980,200.93,320.0,60,320.7,120,347880
2026-04-13T12:45:51.823,NF,BANKNIFTY28APR2657500CE,320.0,168.3,326.55,110.85,358.3,779010,200.93,320.0,30,320.8,90,347880
2026-04-13T12:45:55.630,NF,BANKNIFTY28APR2657500CE,319.6,168.3,326.55,110.85,358.3,779310,200.98,318.45,240,319.4,60,347880
2026-04-13T12:45:59.251,NF,BANKNIFTY28APR2657500CE,319.05,168.3,326.55,110.85,358.3,779400,200.99,319.05,30,320.0,120,347880
2026-04-13T12:46:00.467,NF,BANKNIFTY28APR2657500CE,318.9,168.3,326.55,110.85,358.3,779460,201.0,318.8,270,319.8,60,347880
2026-04-13T12:46:01.837,NF,BANKNIFTY28APR2657500CE,317.25,168.3,326.55,110.85,358.3,779640,201.03,317.55,120,318.6,60,347880
2026-04-13T12:46:05.468,NF,BANKNIFTY28APR2657500CE,317.15,168.3,326.55,110.85,358.3,779760,201.05,317.15,150,318.15,60,347880
2026-04-13T12:46:09.261,NF,BANKNIFTY28APR2657500CE,317.65,168.3,326.55,110.85,358.3,779820,201.06,317.45,180,318.6,120,347880
2026-04-13T12:46:11.861,NF,BANKNIFTY28APR2657500CE,317.0,168.3,326.55,110.85,358.3,779940,201.07,315.65,30,316.85,90,347880
2026-04-13T12:46:14.268,NF,BANKNIFTY28APR2657500CE,316.8,168.3,326.55,110.85,358.3,780000,201.08,315.8,30,317.0,60,347880
2026-04-13T12:46:15.475,NF,BANKNIFTY28APR2657500CE,316.75,168.3,326.55,110.85,358.3,780030,201.09,316.05,30,317.2,90,347880
2026-04-13T12:46:16.863,NF,BANKNIFTY28APR2657500CE,315.75,168.3,326.55,110.85,358.3,780150,201.11,315.8,30,316.9,90,347880
2026-04-13T12:46:18.075,NF,BANKNIFTY28APR2657500CE,315.45,168.3,326.55,110.85,358.3,780480,201.15,315.55,30,316.85,90,347880
2026-04-13T12:46:19.273,NF,BANKNIFTY28APR2657500CE,315.15,168.3,326.55,110.85,358.3,780600,201.17,315.1,90,316.2,90,347880
2026-04-13T12:46:20.470,NF,BANKNIFTY28APR2657500CE,317.0,168.3,326.55,110.85,358.3,780690,201.18,315.8,30,317.0,90,347880
2026-04-13T12:46:21.680,NF,BANKNIFTY28APR2657500CE,315.8,168.3,326.55,110.85,358.3,780750,201.19,315.3,270,316.6,90,347880
2026-04-13T12:46:23.074,NF,BANKNIFTY28APR2657500CE,316.45,168.3,326.55,110.85,358.3,780870,201.21,315.3,30,316.4,90,347880
2026-04-13T12:46:24.273,NF,BANKNIFTY28APR2657500CE,316.3,168.3,326.55,110.85,358.3,780960,201.22,315.4,180,316.4,120,347880
2026-04-13T12:46:26.678,NF,BANKNIFTY28APR2657500CE,315.1,168.3,326.55,110.85,358.3,781080,201.24,315.1,60,316.15,90,347880
2026-04-13T12:46:29.080,NF,BANKNIFTY28APR2657500CE,315.2,168.3,326.55,110.85,358.3,781110,201.25,315.3,180,316.3,90,347880
2026-04-13T12:46:31.695,NF,BANKNIFTY28APR2657500CE,315.25,168.3,326.55,110.85,358.3,781200,201.26,315.3,150,316.3,60,347880
2026-04-13T12:46:34.098,NF,BANKNIFTY28APR2657500CE,316.35,168.3,326.55,110.85,358.3,781440,201.29,315.55,30,316.25,60,347880
2026-04-13T12:46:35.296,NF,BANKNIFTY28APR2657500CE,316.4,168.3,326.55,110.85,358.3,781470,201.3,315.55,30,316.5,60,347880
2026-04-13T12:46:39.103,NF,BANKNIFTY28APR2657500CE,316.15,168.3,326.55,110.85,358.3,781500,201.3,315.5,90,316.35,90,347880
2026-04-13T12:46:41.706,NF,BANKNIFTY28APR2657500CE,315.5,168.3,326.55,110.85,358.3,781560,201.31,315.5,30,315.75,60,347880
2026-04-13T12:46:45.306,NF,BANKNIFTY28APR2657500CE,316.35,168.3,326.55,110.85,358.3,781860,201.36,315.5,60,316.5,30,347880
2026-04-13T12:46:46.528,NF,BANKNIFTY28APR2657500CE,315.5,168.3,326.55,110.85,358.3,781890,201.36,315.5,60,316.45,60,347880
2026-04-13T12:46:51.315,NF,BANKNIFTY28APR2657500CE,316.7,168.3,326.55,110.85,358.3,782190,201.4,316.3,30,317.45,90,347880
2026-04-13T12:46:52.517,NF,BANKNIFTY28APR2657500CE,316.35,168.3,326.55,110.85,358.3,782220,201.41,315.45,90,316.65,90,347880
2026-04-13T12:46:54.931,NF,BANKNIFTY28APR2657500CE,316.75,168.3,326.55,110.85,358.3,782310,201.42,316.45,30,317.55,120,347880
2026-04-13T12:46:59.729,NF,BANKNIFTY28APR2657500CE,315.2,168.3,326.55,110.85,358.3,782340,201.43,315.55,150,316.55,120,347880
2026-04-13T12:47:00.929,NF,BANKNIFTY28APR2657500CE,316.0,168.3,326.55,110.85,358.3,782370,201.43,315.85,30,316.55,90,347880
2026-04-13T12:47:02.139,NF,BANKNIFTY28APR2657500CE,318.0,168.3,326.55,110.85,358.3,782550,201.46,317.8,30,318.85,60,347880
2026-04-13T12:47:03.337,NF,BANKNIFTY28APR2657500CE,318.75,168.3,326.55,110.85,358.3,782580,201.46,318.85,60,319.25,90,347880
2026-04-13T12:47:04.543,NF,BANKNIFTY28APR2657500CE,319.7,168.3,326.55,110.85,358.3,782850,201.5,319.55,30,320.35,30,347880
2026-04-13T12:47:08.351,NF,BANKNIFTY28APR2657500CE,317.95,168.3,326.55,110.85,358.3,783000,201.53,318.0,180,319.3,90,347880
2026-04-13T12:47:10.747,NF,BANKNIFTY28APR2657500CE,317.3,168.3,326.55,110.85,358.3,784230,201.71,316.9,120,318.1,30,347880
2026-04-13T12:47:12.152,NF,BANKNIFTY28APR2657500CE,317.1,168.3,326.55,110.85,358.3,784470,201.74,317.0,270,318.15,90,347880
2026-04-13T12:47:18.353,NF,BANKNIFTY28APR2657500CE,316.4,168.3,326.55,110.85,358.3,784740,201.78,315.9,330,316.95,60,349590
2026-04-13T12:47:20.760,NF,BANKNIFTY28APR2657500CE,316.85,168.3,326.55,110.85,358.3,784800,201.79,315.85,30,316.85,30,349590
2026-04-13T12:47:23.360,NF,BANKNIFTY28APR2657500CE,315.45,168.3,326.55,110.85,358.3,784860,201.8,315.3,180,316.3,60,349590
2026-04-13T12:47:26.967,NF,BANKNIFTY28APR2657500CE,316.15,168.3,326.55,110.85,358.3,784920,201.81,315.45,150,316.2,90,349590
2026-04-13T12:47:30.770,NF,BANKNIFTY28APR2657500CE,316.1,168.3,326.55,110.85,358.3,784950,201.81,315.25,30,316.2,30,349590
2026-04-13T12:47:33.177,NF,BANKNIFTY28APR2657500CE,316.25,168.3,326.55,110.85,358.3,785010,201.82,315.35,150,316.2,60,349590
2026-04-13T12:47:35.580,NF,BANKNIFTY28APR2657500CE,315.1,168.3,326.55,110.85,358.3,785610,201.91,315.1,330,316.15,30,349590
2026-04-13T12:47:37.984,NF,BANKNIFTY28APR2657500CE,315.0,168.3,326.55,110.85,358.3,785700,201.92,315.0,180,316.0,90,349590
2026-04-13T12:47:40.609,NF,BANKNIFTY28APR2657500CE,315.0,168.3,326.55,110.85,358.3,785910,201.95,315.05,210,315.9,90,349590
2026-04-13T12:47:41.786,NF,BANKNIFTY28APR2657500CE,315.0,168.3,326.55,110.85,358.3,785940,201.96,315.0,120,316.0,90,349590
2026-04-13T12:47:48.997,NF,BANKNIFTY28APR2657500CE,315.0,168.3,326.55,110.85,358.3,786060,201.97,314.55,60,315.45,90,349590
2026-04-13T12:47:50.200,NF,BANKNIFTY28APR2657500CE,315.45,168.3,326.55,110.85,358.3,786090,201.98,314.55,60,315.35,30,349590
2026-04-13T12:47:51.407,NF,BANKNIFTY28APR2657500CE,313.65,168.3,326.55,110.85,358.3,786270,202.0,313.45,120,313.9,270,349590
2026-04-13T12:47:52.603,NF,BANKNIFTY28APR2657500CE,313.9,168.3,326.55,110.85,358.3,786540,202.04,314.2,120,315.25,180,349590
2026-04-13T12:47:53.807,NF,BANKNIFTY28APR2657500CE,314.95,168.3,326.55,110.85,358.3,786570,202.05,314.2,150,314.95,120,349590
2026-04-13T12:47:59.815,NF,BANKNIFTY28APR2657500CE,314.05,168.3,326.55,110.85,358.3,786720,202.07,313.65,30,314.2,60,349590
2026-04-13T12:48:03.420,NF,BANKNIFTY28APR2657500CE,314.0,168.3,326.55,110.85,358.3,786750,202.07,314.0,60,314.25,90,349590
2026-04-13T12:48:04.619,NF,BANKNIFTY28APR2657500CE,314.25,168.3,326.55,110.85,358.3,786840,202.08,314.0,60,314.65,90,349590
2026-04-13T12:48:05.628,NF,BANKNIFTY28APR2657500CE,314.0,168.3,326.55,110.85,358.3,786960,202.1,313.7,30,314.05,90,349590
2026-04-13T12:48:06.828,NF,BANKNIFTY28APR2657500CE,314.05,168.3,326.55,110.85,358.3,787050,202.11,313.7,30,314.25,120,349590
2026-04-13T12:48:08.034,NF,BANKNIFTY28APR2657500CE,313.4,168.3,326.55,110.85,358.3,787170,202.13,313.6,30,314.25,90,349590
2026-04-13T12:48:09.435,NF,BANKNIFTY28APR2657500CE,315.6,168.3,326.55,110.85,358.3,787530,202.18,315.7,120,316.15,120,349590
2026-04-13T12:48:11.834,NF,BANKNIFTY28APR2657500CE,315.2,168.3,326.55,110.85,358.3,787560,202.19,315.0,270,315.95,60,349590
2026-04-13T12:48:13.048,NF,BANKNIFTY28APR2657500CE,314.8,168.3,326.55,110.85,358.3,787590,202.19,315.2,30,316.1,90,349590
2026-04-13T12:48:16.847,NF,BANKNIFTY28APR2657500CE,315.7,168.3,326.55,110.85,358.3,787770,202.22,315.6,60,316.1,120,349590
2026-04-13T12:48:18.046,NF,BANKNIFTY28APR2657500CE,315.5,168.3,326.55,110.85,358.3,788220,202.28,315.1,120,316.05,120,349590
2026-04-13T12:48:19.448,NF,BANKNIFTY28APR2657500CE,315.0,168.3,326.55,110.85,358.3,788310,202.29,314.8,120,315.45,120,349590
2026-04-13T12:48:21.861,NF,BANKNIFTY28APR2657500CE,314.8,168.3,326.55,110.85,358.3,788340,202.3,314.2,120,314.65,30,349590
2026-04-13T12:48:24.271,NF,BANKNIFTY28APR2657500CE,314.4,168.3,326.55,110.85,358.3,788430,202.31,314.05,90,314.8,120,349590
2026-04-13T12:48:25.460,NF,BANKNIFTY28APR2657500CE,314.8,168.3,326.55,110.85,358.3,788550,202.33,314.05,90,314.5,30,349590
2026-04-13T12:48:26.658,NF,BANKNIFTY28APR2657500CE,313.75,168.3,326.55,110.85,358.3,788910,202.38,313.55,150,314.15,90,349590
2026-04-13T12:48:27.662,NF,BANKNIFTY28APR2657500CE,314.1,168.3,326.55,110.85,358.3,789060,202.4,313.5,180,314.1,120,349590
2026-04-13T12:48:28.870,NF,BANKNIFTY28APR2657500CE,314.1,168.3,326.55,110.85,358.3,789120,202.41,313.55,30,314.25,120,349590
2026-04-13T12:48:31.082,NF,BANKNIFTY28APR2657500CE,313.65,168.3,326.55,110.85,358.3,789210,202.42,313.55,90,314.4,30,349590
2026-04-13T12:48:35.679,NF,BANKNIFTY28APR2657500CE,313.55,168.3,326.55,110.85,358.3,789240,202.43,313.55,150,314.4,60,349590
2026-04-13T12:48:36.872,NF,BANKNIFTY28APR2657500CE,313.7,168.3,326.55,110.85,358.3,789420,202.45,313.5,180,313.8,90,349590
2026-04-13T12:48:37.893,NF,BANKNIFTY28APR2657500CE,312.8,168.3,326.55,110.85,358.3,789510,202.46,312.8,270,312.9,90,349590
2026-04-13T12:48:41.685,NF,BANKNIFTY28APR2657500CE,313.15,168.3,326.55,110.85,358.3,789780,202.5,312.15,30,312.7,120,349590
2026-04-13T12:48:42.689,NF,BANKNIFTY28APR2657500CE,312.7,168.3,326.55,110.85,358.3,789810,202.51,312.15,30,313.0,120,349590
2026-04-13T12:48:43.904,NF,BANKNIFTY28APR2657500CE,312.15,168.3,326.55,110.85,358.3,790140,202.55,312.0,30,312.7,60,349590
2026-04-13T12:48:45.088,NF,BANKNIFTY28APR2657500CE,312.15,168.3,326.55,110.85,358.3,790320,202.58,311.45,120,312.2,120,349590
2026-04-13T12:48:46.289,NF,BANKNIFTY28APR2657500CE,311.8,168.3,326.55,110.85,358.3,791160,202.69,311.65,240,311.8,90,349590
2026-04-13T12:48:47.492,NF,BANKNIFTY28APR2657500CE,311.9,168.3,326.55,110.85,358.3,791340,202.72,311.8,120,312.5,120,349590
2026-04-13T12:48:48.693,NF,BANKNIFTY28APR2657500CE,312.5,168.3,326.55,110.85,358.3,791430,202.73,312.05,150,313.05,120,349590
2026-04-13T12:48:52.315,NF,BANKNIFTY28APR2657500CE,313.05,168.3,326.55,110.85,358.3,791610,202.75,312.45,30,313.2,120,349590
2026-04-13T12:48:54.703,NF,BANKNIFTY28APR2657500CE,312.45,168.3,326.55,110.85,358.3,791940,202.8,312.65,240,313.55,120,349590
2026-04-13T12:48:55.907,NF,BANKNIFTY28APR2657500CE,313.55,168.3,326.55,110.85,358.3,791970,202.8,313.05,30,313.85,120,349590
2026-04-13T12:48:58.120,NF,BANKNIFTY28APR2657500CE,313.65,168.3,326.55,110.85,358.3,792000,202.81,312.85,30,313.65,90,349590
2026-04-13T12:48:59.312,NF,BANKNIFTY28APR2657500CE,313.0,168.3,326.55,110.85,358.3,792060,202.82,312.8,30,313.0,120,349590
2026-04-13T12:49:00.511,NF,BANKNIFTY28APR2657500CE,312.35,168.3,326.55,110.85,358.3,792330,202.85,312.35,120,312.95,120,349590
2026-04-13T12:49:01.714,NF,BANKNIFTY28APR2657500CE,312.25,168.3,326.55,110.85,358.3,793170,202.97,312.15,120,312.95,90,349590
2026-04-13T12:49:04.123,NF,BANKNIFTY28APR2657500CE,313.0,168.3,326.55,110.85,358.3,793260,202.98,312.85,180,313.35,90,349590
2026-04-13T12:49:06.323,NF,BANKNIFTY28APR2657500CE,314.25,168.3,326.55,110.85,358.3,793920,203.07,314.15,120,314.85,90,349590
2026-04-13T12:49:07.524,NF,BANKNIFTY28APR2657500CE,317.0,168.3,326.55,110.85,358.3,794400,203.14,316.8,30,317.65,30,349590
2026-04-13T12:49:08.742,NF,BANKNIFTY28APR2657500CE,317.5,168.3,326.55,110.85,358.3,794910,203.22,316.35,150,317.3,120,349590
2026-04-13T12:49:10.125,NF,BANKNIFTY28APR2657500CE,317.05,168.3,326.55,110.85,358.3,794940,203.22,316.6,60,317.3,120,349590
2026-04-13T12:49:11.371,NF,BANKNIFTY28APR2657500CE,317.3,168.3,326.55,110.85,358.3,795030,203.23,317.5,30,318.15,90,349590
2026-04-13T12:49:12.531,NF,BANKNIFTY28APR2657500CE,318.1,168.3,326.55,110.85,358.3,795180,203.25,317.9,30,318.3,150,349590
2026-04-13T12:49:13.741,NF,BANKNIFTY28APR2657500CE,318.3,168.3,326.55,110.85,358.3,795210,203.26,317.9,60,317.95,90,349590
2026-04-13T12:49:14.936,NF,BANKNIFTY28APR2657500CE,319.75,168.3,326.55,110.85,358.3,796200,203.4,319.25,120,319.85,90,349590
2026-04-13T12:49:16.340,NF,BANKNIFTY28APR2657500CE,319.85,168.3,326.55,110.85,358.3,796530,203.45,319.6,30,320.65,60,349590
2026-04-13T12:49:18.741,NF,BANKNIFTY28APR2657500CE,320.95,168.3,326.55,110.85,358.3,796560,203.46,319.95,30,321.0,60,349590
2026-04-13T12:49:23.748,NF,BANKNIFTY28APR2657500CE,319.95,168.3,326.55,110.85,358.3,796590,203.46,319.25,330,320.3,90,349590
2026-04-13T12:49:24.949,NF,BANKNIFTY28APR2657500CE,319.2,168.3,326.55,110.85,358.3,797220,203.55,318.7,270,319.75,90,349590
2026-04-13T12:49:28.753,NF,BANKNIFTY28APR2657500CE,320.05,168.3,326.55,110.85,358.3,797310,203.56,318.9,30,320.0,30,349590
2026-04-13T12:49:33.567,NF,BANKNIFTY28APR2657500CE,319.35,168.3,326.55,110.85,358.3,798000,203.67,319.45,150,320.7,90,349590
2026-04-13T12:49:34.765,NF,BANKNIFTY28APR2657500CE,320.4,168.3,326.55,110.85,358.3,798150,203.69,319.25,150,320.35,90,349590
2026-04-13T12:49:39.570,NF,BANKNIFTY28APR2657500CE,319.15,168.3,326.55,110.85,358.3,798750,203.77,319.1,90,320.2,60,349590
2026-04-13T12:49:44.408,NF,BANKNIFTY28APR2657500CE,318.9,168.3,326.55,110.85,358.3,799410,203.87,318.2,120,319.35,30,349590
2026-04-13T12:49:48.213,NF,BANKNIFTY28APR2657500CE,319.05,168.3,326.55,110.85,358.3,799800,203.93,317.25,210,318.55,30,349590
2026-04-13T12:49:52.049,NF,BANKNIFTY28APR2657500CE,319.0,168.3,326.55,110.85,358.3,799860,203.93,318.8,30,319.9,60,349590
2026-04-13T12:49:54.401,NF,BANKNIFTY28APR2657500CE,317.75,168.3,326.55,110.85,358.3,799950,203.95,317.55,150,318.5,30,349590
2026-04-13T12:49:58.194,NF,BANKNIFTY28APR2657500CE,318.0,168.3,326.55,110.85,358.3,800010,203.96,318.25,270,319.3,90,349590
2026-04-13T12:50:04.416,NF,BANKNIFTY28APR2657500CE,320.65,168.3,326.55,110.85,358.3,800040,203.96,319.4,120,320.25,90,349590
2026-04-13T12:50:08.019,NF,BANKNIFTY28APR2657500CE,320.5,168.3,326.55,110.85,358.3,800070,203.96,319.65,150,320.55,60,349590
2026-04-13T12:50:12.814,NF,BANKNIFTY28APR2657500CE,319.65,168.3,326.55,110.85,358.3,800370,204.01,318.25,90,318.75,30,349590
2026-04-13T12:50:19.032,NF,BANKNIFTY28APR2657500CE,315.05,168.3,326.55,110.85,358.3,801120,204.11,318.0,90,318.65,30,348750
2026-04-13T12:50:21.429,NF,BANKNIFTY28APR2657500CE,318.0,168.3,326.55,110.85,358.3,801240,204.13,317.4,180,318.35,120,348750
2026-04-13T12:50:23.836,NF,BANKNIFTY28APR2657500CE,319.5,168.3,326.55,110.85,358.3,801510,204.17,318.9,90,319.6,30,348750
2026-04-13T12:50:25.041,NF,BANKNIFTY28APR2657500CE,318.9,168.3,326.55,110.85,358.3,801600,204.18,317.85,120,318.9,30,348750
2026-04-13T12:50:26.238,NF,BANKNIFTY28APR2657500CE,317.5,168.3,326.55,110.85,358.3,801720,204.2,318.45,30,319.55,180,348750
2026-04-13T12:50:31.238,NF,BANKNIFTY28APR2657500CE,317.2,168.3,326.55,110.85,358.3,801750,204.2,317.25,30,318.1,90,348750
2026-04-13T12:50:33.643,NF,BANKNIFTY28APR2657500CE,318.65,168.3,326.55,110.85,358.3,801840,204.22,318.2,30,319.05,60,348750
2026-04-13T12:50:34.856,NF,BANKNIFTY28APR2657500CE,318.1,168.3,326.55,110.85,358.3,801870,204.22,318.1,60,318.3,90,348750
2026-04-13T12:50:36.053,NF,BANKNIFTY28APR2657500CE,318.1,168.3,326.55,110.85,358.3,801930,204.23,317.45,60,318.35,30,348750
2026-04-13T12:50:38.671,NF,BANKNIFTY28APR2657500CE,317.7,168.3,326.55,110.85,358.3,802020,204.24,316.9,90,317.95,90,348750
2026-04-13T12:50:39.848,NF,BANKNIFTY28APR2657500CE,317.8,168.3,326.55,110.85,358.3,802050,204.25,316.9,120,317.9,180,348750
2026-04-13T12:50:42.254,NF,BANKNIFTY28APR2657500CE,316.55,168.3,326.55,110.85,358.3,802230,204.27,315.4,150,316.6,60,348750
2026-04-13T12:50:46.070,NF,BANKNIFTY28APR2657500CE,317.25,168.3,326.55,110.85,358.3,802290,204.28,317.25,30,317.8,30,348750
2026-04-13T12:50:48.472,NF,BANKNIFTY28APR2657500CE,318.3,168.3,326.55,110.85,358.3,802320,204.28,318.85,60,319.6,60,348750
2026-04-13T12:50:56.074,NF,BANKNIFTY28APR2657500CE,317.65,168.3,326.55,110.85,358.3,802410,204.3,316.45,90,317.2,60,348750
2026-04-13T12:50:57.279,NF,BANKNIFTY28APR2657500CE,317.4,168.3,326.55,110.85,358.3,802440,204.3,316.45,90,317.4,240,348750
2026-04-13T12:51:00.895,NF,BANKNIFTY28APR2657500CE,315.45,168.3,326.55,110.85,358.3,802980,204.38,315.05,60,316.2,30,348750
2026-04-13T12:51:02.289,NF,BANKNIFTY28APR2657500CE,315.7,168.3,326.55,110.85,358.3,803010,204.38,315.0,60,315.75,60,348750
2026-04-13T12:51:03.496,NF,BANKNIFTY28APR2657500CE,315.0,168.3,326.55,110.85,358.3,803100,204.39,313.4,30,314.55,60,348750
2026-04-13T12:51:05.894,NF,BANKNIFTY28APR2657500CE,315.5,168.3,326.55,110.85,358.3,803130,204.4,314.7,60,315.75,60,348750
2026-04-13T12:51:14.709,NF,BANKNIFTY28APR2657500CE,314.65,168.3,326.55,110.85,358.3,803160,204.4,313.4,60,314.6,60,348750
2026-04-13T12:51:15.914,NF,BANKNIFTY28APR2657500CE,314.35,168.3,326.55,110.85,358.3,803190,204.4,313.35,60,314.6,60,348750
2026-04-13T12:51:17.315,NF,BANKNIFTY28APR2657500CE,314.5,168.3,326.55,110.85,358.3,803220,204.41,313.5,120,314.65,240,348750
2026-04-13T12:51:23.524,NF,BANKNIFTY28APR2657500CE,312.05,168.3,326.55,110.85,358.3,803250,204.41,312.1,60,312.85,90,348750
2026-04-13T12:51:27.133,NF,BANKNIFTY28APR2657500CE,313.4,168.3,326.55,110.85,358.3,803340,204.42,312.25,120,313.25,30,348750
2026-04-13T12:51:30.940,NF,BANKNIFTY28APR2657500CE,312.1,168.3,326.55,110.85,358.3,803460,204.44,312.1,90,313.0,30,348750
2026-04-13T12:51:32.150,NF,BANKNIFTY28APR2657500CE,313.6,168.3,326.55,110.85,358.3,803640,204.47,312.6,60,313.75,30,348750
2026-04-13T12:51:34.742,NF,BANKNIFTY28APR2657500CE,312.15,168.3,326.55,110.85,358.3,803670,204.47,312.15,180,313.25,90,348750
2026-04-13T12:51:39.548,NF,BANKNIFTY28APR2657500CE,312.5,168.3,326.55,110.85,358.3,803730,204.48,312.3,60,313.4,90,348750
2026-04-13T12:51:44.567,NF,BANKNIFTY28APR2657500CE,313.0,168.3,326.55,110.85,358.3,803760,204.48,312.2,120,313.05,60,348750
2026-04-13T12:51:45.761,NF,BANKNIFTY28APR2657500CE,311.8,168.3,326.55,110.85,358.3,804030,204.52,311.85,90,312.95,60,348750
2026-04-13T12:51:46.984,NF,BANKNIFTY28APR2657500CE,313.6,168.3,326.55,110.85,358.3,804060,204.52,313.15,30,314.25,180,348750
2026-04-13T12:51:48.369,NF,BANKNIFTY28APR2657500CE,313.15,168.3,326.55,110.85,358.3,804090,204.53,312.35,30,313.55,60,348750
2026-04-13T12:51:49.588,NF,BANKNIFTY28APR2657500CE,312.6,168.3,326.55,110.85,358.3,804180,204.54,312.35,30,312.6,90,348750
2026-04-13T12:51:50.782,NF,BANKNIFTY28APR2657500CE,312.6,168.3,326.55,110.85,358.3,804270,204.55,312.9,30,313.9,180,348750
2026-04-13T12:51:53.396,NF,BANKNIFTY28APR2657500CE,313.15,168.3,326.55,110.85,358.3,804300,204.55,312.6,30,313.15,90,348750
2026-04-13T12:51:55.770,NF,BANKNIFTY28APR2657500CE,313.15,168.3,326.55,110.85,358.3,804390,204.57,312.8,30,313.7,120,348750
2026-04-13T12:51:56.978,NF,BANKNIFTY28APR2657500CE,312.5,168.3,326.55,110.85,358.3,804690,204.61,311.9,30,312.7,90,348750
2026-04-13T12:52:00.784,NF,BANKNIFTY28APR2657500CE,312.7,168.3,326.55,110.85,358.3,804720,204.61,312.1,30,312.75,90,348750
2026-04-13T12:52:04.384,NF,BANKNIFTY28APR2657500CE,312.75,168.3,326.55,110.85,358.3,804960,204.64,312.85,30,313.2,90,348750
2026-04-13T12:52:05.590,NF,BANKNIFTY28APR2657500CE,314.2,168.3,326.55,110.85,358.3,805320,204.69,314.2,60,314.4,90,348750
2026-04-13T12:52:06.987,NF,BANKNIFTY28APR2657500CE,314.85,168.3,326.55,110.85,358.3,805500,204.72,314.15,150,315.15,30,348750
2026-04-13T12:52:08.193,NF,BANKNIFTY28APR2657500CE,314.95,168.3,326.55,110.85,358.3,805530,204.72,313.8,30,314.9,90,348750
2026-04-13T12:52:10.596,NF,BANKNIFTY28APR2657500CE,314.4,168.3,326.55,110.85,358.3,805680,204.74,313.85,30,314.9,90,348750
2026-04-13T12:52:13.208,NF,BANKNIFTY28APR2657500CE,315.4,168.3,326.55,110.85,358.3,806100,204.8,314.75,150,315.45,90,348750
2026-04-13T12:52:14.405,NF,BANKNIFTY28APR2657500CE,315.45,168.3,326.55,110.85,358.3,806130,204.8,315.0,90,315.5,90,348750
2026-04-13T12:52:15.603,NF,BANKNIFTY28APR2657500CE,314.65,168.3,326.55,110.85,358.3,806430,204.84,314.3,30,314.7,90,348750
2026-04-13T12:52:18.202,NF,BANKNIFTY28APR2657500CE,313.85,168.3,326.55,110.85,358.3,806520,204.85,313.45,60,314.2,90,348750
2026-04-13T12:52:20.615,NF,BANKNIFTY28APR2657500CE,315.45,168.3,326.55,110.85,358.3,806790,204.89,314.6,90,315.5,60,348750
2026-04-13T12:52:31.830,NF,BANKNIFTY28APR2657500CE,315.0,168.3,326.55,110.85,358.3,806880,204.9,315.25,60,316.35,30,348750
2026-04-13T12:52:33.225,NF,BANKNIFTY28APR2657500CE,314.85,168.3,326.55,110.85,358.3,806910,204.91,313.8,150,314.85,60,348750
2026-04-13T12:52:36.834,NF,BANKNIFTY28APR2657500CE,313.7,168.3,326.55,110.85,358.3,807030,204.92,313.8,90,314.75,30,348750
2026-04-13T12:52:38.045,NF,BANKNIFTY28APR2657500CE,313.45,168.3,326.55,110.85,358.3,807570,205.0,313.65,60,314.65,60,348750
2026-04-13T12:52:39.238,NF,BANKNIFTY28APR2657500CE,314.65,168.3,326.55,110.85,358.3,807600,205.0,313.65,60,314.75,60,348750
2026-04-13T12:52:44.244,NF,BANKNIFTY28APR2657500CE,313.55,168.3,326.55,110.85,358.3,807660,205.01,313.45,270,313.55,540,348750
2026-04-13T12:52:45.453,NF,BANKNIFTY28APR2657500CE,313.55,168.3,326.55,110.85,358.3,808200,205.08,313.55,150,314.4,90,348750
2026-04-13T12:52:51.456,NF,BANKNIFTY28APR2657500CE,314.7,168.3,326.55,110.85,358.3,808230,205.09,313.6,210,314.1,90,348750
2026-04-13T12:52:52.661,NF,BANKNIFTY28APR2657500CE,314.1,168.3,326.55,110.85,358.3,808290,205.09,313.75,150,314.1,90,348750
2026-04-13T12:52:55.263,NF,BANKNIFTY28APR2657500CE,314.1,168.3,326.55,110.85,358.3,808350,205.1,313.5,270,314.15,90,348750
2026-04-13T12:52:56.457,NF,BANKNIFTY28APR2657500CE,313.35,168.3,326.55,110.85,358.3,808470,205.12,313.1,150,313.35,60,348750
2026-04-13T12:52:57.664,NF,BANKNIFTY28APR2657500CE,314.05,168.3,326.55,110.85,358.3,808620,205.14,314.1,30,315.2,60,348750
2026-04-13T12:52:58.864,NF,BANKNIFTY28APR2657500CE,313.9,168.3,326.55,110.85,358.3,808740,205.15,313.8,150,314.7,120,348750
2026-04-13T12:53:02.479,NF,BANKNIFTY28APR2657500CE,315.2,168.3,326.55,110.85,358.3,808800,205.16,313.55,150,314.45,90,348750
2026-04-13T12:53:08.676,NF,BANKNIFTY28APR2657500CE,314.75,168.3,326.55,110.85,358.3,809040,205.2,313.95,180,314.75,90,348750
2026-04-13T12:53:09.894,NF,BANKNIFTY28APR2657500CE,314.75,168.3,326.55,110.85,358.3,809070,205.2,314.05,150,314.75,90,348750
2026-04-13T12:53:12.288,NF,BANKNIFTY28APR2657500CE,314.75,168.3,326.55,110.85,358.3,809100,205.2,313.6,120,314.65,90,348750
2026-04-13T12:53:14.692,NF,BANKNIFTY28APR2657500CE,313.05,168.3,326.55,110.85,358.3,809130,205.21,313.45,180,314.4,30,348750
2026-04-13T12:53:15.907,NF,BANKNIFTY28APR2657500CE,314.0,168.3,326.55,110.85,358.3,809160,205.21,313.65,210,314.0,90,348750
2026-04-13T12:53:17.112,NF,BANKNIFTY28APR2657500CE,314.0,168.3,326.55,110.85,358.3,809250,205.22,314.0,180,314.7,30,348750
2026-04-13T12:53:19.700,NF,BANKNIFTY28APR2657500CE,314.55,168.3,326.55,110.85,358.3,809280,205.23,313.8,180,314.7,30,352110
2026-04-13T12:53:22.106,NF,BANKNIFTY28APR2657500CE,314.1,168.3,326.55,110.85,358.3,809400,205.24,314.4,60,315.15,90,352110
2026-04-13T12:53:29.512,NF,BANKNIFTY28APR2657500CE,315.05,168.3,326.55,110.85,358.3,809460,205.25,314.4,30,315.05,90,352110
2026-04-13T12:53:41.730,NF,BANKNIFTY28APR2657500CE,316.05,168.3,326.55,110.85,358.3,809550,205.26,316.3,60,317.15,60,352110
2026-04-13T12:53:42.945,NF,BANKNIFTY28APR2657500CE,316.65,168.3,326.55,110.85,358.3,809580,205.27,315.8,150,316.7,30,352110
2026-04-13T12:53:44.133,NF,BANKNIFTY28APR2657500CE,316.4,168.3,326.55,110.85,358.3,809610,205.27,315.75,180,316.85,90,352110
2026-04-13T12:53:51.543,NF,BANKNIFTY28APR2657500CE,315.45,168.3,326.55,110.85,358.3,809700,205.28,315.15,120,316.2,120,352110
2026-04-13T12:53:53.951,NF,BANKNIFTY28APR2657500CE,315.4,168.3,326.55,110.85,358.3,809790,205.3,315.4,360,316.2,90,352110
2026-04-13T12:53:59.961,NF,BANKNIFTY28APR2657500CE,316.05,168.3,326.55,110.85,358.3,809850,205.3,315.25,150,316.05,30,352110
2026-04-13T12:54:02.579,NF,BANKNIFTY28APR2657500CE,314.3,168.3,326.55,110.85,358.3,810330,205.37,313.35,120,314.15,30,352110
2026-04-13T12:54:07.568,NF,BANKNIFTY28APR2657500CE,312.15,168.3,326.55,110.85,358.3,810750,205.43,311.9,150,312.75,30,352110
2026-04-13T12:54:15.034,NF,BANKNIFTY28APR2657500CE,313.35,168.3,326.55,110.85,358.3,810780,205.43,312.75,150,313.75,60,352110
2026-04-13T12:54:17.383,NF,BANKNIFTY28APR2657500CE,312.8,168.3,326.55,110.85,358.3,810840,205.44,312.65,150,313.4,30,352110
2026-04-13T12:54:18.591,NF,BANKNIFTY28APR2657500CE,312.65,168.3,326.55,110.85,358.3,810900,205.45,312.55,300,313.5,60,352110
2026-04-13T12:54:20.992,NF,BANKNIFTY28APR2657500CE,313.35,168.3,326.55,110.85,358.3,810930,205.45,312.25,30,313.45,60,352110
2026-04-13T12:54:24.786,NF,BANKNIFTY28APR2657500CE,313.6,168.3,326.55,110.85,358.3,811110,205.47,311.95,120,313.05,30,352110
2026-04-13T12:54:29.792,NF,BANKNIFTY28APR2657500CE,312.85,168.3,326.55,110.85,358.3,811200,205.48,311.45,210,312.8,90,352110
2026-04-13T12:54:33.408,NF,BANKNIFTY28APR2657500CE,311.8,168.3,326.55,110.85,358.3,811470,205.52,311.6,450,312.7,60,352110
2026-04-13T12:54:34.798,NF,BANKNIFTY28APR2657500CE,309.8,168.3,326.55,110.85,358.3,811740,205.56,309.8,270,310.55,60,352110
2026-04-13T12:54:37.205,NF,BANKNIFTY28APR2657500CE,308.15,168.3,326.55,110.85,358.3,811950,205.58,307.4,120,308.45,30,352110
2026-04-13T12:54:38.408,NF,BANKNIFTY28APR2657500CE,307.5,168.3,326.55,110.85,358.3,812040,205.59,306.5,210,307.65,60,352110
2026-04-13T12:54:40.613,NF,BANKNIFTY28APR2657500CE,307.45,168.3,326.55,110.85,358.3,812580,205.66,306.55,150,307.5,30,352110
2026-04-13T12:54:43.219,NF,BANKNIFTY28APR2657500CE,306.35,168.3,326.55,110.85,358.3,812700,205.68,306.85,60,308.0,120,352110
2026-04-13T12:54:44.420,NF,BANKNIFTY28APR2657500CE,308.1,168.3,326.55,110.85,358.3,813330,205.75,306.95,60,308.05,150,352110
2026-04-13T12:54:45.619,NF,BANKNIFTY28APR2657500CE,306.8,168.3,326.55,110.85,358.3,813360,205.76,306.15,90,307.45,210,352110
2026-04-13T12:54:49.424,NF,BANKNIFTY28APR2657500CE,306.7,168.3,326.55,110.85,358.3,813390,205.76,305.85,210,306.95,90,352110
2026-04-13T12:54:51.831,NF,BANKNIFTY28APR2657500CE,304.7,168.3,326.55,110.85,358.3,813750,205.81,303.8,30,304.8,30,352110
2026-04-13T12:54:53.044,NF,BANKNIFTY28APR2657500CE,304.75,168.3,326.55,110.85,358.3,813840,205.82,303.7,60,304.55,30,352110
2026-04-13T12:54:54.258,NF,BANKNIFTY28APR2657500CE,303.5,168.3,326.55,110.85,358.3,813960,205.83,303.7,60,304.65,30,352110
2026-04-13T12:54:56.843,NF,BANKNIFTY28APR2657500CE,303.0,168.3,326.55,110.85,358.3,814230,205.86,303.0,30,303.6,90,352110
2026-04-13T12:54:58.038,NF,BANKNIFTY28APR2657500CE,303.55,168.3,326.55,110.85,358.3,814350,205.88,302.95,60,303.6,90,352110
2026-04-13T12:54:59.049,NF,BANKNIFTY28APR2657500CE,302.45,168.3,326.55,110.85,358.3,814500,205.9,301.2,180,302.4,30,352110
2026-04-13T12:55:00.243,NF,BANKNIFTY28APR2657500CE,302.4,168.3,326.55,110.85,358.3,814620,205.91,301.25,150,301.85,30,352110
2026-04-13T12:55:01.685,NF,BANKNIFTY28APR2657500CE,301.45,168.3,326.55,110.85,358.3,815280,205.99,300.6,120,301.75,90,352110
2026-04-13T12:55:02.845,NF,BANKNIFTY28APR2657500CE,302.55,168.3,326.55,110.85,358.3,815340,205.99,301.65,30,302.25,150,352110
2026-04-13T12:55:04.068,NF,BANKNIFTY28APR2657500CE,301.2,168.3,326.55,110.85,358.3,815550,206.02,301.7,60,302.75,60,352110
2026-04-13T12:55:05.270,NF,BANKNIFTY28APR2657500CE,301.0,168.3,326.55,110.85,358.3,816060,206.08,299.95,150,301.0,180,352110
2026-04-13T12:55:07.655,NF,BANKNIFTY28APR2657500CE,300.6,168.3,326.55,110.85,358.3,816480,206.13,300.6,60,301.2,60,352110
2026-04-13T12:55:10.264,NF,BANKNIFTY28APR2657500CE,301.35,168.3,326.55,110.85,358.3,816540,206.13,300.65,90,301.55,150,352110
2026-04-13T12:55:11.471,NF,BANKNIFTY28APR2657500CE,301.7,168.3,326.55,110.85,358.3,816570,206.14,301.4,60,301.95,270,352110
2026-04-13T12:55:12.671,NF,BANKNIFTY28APR2657500CE,301.4,168.3,326.55,110.85,358.3,816630,206.14,300.2,90,301.1,60,352110
2026-04-13T12:55:14.064,NF,BANKNIFTY28APR2657500CE,300.95,168.3,326.55,110.85,358.3,816660,206.15,300.7,120,301.4,30,352110
2026-04-13T12:55:15.372,NF,BANKNIFTY28APR2657500CE,300.7,168.3,326.55,110.85,358.3,816780,206.16,300.45,150,301.0,60,352110
2026-04-13T12:55:16.467,NF,BANKNIFTY28APR2657500CE,300.05,168.3,326.55,110.85,358.3,816990,206.19,299.65,90,300.35,210,352110
2026-04-13T12:55:17.678,NF,BANKNIFTY28APR2657500CE,299.15,168.3,326.55,110.85,358.3,817320,206.22,299.55,90,300.1,150,352110
2026-04-13T12:55:18.882,NF,BANKNIFTY28APR2657500CE,299.55,168.3,326.55,110.85,358.3,817410,206.23,298.85,60,299.8,60,352110
2026-04-13T12:55:19.883,NF,BANKNIFTY28APR2657500CE,298.0,168.3,326.55,110.85,358.3,817800,206.28,298.25,30,299.05,30,352110
2026-04-13T12:55:21.084,NF,BANKNIFTY28APR2657500CE,298.85,168.3,326.55,110.85,358.3,817830,206.28,298.05,60,299.0,30,352110
2026-04-13T12:55:22.284,NF,BANKNIFTY28APR2657500CE,298.05,168.3,326.55,110.85,358.3,817860,206.28,297.85,60,298.8,60,352110
2026-04-13T12:55:23.678,NF,BANKNIFTY28APR2657500CE,297.55,168.3,326.55,110.85,358.3,818070,206.31,296.65,60,297.5,60,352110
2026-04-13T12:55:26.082,NF,BANKNIFTY28APR2657500CE,299.8,168.3,326.55,110.85,358.3,818130,206.31,299.0,90,299.85,60,352110
2026-04-13T12:55:29.697,NF,BANKNIFTY28APR2657500CE,298.85,168.3,326.55,110.85,358.3,818160,206.32,298.5,60,299.55,90,352110
2026-04-13T12:55:33.300,NF,BANKNIFTY28APR2657500CE,299.65,168.3,326.55,110.85,358.3,818580,206.36,299.55,30,300.0,30,352110
2026-04-13T12:55:36.900,NF,BANKNIFTY28APR2657500CE,300.9,168.3,326.55,110.85,358.3,818730,206.38,300.65,60,301.35,150,352110
2026-04-13T12:55:38.101,NF,BANKNIFTY28APR2657500CE,300.65,168.3,326.55,110.85,358.3,818760,206.39,300.25,60,300.9,180,352110
2026-04-13T12:55:39.111,NF,BANKNIFTY28APR2657500CE,300.4,168.3,326.55,110.85,358.3,818850,206.4,299.6,90,300.3,180,352110
2026-04-13T12:55:40.523,NF,BANKNIFTY28APR2657500CE,299.65,168.3,326.55,110.85,358.3,819060,206.42,298.8,30,299.9,180,352110
2026-04-13T12:55:41.714,NF,BANKNIFTY28APR2657500CE,298.6,168.3,326.55,110.85,358.3,819150,206.43,297.65,30,298.6,60,352110
2026-04-13T12:55:42.921,NF,BANKNIFTY28APR2657500CE,299.05,168.3,326.55,110.85,358.3,819270,206.44,297.85,30,298.65,60,352110
2026-04-13T12:55:44.121,NF,BANKNIFTY28APR2657500CE,299.3,168.3,326.55,110.85,358.3,819300,206.45,298.3,60,299.25,60,352110
2026-04-13T12:55:46.716,NF,BANKNIFTY28APR2657500CE,297.3,168.3,326.55,110.85,358.3,819360,206.45,298.0,60,299.25,90,352110
2026-04-13T12:55:50.120,NF,BANKNIFTY28APR2657500CE,299.15,168.3,326.55,110.85,358.3,819390,206.46,298.15,30,298.85,180,352110
2026-04-13T12:55:51.324,NF,BANKNIFTY28APR2657500CE,299.0,168.3,326.55,110.85,358.3,819600,206.48,298.6,30,299.5,150,352110
2026-04-13T12:55:52.525,NF,BANKNIFTY28APR2657500CE,299.3,168.3,326.55,110.85,358.3,819630,206.48,298.5,90,299.4,150,352110
2026-04-13T12:55:56.349,NF,BANKNIFTY28APR2657500CE,299.0,168.3,326.55,110.85,358.3,819660,206.49,298.45,30,299.05,60,352110
2026-04-13T12:55:57.527,NF,BANKNIFTY28APR2657500CE,299.1,168.3,326.55,110.85,358.3,819720,206.49,298.45,30,299.1,210,352110
2026-04-13T12:55:58.732,NF,BANKNIFTY28APR2657500CE,299.05,168.3,326.55,110.85,358.3,819750,206.5,298.5,30,299.35,180,352110
2026-04-13T12:55:59.935,NF,BANKNIFTY28APR2657500CE,300.2,168.3,326.55,110.85,358.3,819990,206.52,300.1,30,300.85,90,352110
2026-04-13T12:56:01.134,NF,BANKNIFTY28APR2657500CE,302.5,168.3,326.55,110.85,358.3,820710,206.61,302.45,30,303.15,150,352110
2026-04-13T12:56:02.339,NF,BANKNIFTY28APR2657500CE,302.35,168.3,326.55,110.85,358.3,820920,206.63,302.35,30,303.05,90,352110
2026-04-13T12:56:03.735,NF,BANKNIFTY28APR2657500CE,303.0,168.3,326.55,110.85,358.3,821100,206.65,302.2,60,302.85,30,352110
2026-04-13T12:56:04.951,NF,BANKNIFTY28APR2657500CE,302.2,168.3,326.55,110.85,358.3,821250,206.67,300.75,30,301.65,150,352110
2026-04-13T12:56:06.162,NF,BANKNIFTY28APR2657500CE,300.75,168.3,326.55,110.85,358.3,821310,206.68,300.65,30,301.6,120,352110
2026-04-13T12:56:09.745,NF,BANKNIFTY28APR2657500CE,300.35,168.3,326.55,110.85,358.3,821340,206.68,300.2,90,301.15,90,352110
2026-04-13T12:56:10.946,NF,BANKNIFTY28APR2657500CE,300.0,168.3,326.55,110.85,358.3,821400,206.69,299.4,60,300.45,90,352110
2026-04-13T12:56:12.148,NF,BANKNIFTY28APR2657500CE,299.35,168.3,326.55,110.85,358.3,821430,206.69,298.35,90,299.4,90,352110
2026-04-13T12:56:14.556,NF,BANKNIFTY28APR2657500CE,298.0,168.3,326.55,110.85,358.3,821820,206.74,297.1,60,298.0,120,352110
2026-04-13T12:56:16.968,NF,BANKNIFTY28APR2657500CE,299.0,168.3,326.55,110.85,358.3,821940,206.75,298.0,90,299.0,90,352110
2026-04-13T12:56:18.170,NF,BANKNIFTY28APR2657500CE,298.7,168.3,326.55,110.85,358.3,822000,206.76,297.75,90,298.7,60,352110
2026-04-13T12:56:20.568,NF,BANKNIFTY28APR2657500CE,297.05,168.3,326.55,110.85,358.3,822030,206.76,297.05,60,297.9,150,352770
2026-04-13T12:56:21.963,NF,BANKNIFTY28APR2657500CE,296.65,168.3,326.55,110.85,358.3,823050,206.87,296.05,30,296.95,90,352770
2026-04-13T12:56:23.227,NF,BANKNIFTY28APR2657500CE,296.05,168.3,326.55,110.85,358.3,823110,206.88,295.2,300,296.3,30,352770
2026-04-13T12:56:24.382,NF,BANKNIFTY28APR2657500CE,295.2,168.3,326.55,110.85,358.3,823170,206.88,295.0,60,295.9,90,352770
2026-04-13T12:56:25.569,NF,BANKNIFTY28APR2657500CE,295.2,168.3,326.55,110.85,358.3,823260,206.89,295.0,30,295.7,150,352770
2026-04-13T12:56:26.980,NF,BANKNIFTY28APR2657500CE,294.9,168.3,326.55,110.85,358.3,823650,206.94,293.95,480,294.95,30,352770
2026-04-13T12:56:28.170,NF,BANKNIFTY28APR2657500CE,294.25,168.3,326.55,110.85,358.3,823830,206.95,293.25,150,294.2,30,352770
2026-04-13T12:56:30.582,NF,BANKNIFTY28APR2657500CE,292.65,168.3,326.55,110.85,358.3,824100,206.98,291.9,30,292.85,30,352770
2026-04-13T12:56:31.786,NF,BANKNIFTY28APR2657500CE,291.6,168.3,326.55,110.85,358.3,824310,207.0,290.75,90,291.85,90,352770
2026-04-13T12:56:32.982,NF,BANKNIFTY28APR2657500CE,292.0,168.3,326.55,110.85,358.3,824430,207.02,292.25,30,293.35,60,352770
2026-04-13T12:56:34.381,NF,BANKNIFTY28APR2657500CE,292.1,168.3,326.55,110.85,358.3,824460,207.02,293.35,90,294.45,90,352770
2026-04-13T12:56:35.585,NF,BANKNIFTY28APR2657500CE,292.9,168.3,326.55,110.85,358.3,824490,207.02,293.05,30,294.0,210,352770
2026-04-13T12:56:36.787,NF,BANKNIFTY28APR2657500CE,293.05,168.3,326.55,110.85,358.3,824520,207.03,293.05,30,293.9,60,352770
2026-04-13T12:56:39.188,NF,BANKNIFTY28APR2657500CE,293.0,168.3,326.55,110.85,358.3,824550,207.03,291.25,90,292.4,60,352770
2026-04-13T12:56:40.400,NF,BANKNIFTY28APR2657500CE,291.45,168.3,326.55,110.85,358.3,824580,207.03,291.65,60,292.65,60,352770
2026-04-13T12:56:44.000,NF,BANKNIFTY28APR2657500CE,287.65,168.3,326.55,110.85,358.3,824940,207.07,286.25,120,287.65,30,352770
2026-04-13T12:56:45.399,NF,BANKNIFTY28APR2657500CE,287.0,168.3,326.55,110.85,358.3,825000,207.07,286.4,180,287.55,30,352770
2026-04-13T12:56:46.601,NF,BANKNIFTY28APR2657500CE,287.3,168.3,326.55,110.85,358.3,825150,207.09,286.45,120,287.65,30,352770
2026-04-13T12:56:47.805,NF,BANKNIFTY28APR2657500CE,286.4,168.3,326.55,110.85,358.3,825180,207.09,286.05,120,287.35,90,352770
2026-04-13T12:56:50.211,NF,BANKNIFTY28APR2657500CE,287.15,168.3,326.55,110.85,358.3,825240,207.1,286.0,60,287.05,150,352770
2026-04-13T12:56:52.819,NF,BANKNIFTY28APR2657500CE,286.3,168.3,326.55,110.85,358.3,825300,207.1,287.05,30,288.05,60,352770
2026-04-13T12:56:57.837,NF,BANKNIFTY28APR2657500CE,286.7,168.3,326.55,110.85,358.3,825330,207.11,285.2,120,286.1,90,352770
2026-04-13T12:56:59.023,NF,BANKNIFTY28APR2657500CE,284.2,168.3,326.55,110.85,358.3,825600,207.13,283.15,120,284.2,30,352770
2026-04-13T12:57:00.230,NF,BANKNIFTY28APR2657500CE,284.25,168.3,326.55,110.85,358.3,825690,207.14,283.8,60,284.9,90,352770
2026-04-13T12:57:02.827,NF,BANKNIFTY28APR2657500CE,282.1,168.3,326.55,110.85,358.3,825930,207.16,282.2,60,283.4,90,352770
2026-04-13T12:57:04.030,NF,BANKNIFTY28APR2657500CE,281.0,168.3,326.55,110.85,358.3,829140,207.45,280.05,30,281.05,120,352770
2026-04-13T12:57:05.238,NF,BANKNIFTY28APR2657500CE,279.6,168.3,326.55,110.85,358.3,829410,207.47,278.4,120,279.55,30,352770
2026-04-13T12:57:06.436,NF,BANKNIFTY28APR2657500CE,278.95,168.3,326.55,110.85,358.3,830070,207.53,277.8,30,279.25,90,352770
2026-04-13T12:57:07.644,NF,BANKNIFTY28APR2657500CE,278.75,168.3,326.55,110.85,358.3,830130,207.54,276.75,60,277.8,90,352770
2026-04-13T12:57:09.039,NF,BANKNIFTY28APR2657500CE,278.85,168.3,326.55,110.85,358.3,830250,207.55,278.35,90,279.75,30,352770
2026-04-13T12:57:10.239,NF,BANKNIFTY28APR2657500CE,275.0,168.3,326.55,110.85,358.3,830370,207.56,275.0,30,276.2,30,352770
2026-04-13T12:57:11.445,NF,BANKNIFTY28APR2657500CE,274.25,168.3,326.55,110.85,358.3,830670,207.58,274.85,60,276.2,90,352770
2026-04-13T12:57:13.859,NF,BANKNIFTY28APR2657500CE,276.15,168.3,326.55,110.85,358.3,830790,207.59,274.9,30,275.9,150,352770
2026-04-13T12:57:15.052,NF,BANKNIFTY28APR2657500CE,274.0,168.3,326.55,110.85,358.3,831120,207.62,273.3,60,274.65,90,352770
2026-04-13T12:57:16.449,NF,BANKNIFTY28APR2657500CE,274.75,168.3,326.55,110.85,358.3,831150,207.62,273.7,30,274.75,150,352770
2026-04-13T12:57:17.680,NF,BANKNIFTY28APR2657500CE,273.3,168.3,326.55,110.85,358.3,831210,207.62,271.6,60,272.65,150,352770
2026-04-13T12:57:18.860,NF,BANKNIFTY28APR2657500CE,273.45,168.3,326.55,110.85,358.3,831540,207.65,272.35,90,273.6,60,352770
2026-04-13T12:57:21.262,NF,BANKNIFTY28APR2657500CE,272.55,168.3,326.55,110.85,358.3,831660,207.66,271.9,60,273.2,30,352770
2026-04-13T12:57:22.468,NF,BANKNIFTY28APR2657500CE,272.85,168.3,326.55,110.85,358.3,832290,207.71,272.9,90,274.05,30,352770
2026-04-13T12:57:23.663,NF,BANKNIFTY28APR2657500CE,277.2,168.3,326.55,110.85,358.3,832560,207.73,276.85,30,277.85,30,352770
2026-04-13T12:57:24.868,NF,BANKNIFTY28APR2657500CE,275.9,168.3,326.55,110.85,358.3,833220,207.78,275.75,30,277.0,30,352770
2026-04-13T12:57:27.267,NF,BANKNIFTY28APR2657500CE,276.4,168.3,326.55,110.85,358.3,833280,207.79,275.9,30,276.8,180,352770
2026-04-13T12:57:28.478,NF,BANKNIFTY28APR2657500CE,276.2,168.3,326.55,110.85,358.3,833370,207.8,275.8,60,276.95,30,352770
2026-04-13T12:57:30.873,NF,BANKNIFTY28APR2657500CE,275.85,168.3,326.55,110.85,358.3,833400,207.8,275.1,30,276.1,60,352770
2026-04-13T12:57:34.478,NF,BANKNIFTY28APR2657500CE,276.0,168.3,326.55,110.85,358.3,833640,207.82,275.25,30,276.05,150,352770
2026-04-13T12:57:35.878,NF,BANKNIFTY28APR2657500CE,275.85,168.3,326.55,110.85,358.3,834060,207.85,275.8,30,276.8,60,352770
2026-04-13T12:57:37.080,NF,BANKNIFTY28APR2657500CE,276.4,168.3,326.55,110.85,358.3,834120,207.86,275.55,30,276.5,150,352770
2026-04-13T12:57:38.282,NF,BANKNIFTY28APR2657500CE,276.4,168.3,326.55,110.85,358.3,834240,207.87,276.8,90,277.75,30,352770
2026-04-13T12:57:39.506,NF,BANKNIFTY28APR2657500CE,278.2,168.3,326.55,110.85,358.3,834480,207.89,277.3,30,278.2,90,352770
2026-04-13T12:57:40.687,NF,BANKNIFTY28APR2657500CE,277.35,168.3,326.55,110.85,358.3,834540,207.89,277.6,60,278.7,30,352770
2026-04-13T12:57:41.894,NF,BANKNIFTY28APR2657500CE,277.95,168.3,326.55,110.85,358.3,834990,207.93,277.15,90,278.35,30,352770
2026-04-13T12:57:44.490,NF,BANKNIFTY28APR2657500CE,278.55,168.3,326.55,110.85,358.3,835050,207.94,277.2,30,278.35,90,352770
2026-04-13T12:57:48.102,NF,BANKNIFTY28APR2657500CE,278.85,168.3,326.55,110.85,358.3,835080,207.94,278.85,60,279.9,390,352770
2026-04-13T12:57:49.552,NF,BANKNIFTY28APR2657500CE,280.0,168.3,326.55,110.85,358.3,835500,207.98,281.5,30,282.45,90,352770
2026-04-13T12:57:51.912,NF,BANKNIFTY28APR2657500CE,283.4,168.3,326.55,110.85,358.3,835560,207.98,283.8,30,284.8,150,352770
2026-04-13T12:57:53.113,NF,BANKNIFTY28APR2657500CE,284.05,168.3,326.55,110.85,358.3,835800,208.0,284.2,30,285.25,150,352770
2026-04-13T12:57:54.510,NF,BANKNIFTY28APR2657500CE,284.95,168.3,326.55,110.85,358.3,835860,208.01,285.15,60,286.2,180,352770
2026-04-13T12:57:55.707,NF,BANKNIFTY28APR2657500CE,285.0,168.3,326.55,110.85,358.3,835980,208.02,283.95,60,285.05,30,352770
2026-04-13T12:57:59.317,NF,BANKNIFTY28APR2657500CE,285.55,168.3,326.55,110.85,358.3,836010,208.02,285.8,60,287.0,30,352770
2026-04-13T12:58:00.717,NF,BANKNIFTY28APR2657500CE,286.4,168.3,326.55,110.85,358.3,836040,208.02,286.9,90,288.1,60,352770
2026-04-13T12:58:01.922,NF,BANKNIFTY28APR2657500CE,287.7,168.3,326.55,110.85,358.3,836070,208.03,287.7,60,288.95,30,352770
2026-04-13T12:58:03.128,NF,BANKNIFTY28APR2657500CE,289.05,168.3,326.55,110.85,358.3,836190,208.04,287.95,60,289.15,30,352770
2026-04-13T12:58:04.322,NF,BANKNIFTY28APR2657500CE,289.4,168.3,326.55,110.85,358.3,836250,208.04,288.25,60,289.3,60,352770
2026-04-13T12:58:05.719,NF,BANKNIFTY28APR2657500CE,289.5,168.3,326.55,110.85,358.3,836400,208.06,289.05,60,290.15,30,352770
2026-04-13T12:58:06.920,NF,BANKNIFTY28APR2657500CE,290.05,168.3,326.55,110.85,358.3,836430,208.06,289.1,150,289.9,30,352770
2026-04-13T12:58:11.927,NF,BANKNIFTY28APR2657500CE,291.7,168.3,326.55,110.85,358.3,836580,208.08,291.4,30,292.35,60,352770
2026-04-13T12:58:13.130,NF,BANKNIFTY28APR2657500CE,292.7,168.3,326.55,110.85,358.3,836640,208.08,291.65,90,292.55,60,352770
2026-04-13T12:58:15.539,NF,BANKNIFTY28APR2657500CE,292.8,168.3,326.55,110.85,358.3,836670,208.09,292.3,30,293.45,30,352770
2026-04-13T12:58:16.935,NF,BANKNIFTY28APR2657500CE,294.0,168.3,326.55,110.85,358.3,836790,208.1,293.7,120,294.75,30,352770
2026-04-13T12:58:20.545,NF,BANKNIFTY28APR2657500CE,293.8,168.3,326.55,110.85,358.3,836820,208.1,294.1,60,295.2,30,352770
2026-04-13T12:58:21.945,NF,BANKNIFTY28APR2657500CE,295.75,168.3,326.55,110.85,358.3,836940,208.11,296.55,60,297.65,150,352770
2026-04-13T12:58:24.352,NF,BANKNIFTY28APR2657500CE,297.25,168.3,326.55,110.85,358.3,837120,208.13,295.8,90,296.85,60,352770
2026-04-13T12:58:25.553,NF,BANKNIFTY28APR2657500CE,294.6,168.3,326.55,110.85,358.3,837210,208.14,294.6,60,295.65,30,352770
2026-04-13T12:58:29.358,NF,BANKNIFTY28APR2657500CE,296.55,168.3,326.55,110.85,358.3,837240,208.15,296.3,90,297.4,30,352770
2026-04-13T12:58:30.578,NF,BANKNIFTY28APR2657500CE,295.8,168.3,326.55,110.85,358.3,837330,208.16,295.15,150,295.9,30,352770
2026-04-13T12:58:35.571,NF,BANKNIFTY28APR2657500CE,296.95,168.3,326.55,110.85,358.3,837360,208.16,295.95,60,297.25,60,352770
2026-04-13T12:58:36.782,NF,BANKNIFTY28APR2657500CE,296.2,168.3,326.55,110.85,358.3,837390,208.16,295.1,150,296.1,30,352770
2026-04-13T12:58:42.985,NF,BANKNIFTY28APR2657500CE,296.3,168.3,326.55,110.85,358.3,837420,208.16,295.7,60,296.65,30,352770
2026-04-13T12:58:45.587,NF,BANKNIFTY28APR2657500CE,295.55,168.3,326.55,110.85,358.3,837450,208.17,295.0,30,295.4,30,352770
2026-04-13T12:58:47.993,NF,BANKNIFTY28APR2657500CE,293.85,168.3,326.55,110.85,358.3,837570,208.18,293.0,90,293.9,60,352770
2026-04-13T12:58:49.391,NF,BANKNIFTY28APR2657500CE,293.9,168.3,326.55,110.85,358.3,837600,208.18,292.95,60,293.9,30,352770
2026-04-13T12:58:50.601,NF,BANKNIFTY28APR2657500CE,291.5,168.3,326.55,110.85,358.3,837870,208.21,290.55,30,291.55,30,352770
2026-04-13T12:58:51.808,NF,BANKNIFTY28APR2657500CE,293.6,168.3,326.55,110.85,358.3,838140,208.24,292.2,30,293.7,60,352770
2026-04-13T12:58:54.413,NF,BANKNIFTY28APR2657500CE,291.55,168.3,326.55,110.85,358.3,838230,208.25,290.45,60,291.6,60,352770
2026-04-13T12:58:55.618,NF,BANKNIFTY28APR2657500CE,292.2,168.3,326.55,110.85,358.3,839430,208.37,290.55,90,291.95,60,352770
2026-04-13T12:58:56.812,NF,BANKNIFTY28APR2657500CE,292.25,168.3,326.55,110.85,358.3,839460,208.37,290.5,30,292.15,120,352770
2026-04-13T12:58:59.411,NF,BANKNIFTY28APR2657500CE,293.9,168.3,326.55,110.85,358.3,839490,208.37,292.8,30,293.9,210,352770
2026-04-13T12:59:03.027,NF,BANKNIFTY28APR2657500CE,292.85,168.3,326.55,110.85,358.3,839520,208.38,292.65,30,293.75,120,352770
2026-04-13T12:59:04.418,NF,BANKNIFTY28APR2657500CE,290.45,168.3,326.55,110.85,358.3,839640,208.39,290.65,60,291.8,60,352770
2026-04-13T12:59:05.621,NF,BANKNIFTY28APR2657500CE,291.75,168.3,326.55,110.85,358.3,839700,208.39,290.7,30,291.8,210,352770
2026-04-13T12:59:08.031,NF,BANKNIFTY28APR2657500CE,291.15,168.3,326.55,110.85,358.3,839730,208.4,291.4,30,292.8,150,352770
2026-04-13T12:59:09.425,NF,BANKNIFTY28APR2657500CE,292.9,168.3,326.55,110.85,358.3,839760,208.4,292.25,180,293.65,30,352770
2026-04-13T12:59:11.833,NF,BANKNIFTY28APR2657500CE,293.9,168.3,326.55,110.85,358.3,839940,208.42,293.55,90,294.65,60,352770
2026-04-13T12:59:23.050,NF,BANKNIFTY28APR2657500CE,293.9,168.3,326.55,110.85,358.3,840030,208.43,293.0,90,294.1,60,349710
2026-04-13T12:59:24.452,NF,BANKNIFTY28APR2657500CE,294.85,168.3,326.55,110.85,358.3,840060,208.43,293.8,60,295.15,60,349710
2026-04-13T12:59:28.071,NF,BANKNIFTY28APR2657500CE,293.75,168.3,326.55,110.85,358.3,840090,208.43,292.7,60,293.8,120,349710
2026-04-13T12:59:31.871,NF,BANKNIFTY28APR2657500CE,294.9,168.3,326.55,110.85,358.3,840120,208.44,292.95,60,294.1,30,349710
2026-04-13T12:59:35.681,NF,BANKNIFTY28APR2657500CE,294.9,168.3,326.55,110.85,358.3,840150,208.44,293.65,60,294.6,120,349710
2026-04-13T12:59:40.678,NF,BANKNIFTY28APR2657500CE,294.4,168.3,326.55,110.85,358.3,840180,208.44,294.35,90,295.55,30,349710
2026-04-13T12:59:43.092,NF,BANKNIFTY28APR2657500CE,292.95,168.3,326.55,110.85,358.3,840300,208.45,292.0,30,293.05,120,349710
2026-04-13T12:59:44.490,NF,BANKNIFTY28APR2657500CE,293.4,168.3,326.55,110.85,358.3,840390,208.46,292.3,60,293.45,60,349710
2026-04-13T12:59:46.886,NF,BANKNIFTY28APR2657500CE,294.55,168.3,326.55,110.85,358.3,840690,208.49,294.25,150,295.25,60,349710
2026-04-13T13:00:01.529,NF,BANKNIFTY28APR2657500CE,292.25,168.3,326.55,110.85,358.3,840870,208.51,291.6,60,292.85,150,349710
2026-04-13T13:00:05.315,NF,BANKNIFTY28APR2657500CE,292.25,168.3,326.55,110.85,358.3,840960,208.52,292.0,120,292.65,150,349710
2026-04-13T13:00:06.524,NF,BANKNIFTY28APR2657500CE,292.0,168.3,326.55,110.85,358.3,841080,208.53,292.0,60,292.45,120,349710
2026-04-13T13:00:10.122,NF,BANKNIFTY28APR2657500CE,292.6,168.3,326.55,110.85,358.3,841110,208.54,292.4,60,293.85,90,349710
2026-04-13T13:00:16.133,NF,BANKNIFTY28APR2657500CE,294.45,168.3,326.55,110.85,358.3,841890,208.61,292.55,60,293.7,150,349710
2026-04-13T13:00:18.538,NF,BANKNIFTY28APR2657500CE,292.3,168.3,326.55,110.85,358.3,841920,208.62,292.5,30,293.4,120,349710
2026-04-13T13:00:22.149,NF,BANKNIFTY28APR2657500CE,292.0,168.3,326.55,110.85,358.3,841980,208.62,291.85,90,292.6,30,349710
2026-04-13T13:00:26.949,NF,BANKNIFTY28APR2657500CE,291.6,168.3,326.55,110.85,358.3,842010,208.63,290.9,90,292.25,30,349710
2026-04-13T13:00:28.162,NF,BANKNIFTY28APR2657500CE,290.25,168.3,326.55,110.85,358.3,842130,208.64,290.05,30,291.3,30,349710
2026-04-13T13:00:31.757,NF,BANKNIFTY28APR2657500CE,291.55,168.3,326.55,110.85,358.3,842160,208.64,290.65,30,291.6,30,349710
2026-04-13T13:00:34.159,NF,BANKNIFTY28APR2657500CE,290.25,168.3,326.55,110.85,358.3,842190,208.64,290.0,30,291.15,90,349710
2026-04-13T13:00:37.785,NF,BANKNIFTY28APR2657500CE,292.3,168.3,326.55,110.85,358.3,842280,208.65,291.5,30,292.5,60,349710
2026-04-13T13:00:40.167,NF,BANKNIFTY28APR2657500CE,291.2,168.3,326.55,110.85,358.3,842400,208.67,290.15,60,291.7,30,349710
2026-04-13T13:00:42.571,NF,BANKNIFTY28APR2657500CE,291.25,168.3,326.55,110.85,358.3,842430,208.67,290.0,30,290.95,90,349710
2026-04-13T13:00:43.971,NF,BANKNIFTY28APR2657500CE,290.0,168.3,326.55,110.85,358.3,842460,208.67,289.5,30,290.5,60,349710
2026-04-13T13:00:46.376,NF,BANKNIFTY28APR2657500CE,289.4,168.3,326.55,110.85,358.3,842490,208.67,289.0,60,290.0,60,349710
2026-04-13T13:00:47.577,NF,BANKNIFTY28APR2657500CE,289.45,168.3,326.55,110.85,358.3,842520,208.68,291.4,90,292.5,30,349710
2026-04-13T13:00:49.982,NF,BANKNIFTY28APR2657500CE,292.4,168.3,326.55,110.85,358.3,842550,208.68,292.35,90,293.4,90,349710
2026-04-13T13:00:51.380,NF,BANKNIFTY28APR2657500CE,292.95,168.3,326.55,110.85,358.3,842610,208.69,293.0,30,294.15,30,349710
2026-04-13T13:01:01.402,NF,BANKNIFTY28APR2657500CE,297.0,168.3,326.55,110.85,358.3,842640,208.69,297.55,30,298.6,60,349710
2026-04-13T13:01:03.808,NF,BANKNIFTY28APR2657500CE,294.65,168.3,326.55,110.85,358.3,842670,208.69,293.85,60,294.95,60,349710
2026-04-13T13:01:06.414,NF,BANKNIFTY28APR2657500CE,296.45,168.3,326.55,110.85,358.3,842820,208.71,295.1,30,296.05,150,349710
2026-04-13T13:01:17.618,NF,BANKNIFTY28APR2657500CE,295.0,168.3,326.55,110.85,358.3,842880,208.71,295.35,60,296.3,60,349710
2026-04-13T13:01:30.046,NF,BANKNIFTY28APR2657500CE,298.3,168.3,326.55,110.85,358.3,842910,208.72,297.1,60,298.1,300,349710
2026-04-13T13:01:32.446,NF,BANKNIFTY28APR2657500CE,297.85,168.3,326.55,110.85,358.3,843060,208.73,297.7,30,298.65,120,349710
2026-04-13T13:01:39.857,NF,BANKNIFTY28APR2657500CE,297.0,168.3,326.55,110.85,358.3,844410,208.87,295.8,30,296.8,120,349710
2026-04-13T13:01:43.687,NF,BANKNIFTY28APR2657500CE,296.1,168.3,326.55,110.85,358.3,844500,208.88,295.0,1530,295.75,60,349710
2026-04-13T13:01:47.271,NF,BANKNIFTY28APR2657500CE,295.0,168.3,326.55,110.85,358.3,846030,209.04,294.25,210,295.3,90,349710
2026-04-13T13:01:52.297,NF,BANKNIFTY28APR2657500CE,294.65,168.3,326.55,110.85,358.3,846060,209.04,294.6,120,295.65,30,349710
2026-04-13T13:02:01.110,NF,BANKNIFTY28APR2657500CE,296.15,168.3,326.55,110.85,358.3,846150,209.05,295.2,120,296.35,120,349710
2026-04-13T13:02:03.498,NF,BANKNIFTY28APR2657500CE,295.65,168.3,326.55,110.85,358.3,846180,209.05,294.45,90,295.6,60,349710
2026-04-13T13:02:04.702,NF,BANKNIFTY28APR2657500CE,295.9,168.3,326.55,110.85,358.3,846270,209.06,294.55,60,295.7,30,349710
2026-04-13T13:02:09.732,NF,BANKNIFTY28APR2657500CE,295.0,168.3,326.55,110.85,358.3,846330,209.07,295.0,270,296.0,150,349710
2026-04-13T13:02:12.129,NF,BANKNIFTY28APR2657500CE,294.9,168.3,326.55,110.85,358.3,846630,209.1,294.2,30,295.0,30,349710
2026-04-13T13:02:24.551,NF,BANKNIFTY28APR2657500CE,292.7,168.3,326.55,110.85,358.3,846720,209.11,291.75,180,292.95,60,350760
2026-04-13T13:02:28.342,NF,BANKNIFTY28APR2657500CE,292.4,168.3,326.55,110.85,358.3,846750,209.11,291.4,60,292.35,30,350760
2026-04-13T13:02:38.163,NF,BANKNIFTY28APR2657500CE,288.65,168.3,326.55,110.85,358.3,846870,209.12,289.6,150,290.7,60,350760
2026-04-13T13:02:41.974,NF,BANKNIFTY28APR2657500CE,289.25,168.3,326.55,110.85,358.3,846900,209.13,287.4,60,288.7,90,350760
2026-04-13T13:02:44.399,NF,BANKNIFTY28APR2657500CE,287.0,168.3,326.55,110.85,358.3,846930,209.13,286.0,120,286.95,60,350760
2026-04-13T13:02:48.171,NF,BANKNIFTY28APR2657500CE,286.05,168.3,326.55,110.85,358.3,846960,209.13,286.05,60,287.2,30,350760
2026-04-13T13:02:49.389,NF,BANKNIFTY28APR2657500CE,287.0,168.3,326.55,110.85,358.3,846990,209.13,286.35,60,287.5,60,350760
2026-04-13T13:02:52.980,NF,BANKNIFTY28APR2657500CE,285.55,168.3,326.55,110.85,358.3,848010,209.23,285.1,30,285.55,270,350760
2026-04-13T13:02:54.403,NF,BANKNIFTY28APR2657500CE,284.45,168.3,326.55,110.85,358.3,848070,209.23,284.1,60,285.25,60,350760
2026-04-13T13:02:56.783,NF,BANKNIFTY28APR2657500CE,284.75,168.3,326.55,110.85,358.3,848100,209.23,283.65,90,284.65,90,350760
2026-04-13T13:02:58.003,NF,BANKNIFTY28APR2657500CE,284.35,168.3,326.55,110.85,358.3,848130,209.24,283.35,90,284.45,30,350760
2026-04-13T13:02:59.187,NF,BANKNIFTY28APR2657500CE,283.0,168.3,326.55,110.85,358.3,848160,209.24,281.8,30,282.8,90,350760
2026-04-13T13:03:00.398,NF,BANKNIFTY28APR2657500CE,281.55,168.3,326.55,110.85,358.3,848220,209.24,279.7,30,280.65,60,350760
2026-04-13T13:03:03.020,NF,BANKNIFTY28APR2657500CE,279.4,168.3,326.55,110.85,358.3,848310,209.25,279.95,60,280.9,60,350760
2026-04-13T13:03:04.198,NF,BANKNIFTY28APR2657500CE,279.8,168.3,326.55,110.85,358.3,848340,209.25,280.15,30,281.1,60,350760
2026-04-13T13:03:06.611,NF,BANKNIFTY28APR2657500CE,279.3,168.3,326.55,110.85,358.3,848400,209.26,278.45,90,279.95,30,350760
2026-04-13T13:03:10.432,NF,BANKNIFTY28APR2657500CE,275.0,168.3,326.55,110.85,358.3,848460,209.26,274.0,60,275.35,30,350760
2026-04-13T13:03:11.626,NF,BANKNIFTY28APR2657500CE,274.55,168.3,326.55,110.85,358.3,848820,209.29,274.35,150,275.0,90,350760
2026-04-13T13:03:12.816,NF,BANKNIFTY28APR2657500CE,275.0,168.3,326.55,110.85,358.3,848910,209.3,274.0,60,275.0,90,350760
2026-04-13T13:03:14.020,NF,BANKNIFTY28APR2657500CE,274.95,168.3,326.55,110.85,358.3,848940,209.3,274.0,30,274.5,30,350760
2026-04-13T13:03:15.234,NF,BANKNIFTY28APR2657500CE,274.0,168.3,326.55,110.85,358.3,848970,209.3,273.5,30,274.5,30,350760
2026-04-13T13:03:16.630,NF,BANKNIFTY28APR2657500CE,273.4,168.3,326.55,110.85,358.3,849060,209.31,273.35,150,274.5,90,350760
2026-04-13T13:03:17.811,NF,BANKNIFTY28APR2657500CE,272.4,168.3,326.55,110.85,358.3,849360,209.33,272.85,30,273.9,90,350760
2026-04-13T13:03:19.043,NF,BANKNIFTY28APR2657500CE,274.5,168.3,326.55,110.85,358.3,849570,209.35,274.15,30,275.0,30,350760
2026-04-13T13:03:20.230,NF,BANKNIFTY28APR2657500CE,277.2,168.3,326.55,110.85,358.3,849690,209.36,277.05,30,278.3,30,350760
2026-04-13T13:03:22.658,NF,BANKNIFTY28APR2657500CE,274.65,168.3,326.55,110.85,358.3,849750,209.36,274.65,60,275.85,90,350760
2026-04-13T13:03:23.844,NF,BANKNIFTY28APR2657500CE,276.3,168.3,326.55,110.85,358.3,849810,209.37,275.2,60,276.25,90,350760
2026-04-13T13:03:25.059,NF,BANKNIFTY28APR2657500CE,275.45,168.3,326.55,110.85,358.3,849960,209.38,273.65,60,274.75,90,350760
2026-04-13T13:03:26.234,NF,BANKNIFTY28APR2657500CE,274.7,168.3,326.55,110.85,358.3,849990,209.38,273.2,90,274.35,30,350760
2026-04-13T13:03:27.465,NF,BANKNIFTY28APR2657500CE,274.05,168.3,326.55,110.85,358.3,850320,209.41,273.3,30,274.25,60,350760
2026-04-13T13:03:29.859,NF,BANKNIFTY28APR2657500CE,274.25,168.3,326.55,110.85,358.3,850410,209.41,273.2,30,274.2,30,350760
2026-04-13T13:03:31.064,NF,BANKNIFTY28APR2657500CE,273.05,168.3,326.55,110.85,358.3,850440,209.42,273.45,60,274.4,30,350760
2026-04-13T13:03:32.262,NF,BANKNIFTY28APR2657500CE,274.0,168.3,326.55,110.85,358.3,850590,209.43,272.7,150,273.8,180,350760
2026-04-13T13:03:35.840,NF,BANKNIFTY28APR2657500CE,274.4,168.3,326.55,110.85,358.3,850650,209.43,273.4,30,274.4,120,350760
2026-04-13T13:03:36.884,NF,BANKNIFTY28APR2657500CE,274.2,168.3,326.55,110.85,358.3,850710,209.44,273.15,60,274.2,90,350760
2026-04-13T13:03:40.453,NF,BANKNIFTY28APR2657500CE,273.95,168.3,326.55,110.85,358.3,850860,209.45,271.95,90,273.1,150,350760
2026-04-13T13:03:41.673,NF,BANKNIFTY28APR2657500CE,271.65,168.3,326.55,110.85,358.3,850950,209.45,271.75,60,272.75,60,350760
2026-04-13T13:03:44.263,NF,BANKNIFTY28APR2657500CE,272.35,168.3,326.55,110.85,358.3,850980,209.46,271.05,90,272.05,60,350760
2026-04-13T13:03:47.879,NF,BANKNIFTY28APR2657500CE,270.5,168.3,326.55,110.85,358.3,851400,209.49,270.5,150,271.4,60,350760
2026-04-13T13:03:49.285,NF,BANKNIFTY28APR2657500CE,270.1,168.3,326.55,110.85,358.3,851640,209.5,270.1,30,270.95,180,350760
2026-04-13T13:03:50.484,NF,BANKNIFTY28APR2657500CE,270.95,168.3,326.55,110.85,358.3,851700,209.51,270.15,90,270.95,90,350760
2026-04-13T13:03:51.677,NF,BANKNIFTY28APR2657500CE,271.1,168.3,326.55,110.85,358.3,852090,209.54,270.75,90,271.95,90,350760
2026-04-13T13:03:52.878,NF,BANKNIFTY28APR2657500CE,271.5,168.3,326.55,110.85,358.3,852180,209.54,271.15,90,272.15,60,350760
2026-04-13T13:03:54.283,NF,BANKNIFTY28APR2657500CE,273.15,168.3,326.55,110.85,358.3,852450,209.56,272.45,60,273.5,150,350760
2026-04-13T13:03:55.504,NF,BANKNIFTY28APR2657500CE,271.95,168.3,326.55,110.85,358.3,852540,209.57,270.95,30,272.1,240,350760
2026-04-13T13:03:57.913,NF,BANKNIFTY28APR2657500CE,272.8,168.3,326.55,110.85,358.3,852660,209.58,272.8,60,274.35,30,350760
2026-04-13T13:03:59.297,NF,BANKNIFTY28APR2657500CE,272.9,168.3,326.55,110.85,358.3,852990,209.6,272.8,30,273.85,30,350760
2026-04-13T13:04:00.504,NF,BANKNIFTY28APR2657500CE,276.3,168.3,326.55,110.85,358.3,853110,209.61,276.7,30,277.7,60,350760
2026-04-13T13:04:01.709,NF,BANKNIFTY28APR2657500CE,277.55,168.3,326.55,110.85,358.3,853200,209.62,278.1,30,279.0,150,350760
2026-04-13T13:04:02.905,NF,BANKNIFTY28APR2657500CE,279.25,168.3,326.55,110.85,358.3,853320,209.63,279.2,30,280.3,90,350760
2026-04-13T13:04:06.708,NF,BANKNIFTY28APR2657500CE,277.8,168.3,326.55,110.85,358.3,853350,209.63,276.95,30,277.8,60,350760
2026-04-13T13:04:11.710,NF,BANKNIFTY28APR2657500CE,278.2,168.3,326.55,110.85,358.3,853380,209.63,280.85,30,281.85,60,350760
2026-04-13T13:04:14.305,NF,BANKNIFTY28APR2657500CE,282.0,168.3,326.55,110.85,358.3,853470,209.64,281.45,30,282.4,60,350760
2026-04-13T13:04:15.512,NF,BANKNIFTY28APR2657500CE,281.75,168.3,326.55,110.85,358.3,853500,209.64,280.85,30,281.9,60,350760
2026-04-13T13:04:16.716,NF,BANKNIFTY28APR2657500CE,281.8,168.3,326.55,110.85,358.3,853530,209.65,281.7,60,282.75,120,350760
2026-04-13T13:04:20.531,NF,BANKNIFTY28APR2657500CE,278.15,168.3,326.55,110.85,358.3,853560,209.65,275.85,30,277.05,60,350760
2026-04-13T13:04:21.724,NF,BANKNIFTY28APR2657500CE,275.7,168.3,326.55,110.85,358.3,853620,209.65,276.05,60,277.1,90,350760
2026-04-13T13:04:30.354,NF,BANKNIFTY28APR2657500CE,278.0,168.3,326.55,110.85,358.3,853680,209.66,276.4,120,277.6,30,350760
2026-04-13T13:04:44.167,NF,BANKNIFTY28APR2657500CE,279.2,168.3,326.55,110.85,358.3,853770,209.67,279.05,30,280.25,90,350760
2026-04-13T13:04:50.373,NF,BANKNIFTY28APR2657500CE,279.5,168.3,326.55,110.85,358.3,853920,209.68,279.9,60,280.95,90,350760
2026-04-13T13:04:53.979,NF,BANKNIFTY28APR2657500CE,281.95,168.3,326.55,110.85,358.3,854070,209.69,280.95,30,282.15,90,350760
2026-04-13T13:05:01.380,NF,BANKNIFTY28APR2657500CE,281.95,168.3,326.55,110.85,358.3,854100,209.69,281.5,60,282.6,60,350760
2026-04-13T13:05:13.790,NF,BANKNIFTY28APR2657500CE,283.0,168.3,326.55,110.85,358.3,854160,209.7,283.15,120,284.15,60,350760
2026-04-13T13:05:22.613,NF,BANKNIFTY28APR2657500CE,285.6,168.3,326.55,110.85,358.3,854280,209.71,285.1,90,285.85,120,351870
2026-04-13T13:05:25.013,NF,BANKNIFTY28APR2657500CE,285.5,168.3,326.55,110.85,358.3,854310,209.71,284.85,30,285.65,30,351870
2026-04-13T13:05:26.224,NF,BANKNIFTY28APR2657500CE,284.95,168.3,326.55,110.85,358.3,854340,209.71,284.4,30,285.1,90,351870
2026-04-13T13:05:27.415,NF,BANKNIFTY28APR2657500CE,284.4,168.3,326.55,110.85,358.3,854370,209.72,283.15,30,284.2,90,351870
2026-04-13T13:05:28.619,NF,BANKNIFTY28APR2657500CE,284.2,168.3,326.55,110.85,358.3,854400,209.72,283.95,30,284.95,60,351870
2026-04-13T13:05:33.653,NF,BANKNIFTY28APR2657500CE,287.85,168.3,326.55,110.85,358.3,854430,209.72,287.7,90,288.8,30,351870
2026-04-13T13:05:37.444,NF,BANKNIFTY28APR2657500CE,288.25,168.3,326.55,110.85,358.3,854460,209.73,287.25,60,288.3,90,351870
2026-04-13T13:05:41.045,NF,BANKNIFTY28APR2657500CE,288.95,168.3,326.55,110.85,358.3,854490,209.73,287.9,60,288.9,60,351870
2026-04-13T13:05:47.243,NF,BANKNIFTY28APR2657500CE,287.45,168.3,326.55,110.85,358.3,854520,209.73,286.4,90,287.45,60,351870
2026-04-13T13:05:49.654,NF,BANKNIFTY28APR2657500CE,287.7,168.3,326.55,110.85,358.3,854700,209.75,286.75,30,287.7,210,351870
2026-04-13T13:05:54.660,NF,BANKNIFTY28APR2657500CE,286.75,168.3,326.55,110.85,358.3,854850,209.76,286.1,30,287.1,90,351870
2026-04-13T13:06:01.070,NF,BANKNIFTY28APR2657500CE,286.3,168.3,326.55,110.85,358.3,854910,209.77,286.3,30,287.3,30,351870
2026-04-13T13:06:02.280,NF,BANKNIFTY28APR2657500CE,286.8,168.3,326.55,110.85,358.3,854940,209.77,287.1,30,288.2,90,351870
2026-04-13T13:06:03.475,NF,BANKNIFTY28APR2657500CE,287.35,168.3,326.55,110.85,358.3,854970,209.77,287.4,90,288.25,30,351870
2026-04-13T13:06:04.690,NF,BANKNIFTY28APR2657500CE,288.25,168.3,326.55,110.85,358.3,855000,209.77,288.55,60,289.0,30,351870
2026-04-13T13:06:06.072,NF,BANKNIFTY28APR2657500CE,289.0,168.3,326.55,110.85,358.3,855030,209.78,287.8,90,288.95,60,351870
2026-04-13T13:06:09.689,NF,BANKNIFTY28APR2657500CE,288.9,168.3,326.55,110.85,358.3,855060,209.78,288.75,30,290.0,30,351870
2026-04-13T13:06:13.488,NF,BANKNIFTY28APR2657500CE,289.7,168.3,326.55,110.85,358.3,855090,209.78,289.6,90,290.75,90,351870
2026-04-13T13:06:16.110,NF,BANKNIFTY28APR2657500CE,289.15,168.3,326.55,110.85,358.3,855150,209.79,290.2,30,291.55,30,351870
2026-04-13T13:06:23.499,NF,BANKNIFTY28APR2657500CE,292.5,168.3,326.55,110.85,358.3,855180,209.79,291.6,120,292.8,90,351870
2026-04-13T13:06:27.311,NF,BANKNIFTY28APR2657500CE,292.0,168.3,326.55,110.85,358.3,855210,209.79,292.65,60,293.65,120,351870
2026-04-13T13:06:29.716,NF,BANKNIFTY28APR2657500CE,294.8,168.3,326.55,110.85,358.3,855240,209.8,293.8,30,294.85,60,351870
2026-04-13T13:06:32.312,NF,BANKNIFTY28APR2657500CE,294.85,168.3,326.55,110.85,358.3,855270,209.8,293.7,30,294.85,90,351870
2026-04-13T13:06:33.523,NF,BANKNIFTY28APR2657500CE,293.6,168.3,326.55,110.85,358.3,855360,209.81,293.65,60,294.7,30,351870
2026-04-13T13:06:38.551,NF,BANKNIFTY28APR2657500CE,292.6,168.3,326.55,110.85,358.3,855390,209.81,291.4,120,292.4,30,351870
2026-04-13T13:06:58.361,NF,BANKNIFTY28APR2657500CE,296.0,168.3,326.55,110.85,358.3,855540,209.83,295.45,30,296.4,150,351870
2026-04-13T13:07:14.396,NF,BANKNIFTY28APR2657500CE,297.0,168.3,326.55,110.85,358.3,855570,209.83,296.15,120,297.15,30,351870
2026-04-13T13:07:16.984,NF,BANKNIFTY28APR2657500CE,295.95,168.3,326.55,110.85,358.3,855900,209.86,295.95,120,296.9,60,351870
2026-04-13T13:07:18.193,NF,BANKNIFTY28APR2657500CE,297.0,168.3,326.55,110.85,358.3,855930,209.87,296.0,30,297.0,90,351870
2026-04-13T13:07:20.592,NF,BANKNIFTY28APR2657500CE,294.25,168.3,326.55,110.85,358.3,855960,209.87,293.35,30,293.9,30,351870
2026-04-13T13:07:21.795,NF,BANKNIFTY28APR2657500CE,293.95,168.3,326.55,110.85,358.3,855990,209.87,293.45,150,294.0,120,351870
2026-04-13T13:07:24.399,NF,BANKNIFTY28APR2657500CE,293.3,168.3,326.55,110.85,358.3,856020,209.87,292.8,150,293.55,30,351870
2026-04-13T13:07:30.609,NF,BANKNIFTY28APR2657500CE,293.95,168.3,326.55,110.85,358.3,856050,209.88,293.3,60,294.25,90,351870
2026-04-13T13:07:34.220,NF,BANKNIFTY28APR2657500CE,294.5,168.3,326.55,110.85,358.3,856080,209.88,294.1,150,294.8,30,351870
2026-04-13T13:07:36.640,NF,BANKNIFTY28APR2657500CE,295.1,168.3,326.55,110.85,358.3,856350,209.91,294.2,60,295.15,30,351870
2026-04-13T13:07:39.025,NF,BANKNIFTY28APR2657500CE,294.1,168.3,326.55,110.85,358.3,856440,209.92,293.9,90,294.9,30,351870
2026-04-13T13:07:43.839,NF,BANKNIFTY28APR2657500CE,292.6,168.3,326.55,110.85,358.3,856470,209.92,291.15,60,291.95,30,351870
2026-04-13T13:07:46.434,NF,BANKNIFTY28APR2657500CE,291.55,168.3,326.55,110.85,358.3,856650,209.94,291.55,150,292.35,30,351870
2026-04-13T13:07:55.057,NF,BANKNIFTY28APR2657500CE,289.6,168.3,326.55,110.85,358.3,856860,209.96,289.05,60,290.1,30,351870
2026-04-13T13:08:01.256,NF,BANKNIFTY28APR2657500CE,288.95,168.3,326.55,110.85,358.3,856890,209.96,288.1,60,288.9,30,351870
2026-04-13T13:08:03.668,NF,BANKNIFTY28APR2657500CE,288.2,168.3,326.55,110.85,358.3,857190,209.99,288.0,300,288.75,60,351870
2026-04-13T13:08:05.077,NF,BANKNIFTY28APR2657500CE,288.0,168.3,326.55,110.85,358.3,857400,210.01,288.05,90,288.95,30,351870
2026-04-13T13:08:10.078,NF,BANKNIFTY28APR2657500CE,290.0,168.3,326.55,110.85,358.3,857430,210.01,289.05,90,290.1,30,351870
2026-04-13T13:08:26.096,NF,BANKNIFTY28APR2657500CE,289.2,168.3,326.55,110.85,358.3,857550,210.02,289.6,60,290.55,60,353160
2026-04-13T13:08:27.298,NF,BANKNIFTY28APR2657500CE,290.0,168.3,326.55,110.85,358.3,857580,210.02,290.4,60,291.25,30,353160
2026-04-13T13:08:40.924,NF,BANKNIFTY28APR2657500CE,293.35,168.3,326.55,110.85,358.3,857610,210.03,292.65,90,293.7,60,353160
2026-04-13T13:09:15.578,NF,BANKNIFTY28APR2657500CE,299.0,168.3,326.55,110.85,358.3,858360,210.1,299.3,60,299.95,120,353160
2026-04-13T13:09:19.383,NF,BANKNIFTY28APR2657500CE,299.05,168.3,326.55,110.85,358.3,858420,210.11,298.5,60,299.5,150,353160
2026-04-13T13:09:20.586,NF,BANKNIFTY28APR2657500CE,299.85,168.3,326.55,110.85,358.3,858450,210.11,298.35,90,299.55,90,353160
2026-04-13T13:09:21.790,NF,BANKNIFTY28APR2657500CE,299.95,168.3,326.55,110.85,358.3,858480,210.12,298.75,90,299.85,90,353160
2026-04-13T13:09:24.397,NF,BANKNIFTY28APR2657500CE,294.7,168.3,326.55,110.85,358.3,858570,210.12,294.1,60,295.1,60,353160
2026-04-13T13:09:30.411,NF,BANKNIFTY28APR2657500CE,296.15,168.3,326.55,110.85,358.3,858630,210.13,295.3,60,296.4,30,353160
2026-04-13T13:09:50.433,NF,BANKNIFTY28APR2657500CE,295.3,168.3,326.55,110.85,358.3,858660,210.13,295.5,90,296.5,90,353160
2026-04-13T13:09:55.442,NF,BANKNIFTY28APR2657500CE,296.15,168.3,326.55,110.85,358.3,858690,210.14,295.55,180,296.65,30,353160
2026-04-13T13:09:57.854,NF,BANKNIFTY28APR2657500CE,294.65,168.3,326.55,110.85,358.3,858810,210.15,293.25,210,294.35,30,353160
2026-04-13T13:09:59.247,NF,BANKNIFTY28APR2657500CE,293.9,168.3,326.55,110.85,358.3,858930,210.16,293.5,60,294.5,30,353160
2026-04-13T13:10:02.862,NF,BANKNIFTY28APR2657500CE,292.55,168.3,326.55,110.85,358.3,859020,210.17,292.1,60,293.15,30,353160
2026-04-13T13:10:04.262,NF,BANKNIFTY28APR2657500CE,292.5,168.3,326.55,110.85,358.3,859050,210.17,292.55,30,293.65,30,353160
2026-04-13T13:10:10.467,NF,BANKNIFTY28APR2657500CE,290.95,168.3,326.55,110.85,358.3,859140,210.18,290.8,90,291.85,30,353160
2026-04-13T13:10:12.876,NF,BANKNIFTY28APR2657500CE,291.6,168.3,326.55,110.85,358.3,859230,210.19,291.1,120,291.8,60,353160
2026-04-13T13:10:15.472,NF,BANKNIFTY28APR2657500CE,291.1,168.3,326.55,110.85,358.3,859320,210.2,290.2,120,291.3,60,353160
2026-04-13T13:10:19.086,NF,BANKNIFTY28APR2657500CE,292.0,168.3,326.55,110.85,358.3,859410,210.2,290.65,150,291.5,30,353160
2026-04-13T13:10:20.288,NF,BANKNIFTY28APR2657500CE,290.95,168.3,326.55,110.85,358.3,859500,210.21,290.55,60,291.55,30,353160
2026-04-13T13:10:21.491,NF,BANKNIFTY28APR2657500CE,291.45,168.3,326.55,110.85,358.3,859530,210.22,290.25,90,291.3,90,353160
2026-04-13T13:10:31.296,NF,BANKNIFTY28APR2657500CE,292.85,168.3,326.55,110.85,358.3,859560,210.22,291.75,60,292.55,150,353160
2026-04-13T13:10:35.101,NF,BANKNIFTY28APR2657500CE,292.4,168.3,326.55,110.85,358.3,859620,210.22,290.95,30,291.9,120,353160
2026-04-13T13:10:52.532,NF,BANKNIFTY28APR2657500CE,290.2,168.3,326.55,110.85,358.3,859860,210.25,290.15,120,291.25,210,353160
2026-04-13T13:10:57.139,NF,BANKNIFTY28APR2657500CE,291.2,168.3,326.55,110.85,358.3,859890,210.25,290.4,60,291.3,30,353160
2026-04-13T13:10:59.544,NF,BANKNIFTY28APR2657500CE,291.5,168.3,326.55,110.85,358.3,860070,210.27,291.3,90,292.15,60,353160
2026-04-13T13:11:00.746,NF,BANKNIFTY28APR2657500CE,291.15,168.3,326.55,110.85,358.3,860130,210.27,290.75,180,291.85,90,353160
2026-04-13T13:11:01.941,NF,BANKNIFTY28APR2657500CE,290.9,168.3,326.55,110.85,358.3,860160,210.28,290.85,60,291.85,90,353160
2026-04-13T13:11:05.353,NF,BANKNIFTY28APR2657500CE,292.25,168.3,326.55,110.85,358.3,860190,210.28,292.65,30,293.85,30,353160
2026-04-13T13:11:06.747,NF,BANKNIFTY28APR2657500CE,293.7,168.3,326.55,110.85,358.3,860250,210.28,293.05,90,294.3,120,353160
2026-04-13T13:11:09.153,NF,BANKNIFTY28APR2657500CE,296.35,168.3,326.55,110.85,358.3,860310,210.29,295.6,60,296.4,120,353160
2026-04-13T13:11:21.574,NF,BANKNIFTY28APR2657500CE,297.9,168.3,326.55,110.85,358.3,860460,210.31,296.75,30,297.7,90,353160
2026-04-13T13:11:34.595,NF,BANKNIFTY28APR2657500CE,297.75,168.3,326.55,110.85,358.3,860520,210.31,296.9,30,297.75,30,353190
2026-04-13T13:11:46.417,NF,BANKNIFTY28APR2657500CE,300.0,168.3,326.55,110.85,358.3,860550,210.31,300.25,30,300.95,120,353190
2026-04-13T13:11:51.434,NF,BANKNIFTY28APR2657500CE,299.95,168.3,326.55,110.85,358.3,860640,210.32,299.35,60,300.4,120,353190
2026-04-13T13:11:58.844,NF,BANKNIFTY28APR2657500CE,300.0,168.3,326.55,110.85,358.3,860730,210.33,300.0,60,300.8,120,353190
2026-04-13T13:12:05.052,NF,BANKNIFTY28APR2657500CE,302.95,168.3,326.55,110.85,358.3,860790,210.34,302.45,30,303.15,120,353190
2026-04-13T13:12:08.854,NF,BANKNIFTY28APR2657500CE,303.2,168.3,326.55,110.85,358.3,860820,210.34,302.4,60,303.2,120,353190
2026-04-13T13:12:12.658,NF,BANKNIFTY28APR2657500CE,302.9,168.3,326.55,110.85,358.3,860850,210.35,300.05,30,300.95,90,353190
2026-04-13T13:12:17.673,NF,BANKNIFTY28APR2657500CE,301.65,168.3,326.55,110.85,358.3,860910,210.35,300.55,30,301.6,120,353190
2026-04-13T13:12:18.871,NF,BANKNIFTY28APR2657500CE,300.8,168.3,326.55,110.85,358.3,860940,210.36,300.8,90,301.8,150,353190
2026-04-13T13:12:21.285,NF,BANKNIFTY28APR2657500CE,302.35,168.3,326.55,110.85,358.3,860970,210.36,301.55,30,302.45,150,353190
2026-04-13T13:12:30.105,NF,BANKNIFTY28APR2657500CE,301.8,168.3,326.55,110.85,358.3,861120,210.37,298.75,90,299.85,90,353190
2026-04-13T13:12:31.297,NF,BANKNIFTY28APR2657500CE,300.0,168.3,326.55,110.85,358.3,861150,210.38,299.1,60,300.1,90,353190
2026-04-13T13:12:32.499,NF,BANKNIFTY28APR2657500CE,302.65,168.3,326.55,110.85,358.3,861570,210.42,301.8,90,302.85,120,353190
2026-04-13T13:12:37.512,NF,BANKNIFTY28APR2657500CE,301.6,168.3,326.55,110.85,358.3,861600,210.43,300.65,60,301.7,60,353190
2026-04-13T13:12:39.713,NF,BANKNIFTY28APR2657500CE,301.75,168.3,326.55,110.85,358.3,861660,210.43,300.95,120,301.95,60,353190
2026-04-13T13:12:40.905,NF,BANKNIFTY28APR2657500CE,301.65,168.3,326.55,110.85,358.3,861690,210.44,300.9,120,302.05,180,353190
2026-04-13T13:12:42.108,NF,BANKNIFTY28APR2657500CE,302.15,168.3,326.55,110.85,358.3,861720,210.44,301.0,120,302.05,60,353190
2026-04-13T13:12:50.722,NF,BANKNIFTY28APR2657500CE,302.85,168.3,326.55,110.85,358.3,861810,210.45,301.8,30,302.95,210,353190
2026-04-13T13:12:54.337,NF,BANKNIFTY28APR2657500CE,303.95,168.3,326.55,110.85,358.3,861840,210.45,302.8,150,303.75,30,353190
2026-04-13T13:12:58.128,NF,BANKNIFTY28APR2657500CE,304.0,168.3,326.55,110.85,358.3,861900,210.46,303.85,30,304.75,150,353190
2026-04-13T13:13:00.537,NF,BANKNIFTY28APR2657500CE,303.75,168.3,326.55,110.85,358.3,861930,210.46,303.05,60,304.1,60,353190
2026-04-13T13:13:05.542,NF,BANKNIFTY28APR2657500CE,304.6,168.3,326.55,110.85,358.3,861960,210.46,303.9,60,304.7,120,353190
2026-04-13T13:13:07.946,NF,BANKNIFTY28APR2657500CE,303.95,168.3,326.55,110.85,358.3,861990,210.47,303.7,30,304.75,150,353190
2026-04-13T13:13:18.965,NF,BANKNIFTY28APR2657500CE,303.95,168.3,326.55,110.85,358.3,862140,210.48,303.75,60,304.65,90,353190
2026-04-13T13:13:24.975,NF,BANKNIFTY28APR2657500CE,304.8,168.3,326.55,110.85,358.3,862650,210.54,303.55,90,304.5,150,353190
2026-04-13T13:13:31.181,NF,BANKNIFTY28APR2657500CE,303.0,168.3,326.55,110.85,358.3,862740,210.55,301.8,90,302.95,30,353190
2026-04-13T13:13:32.387,NF,BANKNIFTY28APR2657500CE,303.0,168.3,326.55,110.85,358.3,862920,210.57,303.45,90,304.4,120,353190
2026-04-13T13:13:52.021,NF,BANKNIFTY28APR2657500CE,300.75,168.3,326.55,110.85,358.3,863370,210.62,300.0,90,300.6,30,353190
2026-04-13T13:13:54.432,NF,BANKNIFTY28APR2657500CE,300.6,168.3,326.55,110.85,358.3,863400,210.62,300.45,60,301.4,30,353190
2026-04-13T13:13:56.823,NF,BANKNIFTY28APR2657500CE,300.6,168.3,326.55,110.85,358.3,863430,210.62,300.0,90,300.6,60,353190
2026-04-13T13:13:58.224,NF,BANKNIFTY28APR2657500CE,300.0,168.3,326.55,110.85,358.3,863520,210.63,298.7,60,299.75,30,353190
2026-04-13T13:14:04.432,NF,BANKNIFTY28APR2657500CE,301.35,168.3,326.55,110.85,358.3,863550,210.63,300.05,30,301.0,150,353190
2026-04-13T13:14:08.039,NF,BANKNIFTY28APR2657500CE,300.0,168.3,326.55,110.85,358.3,863580,210.64,299.6,60,300.6,30,353190
2026-04-13T13:14:11.844,NF,BANKNIFTY28APR2657500CE,299.55,168.3,326.55,110.85,358.3,863610,210.64,298.85,60,299.9,180,353190
2026-04-13T13:14:14.248,NF,BANKNIFTY28APR2657500CE,300.0,168.3,326.55,110.85,358.3,863670,210.65,303.2,30,303.6,120,353190
2026-04-13T13:14:33.885,NF,BANKNIFTY28APR2657500CE,306.1,168.3,326.55,110.85,358.3,863880,210.67,305.35,60,306.3,150,354180
2026-04-13T13:14:40.109,NF,BANKNIFTY28APR2657500CE,306.25,168.3,326.55,110.85,358.3,863910,210.67,306.25,60,307.15,120,354180
2026-04-13T13:14:45.094,NF,BANKNIFTY28APR2657500CE,306.8,168.3,326.55,110.85,358.3,863970,210.68,305.7,30,306.6,120,354180
2026-04-13T13:14:47.505,NF,BANKNIFTY28APR2657500CE,306.35,168.3,326.55,110.85,358.3,864000,210.68,305.8,60,306.75,120,354180
2026-04-13T13:14:57.519,NF,BANKNIFTY28APR2657500CE,306.65,168.3,326.55,110.85,358.3,864030,210.69,305.95,30,306.65,90,354180
2026-04-13T13:15:02.523,NF,BANKNIFTY28APR2657500CE,307.0,168.3,326.55,110.85,358.3,864420,210.73,306.9,90,307.85,120,354180
2026-04-13T13:15:03.723,NF,BANKNIFTY28APR2657500CE,308.7,168.3,326.55,110.85,358.3,864630,210.75,307.6,90,308.55,270,354180
2026-04-13T13:15:06.124,NF,BANKNIFTY28APR2657500CE,308.85,168.3,326.55,110.85,358.3,864660,210.76,308.15,30,308.95,120,354180
2026-04-13T13:15:10.935,NF,BANKNIFTY28APR2657500CE,309.8,168.3,326.55,110.85,358.3,864750,210.77,309.9,90,310.75,210,354180
2026-04-13T13:15:12.143,NF,BANKNIFTY28APR2657500CE,310.6,168.3,326.55,110.85,358.3,864780,210.77,309.7,60,310.65,150,354180
2026-04-13T13:15:13.539,NF,BANKNIFTY28APR2657500CE,311.35,168.3,326.55,110.85,358.3,864870,210.78,310.35,60,311.05,180,354180
2026-04-13T13:15:14.738,NF,BANKNIFTY28APR2657500CE,311.8,168.3,326.55,110.85,358.3,865770,210.89,310.45,30,311.3,120,354180
2026-04-13T13:15:17.147,NF,BANKNIFTY28APR2657500CE,309.95,168.3,326.55,110.85,358.3,865800,210.89,309.85,120,310.8,120,354180
2026-04-13T13:15:18.351,NF,BANKNIFTY28APR2657500CE,311.3,168.3,326.55,110.85,358.3,865890,210.9,311.3,60,311.9,120,354180
2026-04-13T13:15:19.548,NF,BANKNIFTY28APR2657500CE,312.25,168.3,326.55,110.85,358.3,866100,210.92,312.1,30,313.05,180,354180
2026-04-13T13:15:20.750,NF,BANKNIFTY28APR2657500CE,312.95,168.3,326.55,110.85,358.3,866160,210.93,312.1,30,312.75,120,354180
2026-04-13T13:15:22.150,NF,BANKNIFTY28APR2657500CE,312.85,168.3,326.55,110.85,358.3,866190,210.93,312.75,210,313.45,120,354180
2026-04-13T13:15:25.758,NF,BANKNIFTY28APR2657500CE,312.95,168.3,326.55,110.85,358.3,866280,210.94,313.0,30,313.65,120,354180
2026-04-13T13:15:26.960,NF,BANKNIFTY28APR2657500CE,312.85,168.3,326.55,110.85,358.3,866310,210.95,311.55,30,312.25,120,354180
2026-04-13T13:15:29.378,NF,BANKNIFTY28APR2657500CE,312.65,168.3,326.55,110.85,358.3,866340,210.95,312.35,60,313.25,120,354180
2026-04-13T13:15:30.568,NF,BANKNIFTY28APR2657500CE,313.25,168.3,326.55,110.85,358.3,866490,210.97,312.8,30,313.65,60,354180
2026-04-13T13:15:31.769,NF,BANKNIFTY28APR2657500CE,312.95,168.3,326.55,110.85,358.3,866610,210.98,313.5,120,314.2,120,354180
2026-04-13T13:15:36.776,NF,BANKNIFTY28APR2657500CE,313.65,168.3,326.55,110.85,358.3,866640,210.99,313.4,60,314.1,120,354180
2026-04-13T13:15:41.617,NF,BANKNIFTY28APR2657500CE,309.3,168.3,326.55,110.85,358.3,867270,211.06,308.45,30,309.5,60,354180
2026-04-13T13:15:42.802,NF,BANKNIFTY28APR2657500CE,307.55,168.3,326.55,110.85,358.3,867600,211.1,306.3,90,307.4,60,354180
2026-04-13T13:15:43.993,NF,BANKNIFTY28APR2657500CE,307.45,168.3,326.55,110.85,358.3,867630,211.1,306.05,120,306.85,30,354180
2026-04-13T13:15:50.406,NF,BANKNIFTY28APR2657500CE,306.0,168.3,326.55,110.85,358.3,867690,211.11,304.6,30,305.65,60,354180
2026-04-13T13:15:55.404,NF,BANKNIFTY28APR2657500CE,306.0,168.3,326.55,110.85,358.3,870690,211.43,305.85,30,306.8,30,354180
2026-04-13T13:15:56.628,NF,BANKNIFTY28APR2657500CE,306.7,168.3,326.55,110.85,358.3,870750,211.44,305.0,30,305.95,60,354180
2026-04-13T13:16:02.820,NF,BANKNIFTY28APR2657500CE,304.5,168.3,326.55,110.85,358.3,871020,211.47,304.4,90,305.2,30,354180
2026-04-13T13:16:07.630,NF,BANKNIFTY28APR2657500CE,303.0,168.3,326.55,110.85,358.3,871200,211.49,303.0,1680,303.15,30,354180
2026-04-13T13:16:09.026,NF,BANKNIFTY28APR2657500CE,303.0,168.3,326.55,110.85,358.3,872910,211.67,302.45,30,303.4,30,354180
2026-04-13T13:16:11.435,NF,BANKNIFTY28APR2657500CE,302.05,168.3,326.55,110.85,358.3,872970,211.67,301.25,120,302.15,30,354180
2026-04-13T13:16:12.634,NF,BANKNIFTY28APR2657500CE,300.4,168.3,326.55,110.85,358.3,873240,211.7,301.25,30,302.1,30,354180
2026-04-13T13:16:14.043,NF,BANKNIFTY28APR2657500CE,298.95,168.3,326.55,110.85,358.3,874230,211.8,300.0,150,300.8,30,354180
2026-04-13T13:16:16.440,NF,BANKNIFTY28APR2657500CE,299.4,168.3,326.55,110.85,358.3,874320,211.81,299.3,150,300.25,60,354180
2026-04-13T13:16:22.651,NF,BANKNIFTY28APR2657500CE,301.6,168.3,326.55,110.85,358.3,874410,211.82,301.6,30,302.05,180,354180
2026-04-13T13:16:23.851,NF,BANKNIFTY28APR2657500CE,301.6,168.3,326.55,110.85,358.3,874500,211.83,300.55,210,301.8,60,354180
2026-04-13T13:16:27.661,NF,BANKNIFTY28APR2657500CE,300.85,168.3,326.55,110.85,358.3,874530,211.83,299.55,60,300.7,60,354180
2026-04-13T13:16:36.072,NF,BANKNIFTY28APR2657500CE,300.65,168.3,326.55,110.85,358.3,874560,211.83,299.4,30,300.55,60,354180
2026-04-13T13:16:37.271,NF,BANKNIFTY28APR2657500CE,299.4,168.3,326.55,110.85,358.3,874590,211.84,298.1,180,299.2,60,354180
2026-04-13T13:16:47.690,NF,BANKNIFTY28APR2657500CE,299.8,168.3,326.55,110.85,358.3,874680,211.85,299.45,60,300.4,90,354180
2026-04-13T13:16:53.894,NF,BANKNIFTY28APR2657500CE,300.65,168.3,326.55,110.85,358.3,875100,211.89,299.1,90,300.4,60,354180
2026-04-13T13:16:57.509,NF,BANKNIFTY28APR2657500CE,300.25,168.3,326.55,110.85,358.3,875190,211.9,299.0,60,300.15,90,354180
2026-04-13T13:16:58.706,NF,BANKNIFTY28APR2657500CE,300.05,168.3,326.55,110.85,358.3,875250,211.9,298.95,90,300.1,30,354180
2026-04-13T13:17:01.102,NF,BANKNIFTY28APR2657500CE,300.2,168.3,326.55,110.85,358.3,875310,211.91,299.3,90,300.35,90,354180
2026-04-13T13:17:02.380,NF,BANKNIFTY28APR2657500CE,299.4,168.3,326.55,110.85,358.3,875400,211.92,298.5,90,299.65,90,354180
2026-04-13T13:17:03.518,NF,BANKNIFTY28APR2657500CE,299.65,168.3,326.55,110.85,358.3,875430,211.92,298.6,60,299.6,30,354180
2026-04-13T13:17:04.712,NF,BANKNIFTY28APR2657500CE,299.9,168.3,326.55,110.85,358.3,875460,211.92,299.3,60,300.25,30,354180
2026-04-13T13:17:05.908,NF,BANKNIFTY28APR2657500CE,299.05,168.3,326.55,110.85,358.3,875490,211.93,298.85,30,299.95,150,354180
2026-04-13T13:17:08.314,NF,BANKNIFTY28APR2657500CE,299.85,168.3,326.55,110.85,358.3,875550,211.93,298.8,90,300.15,120,354180
2026-04-13T13:17:13.118,NF,BANKNIFTY28APR2657500CE,300.0,168.3,326.55,110.85,358.3,875640,211.94,299.95,90,301.15,210,354180
2026-04-13T13:17:16.724,NF,BANKNIFTY28APR2657500CE,302.35,168.3,326.55,110.85,358.3,875700,211.95,301.6,90,302.55,120,354180
2026-04-13T13:17:21.542,NF,BANKNIFTY28APR2657500CE,300.45,168.3,326.55,110.85,358.3,876000,211.98,299.85,30,300.95,60,354180
2026-04-13T13:17:24.162,NF,BANKNIFTY28APR2657500CE,301.4,168.3,326.55,110.85,358.3,876030,211.98,300.3,30,301.5,90,354180
2026-04-13T13:17:27.743,NF,BANKNIFTY28APR2657500CE,301.35,168.3,326.55,110.85,358.3,876060,211.99,300.15,90,301.35,210,357090
2026-04-13T13:17:39.563,NF,BANKNIFTY28APR2657500CE,302.85,168.3,326.55,110.85,358.3,876090,211.99,301.45,90,302.5,150,357090
2026-04-13T13:17:50.582,NF,BANKNIFTY28APR2657500CE,303.1,168.3,326.55,110.85,358.3,876150,212.0,301.35,30,301.95,90,357090
2026-04-13T13:17:54.387,NF,BANKNIFTY28APR2657500CE,303.05,168.3,326.55,110.85,358.3,877350,212.12,302.0,60,303.05,120,357090
2026-04-13T13:17:56.789,NF,BANKNIFTY28APR2657500CE,302.8,168.3,326.55,110.85,358.3,877410,212.13,301.6,90,302.75,120,357090
2026-04-13T13:17:59.200,NF,BANKNIFTY28APR2657500CE,301.35,168.3,326.55,110.85,358.3,877440,212.13,300.35,30,301.05,30,357090
2026-04-13T13:18:01.801,NF,BANKNIFTY28APR2657500CE,300.35,168.3,326.55,110.85,358.3,877530,212.14,300.0,30,300.7,60,357090
2026-04-13T13:18:03.002,NF,BANKNIFTY28APR2657500CE,300.0,168.3,326.55,110.85,358.3,877560,212.14,299.5,30,300.45,60,357090
2026-04-13T13:18:04.205,NF,BANKNIFTY28APR2657500CE,300.3,168.3,326.55,110.85,358.3,877590,212.14,299.5,60,300.3,120,357090
2026-04-13T13:18:05.406,NF,BANKNIFTY28APR2657500CE,301.2,168.3,326.55,110.85,358.3,877650,212.15,300.2,60,301.1,120,357090
2026-04-13T13:18:06.611,NF,BANKNIFTY28APR2657500CE,300.25,168.3,326.55,110.85,358.3,877680,212.15,300.85,90,301.85,120,357090
2026-04-13T13:18:08.007,NF,BANKNIFTY28APR2657500CE,304.1,168.3,326.55,110.85,358.3,877710,212.16,303.25,60,304.5,30,357090
2026-04-13T13:18:09.210,NF,BANKNIFTY28APR2657500CE,303.55,168.3,326.55,110.85,358.3,877890,212.17,303.25,60,304.45,30,357090
2026-04-13T13:18:13.018,NF,BANKNIFTY28APR2657500CE,304.8,168.3,326.55,110.85,358.3,877980,212.18,303.55,90,304.7,30,357090
2026-04-13T13:18:16.624,NF,BANKNIFTY28APR2657500CE,305.85,168.3,326.55,110.85,358.3,878010,212.19,306.05,30,307.0,90,357090
2026-04-13T13:18:20.429,NF,BANKNIFTY28APR2657500CE,305.75,168.3,326.55,110.85,358.3,878040,212.19,304.8,30,305.7,60,357090
2026-04-13T13:18:21.662,NF,BANKNIFTY28APR2657500CE,305.8,168.3,326.55,110.85,358.3,878070,212.19,304.85,30,305.8,60,357090
2026-04-13T13:18:22.851,NF,BANKNIFTY28APR2657500CE,305.0,168.3,326.55,110.85,358.3,878130,212.2,304.8,30,305.8,90,357090
2026-04-13T13:18:31.657,NF,BANKNIFTY28APR2657500CE,304.65,168.3,326.55,110.85,358.3,878280,212.22,303.6,90,304.7,120,357090
2026-04-13T13:18:41.470,NF,BANKNIFTY28APR2657500CE,306.45,168.3,326.55,110.85,358.3,878370,212.23,306.4,90,307.35,180,357090
2026-04-13T13:18:59.892,NF,BANKNIFTY28APR2657500CE,310.3,168.3,326.55,110.85,358.3,878550,212.25,309.15,30,310.0,150,357090
2026-04-13T13:19:01.096,NF,BANKNIFTY28APR2657500CE,310.85,168.3,326.55,110.85,358.3,878610,212.25,310.2,60,311.0,120,357090
2026-04-13T13:19:02.493,NF,BANKNIFTY28APR2657500CE,311.1,168.3,326.55,110.85,358.3,878640,212.26,310.05,120,310.95,60,357090
2026-04-13T13:19:03.703,NF,BANKNIFTY28APR2657500CE,311.0,168.3,326.55,110.85,358.3,878790,212.27,310.95,60,311.65,60,357090
2026-04-13T13:19:04.905,NF,BANKNIFTY28APR2657500CE,311.3,168.3,326.55,110.85,358.3,878820,212.28,310.9,30,311.5,150,357090
2026-04-13T13:19:06.118,NF,BANKNIFTY28APR2657500CE,311.4,168.3,326.55,110.85,358.3,878850,212.28,310.5,30,311.4,60,357090
2026-04-13T13:19:07.499,NF,BANKNIFTY28APR2657500CE,312.0,168.3,326.55,110.85,358.3,879120,212.31,311.9,30,313.15,150,357090
2026-04-13T13:19:08.701,NF,BANKNIFTY28APR2657500CE,312.45,168.3,326.55,110.85,358.3,879300,212.33,312.45,60,313.15,150,357090
2026-04-13T13:19:19.923,NF,BANKNIFTY28APR2657500CE,309.4,168.3,326.55,110.85,358.3,879450,212.35,308.7,30,309.8,120,357090
2026-04-13T13:19:23.660,NF,BANKNIFTY28APR2657500CE,308.8,168.3,326.55,110.85,358.3,879510,212.35,308.0,150,309.0,30,357090
2026-04-13T13:19:26.139,NF,BANKNIFTY28APR2657500CE,310.1,168.3,326.55,110.85,358.3,879810,212.39,311.75,120,312.8,150,357090
2026-04-13T13:19:27.341,NF,BANKNIFTY28APR2657500CE,311.4,168.3,326.55,110.85,358.3,879840,212.39,311.4,60,312.35,120,357090
2026-04-13T13:19:32.350,NF,BANKNIFTY28APR2657500CE,311.6,168.3,326.55,110.85,358.3,879870,212.39,311.0,30,311.95,120,357090
2026-04-13T13:19:34.744,NF,BANKNIFTY28APR2657500CE,312.0,168.3,326.55,110.85,358.3,879900,212.4,311.3,90,312.2,120,357090
2026-04-13T13:19:38.550,NF,BANKNIFTY28APR2657500CE,312.05,168.3,326.55,110.85,358.3,879930,212.4,310.7,60,311.65,120,357090
2026-04-13T13:19:45.767,NF,BANKNIFTY28APR2657500CE,311.3,168.3,326.55,110.85,358.3,880050,212.41,310.4,60,311.45,150,357090
2026-04-13T13:20:00.193,NF,BANKNIFTY28APR2657500CE,313.0,168.3,326.55,110.85,358.3,880230,212.43,312.95,60,313.8,120,357090
2026-04-13T13:20:03.991,NF,BANKNIFTY28APR2657500CE,312.95,168.3,326.55,110.85,358.3,880260,212.44,312.6,90,313.6,120,357090
2026-04-13T13:20:07.610,NF,BANKNIFTY28APR2657500CE,313.45,168.3,326.55,110.85,358.3,880410,212.46,312.85,90,313.8,150,357090
2026-04-13T13:20:08.801,NF,BANKNIFTY28APR2657500CE,314.0,168.3,326.55,110.85,358.3,880440,212.46,313.65,120,314.95,30,357090
2026-04-13T13:20:10.003,NF,BANKNIFTY28APR2657500CE,314.2,168.3,326.55,110.85,358.3,880530,212.47,313.2,30,314.2,150,357090
2026-04-13T13:20:11.223,NF,BANKNIFTY28APR2657500CE,313.2,168.3,326.55,110.85,358.3,880560,212.47,312.35,90,313.45,30,357090
2026-04-13T13:20:12.408,NF,BANKNIFTY28APR2657500CE,312.3,168.3,326.55,110.85,358.3,880620,212.48,312.35,90,313.35,120,357090
2026-04-13T13:20:13.616,NF,BANKNIFTY28APR2657500CE,311.85,168.3,326.55,110.85,358.3,881820,212.61,312.05,90,313.2,30,357090
2026-04-13T13:20:15.010,NF,BANKNIFTY28APR2657500CE,313.55,168.3,326.55,110.85,358.3,881850,212.62,312.2,30,313.4,60,357090
2026-04-13T13:20:17.420,NF,BANKNIFTY28APR2657500CE,313.5,168.3,326.55,110.85,358.3,881880,212.62,312.45,60,313.6,180,357090
2026-04-13T13:20:18.640,NF,BANKNIFTY28APR2657500CE,312.95,168.3,326.55,110.85,358.3,881910,212.63,311.95,60,313.15,60,357090
2026-04-13T13:20:19.825,NF,BANKNIFTY28APR2657500CE,313.3,168.3,326.55,110.85,358.3,881940,212.63,312.1,30,313.3,90,357090
2026-04-13T13:20:22.232,NF,BANKNIFTY28APR2657500CE,313.25,168.3,326.55,110.85,358.3,881970,212.63,312.65,60,313.8,210,357090
2026-04-13T13:20:24.638,NF,BANKNIFTY28APR2657500CE,318.0,168.3,326.55,110.85,358.3,882180,212.66,317.15,60,318.2,120,357090
2026-04-13T13:20:25.833,NF,BANKNIFTY28APR2657500CE,317.8,168.3,326.55,110.85,358.3,882210,212.66,314.9,90,315.9,30,357090
2026-04-13T13:20:27.095,NF,BANKNIFTY28APR2657500CE,314.55,168.3,326.55,110.85,358.3,882240,212.66,313.45,60,314.65,270,357030
2026-04-13T13:20:28.249,NF,BANKNIFTY28APR2657500CE,314.6,168.3,326.55,110.85,358.3,882270,212.67,313.95,30,315.05,60,357030
2026-04-13T13:20:29.640,NF,BANKNIFTY28APR2657500CE,313.2,168.3,326.55,110.85,358.3,882330,212.67,313.1,90,314.3,120,357030
2026-04-13T13:20:32.047,NF,BANKNIFTY28APR2657500CE,313.6,168.3,326.55,110.85,358.3,882360,212.68,312.55,90,313.65,30,357030
2026-04-13T13:20:34.644,NF,BANKNIFTY28APR2657500CE,313.4,168.3,326.55,110.85,358.3,882390,212.68,312.9,60,313.65,30,357030
2026-04-13T13:20:35.852,NF,BANKNIFTY28APR2657500CE,312.55,168.3,326.55,110.85,358.3,882420,212.68,311.45,30,312.6,30,357030
2026-04-13T13:20:37.049,NF,BANKNIFTY28APR2657500CE,312.6,168.3,326.55,110.85,358.3,882450,212.69,311.15,30,312.4,60,357030
2026-04-13T13:20:39.650,NF,BANKNIFTY28APR2657500CE,312.6,168.3,326.55,110.85,358.3,882480,212.69,311.5,30,312.75,150,357030
2026-04-13T13:20:40.853,NF,BANKNIFTY28APR2657500CE,313.2,168.3,326.55,110.85,358.3,882600,212.7,311.6,30,312.75,210,357030
2026-04-13T13:20:44.460,NF,BANKNIFTY28APR2657500CE,311.65,168.3,326.55,110.85,358.3,882630,212.71,311.65,150,312.55,90,357030
2026-04-13T13:20:49.471,NF,BANKNIFTY28APR2657500CE,310.0,168.3,326.55,110.85,358.3,882660,212.71,308.65,120,309.7,30,357030
2026-04-13T13:20:51.878,NF,BANKNIFTY28APR2657500CE,310.05,168.3,326.55,110.85,358.3,882690,212.71,309.1,60,310.2,60,357030
2026-04-13T13:20:53.097,NF,BANKNIFTY28APR2657500CE,310.0,168.3,326.55,110.85,358.3,882720,212.72,309.65,30,310.65,120,357030
2026-04-13T13:20:54.277,NF,BANKNIFTY28APR2657500CE,309.85,168.3,326.55,110.85,358.3,882840,212.73,309.85,60,310.8,60,357030
2026-04-13T13:21:00.492,NF,BANKNIFTY28APR2657500CE,311.15,168.3,326.55,110.85,358.3,882870,212.73,309.95,60,311.05,30,357030
2026-04-13T13:21:10.305,NF,BANKNIFTY28APR2657500CE,310.25,168.3,326.55,110.85,358.3,882900,212.74,310.25,60,311.3,240,357030
2026-04-13T13:21:12.715,NF,BANKNIFTY28APR2657500CE,309.85,168.3,326.55,110.85,358.3,882930,212.74,309.2,120,310.4,60,357030
2026-04-13T13:21:39.360,NF,BANKNIFTY28APR2657500CE,310.9,168.3,326.55,110.85,358.3,883050,212.75,309.45,90,310.5,60,357030
2026-04-13T13:21:47.760,NF,BANKNIFTY28APR2657500CE,313.2,168.3,326.55,110.85,358.3,883080,212.76,312.25,60,313.3,240,357030
2026-04-13T13:21:51.367,NF,BANKNIFTY28APR2657500CE,311.9,168.3,326.55,110.85,358.3,883110,212.76,311.55,90,312.65,60,357030
2026-04-13T13:22:02.382,NF,BANKNIFTY28APR2657500CE,312.75,168.3,326.55,110.85,358.3,883140,212.76,312.05,60,313.1,60,357030
2026-04-13T13:22:08.390,NF,BANKNIFTY28APR2657500CE,312.8,168.3,326.55,110.85,358.3,883170,212.77,311.35,60,312.55,30,357030
2026-04-13T13:22:11.994,NF,BANKNIFTY28APR2657500CE,312.75,168.3,326.55,110.85,358.3,883260,212.78,312.7,90,313.85,150,357030
2026-04-13T13:22:14.595,NF,BANKNIFTY28APR2657500CE,313.0,168.3,326.55,110.85,358.3,885180,213.0,313.0,1080,313.45,180,357030
2026-04-13T13:22:15.800,NF,BANKNIFTY28APR2657500CE,313.0,168.3,326.55,110.85,358.3,886260,213.12,312.0,60,313.15,120,357030
2026-04-13T13:22:16.802,NF,BANKNIFTY28APR2657500CE,312.55,168.3,326.55,110.85,358.3,886290,213.12,312.4,60,313.5,60,357030
2026-04-13T13:22:21.810,NF,BANKNIFTY28APR2657500CE,311.9,168.3,326.55,110.85,358.3,886410,213.13,311.75,30,311.95,60,357030
2026-04-13T13:22:23.006,NF,BANKNIFTY28APR2657500CE,310.95,168.3,326.55,110.85,358.3,886470,213.14,311.0,180,311.55,60,357030
2026-04-13T13:22:24.214,NF,BANKNIFTY28APR2657500CE,311.55,168.3,326.55,110.85,358.3,886530,213.15,311.4,180,312.1,60,357030
2026-04-13T13:22:30.416,NF,BANKNIFTY28APR2657500CE,312.1,168.3,326.55,110.85,358.3,886590,213.15,311.85,60,312.9,120,357030
2026-04-13T13:22:31.623,NF,BANKNIFTY28APR2657500CE,311.75,168.3,326.55,110.85,358.3,886800,213.18,311.1,120,312.0,60,357030
2026-04-13T13:22:37.631,NF,BANKNIFTY28APR2657500CE,310.0,168.3,326.55,110.85,358.3,886830,213.18,309.15,60,309.95,60,357030
2026-04-13T13:22:40.033,NF,BANKNIFTY28APR2657500CE,309.95,168.3,326.55,110.85,358.3,886890,213.19,309.5,90,310.45,60,357030
2026-04-13T13:22:43.838,NF,BANKNIFTY28APR2657500CE,308.55,168.3,326.55,110.85,358.3,887010,213.2,307.8,120,308.7,60,357030
2026-04-13T13:22:46.239,NF,BANKNIFTY28APR2657500CE,308.35,168.3,326.55,110.85,358.3,887190,213.22,307.4,180,308.4,60,357030
2026-04-13T13:22:51.046,NF,BANKNIFTY28APR2657500CE,308.7,168.3,326.55,110.85,358.3,887280,213.23,307.5,180,308.9,30,357030
2026-04-13T13:22:52.250,NF,BANKNIFTY28APR2657500CE,310.1,168.3,326.55,110.85,358.3,887340,213.24,308.85,60,310.0,60,357030
2026-04-13T13:22:59.674,NF,BANKNIFTY28APR2657500CE,308.5,168.3,326.55,110.85,358.3,887430,213.25,307.65,90,308.55,120,357030
2026-04-13T13:23:00.859,NF,BANKNIFTY28APR2657500CE,307.3,168.3,326.55,110.85,358.3,887550,213.26,306.65,30,307.75,60,357030
2026-04-13T13:23:04.466,NF,BANKNIFTY28APR2657500CE,303.75,168.3,326.55,110.85,358.3,887700,213.27,302.05,30,302.65,30,357030
2026-04-13T13:23:06.869,NF,BANKNIFTY28APR2657500CE,302.75,168.3,326.55,110.85,358.3,887880,213.29,303.2,60,304.35,60,357030
2026-04-13T13:23:08.271,NF,BANKNIFTY28APR2657500CE,304.8,168.3,326.55,110.85,358.3,887940,213.3,303.45,90,304.45,90,357030
2026-04-13T13:23:15.483,NF,BANKNIFTY28APR2657500CE,306.95,168.3,326.55,110.85,358.3,887970,213.3,305.95,30,307.25,210,357030
2026-04-13T13:23:20.490,NF,BANKNIFTY28APR2657500CE,307.25,168.3,326.55,110.85,358.3,888150,213.32,306.4,150,307.25,1020,357030
2026-04-13T13:23:21.696,NF,BANKNIFTY28APR2657500CE,307.25,168.3,326.55,110.85,358.3,888180,213.32,306.25,30,307.0,60,357030
2026-04-13T13:23:22.958,NF,BANKNIFTY28APR2657500CE,306.55,168.3,326.55,110.85,358.3,888240,213.33,305.75,30,306.65,120,357030
2026-04-13T13:23:29.102,NF,BANKNIFTY28APR2657500CE,306.0,168.3,326.55,110.85,358.3,888270,213.33,306.0,30,306.95,60,355440
2026-04-13T13:23:32.707,NF,BANKNIFTY28APR2657500CE,306.85,168.3,326.55,110.85,358.3,888300,213.34,305.25,30,306.4,60,355440
2026-04-13T13:23:33.910,NF,BANKNIFTY28APR2657500CE,306.25,168.3,326.55,110.85,358.3,888330,213.34,305.05,60,306.25,30,355440
2026-04-13T13:24:01.752,NF,BANKNIFTY28APR2657500CE,306.25,168.3,326.55,110.85,358.3,888390,213.34,305.1,90,306.15,90,355440
2026-04-13T13:24:14.975,NF,BANKNIFTY28APR2657500CE,306.5,168.3,326.55,110.85,358.3,888420,213.35,305.4,60,306.55,30,355440
2026-04-13T13:24:16.188,NF,BANKNIFTY28APR2657500CE,302.75,168.3,326.55,110.85,358.3,888510,213.36,302.55,90,303.6,30,355440
2026-04-13T13:24:23.396,NF,BANKNIFTY28APR2657500CE,303.0,168.3,326.55,110.85,358.3,888600,213.37,302.1,30,303.05,30,355440
2026-04-13T13:24:24.585,NF,BANKNIFTY28APR2657500CE,302.0,168.3,326.55,110.85,358.3,888750,213.38,302.0,150,302.9,180,355440
2026-04-13T13:24:26.986,NF,BANKNIFTY28APR2657500CE,304.55,168.3,326.55,110.85,358.3,889110,213.42,303.1,60,304.25,60,355440
2026-04-13T13:24:28.199,NF,BANKNIFTY28APR2657500CE,302.95,168.3,326.55,110.85,358.3,889140,213.42,302.85,30,303.9,90,355440
2026-04-13T13:24:30.393,NF,BANKNIFTY28APR2657500CE,302.7,168.3,326.55,110.85,358.3,889170,213.42,302.0,210,302.9,60,355440
2026-04-13T13:24:35.408,NF,BANKNIFTY28APR2657500CE,302.0,168.3,326.55,110.85,358.3,889320,213.44,301.2,30,302.25,180,355440
2026-04-13T13:24:39.218,NF,BANKNIFTY28APR2657500CE,302.7,168.3,326.55,110.85,358.3,889350,213.44,302.95,60,304.0,60,355440
2026-04-13T13:24:45.229,NF,BANKNIFTY28APR2657500CE,302.8,168.3,326.55,110.85,358.3,889860,213.49,303.45,60,304.5,90,355440
2026-04-13T13:25:05.914,NF,BANKNIFTY28APR2657500CE,306.0,168.3,326.55,110.85,358.3,889890,213.5,306.05,60,307.05,90,355440
2026-04-13T13:25:09.475,NF,BANKNIFTY28APR2657500CE,307.25,168.3,326.55,110.85,358.3,890880,213.6,309.15,90,310.0,30,355440
2026-04-13T13:25:23.072,NF,BANKNIFTY28APR2657500CE,309.05,168.3,326.55,110.85,358.3,890910,213.6,309.3,90,310.5,60,355440
2026-04-13T13:25:25.280,NF,BANKNIFTY28APR2657500CE,310.15,168.3,326.55,110.85,358.3,890940,213.61,309.5,30,310.55,120,355440
2026-04-13T13:25:27.693,NF,BANKNIFTY28APR2657500CE,310.85,168.3,326.55,110.85,358.3,891000,213.61,309.55,60,310.75,120,355440
2026-04-13T13:25:37.908,NF,BANKNIFTY28APR2657500CE,309.95,168.3,326.55,110.85,358.3,891030,213.62,309.75,90,310.9,180,355440
2026-04-13T13:25:41.713,NF,BANKNIFTY28APR2657500CE,309.05,168.3,326.55,110.85,358.3,891360,213.65,307.15,120,308.15,30,355440
2026-04-13T13:25:49.116,NF,BANKNIFTY28APR2657500CE,305.75,168.3,326.55,110.85,358.3,891480,213.66,305.45,60,306.5,30,355440
2026-04-13T13:25:51.526,NF,BANKNIFTY28APR2657500CE,304.9,168.3,326.55,110.85,358.3,891540,213.67,304.85,60,305.85,60,355440
2026-04-13T13:26:03.735,NF,BANKNIFTY28APR2657500CE,306.9,168.3,326.55,110.85,358.3,891600,213.68,305.7,180,307.0,30,355440
2026-04-13T13:26:04.947,NF,BANKNIFTY28APR2657500CE,308.25,168.3,326.55,110.85,358.3,891750,213.69,307.15,90,308.3,90,355440
2026-04-13T13:26:08.357,NF,BANKNIFTY28APR2657500CE,306.4,168.3,326.55,110.85,358.3,891930,213.71,306.05,90,307.25,30,355440
2026-04-13T13:26:11.956,NF,BANKNIFTY28APR2657500CE,305.6,168.3,326.55,110.85,358.3,891990,213.72,304.65,60,305.75,60,355440
2026-04-13T13:26:13.157,NF,BANKNIFTY28APR2657500CE,306.2,168.3,326.55,110.85,358.3,892050,213.72,305.1,60,306.45,120,355440
2026-04-13T13:26:17.958,NF,BANKNIFTY28APR2657500CE,307.15,168.3,326.55,110.85,358.3,892200,213.74,306.2,180,307.35,270,355440
2026-04-13T13:26:27.593,NF,BANKNIFTY28APR2657500CE,306.95,168.3,326.55,110.85,358.3,892230,213.74,305.95,60,307.15,150,355440
2026-04-13T13:26:29.976,NF,BANKNIFTY28APR2657500CE,305.85,168.3,326.55,110.85,358.3,892260,213.75,305.85,60,306.9,30,356220
2026-04-13T13:26:39.604,NF,BANKNIFTY28APR2657500CE,302.15,168.3,326.55,110.85,358.3,892530,213.77,302.65,180,303.8,30,356220
2026-04-13T13:26:48.425,NF,BANKNIFTY28APR2657500CE,302.7,168.3,326.55,110.85,358.3,892830,213.8,302.75,150,303.8,30,356220
2026-04-13T13:26:51.006,NF,BANKNIFTY28APR2657500CE,303.9,168.3,326.55,110.85,358.3,892980,213.82,302.65,60,303.8,60,356220
2026-04-13T13:26:57.218,NF,BANKNIFTY28APR2657500CE,302.15,168.3,326.55,110.85,358.3,893010,213.82,302.05,180,303.2,30,356220
2026-04-13T13:26:58.424,NF,BANKNIFTY28APR2657500CE,300.05,168.3,326.55,110.85,358.3,893160,213.84,300.35,240,301.4,30,356220
2026-04-13T13:27:00.826,NF,BANKNIFTY28APR2657500CE,301.35,168.3,326.55,110.85,358.3,893190,213.84,301.35,180,302.5,210,356220
2026-04-13T13:27:02.227,NF,BANKNIFTY28APR2657500CE,301.55,168.3,326.55,110.85,358.3,893310,213.85,303.45,30,304.7,90,356220
2026-04-13T13:27:08.441,NF,BANKNIFTY28APR2657500CE,300.6,168.3,326.55,110.85,358.3,893340,213.85,300.6,90,301.6,30,356220
2026-04-13T13:27:10.848,NF,BANKNIFTY28APR2657500CE,301.05,168.3,326.55,110.85,358.3,893370,213.86,301.0,120,301.9,30,356220
2026-04-13T13:27:12.247,NF,BANKNIFTY28APR2657500CE,300.85,168.3,326.55,110.85,358.3,893400,213.86,301.65,30,302.75,60,356220
2026-04-13T13:27:14.651,NF,BANKNIFTY28APR2657500CE,301.3,168.3,326.55,110.85,358.3,893430,213.86,301.8,150,302.95,60,356220
2026-04-13T13:27:23.465,NF,BANKNIFTY28APR2657500CE,304.4,168.3,326.55,110.85,358.3,893490,213.87,303.05,30,304.3,60,356220
2026-04-13T13:27:30.882,NF,BANKNIFTY28APR2657500CE,304.4,168.3,326.55,110.85,358.3,893520,213.87,303.4,60,304.55,30,356220
2026-04-13T13:27:34.687,NF,BANKNIFTY28APR2657500CE,305.45,168.3,326.55,110.85,358.3,893550,213.87,303.9,30,305.15,60,356220
2026-04-13T13:27:37.287,NF,BANKNIFTY28APR2657500CE,305.15,168.3,326.55,110.85,358.3,893760,213.9,304.1,60,305.15,60,356220
2026-04-13T13:27:45.504,NF,BANKNIFTY28APR2657500CE,305.0,168.3,326.55,110.85,358.3,893790,213.9,304.85,30,305.85,60,356220
2026-04-13T13:27:59.931,NF,BANKNIFTY28APR2657500CE,304.4,168.3,326.55,110.85,358.3,893820,213.9,304.5,120,305.3,30,356220
2026-04-13T13:28:02.329,NF,BANKNIFTY28APR2657500CE,304.9,168.3,326.55,110.85,358.3,893850,213.9,304.9,60,305.75,30,356220
2026-04-13T13:28:12.142,NF,BANKNIFTY28APR2657500CE,308.0,168.3,326.55,110.85,358.3,893880,213.91,307.85,90,308.95,90,356220
2026-04-13T13:28:25.570,NF,BANKNIFTY28APR2657500CE,310.0,168.3,326.55,110.85,358.3,893910,213.91,310.0,60,311.25,90,356220
2026-04-13T13:28:40.189,NF,BANKNIFTY28APR2657500CE,310.35,168.3,326.55,110.85,358.3,894000,213.92,310.55,60,311.65,60,356220
2026-04-13T13:28:42.791,NF,BANKNIFTY28APR2657500CE,311.35,168.3,326.55,110.85,358.3,894570,213.98,309.95,90,311.35,120,356220
2026-04-13T13:28:50.212,NF,BANKNIFTY28APR2657500CE,310.35,168.3,326.55,110.85,358.3,894600,213.99,309.5,90,310.7,150,356220
2026-04-13T13:28:55.208,NF,BANKNIFTY28APR2657500CE,310.7,168.3,326.55,110.85,358.3,894630,213.99,309.2,30,310.35,210,356220
2026-04-13T13:29:11.626,NF,BANKNIFTY28APR2657500CE,312.25,168.3,326.55,110.85,358.3,894750,214.0,311.3,180,312.4,60,356220
2026-04-13T13:29:16.443,NF,BANKNIFTY28APR2657500CE,312.0,168.3,326.55,110.85,358.3,894780,214.01,312.0,120,313.2,30,356220
2026-04-13T13:29:24.053,NF,BANKNIFTY28APR2657500CE,313.6,168.3,326.55,110.85,358.3,894810,214.01,312.6,30,313.75,180,356220
2026-04-13T13:29:29.051,NF,BANKNIFTY28APR2657500CE,308.7,168.3,326.55,110.85,358.3,895470,214.08,311.55,30,312.6,60,355650
2026-04-13T13:29:32.674,NF,BANKNIFTY28APR2657500CE,311.55,168.3,326.55,110.85,358.3,895500,214.08,311.0,30,311.75,60,355650
2026-04-13T13:29:34.066,NF,BANKNIFTY28APR2657500CE,309.9,168.3,326.55,110.85,358.3,895560,214.09,309.45,210,310.5,60,355650
2026-04-13T13:29:39.065,NF,BANKNIFTY28APR2657500CE,308.75,168.3,326.55,110.85,358.3,895590,214.09,308.7,60,309.85,60,355650
2026-04-13T13:29:40.280,NF,BANKNIFTY28APR2657500CE,309.9,168.3,326.55,110.85,358.3,895710,214.1,309.75,30,310.95,90,355650
2026-04-13T13:29:46.478,NF,BANKNIFTY28APR2657500CE,309.9,168.3,326.55,110.85,358.3,895740,214.11,309.5,90,310.7,30,355650
2026-04-13T13:29:48.887,NF,BANKNIFTY28APR2657500CE,309.05,168.3,326.55,110.85,358.3,895890,214.12,308.55,30,309.65,90,355650
2026-04-13T13:29:50.085,NF,BANKNIFTY28APR2657500CE,308.7,168.3,326.55,110.85,358.3,895920,214.13,308.6,90,309.8,60,355650
2026-04-13T13:29:51.291,NF,BANKNIFTY28APR2657500CE,309.8,168.3,326.55,110.85,358.3,895950,214.13,308.15,180,309.4,30,355650
2026-04-13T13:29:57.501,NF,BANKNIFTY28APR2657500CE,308.0,168.3,326.55,110.85,358.3,895980,214.13,308.0,30,308.45,60,355650
2026-04-13T13:29:58.726,NF,BANKNIFTY28APR2657500CE,308.0,168.3,326.55,110.85,358.3,896010,214.14,306.5,120,307.55,90,355650
2026-04-13T13:30:06.322,NF,BANKNIFTY28APR2657500CE,309.3,168.3,326.55,110.85,358.3,896070,214.14,308.35,30,309.5,90,355650
2026-04-13T13:30:08.719,NF,BANKNIFTY28APR2657500CE,309.95,168.3,326.55,110.85,358.3,896100,214.15,308.9,90,310.15,60,355650
2026-04-13T13:30:14.927,NF,BANKNIFTY28APR2657500CE,310.85,168.3,326.55,110.85,358.3,896640,214.2,311.95,60,313.05,90,355650
2026-04-13T13:30:18.740,NF,BANKNIFTY28APR2657500CE,313.85,168.3,326.55,110.85,358.3,896670,214.21,312.65,60,313.85,90,355650
2026-04-13T13:30:23.552,NF,BANKNIFTY28APR2657500CE,313.35,168.3,326.55,110.85,358.3,896730,214.21,312.35,30,313.55,60,355650
2026-04-13T13:30:24.944,NF,BANKNIFTY28APR2657500CE,313.6,168.3,326.55,110.85,358.3,896760,214.22,312.5,30,313.6,150,355650
2026-04-13T13:30:29.959,NF,BANKNIFTY28APR2657500CE,314.0,168.3,326.55,110.85,358.3,896790,214.22,312.95,30,313.95,60,355650
2026-04-13T13:30:31.159,NF,BANKNIFTY28APR2657500CE,313.9,168.3,326.55,110.85,358.3,896910,214.23,312.0,90,313.1,60,355650
2026-04-13T13:30:32.358,NF,BANKNIFTY28APR2657500CE,312.9,168.3,326.55,110.85,358.3,896940,214.24,311.5,30,312.7,60,355650
2026-04-13T13:30:34.962,NF,BANKNIFTY28APR2657500CE,313.45,168.3,326.55,110.85,358.3,897240,214.27,312.45,60,313.55,60,355650
2026-04-13T13:30:49.815,NF,BANKNIFTY28APR2657500CE,311.2,168.3,326.55,110.85,358.3,897510,214.3,309.6,30,310.6,120,355650
2026-04-13T13:30:56.000,NF,BANKNIFTY28APR2657500CE,310.55,168.3,326.55,110.85,358.3,897540,214.3,309.55,60,310.6,150,355650
2026-04-13T13:30:59.803,NF,BANKNIFTY28APR2657500CE,310.75,168.3,326.55,110.85,358.3,897570,214.31,309.8,60,310.85,240,355650
2026-04-13T13:31:12.223,NF,BANKNIFTY28APR2657500CE,310.05,168.3,326.55,110.85,358.3,897600,214.31,308.45,90,309.6,60,355650
2026-04-13T13:31:13.623,NF,BANKNIFTY28APR2657500CE,308.85,168.3,326.55,110.85,358.3,897630,214.31,308.75,180,309.8,30,355650
2026-04-13T13:31:14.824,NF,BANKNIFTY28APR2657500CE,309.2,168.3,326.55,110.85,358.3,897660,214.32,309.4,60,310.45,30,355650
2026-04-13T13:31:19.834,NF,BANKNIFTY28APR2657500CE,311.55,168.3,326.55,110.85,358.3,897690,214.32,310.3,30,311.35,60,355650
2026-04-13T13:31:28.459,NF,BANKNIFTY28APR2657500CE,310.25,168.3,326.55,110.85,358.3,897720,214.32,309.5,60,310.4,90,355650
2026-04-13T13:31:31.055,NF,BANKNIFTY28APR2657500CE,309.1,168.3,326.55,110.85,358.3,897750,214.33,308.15,30,309.1,60,355650
2026-04-13T13:31:43.469,NF,BANKNIFTY28APR2657500CE,309.7,168.3,326.55,110.85,358.3,897870,214.34,309.8,90,310.9,60,355650
2026-04-13T13:31:45.878,NF,BANKNIFTY28APR2657500CE,310.85,168.3,326.55,110.85,358.3,897900,214.34,309.8,60,310.85,210,355650
2026-04-13T13:31:54.686,NF,BANKNIFTY28APR2657500CE,312.75,168.3,326.55,110.85,358.3,897930,214.35,312.05,60,313.0,180,355650
2026-04-13T13:31:55.903,NF,BANKNIFTY28APR2657500CE,313.8,168.3,326.55,110.85,358.3,898140,214.37,313.45,30,313.9,120,355650
2026-04-13T13:31:57.089,NF,BANKNIFTY28APR2657500CE,315.3,168.3,326.55,110.85,358.3,898410,214.4,314.4,30,315.35,180,355650
2026-04-13T13:31:58.489,NF,BANKNIFTY28APR2657500CE,314.6,168.3,326.55,110.85,358.3,898530,214.41,315.05,60,315.9,120,355650
2026-04-13T13:32:03.496,NF,BANKNIFTY28APR2657500CE,314.0,168.3,326.55,110.85,358.3,899010,214.47,314.35,150,315.45,120,355650
2026-04-13T13:32:04.698,NF,BANKNIFTY28APR2657500CE,315.0,168.3,326.55,110.85,358.3,899070,214.47,314.95,90,315.95,120,355650
2026-04-13T13:32:08.508,NF,BANKNIFTY28APR2657500CE,315.55,168.3,326.55,110.85,358.3,899280,214.5,314.4,60,315.5,120,355650
2026-04-13T13:32:14.511,NF,BANKNIFTY28APR2657500CE,315.5,168.3,326.55,110.85,358.3,899310,214.5,315.3,30,316.1,120,355650
2026-04-13T13:32:15.715,NF,BANKNIFTY28APR2657500CE,315.1,168.3,326.55,110.85,358.3,899430,214.51,315.0,30,315.95,150,355650
2026-04-13T13:32:18.127,NF,BANKNIFTY28APR2657500CE,315.95,168.3,326.55,110.85,358.3,899700,214.54,315.55,60,316.5,240,355650
2026-04-13T13:32:21.921,NF,BANKNIFTY28APR2657500CE,317.35,168.3,326.55,110.85,358.3,900270,214.61,316.0,30,317.0,300,355650
2026-04-13T13:32:28.134,NF,BANKNIFTY28APR2657500CE,318.2,168.3,326.55,110.85,358.3,900690,214.66,318.15,30,319.05,60,355650
2026-04-13T13:32:29.355,NF,BANKNIFTY28APR2657500CE,318.85,168.3,326.55,110.85,358.3,900780,214.67,317.7,60,318.7,300,355650
2026-04-13T13:32:31.749,NF,BANKNIFTY28APR2657500CE,319.95,168.3,326.55,110.85,358.3,900960,214.69,319.85,30,320.7,150,354540
2026-04-13T13:32:34.344,NF,BANKNIFTY28APR2657500CE,321.0,168.3,326.55,110.85,358.3,901170,214.71,320.7,60,321.6,120,354540
2026-04-13T13:32:35.543,NF,BANKNIFTY28APR2657500CE,321.7,168.3,326.55,110.85,358.3,901350,214.73,320.95,30,321.95,180,354540
2026-04-13T13:32:36.751,NF,BANKNIFTY28APR2657500CE,320.8,168.3,326.55,110.85,358.3,901410,214.74,319.95,30,321.15,60,354540
2026-04-13T13:32:37.950,NF,BANKNIFTY28APR2657500CE,319.9,168.3,326.55,110.85,358.3,901440,214.74,318.7,150,320.0,30,354540
2026-04-13T13:32:41.753,NF,BANKNIFTY28APR2657500CE,320.0,168.3,326.55,110.85,358.3,901470,214.75,319.6,30,320.75,30,354540
2026-04-13T13:32:46.781,NF,BANKNIFTY28APR2657500CE,319.5,168.3,326.55,110.85,358.3,901500,214.75,319.2,60,320.15,150,354540
2026-04-13T13:32:47.964,NF,BANKNIFTY28APR2657500CE,319.1,168.3,326.55,110.85,358.3,901530,214.75,317.45,120,318.65,30,354540
2026-04-13T13:32:49.368,NF,BANKNIFTY28APR2657500CE,317.55,168.3,326.55,110.85,358.3,901560,214.76,317.6,60,318.7,30,354540
2026-04-13T13:32:50.564,NF,BANKNIFTY28APR2657500CE,319.5,168.3,326.55,110.85,358.3,901800,214.79,318.5,60,319.6,60,354540
2026-04-13T13:32:55.573,NF,BANKNIFTY28APR2657500CE,320.95,168.3,326.55,110.85,358.3,901830,214.79,320.45,30,321.3,180,354540
2026-04-13T13:32:56.782,NF,BANKNIFTY28APR2657500CE,321.75,168.3,326.55,110.85,358.3,901860,214.79,321.65,30,322.75,150,354540
2026-04-13T13:32:57.980,NF,BANKNIFTY28APR2657500CE,323.0,168.3,326.55,110.85,358.3,901890,214.8,323.05,30,323.75,150,354540
2026-04-13T13:32:59.185,NF,BANKNIFTY28APR2657500CE,323.75,168.3,326.55,110.85,358.3,901950,214.8,323.25,30,323.95,120,354540
2026-04-13T13:33:00.599,NF,BANKNIFTY28APR2657500CE,322.85,168.3,326.55,110.85,358.3,902400,214.86,323.15,60,323.95,30,354540
2026-04-13T13:33:01.784,NF,BANKNIFTY28APR2657500CE,323.7,168.3,326.55,110.85,358.3,902430,214.86,323.05,90,323.75,30,354540
2026-04-13T13:33:02.990,NF,BANKNIFTY28APR2657500CE,328.7,168.3,328.7,110.85,358.3,904020,215.06,326.5,60,327.6,60,354540
2026-04-13T13:33:05.602,NF,BANKNIFTY28APR2657500CE,327.45,168.3,328.7,110.85,358.3,904050,215.06,327.05,60,328.2,60,354540
2026-04-13T13:33:07.991,NF,BANKNIFTY28APR2657500CE,326.9,168.3,328.7,110.85,358.3,904080,215.06,326.95,120,328.1,60,354540
2026-04-13T13:33:09.199,NF,BANKNIFTY28APR2657500CE,326.9,168.3,328.7,110.85,358.3,904110,215.07,326.95,90,327.75,30,354540
2026-04-13T13:33:14.203,NF,BANKNIFTY28APR2657500CE,327.9,168.3,328.7,110.85,358.3,904200,215.08,327.8,30,328.95,60,354540
2026-04-13T13:33:16.606,NF,BANKNIFTY28APR2657500CE,329.0,168.3,329.0,110.85,358.3,904230,215.08,328.25,90,329.45,30,354540
2026-04-13T13:33:19.208,NF,BANKNIFTY28APR2657500CE,329.1,168.3,329.1,110.85,358.3,904260,215.09,327.85,30,329.15,60,354540
2026-04-13T13:33:20.410,NF,BANKNIFTY28APR2657500CE,329.35,168.3,329.35,110.85,358.3,904440,215.11,328.35,30,329.2,60,354540
2026-04-13T13:33:22.823,NF,BANKNIFTY28APR2657500CE,330.25,168.3,330.25,110.85,358.3,904710,215.14,329.2,90,330.3,30,354540
2026-04-13T13:33:24.068,NF,BANKNIFTY28APR2657500CE,329.55,168.3,330.25,110.85,358.3,904740,215.15,328.85,60,329.95,30,354540
2026-04-13T13:33:29.025,NF,BANKNIFTY28APR2657500CE,327.25,168.3,330.25,110.85,358.3,904830,215.16,326.65,30,327.6,60,354540
2026-04-13T13:33:30.423,NF,BANKNIFTY28APR2657500CE,328.0,168.3,330.25,110.85,358.3,904890,215.17,327.45,60,328.55,30,354540
2026-04-13T13:33:32.828,NF,BANKNIFTY28APR2657500CE,329.0,168.3,330.25,110.85,358.3,905040,215.18,328.3,30,329.4,180,354540
2026-04-13T13:33:34.038,NF,BANKNIFTY28APR2657500CE,329.45,168.3,330.25,110.85,358.3,905220,215.21,327.6,120,328.9,60,354540
2026-04-13T13:33:37.835,NF,BANKNIFTY28APR2657500CE,327.75,168.3,330.25,110.85,358.3,905460,215.24,327.25,30,327.8,30,354540
2026-04-13T13:33:41.640,NF,BANKNIFTY28APR2657500CE,327.25,168.3,330.25,110.85,358.3,905490,215.24,326.5,30,327.15,180,354540
2026-04-13T13:33:42.844,NF,BANKNIFTY28APR2657500CE,325.05,168.3,330.25,110.85,358.3,905790,215.28,325.0,330,325.45,30,354540
2026-04-13T13:33:44.046,NF,BANKNIFTY28APR2657500CE,324.6,168.3,330.25,110.85,358.3,906150,215.32,323.9,60,324.9,30,354540
2026-04-13T13:33:46.653,NF,BANKNIFTY28APR2657500CE,326.7,168.3,330.25,110.85,358.3,906240,215.33,326.5,30,327.65,210,354540
2026-04-13T13:33:49.064,NF,BANKNIFTY28APR2657500CE,328.25,168.3,330.25,110.85,358.3,906420,215.35,327.85,60,329.0,120,354540
2026-04-13T13:33:52.855,NF,BANKNIFTY28APR2657500CE,328.4,168.3,330.25,110.85,358.3,906450,215.36,327.65,30,328.7,30,354540
2026-04-13T13:33:55.467,NF,BANKNIFTY28APR2657500CE,328.15,168.3,330.25,110.85,358.3,906570,215.37,326.95,150,328.0,120,354540
2026-04-13T13:33:59.068,NF,BANKNIFTY28APR2657500CE,327.3,168.3,330.25,110.85,358.3,906600,215.38,326.1,30,327.1,150,354540
2026-04-13T13:34:00.465,NF,BANKNIFTY28APR2657500CE,327.3,168.3,330.25,110.85,358.3,906630,215.38,325.7,30,327.05,30,354540
2026-04-13T13:34:05.474,NF,BANKNIFTY28APR2657500CE,328.5,168.3,330.25,110.85,358.3,906660,215.38,327.7,30,328.8,120,354540
2026-04-13T13:34:06.678,NF,BANKNIFTY28APR2657500CE,328.0,168.3,330.25,110.85,358.3,906720,215.39,328.05,60,328.85,30,354540
2026-04-13T13:34:07.878,NF,BANKNIFTY28APR2657500CE,328.4,168.3,330.25,110.85,358.3,906750,215.4,328.35,60,329.35,120,354540
2026-04-13T13:34:09.082,NF,BANKNIFTY28APR2657500CE,329.45,168.3,330.25,110.85,358.3,906810,215.4,328.15,60,329.15,270,354540
2026-04-13T13:34:12.894,NF,BANKNIFTY28APR2657500CE,328.9,168.3,330.25,110.85,358.3,907110,215.44,328.9,90,329.8,30,354540
2026-04-13T13:34:14.115,NF,BANKNIFTY28APR2657500CE,329.3,168.3,330.25,110.85,358.3,907260,215.46,328.35,30,329.3,60,354540
2026-04-13T13:34:15.312,NF,BANKNIFTY28APR2657500CE,329.5,168.3,330.25,110.85,358.3,907620,215.5,328.5,30,329.55,120,354540
2026-04-13T13:34:16.692,NF,BANKNIFTY28APR2657500CE,329.35,168.3,330.25,110.85,358.3,907950,215.55,329.15,30,329.85,120,354540
2026-04-13T13:34:17.896,NF,BANKNIFTY28APR2657500CE,329.4,168.3,330.25,110.85,358.3,907980,215.55,328.45,30,329.4,90,354540
2026-04-13T13:34:19.096,NF,BANKNIFTY28APR2657500CE,328.5,168.3,330.25,110.85,358.3,908010,215.55,328.35,30,329.3,30,354540
2026-04-13T13:34:20.297,NF,BANKNIFTY28APR2657500CE,328.8,168.3,330.25,110.85,358.3,908040,215.56,328.4,30,329.5,120,354540
2026-04-13T13:34:21.697,NF,BANKNIFTY28APR2657500CE,328.4,168.3,330.25,110.85,358.3,908100,215.56,328.4,30,329.15,120,354540
2026-04-13T13:34:25.315,NF,BANKNIFTY28APR2657500CE,328.2,168.3,330.25,110.85,358.3,908250,215.58,328.2,30,329.0,120,354540
2026-04-13T13:34:27.908,NF,BANKNIFTY28APR2657500CE,329.1,168.3,330.25,110.85,358.3,908310,215.59,328.95,60,330.0,570,354540
2026-04-13T13:34:30.312,NF,BANKNIFTY28APR2657500CE,329.85,168.3,330.25,110.85,358.3,908370,215.6,329.05,30,329.65,120,354540
2026-04-13T13:34:31.515,NF,BANKNIFTY28APR2657500CE,329.15,168.3,330.25,110.85,358.3,908430,215.61,328.75,30,329.6,270,354540
2026-04-13T13:34:32.913,NF,BANKNIFTY28APR2657500CE,329.1,168.3,330.25,110.85,358.3,908550,215.62,329.0,30,329.6,150,354540
2026-04-13T13:34:35.322,NF,BANKNIFTY28APR2657500CE,330.0,168.3,330.25,110.85,358.3,908910,215.67,329.5,30,330.0,210,354540
2026-04-13T13:34:36.522,NF,BANKNIFTY28APR2657500CE,329.0,168.3,330.25,110.85,358.3,908940,215.67,328.9,30,329.95,150,354540
2026-04-13T13:34:37.731,NF,BANKNIFTY28APR2657500CE,328.85,168.3,330.25,110.85,358.3,908970,215.67,328.45,60,329.4,120,354540
2026-04-13T13:34:39.126,NF,BANKNIFTY28APR2657500CE,328.5,168.3,330.25,110.85,358.3,909630,215.76,328.7,30,329.8,180,354540
2026-04-13T13:34:44.133,NF,BANKNIFTY28APR2657500CE,329.5,168.3,330.25,110.85,358.3,909960,215.8,329.2,30,329.95,60,354540
2026-04-13T13:34:45.337,NF,BANKNIFTY28APR2657500CE,330.0,168.3,330.25,110.85,358.3,909990,215.8,329.05,30,330.0,210,354540
2026-04-13T13:34:46.546,NF,BANKNIFTY28APR2657500CE,328.95,168.3,330.25,110.85,358.3,910050,215.81,328.8,210,329.85,60,354540
2026-04-13T13:34:47.741,NF,BANKNIFTY28APR2657500CE,330.0,168.3,330.25,110.85,358.3,910200,215.83,329.75,240,330.0,120,354540
2026-04-13T13:34:49.142,NF,BANKNIFTY28APR2657500CE,329.8,168.3,330.25,110.85,358.3,910470,215.86,330.0,30,330.9,120,354540
2026-04-13T13:34:50.354,NF,BANKNIFTY28APR2657500CE,329.2,168.3,330.25,110.85,358.3,910770,215.9,328.2,30,329.1,30,354540
2026-04-13T13:34:54.150,NF,BANKNIFTY28APR2657500CE,329.4,168.3,330.25,110.85,358.3,910800,215.9,328.15,180,329.4,60,354540
2026-04-13T13:34:57.759,NF,BANKNIFTY28APR2657500CE,328.05,168.3,330.25,110.85,358.3,910830,215.91,328.25,90,329.35,30,354540
2026-04-13T13:35:02.768,NF,BANKNIFTY28APR2657500CE,329.4,168.3,330.25,110.85,358.3,910860,215.91,328.05,60,329.0,90,354540
2026-04-13T13:35:03.978,NF,BANKNIFTY28APR2657500CE,328.35,168.3,330.25,110.85,358.3,910950,215.92,328.4,30,329.0,30,354540
2026-04-13T13:35:06.578,NF,BANKNIFTY28APR2657500CE,328.0,168.3,330.25,110.85,358.3,911010,215.93,327.9,30,328.9,30,354540
2026-04-13T13:35:08.987,NF,BANKNIFTY28APR2657500CE,329.0,168.3,330.25,110.85,358.3,911040,215.93,328.8,30,329.55,60,354540
2026-04-13T13:35:16.393,NF,BANKNIFTY28APR2657500CE,328.7,168.3,330.25,110.85,358.3,911250,215.96,329.1,30,329.9,60,354540
2026-04-13T13:35:18.991,NF,BANKNIFTY28APR2657500CE,329.1,168.3,330.25,110.85,358.3,911280,215.96,328.55,30,329.55,60,354540
2026-04-13T13:35:20.197,NF,BANKNIFTY28APR2657500CE,328.6,168.3,330.25,110.85,358.3,911310,215.96,327.65,60,328.9,30,354540
2026-04-13T13:35:21.396,NF,BANKNIFTY28APR2657500CE,327.85,168.3,330.25,110.85,358.3,911340,215.97,328.05,30,328.9,30,354540
2026-04-13T13:35:22.801,NF,BANKNIFTY28APR2657500CE,328.5,168.3,330.25,110.85,358.3,911370,215.97,328.5,30,329.0,180,354540
2026-04-13T13:35:23.999,NF,BANKNIFTY28APR2657500CE,328.45,168.3,330.25,110.85,358.3,911430,215.98,328.05,90,329.25,210,354540
2026-04-13T13:35:25.203,NF,BANKNIFTY28APR2657500CE,328.3,168.3,330.25,110.85,358.3,911640,216.01,328.35,30,329.45,180,354540
2026-04-13T13:35:27.807,NF,BANKNIFTY28APR2657500CE,327.3,168.3,330.25,110.85,358.3,911760,216.02,326.65,30,327.65,30,354540
2026-04-13T13:35:29.014,NF,BANKNIFTY28APR2657500CE,327.9,168.3,330.25,110.85,358.3,911790,216.02,327.0,30,328.2,60,354540
2026-04-13T13:35:30.267,NF,BANKNIFTY28APR2657500CE,329.55,168.3,330.25,110.85,358.3,911820,216.03,328.2,90,329.5,180,354540
2026-04-13T13:35:31.427,NF,BANKNIFTY28APR2657500CE,328.1,168.3,330.25,110.85,358.3,911850,216.03,328.1,30,329.35,180,350790
2026-04-13T13:35:35.231,NF,BANKNIFTY28APR2657500CE,327.95,168.3,330.25,110.85,358.3,912060,216.06,327.95,60,329.25,60,350790
2026-04-13T13:35:37.626,NF,BANKNIFTY28APR2657500CE,328.55,168.3,330.25,110.85,358.3,912090,216.06,328.5,60,329.6,60,350790
2026-04-13T13:35:39.836,NF,BANKNIFTY28APR2657500CE,329.45,168.3,330.25,110.85,358.3,912300,216.09,329.75,60,330.85,60,350790
2026-04-13T13:35:42.434,NF,BANKNIFTY28APR2657500CE,329.55,168.3,330.55,110.85,358.3,912360,216.09,329.55,30,330.35,60,350790
2026-04-13T13:35:43.631,NF,BANKNIFTY28APR2657500CE,329.55,168.3,330.55,110.85,358.3,912390,216.1,329.55,30,330.55,60,350790
2026-04-13T13:35:44.839,NF,BANKNIFTY28APR2657500CE,329.45,168.3,330.55,110.85,358.3,912600,216.12,329.55,30,330.4,120,350790
2026-04-13T13:35:46.233,NF,BANKNIFTY28APR2657500CE,329.15,168.3,330.55,110.85,358.3,912750,216.14,329.55,30,330.45,90,350790
2026-04-13T13:35:48.638,NF,BANKNIFTY28APR2657500CE,329.4,168.3,330.55,110.85,358.3,912780,216.15,328.3,30,329.25,60,350790
2026-04-13T13:35:49.849,NF,BANKNIFTY28APR2657500CE,328.55,168.3,330.55,110.85,358.3,912810,216.15,328.0,30,328.65,60,350790
2026-04-13T13:35:51.239,NF,BANKNIFTY28APR2657500CE,327.8,168.3,330.55,110.85,358.3,912870,216.16,327.15,30,328.05,90,350790
2026-04-13T13:35:52.444,NF,BANKNIFTY28APR2657500CE,328.3,168.3,330.55,110.85,358.3,912900,216.16,328.55,30,329.8,60,350790
2026-04-13T13:35:54.851,NF,BANKNIFTY28APR2657500CE,328.55,168.3,330.55,110.85,358.3,913020,216.18,327.9,60,329.0,60,350790
2026-04-13T13:35:56.248,NF,BANKNIFTY28APR2657500CE,329.95,168.3,330.55,110.85,358.3,913050,216.18,328.9,120,330.05,150,350790
2026-04-13T13:35:57.471,NF,BANKNIFTY28APR2657500CE,328.85,168.3,330.55,110.85,358.3,913080,216.18,328.75,90,329.95,90,350790
2026-04-13T13:35:59.854,NF,BANKNIFTY28APR2657500CE,329.95,168.3,330.55,110.85,358.3,913140,216.19,329.3,30,330.65,60,350790
2026-04-13T13:36:01.058,NF,BANKNIFTY28APR2657500CE,331.0,168.3,331.0,110.85,358.3,914580,216.37,330.6,30,331.0,150,350790
2026-04-13T13:36:02.261,NF,BANKNIFTY28APR2657500CE,330.1,168.3,331.0,110.85,358.3,914610,216.38,330.5,120,331.0,150,350790
2026-04-13T13:36:07.269,NF,BANKNIFTY28APR2657500CE,328.75,168.3,331.0,110.85,358.3,914790,216.4,328.55,150,329.55,30,350790
2026-04-13T13:36:08.469,NF,BANKNIFTY28APR2657500CE,328.4,168.3,331.0,110.85,358.3,914820,216.4,328.3,120,329.1,30,350790
2026-04-13T13:36:09.871,NF,BANKNIFTY28APR2657500CE,328.1,168.3,331.0,110.85,358.3,914850,216.41,328.1,60,328.9,60,350790
2026-04-13T13:36:12.274,NF,BANKNIFTY28APR2657500CE,329.15,168.3,331.0,110.85,358.3,914910,216.41,328.15,30,328.75,60,350790
2026-04-13T13:36:13.483,NF,BANKNIFTY28APR2657500CE,327.4,168.3,331.0,110.85,358.3,915030,216.43,327.6,30,328.1,30,350790
2026-04-13T13:36:16.083,NF,BANKNIFTY28APR2657500CE,327.5,168.3,331.0,110.85,358.3,915120,216.44,328.0,30,328.85,90,350790
2026-04-13T13:36:18.484,NF,BANKNIFTY28APR2657500CE,328.0,168.3,331.0,110.85,358.3,915150,216.44,327.45,30,328.0,30,350790
2026-04-13T13:36:19.691,NF,BANKNIFTY28APR2657500CE,326.75,168.3,331.0,110.85,358.3,915330,216.46,325.6,30,326.7,30,350790
2026-04-13T13:36:21.092,NF,BANKNIFTY28APR2657500CE,325.7,168.3,331.0,110.85,358.3,915360,216.47,325.1,30,325.65,90,350790
2026-04-13T13:36:23.494,NF,BANKNIFTY28APR2657500CE,325.4,168.3,331.0,110.85,358.3,915540,216.49,324.5,30,325.6,60,350790
2026-04-13T13:36:24.716,NF,BANKNIFTY28APR2657500CE,324.0,168.3,331.0,110.85,358.3,915720,216.51,324.55,30,325.45,60,350790
2026-04-13T13:36:27.300,NF,BANKNIFTY28APR2657500CE,324.45,168.3,331.0,110.85,358.3,915960,216.54,325.05,30,326.2,90,350790
2026-04-13T13:36:33.509,NF,BANKNIFTY28APR2657500CE,324.9,168.3,331.0,110.85,358.3,915990,216.54,324.8,30,325.75,60,350790
2026-04-13T13:36:37.328,NF,BANKNIFTY28APR2657500CE,328.0,168.3,331.0,110.85,358.3,916080,216.55,328.4,30,329.0,30,350790
2026-04-13T13:36:42.119,NF,BANKNIFTY28APR2657500CE,329.5,168.3,331.0,110.85,358.3,916350,216.59,329.3,60,329.5,90,350790
2026-04-13T13:36:44.523,NF,BANKNIFTY28APR2657500CE,328.1,168.3,331.0,110.85,358.3,916470,216.6,328.3,30,329.4,60,350790
2026-04-13T13:36:47.126,NF,BANKNIFTY28APR2657500CE,329.5,168.3,331.0,110.85,358.3,916560,216.61,328.85,90,329.95,90,350790
2026-04-13T13:36:49.538,NF,BANKNIFTY28APR2657500CE,330.0,168.3,331.0,110.85,358.3,916590,216.61,329.85,30,330.8,30,350790
2026-04-13T13:36:50.736,NF,BANKNIFTY28APR2657500CE,329.75,168.3,331.0,110.85,358.3,916650,216.62,329.4,150,330.4,30,350790
2026-04-13T13:36:56.946,NF,BANKNIFTY28APR2657500CE,330.0,168.3,331.0,110.85,358.3,916680,216.63,328.55,60,329.8,30,350790
2026-04-13T13:37:00.746,NF,BANKNIFTY28APR2657500CE,330.2,168.3,331.0,110.85,358.3,916710,216.63,329.2,60,330.3,60,350790
2026-04-13T13:37:03.151,NF,BANKNIFTY28APR2657500CE,332.0,168.3,332.0,110.85,358.3,917070,216.67,331.8,30,332.75,120,350790
2026-04-13T13:37:05.751,NF,BANKNIFTY28APR2657500CE,332.95,168.3,332.95,110.85,358.3,917400,216.72,331.95,60,333.0,60,350790
2026-04-13T13:37:06.956,NF,BANKNIFTY28APR2657500CE,333.0,168.3,333.0,110.85,358.3,917460,216.72,331.75,60,332.75,150,350790
2026-04-13T13:37:08.165,NF,BANKNIFTY28APR2657500CE,331.35,168.3,333.0,110.85,358.3,917610,216.74,331.4,60,332.5,30,350790
2026-04-13T13:37:09.360,NF,BANKNIFTY28APR2657500CE,331.3,168.3,333.0,110.85,358.3,917700,216.75,331.4,120,332.55,30,350790
2026-04-13T13:37:13.165,NF,BANKNIFTY28APR2657500CE,331.15,168.3,333.0,110.85,358.3,917730,216.76,331.3,90,332.25,30,350790
2026-04-13T13:37:25.590,NF,BANKNIFTY28APR2657500CE,333.1,168.3,333.1,110.85,358.3,917760,216.76,331.95,30,332.9,60,350790
2026-04-13T13:37:29.211,NF,BANKNIFTY28APR2657500CE,332.45,168.3,333.1,110.85,358.3,918090,216.8,331.7,60,332.95,30,350790
2026-04-13T13:37:31.800,NF,BANKNIFTY28APR2657500CE,332.2,168.3,333.1,110.85,358.3,918150,216.81,332.05,90,333.1,30,350790
2026-04-13T13:37:33.006,NF,BANKNIFTY28APR2657500CE,333.1,168.3,333.1,110.85,358.3,918180,216.81,331.9,60,333.05,90,350790
2026-04-13T13:37:37.809,NF,BANKNIFTY28APR2657500CE,331.95,168.3,333.1,110.85,358.3,918240,216.82,331.15,30,332.0,30,350790
2026-04-13T13:37:41.616,NF,BANKNIFTY28APR2657500CE,331.65,168.3,333.1,110.85,358.3,918270,216.83,331.2,60,332.4,90,350790
2026-04-13T13:37:45.222,NF,BANKNIFTY28APR2657500CE,331.0,168.3,333.1,110.85,358.3,918300,216.83,330.1,30,330.75,30,350790
2026-04-13T13:37:54.052,NF,BANKNIFTY28APR2657500CE,332.45,168.3,333.1,110.85,358.3,918390,216.84,332.4,60,333.0,120,350790
2026-04-13T13:37:55.243,NF,BANKNIFTY28APR2657500CE,333.0,168.3,333.1,110.85,358.3,918450,216.85,332.9,30,333.0,60,350790
2026-04-13T13:37:56.441,NF,BANKNIFTY28APR2657500CE,332.9,168.3,333.1,110.85,358.3,918510,216.86,332.85,30,333.0,30,350790
2026-04-13T13:37:57.657,NF,BANKNIFTY28APR2657500CE,333.0,168.3,333.1,110.85,358.3,918540,216.86,333.05,120,334.3,150,350790
2026-04-13T13:38:00.247,NF,BANKNIFTY28APR2657500CE,333.9,168.3,333.9,110.85,358.3,918570,216.86,332.9,90,334.05,150,350790
2026-04-13T13:38:02.656,NF,BANKNIFTY28APR2657500CE,334.35,168.3,334.35,110.85,358.3,918600,216.87,333.15,30,333.9,90,350790
2026-04-13T13:38:06.254,NF,BANKNIFTY28APR2657500CE,334.4,168.3,334.4,110.85,358.3,918630,216.87,333.25,60,334.35,60,350790
2026-04-13T13:38:09.863,NF,BANKNIFTY28APR2657500CE,333.55,168.3,334.4,110.85,358.3,918660,216.88,332.95,90,334.1,60,350790
2026-04-13T13:38:11.272,NF,BANKNIFTY28APR2657500CE,334.15,168.3,334.4,110.85,358.3,918690,216.88,332.9,90,334.0,30,350790
2026-04-13T13:38:17.272,NF,BANKNIFTY28APR2657500CE,333.45,168.3,334.4,110.85,358.3,918750,216.89,332.5,150,333.5,30,350790
2026-04-13T13:38:20.917,NF,BANKNIFTY28APR2657500CE,332.4,168.3,334.4,110.85,358.3,918840,216.9,332.5,180,333.0,30,350790
2026-04-13T13:38:22.083,NF,BANKNIFTY28APR2657500CE,328.5,168.3,334.4,110.85,358.3,919350,216.96,328.4,120,329.4,30,350790
2026-04-13T13:38:24.692,NF,BANKNIFTY28APR2657500CE,328.2,168.3,334.4,110.85,358.3,919380,216.97,328.15,30,329.0,90,350790
2026-04-13T13:38:29.494,NF,BANKNIFTY28APR2657500CE,330.3,168.3,334.4,110.85,358.3,919410,216.97,328.85,30,330.05,60,350790
2026-04-13T13:38:30.697,NF,BANKNIFTY28APR2657500CE,327.8,168.3,334.4,110.85,358.3,919440,216.97,327.55,60,328.85,30,350790
2026-04-13T13:38:31.963,NF,BANKNIFTY28APR2657500CE,327.6,168.3,334.4,110.85,358.3,919470,216.98,328.0,30,329.05,60,349950
2026-04-13T13:38:33.298,NF,BANKNIFTY28APR2657500CE,328.55,168.3,334.4,110.85,358.3,919500,216.98,327.55,30,328.4,60,349950
2026-04-13T13:38:35.712,NF,BANKNIFTY28APR2657500CE,327.3,168.3,334.4,110.85,358.3,919530,216.98,327.35,30,328.25,90,349950
2026-04-13T13:38:38.107,NF,BANKNIFTY28APR2657500CE,326.9,168.3,334.4,110.85,358.3,919920,217.03,325.85,90,327.0,60,349950
2026-04-13T13:38:40.518,NF,BANKNIFTY28APR2657500CE,326.05,168.3,334.4,110.85,358.3,920040,217.04,326.0,30,327.15,90,349950
2026-04-13T13:38:42.918,NF,BANKNIFTY28APR2657500CE,327.5,168.3,334.4,110.85,358.3,920070,217.05,326.1,60,327.2,90,349950
2026-04-13T13:38:45.522,NF,BANKNIFTY28APR2657500CE,327.55,168.3,334.4,110.85,358.3,920130,217.05,326.15,180,327.4,30,349950
2026-04-13T13:38:46.719,NF,BANKNIFTY28APR2657500CE,327.4,168.3,334.4,110.85,358.3,920160,217.06,325.6,30,326.85,90,349950
2026-04-13T13:38:47.932,NF,BANKNIFTY28APR2657500CE,325.5,168.3,334.4,110.85,358.3,920250,217.07,325.45,30,326.5,90,349950
2026-04-13T13:38:49.124,NF,BANKNIFTY28APR2657500CE,325.6,168.3,334.4,110.85,358.3,920310,217.08,325.35,30,326.3,60,349950
2026-04-13T13:38:52.929,NF,BANKNIFTY28APR2657500CE,325.6,168.3,334.4,110.85,358.3,920340,217.08,325.05,30,325.55,30,349950
2026-04-13T13:38:54.133,NF,BANKNIFTY28APR2657500CE,325.05,168.3,334.4,110.85,358.3,920400,217.09,325.45,120,326.25,30,349950
2026-04-13T13:38:57.935,NF,BANKNIFTY28APR2657500CE,325.65,168.3,334.4,110.85,358.3,920520,217.1,325.0,60,325.8,60,349950
2026-04-13T13:39:00.337,NF,BANKNIFTY28APR2657500CE,324.35,168.3,334.4,110.85,358.3,920610,217.11,323.35,150,324.35,30,349950
2026-04-13T13:39:01.542,NF,BANKNIFTY28APR2657500CE,323.65,168.3,334.4,110.85,358.3,920640,217.11,322.75,120,323.65,30,349950
2026-04-13T13:39:02.749,NF,BANKNIFTY28APR2657500CE,322.7,168.3,334.4,110.85,358.3,920790,217.13,322.15,30,322.65,60,349950
2026-04-13T13:39:03.949,NF,BANKNIFTY28APR2657500CE,321.6,168.3,334.4,110.85,358.3,920850,217.14,321.15,30,322.3,90,349950
2026-04-13T13:39:05.153,NF,BANKNIFTY28APR2657500CE,322.35,168.3,334.4,110.85,358.3,920880,217.14,321.75,30,322.6,90,349950
2026-04-13T13:39:06.354,NF,BANKNIFTY28APR2657500CE,321.55,168.3,334.4,110.85,358.3,920910,217.15,320.5,150,321.8,90,349950
2026-04-13T13:39:07.550,NF,BANKNIFTY28APR2657500CE,321.6,168.3,334.4,110.85,358.3,920940,217.15,320.45,60,321.55,30,349950
2026-04-13T13:39:08.953,NF,BANKNIFTY28APR2657500CE,321.1,168.3,334.4,110.85,358.3,921000,217.16,320.2,30,321.3,150,349950
2026-04-13T13:39:11.355,NF,BANKNIFTY28APR2657500CE,320.05,168.3,334.4,110.85,358.3,921270,217.19,320.25,60,321.1,30,349950
2026-04-13T13:39:12.562,NF,BANKNIFTY28APR2657500CE,321.45,168.3,334.4,110.85,358.3,921360,217.2,320.6,60,321.55,60,349950
2026-04-13T13:39:13.760,NF,BANKNIFTY28APR2657500CE,320.95,168.3,334.4,110.85,358.3,921480,217.21,320.35,30,321.2,120,349950
2026-04-13T13:39:17.362,NF,BANKNIFTY28APR2657500CE,321.25,168.3,334.4,110.85,358.3,921570,217.22,320.0,30,321.05,90,349950
2026-04-13T13:39:18.768,NF,BANKNIFTY28APR2657500CE,318.0,168.3,334.4,110.85,358.3,921810,217.25,317.35,60,318.4,30,349950
2026-04-13T13:39:19.964,NF,BANKNIFTY28APR2657500CE,317.4,168.3,334.4,110.85,358.3,921870,217.25,317.95,30,319.0,120,349950
2026-04-13T13:39:21.167,NF,BANKNIFTY28APR2657500CE,318.6,168.3,334.4,110.85,358.3,922080,217.28,317.5,30,318.65,120,349950
2026-04-13T13:39:22.387,NF,BANKNIFTY28APR2657500CE,317.45,168.3,334.4,110.85,358.3,922440,217.32,317.1,90,318.45,120,349950
2026-04-13T13:39:23.776,NF,BANKNIFTY28APR2657500CE,319.7,168.3,334.4,110.85,358.3,922740,217.35,318.55,60,319.65,180,349950
2026-04-13T13:39:24.985,NF,BANKNIFTY28APR2657500CE,319.4,168.3,334.4,110.85,358.3,922890,217.36,319.1,60,320.25,60,349950
2026-04-13T13:39:26.174,NF,BANKNIFTY28APR2657500CE,319.2,168.3,334.4,110.85,358.3,922920,217.37,319.5,90,320.25,30,349950
2026-04-13T13:39:28.578,NF,BANKNIFTY28APR2657500CE,320.3,168.3,334.4,110.85,358.3,922950,217.37,319.55,30,320.45,120,349950
2026-04-13T13:39:29.780,NF,BANKNIFTY28APR2657500CE,319.2,168.3,334.4,110.85,358.3,923280,217.41,319.05,120,320.15,90,349950
2026-04-13T13:39:33.388,NF,BANKNIFTY28APR2657500CE,319.0,168.3,334.4,110.85,358.3,923430,217.42,319.0,90,319.9,120,349950
2026-04-13T13:39:38.396,NF,BANKNIFTY28APR2657500CE,322.5,168.3,334.4,110.85,358.3,923460,217.43,322.7,30,323.6,60,349950
2026-04-13T13:39:39.596,NF,BANKNIFTY28APR2657500CE,323.65,168.3,334.4,110.85,358.3,923490,217.43,322.75,30,323.55,150,349950
2026-04-13T13:39:45.810,NF,BANKNIFTY28APR2657500CE,323.05,168.3,334.4,110.85,358.3,923520,217.43,323.15,30,323.95,60,349950
2026-04-13T13:39:48.420,NF,BANKNIFTY28APR2657500CE,323.55,168.3,334.4,110.85,358.3,923580,217.44,323.9,30,324.85,60,349950
2026-04-13T13:39:50.817,NF,BANKNIFTY28APR2657500CE,325.45,168.3,334.4,110.85,358.3,923760,217.46,324.25,90,325.4,150,349950
2026-04-13T13:39:53.438,NF,BANKNIFTY28APR2657500CE,324.5,168.3,334.4,110.85,358.3,923910,217.48,324.55,60,325.65,90,349950
2026-04-13T13:39:57.030,NF,BANKNIFTY28APR2657500CE,324.55,168.3,334.4,110.85,358.3,923940,217.48,324.55,60,325.8,30,349950
2026-04-13T13:39:58.427,NF,BANKNIFTY28APR2657500CE,325.25,168.3,334.4,110.85,358.3,923970,217.49,325.4,30,326.45,150,349950
2026-04-13T13:40:00.849,NF,BANKNIFTY28APR2657500CE,325.3,168.3,334.4,110.85,358.3,924120,217.5,324.25,30,324.95,60,349950
2026-04-13T13:40:02.051,NF,BANKNIFTY28APR2657500CE,325.05,168.3,334.4,110.85,358.3,924150,217.51,325.25,30,326.25,60,349950
2026-04-13T13:40:03.457,NF,BANKNIFTY28APR2657500CE,326.85,168.3,334.4,110.85,358.3,924210,217.52,326.05,120,327.0,150,349950
2026-04-13T13:40:10.852,NF,BANKNIFTY28APR2657500CE,326.0,168.3,334.4,110.85,358.3,924270,217.52,325.85,30,326.45,90,349950
2026-04-13T13:40:18.262,NF,BANKNIFTY28APR2657500CE,326.35,168.3,334.4,110.85,358.3,924300,217.53,325.25,90,326.35,240,349950
2026-04-13T13:40:19.461,NF,BANKNIFTY28APR2657500CE,325.25,168.3,334.4,110.85,358.3,924540,217.55,325.15,30,326.25,180,349950
2026-04-13T13:40:20.667,NF,BANKNIFTY28APR2657500CE,326.0,168.3,334.4,110.85,358.3,924570,217.56,325.15,30,326.15,30,349950
2026-04-13T13:40:21.865,NF,BANKNIFTY28APR2657500CE,325.0,168.3,334.4,110.85,358.3,924750,217.58,324.8,30,326.0,60,349950
2026-04-13T13:40:25.471,NF,BANKNIFTY28APR2657500CE,324.75,168.3,334.4,110.85,358.3,924780,217.58,324.65,60,325.75,60,349950
2026-04-13T13:40:35.286,NF,BANKNIFTY28APR2657500CE,325.2,168.3,334.4,110.85,358.3,924810,217.59,325.25,90,326.0,30,349950
2026-04-13T13:40:43.507,NF,BANKNIFTY28APR2657500CE,326.0,168.3,334.4,110.85,358.3,924870,217.59,325.15,30,326.0,60,349950
2026-04-13T13:40:49.711,NF,BANKNIFTY28APR2657500CE,323.9,168.3,334.4,110.85,358.3,925050,217.61,322.9,60,323.9,30,349950
2026-04-13T13:40:59.745,NF,BANKNIFTY28APR2657500CE,324.0,168.3,334.4,110.85,358.3,925080,217.62,323.6,60,324.75,60,349950
2026-04-13T13:41:05.935,NF,BANKNIFTY28APR2657500CE,323.95,168.3,334.4,110.85,358.3,925110,217.62,323.45,30,323.85,60,349950
2026-04-13T13:41:07.152,NF,BANKNIFTY28APR2657500CE,323.95,168.3,334.4,110.85,358.3,925170,217.63,323.45,30,323.95,30,349950
2026-04-13T13:41:14.347,NF,BANKNIFTY28APR2657500CE,322.95,168.3,334.4,110.85,358.3,925320,217.64,323.0,150,323.95,1950,349950
2026-04-13T13:41:15.548,NF,BANKNIFTY28APR2657500CE,323.0,168.3,334.4,110.85,358.3,925440,217.66,322.95,150,323.95,1980,349950
2026-04-13T13:41:17.976,NF,BANKNIFTY28APR2657500CE,322.95,168.3,334.4,110.85,358.3,925470,217.66,322.9,210,323.95,2070,349950
2026-04-13T13:41:20.356,NF,BANKNIFTY28APR2657500CE,323.0,168.3,334.4,110.85,358.3,925920,217.71,322.95,150,323.95,1800,349950
2026-04-13T13:41:27.764,NF,BANKNIFTY28APR2657500CE,323.65,168.3,334.4,110.85,358.3,925950,217.72,322.1,150,323.0,900,349950
2026-04-13T13:41:29.995,NF,BANKNIFTY28APR2657500CE,322.55,168.3,334.4,110.85,358.3,925980,217.72,322.45,180,323.0,900,349950
2026-04-13T13:41:31.179,NF,BANKNIFTY28APR2657500CE,322.55,168.3,334.4,110.85,358.3,926010,217.72,322.4,120,323.0,900,349950
2026-04-13T13:41:32.376,NF,BANKNIFTY28APR2657500CE,323.0,168.3,334.4,110.85,358.3,926730,217.8,322.65,180,323.0,180,350850
2026-04-13T13:41:33.592,NF,BANKNIFTY28APR2657500CE,322.45,168.3,334.4,110.85,358.3,926760,217.81,322.35,30,323.0,180,350850
2026-04-13T13:41:36.179,NF,BANKNIFTY28APR2657500CE,322.35,168.3,334.4,110.85,358.3,926790,217.81,322.0,180,322.7,60,350850
2026-04-13T13:41:37.382,NF,BANKNIFTY28APR2657500CE,323.0,168.3,334.4,110.85,358.3,927030,217.84,322.85,180,323.85,60,350850
2026-04-13T13:41:38.585,NF,BANKNIFTY28APR2657500CE,322.35,168.3,334.4,110.85,358.3,927210,217.86,322.1,150,323.3,90,350850
2026-04-13T13:41:42.200,NF,BANKNIFTY28APR2657500CE,321.55,168.3,334.4,110.85,358.3,927360,217.88,320.65,120,321.65,60,350850
2026-04-13T13:41:47.203,NF,BANKNIFTY28APR2657500CE,320.0,168.3,334.4,110.85,358.3,927810,217.92,319.15,120,320.1,60,350850
2026-04-13T13:41:54.628,NF,BANKNIFTY28APR2657500CE,319.6,168.3,334.4,110.85,358.3,927840,217.93,319.45,30,319.8,60,350850
2026-04-13T13:41:57.018,NF,BANKNIFTY28APR2657500CE,318.65,168.3,334.4,110.85,358.3,928440,217.99,318.65,270,319.8,90,350850
2026-04-13T13:41:58.228,NF,BANKNIFTY28APR2657500CE,320.0,168.3,334.4,110.85,358.3,929610,218.12,320.1,30,321.15,150,350850
2026-04-13T13:42:00.625,NF,BANKNIFTY28APR2657500CE,320.25,168.3,334.4,110.85,358.3,929670,218.13,319.85,30,320.3,90,350850
2026-04-13T13:42:01.839,NF,BANKNIFTY28APR2657500CE,320.3,168.3,334.4,110.85,358.3,929700,218.13,319.9,120,321.15,120,350850
2026-04-13T13:42:09.238,NF,BANKNIFTY28APR2657500CE,321.3,168.3,334.4,110.85,358.3,929820,218.14,320.75,120,321.65,30,350850
2026-04-13T13:42:10.667,NF,BANKNIFTY28APR2657500CE,320.75,168.3,334.4,110.85,358.3,929880,218.15,320.0,90,320.95,60,350850
2026-04-13T13:42:14.245,NF,BANKNIFTY28APR2657500CE,320.95,168.3,334.4,110.85,358.3,929910,218.15,321.0,60,322.15,90,350850
2026-04-13T13:42:21.671,NF,BANKNIFTY28APR2657500CE,323.45,168.3,334.4,110.85,358.3,929940,218.16,322.3,60,323.5,30,350850
2026-04-13T13:42:24.276,NF,BANKNIFTY28APR2657500CE,320.95,168.3,334.4,110.85,358.3,930030,218.17,320.0,60,321.1,60,350850
2026-04-13T13:42:27.869,NF,BANKNIFTY28APR2657500CE,320.2,168.3,334.4,110.85,358.3,930060,218.17,320.0,60,320.85,30,350850
2026-04-13T13:42:29.070,NF,BANKNIFTY28APR2657500CE,320.0,168.3,334.4,110.85,358.3,930120,218.18,319.0,120,319.6,30,350850
2026-04-13T13:42:30.291,NF,BANKNIFTY28APR2657500CE,319.0,168.3,334.4,110.85,358.3,930210,218.19,318.0,30,318.95,90,350850
2026-04-13T13:42:34.080,NF,BANKNIFTY28APR2657500CE,320.05,168.3,334.4,110.85,358.3,930300,218.2,318.05,180,319.3,60,350850
2026-04-13T13:42:41.493,NF,BANKNIFTY28APR2657500CE,318.0,168.3,334.4,110.85,358.3,930330,218.2,316.8,60,317.8,30,350850
2026-04-13T13:42:45.107,NF,BANKNIFTY28APR2657500CE,316.4,168.3,334.4,110.85,358.3,930390,218.21,316.3,90,317.5,60,350850
2026-04-13T13:42:47.699,NF,BANKNIFTY28APR2657500CE,317.4,168.3,334.4,110.85,358.3,930420,218.21,316.85,180,317.85,30,350850
2026-04-13T13:42:48.908,NF,BANKNIFTY28APR2657500CE,316.55,168.3,334.4,110.85,358.3,930450,218.21,316.15,120,317.25,30,350850
2026-04-13T13:42:51.318,NF,BANKNIFTY28APR2657500CE,316.0,168.3,334.4,110.85,358.3,930480,218.22,315.7,150,316.75,30,350850
2026-04-13T13:42:53.729,NF,BANKNIFTY28APR2657500CE,315.7,168.3,334.4,110.85,358.3,930540,218.22,315.2,120,316.25,60,350850
2026-04-13T13:42:57.517,NF,BANKNIFTY28APR2657500CE,315.7,168.3,334.4,110.85,358.3,930570,218.23,315.65,120,316.45,30,350850
2026-04-13T13:43:01.323,NF,BANKNIFTY28APR2657500CE,315.4,168.3,334.4,110.85,358.3,930600,218.23,314.7,150,315.6,30,350850
2026-04-13T13:43:03.735,NF,BANKNIFTY28APR2657500CE,314.05,168.3,334.4,110.85,358.3,930660,218.24,314.6,30,315.75,30,350850
2026-04-13T13:43:07.355,NF,BANKNIFTY28APR2657500CE,316.05,168.3,334.4,110.85,358.3,930690,218.24,317.4,60,318.65,30,350850
2026-04-13T13:43:15.744,NF,BANKNIFTY28APR2657500CE,316.05,168.3,334.4,110.85,358.3,930840,218.25,315.6,60,316.55,30,350850
2026-04-13T13:43:27.762,NF,BANKNIFTY28APR2657500CE,315.9,168.3,334.4,110.85,358.3,930870,218.26,315.4,30,316.2,90,350850
2026-04-13T13:43:39.976,NF,BANKNIFTY28APR2657500CE,315.65,168.3,334.4,110.85,358.3,930930,218.26,314.6,60,315.8,90,350850
2026-04-13T13:43:44.807,NF,BANKNIFTY28APR2657500CE,316.6,168.3,334.4,110.85,358.3,930960,218.27,316.45,30,317.6,180,350850
2026-04-13T13:43:58.407,NF,BANKNIFTY28APR2657500CE,316.65,168.3,334.4,110.85,358.3,930990,218.27,316.05,60,317.1,150,350850
2026-04-13T13:44:03.412,NF,BANKNIFTY28APR2657500CE,316.65,168.3,334.4,110.85,358.3,931080,218.28,316.6,30,317.8,60,350850
2026-04-13T13:44:04.614,NF,BANKNIFTY28APR2657500CE,317.85,168.3,334.4,110.85,358.3,931110,218.28,316.7,90,317.85,60,350850
2026-04-13T13:44:15.434,NF,BANKNIFTY28APR2657500CE,315.6,168.3,334.4,110.85,358.3,931140,218.29,313.75,30,314.8,60,350850
2026-04-13T13:44:36.071,NF,BANKNIFTY28APR2657500CE,314.1,168.3,334.4,110.85,358.3,931170,218.29,313.5,60,314.7,60,351960
2026-04-13T13:44:37.276,NF,BANKNIFTY28APR2657500CE,313.35,168.3,334.4,110.85,358.3,931200,218.29,313.15,90,314.35,90,351960
2026-04-13T13:44:51.289,NF,BANKNIFTY28APR2657500CE,316.15,168.3,334.4,110.85,358.3,932220,218.4,314.75,90,315.9,90,351960
2026-04-13T13:44:58.308,NF,BANKNIFTY28APR2657500CE,315.7,168.3,334.4,110.85,358.3,932370,218.41,315.95,60,317.15,60,351960
2026-04-13T13:45:05.520,NF,BANKNIFTY28APR2657500CE,317.25,168.3,334.4,110.85,358.3,932670,218.45,317.0,30,318.2,90,351960
2026-04-13T13:45:12.927,NF,BANKNIFTY28APR2657500CE,316.0,168.3,334.4,110.85,358.3,932730,218.45,314.35,120,315.25,60,351960
2026-04-13T13:45:14.335,NF,BANKNIFTY28APR2657500CE,313.75,168.3,334.4,110.85,358.3,932790,218.46,313.55,120,314.65,30,351960
2026-04-13T13:45:16.745,NF,BANKNIFTY28APR2657500CE,313.35,168.3,334.4,110.85,358.3,932820,218.46,312.9,210,313.95,30,351960
2026-04-13T13:45:35.364,NF,BANKNIFTY28APR2657500CE,313.7,168.3,334.4,110.85,358.3,932850,218.46,313.5,90,314.65,60,351960
2026-04-13T13:45:40.181,NF,BANKNIFTY28APR2657500CE,314.65,168.3,334.4,110.85,358.3,932910,218.47,313.8,60,314.95,120,351960
2026-04-13T13:45:46.179,NF,BANKNIFTY28APR2657500CE,313.35,168.3,334.4,110.85,358.3,933030,218.48,312.75,180,313.6,30,351960
2026-04-13T13:45:51.185,NF,BANKNIFTY28APR2657500CE,311.8,168.3,334.4,110.85,358.3,933090,218.49,310.9,120,311.7,60,351960
2026-04-13T13:45:52.388,NF,BANKNIFTY28APR2657500CE,311.1,168.3,334.4,110.85,358.3,933300,218.51,311.3,120,312.25,30,351960
2026-04-13T13:45:53.591,NF,BANKNIFTY28APR2657500CE,311.15,168.3,334.4,110.85,358.3,933390,218.52,311.15,270,312.05,60,351960
2026-04-13T13:45:55.010,NF,BANKNIFTY28APR2657500CE,310.55,168.3,334.4,110.85,358.3,933510,218.53,310.65,120,311.7,60,351960
2026-04-13T13:45:56.200,NF,BANKNIFTY28APR2657500CE,311.35,168.3,334.4,110.85,358.3,933570,218.54,310.55,60,311.75,60,351960
2026-04-13T13:46:01.003,NF,BANKNIFTY28APR2657500CE,311.55,168.3,334.4,110.85,358.3,933600,218.54,311.35,210,312.3,60,351960
2026-04-13T13:46:02.401,NF,BANKNIFTY28APR2657500CE,313.75,168.3,334.4,110.85,358.3,933780,218.56,312.15,120,313.15,30,351960
2026-04-13T13:46:08.424,NF,BANKNIFTY28APR2657500CE,313.0,168.3,334.4,110.85,358.3,933960,218.58,312.9,180,314.15,60,351960
2026-04-13T13:46:17.222,NF,BANKNIFTY28APR2657500CE,311.35,168.3,334.4,110.85,358.3,933990,218.58,310.75,120,311.65,90,351960
2026-04-13T13:46:23.240,NF,BANKNIFTY28APR2657500CE,312.15,168.3,334.4,110.85,358.3,934080,218.59,311.5,120,312.5,90,351960
2026-04-13T13:46:24.435,NF,BANKNIFTY28APR2657500CE,312.5,168.3,334.4,110.85,358.3,934170,218.6,311.6,120,312.55,90,351960
2026-04-13T13:46:25.839,NF,BANKNIFTY28APR2657500CE,312.05,168.3,334.4,110.85,358.3,934260,218.61,311.6,120,312.6,60,351960
2026-04-13T13:46:27.050,NF,BANKNIFTY28APR2657500CE,312.6,168.3,334.4,110.85,358.3,934290,218.61,311.75,120,312.6,30,351960
2026-04-13T13:46:29.439,NF,BANKNIFTY28APR2657500CE,311.85,168.3,334.4,110.85,358.3,934320,218.61,311.25,120,311.9,90,351960
2026-04-13T13:46:34.444,NF,BANKNIFTY28APR2657500CE,311.9,168.3,334.4,110.85,358.3,934410,218.62,311.15,240,311.85,90,351960
2026-04-13T13:46:38.056,NF,BANKNIFTY28APR2657500CE,311.85,168.3,334.4,110.85,358.3,934500,218.63,311.7,30,312.35,90,351960
2026-04-13T13:46:39.266,NF,BANKNIFTY28APR2657500CE,312.35,168.3,334.4,110.85,358.3,934590,218.64,312.3,90,313.05,90,351960
2026-04-13T13:46:43.057,NF,BANKNIFTY28APR2657500CE,310.95,168.3,334.4,110.85,358.3,934620,218.64,310.65,180,311.6,30,351960
2026-04-13T13:46:48.065,NF,BANKNIFTY28APR2657500CE,309.2,168.3,334.4,110.85,358.3,934740,218.65,308.8,120,309.5,60,351960
2026-04-13T13:46:50.472,NF,BANKNIFTY28APR2657500CE,308.6,168.3,334.4,110.85,358.3,934830,218.66,308.25,120,309.15,60,351960
2026-04-13T13:46:51.674,NF,BANKNIFTY28APR2657500CE,308.2,168.3,334.4,110.85,358.3,934980,218.68,308.15,150,309.15,30,351960
2026-04-13T13:46:52.875,NF,BANKNIFTY28APR2657500CE,309.35,168.3,334.4,110.85,358.3,935010,218.68,308.35,150,309.35,60,351960
2026-04-13T13:46:54.273,NF,BANKNIFTY28APR2657500CE,309.0,168.3,334.4,110.85,358.3,935040,218.68,307.9,60,308.75,60,351960
2026-04-13T13:46:55.477,NF,BANKNIFTY28APR2657500CE,309.4,168.3,334.4,110.85,358.3,935070,218.69,308.45,30,309.5,60,351960
2026-04-13T13:46:59.087,NF,BANKNIFTY28APR2657500CE,308.45,168.3,334.4,110.85,358.3,935100,218.69,307.5,240,308.45,90,351960
2026-04-13T13:47:00.292,NF,BANKNIFTY28APR2657500CE,309.0,168.3,334.4,110.85,358.3,935250,218.7,308.25,120,309.0,300,351960
2026-04-13T13:47:01.687,NF,BANKNIFTY28APR2657500CE,309.0,168.3,334.4,110.85,358.3,935490,218.73,308.75,60,309.75,60,351960
2026-04-13T13:47:05.295,NF,BANKNIFTY28APR2657500CE,310.95,168.3,334.4,110.85,358.3,935550,218.73,309.55,60,310.6,90,351960
2026-04-13T13:47:06.496,NF,BANKNIFTY28APR2657500CE,311.0,168.3,334.4,110.85,358.3,935610,218.74,310.0,30,311.0,60,351960
2026-04-13T13:47:07.704,NF,BANKNIFTY28APR2657500CE,311.4,168.3,334.4,110.85,358.3,935640,218.74,311.1,60,311.4,30,351960
2026-04-13T13:47:09.101,NF,BANKNIFTY28APR2657500CE,313.9,168.3,334.4,110.85,358.3,935880,218.77,313.3,120,314.35,60,351960
2026-04-13T13:47:10.302,NF,BANKNIFTY28APR2657500CE,311.85,168.3,334.4,110.85,358.3,935910,218.77,312.25,180,313.2,30,351960
2026-04-13T13:47:11.506,NF,BANKNIFTY28APR2657500CE,311.8,168.3,334.4,110.85,358.3,936060,218.78,311.85,180,312.95,60,351960
2026-04-13T13:47:13.909,NF,BANKNIFTY28APR2657500CE,311.4,168.3,334.4,110.85,358.3,936120,218.79,310.4,30,311.45,30,351960
2026-04-13T13:47:16.510,NF,BANKNIFTY28APR2657500CE,310.3,168.3,334.4,110.85,358.3,936150,218.79,309.4,60,310.5,60,351960
2026-04-13T13:47:17.726,NF,BANKNIFTY28APR2657500CE,309.6,168.3,334.4,110.85,358.3,936180,218.8,309.5,180,310.75,270,351960
2026-04-13T13:47:20.125,NF,BANKNIFTY28APR2657500CE,310.6,168.3,334.4,110.85,358.3,936210,218.8,309.5,90,310.6,90,351960
2026-04-13T13:47:21.519,NF,BANKNIFTY28APR2657500CE,309.85,168.3,334.4,110.85,358.3,936240,218.8,310.0,30,311.15,120,351960
2026-04-13T13:47:23.928,NF,BANKNIFTY28APR2657500CE,309.4,168.3,334.4,110.85,358.3,936510,218.83,309.4,120,310.45,60,351960
2026-04-13T13:47:28.814,NF,BANKNIFTY28APR2657500CE,312.6,168.3,334.4,110.85,358.3,936720,218.85,311.1,60,312.1,120,351960
2026-04-13T13:47:32.545,NF,BANKNIFTY28APR2657500CE,312.1,168.3,334.4,110.85,358.3,936750,218.85,311.7,60,312.45,90,351960
2026-04-13T13:47:35.039,NF,BANKNIFTY28APR2657500CE,313.45,168.3,334.4,110.85,358.3,936930,218.87,313.05,30,313.7,120,353490
2026-04-13T13:47:36.343,NF,BANKNIFTY28APR2657500CE,313.7,168.3,334.4,110.85,358.3,937020,218.88,312.7,30,313.65,90,353490
2026-04-13T13:47:39.962,NF,BANKNIFTY28APR2657500CE,312.8,168.3,334.4,110.85,358.3,937110,218.89,312.7,30,313.25,120,353490
2026-04-13T13:47:41.152,NF,BANKNIFTY28APR2657500CE,313.25,168.3,334.4,110.85,358.3,937140,218.89,312.75,30,313.4,90,353490
2026-04-13T13:47:43.559,NF,BANKNIFTY28APR2657500CE,312.5,168.3,334.4,110.85,358.3,937260,218.9,311.3,180,312.35,30,353490
2026-04-13T13:47:44.965,NF,BANKNIFTY28APR2657500CE,311.25,168.3,334.4,110.85,358.3,937590,218.93,311.0,120,311.6,90,353490
2026-04-13T13:47:46.170,NF,BANKNIFTY28APR2657500CE,311.25,168.3,334.4,110.85,358.3,937710,218.95,310.95,120,311.8,90,353490
2026-04-13T13:47:52.372,NF,BANKNIFTY28APR2657500CE,309.45,168.3,334.4,110.85,358.3,937830,218.96,308.85,120,309.8,90,353490
2026-04-13T13:47:54.776,NF,BANKNIFTY28APR2657500CE,308.55,168.3,334.4,110.85,358.3,937950,218.97,308.9,120,309.8,90,353490
2026-04-13T13:47:57.394,NF,BANKNIFTY28APR2657500CE,309.8,168.3,334.4,110.85,358.3,937980,218.97,308.8,120,309.7,60,353490
2026-04-13T13:47:58.581,NF,BANKNIFTY28APR2657500CE,309.15,168.3,334.4,110.85,358.3,938160,218.99,308.8,120,309.55,30,353490
2026-04-13T13:47:59.787,NF,BANKNIFTY28APR2657500CE,308.8,168.3,334.4,110.85,358.3,938400,219.01,308.65,390,309.55,30,353490
2026-04-13T13:48:01.187,NF,BANKNIFTY28APR2657500CE,308.65,168.3,334.4,110.85,358.3,938430,219.02,308.65,330,309.5,120,353490
2026-04-13T13:48:03.601,NF,BANKNIFTY28APR2657500CE,307.15,168.3,334.4,110.85,358.3,939030,219.07,307.0,150,307.9,60,353490
2026-04-13T13:48:04.803,NF,BANKNIFTY28APR2657500CE,307.9,168.3,334.4,110.85,358.3,939090,219.08,307.65,120,308.5,120,353490
2026-04-13T13:48:06.190,NF,BANKNIFTY28APR2657500CE,307.55,168.3,334.4,110.85,358.3,939120,219.08,307.55,150,308.6,90,353490
2026-04-13T13:48:08.617,NF,BANKNIFTY28APR2657500CE,307.45,168.3,334.4,110.85,358.3,939150,219.08,306.75,120,307.75,60,353490
2026-04-13T13:48:12.403,NF,BANKNIFTY28APR2657500CE,307.3,168.3,334.4,110.85,358.3,939180,219.09,306.5,30,307.4,90,353490
2026-04-13T13:48:16.009,NF,BANKNIFTY28APR2657500CE,306.7,168.3,334.4,110.85,358.3,939360,219.1,306.65,120,307.5,60,353490
2026-04-13T13:48:17.412,NF,BANKNIFTY28APR2657500CE,306.0,168.3,334.4,110.85,358.3,939450,219.11,305.05,120,306.05,30,353490
2026-04-13T13:48:18.614,NF,BANKNIFTY28APR2657500CE,306.15,168.3,334.4,110.85,358.3,939480,219.11,305.45,120,306.35,60,353490
2026-04-13T13:48:19.821,NF,BANKNIFTY28APR2657500CE,306.05,168.3,334.4,110.85,358.3,939540,219.12,305.05,180,306.1,90,353490
2026-04-13T13:48:21.018,NF,BANKNIFTY28APR2657500CE,304.85,168.3,334.4,110.85,358.3,939690,219.13,304.85,120,305.8,60,353490
2026-04-13T13:48:23.621,NF,BANKNIFTY28APR2657500CE,306.65,168.3,334.4,110.85,358.3,939720,219.14,306.5,120,307.3,30,353490
2026-04-13T13:48:29.844,NF,BANKNIFTY28APR2657500CE,306.05,168.3,334.4,110.85,358.3,939750,219.14,306.0,30,306.65,90,353490
2026-04-13T13:48:31.032,NF,BANKNIFTY28APR2657500CE,306.0,168.3,334.4,110.85,358.3,939780,219.14,304.85,150,305.8,90,353490
2026-04-13T13:48:32.436,NF,BANKNIFTY28APR2657500CE,304.85,168.3,334.4,110.85,358.3,939840,219.15,304.95,30,305.85,30,353490
2026-04-13T13:48:33.638,NF,BANKNIFTY28APR2657500CE,304.45,168.3,334.4,110.85,358.3,940050,219.17,304.7,150,305.65,60,353490
2026-04-13T13:48:34.839,NF,BANKNIFTY28APR2657500CE,305.4,168.3,334.4,110.85,358.3,940110,219.17,304.6,150,305.65,90,353490
2026-04-13T13:48:37.446,NF,BANKNIFTY28APR2657500CE,306.85,168.3,334.4,110.85,358.3,940140,219.17,306.35,30,307.25,60,353490
2026-04-13T13:48:38.668,NF,BANKNIFTY28APR2657500CE,307.25,168.3,334.4,110.85,358.3,940170,219.18,306.25,30,307.25,90,353490
2026-04-13T13:48:39.859,NF,BANKNIFTY28APR2657500CE,307.0,168.3,334.4,110.85,358.3,940200,219.18,306.1,90,307.1,90,353490
2026-04-13T13:48:43.683,NF,BANKNIFTY28APR2657500CE,305.9,168.3,334.4,110.85,358.3,940230,219.18,305.95,30,307.1,90,353490
2026-04-13T13:48:47.466,NF,BANKNIFTY28APR2657500CE,308.35,168.3,334.4,110.85,358.3,940320,219.19,308.9,90,310.1,90,353490
2026-04-13T13:48:48.671,NF,BANKNIFTY28APR2657500CE,310.05,168.3,334.4,110.85,358.3,940350,219.19,308.7,60,309.9,90,353490
2026-04-13T13:48:52.471,NF,BANKNIFTY28APR2657500CE,310.0,168.3,334.4,110.85,358.3,940470,219.21,309.95,90,310.85,90,353490
2026-04-13T13:48:53.670,NF,BANKNIFTY28APR2657500CE,309.95,168.3,334.4,110.85,358.3,940500,219.21,309.9,30,310.85,90,353490
2026-04-13T13:48:54.872,NF,BANKNIFTY28APR2657500CE,310.9,168.3,334.4,110.85,358.3,940800,219.24,310.45,60,311.6,60,353490
2026-04-13T13:48:57.474,NF,BANKNIFTY28APR2657500CE,309.8,168.3,334.4,110.85,358.3,940860,219.24,308.85,150,310.0,60,353490
2026-04-13T13:48:58.681,NF,BANKNIFTY28APR2657500CE,309.8,168.3,334.4,110.85,358.3,941160,219.27,309.7,60,310.65,60,353490
2026-04-13T13:49:01.091,NF,BANKNIFTY28APR2657500CE,311.2,168.3,334.4,110.85,358.3,941310,219.29,311.2,60,312.3,60,353490
2026-04-13T13:49:07.487,NF,BANKNIFTY28APR2657500CE,313.5,168.3,334.4,110.85,358.3,941610,219.32,312.85,30,314.1,180,353490
2026-04-13T13:49:12.497,NF,BANKNIFTY28APR2657500CE,311.85,168.3,334.4,110.85,358.3,942030,219.36,311.85,120,312.95,90,353490
2026-04-13T13:49:21.135,NF,BANKNIFTY28APR2657500CE,312.65,168.3,334.4,110.85,358.3,942120,219.37,312.3,30,312.65,30,353490
2026-04-13T13:49:26.117,NF,BANKNIFTY28APR2657500CE,312.1,168.3,334.4,110.85,358.3,942150,219.37,311.25,180,312.15,30,353490
2026-04-13T13:49:31.122,NF,BANKNIFTY28APR2657500CE,312.1,168.3,334.4,110.85,358.3,942180,219.37,311.35,90,312.45,60,353490
2026-04-13T13:49:32.328,NF,BANKNIFTY28APR2657500CE,311.25,168.3,334.4,110.85,358.3,942210,219.38,311.35,90,312.45,30,353490
2026-04-13T13:49:44.541,NF,BANKNIFTY28APR2657500CE,313.5,168.3,334.4,110.85,358.3,942360,219.39,315.1,120,316.3,30,353490
2026-04-13T13:49:45.942,NF,BANKNIFTY28APR2657500CE,315.15,168.3,334.4,110.85,358.3,942420,219.4,315.3,30,316.25,30,353490
2026-04-13T13:49:48.346,NF,BANKNIFTY28APR2657500CE,315.4,168.3,334.4,110.85,358.3,942450,219.4,314.55,90,315.7,60,353490
2026-04-13T13:49:49.546,NF,BANKNIFTY28APR2657500CE,315.7,168.3,334.4,110.85,358.3,942540,219.41,314.6,300,315.65,30,353490
2026-04-13T13:49:50.957,NF,BANKNIFTY28APR2657500CE,317.05,168.3,334.4,110.85,358.3,942690,219.42,315.55,90,316.65,30,353490
2026-04-13T13:49:52.161,NF,BANKNIFTY28APR2657500CE,315.55,168.3,334.4,110.85,358.3,942720,219.43,313.65,30,314.4,60,353490
2026-04-13T13:49:53.350,NF,BANKNIFTY28APR2657500CE,314.7,168.3,334.4,110.85,358.3,942750,219.43,314.1,60,315.1,60,353490
2026-04-13T13:49:54.553,NF,BANKNIFTY28APR2657500CE,315.15,168.3,334.4,110.85,358.3,942900,219.45,314.2,90,315.25,120,353490
2026-04-13T13:50:05.799,NF,BANKNIFTY28APR2657500CE,315.2,168.3,334.4,110.85,358.3,943350,219.49,314.6,30,315.7,60,353490
2026-04-13T13:50:13.381,NF,BANKNIFTY28APR2657500CE,315.9,168.3,334.4,110.85,358.3,943440,219.5,315.45,90,316.5,30,353490
2026-04-13T13:50:15.787,NF,BANKNIFTY28APR2657500CE,314.0,168.3,334.4,110.85,358.3,943560,219.51,312.65,30,313.95,120,353490
2026-04-13T13:50:20.794,NF,BANKNIFTY28APR2657500CE,315.25,168.3,334.4,110.85,358.3,943740,219.53,315.95,60,317.15,30,353490
2026-04-13T13:50:28.210,NF,BANKNIFTY28APR2657500CE,317.2,168.3,334.4,110.85,358.3,943770,219.53,316.25,30,317.25,240,353490
2026-04-13T13:50:47.036,NF,BANKNIFTY28APR2657500CE,320.2,168.3,334.4,110.85,358.3,943800,219.54,319.55,180,320.3,150,355920
2026-04-13T13:50:49.441,NF,BANKNIFTY28APR2657500CE,319.8,168.3,334.4,110.85,358.3,943830,219.54,319.0,30,320.0,210,355920
2026-04-13T13:50:53.048,NF,BANKNIFTY28APR2657500CE,319.45,168.3,334.4,110.85,358.3,943920,219.55,319.45,90,320.1,120,355920
2026-04-13T13:50:54.456,NF,BANKNIFTY28APR2657500CE,320.0,168.3,334.4,110.85,358.3,943950,219.55,320.05,90,320.5,300,355920
2026-04-13T13:50:55.651,NF,BANKNIFTY28APR2657500CE,320.45,168.3,334.4,110.85,358.3,943980,219.56,320.05,90,320.6,60,355920
2026-04-13T13:50:56.858,NF,BANKNIFTY28APR2657500CE,320.95,168.3,334.4,110.85,358.3,944010,219.56,321.3,90,321.95,60,355920
2026-04-13T13:50:58.058,NF,BANKNIFTY28APR2657500CE,321.25,168.3,334.4,110.85,358.3,944040,219.56,321.1,150,322.0,210,355920
2026-04-13T13:50:59.462,NF,BANKNIFTY28APR2657500CE,322.05,168.3,334.4,110.85,358.3,944130,219.57,321.15,90,322.05,90,355920
2026-04-13T13:51:05.672,NF,BANKNIFTY28APR2657500CE,321.25,168.3,334.4,110.85,358.3,944160,219.58,321.0,90,321.5,30,355920
2026-04-13T13:51:06.872,NF,BANKNIFTY28APR2657500CE,321.0,168.3,334.4,110.85,358.3,944250,219.59,319.75,60,320.8,60,355920
2026-04-13T13:51:11.881,NF,BANKNIFTY28APR2657500CE,321.55,168.3,334.4,110.85,358.3,944280,219.59,321.0,60,321.55,120,355920
2026-04-13T13:51:13.086,NF,BANKNIFTY28APR2657500CE,321.0,168.3,334.4,110.85,358.3,944400,219.6,319.1,90,320.15,30,355920
2026-04-13T13:51:18.102,NF,BANKNIFTY28APR2657500CE,320.3,168.3,334.4,110.85,358.3,944430,219.6,319.85,120,321.0,240,355920
2026-04-13T13:51:23.101,NF,BANKNIFTY28APR2657500CE,319.8,168.3,334.4,110.85,358.3,944460,219.61,318.75,60,319.85,60,355920
2026-04-13T13:51:24.310,NF,BANKNIFTY28APR2657500CE,320.3,168.3,334.4,110.85,358.3,944760,219.64,318.95,90,320.0,60,355920
2026-04-13T13:51:25.704,NF,BANKNIFTY28APR2657500CE,319.0,168.3,334.4,110.85,358.3,944790,219.64,317.65,60,318.8,60,355920
2026-04-13T13:51:29.321,NF,BANKNIFTY28APR2657500CE,317.45,168.3,334.4,110.85,358.3,944820,219.65,316.3,90,317.5,150,355920
2026-04-13T13:51:30.712,NF,BANKNIFTY28APR2657500CE,317.35,168.3,334.4,110.85,358.3,944940,219.66,318.05,60,318.8,30,355920
2026-04-13T13:51:31.914,NF,BANKNIFTY28APR2657500CE,318.8,168.3,334.4,110.85,358.3,944970,219.66,318.8,30,319.85,60,355920
2026-04-13T13:51:33.120,NF,BANKNIFTY28APR2657500CE,319.85,168.3,334.4,110.85,358.3,945000,219.66,319.0,90,320.0,60,355920
2026-04-13T13:51:36.922,NF,BANKNIFTY28APR2657500CE,320.0,168.3,334.4,110.85,358.3,945030,219.67,319.4,60,320.0,30,355920
2026-04-13T13:51:38.125,NF,BANKNIFTY28APR2657500CE,320.0,168.3,334.4,110.85,358.3,945060,219.67,319.45,60,320.65,60,355920
2026-04-13T13:51:46.739,NF,BANKNIFTY28APR2657500CE,320.0,168.3,334.4,110.85,358.3,945090,219.67,319.3,90,320.35,210,355920
2026-04-13T13:51:51.756,NF,BANKNIFTY28APR2657500CE,321.4,168.3,334.4,110.85,358.3,945120,219.68,320.15,90,321.25,60,355920
2026-04-13T13:51:56.763,NF,BANKNIFTY28APR2657500CE,321.35,168.3,334.4,110.85,358.3,945150,219.68,321.0,30,321.9,60,355920
2026-04-13T13:51:57.965,NF,BANKNIFTY28APR2657500CE,323.25,168.3,334.4,110.85,358.3,946110,219.78,321.6,90,322.65,30,355920
2026-04-13T13:52:01.760,NF,BANKNIFTY28APR2657500CE,324.65,168.3,334.4,110.85,358.3,946230,219.8,323.7,60,324.5,120,355920
2026-04-13T13:52:02.972,NF,BANKNIFTY28APR2657500CE,324.05,168.3,334.4,110.85,358.3,946530,219.83,322.9,30,323.7,60,355920
2026-04-13T13:52:05.564,NF,BANKNIFTY28APR2657500CE,323.75,168.3,334.4,110.85,358.3,946650,219.84,322.85,120,323.6,60,355920
2026-04-13T13:52:06.770,NF,BANKNIFTY28APR2657500CE,322.25,168.3,334.4,110.85,358.3,946830,219.86,321.55,30,322.6,90,355920
2026-04-13T13:52:09.384,NF,BANKNIFTY28APR2657500CE,321.9,168.3,334.4,110.85,358.3,946860,219.87,323.75,30,324.6,60,355920
2026-04-13T13:52:12.985,NF,BANKNIFTY28APR2657500CE,323.55,168.3,334.4,110.85,358.3,946920,219.87,323.0,60,323.85,180,355920
2026-04-13T13:52:14.379,NF,BANKNIFTY28APR2657500CE,324.3,168.3,334.4,110.85,358.3,947010,219.88,323.7,30,324.65,330,355920
2026-04-13T13:52:16.784,NF,BANKNIFTY28APR2657500CE,325.0,168.3,334.4,110.85,358.3,947040,219.89,324.7,30,325.75,150,355920
2026-04-13T13:52:17.988,NF,BANKNIFTY28APR2657500CE,324.5,168.3,334.4,110.85,358.3,947070,219.89,323.3,30,324.25,30,355920
2026-04-13T13:52:19.406,NF,BANKNIFTY28APR2657500CE,335.05,168.3,337.9,110.85,358.3,950520,220.29,335.25,30,336.95,30,355920
2026-04-13T13:52:20.599,NF,BANKNIFTY28APR2657500CE,338.85,168.3,338.85,110.85,358.3,952470,220.53,337.95,60,339.05,30,355920
2026-04-13T13:52:21.815,NF,BANKNIFTY28APR2657500CE,338.2,168.3,339.5,110.85,358.3,952650,220.56,336.9,30,338.05,150,355920
2026-04-13T13:52:24.400,NF,BANKNIFTY28APR2657500CE,337.65,168.3,339.5,110.85,358.3,952680,220.56,336.9,60,338.05,30,355920
2026-04-13T13:52:26.817,NF,BANKNIFTY28APR2657500CE,337.5,168.3,339.5,110.85,358.3,952710,220.56,336.7,120,337.8,180,355920
2026-04-13T13:52:28.017,NF,BANKNIFTY28APR2657500CE,337.8,168.3,339.5,110.85,358.3,952740,220.57,337.2,30,337.8,30,355920
2026-04-13T13:52:29.225,NF,BANKNIFTY28APR2657500CE,336.85,168.3,339.5,110.85,358.3,952800,220.57,336.6,60,337.65,30,355920
2026-04-13T13:52:30.610,NF,BANKNIFTY28APR2657500CE,337.2,168.3,339.5,110.85,358.3,952890,220.59,338.15,90,339.5,120,355920
2026-04-13T13:52:31.807,NF,BANKNIFTY28APR2657500CE,340.0,168.3,340.0,110.85,358.3,953040,220.6,339.55,60,340.0,60,355920
2026-04-13T13:52:33.011,NF,BANKNIFTY28APR2657500CE,340.0,168.3,340.0,110.85,358.3,953100,220.61,339.5,60,340.35,120,355920
2026-04-13T13:52:34.222,NF,BANKNIFTY28APR2657500CE,339.0,168.3,340.25,110.85,358.3,953190,220.62,338.45,60,339.55,240,355920
2026-04-13T13:52:35.612,NF,BANKNIFTY28APR2657500CE,337.65,168.3,340.25,110.85,358.3,953250,220.63,336.75,90,337.9,90,355920
2026-04-13T13:52:38.022,NF,BANKNIFTY28APR2657500CE,337.35,168.3,340.25,110.85,358.3,953280,220.63,337.6,180,338.75,60,355920
2026-04-13T13:52:39.218,NF,BANKNIFTY28APR2657500CE,338.9,168.3,340.25,110.85,358.3,953340,220.64,338.5,60,339.5,30,355920
2026-04-13T13:52:40.421,NF,BANKNIFTY28APR2657500CE,340.0,168.3,340.25,110.85,358.3,953640,220.68,339.9,90,340.9,30,355920
2026-04-13T13:52:41.631,NF,BANKNIFTY28APR2657500CE,340.8,168.3,340.8,110.85,358.3,953670,220.68,339.6,60,340.8,240,355920
2026-04-13T13:52:43.023,NF,BANKNIFTY28APR2657500CE,340.25,168.3,340.8,110.85,358.3,953700,220.69,339.6,90,340.9,30,355920
2026-04-13T13:52:44.226,NF,BANKNIFTY28APR2657500CE,341.0,168.3,341.0,110.85,358.3,953730,220.69,339.7,60,341.0,210,355920
2026-04-13T13:52:45.448,NF,BANKNIFTY28APR2657500CE,339.5,168.3,341.0,110.85,358.3,953790,220.7,338.6,90,339.8,120,355920
2026-04-13T13:52:46.633,NF,BANKNIFTY28APR2657500CE,339.7,168.3,341.0,110.85,358.3,953820,220.7,339.4,60,340.55,120,355920
2026-04-13T13:52:48.032,NF,BANKNIFTY28APR2657500CE,340.7,168.3,341.0,110.85,358.3,953910,220.71,339.35,90,340.45,90,355920
2026-04-13T13:52:49.234,NF,BANKNIFTY28APR2657500CE,340.95,168.3,341.0,110.85,358.3,954120,220.74,339.6,60,340.85,120,355920
2026-04-13T13:52:53.040,NF,BANKNIFTY28APR2657500CE,341.75,168.3,341.75,110.85,358.3,954210,220.75,339.35,90,340.65,150,355920
2026-04-13T13:52:55.444,NF,BANKNIFTY28APR2657500CE,342.0,168.3,342.9,110.85,358.3,954390,220.77,340.7,30,342.5,210,355920
2026-04-13T13:52:56.649,NF,BANKNIFTY28APR2657500CE,341.9,168.3,342.9,110.85,358.3,954480,220.78,341.0,30,341.75,120,355920
2026-04-13T13:52:57.848,NF,BANKNIFTY28APR2657500CE,341.75,168.3,342.9,110.85,358.3,954630,220.8,341.55,120,342.85,120,355920
2026-04-13T13:52:59.277,NF,BANKNIFTY28APR2657500CE,342.45,168.3,342.9,110.85,358.3,954870,220.83,341.4,30,342.4,120,355920
2026-04-13T13:53:02.867,NF,BANKNIFTY28APR2657500CE,342.8,168.3,342.9,110.85,358.3,954960,220.85,342.3,120,343.45,120,355920
2026-04-13T13:53:04.259,NF,BANKNIFTY28APR2657500CE,343.45,168.3,343.45,110.85,358.3,955020,220.85,342.25,30,343.25,120,355920
2026-04-13T13:53:05.457,NF,BANKNIFTY28APR2657500CE,341.2,168.3,343.45,110.85,358.3,955080,220.86,341.0,30,341.65,150,355920
2026-04-13T13:53:07.863,NF,BANKNIFTY28APR2657500CE,340.85,168.3,343.45,110.85,358.3,955260,220.88,340.95,120,341.8,120,355920
2026-04-13T13:53:09.262,NF,BANKNIFTY28APR2657500CE,341.1,168.3,343.45,110.85,358.3,955290,220.89,340.2,30,341.45,120,355920
2026-04-13T13:53:10.463,NF,BANKNIFTY28APR2657500CE,341.7,168.3,343.45,110.85,358.3,955410,220.9,341.1,60,342.05,90,355920
2026-04-13T13:53:11.666,NF,BANKNIFTY28APR2657500CE,340.9,168.3,343.45,110.85,358.3,955530,220.92,341.3,120,342.2,150,355920
2026-04-13T13:53:12.872,NF,BANKNIFTY28APR2657500CE,341.15,168.3,343.45,110.85,358.3,955560,220.92,341.05,120,341.95,120,355920
2026-04-13T13:53:14.072,NF,BANKNIFTY28APR2657500CE,341.25,168.3,343.45,110.85,358.3,956040,220.98,340.25,60,341.4,60,355920
2026-04-13T13:53:15.289,NF,BANKNIFTY28APR2657500CE,341.4,168.3,343.45,110.85,358.3,956070,220.99,341.35,120,342.1,30,355920
2026-04-13T13:53:16.672,NF,BANKNIFTY28APR2657500CE,340.3,168.3,343.45,110.85,358.3,956430,221.03,340.6,330,341.9,30,355920
2026-04-13T13:53:17.874,NF,BANKNIFTY28APR2657500CE,342.2,168.3,343.45,110.85,358.3,956520,221.04,340.85,330,342.05,60,355920
2026-04-13T13:53:19.079,NF,BANKNIFTY28APR2657500CE,341.3,168.3,343.45,110.85,358.3,956550,221.05,340.05,60,341.2,60,355920
2026-04-13T13:53:20.291,NF,BANKNIFTY28APR2657500CE,339.5,168.3,343.45,110.85,358.3,956760,221.07,339.5,120,340.45,60,355920
2026-04-13T13:53:21.685,NF,BANKNIFTY28APR2657500CE,340.4,168.3,343.45,110.85,358.3,956790,221.08,339.35,60,340.65,30,355920
2026-04-13T13:53:24.090,NF,BANKNIFTY28APR2657500CE,338.85,168.3,343.45,110.85,358.3,956910,221.09,338.55,90,339.75,30,355920
2026-04-13T13:53:25.351,NF,BANKNIFTY28APR2657500CE,338.75,168.3,343.45,110.85,358.3,956940,221.09,338.95,120,339.85,60,355920
2026-04-13T13:53:27.928,NF,BANKNIFTY28APR2657500CE,339.15,168.3,343.45,110.85,358.3,957240,221.13,337.7,60,338.85,60,355920
2026-04-13T13:53:31.697,NF,BANKNIFTY28APR2657500CE,337.4,168.3,343.45,110.85,358.3,957270,221.13,335.1,30,336.65,60,355920
2026-04-13T13:53:34.113,NF,BANKNIFTY28APR2657500CE,336.9,168.3,343.45,110.85,358.3,957360,221.15,335.7,30,337.05,60,355920
2026-04-13T13:53:35.305,NF,BANKNIFTY28APR2657500CE,333.95,168.3,343.45,110.85,358.3,957540,221.17,334.45,210,335.65,120,355920
2026-04-13T13:53:37.906,NF,BANKNIFTY28APR2657500CE,333.65,168.3,343.45,110.85,358.3,957870,221.21,334.3,240,335.7,60,355830
2026-04-13T13:53:39.115,NF,BANKNIFTY28APR2657500CE,334.15,168.3,343.45,110.85,358.3,957900,221.21,334.85,30,336.25,150,355830
2026-04-13T13:53:42.912,NF,BANKNIFTY28APR2657500CE,334.95,168.3,343.45,110.85,358.3,957930,221.21,334.85,30,336.25,30,355830
2026-04-13T13:53:45.320,NF,BANKNIFTY28APR2657500CE,334.6,168.3,343.45,110.85,358.3,957990,221.22,334.45,30,335.85,30,355830
2026-04-13T13:53:50.325,NF,BANKNIFTY28APR2657500CE,336.1,168.3,343.45,110.85,358.3,958200,221.25,334.65,30,335.75,60,355830
2026-04-13T13:53:52.734,NF,BANKNIFTY28APR2657500CE,335.15,168.3,343.45,110.85,358.3,958230,221.25,335.1,90,336.4,30,355830
2026-04-13T13:53:56.545,NF,BANKNIFTY28APR2657500CE,338.5,168.3,343.45,110.85,358.3,958380,221.27,337.65,60,338.95,240,355830
2026-04-13T13:53:59.136,NF,BANKNIFTY28APR2657500CE,340.0,168.3,343.45,110.85,358.3,958410,221.27,339.4,60,340.8,30,355830
2026-04-13T13:54:00.340,NF,BANKNIFTY28APR2657500CE,339.3,168.3,343.45,110.85,358.3,958440,221.27,339.5,120,340.7,30,355830
2026-04-13T13:54:01.540,NF,BANKNIFTY28APR2657500CE,340.8,168.3,343.45,110.85,358.3,958500,221.28,339.65,90,340.9,150,355830
2026-04-13T13:54:03.957,NF,BANKNIFTY28APR2657500CE,339.2,168.3,343.45,110.85,358.3,958530,221.29,337.6,60,338.75,30,355830
2026-04-13T13:54:05.148,NF,BANKNIFTY28APR2657500CE,339.7,168.3,343.45,110.85,358.3,958590,221.29,338.4,30,339.65,30,355830
2026-04-13T13:54:06.349,NF,BANKNIFTY28APR2657500CE,340.0,168.3,343.45,110.85,358.3,958710,221.31,339.3,30,340.0,30,355830
2026-04-13T13:54:07.748,NF,BANKNIFTY28APR2657500CE,340.0,168.3,343.45,110.85,358.3,958740,221.31,338.85,60,340.3,180,355830
2026-04-13T13:54:10.154,NF,BANKNIFTY28APR2657500CE,340.0,168.3,343.45,110.85,358.3,959010,221.34,339.05,60,340.15,120,355830
2026-04-13T13:54:12.556,NF,BANKNIFTY28APR2657500CE,340.25,168.3,343.45,110.85,358.3,959070,221.35,340.15,30,340.8,30,355830
2026-04-13T13:54:13.765,NF,BANKNIFTY28APR2657500CE,340.05,168.3,343.45,110.85,358.3,959220,221.37,340.2,60,341.2,120,355830
2026-04-13T13:54:16.162,NF,BANKNIFTY28APR2657500CE,340.05,168.3,343.45,110.85,358.3,959250,221.37,340.1,90,341.3,150,355830
2026-04-13T13:54:17.562,NF,BANKNIFTY28APR2657500CE,340.05,168.3,343.45,110.85,358.3,959280,221.38,340.1,90,341.1,120,355830
2026-04-13T13:54:18.780,NF,BANKNIFTY28APR2657500CE,341.0,168.3,343.45,110.85,358.3,959310,221.38,340.15,90,341.1,30,355830
2026-04-13T13:54:22.371,NF,BANKNIFTY28APR2657500CE,340.95,168.3,343.45,110.85,358.3,959340,221.39,340.45,120,341.6,30,355830
2026-04-13T13:54:23.573,NF,BANKNIFTY28APR2657500CE,340.45,168.3,343.45,110.85,358.3,959370,221.39,340.9,90,341.95,30,355830
2026-04-13T13:54:24.774,NF,BANKNIFTY28APR2657500CE,342.1,168.3,343.45,110.85,358.3,959700,221.43,341.95,90,343.05,120,355830
2026-04-13T13:54:26.177,NF,BANKNIFTY28APR2657500CE,341.65,168.3,343.45,110.85,358.3,959730,221.43,341.35,60,342.1,150,355830
2026-04-13T13:54:28.609,NF,BANKNIFTY28APR2657500CE,340.45,168.3,343.45,110.85,358.3,959760,221.44,340.45,120,341.35,120,355830
2026-04-13T13:54:35.990,NF,BANKNIFTY28APR2657500CE,342.0,168.3,343.45,110.85,358.3,959910,221.46,341.15,60,342.3,240,355830
2026-04-13T13:54:39.600,NF,BANKNIFTY28APR2657500CE,340.45,168.3,343.45,110.85,358.3,960240,221.5,340.45,270,341.4,30,355830
2026-04-13T13:54:40.800,NF,BANKNIFTY28APR2657500CE,340.05,168.3,343.45,110.85,358.3,960480,221.53,339.15,90,340.25,30,355830
2026-04-13T13:54:42.004,NF,BANKNIFTY28APR2657500CE,340.5,168.3,343.45,110.85,358.3,960510,221.53,339.7,90,340.85,150,355830
2026-04-13T13:54:44.418,NF,BANKNIFTY28APR2657500CE,339.8,168.3,343.45,110.85,358.3,960540,221.54,340.15,90,341.3,120,355830
2026-04-13T13:54:45.614,NF,BANKNIFTY28APR2657500CE,339.7,168.3,343.45,110.85,358.3,960630,221.55,339.6,30,340.45,60,355830
2026-04-13T13:54:46.811,NF,BANKNIFTY28APR2657500CE,341.1,168.3,343.45,110.85,358.3,960690,221.55,339.9,270,341.0,150,355830
2026-04-13T13:54:48.015,NF,BANKNIFTY28APR2657500CE,341.05,168.3,343.45,110.85,358.3,960780,221.56,339.5,90,340.8,90,355830
2026-04-13T13:54:51.619,NF,BANKNIFTY28APR2657500CE,341.75,168.3,343.45,110.85,358.3,960810,221.57,340.6,60,341.65,300,355830
2026-04-13T13:54:54.022,NF,BANKNIFTY28APR2657500CE,341.95,168.3,343.45,110.85,358.3,961020,221.59,342.05,120,343.15,30,355830
2026-04-13T13:54:55.227,NF,BANKNIFTY28APR2657500CE,343.1,168.3,343.45,110.85,358.3,961050,221.6,342.5,150,343.6,150,355830
2026-04-13T13:54:56.434,NF,BANKNIFTY28APR2657500CE,343.5,168.3,343.5,110.85,358.3,961080,221.6,342.1,90,343.35,30,355830
2026-04-13T13:54:58.831,NF,BANKNIFTY28APR2657500CE,343.25,168.3,343.5,110.85,358.3,961110,221.61,342.55,90,343.7,120,355830
2026-04-13T13:55:01.434,NF,BANKNIFTY28APR2657500CE,343.3,168.3,343.5,110.85,358.3,961140,221.61,342.2,90,343.35,120,355830
2026-04-13T13:55:05.041,NF,BANKNIFTY28APR2657500CE,340.75,168.3,343.5,110.85,358.3,961170,221.61,340.3,30,341.65,30,355830
2026-04-13T13:55:06.244,NF,BANKNIFTY28APR2657500CE,341.0,168.3,343.5,110.85,358.3,961200,221.62,340.6,180,341.85,60,355830
2026-04-13T13:55:07.444,NF,BANKNIFTY28APR2657500CE,342.0,168.3,343.5,110.85,358.3,961230,221.62,341.65,60,342.7,180,355830
2026-04-13T13:55:08.648,NF,BANKNIFTY28APR2657500CE,345.0,168.3,345.0,110.85,358.3,961650,221.67,344.45,90,345.8,30,355830
2026-04-13T13:55:11.052,NF,BANKNIFTY28APR2657500CE,344.2,168.3,345.0,110.85,358.3,961800,221.69,344.75,30,345.4,90,355830
2026-04-13T13:55:12.451,NF,BANKNIFTY28APR2657500CE,344.35,168.3,345.0,110.85,358.3,961860,221.7,344.25,30,345.0,30,355830
2026-04-13T13:55:14.871,NF,BANKNIFTY28APR2657500CE,345.0,168.3,345.0,110.85,358.3,961920,221.71,345.0,30,346.0,30,355830
2026-04-13T13:55:16.065,NF,BANKNIFTY28APR2657500CE,345.0,168.3,345.0,110.85,358.3,961950,221.71,343.9,150,345.15,90,355830
2026-04-13T13:55:18.469,NF,BANKNIFTY28APR2657500CE,342.2,168.3,345.0,110.85,358.3,961980,221.72,341.2,60,342.55,30,355830
2026-04-13T13:55:19.666,NF,BANKNIFTY28APR2657500CE,341.35,168.3,345.0,110.85,358.3,962010,221.72,341.25,120,342.5,60,355830
2026-04-13T13:55:20.871,NF,BANKNIFTY28APR2657500CE,341.1,168.3,345.0,110.85,358.3,962040,221.72,341.1,150,342.2,30,355830
2026-04-13T13:55:23.272,NF,BANKNIFTY28APR2657500CE,341.45,168.3,345.0,110.85,358.3,962130,221.74,341.45,120,342.65,30,355830
2026-04-13T13:55:28.297,NF,BANKNIFTY28APR2657500CE,343.9,168.3,345.0,110.85,358.3,962160,221.74,342.8,60,344.0,60,355830
2026-04-13T13:55:31.884,NF,BANKNIFTY28APR2657500CE,345.0,168.3,345.0,110.85,358.3,962190,221.74,344.15,60,345.3,60,355830
2026-04-13T13:55:34.288,NF,BANKNIFTY28APR2657500CE,345.75,168.3,346.0,110.85,358.3,962250,221.75,344.85,60,345.95,60,355830
2026-04-13T13:55:35.688,NF,BANKNIFTY28APR2657500CE,346.55,168.3,346.55,110.85,358.3,962340,221.76,345.5,30,346.5,210,355830
2026-04-13T13:55:36.889,NF,BANKNIFTY28APR2657500CE,346.7,168.3,347.0,110.85,358.3,962580,221.79,346.25,60,347.55,120,355830
2026-04-13T13:55:38.092,NF,BANKNIFTY28APR2657500CE,346.6,168.3,347.0,110.85,358.3,962700,221.81,346.5,60,347.8,30,355830
2026-04-13T13:55:40.494,NF,BANKNIFTY28APR2657500CE,346.7,168.3,347.3,110.85,358.3,962820,221.82,346.65,60,347.9,90,355830
2026-04-13T13:55:41.699,NF,BANKNIFTY28APR2657500CE,346.95,168.3,347.3,110.85,358.3,962850,221.83,345.75,150,346.9,60,355830
2026-04-13T13:55:42.902,NF,BANKNIFTY28APR2657500CE,345.75,168.3,347.3,110.85,358.3,962880,221.83,345.9,120,347.05,90,355830
2026-04-13T13:55:46.705,NF,BANKNIFTY28APR2657500CE,351.4,168.3,352.2,110.85,358.3,963570,221.92,350.8,150,352.2,30,355830
2026-04-13T13:55:47.908,NF,BANKNIFTY28APR2657500CE,352.45,168.3,352.45,110.85,358.3,963660,221.94,350.8,30,352.2,30,355830
2026-04-13T13:55:49.115,NF,BANKNIFTY28APR2657500CE,351.2,168.3,352.45,110.85,358.3,963810,221.96,351.2,30,352.65,30,355830
2026-04-13T13:55:50.317,NF,BANKNIFTY28APR2657500CE,352.1,168.3,353.0,110.85,358.3,964290,222.02,351.2,120,352.55,150,355830
2026-04-13T13:55:51.738,NF,BANKNIFTY28APR2657500CE,351.2,168.3,353.0,110.85,358.3,964530,222.05,351.2,30,352.45,60,355830
2026-04-13T13:55:54.120,NF,BANKNIFTY28APR2657500CE,352.85,168.3,353.0,110.85,358.3,964590,222.06,351.4,120,352.8,150,355830
2026-04-13T13:55:56.722,NF,BANKNIFTY28APR2657500CE,354.6,168.3,354.6,110.85,358.3,965040,222.12,353.6,30,354.8,30,355830
2026-04-13T13:55:57.921,NF,BANKNIFTY28APR2657500CE,354.9,168.3,354.9,110.85,358.3,965190,222.14,353.5,30,354.9,210,355830
2026-04-13T13:55:59.129,NF,BANKNIFTY28APR2657500CE,354.9,168.3,354.9,110.85,358.3,965460,222.18,353.35,90,354.7,150,355830
2026-04-13T13:56:00.341,NF,BANKNIFTY28APR2657500CE,354.6,168.3,354.9,110.85,358.3,965850,222.23,353.5,120,354.6,30,355830
2026-04-13T13:56:01.593,NF,BANKNIFTY28APR2657500CE,354.65,168.3,355.0,110.85,358.3,966060,222.26,352.5,60,353.9,30,355830
2026-04-13T13:56:02.941,NF,BANKNIFTY28APR2657500CE,353.85,168.3,355.0,110.85,358.3,966720,222.35,353.9,30,355.0,60,355830
2026-04-13T13:56:04.130,NF,BANKNIFTY28APR2657500CE,355.0,168.3,355.25,110.85,358.3,967110,222.41,354.65,60,355.85,60,355830
2026-04-13T13:56:05.332,NF,BANKNIFTY28APR2657500CE,354.4,168.3,355.25,110.85,358.3,967260,222.43,352.65,60,353.85,60,355830
2026-04-13T13:56:06.534,NF,BANKNIFTY28APR2657500CE,353.6,168.3,355.25,110.85,358.3,967410,222.45,351.85,60,353.05,60,355830
2026-04-13T13:56:07.743,NF,BANKNIFTY28APR2657500CE,353.35,168.3,355.25,110.85,358.3,967680,222.48,350.1,30,351.5,30,355830
2026-04-13T13:56:08.938,NF,BANKNIFTY28APR2657500CE,351.3,168.3,355.25,110.85,358.3,967710,222.49,348.75,30,350.15,60,355830
2026-04-13T13:56:10.141,NF,BANKNIFTY28APR2657500CE,348.75,168.3,355.25,110.85,358.3,967800,222.5,347.85,120,349.2,60,355830
2026-04-13T13:56:11.359,NF,BANKNIFTY28APR2657500CE,347.65,168.3,355.25,110.85,358.3,967920,222.52,348.2,90,349.0,30,355830
2026-04-13T13:56:12.759,NF,BANKNIFTY28APR2657500CE,349.05,168.3,355.25,110.85,358.3,968280,222.56,348.1,30,349.35,30,355830
2026-04-13T13:56:13.947,NF,BANKNIFTY28APR2657500CE,350.95,168.3,355.25,110.85,358.3,968430,222.58,349.8,90,350.95,60,355830
2026-04-13T13:56:15.159,NF,BANKNIFTY28APR2657500CE,351.3,168.3,355.25,110.85,358.3,968640,222.61,349.75,120,350.7,30,355830
2026-04-13T13:56:16.384,NF,BANKNIFTY28APR2657500CE,351.5,168.3,355.25,110.85,358.3,968670,222.61,351.4,30,352.7,150,355830
2026-04-13T13:56:17.556,NF,BANKNIFTY28APR2657500CE,353.15,168.3,355.25,110.85,358.3,968760,222.63,352.55,60,353.95,60,355830
2026-04-13T13:56:18.951,NF,BANKNIFTY28APR2657500CE,352.5,168.3,355.25,110.85,358.3,968880,222.64,352.75,60,354.05,60,355830
2026-04-13T13:56:20.169,NF,BANKNIFTY28APR2657500CE,352.3,168.3,355.25,110.85,358.3,968910,222.65,352.45,30,353.6,30,355830
2026-04-13T13:56:23.775,NF,BANKNIFTY28APR2657500CE,353.3,168.3,355.25,110.85,358.3,968940,222.65,350.3,60,351.65,30,355830
2026-04-13T13:56:26.367,NF,BANKNIFTY28APR2657500CE,353.0,168.3,355.25,110.85,358.3,969150,222.68,351.8,30,353.45,30,355830
2026-04-13T13:56:29.970,NF,BANKNIFTY28APR2657500CE,353.0,168.3,355.25,110.85,358.3,969180,222.68,352.55,150,353.95,30,355830
2026-04-13T13:56:31.169,NF,BANKNIFTY28APR2657500CE,353.4,168.3,355.25,110.85,358.3,969270,222.69,352.3,30,353.9,30,355830
2026-04-13T13:56:32.390,NF,BANKNIFTY28APR2657500CE,353.95,168.3,355.25,110.85,358.3,969420,222.71,352.1,60,353.45,120,355830
2026-04-13T13:56:33.575,NF,BANKNIFTY28APR2657500CE,352.05,168.3,355.25,110.85,358.3,969480,222.72,352.25,30,353.55,60,355830
2026-04-13T13:56:35.051,NF,BANKNIFTY28APR2657500CE,351.95,168.3,355.25,110.85,358.3,969510,222.73,353.1,30,354.65,150,355830
2026-04-13T13:56:36.181,NF,BANKNIFTY28APR2657500CE,353.85,168.3,355.25,110.85,358.3,969540,222.73,353.2,30,354.7,30,355830
2026-04-13T13:56:37.380,NF,BANKNIFTY28APR2657500CE,353.25,168.3,355.25,110.85,358.3,969600,222.74,353.3,30,354.75,30,355830
2026-04-13T13:56:38.581,NF,BANKNIFTY28APR2657500CE,353.3,168.3,355.25,110.85,358.3,969660,222.75,352.5,180,354.05,60,354420
2026-04-13T13:56:39.834,NF,BANKNIFTY28APR2657500CE,354.4,168.3,355.25,110.85,358.3,969690,222.75,353.25,30,354.8,60,354420
2026-04-13T13:56:43.587,NF,BANKNIFTY28APR2657500CE,354.95,168.3,355.25,110.85,358.3,969720,222.76,353.8,30,355.0,90,354420
2026-04-13T13:56:47.197,NF,BANKNIFTY28APR2657500CE,354.4,168.3,355.25,110.85,358.3,969750,222.76,353.65,120,354.75,30,354420
2026-04-13T13:56:49.794,NF,BANKNIFTY28APR2657500CE,353.6,168.3,355.25,110.85,358.3,969780,222.76,353.55,150,354.95,30,354420
2026-04-13T13:56:53.412,NF,BANKNIFTY28APR2657500CE,355.0,168.3,355.25,110.85,358.3,970020,222.8,354.4,180,355.0,120,354420
2026-04-13T13:56:54.608,NF,BANKNIFTY28APR2657500CE,355.0,168.3,355.25,110.85,358.3,970050,222.8,354.15,120,355.0,90,354420
2026-04-13T13:56:55.808,NF,BANKNIFTY28APR2657500CE,355.65,168.3,355.65,110.85,358.3,970230,222.82,354.9,30,356.3,30,354420
2026-04-13T13:56:57.016,NF,BANKNIFTY28APR2657500CE,355.6,168.3,355.65,110.85,358.3,970260,222.83,354.25,60,355.55,30,354420
2026-04-13T13:56:58.214,NF,BANKNIFTY28APR2657500CE,354.75,168.3,355.65,110.85,358.3,970320,222.84,353.2,60,354.55,60,354420
2026-04-13T13:57:04.619,NF,BANKNIFTY28APR2657500CE,352.85,168.3,355.65,110.85,358.3,970470,222.86,351.9,90,353.1,90,354420
2026-04-13T13:57:07.026,NF,BANKNIFTY28APR2657500CE,352.7,168.3,355.65,110.85,358.3,970620,222.88,351.1,60,352.4,60,354420
2026-04-13T13:57:12.036,NF,BANKNIFTY28APR2657500CE,355.0,168.3,355.65,110.85,358.3,970650,222.88,354.45,60,355.2,30,354420
2026-04-13T13:57:13.247,NF,BANKNIFTY28APR2657500CE,355.9,168.3,357.0,110.85,358.3,970710,222.89,355.9,60,357.0,60,354420
2026-04-13T13:57:14.634,NF,BANKNIFTY28APR2657500CE,355.9,168.3,357.0,110.85,358.3,970740,222.89,355.75,180,357.0,60,354420
2026-04-13T13:57:15.859,NF,BANKNIFTY28APR2657500CE,355.95,168.3,357.25,110.85,358.3,971040,222.93,356.0,210,357.4,30,354420
2026-04-13T13:57:18.242,NF,BANKNIFTY28APR2657500CE,356.95,168.3,357.25,110.85,358.3,971100,222.94,355.4,60,356.6,90,354420
2026-04-13T13:57:20.845,NF,BANKNIFTY28APR2657500CE,354.9,168.3,357.25,110.85,358.3,971340,222.98,354.35,30,355.35,120,354420
2026-04-13T13:57:22.050,NF,BANKNIFTY28APR2657500CE,352.5,168.3,357.25,110.85,358.3,971430,222.99,353.35,60,354.6,90,354420
2026-04-13T13:57:23.251,NF,BANKNIFTY28APR2657500CE,355.95,168.3,357.25,110.85,358.3,971730,223.03,354.4,60,355.8,60,354420
2026-04-13T13:57:28.264,NF,BANKNIFTY28APR2657500CE,356.0,168.3,357.25,110.85,358.3,971880,223.05,355.6,60,356.9,210,354420
2026-04-13T13:57:29.658,NF,BANKNIFTY28APR2657500CE,356.4,168.3,357.25,110.85,358.3,972060,223.07,355.1,30,356.3,90,354420
2026-04-13T13:57:30.882,NF,BANKNIFTY28APR2657500CE,355.05,168.3,357.25,110.85,358.3,972120,223.08,355.45,30,356.85,30,354420
2026-04-13T13:57:32.075,NF,BANKNIFTY28APR2657500CE,356.7,168.3,357.25,110.85,358.3,972150,223.09,355.7,30,357.3,30,354420
2026-04-13T13:57:33.267,NF,BANKNIFTY28APR2657500CE,355.4,168.3,357.25,110.85,358.3,972300,223.11,355.4,30,356.75,90,354420
2026-04-13T13:57:37.068,NF,BANKNIFTY28APR2657500CE,356.7,168.3,357.25,110.85,358.3,972540,223.14,355.2,90,356.35,60,354420
2026-04-13T13:57:38.277,NF,BANKNIFTY28APR2657500CE,356.35,168.3,357.25,110.85,358.3,972600,223.15,355.45,30,356.6,60,354420
2026-04-13T13:57:40.682,NF,BANKNIFTY28APR2657500CE,356.7,168.3,357.25,110.85,358.3,972810,223.18,355.55,30,356.7,120,354420
2026-04-13T13:57:43.287,NF,BANKNIFTY28APR2657500CE,355.55,168.3,357.25,110.85,358.3,972840,223.18,355.65,30,356.7,90,354420
2026-04-13T13:57:45.690,NF,BANKNIFTY28APR2657500CE,355.45,168.3,357.25,110.85,358.3,972870,223.18,355.35,60,356.65,120,354420
2026-04-13T13:57:47.892,NF,BANKNIFTY28APR2657500CE,356.65,168.3,357.25,110.85,358.3,972900,223.19,355.55,60,356.7,90,354420
2026-04-13T13:57:50.301,NF,BANKNIFTY28APR2657500CE,355.45,168.3,357.25,110.85,358.3,972930,223.19,355.75,120,356.7,90,354420
2026-04-13T13:57:51.689,NF,BANKNIFTY28APR2657500CE,355.75,168.3,357.25,110.85,358.3,972960,223.2,355.7,30,356.7,90,354420
2026-04-13T13:57:54.117,NF,BANKNIFTY28APR2657500CE,353.75,168.3,357.25,110.85,358.3,972990,223.2,354.5,120,355.75,90,354420
2026-04-13T13:57:55.297,NF,BANKNIFTY28APR2657500CE,355.45,168.3,357.25,110.85,358.3,973020,223.2,355.15,30,356.4,150,354420
2026-04-13T13:57:59.106,NF,BANKNIFTY28APR2657500CE,354.9,168.3,357.25,110.85,358.3,973080,223.21,353.5,90,354.8,60,354420
2026-04-13T13:58:04.110,NF,BANKNIFTY28APR2657500CE,358.0,168.3,358.0,110.85,358.3,973380,223.25,358.5,30,359.9,120,354420
2026-04-13T13:58:05.320,NF,BANKNIFTY28APR2657500CE,356.4,168.3,358.0,110.85,358.3,973410,223.26,356.3,120,357.5,60,354420
2026-04-13T13:58:07.916,NF,BANKNIFTY28APR2657500CE,356.1,168.3,358.0,110.85,358.3,973440,223.26,355.75,60,357.15,90,354420
2026-04-13T13:58:09.124,NF,BANKNIFTY28APR2657500CE,357.2,168.3,358.0,110.85,358.3,973560,223.28,356.15,30,357.45,60,354420
2026-04-13T13:58:12.728,NF,BANKNIFTY28APR2657500CE,357.8,168.3,358.0,110.85,358.3,973590,223.28,357.1,30,358.6,120,354420
2026-04-13T13:58:17.737,NF,BANKNIFTY28APR2657500CE,358.5,168.3,358.5,110.85,358.3,973620,223.29,358.6,120,360.0,300,354420
2026-04-13T13:58:21.541,NF,BANKNIFTY28APR2657500CE,359.85,168.3,359.85,110.85,358.3,973650,223.29,358.25,30,359.5,120,354420
2026-04-13T13:58:22.745,NF,BANKNIFTY28APR2657500CE,359.5,168.3,359.85,110.85,358.3,973680,223.3,358.3,30,360.0,330,354420
2026-04-13T13:58:23.945,NF,BANKNIFTY28APR2657500CE,357.95,168.3,359.85,110.85,358.3,973860,223.32,357.65,90,359.0,60,354420
2026-04-13T13:58:25.342,NF,BANKNIFTY28APR2657500CE,359.8,168.3,360.0,110.85,358.3,974190,223.37,359.2,30,360.65,180,354420
2026-04-13T13:58:27.755,NF,BANKNIFTY28APR2657500CE,360.15,168.3,360.15,110.85,358.3,974220,223.37,358.75,60,360.0,30,354420
2026-04-13T13:58:28.951,NF,BANKNIFTY28APR2657500CE,360.0,168.3,360.15,110.85,358.3,974490,223.41,358.9,90,360.3,30,354420
2026-04-13T13:58:33.956,NF,BANKNIFTY28APR2657500CE,360.7,168.3,360.7,110.85,358.3,974700,223.44,359.1,60,360.4,120,354420
2026-04-13T13:58:35.160,NF,BANKNIFTY28APR2657500CE,358.7,168.3,360.7,110.85,358.3,974760,223.45,359.25,150,360.45,150,354420
2026-04-13T13:58:37.760,NF,BANKNIFTY28APR2657500CE,358.55,168.3,360.7,110.85,358.3,974820,223.46,357.8,60,358.9,150,354420
2026-04-13T13:58:38.967,NF,BANKNIFTY28APR2657500CE,359.05,168.3,360.7,110.85,358.3,974850,223.46,358.1,60,359.2,210,354420
2026-04-13T13:58:41.367,NF,BANKNIFTY28APR2657500CE,359.55,168.3,360.7,110.85,358.3,974910,223.47,358.0,60,359.4,120,354420
2026-04-13T13:58:42.573,NF,BANKNIFTY28APR2657500CE,359.5,168.3,360.7,110.85,358.3,974940,223.47,358.15,30,359.4,30,354420
2026-04-13T13:58:47.579,NF,BANKNIFTY28APR2657500CE,356.25,168.3,360.7,110.85,358.3,975150,223.5,356.7,270,357.95,150,354420
2026-04-13T13:58:48.779,NF,BANKNIFTY28APR2657500CE,357.45,168.3,360.7,110.85,358.3,975210,223.51,356.3,90,357.5,150,354420
2026-04-13T13:58:49.980,NF,BANKNIFTY28APR2657500CE,353.0,168.3,360.7,110.85,358.3,975630,223.57,352.3,120,353.6,60,354420
2026-04-13T13:58:52.588,NF,BANKNIFTY28APR2657500CE,352.25,168.3,360.7,110.85,358.3,975660,223.57,352.1,30,353.45,30,354420
2026-04-13T13:58:54.987,NF,BANKNIFTY28APR2657500CE,352.0,168.3,360.7,110.85,358.3,975690,223.57,351.95,30,353.4,30,354420
2026-04-13T13:58:57.588,NF,BANKNIFTY28APR2657500CE,350.7,168.3,360.7,110.85,358.3,975750,223.58,350.0,30,350.85,30,354420
2026-04-13T13:58:59.994,NF,BANKNIFTY28APR2657500CE,349.7,168.3,360.7,110.85,358.3,975870,223.6,348.95,120,350.3,30,354420
2026-04-13T13:59:01.197,NF,BANKNIFTY28APR2657500CE,350.55,168.3,360.7,110.85,358.3,975960,223.61,348.9,90,350.3,150,354420
2026-04-13T13:59:02.597,NF,BANKNIFTY28APR2657500CE,350.4,168.3,360.7,110.85,358.3,975990,223.61,348.05,300,349.15,60,354420
2026-04-13T13:59:03.824,NF,BANKNIFTY28APR2657500CE,348.4,168.3,360.7,110.85,358.3,976140,223.63,348.15,150,349.45,60,354420
2026-04-13T13:59:06.205,NF,BANKNIFTY28APR2657500CE,349.25,168.3,360.7,110.85,358.3,976170,223.64,349.3,60,350.6,30,354420
2026-04-13T13:59:07.602,NF,BANKNIFTY28APR2657500CE,350.0,168.3,360.7,110.85,358.3,976200,223.64,349.3,90,350.6,60,354420
2026-04-13T13:59:08.805,NF,BANKNIFTY28APR2657500CE,350.7,168.3,360.7,110.85,358.3,976260,223.65,352.45,30,354.05,60,354420
2026-04-13T13:59:10.008,NF,BANKNIFTY28APR2657500CE,354.65,168.3,360.7,110.85,358.3,976290,223.65,352.9,30,354.5,90,354420
2026-04-13T13:59:13.819,NF,BANKNIFTY28APR2657500CE,352.0,168.3,360.7,110.85,358.3,976380,223.66,351.15,30,352.6,30,354420
2026-04-13T13:59:17.624,NF,BANKNIFTY28APR2657500CE,351.15,168.3,360.7,110.85,358.3,976410,223.67,351.5,30,352.85,60,354420
2026-04-13T13:59:18.835,NF,BANKNIFTY28APR2657500CE,351.45,168.3,360.7,110.85,358.3,976440,223.67,351.15,30,351.8,60,354420
2026-04-13T13:59:20.029,NF,BANKNIFTY28APR2657500CE,350.85,168.3,360.7,110.85,358.3,976560,223.69,350.0,90,350.75,60,354420
2026-04-13T13:59:21.228,NF,BANKNIFTY28APR2657500CE,350.85,168.3,360.7,110.85,358.3,976740,223.71,350.3,30,351.55,30,354420
2026-04-13T13:59:22.430,NF,BANKNIFTY28APR2657500CE,349.85,168.3,360.7,110.85,358.3,977040,223.75,349.55,30,350.7,30,354420
2026-04-13T13:59:25.033,NF,BANKNIFTY28APR2657500CE,351.45,168.3,360.7,110.85,358.3,977100,223.76,349.65,30,351.0,30,354420
2026-04-13T13:59:31.243,NF,BANKNIFTY28APR2657500CE,349.1,168.3,360.7,110.85,358.3,977130,223.76,348.75,30,350.05,30,354420
2026-04-13T13:59:38.656,NF,BANKNIFTY28APR2657500CE,348.6,168.3,360.7,110.85,358.3,977250,223.78,348.4,60,349.2,120,353820
2026-04-13T13:59:42.459,NF,BANKNIFTY28APR2657500CE,349.1,168.3,360.7,110.85,358.3,977280,223.78,348.4,60,349.05,60,353820
2026-04-13T13:59:43.665,NF,BANKNIFTY28APR2657500CE,348.4,168.3,360.7,110.85,358.3,977340,223.79,348.05,300,348.75,60,353820
2026-04-13T13:59:44.868,NF,BANKNIFTY28APR2657500CE,347.3,168.3,360.7,110.85,358.3,977760,223.84,347.2,60,348.4,30,353820
2026-04-13T13:59:46.070,NF,BANKNIFTY28APR2657500CE,349.0,168.3,360.7,110.85,358.3,978510,223.94,349.0,180,349.75,30,353820
2026-04-13T13:59:47.278,NF,BANKNIFTY28APR2657500CE,349.0,168.3,360.7,110.85,358.3,978750,223.97,349.0,150,350.15,30,353820
2026-04-13T13:59:48.669,NF,BANKNIFTY28APR2657500CE,349.0,168.3,360.7,110.85,358.3,978900,223.99,348.0,30,349.0,30,353820
2026-04-13T13:59:53.679,NF,BANKNIFTY28APR2657500CE,348.6,168.3,360.7,110.85,358.3,978960,223.99,348.25,60,349.55,30,353820
2026-04-13T13:59:58.686,NF,BANKNIFTY28APR2657500CE,348.15,168.3,360.7,110.85,358.3,978990,224.0,347.8,60,349.2,30,353820
2026-04-13T14:00:04.895,NF,BANKNIFTY28APR2657500CE,350.35,168.3,360.7,110.85,358.3,979170,224.02,349.2,90,350.5,60,353820
2026-04-13T14:00:07.300,NF,BANKNIFTY28APR2657500CE,354.5,168.3,360.7,110.85,358.3,979380,224.05,353.5,720,355.1,30,353820
2026-04-13T14:00:08.503,NF,BANKNIFTY28APR2657500CE,356.95,168.3,360.7,110.85,358.3,979440,224.06,355.6,120,356.45,90,353820
2026-04-13T14:00:09.704,NF,BANKNIFTY28APR2657500CE,354.15,168.3,360.7,110.85,358.3,979560,224.07,353.15,90,354.15,30,353820
2026-04-13T14:00:11.103,NF,BANKNIFTY28APR2657500CE,351.45,168.3,360.7,110.85,358.3,979920,224.12,349.95,120,351.35,30,353820
2026-04-13T14:00:12.308,NF,BANKNIFTY28APR2657500CE,351.45,168.3,360.7,110.85,358.3,980070,224.14,350.6,30,352.1,150,353820
2026-04-13T14:00:13.523,NF,BANKNIFTY28APR2657500CE,350.55,168.3,360.7,110.85,358.3,980400,224.18,349.55,180,350.8,60,353820
2026-04-13T14:00:14.712,NF,BANKNIFTY28APR2657500CE,350.95,168.3,360.7,110.85,358.3,980700,224.22,349.65,90,351.05,90,353820
2026-04-13T14:00:16.117,NF,BANKNIFTY28APR2657500CE,349.55,168.3,360.7,110.85,358.3,980730,224.22,349.95,180,351.1,210,353820
2026-04-13T14:00:17.314,NF,BANKNIFTY28APR2657500CE,349.85,168.3,360.7,110.85,358.3,980880,224.24,349.5,30,350.1,30,353820
2026-04-13T14:00:18.517,NF,BANKNIFTY28APR2657500CE,348.6,168.3,360.7,110.85,358.3,981030,224.26,348.6,120,349.6,30,353820
2026-04-13T14:00:19.720,NF,BANKNIFTY28APR2657500CE,349.6,168.3,360.7,110.85,358.3,981060,224.27,348.6,120,349.15,30,353820
2026-04-13T14:00:21.125,NF,BANKNIFTY28APR2657500CE,348.1,168.3,360.7,110.85,358.3,981690,224.35,347.6,60,349.1,120,353820
2026-04-13T14:00:22.339,NF,BANKNIFTY28APR2657500CE,348.4,168.3,360.7,110.85,358.3,981720,224.35,348.0,120,349.35,120,353820
2026-04-13T14:00:23.527,NF,BANKNIFTY28APR2657500CE,349.85,168.3,360.7,110.85,358.3,981750,224.35,349.2,30,350.55,90,353820
2026-04-13T14:00:29.735,NF,BANKNIFTY28APR2657500CE,351.0,168.3,360.7,110.85,358.3,981780,224.36,350.6,120,351.9,150,353820
2026-04-13T14:00:40.950,NF,BANKNIFTY28APR2657500CE,351.5,168.3,360.7,110.85,358.3,981810,224.36,351.5,150,352.4,90,353820
2026-04-13T14:00:44.755,NF,BANKNIFTY28APR2657500CE,352.4,168.3,360.7,110.85,358.3,982050,224.39,352.0,60,353.5,60,353820
2026-04-13T14:00:45.956,NF,BANKNIFTY28APR2657500CE,353.4,168.3,360.7,110.85,358.3,982110,224.4,351.9,60,353.45,180,353820
2026-04-13T14:00:55.968,NF,BANKNIFTY28APR2657500CE,350.95,168.3,360.7,110.85,358.3,982140,224.4,350.95,150,352.4,30,353820
2026-04-13T14:00:57.170,NF,BANKNIFTY28APR2657500CE,352.0,168.3,360.7,110.85,358.3,982230,224.42,352.6,120,353.85,30,353820
2026-04-13T14:01:03.380,NF,BANKNIFTY28APR2657500CE,353.35,168.3,360.7,110.85,358.3,982320,224.43,353.1,90,354.65,30,353820
2026-04-13T14:01:07.186,NF,BANKNIFTY28APR2657500CE,353.15,168.3,360.7,110.85,358.3,982620,224.47,352.05,120,353.45,60,353820
2026-04-13T14:01:08.398,NF,BANKNIFTY28APR2657500CE,353.25,168.3,360.7,110.85,358.3,982830,224.49,352.15,30,353.55,30,353820
2026-04-13T14:01:09.590,NF,BANKNIFTY28APR2657500CE,353.2,168.3,360.7,110.85,358.3,982890,224.5,352.0,30,352.95,60,353820
2026-04-13T14:01:12.000,NF,BANKNIFTY28APR2657500CE,352.0,168.3,360.7,110.85,358.3,983130,224.53,352.0,90,353.3,150,353820
2026-04-13T14:01:14.601,NF,BANKNIFTY28APR2657500CE,353.35,168.3,360.7,110.85,358.3,983160,224.54,353.35,30,354.65,60,353820
2026-04-13T14:01:15.800,NF,BANKNIFTY28APR2657500CE,352.25,168.3,360.7,110.85,358.3,983760,224.62,353.15,60,354.45,60,353820
2026-04-13T14:01:23.213,NF,BANKNIFTY28APR2657500CE,356.8,168.3,360.7,110.85,358.3,983820,224.62,355.3,120,356.7,90,353820
2026-04-13T14:01:24.419,NF,BANKNIFTY28APR2657500CE,355.1,168.3,360.7,110.85,358.3,983880,224.63,354.1,60,355.5,90,353820
2026-04-13T14:01:25.816,NF,BANKNIFTY28APR2657500CE,353.6,168.3,360.7,110.85,358.3,984180,224.67,353.35,270,354.0,150,353820
2026-04-13T14:01:27.018,NF,BANKNIFTY28APR2657500CE,354.0,168.3,360.7,110.85,358.3,984330,224.69,353.75,30,354.0,120,353820
2026-04-13T14:01:29.430,NF,BANKNIFTY28APR2657500CE,354.0,168.3,360.7,110.85,358.3,984450,224.71,354.5,30,354.95,60,353820
2026-04-13T14:01:30.628,NF,BANKNIFTY28APR2657500CE,354.8,168.3,360.7,110.85,358.3,984690,224.74,354.15,60,355.35,60,353820
2026-04-13T14:01:33.030,NF,BANKNIFTY28APR2657500CE,354.5,168.3,360.7,110.85,358.3,984750,224.75,354.0,360,354.75,90,353820
2026-04-13T14:01:35.631,NF,BANKNIFTY28APR2657500CE,355.35,168.3,360.7,110.85,358.3,984810,224.75,355.05,30,356.2,30,353820
2026-04-13T14:01:36.837,NF,BANKNIFTY28APR2657500CE,355.5,168.3,360.7,110.85,358.3,984840,224.76,354.25,30,355.55,30,353820
2026-04-13T14:01:42.643,NF,BANKNIFTY28APR2657500CE,354.7,168.3,360.7,110.85,358.3,984930,224.77,354.7,60,355.85,60,353820
2026-04-13T14:01:45.050,NF,BANKNIFTY28APR2657500CE,354.0,168.3,360.7,110.85,358.3,985440,224.84,352.0,120,353.25,30,353820
2026-04-13T14:01:47.464,NF,BANKNIFTY28APR2657500CE,354.3,168.3,360.7,110.85,358.3,985470,224.84,352.8,120,354.1,60,353820
2026-04-13T14:01:49.859,NF,BANKNIFTY28APR2657500CE,352.25,168.3,360.7,110.85,358.3,985500,224.85,353.5,120,354.15,60,353820
2026-04-13T14:01:51.071,NF,BANKNIFTY28APR2657500CE,353.5,168.3,360.7,110.85,358.3,985620,224.86,352.45,120,353.6,30,353820
2026-04-13T14:01:55.869,NF,BANKNIFTY28APR2657500CE,355.7,168.3,360.7,110.85,358.3,985800,224.88,354.25,60,355.75,60,353820
2026-04-13T14:01:57.269,NF,BANKNIFTY28APR2657500CE,355.35,168.3,360.7,110.85,358.3,985830,224.89,354.2,30,355.75,60,353820
2026-04-13T14:01:58.469,NF,BANKNIFTY28APR2657500CE,355.0,168.3,360.7,110.85,358.3,985890,224.9,353.25,60,354.65,150,353820
2026-04-13T14:02:15.319,NF,BANKNIFTY28APR2657500CE,356.0,168.3,360.7,110.85,358.3,985920,224.9,355.2,60,356.55,120,353820
2026-04-13T14:02:16.499,NF,BANKNIFTY28APR2657500CE,355.2,168.3,360.7,110.85,358.3,985950,224.9,355.2,120,356.5,120,353820
2026-04-13T14:02:21.522,NF,BANKNIFTY28APR2657500CE,355.9,168.3,360.7,110.85,358.3,985980,224.91,354.55,30,355.9,30,353820
2026-04-13T14:02:22.716,NF,BANKNIFTY28APR2657500CE,354.65,168.3,360.7,110.85,358.3,986010,224.91,354.7,90,356.15,150,353820
2026-04-13T14:02:25.113,NF,BANKNIFTY28APR2657500CE,355.9,168.3,360.7,110.85,358.3,986040,224.92,354.75,210,356.15,30,353820
2026-04-13T14:02:26.319,NF,BANKNIFTY28APR2657500CE,354.2,168.3,360.7,110.85,358.3,986070,224.92,352.9,120,354.35,30,353820
2026-04-13T14:02:27.525,NF,BANKNIFTY28APR2657500CE,354.2,168.3,360.7,110.85,358.3,986100,224.92,352.45,90,353.85,120,353820
2026-04-13T14:02:28.717,NF,BANKNIFTY28APR2657500CE,353.25,168.3,360.7,110.85,358.3,986190,224.94,352.35,60,353.55,90,353820
2026-04-13T14:02:34.936,NF,BANKNIFTY28APR2657500CE,352.9,168.3,360.7,110.85,358.3,986220,224.94,353.3,60,354.2,120,353820
2026-04-13T14:02:48.155,NF,BANKNIFTY28APR2657500CE,353.0,168.3,360.7,110.85,358.3,986280,224.95,352.45,60,353.55,60,352230
2026-04-13T14:02:52.953,NF,BANKNIFTY28APR2657500CE,353.0,168.3,360.7,110.85,358.3,986400,224.96,352.6,60,353.75,60,352230
2026-04-13T14:02:54.162,NF,BANKNIFTY28APR2657500CE,352.7,168.3,360.7,110.85,358.3,986430,224.97,352.4,90,353.65,120,352230
2026-04-13T14:03:00.368,NF,BANKNIFTY28APR2657500CE,352.75,168.3,360.7,110.85,358.3,986460,224.97,352.9,30,354.0,30,352230
2026-04-13T14:03:05.388,NF,BANKNIFTY28APR2657500CE,354.0,168.3,360.7,110.85,358.3,986490,224.97,353.35,60,354.85,60,352230
2026-04-13T14:03:06.572,NF,BANKNIFTY28APR2657500CE,354.85,168.3,360.7,110.85,358.3,986640,224.99,353.3,30,354.75,90,352230
2026-04-13T14:03:07.776,NF,BANKNIFTY28APR2657500CE,354.2,168.3,360.7,110.85,358.3,986670,225.0,352.75,60,353.75,30,352230
2026-04-13T14:03:16.385,NF,BANKNIFTY28APR2657500CE,353.5,168.3,360.7,110.85,358.3,986760,225.01,353.4,30,354.7,150,352230
2026-04-13T14:03:19.994,NF,BANKNIFTY28APR2657500CE,355.0,168.3,360.7,110.85,358.3,986880,225.03,354.35,60,355.65,120,352230
