Timestamp,Exchange,Symbol,LTP,Open,High,Low,Close,Volume,VWAP,Best_Bid,Bid_Qty,Best_Ask,Ask_Qty,OI
2026-04-13T04:24:31.794,NF,BANKNIFTY28APR2655500PE,774.05,1135.85,1236.15,760.0,1337.25,1554300,872.63,774.2,120,779.55,60,311250
2026-04-13T09:15:00.387,NF,BANKNIFTY28APR2655500PE,1128.55,1025.0,1298.95,1025.0,785.6,600,1163.71,1206.1,240,1298.9,270,294570
2026-04-13T09:15:01.439,NF,BANKNIFTY28APR2655500PE,1264.45,1025.0,1298.95,1025.0,785.6,1920,1238.33,1235.15,30,1286.95,270,294570
2026-04-13T09:15:01.607,NF,BANKNIFTY28APR2655500PE,1285.0,1025.0,1298.95,1025.0,785.6,2250,1244.61,1243.8,240,1284.5,270,294570
2026-04-13T09:15:02.581,NF,BANKNIFTY28APR2655500PE,1251.15,1025.0,1298.95,1025.0,785.6,3330,1252.45,1251.15,60,1272.05,30,294570
2026-04-13T09:15:03.589,NF,BANKNIFTY28APR2655500PE,1268.85,1025.0,1298.95,1025.0,785.6,5700,1256.32,1257.4,30,1277.35,60,294570
2026-04-13T09:15:05.004,NF,BANKNIFTY28APR2655500PE,1270.05,1025.0,1298.95,1025.0,785.6,8310,1261.01,1270.2,90,1291.4,240,294570
2026-04-13T09:15:05.790,NF,BANKNIFTY28APR2655500PE,1298.15,1025.0,1298.95,1025.0,785.6,10710,1262.88,1265.2,30,1291.25,30,294570
2026-04-13T09:15:06.795,NF,BANKNIFTY28APR2655500PE,1294.45,1025.0,1312.6,1025.0,785.6,14790,1270.34,1294.45,360,1312.1,180,294570
2026-04-13T09:15:08.007,NF,BANKNIFTY28APR2655500PE,1314.3,1025.0,1320.0,1025.0,785.6,16530,1274.55,1314.3,180,1326.05,300,294570
2026-04-13T09:15:08.992,NF,BANKNIFTY28APR2655500PE,1306.5,1025.0,1331.45,1025.0,785.6,17370,1276.46,1306.4,240,1319.05,240,294570
2026-04-13T09:15:10.217,NF,BANKNIFTY28APR2655500PE,1328.9,1025.0,1331.45,1025.0,785.6,18450,1278.99,1318.65,120,1328.9,210,294570
2026-04-13T09:15:11.487,NF,BANKNIFTY28APR2655500PE,1350.0,1025.0,1350.0,1025.0,785.6,23970,1290.66,1347.55,240,1359.7,270,294570
2026-04-13T09:15:12.597,NF,BANKNIFTY28APR2655500PE,1361.7,1025.0,1372.75,1025.0,785.6,26730,1297.99,1367.25,60,1377.95,240,294570
2026-04-13T09:15:13.610,NF,BANKNIFTY28APR2655500PE,1373.15,1025.0,1382.0,1025.0,785.6,30450,1307.26,1373.15,30,1383.95,30,294570
2026-04-13T09:15:14.806,NF,BANKNIFTY28APR2655500PE,1372.25,1025.0,1388.05,1025.0,785.6,31470,1309.52,1377.05,90,1392.05,30,294570
2026-04-13T09:15:15.817,NF,BANKNIFTY28APR2655500PE,1402.65,1025.0,1407.25,1025.0,785.6,33390,1314.4,1389.4,60,1402.65,180,294570
2026-04-13T09:15:17.004,NF,BANKNIFTY28APR2655500PE,1409.0,1025.0,1415.1,1025.0,785.6,35310,1319.24,1396.4,60,1410.15,240,294570
2026-04-13T09:15:18.211,NF,BANKNIFTY28APR2655500PE,1401.6,1025.0,1420.6,1025.0,785.6,37080,1323.79,1401.6,210,1414.8,90,294570
2026-04-13T09:15:19.410,NF,BANKNIFTY28APR2655500PE,1400.05,1025.0,1420.6,1025.0,785.6,38460,1326.71,1400.0,30,1408.7,240,294570
2026-04-13T09:15:20.415,NF,BANKNIFTY28APR2655500PE,1408.3,1025.0,1420.6,1025.0,785.6,38760,1327.32,1395.65,330,1408.2,240,294570
2026-04-13T09:15:21.813,NF,BANKNIFTY28APR2655500PE,1390.8,1025.0,1420.6,1025.0,785.6,39270,1328.19,1390.8,240,1402.35,240,294570
2026-04-13T09:15:23.012,NF,BANKNIFTY28APR2655500PE,1389.45,1025.0,1420.6,1025.0,785.6,40110,1329.58,1385.95,60,1394.5,240,294570
2026-04-13T09:15:24.020,NF,BANKNIFTY28APR2655500PE,1393.05,1025.0,1420.6,1025.0,785.6,40500,1330.21,1392.4,120,1399.25,240,294570
2026-04-13T09:15:25.228,NF,BANKNIFTY28APR2655500PE,1400.05,1025.0,1420.6,1025.0,785.6,43230,1334.45,1396.15,120,1400.05,330,294570
2026-04-13T09:15:26.422,NF,BANKNIFTY28APR2655500PE,1397.35,1025.0,1420.6,1025.0,785.6,45660,1337.58,1397.35,150,1404.7,240,294570
2026-04-13T09:15:27.622,NF,BANKNIFTY28APR2655500PE,1396.75,1025.0,1420.6,1025.0,785.6,46110,1338.18,1396.9,30,1403.7,240,294570
2026-04-13T09:15:28.826,NF,BANKNIFTY28APR2655500PE,1397.1,1025.0,1420.6,1025.0,785.6,46410,1338.46,1390.2,30,1396.9,240,294570
2026-04-13T09:15:30.027,NF,BANKNIFTY28APR2655500PE,1400.0,1025.0,1420.6,1025.0,785.6,47220,1339.44,1395.75,60,1406.7,300,294570
2026-04-13T09:15:31.244,NF,BANKNIFTY28APR2655500PE,1401.25,1025.0,1420.6,1025.0,785.6,48180,1340.67,1401.85,240,1409.95,240,294570
2026-04-13T09:15:32.437,NF,BANKNIFTY28APR2655500PE,1414.0,1025.0,1420.6,1025.0,785.6,48840,1341.56,1406.4,150,1415.3,30,294570
2026-04-13T09:15:33.699,NF,BANKNIFTY28APR2655500PE,1415.5,1025.0,1420.6,1025.0,785.6,49470,1342.44,1407.65,60,1414.25,240,294570
2026-04-13T09:15:34.845,NF,BANKNIFTY28APR2655500PE,1400.65,1025.0,1420.6,1025.0,785.6,50010,1343.16,1399.8,30,1404.1,240,294570
2026-04-13T09:15:36.037,NF,BANKNIFTY28APR2655500PE,1400.7,1025.0,1420.6,1025.0,785.6,50520,1343.75,1400.7,390,1405.95,240,294570
2026-04-13T09:15:37.052,NF,BANKNIFTY28APR2655500PE,1407.75,1025.0,1420.6,1025.0,785.6,54600,1348.73,1407.1,270,1413.9,30,294570
2026-04-13T09:15:38.241,NF,BANKNIFTY28APR2655500PE,1416.5,1025.0,1420.6,1025.0,785.6,55530,1349.79,1412.3,240,1423.8,120,294570
2026-04-13T09:15:39.452,NF,BANKNIFTY28APR2655500PE,1417.95,1025.0,1420.6,1025.0,785.6,55920,1350.26,1416.85,360,1423.5,270,294570
2026-04-13T09:15:40.657,NF,BANKNIFTY28APR2655500PE,1416.0,1025.0,1420.6,1025.0,785.6,56100,1350.47,1410.0,240,1416.65,270,294570
2026-04-13T09:15:41.848,NF,BANKNIFTY28APR2655500PE,1412.1,1025.0,1420.6,1025.0,785.6,56910,1351.35,1401.7,240,1416.4,330,294570
2026-04-13T09:15:42.848,NF,BANKNIFTY28APR2655500PE,1402.8,1025.0,1420.6,1025.0,785.6,57090,1351.52,1403.25,90,1411.8,240,294570
2026-04-13T09:15:44.065,NF,BANKNIFTY28APR2655500PE,1400.75,1025.0,1420.6,1025.0,785.6,57270,1351.67,1399.5,240,1406.85,240,294570
2026-04-13T09:15:45.285,NF,BANKNIFTY28APR2655500PE,1402.85,1025.0,1420.6,1025.0,785.6,57570,1351.94,1403.85,90,1410.75,240,294570
2026-04-13T09:15:46.478,NF,BANKNIFTY28APR2655500PE,1418.75,1025.0,1420.6,1025.0,785.6,57690,1352.07,1410.35,30,1418.1,240,294570
2026-04-13T09:15:47.690,NF,BANKNIFTY28APR2655500PE,1423.95,1025.0,1428.0,1025.0,785.6,59940,1354.62,1423.0,30,1429.2,90,294570
2026-04-13T09:15:48.857,NF,BANKNIFTY28APR2655500PE,1416.0,1025.0,1428.0,1025.0,785.6,60330,1355.03,1414.0,360,1423.7,270,294570
2026-04-13T09:15:51.312,NF,BANKNIFTY28APR2655500PE,1428.2,1025.0,1428.4,1025.0,785.6,63510,1358.62,1418.05,360,1428.15,240,294570
2026-04-13T09:15:52.466,NF,BANKNIFTY28APR2655500PE,1426.25,1025.0,1430.5,1025.0,785.6,63810,1358.94,1427.05,240,1434.45,240,294570
2026-04-13T09:15:53.472,NF,BANKNIFTY28APR2655500PE,1426.95,1025.0,1430.5,1025.0,785.6,63930,1359.07,1418.5,240,1428.75,120,294570
2026-04-13T09:15:54.738,NF,BANKNIFTY28APR2655500PE,1417.65,1025.0,1430.5,1025.0,785.6,64050,1359.17,1417.65,180,1424.8,240,294570
2026-04-13T09:15:55.920,NF,BANKNIFTY28APR2655500PE,1415.65,1025.0,1430.5,1025.0,785.6,64290,1359.39,1412.8,390,1422.35,150,294570
2026-04-13T09:15:57.104,NF,BANKNIFTY28APR2655500PE,1419.7,1025.0,1430.5,1025.0,785.6,64710,1359.79,1419.85,450,1426.25,30,294570
2026-04-13T09:15:58.298,NF,BANKNIFTY28APR2655500PE,1426.25,1025.0,1430.5,1025.0,785.6,65040,1360.11,1419.5,150,1426.2,240,294570
2026-04-13T09:15:59.278,NF,BANKNIFTY28APR2655500PE,1431.95,1025.0,1431.95,1025.0,785.6,65610,1360.69,1426.25,270,1434.1,60,294570
2026-04-13T09:16:00.479,NF,BANKNIFTY28APR2655500PE,1440.7,1025.0,1444.0,1025.0,785.6,67050,1362.31,1435.9,240,1445.25,60,294570
2026-04-13T09:16:01.721,NF,BANKNIFTY28APR2655500PE,1436.5,1025.0,1445.75,1025.0,785.6,67290,1362.6,1433.4,270,1442.45,30,294570
2026-04-13T09:16:02.900,NF,BANKNIFTY28APR2655500PE,1447.65,1025.0,1447.65,1025.0,785.6,68340,1363.85,1443.7,30,1450.0,990,294570
2026-04-13T09:16:04.205,NF,BANKNIFTY28APR2655500PE,1450.0,1025.0,1450.0,1025.0,785.6,69390,1365.15,1451.05,30,1458.6,60,294570
2026-04-13T09:16:05.287,NF,BANKNIFTY28APR2655500PE,1460.35,1025.0,1465.5,1025.0,785.6,69810,1365.73,1462.4,450,1471.0,270,294570
2026-04-13T09:16:06.487,NF,BANKNIFTY28APR2655500PE,1490.95,1025.0,1499.0,1025.0,785.6,71190,1368.0,1483.55,330,1496.25,150,294570
2026-04-13T09:16:07.690,NF,BANKNIFTY28APR2655500PE,1499.4,1025.0,1500.0,1025.0,785.6,71610,1368.75,1491.9,240,1499.9,150,294570
2026-04-13T09:16:08.917,NF,BANKNIFTY28APR2655500PE,1498.65,1025.0,1500.0,1025.0,785.6,71880,1369.21,1493.35,330,1500.0,870,294570
2026-04-13T09:16:10.114,NF,BANKNIFTY28APR2655500PE,1515.95,1025.0,1515.95,1025.0,785.6,73080,1371.38,1511.7,270,1523.1,240,294570
2026-04-13T09:16:11.372,NF,BANKNIFTY28APR2655500PE,1515.9,1025.0,1515.95,1025.0,785.6,73500,1372.19,1516.3,240,1528.0,180,294570
2026-04-13T09:16:12.537,NF,BANKNIFTY28APR2655500PE,1536.6,1025.0,1536.6,1025.0,785.6,73680,1372.57,1532.3,30,1540.0,30,281100
2026-04-13T09:16:13.720,NF,BANKNIFTY28APR2655500PE,1526.15,1025.0,1545.4,1025.0,785.6,74550,1374.54,1525.95,240,1535.35,240,281100
2026-04-13T09:16:14.927,NF,BANKNIFTY28APR2655500PE,1517.3,1025.0,1545.4,1025.0,785.6,75000,1375.46,1520.25,300,1529.45,210,281100
2026-04-13T09:16:16.108,NF,BANKNIFTY28APR2655500PE,1526.0,1025.0,1545.4,1025.0,785.6,75240,1375.94,1527.05,240,1534.9,60,281100
2026-04-13T09:16:17.323,NF,BANKNIFTY28APR2655500PE,1540.35,1025.0,1545.4,1025.0,785.6,75900,1377.34,1525.55,330,1539.85,120,281100
2026-04-13T09:16:18.548,NF,BANKNIFTY28APR2655500PE,1553.3,1025.0,1559.0,1025.0,785.6,79050,1383.99,1550.8,240,1561.2,60,281100
2026-04-13T09:16:19.515,NF,BANKNIFTY28APR2655500PE,1540.35,1025.0,1564.3,1025.0,785.6,79170,1384.24,1537.25,330,1549.6,90,281100
2026-04-13T09:16:20.759,NF,BANKNIFTY28APR2655500PE,1540.7,1025.0,1564.3,1025.0,785.6,79530,1385.0,1535.65,240,1551.1,210,281100
2026-04-13T09:16:21.920,NF,BANKNIFTY28APR2655500PE,1533.65,1025.0,1564.3,1025.0,785.6,79740,1385.41,1529.35,240,1541.65,180,281100
2026-04-13T09:16:23.117,NF,BANKNIFTY28APR2655500PE,1549.7,1025.0,1564.3,1025.0,785.6,79920,1385.77,1535.45,270,1547.9,30,281100
2026-04-13T09:16:24.318,NF,BANKNIFTY28APR2655500PE,1536.8,1025.0,1564.3,1025.0,785.6,80040,1386.0,1537.2,60,1545.8,30,281100
2026-04-13T09:16:25.528,NF,BANKNIFTY28APR2655500PE,1543.95,1025.0,1564.3,1025.0,785.6,80160,1386.24,1543.95,60,1549.85,30,281100
2026-04-13T09:16:26.739,NF,BANKNIFTY28APR2655500PE,1541.2,1025.0,1564.3,1025.0,785.6,82740,1391.24,1537.8,30,1546.85,240,281100
2026-04-13T09:16:27.953,NF,BANKNIFTY28APR2655500PE,1539.55,1025.0,1564.3,1025.0,785.6,82980,1391.67,1536.9,210,1546.4,240,281100
2026-04-13T09:16:29.157,NF,BANKNIFTY28APR2655500PE,1550.2,1025.0,1564.3,1025.0,785.6,85590,1396.43,1549.55,30,1559.15,240,281100
2026-04-13T09:16:30.329,NF,BANKNIFTY28APR2655500PE,1560.0,1025.0,1564.3,1025.0,785.6,85980,1397.16,1550.15,240,1560.0,60,281100
2026-04-13T09:16:31.549,NF,BANKNIFTY28APR2655500PE,1537.65,1025.0,1564.3,1025.0,785.6,86460,1398.0,1539.25,240,1548.6,90,281100
2026-04-13T09:16:32.758,NF,BANKNIFTY28APR2655500PE,1540.0,1025.0,1564.3,1025.0,785.6,86910,1398.74,1537.05,240,1546.65,150,281100
2026-04-13T09:16:33.952,NF,BANKNIFTY28APR2655500PE,1531.55,1025.0,1564.3,1025.0,785.6,87720,1400.0,1521.25,240,1530.6,180,281100
2026-04-13T09:16:35.153,NF,BANKNIFTY28APR2655500PE,1526.15,1025.0,1564.3,1025.0,785.6,88770,1401.55,1526.2,360,1537.25,60,281100
2026-04-13T09:16:36.369,NF,BANKNIFTY28APR2655500PE,1531.1,1025.0,1564.3,1025.0,785.6,89460,1402.55,1532.85,240,1541.75,240,281100
2026-04-13T09:16:37.738,NF,BANKNIFTY28APR2655500PE,1533.75,1025.0,1564.3,1025.0,785.6,89670,1402.87,1535.3,270,1543.9,270,281100
2026-04-13T09:16:39.010,NF,BANKNIFTY28APR2655500PE,1532.85,1025.0,1564.3,1025.0,785.6,89820,1403.1,1534.8,240,1544.55,240,281100
2026-04-13T09:16:40.177,NF,BANKNIFTY28APR2655500PE,1532.5,1025.0,1564.3,1025.0,785.6,90000,1403.36,1532.25,240,1540.25,240,281100
2026-04-13T09:16:41.347,NF,BANKNIFTY28APR2655500PE,1531.3,1025.0,1564.3,1025.0,785.6,90090,1403.49,1531.0,240,1538.65,30,281100
2026-04-13T09:16:42.557,NF,BANKNIFTY28APR2655500PE,1530.85,1025.0,1564.3,1025.0,785.6,90300,1403.8,1530.0,90,1536.4,30,281100
2026-04-13T09:16:43.968,NF,BANKNIFTY28APR2655500PE,1532.5,1025.0,1564.3,1025.0,785.6,90870,1404.63,1531.2,270,1538.85,270,281100
2026-04-13T09:16:45.152,NF,BANKNIFTY28APR2655500PE,1525.0,1025.0,1564.3,1025.0,785.6,91410,1405.38,1523.15,240,1535.45,240,281100
2026-04-13T09:16:47.554,NF,BANKNIFTY28APR2655500PE,1509.1,1025.0,1564.3,1025.0,785.6,91620,1405.62,1509.15,30,1517.25,240,281100
2026-04-13T09:16:48.770,NF,BANKNIFTY28APR2655500PE,1501.15,1025.0,1564.3,1025.0,785.6,91830,1405.85,1507.2,240,1515.75,210,281100
2026-04-13T09:16:49.973,NF,BANKNIFTY28APR2655500PE,1521.15,1025.0,1564.3,1025.0,785.6,91950,1406.0,1508.15,120,1519.0,240,281100
2026-04-13T09:16:51.163,NF,BANKNIFTY28APR2655500PE,1506.95,1025.0,1564.3,1025.0,785.6,91980,1406.03,1507.9,240,1518.25,360,281100
2026-04-13T09:16:52.382,NF,BANKNIFTY28APR2655500PE,1518.4,1025.0,1564.3,1025.0,785.6,92220,1406.32,1510.35,420,1518.4,150,281100
2026-04-13T09:16:53.572,NF,BANKNIFTY28APR2655500PE,1514.25,1025.0,1564.3,1025.0,785.6,92430,1406.57,1512.05,240,1520.65,240,281100
2026-04-13T09:16:54.770,NF,BANKNIFTY28APR2655500PE,1523.05,1025.0,1564.3,1025.0,785.6,92760,1406.98,1514.05,90,1527.5,240,281100
2026-04-13T09:16:56.169,NF,BANKNIFTY28APR2655500PE,1513.6,1025.0,1564.3,1025.0,785.6,93000,1407.25,1515.3,240,1523.7,270,281100
2026-04-13T09:16:57.378,NF,BANKNIFTY28APR2655500PE,1514.9,1025.0,1564.3,1025.0,785.6,93120,1407.39,1511.4,360,1518.85,240,281100
2026-04-13T09:16:58.578,NF,BANKNIFTY28APR2655500PE,1519.45,1025.0,1564.3,1025.0,785.6,93600,1407.94,1503.55,30,1513.0,240,281100
2026-04-13T09:16:59.794,NF,BANKNIFTY28APR2655500PE,1503.3,1025.0,1564.3,1025.0,785.6,94170,1408.51,1495.05,30,1502.7,240,281100
2026-04-13T09:17:00.990,NF,BANKNIFTY28APR2655500PE,1498.85,1025.0,1564.3,1025.0,785.6,95160,1409.41,1499.1,180,1507.65,240,281100
2026-04-13T09:17:02.190,NF,BANKNIFTY28APR2655500PE,1502.95,1025.0,1564.3,1025.0,785.6,95730,1409.96,1499.5,240,1508.3,270,281100
2026-04-13T09:17:03.393,NF,BANKNIFTY28APR2655500PE,1514.85,1025.0,1564.3,1025.0,785.6,96060,1410.28,1499.1,60,1508.15,240,281100
2026-04-13T09:17:04.585,NF,BANKNIFTY28APR2655500PE,1505.55,1025.0,1564.3,1025.0,785.6,96180,1410.4,1505.5,300,1513.05,240,281100
2026-04-13T09:17:05.995,NF,BANKNIFTY28APR2655500PE,1501.3,1025.0,1564.3,1025.0,785.6,96540,1410.75,1506.1,30,1511.95,60,281100
2026-04-13T09:17:07.214,NF,BANKNIFTY28APR2655500PE,1508.6,1025.0,1564.3,1025.0,785.6,96780,1410.99,1508.8,90,1514.8,240,281100
2026-04-13T09:17:08.464,NF,BANKNIFTY28APR2655500PE,1506.75,1025.0,1564.3,1025.0,785.6,97050,1411.26,1505.65,90,1512.25,270,281100
2026-04-13T09:17:09.607,NF,BANKNIFTY28APR2655500PE,1502.3,1025.0,1564.3,1025.0,785.6,97800,1411.94,1500.65,30,1508.1,240,281100
2026-04-13T09:17:10.809,NF,BANKNIFTY28APR2655500PE,1500.75,1025.0,1564.3,1025.0,785.6,98940,1412.94,1498.8,30,1506.2,240,281100
2026-04-13T09:17:12.010,NF,BANKNIFTY28APR2655500PE,1498.7,1025.0,1564.3,1025.0,785.6,99120,1413.1,1492.9,90,1500.55,30,281100
2026-04-13T09:17:13.204,NF,BANKNIFTY28APR2655500PE,1497.65,1025.0,1564.3,1025.0,785.6,99450,1413.37,1496.6,150,1504.55,30,281100
2026-04-13T09:17:14.426,NF,BANKNIFTY28APR2655500PE,1506.7,1025.0,1564.3,1025.0,785.6,99540,1413.45,1499.7,60,1506.7,210,281100
2026-04-13T09:17:15.604,NF,BANKNIFTY28APR2655500PE,1506.75,1025.0,1564.3,1025.0,785.6,99840,1413.73,1489.95,240,1498.1,240,281100
2026-04-13T09:17:16.818,NF,BANKNIFTY28APR2655500PE,1495.65,1025.0,1564.3,1025.0,785.6,99960,1413.83,1490.65,30,1495.0,30,281100
2026-04-13T09:17:18.020,NF,BANKNIFTY28APR2655500PE,1470.5,1025.0,1564.3,1025.0,785.6,101040,1414.58,1475.65,60,1483.7,30,281100
2026-04-13T09:17:19.212,NF,BANKNIFTY28APR2655500PE,1476.1,1025.0,1564.3,1025.0,785.6,101250,1414.7,1471.95,90,1478.9,30,281100
2026-04-13T09:17:20.437,NF,BANKNIFTY28APR2655500PE,1482.9,1025.0,1564.3,1025.0,785.6,101670,1414.96,1478.2,150,1485.75,30,281100
2026-04-13T09:17:21.614,NF,BANKNIFTY28APR2655500PE,1472.7,1025.0,1564.3,1025.0,785.6,102600,1415.49,1467.0,30,1471.8,360,281100
2026-04-13T09:17:23.049,NF,BANKNIFTY28APR2655500PE,1473.75,1025.0,1564.3,1025.0,785.6,102870,1415.63,1467.65,30,1473.0,240,281100
2026-04-13T09:17:24.021,NF,BANKNIFTY28APR2655500PE,1460.35,1025.0,1564.3,1025.0,785.6,103230,1415.8,1460.35,120,1462.8,240,281100
2026-04-13T09:17:25.228,NF,BANKNIFTY28APR2655500PE,1460.35,1025.0,1564.3,1025.0,785.6,103500,1415.92,1460.35,90,1463.85,270,281100
2026-04-13T09:17:26.428,NF,BANKNIFTY28APR2655500PE,1461.3,1025.0,1564.3,1025.0,785.6,103710,1416.01,1452.55,60,1458.7,270,281100
2026-04-13T09:17:27.636,NF,BANKNIFTY28APR2655500PE,1446.1,1025.0,1564.3,1025.0,785.6,103860,1416.06,1445.1,90,1450.65,270,281100
2026-04-13T09:17:28.833,NF,BANKNIFTY28APR2655500PE,1452.5,1025.0,1564.3,1025.0,785.6,104070,1416.12,1450.0,60,1453.0,270,281100
2026-04-13T09:17:30.048,NF,BANKNIFTY28APR2655500PE,1455.35,1025.0,1564.3,1025.0,785.6,105180,1416.52,1459.95,150,1467.8,120,281100
2026-04-13T09:17:31.237,NF,BANKNIFTY28APR2655500PE,1469.35,1025.0,1564.3,1025.0,785.6,105690,1416.74,1470.35,90,1477.6,150,281100
2026-04-13T09:17:32.458,NF,BANKNIFTY28APR2655500PE,1485.9,1025.0,1564.3,1025.0,785.6,105810,1416.81,1477.7,30,1485.8,120,281100
2026-04-13T09:17:33.838,NF,BANKNIFTY28APR2655500PE,1486.95,1025.0,1564.3,1025.0,785.6,106020,1416.93,1480.7,30,1489.3,120,281100
2026-04-13T09:17:35.080,NF,BANKNIFTY28APR2655500PE,1487.15,1025.0,1564.3,1025.0,785.6,106050,1416.95,1485.2,30,1492.95,120,281100
2026-04-13T09:17:36.262,NF,BANKNIFTY28APR2655500PE,1482.65,1025.0,1564.3,1025.0,785.6,106350,1417.15,1484.8,30,1494.05,120,281100
2026-04-13T09:17:37.477,NF,BANKNIFTY28APR2655500PE,1495.95,1025.0,1564.3,1025.0,785.6,106470,1417.24,1489.35,30,1496.0,60,281100
2026-04-13T09:17:38.654,NF,BANKNIFTY28APR2655500PE,1485.45,1025.0,1564.3,1025.0,785.6,106560,1417.3,1485.95,150,1493.55,150,281100
2026-04-13T09:17:39.870,NF,BANKNIFTY28APR2655500PE,1499.0,1025.0,1564.3,1025.0,785.6,106650,1417.36,1488.3,30,1496.0,150,281100
2026-04-13T09:17:41.051,NF,BANKNIFTY28APR2655500PE,1493.1,1025.0,1564.3,1025.0,785.6,106770,1417.45,1488.5,150,1496.0,180,281100
2026-04-13T09:17:42.265,NF,BANKNIFTY28APR2655500PE,1485.2,1025.0,1564.3,1025.0,785.6,106830,1417.49,1479.7,30,1487.2,120,281100
2026-04-13T09:17:43.465,NF,BANKNIFTY28APR2655500PE,1485.2,1025.0,1564.3,1025.0,785.6,106920,1417.55,1483.85,30,1491.25,420,281100
2026-04-13T09:17:44.661,NF,BANKNIFTY28APR2655500PE,1493.7,1025.0,1564.3,1025.0,785.6,106950,1417.57,1488.3,210,1495.2,210,281100
2026-04-13T09:17:45.852,NF,BANKNIFTY28APR2655500PE,1489.1,1025.0,1564.3,1025.0,785.6,107010,1417.61,1486.6,210,1495.45,120,281100
2026-04-13T09:17:47.094,NF,BANKNIFTY28APR2655500PE,1491.0,1025.0,1564.3,1025.0,785.6,107160,1417.72,1490.85,120,1498.3,150,281100
2026-04-13T09:17:48.258,NF,BANKNIFTY28APR2655500PE,1495.7,1025.0,1564.3,1025.0,785.6,107220,1417.76,1493.1,510,1499.95,120,281100
2026-04-13T09:17:49.459,NF,BANKNIFTY28APR2655500PE,1492.65,1025.0,1564.3,1025.0,785.6,108780,1418.93,1489.55,120,1497.6,90,281100
2026-04-13T09:17:50.661,NF,BANKNIFTY28APR2655500PE,1494.1,1025.0,1564.3,1025.0,785.6,108870,1418.99,1485.3,60,1492.75,150,281100
2026-04-13T09:17:51.881,NF,BANKNIFTY28APR2655500PE,1490.0,1025.0,1564.3,1025.0,785.6,108900,1419.01,1487.8,60,1495.0,120,281100
2026-04-13T09:17:53.062,NF,BANKNIFTY28APR2655500PE,1495.4,1025.0,1564.3,1025.0,785.6,108960,1419.05,1487.4,120,1494.5,150,281100
2026-04-13T09:17:54.266,NF,BANKNIFTY28APR2655500PE,1496.6,1025.0,1564.3,1025.0,785.6,108990,1419.08,1489.2,60,1496.5,150,281100
2026-04-13T09:17:55.473,NF,BANKNIFTY28APR2655500PE,1489.15,1025.0,1564.3,1025.0,785.6,109020,1419.1,1492.4,120,1499.0,120,281100
2026-04-13T09:17:56.674,NF,BANKNIFTY28APR2655500PE,1497.55,1025.0,1564.3,1025.0,785.6,109410,1419.37,1491.05,150,1498.35,120,281100
2026-04-13T09:17:57.871,NF,BANKNIFTY28APR2655500PE,1500.0,1025.0,1564.3,1025.0,785.6,109470,1419.41,1497.15,30,1503.75,210,281100
2026-04-13T09:17:59.071,NF,BANKNIFTY28APR2655500PE,1506.0,1025.0,1564.3,1025.0,785.6,109500,1419.44,1498.5,30,1506.2,120,281100
2026-04-13T09:18:00.280,NF,BANKNIFTY28APR2655500PE,1500.85,1025.0,1564.3,1025.0,785.6,109650,1419.55,1501.45,150,1506.75,90,281100
2026-04-13T09:18:01.509,NF,BANKNIFTY28APR2655500PE,1500.0,1025.0,1564.3,1025.0,785.6,110370,1420.11,1496.4,120,1504.25,30,281100
2026-04-13T09:18:02.688,NF,BANKNIFTY28APR2655500PE,1503.25,1025.0,1564.3,1025.0,785.6,110460,1420.18,1503.9,150,1511.4,150,281100
2026-04-13T09:18:03.883,NF,BANKNIFTY28APR2655500PE,1508.1,1025.0,1564.3,1025.0,785.6,110940,1420.57,1508.85,150,1516.4,120,281100
2026-04-13T09:18:06.296,NF,BANKNIFTY28APR2655500PE,1508.95,1025.0,1564.3,1025.0,785.6,111600,1421.09,1511.3,30,1519.0,30,281100
2026-04-13T09:18:07.505,NF,BANKNIFTY28APR2655500PE,1511.75,1025.0,1564.3,1025.0,785.6,111840,1421.3,1512.0,120,1521.65,30,281100
2026-04-13T09:18:08.691,NF,BANKNIFTY28APR2655500PE,1513.45,1025.0,1564.3,1025.0,785.6,111900,1421.35,1512.8,150,1519.15,150,281100
2026-04-13T09:18:09.895,NF,BANKNIFTY28APR2655500PE,1514.25,1025.0,1564.3,1025.0,785.6,112020,1421.45,1514.3,30,1521.85,150,281100
2026-04-13T09:18:11.093,NF,BANKNIFTY28APR2655500PE,1514.4,1025.0,1564.3,1025.0,785.6,112200,1421.6,1517.1,30,1524.45,120,281100
2026-04-13T09:18:12.304,NF,BANKNIFTY28APR2655500PE,1528.7,1025.0,1564.3,1025.0,785.6,113070,1422.4,1521.5,120,1529.1,210,281100
2026-04-13T09:18:13.693,NF,BANKNIFTY28APR2655500PE,1515.25,1025.0,1564.3,1025.0,785.6,113190,1422.5,1514.85,180,1522.5,30,281100
2026-04-13T09:18:14.695,NF,BANKNIFTY28APR2655500PE,1524.85,1025.0,1564.3,1025.0,785.6,113310,1422.61,1520.6,120,1529.2,30,281100
2026-04-13T09:18:15.897,NF,BANKNIFTY28APR2655500PE,1522.7,1025.0,1564.3,1025.0,785.6,113700,1422.97,1522.3,150,1529.6,30,281100
2026-04-13T09:18:17.101,NF,BANKNIFTY28APR2655500PE,1530.0,1025.0,1564.3,1025.0,785.6,114000,1423.24,1525.55,60,1531.95,30,281100
2026-04-13T09:18:18.497,NF,BANKNIFTY28APR2655500PE,1528.7,1025.0,1564.3,1025.0,785.6,114780,1423.97,1528.5,30,1535.2,120,281100
2026-04-13T09:18:19.704,NF,BANKNIFTY28APR2655500PE,1534.65,1025.0,1564.3,1025.0,785.6,114840,1424.02,1528.55,540,1532.8,60,281100
2026-04-13T09:18:22.110,NF,BANKNIFTY28APR2655500PE,1540.0,1025.0,1564.3,1025.0,785.6,115800,1424.96,1537.5,30,1545.3,120,281100
2026-04-13T09:18:23.320,NF,BANKNIFTY28APR2655500PE,1548.0,1025.0,1564.3,1025.0,785.6,117240,1426.42,1541.75,30,1547.95,150,281100
2026-04-13T09:18:24.508,NF,BANKNIFTY28APR2655500PE,1543.5,1025.0,1564.3,1025.0,785.6,117450,1426.62,1543.8,120,1548.0,90,281100
2026-04-13T09:18:25.716,NF,BANKNIFTY28APR2655500PE,1543.85,1025.0,1564.3,1025.0,785.6,118620,1427.81,1537.65,90,1545.65,30,281100
2026-04-13T09:18:26.923,NF,BANKNIFTY28APR2655500PE,1548.0,1025.0,1564.3,1025.0,785.6,118740,1427.92,1548.05,30,1551.95,30,281100
2026-04-13T09:18:28.118,NF,BANKNIFTY28APR2655500PE,1548.35,1025.0,1564.3,1025.0,785.6,118920,1428.11,1548.4,60,1554.9,120,281100
2026-04-13T09:18:30.526,NF,BANKNIFTY28APR2655500PE,1548.1,1025.0,1564.3,1025.0,785.6,120300,1429.49,1548.1,150,1550.45,30,281100
2026-04-13T09:18:31.947,NF,BANKNIFTY28APR2655500PE,1540.25,1025.0,1564.3,1025.0,785.6,121050,1430.19,1544.85,150,1553.15,120,281100
2026-04-13T09:18:33.130,NF,BANKNIFTY28APR2655500PE,1552.0,1025.0,1564.3,1025.0,785.6,121380,1430.52,1542.7,90,1549.55,30,281100
2026-04-13T09:18:34.325,NF,BANKNIFTY28APR2655500PE,1543.6,1025.0,1564.3,1025.0,785.6,121470,1430.6,1543.95,90,1550.7,120,281100
2026-04-13T09:18:35.535,NF,BANKNIFTY28APR2655500PE,1550.0,1025.0,1564.3,1025.0,785.6,121560,1430.69,1550.0,30,1554.35,30,281100
2026-04-13T09:18:36.730,NF,BANKNIFTY28APR2655500PE,1554.75,1025.0,1564.3,1025.0,785.6,122220,1431.32,1544.8,420,1553.15,120,281100
2026-04-13T09:18:39.134,NF,BANKNIFTY28APR2655500PE,1546.4,1025.0,1564.3,1025.0,785.6,122250,1431.35,1548.25,150,1554.75,30,281100
2026-04-13T09:18:41.551,NF,BANKNIFTY28APR2655500PE,1541.7,1025.0,1564.3,1025.0,785.6,122310,1431.41,1542.0,60,1547.7,120,281100
2026-04-13T09:18:45.150,NF,BANKNIFTY28APR2655500PE,1546.4,1025.0,1564.3,1025.0,785.6,122340,1431.44,1539.7,120,1546.3,30,281100
2026-04-13T09:18:46.350,NF,BANKNIFTY28APR2655500PE,1540.45,1025.0,1564.3,1025.0,785.6,122400,1431.49,1539.9,120,1546.4,30,281100
2026-04-13T09:18:47.363,NF,BANKNIFTY28APR2655500PE,1535.35,1025.0,1564.3,1025.0,785.6,122490,1431.57,1531.95,60,1538.9,150,281100
2026-04-13T09:18:48.749,NF,BANKNIFTY28APR2655500PE,1537.8,1025.0,1564.3,1025.0,785.6,122880,1431.89,1534.75,120,1540.0,60,281100
2026-04-13T09:18:49.950,NF,BANKNIFTY28APR2655500PE,1540.0,1025.0,1564.3,1025.0,785.6,122910,1431.92,1536.0,120,1543.2,30,281100
2026-04-13T09:18:51.151,NF,BANKNIFTY28APR2655500PE,1537.45,1025.0,1564.3,1025.0,785.6,122940,1431.95,1539.6,30,1546.4,60,281100
2026-04-13T09:18:53.578,NF,BANKNIFTY28APR2655500PE,1535.55,1025.0,1564.3,1025.0,785.6,123030,1432.03,1535.0,60,1537.45,60,281100
2026-04-13T09:18:54.788,NF,BANKNIFTY28APR2655500PE,1527.05,1025.0,1564.3,1025.0,785.6,123180,1432.15,1524.8,90,1530.95,90,281100
2026-04-13T09:18:55.961,NF,BANKNIFTY28APR2655500PE,1531.9,1025.0,1564.3,1025.0,785.6,123210,1432.17,1532.15,60,1539.85,60,281100
2026-04-13T09:18:57.164,NF,BANKNIFTY28APR2655500PE,1540.0,1025.0,1564.3,1025.0,785.6,123270,1432.23,1537.25,120,1544.05,150,281100
2026-04-13T09:18:58.371,NF,BANKNIFTY28APR2655500PE,1538.35,1025.0,1564.3,1025.0,785.6,123450,1432.38,1532.35,30,1537.2,120,281100
2026-04-13T09:18:59.567,NF,BANKNIFTY28APR2655500PE,1540.0,1025.0,1564.3,1025.0,785.6,123990,1432.84,1531.75,150,1538.8,120,281100
2026-04-13T09:19:01.971,NF,BANKNIFTY28APR2655500PE,1545.0,1025.0,1564.3,1025.0,785.6,124140,1432.97,1534.8,30,1543.7,30,281100
2026-04-13T09:19:03.174,NF,BANKNIFTY28APR2655500PE,1533.3,1025.0,1564.3,1025.0,785.6,124230,1433.05,1533.75,120,1541.2,120,281100
2026-04-13T09:19:05.581,NF,BANKNIFTY28APR2655500PE,1530.0,1025.0,1564.3,1025.0,785.6,124260,1433.07,1529.5,90,1535.7,30,281100
2026-04-13T09:19:06.812,NF,BANKNIFTY28APR2655500PE,1530.1,1025.0,1564.3,1025.0,785.6,124320,1433.12,1526.05,60,1532.7,30,281100
2026-04-13T09:19:07.983,NF,BANKNIFTY28APR2655500PE,1532.7,1025.0,1564.3,1025.0,785.6,124380,1433.16,1527.3,330,1534.2,150,281100
2026-04-13T09:19:10.583,NF,BANKNIFTY28APR2655500PE,1535.55,1025.0,1564.3,1025.0,785.6,124530,1433.29,1531.5,210,1537.8,30,281100
2026-04-13T09:19:15.399,NF,BANKNIFTY28APR2655500PE,1535.05,1025.0,1564.3,1025.0,785.6,124680,1433.41,1531.0,120,1538.2,150,276120
2026-04-13T09:19:17.804,NF,BANKNIFTY28APR2655500PE,1537.1,1025.0,1564.3,1025.0,785.6,124800,1433.51,1533.1,120,1540.15,60,276120
2026-04-13T09:19:25.015,NF,BANKNIFTY28APR2655500PE,1526.95,1025.0,1564.3,1025.0,785.6,124830,1433.53,1523.3,120,1529.35,60,276120
2026-04-13T09:19:26.209,NF,BANKNIFTY28APR2655500PE,1523.9,1025.0,1564.3,1025.0,785.6,124890,1433.57,1524.1,330,1530.0,210,276120
2026-04-13T09:19:29.823,NF,BANKNIFTY28APR2655500PE,1517.0,1025.0,1564.3,1025.0,785.6,124950,1433.61,1514.75,120,1520.6,30,276120
2026-04-13T09:19:31.018,NF,BANKNIFTY28APR2655500PE,1517.8,1025.0,1564.3,1025.0,785.6,124980,1433.63,1513.05,60,1518.6,60,276120
2026-04-13T09:19:33.454,NF,BANKNIFTY28APR2655500PE,1508.25,1025.0,1564.3,1025.0,785.6,125130,1433.73,1502.75,60,1508.35,30,276120
2026-04-13T09:19:35.826,NF,BANKNIFTY28APR2655500PE,1504.15,1025.0,1564.3,1025.0,785.6,125340,1433.84,1501.35,300,1507.75,30,276120
2026-04-13T09:19:37.279,NF,BANKNIFTY28APR2655500PE,1499.25,1025.0,1564.3,1025.0,785.6,125430,1433.89,1498.9,210,1505.35,30,276120
2026-04-13T09:19:38.448,NF,BANKNIFTY28APR2655500PE,1498.15,1025.0,1564.3,1025.0,785.6,125460,1433.9,1498.15,270,1504.55,180,276120
2026-04-13T09:19:39.637,NF,BANKNIFTY28APR2655500PE,1498.25,1025.0,1564.3,1025.0,785.6,127080,1434.59,1492.4,180,1498.2,150,276120
2026-04-13T09:19:40.837,NF,BANKNIFTY28APR2655500PE,1488.9,1025.0,1564.3,1025.0,785.6,127110,1434.61,1489.6,210,1495.35,120,276120
2026-04-13T09:19:42.035,NF,BANKNIFTY28APR2655500PE,1490.15,1025.0,1564.3,1025.0,785.6,127260,1434.67,1493.0,300,1498.45,120,276120
2026-04-13T09:19:43.271,NF,BANKNIFTY28APR2655500PE,1492.5,1025.0,1564.3,1025.0,785.6,127350,1434.71,1492.55,180,1497.5,120,276120
2026-04-13T09:19:44.460,NF,BANKNIFTY28APR2655500PE,1493.15,1025.0,1564.3,1025.0,785.6,127440,1434.76,1493.3,360,1498.25,120,276120
2026-04-13T09:19:45.639,NF,BANKNIFTY28APR2655500PE,1497.35,1025.0,1564.3,1025.0,785.6,127530,1434.8,1492.5,360,1498.3,30,276120
2026-04-13T09:19:46.840,NF,BANKNIFTY28APR2655500PE,1503.0,1025.0,1564.3,1025.0,785.6,127770,1434.92,1498.75,120,1505.4,120,276120
2026-04-13T09:19:48.042,NF,BANKNIFTY28APR2655500PE,1508.35,1025.0,1564.3,1025.0,785.6,127830,1434.96,1502.3,120,1508.0,60,276120
2026-04-13T09:19:49.245,NF,BANKNIFTY28APR2655500PE,1513.6,1025.0,1564.3,1025.0,785.6,127980,1435.04,1508.3,300,1514.0,30,276120
2026-04-13T09:19:50.643,NF,BANKNIFTY28APR2655500PE,1508.15,1025.0,1564.3,1025.0,785.6,128040,1435.08,1508.65,270,1514.6,120,276120
2026-04-13T09:19:51.845,NF,BANKNIFTY28APR2655500PE,1510.65,1025.0,1564.3,1025.0,785.6,128070,1435.1,1503.7,180,1509.75,210,276120
2026-04-13T09:19:55.461,NF,BANKNIFTY28APR2655500PE,1502.15,1025.0,1564.3,1025.0,785.6,128370,1435.25,1502.25,60,1508.85,120,276120
2026-04-13T09:19:59.062,NF,BANKNIFTY28APR2655500PE,1515.6,1025.0,1564.3,1025.0,785.6,128790,1435.5,1507.8,30,1514.65,120,276120
2026-04-13T09:20:00.263,NF,BANKNIFTY28APR2655500PE,1521.9,1025.0,1564.3,1025.0,785.6,128820,1435.52,1517.3,270,1524.1,90,276120
2026-04-13T09:20:01.468,NF,BANKNIFTY28APR2655500PE,1525.5,1025.0,1564.3,1025.0,785.6,128910,1435.58,1521.0,30,1528.45,240,276120
2026-04-13T09:20:02.667,NF,BANKNIFTY28APR2655500PE,1516.35,1025.0,1564.3,1025.0,785.6,129420,1435.9,1517.4,120,1524.7,150,276120
2026-04-13T09:20:04.064,NF,BANKNIFTY28APR2655500PE,1518.7,1025.0,1564.3,1025.0,785.6,129660,1436.05,1519.45,270,1524.8,150,276120
2026-04-13T09:20:05.267,NF,BANKNIFTY28APR2655500PE,1536.0,1025.0,1564.3,1025.0,785.6,130170,1436.42,1532.4,120,1538.95,120,276120
2026-04-13T09:20:08.873,NF,BANKNIFTY28APR2655500PE,1534.45,1025.0,1564.3,1025.0,785.6,130230,1436.47,1531.6,120,1538.85,30,276120
2026-04-13T09:20:11.280,NF,BANKNIFTY28APR2655500PE,1529.8,1025.0,1564.3,1025.0,785.6,130350,1436.55,1525.8,150,1530.25,30,276120
2026-04-13T09:20:12.502,NF,BANKNIFTY28APR2655500PE,1521.0,1025.0,1564.3,1025.0,785.6,130590,1436.72,1523.0,90,1529.3,30,276120
2026-04-13T09:20:13.694,NF,BANKNIFTY28APR2655500PE,1524.9,1025.0,1564.3,1025.0,785.6,130620,1436.74,1519.25,90,1529.45,30,276120
2026-04-13T09:20:16.106,NF,BANKNIFTY28APR2655500PE,1527.7,1025.0,1564.3,1025.0,785.6,130740,1436.82,1523.2,30,1529.0,120,276120
2026-04-13T09:20:17.299,NF,BANKNIFTY28APR2655500PE,1520.55,1025.0,1564.3,1025.0,785.6,131070,1437.04,1523.65,60,1529.35,60,276120
2026-04-13T09:20:19.699,NF,BANKNIFTY28APR2655500PE,1516.05,1025.0,1564.3,1025.0,785.6,131280,1437.17,1516.4,30,1524.15,30,276120
2026-04-13T09:20:20.896,NF,BANKNIFTY28APR2655500PE,1524.5,1025.0,1564.3,1025.0,785.6,131310,1437.19,1516.8,120,1522.3,30,276120
2026-04-13T09:20:22.095,NF,BANKNIFTY28APR2655500PE,1521.6,1025.0,1564.3,1025.0,785.6,131520,1437.32,1515.95,150,1521.65,60,276120
2026-04-13T09:20:25.503,NF,BANKNIFTY28APR2655500PE,1522.4,1025.0,1564.3,1025.0,785.6,131670,1437.41,1522.5,210,1528.2,120,276120
2026-04-13T09:20:26.706,NF,BANKNIFTY28APR2655500PE,1524.1,1025.0,1564.3,1025.0,785.6,131700,1437.43,1522.55,150,1528.85,120,276120
2026-04-13T09:20:29.111,NF,BANKNIFTY28APR2655500PE,1527.6,1025.0,1564.3,1025.0,785.6,131730,1437.45,1522.6,30,1526.9,30,276120
2026-04-13T09:20:30.333,NF,BANKNIFTY28APR2655500PE,1525.65,1025.0,1564.3,1025.0,785.6,132810,1438.16,1519.05,150,1525.6,150,276120
2026-04-13T09:20:32.724,NF,BANKNIFTY28APR2655500PE,1527.6,1025.0,1564.3,1025.0,785.6,132870,1438.21,1527.5,420,1534.45,30,276120
2026-04-13T09:20:35.116,NF,BANKNIFTY28APR2655500PE,1528.5,1025.0,1564.3,1025.0,785.6,132930,1438.25,1522.85,210,1529.8,90,276120
2026-04-13T09:20:37.521,NF,BANKNIFTY28APR2655500PE,1521.55,1025.0,1564.3,1025.0,785.6,132960,1438.26,1516.6,30,1521.45,30,276120
2026-04-13T09:20:38.326,NF,BANKNIFTY28APR2655500PE,1520.6,1025.0,1564.3,1025.0,785.6,132990,1438.28,1513.0,120,1518.85,60,276120
2026-04-13T09:20:39.533,NF,BANKNIFTY28APR2655500PE,1512.9,1025.0,1564.3,1025.0,785.6,133020,1438.3,1513.85,120,1520.2,120,276120
2026-04-13T09:20:40.923,NF,BANKNIFTY28APR2655500PE,1515.4,1025.0,1564.3,1025.0,785.6,133230,1438.42,1523.6,270,1529.35,60,276120
2026-04-13T09:20:42.126,NF,BANKNIFTY28APR2655500PE,1518.8,1025.0,1564.3,1025.0,785.6,133380,1438.51,1519.35,120,1525.8,120,276120
2026-04-13T09:20:43.349,NF,BANKNIFTY28APR2655500PE,1519.3,1025.0,1564.3,1025.0,785.6,133440,1438.55,1519.35,390,1525.9,90,276120
2026-04-13T09:20:45.939,NF,BANKNIFTY28APR2655500PE,1526.85,1025.0,1564.3,1025.0,785.6,133470,1438.57,1519.25,30,1523.25,120,276120
2026-04-13T09:20:47.142,NF,BANKNIFTY28APR2655500PE,1519.25,1025.0,1564.3,1025.0,785.6,133500,1438.59,1513.35,300,1519.8,30,276120
2026-04-13T09:20:52.145,NF,BANKNIFTY28APR2655500PE,1515.85,1025.0,1564.3,1025.0,785.6,133770,1438.74,1515.4,420,1522.25,60,276120
2026-04-13T09:20:54.547,NF,BANKNIFTY28APR2655500PE,1517.0,1025.0,1564.3,1025.0,785.6,133800,1438.76,1513.45,420,1521.7,360,276120
2026-04-13T09:20:55.946,NF,BANKNIFTY28APR2655500PE,1519.0,1025.0,1564.3,1025.0,785.6,133950,1438.85,1513.5,330,1518.95,30,276120
2026-04-13T09:20:57.153,NF,BANKNIFTY28APR2655500PE,1514.25,1025.0,1564.3,1025.0,785.6,133980,1438.86,1508.95,60,1515.9,90,276120
2026-04-13T09:21:02.176,NF,BANKNIFTY28APR2655500PE,1515.75,1025.0,1564.3,1025.0,785.6,134130,1438.95,1508.3,120,1514.95,30,276120
2026-04-13T09:21:03.360,NF,BANKNIFTY28APR2655500PE,1514.25,1025.0,1564.3,1025.0,785.6,134370,1439.08,1513.05,120,1519.3,30,276120
2026-04-13T09:21:05.967,NF,BANKNIFTY28APR2655500PE,1522.45,1025.0,1564.3,1025.0,785.6,134460,1439.14,1515.35,120,1522.35,60,276120
2026-04-13T09:21:07.165,NF,BANKNIFTY28APR2655500PE,1515.4,1025.0,1564.3,1025.0,785.6,134490,1439.15,1511.4,120,1518.95,120,276120
2026-04-13T09:21:09.590,NF,BANKNIFTY28APR2655500PE,1511.95,1025.0,1564.3,1025.0,785.6,134640,1439.24,1511.95,120,1518.0,60,276120
2026-04-13T09:21:10.973,NF,BANKNIFTY28APR2655500PE,1516.0,1025.0,1564.3,1025.0,785.6,135060,1439.47,1515.4,120,1522.05,90,276120
2026-04-13T09:21:12.171,NF,BANKNIFTY28APR2655500PE,1516.5,1025.0,1564.3,1025.0,785.6,135090,1439.49,1514.1,210,1519.95,60,276120
2026-04-13T09:21:13.402,NF,BANKNIFTY28APR2655500PE,1513.35,1025.0,1564.3,1025.0,785.6,135180,1439.54,1514.55,180,1520.05,90,276120
2026-04-13T09:21:15.980,NF,BANKNIFTY28APR2655500PE,1516.45,1025.0,1564.3,1025.0,785.6,135450,1439.68,1509.6,120,1516.7,30,276120
2026-04-13T09:21:17.199,NF,BANKNIFTY28APR2655500PE,1505.0,1025.0,1564.3,1025.0,785.6,135480,1439.7,1505.0,30,1507.85,30,276120
2026-04-13T09:21:18.388,NF,BANKNIFTY28APR2655500PE,1510.45,1025.0,1564.3,1025.0,785.6,135570,1439.74,1510.0,30,1512.4,120,276120
2026-04-13T09:21:19.584,NF,BANKNIFTY28APR2655500PE,1513.0,1025.0,1564.3,1025.0,785.6,135600,1439.76,1510.0,30,1514.6,240,276120
2026-04-13T09:21:22.185,NF,BANKNIFTY28APR2655500PE,1510.0,1025.0,1564.3,1025.0,785.6,135660,1439.79,1510.35,360,1515.0,30,276120
2026-04-13T09:21:25.992,NF,BANKNIFTY28APR2655500PE,1512.6,1025.0,1564.3,1025.0,785.6,135720,1439.82,1506.85,120,1513.25,60,276120
2026-04-13T09:21:28.444,NF,BANKNIFTY28APR2655500PE,1509.95,1025.0,1564.3,1025.0,785.6,135840,1439.89,1508.5,60,1516.05,180,276120
2026-04-13T09:21:29.610,NF,BANKNIFTY28APR2655500PE,1509.85,1025.0,1564.3,1025.0,785.6,135900,1439.92,1506.1,90,1511.85,30,276120
2026-04-13T09:21:32.221,NF,BANKNIFTY28APR2655500PE,1508.8,1025.0,1564.3,1025.0,785.6,135990,1439.96,1507.15,270,1512.45,60,276120
2026-04-13T09:21:33.403,NF,BANKNIFTY28APR2655500PE,1505.1,1025.0,1564.3,1025.0,785.6,136050,1439.99,1505.25,150,1510.9,30,276120
2026-04-13T09:21:34.604,NF,BANKNIFTY28APR2655500PE,1510.6,1025.0,1564.3,1025.0,785.6,136110,1440.02,1503.3,90,1509.0,60,276120
2026-04-13T09:21:36.046,NF,BANKNIFTY28APR2655500PE,1503.65,1025.0,1564.3,1025.0,785.6,136170,1440.05,1502.6,330,1508.3,30,276120
2026-04-13T09:21:38.409,NF,BANKNIFTY28APR2655500PE,1504.25,1025.0,1564.3,1025.0,785.6,136200,1440.06,1497.55,120,1503.65,30,276120
2026-04-13T09:21:43.423,NF,BANKNIFTY28APR2655500PE,1501.05,1025.0,1564.3,1025.0,785.6,136290,1440.11,1501.3,360,1507.3,120,276120
2026-04-13T09:21:52.243,NF,BANKNIFTY28APR2655500PE,1497.9,1025.0,1564.3,1025.0,785.6,136350,1440.13,1495.35,150,1499.95,30,276120
2026-04-13T09:21:53.458,NF,BANKNIFTY28APR2655500PE,1500.0,1025.0,1564.3,1025.0,785.6,136410,1440.16,1496.9,420,1501.7,60,276120
2026-04-13T09:21:54.829,NF,BANKNIFTY28APR2655500PE,1504.25,1025.0,1564.3,1025.0,785.6,137010,1440.43,1502.5,30,1507.15,210,276120
2026-04-13T09:21:56.061,NF,BANKNIFTY28APR2655500PE,1502.55,1025.0,1564.3,1025.0,785.6,137040,1440.44,1502.8,60,1508.25,150,276120
2026-04-13T09:21:57.319,NF,BANKNIFTY28APR2655500PE,1504.1,1025.0,1564.3,1025.0,785.6,137130,1440.48,1504.5,120,1510.75,60,276120
2026-04-13T09:21:58.444,NF,BANKNIFTY28APR2655500PE,1504.45,1025.0,1564.3,1025.0,785.6,137160,1440.5,1501.25,120,1506.65,90,276120
2026-04-13T09:21:59.843,NF,BANKNIFTY28APR2655500PE,1497.05,1025.0,1564.3,1025.0,785.6,137220,1440.52,1495.65,120,1502.05,30,276120
2026-04-13T09:22:02.245,NF,BANKNIFTY28APR2655500PE,1502.25,1025.0,1564.3,1025.0,785.6,137280,1440.55,1499.35,30,1504.85,90,276120
2026-04-13T09:22:08.457,NF,BANKNIFTY28APR2655500PE,1500.6,1025.0,1564.3,1025.0,785.6,137310,1440.56,1500.55,240,1505.0,180,276120
2026-04-13T09:22:11.071,NF,BANKNIFTY28APR2655500PE,1493.55,1025.0,1564.3,1025.0,785.6,137340,1440.57,1491.6,210,1497.4,60,276120
2026-04-13T09:22:12.267,NF,BANKNIFTY28APR2655500PE,1490.0,1025.0,1564.3,1025.0,785.6,137490,1440.63,1482.5,60,1488.55,90,276120
2026-04-13T09:22:19.885,NF,BANKNIFTY28APR2655500PE,1481.8,1025.0,1564.3,1025.0,785.6,137520,1440.64,1480.55,120,1487.35,60,273960
2026-04-13T09:22:22.281,NF,BANKNIFTY28APR2655500PE,1485.65,1025.0,1564.3,1025.0,785.6,137550,1440.65,1485.9,90,1491.35,60,273960
2026-04-13T09:22:24.882,NF,BANKNIFTY28APR2655500PE,1498.5,1025.0,1564.3,1025.0,785.6,137880,1440.78,1491.85,150,1498.5,30,273960
2026-04-13T09:22:26.094,NF,BANKNIFTY28APR2655500PE,1497.6,1025.0,1564.3,1025.0,785.6,138240,1440.92,1488.9,120,1494.9,30,273960
2026-04-13T09:22:28.533,NF,BANKNIFTY28APR2655500PE,1491.95,1025.0,1564.3,1025.0,785.6,138660,1441.08,1491.35,120,1497.1,30,273960
2026-04-13T09:22:29.892,NF,BANKNIFTY28APR2655500PE,1492.85,1025.0,1564.3,1025.0,785.6,138780,1441.13,1493.8,270,1499.95,30,273960
2026-04-13T09:22:31.096,NF,BANKNIFTY28APR2655500PE,1501.05,1025.0,1564.3,1025.0,785.6,139410,1441.39,1489.8,60,1495.5,60,273960
2026-04-13T09:22:34.908,NF,BANKNIFTY28APR2655500PE,1494.2,1025.0,1564.3,1025.0,785.6,140010,1441.62,1489.7,90,1494.9,60,273960
2026-04-13T09:22:37.318,NF,BANKNIFTY28APR2655500PE,1493.7,1025.0,1564.3,1025.0,785.6,140610,1441.84,1488.4,330,1494.15,120,273960
2026-04-13T09:22:39.744,NF,BANKNIFTY28APR2655500PE,1495.75,1025.0,1564.3,1025.0,785.6,140640,1441.85,1493.3,120,1500.0,240,273960
2026-04-13T09:22:41.117,NF,BANKNIFTY28APR2655500PE,1501.05,1025.0,1564.3,1025.0,785.6,140880,1441.95,1497.9,180,1502.7,150,273960
2026-04-13T09:22:42.314,NF,BANKNIFTY28APR2655500PE,1496.6,1025.0,1564.3,1025.0,785.6,140910,1441.96,1494.7,600,1499.85,120,273960
2026-04-13T09:22:43.517,NF,BANKNIFTY28APR2655500PE,1494.7,1025.0,1564.3,1025.0,785.6,140970,1441.98,1496.6,30,1499.9,90,273960
2026-04-13T09:22:44.733,NF,BANKNIFTY28APR2655500PE,1500.35,1025.0,1564.3,1025.0,785.6,141840,1442.33,1494.7,360,1498.4,150,273960
2026-04-13T09:22:46.126,NF,BANKNIFTY28APR2655500PE,1494.7,1025.0,1564.3,1025.0,785.6,142230,1442.47,1490.9,120,1496.35,150,273960
2026-04-13T09:22:47.333,NF,BANKNIFTY28APR2655500PE,1496.75,1025.0,1564.3,1025.0,785.6,142800,1442.67,1493.05,30,1497.0,60,273960
2026-04-13T09:22:48.530,NF,BANKNIFTY28APR2655500PE,1493.05,1025.0,1564.3,1025.0,785.6,143430,1442.9,1488.4,30,1494.7,120,273960
2026-04-13T09:22:49.727,NF,BANKNIFTY28APR2655500PE,1491.8,1025.0,1564.3,1025.0,785.6,143520,1442.93,1491.8,120,1496.95,150,273960
2026-04-13T09:22:51.130,NF,BANKNIFTY28APR2655500PE,1496.8,1025.0,1564.3,1025.0,785.6,143820,1443.04,1492.2,90,1496.8,240,273960
2026-04-13T09:22:52.354,NF,BANKNIFTY28APR2655500PE,1498.25,1025.0,1564.3,1025.0,785.6,144030,1443.12,1496.1,150,1501.2,150,273960
2026-04-13T09:22:53.535,NF,BANKNIFTY28APR2655500PE,1496.15,1025.0,1564.3,1025.0,785.6,144060,1443.14,1495.95,120,1500.0,30,273960
2026-04-13T09:22:56.158,NF,BANKNIFTY28APR2655500PE,1500.0,1025.0,1564.3,1025.0,785.6,144090,1443.15,1499.4,90,1503.95,90,273960
2026-04-13T09:22:57.366,NF,BANKNIFTY28APR2655500PE,1509.7,1025.0,1564.3,1025.0,785.6,144450,1443.3,1500.35,30,1507.4,120,273960
2026-04-13T09:23:02.379,NF,BANKNIFTY28APR2655500PE,1500.0,1025.0,1564.3,1025.0,785.6,144600,1443.36,1495.6,570,1498.85,120,273960
2026-04-13T09:23:03.565,NF,BANKNIFTY28APR2655500PE,1491.0,1025.0,1564.3,1025.0,785.6,145290,1443.6,1485.7,60,1491.7,30,273960
2026-04-13T09:23:04.752,NF,BANKNIFTY28APR2655500PE,1487.9,1025.0,1564.3,1025.0,785.6,145320,1443.61,1490.85,300,1496.95,120,273960
2026-04-13T09:23:07.371,NF,BANKNIFTY28APR2655500PE,1498.75,1025.0,1564.3,1025.0,785.6,145410,1443.65,1493.45,90,1499.05,150,273960
2026-04-13T09:23:08.567,NF,BANKNIFTY28APR2655500PE,1492.35,1025.0,1564.3,1025.0,785.6,145440,1443.66,1488.8,30,1492.5,30,273960
2026-04-13T09:23:14.770,NF,BANKNIFTY28APR2655500PE,1492.35,1025.0,1564.3,1025.0,785.6,145470,1443.67,1490.35,120,1495.75,30,273960
2026-04-13T09:23:19.779,NF,BANKNIFTY28APR2655500PE,1492.6,1025.0,1564.3,1025.0,785.6,145530,1443.69,1489.65,390,1496.3,150,273960
2026-04-13T09:23:23.584,NF,BANKNIFTY28APR2655500PE,1488.15,1025.0,1564.3,1025.0,785.6,146130,1443.87,1483.5,30,1485.7,30,273960
2026-04-13T09:23:27.399,NF,BANKNIFTY28APR2655500PE,1490.55,1025.0,1564.3,1025.0,785.6,146190,1443.89,1489.3,30,1492.6,30,273960
2026-04-13T09:23:36.005,NF,BANKNIFTY28APR2655500PE,1483.0,1025.0,1564.3,1025.0,785.6,146250,1443.9,1480.0,600,1482.85,60,273960
2026-04-13T09:23:39.817,NF,BANKNIFTY28APR2655500PE,1482.0,1025.0,1564.3,1025.0,785.6,146310,1443.92,1482.6,30,1487.2,120,273960
2026-04-13T09:23:41.012,NF,BANKNIFTY28APR2655500PE,1482.5,1025.0,1564.3,1025.0,785.6,146340,1443.93,1483.4,60,1488.4,30,273960
2026-04-13T09:23:49.833,NF,BANKNIFTY28APR2655500PE,1480.0,1025.0,1564.3,1025.0,785.6,146940,1444.08,1475.0,60,1477.7,270,273960
2026-04-13T09:23:51.031,NF,BANKNIFTY28APR2655500PE,1470.0,1025.0,1564.3,1025.0,785.6,147030,1444.09,1467.05,30,1469.95,30,273960
2026-04-13T09:23:52.234,NF,BANKNIFTY28APR2655500PE,1466.0,1025.0,1564.3,1025.0,785.6,147150,1444.11,1459.9,240,1465.35,90,273960
2026-04-13T09:23:53.439,NF,BANKNIFTY28APR2655500PE,1464.5,1025.0,1564.3,1025.0,785.6,147270,1444.13,1466.4,120,1471.65,30,273960
2026-04-13T09:23:54.836,NF,BANKNIFTY28APR2655500PE,1470.8,1025.0,1564.3,1025.0,785.6,147570,1444.18,1466.2,30,1471.1,120,273960
2026-04-13T09:23:57.254,NF,BANKNIFTY28APR2655500PE,1462.5,1025.0,1564.3,1025.0,785.6,147630,1444.19,1462.4,210,1467.8,150,273960
2026-04-13T09:24:01.047,NF,BANKNIFTY28APR2655500PE,1469.3,1025.0,1564.3,1025.0,785.6,147690,1444.2,1472.5,300,1478.05,120,273960
2026-04-13T09:24:02.264,NF,BANKNIFTY28APR2655500PE,1470.0,1025.0,1564.3,1025.0,785.6,147720,1444.21,1464.9,180,1471.05,120,273960
2026-04-13T09:24:04.857,NF,BANKNIFTY28APR2655500PE,1465.5,1025.0,1564.3,1025.0,785.6,148050,1444.25,1470.0,30,1475.65,120,273960
2026-04-13T09:24:11.064,NF,BANKNIFTY28APR2655500PE,1470.55,1025.0,1564.3,1025.0,785.6,148080,1444.26,1471.15,120,1476.85,120,273960
2026-04-13T09:24:13.477,NF,BANKNIFTY28APR2655500PE,1476.7,1025.0,1564.3,1025.0,785.6,148260,1444.3,1471.15,120,1476.7,150,273960
2026-04-13T09:24:16.082,NF,BANKNIFTY28APR2655500PE,1477.25,1025.0,1564.3,1025.0,785.6,148710,1444.4,1475.0,120,1481.05,120,273960
2026-04-13T09:24:17.283,NF,BANKNIFTY28APR2655500PE,1474.2,1025.0,1564.3,1025.0,785.6,148770,1444.41,1474.35,210,1479.9,150,273960
2026-04-13T09:24:18.502,NF,BANKNIFTY28APR2655500PE,1475.5,1025.0,1564.3,1025.0,785.6,148980,1444.46,1475.75,120,1481.35,120,273960
2026-04-13T09:24:20.882,NF,BANKNIFTY28APR2655500PE,1474.2,1025.0,1564.3,1025.0,785.6,149010,1444.46,1475.35,90,1481.05,150,273960
2026-04-13T09:24:22.286,NF,BANKNIFTY28APR2655500PE,1480.0,1025.0,1564.3,1025.0,785.6,149070,1444.48,1479.4,120,1482.5,30,273960
2026-04-13T09:24:23.497,NF,BANKNIFTY28APR2655500PE,1480.5,1025.0,1564.3,1025.0,785.6,149130,1444.49,1485.3,60,1490.65,150,273960
2026-04-13T09:24:24.693,NF,BANKNIFTY28APR2655500PE,1482.65,1025.0,1564.3,1025.0,785.6,149580,1444.61,1485.2,60,1490.85,120,273960
2026-04-13T09:24:27.297,NF,BANKNIFTY28APR2655500PE,1484.8,1025.0,1564.3,1025.0,785.6,149610,1444.62,1480.75,30,1483.95,60,273960
2026-04-13T09:24:30.901,NF,BANKNIFTY28APR2655500PE,1475.8,1025.0,1564.3,1025.0,785.6,150300,1444.77,1480.05,60,1485.1,150,273960
2026-04-13T09:24:33.498,NF,BANKNIFTY28APR2655500PE,1477.65,1025.0,1564.3,1025.0,785.6,150360,1444.79,1477.7,120,1483.15,60,273960
2026-04-13T09:24:34.708,NF,BANKNIFTY28APR2655500PE,1483.3,1025.0,1564.3,1025.0,785.6,150510,1444.82,1478.85,60,1484.2,120,273960
2026-04-13T09:24:37.308,NF,BANKNIFTY28APR2655500PE,1482.9,1025.0,1564.3,1025.0,785.6,150540,1444.83,1479.25,150,1485.75,150,273960
2026-04-13T09:24:38.329,NF,BANKNIFTY28APR2655500PE,1480.05,1025.0,1564.3,1025.0,785.6,150600,1444.85,1480.4,120,1485.35,150,273960
2026-04-13T09:24:40.907,NF,BANKNIFTY28APR2655500PE,1486.95,1025.0,1564.3,1025.0,785.6,150690,1444.87,1482.25,120,1487.65,180,273960
2026-04-13T09:24:45.916,NF,BANKNIFTY28APR2655500PE,1486.95,1025.0,1564.3,1025.0,785.6,150750,1444.89,1486.4,90,1491.75,150,273960
2026-04-13T09:24:47.127,NF,BANKNIFTY28APR2655500PE,1487.7,1025.0,1564.3,1025.0,785.6,151080,1444.98,1483.4,150,1489.15,90,273960
2026-04-13T09:24:48.346,NF,BANKNIFTY28APR2655500PE,1483.2,1025.0,1564.3,1025.0,785.6,151110,1444.99,1482.3,60,1488.1,150,273960
2026-04-13T09:24:49.719,NF,BANKNIFTY28APR2655500PE,1486.7,1025.0,1564.3,1025.0,785.6,151620,1445.13,1486.9,90,1492.9,120,273960
2026-04-13T09:24:53.328,NF,BANKNIFTY28APR2655500PE,1485.7,1025.0,1564.3,1025.0,785.6,151650,1445.14,1485.85,90,1491.0,210,273960
2026-04-13T09:24:55.981,NF,BANKNIFTY28APR2655500PE,1491.95,1025.0,1564.3,1025.0,785.6,151920,1445.22,1490.5,60,1495.0,30,273960
2026-04-13T09:24:57.136,NF,BANKNIFTY28APR2655500PE,1489.2,1025.0,1564.3,1025.0,785.6,152490,1445.39,1483.5,120,1489.35,60,273960
2026-04-13T09:24:59.760,NF,BANKNIFTY28APR2655500PE,1492.6,1025.0,1564.3,1025.0,785.6,152580,1445.41,1487.4,120,1493.0,150,273960
2026-04-13T09:25:02.138,NF,BANKNIFTY28APR2655500PE,1496.75,1025.0,1564.3,1025.0,785.6,152790,1445.48,1491.3,330,1496.95,210,273960
2026-04-13T09:25:03.340,NF,BANKNIFTY28APR2655500PE,1490.85,1025.0,1564.3,1025.0,785.6,153270,1445.62,1489.8,120,1490.9,60,273960
2026-04-13T09:25:04.747,NF,BANKNIFTY28APR2655500PE,1490.2,1025.0,1564.3,1025.0,785.6,153330,1445.64,1489.3,120,1494.7,120,273960
2026-04-13T09:25:05.943,NF,BANKNIFTY28APR2655500PE,1494.5,1025.0,1564.3,1025.0,785.6,153360,1445.65,1490.8,150,1496.0,120,273960
2026-04-13T09:25:08.357,NF,BANKNIFTY28APR2655500PE,1495.25,1025.0,1564.3,1025.0,785.6,153450,1445.68,1494.45,180,1499.35,150,273960
2026-04-13T09:25:09.748,NF,BANKNIFTY28APR2655500PE,1496.75,1025.0,1564.3,1025.0,785.6,153480,1445.69,1491.2,90,1495.9,60,273960
2026-04-13T09:25:13.357,NF,BANKNIFTY28APR2655500PE,1494.3,1025.0,1564.3,1025.0,785.6,153660,1445.74,1494.4,120,1499.35,30,273960
2026-04-13T09:25:15.965,NF,BANKNIFTY28APR2655500PE,1493.15,1025.0,1564.3,1025.0,785.6,153720,1445.76,1488.45,30,1492.1,120,271890
2026-04-13T09:25:18.362,NF,BANKNIFTY28APR2655500PE,1482.2,1025.0,1564.3,1025.0,785.6,153780,1445.78,1483.9,30,1486.95,480,271890
2026-04-13T09:25:19.760,NF,BANKNIFTY28APR2655500PE,1480.0,1025.0,1564.3,1025.0,785.6,153900,1445.81,1481.3,30,1486.95,450,271890
2026-04-13T09:25:21.008,NF,BANKNIFTY28APR2655500PE,1486.25,1025.0,1564.3,1025.0,785.6,153930,1445.82,1483.35,30,1486.75,60,271890
2026-04-13T09:25:22.178,NF,BANKNIFTY28APR2655500PE,1483.35,1025.0,1564.3,1025.0,785.6,153960,1445.82,1481.4,30,1485.7,60,271890
2026-04-13T09:25:23.371,NF,BANKNIFTY28APR2655500PE,1486.95,1025.0,1564.3,1025.0,785.6,154410,1445.94,1483.55,30,1487.95,120,271890
2026-04-13T09:25:25.974,NF,BANKNIFTY28APR2655500PE,1487.35,1025.0,1564.3,1025.0,785.6,154440,1445.95,1481.9,30,1485.6,90,271890
2026-04-13T09:25:28.375,NF,BANKNIFTY28APR2655500PE,1486.8,1025.0,1564.3,1025.0,785.6,154470,1445.96,1481.55,120,1486.05,120,271890
2026-04-13T09:25:33.405,NF,BANKNIFTY28APR2655500PE,1485.3,1025.0,1564.3,1025.0,785.6,154500,1445.97,1483.25,150,1488.7,60,271890
2026-04-13T09:25:34.724,NF,BANKNIFTY28APR2655500PE,1483.65,1025.0,1564.3,1025.0,785.6,154530,1445.97,1479.4,150,1484.8,60,271890
2026-04-13T09:25:35.796,NF,BANKNIFTY28APR2655500PE,1477.2,1025.0,1564.3,1025.0,785.6,154560,1445.98,1472.0,30,1478.85,30,271890
2026-04-13T09:25:39.463,NF,BANKNIFTY28APR2655500PE,1473.4,1025.0,1564.3,1025.0,785.6,154590,1445.99,1475.8,30,1481.8,90,271890
2026-04-13T09:25:42.035,NF,BANKNIFTY28APR2655500PE,1480.85,1025.0,1564.3,1025.0,785.6,154620,1445.99,1480.5,30,1487.15,90,271890
2026-04-13T09:25:44.403,NF,BANKNIFTY28APR2655500PE,1474.7,1025.0,1564.3,1025.0,785.6,154650,1446.0,1474.95,30,1481.15,90,271890
2026-04-13T09:25:49.425,NF,BANKNIFTY28APR2655500PE,1480.35,1025.0,1564.3,1025.0,785.6,154680,1446.0,1479.3,270,1485.9,30,271890
2026-04-13T09:25:54.419,NF,BANKNIFTY28APR2655500PE,1478.95,1025.0,1564.3,1025.0,785.6,154710,1446.01,1473.05,150,1478.95,60,271890
2026-04-13T09:25:57.034,NF,BANKNIFTY28APR2655500PE,1470.8,1025.0,1564.3,1025.0,785.6,154740,1446.02,1472.3,90,1477.95,120,271890
2026-04-13T09:25:59.438,NF,BANKNIFTY28APR2655500PE,1468.3,1025.0,1564.3,1025.0,785.6,155040,1446.06,1469.25,150,1474.85,30,271890
2026-04-13T09:26:04.474,NF,BANKNIFTY28APR2655500PE,1474.0,1025.0,1564.3,1025.0,785.6,155070,1446.07,1471.55,90,1477.15,120,271890
2026-04-13T09:26:10.851,NF,BANKNIFTY28APR2655500PE,1475.0,1025.0,1564.3,1025.0,785.6,155100,1446.07,1471.85,240,1477.0,150,271890
2026-04-13T09:26:12.056,NF,BANKNIFTY28APR2655500PE,1469.9,1025.0,1564.3,1025.0,785.6,155130,1446.08,1470.15,120,1475.45,30,271890
2026-04-13T09:26:20.869,NF,BANKNIFTY28APR2655500PE,1474.85,1025.0,1564.3,1025.0,785.6,155310,1446.11,1470.9,30,1476.6,120,271890
2026-04-13T09:26:22.073,NF,BANKNIFTY28APR2655500PE,1472.3,1025.0,1564.3,1025.0,785.6,155730,1446.18,1472.0,60,1478.05,120,271890
2026-04-13T09:26:25.868,NF,BANKNIFTY28APR2655500PE,1466.45,1025.0,1564.3,1025.0,785.6,156210,1446.25,1460.55,30,1469.05,120,271890
2026-04-13T09:26:27.074,NF,BANKNIFTY28APR2655500PE,1462.6,1025.0,1564.3,1025.0,785.6,156240,1446.25,1459.05,120,1465.75,30,271890
2026-04-13T09:26:30.878,NF,BANKNIFTY28APR2655500PE,1463.15,1025.0,1564.3,1025.0,785.6,156270,1446.25,1458.65,120,1464.7,60,271890
2026-04-13T09:26:32.084,NF,BANKNIFTY28APR2655500PE,1460.0,1025.0,1564.3,1025.0,785.6,156420,1446.27,1460.9,30,1468.1,30,271890
2026-04-13T09:26:34.485,NF,BANKNIFTY28APR2655500PE,1472.05,1025.0,1564.3,1025.0,785.6,156510,1446.28,1467.05,30,1472.3,210,271890
2026-04-13T09:26:35.693,NF,BANKNIFTY28APR2655500PE,1471.9,1025.0,1564.3,1025.0,785.6,156540,1446.29,1470.4,30,1475.4,240,271890
2026-04-13T09:26:38.302,NF,BANKNIFTY28APR2655500PE,1480.0,1025.0,1564.3,1025.0,785.6,156630,1446.31,1475.9,300,1481.65,120,271890
2026-04-13T09:26:42.119,NF,BANKNIFTY28APR2655500PE,1479.6,1025.0,1564.3,1025.0,785.6,156690,1446.32,1476.4,60,1481.3,120,271890
2026-04-13T09:26:45.901,NF,BANKNIFTY28APR2655500PE,1483.0,1025.0,1564.3,1025.0,785.6,156720,1446.33,1483.45,30,1488.85,150,271890
2026-04-13T09:26:47.109,NF,BANKNIFTY28APR2655500PE,1486.1,1025.0,1564.3,1025.0,785.6,156810,1446.35,1482.7,30,1485.95,120,271890
2026-04-13T09:26:48.307,NF,BANKNIFTY28APR2655500PE,1483.7,1025.0,1564.3,1025.0,785.6,156990,1446.39,1474.8,60,1480.25,120,271890
2026-04-13T09:26:52.112,NF,BANKNIFTY28APR2655500PE,1457.25,1025.0,1564.3,1025.0,785.6,157290,1446.42,1460.35,120,1465.9,60,271890
2026-04-13T09:26:53.359,NF,BANKNIFTY28APR2655500PE,1464.4,1025.0,1564.3,1025.0,785.6,157320,1446.42,1467.15,120,1472.95,30,271890
2026-04-13T09:26:54.717,NF,BANKNIFTY28APR2655500PE,1467.4,1025.0,1564.3,1025.0,785.6,157380,1446.43,1467.0,30,1471.0,30,271890
2026-04-13T09:26:55.919,NF,BANKNIFTY28APR2655500PE,1464.4,1025.0,1564.3,1025.0,785.6,157410,1446.43,1459.45,150,1465.05,60,271890
2026-04-13T09:26:57.124,NF,BANKNIFTY28APR2655500PE,1463.3,1025.0,1564.3,1025.0,785.6,157440,1446.43,1457.25,120,1463.65,30,271890
2026-04-13T09:26:59.722,NF,BANKNIFTY28APR2655500PE,1460.35,1025.0,1564.3,1025.0,785.6,157530,1446.44,1460.55,90,1466.15,120,271890
2026-04-13T09:27:03.336,NF,BANKNIFTY28APR2655500PE,1464.15,1025.0,1564.3,1025.0,785.6,157560,1446.45,1461.4,180,1467.25,60,271890
2026-04-13T09:27:04.547,NF,BANKNIFTY28APR2655500PE,1466.5,1025.0,1564.3,1025.0,785.6,157590,1446.45,1467.3,30,1471.0,120,271890
2026-04-13T09:27:05.734,NF,BANKNIFTY28APR2655500PE,1467.25,1025.0,1564.3,1025.0,785.6,157650,1446.46,1461.85,30,1468.25,30,271890
2026-04-13T09:27:07.136,NF,BANKNIFTY28APR2655500PE,1464.2,1025.0,1564.3,1025.0,785.6,157680,1446.46,1459.95,60,1464.05,120,271890
2026-04-13T09:27:08.349,NF,BANKNIFTY28APR2655500PE,1460.35,1025.0,1564.3,1025.0,785.6,157800,1446.47,1455.05,150,1460.7,60,271890
2026-04-13T09:27:12.141,NF,BANKNIFTY28APR2655500PE,1457.55,1025.0,1564.3,1025.0,785.6,157830,1446.47,1457.05,90,1463.1,120,271890
2026-04-13T09:27:13.346,NF,BANKNIFTY28APR2655500PE,1460.25,1025.0,1564.3,1025.0,785.6,157920,1446.48,1454.4,150,1460.25,30,271890
2026-04-13T09:27:15.749,NF,BANKNIFTY28APR2655500PE,1445.5,1025.0,1564.3,1025.0,785.6,158160,1446.49,1445.7,120,1453.05,30,271890
2026-04-13T09:27:16.959,NF,BANKNIFTY28APR2655500PE,1441.55,1025.0,1564.3,1025.0,785.6,158190,1446.48,1440.75,150,1446.45,120,271890
2026-04-13T09:27:18.349,NF,BANKNIFTY28APR2655500PE,1442.7,1025.0,1564.3,1025.0,785.6,159120,1446.46,1443.15,120,1448.45,120,271890
2026-04-13T09:27:19.556,NF,BANKNIFTY28APR2655500PE,1446.05,1025.0,1564.3,1025.0,785.6,159300,1446.46,1441.2,60,1446.55,90,271890
2026-04-13T09:27:20.764,NF,BANKNIFTY28APR2655500PE,1444.35,1025.0,1564.3,1025.0,785.6,159630,1446.46,1444.2,120,1450.25,120,271890
2026-04-13T09:27:21.955,NF,BANKNIFTY28APR2655500PE,1449.65,1025.0,1564.3,1025.0,785.6,159660,1446.46,1446.2,60,1452.15,120,271890
2026-04-13T09:27:24.360,NF,BANKNIFTY28APR2655500PE,1443.9,1025.0,1564.3,1025.0,785.6,159690,1446.46,1443.35,30,1449.45,90,271890
2026-04-13T09:27:25.563,NF,BANKNIFTY28APR2655500PE,1442.25,1025.0,1564.3,1025.0,785.6,159930,1446.46,1442.55,60,1448.4,30,271890
2026-04-13T09:27:26.769,NF,BANKNIFTY28APR2655500PE,1443.4,1025.0,1564.3,1025.0,785.6,159990,1446.46,1443.5,60,1448.75,60,271890
2026-04-13T09:27:28.167,NF,BANKNIFTY28APR2655500PE,1443.75,1025.0,1564.3,1025.0,785.6,160230,1446.45,1443.8,30,1447.3,120,271890
2026-04-13T09:27:29.366,NF,BANKNIFTY28APR2655500PE,1442.65,1025.0,1564.3,1025.0,785.6,160380,1446.45,1438.25,120,1444.4,30,271890
2026-04-13T09:27:31.770,NF,BANKNIFTY28APR2655500PE,1440.4,1025.0,1564.3,1025.0,785.6,160410,1446.44,1440.0,30,1446.0,90,271890
2026-04-13T09:27:34.174,NF,BANKNIFTY28APR2655500PE,1443.4,1025.0,1564.3,1025.0,785.6,160440,1446.44,1438.8,120,1444.5,60,271890
2026-04-13T09:27:35.377,NF,BANKNIFTY28APR2655500PE,1444.45,1025.0,1564.3,1025.0,785.6,160530,1446.44,1439.45,120,1445.25,60,271890
2026-04-13T09:27:36.596,NF,BANKNIFTY28APR2655500PE,1443.9,1025.0,1564.3,1025.0,785.6,160620,1446.44,1443.7,30,1449.45,150,271890
2026-04-13T09:27:40.188,NF,BANKNIFTY28APR2655500PE,1444.5,1025.0,1564.3,1025.0,785.6,160710,1446.44,1443.8,30,1449.05,120,271890
2026-04-13T09:27:41.604,NF,BANKNIFTY28APR2655500PE,1444.0,1025.0,1564.3,1025.0,785.6,160740,1446.44,1441.35,120,1447.05,60,271890
2026-04-13T09:27:45.194,NF,BANKNIFTY28APR2655500PE,1450.0,1025.0,1564.3,1025.0,785.6,160860,1446.44,1449.35,30,1455.1,120,271890
2026-04-13T09:27:46.595,NF,BANKNIFTY28APR2655500PE,1447.75,1025.0,1564.3,1025.0,785.6,160890,1446.44,1446.25,90,1452.7,30,271890
2026-04-13T09:27:51.596,NF,BANKNIFTY28APR2655500PE,1449.4,1025.0,1564.3,1025.0,785.6,160920,1446.44,1447.45,120,1453.15,120,271890
2026-04-13T09:27:55.205,NF,BANKNIFTY28APR2655500PE,1453.5,1025.0,1564.3,1025.0,785.6,160950,1446.44,1448.4,60,1454.85,150,271890
2026-04-13T09:27:57.807,NF,BANKNIFTY28APR2655500PE,1445.7,1025.0,1564.3,1025.0,785.6,161520,1446.45,1450.0,30,1454.35,90,271890
2026-04-13T09:27:59.010,NF,BANKNIFTY28APR2655500PE,1450.05,1025.0,1564.3,1025.0,785.6,161550,1446.45,1450.0,30,1454.2,120,271890
2026-04-13T09:28:00.212,NF,BANKNIFTY28APR2655500PE,1453.2,1025.0,1564.3,1025.0,785.6,161610,1446.45,1450.0,30,1454.05,60,271890
2026-04-13T09:28:01.636,NF,BANKNIFTY28APR2655500PE,1450.0,1025.0,1564.3,1025.0,785.6,161640,1446.45,1448.55,120,1454.05,60,271890
2026-04-13T09:28:02.826,NF,BANKNIFTY28APR2655500PE,1455.0,1025.0,1564.3,1025.0,785.6,161730,1446.45,1454.1,60,1459.45,90,271890
2026-04-13T09:28:04.018,NF,BANKNIFTY28APR2655500PE,1454.4,1025.0,1564.3,1025.0,785.6,161760,1446.46,1452.75,90,1458.35,60,271890
2026-04-13T09:28:05.221,NF,BANKNIFTY28APR2655500PE,1453.0,1025.0,1564.3,1025.0,785.6,161820,1446.46,1453.5,30,1458.95,120,271890
2026-04-13T09:28:06.624,NF,BANKNIFTY28APR2655500PE,1454.6,1025.0,1564.3,1025.0,785.6,161940,1446.46,1456.3,30,1462.4,120,271890
2026-04-13T09:28:07.824,NF,BANKNIFTY28APR2655500PE,1462.6,1025.0,1564.3,1025.0,785.6,162330,1446.5,1462.0,180,1468.2,30,271890
2026-04-13T09:28:09.025,NF,BANKNIFTY28APR2655500PE,1468.0,1025.0,1564.3,1025.0,785.6,162960,1446.59,1465.75,60,1470.0,180,271890
2026-04-13T09:28:10.244,NF,BANKNIFTY28APR2655500PE,1469.35,1025.0,1564.3,1025.0,785.6,163200,1446.62,1470.35,60,1475.0,930,271890
2026-04-13T09:28:11.629,NF,BANKNIFTY28APR2655500PE,1472.4,1025.0,1564.3,1025.0,785.6,163470,1446.67,1468.15,60,1474.05,60,271890
2026-04-13T09:28:12.834,NF,BANKNIFTY28APR2655500PE,1471.9,1025.0,1564.3,1025.0,785.6,163530,1446.67,1470.65,60,1475.0,750,271890
2026-04-13T09:28:14.034,NF,BANKNIFTY28APR2655500PE,1475.0,1025.0,1564.3,1025.0,785.6,164310,1446.81,1469.05,60,1474.25,30,271890
2026-04-13T09:28:15.237,NF,BANKNIFTY28APR2655500PE,1474.5,1025.0,1564.3,1025.0,785.6,164430,1446.83,1462.55,30,1470.2,30,270120
2026-04-13T09:28:20.248,NF,BANKNIFTY28APR2655500PE,1474.1,1025.0,1564.3,1025.0,785.6,164460,1446.83,1469.55,210,1475.7,60,270120
2026-04-13T09:28:21.645,NF,BANKNIFTY28APR2655500PE,1474.75,1025.0,1564.3,1025.0,785.6,164490,1446.84,1475.05,90,1480.15,120,270120
2026-04-13T09:28:22.848,NF,BANKNIFTY28APR2655500PE,1476.85,1025.0,1564.3,1025.0,785.6,164520,1446.84,1472.85,60,1478.25,60,270120
2026-04-13T09:28:26.662,NF,BANKNIFTY28APR2655500PE,1478.95,1025.0,1564.3,1025.0,785.6,164550,1446.85,1475.45,180,1480.95,90,270120
2026-04-13T09:28:27.874,NF,BANKNIFTY28APR2655500PE,1480.0,1025.0,1564.3,1025.0,785.6,164880,1446.92,1480.05,180,1483.3,30,270120
2026-04-13T09:28:29.075,NF,BANKNIFTY28APR2655500PE,1483.3,1025.0,1564.3,1025.0,785.6,164910,1446.92,1479.5,120,1483.25,30,270120
2026-04-13T09:28:30.266,NF,BANKNIFTY28APR2655500PE,1481.9,1025.0,1564.3,1025.0,785.6,165270,1447.0,1475.9,120,1481.75,30,270120
2026-04-13T09:28:31.666,NF,BANKNIFTY28APR2655500PE,1475.9,1025.0,1564.3,1025.0,785.6,165330,1447.01,1478.55,150,1484.05,120,270120
2026-04-13T09:28:34.069,NF,BANKNIFTY28APR2655500PE,1484.15,1025.0,1564.3,1025.0,785.6,165390,1447.03,1479.25,120,1484.95,90,270120
2026-04-13T09:28:38.907,NF,BANKNIFTY28APR2655500PE,1486.15,1025.0,1564.3,1025.0,785.6,165720,1447.1,1481.0,120,1486.5,60,270120
2026-04-13T09:28:41.289,NF,BANKNIFTY28APR2655500PE,1484.15,1025.0,1564.3,1025.0,785.6,166200,1447.21,1484.15,30,1487.85,120,270120
2026-04-13T09:28:43.704,NF,BANKNIFTY28APR2655500PE,1484.15,1025.0,1564.3,1025.0,785.6,166260,1447.22,1482.8,150,1488.9,90,270120
2026-04-13T09:28:48.694,NF,BANKNIFTY28APR2655500PE,1490.6,1025.0,1564.3,1025.0,785.6,166320,1447.24,1488.35,90,1493.75,60,270120
2026-04-13T09:28:49.901,NF,BANKNIFTY28APR2655500PE,1489.15,1025.0,1564.3,1025.0,785.6,166740,1447.34,1487.75,60,1492.85,90,270120
2026-04-13T09:28:51.294,NF,BANKNIFTY28APR2655500PE,1492.8,1025.0,1564.3,1025.0,785.6,166770,1447.35,1488.5,210,1493.8,90,270120
2026-04-13T09:28:52.498,NF,BANKNIFTY28APR2655500PE,1493.7,1025.0,1564.3,1025.0,785.6,166830,1447.37,1488.45,120,1493.65,30,270120
2026-04-13T09:28:54.910,NF,BANKNIFTY28APR2655500PE,1494.0,1025.0,1564.3,1025.0,785.6,167070,1447.43,1488.55,30,1494.05,120,270120
2026-04-13T09:28:59.940,NF,BANKNIFTY28APR2655500PE,1485.0,1025.0,1564.3,1025.0,785.6,167100,1447.44,1477.5,60,1483.05,30,270120
2026-04-13T09:29:04.934,NF,BANKNIFTY28APR2655500PE,1485.0,1025.0,1564.3,1025.0,785.6,167130,1447.45,1481.15,150,1487.0,30,270120
2026-04-13T09:29:07.338,NF,BANKNIFTY28APR2655500PE,1487.5,1025.0,1564.3,1025.0,785.6,167160,1447.45,1484.85,210,1488.05,60,270120
2026-04-13T09:29:08.731,NF,BANKNIFTY28APR2655500PE,1487.85,1025.0,1564.3,1025.0,785.6,167250,1447.48,1485.2,150,1488.75,30,270120
2026-04-13T09:29:11.133,NF,BANKNIFTY28APR2655500PE,1484.6,1025.0,1564.3,1025.0,785.6,167880,1447.61,1484.8,120,1488.85,90,270120
2026-04-13T09:29:12.334,NF,BANKNIFTY28APR2655500PE,1484.1,1025.0,1564.3,1025.0,785.6,167910,1447.62,1477.95,240,1483.9,60,270120
2026-04-13T09:29:17.335,NF,BANKNIFTY28APR2655500PE,1481.8,1025.0,1564.3,1025.0,785.6,167940,1447.63,1476.95,120,1481.75,30,270120
2026-04-13T09:29:26.952,NF,BANKNIFTY28APR2655500PE,1485.0,1025.0,1564.3,1025.0,785.6,167970,1447.63,1481.1,30,1485.2,120,270120
2026-04-13T09:29:29.356,NF,BANKNIFTY28APR2655500PE,1480.75,1025.0,1564.3,1025.0,785.6,168150,1447.67,1480.25,60,1485.65,120,270120
2026-04-13T09:29:33.160,NF,BANKNIFTY28APR2655500PE,1480.2,1025.0,1564.3,1025.0,785.6,168240,1447.69,1478.5,30,1481.95,30,270120
2026-04-13T09:29:34.372,NF,BANKNIFTY28APR2655500PE,1479.0,1025.0,1564.3,1025.0,785.6,168330,1447.7,1474.1,90,1479.25,60,270120
2026-04-13T09:29:36.767,NF,BANKNIFTY28APR2655500PE,1476.85,1025.0,1564.3,1025.0,785.6,168360,1447.71,1471.4,240,1476.9,30,270120
2026-04-13T09:29:37.983,NF,BANKNIFTY28APR2655500PE,1480.75,1025.0,1564.3,1025.0,785.6,168420,1447.72,1478.45,30,1481.9,60,270120
2026-04-13T09:29:39.170,NF,BANKNIFTY28APR2655500PE,1478.45,1025.0,1564.3,1025.0,785.6,168450,1447.73,1476.4,120,1482.0,120,270120
2026-04-13T09:29:47.984,NF,BANKNIFTY28APR2655500PE,1475.7,1025.0,1564.3,1025.0,785.6,168930,1447.81,1477.4,60,1482.55,120,270120
2026-04-13T09:29:49.188,NF,BANKNIFTY28APR2655500PE,1482.35,1025.0,1564.3,1025.0,785.6,168960,1447.81,1476.1,150,1481.45,30,270120
2026-04-13T09:29:51.788,NF,BANKNIFTY28APR2655500PE,1482.15,1025.0,1564.3,1025.0,785.6,169650,1447.95,1481.45,90,1487.4,120,270120
2026-04-13T09:29:55.394,NF,BANKNIFTY28APR2655500PE,1489.0,1025.0,1564.3,1025.0,785.6,169680,1447.96,1489.1,90,1493.55,90,270120
2026-04-13T09:29:59.199,NF,BANKNIFTY28APR2655500PE,1494.0,1025.0,1564.3,1025.0,785.6,169800,1447.99,1491.1,270,1496.25,90,270120
2026-04-13T09:30:00.406,NF,BANKNIFTY28APR2655500PE,1494.4,1025.0,1564.3,1025.0,785.6,170310,1448.13,1492.95,150,1498.0,120,270120
2026-04-13T09:30:03.017,NF,BANKNIFTY28APR2655500PE,1494.4,1025.0,1564.3,1025.0,785.6,170370,1448.15,1494.35,60,1499.0,60,270120
2026-04-13T09:30:05.410,NF,BANKNIFTY28APR2655500PE,1494.9,1025.0,1564.3,1025.0,785.6,170430,1448.16,1493.6,150,1499.0,30,270120
2026-04-13T09:30:08.011,NF,BANKNIFTY28APR2655500PE,1498.7,1025.0,1564.3,1025.0,785.6,170490,1448.18,1496.15,30,1499.6,90,270120
2026-04-13T09:30:09.216,NF,BANKNIFTY28APR2655500PE,1500.0,1025.0,1564.3,1025.0,785.6,170850,1448.29,1497.95,120,1501.4,30,270120
2026-04-13T09:30:10.417,NF,BANKNIFTY28APR2655500PE,1501.4,1025.0,1564.3,1025.0,785.6,170880,1448.3,1498.95,60,1503.95,150,270120
2026-04-13T09:30:13.022,NF,BANKNIFTY28APR2655500PE,1497.6,1025.0,1564.3,1025.0,785.6,171180,1448.39,1499.1,150,1503.5,150,270120
2026-04-13T09:30:14.230,NF,BANKNIFTY28APR2655500PE,1503.25,1025.0,1564.3,1025.0,785.6,171330,1448.44,1501.45,30,1506.55,150,270120
2026-04-13T09:30:16.679,NF,BANKNIFTY28APR2655500PE,1501.0,1025.0,1564.3,1025.0,785.6,171360,1448.44,1504.15,60,1509.05,150,270120
2026-04-13T09:30:18.039,NF,BANKNIFTY28APR2655500PE,1510.4,1025.0,1564.3,1025.0,785.6,171510,1448.5,1507.0,120,1512.5,60,270120
2026-04-13T09:30:20.432,NF,BANKNIFTY28APR2655500PE,1515.0,1025.0,1564.3,1025.0,785.6,171780,1448.6,1513.35,30,1518.3,150,270120
2026-04-13T09:30:21.646,NF,BANKNIFTY28APR2655500PE,1524.85,1025.0,1564.3,1025.0,785.6,172350,1448.84,1518.1,120,1524.1,90,270120
2026-04-13T09:30:23.043,NF,BANKNIFTY28APR2655500PE,1525.0,1025.0,1564.3,1025.0,785.6,172800,1449.03,1525.95,30,1529.0,360,270120
2026-04-13T09:30:24.236,NF,BANKNIFTY28APR2655500PE,1529.0,1025.0,1564.3,1025.0,785.6,172830,1449.05,1525.5,60,1529.0,330,270120
2026-04-13T09:30:25.463,NF,BANKNIFTY28APR2655500PE,1529.0,1025.0,1564.3,1025.0,785.6,172860,1449.06,1526.05,30,1529.0,300,270120
2026-04-13T09:30:28.054,NF,BANKNIFTY28APR2655500PE,1526.3,1025.0,1564.3,1025.0,785.6,173070,1449.16,1521.3,120,1527.15,30,270120
2026-04-13T09:30:29.251,NF,BANKNIFTY28APR2655500PE,1523.45,1025.0,1564.3,1025.0,785.6,173160,1449.19,1522.0,60,1527.8,150,270120
2026-04-13T09:30:30.461,NF,BANKNIFTY28APR2655500PE,1524.4,1025.0,1564.3,1025.0,785.6,173250,1449.23,1520.0,120,1525.65,30,270120
2026-04-13T09:30:31.651,NF,BANKNIFTY28APR2655500PE,1526.6,1025.0,1564.3,1025.0,785.6,173310,1449.26,1521.0,150,1526.6,120,270120
2026-04-13T09:30:33.063,NF,BANKNIFTY28APR2655500PE,1524.25,1025.0,1564.3,1025.0,785.6,173340,1449.27,1520.4,30,1526.05,120,270120
2026-04-13T09:30:35.456,NF,BANKNIFTY28APR2655500PE,1520.55,1025.0,1564.3,1025.0,785.6,173460,1449.32,1520.6,120,1525.9,30,270120
2026-04-13T09:30:36.659,NF,BANKNIFTY28APR2655500PE,1524.3,1025.0,1564.3,1025.0,785.6,173550,1449.36,1524.45,150,1529.0,180,270120
2026-04-13T09:30:37.861,NF,BANKNIFTY28APR2655500PE,1529.0,1025.0,1564.3,1025.0,785.6,173610,1449.39,1525.9,180,1529.0,120,270120
2026-04-13T09:30:39.261,NF,BANKNIFTY28APR2655500PE,1530.0,1025.0,1564.3,1025.0,785.6,173910,1449.53,1530.0,30,1533.95,120,270120
2026-04-13T09:30:41.668,NF,BANKNIFTY28APR2655500PE,1530.0,1025.0,1564.3,1025.0,785.6,174210,1449.67,1530.0,60,1533.35,150,270120
2026-04-13T09:30:42.871,NF,BANKNIFTY28APR2655500PE,1534.5,1025.0,1564.3,1025.0,785.6,174960,1450.02,1526.85,30,1532.2,120,270120
2026-04-13T09:30:45.471,NF,BANKNIFTY28APR2655500PE,1529.75,1025.0,1564.3,1025.0,785.6,175050,1450.06,1525.75,240,1529.75,30,270120
2026-04-13T09:30:46.677,NF,BANKNIFTY28APR2655500PE,1526.85,1025.0,1564.3,1025.0,785.6,175230,1450.14,1524.15,120,1530.4,120,270120
2026-04-13T09:30:52.892,NF,BANKNIFTY28APR2655500PE,1528.9,1025.0,1564.3,1025.0,785.6,175320,1450.18,1526.85,30,1528.95,60,270120
2026-04-13T09:30:54.089,NF,BANKNIFTY28APR2655500PE,1528.6,1025.0,1564.3,1025.0,785.6,175410,1450.22,1525.0,30,1528.7,150,270120
2026-04-13T09:30:55.290,NF,BANKNIFTY28APR2655500PE,1528.5,1025.0,1564.3,1025.0,785.6,175440,1450.23,1525.0,30,1527.95,150,270120
2026-04-13T09:31:02.705,NF,BANKNIFTY28APR2655500PE,1530.0,1025.0,1564.3,1025.0,785.6,175500,1450.26,1530.05,30,1533.75,120,270120
2026-04-13T09:31:04.105,NF,BANKNIFTY28APR2655500PE,1532.75,1025.0,1564.3,1025.0,785.6,175710,1450.36,1532.3,120,1537.3,120,270120
2026-04-13T09:31:05.313,NF,BANKNIFTY28APR2655500PE,1537.3,1025.0,1564.3,1025.0,785.6,175740,1450.38,1533.85,150,1537.3,30,270120
2026-04-13T09:31:06.510,NF,BANKNIFTY28APR2655500PE,1538.0,1025.0,1564.3,1025.0,785.6,175800,1450.41,1535.4,90,1539.95,150,270120
2026-04-13T09:31:07.715,NF,BANKNIFTY28APR2655500PE,1534.75,1025.0,1564.3,1025.0,785.6,175950,1450.48,1534.7,120,1540.0,150,270120
2026-04-13T09:31:11.532,NF,BANKNIFTY28APR2655500PE,1539.95,1025.0,1564.3,1025.0,785.6,175980,1450.49,1535.35,150,1539.95,150,270120
2026-04-13T09:31:13.928,NF,BANKNIFTY28APR2655500PE,1533.4,1025.0,1564.3,1025.0,785.6,176040,1450.52,1533.65,90,1539.0,30,270120
2026-04-13T09:31:15.359,NF,BANKNIFTY28APR2655500PE,1535.55,1025.0,1564.3,1025.0,785.6,176130,1450.57,1530.0,120,1534.7,90,270120
2026-04-13T09:31:16.598,NF,BANKNIFTY28APR2655500PE,1530.1,1025.0,1564.3,1025.0,785.6,176190,1450.59,1530.0,90,1534.4,30,270480
2026-04-13T09:31:17.731,NF,BANKNIFTY28APR2655500PE,1532.15,1025.0,1564.3,1025.0,785.6,176250,1450.62,1532.05,60,1537.15,120,270480
2026-04-13T09:31:18.945,NF,BANKNIFTY28APR2655500PE,1530.45,1025.0,1564.3,1025.0,785.6,176430,1450.7,1530.05,60,1534.75,30,270480
2026-04-13T09:31:20.333,NF,BANKNIFTY28APR2655500PE,1531.0,1025.0,1564.3,1025.0,785.6,176520,1450.75,1531.35,120,1536.5,90,270480
2026-04-13T09:31:22.751,NF,BANKNIFTY28APR2655500PE,1533.4,1025.0,1564.3,1025.0,785.6,176610,1450.79,1530.6,90,1536.2,30,270480
2026-04-13T09:31:27.748,NF,BANKNIFTY28APR2655500PE,1535.0,1025.0,1564.3,1025.0,785.6,176670,1450.82,1534.0,90,1538.95,90,270480
2026-04-13T09:31:31.564,NF,BANKNIFTY28APR2655500PE,1538.2,1025.0,1564.3,1025.0,785.6,176760,1450.86,1536.1,90,1539.0,60,270480
2026-04-13T09:31:32.755,NF,BANKNIFTY28APR2655500PE,1539.0,1025.0,1564.3,1025.0,785.6,176790,1450.88,1535.35,210,1540.0,150,270480
2026-04-13T09:31:33.976,NF,BANKNIFTY28APR2655500PE,1539.9,1025.0,1564.3,1025.0,785.6,176820,1450.89,1533.45,60,1538.25,30,270480
2026-04-13T09:31:35.161,NF,BANKNIFTY28APR2655500PE,1537.15,1025.0,1564.3,1025.0,785.6,177330,1451.13,1533.05,90,1538.65,30,270480
2026-04-13T09:31:36.562,NF,BANKNIFTY28APR2655500PE,1533.05,1025.0,1564.3,1025.0,785.6,177360,1451.14,1532.35,150,1537.8,90,270480
2026-04-13T09:31:37.764,NF,BANKNIFTY28APR2655500PE,1533.4,1025.0,1564.3,1025.0,785.6,177390,1451.15,1533.3,60,1538.85,60,270480
2026-04-13T09:31:38.979,NF,BANKNIFTY28APR2655500PE,1533.25,1025.0,1564.3,1025.0,785.6,177450,1451.18,1531.45,150,1537.4,60,270480
2026-04-13T09:31:42.769,NF,BANKNIFTY28APR2655500PE,1531.15,1025.0,1564.3,1025.0,785.6,178680,1451.71,1526.8,90,1532.3,180,270480
2026-04-13T09:31:43.971,NF,BANKNIFTY28APR2655500PE,1531.4,1025.0,1564.3,1025.0,785.6,178710,1451.72,1526.8,120,1531.85,60,270480
2026-04-13T09:31:45.175,NF,BANKNIFTY28APR2655500PE,1531.3,1025.0,1564.3,1025.0,785.6,178740,1451.74,1526.3,240,1531.3,90,270480
2026-04-13T09:31:46.378,NF,BANKNIFTY28APR2655500PE,1529.05,1025.0,1564.3,1025.0,785.6,179010,1451.86,1524.8,120,1530.1,30,270480
2026-04-13T09:31:47.592,NF,BANKNIFTY28APR2655500PE,1528.3,1025.0,1564.3,1025.0,785.6,179100,1451.89,1525.45,120,1530.0,30,270480
2026-04-13T09:31:48.980,NF,BANKNIFTY28APR2655500PE,1528.95,1025.0,1564.3,1025.0,785.6,179190,1451.93,1531.6,180,1536.05,90,270480
2026-04-13T09:31:51.390,NF,BANKNIFTY28APR2655500PE,1529.75,1025.0,1564.3,1025.0,785.6,179250,1451.96,1530.2,90,1534.5,150,270480
2026-04-13T09:31:56.197,NF,BANKNIFTY28APR2655500PE,1530.6,1025.0,1564.3,1025.0,785.6,179280,1451.97,1530.9,90,1536.3,180,270480
2026-04-13T09:31:57.597,NF,BANKNIFTY28APR2655500PE,1530.9,1025.0,1564.3,1025.0,785.6,179310,1451.99,1533.3,270,1537.0,120,270480
2026-04-13T09:32:00.000,NF,BANKNIFTY28APR2655500PE,1537.0,1025.0,1564.3,1025.0,785.6,179430,1452.04,1535.4,30,1539.0,30,270480
2026-04-13T09:32:01.203,NF,BANKNIFTY28APR2655500PE,1537.75,1025.0,1564.3,1025.0,785.6,179880,1452.26,1539.7,60,1544.8,150,270480
2026-04-13T09:32:06.011,NF,BANKNIFTY28APR2655500PE,1544.95,1025.0,1564.3,1025.0,785.6,179910,1452.28,1544.95,60,1549.5,120,270480
2026-04-13T09:32:08.417,NF,BANKNIFTY28APR2655500PE,1548.85,1025.0,1564.3,1025.0,785.6,179970,1452.31,1540.3,120,1546.35,120,270480
2026-04-13T09:32:09.814,NF,BANKNIFTY28APR2655500PE,1545.25,1025.0,1564.3,1025.0,785.6,180090,1452.37,1538.3,60,1542.6,240,270480
2026-04-13T09:32:11.026,NF,BANKNIFTY28APR2655500PE,1535.0,1025.0,1564.3,1025.0,785.6,180300,1452.47,1530.65,30,1535.0,120,270480
2026-04-13T09:32:12.220,NF,BANKNIFTY28APR2655500PE,1535.0,1025.0,1564.3,1025.0,785.6,180360,1452.5,1527.4,180,1533.3,30,270480
2026-04-13T09:32:13.424,NF,BANKNIFTY28APR2655500PE,1532.3,1025.0,1564.3,1025.0,785.6,180420,1452.52,1528.9,60,1533.85,120,270480
2026-04-13T09:32:14.631,NF,BANKNIFTY28APR2655500PE,1531.4,1025.0,1564.3,1025.0,785.6,180450,1452.54,1527.3,90,1532.25,30,270480
2026-04-13T09:32:16.033,NF,BANKNIFTY28APR2655500PE,1531.0,1025.0,1564.3,1025.0,785.6,180480,1452.55,1526.6,60,1531.0,90,270480
2026-04-13T09:32:17.227,NF,BANKNIFTY28APR2655500PE,1531.0,1025.0,1564.3,1025.0,785.6,180540,1452.58,1525.85,150,1531.25,60,270480
2026-04-13T09:32:19.633,NF,BANKNIFTY28APR2655500PE,1529.0,1025.0,1564.3,1025.0,785.6,180660,1452.63,1522.75,150,1528.05,30,270480
2026-04-13T09:32:20.836,NF,BANKNIFTY28APR2655500PE,1518.85,1025.0,1564.3,1025.0,785.6,180960,1452.74,1516.65,150,1522.85,120,270480
2026-04-13T09:32:22.039,NF,BANKNIFTY28APR2655500PE,1521.0,1025.0,1564.3,1025.0,785.6,180990,1452.75,1515.3,150,1521.0,60,270480
2026-04-13T09:32:25.844,NF,BANKNIFTY28APR2655500PE,1511.55,1025.0,1564.3,1025.0,785.6,181080,1452.78,1507.15,150,1511.65,60,270480
2026-04-13T09:32:28.472,NF,BANKNIFTY28APR2655500PE,1505.35,1025.0,1564.3,1025.0,785.6,181200,1452.82,1500.65,30,1505.35,30,270480
2026-04-13T09:32:32.080,NF,BANKNIFTY28APR2655500PE,1506.85,1025.0,1564.3,1025.0,785.6,181350,1452.86,1507.25,150,1511.95,90,270480
2026-04-13T09:32:33.455,NF,BANKNIFTY28APR2655500PE,1509.3,1025.0,1564.3,1025.0,785.6,181380,1452.87,1509.55,30,1515.15,60,270480
2026-04-13T09:32:41.672,NF,BANKNIFTY28APR2655500PE,1511.7,1025.0,1564.3,1025.0,785.6,181410,1452.88,1504.05,60,1509.9,150,270480
2026-04-13T09:32:42.879,NF,BANKNIFTY28APR2655500PE,1509.0,1025.0,1564.3,1025.0,785.6,181470,1452.9,1504.3,150,1509.95,30,270480
2026-04-13T09:32:44.082,NF,BANKNIFTY28APR2655500PE,1509.15,1025.0,1564.3,1025.0,785.6,181530,1452.92,1504.1,150,1509.3,60,270480
2026-04-13T09:32:45.288,NF,BANKNIFTY28APR2655500PE,1500.0,1025.0,1564.3,1025.0,785.6,181650,1452.95,1496.55,120,1502.75,60,270480
2026-04-13T09:32:47.881,NF,BANKNIFTY28APR2655500PE,1499.15,1025.0,1564.3,1025.0,785.6,181800,1452.99,1502.35,150,1508.35,150,270480
2026-04-13T09:32:50.300,NF,BANKNIFTY28APR2655500PE,1499.95,1025.0,1564.3,1025.0,785.6,181830,1453.0,1496.6,90,1502.6,180,270480
2026-04-13T09:32:52.890,NF,BANKNIFTY28APR2655500PE,1503.1,1025.0,1564.3,1025.0,785.6,181860,1453.0,1494.9,150,1501.7,150,270480
2026-04-13T09:32:55.305,NF,BANKNIFTY28APR2655500PE,1500.0,1025.0,1564.3,1025.0,785.6,181920,1453.02,1492.4,150,1498.7,120,270480
2026-04-13T09:32:56.695,NF,BANKNIFTY28APR2655500PE,1492.0,1025.0,1564.3,1025.0,785.6,182070,1453.05,1492.05,120,1499.15,150,270480
2026-04-13T09:32:59.113,NF,BANKNIFTY28APR2655500PE,1493.4,1025.0,1564.3,1025.0,785.6,182220,1453.09,1494.7,60,1500.0,60,270480
2026-04-13T09:33:00.303,NF,BANKNIFTY28APR2655500PE,1500.0,1025.0,1564.3,1025.0,785.6,182250,1453.09,1493.75,30,1499.95,90,270480
2026-04-13T09:33:05.311,NF,BANKNIFTY28APR2655500PE,1497.25,1025.0,1564.3,1025.0,785.6,182280,1453.1,1491.45,120,1497.35,120,270480
2026-04-13T09:33:11.523,NF,BANKNIFTY28APR2655500PE,1494.85,1025.0,1564.3,1025.0,785.6,182340,1453.12,1495.5,180,1500.0,60,270480
2026-04-13T09:33:13.934,NF,BANKNIFTY28APR2655500PE,1497.7,1025.0,1564.3,1025.0,785.6,182370,1453.12,1493.35,120,1499.05,270,270480
2026-04-13T09:33:15.327,NF,BANKNIFTY28APR2655500PE,1490.0,1025.0,1564.3,1025.0,785.6,182460,1453.14,1486.7,30,1492.25,150,270480
2026-04-13T09:33:16.530,NF,BANKNIFTY28APR2655500PE,1485.0,1025.0,1564.3,1025.0,785.6,182490,1453.15,1483.8,30,1489.7,120,270480
2026-04-13T09:33:22.745,NF,BANKNIFTY28APR2655500PE,1486.0,1025.0,1564.3,1025.0,785.6,182520,1453.15,1480.4,30,1485.8,120,270480
2026-04-13T09:33:23.944,NF,BANKNIFTY28APR2655500PE,1480.1,1025.0,1564.3,1025.0,785.6,182580,1453.16,1480.0,30,1484.6,120,270480
2026-04-13T09:33:25.145,NF,BANKNIFTY28APR2655500PE,1480.0,1025.0,1564.3,1025.0,785.6,182610,1453.16,1476.05,60,1481.45,120,270480
2026-04-13T09:33:30.160,NF,BANKNIFTY28APR2655500PE,1475.8,1025.0,1564.3,1025.0,785.6,182640,1453.17,1474.65,150,1480.2,120,270480
2026-04-13T09:33:32.787,NF,BANKNIFTY28APR2655500PE,1472.0,1025.0,1564.3,1025.0,785.6,182700,1453.18,1471.9,30,1477.75,120,270480
2026-04-13T09:33:35.160,NF,BANKNIFTY28APR2655500PE,1474.3,1025.0,1564.3,1025.0,785.6,182790,1453.19,1473.8,90,1479.45,30,270480
2026-04-13T09:33:39.770,NF,BANKNIFTY28APR2655500PE,1472.85,1025.0,1564.3,1025.0,785.6,182820,1453.19,1468.15,150,1473.45,120,270480
2026-04-13T09:33:44.780,NF,BANKNIFTY28APR2655500PE,1475.3,1025.0,1564.3,1025.0,785.6,182850,1453.19,1469.75,30,1475.0,120,270480
2026-04-13T09:33:46.007,NF,BANKNIFTY28APR2655500PE,1469.25,1025.0,1564.3,1025.0,785.6,182910,1453.2,1464.45,30,1468.45,120,270480
2026-04-13T09:33:47.389,NF,BANKNIFTY28APR2655500PE,1464.5,1025.0,1564.3,1025.0,785.6,182940,1453.2,1464.5,60,1466.95,120,270480
2026-04-13T09:33:48.585,NF,BANKNIFTY28APR2655500PE,1466.95,1025.0,1564.3,1025.0,785.6,182970,1453.2,1465.3,90,1470.2,60,270480
2026-04-13T09:33:52.387,NF,BANKNIFTY28APR2655500PE,1464.4,1025.0,1564.3,1025.0,785.6,183660,1453.25,1463.25,30,1468.75,120,270480
2026-04-13T09:33:55.997,NF,BANKNIFTY28APR2655500PE,1468.05,1025.0,1564.3,1025.0,785.6,183900,1453.26,1468.0,30,1473.95,120,270480
2026-04-13T09:33:57.396,NF,BANKNIFTY28APR2655500PE,1466.75,1025.0,1564.3,1025.0,785.6,183930,1453.27,1466.1,30,1472.25,180,270480
2026-04-13T09:33:58.599,NF,BANKNIFTY28APR2655500PE,1472.15,1025.0,1564.3,1025.0,785.6,184020,1453.28,1471.3,60,1477.75,120,270480
2026-04-13T09:33:59.803,NF,BANKNIFTY28APR2655500PE,1471.3,1025.0,1564.3,1025.0,785.6,184050,1453.28,1466.4,120,1472.1,120,270480
2026-04-13T09:34:07.414,NF,BANKNIFTY28APR2655500PE,1473.05,1025.0,1564.3,1025.0,785.6,184080,1453.28,1469.55,120,1475.15,150,270480
2026-04-13T09:34:08.616,NF,BANKNIFTY28APR2655500PE,1476.7,1025.0,1564.3,1025.0,785.6,184410,1453.32,1471.45,210,1476.8,30,270480
2026-04-13T09:34:09.821,NF,BANKNIFTY28APR2655500PE,1475.65,1025.0,1564.3,1025.0,785.6,184470,1453.33,1475.7,120,1481.25,120,270480
2026-04-13T09:34:16.033,NF,BANKNIFTY28APR2655500PE,1476.8,1025.0,1564.3,1025.0,785.6,184500,1453.33,1473.2,60,1478.9,120,270480
2026-04-13T09:34:17.448,NF,BANKNIFTY28APR2655500PE,1479.0,1025.0,1564.3,1025.0,785.6,184620,1453.35,1472.8,210,1479.0,150,269790
2026-04-13T09:34:18.636,NF,BANKNIFTY28APR2655500PE,1479.75,1025.0,1564.3,1025.0,785.6,184680,1453.36,1474.55,120,1480.2,150,269790
2026-04-13T09:34:21.038,NF,BANKNIFTY28APR2655500PE,1478.0,1025.0,1564.3,1025.0,785.6,184710,1453.36,1472.7,120,1478.5,120,269790
2026-04-13T09:34:22.437,NF,BANKNIFTY28APR2655500PE,1477.45,1025.0,1564.3,1025.0,785.6,184740,1453.37,1473.45,120,1479.1,240,269790
2026-04-13T09:34:23.640,NF,BANKNIFTY28APR2655500PE,1480.05,1025.0,1564.3,1025.0,785.6,184770,1453.37,1480.2,90,1484.6,90,269790
2026-04-13T09:34:27.248,NF,BANKNIFTY28APR2655500PE,1487.05,1025.0,1564.3,1025.0,785.6,185070,1453.42,1482.6,90,1487.95,120,269790
2026-04-13T09:34:28.649,NF,BANKNIFTY28APR2655500PE,1480.05,1025.0,1564.3,1025.0,785.6,185250,1453.45,1476.55,30,1480.2,150,269790
2026-04-13T09:34:29.859,NF,BANKNIFTY28APR2655500PE,1473.3,1025.0,1564.3,1025.0,785.6,185310,1453.46,1472.1,150,1477.7,90,269790
2026-04-13T09:34:31.056,NF,BANKNIFTY28APR2655500PE,1472.4,1025.0,1564.3,1025.0,785.6,185460,1453.48,1470.0,30,1473.75,60,269790
2026-04-13T09:34:33.657,NF,BANKNIFTY28APR2655500PE,1480.2,1025.0,1564.3,1025.0,785.6,185490,1453.48,1477.55,240,1483.75,120,269790
2026-04-13T09:34:36.064,NF,BANKNIFTY28APR2655500PE,1480.85,1025.0,1564.3,1025.0,785.6,185520,1453.49,1473.75,180,1480.45,120,269790
2026-04-13T09:34:42.271,NF,BANKNIFTY28APR2655500PE,1478.8,1025.0,1564.3,1025.0,785.6,185580,1453.49,1476.55,30,1481.85,120,269790
2026-04-13T09:34:44.688,NF,BANKNIFTY28APR2655500PE,1477.5,1025.0,1564.3,1025.0,785.6,185610,1453.5,1474.15,30,1479.65,120,269790
2026-04-13T09:34:45.877,NF,BANKNIFTY28APR2655500PE,1475.7,1025.0,1564.3,1025.0,785.6,185640,1453.5,1475.0,60,1479.2,120,269790
2026-04-13T09:34:55.891,NF,BANKNIFTY28APR2655500PE,1475.0,1025.0,1564.3,1025.0,785.6,185700,1453.51,1474.1,90,1479.85,120,269790
2026-04-13T09:34:58.302,NF,BANKNIFTY28APR2655500PE,1472.15,1025.0,1564.3,1025.0,785.6,185760,1453.51,1472.3,30,1477.5,270,269790
2026-04-13T09:35:00.901,NF,BANKNIFTY28APR2655500PE,1473.2,1025.0,1564.3,1025.0,785.6,185790,1453.52,1476.25,30,1480.2,60,269790
2026-04-13T09:35:02.134,NF,BANKNIFTY28APR2655500PE,1480.4,1025.0,1564.3,1025.0,785.6,185820,1453.52,1480.05,120,1486.4,120,269790
2026-04-13T09:35:03.303,NF,BANKNIFTY28APR2655500PE,1482.6,1025.0,1564.3,1025.0,785.6,185880,1453.53,1480.35,60,1487.0,30,269790
2026-04-13T09:35:04.504,NF,BANKNIFTY28APR2655500PE,1484.75,1025.0,1564.3,1025.0,785.6,185910,1453.54,1482.85,90,1486.95,120,269790
2026-04-13T09:35:05.914,NF,BANKNIFTY28APR2655500PE,1487.0,1025.0,1564.3,1025.0,785.6,185940,1453.54,1483.5,60,1489.15,120,269790
2026-04-13T09:35:10.720,NF,BANKNIFTY28APR2655500PE,1495.5,1025.0,1564.3,1025.0,785.6,186030,1453.56,1491.6,30,1495.7,150,269790
2026-04-13T09:35:21.738,NF,BANKNIFTY28APR2655500PE,1498.9,1025.0,1564.3,1025.0,785.6,186180,1453.6,1495.0,120,1498.8,60,269790
2026-04-13T09:35:23.135,NF,BANKNIFTY28APR2655500PE,1500.0,1025.0,1564.3,1025.0,785.6,186600,1453.7,1498.9,30,1504.15,120,269790
2026-04-13T09:35:24.332,NF,BANKNIFTY28APR2655500PE,1501.85,1025.0,1564.3,1025.0,785.6,186720,1453.73,1500.55,90,1506.3,30,269790
2026-04-13T09:35:26.744,NF,BANKNIFTY28APR2655500PE,1500.95,1025.0,1564.3,1025.0,785.6,187830,1454.0,1496.3,30,1502.35,120,269790
2026-04-13T09:35:36.884,NF,BANKNIFTY28APR2655500PE,1509.0,1025.0,1564.3,1025.0,785.6,187890,1454.02,1508.75,30,1513.45,60,269790
2026-04-13T09:35:51.782,NF,BANKNIFTY28APR2655500PE,1509.45,1025.0,1564.3,1025.0,785.6,187950,1454.04,1509.05,90,1514.35,120,269790
2026-04-13T09:35:54.376,NF,BANKNIFTY28APR2655500PE,1509.0,1025.0,1564.3,1025.0,785.6,188010,1454.06,1505.3,60,1510.8,150,269790
2026-04-13T09:35:55.589,NF,BANKNIFTY28APR2655500PE,1506.15,1025.0,1564.3,1025.0,785.6,188040,1454.07,1508.5,60,1514.15,150,269790
2026-04-13T09:35:58.000,NF,BANKNIFTY28APR2655500PE,1514.3,1025.0,1564.3,1025.0,785.6,188070,1454.07,1513.9,90,1519.35,150,269790
2026-04-13T09:35:59.397,NF,BANKNIFTY28APR2655500PE,1520.0,1025.0,1564.3,1025.0,785.6,188250,1454.14,1518.45,30,1521.95,30,269790
2026-04-13T09:36:00.636,NF,BANKNIFTY28APR2655500PE,1524.25,1025.0,1564.3,1025.0,785.6,188340,1454.17,1522.65,30,1528.85,150,269790
2026-04-13T09:36:01.837,NF,BANKNIFTY28APR2655500PE,1527.2,1025.0,1564.3,1025.0,785.6,188400,1454.19,1527.15,30,1533.2,150,269790
2026-04-13T09:36:05.599,NF,BANKNIFTY28APR2655500PE,1539.95,1025.0,1564.3,1025.0,785.6,188520,1454.25,1533.65,30,1536.2,30,269790
2026-04-13T09:36:06.804,NF,BANKNIFTY28APR2655500PE,1536.95,1025.0,1564.3,1025.0,785.6,188580,1454.27,1534.15,30,1538.4,120,269790
2026-04-13T09:36:08.007,NF,BANKNIFTY28APR2655500PE,1536.0,1025.0,1564.3,1025.0,785.6,188610,1454.29,1531.55,30,1537.05,150,269790
2026-04-13T09:36:09.428,NF,BANKNIFTY28APR2655500PE,1540.0,1025.0,1564.3,1025.0,785.6,188700,1454.33,1538.15,60,1543.45,120,269790
2026-04-13T09:36:11.845,NF,BANKNIFTY28APR2655500PE,1539.8,1025.0,1564.3,1025.0,785.6,188760,1454.35,1536.25,60,1542.0,120,269790
2026-04-13T09:36:14.418,NF,BANKNIFTY28APR2655500PE,1537.45,1025.0,1564.3,1025.0,785.6,188820,1454.38,1532.9,60,1538.3,60,269790
2026-04-13T09:36:15.630,NF,BANKNIFTY28APR2655500PE,1513.65,1025.0,1564.3,1025.0,785.6,192300,1455.59,1513.65,30,1532.65,60,269790
2026-04-13T09:36:16.819,NF,BANKNIFTY28APR2655500PE,1514.3,1025.0,1564.3,1025.0,785.6,194250,1456.13,1509.7,120,1519.95,120,269790
2026-04-13T09:36:18.025,NF,BANKNIFTY28APR2655500PE,1519.0,1025.0,1564.3,1025.0,785.6,194400,1456.18,1513.45,30,1520.65,30,269790
2026-04-13T09:36:19.421,NF,BANKNIFTY28APR2655500PE,1516.95,1025.0,1564.3,1025.0,785.6,194490,1456.21,1514.2,30,1517.65,150,269790
2026-04-13T09:36:20.622,NF,BANKNIFTY28APR2655500PE,1514.25,1025.0,1564.3,1025.0,785.6,194550,1456.23,1508.7,60,1514.8,120,269790
2026-04-13T09:36:25.639,NF,BANKNIFTY28APR2655500PE,1510.4,1025.0,1564.3,1025.0,785.6,194580,1456.24,1507.55,90,1513.7,150,269790
2026-04-13T09:36:28.044,NF,BANKNIFTY28APR2655500PE,1513.1,1025.0,1564.3,1025.0,785.6,194610,1456.25,1510.7,90,1516.7,120,269790
2026-04-13T09:36:31.844,NF,BANKNIFTY28APR2655500PE,1512.7,1025.0,1564.3,1025.0,785.6,194640,1456.25,1508.5,60,1510.35,30,269790
2026-04-13T09:36:33.044,NF,BANKNIFTY28APR2655500PE,1510.35,1025.0,1564.3,1025.0,785.6,194670,1456.26,1509.15,60,1515.3,30,269790
2026-04-13T09:36:34.451,NF,BANKNIFTY28APR2655500PE,1509.25,1025.0,1564.3,1025.0,785.6,194730,1456.28,1510.3,90,1515.9,120,269790
2026-04-13T09:36:39.254,NF,BANKNIFTY28APR2655500PE,1518.35,1025.0,1564.3,1025.0,785.6,194970,1456.36,1517.45,30,1523.2,120,269790
2026-04-13T09:36:43.059,NF,BANKNIFTY28APR2655500PE,1520.25,1025.0,1564.3,1025.0,785.6,195000,1456.37,1519.9,210,1525.25,30,269790
2026-04-13T09:36:45.467,NF,BANKNIFTY28APR2655500PE,1522.9,1025.0,1564.3,1025.0,785.6,195090,1456.4,1521.0,120,1529.3,30,269790
2026-04-13T09:36:48.068,NF,BANKNIFTY28APR2655500PE,1527.3,1025.0,1564.3,1025.0,785.6,195120,1456.41,1521.35,30,1527.3,210,269790
2026-04-13T09:36:49.268,NF,BANKNIFTY28APR2655500PE,1523.4,1025.0,1564.3,1025.0,785.6,195180,1456.43,1518.3,30,1523.4,120,269790
2026-04-13T09:36:50.507,NF,BANKNIFTY28APR2655500PE,1521.7,1025.0,1564.3,1025.0,785.6,195240,1456.45,1517.45,90,1522.8,120,269790
2026-04-13T09:36:54.277,NF,BANKNIFTY28APR2655500PE,1522.2,1025.0,1564.3,1025.0,785.6,195270,1456.46,1523.1,120,1528.25,180,269790
2026-04-13T09:36:55.480,NF,BANKNIFTY28APR2655500PE,1527.65,1025.0,1564.3,1025.0,785.6,195330,1456.48,1522.25,90,1528.0,120,269790
2026-04-13T09:36:56.681,NF,BANKNIFTY28APR2655500PE,1525.65,1025.0,1564.3,1025.0,785.6,195390,1456.5,1520.05,30,1525.15,120,269790
2026-04-13T09:36:57.885,NF,BANKNIFTY28APR2655500PE,1524.75,1025.0,1564.3,1025.0,785.6,195450,1456.52,1521.35,60,1526.8,120,269790
2026-04-13T09:37:00.497,NF,BANKNIFTY28APR2655500PE,1525.0,1025.0,1564.3,1025.0,785.6,195480,1456.53,1520.85,30,1524.7,90,269790
2026-04-13T09:37:01.699,NF,BANKNIFTY28APR2655500PE,1524.3,1025.0,1564.3,1025.0,785.6,195510,1456.54,1520.25,30,1524.75,150,269790
2026-04-13T09:37:02.902,NF,BANKNIFTY28APR2655500PE,1527.15,1025.0,1564.3,1025.0,785.6,195570,1456.56,1521.8,270,1527.15,90,269790
2026-04-13T09:37:04.095,NF,BANKNIFTY28APR2655500PE,1524.25,1025.0,1564.3,1025.0,785.6,195600,1456.57,1520.35,30,1525.55,240,269790
2026-04-13T09:37:06.507,NF,BANKNIFTY28APR2655500PE,1520.35,1025.0,1564.3,1025.0,785.6,195750,1456.62,1520.25,30,1522.85,30,269790
2026-04-13T09:37:07.896,NF,BANKNIFTY28APR2655500PE,1520.25,1025.0,1564.3,1025.0,785.6,195780,1456.63,1518.1,30,1521.7,240,269790
2026-04-13T09:37:10.396,NF,BANKNIFTY28APR2655500PE,1518.6,1025.0,1564.3,1025.0,785.6,195810,1456.64,1517.4,120,1522.9,60,269790
2026-04-13T09:37:12.706,NF,BANKNIFTY28APR2655500PE,1519.5,1025.0,1564.3,1025.0,785.6,195840,1456.65,1516.75,150,1522.35,60,269790
2026-04-13T09:37:14.109,NF,BANKNIFTY28APR2655500PE,1522.35,1025.0,1564.3,1025.0,785.6,195870,1456.66,1519.0,120,1524.65,150,269790
2026-04-13T09:37:15.307,NF,BANKNIFTY28APR2655500PE,1518.55,1025.0,1564.3,1025.0,785.6,195930,1456.68,1517.3,120,1522.95,180,269790
2026-04-13T09:37:16.510,NF,BANKNIFTY28APR2655500PE,1515.0,1025.0,1564.3,1025.0,785.6,196050,1456.72,1510.0,30,1515.45,30,269790
2026-04-13T09:37:19.116,NF,BANKNIFTY28APR2655500PE,1518.6,1025.0,1564.3,1025.0,785.6,196080,1456.73,1517.2,150,1522.75,60,267450
2026-04-13T09:37:20.316,NF,BANKNIFTY28APR2655500PE,1518.4,1025.0,1564.3,1025.0,785.6,196140,1456.75,1517.2,30,1521.65,90,267450
2026-04-13T09:37:25.125,NF,BANKNIFTY28APR2655500PE,1522.3,1025.0,1564.3,1025.0,785.6,196200,1456.77,1522.6,90,1527.15,30,267450
2026-04-13T09:37:26.523,NF,BANKNIFTY28APR2655500PE,1527.3,1025.0,1564.3,1025.0,785.6,196290,1456.8,1524.6,30,1528.2,150,267450
2026-04-13T09:37:31.530,NF,BANKNIFTY28APR2655500PE,1524.55,1025.0,1564.3,1025.0,785.6,196410,1456.84,1521.4,120,1527.5,120,267450
2026-04-13T09:37:32.733,NF,BANKNIFTY28APR2655500PE,1525.0,1025.0,1564.3,1025.0,785.6,196440,1456.85,1520.9,150,1526.85,60,267450
2026-04-13T09:37:41.174,NF,BANKNIFTY28APR2655500PE,1520.0,1025.0,1564.3,1025.0,785.6,196620,1456.91,1519.95,30,1520.0,1410,267450
2026-04-13T09:37:42.350,NF,BANKNIFTY28APR2655500PE,1515.0,1025.0,1564.3,1025.0,785.6,196770,1456.96,1511.25,120,1516.45,30,267450
2026-04-13T09:37:43.551,NF,BANKNIFTY28APR2655500PE,1516.55,1025.0,1564.3,1025.0,785.6,196830,1456.97,1510.25,30,1514.75,60,267450
2026-04-13T09:37:44.760,NF,BANKNIFTY28APR2655500PE,1519.3,1025.0,1564.3,1025.0,785.6,196860,1456.98,1515.5,120,1520.0,1350,267450
2026-04-13T09:37:45.964,NF,BANKNIFTY28APR2655500PE,1519.0,1025.0,1564.3,1025.0,785.6,196920,1457.0,1515.8,30,1518.85,30,267450
2026-04-13T09:37:47.179,NF,BANKNIFTY28APR2655500PE,1520.0,1025.0,1564.3,1025.0,785.6,198270,1457.43,1519.2,60,1524.8,60,267450
2026-04-13T09:37:48.359,NF,BANKNIFTY28APR2655500PE,1525.0,1025.0,1564.3,1025.0,785.6,198300,1457.44,1520.7,30,1526.75,30,267450
2026-04-13T09:37:49.566,NF,BANKNIFTY28APR2655500PE,1524.9,1025.0,1564.3,1025.0,785.6,198360,1457.46,1520.7,150,1525.3,30,267450
2026-04-13T09:37:50.958,NF,BANKNIFTY28APR2655500PE,1520.7,1025.0,1564.3,1025.0,785.6,198390,1457.47,1518.9,150,1524.5,30,267450
2026-04-13T09:37:55.772,NF,BANKNIFTY28APR2655500PE,1524.35,1025.0,1564.3,1025.0,785.6,198420,1457.48,1518.95,90,1524.15,90,267450
2026-04-13T09:38:01.777,NF,BANKNIFTY28APR2655500PE,1518.4,1025.0,1564.3,1025.0,785.6,198450,1457.49,1512.0,30,1517.95,30,267450
2026-04-13T09:38:02.974,NF,BANKNIFTY28APR2655500PE,1518.7,1025.0,1564.3,1025.0,785.6,198480,1457.5,1515.85,120,1522.1,150,267450
2026-04-13T09:38:14.020,NF,BANKNIFTY28APR2655500PE,1523.35,1025.0,1564.3,1025.0,785.6,198510,1457.51,1517.55,120,1523.1,150,267450
2026-04-13T09:38:17.607,NF,BANKNIFTY28APR2655500PE,1517.2,1025.0,1564.3,1025.0,785.6,198540,1457.52,1512.8,30,1518.55,120,267450
2026-04-13T09:38:18.815,NF,BANKNIFTY28APR2655500PE,1516.4,1025.0,1564.3,1025.0,785.6,198600,1457.54,1511.6,60,1516.85,120,267450
2026-04-13T09:38:26.414,NF,BANKNIFTY28APR2655500PE,1517.95,1025.0,1564.3,1025.0,785.6,198630,1457.55,1513.55,30,1517.35,90,267450
2026-04-13T09:38:32.435,NF,BANKNIFTY28APR2655500PE,1515.35,1025.0,1564.3,1025.0,785.6,198660,1457.55,1513.55,30,1517.1,120,267450
2026-04-13T09:38:33.649,NF,BANKNIFTY28APR2655500PE,1513.0,1025.0,1564.3,1025.0,785.6,198720,1457.57,1513.35,30,1518.55,120,267450
2026-04-13T09:38:37.235,NF,BANKNIFTY28APR2655500PE,1511.1,1025.0,1564.3,1025.0,785.6,198750,1457.58,1510.0,30,1512.5,30,267450
2026-04-13T09:38:38.439,NF,BANKNIFTY28APR2655500PE,1517.25,1025.0,1564.3,1025.0,785.6,198810,1457.6,1511.25,150,1516.75,30,267450
2026-04-13T09:38:43.446,NF,BANKNIFTY28APR2655500PE,1515.5,1025.0,1564.3,1025.0,785.6,198840,1457.61,1513.1,120,1515.5,180,267450
2026-04-13T09:38:46.047,NF,BANKNIFTY28APR2655500PE,1515.5,1025.0,1564.3,1025.0,785.6,198900,1457.62,1513.15,30,1515.4,120,267450
2026-04-13T09:38:49.661,NF,BANKNIFTY28APR2655500PE,1517.25,1025.0,1564.3,1025.0,785.6,199050,1457.67,1517.8,30,1520.0,60,267450
2026-04-13T09:38:52.265,NF,BANKNIFTY28APR2655500PE,1519.75,1025.0,1564.3,1025.0,785.6,199080,1457.68,1517.8,30,1519.75,60,267450
2026-04-13T09:38:53.464,NF,BANKNIFTY28APR2655500PE,1520.0,1025.0,1564.3,1025.0,785.6,199170,1457.71,1519.15,60,1524.0,30,267450
2026-04-13T09:38:57.270,NF,BANKNIFTY28APR2655500PE,1520.05,1025.0,1564.3,1025.0,785.6,199260,1457.73,1515.85,60,1520.0,60,267450
2026-04-13T09:38:59.683,NF,BANKNIFTY28APR2655500PE,1517.6,1025.0,1564.3,1025.0,785.6,199290,1457.74,1517.55,30,1520.1,30,267450
2026-04-13T09:39:01.080,NF,BANKNIFTY28APR2655500PE,1517.55,1025.0,1564.3,1025.0,785.6,199320,1457.75,1511.7,30,1516.4,60,267450
2026-04-13T09:39:03.494,NF,BANKNIFTY28APR2655500PE,1510.65,1025.0,1564.3,1025.0,785.6,199470,1457.79,1506.85,30,1510.0,90,267450
2026-04-13T09:39:08.498,NF,BANKNIFTY28APR2655500PE,1511.5,1025.0,1564.3,1025.0,785.6,199500,1457.8,1505.8,30,1510.1,30,267450
2026-04-13T09:39:12.297,NF,BANKNIFTY28APR2655500PE,1506.5,1025.0,1564.3,1025.0,785.6,199650,1457.84,1501.85,60,1506.5,90,267450
2026-04-13T09:39:13.503,NF,BANKNIFTY28APR2655500PE,1504.8,1025.0,1564.3,1025.0,785.6,199770,1457.86,1500.65,30,1505.15,60,267450
2026-04-13T09:39:14.699,NF,BANKNIFTY28APR2655500PE,1506.1,1025.0,1564.3,1025.0,785.6,199830,1457.88,1502.25,30,1507.2,30,267450
2026-04-13T09:39:16.099,NF,BANKNIFTY28APR2655500PE,1503.3,1025.0,1564.3,1025.0,785.6,199890,1457.89,1502.15,30,1505.0,60,267450
2026-04-13T09:39:17.301,NF,BANKNIFTY28APR2655500PE,1502.15,1025.0,1564.3,1025.0,785.6,199920,1457.9,1500.0,30,1503.3,30,267450
2026-04-13T09:39:18.529,NF,BANKNIFTY28APR2655500PE,1501.3,1025.0,1564.3,1025.0,785.6,200040,1457.93,1500.0,30,1501.45,150,267450
2026-04-13T09:39:19.716,NF,BANKNIFTY28APR2655500PE,1500.15,1025.0,1564.3,1025.0,785.6,200250,1457.97,1500.5,270,1505.95,60,267450
2026-04-13T09:39:22.311,NF,BANKNIFTY28APR2655500PE,1505.65,1025.0,1564.3,1025.0,785.6,200280,1457.98,1502.9,210,1508.65,120,267450
2026-04-13T09:39:26.115,NF,BANKNIFTY28APR2655500PE,1512.8,1025.0,1564.3,1025.0,785.6,200310,1457.98,1509.35,90,1513.25,120,267450
2026-04-13T09:39:28.523,NF,BANKNIFTY28APR2655500PE,1512.9,1025.0,1564.3,1025.0,785.6,200370,1458.0,1512.8,210,1517.8,120,267450
2026-04-13T09:39:33.547,NF,BANKNIFTY28APR2655500PE,1505.75,1025.0,1564.3,1025.0,785.6,200400,1458.01,1506.75,30,1510.1,60,267450
2026-04-13T09:39:37.340,NF,BANKNIFTY28APR2655500PE,1510.25,1025.0,1564.3,1025.0,785.6,200430,1458.02,1505.2,30,1510.8,120,267450
2026-04-13T09:39:43.548,NF,BANKNIFTY28APR2655500PE,1510.05,1025.0,1564.3,1025.0,785.6,200460,1458.02,1512.9,120,1519.3,120,267450
2026-04-13T09:39:46.150,NF,BANKNIFTY28APR2655500PE,1520.8,1025.0,1564.3,1025.0,785.6,200490,1458.03,1518.35,120,1524.0,30,267450
2026-04-13T09:39:47.364,NF,BANKNIFTY28APR2655500PE,1524.0,1025.0,1564.3,1025.0,785.6,200580,1458.06,1520.15,30,1525.0,120,267450
2026-04-13T09:39:49.957,NF,BANKNIFTY28APR2655500PE,1523.45,1025.0,1564.3,1025.0,785.6,200640,1458.08,1517.7,120,1523.5,120,267450
2026-04-13T09:39:51.159,NF,BANKNIFTY28APR2655500PE,1521.0,1025.0,1564.3,1025.0,785.6,200700,1458.1,1517.55,150,1523.3,60,267450
2026-04-13T09:39:56.167,NF,BANKNIFTY28APR2655500PE,1516.2,1025.0,1564.3,1025.0,785.6,200730,1458.11,1511.5,30,1516.5,90,267450
2026-04-13T09:39:57.370,NF,BANKNIFTY28APR2655500PE,1511.5,1025.0,1564.3,1025.0,785.6,200760,1458.12,1509.4,30,1515.3,90,267450
2026-04-13T09:39:58.574,NF,BANKNIFTY28APR2655500PE,1513.1,1025.0,1564.3,1025.0,785.6,200790,1458.13,1508.15,30,1513.05,120,267450
2026-04-13T09:39:59.973,NF,BANKNIFTY28APR2655500PE,1512.7,1025.0,1564.3,1025.0,785.6,201300,1458.26,1507.1,120,1513.35,90,267450
2026-04-13T09:40:16.201,NF,BANKNIFTY28APR2655500PE,1517.8,1025.0,1564.3,1025.0,785.6,201330,1458.27,1512.15,150,1518.2,150,267450
2026-04-13T09:40:20.011,NF,BANKNIFTY28APR2655500PE,1510.8,1025.0,1564.3,1025.0,785.6,201480,1458.31,1508.0,60,1510.8,390,267570
2026-04-13T09:40:26.219,NF,BANKNIFTY28APR2655500PE,1508.8,1025.0,1564.3,1025.0,785.6,201540,1458.33,1503.75,210,1508.85,30,267570
2026-04-13T09:40:28.630,NF,BANKNIFTY28APR2655500PE,1512.1,1025.0,1564.3,1025.0,785.6,201570,1458.34,1507.7,120,1513.6,150,267570
2026-04-13T09:40:29.826,NF,BANKNIFTY28APR2655500PE,1510.8,1025.0,1564.3,1025.0,785.6,201600,1458.34,1510.3,120,1515.5,120,267570
2026-04-13T09:40:31.230,NF,BANKNIFTY28APR2655500PE,1508.8,1025.0,1564.3,1025.0,785.6,201630,1458.35,1508.65,90,1513.8,90,267570
2026-04-13T09:40:33.632,NF,BANKNIFTY28APR2655500PE,1510.5,1025.0,1564.3,1025.0,785.6,201660,1458.36,1506.9,120,1512.4,120,267570
2026-04-13T09:40:38.439,NF,BANKNIFTY28APR2655500PE,1507.8,1025.0,1564.3,1025.0,785.6,201690,1458.37,1508.7,30,1513.35,240,267570
2026-04-13T09:40:56.880,NF,BANKNIFTY28APR2655500PE,1513.8,1025.0,1564.3,1025.0,785.6,201810,1458.4,1509.35,30,1514.15,120,267570
2026-04-13T09:41:06.886,NF,BANKNIFTY28APR2655500PE,1499.95,1025.0,1564.3,1025.0,785.6,201900,1458.42,1494.7,30,1498.75,120,267570
2026-04-13T09:41:11.693,NF,BANKNIFTY28APR2655500PE,1500.0,1025.0,1564.3,1025.0,785.6,202500,1458.53,1498.75,90,1503.7,120,267570
2026-04-13T09:41:14.105,NF,BANKNIFTY28APR2655500PE,1498.6,1025.0,1564.3,1025.0,785.6,202530,1458.53,1492.9,30,1498.4,30,267570
2026-04-13T09:41:26.526,NF,BANKNIFTY28APR2655500PE,1490.65,1025.0,1564.3,1025.0,785.6,202620,1458.55,1479.55,30,1483.2,60,267570
2026-04-13T09:41:27.718,NF,BANKNIFTY28APR2655500PE,1483.2,1025.0,1564.3,1025.0,785.6,202650,1458.55,1481.85,30,1486.35,120,267570
2026-04-13T09:41:28.930,NF,BANKNIFTY28APR2655500PE,1483.3,1025.0,1564.3,1025.0,785.6,202680,1458.56,1479.55,120,1484.85,30,267570
2026-04-13T09:41:32.725,NF,BANKNIFTY28APR2655500PE,1476.9,1025.0,1564.3,1025.0,785.6,202710,1458.56,1475.75,120,1480.75,30,267570
2026-04-13T09:41:36.336,NF,BANKNIFTY28APR2655500PE,1474.8,1025.0,1564.3,1025.0,785.6,202740,1458.56,1475.15,120,1480.2,30,267570
2026-04-13T09:41:38.932,NF,BANKNIFTY28APR2655500PE,1477.15,1025.0,1564.3,1025.0,785.6,202770,1458.56,1477.75,120,1482.65,30,267570
2026-04-13T09:41:42.541,NF,BANKNIFTY28APR2655500PE,1481.3,1025.0,1564.3,1025.0,785.6,202980,1458.59,1476.6,150,1482.2,30,267570
2026-04-13T09:41:43.939,NF,BANKNIFTY28APR2655500PE,1480.0,1025.0,1564.3,1025.0,785.6,203010,1458.59,1475.7,120,1481.5,90,267570
2026-04-13T09:41:50.150,NF,BANKNIFTY28APR2655500PE,1470.1,1025.0,1564.3,1025.0,785.6,203250,1458.61,1470.0,480,1475.35,120,267570
2026-04-13T09:41:52.554,NF,BANKNIFTY28APR2655500PE,1476.1,1025.0,1564.3,1025.0,785.6,203280,1458.61,1470.0,480,1474.7,120,267570
2026-04-13T09:41:53.760,NF,BANKNIFTY28APR2655500PE,1470.0,1025.0,1564.3,1025.0,785.6,203370,1458.62,1470.0,360,1472.85,30,267570
2026-04-13T09:41:56.356,NF,BANKNIFTY28APR2655500PE,1470.75,1025.0,1564.3,1025.0,785.6,203400,1458.62,1470.5,120,1476.1,60,267570
2026-04-13T09:41:58.778,NF,BANKNIFTY28APR2655500PE,1470.0,1025.0,1564.3,1025.0,785.6,203790,1458.64,1460.9,210,1466.45,30,267570
2026-04-13T09:42:00.173,NF,BANKNIFTY28APR2655500PE,1460.0,1025.0,1564.3,1025.0,785.6,203880,1458.64,1456.85,120,1462.15,30,267570
2026-04-13T09:42:01.367,NF,BANKNIFTY28APR2655500PE,1457.75,1025.0,1564.3,1025.0,785.6,204060,1458.64,1458.25,90,1463.45,120,267570
2026-04-13T09:42:02.566,NF,BANKNIFTY28APR2655500PE,1459.0,1025.0,1564.3,1025.0,785.6,204120,1458.64,1461.15,120,1466.45,60,267570
2026-04-13T09:42:05.168,NF,BANKNIFTY28APR2655500PE,1460.1,1025.0,1564.3,1025.0,785.6,204150,1458.64,1453.75,150,1459.6,60,267570
2026-04-13T09:42:07.579,NF,BANKNIFTY28APR2655500PE,1460.35,1025.0,1564.3,1025.0,785.6,204210,1458.64,1454.1,90,1459.3,30,267570
2026-04-13T09:42:10.176,NF,BANKNIFTY28APR2655500PE,1460.45,1025.0,1564.3,1025.0,785.6,204240,1458.64,1454.15,120,1460.45,60,267570
2026-04-13T09:42:11.382,NF,BANKNIFTY28APR2655500PE,1460.4,1025.0,1564.3,1025.0,785.6,204300,1458.64,1454.55,210,1460.45,120,267570
2026-04-13T09:42:12.584,NF,BANKNIFTY28APR2655500PE,1458.5,1025.0,1564.3,1025.0,785.6,204330,1458.64,1450.15,90,1454.75,30,267570
2026-04-13T09:42:13.785,NF,BANKNIFTY28APR2655500PE,1457.4,1025.0,1564.3,1025.0,785.6,204360,1458.64,1453.5,30,1458.5,30,267570
2026-04-13T09:42:14.992,NF,BANKNIFTY28APR2655500PE,1455.45,1025.0,1564.3,1025.0,785.6,204390,1458.64,1450.45,120,1455.55,30,267570
2026-04-13T09:42:16.388,NF,BANKNIFTY28APR2655500PE,1450.0,1025.0,1564.3,1025.0,785.6,204540,1458.64,1454.85,30,1456.5,120,267570
2026-04-13T09:42:18.803,NF,BANKNIFTY28APR2655500PE,1454.85,1025.0,1564.3,1025.0,785.6,204570,1458.63,1450.0,90,1452.65,30,267570
2026-04-13T09:42:19.995,NF,BANKNIFTY28APR2655500PE,1452.5,1025.0,1564.3,1025.0,785.6,204600,1458.63,1450.0,90,1451.7,30,267570
2026-04-13T09:42:21.398,NF,BANKNIFTY28APR2655500PE,1442.0,1025.0,1564.3,1025.0,785.6,205380,1458.58,1442.15,120,1447.95,90,267570
2026-04-13T09:42:30.022,NF,BANKNIFTY28APR2655500PE,1441.1,1025.0,1564.3,1025.0,785.6,205410,1458.57,1441.1,30,1444.55,120,267570
2026-04-13T09:42:31.232,NF,BANKNIFTY28APR2655500PE,1442.5,1025.0,1564.3,1025.0,785.6,205440,1458.57,1438.85,120,1444.6,120,267570
2026-04-13T09:42:36.228,NF,BANKNIFTY28APR2655500PE,1435.0,1025.0,1564.3,1025.0,785.6,205500,1458.56,1431.25,30,1437.15,30,267570
2026-04-13T09:42:48.046,NF,BANKNIFTY28APR2655500PE,1444.1,1025.0,1564.3,1025.0,785.6,205530,1458.56,1438.6,30,1443.95,150,267570
2026-04-13T09:42:49.250,NF,BANKNIFTY28APR2655500PE,1438.7,1025.0,1564.3,1025.0,785.6,205560,1458.56,1439.85,30,1444.65,150,267570
2026-04-13T09:42:50.642,NF,BANKNIFTY28APR2655500PE,1444.8,1025.0,1564.3,1025.0,785.6,205620,1458.55,1443.1,390,1449.2,120,267570
2026-04-13T09:42:51.842,NF,BANKNIFTY28APR2655500PE,1446.0,1025.0,1564.3,1025.0,785.6,205740,1458.55,1439.25,120,1445.5,240,267570
2026-04-13T09:42:54.253,NF,BANKNIFTY28APR2655500PE,1445.05,1025.0,1564.3,1025.0,785.6,206220,1458.52,1441.5,60,1446.4,210,267570
2026-04-13T09:42:58.077,NF,BANKNIFTY28APR2655500PE,1450.55,1025.0,1564.3,1025.0,785.6,206250,1458.51,1447.7,30,1452.75,150,267570
2026-04-13T09:43:00.461,NF,BANKNIFTY28APR2655500PE,1452.0,1025.0,1564.3,1025.0,785.6,206490,1458.51,1450.45,30,1455.05,150,267570
2026-04-13T09:43:04.264,NF,BANKNIFTY28APR2655500PE,1461.3,1025.0,1564.3,1025.0,785.6,206520,1458.51,1461.3,30,1464.2,30,267570
2026-04-13T09:43:05.481,NF,BANKNIFTY28APR2655500PE,1458.35,1025.0,1564.3,1025.0,785.6,206580,1458.51,1453.15,120,1458.35,120,267570
2026-04-13T09:43:15.493,NF,BANKNIFTY28APR2655500PE,1452.6,1025.0,1564.3,1025.0,785.6,206610,1458.51,1450.0,30,1455.0,150,267570
2026-04-13T09:43:19.329,NF,BANKNIFTY28APR2655500PE,1450.0,1025.0,1564.3,1025.0,785.6,206640,1458.51,1445.3,120,1451.1,30,267570
2026-04-13T09:43:20.561,NF,BANKNIFTY28APR2655500PE,1443.85,1025.0,1564.3,1025.0,785.6,206850,1458.49,1441.0,30,1445.8,150,266760
2026-04-13T09:43:38.131,NF,BANKNIFTY28APR2655500PE,1455.5,1025.0,1564.3,1025.0,785.6,206910,1458.49,1450.05,150,1456.15,150,266760
2026-04-13T09:43:40.716,NF,BANKNIFTY28APR2655500PE,1456.7,1025.0,1564.3,1025.0,785.6,206940,1458.49,1451.15,30,1456.5,150,266760
2026-04-13T09:43:41.920,NF,BANKNIFTY28APR2655500PE,1450.9,1025.0,1564.3,1025.0,785.6,207000,1458.49,1450.4,240,1455.6,30,266760
2026-04-13T09:43:44.528,NF,BANKNIFTY28APR2655500PE,1448.4,1025.0,1564.3,1025.0,785.6,207090,1458.49,1450.4,30,1455.5,60,266760
2026-04-13T09:43:46.928,NF,BANKNIFTY28APR2655500PE,1458.05,1025.0,1564.3,1025.0,785.6,207120,1458.49,1452.95,30,1457.95,120,266760
2026-04-13T09:43:59.357,NF,BANKNIFTY28APR2655500PE,1446.6,1025.0,1564.3,1025.0,785.6,207150,1458.48,1441.65,150,1446.5,30,266760
2026-04-13T09:44:04.371,NF,BANKNIFTY28APR2655500PE,1441.0,1025.0,1564.3,1025.0,785.6,207180,1458.48,1437.65,150,1442.65,30,266760
2026-04-13T09:44:08.172,NF,BANKNIFTY28APR2655500PE,1443.95,1025.0,1564.3,1025.0,785.6,207270,1458.47,1441.95,150,1447.3,90,266760
2026-04-13T09:44:29.412,NF,BANKNIFTY28APR2655500PE,1453.0,1025.0,1564.3,1025.0,785.6,208110,1458.45,1451.3,150,1457.1,60,266760
2026-04-13T09:44:38.017,NF,BANKNIFTY28APR2655500PE,1454.0,1025.0,1564.3,1025.0,785.6,208170,1458.45,1454.0,180,1458.5,60,266760
2026-04-13T09:44:41.624,NF,BANKNIFTY28APR2655500PE,1454.0,1025.0,1564.3,1025.0,785.6,208350,1458.45,1451.75,120,1458.05,60,266760
2026-04-13T09:44:51.447,NF,BANKNIFTY28APR2655500PE,1455.25,1025.0,1564.3,1025.0,785.6,208950,1458.43,1448.5,150,1454.6,120,266760
2026-04-13T09:44:56.267,NF,BANKNIFTY28APR2655500PE,1454.3,1025.0,1564.3,1025.0,785.6,208980,1458.43,1452.15,60,1454.95,120,266760
2026-04-13T09:44:57.450,NF,BANKNIFTY28APR2655500PE,1452.15,1025.0,1564.3,1025.0,785.6,209010,1458.43,1452.15,30,1454.5,120,266760
2026-04-13T09:44:59.855,NF,BANKNIFTY28APR2655500PE,1452.15,1025.0,1564.3,1025.0,785.6,209040,1458.43,1451.15,30,1455.0,30,266760
2026-04-13T09:45:02.267,NF,BANKNIFTY28APR2655500PE,1454.85,1025.0,1564.3,1025.0,785.6,209070,1458.43,1451.45,30,1454.95,180,266760
2026-04-13T09:45:03.470,NF,BANKNIFTY28APR2655500PE,1455.0,1025.0,1564.3,1025.0,785.6,209280,1458.43,1456.15,240,1460.0,60,266760
2026-04-13T09:45:04.873,NF,BANKNIFTY28APR2655500PE,1460.0,1025.0,1564.3,1025.0,785.6,209340,1458.43,1458.0,120,1463.2,150,266760
2026-04-13T09:45:08.471,NF,BANKNIFTY28APR2655500PE,1469.0,1025.0,1564.3,1025.0,785.6,209460,1458.43,1465.2,30,1470.15,120,266760
2026-04-13T09:45:11.076,NF,BANKNIFTY28APR2655500PE,1468.0,1025.0,1564.3,1025.0,785.6,209490,1458.43,1466.6,30,1470.75,150,266760
2026-04-13T09:45:14.686,NF,BANKNIFTY28APR2655500PE,1470.4,1025.0,1564.3,1025.0,785.6,209520,1458.43,1465.3,120,1470.95,90,266760
2026-04-13T09:45:19.689,NF,BANKNIFTY28APR2655500PE,1461.9,1025.0,1564.3,1025.0,785.6,209550,1458.43,1457.4,90,1462.85,90,266760
2026-04-13T09:45:33.125,NF,BANKNIFTY28APR2655500PE,1471.75,1025.0,1564.3,1025.0,785.6,209580,1458.44,1472.55,30,1476.85,120,266760
2026-04-13T09:45:34.517,NF,BANKNIFTY28APR2655500PE,1476.85,1025.0,1564.3,1025.0,785.6,209610,1458.44,1477.35,30,1480.7,150,266760
2026-04-13T09:45:36.917,NF,BANKNIFTY28APR2655500PE,1473.45,1025.0,1564.3,1025.0,785.6,209640,1458.44,1471.05,30,1474.95,150,266760
2026-04-13T09:45:38.124,NF,BANKNIFTY28APR2655500PE,1470.8,1025.0,1564.3,1025.0,785.6,209820,1458.45,1471.15,30,1474.65,120,266760
2026-04-13T09:45:49.338,NF,BANKNIFTY28APR2655500PE,1490.55,1025.0,1564.3,1025.0,785.6,210150,1458.5,1485.65,30,1489.5,120,266760
2026-04-13T09:45:58.163,NF,BANKNIFTY28APR2655500PE,1476.5,1025.0,1564.3,1025.0,785.6,210900,1458.57,1472.35,30,1476.5,210,266760
2026-04-13T09:46:00.750,NF,BANKNIFTY28APR2655500PE,1469.6,1025.0,1564.3,1025.0,785.6,211260,1458.6,1466.85,30,1472.65,120,266760
2026-04-13T09:46:04.380,NF,BANKNIFTY28APR2655500PE,1466.4,1025.0,1564.3,1025.0,785.6,211290,1458.6,1462.85,90,1466.4,180,266760
2026-04-13T09:46:05.559,NF,BANKNIFTY28APR2655500PE,1466.4,1025.0,1564.3,1025.0,785.6,211320,1458.6,1465.8,30,1470.0,120,266760
2026-04-13T09:46:10.565,NF,BANKNIFTY28APR2655500PE,1469.55,1025.0,1564.3,1025.0,785.6,211470,1458.61,1467.45,60,1472.85,120,266760
2026-04-13T09:46:11.770,NF,BANKNIFTY28APR2655500PE,1473.75,1025.0,1564.3,1025.0,785.6,211500,1458.61,1469.6,30,1473.75,120,266760
2026-04-13T09:46:15.574,NF,BANKNIFTY28APR2655500PE,1477.05,1025.0,1564.3,1025.0,785.6,211590,1458.62,1476.75,150,1482.2,60,266760
2026-04-13T09:46:21.866,NF,BANKNIFTY28APR2655500PE,1474.2,1025.0,1564.3,1025.0,785.6,211740,1458.63,1469.95,30,1474.65,60,266910
2026-04-13T09:46:26.795,NF,BANKNIFTY28APR2655500PE,1474.0,1025.0,1564.3,1025.0,785.6,212490,1458.68,1469.55,30,1474.65,120,266910
2026-04-13T09:46:33.005,NF,BANKNIFTY28APR2655500PE,1477.9,1025.0,1564.3,1025.0,785.6,213270,1458.75,1471.5,30,1476.6,60,266910
2026-04-13T09:46:36.604,NF,BANKNIFTY28APR2655500PE,1480.25,1025.0,1564.3,1025.0,785.6,213300,1458.75,1478.15,150,1483.5,120,266910
2026-04-13T09:46:42.827,NF,BANKNIFTY28APR2655500PE,1480.0,1025.0,1564.3,1025.0,785.6,213330,1458.75,1480.0,30,1482.85,150,266910
2026-04-13T09:46:44.027,NF,BANKNIFTY28APR2655500PE,1480.0,1025.0,1564.3,1025.0,785.6,213360,1458.75,1476.05,30,1481.4,120,266910
2026-04-13T09:46:45.231,NF,BANKNIFTY28APR2655500PE,1475.35,1025.0,1564.3,1025.0,785.6,213390,1458.76,1475.2,60,1480.45,120,266910
2026-04-13T09:46:46.625,NF,BANKNIFTY28APR2655500PE,1470.0,1025.0,1564.3,1025.0,785.6,213570,1458.77,1466.4,30,1471.2,90,266910
2026-04-13T09:46:47.822,NF,BANKNIFTY28APR2655500PE,1471.5,1025.0,1564.3,1025.0,785.6,213600,1458.77,1466.4,30,1470.7,150,266910
2026-04-13T09:46:52.829,NF,BANKNIFTY28APR2655500PE,1459.9,1025.0,1564.3,1025.0,785.6,214140,1458.78,1461.95,30,1466.25,120,266910
2026-04-13T09:46:54.032,NF,BANKNIFTY28APR2655500PE,1466.0,1025.0,1564.3,1025.0,785.6,214170,1458.78,1458.5,90,1464.45,120,266910
2026-04-13T09:46:57.850,NF,BANKNIFTY28APR2655500PE,1463.4,1025.0,1564.3,1025.0,785.6,214470,1458.79,1458.05,60,1463.1,150,266910
2026-04-13T09:47:01.641,NF,BANKNIFTY28APR2655500PE,1459.65,1025.0,1564.3,1025.0,785.6,214500,1458.79,1458.6,150,1464.3,60,266910
2026-04-13T09:47:05.253,NF,BANKNIFTY28APR2655500PE,1464.55,1025.0,1564.3,1025.0,785.6,214530,1458.79,1460.0,60,1463.35,240,266910
2026-04-13T09:47:06.653,NF,BANKNIFTY28APR2655500PE,1460.0,1025.0,1564.3,1025.0,785.6,214590,1458.79,1456.55,150,1461.85,30,266910
2026-04-13T09:47:15.268,NF,BANKNIFTY28APR2655500PE,1451.0,1025.0,1564.3,1025.0,785.6,214620,1458.79,1447.7,120,1453.15,30,266910
2026-04-13T09:47:35.307,NF,BANKNIFTY28APR2655500PE,1454.2,1025.0,1564.3,1025.0,785.6,214770,1458.78,1453.4,30,1459.5,90,266910
2026-04-13T09:47:37.706,NF,BANKNIFTY28APR2655500PE,1458.0,1025.0,1564.3,1025.0,785.6,214830,1458.78,1454.1,30,1460.45,30,266910
2026-04-13T09:48:02.546,NF,BANKNIFTY28APR2655500PE,1465.8,1025.0,1564.3,1025.0,785.6,214860,1458.78,1465.6,120,1471.65,60,266910
2026-04-13T09:48:16.194,NF,BANKNIFTY28APR2655500PE,1477.4,1025.0,1564.3,1025.0,785.6,214890,1458.79,1473.95,210,1479.8,60,266910
2026-04-13T09:48:21.182,NF,BANKNIFTY28APR2655500PE,1473.0,1025.0,1564.3,1025.0,785.6,214920,1458.79,1466.3,60,1472.25,180,266910
2026-04-13T09:48:26.185,NF,BANKNIFTY28APR2655500PE,1473.75,1025.0,1564.3,1025.0,785.6,214950,1458.79,1468.1,60,1473.7,150,266910
2026-04-13T09:48:31.198,NF,BANKNIFTY28APR2655500PE,1469.85,1025.0,1564.3,1025.0,785.6,215010,1458.79,1464.6,30,1469.4,120,266910
2026-04-13T09:48:37.405,NF,BANKNIFTY28APR2655500PE,1467.9,1025.0,1564.3,1025.0,785.6,215040,1458.79,1462.0,60,1467.25,120,266910
2026-04-13T09:48:45.026,NF,BANKNIFTY28APR2655500PE,1459.55,1025.0,1564.3,1025.0,785.6,215070,1458.79,1455.1,120,1459.55,60,266910
2026-04-13T09:48:46.420,NF,BANKNIFTY28APR2655500PE,1459.5,1025.0,1564.3,1025.0,785.6,215220,1458.79,1457.45,60,1463.8,30,266910
2026-04-13T09:48:51.428,NF,BANKNIFTY28APR2655500PE,1455.0,1025.0,1564.3,1025.0,785.6,215550,1458.79,1457.8,90,1462.5,120,266910
2026-04-13T09:49:01.249,NF,BANKNIFTY28APR2655500PE,1459.7,1025.0,1564.3,1025.0,785.6,215610,1458.79,1456.2,60,1461.35,150,266910
2026-04-13T09:49:06.258,NF,BANKNIFTY28APR2655500PE,1460.75,1025.0,1564.3,1025.0,785.6,215640,1458.79,1460.05,30,1465.05,150,266910
2026-04-13T09:49:12.473,NF,BANKNIFTY28APR2655500PE,1463.5,1025.0,1564.3,1025.0,785.6,215760,1458.79,1463.5,90,1469.5,120,266910
2026-04-13T09:49:14.864,NF,BANKNIFTY28APR2655500PE,1465.8,1025.0,1564.3,1025.0,785.6,215790,1458.79,1461.0,120,1466.6,90,266910
2026-04-13T09:49:22.282,NF,BANKNIFTY28APR2655500PE,1464.15,1025.0,1564.3,1025.0,785.6,215850,1458.79,1459.4,150,1463.85,180,265920
2026-04-13T09:49:26.080,NF,BANKNIFTY28APR2655500PE,1460.05,1025.0,1564.3,1025.0,785.6,215940,1458.79,1457.15,30,1460.05,90,265920
2026-04-13T09:49:27.290,NF,BANKNIFTY28APR2655500PE,1457.35,1025.0,1564.3,1025.0,785.6,216090,1458.79,1456.15,150,1460.6,90,265920
2026-04-13T09:49:34.701,NF,BANKNIFTY28APR2655500PE,1450.1,1025.0,1564.3,1025.0,785.6,216360,1458.78,1446.4,30,1450.1,90,265920
2026-04-13T09:49:37.297,NF,BANKNIFTY28APR2655500PE,1447.1,1025.0,1564.3,1025.0,785.6,216390,1458.78,1443.6,90,1447.65,90,265920
2026-04-13T09:49:39.708,NF,BANKNIFTY28APR2655500PE,1447.65,1025.0,1564.3,1025.0,785.6,216480,1458.77,1450.0,30,1454.4,120,265920
2026-04-13T09:49:43.322,NF,BANKNIFTY28APR2655500PE,1451.0,1025.0,1564.3,1025.0,785.6,216510,1458.77,1445.9,150,1451.35,60,265920
2026-04-13T09:50:06.542,NF,BANKNIFTY28APR2655500PE,1448.7,1025.0,1564.3,1025.0,785.6,216540,1458.77,1443.4,60,1448.55,150,265920
2026-04-13T09:50:15.157,NF,BANKNIFTY28APR2655500PE,1440.2,1025.0,1564.3,1025.0,785.6,216570,1458.77,1440.1,90,1445.5,30,265920
2026-04-13T09:50:17.587,NF,BANKNIFTY28APR2655500PE,1440.0,1025.0,1564.3,1025.0,785.6,216630,1458.76,1435.0,60,1437.8,120,265920
2026-04-13T09:50:18.760,NF,BANKNIFTY28APR2655500PE,1439.0,1025.0,1564.3,1025.0,785.6,216660,1458.76,1435.5,30,1439.75,90,265920
2026-04-13T09:50:22.369,NF,BANKNIFTY28APR2655500PE,1435.0,1025.0,1564.3,1025.0,785.6,216690,1458.76,1432.95,30,1437.8,120,265920
2026-04-13T09:50:24.582,NF,BANKNIFTY28APR2655500PE,1432.4,1025.0,1564.3,1025.0,785.6,216720,1458.75,1432.4,30,1436.35,240,265920
2026-04-13T09:50:29.574,NF,BANKNIFTY28APR2655500PE,1430.0,1025.0,1564.3,1025.0,785.6,216870,1458.73,1427.3,30,1432.1,60,265920
2026-04-13T09:50:30.783,NF,BANKNIFTY28APR2655500PE,1423.9,1025.0,1564.3,1025.0,785.6,217350,1458.66,1428.15,30,1431.9,240,265920
2026-04-13T09:50:31.985,NF,BANKNIFTY28APR2655500PE,1431.7,1025.0,1564.3,1025.0,785.6,217380,1458.66,1432.55,30,1437.05,120,265920
2026-04-13T09:50:35.587,NF,BANKNIFTY28APR2655500PE,1436.0,1025.0,1564.3,1025.0,785.6,217410,1458.65,1434.4,150,1438.5,60,265920
2026-04-13T09:50:37.996,NF,BANKNIFTY28APR2655500PE,1432.9,1025.0,1564.3,1025.0,785.6,217470,1458.65,1432.9,60,1436.9,210,265920
2026-04-13T09:50:40.408,NF,BANKNIFTY28APR2655500PE,1436.75,1025.0,1564.3,1025.0,785.6,217500,1458.64,1434.35,30,1436.75,30,265920
2026-04-13T09:50:41.619,NF,BANKNIFTY28APR2655500PE,1439.95,1025.0,1564.3,1025.0,785.6,217560,1458.64,1437.5,30,1440.0,60,265920
2026-04-13T09:50:42.804,NF,BANKNIFTY28APR2655500PE,1440.0,1025.0,1564.3,1025.0,785.6,217620,1458.63,1442.1,30,1445.75,150,265920
2026-04-13T09:50:44.302,NF,BANKNIFTY28APR2655500PE,1444.55,1025.0,1564.3,1025.0,785.6,217680,1458.63,1438.25,90,1443.3,150,265920
2026-04-13T09:51:00.238,NF,BANKNIFTY28APR2655500PE,1444.0,1025.0,1564.3,1025.0,785.6,217710,1458.63,1441.8,30,1446.35,120,265920
2026-04-13T09:51:18.861,NF,BANKNIFTY28APR2655500PE,1449.1,1025.0,1564.3,1025.0,785.6,217740,1458.63,1446.15,30,1452.6,120,265920
2026-04-13T09:51:31.479,NF,BANKNIFTY28APR2655500PE,1447.0,1025.0,1564.3,1025.0,785.6,217800,1458.62,1444.0,60,1447.0,60,265920
2026-04-13T09:51:33.884,NF,BANKNIFTY28APR2655500PE,1446.95,1025.0,1564.3,1025.0,785.6,217830,1458.62,1444.95,120,1449.1,60,265920
2026-04-13T09:51:42.507,NF,BANKNIFTY28APR2655500PE,1444.0,1025.0,1564.3,1025.0,785.6,217980,1458.61,1441.1,60,1446.5,150,265920
2026-04-13T09:51:51.114,NF,BANKNIFTY28APR2655500PE,1433.95,1025.0,1564.3,1025.0,785.6,218100,1458.6,1435.3,120,1440.15,30,265920
2026-04-13T09:51:54.924,NF,BANKNIFTY28APR2655500PE,1432.4,1025.0,1564.3,1025.0,785.6,218160,1458.59,1430.1,210,1434.65,120,265920
2026-04-13T09:51:56.171,NF,BANKNIFTY28APR2655500PE,1434.65,1025.0,1564.3,1025.0,785.6,218190,1458.59,1432.55,180,1438.4,150,265920
2026-04-13T09:52:06.140,NF,BANKNIFTY28APR2655500PE,1434.0,1025.0,1564.3,1025.0,785.6,218220,1458.58,1432.35,150,1437.7,120,265920
2026-04-13T09:52:12.348,NF,BANKNIFTY28APR2655500PE,1430.55,1025.0,1564.3,1025.0,785.6,218250,1458.58,1430.0,150,1434.0,30,265920
2026-04-13T09:52:13.551,NF,BANKNIFTY28APR2655500PE,1436.15,1025.0,1564.3,1025.0,785.6,218460,1458.56,1436.15,120,1441.85,60,265920
2026-04-13T09:52:14.951,NF,BANKNIFTY28APR2655500PE,1434.3,1025.0,1564.3,1025.0,785.6,219030,1458.5,1435.95,150,1441.0,60,265920
2026-04-13T09:52:16.161,NF,BANKNIFTY28APR2655500PE,1435.85,1025.0,1564.3,1025.0,785.6,219060,1458.49,1434.9,120,1439.55,90,265920
2026-04-13T09:52:17.357,NF,BANKNIFTY28APR2655500PE,1439.1,1025.0,1564.3,1025.0,785.6,219120,1458.49,1438.7,30,1442.6,180,265920
2026-04-13T09:52:22.451,NF,BANKNIFTY28APR2655500PE,1444.05,1025.0,1564.3,1025.0,785.6,219150,1458.49,1440.35,60,1445.4,60,265920
2026-04-13T09:52:31.191,NF,BANKNIFTY28APR2655500PE,1436.85,1025.0,1564.3,1025.0,785.6,219210,1458.48,1436.15,120,1441.1,30,266070
2026-04-13T09:52:52.239,NF,BANKNIFTY28APR2655500PE,1433.45,1025.0,1564.3,1025.0,785.6,219240,1458.48,1430.0,90,1433.35,150,266070
2026-04-13T09:52:56.022,NF,BANKNIFTY28APR2655500PE,1430.0,1025.0,1564.3,1025.0,785.6,219330,1458.47,1433.1,90,1438.25,120,266070
2026-04-13T09:53:02.234,NF,BANKNIFTY28APR2655500PE,1430.25,1025.0,1564.3,1025.0,785.6,219360,1458.46,1428.15,120,1434.15,120,266070
2026-04-13T09:53:04.834,NF,BANKNIFTY28APR2655500PE,1428.95,1025.0,1564.3,1025.0,785.6,219390,1458.46,1428.2,150,1432.55,30,266070
2026-04-13T09:53:06.044,NF,BANKNIFTY28APR2655500PE,1423.55,1025.0,1564.3,1025.0,785.6,219870,1458.39,1423.65,240,1428.55,30,266070
2026-04-13T09:53:08.441,NF,BANKNIFTY28APR2655500PE,1428.7,1025.0,1564.3,1025.0,785.6,220170,1458.35,1424.1,150,1429.25,60,266070
2026-04-13T09:53:23.467,NF,BANKNIFTY28APR2655500PE,1425.0,1025.0,1564.3,1025.0,785.6,220200,1458.35,1424.2,120,1429.9,120,266070
2026-04-13T09:53:30.879,NF,BANKNIFTY28APR2655500PE,1418.2,1025.0,1564.3,1025.0,785.6,220230,1458.34,1415.0,30,1418.25,120,266070
2026-04-13T09:53:35.903,NF,BANKNIFTY28APR2655500PE,1418.15,1025.0,1564.3,1025.0,785.6,220260,1458.33,1415.0,30,1419.0,120,266070
2026-04-13T09:53:39.694,NF,BANKNIFTY28APR2655500PE,1418.45,1025.0,1564.3,1025.0,785.6,220680,1458.26,1416.7,30,1423.6,150,266070
2026-04-13T09:53:44.704,NF,BANKNIFTY28APR2655500PE,1417.2,1025.0,1564.3,1025.0,785.6,220710,1458.25,1416.65,270,1422.8,60,266070
2026-04-13T09:53:45.902,NF,BANKNIFTY28APR2655500PE,1418.45,1025.0,1564.3,1025.0,785.6,220770,1458.24,1416.5,150,1422.65,90,266070
2026-04-13T09:53:50.916,NF,BANKNIFTY28APR2655500PE,1419.8,1025.0,1564.3,1025.0,785.6,220920,1458.21,1419.1,60,1425.0,150,266070
2026-04-13T09:54:00.931,NF,BANKNIFTY28APR2655500PE,1419.4,1025.0,1564.3,1025.0,785.6,221010,1458.2,1419.3,330,1425.55,120,266070
2026-04-13T09:54:05.934,NF,BANKNIFTY28APR2655500PE,1430.1,1025.0,1564.3,1025.0,785.6,221100,1458.19,1419.7,60,1425.3,240,266070
2026-04-13T09:54:10.950,NF,BANKNIFTY28APR2655500PE,1420.0,1025.0,1564.3,1025.0,785.6,221190,1458.17,1414.25,90,1419.75,120,266070
2026-04-13T09:54:17.158,NF,BANKNIFTY28APR2655500PE,1416.45,1025.0,1564.3,1025.0,785.6,221220,1458.17,1412.1,120,1417.9,30,266070
2026-04-13T09:54:24.590,NF,BANKNIFTY28APR2655500PE,1415.85,1025.0,1564.3,1025.0,785.6,221250,1458.16,1406.05,30,1412.85,120,266070
2026-04-13T09:54:25.984,NF,BANKNIFTY28APR2655500PE,1413.35,1025.0,1564.3,1025.0,785.6,221280,1458.15,1408.4,60,1414.6,120,266070
2026-04-13T09:54:27.211,NF,BANKNIFTY28APR2655500PE,1408.15,1025.0,1564.3,1025.0,785.6,221490,1458.11,1400.0,240,1406.0,30,266070
2026-04-13T09:54:28.409,NF,BANKNIFTY28APR2655500PE,1406.0,1025.0,1564.3,1025.0,785.6,221520,1458.1,1404.8,120,1411.25,210,266070
2026-04-13T09:54:29.628,NF,BANKNIFTY28APR2655500PE,1409.8,1025.0,1564.3,1025.0,785.6,221730,1458.05,1409.55,30,1415.05,60,266070
2026-04-13T09:54:30.972,NF,BANKNIFTY28APR2655500PE,1409.45,1025.0,1564.3,1025.0,785.6,221760,1458.05,1407.0,30,1412.8,180,266070
2026-04-13T09:54:49.442,NF,BANKNIFTY28APR2655500PE,1421.4,1025.0,1564.3,1025.0,785.6,221790,1458.04,1417.9,30,1423.5,120,266070
2026-04-13T09:54:50.605,NF,BANKNIFTY28APR2655500PE,1423.55,1025.0,1564.3,1025.0,785.6,221820,1458.04,1419.65,150,1423.5,30,266070
2026-04-13T09:54:51.816,NF,BANKNIFTY28APR2655500PE,1423.5,1025.0,1564.3,1025.0,785.6,221850,1458.03,1419.7,60,1424.75,150,266070
2026-04-13T09:54:55.610,NF,BANKNIFTY28APR2655500PE,1425.0,1025.0,1564.3,1025.0,785.6,221910,1458.02,1423.35,60,1427.55,30,266070
2026-04-13T09:55:08.030,NF,BANKNIFTY28APR2655500PE,1423.4,1025.0,1564.3,1025.0,785.6,221940,1458.02,1418.7,30,1422.6,90,266070
2026-04-13T09:55:09.248,NF,BANKNIFTY28APR2655500PE,1420.15,1025.0,1564.3,1025.0,785.6,222030,1458.0,1415.3,30,1419.4,60,266070
2026-04-13T09:55:11.637,NF,BANKNIFTY28APR2655500PE,1418.75,1025.0,1564.3,1025.0,785.6,222060,1458.0,1416.25,30,1421.25,150,266070
2026-04-13T09:55:16.440,NF,BANKNIFTY28APR2655500PE,1420.05,1025.0,1564.3,1025.0,785.6,222150,1457.98,1413.7,30,1418.5,60,266070
2026-04-13T09:55:20.045,NF,BANKNIFTY28APR2655500PE,1419.75,1025.0,1564.3,1025.0,785.6,222240,1457.97,1416.5,30,1422.05,120,266070
2026-04-13T09:55:22.449,NF,BANKNIFTY28APR2655500PE,1419.1,1025.0,1564.3,1025.0,785.6,222330,1457.95,1414.15,120,1418.95,60,266070
2026-04-13T09:55:31.090,NF,BANKNIFTY28APR2655500PE,1409.0,1025.0,1564.3,1025.0,785.6,222420,1457.93,1401.05,30,1406.85,150,266070
2026-04-13T09:55:32.278,NF,BANKNIFTY28APR2655500PE,1404.4,1025.0,1564.3,1025.0,785.6,222660,1457.87,1400.4,30,1404.4,150,266040
2026-04-13T09:55:33.500,NF,BANKNIFTY28APR2655500PE,1404.55,1025.0,1564.3,1025.0,785.6,222840,1457.83,1400.75,30,1406.0,30,266040
2026-04-13T09:55:34.669,NF,BANKNIFTY28APR2655500PE,1403.8,1025.0,1564.3,1025.0,785.6,222960,1457.8,1400.0,240,1402.1,90,266040
2026-04-13T09:55:36.095,NF,BANKNIFTY28APR2655500PE,1395.1,1025.0,1564.3,1025.0,785.6,223290,1457.71,1393.1,30,1397.35,30,266040
2026-04-13T09:55:37.272,NF,BANKNIFTY28APR2655500PE,1395.9,1025.0,1564.3,1025.0,785.6,223440,1457.67,1393.45,60,1398.4,30,266040
2026-04-13T09:55:38.487,NF,BANKNIFTY28APR2655500PE,1396.1,1025.0,1564.3,1025.0,785.6,224070,1457.49,1395.95,30,1400.25,60,266040
2026-04-13T09:55:42.287,NF,BANKNIFTY28APR2655500PE,1394.85,1025.0,1564.3,1025.0,785.6,224100,1457.48,1395.25,30,1399.7,120,266040
2026-04-13T09:55:44.681,NF,BANKNIFTY28APR2655500PE,1395.65,1025.0,1564.3,1025.0,785.6,224130,1457.48,1394.5,90,1399.2,60,266040
2026-04-13T09:55:47.110,NF,BANKNIFTY28APR2655500PE,1396.1,1025.0,1564.3,1025.0,785.6,224370,1457.41,1396.1,90,1400.0,90,266040
2026-04-13T09:55:48.332,NF,BANKNIFTY28APR2655500PE,1399.95,1025.0,1564.3,1025.0,785.6,224520,1457.37,1397.15,30,1399.9,30,266040
2026-04-13T09:55:49.503,NF,BANKNIFTY28APR2655500PE,1399.0,1025.0,1564.3,1025.0,785.6,224580,1457.35,1399.1,60,1403.3,150,266040
2026-04-13T09:55:52.120,NF,BANKNIFTY28APR2655500PE,1403.3,1025.0,1564.3,1025.0,785.6,224610,1457.35,1403.1,30,1408.5,120,266040
2026-04-13T09:55:55.706,NF,BANKNIFTY28APR2655500PE,1401.4,1025.0,1564.3,1025.0,785.6,224820,1457.29,1393.8,30,1399.75,90,266040
2026-04-13T09:55:59.522,NF,BANKNIFTY28APR2655500PE,1391.0,1025.0,1564.3,1025.0,785.6,224850,1457.29,1390.0,30,1393.4,120,266040
2026-04-13T09:56:00.728,NF,BANKNIFTY28APR2655500PE,1386.05,1025.0,1564.3,1025.0,785.6,224910,1457.27,1388.65,60,1393.45,90,266040
2026-04-13T09:56:04.576,NF,BANKNIFTY28APR2655500PE,1387.35,1025.0,1564.3,1025.0,785.6,224940,1457.26,1386.8,150,1392.2,30,266040
2026-04-13T09:56:11.935,NF,BANKNIFTY28APR2655500PE,1394.2,1025.0,1564.3,1025.0,785.6,224970,1457.25,1387.15,120,1392.25,60,266040
2026-04-13T09:56:16.942,NF,BANKNIFTY28APR2655500PE,1383.9,1025.0,1564.3,1025.0,785.6,225030,1457.23,1380.85,60,1385.75,240,266040
2026-04-13T09:56:23.155,NF,BANKNIFTY28APR2655500PE,1381.25,1025.0,1564.3,1025.0,785.6,225090,1457.21,1380.0,150,1385.15,30,266040
2026-04-13T09:56:31.968,NF,BANKNIFTY28APR2655500PE,1384.35,1025.0,1564.3,1025.0,785.6,225150,1457.19,1380.0,120,1383.7,120,266040
2026-04-13T09:56:36.771,NF,BANKNIFTY28APR2655500PE,1385.45,1025.0,1564.3,1025.0,785.6,225180,1457.18,1380.3,60,1384.65,120,266040
2026-04-13T09:56:40.592,NF,BANKNIFTY28APR2655500PE,1386.35,1025.0,1564.3,1025.0,785.6,225210,1457.17,1380.15,60,1384.55,240,266040
2026-04-13T09:56:42.993,NF,BANKNIFTY28APR2655500PE,1382.85,1025.0,1564.3,1025.0,785.6,225600,1457.04,1382.7,30,1387.45,150,266040
2026-04-13T09:56:50.604,NF,BANKNIFTY28APR2655500PE,1382.3,1025.0,1564.3,1025.0,785.6,225720,1457.0,1383.15,60,1387.25,150,266040
2026-04-13T09:56:54.197,NF,BANKNIFTY28APR2655500PE,1383.5,1025.0,1564.3,1025.0,785.6,225780,1456.99,1380.0,120,1384.15,210,266040
2026-04-13T09:56:55.397,NF,BANKNIFTY28APR2655500PE,1380.0,1025.0,1564.3,1025.0,785.6,225810,1456.97,1380.0,90,1383.95,120,266040
2026-04-13T09:57:00.423,NF,BANKNIFTY28APR2655500PE,1383.35,1025.0,1564.3,1025.0,785.6,225840,1456.97,1382.55,60,1386.7,120,266040
2026-04-13T09:57:02.809,NF,BANKNIFTY28APR2655500PE,1389.75,1025.0,1564.3,1025.0,785.6,225960,1456.93,1384.6,30,1388.65,120,266040
2026-04-13T09:57:14.032,NF,BANKNIFTY28APR2655500PE,1395.5,1025.0,1564.3,1025.0,785.6,226050,1456.9,1395.45,30,1399.0,30,266040
2026-04-13T09:57:15.436,NF,BANKNIFTY28APR2655500PE,1399.9,1025.0,1564.3,1025.0,785.6,226260,1456.85,1399.8,60,1404.55,60,266040
2026-04-13T09:57:16.634,NF,BANKNIFTY28APR2655500PE,1400.2,1025.0,1564.3,1025.0,785.6,226290,1456.84,1400.1,90,1405.3,60,266040
2026-04-13T09:57:17.831,NF,BANKNIFTY28APR2655500PE,1399.0,1025.0,1564.3,1025.0,785.6,226320,1456.83,1398.35,120,1403.6,150,266040
2026-04-13T09:57:20.234,NF,BANKNIFTY28APR2655500PE,1400.35,1025.0,1564.3,1025.0,785.6,226350,1456.83,1400.7,60,1405.65,30,266040
2026-04-13T09:57:21.641,NF,BANKNIFTY28APR2655500PE,1403.6,1025.0,1564.3,1025.0,785.6,226440,1456.81,1402.95,30,1408.2,150,266040
2026-04-13T09:57:31.449,NF,BANKNIFTY28APR2655500PE,1400.35,1025.0,1564.3,1025.0,785.6,227100,1456.65,1398.35,150,1400.35,30,266040
2026-04-13T09:57:32.665,NF,BANKNIFTY28APR2655500PE,1400.5,1025.0,1564.3,1025.0,785.6,227160,1456.63,1400.45,120,1404.65,120,266040
2026-04-13T09:57:33.857,NF,BANKNIFTY28APR2655500PE,1402.95,1025.0,1564.3,1025.0,785.6,227190,1456.63,1403.6,120,1407.1,30,266040
2026-04-13T09:57:36.466,NF,BANKNIFTY28APR2655500PE,1404.55,1025.0,1564.3,1025.0,785.6,227220,1456.62,1402.05,60,1403.75,330,266040
2026-04-13T09:57:37.670,NF,BANKNIFTY28APR2655500PE,1406.75,1025.0,1564.3,1025.0,785.6,227280,1456.6,1404.65,180,1408.35,30,266040
2026-04-13T09:57:38.883,NF,BANKNIFTY28APR2655500PE,1409.0,1025.0,1564.3,1025.0,785.6,227310,1456.6,1407.45,30,1411.7,120,266040
2026-04-13T09:57:46.276,NF,BANKNIFTY28APR2655500PE,1405.55,1025.0,1564.3,1025.0,785.6,227340,1456.59,1405.6,120,1411.6,150,266040
2026-04-13T09:57:47.676,NF,BANKNIFTY28APR2655500PE,1405.95,1025.0,1564.3,1025.0,785.6,227370,1456.59,1407.3,90,1412.35,60,266040
2026-04-13T09:57:48.878,NF,BANKNIFTY28APR2655500PE,1407.3,1025.0,1564.3,1025.0,785.6,227400,1456.58,1404.5,30,1409.95,30,266040
2026-04-13T09:57:53.687,NF,BANKNIFTY28APR2655500PE,1404.75,1025.0,1564.3,1025.0,785.6,227430,1456.57,1405.55,60,1410.95,180,266040
2026-04-13T09:57:56.319,NF,BANKNIFTY28APR2655500PE,1407.3,1025.0,1564.3,1025.0,785.6,227520,1456.55,1402.55,30,1407.55,30,266040
2026-04-13T09:58:02.502,NF,BANKNIFTY28APR2655500PE,1401.5,1025.0,1564.3,1025.0,785.6,227580,1456.54,1401.4,120,1406.35,30,266040
2026-04-13T09:58:03.706,NF,BANKNIFTY28APR2655500PE,1406.75,1025.0,1564.3,1025.0,785.6,227640,1456.52,1403.85,30,1408.95,60,266040
2026-04-13T09:58:04.915,NF,BANKNIFTY28APR2655500PE,1403.5,1025.0,1564.3,1025.0,785.6,227670,1456.52,1403.5,30,1409.1,180,266040
2026-04-13T09:58:07.502,NF,BANKNIFTY28APR2655500PE,1407.0,1025.0,1564.3,1025.0,785.6,227760,1456.5,1405.2,120,1411.85,90,266040
2026-04-13T09:58:11.112,NF,BANKNIFTY28APR2655500PE,1409.4,1025.0,1564.3,1025.0,785.6,227910,1456.47,1409.55,150,1414.4,60,266040
2026-04-13T09:58:12.513,NF,BANKNIFTY28APR2655500PE,1413.95,1025.0,1564.3,1025.0,785.6,228060,1456.44,1409.5,150,1414.15,30,266040
2026-04-13T09:58:14.921,NF,BANKNIFTY28APR2655500PE,1412.05,1025.0,1564.3,1025.0,785.6,228180,1456.41,1406.6,270,1412.25,30,266040
2026-04-13T09:58:16.160,NF,BANKNIFTY28APR2655500PE,1411.8,1025.0,1564.3,1025.0,785.6,228210,1456.41,1405.6,60,1410.8,120,266040
2026-04-13T09:58:17.322,NF,BANKNIFTY28APR2655500PE,1409.95,1025.0,1564.3,1025.0,785.6,228300,1456.39,1405.2,120,1410.45,30,266040
2026-04-13T09:58:18.783,NF,BANKNIFTY28APR2655500PE,1410.0,1025.0,1564.3,1025.0,785.6,228390,1456.37,1405.25,90,1410.35,30,266040
2026-04-13T09:58:21.181,NF,BANKNIFTY28APR2655500PE,1409.7,1025.0,1564.3,1025.0,785.6,228420,1456.36,1404.8,120,1409.7,30,266040
2026-04-13T09:58:22.422,NF,BANKNIFTY28APR2655500PE,1406.75,1025.0,1564.3,1025.0,785.6,228570,1456.33,1403.5,30,1407.25,60,266040
2026-04-13T09:58:23.542,NF,BANKNIFTY28APR2655500PE,1404.0,1025.0,1564.3,1025.0,785.6,228750,1456.29,1400.1,60,1404.9,30,266040
2026-04-13T09:58:24.732,NF,BANKNIFTY28APR2655500PE,1405.5,1025.0,1564.3,1025.0,785.6,228810,1456.28,1401.1,150,1406.55,60,265890
2026-04-13T09:58:26.175,NF,BANKNIFTY28APR2655500PE,1408.4,1025.0,1564.3,1025.0,785.6,228900,1456.26,1404.2,120,1409.7,150,265890
2026-04-13T09:58:27.435,NF,BANKNIFTY28APR2655500PE,1408.45,1025.0,1564.3,1025.0,785.6,228930,1456.26,1404.8,30,1410.4,150,265890
2026-04-13T09:58:28.581,NF,BANKNIFTY28APR2655500PE,1408.15,1025.0,1564.3,1025.0,785.6,229350,1456.17,1405.0,30,1409.9,30,265890
2026-04-13T09:58:29.756,NF,BANKNIFTY28APR2655500PE,1409.1,1025.0,1564.3,1025.0,785.6,229440,1456.15,1403.9,150,1412.9,120,265890
2026-04-13T09:58:30.944,NF,BANKNIFTY28APR2655500PE,1412.85,1025.0,1564.3,1025.0,785.6,229590,1456.12,1408.5,120,1413.95,60,265890
2026-04-13T09:58:33.556,NF,BANKNIFTY28APR2655500PE,1418.1,1025.0,1564.3,1025.0,785.6,229680,1456.11,1412.0,30,1417.6,120,265890
2026-04-13T09:58:35.954,NF,BANKNIFTY28APR2655500PE,1414.7,1025.0,1564.3,1025.0,785.6,229710,1456.1,1409.15,120,1415.2,180,265890
2026-04-13T09:58:39.557,NF,BANKNIFTY28APR2655500PE,1412.7,1025.0,1564.3,1025.0,785.6,229770,1456.09,1407.65,30,1412.55,240,265890
2026-04-13T09:58:40.759,NF,BANKNIFTY28APR2655500PE,1411.4,1025.0,1564.3,1025.0,785.6,229830,1456.08,1406.7,120,1412.15,150,265890
2026-04-13T09:58:42.159,NF,BANKNIFTY28APR2655500PE,1411.9,1025.0,1564.3,1025.0,785.6,229860,1456.07,1408.35,120,1414.2,60,265890
2026-04-13T09:58:43.370,NF,BANKNIFTY28APR2655500PE,1413.8,1025.0,1564.3,1025.0,785.6,229890,1456.07,1409.6,150,1414.75,30,265890
2026-04-13T09:58:44.570,NF,BANKNIFTY28APR2655500PE,1415.0,1025.0,1564.3,1025.0,785.6,229950,1456.06,1410.85,30,1415.2,150,265890
2026-04-13T09:58:45.773,NF,BANKNIFTY28APR2655500PE,1414.95,1025.0,1564.3,1025.0,785.6,230010,1456.05,1409.85,30,1414.75,120,265890
2026-04-13T09:58:48.170,NF,BANKNIFTY28APR2655500PE,1417.05,1025.0,1564.3,1025.0,785.6,230100,1456.03,1414.5,120,1417.0,30,265890
2026-04-13T09:58:49.376,NF,BANKNIFTY28APR2655500PE,1422.0,1025.0,1564.3,1025.0,785.6,230490,1455.97,1419.0,120,1421.95,30,265890
2026-04-13T09:58:50.575,NF,BANKNIFTY28APR2655500PE,1421.85,1025.0,1564.3,1025.0,785.6,230580,1455.95,1417.6,180,1422.85,30,265890
2026-04-13T09:58:51.780,NF,BANKNIFTY28APR2655500PE,1417.6,1025.0,1564.3,1025.0,785.6,230730,1455.93,1416.65,30,1421.35,120,265890
2026-04-13T09:58:55.396,NF,BANKNIFTY28APR2655500PE,1421.4,1025.0,1564.3,1025.0,785.6,230790,1455.92,1418.4,30,1424.45,30,265890
2026-04-13T09:58:56.589,NF,BANKNIFTY28APR2655500PE,1422.55,1025.0,1564.3,1025.0,785.6,230970,1455.89,1417.95,90,1422.55,60,265890
2026-04-13T09:58:57.805,NF,BANKNIFTY28APR2655500PE,1420.05,1025.0,1564.3,1025.0,785.6,231120,1455.87,1415.3,60,1420.45,30,265890
2026-04-13T09:59:00.192,NF,BANKNIFTY28APR2655500PE,1422.15,1025.0,1564.3,1025.0,785.6,231180,1455.86,1416.7,150,1421.2,60,265890
2026-04-13T09:59:01.435,NF,BANKNIFTY28APR2655500PE,1421.6,1025.0,1564.3,1025.0,785.6,231390,1455.83,1416.5,60,1421.75,30,265890
2026-04-13T09:59:03.800,NF,BANKNIFTY28APR2655500PE,1423.7,1025.0,1564.3,1025.0,785.6,231450,1455.82,1419.6,120,1423.4,30,265890
2026-04-13T09:59:04.998,NF,BANKNIFTY28APR2655500PE,1423.6,1025.0,1564.3,1025.0,785.6,231510,1455.81,1419.4,90,1423.9,120,265890
2026-04-13T09:59:06.006,NF,BANKNIFTY28APR2655500PE,1422.1,1025.0,1564.3,1025.0,785.6,231600,1455.8,1417.75,210,1422.05,30,265890
2026-04-13T09:59:07.206,NF,BANKNIFTY28APR2655500PE,1422.4,1025.0,1564.3,1025.0,785.6,231690,1455.79,1417.0,120,1422.65,60,265890
2026-04-13T09:59:08.407,NF,BANKNIFTY28APR2655500PE,1420.1,1025.0,1564.3,1025.0,785.6,231810,1455.77,1415.4,120,1420.4,90,265890
2026-04-13T09:59:09.610,NF,BANKNIFTY28APR2655500PE,1420.4,1025.0,1564.3,1025.0,785.6,231840,1455.76,1415.85,30,1421.2,150,265890
2026-04-13T09:59:10.814,NF,BANKNIFTY28APR2655500PE,1417.4,1025.0,1564.3,1025.0,785.6,231990,1455.74,1417.3,150,1422.9,120,265890
2026-04-13T09:59:12.011,NF,BANKNIFTY28APR2655500PE,1418.35,1025.0,1564.3,1025.0,785.6,232020,1455.74,1418.3,60,1423.55,180,265890
2026-04-13T09:59:14.416,NF,BANKNIFTY28APR2655500PE,1416.7,1025.0,1564.3,1025.0,785.6,232080,1455.73,1416.8,30,1421.95,90,265890
2026-04-13T09:59:15.446,NF,BANKNIFTY28APR2655500PE,1421.7,1025.0,1564.3,1025.0,785.6,232110,1455.72,1415.3,30,1421.75,120,265890
2026-04-13T09:59:16.629,NF,BANKNIFTY28APR2655500PE,1421.35,1025.0,1564.3,1025.0,785.6,232200,1455.71,1416.35,30,1421.25,60,265890
2026-04-13T09:59:17.844,NF,BANKNIFTY28APR2655500PE,1421.95,1025.0,1564.3,1025.0,785.6,232260,1455.7,1417.0,60,1422.05,120,265890
2026-04-13T09:59:19.042,NF,BANKNIFTY28APR2655500PE,1421.85,1025.0,1564.3,1025.0,785.6,232290,1455.7,1417.65,90,1422.7,120,265890
2026-04-13T09:59:20.230,NF,BANKNIFTY28APR2655500PE,1422.4,1025.0,1564.3,1025.0,785.6,232380,1455.68,1419.5,90,1424.05,120,265890
2026-04-13T09:59:21.433,NF,BANKNIFTY28APR2655500PE,1419.75,1025.0,1564.3,1025.0,785.6,232440,1455.67,1420.05,30,1425.1,120,265890
2026-04-13T09:59:22.631,NF,BANKNIFTY28APR2655500PE,1419.6,1025.0,1564.3,1025.0,785.6,232530,1455.66,1417.6,60,1423.4,90,265890
2026-04-13T09:59:23.853,NF,BANKNIFTY28APR2655500PE,1419.5,1025.0,1564.3,1025.0,785.6,232560,1455.66,1417.85,90,1423.3,150,265890
2026-04-13T09:59:25.040,NF,BANKNIFTY28APR2655500PE,1421.5,1025.0,1564.3,1025.0,785.6,232800,1455.62,1416.9,120,1422.45,60,265890
2026-04-13T09:59:26.254,NF,BANKNIFTY28APR2655500PE,1422.65,1025.0,1564.3,1025.0,785.6,232830,1455.61,1417.6,30,1422.65,210,265890
2026-04-13T09:59:29.842,NF,BANKNIFTY28APR2655500PE,1421.75,1025.0,1564.3,1025.0,785.6,232890,1455.61,1416.45,150,1421.55,90,265890
2026-04-13T09:59:32.245,NF,BANKNIFTY28APR2655500PE,1417.95,1025.0,1564.3,1025.0,785.6,232950,1455.6,1412.6,60,1417.85,30,265890
2026-04-13T09:59:33.467,NF,BANKNIFTY28APR2655500PE,1418.9,1025.0,1564.3,1025.0,785.6,233010,1455.59,1413.4,150,1418.95,60,265890
2026-04-13T09:59:34.652,NF,BANKNIFTY28APR2655500PE,1418.1,1025.0,1564.3,1025.0,785.6,233130,1455.57,1413.6,210,1418.1,480,265890
2026-04-13T09:59:35.866,NF,BANKNIFTY28APR2655500PE,1418.1,1025.0,1564.3,1025.0,785.6,233190,1455.56,1415.6,30,1420.95,90,265890
2026-04-13T09:59:37.072,NF,BANKNIFTY28APR2655500PE,1420.25,1025.0,1564.3,1025.0,785.6,233370,1455.53,1415.4,150,1420.75,30,265890
2026-04-13T09:59:38.293,NF,BANKNIFTY28APR2655500PE,1420.25,1025.0,1564.3,1025.0,785.6,233490,1455.51,1414.8,150,1420.25,60,265890
2026-04-13T09:59:40.873,NF,BANKNIFTY28APR2655500PE,1419.1,1025.0,1564.3,1025.0,785.6,233670,1455.48,1413.8,90,1419.1,120,265890
2026-04-13T09:59:42.103,NF,BANKNIFTY28APR2655500PE,1419.2,1025.0,1564.3,1025.0,785.6,233730,1455.47,1414.45,90,1419.2,600,265890
2026-04-13T09:59:44.471,NF,BANKNIFTY28APR2655500PE,1419.15,1025.0,1564.3,1025.0,785.6,233850,1455.46,1417.65,120,1423.65,30,265890
2026-04-13T09:59:47.111,NF,BANKNIFTY28APR2655500PE,1422.0,1025.0,1564.3,1025.0,785.6,233880,1455.45,1419.65,30,1423.7,600,265890
2026-04-13T09:59:49.477,NF,BANKNIFTY28APR2655500PE,1423.5,1025.0,1564.3,1025.0,785.6,233970,1455.44,1417.35,90,1422.7,30,265890
2026-04-13T09:59:53.329,NF,BANKNIFTY28APR2655500PE,1421.0,1025.0,1564.3,1025.0,785.6,234060,1455.43,1420.7,30,1423.65,90,265890
2026-04-13T09:59:54.489,NF,BANKNIFTY28APR2655500PE,1423.65,1025.0,1564.3,1025.0,785.6,234150,1455.41,1420.4,90,1425.6,30,265890
2026-04-13T09:59:57.121,NF,BANKNIFTY28APR2655500PE,1424.7,1025.0,1564.3,1025.0,785.6,234180,1455.41,1419.4,90,1424.7,60,265890
2026-04-13T09:59:58.304,NF,BANKNIFTY28APR2655500PE,1424.25,1025.0,1564.3,1025.0,785.6,234270,1455.4,1419.2,90,1424.3,60,265890
2026-04-13T09:59:59.501,NF,BANKNIFTY28APR2655500PE,1424.25,1025.0,1564.3,1025.0,785.6,234420,1455.38,1418.75,150,1424.15,180,265890
2026-04-13T10:00:00.916,NF,BANKNIFTY28APR2655500PE,1424.1,1025.0,1564.3,1025.0,785.6,234510,1455.36,1419.85,90,1425.05,600,265890
2026-04-13T10:00:02.128,NF,BANKNIFTY28APR2655500PE,1427.55,1025.0,1564.3,1025.0,785.6,234540,1455.36,1422.35,120,1426.65,120,265890
2026-04-13T10:00:03.313,NF,BANKNIFTY28APR2655500PE,1423.9,1025.0,1564.3,1025.0,785.6,234570,1455.36,1422.15,210,1426.65,120,265890
2026-04-13T10:00:04.527,NF,BANKNIFTY28APR2655500PE,1426.8,1025.0,1564.3,1025.0,785.6,234690,1455.34,1424.35,60,1427.55,30,265890
2026-04-13T10:00:05.914,NF,BANKNIFTY28APR2655500PE,1423.3,1025.0,1564.3,1025.0,785.6,234780,1455.33,1417.5,30,1422.45,930,265890
2026-04-13T10:00:08.333,NF,BANKNIFTY28APR2655500PE,1420.0,1025.0,1564.3,1025.0,785.6,234810,1455.33,1414.9,30,1418.4,150,265890
2026-04-13T10:00:09.538,NF,BANKNIFTY28APR2655500PE,1418.7,1025.0,1564.3,1025.0,785.6,234840,1455.32,1414.65,30,1418.5,120,265890
2026-04-13T10:00:20.728,NF,BANKNIFTY28APR2655500PE,1422.75,1025.0,1564.3,1025.0,785.6,234870,1455.32,1420.65,30,1425.7,120,265890
2026-04-13T10:00:22.164,NF,BANKNIFTY28APR2655500PE,1425.75,1025.0,1564.3,1025.0,785.6,234900,1455.31,1422.9,120,1425.8,600,265890
2026-04-13T10:00:23.348,NF,BANKNIFTY28APR2655500PE,1423.7,1025.0,1564.3,1025.0,785.6,235050,1455.29,1422.75,30,1425.95,600,265890
2026-04-13T10:00:26.944,NF,BANKNIFTY28APR2655500PE,1428.05,1025.0,1564.3,1025.0,785.6,235110,1455.29,1425.9,150,1429.65,150,265890
2026-04-13T10:00:28.346,NF,BANKNIFTY28APR2655500PE,1431.25,1025.0,1564.3,1025.0,785.6,235230,1455.27,1430.4,30,1433.4,120,265890
2026-04-13T10:00:30.759,NF,BANKNIFTY28APR2655500PE,1431.55,1025.0,1564.3,1025.0,785.6,235260,1455.27,1431.9,30,1435.15,30,265890
2026-04-13T10:00:33.350,NF,BANKNIFTY28APR2655500PE,1432.4,1025.0,1564.3,1025.0,785.6,235410,1455.26,1431.2,60,1434.3,30,265890
2026-04-13T10:00:34.547,NF,BANKNIFTY28APR2655500PE,1431.65,1025.0,1564.3,1025.0,785.6,235500,1455.25,1433.05,30,1436.95,150,265890
2026-04-13T10:00:42.162,NF,BANKNIFTY28APR2655500PE,1438.25,1025.0,1564.3,1025.0,785.6,235530,1455.25,1434.4,90,1438.5,30,265890
2026-04-13T10:00:43.362,NF,BANKNIFTY28APR2655500PE,1438.45,1025.0,1564.3,1025.0,785.6,235560,1455.24,1435.3,30,1438.45,570,265890
2026-04-13T10:00:45.767,NF,BANKNIFTY28APR2655500PE,1438.3,1025.0,1564.3,1025.0,785.6,235590,1455.24,1435.8,30,1439.3,210,265890
2026-04-13T10:00:48.372,NF,BANKNIFTY28APR2655500PE,1437.9,1025.0,1564.3,1025.0,785.6,235650,1455.24,1434.8,90,1439.55,30,265890
2026-04-13T10:00:53.390,NF,BANKNIFTY28APR2655500PE,1435.95,1025.0,1564.3,1025.0,785.6,235680,1455.23,1430.5,60,1433.85,30,265890
2026-04-13T10:00:57.194,NF,BANKNIFTY28APR2655500PE,1434.8,1025.0,1564.3,1025.0,785.6,235710,1455.23,1433.45,30,1438.3,120,265890
2026-04-13T10:00:58.399,NF,BANKNIFTY28APR2655500PE,1433.3,1025.0,1564.3,1025.0,785.6,235770,1455.23,1433.9,30,1437.85,30,265890
2026-04-13T10:01:02.005,NF,BANKNIFTY28APR2655500PE,1434.6,1025.0,1564.3,1025.0,785.6,235890,1455.22,1430.95,30,1436.4,120,265890
2026-04-13T10:01:04.410,NF,BANKNIFTY28APR2655500PE,1434.45,1025.0,1564.3,1025.0,785.6,235920,1455.21,1429.75,120,1434.45,30,265890
2026-04-13T10:01:07.020,NF,BANKNIFTY28APR2655500PE,1430.35,1025.0,1564.3,1025.0,785.6,236820,1455.12,1427.2,90,1432.5,150,265890
2026-04-13T10:01:09.403,NF,BANKNIFTY28APR2655500PE,1430.5,1025.0,1564.3,1025.0,785.6,236850,1455.11,1426.3,90,1431.15,60,265890
2026-04-13T10:01:18.029,NF,BANKNIFTY28APR2655500PE,1423.4,1025.0,1564.3,1025.0,785.6,236910,1455.11,1420.85,60,1425.45,30,265890
2026-04-13T10:01:21.817,NF,BANKNIFTY28APR2655500PE,1424.95,1025.0,1564.3,1025.0,785.6,236970,1455.1,1420.05,120,1424.95,60,265890
2026-04-13T10:01:25.448,NF,BANKNIFTY28APR2655500PE,1427.95,1025.0,1564.3,1025.0,785.6,237000,1455.1,1424.2,30,1426.35,150,266400
2026-04-13T10:01:26.642,NF,BANKNIFTY28APR2655500PE,1424.2,1025.0,1564.3,1025.0,785.6,237030,1455.09,1420.35,60,1424.7,30,266400
2026-04-13T10:01:27.830,NF,BANKNIFTY28APR2655500PE,1420.0,1025.0,1564.3,1025.0,785.6,237060,1455.09,1415.1,30,1419.9,60,266400
2026-04-13T10:01:29.056,NF,BANKNIFTY28APR2655500PE,1418.65,1025.0,1564.3,1025.0,785.6,237090,1455.08,1414.9,90,1419.75,60,266400
2026-04-13T10:01:30.230,NF,BANKNIFTY28APR2655500PE,1419.8,1025.0,1564.3,1025.0,785.6,237180,1455.07,1414.55,90,1419.65,60,266400
2026-04-13T10:01:31.660,NF,BANKNIFTY28APR2655500PE,1420.55,1025.0,1564.3,1025.0,785.6,237270,1455.05,1415.5,90,1420.45,60,266400
2026-04-13T10:01:36.440,NF,BANKNIFTY28APR2655500PE,1420.15,1025.0,1564.3,1025.0,785.6,237390,1455.04,1415.5,120,1420.2,60,266400
2026-04-13T10:01:46.300,NF,BANKNIFTY28APR2655500PE,1411.0,1025.0,1564.3,1025.0,785.6,237420,1455.03,1402.45,30,1407.2,90,266400
2026-04-13T10:01:47.687,NF,BANKNIFTY28APR2655500PE,1403.95,1025.0,1564.3,1025.0,785.6,237450,1455.02,1400.0,30,1404.25,120,266400
2026-04-13T10:01:48.862,NF,BANKNIFTY28APR2655500PE,1404.05,1025.0,1564.3,1025.0,785.6,237540,1455.01,1400.0,30,1405.4,120,266400
2026-04-13T10:01:51.260,NF,BANKNIFTY28APR2655500PE,1405.25,1025.0,1564.3,1025.0,785.6,237630,1454.99,1402.45,120,1407.85,30,266400
2026-04-13T10:01:55.069,NF,BANKNIFTY28APR2655500PE,1412.6,1025.0,1564.3,1025.0,785.6,237690,1454.98,1406.2,90,1411.5,60,266400
2026-04-13T10:02:02.701,NF,BANKNIFTY28APR2655500PE,1400.65,1025.0,1564.3,1025.0,785.6,237720,1454.97,1400.4,30,1405.7,30,266400
2026-04-13T10:02:05.108,NF,BANKNIFTY28APR2655500PE,1397.3,1025.0,1564.3,1025.0,785.6,237780,1454.95,1397.35,120,1402.65,30,266400
2026-04-13T10:02:12.503,NF,BANKNIFTY28APR2655500PE,1403.5,1025.0,1564.3,1025.0,785.6,237810,1454.95,1398.85,150,1404.5,120,266400
2026-04-13T10:02:16.103,NF,BANKNIFTY28APR2655500PE,1398.7,1025.0,1564.3,1025.0,785.6,237840,1454.94,1396.8,240,1401.9,30,266400
2026-04-13T10:02:17.303,NF,BANKNIFTY28APR2655500PE,1401.75,1025.0,1564.3,1025.0,785.6,237870,1454.93,1396.45,240,1401.5,600,266400
2026-04-13T10:02:21.127,NF,BANKNIFTY28APR2655500PE,1399.5,1025.0,1564.3,1025.0,785.6,237900,1454.93,1397.65,30,1402.25,150,266400
2026-04-13T10:02:22.328,NF,BANKNIFTY28APR2655500PE,1402.25,1025.0,1564.3,1025.0,785.6,238140,1454.87,1405.45,30,1409.75,120,266400
2026-04-13T10:02:23.521,NF,BANKNIFTY28APR2655500PE,1405.45,1025.0,1564.3,1025.0,785.6,238170,1454.87,1402.4,30,1407.65,30,266400
2026-04-13T10:02:44.587,NF,BANKNIFTY28APR2655500PE,1412.0,1025.0,1564.3,1025.0,785.6,238260,1454.85,1409.9,60,1412.0,30,266400
2026-04-13T10:02:54.386,NF,BANKNIFTY28APR2655500PE,1405.0,1025.0,1564.3,1025.0,785.6,238290,1454.85,1405.0,30,1408.65,30,266400
2026-04-13T10:03:01.787,NF,BANKNIFTY28APR2655500PE,1410.0,1025.0,1564.3,1025.0,785.6,238320,1454.84,1410.0,60,1412.0,30,266400
2026-04-13T10:03:04.382,NF,BANKNIFTY28APR2655500PE,1412.0,1025.0,1564.3,1025.0,785.6,238350,1454.83,1410.25,30,1414.75,30,266400
2026-04-13T10:03:05.600,NF,BANKNIFTY28APR2655500PE,1413.6,1025.0,1564.3,1025.0,785.6,238380,1454.83,1412.1,30,1416.25,150,266400
2026-04-13T10:03:15.406,NF,BANKNIFTY28APR2655500PE,1411.6,1025.0,1564.3,1025.0,785.6,238440,1454.82,1407.85,210,1412.7,30,266400
2026-04-13T10:03:31.628,NF,BANKNIFTY28APR2655500PE,1400.05,1025.0,1564.3,1025.0,785.6,238740,1454.76,1400.1,120,1405.2,30,266400
2026-04-13T10:03:32.847,NF,BANKNIFTY28APR2655500PE,1401.6,1025.0,1564.3,1025.0,785.6,238770,1454.75,1403.75,30,1410.45,30,266400
2026-04-13T10:03:53.866,NF,BANKNIFTY28APR2655500PE,1410.3,1025.0,1564.3,1025.0,785.6,238920,1454.72,1410.6,30,1411.2,30,266400
2026-04-13T10:04:12.309,NF,BANKNIFTY28APR2655500PE,1410.2,1025.0,1564.3,1025.0,785.6,238950,1454.72,1413.6,60,1416.0,90,266400
2026-04-13T10:04:15.904,NF,BANKNIFTY28APR2655500PE,1415.5,1025.0,1564.3,1025.0,785.6,239040,1454.7,1408.15,120,1413.4,30,266400
2026-04-13T10:04:18.513,NF,BANKNIFTY28APR2655500PE,1409.8,1025.0,1564.3,1025.0,785.6,239070,1454.69,1409.8,240,1414.8,30,266400
2026-04-13T10:04:24.552,NF,BANKNIFTY28APR2655500PE,1422.0,1025.0,1564.3,1025.0,785.6,239190,1454.68,1422.25,30,1426.8,120,266400
2026-04-13T10:04:32.150,NF,BANKNIFTY28APR2655500PE,1421.35,1025.0,1564.3,1025.0,785.6,239280,1454.66,1420.35,60,1425.45,30,266400
2026-04-13T10:04:34.556,NF,BANKNIFTY28APR2655500PE,1427.2,1025.0,1564.3,1025.0,785.6,239310,1454.66,1421.65,60,1426.35,60,266010
2026-04-13T10:04:51.964,NF,BANKNIFTY28APR2655500PE,1414.3,1025.0,1564.3,1025.0,785.6,239340,1454.66,1408.8,120,1414.2,60,266010
2026-04-13T10:04:54.576,NF,BANKNIFTY28APR2655500PE,1401.6,1025.0,1564.3,1025.0,785.6,239370,1454.65,1402.9,60,1407.3,60,266010
2026-04-13T10:05:00.777,NF,BANKNIFTY28APR2655500PE,1403.35,1025.0,1564.3,1025.0,785.6,240120,1454.49,1398.0,60,1403.25,150,266010
2026-04-13T10:05:01.991,NF,BANKNIFTY28APR2655500PE,1399.85,1025.0,1564.3,1025.0,785.6,240210,1454.47,1396.2,60,1401.9,120,266010
2026-04-13T10:05:04.595,NF,BANKNIFTY28APR2655500PE,1399.9,1025.0,1564.3,1025.0,785.6,240240,1454.46,1394.9,120,1400.35,270,266010
2026-04-13T10:05:08.392,NF,BANKNIFTY28APR2655500PE,1395.9,1025.0,1564.3,1025.0,785.6,240270,1454.45,1391.5,60,1396.7,120,266010
2026-04-13T10:05:10.797,NF,BANKNIFTY28APR2655500PE,1395.95,1025.0,1564.3,1025.0,785.6,240360,1454.43,1390.65,30,1394.65,60,266010
2026-04-13T10:05:14.606,NF,BANKNIFTY28APR2655500PE,1392.35,1025.0,1564.3,1025.0,785.6,240690,1454.35,1391.75,240,1397.1,30,266010
2026-04-13T10:05:32.031,NF,BANKNIFTY28APR2655500PE,1392.4,1025.0,1564.3,1025.0,785.6,240720,1454.34,1392.8,30,1396.95,150,266010
2026-04-13T10:05:45.676,NF,BANKNIFTY28APR2655500PE,1380.8,1025.0,1564.3,1025.0,785.6,240840,1454.31,1380.3,30,1383.1,30,266010
2026-04-13T10:05:48.055,NF,BANKNIFTY28APR2655500PE,1390.0,1025.0,1564.3,1025.0,785.6,240960,1454.28,1386.85,90,1390.0,720,266010
2026-04-13T10:05:58.078,NF,BANKNIFTY28APR2655500PE,1382.0,1025.0,1564.3,1025.0,785.6,241080,1454.24,1382.1,30,1385.95,120,266010
2026-04-13T10:06:00.479,NF,BANKNIFTY28APR2655500PE,1381.1,1025.0,1564.3,1025.0,785.6,241110,1454.23,1381.3,30,1385.05,150,266010
2026-04-13T10:06:01.680,NF,BANKNIFTY28APR2655500PE,1381.2,1025.0,1564.3,1025.0,785.6,241170,1454.21,1381.35,30,1384.5,30,266010
2026-04-13T10:06:04.281,NF,BANKNIFTY28APR2655500PE,1384.15,1025.0,1564.3,1025.0,785.6,241200,1454.2,1384.15,270,1386.35,60,266010
2026-04-13T10:06:07.903,NF,BANKNIFTY28APR2655500PE,1388.65,1025.0,1564.3,1025.0,785.6,242040,1453.97,1388.65,30,1390.0,30,266010
2026-04-13T10:06:09.285,NF,BANKNIFTY28APR2655500PE,1390.0,1025.0,1564.3,1025.0,785.6,242070,1453.96,1391.15,60,1392.4,30,266010
2026-04-13T10:06:11.689,NF,BANKNIFTY28APR2655500PE,1392.4,1025.0,1564.3,1025.0,785.6,242100,1453.96,1393.7,60,1397.35,120,266010
2026-04-13T10:06:16.706,NF,BANKNIFTY28APR2655500PE,1392.4,1025.0,1564.3,1025.0,785.6,242130,1453.95,1390.5,150,1394.65,90,266010
2026-04-13T10:06:19.110,NF,BANKNIFTY28APR2655500PE,1394.35,1025.0,1564.3,1025.0,785.6,242220,1453.93,1389.95,30,1392.9,150,266010
2026-04-13T10:06:24.117,NF,BANKNIFTY28APR2655500PE,1388.8,1025.0,1564.3,1025.0,785.6,242280,1453.91,1385.4,120,1388.95,30,266010
2026-04-13T10:06:30.322,NF,BANKNIFTY28APR2655500PE,1390.3,1025.0,1564.3,1025.0,785.6,242340,1453.89,1392.6,30,1395.9,30,266010
2026-04-13T10:06:46.346,NF,BANKNIFTY28APR2655500PE,1395.75,1025.0,1564.3,1025.0,785.6,242370,1453.89,1392.75,60,1396.35,120,266010
2026-04-13T10:07:08.577,NF,BANKNIFTY28APR2655500PE,1395.75,1025.0,1564.3,1025.0,785.6,242400,1453.88,1398.3,120,1403.65,30,266010
2026-04-13T10:07:09.778,NF,BANKNIFTY28APR2655500PE,1398.3,1025.0,1564.3,1025.0,785.6,242430,1453.87,1399.1,120,1403.5,120,266010
2026-04-13T10:07:20.834,NF,BANKNIFTY28APR2655500PE,1396.9,1025.0,1564.3,1025.0,785.6,242490,1453.86,1391.05,60,1396.15,150,266010
2026-04-13T10:07:33.013,NF,BANKNIFTY28APR2655500PE,1397.55,1025.0,1564.3,1025.0,785.6,242580,1453.84,1393.2,150,1397.45,120,265740
2026-04-13T10:07:34.214,NF,BANKNIFTY28APR2655500PE,1398.45,1025.0,1564.3,1025.0,785.6,242610,1453.83,1393.8,150,1397.95,120,265740
2026-04-13T10:07:47.464,NF,BANKNIFTY28APR2655500PE,1400.0,1025.0,1564.3,1025.0,785.6,242640,1453.82,1402.45,30,1405.7,30,265740
2026-04-13T10:07:49.848,NF,BANKNIFTY28APR2655500PE,1404.05,1025.0,1564.3,1025.0,785.6,242670,1453.82,1398.45,30,1403.05,150,265740
2026-04-13T10:07:52.242,NF,BANKNIFTY28APR2655500PE,1398.45,1025.0,1564.3,1025.0,785.6,242730,1453.81,1396.7,150,1401.3,60,265740
2026-04-13T10:08:00.457,NF,BANKNIFTY28APR2655500PE,1398.0,1025.0,1564.3,1025.0,785.6,242760,1453.8,1395.0,150,1398.0,30,265740
2026-04-13T10:08:03.057,NF,BANKNIFTY28APR2655500PE,1395.8,1025.0,1564.3,1025.0,785.6,242910,1453.76,1391.95,150,1395.95,30,265740
2026-04-13T10:08:04.261,NF,BANKNIFTY28APR2655500PE,1398.0,1025.0,1564.3,1025.0,785.6,242940,1453.76,1398.75,30,1402.15,30,265740
2026-04-13T10:08:05.464,NF,BANKNIFTY28APR2655500PE,1402.8,1025.0,1564.3,1025.0,785.6,243210,1453.7,1400.05,120,1405.1,120,265740
2026-04-13T10:08:33.918,NF,BANKNIFTY28APR2655500PE,1411.9,1025.0,1564.3,1025.0,785.6,243240,1453.69,1407.45,120,1411.65,120,265740
2026-04-13T10:08:42.325,NF,BANKNIFTY28APR2655500PE,1408.1,1025.0,1564.3,1025.0,785.6,243300,1453.68,1399.85,210,1405.1,30,265740
2026-04-13T10:08:43.540,NF,BANKNIFTY28APR2655500PE,1405.05,1025.0,1564.3,1025.0,785.6,243330,1453.68,1401.15,30,1404.85,120,265740
2026-04-13T10:08:47.334,NF,BANKNIFTY28APR2655500PE,1408.55,1025.0,1564.3,1025.0,785.6,243360,1453.67,1406.25,120,1410.95,180,265740
2026-04-13T10:09:03.364,NF,BANKNIFTY28APR2655500PE,1412.85,1025.0,1564.3,1025.0,785.6,243510,1453.65,1408.55,150,1413.95,120,265740
2026-04-13T10:09:09.571,NF,BANKNIFTY28APR2655500PE,1410.5,1025.0,1564.3,1025.0,785.6,243690,1453.61,1406.2,90,1409.95,210,265740
2026-04-13T10:09:15.594,NF,BANKNIFTY28APR2655500PE,1406.55,1025.0,1564.3,1025.0,785.6,243750,1453.6,1402.9,60,1406.65,30,265740
2026-04-13T10:09:18.202,NF,BANKNIFTY28APR2655500PE,1402.9,1025.0,1564.3,1025.0,785.6,243810,1453.59,1397.0,30,1403.95,30,265740
2026-04-13T10:09:19.411,NF,BANKNIFTY28APR2655500PE,1400.45,1025.0,1564.3,1025.0,785.6,243840,1453.58,1397.0,150,1401.5,120,265740
2026-04-13T10:09:23.004,NF,BANKNIFTY28APR2655500PE,1401.7,1025.0,1564.3,1025.0,785.6,243870,1453.58,1402.65,30,1407.4,150,265740
2026-04-13T10:09:26.799,NF,BANKNIFTY28APR2655500PE,1401.8,1025.0,1564.3,1025.0,785.6,243900,1453.57,1401.9,120,1407.0,210,265740
2026-04-13T10:09:32.823,NF,BANKNIFTY28APR2655500PE,1404.75,1025.0,1564.3,1025.0,785.6,243960,1453.56,1400.35,150,1405.4,150,265740
2026-04-13T10:09:44.234,NF,BANKNIFTY28APR2655500PE,1403.8,1025.0,1564.3,1025.0,785.6,244020,1453.55,1402.0,180,1407.4,150,265740
2026-04-13T10:09:55.454,NF,BANKNIFTY28APR2655500PE,1401.45,1025.0,1564.3,1025.0,785.6,244080,1453.53,1401.35,180,1405.8,150,265740
2026-04-13T10:10:00.458,NF,BANKNIFTY28APR2655500PE,1401.25,1025.0,1564.3,1025.0,785.6,244140,1453.52,1400.7,120,1403.8,30,265740
2026-04-13T10:10:01.696,NF,BANKNIFTY28APR2655500PE,1403.8,1025.0,1564.3,1025.0,785.6,244170,1453.51,1404.45,60,1409.65,90,265740
2026-04-13T10:10:02.877,NF,BANKNIFTY28APR2655500PE,1405.1,1025.0,1564.3,1025.0,785.6,244200,1453.51,1404.3,60,1409.15,30,265740
2026-04-13T10:10:10.482,NF,BANKNIFTY28APR2655500PE,1408.95,1025.0,1564.3,1025.0,785.6,244230,1453.5,1407.55,150,1411.6,150,265740
2026-04-13T10:10:25.302,NF,BANKNIFTY28APR2655500PE,1401.8,1025.0,1564.3,1025.0,785.6,244290,1453.49,1398.25,60,1402.05,30,265740
2026-04-13T10:10:29.123,NF,BANKNIFTY28APR2655500PE,1398.95,1025.0,1564.3,1025.0,785.6,244350,1453.48,1397.9,30,1400.45,120,265740
2026-04-13T10:10:35.315,NF,BANKNIFTY28APR2655500PE,1401.1,1025.0,1564.3,1025.0,785.6,244410,1453.46,1396.65,60,1400.55,150,265740
2026-04-13T10:10:36.517,NF,BANKNIFTY28APR2655500PE,1396.85,1025.0,1564.3,1025.0,785.6,244440,1453.46,1396.85,120,1400.95,120,265740
2026-04-13T10:10:37.916,NF,BANKNIFTY28APR2655500PE,1400.95,1025.0,1564.3,1025.0,785.6,244470,1453.45,1397.9,60,1400.4,330,265740
2026-04-13T10:10:44.126,NF,BANKNIFTY28APR2655500PE,1396.75,1025.0,1564.3,1025.0,785.6,244500,1453.44,1391.45,30,1395.25,150,265740
2026-04-13T10:10:46.543,NF,BANKNIFTY28APR2655500PE,1392.25,1025.0,1564.3,1025.0,785.6,244560,1453.43,1392.25,60,1395.8,30,265740
2026-04-13T10:11:27.591,NF,BANKNIFTY28APR2655500PE,1405.0,1025.0,1564.3,1025.0,785.6,244650,1453.41,1398.8,30,1403.3,120,265740
2026-04-13T10:11:31.400,NF,BANKNIFTY28APR2655500PE,1403.4,1025.0,1564.3,1025.0,785.6,244740,1453.39,1399.15,120,1403.3,150,265740
2026-04-13T10:11:38.808,NF,BANKNIFTY28APR2655500PE,1403.95,1025.0,1564.3,1025.0,785.6,244770,1453.39,1403.5,30,1406.7,150,265740
2026-04-13T10:11:46.216,NF,BANKNIFTY28APR2655500PE,1400.0,1025.0,1564.3,1025.0,785.6,244800,1453.38,1396.95,30,1400.35,120,265740
2026-04-13T10:11:49.827,NF,BANKNIFTY28APR2655500PE,1397.25,1025.0,1564.3,1025.0,785.6,244920,1453.35,1392.8,150,1396.65,30,265740
2026-04-13T10:12:01.251,NF,BANKNIFTY28APR2655500PE,1395.6,1025.0,1564.3,1025.0,785.6,244950,1453.35,1392.65,60,1396.15,30,265740
2026-04-13T10:12:03.655,NF,BANKNIFTY28APR2655500PE,1392.25,1025.0,1564.3,1025.0,785.6,244980,1453.34,1392.5,30,1396.4,270,265740
2026-04-13T10:12:08.654,NF,BANKNIFTY28APR2655500PE,1393.8,1025.0,1564.3,1025.0,785.6,245010,1453.33,1390.8,150,1395.1,120,265740
2026-04-13T10:12:11.056,NF,BANKNIFTY28APR2655500PE,1394.0,1025.0,1564.3,1025.0,785.6,245100,1453.31,1391.05,30,1394.45,630,265740
2026-04-13T10:12:22.278,NF,BANKNIFTY28APR2655500PE,1390.85,1025.0,1564.3,1025.0,785.6,245220,1453.28,1390.35,120,1394.45,120,265740
2026-04-13T10:12:28.297,NF,BANKNIFTY28APR2655500PE,1384.75,1025.0,1564.3,1025.0,785.6,245340,1453.24,1381.6,30,1384.85,60,265740
2026-04-13T10:12:29.690,NF,BANKNIFTY28APR2655500PE,1385.5,1025.0,1564.3,1025.0,785.6,245430,1453.22,1382.8,120,1387.35,30,265740
2026-04-13T10:12:49.120,NF,BANKNIFTY28APR2655500PE,1386.85,1025.0,1564.3,1025.0,785.6,245460,1453.21,1386.85,90,1391.25,750,265740
2026-04-13T10:12:52.924,NF,BANKNIFTY28APR2655500PE,1389.5,1025.0,1564.3,1025.0,785.6,245610,1453.17,1385.5,30,1388.45,30,265740
2026-04-13T10:13:00.337,NF,BANKNIFTY28APR2655500PE,1385.5,1025.0,1564.3,1025.0,785.6,245640,1453.16,1382.15,60,1385.7,120,265740
2026-04-13T10:13:02.781,NF,BANKNIFTY28APR2655500PE,1383.35,1025.0,1564.3,1025.0,785.6,245700,1453.15,1380.2,150,1385.0,30,265740
2026-04-13T10:13:08.959,NF,BANKNIFTY28APR2655500PE,1380.6,1025.0,1564.3,1025.0,785.6,245730,1453.14,1384.55,120,1388.75,90,265740
2026-04-13T10:13:16.370,NF,BANKNIFTY28APR2655500PE,1400.0,1025.0,1564.3,1025.0,785.6,245850,1453.11,1395.8,30,1399.75,150,265740
2026-04-13T10:13:30.008,NF,BANKNIFTY28APR2655500PE,1400.0,1025.0,1564.3,1025.0,785.6,245880,1453.11,1397.45,120,1401.7,150,265500
2026-04-13T10:13:42.008,NF,BANKNIFTY28APR2655500PE,1400.95,1025.0,1564.3,1025.0,785.6,245910,1453.1,1397.45,30,1401.15,240,265500
2026-04-13T10:13:48.020,NF,BANKNIFTY28APR2655500PE,1401.3,1025.0,1564.3,1025.0,785.6,245940,1453.09,1400.85,60,1407.5,60,265500
2026-04-13T10:13:54.237,NF,BANKNIFTY28APR2655500PE,1403.75,1025.0,1564.3,1025.0,785.6,246000,1453.08,1399.15,120,1403.95,660,265500
2026-04-13T10:14:01.642,NF,BANKNIFTY28APR2655500PE,1407.35,1025.0,1564.3,1025.0,785.6,246030,1453.08,1407.9,30,1412.6,150,265500
2026-04-13T10:14:03.052,NF,BANKNIFTY28APR2655500PE,1420.0,1025.0,1564.3,1025.0,785.6,246210,1453.05,1418.35,30,1421.95,30,265500
2026-04-13T10:14:04.245,NF,BANKNIFTY28APR2655500PE,1422.0,1025.0,1564.3,1025.0,785.6,246240,1453.05,1419.2,30,1424.3,120,265500
2026-04-13T10:14:10.455,NF,BANKNIFTY28APR2655500PE,1422.9,1025.0,1564.3,1025.0,785.6,246420,1453.03,1419.4,60,1424.3,120,265500
2026-04-13T10:14:12.875,NF,BANKNIFTY28APR2655500PE,1425.0,1025.0,1564.3,1025.0,785.6,246510,1453.01,1424.15,30,1428.05,30,265500
2026-04-13T10:14:19.267,NF,BANKNIFTY28APR2655500PE,1425.0,1025.0,1564.3,1025.0,785.6,246540,1453.01,1422.4,120,1430.0,30,265500
2026-04-13T10:14:25.475,NF,BANKNIFTY28APR2655500PE,1423.75,1025.0,1564.3,1025.0,785.6,246630,1453.0,1420.35,30,1424.8,30,265500
2026-04-13T10:14:27.880,NF,BANKNIFTY28APR2655500PE,1424.2,1025.0,1564.3,1025.0,785.6,246660,1453.0,1420.15,30,1423.9,60,265500
2026-04-13T10:14:34.090,NF,BANKNIFTY28APR2655500PE,1418.45,1025.0,1564.3,1025.0,785.6,246780,1452.98,1410.75,120,1417.45,30,265500
2026-04-13T10:14:35.291,NF,BANKNIFTY28APR2655500PE,1417.15,1025.0,1564.3,1025.0,785.6,246870,1452.97,1411.9,60,1416.35,30,265500
2026-04-13T10:14:36.506,NF,BANKNIFTY28APR2655500PE,1414.9,1025.0,1564.3,1025.0,785.6,246900,1452.96,1411.25,30,1415.6,120,265500
2026-04-13T10:14:37.697,NF,BANKNIFTY28APR2655500PE,1415.8,1025.0,1564.3,1025.0,785.6,246990,1452.95,1411.45,150,1415.6,60,265500
2026-04-13T10:14:38.740,NF,BANKNIFTY28APR2655500PE,1416.4,1025.0,1564.3,1025.0,785.6,247110,1452.93,1414.0,60,1418.7,120,265500
2026-04-13T10:14:42.506,NF,BANKNIFTY28APR2655500PE,1417.55,1025.0,1564.3,1025.0,785.6,247290,1452.91,1413.6,60,1418.5,120,265500
2026-04-13T10:14:54.925,NF,BANKNIFTY28APR2655500PE,1422.85,1025.0,1564.3,1025.0,785.6,247380,1452.9,1418.15,150,1423.0,60,265500
2026-04-13T10:15:03.733,NF,BANKNIFTY28APR2655500PE,1425.0,1025.0,1564.3,1025.0,785.6,247410,1452.89,1423.4,30,1427.1,120,265500
2026-04-13T10:15:08.740,NF,BANKNIFTY28APR2655500PE,1430.6,1025.0,1564.3,1025.0,785.6,247560,1452.88,1433.8,30,1438.55,120,265500
2026-04-13T10:15:11.146,NF,BANKNIFTY28APR2655500PE,1439.65,1025.0,1564.3,1025.0,785.6,247620,1452.88,1436.8,30,1439.65,150,265500
2026-04-13T10:15:12.551,NF,BANKNIFTY28APR2655500PE,1439.6,1025.0,1564.3,1025.0,785.6,247710,1452.87,1436.8,120,1439.7,570,265500
2026-04-13T10:15:13.755,NF,BANKNIFTY28APR2655500PE,1438.3,1025.0,1564.3,1025.0,785.6,247740,1452.87,1437.25,120,1440.0,150,265500
2026-04-13T10:15:16.153,NF,BANKNIFTY28APR2655500PE,1439.85,1025.0,1564.3,1025.0,785.6,247920,1452.86,1437.8,60,1439.95,30,265500
2026-04-13T10:15:17.360,NF,BANKNIFTY28APR2655500PE,1440.0,1025.0,1564.3,1025.0,785.6,248040,1452.85,1437.85,90,1440.0,180,265500
2026-04-13T10:15:18.559,NF,BANKNIFTY28APR2655500PE,1442.4,1025.0,1564.3,1025.0,785.6,248280,1452.84,1440.3,30,1444.65,120,265500
2026-04-13T10:15:19.761,NF,BANKNIFTY28APR2655500PE,1440.35,1025.0,1564.3,1025.0,785.6,248400,1452.84,1438.4,30,1442.6,120,265500
2026-04-13T10:15:23.366,NF,BANKNIFTY28APR2655500PE,1440.5,1025.0,1564.3,1025.0,785.6,248520,1452.83,1434.25,30,1440.0,60,265500
2026-04-13T10:15:24.568,NF,BANKNIFTY28APR2655500PE,1437.95,1025.0,1564.3,1025.0,785.6,248790,1452.82,1437.15,90,1441.4,30,265500
2026-04-13T10:15:29.376,NF,BANKNIFTY28APR2655500PE,1439.6,1025.0,1564.3,1025.0,785.6,248880,1452.81,1439.85,30,1442.35,30,265500
2026-04-13T10:15:33.181,NF,BANKNIFTY28APR2655500PE,1443.8,1025.0,1564.3,1025.0,785.6,249060,1452.8,1440.45,60,1443.85,60,265500
2026-04-13T10:15:34.384,NF,BANKNIFTY28APR2655500PE,1441.1,1025.0,1564.3,1025.0,785.6,249150,1452.8,1440.5,60,1442.65,120,265500
2026-04-13T10:15:35.587,NF,BANKNIFTY28APR2655500PE,1440.55,1025.0,1564.3,1025.0,785.6,249360,1452.79,1436.7,30,1442.25,120,265500
2026-04-13T10:15:38.407,NF,BANKNIFTY28APR2655500PE,1439.8,1025.0,1564.3,1025.0,785.6,249390,1452.79,1439.5,60,1443.9,150,265500
2026-04-13T10:15:39.594,NF,BANKNIFTY28APR2655500PE,1444.85,1025.0,1564.3,1025.0,785.6,249420,1452.79,1441.4,30,1444.45,150,265500
2026-04-13T10:15:40.803,NF,BANKNIFTY28APR2655500PE,1446.5,1025.0,1564.3,1025.0,785.6,249540,1452.78,1445.05,30,1448.45,120,265500
2026-04-13T10:15:42.000,NF,BANKNIFTY28APR2655500PE,1447.85,1025.0,1564.3,1025.0,785.6,249660,1452.78,1444.9,90,1447.95,30,265500
2026-04-13T10:15:43.199,NF,BANKNIFTY28APR2655500PE,1448.45,1025.0,1564.3,1025.0,785.6,249750,1452.78,1447.25,30,1449.0,30,265500
2026-04-13T10:15:45.804,NF,BANKNIFTY28APR2655500PE,1449.0,1025.0,1564.3,1025.0,785.6,249780,1452.78,1448.1,150,1450.75,750,265500
2026-04-13T10:15:47.012,NF,BANKNIFTY28APR2655500PE,1449.4,1025.0,1564.3,1025.0,785.6,250080,1452.77,1445.35,30,1449.5,180,265500
2026-04-13T10:15:48.221,NF,BANKNIFTY28APR2655500PE,1447.0,1025.0,1564.3,1025.0,785.6,250410,1452.77,1442.9,60,1447.0,570,265500
2026-04-13T10:15:49.419,NF,BANKNIFTY28APR2655500PE,1446.45,1025.0,1564.3,1025.0,785.6,250560,1452.76,1442.95,90,1445.35,60,265500
2026-04-13T10:15:50.810,NF,BANKNIFTY28APR2655500PE,1446.5,1025.0,1564.3,1025.0,785.6,250590,1452.76,1442.95,90,1446.3,60,265500
2026-04-13T10:15:52.023,NF,BANKNIFTY28APR2655500PE,1446.05,1025.0,1564.3,1025.0,785.6,250710,1452.76,1443.0,30,1447.0,120,265500
2026-04-13T10:15:54.419,NF,BANKNIFTY28APR2655500PE,1445.35,1025.0,1564.3,1025.0,785.6,250890,1452.75,1444.25,120,1449.25,30,265500
2026-04-13T10:15:58.224,NF,BANKNIFTY28APR2655500PE,1448.85,1025.0,1564.3,1025.0,785.6,251160,1452.75,1446.75,30,1450.35,30,265500
2026-04-13T10:15:59.432,NF,BANKNIFTY28APR2655500PE,1448.55,1025.0,1564.3,1025.0,785.6,251340,1452.74,1446.8,60,1448.85,30,265500
2026-04-13T10:16:00.633,NF,BANKNIFTY28APR2655500PE,1450.8,1025.0,1564.3,1025.0,785.6,251370,1452.74,1450.95,30,1454.5,150,265500
2026-04-13T10:16:02.029,NF,BANKNIFTY28APR2655500PE,1454.45,1025.0,1564.3,1025.0,785.6,251400,1452.74,1451.75,30,1454.95,60,265500
2026-04-13T10:16:03.234,NF,BANKNIFTY28APR2655500PE,1448.55,1025.0,1564.3,1025.0,785.6,251490,1452.74,1449.15,60,1453.15,30,265500
2026-04-13T10:16:07.039,NF,BANKNIFTY28APR2655500PE,1446.95,1025.0,1564.3,1025.0,785.6,251670,1452.74,1446.05,30,1448.8,120,265500
2026-04-13T10:16:08.252,NF,BANKNIFTY28APR2655500PE,1449.95,1025.0,1564.3,1025.0,785.6,251820,1452.74,1445.3,30,1449.55,120,265500
2026-04-13T10:16:09.445,NF,BANKNIFTY28APR2655500PE,1446.1,1025.0,1564.3,1025.0,785.6,251850,1452.74,1445.55,60,1450.9,120,265500
2026-04-13T10:16:10.648,NF,BANKNIFTY28APR2655500PE,1447.4,1025.0,1564.3,1025.0,785.6,251940,1452.73,1445.55,60,1451.4,120,265500
2026-04-13T10:16:12.047,NF,BANKNIFTY28APR2655500PE,1446.85,1025.0,1564.3,1025.0,785.6,251970,1452.73,1446.95,180,1451.45,30,265500
2026-04-13T10:16:13.251,NF,BANKNIFTY28APR2655500PE,1451.95,1025.0,1564.3,1025.0,785.6,252150,1452.73,1446.95,210,1451.0,600,265500
2026-04-13T10:16:15.657,NF,BANKNIFTY28APR2655500PE,1449.15,1025.0,1564.3,1025.0,785.6,252180,1452.73,1440.5,150,1445.35,30,265500
2026-04-13T10:16:17.056,NF,BANKNIFTY28APR2655500PE,1441.55,1025.0,1564.3,1025.0,785.6,252210,1452.73,1439.8,30,1441.6,90,265500
2026-04-13T10:16:18.263,NF,BANKNIFTY28APR2655500PE,1439.6,1025.0,1564.3,1025.0,785.6,252270,1452.72,1424.15,150,1433.35,120,265500
2026-04-13T10:16:19.468,NF,BANKNIFTY28APR2655500PE,1431.85,1025.0,1564.3,1025.0,785.6,252480,1452.71,1429.55,30,1435.2,120,265500
2026-04-13T10:16:22.071,NF,BANKNIFTY28APR2655500PE,1436.15,1025.0,1564.3,1025.0,785.6,252570,1452.7,1433.9,30,1438.55,120,265500
2026-04-13T10:16:23.297,NF,BANKNIFTY28APR2655500PE,1437.95,1025.0,1564.3,1025.0,785.6,252600,1452.7,1438.1,30,1442.9,120,265500
2026-04-13T10:16:25.688,NF,BANKNIFTY28APR2655500PE,1441.7,1025.0,1564.3,1025.0,785.6,252720,1452.7,1435.9,30,1440.45,120,265500
2026-04-13T10:16:26.876,NF,BANKNIFTY28APR2655500PE,1441.65,1025.0,1564.3,1025.0,785.6,252840,1452.69,1437.0,60,1441.2,30,265500
2026-04-13T10:16:37.907,NF,BANKNIFTY28APR2655500PE,1434.25,1025.0,1564.3,1025.0,785.6,252870,1452.69,1436.5,90,1441.05,60,262200
2026-04-13T10:16:42.912,NF,BANKNIFTY28APR2655500PE,1441.05,1025.0,1564.3,1025.0,785.6,252900,1452.69,1439.05,30,1443.4,150,262200
2026-04-13T10:16:56.550,NF,BANKNIFTY28APR2655500PE,1449.85,1025.0,1564.3,1025.0,785.6,252930,1452.69,1445.8,30,1449.75,30,262200
2026-04-13T10:16:57.931,NF,BANKNIFTY28APR2655500PE,1449.85,1025.0,1564.3,1025.0,785.6,252960,1452.69,1445.7,30,1449.3,120,262200
2026-04-13T10:17:06.543,NF,BANKNIFTY28APR2655500PE,1450.4,1025.0,1564.3,1025.0,785.6,253080,1452.69,1448.2,30,1452.05,120,262200
2026-04-13T10:17:11.547,NF,BANKNIFTY28APR2655500PE,1451.05,1025.0,1564.3,1025.0,785.6,253140,1452.69,1448.05,30,1451.65,30,262200
2026-04-13T10:17:12.749,NF,BANKNIFTY28APR2655500PE,1452.1,1025.0,1564.3,1025.0,785.6,253440,1452.68,1449.75,30,1453.3,120,262200
2026-04-13T10:17:17.556,NF,BANKNIFTY28APR2655500PE,1450.25,1025.0,1564.3,1025.0,785.6,253560,1452.68,1448.25,90,1452.65,630,262200
2026-04-13T10:17:18.759,NF,BANKNIFTY28APR2655500PE,1452.45,1025.0,1564.3,1025.0,785.6,253590,1452.68,1447.45,90,1452.05,30,262200
2026-04-13T10:17:21.369,NF,BANKNIFTY28APR2655500PE,1452.9,1025.0,1564.3,1025.0,785.6,253620,1452.68,1448.65,150,1452.65,30,262200
2026-04-13T10:17:22.563,NF,BANKNIFTY28APR2655500PE,1452.65,1025.0,1564.3,1025.0,785.6,253650,1452.68,1448.75,30,1452.8,60,262200
2026-04-13T10:17:27.396,NF,BANKNIFTY28APR2655500PE,1453.95,1025.0,1564.3,1025.0,785.6,253680,1452.68,1449.15,120,1454.1,60,262200
2026-04-13T10:17:31.182,NF,BANKNIFTY28APR2655500PE,1450.35,1025.0,1564.3,1025.0,785.6,254010,1452.68,1447.35,150,1452.55,90,262200
2026-04-13T10:17:37.186,NF,BANKNIFTY28APR2655500PE,1450.35,1025.0,1564.3,1025.0,785.6,254160,1452.68,1448.6,90,1453.7,60,262200
2026-04-13T10:17:48.230,NF,BANKNIFTY28APR2655500PE,1447.35,1025.0,1564.3,1025.0,785.6,254190,1452.68,1442.6,60,1447.75,60,262200
2026-04-13T10:17:52.005,NF,BANKNIFTY28APR2655500PE,1450.2,1025.0,1564.3,1025.0,785.6,254310,1452.68,1446.2,30,1450.2,90,262200
2026-04-13T10:17:55.611,NF,BANKNIFTY28APR2655500PE,1452.4,1025.0,1564.3,1025.0,785.6,254430,1452.68,1447.15,60,1451.25,600,262200
2026-04-13T10:17:56.812,NF,BANKNIFTY28APR2655500PE,1446.05,1025.0,1564.3,1025.0,785.6,254460,1452.68,1446.3,60,1451.25,630,262200
2026-04-13T10:18:05.242,NF,BANKNIFTY28APR2655500PE,1444.05,1025.0,1564.3,1025.0,785.6,254490,1452.67,1440.0,30,1443.9,60,262200
2026-04-13T10:18:06.643,NF,BANKNIFTY28APR2655500PE,1440.0,1025.0,1564.3,1025.0,785.6,254520,1452.67,1436.15,60,1441.75,90,262200
2026-04-13T10:18:07.842,NF,BANKNIFTY28APR2655500PE,1438.65,1025.0,1564.3,1025.0,785.6,254550,1452.67,1434.0,60,1438.4,60,262200
2026-04-13T10:18:11.644,NF,BANKNIFTY28APR2655500PE,1431.0,1025.0,1564.3,1025.0,785.6,254610,1452.67,1429.8,60,1434.35,30,262200
2026-04-13T10:18:14.036,NF,BANKNIFTY28APR2655500PE,1429.25,1025.0,1564.3,1025.0,785.6,254640,1452.66,1427.4,60,1432.65,120,262200
2026-04-13T10:18:15.246,NF,BANKNIFTY28APR2655500PE,1433.95,1025.0,1564.3,1025.0,785.6,254760,1452.65,1426.75,60,1432.15,180,262200
2026-04-13T10:18:16.640,NF,BANKNIFTY28APR2655500PE,1431.4,1025.0,1564.3,1025.0,785.6,254850,1452.65,1423.7,30,1429.45,120,262200
2026-04-13T10:18:24.056,NF,BANKNIFTY28APR2655500PE,1424.8,1025.0,1564.3,1025.0,785.6,255060,1452.62,1420.0,30,1423.6,720,262200
2026-04-13T10:18:25.257,NF,BANKNIFTY28APR2655500PE,1419.9,1025.0,1564.3,1025.0,785.6,255150,1452.61,1419.35,30,1423.55,630,262200
2026-04-13T10:18:26.459,NF,BANKNIFTY28APR2655500PE,1423.55,1025.0,1564.3,1025.0,785.6,255180,1452.61,1422.8,30,1427.4,60,262200
2026-04-13T10:18:49.709,NF,BANKNIFTY28APR2655500PE,1424.25,1025.0,1564.3,1025.0,785.6,255300,1452.59,1420.2,30,1425.5,90,262200
2026-04-13T10:18:50.901,NF,BANKNIFTY28APR2655500PE,1424.75,1025.0,1564.3,1025.0,785.6,255420,1452.58,1420.55,120,1426.05,60,262200
2026-04-13T10:19:00.716,NF,BANKNIFTY28APR2655500PE,1419.0,1025.0,1564.3,1025.0,785.6,255510,1452.57,1414.4,120,1420.3,30,262200
2026-04-13T10:19:05.726,NF,BANKNIFTY28APR2655500PE,1415.55,1025.0,1564.3,1025.0,785.6,255540,1452.57,1410.25,60,1415.15,60,262200
2026-04-13T10:19:10.740,NF,BANKNIFTY28APR2655500PE,1415.1,1025.0,1564.3,1025.0,785.6,255570,1452.56,1410.7,60,1415.1,570,262200
2026-04-13T10:19:15.739,NF,BANKNIFTY28APR2655500PE,1414.65,1025.0,1564.3,1025.0,785.6,255600,1452.56,1410.05,90,1414.95,120,262200
2026-04-13T10:19:24.155,NF,BANKNIFTY28APR2655500PE,1413.0,1025.0,1564.3,1025.0,785.6,255660,1452.55,1408.25,120,1413.3,120,262200
2026-04-13T10:19:25.360,NF,BANKNIFTY28APR2655500PE,1413.8,1025.0,1564.3,1025.0,785.6,255690,1452.54,1408.7,150,1413.4,90,262200
2026-04-13T10:19:34.972,NF,BANKNIFTY28APR2655500PE,1413.7,1025.0,1564.3,1025.0,785.6,255720,1452.54,1408.4,180,1413.45,60,261000
2026-04-13T10:19:37.383,NF,BANKNIFTY28APR2655500PE,1409.95,1025.0,1564.3,1025.0,785.6,255750,1452.53,1404.3,150,1409.8,90,261000
2026-04-13T10:19:42.383,NF,BANKNIFTY28APR2655500PE,1406.65,1025.0,1564.3,1025.0,785.6,255930,1452.5,1406.15,30,1410.7,120,261000
2026-04-13T10:19:44.788,NF,BANKNIFTY28APR2655500PE,1408.2,1025.0,1564.3,1025.0,785.6,255960,1452.5,1401.05,30,1405.1,60,261000
2026-04-13T10:19:47.191,NF,BANKNIFTY28APR2655500PE,1403.95,1025.0,1564.3,1025.0,785.6,256170,1452.46,1401.0,90,1403.6,90,261000
2026-04-13T10:19:49.595,NF,BANKNIFTY28APR2655500PE,1402.75,1025.0,1564.3,1025.0,785.6,256320,1452.43,1392.7,150,1398.5,90,261000
2026-04-13T10:19:50.800,NF,BANKNIFTY28APR2655500PE,1396.75,1025.0,1564.3,1025.0,785.6,256350,1452.42,1391.15,150,1396.7,90,261000
2026-04-13T10:19:55.806,NF,BANKNIFTY28APR2655500PE,1393.6,1025.0,1564.3,1025.0,785.6,256380,1452.41,1390.65,30,1395.25,120,261000
2026-04-13T10:20:03.416,NF,BANKNIFTY28APR2655500PE,1395.65,1025.0,1564.3,1025.0,785.6,256410,1452.41,1395.7,120,1400.95,30,261000
2026-04-13T10:20:08.424,NF,BANKNIFTY28APR2655500PE,1390.55,1025.0,1564.3,1025.0,785.6,256710,1452.33,1391.95,30,1396.85,120,261000
2026-04-13T10:20:18.242,NF,BANKNIFTY28APR2655500PE,1395.55,1025.0,1564.3,1025.0,785.6,256740,1452.33,1394.45,90,1399.8,30,261000
2026-04-13T10:20:27.852,NF,BANKNIFTY28APR2655500PE,1396.7,1025.0,1564.3,1025.0,785.6,256770,1452.32,1392.6,30,1395.85,120,261000
2026-04-13T10:20:32.662,NF,BANKNIFTY28APR2655500PE,1381.75,1025.0,1564.3,1025.0,785.6,256860,1452.3,1380.7,30,1385.65,150,261000
2026-04-13T10:20:36.470,NF,BANKNIFTY28APR2655500PE,1380.0,1025.0,1564.3,1025.0,785.6,256950,1452.27,1376.4,30,1379.85,30,261000
2026-04-13T10:20:37.667,NF,BANKNIFTY28APR2655500PE,1375.45,1025.0,1564.3,1025.0,785.6,257010,1452.25,1373.7,120,1378.55,60,261000
2026-04-13T10:20:38.874,NF,BANKNIFTY28APR2655500PE,1373.4,1025.0,1564.3,1025.0,785.6,257250,1452.18,1365.7,90,1370.7,30,261000
2026-04-13T10:20:40.098,NF,BANKNIFTY28APR2655500PE,1373.45,1025.0,1564.3,1025.0,785.6,257490,1452.1,1371.9,30,1376.75,150,261000
2026-04-13T10:20:41.487,NF,BANKNIFTY28APR2655500PE,1370.15,1025.0,1564.3,1025.0,785.6,257550,1452.09,1371.9,120,1374.3,60,261000
2026-04-13T10:20:43.892,NF,BANKNIFTY28APR2655500PE,1374.3,1025.0,1564.3,1025.0,785.6,258000,1451.95,1372.0,60,1374.3,60,261000
2026-04-13T10:20:45.079,NF,BANKNIFTY28APR2655500PE,1378.9,1025.0,1564.3,1025.0,785.6,258120,1451.91,1377.9,30,1381.95,30,261000
2026-04-13T10:20:46.479,NF,BANKNIFTY28APR2655500PE,1379.0,1025.0,1564.3,1025.0,785.6,258150,1451.9,1375.7,30,1380.25,120,261000
2026-04-13T10:20:47.685,NF,BANKNIFTY28APR2655500PE,1378.65,1025.0,1564.3,1025.0,785.6,258450,1451.82,1374.8,60,1378.8,720,261000
2026-04-13T10:20:50.090,NF,BANKNIFTY28APR2655500PE,1373.95,1025.0,1564.3,1025.0,785.6,258540,1451.79,1372.5,30,1377.2,120,261000
2026-04-13T10:20:51.486,NF,BANKNIFTY28APR2655500PE,1376.9,1025.0,1564.3,1025.0,785.6,258570,1451.78,1368.15,30,1374.55,30,261000
2026-04-13T10:20:52.691,NF,BANKNIFTY28APR2655500PE,1373.9,1025.0,1564.3,1025.0,785.6,258600,1451.77,1368.95,60,1373.75,90,261000
2026-04-13T10:20:56.498,NF,BANKNIFTY28APR2655500PE,1369.05,1025.0,1564.3,1025.0,785.6,258720,1451.74,1364.65,60,1369.2,120,261000
2026-04-13T10:20:58.903,NF,BANKNIFTY28APR2655500PE,1364.8,1025.0,1564.3,1025.0,785.6,258900,1451.68,1363.6,150,1368.8,90,261000
2026-04-13T10:21:00.104,NF,BANKNIFTY28APR2655500PE,1362.5,1025.0,1564.3,1025.0,785.6,259020,1451.63,1358.6,150,1363.45,30,261000
2026-04-13T10:21:01.503,NF,BANKNIFTY28APR2655500PE,1359.0,1025.0,1564.3,1025.0,785.6,259080,1451.61,1353.9,120,1358.75,240,261000
2026-04-13T10:21:03.914,NF,BANKNIFTY28APR2655500PE,1359.95,1025.0,1564.3,1025.0,785.6,259110,1451.6,1358.4,60,1363.5,150,261000
2026-04-13T10:21:05.113,NF,BANKNIFTY28APR2655500PE,1363.75,1025.0,1564.3,1025.0,785.6,259140,1451.59,1358.75,120,1363.25,90,261000
2026-04-13T10:21:08.919,NF,BANKNIFTY28APR2655500PE,1361.0,1025.0,1564.3,1025.0,785.6,259170,1451.58,1357.4,120,1361.0,30,261000
2026-04-13T10:21:11.522,NF,BANKNIFTY28APR2655500PE,1355.35,1025.0,1564.3,1025.0,785.6,259320,1451.53,1355.4,30,1359.05,210,261000
2026-04-13T10:21:12.726,NF,BANKNIFTY28APR2655500PE,1355.7,1025.0,1564.3,1025.0,785.6,259350,1451.51,1351.25,120,1356.3,120,261000
2026-04-13T10:21:13.937,NF,BANKNIFTY28APR2655500PE,1351.15,1025.0,1564.3,1025.0,785.6,259470,1451.47,1351.4,60,1356.15,120,261000
2026-04-13T10:21:15.130,NF,BANKNIFTY28APR2655500PE,1350.4,1025.0,1564.3,1025.0,785.6,259530,1451.44,1349.4,60,1354.55,120,261000
2026-04-13T10:21:16.529,NF,BANKNIFTY28APR2655500PE,1352.2,1025.0,1564.3,1025.0,785.6,259650,1451.4,1351.9,90,1356.5,180,261000
2026-04-13T10:21:25.145,NF,BANKNIFTY28APR2655500PE,1359.05,1025.0,1564.3,1025.0,785.6,259980,1451.28,1352.8,60,1357.35,90,261000
2026-04-13T10:21:27.750,NF,BANKNIFTY28APR2655500PE,1354.2,1025.0,1564.3,1025.0,785.6,260100,1451.24,1352.1,90,1355.05,60,261000
2026-04-13T10:21:30.154,NF,BANKNIFTY28APR2655500PE,1350.0,1025.0,1564.3,1025.0,785.6,260190,1451.2,1348.35,120,1353.0,30,261000
2026-04-13T10:21:32.559,NF,BANKNIFTY28APR2655500PE,1348.2,1025.0,1564.3,1025.0,785.6,260250,1451.18,1348.15,120,1352.7,150,261000
2026-04-13T10:21:33.959,NF,BANKNIFTY28APR2655500PE,1348.4,1025.0,1564.3,1025.0,785.6,260400,1451.12,1339.6,60,1347.5,120,261000
2026-04-13T10:21:35.169,NF,BANKNIFTY28APR2655500PE,1339.0,1025.0,1564.3,1025.0,785.6,260550,1451.05,1335.55,120,1338.95,60,261000
2026-04-13T10:21:36.374,NF,BANKNIFTY28APR2655500PE,1339.0,1025.0,1564.3,1025.0,785.6,260640,1451.02,1343.5,60,1349.1,30,261000
2026-04-13T10:21:37.568,NF,BANKNIFTY28APR2655500PE,1343.5,1025.0,1564.3,1025.0,785.6,260730,1450.98,1346.85,60,1350.45,60,261000
2026-04-13T10:21:38.768,NF,BANKNIFTY28APR2655500PE,1348.45,1025.0,1564.3,1025.0,785.6,260820,1450.94,1347.85,30,1352.45,30,261000
2026-04-13T10:21:40.168,NF,BANKNIFTY28APR2655500PE,1348.85,1025.0,1564.3,1025.0,785.6,260910,1450.91,1348.9,30,1354.05,120,261000
2026-04-13T10:21:42.575,NF,BANKNIFTY28APR2655500PE,1346.25,1025.0,1564.3,1025.0,785.6,261000,1450.87,1345.2,60,1349.3,150,261000
2026-04-13T10:21:47.582,NF,BANKNIFTY28APR2655500PE,1341.05,1025.0,1564.3,1025.0,785.6,261060,1450.85,1341.1,30,1346.65,30,261000
2026-04-13T10:21:49.988,NF,BANKNIFTY28APR2655500PE,1346.7,1025.0,1564.3,1025.0,785.6,261120,1450.82,1345.8,30,1349.65,150,261000
2026-04-13T10:21:56.417,NF,BANKNIFTY28APR2655500PE,1352.0,1025.0,1564.3,1025.0,785.6,261150,1450.81,1352.0,30,1356.75,150,261000
2026-04-13T10:22:01.437,NF,BANKNIFTY28APR2655500PE,1344.85,1025.0,1564.3,1025.0,785.6,261210,1450.79,1342.85,90,1345.25,210,261000
2026-04-13T10:22:05.014,NF,BANKNIFTY28APR2655500PE,1343.7,1025.0,1564.3,1025.0,785.6,261330,1450.74,1340.9,60,1343.75,180,261000
2026-04-13T10:22:06.424,NF,BANKNIFTY28APR2655500PE,1343.65,1025.0,1564.3,1025.0,785.6,261360,1450.72,1339.5,180,1343.65,180,261000
2026-04-13T10:22:10.020,NF,BANKNIFTY28APR2655500PE,1341.6,1025.0,1564.3,1025.0,785.6,261510,1450.66,1340.7,120,1344.0,30,261000
2026-04-13T10:22:11.230,NF,BANKNIFTY28APR2655500PE,1344.0,1025.0,1564.3,1025.0,785.6,261540,1450.65,1341.4,60,1346.1,30,261000
2026-04-13T10:22:15.029,NF,BANKNIFTY28APR2655500PE,1339.0,1025.0,1564.3,1025.0,785.6,261630,1450.61,1340.9,150,1345.45,120,261000
2026-04-13T10:22:24.844,NF,BANKNIFTY28APR2655500PE,1338.25,1025.0,1564.3,1025.0,785.6,261810,1450.53,1338.85,60,1342.7,120,261000
2026-04-13T10:22:27.247,NF,BANKNIFTY28APR2655500PE,1350.3,1025.0,1564.3,1025.0,785.6,261930,1450.49,1342.85,30,1348.1,30,261000
2026-04-13T10:22:31.142,NF,BANKNIFTY28APR2655500PE,1347.2,1025.0,1564.3,1025.0,785.6,261960,1450.47,1342.0,60,1346.6,150,261000
2026-04-13T10:22:34.858,NF,BANKNIFTY28APR2655500PE,1342.9,1025.0,1564.3,1025.0,785.6,261990,1450.46,1338.45,30,1343.95,120,259200
2026-04-13T10:22:36.068,NF,BANKNIFTY28APR2655500PE,1335.0,1025.0,1564.3,1025.0,785.6,262080,1450.42,1333.45,120,1338.35,60,259200
2026-04-13T10:22:37.265,NF,BANKNIFTY28APR2655500PE,1339.1,1025.0,1564.3,1025.0,785.6,262200,1450.37,1335.6,150,1340.75,120,259200
2026-04-13T10:22:40.871,NF,BANKNIFTY28APR2655500PE,1338.55,1025.0,1564.3,1025.0,785.6,262230,1450.36,1334.05,120,1338.4,180,259200
2026-04-13T10:22:44.678,NF,BANKNIFTY28APR2655500PE,1338.95,1025.0,1564.3,1025.0,785.6,262260,1450.35,1334.8,150,1339.8,90,259200
2026-04-13T10:22:45.879,NF,BANKNIFTY28APR2655500PE,1334.1,1025.0,1564.3,1025.0,785.6,262290,1450.33,1333.85,150,1338.5,120,259200
2026-04-13T10:22:50.889,NF,BANKNIFTY28APR2655500PE,1334.25,1025.0,1564.3,1025.0,785.6,262320,1450.32,1330.05,30,1333.05,120,259200
2026-04-13T10:22:53.489,NF,BANKNIFTY28APR2655500PE,1330.0,1025.0,1564.3,1025.0,785.6,262440,1450.26,1329.0,60,1333.4,240,259200
2026-04-13T10:23:20.728,NF,BANKNIFTY28APR2655500PE,1353.6,1025.0,1564.3,1025.0,785.6,262500,1450.24,1349.3,30,1353.6,420,259200
2026-04-13T10:23:26.740,NF,BANKNIFTY28APR2655500PE,1349.2,1025.0,1564.3,1025.0,785.6,262530,1450.23,1344.5,90,1349.9,60,259200
2026-04-13T10:23:27.944,NF,BANKNIFTY28APR2655500PE,1349.5,1025.0,1564.3,1025.0,785.6,262560,1450.22,1344.9,150,1349.35,630,259200
2026-04-13T10:23:31.553,NF,BANKNIFTY28APR2655500PE,1350.3,1025.0,1564.3,1025.0,785.6,262590,1450.21,1346.05,60,1350.3,120,259200
2026-04-13T10:23:33.953,NF,BANKNIFTY28APR2655500PE,1353.15,1025.0,1564.3,1025.0,785.6,262650,1450.19,1349.65,30,1353.8,120,259200
2026-04-13T10:23:55.587,NF,BANKNIFTY28APR2655500PE,1347.65,1025.0,1564.3,1025.0,785.6,262770,1450.14,1339.45,30,1344.4,30,259200
2026-04-13T10:23:59.203,NF,BANKNIFTY28APR2655500PE,1343.0,1025.0,1564.3,1025.0,785.6,262860,1450.1,1342.15,30,1345.05,150,259200
2026-04-13T10:24:00.593,NF,BANKNIFTY28APR2655500PE,1343.4,1025.0,1564.3,1025.0,785.6,263070,1450.02,1338.9,30,1343.4,60,259200
2026-04-13T10:24:01.616,NF,BANKNIFTY28APR2655500PE,1343.85,1025.0,1564.3,1025.0,785.6,264330,1449.51,1340.75,60,1346.2,150,259200
2026-04-13T10:24:02.808,NF,BANKNIFTY28APR2655500PE,1345.75,1025.0,1564.3,1025.0,785.6,265380,1449.1,1341.05,30,1346.35,30,259200
2026-04-13T10:24:04.032,NF,BANKNIFTY28APR2655500PE,1346.3,1025.0,1564.3,1025.0,785.6,266280,1448.75,1341.75,90,1346.2,60,259200
2026-04-13T10:24:11.620,NF,BANKNIFTY28APR2655500PE,1343.3,1025.0,1564.3,1025.0,785.6,266430,1448.69,1338.65,150,1343.45,630,259200
2026-04-13T10:24:15.233,NF,BANKNIFTY28APR2655500PE,1344.6,1025.0,1564.3,1025.0,785.6,266790,1448.55,1338.65,30,1343.45,150,259200
2026-04-13T10:24:16.424,NF,BANKNIFTY28APR2655500PE,1337.45,1025.0,1564.3,1025.0,785.6,267600,1448.22,1330.8,30,1339.2,90,259200
2026-04-13T10:24:17.625,NF,BANKNIFTY28APR2655500PE,1333.8,1025.0,1564.3,1025.0,785.6,267720,1448.17,1330.05,90,1334.55,30,259200
2026-04-13T10:24:20.237,NF,BANKNIFTY28APR2655500PE,1332.75,1025.0,1564.3,1025.0,785.6,267870,1448.1,1330.0,60,1333.6,180,259200
2026-04-13T10:24:21.442,NF,BANKNIFTY28APR2655500PE,1333.1,1025.0,1564.3,1025.0,785.6,267960,1448.06,1330.0,30,1333.3,210,259200
2026-04-13T10:24:22.633,NF,BANKNIFTY28APR2655500PE,1332.85,1025.0,1564.3,1025.0,785.6,268110,1448.0,1330.0,30,1333.1,120,259200
2026-04-13T10:24:24.029,NF,BANKNIFTY28APR2655500PE,1332.8,1025.0,1564.3,1025.0,785.6,268170,1447.97,1330.0,30,1333.25,120,259200
2026-04-13T10:24:26.435,NF,BANKNIFTY28APR2655500PE,1333.8,1025.0,1564.3,1025.0,785.6,268560,1447.81,1330.05,120,1334.5,120,259200
2026-04-13T10:24:27.638,NF,BANKNIFTY28APR2655500PE,1335.75,1025.0,1564.3,1025.0,785.6,269070,1447.59,1331.15,150,1335.55,270,259200
2026-04-13T10:24:30.056,NF,BANKNIFTY28APR2655500PE,1331.5,1025.0,1564.3,1025.0,785.6,269130,1447.57,1331.3,30,1335.1,630,259200
2026-04-13T10:24:35.050,NF,BANKNIFTY28APR2655500PE,1335.95,1025.0,1564.3,1025.0,785.6,269370,1447.47,1337.6,120,1342.2,90,259200
2026-04-13T10:24:36.253,NF,BANKNIFTY28APR2655500PE,1344.8,1025.0,1564.3,1025.0,785.6,272070,1446.44,1342.3,30,1347.7,30,259200
2026-04-13T10:24:37.459,NF,BANKNIFTY28APR2655500PE,1349.5,1025.0,1564.3,1025.0,785.6,272880,1446.14,1344.9,120,1349.5,30,259200
2026-04-13T10:24:38.470,NF,BANKNIFTY28APR2655500PE,1349.7,1025.0,1564.3,1025.0,785.6,273030,1446.09,1348.65,30,1352.75,30,259200
2026-04-13T10:24:41.066,NF,BANKNIFTY28APR2655500PE,1353.0,1025.0,1564.3,1025.0,785.6,273090,1446.07,1345.9,150,1351.25,90,259200
2026-04-13T10:24:42.261,NF,BANKNIFTY28APR2655500PE,1348.8,1025.0,1564.3,1025.0,785.6,273450,1445.94,1341.9,120,1347.25,30,259200
2026-04-13T10:24:43.466,NF,BANKNIFTY28APR2655500PE,1349.75,1025.0,1564.3,1025.0,785.6,273690,1445.86,1345.25,30,1350.55,60,259200
2026-04-13T10:24:44.670,NF,BANKNIFTY28APR2655500PE,1351.4,1025.0,1564.3,1025.0,785.6,274170,1445.69,1346.3,120,1351.1,60,259200
2026-04-13T10:24:46.067,NF,BANKNIFTY28APR2655500PE,1346.65,1025.0,1564.3,1025.0,785.6,274410,1445.6,1341.55,30,1347.2,60,259200
2026-04-13T10:24:52.279,NF,BANKNIFTY28APR2655500PE,1345.55,1025.0,1564.3,1025.0,785.6,274530,1445.56,1346.65,150,1351.6,60,259200
2026-04-13T10:25:05.899,NF,BANKNIFTY28APR2655500PE,1342.25,1025.0,1564.3,1025.0,785.6,274560,1445.55,1337.45,180,1342.6,30,259200
2026-04-13T10:25:08.503,NF,BANKNIFTY28APR2655500PE,1340.25,1025.0,1564.3,1025.0,785.6,274680,1445.5,1335.85,120,1340.2,60,259200
2026-04-13T10:25:09.704,NF,BANKNIFTY28APR2655500PE,1341.6,1025.0,1564.3,1025.0,785.6,274830,1445.45,1340.7,120,1345.85,150,259200
2026-04-13T10:25:13.508,NF,BANKNIFTY28APR2655500PE,1339.8,1025.0,1564.3,1025.0,785.6,274860,1445.43,1336.95,30,1341.4,60,259200
2026-04-13T10:25:17.131,NF,BANKNIFTY28APR2655500PE,1340.0,1025.0,1564.3,1025.0,785.6,274890,1445.42,1339.8,30,1343.25,60,259200
2026-04-13T10:25:23.527,NF,BANKNIFTY28APR2655500PE,1344.6,1025.0,1564.3,1025.0,785.6,274950,1445.4,1343.15,30,1347.55,90,259200
2026-04-13T10:25:24.727,NF,BANKNIFTY28APR2655500PE,1344.6,1025.0,1564.3,1025.0,785.6,274980,1445.39,1343.7,30,1348.45,90,259200
2026-04-13T10:25:27.130,NF,BANKNIFTY28APR2655500PE,1344.75,1025.0,1564.3,1025.0,785.6,275070,1445.36,1344.4,30,1348.2,120,259200
2026-04-13T10:25:34.160,NF,BANKNIFTY28APR2655500PE,1342.3,1025.0,1564.3,1025.0,785.6,275100,1445.35,1342.0,150,1346.3,60,256350
2026-04-13T10:25:36.562,NF,BANKNIFTY28APR2655500PE,1341.4,1025.0,1564.3,1025.0,785.6,275160,1445.32,1342.35,150,1345.85,600,256350
2026-04-13T10:25:40.354,NF,BANKNIFTY28APR2655500PE,1340.0,1025.0,1564.3,1025.0,785.6,275220,1445.3,1336.6,120,1341.95,30,256350
2026-04-13T10:25:42.955,NF,BANKNIFTY28APR2655500PE,1338.9,1025.0,1564.3,1025.0,785.6,275250,1445.29,1339.6,30,1343.1,60,256350
2026-04-13T10:25:44.161,NF,BANKNIFTY28APR2655500PE,1339.6,1025.0,1564.3,1025.0,785.6,275280,1445.28,1340.15,120,1344.6,30,256350
2026-04-13T10:25:49.164,NF,BANKNIFTY28APR2655500PE,1339.9,1025.0,1564.3,1025.0,785.6,275340,1445.25,1332.75,180,1336.9,630,256350
2026-04-13T10:25:50.376,NF,BANKNIFTY28APR2655500PE,1336.15,1025.0,1564.3,1025.0,785.6,275370,1445.24,1336.0,150,1339.75,30,256350
2026-04-13T10:25:57.795,NF,BANKNIFTY28APR2655500PE,1337.15,1025.0,1564.3,1025.0,785.6,275400,1445.23,1335.5,150,1339.4,30,256350
2026-04-13T10:26:01.403,NF,BANKNIFTY28APR2655500PE,1338.55,1025.0,1564.3,1025.0,785.6,275430,1445.22,1334.4,150,1340.0,30,256350
2026-04-13T10:26:08.603,NF,BANKNIFTY28APR2655500PE,1342.0,1025.0,1564.3,1025.0,785.6,275460,1445.21,1340.65,120,1345.3,90,256350
2026-04-13T10:26:12.400,NF,BANKNIFTY28APR2655500PE,1341.65,1025.0,1564.3,1025.0,785.6,275490,1445.2,1340.6,150,1345.1,60,256350
2026-04-13T10:26:27.831,NF,BANKNIFTY28APR2655500PE,1342.85,1025.0,1564.3,1025.0,785.6,275520,1445.19,1341.05,120,1344.6,30,256350
2026-04-13T10:26:39.439,NF,BANKNIFTY28APR2655500PE,1334.95,1025.0,1564.3,1025.0,785.6,275610,1445.15,1335.15,30,1339.75,120,256350
2026-04-13T10:26:46.851,NF,BANKNIFTY28APR2655500PE,1331.8,1025.0,1564.3,1025.0,785.6,275670,1445.13,1331.95,210,1336.15,60,256350
2026-04-13T10:26:47.878,NF,BANKNIFTY28APR2655500PE,1330.0,1025.0,1564.3,1025.0,785.6,275730,1445.1,1328.25,30,1332.75,30,256350
2026-04-13T10:26:49.055,NF,BANKNIFTY28APR2655500PE,1333.8,1025.0,1564.3,1025.0,785.6,275760,1445.09,1332.75,60,1334.35,90,256350
2026-04-13T10:26:50.455,NF,BANKNIFTY28APR2655500PE,1329.7,1025.0,1564.3,1025.0,785.6,275880,1445.04,1328.85,150,1333.3,630,256350
2026-04-13T10:26:55.463,NF,BANKNIFTY28APR2655500PE,1328.4,1025.0,1564.3,1025.0,785.6,275940,1445.01,1323.6,150,1327.75,30,256350
2026-04-13T10:26:57.880,NF,BANKNIFTY28APR2655500PE,1320.0,1025.0,1564.3,1025.0,785.6,276000,1444.99,1316.85,180,1321.6,120,256350
2026-04-13T10:27:01.684,NF,BANKNIFTY28APR2655500PE,1311.0,1025.0,1564.3,1025.0,785.6,276030,1444.97,1307.7,150,1312.8,30,256350
2026-04-13T10:27:02.880,NF,BANKNIFTY28APR2655500PE,1312.25,1025.0,1564.3,1025.0,785.6,276150,1444.91,1307.7,120,1312.8,120,256350
2026-04-13T10:27:04.112,NF,BANKNIFTY28APR2655500PE,1306.85,1025.0,1564.3,1025.0,785.6,276420,1444.78,1307.3,30,1311.85,630,256350
2026-04-13T10:27:05.315,NF,BANKNIFTY28APR2655500PE,1305.75,1025.0,1564.3,1025.0,785.6,279270,1443.31,1300.15,120,1305.45,30,256350
2026-04-13T10:27:06.695,NF,BANKNIFTY28APR2655500PE,1300.0,1025.0,1564.3,1025.0,785.6,279600,1443.15,1298.6,120,1303.7,120,256350
2026-04-13T10:27:07.884,NF,BANKNIFTY28APR2655500PE,1298.85,1025.0,1564.3,1025.0,785.6,279630,1443.13,1298.3,60,1303.35,600,256350
2026-04-13T10:27:09.096,NF,BANKNIFTY28APR2655500PE,1298.55,1025.0,1564.3,1025.0,785.6,279690,1443.1,1299.4,60,1304.0,120,256350
2026-04-13T10:27:10.288,NF,BANKNIFTY28APR2655500PE,1301.45,1025.0,1564.3,1025.0,785.6,279810,1443.04,1297.6,60,1302.25,150,256350
2026-04-13T10:27:11.700,NF,BANKNIFTY28APR2655500PE,1301.75,1025.0,1564.3,1025.0,785.6,280230,1442.82,1297.0,120,1302.15,60,256350
2026-04-13T10:27:12.893,NF,BANKNIFTY28APR2655500PE,1297.35,1025.0,1564.3,1025.0,785.6,280290,1442.79,1297.1,180,1302.05,180,256350
2026-04-13T10:27:14.095,NF,BANKNIFTY28APR2655500PE,1298.0,1025.0,1564.3,1025.0,785.6,280320,1442.77,1297.05,120,1302.4,150,256350
2026-04-13T10:27:15.321,NF,BANKNIFTY28APR2655500PE,1298.1,1025.0,1564.3,1025.0,785.6,280500,1442.68,1296.7,120,1301.8,120,256350
2026-04-13T10:27:16.702,NF,BANKNIFTY28APR2655500PE,1296.8,1025.0,1564.3,1025.0,785.6,280920,1442.47,1296.4,90,1301.3,270,256350
2026-04-13T10:27:17.901,NF,BANKNIFTY28APR2655500PE,1294.25,1025.0,1564.3,1025.0,785.6,281190,1442.33,1294.3,120,1298.95,270,256350
2026-04-13T10:27:19.114,NF,BANKNIFTY28APR2655500PE,1298.65,1025.0,1564.3,1025.0,785.6,281670,1442.08,1294.25,120,1298.85,60,256350
2026-04-13T10:27:20.316,NF,BANKNIFTY28APR2655500PE,1298.95,1025.0,1564.3,1025.0,785.6,282240,1441.79,1293.75,90,1299.0,60,256350
2026-04-13T10:27:21.703,NF,BANKNIFTY28APR2655500PE,1293.95,1025.0,1564.3,1025.0,785.6,282270,1441.78,1292.15,90,1296.8,30,256350
2026-04-13T10:27:22.917,NF,BANKNIFTY28APR2655500PE,1293.6,1025.0,1564.3,1025.0,785.6,282330,1441.75,1289.9,30,1294.9,30,256350
2026-04-13T10:27:24.124,NF,BANKNIFTY28APR2655500PE,1294.15,1025.0,1564.3,1025.0,785.6,282540,1441.63,1291.8,120,1297.5,120,256350
2026-04-13T10:27:26.717,NF,BANKNIFTY28APR2655500PE,1291.05,1025.0,1564.3,1025.0,785.6,282570,1441.62,1290.55,150,1295.85,30,256350
2026-04-13T10:27:27.918,NF,BANKNIFTY28APR2655500PE,1298.85,1025.0,1564.3,1025.0,785.6,282600,1441.6,1298.8,30,1303.65,30,256350
2026-04-13T10:27:29.119,NF,BANKNIFTY28APR2655500PE,1300.7,1025.0,1564.3,1025.0,785.6,282750,1441.53,1300.5,60,1305.75,120,256350
2026-04-13T10:27:30.324,NF,BANKNIFTY28APR2655500PE,1300.45,1025.0,1564.3,1025.0,785.6,282780,1441.51,1299.55,60,1304.6,120,256350
2026-04-13T10:27:31.736,NF,BANKNIFTY28APR2655500PE,1297.65,1025.0,1564.3,1025.0,785.6,282990,1441.41,1295.8,150,1301.2,120,256350
2026-04-13T10:27:34.129,NF,BANKNIFTY28APR2655500PE,1304.4,1025.0,1564.3,1025.0,785.6,283500,1441.16,1299.55,150,1304.55,600,256350
2026-04-13T10:27:35.326,NF,BANKNIFTY28APR2655500PE,1299.35,1025.0,1564.3,1025.0,785.6,283590,1441.11,1300.1,150,1304.55,600,256350
2026-04-13T10:27:36.539,NF,BANKNIFTY28APR2655500PE,1304.55,1025.0,1564.3,1025.0,785.6,283890,1440.97,1302.35,120,1307.25,150,256350
2026-04-13T10:27:38.944,NF,BANKNIFTY28APR2655500PE,1307.4,1025.0,1564.3,1025.0,785.6,283950,1440.94,1299.65,120,1304.7,30,256350
2026-04-13T10:27:40.141,NF,BANKNIFTY28APR2655500PE,1299.25,1025.0,1564.3,1025.0,785.6,284040,1440.9,1298.35,60,1302.95,30,256350
2026-04-13T10:27:42.745,NF,BANKNIFTY28APR2655500PE,1300.55,1025.0,1564.3,1025.0,785.6,284100,1440.87,1300.5,30,1305.65,60,256350
2026-04-13T10:27:47.746,NF,BANKNIFTY28APR2655500PE,1302.15,1025.0,1564.3,1025.0,785.6,284400,1440.72,1302.05,150,1307.6,60,256350
2026-04-13T10:27:48.951,NF,BANKNIFTY28APR2655500PE,1302.5,1025.0,1564.3,1025.0,785.6,284430,1440.71,1302.35,120,1307.6,240,256350
2026-04-13T10:27:51.353,NF,BANKNIFTY28APR2655500PE,1302.15,1025.0,1564.3,1025.0,785.6,284610,1440.62,1302.95,90,1307.2,30,256350
2026-04-13T10:27:52.760,NF,BANKNIFTY28APR2655500PE,1312.7,1025.0,1564.3,1025.0,785.6,285960,1440.0,1310.2,60,1314.35,60,256350
2026-04-13T10:27:53.962,NF,BANKNIFTY28APR2655500PE,1313.0,1025.0,1564.3,1025.0,785.6,286020,1439.97,1312.15,30,1316.9,60,256350
2026-04-13T10:27:57.762,NF,BANKNIFTY28APR2655500PE,1301.55,1025.0,1564.3,1025.0,785.6,286110,1439.93,1301.7,120,1305.9,30,256350
2026-04-13T10:27:58.963,NF,BANKNIFTY28APR2655500PE,1304.15,1025.0,1564.3,1025.0,785.6,286560,1439.72,1304.15,30,1308.95,60,256350
2026-04-13T10:28:00.168,NF,BANKNIFTY28APR2655500PE,1304.35,1025.0,1564.3,1025.0,785.6,286590,1439.7,1303.2,60,1308.0,150,256350
2026-04-13T10:28:01.379,NF,BANKNIFTY28APR2655500PE,1303.55,1025.0,1564.3,1025.0,785.6,286620,1439.69,1300.85,30,1305.85,60,256350
2026-04-13T10:28:03.971,NF,BANKNIFTY28APR2655500PE,1303.9,1025.0,1564.3,1025.0,785.6,286650,1439.68,1298.95,180,1303.7,30,256350
2026-04-13T10:28:05.174,NF,BANKNIFTY28APR2655500PE,1299.05,1025.0,1564.3,1025.0,785.6,286740,1439.63,1298.2,120,1303.0,90,256350
2026-04-13T10:28:06.377,NF,BANKNIFTY28APR2655500PE,1307.35,1025.0,1564.3,1025.0,785.6,286770,1439.62,1302.7,60,1307.8,90,256350
2026-04-13T10:28:07.579,NF,BANKNIFTY28APR2655500PE,1304.25,1025.0,1564.3,1025.0,785.6,286800,1439.6,1303.1,30,1307.8,180,256350
2026-04-13T10:28:09.981,NF,BANKNIFTY28APR2655500PE,1300.45,1025.0,1564.3,1025.0,785.6,286890,1439.56,1300.2,120,1305.4,180,256350
2026-04-13T10:28:11.383,NF,BANKNIFTY28APR2655500PE,1300.35,1025.0,1564.3,1025.0,785.6,286920,1439.55,1299.55,30,1304.6,120,256350
2026-04-13T10:28:13.786,NF,BANKNIFTY28APR2655500PE,1302.25,1025.0,1564.3,1025.0,785.6,287010,1439.5,1302.0,90,1307.05,30,256350
2026-04-13T10:28:14.994,NF,BANKNIFTY28APR2655500PE,1303.8,1025.0,1564.3,1025.0,785.6,287160,1439.43,1302.85,120,1307.65,90,256350
2026-04-13T10:28:16.231,NF,BANKNIFTY28APR2655500PE,1302.55,1025.0,1564.3,1025.0,785.6,287220,1439.4,1302.85,210,1307.3,30,256350
2026-04-13T10:28:17.434,NF,BANKNIFTY28APR2655500PE,1302.4,1025.0,1564.3,1025.0,785.6,287250,1439.39,1303.1,60,1307.5,600,256350
2026-04-13T10:28:19.795,NF,BANKNIFTY28APR2655500PE,1302.3,1025.0,1564.3,1025.0,785.6,287340,1439.35,1302.8,120,1307.7,630,256350
2026-04-13T10:28:23.215,NF,BANKNIFTY28APR2655500PE,1302.5,1025.0,1564.3,1025.0,785.6,287400,1439.32,1302.85,60,1307.8,120,256350
2026-04-13T10:28:24.402,NF,BANKNIFTY28APR2655500PE,1302.95,1025.0,1564.3,1025.0,785.6,287430,1439.3,1303.25,120,1307.95,120,256350
2026-04-13T10:28:26.814,NF,BANKNIFTY28APR2655500PE,1307.45,1025.0,1564.3,1025.0,785.6,287490,1439.28,1307.35,120,1312.3,750,256350
2026-04-13T10:28:28.011,NF,BANKNIFTY28APR2655500PE,1300.0,1025.0,1564.3,1025.0,785.6,291750,1437.29,1301.85,60,1307.35,240,256350
2026-04-13T10:28:30.618,NF,BANKNIFTY28APR2655500PE,1301.25,1025.0,1564.3,1025.0,785.6,291810,1437.27,1300.85,180,1305.45,30,256350
2026-04-13T10:28:31.814,NF,BANKNIFTY28APR2655500PE,1303.85,1025.0,1564.3,1025.0,785.6,291840,1437.25,1301.35,90,1307.05,240,256350
2026-04-13T10:28:33.087,NF,BANKNIFTY28APR2655500PE,1305.2,1025.0,1564.3,1025.0,785.6,291870,1437.24,1305.2,60,1309.95,120,256350
2026-04-13T10:28:38.025,NF,BANKNIFTY28APR2655500PE,1306.1,1025.0,1564.3,1025.0,785.6,291960,1437.2,1306.4,30,1311.55,150,255450
2026-04-13T10:28:39.235,NF,BANKNIFTY28APR2655500PE,1306.35,1025.0,1564.3,1025.0,785.6,291990,1437.19,1306.85,90,1311.4,150,255450
2026-04-13T10:28:43.027,NF,BANKNIFTY28APR2655500PE,1303.4,1025.0,1564.3,1025.0,785.6,292140,1437.12,1303.5,210,1308.0,60,255450
2026-04-13T10:28:45.441,NF,BANKNIFTY28APR2655500PE,1303.85,1025.0,1564.3,1025.0,785.6,292200,1437.09,1303.4,60,1308.0,60,255450
2026-04-13T10:28:46.644,NF,BANKNIFTY28APR2655500PE,1302.0,1025.0,1564.3,1025.0,785.6,292260,1437.06,1298.35,90,1302.7,150,255450
2026-04-13T10:28:48.040,NF,BANKNIFTY28APR2655500PE,1299.65,1025.0,1564.3,1025.0,785.6,292290,1437.05,1299.95,60,1304.25,180,255450
2026-04-13T10:28:49.239,NF,BANKNIFTY28APR2655500PE,1301.2,1025.0,1564.3,1025.0,785.6,292350,1437.02,1302.25,60,1306.3,30,255450
2026-04-13T10:28:51.645,NF,BANKNIFTY28APR2655500PE,1306.3,1025.0,1564.3,1025.0,785.6,292380,1437.01,1307.0,120,1312.05,30,255450
2026-04-13T10:28:52.847,NF,BANKNIFTY28APR2655500PE,1306.6,1025.0,1564.3,1025.0,785.6,292440,1436.98,1306.7,90,1311.7,180,255450
2026-04-13T10:28:54.058,NF,BANKNIFTY28APR2655500PE,1307.3,1025.0,1564.3,1025.0,785.6,292470,1436.97,1306.95,60,1311.55,150,255450
2026-04-13T10:28:55.248,NF,BANKNIFTY28APR2655500PE,1306.45,1025.0,1564.3,1025.0,785.6,292500,1436.95,1306.3,30,1310.5,240,255450
2026-04-13T10:28:56.457,NF,BANKNIFTY28APR2655500PE,1310.5,1025.0,1564.3,1025.0,785.6,292710,1436.86,1306.3,120,1310.4,120,255450
2026-04-13T10:28:57.850,NF,BANKNIFTY28APR2655500PE,1306.5,1025.0,1564.3,1025.0,785.6,292740,1436.85,1304.6,60,1309.65,120,255450
2026-04-13T10:28:59.057,NF,BANKNIFTY28APR2655500PE,1305.8,1025.0,1564.3,1025.0,785.6,292800,1436.82,1305.8,60,1310.1,30,255450
2026-04-13T10:29:00.265,NF,BANKNIFTY28APR2655500PE,1310.0,1025.0,1564.3,1025.0,785.6,292890,1436.78,1305.7,60,1310.4,180,255450
2026-04-13T10:29:01.474,NF,BANKNIFTY28APR2655500PE,1307.3,1025.0,1564.3,1025.0,785.6,292920,1436.77,1309.55,30,1313.0,30,255450
2026-04-13T10:29:02.868,NF,BANKNIFTY28APR2655500PE,1314.2,1025.0,1564.3,1025.0,785.6,293010,1436.73,1311.15,90,1315.7,30,255450
2026-04-13T10:29:04.060,NF,BANKNIFTY28APR2655500PE,1313.55,1025.0,1564.3,1025.0,785.6,293040,1436.72,1313.95,90,1318.3,120,255450
2026-04-13T10:29:05.264,NF,BANKNIFTY28APR2655500PE,1314.1,1025.0,1564.3,1025.0,785.6,293070,1436.71,1314.1,120,1318.4,60,255450
2026-04-13T10:29:07.865,NF,BANKNIFTY28APR2655500PE,1323.3,1025.0,1564.3,1025.0,785.6,293370,1436.59,1319.35,30,1324.15,60,255450
2026-04-13T10:29:09.067,NF,BANKNIFTY28APR2655500PE,1319.75,1025.0,1564.3,1025.0,785.6,293430,1436.57,1318.95,90,1322.95,60,255450
2026-04-13T10:29:10.272,NF,BANKNIFTY28APR2655500PE,1319.1,1025.0,1564.3,1025.0,785.6,293700,1436.46,1320.7,120,1324.85,150,255450
2026-04-13T10:29:11.473,NF,BANKNIFTY28APR2655500PE,1322.15,1025.0,1564.3,1025.0,785.6,293730,1436.45,1322.6,210,1326.85,30,255450
2026-04-13T10:29:14.088,NF,BANKNIFTY28APR2655500PE,1319.75,1025.0,1564.3,1025.0,785.6,293760,1436.43,1318.6,120,1322.8,120,255450
2026-04-13T10:29:16.482,NF,BANKNIFTY28APR2655500PE,1318.85,1025.0,1564.3,1025.0,785.6,293820,1436.41,1319.05,300,1323.3,120,255450
2026-04-13T10:29:18.898,NF,BANKNIFTY28APR2655500PE,1315.95,1025.0,1564.3,1025.0,785.6,293970,1436.35,1317.9,120,1321.95,150,255450
2026-04-13T10:29:20.086,NF,BANKNIFTY28APR2655500PE,1317.6,1025.0,1564.3,1025.0,785.6,294000,1436.34,1317.95,120,1322.3,150,255450
2026-04-13T10:29:21.288,NF,BANKNIFTY28APR2655500PE,1319.35,1025.0,1564.3,1025.0,785.6,294060,1436.31,1320.05,120,1324.9,120,255450
2026-04-13T10:29:22.689,NF,BANKNIFTY28APR2655500PE,1319.75,1025.0,1564.3,1025.0,785.6,294090,1436.3,1320.05,240,1324.4,120,255450
2026-04-13T10:29:23.895,NF,BANKNIFTY28APR2655500PE,1324.6,1025.0,1564.3,1025.0,785.6,294150,1436.28,1320.1,120,1324.0,120,255450
2026-04-13T10:29:25.094,NF,BANKNIFTY28APR2655500PE,1320.0,1025.0,1564.3,1025.0,785.6,294180,1436.27,1316.95,120,1321.4,150,255450
2026-04-13T10:29:26.299,NF,BANKNIFTY28APR2655500PE,1316.9,1025.0,1564.3,1025.0,785.6,294210,1436.25,1315.2,90,1319.9,120,255450
2026-04-13T10:29:27.508,NF,BANKNIFTY28APR2655500PE,1315.25,1025.0,1564.3,1025.0,785.6,294240,1436.24,1316.15,30,1320.3,120,255450
2026-04-13T10:29:30.098,NF,BANKNIFTY28APR2655500PE,1315.65,1025.0,1564.3,1025.0,785.6,294330,1436.21,1316.0,120,1320.9,90,255450
2026-04-13T10:29:32.504,NF,BANKNIFTY28APR2655500PE,1314.75,1025.0,1564.3,1025.0,785.6,294480,1436.15,1314.55,150,1319.2,120,255450
2026-04-13T10:29:33.707,NF,BANKNIFTY28APR2655500PE,1314.7,1025.0,1564.3,1025.0,785.6,294510,1436.13,1316.3,90,1321.0,150,255450
2026-04-13T10:29:36.110,NF,BANKNIFTY28APR2655500PE,1314.9,1025.0,1564.3,1025.0,785.6,294540,1436.12,1314.05,120,1318.65,60,255450
2026-04-13T10:29:37.509,NF,BANKNIFTY28APR2655500PE,1314.95,1025.0,1564.3,1025.0,785.6,294600,1436.1,1314.1,150,1318.75,150,255450
2026-04-13T10:29:39.916,NF,BANKNIFTY28APR2655500PE,1309.2,1025.0,1564.3,1025.0,785.6,294900,1435.97,1309.95,120,1314.45,60,255450
2026-04-13T10:29:41.119,NF,BANKNIFTY28APR2655500PE,1315.45,1025.0,1564.3,1025.0,785.6,295110,1435.89,1312.8,120,1317.35,120,255450
2026-04-13T10:29:42.333,NF,BANKNIFTY28APR2655500PE,1314.75,1025.0,1564.3,1025.0,785.6,295140,1435.87,1310.15,30,1314.8,240,255450
2026-04-13T10:29:43.721,NF,BANKNIFTY28APR2655500PE,1310.45,1025.0,1564.3,1025.0,785.6,295200,1435.85,1310.45,270,1315.05,180,255450
2026-04-13T10:29:44.922,NF,BANKNIFTY28APR2655500PE,1316.7,1025.0,1564.3,1025.0,785.6,295860,1435.58,1312.5,30,1317.5,60,255450
2026-04-13T10:29:46.130,NF,BANKNIFTY28APR2655500PE,1315.85,1025.0,1564.3,1025.0,785.6,296010,1435.52,1312.9,30,1317.3,60,255450
2026-04-13T10:29:47.339,NF,BANKNIFTY28APR2655500PE,1317.25,1025.0,1564.3,1025.0,785.6,296340,1435.39,1313.9,150,1318.85,120,255450
2026-04-13T10:29:48.734,NF,BANKNIFTY28APR2655500PE,1317.25,1025.0,1564.3,1025.0,785.6,296460,1435.34,1314.65,150,1319.35,60,255450
2026-04-13T10:29:49.940,NF,BANKNIFTY28APR2655500PE,1315.8,1025.0,1564.3,1025.0,785.6,296490,1435.33,1317.6,30,1321.9,120,255450
2026-04-13T10:29:52.337,NF,BANKNIFTY28APR2655500PE,1316.2,1025.0,1564.3,1025.0,785.6,296550,1435.3,1315.5,30,1320.0,150,255450
2026-04-13T10:29:54.749,NF,BANKNIFTY28APR2655500PE,1315.15,1025.0,1564.3,1025.0,785.6,296580,1435.29,1315.0,150,1320.25,90,255450
2026-04-13T10:29:55.949,NF,BANKNIFTY28APR2655500PE,1315.2,1025.0,1564.3,1025.0,785.6,296610,1435.28,1316.15,150,1321.3,180,255450
2026-04-13T10:29:57.146,NF,BANKNIFTY28APR2655500PE,1315.65,1025.0,1564.3,1025.0,785.6,296640,1435.27,1315.3,120,1320.6,30,255450
2026-04-13T10:29:59.750,NF,BANKNIFTY28APR2655500PE,1316.65,1025.0,1564.3,1025.0,785.6,296700,1435.24,1317.1,90,1321.35,30,255450
2026-04-13T10:30:02.169,NF,BANKNIFTY28APR2655500PE,1309.65,1025.0,1564.3,1025.0,785.6,296760,1435.22,1310.25,120,1315.05,60,255450
2026-04-13T10:30:04.756,NF,BANKNIFTY28APR2655500PE,1306.4,1025.0,1564.3,1025.0,785.6,296790,1435.2,1306.7,60,1311.15,30,255450
2026-04-13T10:30:07.166,NF,BANKNIFTY28APR2655500PE,1301.15,1025.0,1564.3,1025.0,785.6,296850,1435.18,1299.95,30,1304.0,60,255450
2026-04-13T10:30:08.368,NF,BANKNIFTY28APR2655500PE,1299.75,1025.0,1564.3,1025.0,785.6,296880,1435.16,1299.45,30,1304.0,60,255450
2026-04-13T10:30:09.778,NF,BANKNIFTY28APR2655500PE,1305.2,1025.0,1564.3,1025.0,785.6,297570,1434.86,1300.9,30,1305.2,540,255450
2026-04-13T10:30:10.971,NF,BANKNIFTY28APR2655500PE,1309.7,1025.0,1564.3,1025.0,785.6,298560,1434.44,1304.75,30,1309.25,30,255450
2026-04-13T10:30:12.170,NF,BANKNIFTY28APR2655500PE,1305.15,1025.0,1564.3,1025.0,785.6,298590,1434.42,1307.0,30,1311.45,90,255450
2026-04-13T10:30:13.372,NF,BANKNIFTY28APR2655500PE,1306.6,1025.0,1564.3,1025.0,785.6,298620,1434.41,1305.25,30,1310.1,60,255450
2026-04-13T10:30:17.180,NF,BANKNIFTY28APR2655500PE,1301.75,1025.0,1564.3,1025.0,785.6,298650,1434.4,1300.8,30,1305.55,90,255450
2026-04-13T10:30:18.378,NF,BANKNIFTY28APR2655500PE,1301.75,1025.0,1564.3,1025.0,785.6,298740,1434.36,1301.55,120,1306.35,120,255450
2026-04-13T10:30:20.786,NF,BANKNIFTY28APR2655500PE,1300.7,1025.0,1564.3,1025.0,785.6,298800,1434.33,1301.5,270,1306.0,180,255450
2026-04-13T10:30:21.988,NF,BANKNIFTY28APR2655500PE,1301.55,1025.0,1564.3,1025.0,785.6,298830,1434.32,1301.4,60,1305.7,180,255450
2026-04-13T10:30:23.201,NF,BANKNIFTY28APR2655500PE,1301.3,1025.0,1564.3,1025.0,785.6,298860,1434.3,1300.55,120,1305.45,60,255450
2026-04-13T10:30:24.395,NF,BANKNIFTY28APR2655500PE,1303.3,1025.0,1564.3,1025.0,785.6,298890,1434.29,1302.8,120,1308.15,30,255450
2026-04-13T10:30:28.200,NF,BANKNIFTY28APR2655500PE,1303.55,1025.0,1564.3,1025.0,785.6,298950,1434.26,1301.7,150,1306.4,60,255450
2026-04-13T10:30:29.400,NF,BANKNIFTY28APR2655500PE,1302.4,1025.0,1564.3,1025.0,785.6,298980,1434.25,1302.2,180,1307.05,60,255450
2026-04-13T10:30:30.799,NF,BANKNIFTY28APR2655500PE,1302.7,1025.0,1564.3,1025.0,785.6,299010,1434.24,1302.0,30,1307.1,30,255450
2026-04-13T10:30:33.280,NF,BANKNIFTY28APR2655500PE,1300.35,1025.0,1564.3,1025.0,785.6,299070,1434.21,1299.95,90,1304.9,30,255450
2026-04-13T10:30:35.621,NF,BANKNIFTY28APR2655500PE,1302.3,1025.0,1564.3,1025.0,785.6,299100,1434.2,1301.7,300,1306.35,30,255450
2026-04-13T10:30:37.011,NF,BANKNIFTY28APR2655500PE,1302.05,1025.0,1564.3,1025.0,785.6,299130,1434.19,1301.85,120,1306.45,30,255450
2026-04-13T10:30:38.215,NF,BANKNIFTY28APR2655500PE,1301.85,1025.0,1564.3,1025.0,785.6,299160,1434.17,1302.1,120,1306.45,630,255450
2026-04-13T10:30:39.426,NF,BANKNIFTY28APR2655500PE,1304.95,1025.0,1564.3,1025.0,785.6,299190,1434.16,1304.35,150,1309.5,60,255450
2026-04-13T10:30:43.022,NF,BANKNIFTY28APR2655500PE,1303.8,1025.0,1564.3,1025.0,785.6,299250,1434.13,1302.2,180,1307.05,150,255450
2026-04-13T10:30:45.626,NF,BANKNIFTY28APR2655500PE,1302.0,1025.0,1564.3,1025.0,785.6,299310,1434.11,1301.65,180,1306.25,60,255450
2026-04-13T10:30:46.833,NF,BANKNIFTY28APR2655500PE,1305.35,1025.0,1564.3,1025.0,785.6,299490,1434.03,1300.65,240,1305.65,120,255450
2026-04-13T10:30:49.246,NF,BANKNIFTY28APR2655500PE,1308.75,1025.0,1564.3,1025.0,785.6,299580,1433.99,1308.5,30,1313.9,30,255450
2026-04-13T10:30:53.037,NF,BANKNIFTY28APR2655500PE,1300.5,1025.0,1564.3,1025.0,785.6,299640,1433.96,1299.5,60,1304.75,60,255450
2026-04-13T10:30:55.470,NF,BANKNIFTY28APR2655500PE,1302.4,1025.0,1564.3,1025.0,785.6,300060,1433.78,1302.4,60,1307.65,60,255450
2026-04-13T10:30:56.846,NF,BANKNIFTY28APR2655500PE,1307.75,1025.0,1564.3,1025.0,785.6,300570,1433.57,1302.0,120,1306.9,120,255450
2026-04-13T10:30:59.282,NF,BANKNIFTY28APR2655500PE,1301.85,1025.0,1564.3,1025.0,785.6,300630,1433.54,1301.6,150,1306.35,60,255450
2026-04-13T10:31:00.448,NF,BANKNIFTY28APR2655500PE,1301.55,1025.0,1564.3,1025.0,785.6,300660,1433.53,1301.7,60,1306.4,150,255450
2026-04-13T10:31:01.658,NF,BANKNIFTY28APR2655500PE,1301.75,1025.0,1564.3,1025.0,785.6,300690,1433.52,1302.55,150,1307.8,60,255450
2026-04-13T10:31:02.870,NF,BANKNIFTY28APR2655500PE,1302.55,1025.0,1564.3,1025.0,785.6,300720,1433.5,1302.5,60,1307.3,720,255450
2026-04-13T10:31:05.454,NF,BANKNIFTY28APR2655500PE,1305.75,1025.0,1564.3,1025.0,785.6,300780,1433.48,1305.75,60,1310.15,150,255450
2026-04-13T10:31:07.859,NF,BANKNIFTY28APR2655500PE,1311.2,1025.0,1564.3,1025.0,785.6,300840,1433.45,1309.2,120,1314.3,30,255450
2026-04-13T10:31:09.078,NF,BANKNIFTY28APR2655500PE,1308.5,1025.0,1564.3,1025.0,785.6,300870,1433.44,1309.0,90,1313.8,120,255450
2026-04-13T10:31:11.471,NF,BANKNIFTY28APR2655500PE,1308.75,1025.0,1564.3,1025.0,785.6,300930,1433.42,1309.7,90,1314.6,120,255450
2026-04-13T10:31:14.070,NF,BANKNIFTY28APR2655500PE,1310.55,1025.0,1564.3,1025.0,785.6,300960,1433.4,1314.4,90,1318.5,150,255450
2026-04-13T10:31:15.283,NF,BANKNIFTY28APR2655500PE,1313.0,1025.0,1564.3,1025.0,785.6,300990,1433.39,1315.0,120,1319.65,120,255450
2026-04-13T10:31:16.482,NF,BANKNIFTY28APR2655500PE,1314.85,1025.0,1564.3,1025.0,785.6,301020,1433.38,1311.75,120,1316.1,150,255450
2026-04-13T10:31:18.881,NF,BANKNIFTY28APR2655500PE,1309.7,1025.0,1564.3,1025.0,785.6,301080,1433.36,1309.65,120,1314.45,30,255450
2026-04-13T10:31:21.479,NF,BANKNIFTY28APR2655500PE,1313.2,1025.0,1564.3,1025.0,785.6,301140,1433.33,1313.05,150,1317.75,120,255450
2026-04-13T10:31:25.088,NF,BANKNIFTY28APR2655500PE,1313.55,1025.0,1564.3,1025.0,785.6,301200,1433.31,1313.55,270,1318.05,150,255450
2026-04-13T10:31:26.195,NF,BANKNIFTY28APR2655500PE,1318.2,1025.0,1564.3,1025.0,785.6,301230,1433.3,1313.8,150,1318.15,30,255450
2026-04-13T10:31:27.351,NF,BANKNIFTY28APR2655500PE,1318.35,1025.0,1564.3,1025.0,785.6,301320,1433.26,1316.45,150,1321.15,150,255450
2026-04-13T10:31:28.701,NF,BANKNIFTY28APR2655500PE,1316.65,1025.0,1564.3,1025.0,785.6,301350,1433.25,1317.2,120,1321.4,240,255450
2026-04-13T10:31:29.942,NF,BANKNIFTY28APR2655500PE,1316.55,1025.0,1564.3,1025.0,785.6,301380,1433.24,1316.35,150,1320.35,240,255450
2026-04-13T10:31:31.103,NF,BANKNIFTY28APR2655500PE,1316.35,1025.0,1564.3,1025.0,785.6,301410,1433.23,1315.95,150,1320.3,150,255450
2026-04-13T10:31:33.716,NF,BANKNIFTY28APR2655500PE,1315.7,1025.0,1564.3,1025.0,785.6,301470,1433.2,1315.55,210,1319.6,150,255450
2026-04-13T10:31:38.509,NF,BANKNIFTY28APR2655500PE,1315.1,1025.0,1564.3,1025.0,785.6,301560,1433.17,1315.25,30,1319.4,150,259260
2026-04-13T10:31:39.735,NF,BANKNIFTY28APR2655500PE,1315.5,1025.0,1564.3,1025.0,785.6,301590,1433.16,1315.6,90,1319.8,120,259260
2026-04-13T10:31:40.921,NF,BANKNIFTY28APR2655500PE,1315.55,1025.0,1564.3,1025.0,785.6,301620,1433.14,1316.2,240,1320.75,30,259260
2026-04-13T10:31:43.327,NF,BANKNIFTY28APR2655500PE,1321.5,1025.0,1564.3,1025.0,785.6,301710,1433.11,1317.05,150,1321.75,150,259260
2026-04-13T10:31:44.719,NF,BANKNIFTY28APR2655500PE,1317.05,1025.0,1564.3,1025.0,785.6,301740,1433.1,1318.2,60,1322.1,180,259260
2026-04-13T10:31:45.920,NF,BANKNIFTY28APR2655500PE,1317.95,1025.0,1564.3,1025.0,785.6,301770,1433.09,1317.05,30,1321.85,180,259260
2026-04-13T10:31:47.122,NF,BANKNIFTY28APR2655500PE,1317.3,1025.0,1564.3,1025.0,785.6,301800,1433.08,1317.2,120,1321.45,150,259260
2026-04-13T10:31:49.529,NF,BANKNIFTY28APR2655500PE,1318.05,1025.0,1564.3,1025.0,785.6,301860,1433.05,1318.1,210,1322.5,120,259260
2026-04-13T10:31:53.335,NF,BANKNIFTY28APR2655500PE,1318.8,1025.0,1564.3,1025.0,785.6,301920,1433.03,1315.4,30,1319.3,180,259260
2026-04-13T10:31:59.542,NF,BANKNIFTY28APR2655500PE,1319.8,1025.0,1564.3,1025.0,785.6,301980,1433.01,1316.5,120,1320.0,30,259260
2026-04-13T10:32:01.945,NF,BANKNIFTY28APR2655500PE,1324.35,1025.0,1564.3,1025.0,785.6,302070,1432.97,1320.4,120,1324.4,150,259260
2026-04-13T10:32:04.350,NF,BANKNIFTY28APR2655500PE,1315.3,1025.0,1564.3,1025.0,785.6,302160,1432.94,1315.35,60,1319.6,150,259260
2026-04-13T10:32:05.771,NF,BANKNIFTY28APR2655500PE,1314.6,1025.0,1564.3,1025.0,785.6,302280,1432.89,1313.95,90,1318.0,30,259260
2026-04-13T10:32:06.957,NF,BANKNIFTY28APR2655500PE,1310.75,1025.0,1564.3,1025.0,785.6,302400,1432.85,1311.65,60,1317.5,30,259260
2026-04-13T10:32:28.985,NF,BANKNIFTY28APR2655500PE,1315.3,1025.0,1564.3,1025.0,785.6,303000,1432.61,1312.05,150,1316.35,150,259260
2026-04-13T10:32:35.190,NF,BANKNIFTY28APR2655500PE,1316.9,1025.0,1564.3,1025.0,785.6,303030,1432.6,1316.25,120,1319.75,30,259260
2026-04-13T10:32:44.006,NF,BANKNIFTY28APR2655500PE,1311.3,1025.0,1564.3,1025.0,785.6,303060,1432.59,1310.05,150,1314.0,150,259260
2026-04-13T10:32:47.812,NF,BANKNIFTY28APR2655500PE,1314.0,1025.0,1564.3,1025.0,785.6,303090,1432.58,1310.5,30,1314.5,210,259260
2026-04-13T10:32:54.022,NF,BANKNIFTY28APR2655500PE,1311.85,1025.0,1564.3,1025.0,785.6,303150,1432.55,1311.6,120,1315.6,150,259260
2026-04-13T10:32:58.832,NF,BANKNIFTY28APR2655500PE,1317.6,1025.0,1564.3,1025.0,785.6,303180,1432.54,1311.8,90,1316.5,180,259260
2026-04-13T10:33:07.663,NF,BANKNIFTY28APR2655500PE,1307.95,1025.0,1564.3,1025.0,785.6,303210,1432.53,1305.2,30,1309.3,150,259260
2026-04-13T10:33:08.850,NF,BANKNIFTY28APR2655500PE,1309.1,1025.0,1564.3,1025.0,785.6,303270,1432.5,1305.35,30,1309.3,180,259260
2026-04-13T10:33:13.858,NF,BANKNIFTY28APR2655500PE,1309.1,1025.0,1564.3,1025.0,785.6,303300,1432.49,1309.05,30,1313.5,60,259260
2026-04-13T10:33:20.067,NF,BANKNIFTY28APR2655500PE,1320.75,1025.0,1564.3,1025.0,785.6,303330,1432.48,1316.35,150,1320.45,150,259260
2026-04-13T10:33:23.678,NF,BANKNIFTY28APR2655500PE,1315.3,1025.0,1564.3,1025.0,785.6,303390,1432.46,1314.55,90,1318.55,150,259260
2026-04-13T10:33:31.286,NF,BANKNIFTY28APR2655500PE,1322.55,1025.0,1564.3,1025.0,785.6,303480,1432.42,1321.35,120,1325.5,300,259260
2026-04-13T10:33:34.911,NF,BANKNIFTY28APR2655500PE,1325.7,1025.0,1564.3,1025.0,785.6,303540,1432.4,1325.8,30,1328.0,60,259260
2026-04-13T10:33:38.540,NF,BANKNIFTY28APR2655500PE,1328.0,1025.0,1564.3,1025.0,785.6,303570,1432.39,1326.1,30,1328.0,30,259260
2026-04-13T10:33:42.107,NF,BANKNIFTY28APR2655500PE,1328.0,1025.0,1564.3,1025.0,785.6,303630,1432.37,1332.8,240,1336.0,60,259260
2026-04-13T10:33:43.520,NF,BANKNIFTY28APR2655500PE,1336.0,1025.0,1564.3,1025.0,785.6,303690,1432.35,1334.85,150,1338.7,180,259260
2026-04-13T10:33:53.528,NF,BANKNIFTY28APR2655500PE,1331.35,1025.0,1564.3,1025.0,785.6,303960,1432.26,1324.9,120,1329.4,90,259260
2026-04-13T10:33:55.926,NF,BANKNIFTY28APR2655500PE,1331.4,1025.0,1564.3,1025.0,785.6,303990,1432.25,1327.4,120,1331.6,60,259260
2026-04-13T10:33:57.132,NF,BANKNIFTY28APR2655500PE,1332.2,1025.0,1564.3,1025.0,785.6,304110,1432.21,1327.8,240,1332.15,150,259260
2026-04-13T10:34:00.942,NF,BANKNIFTY28APR2655500PE,1327.8,1025.0,1564.3,1025.0,785.6,304140,1432.2,1322.85,120,1327.6,150,259260
2026-04-13T10:34:13.354,NF,BANKNIFTY28APR2655500PE,1327.8,1025.0,1564.3,1025.0,785.6,304170,1432.19,1327.75,180,1331.7,120,259260
2026-04-13T10:34:25.777,NF,BANKNIFTY28APR2655500PE,1328.8,1025.0,1564.3,1025.0,785.6,304200,1432.18,1325.3,120,1329.45,180,259260
2026-04-13T10:34:28.198,NF,BANKNIFTY28APR2655500PE,1328.65,1025.0,1564.3,1025.0,785.6,304230,1432.17,1328.45,150,1332.4,120,259260
2026-04-13T10:34:44.600,NF,BANKNIFTY28APR2655500PE,1322.2,1025.0,1564.3,1025.0,785.6,304290,1432.15,1321.6,120,1326.2,60,259800
2026-04-13T10:35:03.030,NF,BANKNIFTY28APR2655500PE,1322.0,1025.0,1564.3,1025.0,785.6,304620,1432.03,1317.85,120,1322.75,90,259800
2026-04-13T10:35:09.299,NF,BANKNIFTY28APR2655500PE,1319.0,1025.0,1564.3,1025.0,785.6,304650,1432.02,1315.6,120,1320.25,30,259800
2026-04-13T10:35:21.658,NF,BANKNIFTY28APR2655500PE,1323.0,1025.0,1564.3,1025.0,785.6,304710,1432.0,1320.65,30,1324.6,90,259800
2026-04-13T10:35:26.485,NF,BANKNIFTY28APR2655500PE,1322.5,1025.0,1564.3,1025.0,785.6,304740,1431.99,1323.65,120,1327.85,60,259800
2026-04-13T10:35:31.473,NF,BANKNIFTY28APR2655500PE,1326.7,1025.0,1564.3,1025.0,785.6,304770,1431.98,1324.8,30,1328.8,30,259800
2026-04-13T10:35:33.876,NF,BANKNIFTY28APR2655500PE,1330.85,1025.0,1564.3,1025.0,785.6,304800,1431.97,1331.1,270,1335.8,60,259800
2026-04-13T10:35:35.079,NF,BANKNIFTY28APR2655500PE,1332.55,1025.0,1564.3,1025.0,785.6,304830,1431.96,1332.55,120,1335.7,30,259800
2026-04-13T10:35:44.903,NF,BANKNIFTY28APR2655500PE,1334.45,1025.0,1564.3,1025.0,785.6,304860,1431.95,1335.0,90,1339.35,90,259800
2026-04-13T10:35:49.901,NF,BANKNIFTY28APR2655500PE,1339.15,1025.0,1564.3,1025.0,785.6,304890,1431.94,1335.55,120,1339.3,120,259800
2026-04-13T10:35:52.548,NF,BANKNIFTY28APR2655500PE,1341.05,1025.0,1564.3,1025.0,785.6,304920,1431.93,1340.15,150,1343.9,30,259800
2026-04-13T10:35:53.711,NF,BANKNIFTY28APR2655500PE,1343.75,1025.0,1564.3,1025.0,785.6,304950,1431.92,1340.65,150,1343.7,120,259800
2026-04-13T10:35:54.912,NF,BANKNIFTY28APR2655500PE,1338.1,1025.0,1564.3,1025.0,785.6,304980,1431.91,1338.35,120,1342.75,30,259800
2026-04-13T10:36:03.719,NF,BANKNIFTY28APR2655500PE,1342.1,1025.0,1564.3,1025.0,785.6,305010,1431.9,1342.0,120,1346.3,120,259800
2026-04-13T10:36:04.932,NF,BANKNIFTY28APR2655500PE,1342.2,1025.0,1564.3,1025.0,785.6,305070,1431.88,1342.55,120,1346.45,120,259800
2026-04-13T10:36:06.125,NF,BANKNIFTY28APR2655500PE,1339.35,1025.0,1564.3,1025.0,785.6,305160,1431.86,1339.3,60,1343.4,30,259800
2026-04-13T10:36:07.334,NF,BANKNIFTY28APR2655500PE,1338.4,1025.0,1564.3,1025.0,785.6,305220,1431.84,1338.1,60,1341.2,30,259800
2026-04-13T10:36:08.732,NF,BANKNIFTY28APR2655500PE,1338.65,1025.0,1564.3,1025.0,785.6,305400,1431.78,1338.6,90,1343.15,30,259800
2026-04-13T10:36:09.930,NF,BANKNIFTY28APR2655500PE,1338.8,1025.0,1564.3,1025.0,785.6,305430,1431.78,1336.55,30,1341.65,120,259800
2026-04-13T10:36:11.139,NF,BANKNIFTY28APR2655500PE,1337.05,1025.0,1564.3,1025.0,785.6,305490,1431.76,1337.3,120,1341.35,30,259800
2026-04-13T10:36:12.349,NF,BANKNIFTY28APR2655500PE,1338.6,1025.0,1564.3,1025.0,785.6,305550,1431.74,1338.25,90,1342.2,120,259800
2026-04-13T10:36:13.543,NF,BANKNIFTY28APR2655500PE,1337.45,1025.0,1564.3,1025.0,785.6,305640,1431.71,1337.05,60,1340.85,30,259800
2026-04-13T10:36:14.945,NF,BANKNIFTY28APR2655500PE,1336.7,1025.0,1564.3,1025.0,785.6,305700,1431.69,1336.65,60,1341.25,30,259800
2026-04-13T10:36:18.543,NF,BANKNIFTY28APR2655500PE,1337.45,1025.0,1564.3,1025.0,785.6,305730,1431.68,1333.65,90,1338.8,150,259800
2026-04-13T10:36:19.745,NF,BANKNIFTY28APR2655500PE,1338.35,1025.0,1564.3,1025.0,785.6,305790,1431.66,1335.7,30,1340.6,60,259800
2026-04-13T10:36:20.952,NF,BANKNIFTY28APR2655500PE,1335.75,1025.0,1564.3,1025.0,785.6,305850,1431.65,1336.15,60,1341.15,600,259800
2026-04-13T10:36:29.763,NF,BANKNIFTY28APR2655500PE,1345.0,1025.0,1564.3,1025.0,785.6,306690,1431.41,1339.9,150,1344.6,630,259800
2026-04-13T10:36:41.980,NF,BANKNIFTY28APR2655500PE,1348.0,1025.0,1564.3,1025.0,785.6,306840,1431.37,1348.3,150,1352.4,150,259800
2026-04-13T10:36:43.188,NF,BANKNIFTY28APR2655500PE,1352.5,1025.0,1564.3,1025.0,785.6,307020,1431.32,1348.5,240,1353.05,30,259800
2026-04-13T10:36:45.590,NF,BANKNIFTY28APR2655500PE,1351.95,1025.0,1564.3,1025.0,785.6,307050,1431.31,1344.2,30,1349.6,30,259800
2026-04-13T10:36:46.818,NF,BANKNIFTY28APR2655500PE,1344.5,1025.0,1564.3,1025.0,785.6,308490,1430.91,1339.8,120,1344.95,120,259800
2026-04-13T10:37:01.820,NF,BANKNIFTY28APR2655500PE,1343.8,1025.0,1564.3,1025.0,785.6,308520,1430.9,1343.2,300,1345.5,60,259800
2026-04-13T10:37:04.416,NF,BANKNIFTY28APR2655500PE,1343.1,1025.0,1564.3,1025.0,785.6,308640,1430.86,1343.8,150,1346.0,60,259800
2026-04-13T10:37:05.631,NF,BANKNIFTY28APR2655500PE,1342.7,1025.0,1564.3,1025.0,785.6,308700,1430.85,1343.6,30,1346.5,30,259800
2026-04-13T10:37:06.833,NF,BANKNIFTY28APR2655500PE,1343.55,1025.0,1564.3,1025.0,785.6,308760,1430.83,1344.5,180,1347.0,30,259800
2026-04-13T10:37:10.432,NF,BANKNIFTY28APR2655500PE,1353.1,1025.0,1564.3,1025.0,785.6,309150,1430.73,1348.75,150,1353.15,120,259800
2026-04-13T10:37:11.831,NF,BANKNIFTY28APR2655500PE,1348.65,1025.0,1564.3,1025.0,785.6,309180,1430.72,1348.65,90,1352.7,180,259800
2026-04-13T10:37:15.444,NF,BANKNIFTY28APR2655500PE,1347.75,1025.0,1564.3,1025.0,785.6,309240,1430.71,1343.65,150,1348.3,120,259800
2026-04-13T10:37:20.445,NF,BANKNIFTY28APR2655500PE,1348.65,1025.0,1564.3,1025.0,785.6,309270,1430.7,1346.15,150,1351.05,120,259800
2026-04-13T10:37:37.495,NF,BANKNIFTY28APR2655500PE,1347.25,1025.0,1564.3,1025.0,785.6,309330,1430.68,1338.7,30,1344.15,60,259470
2026-04-13T10:37:38.679,NF,BANKNIFTY28APR2655500PE,1343.3,1025.0,1564.3,1025.0,785.6,309450,1430.65,1339.25,120,1343.3,600,259470
2026-04-13T10:37:39.882,NF,BANKNIFTY28APR2655500PE,1343.5,1025.0,1564.3,1025.0,785.6,309960,1430.5,1340.6,150,1345.4,90,259470
2026-04-13T10:37:41.284,NF,BANKNIFTY28APR2655500PE,1343.45,1025.0,1564.3,1025.0,785.6,310260,1430.42,1337.8,120,1343.1,90,259470
2026-04-13T10:37:42.487,NF,BANKNIFTY28APR2655500PE,1344.05,1025.0,1564.3,1025.0,785.6,311010,1430.21,1340.7,120,1346.35,60,259470
2026-04-13T10:37:43.686,NF,BANKNIFTY28APR2655500PE,1342.4,1025.0,1564.3,1025.0,785.6,311820,1429.99,1342.4,150,1347.2,60,259470
2026-04-13T10:37:44.898,NF,BANKNIFTY28APR2655500PE,1343.25,1025.0,1564.3,1025.0,785.6,311880,1429.97,1341.35,270,1345.65,90,259470
2026-04-13T10:37:46.087,NF,BANKNIFTY28APR2655500PE,1339.75,1025.0,1564.3,1025.0,785.6,311940,1429.96,1339.45,150,1343.85,90,259470
2026-04-13T10:37:47.484,NF,BANKNIFTY28APR2655500PE,1343.95,1025.0,1564.3,1025.0,785.6,312810,1429.72,1338.45,120,1343.3,150,259470
2026-04-13T10:37:53.498,NF,BANKNIFTY28APR2655500PE,1342.2,1025.0,1564.3,1025.0,785.6,313170,1429.62,1340.85,210,1345.35,120,259470
2026-04-13T10:38:03.521,NF,BANKNIFTY28APR2655500PE,1337.5,1025.0,1564.3,1025.0,785.6,313470,1429.53,1331.35,120,1336.65,60,259470
2026-04-13T10:38:05.923,NF,BANKNIFTY28APR2655500PE,1331.15,1025.0,1564.3,1025.0,785.6,313530,1429.51,1329.65,120,1335.35,30,259470
2026-04-13T10:38:08.529,NF,BANKNIFTY28APR2655500PE,1330.1,1025.0,1564.3,1025.0,785.6,313560,1429.5,1329.35,120,1334.2,30,259470
2026-04-13T10:38:10.932,NF,BANKNIFTY28APR2655500PE,1333.35,1025.0,1564.3,1025.0,785.6,313590,1429.49,1332.9,120,1337.3,120,259470
2026-04-13T10:38:25.741,NF,BANKNIFTY28APR2655500PE,1334.95,1025.0,1564.3,1025.0,785.6,313740,1429.45,1330.2,120,1334.3,150,259470
2026-04-13T10:38:51.588,NF,BANKNIFTY28APR2655500PE,1334.05,1025.0,1564.3,1025.0,785.6,313770,1429.44,1333.75,150,1337.45,30,259470
2026-04-13T10:39:00.195,NF,BANKNIFTY28APR2655500PE,1331.75,1025.0,1564.3,1025.0,785.6,313800,1429.43,1332.05,120,1336.55,60,259470
2026-04-13T10:39:22.428,NF,BANKNIFTY28APR2655500PE,1320.8,1025.0,1564.3,1025.0,785.6,314280,1429.26,1316.05,150,1320.65,60,259470
2026-04-13T10:39:23.645,NF,BANKNIFTY28APR2655500PE,1323.1,1025.0,1564.3,1025.0,785.6,314790,1429.08,1319.85,180,1324.8,120,259470
2026-04-13T10:39:25.031,NF,BANKNIFTY28APR2655500PE,1324.9,1025.0,1564.3,1025.0,785.6,315000,1429.02,1316.35,30,1321.85,90,259470
2026-04-13T10:39:26.236,NF,BANKNIFTY28APR2655500PE,1323.5,1025.0,1564.3,1025.0,785.6,316170,1428.62,1319.2,150,1324.05,60,259470
2026-04-13T10:39:28.636,NF,BANKNIFTY28APR2655500PE,1315.0,1025.0,1564.3,1025.0,785.6,316230,1428.6,1310.3,120,1315.9,120,259470
2026-04-13T10:39:34.652,NF,BANKNIFTY28APR2655500PE,1314.65,1025.0,1564.3,1025.0,785.6,316260,1428.59,1310.05,120,1314.65,690,259470
2026-04-13T10:39:35.851,NF,BANKNIFTY28APR2655500PE,1315.1,1025.0,1564.3,1025.0,785.6,316980,1428.33,1310.15,120,1315.2,30,259470
2026-04-13T10:39:40.855,NF,BANKNIFTY28APR2655500PE,1313.85,1025.0,1564.3,1025.0,785.6,317040,1428.31,1310.0,60,1313.65,90,259470
2026-04-13T10:39:42.068,NF,BANKNIFTY28APR2655500PE,1310.0,1025.0,1564.3,1025.0,785.6,317100,1428.28,1307.45,150,1312.35,120,259470
2026-04-13T10:39:45.865,NF,BANKNIFTY28APR2655500PE,1313.1,1025.0,1564.3,1025.0,785.6,317130,1428.27,1306.95,150,1312.4,90,259470
2026-04-13T10:39:53.081,NF,BANKNIFTY28APR2655500PE,1310.7,1025.0,1564.3,1025.0,785.6,317160,1428.26,1305.8,150,1310.35,150,259470
2026-04-13T10:39:56.679,NF,BANKNIFTY28APR2655500PE,1305.7,1025.0,1564.3,1025.0,785.6,317250,1428.23,1305.0,150,1308.9,120,259470
2026-04-13T10:40:05.494,NF,BANKNIFTY28APR2655500PE,1302.0,1025.0,1564.3,1025.0,785.6,317310,1428.2,1301.65,150,1305.05,30,259470
2026-04-13T10:40:06.707,NF,BANKNIFTY28APR2655500PE,1302.6,1025.0,1564.3,1025.0,785.6,317340,1428.19,1301.15,120,1305.1,150,259470
2026-04-13T10:40:07.896,NF,BANKNIFTY28APR2655500PE,1300.3,1025.0,1564.3,1025.0,785.6,317970,1427.94,1300.2,120,1304.7,150,259470
2026-04-13T10:40:11.707,NF,BANKNIFTY28APR2655500PE,1304.05,1025.0,1564.3,1025.0,785.6,318090,1427.89,1299.45,300,1303.55,120,259470
2026-04-13T10:40:20.315,NF,BANKNIFTY28APR2655500PE,1303.1,1025.0,1564.3,1025.0,785.6,318240,1427.83,1299.05,30,1302.95,240,259470
2026-04-13T10:40:33.732,NF,BANKNIFTY28APR2655500PE,1298.0,1025.0,1564.3,1025.0,785.6,318300,1427.81,1296.35,180,1300.3,90,259470
2026-04-13T10:40:34.955,NF,BANKNIFTY28APR2655500PE,1300.35,1025.0,1564.3,1025.0,785.6,318510,1427.72,1296.9,90,1301.05,180,259470
2026-04-13T10:40:36.142,NF,BANKNIFTY28APR2655500PE,1296.55,1025.0,1564.3,1025.0,785.6,318870,1427.58,1296.9,150,1301.0,750,259470
2026-04-13T10:40:43.147,NF,BANKNIFTY28APR2655500PE,1296.55,1025.0,1564.3,1025.0,785.6,318900,1427.56,1293.85,120,1297.85,150,261060
2026-04-13T10:40:44.369,NF,BANKNIFTY28APR2655500PE,1291.0,1025.0,1564.3,1025.0,785.6,318930,1427.55,1290.15,30,1294.3,150,261060
2026-04-13T10:40:45.571,NF,BANKNIFTY28APR2655500PE,1289.85,1025.0,1564.3,1025.0,785.6,319170,1427.45,1290.0,150,1293.95,150,261060
2026-04-13T10:40:48.168,NF,BANKNIFTY28APR2655500PE,1294.45,1025.0,1564.3,1025.0,785.6,319290,1427.4,1290.75,180,1294.7,150,261060
2026-04-13T10:40:49.162,NF,BANKNIFTY28APR2655500PE,1294.55,1025.0,1564.3,1025.0,785.6,319380,1427.36,1292.3,120,1296.3,120,261060
2026-04-13T10:40:59.179,NF,BANKNIFTY28APR2655500PE,1294.55,1025.0,1564.3,1025.0,785.6,319500,1427.31,1296.0,180,1299.65,150,261060
2026-04-13T10:41:04.185,NF,BANKNIFTY28APR2655500PE,1300.0,1025.0,1564.3,1025.0,785.6,319620,1427.26,1298.35,30,1300.0,15780,261060
2026-04-13T10:41:05.382,NF,BANKNIFTY28APR2655500PE,1297.55,1025.0,1564.3,1025.0,785.6,319710,1427.23,1296.7,30,1299.95,150,261060
2026-04-13T10:41:06.598,NF,BANKNIFTY28APR2655500PE,1296.7,1025.0,1564.3,1025.0,785.6,319770,1427.2,1293.55,30,1297.0,30,261060
2026-04-13T10:41:07.787,NF,BANKNIFTY28APR2655500PE,1298.5,1025.0,1564.3,1025.0,785.6,320580,1426.87,1295.0,150,1298.65,60,261060
2026-04-13T10:41:08.984,NF,BANKNIFTY28APR2655500PE,1296.05,1025.0,1564.3,1025.0,785.6,321090,1426.67,1295.8,30,1298.95,120,261060
2026-04-13T10:41:10.201,NF,BANKNIFTY28APR2655500PE,1299.1,1025.0,1564.3,1025.0,785.6,321660,1426.44,1296.15,120,1299.7,90,261060
2026-04-13T10:41:11.387,NF,BANKNIFTY28APR2655500PE,1298.1,1025.0,1564.3,1025.0,785.6,322320,1426.18,1293.85,30,1297.95,60,261060
2026-04-13T10:41:12.591,NF,BANKNIFTY28APR2655500PE,1294.75,1025.0,1564.3,1025.0,785.6,323580,1425.68,1293.45,30,1297.65,120,261060
2026-04-13T10:41:13.797,NF,BANKNIFTY28APR2655500PE,1293.9,1025.0,1564.3,1025.0,785.6,323670,1425.65,1290.5,150,1294.85,150,261060
2026-04-13T10:41:15.010,NF,BANKNIFTY28APR2655500PE,1291.15,1025.0,1564.3,1025.0,785.6,323700,1425.63,1291.1,30,1294.8,120,261060
2026-04-13T10:41:16.205,NF,BANKNIFTY28APR2655500PE,1290.55,1025.0,1564.3,1025.0,785.6,323760,1425.61,1290.45,30,1294.25,90,261060
2026-04-13T10:41:17.595,NF,BANKNIFTY28APR2655500PE,1288.25,1025.0,1564.3,1025.0,785.6,323880,1425.56,1288.5,30,1292.45,180,261060
2026-04-13T10:41:18.800,NF,BANKNIFTY28APR2655500PE,1288.25,1025.0,1564.3,1025.0,785.6,323970,1425.52,1290.35,30,1294.45,120,261060
2026-04-13T10:41:20.003,NF,BANKNIFTY28APR2655500PE,1290.8,1025.0,1564.3,1025.0,785.6,324060,1425.48,1290.45,150,1294.15,150,261060
2026-04-13T10:41:21.210,NF,BANKNIFTY28APR2655500PE,1295.6,1025.0,1564.3,1025.0,785.6,325350,1424.96,1292.35,120,1296.55,120,261060
2026-04-13T10:41:22.606,NF,BANKNIFTY28APR2655500PE,1296.85,1025.0,1564.3,1025.0,785.6,326340,1424.57,1296.2,30,1299.95,150,261060
2026-04-13T10:41:23.832,NF,BANKNIFTY28APR2655500PE,1296.4,1025.0,1564.3,1025.0,785.6,326400,1424.55,1296.2,60,1299.95,330,261060
2026-04-13T10:41:25.015,NF,BANKNIFTY28APR2655500PE,1299.75,1025.0,1564.3,1025.0,785.6,326640,1424.45,1295.6,150,1299.4,150,261060
2026-04-13T10:41:27.625,NF,BANKNIFTY28APR2655500PE,1296.7,1025.0,1564.3,1025.0,785.6,326970,1424.32,1293.1,150,1297.5,30,261060
2026-04-13T10:41:35.027,NF,BANKNIFTY28APR2655500PE,1300.0,1025.0,1564.3,1025.0,785.6,342990,1418.52,1302.7,30,1306.8,120,261060
2026-04-13T10:41:36.227,NF,BANKNIFTY28APR2655500PE,1302.8,1025.0,1564.3,1025.0,785.6,343020,1418.51,1305.0,150,1308.2,120,261060
2026-04-13T10:41:37.429,NF,BANKNIFTY28APR2655500PE,1308.2,1025.0,1564.3,1025.0,785.6,343050,1418.5,1306.6,120,1309.45,120,261060
2026-04-13T10:41:38.832,NF,BANKNIFTY28APR2655500PE,1311.25,1025.0,1564.3,1025.0,785.6,343980,1418.2,1313.65,30,1314.65,120,261060
2026-04-13T10:41:42.647,NF,BANKNIFTY28APR2655500PE,1330.65,1025.0,1564.3,1025.0,785.6,344220,1418.14,1331.65,30,1335.15,600,261060
2026-04-13T10:41:43.848,NF,BANKNIFTY28APR2655500PE,1335.15,1025.0,1564.3,1025.0,785.6,344520,1418.07,1332.25,30,1336.4,120,261060
2026-04-13T10:41:45.048,NF,BANKNIFTY28APR2655500PE,1334.05,1025.0,1564.3,1025.0,785.6,344580,1418.05,1337.85,60,1341.65,120,261060
2026-04-13T10:41:46.245,NF,BANKNIFTY28APR2655500PE,1336.3,1025.0,1564.3,1025.0,785.6,344910,1417.98,1332.8,30,1336.9,120,261060
2026-04-13T10:41:47.651,NF,BANKNIFTY28APR2655500PE,1336.75,1025.0,1564.3,1025.0,785.6,345060,1417.94,1333.8,60,1337.3,30,261060
2026-04-13T10:41:48.859,NF,BANKNIFTY28APR2655500PE,1337.75,1025.0,1564.3,1025.0,785.6,345090,1417.94,1335.75,30,1338.75,30,261060
2026-04-13T10:41:50.048,NF,BANKNIFTY28APR2655500PE,1340.7,1025.0,1564.3,1025.0,785.6,345120,1417.93,1336.85,60,1341.1,30,261060
2026-04-13T10:41:51.249,NF,BANKNIFTY28APR2655500PE,1338.3,1025.0,1564.3,1025.0,785.6,345210,1417.91,1338.35,90,1342.25,150,261060
2026-04-13T10:41:53.671,NF,BANKNIFTY28APR2655500PE,1348.0,1025.0,1564.3,1025.0,785.6,345480,1417.86,1348.0,30,1351.8,60,261060
2026-04-13T10:41:55.072,NF,BANKNIFTY28APR2655500PE,1351.95,1025.0,1564.3,1025.0,785.6,345750,1417.8,1352.25,90,1356.2,120,261060
2026-04-13T10:41:56.259,NF,BANKNIFTY28APR2655500PE,1350.85,1025.0,1564.3,1025.0,785.6,345780,1417.8,1348.05,120,1352.95,150,261060
2026-04-13T10:42:02.271,NF,BANKNIFTY28APR2655500PE,1350.85,1025.0,1564.3,1025.0,785.6,345810,1417.79,1348.9,60,1354.85,120,261060
2026-04-13T10:42:04.878,NF,BANKNIFTY28APR2655500PE,1351.0,1025.0,1564.3,1025.0,785.6,345930,1417.77,1345.7,90,1350.95,30,261060
2026-04-13T10:42:10.879,NF,BANKNIFTY28APR2655500PE,1343.55,1025.0,1564.3,1025.0,785.6,345990,1417.76,1344.95,150,1349.0,120,261060
2026-04-13T10:42:15.687,NF,BANKNIFTY28APR2655500PE,1346.75,1025.0,1564.3,1025.0,785.6,346110,1417.73,1342.75,30,1346.55,270,261060
2026-04-13T10:42:24.097,NF,BANKNIFTY28APR2655500PE,1346.8,1025.0,1564.3,1025.0,785.6,346140,1417.73,1345.65,30,1350.45,120,261060
2026-04-13T10:42:26.501,NF,BANKNIFTY28APR2655500PE,1348.05,1025.0,1564.3,1025.0,785.6,346260,1417.7,1343.05,60,1348.5,90,261060
2026-04-13T10:42:27.704,NF,BANKNIFTY28APR2655500PE,1344.0,1025.0,1564.3,1025.0,785.6,346320,1417.69,1343.75,90,1348.2,30,261060
2026-04-13T10:42:30.120,NF,BANKNIFTY28APR2655500PE,1343.2,1025.0,1564.3,1025.0,785.6,346440,1417.66,1342.2,30,1347.15,90,261060
2026-04-13T10:42:42.125,NF,BANKNIFTY28APR2655500PE,1350.95,1025.0,1564.3,1025.0,785.6,346530,1417.65,1346.45,90,1351.0,90,261060
2026-04-13T10:42:45.932,NF,BANKNIFTY28APR2655500PE,1350.75,1025.0,1564.3,1025.0,785.6,346650,1417.62,1345.85,30,1350.2,180,261060
2026-04-13T10:42:49.540,NF,BANKNIFTY28APR2655500PE,1351.0,1025.0,1564.3,1025.0,785.6,346950,1417.56,1346.85,30,1351.1,60,261060
2026-04-13T10:42:55.943,NF,BANKNIFTY28APR2655500PE,1354.2,1025.0,1564.3,1025.0,785.6,346980,1417.56,1349.6,60,1353.75,240,261060
2026-04-13T10:42:58.355,NF,BANKNIFTY28APR2655500PE,1347.2,1025.0,1564.3,1025.0,785.6,347010,1417.55,1345.7,30,1350.15,60,261060
2026-04-13T10:43:02.155,NF,BANKNIFTY28APR2655500PE,1345.35,1025.0,1564.3,1025.0,785.6,347040,1417.55,1344.15,120,1348.8,60,261060
2026-04-13T10:43:12.174,NF,BANKNIFTY28APR2655500PE,1349.25,1025.0,1564.3,1025.0,785.6,347100,1417.54,1345.7,30,1350.05,60,261060
2026-04-13T10:43:13.399,NF,BANKNIFTY28APR2655500PE,1347.3,1025.0,1564.3,1025.0,785.6,347130,1417.53,1343.0,60,1347.75,30,261060
2026-04-13T10:43:17.195,NF,BANKNIFTY28APR2655500PE,1350.5,1025.0,1564.3,1025.0,785.6,347160,1417.52,1343.7,120,1348.85,30,261060
2026-04-13T10:43:32.007,NF,BANKNIFTY28APR2655500PE,1340.0,1025.0,1564.3,1025.0,785.6,347190,1417.52,1336.5,120,1341.05,30,261060
2026-04-13T10:43:48.031,NF,BANKNIFTY28APR2655500PE,1332.15,1025.0,1564.3,1025.0,785.6,347220,1417.51,1328.55,60,1332.7,60,253830
2026-04-13T10:43:54.051,NF,BANKNIFTY28APR2655500PE,1332.0,1025.0,1564.3,1025.0,785.6,347250,1417.5,1329.25,90,1333.75,60,253830
2026-04-13T10:44:02.653,NF,BANKNIFTY28APR2655500PE,1322.55,1025.0,1564.3,1025.0,785.6,347550,1417.42,1323.45,90,1328.35,90,253830
2026-04-13T10:44:17.275,NF,BANKNIFTY28APR2655500PE,1335.0,1025.0,1564.3,1025.0,785.6,348750,1417.14,1328.7,30,1333.5,60,253830
2026-04-13T10:44:18.681,NF,BANKNIFTY28APR2655500PE,1334.2,1025.0,1564.3,1025.0,785.6,349440,1416.97,1329.75,30,1334.55,30,253830
2026-04-13T10:44:19.877,NF,BANKNIFTY28APR2655500PE,1333.85,1025.0,1564.3,1025.0,785.6,350640,1416.69,1327.85,150,1332.85,30,253830
2026-04-13T10:44:35.699,NF,BANKNIFTY28APR2655500PE,1320.3,1025.0,1564.3,1025.0,785.6,350730,1416.66,1315.3,30,1320.45,30,253830
2026-04-13T10:44:42.108,NF,BANKNIFTY28APR2655500PE,1315.0,1025.0,1564.3,1025.0,785.6,350760,1416.65,1315.6,30,1318.15,30,253830
2026-04-13T10:44:44.512,NF,BANKNIFTY28APR2655500PE,1315.2,1025.0,1564.3,1025.0,785.6,350790,1416.65,1314.6,150,1318.15,30,253830
2026-04-13T10:44:45.719,NF,BANKNIFTY28APR2655500PE,1314.7,1025.0,1564.3,1025.0,785.6,350910,1416.61,1313.25,150,1316.9,30,253830
2026-04-13T10:44:50.726,NF,BANKNIFTY28APR2655500PE,1315.6,1025.0,1564.3,1025.0,785.6,351000,1416.58,1310.75,120,1315.5,120,253830
2026-04-13T10:44:55.743,NF,BANKNIFTY28APR2655500PE,1319.25,1025.0,1564.3,1025.0,785.6,351030,1416.58,1317.0,30,1322.2,90,253830
2026-04-13T10:45:11.963,NF,BANKNIFTY28APR2655500PE,1298.0,1025.0,1564.3,1025.0,785.6,351150,1416.54,1295.45,120,1300.8,60,253830
2026-04-13T10:45:16.960,NF,BANKNIFTY28APR2655500PE,1288.1,1025.0,1564.3,1025.0,785.6,351420,1416.44,1288.1,210,1292.35,60,253830
2026-04-13T10:45:19.367,NF,BANKNIFTY28APR2655500PE,1281.5,1025.0,1564.3,1025.0,785.6,351600,1416.37,1283.0,150,1287.6,30,253830
2026-04-13T10:45:21.976,NF,BANKNIFTY28APR2655500PE,1285.95,1025.0,1564.3,1025.0,785.6,351660,1416.35,1282.55,180,1286.05,30,253830
2026-04-13T10:45:23.173,NF,BANKNIFTY28APR2655500PE,1286.3,1025.0,1564.3,1025.0,785.6,351780,1416.3,1286.2,150,1289.95,30,253830
2026-04-13T10:45:36.798,NF,BANKNIFTY28APR2655500PE,1294.0,1025.0,1564.3,1025.0,785.6,351900,1416.26,1292.7,30,1297.7,60,253830
2026-04-13T10:45:50.215,NF,BANKNIFTY28APR2655500PE,1290.55,1025.0,1564.3,1025.0,785.6,351930,1416.25,1290.35,210,1294.6,60,253830
2026-04-13T10:45:51.415,NF,BANKNIFTY28APR2655500PE,1290.5,1025.0,1564.3,1025.0,785.6,352050,1416.21,1287.1,120,1292.5,240,253830
2026-04-13T10:45:55.033,NF,BANKNIFTY28APR2655500PE,1291.7,1025.0,1564.3,1025.0,785.6,352080,1416.2,1288.5,150,1292.65,30,253830
2026-04-13T10:45:57.448,NF,BANKNIFTY28APR2655500PE,1292.05,1025.0,1564.3,1025.0,785.6,352110,1416.19,1287.25,60,1291.2,120,253830
2026-04-13T10:46:02.432,NF,BANKNIFTY28APR2655500PE,1290.0,1025.0,1564.3,1025.0,785.6,352140,1416.18,1286.95,30,1290.95,150,253830
2026-04-13T10:46:04.839,NF,BANKNIFTY28APR2655500PE,1289.4,1025.0,1564.3,1025.0,785.6,352260,1416.13,1286.45,60,1290.85,150,253830
2026-04-13T10:46:06.045,NF,BANKNIFTY28APR2655500PE,1286.3,1025.0,1564.3,1025.0,785.6,352290,1416.12,1284.3,90,1288.15,120,253830
2026-04-13T10:46:07.248,NF,BANKNIFTY28APR2655500PE,1286.3,1025.0,1564.3,1025.0,785.6,352320,1416.11,1282.6,30,1286.4,120,253830
2026-04-13T10:46:08.459,NF,BANKNIFTY28APR2655500PE,1282.85,1025.0,1564.3,1025.0,785.6,352410,1416.08,1282.85,30,1287.1,150,253830
2026-04-13T10:46:09.667,NF,BANKNIFTY28APR2655500PE,1281.8,1025.0,1564.3,1025.0,785.6,352470,1416.05,1282.05,120,1287.35,120,253830
2026-04-13T10:46:11.051,NF,BANKNIFTY28APR2655500PE,1284.5,1025.0,1564.3,1025.0,785.6,352650,1415.99,1280.7,30,1285.05,120,253830
2026-04-13T10:46:12.249,NF,BANKNIFTY28APR2655500PE,1278.6,1025.0,1564.3,1025.0,785.6,352770,1415.94,1278.15,60,1282.4,30,253830
2026-04-13T10:46:26.701,NF,BANKNIFTY28APR2655500PE,1276.05,1025.0,1564.3,1025.0,785.6,353130,1415.8,1276.0,30,1280.25,60,253830
2026-04-13T10:46:36.099,NF,BANKNIFTY28APR2655500PE,1277.1,1025.0,1564.3,1025.0,785.6,353190,1415.78,1278.0,60,1282.6,60,253830
2026-04-13T10:46:39.292,NF,BANKNIFTY28APR2655500PE,1277.35,1025.0,1564.3,1025.0,785.6,353310,1415.73,1277.1,30,1280.25,30,253830
2026-04-13T10:46:40.502,NF,BANKNIFTY28APR2655500PE,1277.1,1025.0,1564.3,1025.0,785.6,353340,1415.72,1275.3,120,1279.65,30,253860
2026-04-13T10:46:44.122,NF,BANKNIFTY28APR2655500PE,1277.5,1025.0,1564.3,1025.0,785.6,353400,1415.69,1273.15,210,1277.3,60,253860
2026-04-13T10:46:46.506,NF,BANKNIFTY28APR2655500PE,1277.8,1025.0,1564.3,1025.0,785.6,353580,1415.62,1273.6,30,1277.65,30,253860
2026-04-13T10:46:47.907,NF,BANKNIFTY28APR2655500PE,1276.4,1025.0,1564.3,1025.0,785.6,353640,1415.6,1272.0,30,1275.75,30,253860
2026-04-13T10:46:49.107,NF,BANKNIFTY28APR2655500PE,1272.0,1025.0,1564.3,1025.0,785.6,353700,1415.58,1271.0,30,1273.85,630,253860
2026-04-13T10:46:51.534,NF,BANKNIFTY28APR2655500PE,1274.65,1025.0,1564.3,1025.0,785.6,353790,1415.54,1272.45,90,1276.3,60,253860
2026-04-13T10:47:04.947,NF,BANKNIFTY28APR2655500PE,1278.2,1025.0,1564.3,1025.0,785.6,354030,1415.45,1280.45,30,1285.55,90,253860
2026-04-13T10:47:06.142,NF,BANKNIFTY28APR2655500PE,1281.75,1025.0,1564.3,1025.0,785.6,354210,1415.38,1285.0,150,1291.05,30,253860
2026-04-13T10:47:14.954,NF,BANKNIFTY28APR2655500PE,1284.45,1025.0,1564.3,1025.0,785.6,354270,1415.36,1283.1,150,1288.35,30,253860
2026-04-13T10:47:18.560,NF,BANKNIFTY28APR2655500PE,1288.65,1025.0,1564.3,1025.0,785.6,354360,1415.32,1283.7,90,1288.3,150,253860
2026-04-13T10:47:30.974,NF,BANKNIFTY28APR2655500PE,1293.6,1025.0,1564.3,1025.0,785.6,354390,1415.31,1292.35,90,1297.15,60,253860
2026-04-13T10:47:34.585,NF,BANKNIFTY28APR2655500PE,1296.6,1025.0,1564.3,1025.0,785.6,354450,1415.29,1292.9,30,1296.85,180,253860
2026-04-13T10:47:35.785,NF,BANKNIFTY28APR2655500PE,1296.35,1025.0,1564.3,1025.0,785.6,354480,1415.28,1290.45,30,1295.6,120,253860
2026-04-13T10:47:38.389,NF,BANKNIFTY28APR2655500PE,1297.1,1025.0,1564.3,1025.0,785.6,354510,1415.27,1292.1,90,1297.15,120,253860
2026-04-13T10:47:49.396,NF,BANKNIFTY28APR2655500PE,1298.0,1025.0,1564.3,1025.0,785.6,354540,1415.26,1296.55,120,1300.85,660,253860
2026-04-13T10:48:00.412,NF,BANKNIFTY28APR2655500PE,1292.75,1025.0,1564.3,1025.0,785.6,354570,1415.25,1288.0,120,1293.15,30,253860
2026-04-13T10:48:04.023,NF,BANKNIFTY28APR2655500PE,1286.95,1025.0,1564.3,1025.0,785.6,354600,1415.24,1282.75,60,1287.25,150,253860
2026-04-13T10:48:19.855,NF,BANKNIFTY28APR2655500PE,1286.65,1025.0,1564.3,1025.0,785.6,354690,1415.21,1281.45,90,1286.9,150,253860
2026-04-13T10:48:21.071,NF,BANKNIFTY28APR2655500PE,1280.0,1025.0,1564.3,1025.0,785.6,354720,1415.2,1277.2,30,1281.85,30,253860
2026-04-13T10:48:23.670,NF,BANKNIFTY28APR2655500PE,1282.55,1025.0,1564.3,1025.0,785.6,354750,1415.19,1280.35,90,1284.6,30,253860
2026-04-13T10:48:35.869,NF,BANKNIFTY28APR2655500PE,1280.0,1025.0,1564.3,1025.0,785.6,354780,1415.18,1276.8,30,1281.25,30,253860
2026-04-13T10:48:45.696,NF,BANKNIFTY28APR2655500PE,1284.05,1025.0,1564.3,1025.0,785.6,354870,1415.14,1279.9,150,1285.1,30,253860
2026-04-13T10:48:50.496,NF,BANKNIFTY28APR2655500PE,1281.75,1025.0,1564.3,1025.0,785.6,354930,1415.12,1281.65,90,1286.25,90,253860
2026-04-13T10:48:58.903,NF,BANKNIFTY28APR2655500PE,1287.8,1025.0,1564.3,1025.0,785.6,354960,1415.11,1285.05,30,1289.6,60,253860
2026-04-13T10:49:14.528,NF,BANKNIFTY28APR2655500PE,1300.0,1025.0,1564.3,1025.0,785.6,354990,1415.1,1297.85,60,1302.75,150,253860
2026-04-13T10:49:24.368,NF,BANKNIFTY28APR2655500PE,1298.1,1025.0,1564.3,1025.0,785.6,355020,1415.09,1293.0,30,1297.5,60,253860
2026-04-13T10:49:34.157,NF,BANKNIFTY28APR2655500PE,1295.9,1025.0,1564.3,1025.0,785.6,355050,1415.08,1292.65,150,1297.35,60,253860
2026-04-13T10:49:59.192,NF,BANKNIFTY28APR2655500PE,1297.75,1025.0,1564.3,1025.0,785.6,355140,1415.05,1294.35,150,1299.15,90,254010
2026-04-13T10:50:21.461,NF,BANKNIFTY28APR2655500PE,1301.2,1025.0,1564.3,1025.0,785.6,355170,1415.04,1298.05,30,1301.3,30,254010
2026-04-13T10:50:33.845,NF,BANKNIFTY28APR2655500PE,1294.3,1025.0,1564.3,1025.0,785.6,355200,1415.03,1294.25,150,1298.2,30,254010
2026-04-13T10:50:39.856,NF,BANKNIFTY28APR2655500PE,1298.85,1025.0,1564.3,1025.0,785.6,355230,1415.02,1295.25,120,1299.0,60,254010
2026-04-13T10:50:48.470,NF,BANKNIFTY28APR2655500PE,1292.45,1025.0,1564.3,1025.0,785.6,355260,1415.01,1290.05,30,1293.7,60,254010
2026-04-13T10:51:00.885,NF,BANKNIFTY28APR2655500PE,1294.8,1025.0,1564.3,1025.0,785.6,355290,1415.0,1294.05,30,1298.9,120,254010
2026-04-13T10:51:07.095,NF,BANKNIFTY28APR2655500PE,1295.0,1025.0,1564.3,1025.0,785.6,355320,1414.99,1294.25,30,1298.4,60,254010
2026-04-13T10:51:19.325,NF,BANKNIFTY28APR2655500PE,1291.4,1025.0,1564.3,1025.0,785.6,355380,1414.97,1287.4,120,1292.1,30,254010
2026-04-13T10:51:30.333,NF,BANKNIFTY28APR2655500PE,1298.0,1025.0,1564.3,1025.0,785.6,355440,1414.95,1293.95,30,1299.2,660,254010
2026-04-13T10:51:50.167,NF,BANKNIFTY28APR2655500PE,1297.25,1025.0,1564.3,1025.0,785.6,355470,1414.94,1292.5,120,1297.1,120,254010
2026-04-13T10:52:01.184,NF,BANKNIFTY28APR2655500PE,1298.0,1025.0,1564.3,1025.0,785.6,355500,1414.93,1294.8,120,1300.15,60,254010
2026-04-13T10:52:08.599,NF,BANKNIFTY28APR2655500PE,1293.45,1025.0,1564.3,1025.0,785.6,355590,1414.9,1293.35,30,1297.8,90,254010
2026-04-13T10:52:24.420,NF,BANKNIFTY28APR2655500PE,1287.75,1025.0,1564.3,1025.0,785.6,355680,1414.87,1283.15,120,1287.75,60,254010
2026-04-13T10:52:29.430,NF,BANKNIFTY28APR2655500PE,1289.35,1025.0,1564.3,1025.0,785.6,355710,1414.86,1285.7,120,1289.4,30,254010
2026-04-13T10:52:42.884,NF,BANKNIFTY28APR2655500PE,1288.45,1025.0,1564.3,1025.0,785.6,355740,1414.84,1286.6,120,1291.45,60,253860
2026-04-13T10:52:51.661,NF,BANKNIFTY28APR2655500PE,1278.75,1025.0,1564.3,1025.0,785.6,355950,1414.76,1277.25,120,1281.9,30,253860
2026-04-13T10:52:52.883,NF,BANKNIFTY28APR2655500PE,1278.9,1025.0,1564.3,1025.0,785.6,356070,1414.72,1274.9,60,1278.55,30,253860
2026-04-13T10:52:56.662,NF,BANKNIFTY28APR2655500PE,1279.35,1025.0,1564.3,1025.0,785.6,356100,1414.71,1274.85,180,1279.3,60,253860
2026-04-13T10:53:01.496,NF,BANKNIFTY28APR2655500PE,1274.65,1025.0,1564.3,1025.0,785.6,356130,1414.69,1272.9,60,1276.9,30,253860
2026-04-13T10:53:04.077,NF,BANKNIFTY28APR2655500PE,1274.05,1025.0,1564.3,1025.0,785.6,356160,1414.68,1274.25,150,1280.25,120,253860
2026-04-13T10:53:22.508,NF,BANKNIFTY28APR2655500PE,1274.0,1025.0,1564.3,1025.0,785.6,356250,1414.65,1271.0,30,1274.35,270,253860
2026-04-13T10:53:23.711,NF,BANKNIFTY28APR2655500PE,1273.4,1025.0,1564.3,1025.0,785.6,356280,1414.64,1271.0,30,1273.4,150,253860
2026-04-13T10:53:25.131,NF,BANKNIFTY28APR2655500PE,1271.0,1025.0,1564.3,1025.0,785.6,356310,1414.62,1270.0,30,1273.25,30,253860
2026-04-13T10:53:37.332,NF,BANKNIFTY28APR2655500PE,1277.0,1025.0,1564.3,1025.0,785.6,356340,1414.61,1274.45,150,1278.7,120,253860
2026-04-13T10:53:48.149,NF,BANKNIFTY28APR2655500PE,1272.1,1025.0,1564.3,1025.0,785.6,356370,1414.6,1270.0,60,1272.55,150,253860
2026-04-13T10:53:59.180,NF,BANKNIFTY28APR2655500PE,1277.0,1025.0,1564.3,1025.0,785.6,356400,1414.59,1272.85,30,1277.4,90,253860
2026-04-13T10:54:08.779,NF,BANKNIFTY28APR2655500PE,1274.25,1025.0,1564.3,1025.0,785.6,356430,1414.58,1270.1,120,1274.55,150,253860
2026-04-13T10:55:00.466,NF,BANKNIFTY28APR2655500PE,1274.25,1025.0,1564.3,1025.0,785.6,356490,1414.55,1274.15,120,1278.95,120,253860
2026-04-13T10:55:06.475,NF,BANKNIFTY28APR2655500PE,1274.3,1025.0,1564.3,1025.0,785.6,356550,1414.53,1272.55,30,1276.2,150,253860
2026-04-13T10:55:13.710,NF,BANKNIFTY28APR2655500PE,1273.5,1025.0,1564.3,1025.0,785.6,356580,1414.52,1272.75,30,1276.9,300,253860
2026-04-13T10:55:17.291,NF,BANKNIFTY28APR2655500PE,1270.0,1025.0,1564.3,1025.0,785.6,356670,1414.48,1267.7,150,1271.55,30,253860
2026-04-13T10:55:24.723,NF,BANKNIFTY28APR2655500PE,1269.2,1025.0,1564.3,1025.0,785.6,356970,1414.36,1265.3,30,1269.5,90,253860
2026-04-13T10:55:27.106,NF,BANKNIFTY28APR2655500PE,1263.6,1025.0,1564.3,1025.0,785.6,357030,1414.33,1260.0,60,1263.1,60,253860
2026-04-13T10:55:31.912,NF,BANKNIFTY28APR2655500PE,1260.0,1025.0,1564.3,1025.0,785.6,357090,1414.31,1261.45,120,1265.25,60,253860
2026-04-13T10:55:33.112,NF,BANKNIFTY28APR2655500PE,1265.25,1025.0,1564.3,1025.0,785.6,357150,1414.28,1260.6,240,1264.55,90,253860
2026-04-13T10:55:36.721,NF,BANKNIFTY28APR2655500PE,1261.45,1025.0,1564.3,1025.0,785.6,357180,1414.27,1258.0,60,1260.4,30,253860
2026-04-13T10:55:37.920,NF,BANKNIFTY28APR2655500PE,1260.35,1025.0,1564.3,1025.0,785.6,357240,1414.24,1255.8,120,1260.35,120,253860
2026-04-13T10:55:39.319,NF,BANKNIFTY28APR2655500PE,1259.0,1025.0,1564.3,1025.0,785.6,357270,1414.23,1255.4,120,1259.2,180,253860
2026-04-13T10:55:40.521,NF,BANKNIFTY28APR2655500PE,1252.7,1025.0,1564.3,1025.0,785.6,357360,1414.19,1254.1,30,1257.65,120,253860
2026-04-13T10:55:42.928,NF,BANKNIFTY28APR2655500PE,1257.7,1025.0,1564.3,1025.0,785.6,357540,1414.11,1258.55,30,1260.7,30,254100
2026-04-13T10:55:44.327,NF,BANKNIFTY28APR2655500PE,1270.0,1025.0,1564.3,1025.0,785.6,358050,1413.91,1267.5,30,1272.65,30,254100
2026-04-13T10:55:55.542,NF,BANKNIFTY28APR2655500PE,1267.9,1025.0,1564.3,1025.0,785.6,358110,1413.88,1264.45,120,1268.15,180,254100
2026-04-13T10:56:01.752,NF,BANKNIFTY28APR2655500PE,1270.0,1025.0,1564.3,1025.0,785.6,358140,1413.87,1266.4,30,1270.0,30,254100
2026-04-13T10:56:07.964,NF,BANKNIFTY28APR2655500PE,1265.4,1025.0,1564.3,1025.0,785.6,358170,1413.86,1264.0,30,1268.95,180,254100
2026-04-13T10:56:10.372,NF,BANKNIFTY28APR2655500PE,1262.65,1025.0,1564.3,1025.0,785.6,358260,1413.82,1262.15,180,1266.0,30,254100
2026-04-13T10:56:11.769,NF,BANKNIFTY28APR2655500PE,1262.6,1025.0,1564.3,1025.0,785.6,358320,1413.79,1264.2,30,1267.8,30,254100
2026-04-13T10:56:12.971,NF,BANKNIFTY28APR2655500PE,1264.0,1025.0,1564.3,1025.0,785.6,358350,1413.78,1262.85,120,1266.7,120,254100
2026-04-13T10:56:22.786,NF,BANKNIFTY28APR2655500PE,1270.0,1025.0,1564.3,1025.0,785.6,358380,1413.77,1270.15,120,1274.5,150,254100
2026-04-13T10:56:40.214,NF,BANKNIFTY28APR2655500PE,1274.8,1025.0,1564.3,1025.0,785.6,358440,1413.75,1272.6,300,1276.6,30,254100
2026-04-13T10:56:48.428,NF,BANKNIFTY28APR2655500PE,1270.35,1025.0,1564.3,1025.0,785.6,358470,1413.73,1269.35,150,1273.8,150,254100
2026-04-13T10:57:01.268,NF,BANKNIFTY28APR2655500PE,1269.2,1025.0,1564.3,1025.0,785.6,358500,1413.72,1264.7,120,1269.3,30,254100
2026-04-13T10:57:03.655,NF,BANKNIFTY28APR2655500PE,1271.8,1025.0,1564.3,1025.0,785.6,358530,1413.71,1269.7,120,1273.9,30,254100
2026-04-13T10:57:08.488,NF,BANKNIFTY28APR2655500PE,1265.85,1025.0,1564.3,1025.0,785.6,358650,1413.66,1265.15,150,1269.45,120,254100
2026-04-13T10:57:09.471,NF,BANKNIFTY28APR2655500PE,1265.65,1025.0,1564.3,1025.0,785.6,358740,1413.62,1266.0,30,1269.9,90,254100
2026-04-13T10:57:13.278,NF,BANKNIFTY28APR2655500PE,1268.9,1025.0,1564.3,1025.0,785.6,358770,1413.61,1264.3,120,1268.4,30,254100
2026-04-13T10:57:14.477,NF,BANKNIFTY28APR2655500PE,1268.4,1025.0,1564.3,1025.0,785.6,358800,1413.6,1265.1,150,1269.55,120,254100
2026-04-13T10:57:15.689,NF,BANKNIFTY28APR2655500PE,1268.75,1025.0,1564.3,1025.0,785.6,358830,1413.59,1264.9,120,1268.95,90,254100
2026-04-13T10:57:18.081,NF,BANKNIFTY28APR2655500PE,1265.65,1025.0,1564.3,1025.0,785.6,358890,1413.56,1263.75,150,1265.65,30,254100
2026-04-13T10:57:19.291,NF,BANKNIFTY28APR2655500PE,1265.65,1025.0,1564.3,1025.0,785.6,359010,1413.51,1265.0,360,1269.5,150,254100
2026-04-13T10:57:22.687,NF,BANKNIFTY28APR2655500PE,1270.3,1025.0,1564.3,1025.0,785.6,359040,1413.5,1268.2,30,1272.3,180,254100
2026-04-13T10:57:25.089,NF,BANKNIFTY28APR2655500PE,1271.35,1025.0,1564.3,1025.0,785.6,359070,1413.49,1267.45,150,1271.7,90,254100
2026-04-13T10:57:27.494,NF,BANKNIFTY28APR2655500PE,1270.95,1025.0,1564.3,1025.0,785.6,359100,1413.48,1266.2,30,1269.85,90,254100
2026-04-13T10:58:24.180,NF,BANKNIFTY28APR2655500PE,1280.15,1025.0,1564.3,1025.0,785.6,359160,1413.45,1278.85,120,1283.45,120,254100
2026-04-13T10:58:26.590,NF,BANKNIFTY28APR2655500PE,1285.35,1025.0,1564.3,1025.0,785.6,359190,1413.44,1282.3,150,1286.3,30,254100
2026-04-13T10:58:30.389,NF,BANKNIFTY28APR2655500PE,1277.05,1025.0,1564.3,1025.0,785.6,359220,1413.43,1276.95,120,1281.1,60,254100
2026-04-13T10:58:51.025,NF,BANKNIFTY28APR2655500PE,1285.0,1025.0,1564.3,1025.0,785.6,359250,1413.42,1285.0,30,1287.7,30,253260
2026-04-13T10:59:00.278,NF,BANKNIFTY28APR2655500PE,1288.05,1025.0,1564.3,1025.0,785.6,359280,1413.41,1284.05,150,1288.45,180,253260
2026-04-13T10:59:10.061,NF,BANKNIFTY28APR2655500PE,1297.75,1025.0,1564.3,1025.0,785.6,359460,1413.35,1294.2,30,1298.0,30,253260
2026-04-13T10:59:11.250,NF,BANKNIFTY28APR2655500PE,1294.4,1025.0,1564.3,1025.0,785.6,359490,1413.34,1294.05,30,1297.55,90,253260
2026-04-13T10:59:12.454,NF,BANKNIFTY28APR2655500PE,1298.0,1025.0,1564.3,1025.0,785.6,359610,1413.3,1295.0,60,1299.2,30,253260
2026-04-13T10:59:14.857,NF,BANKNIFTY28APR2655500PE,1292.3,1025.0,1564.3,1025.0,785.6,359640,1413.29,1292.25,180,1295.8,30,253260
2026-04-13T10:59:20.865,NF,BANKNIFTY28APR2655500PE,1290.0,1025.0,1564.3,1025.0,785.6,359670,1413.28,1288.1,240,1292.6,120,253260
2026-04-13T10:59:22.067,NF,BANKNIFTY28APR2655500PE,1297.75,1025.0,1564.3,1025.0,785.6,359760,1413.25,1291.15,30,1297.75,360,253260
2026-04-13T10:59:24.680,NF,BANKNIFTY28APR2655500PE,1297.45,1025.0,1564.3,1025.0,785.6,359790,1413.25,1293.85,120,1298.2,150,253260
2026-04-13T10:59:30.286,NF,BANKNIFTY28APR2655500PE,1286.95,1025.0,1564.3,1025.0,785.6,359880,1413.21,1287.25,30,1291.8,180,253260
2026-04-13T11:00:21.964,NF,BANKNIFTY28APR2655500PE,1296.2,1025.0,1564.3,1025.0,785.6,359940,1413.19,1292.75,60,1296.2,30,253260
2026-04-13T11:00:29.178,NF,BANKNIFTY28APR2655500PE,1292.15,1025.0,1564.3,1025.0,785.6,360000,1413.17,1289.95,150,1293.95,30,253260
2026-04-13T11:00:31.578,NF,BANKNIFTY28APR2655500PE,1293.8,1025.0,1564.3,1025.0,785.6,360030,1413.16,1290.1,180,1294.0,60,253260
2026-04-13T11:00:33.978,NF,BANKNIFTY28APR2655500PE,1295.55,1025.0,1564.3,1025.0,785.6,360060,1413.15,1293.2,30,1295.95,30,253260
2026-04-13T11:00:39.990,NF,BANKNIFTY28APR2655500PE,1294.8,1025.0,1564.3,1025.0,785.6,360090,1413.14,1292.25,30,1295.15,210,253260
2026-04-13T11:00:43.594,NF,BANKNIFTY28APR2655500PE,1295.2,1025.0,1564.3,1025.0,785.6,360570,1412.99,1292.3,60,1295.2,150,253260
2026-04-13T11:00:46.004,NF,BANKNIFTY28APR2655500PE,1295.6,1025.0,1564.3,1025.0,785.6,360600,1412.98,1295.2,30,1298.2,90,253260
2026-04-13T11:00:57.213,NF,BANKNIFTY28APR2655500PE,1297.35,1025.0,1564.3,1025.0,785.6,360630,1412.97,1296.8,30,1299.65,30,253260
2026-04-13T11:01:09.231,NF,BANKNIFTY28APR2655500PE,1296.4,1025.0,1564.3,1025.0,785.6,360690,1412.95,1296.4,60,1299.45,30,253260
2026-04-13T11:01:16.041,NF,BANKNIFTY28APR2655500PE,1295.8,1025.0,1564.3,1025.0,785.6,360780,1412.92,1295.7,90,1299.45,60,253260
2026-04-13T11:01:22.864,NF,BANKNIFTY28APR2655500PE,1299.9,1025.0,1564.3,1025.0,785.6,360810,1412.91,1297.85,30,1300.0,30,253260
2026-04-13T11:01:26.670,NF,BANKNIFTY28APR2655500PE,1302.6,1025.0,1564.3,1025.0,785.6,360870,1412.89,1302.35,180,1305.0,30,253260
2026-04-13T11:01:31.665,NF,BANKNIFTY28APR2655500PE,1305.0,1025.0,1564.3,1025.0,785.6,361020,1412.85,1300.8,180,1304.9,30,253260
2026-04-13T11:01:37.681,NF,BANKNIFTY28APR2655500PE,1301.85,1025.0,1564.3,1025.0,785.6,361050,1412.84,1301.3,180,1305.55,60,253260
2026-04-13T11:01:38.878,NF,BANKNIFTY28APR2655500PE,1301.65,1025.0,1564.3,1025.0,785.6,361080,1412.83,1304.15,150,1307.85,30,253260
2026-04-13T11:01:51.294,NF,BANKNIFTY28APR2655500PE,1307.75,1025.0,1564.3,1025.0,785.6,361140,1412.81,1307.8,30,1310.0,60,252360
2026-04-13T11:01:57.504,NF,BANKNIFTY28APR2655500PE,1313.1,1025.0,1564.3,1025.0,785.6,361260,1412.78,1310.0,60,1313.7,30,252360
2026-04-13T11:02:01.146,NF,BANKNIFTY28APR2655500PE,1310.3,1025.0,1564.3,1025.0,785.6,361320,1412.76,1305.4,150,1309.95,180,252360
2026-04-13T11:02:02.316,NF,BANKNIFTY28APR2655500PE,1308.8,1025.0,1564.3,1025.0,785.6,361350,1412.75,1303.7,240,1307.75,30,252360
2026-04-13T11:02:03.715,NF,BANKNIFTY28APR2655500PE,1308.0,1025.0,1564.3,1025.0,785.6,361410,1412.73,1303.2,90,1307.0,90,252360
2026-04-13T11:02:04.918,NF,BANKNIFTY28APR2655500PE,1303.85,1025.0,1564.3,1025.0,785.6,361440,1412.72,1303.65,150,1307.75,30,252360
2026-04-13T11:02:06.142,NF,BANKNIFTY28APR2655500PE,1300.0,1025.0,1564.3,1025.0,785.6,361500,1412.71,1296.85,150,1301.7,30,252360
2026-04-13T11:02:09.923,NF,BANKNIFTY28APR2655500PE,1300.0,1025.0,1564.3,1025.0,785.6,361530,1412.7,1297.8,210,1301.65,30,252360
2026-04-13T11:02:13.730,NF,BANKNIFTY28APR2655500PE,1300.0,1025.0,1564.3,1025.0,785.6,361560,1412.69,1297.85,150,1302.05,60,252360
2026-04-13T11:02:16.154,NF,BANKNIFTY28APR2655500PE,1301.65,1025.0,1564.3,1025.0,785.6,361590,1412.68,1296.65,120,1301.65,120,252360
2026-04-13T11:02:22.364,NF,BANKNIFTY28APR2655500PE,1301.2,1025.0,1564.3,1025.0,785.6,361620,1412.67,1301.2,60,1303.85,30,252360
2026-04-13T11:02:23.548,NF,BANKNIFTY28APR2655500PE,1301.2,1025.0,1564.3,1025.0,785.6,361680,1412.65,1298.7,150,1302.6,30,252360
2026-04-13T11:02:30.958,NF,BANKNIFTY28APR2655500PE,1300.2,1025.0,1564.3,1025.0,785.6,361710,1412.64,1295.95,180,1300.4,60,252360
2026-04-13T11:02:47.992,NF,BANKNIFTY28APR2655500PE,1303.65,1025.0,1564.3,1025.0,785.6,361740,1412.63,1299.7,120,1304.0,30,252360
2026-04-13T11:03:03.816,NF,BANKNIFTY28APR2655500PE,1297.5,1025.0,1564.3,1025.0,785.6,361980,1412.56,1292.95,210,1297.3,60,252360
2026-04-13T11:03:16.235,NF,BANKNIFTY28APR2655500PE,1298.6,1025.0,1564.3,1025.0,785.6,362010,1412.55,1295.05,60,1299.15,90,252360
2026-04-13T11:03:21.061,NF,BANKNIFTY28APR2655500PE,1287.65,1025.0,1564.3,1025.0,785.6,362100,1412.52,1289.25,120,1293.65,60,252360
2026-04-13T11:03:22.244,NF,BANKNIFTY28APR2655500PE,1293.65,1025.0,1564.3,1025.0,785.6,362160,1412.5,1290.05,150,1294.75,60,252360
2026-04-13T11:03:28.462,NF,BANKNIFTY28APR2655500PE,1287.4,1025.0,1564.3,1025.0,785.6,362190,1412.49,1287.05,60,1291.4,90,252360
2026-04-13T11:03:40.880,NF,BANKNIFTY28APR2655500PE,1289.7,1025.0,1564.3,1025.0,785.6,362220,1412.48,1286.1,150,1290.2,30,252360
2026-04-13T11:03:43.502,NF,BANKNIFTY28APR2655500PE,1290.95,1025.0,1564.3,1025.0,785.6,362280,1412.46,1293.15,150,1297.35,150,252360
2026-04-13T11:03:48.485,NF,BANKNIFTY28APR2655500PE,1293.15,1025.0,1564.3,1025.0,785.6,362310,1412.45,1291.5,30,1295.7,180,252360
2026-04-13T11:04:26.151,NF,BANKNIFTY28APR2655500PE,1298.0,1025.0,1564.3,1025.0,785.6,362340,1412.44,1296.65,420,1302.15,60,252360
2026-04-13T11:04:46.842,NF,BANKNIFTY28APR2655500PE,1299.95,1025.0,1564.3,1025.0,785.6,362370,1412.43,1297.7,120,1301.95,30,252360
2026-04-13T11:05:15.022,NF,BANKNIFTY28APR2655500PE,1284.25,1025.0,1564.3,1025.0,785.6,362400,1412.42,1280.85,30,1284.0,120,252150
2026-04-13T11:05:16.232,NF,BANKNIFTY28APR2655500PE,1274.05,1025.0,1564.3,1025.0,785.6,362490,1412.38,1278.05,30,1280.0,30,252150
2026-04-13T11:05:18.627,NF,BANKNIFTY28APR2655500PE,1280.0,1025.0,1564.3,1025.0,785.6,362550,1412.36,1280.6,30,1283.95,90,252150
2026-04-13T11:05:26.039,NF,BANKNIFTY28APR2655500PE,1282.3,1025.0,1564.3,1025.0,785.6,362580,1412.35,1279.15,30,1282.6,150,252150
2026-04-13T11:05:34.654,NF,BANKNIFTY28APR2655500PE,1281.4,1025.0,1564.3,1025.0,785.6,362610,1412.34,1278.85,30,1282.55,60,252150
2026-04-13T11:05:38.253,NF,BANKNIFTY28APR2655500PE,1281.65,1025.0,1564.3,1025.0,785.6,362640,1412.33,1278.65,30,1281.85,120,252150
2026-04-13T11:06:04.295,NF,BANKNIFTY28APR2655500PE,1284.7,1025.0,1564.3,1025.0,785.6,362670,1412.32,1285.4,30,1288.45,150,252150
2026-04-13T11:06:10.302,NF,BANKNIFTY28APR2655500PE,1287.7,1025.0,1564.3,1025.0,785.6,362700,1412.31,1284.0,30,1288.1,270,252150
2026-04-13T11:06:12.709,NF,BANKNIFTY28APR2655500PE,1283.8,1025.0,1564.3,1025.0,785.6,362730,1412.3,1283.8,60,1288.35,30,252150
2026-04-13T11:06:13.921,NF,BANKNIFTY28APR2655500PE,1284.95,1025.0,1564.3,1025.0,785.6,362790,1412.28,1282.6,30,1286.2,30,252150
2026-04-13T11:06:15.112,NF,BANKNIFTY28APR2655500PE,1281.85,1025.0,1564.3,1025.0,785.6,362910,1412.23,1281.15,60,1285.7,150,252150
2026-04-13T11:06:18.911,NF,BANKNIFTY28APR2655500PE,1283.15,1025.0,1564.3,1025.0,785.6,362970,1412.21,1283.0,30,1287.35,150,252150
2026-04-13T11:06:36.743,NF,BANKNIFTY28APR2655500PE,1290.75,1025.0,1564.3,1025.0,785.6,363000,1412.2,1288.05,120,1291.95,30,252150
2026-04-13T11:06:38.144,NF,BANKNIFTY28APR2655500PE,1292.0,1025.0,1564.3,1025.0,785.6,363030,1412.19,1288.8,90,1293.1,120,252150
2026-04-13T11:06:39.358,NF,BANKNIFTY28APR2655500PE,1295.5,1025.0,1564.3,1025.0,785.6,363060,1412.18,1291.15,30,1295.05,30,252150
2026-04-13T11:06:51.776,NF,BANKNIFTY28APR2655500PE,1298.0,1025.0,1564.3,1025.0,785.6,363090,1412.17,1295.4,90,1299.25,150,252150
2026-04-13T11:07:00.386,NF,BANKNIFTY28APR2655500PE,1301.9,1025.0,1564.3,1025.0,785.6,363120,1412.16,1298.55,30,1303.55,120,252150
2026-04-13T11:07:07.812,NF,BANKNIFTY28APR2655500PE,1302.95,1025.0,1564.3,1025.0,785.6,363420,1412.07,1299.7,30,1303.75,150,252150
2026-04-13T11:07:29.027,NF,BANKNIFTY28APR2655500PE,1292.75,1025.0,1564.3,1025.0,785.6,363450,1412.06,1293.65,120,1296.55,30,252150
2026-04-13T11:07:36.437,NF,BANKNIFTY28APR2655500PE,1297.85,1025.0,1564.3,1025.0,785.6,363480,1412.05,1298.95,90,1302.8,90,252150
2026-04-13T11:07:49.455,NF,BANKNIFTY28APR2655500PE,1296.85,1025.0,1564.3,1025.0,785.6,363510,1412.04,1293.95,30,1298.75,60,252150
2026-04-13T11:08:01.687,NF,BANKNIFTY28APR2655500PE,1292.55,1025.0,1564.3,1025.0,785.6,363540,1412.03,1294.4,390,1296.85,60,252000
2026-04-13T11:08:02.922,NF,BANKNIFTY28APR2655500PE,1300.15,1025.0,1564.3,1025.0,785.6,363630,1412.01,1297.95,120,1301.55,60,252000
2026-04-13T11:09:01.978,NF,BANKNIFTY28APR2655500PE,1296.35,1025.0,1564.3,1025.0,785.6,363660,1412.0,1294.9,30,1298.7,30,252000
2026-04-13T11:09:08.203,NF,BANKNIFTY28APR2655500PE,1300.0,1025.0,1564.3,1025.0,785.6,363690,1411.99,1300.1,150,1304.3,60,252000
2026-04-13T11:09:13.191,NF,BANKNIFTY28APR2655500PE,1302.15,1025.0,1564.3,1025.0,785.6,363720,1411.98,1298.4,120,1302.8,120,252000
2026-04-13T11:09:19.392,NF,BANKNIFTY28APR2655500PE,1296.35,1025.0,1564.3,1025.0,785.6,364020,1411.88,1292.45,30,1296.8,150,252000
2026-04-13T11:09:38.023,NF,BANKNIFTY28APR2655500PE,1299.5,1025.0,1564.3,1025.0,785.6,364110,1411.86,1295.35,150,1299.5,30,252000
2026-04-13T11:09:47.842,NF,BANKNIFTY28APR2655500PE,1298.35,1025.0,1564.3,1025.0,785.6,364140,1411.85,1296.55,120,1301.15,120,252000
2026-04-13T11:09:55.058,NF,BANKNIFTY28APR2655500PE,1299.15,1025.0,1564.3,1025.0,785.6,364170,1411.84,1300.0,90,1304.15,360,252000
2026-04-13T11:10:02.802,NF,BANKNIFTY28APR2655500PE,1298.35,1025.0,1564.3,1025.0,785.6,364200,1411.83,1295.15,120,1299.1,30,252000
2026-04-13T11:10:11.079,NF,BANKNIFTY28APR2655500PE,1307.0,1025.0,1564.3,1025.0,785.6,364260,1411.81,1299.25,90,1303.3,30,252000
2026-04-13T11:10:35.521,NF,BANKNIFTY28APR2655500PE,1302.95,1025.0,1564.3,1025.0,785.6,364350,1411.78,1299.8,30,1303.0,60,252000
2026-04-13T11:10:57.155,NF,BANKNIFTY28APR2655500PE,1314.9,1025.0,1564.3,1025.0,785.6,364410,1411.77,1316.8,30,1320.0,60,252000
2026-04-13T11:11:00.957,NF,BANKNIFTY28APR2655500PE,1318.45,1025.0,1564.3,1025.0,785.6,364440,1411.76,1317.9,30,1320.0,150,252000
2026-04-13T11:11:04.566,NF,BANKNIFTY28APR2655500PE,1320.0,1025.0,1564.3,1025.0,785.6,364530,1411.74,1321.2,180,1325.0,30,252000
2026-04-13T11:11:05.782,NF,BANKNIFTY28APR2655500PE,1321.05,1025.0,1564.3,1025.0,785.6,364890,1411.65,1321.35,120,1325.0,30,252000
2026-04-13T11:11:07.167,NF,BANKNIFTY28APR2655500PE,1325.25,1025.0,1564.3,1025.0,785.6,364950,1411.63,1325.5,30,1329.05,60,252000
2026-04-13T11:11:09.573,NF,BANKNIFTY28APR2655500PE,1328.05,1025.0,1564.3,1025.0,785.6,364980,1411.63,1327.95,30,1331.75,60,252000
2026-04-13T11:11:13.376,NF,BANKNIFTY28APR2655500PE,1324.1,1025.0,1564.3,1025.0,785.6,365010,1411.62,1322.55,30,1327.2,30,252000
2026-04-13T11:11:14.579,NF,BANKNIFTY28APR2655500PE,1322.55,1025.0,1564.3,1025.0,785.6,365070,1411.6,1320.5,60,1325.4,150,252000
2026-04-13T11:11:15.781,NF,BANKNIFTY28APR2655500PE,1321.15,1025.0,1564.3,1025.0,785.6,365130,1411.59,1321.2,60,1325.4,150,252000
2026-04-13T11:11:21.991,NF,BANKNIFTY28APR2655500PE,1325.15,1025.0,1564.3,1025.0,785.6,365160,1411.58,1325.95,60,1330.65,60,252000
2026-04-13T11:11:40.646,NF,BANKNIFTY28APR2655500PE,1330.55,1025.0,1564.3,1025.0,785.6,365340,1411.54,1326.95,30,1331.55,60,252000
2026-04-13T11:12:04.058,NF,BANKNIFTY28APR2655500PE,1318.4,1025.0,1564.3,1025.0,785.6,365370,1411.53,1318.4,60,1323.05,30,252000
2026-04-13T11:12:05.256,NF,BANKNIFTY28APR2655500PE,1316.1,1025.0,1564.3,1025.0,785.6,365460,1411.51,1316.35,30,1320.75,30,252000
2026-04-13T11:12:14.064,NF,BANKNIFTY28APR2655500PE,1311.5,1025.0,1564.3,1025.0,785.6,365520,1411.49,1310.15,60,1314.65,150,252000
2026-04-13T11:12:17.685,NF,BANKNIFTY28APR2655500PE,1311.2,1025.0,1564.3,1025.0,785.6,365580,1411.48,1306.7,60,1311.25,150,252000
2026-04-13T11:12:23.880,NF,BANKNIFTY28APR2655500PE,1307.2,1025.0,1564.3,1025.0,785.6,365640,1411.46,1307.4,120,1312.05,180,252000
2026-04-13T11:12:48.720,NF,BANKNIFTY28APR2655500PE,1305.95,1025.0,1564.3,1025.0,785.6,365880,1411.39,1303.25,30,1308.15,30,252000
2026-04-13T11:12:54.936,NF,BANKNIFTY28APR2655500PE,1308.05,1025.0,1564.3,1025.0,785.6,365910,1411.38,1305.6,330,1310.65,60,252000
2026-04-13T11:12:59.941,NF,BANKNIFTY28APR2655500PE,1308.05,1025.0,1564.3,1025.0,785.6,365940,1411.37,1303.65,30,1308.0,30,252000
2026-04-13T11:13:08.353,NF,BANKNIFTY28APR2655500PE,1308.25,1025.0,1564.3,1025.0,785.6,365970,1411.37,1308.05,30,1311.25,60,252000
2026-04-13T11:13:09.756,NF,BANKNIFTY28APR2655500PE,1308.05,1025.0,1564.3,1025.0,785.6,366000,1411.36,1302.85,150,1308.2,120,252000
2026-04-13T11:13:27.576,NF,BANKNIFTY28APR2655500PE,1310.3,1025.0,1564.3,1025.0,785.6,366030,1411.35,1307.35,120,1312.3,150,252000
2026-04-13T11:13:38.200,NF,BANKNIFTY28APR2655500PE,1308.8,1025.0,1564.3,1025.0,785.6,366060,1411.34,1303.7,60,1308.15,120,252000
2026-04-13T11:13:50.063,NF,BANKNIFTY28APR2655500PE,1309.0,1025.0,1564.3,1025.0,785.6,372120,1409.67,1304.6,120,1309.3,30,251550
2026-04-13T11:14:22.267,NF,BANKNIFTY28APR2655500PE,1306.8,1025.0,1564.3,1025.0,785.6,372180,1409.65,1304.5,120,1309.0,120,251550
2026-04-13T11:14:23.470,NF,BANKNIFTY28APR2655500PE,1310.55,1025.0,1564.3,1025.0,785.6,372540,1409.55,1311.7,150,1316.6,30,251550
2026-04-13T11:14:25.867,NF,BANKNIFTY28APR2655500PE,1309.45,1025.0,1564.3,1025.0,785.6,372570,1409.55,1310.7,270,1315.35,60,251550
2026-04-13T11:14:42.294,NF,BANKNIFTY28APR2655500PE,1309.45,1025.0,1564.3,1025.0,785.6,372600,1409.54,1308.4,120,1312.85,120,251550
2026-04-13T11:14:43.486,NF,BANKNIFTY28APR2655500PE,1315.15,1025.0,1564.3,1025.0,785.6,372630,1409.53,1310.45,150,1314.95,60,251550
2026-04-13T11:14:50.717,NF,BANKNIFTY28APR2655500PE,1310.0,1025.0,1564.3,1025.0,785.6,372810,1409.48,1311.1,120,1314.9,30,251550
2026-04-13T11:14:51.911,NF,BANKNIFTY28APR2655500PE,1311.75,1025.0,1564.3,1025.0,785.6,372840,1409.47,1311.25,150,1315.05,60,251550
2026-04-13T11:15:01.732,NF,BANKNIFTY28APR2655500PE,1310.0,1025.0,1564.3,1025.0,785.6,378660,1407.95,1305.9,30,1309.7,60,251550
2026-04-13T11:15:10.330,NF,BANKNIFTY28APR2655500PE,1304.8,1025.0,1564.3,1025.0,785.6,378690,1407.94,1302.0,120,1305.8,60,251550
2026-04-13T11:15:14.155,NF,BANKNIFTY28APR2655500PE,1303.45,1025.0,1564.3,1025.0,785.6,378720,1407.93,1300.15,30,1303.5,30,251550
2026-04-13T11:15:16.564,NF,BANKNIFTY28APR2655500PE,1300.0,1025.0,1564.3,1025.0,785.6,378930,1407.87,1297.2,180,1300.75,90,251550
2026-04-13T11:15:19.144,NF,BANKNIFTY28APR2655500PE,1300.25,1025.0,1564.3,1025.0,785.6,378960,1407.86,1297.9,90,1302.05,90,251550
2026-04-13T11:15:31.359,NF,BANKNIFTY28APR2655500PE,1298.55,1025.0,1564.3,1025.0,785.6,379020,1407.84,1298.75,150,1302.65,150,251550
2026-04-13T11:15:34.972,NF,BANKNIFTY28APR2655500PE,1298.8,1025.0,1564.3,1025.0,785.6,380100,1407.54,1296.2,30,1298.75,60,251550
2026-04-13T11:15:52.599,NF,BANKNIFTY28APR2655500PE,1296.0,1025.0,1564.3,1025.0,785.6,380160,1407.52,1296.0,90,1298.4,90,251550
2026-04-13T11:15:56.207,NF,BANKNIFTY28APR2655500PE,1297.85,1025.0,1564.3,1025.0,785.6,380310,1407.47,1298.2,90,1302.55,60,251550
2026-04-13T11:16:11.817,NF,BANKNIFTY28APR2655500PE,1299.15,1025.0,1564.3,1025.0,785.6,380370,1407.46,1298.8,150,1303.35,120,251550
2026-04-13T11:16:13.017,NF,BANKNIFTY28APR2655500PE,1299.0,1025.0,1564.3,1025.0,785.6,380460,1407.43,1296.0,210,1300.25,90,251550
2026-04-13T11:16:14.218,NF,BANKNIFTY28APR2655500PE,1296.0,1025.0,1564.3,1025.0,785.6,380580,1407.4,1296.0,90,1298.45,90,251550
2026-04-13T11:16:15.421,NF,BANKNIFTY28APR2655500PE,1296.0,1025.0,1564.3,1025.0,785.6,380640,1407.38,1296.0,30,1298.5,150,251550
2026-04-13T11:16:23.840,NF,BANKNIFTY28APR2655500PE,1298.0,1025.0,1564.3,1025.0,785.6,381420,1407.16,1298.0,23250,1299.75,600,251550
2026-04-13T11:16:26.239,NF,BANKNIFTY28APR2655500PE,1298.0,1025.0,1564.3,1025.0,785.6,381450,1407.15,1298.0,23220,1300.7,150,251550
2026-04-13T11:16:32.248,NF,BANKNIFTY28APR2655500PE,1298.55,1025.0,1564.3,1025.0,785.6,381480,1407.14,1298.0,23220,1301.2,90,251550
2026-04-13T11:16:35.662,NF,BANKNIFTY28APR2655500PE,1301.2,1025.0,1564.3,1025.0,785.6,381540,1407.12,1300.25,30,1303.8,90,251550
2026-04-13T11:16:44.269,NF,BANKNIFTY28APR2655500PE,1301.95,1025.0,1564.3,1025.0,785.6,382290,1406.92,1301.05,90,1304.95,60,251550
2026-04-13T11:16:51.692,NF,BANKNIFTY28APR2655500PE,1299.55,1025.0,1564.3,1025.0,785.6,382320,1406.91,1299.55,30,1303.65,150,255870
2026-04-13T11:18:33.655,NF,BANKNIFTY28APR2655500PE,1302.15,1025.0,1564.3,1025.0,785.6,382350,1406.9,1302.55,30,1307.05,660,255870
2026-04-13T11:18:49.873,NF,BANKNIFTY28APR2655500PE,1307.85,1025.0,1564.3,1025.0,785.6,382380,1406.89,1303.8,30,1307.9,90,255870
2026-04-13T11:18:53.484,NF,BANKNIFTY28APR2655500PE,1305.2,1025.0,1564.3,1025.0,785.6,382410,1406.89,1302.5,30,1306.35,60,255870
2026-04-13T11:19:04.299,NF,BANKNIFTY28APR2655500PE,1307.95,1025.0,1564.3,1025.0,785.6,382440,1406.88,1303.75,30,1307.9,780,255870
2026-04-13T11:19:18.124,NF,BANKNIFTY28APR2655500PE,1301.7,1025.0,1564.3,1025.0,785.6,382470,1406.87,1302.3,30,1307.0,150,255870
2026-04-13T11:19:29.136,NF,BANKNIFTY28APR2655500PE,1300.8,1025.0,1564.3,1025.0,785.6,382500,1406.86,1298.35,30,1302.5,120,255870
2026-04-13T11:19:51.167,NF,BANKNIFTY28APR2655500PE,1308.0,1025.0,1564.3,1025.0,785.6,382530,1406.85,1307.65,30,1310.0,60,255510
2026-04-13T11:19:54.780,NF,BANKNIFTY28APR2655500PE,1310.3,1025.0,1564.3,1025.0,785.6,382620,1406.83,1309.3,30,1311.5,30,255510
2026-04-13T11:20:25.229,NF,BANKNIFTY28APR2655500PE,1306.4,1025.0,1564.3,1025.0,785.6,382650,1406.82,1307.4,30,1313.15,60,255510
2026-04-13T11:20:39.046,NF,BANKNIFTY28APR2655500PE,1312.1,1025.0,1564.3,1025.0,785.6,382740,1406.8,1311.65,30,1315.2,150,255510
2026-04-13T11:20:45.051,NF,BANKNIFTY28APR2655500PE,1311.7,1025.0,1564.3,1025.0,785.6,382770,1406.79,1311.45,30,1315.3,150,255510
2026-04-13T11:20:46.260,NF,BANKNIFTY28APR2655500PE,1315.95,1025.0,1564.3,1025.0,785.6,382800,1406.79,1316.6,30,1318.0,30,255510
2026-04-13T11:20:47.653,NF,BANKNIFTY28APR2655500PE,1318.05,1025.0,1564.3,1025.0,785.6,382890,1406.76,1317.85,30,1320.9,180,255510
2026-04-13T11:20:58.668,NF,BANKNIFTY28APR2655500PE,1318.85,1025.0,1564.3,1025.0,785.6,382920,1406.76,1319.25,30,1321.0,30,255510
2026-04-13T11:21:01.073,NF,BANKNIFTY28APR2655500PE,1321.0,1025.0,1564.3,1025.0,785.6,382950,1406.75,1320.15,60,1322.9,630,255510
2026-04-13T11:21:03.482,NF,BANKNIFTY28APR2655500PE,1320.75,1025.0,1564.3,1025.0,785.6,383010,1406.74,1320.85,90,1324.75,60,255510
2026-04-13T11:21:04.878,NF,BANKNIFTY28APR2655500PE,1324.85,1025.0,1564.3,1025.0,785.6,383160,1406.71,1327.65,30,1330.0,60,255510
2026-04-13T11:21:13.491,NF,BANKNIFTY28APR2655500PE,1323.9,1025.0,1564.3,1025.0,785.6,383190,1406.7,1323.8,30,1327.9,60,255510
2026-04-13T11:21:14.694,NF,BANKNIFTY28APR2655500PE,1323.95,1025.0,1564.3,1025.0,785.6,383220,1406.69,1323.55,30,1327.55,60,255510
2026-04-13T11:21:15.896,NF,BANKNIFTY28APR2655500PE,1324.9,1025.0,1564.3,1025.0,785.6,383280,1406.68,1324.85,120,1329.0,60,255510
2026-04-13T11:21:29.149,NF,BANKNIFTY28APR2655500PE,1330.0,1025.0,1564.3,1025.0,785.6,383340,1406.67,1330.0,30,1330.55,30,255510
2026-04-13T11:21:39.142,NF,BANKNIFTY28APR2655500PE,1323.9,1025.0,1564.3,1025.0,785.6,383370,1406.66,1319.25,30,1323.95,120,255510
2026-04-13T11:21:46.544,NF,BANKNIFTY28APR2655500PE,1324.85,1025.0,1564.3,1025.0,785.6,383400,1406.66,1322.55,30,1327.1,150,255510
2026-04-13T11:21:50.151,NF,BANKNIFTY28APR2655500PE,1330.0,1025.0,1564.3,1025.0,785.6,383430,1406.65,1326.7,120,1330.0,510,255510
2026-04-13T11:21:53.955,NF,BANKNIFTY28APR2655500PE,1330.55,1025.0,1564.3,1025.0,785.6,383970,1406.54,1330.9,120,1334.9,30,255510
2026-04-13T11:22:05.976,NF,BANKNIFTY28APR2655500PE,1333.45,1025.0,1564.3,1025.0,785.6,384030,1406.53,1328.95,120,1333.75,660,255510
2026-04-13T11:22:07.196,NF,BANKNIFTY28APR2655500PE,1333.6,1025.0,1564.3,1025.0,785.6,384330,1406.47,1328.95,120,1333.7,360,255510
2026-04-13T11:22:10.784,NF,BANKNIFTY28APR2655500PE,1330.0,1025.0,1564.3,1025.0,785.6,384360,1406.47,1324.85,150,1329.5,120,255510
2026-04-13T11:22:12.183,NF,BANKNIFTY28APR2655500PE,1323.4,1025.0,1564.3,1025.0,785.6,384390,1406.46,1314.55,150,1319.3,30,255510
2026-04-13T11:22:17.006,NF,BANKNIFTY28APR2655500PE,1312.0,1025.0,1564.3,1025.0,785.6,384570,1406.42,1309.75,150,1314.7,90,255510
2026-04-13T11:22:24.405,NF,BANKNIFTY28APR2655500PE,1311.85,1025.0,1564.3,1025.0,785.6,384780,1406.36,1306.6,120,1311.05,630,255510
2026-04-13T11:22:41.630,NF,BANKNIFTY28APR2655500PE,1305.95,1025.0,1564.3,1025.0,785.6,384870,1406.34,1301.35,120,1305.8,180,255510
2026-04-13T11:22:52.677,NF,BANKNIFTY28APR2655500PE,1298.5,1025.0,1564.3,1025.0,785.6,384900,1406.33,1298.2,30,1301.8,600,255030
2026-04-13T11:22:55.279,NF,BANKNIFTY28APR2655500PE,1298.0,1025.0,1564.3,1025.0,785.6,388890,1405.22,1298.0,19200,1299.5,30,255030
2026-04-13T11:22:56.450,NF,BANKNIFTY28APR2655500PE,1298.0,1025.0,1564.3,1025.0,785.6,388950,1405.2,1298.1,120,1301.4,180,255030
2026-04-13T11:23:05.059,NF,BANKNIFTY28APR2655500PE,1298.45,1025.0,1564.3,1025.0,785.6,388980,1405.2,1298.6,90,1301.75,600,255030
2026-04-13T11:23:06.273,NF,BANKNIFTY28APR2655500PE,1301.2,1025.0,1564.3,1025.0,785.6,389100,1405.16,1300.65,240,1304.35,120,255030
2026-04-13T11:23:23.291,NF,BANKNIFTY28APR2655500PE,1299.45,1025.0,1564.3,1025.0,785.6,389130,1405.16,1298.0,19140,1300.2,90,255030
2026-04-13T11:23:24.688,NF,BANKNIFTY28APR2655500PE,1298.0,1025.0,1564.3,1025.0,785.6,389160,1405.15,1298.0,19110,1300.55,60,255030
2026-04-13T11:23:34.304,NF,BANKNIFTY28APR2655500PE,1308.6,1025.0,1564.3,1025.0,785.6,389310,1405.11,1305.15,120,1308.9,60,255030
2026-04-13T11:23:48.938,NF,BANKNIFTY28APR2655500PE,1303.0,1025.0,1564.3,1025.0,785.6,389340,1405.1,1300.25,150,1304.2,210,255030
2026-04-13T11:24:03.756,NF,BANKNIFTY28APR2655500PE,1309.65,1025.0,1564.3,1025.0,785.6,389490,1405.07,1305.4,120,1309.6,150,255030
2026-04-13T11:24:04.956,NF,BANKNIFTY28APR2655500PE,1305.0,1025.0,1564.3,1025.0,785.6,389520,1405.06,1302.5,120,1307.8,60,255030
2026-04-13T11:24:08.570,NF,BANKNIFTY28APR2655500PE,1307.5,1025.0,1564.3,1025.0,785.6,389550,1405.05,1305.15,120,1309.55,120,255030
2026-04-13T11:24:25.788,NF,BANKNIFTY28APR2655500PE,1302.85,1025.0,1564.3,1025.0,785.6,389580,1405.04,1303.25,210,1307.3,210,255030
2026-04-13T11:24:26.794,NF,BANKNIFTY28APR2655500PE,1309.35,1025.0,1564.3,1025.0,785.6,390180,1404.89,1307.4,120,1311.7,120,255030
2026-04-13T11:24:46.426,NF,BANKNIFTY28APR2655500PE,1313.0,1025.0,1564.3,1025.0,785.6,390210,1404.89,1309.3,150,1313.2,120,255030
2026-04-13T11:24:55.037,NF,BANKNIFTY28APR2655500PE,1318.0,1025.0,1564.3,1025.0,785.6,390240,1404.88,1315.6,150,1319.45,180,255030
2026-04-13T11:25:01.250,NF,BANKNIFTY28APR2655500PE,1315.9,1025.0,1564.3,1025.0,785.6,390270,1404.87,1310.85,30,1315.1,180,255030
2026-04-13T11:25:19.674,NF,BANKNIFTY28APR2655500PE,1313.15,1025.0,1564.3,1025.0,785.6,390390,1404.85,1310.4,30,1313.55,870,255030
2026-04-13T11:25:24.679,NF,BANKNIFTY28APR2655500PE,1312.55,1025.0,1564.3,1025.0,785.6,390420,1404.84,1309.2,30,1312.7,600,255030
2026-04-13T11:25:43.521,NF,BANKNIFTY28APR2655500PE,1298.0,1025.0,1564.3,1025.0,785.6,390600,1404.79,1298.0,18930,1300.4,60,255030
2026-04-13T11:25:49.911,NF,BANKNIFTY28APR2655500PE,1300.75,1025.0,1564.3,1025.0,785.6,390630,1404.78,1298.25,30,1300.65,60,255030
2026-04-13T11:25:53.518,NF,BANKNIFTY28APR2655500PE,1298.0,1025.0,1564.3,1025.0,785.6,390750,1404.75,1298.4,30,1300.4,660,257340
2026-04-13T11:25:55.924,NF,BANKNIFTY28APR2655500PE,1300.15,1025.0,1564.3,1025.0,785.6,390780,1404.74,1300.15,30,1302.7,60,257340
2026-04-13T11:26:08.337,NF,BANKNIFTY28APR2655500PE,1301.95,1025.0,1564.3,1025.0,785.6,390810,1404.73,1302.8,30,1306.15,120,257340
2026-04-13T11:26:13.343,NF,BANKNIFTY28APR2655500PE,1298.95,1025.0,1564.3,1025.0,785.6,390900,1404.71,1298.95,30,1302.45,60,257340
2026-04-13T11:26:14.546,NF,BANKNIFTY28APR2655500PE,1298.0,1025.0,1564.3,1025.0,785.6,391020,1404.68,1298.0,18750,1301.55,180,257340
2026-04-13T11:26:15.748,NF,BANKNIFTY28APR2655500PE,1298.0,1025.0,1564.3,1025.0,785.6,391110,1404.65,1298.0,18750,1301.15,150,257340
2026-04-13T11:26:56.815,NF,BANKNIFTY28APR2655500PE,1301.3,1025.0,1564.3,1025.0,785.6,391170,1404.64,1302.6,120,1306.45,90,257340
2026-04-13T11:27:02.832,NF,BANKNIFTY28APR2655500PE,1306.4,1025.0,1564.3,1025.0,785.6,391290,1404.61,1306.2,30,1308.9,90,257340
2026-04-13T11:27:04.032,NF,BANKNIFTY28APR2655500PE,1306.2,1025.0,1564.3,1025.0,785.6,391320,1404.6,1305.25,30,1309.0,30,257340
2026-04-13T11:27:05.235,NF,BANKNIFTY28APR2655500PE,1309.0,1025.0,1564.3,1025.0,785.6,391350,1404.59,1310.95,120,1314.75,90,257340
2026-04-13T11:27:07.836,NF,BANKNIFTY28APR2655500PE,1308.45,1025.0,1564.3,1025.0,785.6,391380,1404.58,1307.75,30,1311.7,30,257340
2026-04-13T11:27:12.642,NF,BANKNIFTY28APR2655500PE,1309.65,1025.0,1564.3,1025.0,785.6,391410,1404.58,1308.5,120,1312.8,120,257340
2026-04-13T11:28:05.344,NF,BANKNIFTY28APR2655500PE,1311.9,1025.0,1564.3,1025.0,785.6,391440,1404.57,1312.1,120,1316.5,810,257340
2026-04-13T11:28:11.338,NF,BANKNIFTY28APR2655500PE,1312.8,1025.0,1564.3,1025.0,785.6,391470,1404.56,1311.75,30,1315.65,60,257340
2026-04-13T11:28:20.151,NF,BANKNIFTY28APR2655500PE,1316.65,1025.0,1564.3,1025.0,785.6,391500,1404.56,1309.95,150,1314.0,60,257340
2026-04-13T11:29:00.408,NF,BANKNIFTY28APR2655500PE,1318.0,1025.0,1564.3,1025.0,785.6,391530,1404.55,1318.3,180,1322.1,30,257100
2026-04-13T11:29:03.823,NF,BANKNIFTY28APR2655500PE,1320.85,1025.0,1564.3,1025.0,785.6,391560,1404.54,1317.55,150,1321.75,120,257100
2026-04-13T11:29:16.230,NF,BANKNIFTY28APR2655500PE,1328.0,1025.0,1564.3,1025.0,785.6,391620,1404.53,1327.6,120,1331.55,60,257100
2026-04-13T11:29:17.437,NF,BANKNIFTY28APR2655500PE,1327.85,1025.0,1564.3,1025.0,785.6,391650,1404.52,1327.85,60,1331.3,60,257100
2026-04-13T11:29:21.037,NF,BANKNIFTY28APR2655500PE,1330.15,1025.0,1564.3,1025.0,785.6,391680,1404.52,1327.0,120,1330.2,60,257100
2026-04-13T11:29:25.843,NF,BANKNIFTY28APR2655500PE,1331.6,1025.0,1564.3,1025.0,785.6,391740,1404.51,1330.0,300,1331.6,210,257100
2026-04-13T11:29:28.256,NF,BANKNIFTY28APR2655500PE,1330.0,1025.0,1564.3,1025.0,785.6,391800,1404.5,1330.0,240,1331.55,630,257100
2026-04-13T11:29:29.460,NF,BANKNIFTY28APR2655500PE,1330.0,1025.0,1564.3,1025.0,785.6,392040,1404.45,1327.0,180,1331.1,150,257100
2026-04-13T11:29:36.657,NF,BANKNIFTY28APR2655500PE,1333.0,1025.0,1564.3,1025.0,785.6,392130,1404.43,1331.3,150,1335.0,90,257100
2026-04-13T11:29:37.858,NF,BANKNIFTY28APR2655500PE,1331.55,1025.0,1564.3,1025.0,785.6,392160,1404.43,1331.35,60,1335.0,120,257100
2026-04-13T11:29:41.469,NF,BANKNIFTY28APR2655500PE,1328.85,1025.0,1564.3,1025.0,785.6,392250,1404.41,1328.75,150,1332.4,330,257100
2026-04-13T11:29:48.875,NF,BANKNIFTY28APR2655500PE,1334.9,1025.0,1564.3,1025.0,785.6,392280,1404.41,1331.85,30,1335.0,90,257100
2026-04-13T11:29:57.490,NF,BANKNIFTY28APR2655500PE,1334.05,1025.0,1564.3,1025.0,785.6,392310,1404.4,1329.9,150,1333.9,30,257100
2026-04-13T11:30:12.318,NF,BANKNIFTY28APR2655500PE,1331.3,1025.0,1564.3,1025.0,785.6,392340,1404.4,1328.95,30,1332.25,180,257100
2026-04-13T11:30:14.918,NF,BANKNIFTY28APR2655500PE,1326.8,1025.0,1564.3,1025.0,785.6,392400,1404.38,1326.8,30,1327.6,60,257100
2026-04-13T11:30:17.323,NF,BANKNIFTY28APR2655500PE,1325.1,1025.0,1564.3,1025.0,785.6,392490,1404.37,1325.7,90,1327.6,60,257100
2026-04-13T11:30:42.162,NF,BANKNIFTY28APR2655500PE,1321.05,1025.0,1564.3,1025.0,785.6,392790,1404.3,1320.6,30,1324.4,210,257100
2026-04-13T11:30:52.180,NF,BANKNIFTY28APR2655500PE,1320.0,1025.0,1564.3,1025.0,785.6,393690,1404.11,1316.85,120,1320.95,30,257100
2026-04-13T11:31:03.402,NF,BANKNIFTY28APR2655500PE,1319.05,1025.0,1564.3,1025.0,785.6,393720,1404.1,1318.6,30,1323.1,90,257100
2026-04-13T11:31:05.810,NF,BANKNIFTY28APR2655500PE,1317.55,1025.0,1564.3,1025.0,785.6,393810,1404.08,1317.5,120,1321.5,30,257100
2026-04-13T11:31:07.202,NF,BANKNIFTY28APR2655500PE,1315.15,1025.0,1564.3,1025.0,785.6,393990,1404.04,1313.55,30,1318.2,120,257100
2026-04-13T11:31:08.405,NF,BANKNIFTY28APR2655500PE,1318.75,1025.0,1564.3,1025.0,785.6,394890,1403.85,1314.55,180,1318.65,210,257100
2026-04-13T11:31:10.814,NF,BANKNIFTY28APR2655500PE,1314.55,1025.0,1564.3,1025.0,785.6,394920,1403.84,1314.8,120,1318.9,30,257100
2026-04-13T11:31:14.616,NF,BANKNIFTY28APR2655500PE,1317.25,1025.0,1564.3,1025.0,785.6,395010,1403.82,1318.15,120,1322.4,120,257100
2026-04-13T11:31:17.217,NF,BANKNIFTY28APR2655500PE,1319.85,1025.0,1564.3,1025.0,785.6,395250,1403.77,1322.55,150,1326.1,30,257100
2026-04-13T11:31:20.826,NF,BANKNIFTY28APR2655500PE,1325.35,1025.0,1564.3,1025.0,785.6,395310,1403.76,1323.85,150,1325.3,30,257100
2026-04-13T11:31:29.641,NF,BANKNIFTY28APR2655500PE,1320.55,1025.0,1564.3,1025.0,785.6,395340,1403.75,1321.85,90,1325.3,30,257100
2026-04-13T11:31:48.062,NF,BANKNIFTY28APR2655500PE,1324.0,1025.0,1564.3,1025.0,785.6,395370,1403.74,1323.6,120,1327.5,30,257100
2026-04-13T11:31:49.265,NF,BANKNIFTY28APR2655500PE,1327.6,1025.0,1564.3,1025.0,785.6,395430,1403.73,1324.95,120,1329.15,120,257100
2026-04-13T11:31:51.868,NF,BANKNIFTY28APR2655500PE,1326.75,1025.0,1564.3,1025.0,785.6,395490,1403.72,1326.8,120,1331.6,90,257100
2026-04-13T11:31:54.274,NF,BANKNIFTY28APR2655500PE,1333.0,1025.0,1564.3,1025.0,785.6,395580,1403.71,1330.4,30,1333.0,120,258030
2026-04-13T11:31:55.674,NF,BANKNIFTY28APR2655500PE,1333.0,1025.0,1564.3,1025.0,785.6,395700,1403.68,1332.9,150,1335.0,60,258030
2026-04-13T11:31:58.081,NF,BANKNIFTY28APR2655500PE,1338.0,1025.0,1564.3,1025.0,785.6,395790,1403.67,1337.0,150,1339.9,30,258030
2026-04-13T11:32:01.890,NF,BANKNIFTY28APR2655500PE,1345.0,1025.0,1564.3,1025.0,785.6,395880,1403.65,1342.8,30,1347.6,120,258030
2026-04-13T11:32:05.692,NF,BANKNIFTY28APR2655500PE,1348.2,1025.0,1564.3,1025.0,785.6,396060,1403.63,1343.5,30,1347.8,120,258030
2026-04-13T11:32:06.892,NF,BANKNIFTY28APR2655500PE,1342.8,1025.0,1564.3,1025.0,785.6,396090,1403.62,1338.8,150,1343.45,150,258030
2026-04-13T11:32:13.104,NF,BANKNIFTY28APR2655500PE,1339.05,1025.0,1564.3,1025.0,785.6,396240,1403.6,1334.8,210,1338.8,90,258030
2026-04-13T11:32:14.309,NF,BANKNIFTY28APR2655500PE,1335.9,1025.0,1564.3,1025.0,785.6,396270,1403.59,1335.6,30,1339.7,30,258030
2026-04-13T11:32:16.909,NF,BANKNIFTY28APR2655500PE,1338.3,1025.0,1564.3,1025.0,785.6,396330,1403.58,1338.55,150,1342.95,30,258030
2026-04-13T11:32:20.525,NF,BANKNIFTY28APR2655500PE,1338.85,1025.0,1564.3,1025.0,785.6,396360,1403.58,1338.45,30,1343.05,30,258030
2026-04-13T11:32:21.954,NF,BANKNIFTY28APR2655500PE,1339.25,1025.0,1564.3,1025.0,785.6,396540,1403.55,1339.5,150,1344.25,30,258030
2026-04-13T11:32:25.531,NF,BANKNIFTY28APR2655500PE,1339.05,1025.0,1564.3,1025.0,785.6,396570,1403.55,1337.75,60,1341.1,30,258030
2026-04-13T11:32:29.130,NF,BANKNIFTY28APR2655500PE,1340.1,1025.0,1564.3,1025.0,785.6,396630,1403.54,1336.6,150,1342.35,90,258030
2026-04-13T11:32:30.342,NF,BANKNIFTY28APR2655500PE,1339.0,1025.0,1564.3,1025.0,785.6,397530,1403.39,1334.5,90,1338.75,30,258030
2026-04-13T11:32:32.934,NF,BANKNIFTY28APR2655500PE,1335.9,1025.0,1564.3,1025.0,785.6,397620,1403.37,1333.6,120,1336.45,30,258030
2026-04-13T11:32:35.339,NF,BANKNIFTY28APR2655500PE,1336.45,1025.0,1564.3,1025.0,785.6,397650,1403.37,1333.75,60,1338.6,120,258030
2026-04-13T11:32:36.541,NF,BANKNIFTY28APR2655500PE,1333.0,1025.0,1564.3,1025.0,785.6,397680,1403.36,1331.75,210,1336.15,60,258030
2026-04-13T11:32:43.160,NF,BANKNIFTY28APR2655500PE,1334.15,1025.0,1564.3,1025.0,785.6,397740,1403.35,1333.5,30,1338.35,180,258030
2026-04-13T11:32:44.361,NF,BANKNIFTY28APR2655500PE,1337.75,1025.0,1564.3,1025.0,785.6,397770,1403.35,1337.4,30,1341.65,30,258030
2026-04-13T11:33:06.406,NF,BANKNIFTY28APR2655500PE,1336.5,1025.0,1564.3,1025.0,785.6,397800,1403.34,1337.4,90,1341.95,90,258030
2026-04-13T11:33:16.211,NF,BANKNIFTY28APR2655500PE,1338.0,1025.0,1564.3,1025.0,785.6,397920,1403.33,1338.0,870,1342.2,60,258030
2026-04-13T11:33:17.414,NF,BANKNIFTY28APR2655500PE,1342.15,1025.0,1564.3,1025.0,785.6,397950,1403.32,1338.0,870,1342.2,60,258030
2026-04-13T11:33:21.218,NF,BANKNIFTY28APR2655500PE,1343.6,1025.0,1564.3,1025.0,785.6,397980,1403.32,1339.5,30,1343.5,90,258030
2026-04-13T11:33:29.832,NF,BANKNIFTY28APR2655500PE,1342.3,1025.0,1564.3,1025.0,785.6,398040,1403.31,1338.95,270,1343.05,90,258030
2026-04-13T11:33:31.058,NF,BANKNIFTY28APR2655500PE,1342.4,1025.0,1564.3,1025.0,785.6,398220,1403.28,1338.75,120,1343.35,210,258030
2026-04-13T11:33:32.436,NF,BANKNIFTY28APR2655500PE,1342.55,1025.0,1564.3,1025.0,785.6,398250,1403.28,1339.6,60,1344.2,150,258030
2026-04-13T11:33:33.641,NF,BANKNIFTY28APR2655500PE,1342.7,1025.0,1564.3,1025.0,785.6,398310,1403.27,1341.4,30,1345.9,150,258030
2026-04-13T11:33:34.849,NF,BANKNIFTY28APR2655500PE,1343.7,1025.0,1564.3,1025.0,785.6,398430,1403.25,1343.95,30,1345.3,120,258030
2026-04-13T11:33:37.245,NF,BANKNIFTY28APR2655500PE,1344.15,1025.0,1564.3,1025.0,785.6,398460,1403.24,1343.65,30,1345.25,120,258030
2026-04-13T11:33:39.648,NF,BANKNIFTY28APR2655500PE,1344.2,1025.0,1564.3,1025.0,785.6,398490,1403.24,1344.15,30,1345.65,150,258030
2026-04-13T11:33:42.062,NF,BANKNIFTY28APR2655500PE,1344.7,1025.0,1564.3,1025.0,785.6,398550,1403.23,1344.55,30,1345.9,180,258030
2026-04-13T11:33:45.870,NF,BANKNIFTY28APR2655500PE,1346.2,1025.0,1564.3,1025.0,785.6,398580,1403.23,1346.2,30,1348.3,120,258030
2026-04-13T11:33:49.666,NF,BANKNIFTY28APR2655500PE,1347.15,1025.0,1564.3,1025.0,785.6,398640,1403.22,1344.9,90,1348.65,120,258030
2026-04-13T11:33:50.878,NF,BANKNIFTY28APR2655500PE,1346.35,1025.0,1564.3,1025.0,785.6,398670,1403.21,1344.35,120,1348.4,120,258030
2026-04-13T11:33:57.125,NF,BANKNIFTY28APR2655500PE,1350.0,1025.0,1564.3,1025.0,785.6,398730,1403.21,1349.9,90,1353.65,360,258030
2026-04-13T11:34:08.304,NF,BANKNIFTY28APR2655500PE,1345.0,1025.0,1564.3,1025.0,785.6,398760,1403.2,1343.1,60,1347.3,60,258030
2026-04-13T11:34:10.703,NF,BANKNIFTY28APR2655500PE,1343.0,1025.0,1564.3,1025.0,785.6,399660,1403.07,1338.1,60,1342.35,30,258030
2026-04-13T11:34:12.102,NF,BANKNIFTY28APR2655500PE,1342.75,1025.0,1564.3,1025.0,785.6,400020,1403.01,1339.25,150,1343.9,30,258030
2026-04-13T11:34:14.515,NF,BANKNIFTY28APR2655500PE,1343.4,1025.0,1564.3,1025.0,785.6,400050,1403.01,1342.75,90,1347.4,90,258030
2026-04-13T11:34:25.740,NF,BANKNIFTY28APR2655500PE,1347.75,1025.0,1564.3,1025.0,785.6,400080,1403.0,1343.1,60,1347.65,120,258030
2026-04-13T11:34:26.927,NF,BANKNIFTY28APR2655500PE,1343.55,1025.0,1564.3,1025.0,785.6,400110,1403.0,1342.8,30,1347.7,240,258030
2026-04-13T11:34:39.344,NF,BANKNIFTY28APR2655500PE,1347.2,1025.0,1564.3,1025.0,785.6,401010,1402.87,1341.55,120,1346.85,90,258030
2026-04-13T11:34:51.762,NF,BANKNIFTY28APR2655500PE,1345.15,1025.0,1564.3,1025.0,785.6,401910,1402.74,1338.45,120,1343.3,90,258030
2026-04-13T11:34:52.972,NF,BANKNIFTY28APR2655500PE,1338.0,1025.0,1564.3,1025.0,785.6,402780,1402.6,1334.35,120,1338.7,90,258030
2026-04-13T11:35:06.790,NF,BANKNIFTY28APR2655500PE,1334.4,1025.0,1564.3,1025.0,785.6,402810,1402.6,1334.85,120,1338.8,60,259020
2026-04-13T11:35:21.802,NF,BANKNIFTY28APR2655500PE,1333.0,1025.0,1564.3,1025.0,785.6,402840,1402.59,1330.0,30,1333.0,60,259020
2026-04-13T11:35:23.006,NF,BANKNIFTY28APR2655500PE,1330.0,1025.0,1564.3,1025.0,785.6,402870,1402.59,1328.3,30,1330.55,60,259020
2026-04-13T11:35:44.246,NF,BANKNIFTY28APR2655500PE,1325.0,1025.0,1564.3,1025.0,785.6,403770,1402.41,1320.5,30,1324.9,30,259020
2026-04-13T11:35:50.248,NF,BANKNIFTY28APR2655500PE,1323.0,1025.0,1564.3,1025.0,785.6,403800,1402.41,1321.3,120,1325.7,90,259020
2026-04-13T11:36:01.464,NF,BANKNIFTY28APR2655500PE,1321.15,1025.0,1564.3,1025.0,785.6,403890,1402.39,1321.05,180,1323.35,60,259020
2026-04-13T11:36:02.666,NF,BANKNIFTY28APR2655500PE,1323.35,1025.0,1564.3,1025.0,785.6,403920,1402.38,1322.6,120,1327.8,30,259020
2026-04-13T11:36:03.874,NF,BANKNIFTY28APR2655500PE,1322.0,1025.0,1564.3,1025.0,785.6,404100,1402.35,1322.0,720,1325.05,60,259020
2026-04-13T11:36:05.277,NF,BANKNIFTY28APR2655500PE,1322.0,1025.0,1564.3,1025.0,785.6,404280,1402.31,1322.0,540,1324.45,60,259020
2026-04-13T11:36:06.472,NF,BANKNIFTY28APR2655500PE,1322.0,1025.0,1564.3,1025.0,785.6,404340,1402.3,1322.0,480,1324.95,60,259020
2026-04-13T11:36:07.693,NF,BANKNIFTY28APR2655500PE,1322.0,1025.0,1564.3,1025.0,785.6,404670,1402.23,1324.2,120,1327.3,60,259020
2026-04-13T11:36:08.878,NF,BANKNIFTY28APR2655500PE,1327.35,1025.0,1564.3,1025.0,785.6,404700,1402.23,1323.0,30,1327.05,60,259020
2026-04-13T11:36:11.480,NF,BANKNIFTY28APR2655500PE,1322.0,1025.0,1564.3,1025.0,785.6,404790,1402.21,1322.0,60,1325.05,180,259020
2026-04-13T11:36:12.683,NF,BANKNIFTY28APR2655500PE,1325.45,1025.0,1564.3,1025.0,785.6,404850,1402.2,1324.85,150,1328.35,90,259020
2026-04-13T11:36:13.898,NF,BANKNIFTY28APR2655500PE,1325.4,1025.0,1564.3,1025.0,785.6,404880,1402.19,1325.4,30,1329.5,90,259020
2026-04-13T11:36:15.302,NF,BANKNIFTY28APR2655500PE,1330.05,1025.0,1564.3,1025.0,785.6,405090,1402.16,1328.7,30,1332.2,60,259020
2026-04-13T11:36:20.098,NF,BANKNIFTY28APR2655500PE,1326.0,1025.0,1564.3,1025.0,785.6,405120,1402.15,1325.95,120,1330.2,60,259020
2026-04-13T11:36:25.109,NF,BANKNIFTY28APR2655500PE,1329.35,1025.0,1564.3,1025.0,785.6,405210,1402.13,1327.8,120,1332.6,60,259020
2026-04-13T11:36:26.509,NF,BANKNIFTY28APR2655500PE,1331.85,1025.0,1564.3,1025.0,785.6,405240,1402.13,1328.9,30,1334.15,180,259020
2026-04-13T11:36:32.716,NF,BANKNIFTY28APR2655500PE,1326.1,1025.0,1564.3,1025.0,785.6,405270,1402.12,1326.2,120,1330.5,60,259020
2026-04-13T11:36:42.350,NF,BANKNIFTY28APR2655500PE,1327.0,1025.0,1564.3,1025.0,785.6,405570,1402.07,1327.0,600,1329.25,90,259020
2026-04-13T11:36:44.934,NF,BANKNIFTY28APR2655500PE,1325.0,1025.0,1564.3,1025.0,785.6,407070,1401.79,1322.0,60,1324.95,180,259020
2026-04-13T11:36:47.343,NF,BANKNIFTY28APR2655500PE,1320.0,1025.0,1564.3,1025.0,785.6,407310,1401.74,1320.0,720,1321.95,90,259020
2026-04-13T11:36:54.768,NF,BANKNIFTY28APR2655500PE,1320.0,1025.0,1564.3,1025.0,785.6,407340,1401.73,1320.0,900,1321.25,90,259020
2026-04-13T11:36:57.353,NF,BANKNIFTY28APR2655500PE,1320.0,1025.0,1564.3,1025.0,785.6,407520,1401.7,1320.0,720,1321.15,60,259020
2026-04-13T11:36:58.564,NF,BANKNIFTY28APR2655500PE,1315.75,1025.0,1564.3,1025.0,785.6,408300,1401.54,1315.35,120,1318.95,60,259020
2026-04-13T11:37:00.961,NF,BANKNIFTY28APR2655500PE,1311.95,1025.0,1564.3,1025.0,785.6,408420,1401.51,1312.5,120,1316.1,60,259020
2026-04-13T11:37:05.970,NF,BANKNIFTY28APR2655500PE,1313.95,1025.0,1564.3,1025.0,785.6,408450,1401.51,1314.05,90,1318.6,120,259020
2026-04-13T11:37:10.978,NF,BANKNIFTY28APR2655500PE,1312.6,1025.0,1564.3,1025.0,785.6,408570,1401.48,1308.15,120,1312.7,60,259020
2026-04-13T11:37:29.603,NF,BANKNIFTY28APR2655500PE,1305.0,1025.0,1564.3,1025.0,785.6,408630,1401.47,1304.65,30,1308.65,150,259020
2026-04-13T11:37:32.214,NF,BANKNIFTY28APR2655500PE,1307.7,1025.0,1564.3,1025.0,785.6,408720,1401.45,1303.3,120,1307.5,270,259020
2026-04-13T11:37:38.212,NF,BANKNIFTY28APR2655500PE,1305.85,1025.0,1564.3,1025.0,785.6,408750,1401.44,1303.0,1500,1305.65,90,259020
2026-04-13T11:37:57.658,NF,BANKNIFTY28APR2655500PE,1306.5,1025.0,1564.3,1025.0,785.6,408900,1401.4,1306.55,30,1309.55,120,259020
2026-04-13T11:38:01.444,NF,BANKNIFTY28APR2655500PE,1309.25,1025.0,1564.3,1025.0,785.6,408960,1401.39,1310.4,30,1314.55,270,259920
2026-04-13T11:38:02.653,NF,BANKNIFTY28APR2655500PE,1309.2,1025.0,1564.3,1025.0,785.6,409050,1401.37,1309.05,90,1313.75,90,259920
2026-04-13T11:38:10.063,NF,BANKNIFTY28APR2655500PE,1305.05,1025.0,1564.3,1025.0,785.6,409200,1401.33,1303.0,3210,1306.85,330,259920
2026-04-13T11:38:11.461,NF,BANKNIFTY28APR2655500PE,1303.0,1025.0,1564.3,1025.0,785.6,409260,1401.32,1303.0,3180,1306.85,390,259920
2026-04-13T11:38:16.471,NF,BANKNIFTY28APR2655500PE,1298.0,1025.0,1564.3,1025.0,785.6,416190,1399.64,1298.0,960,1298.15,90,259920
2026-04-13T11:38:17.674,NF,BANKNIFTY28APR2655500PE,1298.0,1025.0,1564.3,1025.0,785.6,416340,1399.6,1298.0,900,1300.75,120,259920
2026-04-13T11:38:18.893,NF,BANKNIFTY28APR2655500PE,1298.0,1025.0,1564.3,1025.0,785.6,416460,1399.57,1298.0,780,1299.25,30,259920
2026-04-13T11:38:20.083,NF,BANKNIFTY28APR2655500PE,1298.0,1025.0,1564.3,1025.0,785.6,416610,1399.54,1298.0,630,1299.25,60,259920
2026-04-13T11:38:21.483,NF,BANKNIFTY28APR2655500PE,1298.0,1025.0,1564.3,1025.0,785.6,416790,1399.49,1298.0,480,1299.25,30,259920
2026-04-13T11:38:22.695,NF,BANKNIFTY28APR2655500PE,1298.0,1025.0,1564.3,1025.0,785.6,416940,1399.46,1298.0,330,1299.25,30,259920
2026-04-13T11:38:23.887,NF,BANKNIFTY28APR2655500PE,1298.0,1025.0,1564.3,1025.0,785.6,417000,1399.44,1298.0,270,1299.25,30,259920
2026-04-13T11:38:25.090,NF,BANKNIFTY28APR2655500PE,1298.0,1025.0,1564.3,1025.0,785.6,417270,1399.38,1296.0,30,1298.0,30,259920
2026-04-13T11:38:26.491,NF,BANKNIFTY28APR2655500PE,1298.0,1025.0,1564.3,1025.0,785.6,417300,1399.37,1296.0,30,1299.9,30,259920
2026-04-13T11:38:27.690,NF,BANKNIFTY28APR2655500PE,1293.65,1025.0,1564.3,1025.0,785.6,417390,1399.35,1294.05,30,1298.5,30,259920
2026-04-13T11:38:30.130,NF,BANKNIFTY28APR2655500PE,1293.0,1025.0,1564.3,1025.0,785.6,417420,1399.34,1290.0,60,1293.7,120,259920
2026-04-13T11:38:32.699,NF,BANKNIFTY28APR2655500PE,1290.0,1025.0,1564.3,1025.0,785.6,417480,1399.32,1287.75,150,1292.8,120,259920
2026-04-13T11:38:36.510,NF,BANKNIFTY28APR2655500PE,1290.05,1025.0,1564.3,1025.0,785.6,417510,1399.31,1289.9,30,1294.25,90,259920
2026-04-13T11:38:37.707,NF,BANKNIFTY28APR2655500PE,1290.65,1025.0,1564.3,1025.0,785.6,417540,1399.31,1289.8,120,1294.6,150,259920
2026-04-13T11:38:38.909,NF,BANKNIFTY28APR2655500PE,1290.4,1025.0,1564.3,1025.0,785.6,417570,1399.3,1290.65,90,1295.2,90,259920
2026-04-13T11:38:41.324,NF,BANKNIFTY28APR2655500PE,1292.15,1025.0,1564.3,1025.0,785.6,417630,1399.28,1292.0,30,1296.65,120,259920
2026-04-13T11:38:42.521,NF,BANKNIFTY28APR2655500PE,1293.7,1025.0,1564.3,1025.0,785.6,417690,1399.27,1294.6,90,1299.3,60,259920
2026-04-13T11:38:43.933,NF,BANKNIFTY28APR2655500PE,1295.7,1025.0,1564.3,1025.0,785.6,417720,1399.26,1294.5,30,1298.65,30,259920
2026-04-13T11:38:46.321,NF,BANKNIFTY28APR2655500PE,1296.0,1025.0,1564.3,1025.0,785.6,417780,1399.25,1297.9,30,1302.25,60,259920
2026-04-13T11:38:47.525,NF,BANKNIFTY28APR2655500PE,1295.5,1025.0,1564.3,1025.0,785.6,417810,1399.24,1295.95,150,1300.7,60,259920
2026-04-13T11:38:48.736,NF,BANKNIFTY28APR2655500PE,1295.85,1025.0,1564.3,1025.0,785.6,417990,1399.19,1298.2,120,1302.95,60,259920
2026-04-13T11:38:50.125,NF,BANKNIFTY28APR2655500PE,1299.05,1025.0,1564.3,1025.0,785.6,418050,1399.18,1295.95,30,1300.1,30,259920
2026-04-13T11:38:52.533,NF,BANKNIFTY28APR2655500PE,1298.95,1025.0,1564.3,1025.0,785.6,418200,1399.14,1293.75,150,1297.9,60,259920
2026-04-13T11:38:59.957,NF,BANKNIFTY28APR2655500PE,1292.3,1025.0,1564.3,1025.0,785.6,418380,1399.1,1290.9,270,1295.7,150,259920
2026-04-13T11:39:03.746,NF,BANKNIFTY28APR2655500PE,1294.0,1025.0,1564.3,1025.0,785.6,419280,1398.87,1289.55,30,1294.7,120,259920
2026-04-13T11:39:15.770,NF,BANKNIFTY28APR2655500PE,1289.55,1025.0,1564.3,1025.0,785.6,419310,1398.86,1289.5,120,1293.95,60,259920
2026-04-13T11:39:18.370,NF,BANKNIFTY28APR2655500PE,1289.25,1025.0,1564.3,1025.0,785.6,419340,1398.86,1289.15,120,1293.85,120,259920
2026-04-13T11:39:21.979,NF,BANKNIFTY28APR2655500PE,1294.0,1025.0,1564.3,1025.0,785.6,425370,1397.36,1288.8,150,1292.8,120,259920
2026-04-13T11:39:25.784,NF,BANKNIFTY28APR2655500PE,1288.2,1025.0,1564.3,1025.0,785.6,425460,1397.34,1287.9,240,1292.4,120,259920
2026-04-13T11:39:26.986,NF,BANKNIFTY28APR2655500PE,1293.45,1025.0,1564.3,1025.0,785.6,425520,1397.32,1289.3,150,1293.6,120,259920
2026-04-13T11:39:34.398,NF,BANKNIFTY28APR2655500PE,1287.6,1025.0,1564.3,1025.0,785.6,425550,1397.31,1287.0,60,1291.0,120,259920
2026-04-13T11:39:35.611,NF,BANKNIFTY28APR2655500PE,1291.0,1025.0,1564.3,1025.0,785.6,425580,1397.31,1289.2,120,1292.6,30,259920
2026-04-13T11:39:37.002,NF,BANKNIFTY28APR2655500PE,1292.6,1025.0,1564.3,1025.0,785.6,425640,1397.29,1290.65,120,1295.35,120,259920
2026-04-13T11:39:39.215,NF,BANKNIFTY28APR2655500PE,1293.0,1025.0,1564.3,1025.0,785.6,425760,1397.26,1293.2,30,1297.95,150,259920
2026-04-13T11:39:40.408,NF,BANKNIFTY28APR2655500PE,1293.0,1025.0,1564.3,1025.0,785.6,425790,1397.26,1292.3,150,1296.9,150,259920
2026-04-13T11:39:41.808,NF,BANKNIFTY28APR2655500PE,1296.05,1025.0,1564.3,1025.0,785.6,425850,1397.24,1291.15,150,1295.95,360,259920
2026-04-13T11:39:44.227,NF,BANKNIFTY28APR2655500PE,1295.15,1025.0,1564.3,1025.0,785.6,425910,1397.23,1295.95,30,1299.8,30,259920
2026-04-13T11:39:48.030,NF,BANKNIFTY28APR2655500PE,1300.0,1025.0,1564.3,1025.0,785.6,426000,1397.21,1298.55,150,1301.7,30,259920
2026-04-13T11:39:49.223,NF,BANKNIFTY28APR2655500PE,1301.7,1025.0,1564.3,1025.0,785.6,426030,1397.2,1301.5,30,1304.9,30,259920
2026-04-13T11:39:50.433,NF,BANKNIFTY28APR2655500PE,1308.0,1025.0,1564.3,1025.0,785.6,426120,1397.18,1304.9,30,1309.25,150,259920
2026-04-13T11:39:51.827,NF,BANKNIFTY28APR2655500PE,1305.45,1025.0,1564.3,1025.0,785.6,426210,1397.16,1305.65,30,1311.2,90,259920
2026-04-13T11:39:54.245,NF,BANKNIFTY28APR2655500PE,1306.95,1025.0,1564.3,1025.0,785.6,426330,1397.14,1305.15,240,1309.5,60,259920
2026-04-13T11:39:58.043,NF,BANKNIFTY28APR2655500PE,1301.0,1025.0,1564.3,1025.0,785.6,426360,1397.13,1300.05,120,1304.9,150,259920
2026-04-13T11:40:00.440,NF,BANKNIFTY28APR2655500PE,1302.5,1025.0,1564.3,1025.0,785.6,426390,1397.12,1302.45,120,1307.25,30,259920
2026-04-13T11:40:01.652,NF,BANKNIFTY28APR2655500PE,1304.25,1025.0,1564.3,1025.0,785.6,426420,1397.12,1304.1,90,1308.35,60,259920
2026-04-13T11:40:05.457,NF,BANKNIFTY28APR2655500PE,1307.45,1025.0,1564.3,1025.0,785.6,426450,1397.11,1308.35,30,1311.7,30,259920
2026-04-13T11:40:06.654,NF,BANKNIFTY28APR2655500PE,1307.7,1025.0,1564.3,1025.0,785.6,426510,1397.1,1306.45,120,1310.3,120,259920
2026-04-13T11:40:08.052,NF,BANKNIFTY28APR2655500PE,1305.65,1025.0,1564.3,1025.0,785.6,426570,1397.08,1304.35,150,1308.85,30,259920
2026-04-13T11:40:14.263,NF,BANKNIFTY28APR2655500PE,1300.9,1025.0,1564.3,1025.0,785.6,426600,1397.08,1300.2,120,1304.7,60,259920
2026-04-13T11:40:19.281,NF,BANKNIFTY28APR2655500PE,1300.2,1025.0,1564.3,1025.0,785.6,426630,1397.07,1300.6,120,1304.95,60,259920
2026-04-13T11:40:22.876,NF,BANKNIFTY28APR2655500PE,1301.15,1025.0,1564.3,1025.0,785.6,426660,1397.06,1300.35,120,1304.0,30,259920
2026-04-13T11:40:25.283,NF,BANKNIFTY28APR2655500PE,1301.25,1025.0,1564.3,1025.0,785.6,426690,1397.06,1300.0,90,1303.85,150,259920
2026-04-13T11:40:30.287,NF,BANKNIFTY28APR2655500PE,1301.8,1025.0,1564.3,1025.0,785.6,426780,1397.04,1300.05,90,1304.15,60,259920
2026-04-13T11:40:31.686,NF,BANKNIFTY28APR2655500PE,1300.0,1025.0,1564.3,1025.0,785.6,426870,1397.02,1297.75,240,1302.1,60,259920
2026-04-13T11:40:50.315,NF,BANKNIFTY28APR2655500PE,1299.6,1025.0,1564.3,1025.0,785.6,426930,1397.0,1302.4,60,1306.75,90,259920
2026-04-13T11:40:52.938,NF,BANKNIFTY28APR2655500PE,1302.75,1025.0,1564.3,1025.0,785.6,426960,1397.0,1302.7,60,1306.8,60,259920
2026-04-13T11:40:56.799,NF,BANKNIFTY28APR2655500PE,1303.4,1025.0,1564.3,1025.0,785.6,427050,1396.98,1302.4,60,1306.8,120,267270
2026-04-13T11:41:04.135,NF,BANKNIFTY28APR2655500PE,1309.5,1025.0,1564.3,1025.0,785.6,427260,1396.93,1308.55,30,1312.85,60,267270
2026-04-13T11:41:05.347,NF,BANKNIFTY28APR2655500PE,1310.05,1025.0,1564.3,1025.0,785.6,427320,1396.92,1310.0,30,1314.3,150,267270
2026-04-13T11:41:07.937,NF,BANKNIFTY28APR2655500PE,1312.95,1025.0,1564.3,1025.0,785.6,427350,1396.92,1308.05,150,1313.2,90,267270
2026-04-13T11:41:15.357,NF,BANKNIFTY28APR2655500PE,1307.0,1025.0,1564.3,1025.0,785.6,427410,1396.9,1303.4,60,1308.2,120,267270
2026-04-13T11:41:16.551,NF,BANKNIFTY28APR2655500PE,1303.55,1025.0,1564.3,1025.0,785.6,427530,1396.88,1304.15,60,1308.6,120,267270
2026-04-13T11:41:25.172,NF,BANKNIFTY28APR2655500PE,1306.4,1025.0,1564.3,1025.0,785.6,427590,1396.86,1305.7,30,1311.0,150,267270
2026-04-13T11:41:28.777,NF,BANKNIFTY28APR2655500PE,1306.5,1025.0,1564.3,1025.0,785.6,427620,1396.86,1306.15,30,1311.25,150,267270
2026-04-13T11:41:32.381,NF,BANKNIFTY28APR2655500PE,1306.7,1025.0,1564.3,1025.0,785.6,427650,1396.85,1307.0,120,1310.3,360,267270
2026-04-13T11:41:39.587,NF,BANKNIFTY28APR2655500PE,1308.4,1025.0,1564.3,1025.0,785.6,427680,1396.84,1308.65,90,1313.2,30,267270
2026-04-13T11:41:41.993,NF,BANKNIFTY28APR2655500PE,1307.65,1025.0,1564.3,1025.0,785.6,427710,1396.84,1307.1,30,1311.6,150,267270
2026-04-13T11:41:43.394,NF,BANKNIFTY28APR2655500PE,1306.55,1025.0,1564.3,1025.0,785.6,427740,1396.83,1306.0,30,1311.0,120,267270
2026-04-13T11:41:45.799,NF,BANKNIFTY28APR2655500PE,1306.0,1025.0,1564.3,1025.0,785.6,427770,1396.83,1306.2,30,1310.75,150,267270
2026-04-13T11:41:51.813,NF,BANKNIFTY28APR2655500PE,1305.25,1025.0,1564.3,1025.0,785.6,427800,1396.82,1305.85,150,1310.05,360,267270
2026-04-13T11:42:11.837,NF,BANKNIFTY28APR2655500PE,1306.85,1025.0,1564.3,1025.0,785.6,427830,1396.81,1306.45,90,1310.8,210,267270
2026-04-13T11:42:13.045,NF,BANKNIFTY28APR2655500PE,1306.15,1025.0,1564.3,1025.0,785.6,427860,1396.81,1306.2,90,1310.45,150,267270
2026-04-13T11:42:21.452,NF,BANKNIFTY28APR2655500PE,1310.45,1025.0,1564.3,1025.0,785.6,428220,1396.73,1310.0,30,1313.0,60,267270
2026-04-13T11:42:23.857,NF,BANKNIFTY28APR2655500PE,1315.2,1025.0,1564.3,1025.0,785.6,428340,1396.71,1312.35,60,1316.5,30,267270
2026-04-13T11:42:27.469,NF,BANKNIFTY28APR2655500PE,1317.0,1025.0,1564.3,1025.0,785.6,428430,1396.69,1315.9,30,1320.0,180,267270
2026-04-13T11:42:30.064,NF,BANKNIFTY28APR2655500PE,1315.95,1025.0,1564.3,1025.0,785.6,428520,1396.68,1315.95,120,1320.25,180,267270
2026-04-13T11:42:32.472,NF,BANKNIFTY28APR2655500PE,1310.25,1025.0,1564.3,1025.0,785.6,428610,1396.66,1306.85,120,1311.7,150,267270
2026-04-13T11:42:33.674,NF,BANKNIFTY28APR2655500PE,1311.95,1025.0,1564.3,1025.0,785.6,428700,1396.64,1306.8,60,1311.95,180,267270
2026-04-13T11:42:36.274,NF,BANKNIFTY28APR2655500PE,1306.9,1025.0,1564.3,1025.0,785.6,428760,1396.63,1307.85,30,1312.35,150,267270
2026-04-13T11:42:49.896,NF,BANKNIFTY28APR2655500PE,1311.85,1025.0,1564.3,1025.0,785.6,428850,1396.61,1309.1,30,1313.15,90,267270
2026-04-13T11:42:55.917,NF,BANKNIFTY28APR2655500PE,1315.0,1025.0,1564.3,1025.0,785.6,429270,1396.53,1312.1,120,1316.7,150,267270
2026-04-13T11:43:15.540,NF,BANKNIFTY28APR2655500PE,1315.45,1025.0,1564.3,1025.0,785.6,429420,1396.5,1311.6,120,1316.35,60,267270
2026-04-13T11:43:22.759,NF,BANKNIFTY28APR2655500PE,1313.0,1025.0,1564.3,1025.0,785.6,429450,1396.49,1312.35,30,1316.8,60,267270
2026-04-13T11:43:24.152,NF,BANKNIFTY28APR2655500PE,1323.0,1025.0,1564.3,1025.0,785.6,431040,1396.21,1318.55,120,1322.9,120,267270
2026-04-13T11:43:25.355,NF,BANKNIFTY28APR2655500PE,1318.5,1025.0,1564.3,1025.0,785.6,431070,1396.2,1318.2,30,1321.75,60,267270
2026-04-13T11:43:35.177,NF,BANKNIFTY28APR2655500PE,1320.0,1025.0,1564.3,1025.0,785.6,431130,1396.19,1317.9,120,1321.95,60,267270
2026-04-13T11:43:36.373,NF,BANKNIFTY28APR2655500PE,1317.65,1025.0,1564.3,1025.0,785.6,431160,1396.18,1317.65,120,1321.95,60,267270
2026-04-13T11:43:38.578,NF,BANKNIFTY28APR2655500PE,1318.1,1025.0,1564.3,1025.0,785.6,431220,1396.17,1318.1,30,1322.0,30,267270
2026-04-13T11:43:50.997,NF,BANKNIFTY28APR2655500PE,1317.25,1025.0,1564.3,1025.0,785.6,431250,1396.17,1316.5,30,1321.3,120,267270
2026-04-13T11:44:03.223,NF,BANKNIFTY28APR2655500PE,1319.95,1025.0,1564.3,1025.0,785.6,431310,1396.16,1319.3,90,1322.3,90,266370
2026-04-13T11:44:21.856,NF,BANKNIFTY28APR2655500PE,1322.55,1025.0,1564.3,1025.0,785.6,431430,1396.14,1320.25,120,1324.0,30,266370
2026-04-13T11:44:30.655,NF,BANKNIFTY28APR2655500PE,1321.75,1025.0,1564.3,1025.0,785.6,431490,1396.13,1321.7,30,1324.0,30,266370
2026-04-13T11:44:31.866,NF,BANKNIFTY28APR2655500PE,1325.0,1025.0,1564.3,1025.0,785.6,431640,1396.1,1321.75,120,1325.0,30,266370
2026-04-13T11:44:35.662,NF,BANKNIFTY28APR2655500PE,1320.8,1025.0,1564.3,1025.0,785.6,431670,1396.1,1320.05,120,1324.95,210,266370
2026-04-13T11:44:38.070,NF,BANKNIFTY28APR2655500PE,1320.0,1025.0,1564.3,1025.0,785.6,431730,1396.09,1319.45,120,1324.4,120,266370
2026-04-13T11:44:40.672,NF,BANKNIFTY28APR2655500PE,1319.0,1025.0,1564.3,1025.0,785.6,431760,1396.08,1319.1,150,1324.2,120,266370
2026-04-13T11:44:41.883,NF,BANKNIFTY28APR2655500PE,1322.55,1025.0,1564.3,1025.0,785.6,431820,1396.07,1320.35,180,1323.55,60,266370
2026-04-13T11:44:55.296,NF,BANKNIFTY28APR2655500PE,1320.2,1025.0,1564.3,1025.0,785.6,431850,1396.07,1316.85,120,1321.85,60,266370
2026-04-13T11:45:07.719,NF,BANKNIFTY28APR2655500PE,1321.0,1025.0,1564.3,1025.0,785.6,431880,1396.06,1320.0,30,1323.6,150,266370
2026-04-13T11:45:12.528,NF,BANKNIFTY28APR2655500PE,1319.1,1025.0,1564.3,1025.0,785.6,432030,1396.03,1317.45,90,1321.9,60,266370
2026-04-13T11:45:39.576,NF,BANKNIFTY28APR2655500PE,1317.25,1025.0,1564.3,1025.0,785.6,432090,1396.02,1313.15,30,1316.05,30,266370
2026-04-13T11:45:51.994,NF,BANKNIFTY28APR2655500PE,1310.0,1025.0,1564.3,1025.0,785.6,432180,1396.01,1306.05,120,1311.65,30,266370
2026-04-13T11:46:05.815,NF,BANKNIFTY28APR2655500PE,1303.95,1025.0,1564.3,1025.0,785.6,432210,1396.0,1302.6,90,1307.75,30,266370
2026-04-13T11:46:17.034,NF,BANKNIFTY28APR2655500PE,1300.0,1025.0,1564.3,1025.0,785.6,432240,1395.99,1297.15,120,1302.3,30,266370
2026-04-13T11:46:40.265,NF,BANKNIFTY28APR2655500PE,1298.5,1025.0,1564.3,1025.0,785.6,432300,1395.98,1293.7,150,1298.25,120,266370
2026-04-13T11:46:42.669,NF,BANKNIFTY28APR2655500PE,1298.25,1025.0,1564.3,1025.0,785.6,432510,1395.93,1296.35,210,1301.05,180,266370
2026-04-13T11:47:16.923,NF,BANKNIFTY28APR2655500PE,1296.4,1025.0,1564.3,1025.0,785.6,432540,1395.92,1296.55,150,1301.25,30,266430
2026-04-13T11:47:25.336,NF,BANKNIFTY28APR2655500PE,1294.0,1025.0,1564.3,1025.0,785.6,432570,1395.92,1291.1,150,1296.05,90,266430
2026-04-13T11:47:26.539,NF,BANKNIFTY28APR2655500PE,1292.6,1025.0,1564.3,1025.0,785.6,432660,1395.9,1291.4,150,1295.95,150,266430
2026-04-13T11:47:46.170,NF,BANKNIFTY28APR2655500PE,1289.45,1025.0,1564.3,1025.0,785.6,432810,1395.86,1286.9,120,1291.7,60,266430
2026-04-13T11:47:48.574,NF,BANKNIFTY28APR2655500PE,1292.8,1025.0,1564.3,1025.0,785.6,432840,1395.85,1287.35,180,1292.2,90,266430
2026-04-13T11:47:54.786,NF,BANKNIFTY28APR2655500PE,1289.45,1025.0,1564.3,1025.0,785.6,432870,1395.84,1288.2,150,1293.05,120,266430
2026-04-13T11:47:55.985,NF,BANKNIFTY28APR2655500PE,1288.25,1025.0,1564.3,1025.0,785.6,432900,1395.84,1288.15,60,1292.6,90,266430
2026-04-13T11:47:57.187,NF,BANKNIFTY28APR2655500PE,1288.15,1025.0,1564.3,1025.0,785.6,433080,1395.79,1284.8,90,1289.9,150,266430
2026-04-13T11:47:58.587,NF,BANKNIFTY28APR2655500PE,1288.1,1025.0,1564.3,1025.0,785.6,433110,1395.79,1284.9,150,1288.1,30,266430
2026-04-13T11:48:03.402,NF,BANKNIFTY28APR2655500PE,1288.1,1025.0,1564.3,1025.0,785.6,433140,1395.78,1283.1,150,1287.35,30,266430
2026-04-13T11:48:04.651,NF,BANKNIFTY28APR2655500PE,1282.45,1025.0,1564.3,1025.0,785.6,433230,1395.75,1282.4,150,1287.2,60,266430
2026-04-13T11:48:05.997,NF,BANKNIFTY28APR2655500PE,1277.95,1025.0,1564.3,1025.0,785.6,433500,1395.68,1273.05,60,1277.65,150,266430
2026-04-13T11:48:07.202,NF,BANKNIFTY28APR2655500PE,1274.05,1025.0,1564.3,1025.0,785.6,433680,1395.63,1271.75,240,1277.0,120,266430
2026-04-13T11:48:08.414,NF,BANKNIFTY28APR2655500PE,1270.0,1025.0,1564.3,1025.0,785.6,433740,1395.61,1267.95,150,1273.05,120,266430
2026-04-13T11:48:09.606,NF,BANKNIFTY28APR2655500PE,1267.35,1025.0,1564.3,1025.0,785.6,433830,1395.59,1266.55,90,1271.6,120,266430
2026-04-13T11:48:11.014,NF,BANKNIFTY28APR2655500PE,1267.85,1025.0,1564.3,1025.0,785.6,434130,1395.5,1267.85,60,1271.45,150,266430
2026-04-13T11:48:12.216,NF,BANKNIFTY28APR2655500PE,1267.25,1025.0,1564.3,1025.0,785.6,434370,1395.43,1267.3,120,1272.55,120,266430
2026-04-13T11:48:13.427,NF,BANKNIFTY28APR2655500PE,1269.3,1025.0,1564.3,1025.0,785.6,434520,1395.38,1269.05,60,1273.9,150,266430
2026-04-13T11:48:14.617,NF,BANKNIFTY28APR2655500PE,1269.4,1025.0,1564.3,1025.0,785.6,434610,1395.36,1269.85,150,1274.35,150,266430
2026-04-13T11:48:16.014,NF,BANKNIFTY28APR2655500PE,1270.55,1025.0,1564.3,1025.0,785.6,434730,1395.32,1270.7,60,1275.6,150,266430
2026-04-13T11:48:27.231,NF,BANKNIFTY28APR2655500PE,1273.2,1025.0,1564.3,1025.0,785.6,434760,1395.31,1270.45,240,1275.55,30,266430
2026-04-13T11:48:32.038,NF,BANKNIFTY28APR2655500PE,1276.35,1025.0,1564.3,1025.0,785.6,434790,1395.31,1270.0,30,1272.65,210,266430
2026-04-13T11:48:33.245,NF,BANKNIFTY28APR2655500PE,1270.0,1025.0,1564.3,1025.0,785.6,435000,1395.25,1269.3,150,1274.35,30,266430
2026-04-13T11:48:39.055,NF,BANKNIFTY28APR2655500PE,1268.0,1025.0,1564.3,1025.0,785.6,435240,1395.18,1266.4,120,1271.9,120,266430
2026-04-13T11:48:42.865,NF,BANKNIFTY28APR2655500PE,1270.25,1025.0,1564.3,1025.0,785.6,435390,1395.13,1267.2,150,1271.95,150,266430
2026-04-13T11:48:44.053,NF,BANKNIFTY28APR2655500PE,1272.55,1025.0,1564.3,1025.0,785.6,435420,1395.12,1265.7,120,1271.6,120,266430
2026-04-13T11:48:45.268,NF,BANKNIFTY28APR2655500PE,1271.2,1025.0,1564.3,1025.0,785.6,435510,1395.1,1266.1,120,1271.15,150,266430
2026-04-13T11:48:51.467,NF,BANKNIFTY28APR2655500PE,1269.25,1025.0,1564.3,1025.0,785.6,435540,1395.09,1270.7,30,1275.55,120,266430
2026-04-13T11:48:56.278,NF,BANKNIFTY28APR2655500PE,1274.85,1025.0,1564.3,1025.0,785.6,435780,1395.02,1269.35,60,1273.95,120,266430
2026-04-13T11:49:03.688,NF,BANKNIFTY28APR2655500PE,1274.85,1025.0,1564.3,1025.0,785.6,435810,1395.02,1272.05,120,1277.2,90,266430
2026-04-13T11:49:09.910,NF,BANKNIFTY28APR2655500PE,1273.15,1025.0,1564.3,1025.0,785.6,435840,1395.01,1274.8,30,1278.55,30,266430
2026-04-13T11:49:11.110,NF,BANKNIFTY28APR2655500PE,1273.45,1025.0,1564.3,1025.0,785.6,435870,1395.0,1273.3,30,1278.35,120,266430
2026-04-13T11:49:12.302,NF,BANKNIFTY28APR2655500PE,1273.4,1025.0,1564.3,1025.0,785.6,435900,1394.99,1272.5,120,1278.05,120,266430
2026-04-13T11:49:13.711,NF,BANKNIFTY28APR2655500PE,1274.2,1025.0,1564.3,1025.0,785.6,435960,1394.97,1274.0,150,1279.15,120,266430
2026-04-13T11:49:14.904,NF,BANKNIFTY28APR2655500PE,1273.45,1025.0,1564.3,1025.0,785.6,436020,1394.96,1272.95,30,1277.55,30,266430
2026-04-13T11:49:24.522,NF,BANKNIFTY28APR2655500PE,1278.75,1025.0,1564.3,1025.0,785.6,436050,1394.95,1274.85,120,1278.75,30,266430
2026-04-13T11:49:25.731,NF,BANKNIFTY28APR2655500PE,1278.6,1025.0,1564.3,1025.0,785.6,436170,1394.92,1276.65,120,1280.75,60,266430
2026-04-13T11:49:30.530,NF,BANKNIFTY28APR2655500PE,1279.2,1025.0,1564.3,1025.0,785.6,436770,1394.76,1275.4,150,1280.2,90,266430
2026-04-13T11:49:32.936,NF,BANKNIFTY28APR2655500PE,1282.05,1025.0,1564.3,1025.0,785.6,437100,1394.67,1278.65,30,1282.7,30,266430
2026-04-13T11:49:39.160,NF,BANKNIFTY28APR2655500PE,1279.95,1025.0,1564.3,1025.0,785.6,437130,1394.66,1279.7,120,1284.35,30,266430
2026-04-13T11:49:46.358,NF,BANKNIFTY28APR2655500PE,1278.55,1025.0,1564.3,1025.0,785.6,437340,1394.61,1278.0,30,1283.0,210,266430
2026-04-13T11:49:51.394,NF,BANKNIFTY28APR2655500PE,1275.4,1025.0,1564.3,1025.0,785.6,437670,1394.52,1275.6,120,1280.55,30,266430
2026-04-13T11:49:52.567,NF,BANKNIFTY28APR2655500PE,1276.0,1025.0,1564.3,1025.0,785.6,437700,1394.51,1275.55,90,1280.15,60,266430
2026-04-13T11:49:55.175,NF,BANKNIFTY28APR2655500PE,1273.35,1025.0,1564.3,1025.0,785.6,437730,1394.5,1273.4,120,1278.15,180,266430
2026-04-13T11:49:57.572,NF,BANKNIFTY28APR2655500PE,1274.45,1025.0,1564.3,1025.0,785.6,437850,1394.47,1274.85,120,1279.5,120,266430
2026-04-13T11:49:58.775,NF,BANKNIFTY28APR2655500PE,1276.25,1025.0,1564.3,1025.0,785.6,437880,1394.46,1271.0,300,1274.85,60,266430
2026-04-13T11:50:01.230,NF,BANKNIFTY28APR2655500PE,1262.0,1025.0,1564.3,1025.0,785.6,438060,1394.41,1264.25,30,1269.55,120,266130
2026-04-13T11:50:03.590,NF,BANKNIFTY28APR2655500PE,1264.8,1025.0,1564.3,1025.0,785.6,438090,1394.4,1266.75,120,1271.45,60,266130
2026-04-13T11:50:06.204,NF,BANKNIFTY28APR2655500PE,1267.1,1025.0,1564.3,1025.0,785.6,438180,1394.37,1266.45,120,1271.7,120,266130
2026-04-13T11:50:07.389,NF,BANKNIFTY28APR2655500PE,1269.45,1025.0,1564.3,1025.0,785.6,438210,1394.37,1265.5,90,1270.3,180,266130
2026-04-13T11:50:09.796,NF,BANKNIFTY28APR2655500PE,1263.4,1025.0,1564.3,1025.0,785.6,438240,1394.36,1264.1,120,1268.65,30,266130
2026-04-13T11:50:11.198,NF,BANKNIFTY28APR2655500PE,1267.65,1025.0,1564.3,1025.0,785.6,438330,1394.33,1264.4,30,1269.4,150,266130
2026-04-13T11:50:12.406,NF,BANKNIFTY28APR2655500PE,1264.95,1025.0,1564.3,1025.0,785.6,438420,1394.3,1262.8,120,1267.35,30,266130
2026-04-13T11:50:13.597,NF,BANKNIFTY28APR2655500PE,1264.35,1025.0,1564.3,1025.0,785.6,438510,1394.28,1259.3,120,1265.65,30,266130
2026-04-13T11:50:16.017,NF,BANKNIFTY28APR2655500PE,1255.0,1025.0,1564.3,1025.0,785.6,438540,1394.27,1254.85,30,1260.2,210,266130
2026-04-13T11:50:17.401,NF,BANKNIFTY28APR2655500PE,1255.1,1025.0,1564.3,1025.0,785.6,438690,1394.22,1253.0,30,1255.95,120,266130
2026-04-13T11:50:18.607,NF,BANKNIFTY28APR2655500PE,1254.6,1025.0,1564.3,1025.0,785.6,438840,1394.17,1254.95,120,1260.15,150,266130
2026-04-13T11:50:21.024,NF,BANKNIFTY28APR2655500PE,1259.75,1025.0,1564.3,1025.0,785.6,439080,1394.1,1257.85,120,1263.35,180,266130
2026-04-13T11:50:22.408,NF,BANKNIFTY28APR2655500PE,1260.9,1025.0,1564.3,1025.0,785.6,439230,1394.05,1260.15,120,1265.5,120,266130
2026-04-13T11:50:23.612,NF,BANKNIFTY28APR2655500PE,1265.75,1025.0,1564.3,1025.0,785.6,439260,1394.05,1265.2,30,1269.7,120,266130
2026-04-13T11:50:24.815,NF,BANKNIFTY28APR2655500PE,1266.25,1025.0,1564.3,1025.0,785.6,439290,1394.04,1265.0,90,1269.85,120,266130
2026-04-13T11:50:26.033,NF,BANKNIFTY28APR2655500PE,1264.5,1025.0,1564.3,1025.0,785.6,439350,1394.02,1262.65,120,1267.9,150,266130
2026-04-13T11:50:31.024,NF,BANKNIFTY28APR2655500PE,1260.85,1025.0,1564.3,1025.0,785.6,439380,1394.01,1259.7,210,1263.15,150,266130
2026-04-13T11:50:32.227,NF,BANKNIFTY28APR2655500PE,1262.0,1025.0,1564.3,1025.0,785.6,439410,1394.0,1257.0,90,1261.9,150,266130
2026-04-13T11:50:36.032,NF,BANKNIFTY28APR2655500PE,1253.0,1025.0,1564.3,1025.0,785.6,439500,1393.97,1250.7,120,1254.25,60,266130
2026-04-13T11:50:38.633,NF,BANKNIFTY28APR2655500PE,1252.1,1025.0,1564.3,1025.0,785.6,439590,1393.94,1252.6,90,1256.85,60,266130
2026-04-13T11:50:39.837,NF,BANKNIFTY28APR2655500PE,1252.85,1025.0,1564.3,1025.0,785.6,439620,1393.93,1250.85,120,1255.1,60,266130
2026-04-13T11:50:42.241,NF,BANKNIFTY28APR2655500PE,1255.35,1025.0,1564.3,1025.0,785.6,439650,1393.92,1255.3,90,1260.15,150,266130
2026-04-13T11:50:43.643,NF,BANKNIFTY28APR2655500PE,1256.1,1025.0,1564.3,1025.0,785.6,439680,1393.91,1257.55,30,1262.2,150,266130
2026-04-13T11:50:46.046,NF,BANKNIFTY28APR2655500PE,1255.25,1025.0,1564.3,1025.0,785.6,439710,1393.91,1254.8,120,1259.65,120,266130
2026-04-13T11:50:51.057,NF,BANKNIFTY28APR2655500PE,1256.2,1025.0,1564.3,1025.0,785.6,440040,1393.8,1252.1,30,1256.15,210,266130
2026-04-13T11:50:56.078,NF,BANKNIFTY28APR2655500PE,1258.85,1025.0,1564.3,1025.0,785.6,440160,1393.76,1253.4,180,1257.85,150,266130
2026-04-13T11:50:57.260,NF,BANKNIFTY28APR2655500PE,1252.75,1025.0,1564.3,1025.0,785.6,440190,1393.76,1252.15,120,1255.9,180,266130
2026-04-13T11:50:58.471,NF,BANKNIFTY28APR2655500PE,1253.25,1025.0,1564.3,1025.0,785.6,440220,1393.75,1252.75,30,1257.4,210,266130
2026-04-13T11:50:59.671,NF,BANKNIFTY28APR2655500PE,1252.1,1025.0,1564.3,1025.0,785.6,440280,1393.73,1251.2,30,1254.75,150,266130
2026-04-13T11:51:01.068,NF,BANKNIFTY28APR2655500PE,1250.35,1025.0,1564.3,1025.0,785.6,440340,1393.71,1250.2,60,1254.4,30,266130
2026-04-13T11:51:03.474,NF,BANKNIFTY28APR2655500PE,1250.0,1025.0,1564.3,1025.0,785.6,440760,1393.57,1248.1,120,1251.9,120,266130
2026-04-13T11:51:07.281,NF,BANKNIFTY28APR2655500PE,1253.55,1025.0,1564.3,1025.0,785.6,440820,1393.55,1248.65,30,1253.35,120,266130
2026-04-13T11:51:12.284,NF,BANKNIFTY28APR2655500PE,1249.1,1025.0,1564.3,1025.0,785.6,440850,1393.54,1248.7,120,1252.7,120,266130
2026-04-13T11:51:13.485,NF,BANKNIFTY28APR2655500PE,1250.6,1025.0,1564.3,1025.0,785.6,440880,1393.53,1250.1,30,1254.4,180,266130
2026-04-13T11:51:14.687,NF,BANKNIFTY28APR2655500PE,1250.0,1025.0,1564.3,1025.0,785.6,440910,1393.52,1248.45,210,1253.3,150,266130
2026-04-13T11:51:15.891,NF,BANKNIFTY28APR2655500PE,1250.0,1025.0,1564.3,1025.0,785.6,440970,1393.5,1249.0,150,1253.0,150,266130
2026-04-13T11:51:17.106,NF,BANKNIFTY28APR2655500PE,1249.65,1025.0,1564.3,1025.0,785.6,441090,1393.46,1251.3,30,1255.9,60,266130
2026-04-13T11:51:18.491,NF,BANKNIFTY28APR2655500PE,1251.8,1025.0,1564.3,1025.0,785.6,441150,1393.44,1251.85,30,1256.35,150,266130
2026-04-13T11:51:27.105,NF,BANKNIFTY28APR2655500PE,1252.3,1025.0,1564.3,1025.0,785.6,441180,1393.43,1251.8,150,1256.25,270,266130
2026-04-13T11:51:32.111,NF,BANKNIFTY28APR2655500PE,1255.35,1025.0,1564.3,1025.0,785.6,441270,1393.41,1254.25,30,1258.0,30,266130
2026-04-13T11:51:38.519,NF,BANKNIFTY28APR2655500PE,1253.75,1025.0,1564.3,1025.0,785.6,441660,1393.28,1250.0,30,1253.75,90,266130
2026-04-13T11:51:39.735,NF,BANKNIFTY28APR2655500PE,1252.25,1025.0,1564.3,1025.0,785.6,441690,1393.27,1252.1,30,1255.6,30,266130
2026-04-13T11:51:43.331,NF,BANKNIFTY28APR2655500PE,1254.6,1025.0,1564.3,1025.0,785.6,442020,1393.17,1254.45,30,1258.7,60,266130
2026-04-13T11:51:44.730,NF,BANKNIFTY28APR2655500PE,1255.8,1025.0,1564.3,1025.0,785.6,442080,1393.15,1251.7,30,1256.6,120,266130
2026-04-13T11:51:45.942,NF,BANKNIFTY28APR2655500PE,1254.0,1025.0,1564.3,1025.0,785.6,442350,1393.06,1250.05,30,1254.25,180,266130
2026-04-13T11:51:47.141,NF,BANKNIFTY28APR2655500PE,1254.25,1025.0,1564.3,1025.0,785.6,442380,1393.06,1252.1,60,1256.6,30,266130
2026-04-13T11:51:48.345,NF,BANKNIFTY28APR2655500PE,1252.45,1025.0,1564.3,1025.0,785.6,442410,1393.05,1252.25,30,1255.9,120,266130
2026-04-13T11:51:49.542,NF,BANKNIFTY28APR2655500PE,1252.25,1025.0,1564.3,1025.0,785.6,442440,1393.04,1253.05,90,1257.8,30,266130
2026-04-13T11:51:52.144,NF,BANKNIFTY28APR2655500PE,1253.4,1025.0,1564.3,1025.0,785.6,442620,1392.98,1253.1,30,1257.7,30,266130
2026-04-13T11:51:53.349,NF,BANKNIFTY28APR2655500PE,1251.25,1025.0,1564.3,1025.0,785.6,442710,1392.95,1248.55,90,1254.35,120,266130
2026-04-13T11:51:54.550,NF,BANKNIFTY28APR2655500PE,1250.35,1025.0,1564.3,1025.0,785.6,442740,1392.94,1250.25,180,1254.65,30,266130
2026-04-13T11:52:07.780,NF,BANKNIFTY28APR2655500PE,1257.95,1025.0,1564.3,1025.0,785.6,442830,1392.91,1253.0,60,1257.4,210,266130
2026-04-13T11:52:09.979,NF,BANKNIFTY28APR2655500PE,1252.8,1025.0,1564.3,1025.0,785.6,442860,1392.9,1253.5,90,1258.05,30,266130
2026-04-13T11:52:11.182,NF,BANKNIFTY28APR2655500PE,1255.75,1025.0,1564.3,1025.0,785.6,442890,1392.89,1255.9,150,1259.65,30,266130
2026-04-13T11:52:12.412,NF,BANKNIFTY28APR2655500PE,1256.35,1025.0,1564.3,1025.0,785.6,443040,1392.85,1256.2,120,1260.0,120,266130
2026-04-13T11:52:19.591,NF,BANKNIFTY28APR2655500PE,1262.3,1025.0,1564.3,1025.0,785.6,443130,1392.82,1262.0,30,1264.8,90,266130
2026-04-13T11:52:21.798,NF,BANKNIFTY28APR2655500PE,1263.2,1025.0,1564.3,1025.0,785.6,443190,1392.8,1261.55,90,1266.2,180,266130
2026-04-13T11:52:24.203,NF,BANKNIFTY28APR2655500PE,1266.85,1025.0,1564.3,1025.0,785.6,443220,1392.8,1263.6,30,1266.95,30,266130
2026-04-13T11:52:35.617,NF,BANKNIFTY28APR2655500PE,1260.0,1025.0,1564.3,1025.0,785.6,443250,1392.79,1257.3,90,1261.55,30,266130
2026-04-13T11:52:36.819,NF,BANKNIFTY28APR2655500PE,1256.35,1025.0,1564.3,1025.0,785.6,443280,1392.78,1255.0,30,1258.15,120,266130
2026-04-13T11:52:38.834,NF,BANKNIFTY28APR2655500PE,1257.25,1025.0,1564.3,1025.0,785.6,443340,1392.76,1255.0,30,1258.75,120,266130
2026-04-13T11:52:42.440,NF,BANKNIFTY28APR2655500PE,1258.15,1025.0,1564.3,1025.0,785.6,443370,1392.75,1258.2,30,1262.65,30,266130
2026-04-13T11:52:43.630,NF,BANKNIFTY28APR2655500PE,1257.6,1025.0,1564.3,1025.0,785.6,443400,1392.74,1260.65,120,1265.3,60,266130
2026-04-13T11:52:53.447,NF,BANKNIFTY28APR2655500PE,1263.75,1025.0,1564.3,1025.0,785.6,443460,1392.72,1262.55,150,1266.65,30,266130
2026-04-13T11:53:03.464,NF,BANKNIFTY28APR2655500PE,1267.0,1025.0,1564.3,1025.0,785.6,443520,1392.71,1264.3,120,1269.25,90,267420
2026-04-13T11:53:07.087,NF,BANKNIFTY28APR2655500PE,1264.6,1025.0,1564.3,1025.0,785.6,443550,1392.7,1263.55,30,1267.1,30,267420
2026-04-13T11:53:09.673,NF,BANKNIFTY28APR2655500PE,1262.85,1025.0,1564.3,1025.0,785.6,443790,1392.63,1260.0,60,1264.45,30,267420
2026-04-13T11:53:17.103,NF,BANKNIFTY28APR2655500PE,1263.65,1025.0,1564.3,1025.0,785.6,443910,1392.59,1263.65,420,1265.7,60,267420
2026-04-13T11:53:31.910,NF,BANKNIFTY28APR2655500PE,1266.05,1025.0,1564.3,1025.0,785.6,443940,1392.58,1264.0,30,1267.85,60,267420
2026-04-13T11:53:33.116,NF,BANKNIFTY28APR2655500PE,1264.05,1025.0,1564.3,1025.0,785.6,443970,1392.58,1263.7,60,1267.9,120,267420
2026-04-13T11:53:37.932,NF,BANKNIFTY28APR2655500PE,1265.6,1025.0,1564.3,1025.0,785.6,444120,1392.53,1261.2,150,1265.5,30,267420
2026-04-13T11:53:44.130,NF,BANKNIFTY28APR2655500PE,1264.5,1025.0,1564.3,1025.0,785.6,444210,1392.51,1261.9,120,1266.1,120,267420
2026-04-13T11:54:02.355,NF,BANKNIFTY28APR2655500PE,1258.0,1025.0,1564.3,1025.0,785.6,444240,1392.5,1256.5,120,1260.85,60,267420
2026-04-13T11:54:03.560,NF,BANKNIFTY28APR2655500PE,1255.1,1025.0,1564.3,1025.0,785.6,444270,1392.49,1255.15,60,1258.3,30,267420
2026-04-13T11:54:04.764,NF,BANKNIFTY28APR2655500PE,1255.0,1025.0,1564.3,1025.0,785.6,444300,1392.48,1252.15,120,1255.5,60,267420
2026-04-13T11:54:05.964,NF,BANKNIFTY28APR2655500PE,1252.0,1025.0,1564.3,1025.0,785.6,444360,1392.46,1252.05,120,1256.0,60,267420
2026-04-13T11:54:08.575,NF,BANKNIFTY28APR2655500PE,1255.7,1025.0,1564.3,1025.0,785.6,444450,1392.43,1255.35,120,1260.15,60,267420
2026-04-13T11:54:09.767,NF,BANKNIFTY28APR2655500PE,1261.45,1025.0,1564.3,1025.0,785.6,444690,1392.36,1258.7,120,1262.9,30,267420
2026-04-13T11:54:13.374,NF,BANKNIFTY28APR2655500PE,1256.95,1025.0,1564.3,1025.0,785.6,444720,1392.35,1258.2,120,1262.4,60,267420
2026-04-13T11:54:14.575,NF,BANKNIFTY28APR2655500PE,1260.6,1025.0,1564.3,1025.0,785.6,444750,1392.34,1255.45,120,1260.2,270,267420
2026-04-13T11:54:19.582,NF,BANKNIFTY28APR2655500PE,1257.5,1025.0,1564.3,1025.0,785.6,444780,1392.33,1257.4,120,1261.55,60,267420
2026-04-13T11:54:20.598,NF,BANKNIFTY28APR2655500PE,1260.0,1025.0,1564.3,1025.0,785.6,444810,1392.33,1258.9,150,1263.55,60,267420
2026-04-13T11:54:35.018,NF,BANKNIFTY28APR2655500PE,1260.0,1025.0,1564.3,1025.0,785.6,444870,1392.31,1256.8,60,1261.6,120,267420
2026-04-13T11:54:37.407,NF,BANKNIFTY28APR2655500PE,1261.05,1025.0,1564.3,1025.0,785.6,444900,1392.3,1257.65,30,1261.15,60,267420
2026-04-13T11:54:49.629,NF,BANKNIFTY28APR2655500PE,1249.6,1025.0,1564.3,1025.0,785.6,444990,1392.27,1248.95,150,1253.1,180,267420
2026-04-13T11:54:50.827,NF,BANKNIFTY28APR2655500PE,1250.15,1025.0,1564.3,1025.0,785.6,445020,1392.26,1249.7,150,1252.9,60,267420
2026-04-13T11:54:52.030,NF,BANKNIFTY28APR2655500PE,1252.85,1025.0,1564.3,1025.0,785.6,445080,1392.24,1252.65,30,1255.8,60,267420
2026-04-13T11:54:54.631,NF,BANKNIFTY28APR2655500PE,1254.75,1025.0,1564.3,1025.0,785.6,445140,1392.22,1254.45,30,1258.15,60,267420
2026-04-13T11:54:58.242,NF,BANKNIFTY28APR2655500PE,1253.95,1025.0,1564.3,1025.0,785.6,445170,1392.21,1252.6,120,1256.05,60,267420
2026-04-13T11:55:00.843,NF,BANKNIFTY28APR2655500PE,1248.3,1025.0,1564.3,1025.0,785.6,445350,1392.16,1248.7,240,1251.3,60,267420
2026-04-13T11:55:02.060,NF,BANKNIFTY28APR2655500PE,1248.3,1025.0,1564.3,1025.0,785.6,445380,1392.15,1248.25,120,1251.3,90,267420
2026-04-13T11:55:03.256,NF,BANKNIFTY28APR2655500PE,1245.0,1025.0,1564.3,1025.0,785.6,445440,1392.13,1242.85,120,1246.6,30,267420
2026-04-13T11:55:04.652,NF,BANKNIFTY28APR2655500PE,1244.05,1025.0,1564.3,1025.0,785.6,445470,1392.12,1241.7,30,1245.1,30,267420
2026-04-13T11:55:07.055,NF,BANKNIFTY28APR2655500PE,1240.0,1025.0,1564.3,1025.0,785.6,445620,1392.07,1238.1,180,1241.3,30,267420
2026-04-13T11:55:08.259,NF,BANKNIFTY28APR2655500PE,1240.5,1025.0,1564.3,1025.0,785.6,445740,1392.02,1239.45,30,1242.6,30,267420
2026-04-13T11:55:09.459,NF,BANKNIFTY28APR2655500PE,1238.6,1025.0,1564.3,1025.0,785.6,445770,1392.01,1236.6,120,1241.0,90,267420
2026-04-13T11:55:12.065,NF,BANKNIFTY28APR2655500PE,1237.2,1025.0,1564.3,1025.0,785.6,446010,1391.93,1236.85,90,1241.2,60,267420
2026-04-13T11:55:15.693,NF,BANKNIFTY28APR2655500PE,1239.2,1025.0,1564.3,1025.0,785.6,446520,1391.76,1237.85,30,1241.5,60,267420
2026-04-13T11:55:18.080,NF,BANKNIFTY28APR2655500PE,1240.2,1025.0,1564.3,1025.0,785.6,446580,1391.74,1239.25,30,1243.4,30,267420
2026-04-13T11:55:19.282,NF,BANKNIFTY28APR2655500PE,1240.0,1025.0,1564.3,1025.0,785.6,446640,1391.72,1238.1,30,1242.15,60,267420
2026-04-13T11:55:21.881,NF,BANKNIFTY28APR2655500PE,1237.5,1025.0,1564.3,1025.0,785.6,446670,1391.71,1235.85,30,1239.8,30,267420
2026-04-13T11:55:23.082,NF,BANKNIFTY28APR2655500PE,1236.6,1025.0,1564.3,1025.0,785.6,446700,1391.69,1234.4,120,1238.45,30,267420
2026-04-13T11:55:25.494,NF,BANKNIFTY28APR2655500PE,1235.0,1025.0,1564.3,1025.0,785.6,446760,1391.67,1231.35,60,1234.4,30,267420
2026-04-13T11:55:26.892,NF,BANKNIFTY28APR2655500PE,1232.5,1025.0,1564.3,1025.0,785.6,446790,1391.66,1230.7,60,1234.35,30,267420
2026-04-13T11:55:28.104,NF,BANKNIFTY28APR2655500PE,1234.2,1025.0,1564.3,1025.0,785.6,446850,1391.64,1231.0,30,1234.9,30,267420
2026-04-13T11:55:34.113,NF,BANKNIFTY28APR2655500PE,1231.7,1025.0,1564.3,1025.0,785.6,446880,1391.63,1231.45,30,1235.1,90,267420
2026-04-13T11:55:35.303,NF,BANKNIFTY28APR2655500PE,1232.9,1025.0,1564.3,1025.0,785.6,446910,1391.62,1232.15,60,1235.85,120,267420
2026-04-13T11:55:36.505,NF,BANKNIFTY28APR2655500PE,1232.15,1025.0,1564.3,1025.0,785.6,446940,1391.61,1229.95,60,1234.5,30,267420
2026-04-13T11:55:39.111,NF,BANKNIFTY28APR2655500PE,1229.4,1025.0,1564.3,1025.0,785.6,447210,1391.51,1229.25,180,1233.55,180,267420
2026-04-13T11:55:40.321,NF,BANKNIFTY28APR2655500PE,1233.6,1025.0,1564.3,1025.0,785.6,447300,1391.48,1230.4,120,1234.4,90,267420
2026-04-13T11:55:42.714,NF,BANKNIFTY28APR2655500PE,1230.8,1025.0,1564.3,1025.0,785.6,447330,1391.47,1228.9,150,1233.25,120,267420
2026-04-13T11:55:47.543,NF,BANKNIFTY28APR2655500PE,1230.05,1025.0,1564.3,1025.0,785.6,447360,1391.46,1229.7,60,1233.7,210,267420
2026-04-13T11:55:48.725,NF,BANKNIFTY28APR2655500PE,1230.75,1025.0,1564.3,1025.0,785.6,447420,1391.44,1229.95,60,1233.95,60,267420
2026-04-13T11:55:51.134,NF,BANKNIFTY28APR2655500PE,1229.3,1025.0,1564.3,1025.0,785.6,447450,1391.43,1229.1,60,1233.35,30,267420
2026-04-13T11:55:53.534,NF,BANKNIFTY28APR2655500PE,1233.7,1025.0,1564.3,1025.0,785.6,447510,1391.4,1229.45,150,1233.65,360,267420
2026-04-13T11:55:57.140,NF,BANKNIFTY28APR2655500PE,1231.4,1025.0,1564.3,1025.0,785.6,447570,1391.38,1230.85,60,1234.95,60,267420
2026-04-13T11:56:01.767,NF,BANKNIFTY28APR2655500PE,1231.4,1025.0,1564.3,1025.0,785.6,447600,1391.37,1229.15,60,1233.25,30,267810
2026-04-13T11:56:03.020,NF,BANKNIFTY28APR2655500PE,1230.2,1025.0,1564.3,1025.0,785.6,447660,1391.35,1229.6,90,1233.0,30,267810
2026-04-13T11:56:04.174,NF,BANKNIFTY28APR2655500PE,1234.85,1025.0,1564.3,1025.0,785.6,447810,1391.3,1230.75,30,1234.85,60,267810
2026-04-13T11:56:05.375,NF,BANKNIFTY28APR2655500PE,1234.8,1025.0,1564.3,1025.0,785.6,447930,1391.26,1232.55,30,1237.6,120,267810
2026-04-13T11:56:07.767,NF,BANKNIFTY28APR2655500PE,1237.35,1025.0,1564.3,1025.0,785.6,447960,1391.25,1233.9,60,1238.3,60,267810
2026-04-13T11:56:08.956,NF,BANKNIFTY28APR2655500PE,1236.95,1025.0,1564.3,1025.0,785.6,447990,1391.24,1232.3,90,1237.0,360,267810
2026-04-13T11:56:11.369,NF,BANKNIFTY28APR2655500PE,1231.75,1025.0,1564.3,1025.0,785.6,448020,1391.22,1231.7,30,1235.85,90,267810
2026-04-13T11:56:13.763,NF,BANKNIFTY28APR2655500PE,1232.95,1025.0,1564.3,1025.0,785.6,448050,1391.21,1233.15,30,1236.05,30,267810
2026-04-13T11:56:14.975,NF,BANKNIFTY28APR2655500PE,1233.2,1025.0,1564.3,1025.0,785.6,448110,1391.19,1231.4,60,1234.15,120,267810
2026-04-13T11:56:16.180,NF,BANKNIFTY28APR2655500PE,1233.0,1025.0,1564.3,1025.0,785.6,448200,1391.16,1230.65,30,1236.6,120,267810
2026-04-13T11:56:17.371,NF,BANKNIFTY28APR2655500PE,1234.6,1025.0,1564.3,1025.0,785.6,448290,1391.13,1234.6,30,1238.2,90,267810
2026-04-13T11:56:18.575,NF,BANKNIFTY28APR2655500PE,1234.6,1025.0,1564.3,1025.0,785.6,448320,1391.12,1233.4,30,1236.75,30,267810
2026-04-13T11:56:21.180,NF,BANKNIFTY28APR2655500PE,1234.85,1025.0,1564.3,1025.0,785.6,448350,1391.11,1234.85,30,1238.6,120,267810
2026-04-13T11:56:24.790,NF,BANKNIFTY28APR2655500PE,1238.45,1025.0,1564.3,1025.0,785.6,448440,1391.08,1234.45,30,1238.65,120,267810
2026-04-13T11:56:25.984,NF,BANKNIFTY28APR2655500PE,1239.6,1025.0,1564.3,1025.0,785.6,448470,1391.07,1234.85,60,1238.5,30,267810
2026-04-13T11:56:38.009,NF,BANKNIFTY28APR2655500PE,1241.85,1025.0,1564.3,1025.0,785.6,448800,1390.96,1242.4,180,1245.0,30,267810
2026-04-13T11:56:39.019,NF,BANKNIFTY28APR2655500PE,1245.0,1025.0,1564.3,1025.0,785.6,448860,1390.94,1241.3,150,1245.9,30,267810
2026-04-13T11:56:44.026,NF,BANKNIFTY28APR2655500PE,1245.75,1025.0,1564.3,1025.0,785.6,448890,1390.93,1241.0,30,1245.1,60,267810
2026-04-13T11:56:46.421,NF,BANKNIFTY28APR2655500PE,1243.7,1025.0,1564.3,1025.0,785.6,448980,1390.9,1240.0,60,1243.5,30,267810
2026-04-13T11:56:50.232,NF,BANKNIFTY28APR2655500PE,1243.65,1025.0,1564.3,1025.0,785.6,449010,1390.89,1241.85,60,1246.35,120,267810
2026-04-13T11:56:52.647,NF,BANKNIFTY28APR2655500PE,1242.4,1025.0,1564.3,1025.0,785.6,449040,1390.88,1242.5,30,1247.0,120,267810
2026-04-13T11:56:55.285,NF,BANKNIFTY28APR2655500PE,1249.9,1025.0,1564.3,1025.0,785.6,449100,1390.86,1246.45,120,1248.0,30,267810
2026-04-13T11:56:56.440,NF,BANKNIFTY28APR2655500PE,1247.2,1025.0,1564.3,1025.0,785.6,449220,1390.82,1244.55,120,1249.2,150,267810
2026-04-13T11:57:04.061,NF,BANKNIFTY28APR2655500PE,1249.85,1025.0,1564.3,1025.0,785.6,449250,1390.81,1244.45,60,1248.7,150,267810
2026-04-13T11:57:05.250,NF,BANKNIFTY28APR2655500PE,1247.0,1025.0,1564.3,1025.0,785.6,449280,1390.8,1245.1,30,1249.5,30,267810
2026-04-13T11:57:16.474,NF,BANKNIFTY28APR2655500PE,1245.4,1025.0,1564.3,1025.0,785.6,449310,1390.79,1242.4,30,1246.3,30,267810
2026-04-13T11:57:23.885,NF,BANKNIFTY28APR2655500PE,1242.4,1025.0,1564.3,1025.0,785.6,449340,1390.78,1240.0,60,1243.15,240,267810
2026-04-13T11:57:27.511,NF,BANKNIFTY28APR2655500PE,1240.0,1025.0,1564.3,1025.0,785.6,449400,1390.76,1236.95,30,1241.0,30,267810
2026-04-13T11:57:31.296,NF,BANKNIFTY28APR2655500PE,1241.0,1025.0,1564.3,1025.0,785.6,449430,1390.75,1240.15,120,1244.3,30,267810
2026-04-13T11:57:47.122,NF,BANKNIFTY28APR2655500PE,1243.95,1025.0,1564.3,1025.0,785.6,449460,1390.74,1245.0,60,1248.3,30,267810
2026-04-13T11:57:48.326,NF,BANKNIFTY28APR2655500PE,1246.8,1025.0,1564.3,1025.0,785.6,449490,1390.73,1246.7,30,1250.85,90,267810
2026-04-13T11:57:49.534,NF,BANKNIFTY28APR2655500PE,1246.7,1025.0,1564.3,1025.0,785.6,449520,1390.72,1246.6,30,1250.0,120,267810
2026-04-13T11:57:54.541,NF,BANKNIFTY28APR2655500PE,1253.4,1025.0,1564.3,1025.0,785.6,449550,1390.71,1248.85,30,1253.05,180,267810
2026-04-13T11:57:55.735,NF,BANKNIFTY28APR2655500PE,1253.9,1025.0,1564.3,1025.0,785.6,449610,1390.69,1250.25,30,1254.45,30,267810
2026-04-13T11:58:07.952,NF,BANKNIFTY28APR2655500PE,1249.1,1025.0,1564.3,1025.0,785.6,449640,1390.69,1249.1,240,1253.65,60,267810
2026-04-13T11:58:19.175,NF,BANKNIFTY28APR2655500PE,1252.2,1025.0,1564.3,1025.0,785.6,449670,1390.68,1250.35,30,1253.85,60,267810
2026-04-13T11:58:20.372,NF,BANKNIFTY28APR2655500PE,1253.85,1025.0,1564.3,1025.0,785.6,449700,1390.67,1252.4,150,1257.1,60,267810
2026-04-13T11:58:30.183,NF,BANKNIFTY28APR2655500PE,1248.7,1025.0,1564.3,1025.0,785.6,449730,1390.66,1248.3,120,1252.65,90,267810
2026-04-13T11:58:33.793,NF,BANKNIFTY28APR2655500PE,1252.6,1025.0,1564.3,1025.0,785.6,449760,1390.65,1251.4,30,1255.85,60,267810
2026-04-13T11:58:34.797,NF,BANKNIFTY28APR2655500PE,1255.15,1025.0,1564.3,1025.0,785.6,449790,1390.64,1253.35,60,1257.1,60,267810
2026-04-13T11:58:48.633,NF,BANKNIFTY28APR2655500PE,1253.3,1025.0,1564.3,1025.0,785.6,449820,1390.63,1249.5,30,1253.6,60,267810
2026-04-13T11:58:51.214,NF,BANKNIFTY28APR2655500PE,1251.85,1025.0,1564.3,1025.0,785.6,449910,1390.6,1249.0,30,1252.9,60,267810
2026-04-13T11:59:21.861,NF,BANKNIFTY28APR2655500PE,1258.75,1025.0,1564.3,1025.0,785.6,449940,1390.59,1256.35,30,1258.8,90,267840
2026-04-13T11:59:25.481,NF,BANKNIFTY28APR2655500PE,1260.0,1025.0,1564.3,1025.0,785.6,450090,1390.55,1259.1,30,1263.6,150,267840
2026-04-13T11:59:32.886,NF,BANKNIFTY28APR2655500PE,1260.05,1025.0,1564.3,1025.0,785.6,450120,1390.54,1255.45,30,1260.2,150,267840
2026-04-13T11:59:57.731,NF,BANKNIFTY28APR2655500PE,1255.95,1025.0,1564.3,1025.0,785.6,450150,1390.53,1256.3,240,1260.95,120,267840
2026-04-13T11:59:58.922,NF,BANKNIFTY28APR2655500PE,1260.7,1025.0,1564.3,1025.0,785.6,450180,1390.52,1255.05,30,1259.25,210,267840
2026-04-13T12:00:00.131,NF,BANKNIFTY28APR2655500PE,1255.8,1025.0,1564.3,1025.0,785.6,450450,1390.44,1253.95,120,1258.25,120,267840
2026-04-13T12:00:08.537,NF,BANKNIFTY28APR2655500PE,1254.1,1025.0,1564.3,1025.0,785.6,450570,1390.41,1251.2,30,1255.3,30,267840
2026-04-13T12:00:09.948,NF,BANKNIFTY28APR2655500PE,1253.15,1025.0,1564.3,1025.0,785.6,450720,1390.36,1250.05,90,1254.4,60,267840
2026-04-13T12:00:11.155,NF,BANKNIFTY28APR2655500PE,1249.75,1025.0,1564.3,1025.0,785.6,450750,1390.35,1243.25,120,1247.4,60,267840
2026-04-13T12:00:13.550,NF,BANKNIFTY28APR2655500PE,1245.85,1025.0,1564.3,1025.0,785.6,450780,1390.34,1242.25,120,1247.35,120,267840
2026-04-13T12:00:27.162,NF,BANKNIFTY28APR2655500PE,1245.4,1025.0,1564.3,1025.0,785.6,450810,1390.33,1242.5,30,1247.95,120,267840
2026-04-13T12:00:42.782,NF,BANKNIFTY28APR2655500PE,1244.4,1025.0,1564.3,1025.0,785.6,450840,1390.32,1243.0,30,1247.4,150,267840
2026-04-13T12:00:55.211,NF,BANKNIFTY28APR2655500PE,1235.0,1025.0,1564.3,1025.0,785.6,450870,1390.31,1233.45,30,1237.2,60,267840
2026-04-13T12:00:57.612,NF,BANKNIFTY28APR2655500PE,1231.45,1025.0,1564.3,1025.0,785.6,450900,1390.3,1231.05,30,1235.7,90,267840
2026-04-13T12:01:01.410,NF,BANKNIFTY28APR2655500PE,1235.35,1025.0,1564.3,1025.0,785.6,450960,1390.28,1230.65,120,1235.3,30,267840
2026-04-13T12:01:02.615,NF,BANKNIFTY28APR2655500PE,1232.7,1025.0,1564.3,1025.0,785.6,450990,1390.27,1229.35,150,1233.5,60,267840
2026-04-13T12:01:03.815,NF,BANKNIFTY28APR2655500PE,1231.55,1025.0,1564.3,1025.0,785.6,451020,1390.26,1232.65,30,1236.75,30,267840
2026-04-13T12:01:07.621,NF,BANKNIFTY28APR2655500PE,1233.45,1025.0,1564.3,1025.0,785.6,451110,1390.23,1231.9,30,1236.3,30,267840
2026-04-13T12:01:13.837,NF,BANKNIFTY28APR2655500PE,1236.35,1025.0,1564.3,1025.0,785.6,451230,1390.19,1234.95,30,1239.6,90,267840
2026-04-13T12:01:16.237,NF,BANKNIFTY28APR2655500PE,1235.15,1025.0,1564.3,1025.0,785.6,451290,1390.17,1233.95,60,1238.45,120,267840
2026-04-13T12:01:17.439,NF,BANKNIFTY28APR2655500PE,1233.55,1025.0,1564.3,1025.0,785.6,451320,1390.16,1233.15,150,1237.35,60,267840
2026-04-13T12:01:27.459,NF,BANKNIFTY28APR2655500PE,1233.55,1025.0,1564.3,1025.0,785.6,451350,1390.15,1234.95,90,1239.45,60,267840
2026-04-13T12:01:33.666,NF,BANKNIFTY28APR2655500PE,1239.25,1025.0,1564.3,1025.0,785.6,451470,1390.11,1238.6,150,1243.05,150,267840
2026-04-13T12:01:36.268,NF,BANKNIFTY28APR2655500PE,1240.4,1025.0,1564.3,1025.0,785.6,451500,1390.1,1239.75,180,1244.0,180,267840
2026-04-13T12:01:45.883,NF,BANKNIFTY28APR2655500PE,1242.5,1025.0,1564.3,1025.0,785.6,451710,1390.03,1238.75,120,1243.25,30,267840
2026-04-13T12:01:47.090,NF,BANKNIFTY28APR2655500PE,1240.15,1025.0,1564.3,1025.0,785.6,451830,1389.99,1239.0,120,1243.4,150,267840
2026-04-13T12:01:49.492,NF,BANKNIFTY28APR2655500PE,1239.9,1025.0,1564.3,1025.0,785.6,451890,1389.97,1235.7,150,1239.85,150,267840
2026-04-13T12:02:17.736,NF,BANKNIFTY28APR2655500PE,1236.0,1025.0,1564.3,1025.0,785.6,451920,1389.96,1231.85,90,1235.95,30,268320
2026-04-13T12:02:23.945,NF,BANKNIFTY28APR2655500PE,1235.1,1025.0,1564.3,1025.0,785.6,451950,1389.95,1231.45,240,1235.15,30,268320
2026-04-13T12:02:39.971,NF,BANKNIFTY28APR2655500PE,1237.65,1025.0,1564.3,1025.0,785.6,451980,1389.94,1236.45,30,1240.85,120,268320
2026-04-13T12:02:56.599,NF,BANKNIFTY28APR2655500PE,1241.8,1025.0,1564.3,1025.0,785.6,452070,1389.91,1238.15,210,1241.85,360,268320
2026-04-13T12:02:57.797,NF,BANKNIFTY28APR2655500PE,1242.5,1025.0,1564.3,1025.0,785.6,452100,1389.9,1237.9,90,1242.2,60,268320
2026-04-13T12:03:00.201,NF,BANKNIFTY28APR2655500PE,1245.95,1025.0,1564.3,1025.0,785.6,452430,1389.79,1242.15,30,1246.5,30,268320
2026-04-13T12:03:15.625,NF,BANKNIFTY28APR2655500PE,1246.85,1025.0,1564.3,1025.0,785.6,452460,1389.78,1242.4,150,1246.7,720,268320
2026-04-13T12:03:30.455,NF,BANKNIFTY28APR2655500PE,1244.7,1025.0,1564.3,1025.0,785.6,452490,1389.77,1243.3,60,1247.3,60,268320
2026-04-13T12:03:32.859,NF,BANKNIFTY28APR2655500PE,1242.85,1025.0,1564.3,1025.0,785.6,452640,1389.72,1243.2,150,1247.05,30,268320
2026-04-13T12:03:35.258,NF,BANKNIFTY28APR2655500PE,1247.1,1025.0,1564.3,1025.0,785.6,452700,1389.7,1242.95,150,1247.1,540,268320
2026-04-13T12:03:36.458,NF,BANKNIFTY28APR2655500PE,1242.8,1025.0,1564.3,1025.0,785.6,452760,1389.68,1243.05,150,1246.9,30,268320
2026-04-13T12:03:37.667,NF,BANKNIFTY28APR2655500PE,1243.4,1025.0,1564.3,1025.0,785.6,452880,1389.65,1243.05,150,1246.9,60,268320
2026-04-13T12:03:41.266,NF,BANKNIFTY28APR2655500PE,1242.75,1025.0,1564.3,1025.0,785.6,452970,1389.62,1243.3,150,1246.9,60,268320
2026-04-13T12:04:04.508,NF,BANKNIFTY28APR2655500PE,1237.8,1025.0,1564.3,1025.0,785.6,453000,1389.61,1236.2,120,1241.0,120,268320
2026-04-13T12:04:06.903,NF,BANKNIFTY28APR2655500PE,1238.55,1025.0,1564.3,1025.0,785.6,453030,1389.6,1236.55,60,1240.9,120,268320
2026-04-13T12:04:11.709,NF,BANKNIFTY28APR2655500PE,1233.45,1025.0,1564.3,1025.0,785.6,453060,1389.59,1233.6,60,1238.0,30,268320
2026-04-13T12:04:28.148,NF,BANKNIFTY28APR2655500PE,1238.5,1025.0,1564.3,1025.0,785.6,453120,1389.57,1236.65,180,1241.4,60,268320
2026-04-13T12:04:40.148,NF,BANKNIFTY28APR2655500PE,1241.25,1025.0,1564.3,1025.0,785.6,453150,1389.56,1236.05,60,1240.4,150,268320
2026-04-13T12:04:56.780,NF,BANKNIFTY28APR2655500PE,1240.9,1025.0,1564.3,1025.0,785.6,453180,1389.55,1238.3,60,1242.4,60,268320
2026-04-13T12:05:13.996,NF,BANKNIFTY28APR2655500PE,1235.15,1025.0,1564.3,1025.0,785.6,453240,1389.53,1236.0,30,1238.1,30,268440
2026-04-13T12:05:16.400,NF,BANKNIFTY28APR2655500PE,1238.1,1025.0,1564.3,1025.0,785.6,453270,1389.52,1235.05,30,1238.7,90,268440
2026-04-13T12:05:18.803,NF,BANKNIFTY28APR2655500PE,1236.3,1025.0,1564.3,1025.0,785.6,453300,1389.51,1235.55,120,1239.0,120,268440
2026-04-13T12:05:21.209,NF,BANKNIFTY28APR2655500PE,1233.2,1025.0,1564.3,1025.0,785.6,453390,1389.48,1233.4,150,1237.75,30,268440
2026-04-13T12:05:22.428,NF,BANKNIFTY28APR2655500PE,1233.2,1025.0,1564.3,1025.0,785.6,453570,1389.41,1231.95,120,1235.0,30,268440
2026-04-13T12:05:41.843,NF,BANKNIFTY28APR2655500PE,1229.0,1025.0,1564.3,1025.0,785.6,453600,1389.4,1227.1,150,1230.8,30,268440
2026-04-13T12:05:43.045,NF,BANKNIFTY28APR2655500PE,1230.65,1025.0,1564.3,1025.0,785.6,453660,1389.38,1227.55,150,1230.8,30,268440
2026-04-13T12:05:45.470,NF,BANKNIFTY28APR2655500PE,1229.35,1025.0,1564.3,1025.0,785.6,453690,1389.37,1227.7,150,1230.75,30,268440
2026-04-13T12:05:48.051,NF,BANKNIFTY28APR2655500PE,1226.7,1025.0,1564.3,1025.0,785.6,453750,1389.35,1226.7,90,1230.3,30,268440
2026-04-13T12:05:54.067,NF,BANKNIFTY28APR2655500PE,1230.4,1025.0,1564.3,1025.0,785.6,453810,1389.33,1226.7,150,1231.05,120,268440
2026-04-13T12:05:55.267,NF,BANKNIFTY28APR2655500PE,1226.05,1025.0,1564.3,1025.0,785.6,453840,1389.32,1226.05,90,1230.4,120,268440
2026-04-13T12:06:09.897,NF,BANKNIFTY28APR2655500PE,1229.1,1025.0,1564.3,1025.0,785.6,453960,1389.28,1225.45,150,1228.95,120,268440
2026-04-13T12:06:13.312,NF,BANKNIFTY28APR2655500PE,1223.85,1025.0,1564.3,1025.0,785.6,454290,1389.16,1223.85,150,1228.0,180,268440
2026-04-13T12:06:15.904,NF,BANKNIFTY28APR2655500PE,1222.7,1025.0,1564.3,1025.0,785.6,454410,1389.11,1218.65,30,1222.9,120,268440
2026-04-13T12:06:20.709,NF,BANKNIFTY28APR2655500PE,1220.3,1025.0,1564.3,1025.0,785.6,454440,1389.1,1218.8,30,1223.15,150,268440
2026-04-13T12:06:23.313,NF,BANKNIFTY28APR2655500PE,1219.65,1025.0,1564.3,1025.0,785.6,454500,1389.08,1215.9,120,1219.75,60,268440
2026-04-13T12:06:25.719,NF,BANKNIFTY28APR2655500PE,1218.3,1025.0,1564.3,1025.0,785.6,454800,1388.96,1214.6,120,1218.4,30,268440
2026-04-13T12:06:27.118,NF,BANKNIFTY28APR2655500PE,1213.0,1025.0,1564.3,1025.0,785.6,454830,1388.95,1212.8,60,1216.2,120,268440
2026-04-13T12:06:28.319,NF,BANKNIFTY28APR2655500PE,1212.85,1025.0,1564.3,1025.0,785.6,454860,1388.94,1212.75,180,1216.7,120,268440
2026-04-13T12:06:30.739,NF,BANKNIFTY28APR2655500PE,1222.4,1025.0,1564.3,1025.0,785.6,454980,1388.9,1217.8,120,1221.95,30,268440
2026-04-13T12:06:32.129,NF,BANKNIFTY28APR2655500PE,1216.95,1025.0,1564.3,1025.0,785.6,455010,1388.89,1214.35,120,1218.7,60,268440
2026-04-13T12:06:35.738,NF,BANKNIFTY28APR2655500PE,1215.35,1025.0,1564.3,1025.0,785.6,455070,1388.86,1213.9,120,1218.25,60,268440
2026-04-13T12:06:37.131,NF,BANKNIFTY28APR2655500PE,1206.1,1025.0,1564.3,1025.0,785.6,455520,1388.69,1206.1,90,1209.65,30,268440
2026-04-13T12:06:39.133,NF,BANKNIFTY28APR2655500PE,1209.2,1025.0,1564.3,1025.0,785.6,455670,1388.63,1209.75,120,1213.9,60,268440
2026-04-13T12:06:51.558,NF,BANKNIFTY28APR2655500PE,1205.7,1025.0,1564.3,1025.0,785.6,455910,1388.53,1206.1,120,1210.4,120,268440
2026-04-13T12:06:52.759,NF,BANKNIFTY28APR2655500PE,1206.3,1025.0,1564.3,1025.0,785.6,455940,1388.52,1206.65,120,1211.2,120,268440
2026-04-13T12:06:56.567,NF,BANKNIFTY28APR2655500PE,1205.0,1025.0,1564.3,1025.0,785.6,456210,1388.41,1203.35,120,1207.15,60,268440
2026-04-13T12:07:00.372,NF,BANKNIFTY28APR2655500PE,1206.0,1025.0,1564.3,1025.0,785.6,456240,1388.4,1201.8,30,1205.8,60,268440
2026-04-13T12:07:01.570,NF,BANKNIFTY28APR2655500PE,1205.0,1025.0,1564.3,1025.0,785.6,456570,1388.27,1201.9,180,1206.2,90,268440
2026-04-13T12:07:02.771,NF,BANKNIFTY28APR2655500PE,1206.35,1025.0,1564.3,1025.0,785.6,456630,1388.24,1202.6,120,1207.05,120,268440
2026-04-13T12:07:05.461,NF,BANKNIFTY28APR2655500PE,1205.4,1025.0,1564.3,1025.0,785.6,456750,1388.19,1205.55,120,1210.0,60,268440
2026-04-13T12:07:08.983,NF,BANKNIFTY28APR2655500PE,1208.3,1025.0,1564.3,1025.0,785.6,456780,1388.18,1204.55,60,1208.55,720,268440
2026-04-13T12:07:11.387,NF,BANKNIFTY28APR2655500PE,1203.2,1025.0,1564.3,1025.0,785.6,456810,1388.17,1203.2,90,1207.8,120,268440
2026-04-13T12:07:18.611,NF,BANKNIFTY28APR2655500PE,1204.55,1025.0,1564.3,1025.0,785.6,456840,1388.16,1206.35,150,1208.75,30,268440
2026-04-13T12:07:21.005,NF,BANKNIFTY28APR2655500PE,1206.35,1025.0,1564.3,1025.0,785.6,457260,1387.99,1205.25,150,1208.7,150,268440
2026-04-13T12:07:26.006,NF,BANKNIFTY28APR2655500PE,1204.6,1025.0,1564.3,1025.0,785.6,457380,1387.94,1204.55,30,1208.65,90,268440
2026-04-13T12:07:30.210,NF,BANKNIFTY28APR2655500PE,1203.1,1025.0,1564.3,1025.0,785.6,458460,1387.51,1202.65,120,1207.1,120,268440
2026-04-13T12:07:31.030,NF,BANKNIFTY28APR2655500PE,1203.45,1025.0,1564.3,1025.0,785.6,458520,1387.48,1202.55,120,1207.0,150,268440
2026-04-13T12:07:36.628,NF,BANKNIFTY28APR2655500PE,1205.3,1025.0,1564.3,1025.0,785.6,458550,1387.47,1205.2,150,1209.25,150,268440
2026-04-13T12:07:42.828,NF,BANKNIFTY28APR2655500PE,1212.0,1025.0,1564.3,1025.0,785.6,458610,1387.45,1208.35,30,1212.35,90,268440
2026-04-13T12:07:44.032,NF,BANKNIFTY28APR2655500PE,1212.25,1025.0,1564.3,1025.0,785.6,458670,1387.42,1209.9,30,1212.5,60,268440
2026-04-13T12:07:45.233,NF,BANKNIFTY28APR2655500PE,1213.0,1025.0,1564.3,1025.0,785.6,458760,1387.39,1211.2,30,1214.5,150,268440
2026-04-13T12:07:46.435,NF,BANKNIFTY28APR2655500PE,1212.7,1025.0,1564.3,1025.0,785.6,458790,1387.38,1212.5,30,1216.55,120,268440
2026-04-13T12:07:47.638,NF,BANKNIFTY28APR2655500PE,1212.1,1025.0,1564.3,1025.0,785.6,458820,1387.37,1211.05,90,1215.3,120,268440
2026-04-13T12:07:51.452,NF,BANKNIFTY28APR2655500PE,1208.1,1025.0,1564.3,1025.0,785.6,459870,1386.96,1209.25,30,1213.2,180,268440
2026-04-13T12:07:57.651,NF,BANKNIFTY28APR2655500PE,1207.05,1025.0,1564.3,1025.0,785.6,460170,1386.84,1207.55,60,1212.05,150,268440
2026-04-13T12:08:02.463,NF,BANKNIFTY28APR2655500PE,1211.75,1025.0,1564.3,1025.0,785.6,460200,1386.83,1208.05,120,1212.2,630,268440
2026-04-13T12:08:04.868,NF,BANKNIFTY28APR2655500PE,1213.5,1025.0,1564.3,1025.0,785.6,460500,1386.72,1209.4,30,1213.3,180,267630
2026-04-13T12:08:07.476,NF,BANKNIFTY28APR2655500PE,1213.95,1025.0,1564.3,1025.0,785.6,460530,1386.71,1212.35,30,1216.6,240,267630
2026-04-13T12:08:12.475,NF,BANKNIFTY28APR2655500PE,1211.95,1025.0,1564.3,1025.0,785.6,460590,1386.68,1211.75,60,1215.95,60,267630
2026-04-13T12:08:13.684,NF,BANKNIFTY28APR2655500PE,1213.5,1025.0,1564.3,1025.0,785.6,460620,1386.67,1211.95,120,1216.0,120,267630
2026-04-13T12:08:14.880,NF,BANKNIFTY28APR2655500PE,1213.4,1025.0,1564.3,1025.0,785.6,460650,1386.66,1212.2,90,1216.3,30,267630
2026-04-13T12:08:21.091,NF,BANKNIFTY28APR2655500PE,1213.4,1025.0,1564.3,1025.0,785.6,460680,1386.65,1211.35,30,1215.0,210,267630
2026-04-13T12:08:27.102,NF,BANKNIFTY28APR2655500PE,1215.05,1025.0,1564.3,1025.0,785.6,460710,1386.64,1211.5,60,1215.05,630,267630
2026-04-13T12:08:29.508,NF,BANKNIFTY28APR2655500PE,1215.7,1025.0,1564.3,1025.0,785.6,460770,1386.62,1213.2,30,1217.2,60,267630
2026-04-13T12:08:35.715,NF,BANKNIFTY28APR2655500PE,1211.65,1025.0,1564.3,1025.0,785.6,460800,1386.61,1211.7,90,1215.7,150,267630
2026-04-13T12:08:48.942,NF,BANKNIFTY28APR2655500PE,1217.35,1025.0,1564.3,1025.0,785.6,460830,1386.59,1216.35,30,1220.6,150,267630
2026-04-13T12:08:55.148,NF,BANKNIFTY28APR2655500PE,1212.6,1025.0,1564.3,1025.0,785.6,460860,1386.58,1212.25,30,1216.2,120,267630
2026-04-13T12:09:02.561,NF,BANKNIFTY28APR2655500PE,1214.8,1025.0,1564.3,1025.0,785.6,460950,1386.55,1211.4,120,1215.65,60,267630
2026-04-13T12:09:14.779,NF,BANKNIFTY28APR2655500PE,1213.65,1025.0,1564.3,1025.0,785.6,461130,1386.48,1211.5,30,1215.15,210,267630
2026-04-13T12:09:23.214,NF,BANKNIFTY28APR2655500PE,1210.95,1025.0,1564.3,1025.0,785.6,461250,1386.44,1207.1,120,1211.5,150,267630
2026-04-13T12:09:28.008,NF,BANKNIFTY28APR2655500PE,1210.95,1025.0,1564.3,1025.0,785.6,461280,1386.42,1207.65,60,1210.95,30,267630
2026-04-13T12:09:31.640,NF,BANKNIFTY28APR2655500PE,1206.45,1025.0,1564.3,1025.0,785.6,461340,1386.4,1207.55,30,1210.9,60,267630
2026-04-13T12:09:34.011,NF,BANKNIFTY28APR2655500PE,1210.95,1025.0,1564.3,1025.0,785.6,461370,1386.39,1207.6,90,1211.85,30,267630
2026-04-13T12:09:38.818,NF,BANKNIFTY28APR2655500PE,1210.6,1025.0,1564.3,1025.0,785.6,461400,1386.38,1206.25,120,1210.3,180,267630
2026-04-13T12:09:42.428,NF,BANKNIFTY28APR2655500PE,1205.4,1025.0,1564.3,1025.0,785.6,461430,1386.37,1204.65,360,1207.1,60,267630
2026-04-13T12:09:50.043,NF,BANKNIFTY28APR2655500PE,1210.0,1025.0,1564.3,1025.0,785.6,461490,1386.34,1208.25,90,1212.45,60,267630
2026-04-13T12:10:01.255,NF,BANKNIFTY28APR2655500PE,1207.9,1025.0,1564.3,1025.0,785.6,461670,1386.27,1208.7,90,1212.6,30,267630
2026-04-13T12:10:06.278,NF,BANKNIFTY28APR2655500PE,1207.55,1025.0,1564.3,1025.0,785.6,461970,1386.16,1204.1,120,1207.55,60,267630
2026-04-13T12:10:09.879,NF,BANKNIFTY28APR2655500PE,1204.1,1025.0,1564.3,1025.0,785.6,462060,1386.12,1205.5,30,1208.5,90,267630
2026-04-13T12:10:12.485,NF,BANKNIFTY28APR2655500PE,1204.55,1025.0,1564.3,1025.0,785.6,462120,1386.1,1204.65,210,1207.85,30,267630
2026-04-13T12:10:14.886,NF,BANKNIFTY28APR2655500PE,1203.25,1025.0,1564.3,1025.0,785.6,462300,1386.03,1203.7,30,1206.15,150,267630
2026-04-13T12:10:18.688,NF,BANKNIFTY28APR2655500PE,1201.3,1025.0,1564.3,1025.0,785.6,462360,1386.0,1201.65,150,1204.75,60,267630
2026-04-13T12:10:24.897,NF,BANKNIFTY28APR2655500PE,1201.45,1025.0,1564.3,1025.0,785.6,462420,1385.98,1201.65,90,1205.0,60,267630
2026-04-13T12:10:26.100,NF,BANKNIFTY28APR2655500PE,1202.85,1025.0,1564.3,1025.0,785.6,462450,1385.97,1201.1,30,1203.9,30,267630
2026-04-13T12:10:27.512,NF,BANKNIFTY28APR2655500PE,1200.0,1025.0,1564.3,1025.0,785.6,462690,1385.87,1196.0,60,1198.9,30,267630
2026-04-13T12:10:29.906,NF,BANKNIFTY28APR2655500PE,1195.95,1025.0,1564.3,1025.0,785.6,462780,1385.84,1196.0,330,1198.8,60,267630
2026-04-13T12:10:33.714,NF,BANKNIFTY28APR2655500PE,1198.9,1025.0,1564.3,1025.0,785.6,462870,1385.8,1195.0,180,1198.85,120,267630
2026-04-13T12:10:34.921,NF,BANKNIFTY28APR2655500PE,1195.0,1025.0,1564.3,1025.0,785.6,462900,1385.79,1192.85,150,1197.15,150,267630
2026-04-13T12:10:37.516,NF,BANKNIFTY28APR2655500PE,1192.05,1025.0,1564.3,1025.0,785.6,463230,1385.65,1192.25,270,1196.15,30,267630
2026-04-13T12:10:38.520,NF,BANKNIFTY28APR2655500PE,1196.6,1025.0,1564.3,1025.0,785.6,463260,1385.64,1193.75,60,1197.55,150,267630
2026-04-13T12:10:39.724,NF,BANKNIFTY28APR2655500PE,1194.65,1025.0,1564.3,1025.0,785.6,463440,1385.56,1192.95,30,1197.25,30,267630
2026-04-13T12:10:40.934,NF,BANKNIFTY28APR2655500PE,1193.35,1025.0,1564.3,1025.0,785.6,463500,1385.54,1193.35,90,1197.05,30,267630
2026-04-13T12:10:42.325,NF,BANKNIFTY28APR2655500PE,1197.8,1025.0,1564.3,1025.0,785.6,463530,1385.53,1193.55,150,1197.6,750,267630
2026-04-13T12:10:44.729,NF,BANKNIFTY28APR2655500PE,1200.0,1025.0,1564.3,1025.0,785.6,464160,1385.27,1197.45,30,1201.3,90,267630
2026-04-13T12:10:45.931,NF,BANKNIFTY28APR2655500PE,1198.25,1025.0,1564.3,1025.0,785.6,464190,1385.26,1198.25,390,1201.7,120,267630
2026-04-13T12:10:50.547,NF,BANKNIFTY28APR2655500PE,1195.5,1025.0,1564.3,1025.0,785.6,464250,1385.23,1193.35,120,1197.4,120,267630
2026-04-13T12:10:56.620,NF,BANKNIFTY28APR2655500PE,1193.1,1025.0,1564.3,1025.0,785.6,464280,1385.22,1193.25,120,1197.5,150,267630
2026-04-13T12:10:59.157,NF,BANKNIFTY28APR2655500PE,1194.25,1025.0,1564.3,1025.0,785.6,464340,1385.2,1195.0,150,1199.8,30,267630
2026-04-13T12:11:08.767,NF,BANKNIFTY28APR2655500PE,1198.55,1025.0,1564.3,1025.0,785.6,464400,1385.17,1197.45,120,1201.85,60,267450
2026-04-13T12:11:15.981,NF,BANKNIFTY28APR2655500PE,1196.2,1025.0,1564.3,1025.0,785.6,464460,1385.15,1194.75,60,1198.1,30,267450
2026-04-13T12:11:19.596,NF,BANKNIFTY28APR2655500PE,1193.4,1025.0,1564.3,1025.0,785.6,464550,1385.11,1192.1,150,1195.65,30,267450
2026-04-13T12:11:20.986,NF,BANKNIFTY28APR2655500PE,1192.65,1025.0,1564.3,1025.0,785.6,464610,1385.09,1192.6,60,1196.25,150,267450
2026-04-13T12:11:26.995,NF,BANKNIFTY28APR2655500PE,1193.75,1025.0,1564.3,1025.0,785.6,464640,1385.07,1193.6,30,1196.7,30,267450
2026-04-13T12:11:34.208,NF,BANKNIFTY28APR2655500PE,1195.15,1025.0,1564.3,1025.0,785.6,464670,1385.06,1191.8,180,1195.35,30,267450
2026-04-13T12:11:35.412,NF,BANKNIFTY28APR2655500PE,1192.65,1025.0,1564.3,1025.0,785.6,464700,1385.05,1191.75,60,1195.35,30,267450
2026-04-13T12:11:44.026,NF,BANKNIFTY28APR2655500PE,1194.85,1025.0,1564.3,1025.0,785.6,464730,1385.04,1194.1,150,1198.5,30,267450
2026-04-13T12:11:45.228,NF,BANKNIFTY28APR2655500PE,1195.9,1025.0,1564.3,1025.0,785.6,464760,1385.02,1195.85,120,1198.95,30,267450
2026-04-13T12:11:46.438,NF,BANKNIFTY28APR2655500PE,1204.0,1025.0,1564.3,1025.0,785.6,464910,1384.96,1201.55,60,1205.25,120,267450
2026-04-13T12:11:49.031,NF,BANKNIFTY28APR2655500PE,1201.75,1025.0,1564.3,1025.0,785.6,464970,1384.94,1199.3,30,1203.45,150,267450
2026-04-13T12:11:50.234,NF,BANKNIFTY28APR2655500PE,1203.1,1025.0,1564.3,1025.0,785.6,465030,1384.92,1199.35,30,1203.1,720,267450
2026-04-13T12:11:51.450,NF,BANKNIFTY28APR2655500PE,1200.85,1025.0,1564.3,1025.0,785.6,465090,1384.89,1196.9,30,1200.85,60,267450
2026-04-13T12:11:52.835,NF,BANKNIFTY28APR2655500PE,1200.5,1025.0,1564.3,1025.0,785.6,465120,1384.88,1197.75,120,1202.4,90,267450
2026-04-13T12:12:02.670,NF,BANKNIFTY28APR2655500PE,1200.2,1025.0,1564.3,1025.0,785.6,465150,1384.87,1199.45,90,1203.4,90,267450
2026-04-13T12:12:11.473,NF,BANKNIFTY28APR2655500PE,1199.4,1025.0,1564.3,1025.0,785.6,465210,1384.85,1197.0,90,1199.35,90,267450
2026-04-13T12:12:14.068,NF,BANKNIFTY28APR2655500PE,1198.85,1025.0,1564.3,1025.0,785.6,465240,1384.83,1197.0,90,1200.1,240,267450
2026-04-13T12:12:16.474,NF,BANKNIFTY28APR2655500PE,1196.35,1025.0,1564.3,1025.0,785.6,465360,1384.79,1193.6,30,1196.0,120,267450
2026-04-13T12:12:19.092,NF,BANKNIFTY28APR2655500PE,1195.7,1025.0,1564.3,1025.0,785.6,465390,1384.77,1192.85,120,1197.15,60,267450
2026-04-13T12:12:23.897,NF,BANKNIFTY28APR2655500PE,1197.85,1025.0,1564.3,1025.0,785.6,465420,1384.76,1196.55,60,1200.55,90,267450
2026-04-13T12:12:28.928,NF,BANKNIFTY28APR2655500PE,1201.0,1025.0,1564.3,1025.0,785.6,465450,1384.75,1198.8,60,1203.15,150,267450
2026-04-13T12:12:38.902,NF,BANKNIFTY28APR2655500PE,1202.1,1025.0,1564.3,1025.0,785.6,466110,1384.49,1200.9,30,1204.9,90,267450
2026-04-13T12:12:42.511,NF,BANKNIFTY28APR2655500PE,1201.5,1025.0,1564.3,1025.0,785.6,466170,1384.47,1200.0,30,1202.55,120,267450
2026-04-13T12:12:43.927,NF,BANKNIFTY28APR2655500PE,1203.5,1025.0,1564.3,1025.0,785.6,466200,1384.45,1200.0,30,1203.6,60,267450
2026-04-13T12:12:47.518,NF,BANKNIFTY28APR2655500PE,1205.0,1025.0,1564.3,1025.0,785.6,466230,1384.44,1201.95,30,1205.0,270,267450
2026-04-13T12:13:03.542,NF,BANKNIFTY28APR2655500PE,1200.0,1025.0,1564.3,1025.0,785.6,466500,1384.34,1196.7,120,1201.0,60,267450
2026-04-13T12:13:12.180,NF,BANKNIFTY28APR2655500PE,1203.0,1025.0,1564.3,1025.0,785.6,466530,1384.32,1199.6,60,1203.0,390,267450
2026-04-13T12:13:15.957,NF,BANKNIFTY28APR2655500PE,1197.4,1025.0,1564.3,1025.0,785.6,466560,1384.31,1195.65,120,1199.9,30,267450
2026-04-13T12:13:17.159,NF,BANKNIFTY28APR2655500PE,1199.4,1025.0,1564.3,1025.0,785.6,466590,1384.3,1195.75,120,1199.75,630,267450
2026-04-13T12:13:19.569,NF,BANKNIFTY28APR2655500PE,1195.65,1025.0,1564.3,1025.0,785.6,466620,1384.29,1192.0,960,1195.7,30,267450
2026-04-13T12:13:22.168,NF,BANKNIFTY28APR2655500PE,1192.05,1025.0,1564.3,1025.0,785.6,466650,1384.28,1192.0,900,1194.85,30,267450
2026-04-13T12:13:24.571,NF,BANKNIFTY28APR2655500PE,1192.4,1025.0,1564.3,1025.0,785.6,466710,1384.25,1192.55,30,1195.3,360,267450
2026-04-13T12:13:28.381,NF,BANKNIFTY28APR2655500PE,1192.6,1025.0,1564.3,1025.0,785.6,466740,1384.24,1192.55,120,1195.3,360,267450
2026-04-13T12:13:35.592,NF,BANKNIFTY28APR2655500PE,1193.0,1025.0,1564.3,1025.0,785.6,467130,1384.08,1193.85,30,1195.3,360,267450
2026-04-13T12:13:36.994,NF,BANKNIFTY28APR2655500PE,1195.3,1025.0,1564.3,1025.0,785.6,467490,1383.93,1196.25,90,1198.45,30,267450
2026-04-13T12:13:38.201,NF,BANKNIFTY28APR2655500PE,1196.05,1025.0,1564.3,1025.0,785.6,467520,1383.92,1194.75,150,1198.9,60,267450
2026-04-13T12:13:40.994,NF,BANKNIFTY28APR2655500PE,1197.5,1025.0,1564.3,1025.0,785.6,467550,1383.91,1196.2,210,1199.6,90,267450
2026-04-13T12:13:42.196,NF,BANKNIFTY28APR2655500PE,1196.25,1025.0,1564.3,1025.0,785.6,467580,1383.9,1197.2,510,1198.95,60,267450
2026-04-13T12:13:43.399,NF,BANKNIFTY28APR2655500PE,1197.2,1025.0,1564.3,1025.0,785.6,467610,1383.89,1195.25,30,1198.95,60,267450
2026-04-13T12:13:51.813,NF,BANKNIFTY28APR2655500PE,1195.1,1025.0,1564.3,1025.0,785.6,467730,1383.84,1193.0,900,1194.9,60,267450
2026-04-13T12:14:00.627,NF,BANKNIFTY28APR2655500PE,1197.25,1025.0,1564.3,1025.0,785.6,467790,1383.81,1195.1,60,1197.2,60,267450
2026-04-13T12:14:10.646,NF,BANKNIFTY28APR2655500PE,1198.45,1025.0,1564.3,1025.0,785.6,467820,1383.8,1198.45,30,1200.75,60,267690
2026-04-13T12:14:11.844,NF,BANKNIFTY28APR2655500PE,1199.25,1025.0,1564.3,1025.0,785.6,467880,1383.78,1195.1,30,1198.05,120,267690
2026-04-13T12:14:15.655,NF,BANKNIFTY28APR2655500PE,1195.1,1025.0,1564.3,1025.0,785.6,467910,1383.77,1193.0,900,1195.1,30,267690
2026-04-13T12:14:24.260,NF,BANKNIFTY28APR2655500PE,1193.35,1025.0,1564.3,1025.0,785.6,468960,1383.34,1189.35,30,1192.9,120,267690
2026-04-13T12:14:26.664,NF,BANKNIFTY28APR2655500PE,1191.4,1025.0,1564.3,1025.0,785.6,469260,1383.22,1188.35,60,1191.95,60,267690
2026-04-13T12:14:37.880,NF,BANKNIFTY28APR2655500PE,1190.1,1025.0,1564.3,1025.0,785.6,469320,1383.2,1186.5,150,1190.1,30,267690
2026-04-13T12:14:38.887,NF,BANKNIFTY28APR2655500PE,1189.6,1025.0,1564.3,1025.0,785.6,469380,1383.17,1186.35,30,1189.6,120,267690
2026-04-13T12:14:40.286,NF,BANKNIFTY28APR2655500PE,1185.45,1025.0,1564.3,1025.0,785.6,469410,1383.16,1185.0,240,1187.9,120,267690
2026-04-13T12:14:43.891,NF,BANKNIFTY28APR2655500PE,1186.05,1025.0,1564.3,1025.0,785.6,469740,1383.02,1186.05,180,1188.0,120,267690
2026-04-13T12:14:45.094,NF,BANKNIFTY28APR2655500PE,1186.05,1025.0,1564.3,1025.0,785.6,469770,1383.01,1185.0,180,1186.2,30,267690
2026-04-13T12:14:46.544,NF,BANKNIFTY28APR2655500PE,1183.75,1025.0,1564.3,1025.0,785.6,470130,1382.86,1181.05,30,1183.9,30,267690
2026-04-13T12:14:47.704,NF,BANKNIFTY28APR2655500PE,1182.3,1025.0,1564.3,1025.0,785.6,470280,1382.79,1181.95,30,1185.0,30,267690
2026-04-13T12:14:48.902,NF,BANKNIFTY28APR2655500PE,1188.2,1025.0,1564.3,1025.0,785.6,470430,1382.73,1184.9,30,1187.8,150,267690
2026-04-13T12:14:50.099,NF,BANKNIFTY28APR2655500PE,1184.1,1025.0,1564.3,1025.0,785.6,470490,1382.7,1182.25,30,1186.25,90,267690
2026-04-13T12:14:51.309,NF,BANKNIFTY28APR2655500PE,1182.35,1025.0,1564.3,1025.0,785.6,470580,1382.67,1182.35,390,1185.85,60,267690
2026-04-13T12:14:58.918,NF,BANKNIFTY28APR2655500PE,1182.7,1025.0,1564.3,1025.0,785.6,470790,1382.58,1180.2,150,1183.9,30,267690
2026-04-13T12:15:01.318,NF,BANKNIFTY28APR2655500PE,1182.4,1025.0,1564.3,1025.0,785.6,470820,1382.56,1180.0,330,1182.9,60,267690
2026-04-13T12:15:02.717,NF,BANKNIFTY28APR2655500PE,1183.5,1025.0,1564.3,1025.0,785.6,470970,1382.5,1180.0,330,1183.75,150,267690
2026-04-13T12:15:03.920,NF,BANKNIFTY28APR2655500PE,1182.15,1025.0,1564.3,1025.0,785.6,471060,1382.46,1180.15,90,1184.2,30,267690
2026-04-13T12:15:08.958,NF,BANKNIFTY28APR2655500PE,1180.65,1025.0,1564.3,1025.0,785.6,471150,1382.42,1180.4,30,1183.25,90,267690
2026-04-13T12:15:12.544,NF,BANKNIFTY28APR2655500PE,1180.4,1025.0,1564.3,1025.0,785.6,471180,1382.41,1180.1,30,1183.9,90,267690
2026-04-13T12:15:17.338,NF,BANKNIFTY28APR2655500PE,1182.95,1025.0,1564.3,1025.0,785.6,471210,1382.4,1180.0,330,1182.6,30,267690
2026-04-13T12:15:22.153,NF,BANKNIFTY28APR2655500PE,1184.3,1025.0,1564.3,1025.0,785.6,472170,1382.0,1183.9,30,1187.5,120,267690
2026-04-13T12:15:23.351,NF,BANKNIFTY28APR2655500PE,1185.15,1025.0,1564.3,1025.0,785.6,472260,1381.96,1184.15,30,1187.8,120,267690
2026-04-13T12:15:24.560,NF,BANKNIFTY28APR2655500PE,1185.0,1025.0,1564.3,1025.0,785.6,472380,1381.91,1186.05,120,1189.45,30,267690
2026-04-13T12:15:25.766,NF,BANKNIFTY28APR2655500PE,1190.25,1025.0,1564.3,1025.0,785.6,472410,1381.9,1186.15,30,1190.0,60,267690
2026-04-13T12:15:29.359,NF,BANKNIFTY28APR2655500PE,1188.3,1025.0,1564.3,1025.0,785.6,472620,1381.81,1184.1,30,1188.15,180,267690
2026-04-13T12:15:37.776,NF,BANKNIFTY28APR2655500PE,1187.25,1025.0,1564.3,1025.0,785.6,472710,1381.77,1183.35,210,1187.55,120,267690
2026-04-13T12:15:38.792,NF,BANKNIFTY28APR2655500PE,1183.8,1025.0,1564.3,1025.0,785.6,472740,1381.76,1183.5,30,1187.35,630,267690
2026-04-13T12:15:43.587,NF,BANKNIFTY28APR2655500PE,1189.4,1025.0,1564.3,1025.0,785.6,472830,1381.72,1187.35,120,1190.7,60,267690
2026-04-13T12:15:44.988,NF,BANKNIFTY28APR2655500PE,1189.95,1025.0,1564.3,1025.0,785.6,472860,1381.71,1189.55,60,1193.6,150,267690
2026-04-13T12:15:46.197,NF,BANKNIFTY28APR2655500PE,1190.05,1025.0,1564.3,1025.0,785.6,472890,1381.7,1189.1,150,1193.25,630,267690
2026-04-13T12:15:49.795,NF,BANKNIFTY28APR2655500PE,1190.9,1025.0,1564.3,1025.0,785.6,472950,1381.67,1187.35,120,1191.7,120,267690
2026-04-13T12:15:53.399,NF,BANKNIFTY28APR2655500PE,1188.3,1025.0,1564.3,1025.0,785.6,472980,1381.66,1185.55,30,1189.3,150,267690
2026-04-13T12:15:54.603,NF,BANKNIFTY28APR2655500PE,1185.45,1025.0,1564.3,1025.0,785.6,473010,1381.65,1185.55,30,1189.2,30,267690
2026-04-13T12:15:55.805,NF,BANKNIFTY28APR2655500PE,1188.15,1025.0,1564.3,1025.0,785.6,473040,1381.64,1185.0,30,1188.6,120,267690
2026-04-13T12:16:03.234,NF,BANKNIFTY28APR2655500PE,1190.0,1025.0,1564.3,1025.0,785.6,473070,1381.63,1188.85,30,1192.3,60,267690
2026-04-13T12:16:11.828,NF,BANKNIFTY28APR2655500PE,1192.85,1025.0,1564.3,1025.0,785.6,473130,1381.6,1190.0,180,1194.3,30,267690
2026-04-13T12:16:18.037,NF,BANKNIFTY28APR2655500PE,1195.7,1025.0,1564.3,1025.0,785.6,473160,1381.59,1193.9,60,1197.9,690,267690
2026-04-13T12:16:20.443,NF,BANKNIFTY28APR2655500PE,1196.1,1025.0,1564.3,1025.0,785.6,473250,1381.55,1192.85,30,1196.2,30,267690
2026-04-13T12:16:25.251,NF,BANKNIFTY28APR2655500PE,1193.6,1025.0,1564.3,1025.0,785.6,473340,1381.52,1193.5,120,1197.25,150,267690
2026-04-13T12:16:26.664,NF,BANKNIFTY28APR2655500PE,1197.0,1025.0,1564.3,1025.0,785.6,473370,1381.51,1194.9,30,1199.0,30,267690
2026-04-13T12:16:27.859,NF,BANKNIFTY28APR2655500PE,1198.55,1025.0,1564.3,1025.0,785.6,473400,1381.5,1197.75,270,1199.0,90,267690
2026-04-13T12:16:36.463,NF,BANKNIFTY28APR2655500PE,1195.05,1025.0,1564.3,1025.0,785.6,473460,1381.47,1187.85,150,1192.4,150,267690
2026-04-13T12:16:39.678,NF,BANKNIFTY28APR2655500PE,1190.6,1025.0,1564.3,1025.0,785.6,473490,1381.46,1190.1,30,1194.3,90,267690
2026-04-13T12:17:00.334,NF,BANKNIFTY28APR2655500PE,1192.55,1025.0,1564.3,1025.0,785.6,474000,1381.26,1191.15,90,1195.2,60,267690
2026-04-13T12:17:01.527,NF,BANKNIFTY28APR2655500PE,1193.4,1025.0,1564.3,1025.0,785.6,474060,1381.23,1190.55,120,1195.05,60,267690
2026-04-13T12:17:02.518,NF,BANKNIFTY28APR2655500PE,1191.05,1025.0,1564.3,1025.0,785.6,474090,1381.22,1191.05,30,1195.35,90,267690
2026-04-13T12:17:04.914,NF,BANKNIFTY28APR2655500PE,1194.5,1025.0,1564.3,1025.0,785.6,474120,1381.21,1189.6,120,1194.2,150,267690
2026-04-13T12:17:06.405,NF,BANKNIFTY28APR2655500PE,1188.6,1025.0,1564.3,1025.0,785.6,474210,1381.17,1187.75,30,1191.3,60,267690
2026-04-13T12:17:07.520,NF,BANKNIFTY28APR2655500PE,1188.35,1025.0,1564.3,1025.0,785.6,474240,1381.16,1186.6,150,1190.8,60,269100
2026-04-13T12:17:13.328,NF,BANKNIFTY28APR2655500PE,1189.35,1025.0,1564.3,1025.0,785.6,474300,1381.14,1188.9,90,1192.7,60,269100
2026-04-13T12:17:14.524,NF,BANKNIFTY28APR2655500PE,1192.35,1025.0,1564.3,1025.0,785.6,474330,1381.12,1187.2,120,1191.9,30,269100
2026-04-13T12:17:28.747,NF,BANKNIFTY28APR2655500PE,1190.5,1025.0,1564.3,1025.0,785.6,474360,1381.11,1190.45,150,1194.4,150,269100
2026-04-13T12:17:32.151,NF,BANKNIFTY28APR2655500PE,1192.35,1025.0,1564.3,1025.0,785.6,474480,1381.06,1190.85,150,1195.3,90,269100
2026-04-13T12:17:39.562,NF,BANKNIFTY28APR2655500PE,1189.6,1025.0,1564.3,1025.0,785.6,474540,1381.04,1185.3,30,1188.25,60,269100
2026-04-13T12:17:49.390,NF,BANKNIFTY28APR2655500PE,1184.55,1025.0,1564.3,1025.0,785.6,474630,1381.0,1181.0,60,1183.6,150,269100
2026-04-13T12:17:50.578,NF,BANKNIFTY28APR2655500PE,1183.6,1025.0,1564.3,1025.0,785.6,474780,1380.94,1181.0,60,1183.6,60,269100
2026-04-13T12:17:56.804,NF,BANKNIFTY28APR2655500PE,1183.8,1025.0,1564.3,1025.0,785.6,475080,1380.82,1186.45,90,1191.0,120,269100
2026-04-13T12:18:04.209,NF,BANKNIFTY28APR2655500PE,1187.25,1025.0,1564.3,1025.0,785.6,475110,1380.8,1183.75,30,1187.65,150,269100
2026-04-13T12:18:05.400,NF,BANKNIFTY28APR2655500PE,1187.95,1025.0,1564.3,1025.0,785.6,475410,1380.68,1184.4,120,1188.2,90,269100
2026-04-13T12:18:11.612,NF,BANKNIFTY28APR2655500PE,1194.9,1025.0,1564.3,1025.0,785.6,475740,1380.55,1193.8,120,1197.0,90,269100
2026-04-13T12:18:14.032,NF,BANKNIFTY28APR2655500PE,1194.6,1025.0,1564.3,1025.0,785.6,475770,1380.54,1191.1,30,1194.9,120,269100
2026-04-13T12:18:21.431,NF,BANKNIFTY28APR2655500PE,1191.05,1025.0,1564.3,1025.0,785.6,475800,1380.53,1186.7,120,1191.1,120,269100
2026-04-13T12:18:36.459,NF,BANKNIFTY28APR2655500PE,1194.65,1025.0,1564.3,1025.0,785.6,475830,1380.52,1193.5,30,1197.8,120,269100
2026-04-13T12:18:37.651,NF,BANKNIFTY28APR2655500PE,1194.85,1025.0,1564.3,1025.0,785.6,475860,1380.51,1192.8,210,1197.15,30,269100
2026-04-13T12:18:47.466,NF,BANKNIFTY28APR2655500PE,1194.25,1025.0,1564.3,1025.0,785.6,475890,1380.49,1189.5,90,1194.05,180,269100
2026-04-13T12:18:54.687,NF,BANKNIFTY28APR2655500PE,1187.65,1025.0,1564.3,1025.0,785.6,475920,1380.48,1188.65,60,1192.0,30,269100
2026-04-13T12:18:57.085,NF,BANKNIFTY28APR2655500PE,1191.3,1025.0,1564.3,1025.0,785.6,476040,1380.43,1189.0,120,1192.0,30,269100
2026-04-13T12:19:35.551,NF,BANKNIFTY28APR2655500PE,1195.25,1025.0,1564.3,1025.0,785.6,476070,1380.42,1193.45,120,1197.55,30,269100
2026-04-13T12:19:45.562,NF,BANKNIFTY28APR2655500PE,1192.65,1025.0,1564.3,1025.0,785.6,476520,1380.24,1189.1,30,1193.5,60,269100
2026-04-13T12:19:49.178,NF,BANKNIFTY28APR2655500PE,1183.5,1025.0,1564.3,1025.0,785.6,476730,1380.16,1181.0,60,1184.85,90,269100
2026-04-13T12:19:51.771,NF,BANKNIFTY28APR2655500PE,1181.0,1025.0,1564.3,1025.0,785.6,476820,1380.12,1180.7,30,1184.9,90,269100
2026-04-13T12:19:52.990,NF,BANKNIFTY28APR2655500PE,1180.9,1025.0,1564.3,1025.0,785.6,476880,1380.1,1180.95,180,1185.4,630,269100
2026-04-13T12:19:59.185,NF,BANKNIFTY28APR2655500PE,1180.0,1025.0,1564.3,1025.0,785.6,476970,1380.06,1180.55,120,1185.2,60,269100
2026-04-13T12:20:05.398,NF,BANKNIFTY28APR2655500PE,1180.0,1025.0,1564.3,1025.0,785.6,477030,1380.03,1180.0,240,1182.45,150,269100
2026-04-13T12:20:07.797,NF,BANKNIFTY28APR2655500PE,1181.2,1025.0,1564.3,1025.0,785.6,477090,1380.01,1180.0,300,1182.65,30,269100
2026-04-13T12:20:13.808,NF,BANKNIFTY28APR2655500PE,1180.75,1025.0,1564.3,1025.0,785.6,477360,1379.9,1177.4,30,1180.25,210,269370
2026-04-13T12:20:15.010,NF,BANKNIFTY28APR2655500PE,1180.2,1025.0,1564.3,1025.0,785.6,477390,1379.88,1178.35,30,1180.15,30,269370
2026-04-13T12:20:20.017,NF,BANKNIFTY28APR2655500PE,1180.4,1025.0,1564.3,1025.0,785.6,477420,1379.87,1177.85,30,1180.9,120,269370
2026-04-13T12:20:21.221,NF,BANKNIFTY28APR2655500PE,1178.2,1025.0,1564.3,1025.0,785.6,477570,1379.81,1175.4,30,1178.6,90,269370
2026-04-13T12:20:23.624,NF,BANKNIFTY28APR2655500PE,1175.4,1025.0,1564.3,1025.0,785.6,477600,1379.79,1175.0,60,1178.5,630,269370
2026-04-13T12:20:24.832,NF,BANKNIFTY28APR2655500PE,1175.85,1025.0,1564.3,1025.0,785.6,477630,1379.78,1175.0,60,1178.1,60,269370
2026-04-13T12:20:26.026,NF,BANKNIFTY28APR2655500PE,1173.95,1025.0,1564.3,1025.0,785.6,478350,1379.47,1174.55,60,1177.45,30,269370
2026-04-13T12:20:27.225,NF,BANKNIFTY28APR2655500PE,1179.45,1025.0,1564.3,1025.0,785.6,478950,1379.22,1178.75,150,1181.95,30,269370
2026-04-13T12:20:28.439,NF,BANKNIFTY28APR2655500PE,1181.6,1025.0,1564.3,1025.0,785.6,479040,1379.18,1177.7,60,1181.45,150,269370
2026-04-13T12:20:36.843,NF,BANKNIFTY28APR2655500PE,1179.8,1025.0,1564.3,1025.0,785.6,479340,1379.06,1176.0,210,1179.65,150,269370
2026-04-13T12:20:41.850,NF,BANKNIFTY28APR2655500PE,1178.9,1025.0,1564.3,1025.0,785.6,479400,1379.03,1175.15,30,1178.45,60,269370
2026-04-13T12:20:43.055,NF,BANKNIFTY28APR2655500PE,1173.95,1025.0,1564.3,1025.0,785.6,479850,1378.84,1174.1,30,1178.15,90,269370
2026-04-13T12:20:44.256,NF,BANKNIFTY28APR2655500PE,1176.2,1025.0,1564.3,1025.0,785.6,479880,1378.83,1173.6,120,1177.15,30,269370
2026-04-13T12:20:46.661,NF,BANKNIFTY28APR2655500PE,1176.75,1025.0,1564.3,1025.0,785.6,479910,1378.82,1171.65,120,1175.4,30,269370
2026-04-13T12:20:49.268,NF,BANKNIFTY28APR2655500PE,1175.35,1025.0,1564.3,1025.0,785.6,479940,1378.8,1171.9,150,1176.6,30,269370
2026-04-13T12:20:56.673,NF,BANKNIFTY28APR2655500PE,1175.8,1025.0,1564.3,1025.0,785.6,480000,1378.78,1174.75,180,1178.65,30,269370
2026-04-13T12:20:57.883,NF,BANKNIFTY28APR2655500PE,1176.55,1025.0,1564.3,1025.0,785.6,480030,1378.77,1175.0,30,1178.35,60,269370
2026-04-13T12:20:59.081,NF,BANKNIFTY28APR2655500PE,1175.1,1025.0,1564.3,1025.0,785.6,480090,1378.74,1174.95,150,1178.25,60,269370
2026-04-13T12:21:03.882,NF,BANKNIFTY28APR2655500PE,1177.25,1025.0,1564.3,1025.0,785.6,480180,1378.7,1176.95,30,1180.65,150,269370
2026-04-13T12:21:05.085,NF,BANKNIFTY28APR2655500PE,1178.6,1025.0,1564.3,1025.0,785.6,480240,1378.68,1176.2,150,1179.75,90,269370
2026-04-13T12:21:07.503,NF,BANKNIFTY28APR2655500PE,1176.8,1025.0,1564.3,1025.0,785.6,480270,1378.66,1172.95,150,1177.2,120,269370
2026-04-13T12:21:08.891,NF,BANKNIFTY28APR2655500PE,1171.4,1025.0,1564.3,1025.0,785.6,480360,1378.63,1171.4,120,1175.4,60,269370
2026-04-13T12:21:10.094,NF,BANKNIFTY28APR2655500PE,1171.25,1025.0,1564.3,1025.0,785.6,480660,1378.5,1171.55,30,1174.95,120,269370
2026-04-13T12:21:11.295,NF,BANKNIFTY28APR2655500PE,1175.0,1025.0,1564.3,1025.0,785.6,480720,1378.47,1171.6,30,1174.9,30,269370
2026-04-13T12:21:12.506,NF,BANKNIFTY28APR2655500PE,1175.7,1025.0,1564.3,1025.0,785.6,481110,1378.31,1171.35,60,1175.4,240,269370
2026-04-13T12:21:18.707,NF,BANKNIFTY28APR2655500PE,1172.8,1025.0,1564.3,1025.0,785.6,481440,1378.17,1171.2,120,1174.05,60,269370
2026-04-13T12:21:20.107,NF,BANKNIFTY28APR2655500PE,1170.75,1025.0,1564.3,1025.0,785.6,481590,1378.1,1170.45,30,1173.7,60,269370
2026-04-13T12:21:21.323,NF,BANKNIFTY28APR2655500PE,1170.0,1025.0,1564.3,1025.0,785.6,481620,1378.09,1166.9,180,1170.95,60,269370
2026-04-13T12:21:22.513,NF,BANKNIFTY28APR2655500PE,1170.75,1025.0,1564.3,1025.0,785.6,481800,1378.01,1166.5,120,1170.9,30,269370
2026-04-13T12:21:24.917,NF,BANKNIFTY28APR2655500PE,1165.95,1025.0,1564.3,1025.0,785.6,481950,1377.94,1166.65,270,1170.6,60,269370
2026-04-13T12:21:26.328,NF,BANKNIFTY28APR2655500PE,1166.2,1025.0,1564.3,1025.0,785.6,481980,1377.93,1165.7,30,1170.0,180,269370
2026-04-13T12:21:31.125,NF,BANKNIFTY28APR2655500PE,1170.35,1025.0,1564.3,1025.0,785.6,482010,1377.92,1169.7,90,1173.45,60,269370
2026-04-13T12:21:32.329,NF,BANKNIFTY28APR2655500PE,1170.85,1025.0,1564.3,1025.0,785.6,482040,1377.91,1174.4,60,1177.45,30,269370
2026-04-13T12:21:39.337,NF,BANKNIFTY28APR2655500PE,1181.8,1025.0,1564.3,1025.0,785.6,482070,1377.89,1176.95,150,1181.15,60,269370
2026-04-13T12:21:40.538,NF,BANKNIFTY28APR2655500PE,1178.75,1025.0,1564.3,1025.0,785.6,482130,1377.87,1174.65,30,1178.7,30,269370
2026-04-13T12:21:41.940,NF,BANKNIFTY28APR2655500PE,1177.25,1025.0,1564.3,1025.0,785.6,482160,1377.86,1173.7,60,1177.7,90,269370
2026-04-13T12:21:46.749,NF,BANKNIFTY28APR2655500PE,1177.25,1025.0,1564.3,1025.0,785.6,482190,1377.84,1176.1,30,1179.15,120,269370
2026-04-13T12:21:47.949,NF,BANKNIFTY28APR2655500PE,1179.15,1025.0,1564.3,1025.0,785.6,482220,1377.83,1175.55,60,1179.65,120,269370
2026-04-13T12:21:51.752,NF,BANKNIFTY28APR2655500PE,1178.45,1025.0,1564.3,1025.0,785.6,482250,1377.82,1177.6,90,1181.8,30,269370
2026-04-13T12:21:52.954,NF,BANKNIFTY28APR2655500PE,1181.1,1025.0,1564.3,1025.0,785.6,482280,1377.81,1177.0,120,1180.85,60,269370
2026-04-13T12:21:54.161,NF,BANKNIFTY28APR2655500PE,1180.8,1025.0,1564.3,1025.0,785.6,482340,1377.78,1179.0,60,1182.65,150,269370
2026-04-13T12:21:55.562,NF,BANKNIFTY28APR2655500PE,1182.55,1025.0,1564.3,1025.0,785.6,482400,1377.76,1182.4,60,1186.15,180,269370
2026-04-13T12:21:57.977,NF,BANKNIFTY28APR2655500PE,1187.7,1025.0,1564.3,1025.0,785.6,482430,1377.75,1183.55,30,1187.45,270,269370
2026-04-13T12:21:59.166,NF,BANKNIFTY28APR2655500PE,1187.0,1025.0,1564.3,1025.0,785.6,482490,1377.72,1187.2,180,1188.7,30,269370
2026-04-13T12:22:00.565,NF,BANKNIFTY28APR2655500PE,1188.8,1025.0,1564.3,1025.0,785.6,482520,1377.71,1187.8,120,1191.3,30,269370
2026-04-13T12:22:05.575,NF,BANKNIFTY28APR2655500PE,1188.0,1025.0,1564.3,1025.0,785.6,482610,1377.68,1184.15,90,1187.75,90,269370
2026-04-13T12:22:06.779,NF,BANKNIFTY28APR2655500PE,1191.15,1025.0,1564.3,1025.0,785.6,482820,1377.59,1187.65,60,1191.55,210,269370
2026-04-13T12:22:07.984,NF,BANKNIFTY28APR2655500PE,1191.5,1025.0,1564.3,1025.0,785.6,482970,1377.54,1185.65,60,1189.3,60,269370
2026-04-13T12:22:09.188,NF,BANKNIFTY28APR2655500PE,1183.95,1025.0,1564.3,1025.0,785.6,483030,1377.51,1183.2,60,1186.35,30,269370
2026-04-13T12:22:12.997,NF,BANKNIFTY28APR2655500PE,1187.2,1025.0,1564.3,1025.0,785.6,483210,1377.44,1184.85,120,1187.25,30,269370
2026-04-13T12:22:15.598,NF,BANKNIFTY28APR2655500PE,1189.5,1025.0,1564.3,1025.0,785.6,483270,1377.42,1186.2,150,1189.65,30,269370
2026-04-13T12:22:16.805,NF,BANKNIFTY28APR2655500PE,1189.55,1025.0,1564.3,1025.0,785.6,483300,1377.41,1187.55,30,1191.4,30,269370
2026-04-13T12:22:18.006,NF,BANKNIFTY28APR2655500PE,1190.9,1025.0,1564.3,1025.0,785.6,483330,1377.39,1187.05,30,1190.45,30,269370
2026-04-13T12:22:23.010,NF,BANKNIFTY28APR2655500PE,1191.25,1025.0,1564.3,1025.0,785.6,483360,1377.38,1185.6,60,1189.85,60,269370
2026-04-13T12:22:25.412,NF,BANKNIFTY28APR2655500PE,1189.1,1025.0,1564.3,1025.0,785.6,483390,1377.37,1186.35,90,1190.4,210,269370
2026-04-13T12:22:36.428,NF,BANKNIFTY28APR2655500PE,1192.95,1025.0,1564.3,1025.0,785.6,483510,1377.32,1189.35,30,1193.65,60,269370
2026-04-13T12:22:42.633,NF,BANKNIFTY28APR2655500PE,1194.1,1025.0,1564.3,1025.0,785.6,483540,1377.31,1190.05,30,1194.0,90,269370
2026-04-13T12:22:43.835,NF,BANKNIFTY28APR2655500PE,1189.7,1025.0,1564.3,1025.0,785.6,483630,1377.28,1191.6,210,1194.0,30,269370
2026-04-13T12:22:48.642,NF,BANKNIFTY28APR2655500PE,1194.0,1025.0,1564.3,1025.0,785.6,483660,1377.27,1193.8,120,1197.1,600,269370
2026-04-13T12:22:51.250,NF,BANKNIFTY28APR2655500PE,1197.1,1025.0,1564.3,1025.0,785.6,483720,1377.24,1194.45,90,1198.0,720,269370
2026-04-13T12:22:54.850,NF,BANKNIFTY28APR2655500PE,1198.0,1025.0,1564.3,1025.0,785.6,483810,1377.21,1197.5,60,1200.0,30,269370
2026-04-13T12:22:56.253,NF,BANKNIFTY28APR2655500PE,1203.0,1025.0,1564.3,1025.0,785.6,483870,1377.19,1197.85,30,1201.8,30,269370
2026-04-13T12:22:57.453,NF,BANKNIFTY28APR2655500PE,1200.0,1025.0,1564.3,1025.0,785.6,483900,1377.18,1197.25,30,1200.75,30,269370
2026-04-13T12:23:01.257,NF,BANKNIFTY28APR2655500PE,1197.1,1025.0,1564.3,1025.0,785.6,483930,1377.17,1194.7,240,1198.95,90,269370
2026-04-13T12:23:08.686,NF,BANKNIFTY28APR2655500PE,1198.65,1025.0,1564.3,1025.0,785.6,483960,1377.16,1195.3,30,1199.3,690,269370
2026-04-13T12:23:11.170,NF,BANKNIFTY28APR2655500PE,1192.95,1025.0,1564.3,1025.0,785.6,484050,1377.12,1189.0,30,1192.95,30,268710
2026-04-13T12:23:14.895,NF,BANKNIFTY28APR2655500PE,1194.0,1025.0,1564.3,1025.0,785.6,484200,1377.07,1190.4,30,1194.7,120,268710
2026-04-13T12:23:17.284,NF,BANKNIFTY28APR2655500PE,1190.05,1025.0,1564.3,1025.0,785.6,484440,1376.97,1191.45,30,1195.7,30,268710
2026-04-13T12:23:19.888,NF,BANKNIFTY28APR2655500PE,1195.85,1025.0,1564.3,1025.0,785.6,484590,1376.92,1191.45,180,1195.75,60,268710
2026-04-13T12:23:27.096,NF,BANKNIFTY28APR2655500PE,1195.4,1025.0,1564.3,1025.0,785.6,484620,1376.91,1192.15,120,1195.4,90,268710
2026-04-13T12:23:28.297,NF,BANKNIFTY28APR2655500PE,1195.4,1025.0,1564.3,1025.0,785.6,484680,1376.88,1192.45,30,1196.0,30,268710
2026-04-13T12:23:34.506,NF,BANKNIFTY28APR2655500PE,1192.3,1025.0,1564.3,1025.0,785.6,484710,1376.87,1189.45,120,1192.95,30,268710
2026-04-13T12:23:38.308,NF,BANKNIFTY28APR2655500PE,1193.3,1025.0,1564.3,1025.0,785.6,484740,1376.86,1189.7,30,1193.2,30,268710
2026-04-13T12:23:42.129,NF,BANKNIFTY28APR2655500PE,1190.35,1025.0,1564.3,1025.0,785.6,484830,1376.83,1187.1,30,1190.35,180,268710
2026-04-13T12:23:43.337,NF,BANKNIFTY28APR2655500PE,1189.35,1025.0,1564.3,1025.0,785.6,484980,1376.77,1187.1,30,1190.05,150,268710
2026-04-13T12:23:44.518,NF,BANKNIFTY28APR2655500PE,1189.45,1025.0,1564.3,1025.0,785.6,485040,1376.75,1187.1,30,1189.75,180,268710
2026-04-13T12:23:46.932,NF,BANKNIFTY28APR2655500PE,1188.95,1025.0,1564.3,1025.0,785.6,485160,1376.7,1185.5,90,1188.35,30,268710
2026-04-13T12:23:50.734,NF,BANKNIFTY28APR2655500PE,1189.1,1025.0,1564.3,1025.0,785.6,485220,1376.68,1184.1,30,1188.3,60,268710
2026-04-13T12:23:51.928,NF,BANKNIFTY28APR2655500PE,1185.15,1025.0,1564.3,1025.0,785.6,485250,1376.66,1181.05,150,1184.95,90,268710
2026-04-13T12:23:53.134,NF,BANKNIFTY28APR2655500PE,1174.6,1025.0,1564.3,1025.0,785.6,485430,1376.59,1176.3,120,1180.8,60,268710
2026-04-13T12:23:56.938,NF,BANKNIFTY28APR2655500PE,1183.4,1025.0,1564.3,1025.0,785.6,485460,1376.58,1179.4,180,1183.75,30,268710
2026-04-13T12:23:59.538,NF,BANKNIFTY28APR2655500PE,1180.25,1025.0,1564.3,1025.0,785.6,485490,1376.57,1180.25,150,1183.6,30,268710
2026-04-13T12:24:01.951,NF,BANKNIFTY28APR2655500PE,1183.4,1025.0,1564.3,1025.0,785.6,485550,1376.54,1180.3,390,1183.25,30,268710
2026-04-13T12:24:04.351,NF,BANKNIFTY28APR2655500PE,1178.4,1025.0,1564.3,1025.0,785.6,485580,1376.53,1177.2,90,1181.4,30,268710
2026-04-13T12:24:16.574,NF,BANKNIFTY28APR2655500PE,1180.75,1025.0,1564.3,1025.0,785.6,485610,1376.52,1177.0,60,1180.75,120,268710
2026-04-13T12:24:21.387,NF,BANKNIFTY28APR2655500PE,1180.8,1025.0,1564.3,1025.0,785.6,485640,1376.5,1176.9,180,1181.1,90,268710
2026-04-13T12:24:22.578,NF,BANKNIFTY28APR2655500PE,1181.25,1025.0,1564.3,1025.0,785.6,485730,1376.47,1178.7,60,1182.35,120,268710
2026-04-13T12:24:24.992,NF,BANKNIFTY28APR2655500PE,1182.35,1025.0,1564.3,1025.0,785.6,485760,1376.46,1182.45,150,1185.9,30,268710
2026-04-13T12:24:35.013,NF,BANKNIFTY28APR2655500PE,1179.7,1025.0,1564.3,1025.0,785.6,485820,1376.43,1177.25,120,1180.0,30,268710
2026-04-13T12:24:39.809,NF,BANKNIFTY28APR2655500PE,1180.7,1025.0,1564.3,1025.0,785.6,485850,1376.42,1176.95,90,1180.85,60,268710
2026-04-13T12:24:46.018,NF,BANKNIFTY28APR2655500PE,1175.0,1025.0,1564.3,1025.0,785.6,485880,1376.41,1171.5,120,1175.45,60,268710
2026-04-13T12:24:47.220,NF,BANKNIFTY28APR2655500PE,1171.85,1025.0,1564.3,1025.0,785.6,485940,1376.38,1170.6,60,1174.35,150,268710
2026-04-13T12:24:48.423,NF,BANKNIFTY28APR2655500PE,1173.95,1025.0,1564.3,1025.0,785.6,485970,1376.37,1170.3,120,1173.95,30,268710
2026-04-13T12:24:52.229,NF,BANKNIFTY28APR2655500PE,1173.3,1025.0,1564.3,1025.0,785.6,486000,1376.36,1169.05,30,1173.5,30,268710
2026-04-13T12:24:53.443,NF,BANKNIFTY28APR2655500PE,1170.6,1025.0,1564.3,1025.0,785.6,486030,1376.35,1165.7,30,1170.3,210,268710
2026-04-13T12:24:54.831,NF,BANKNIFTY28APR2655500PE,1166.4,1025.0,1564.3,1025.0,785.6,486240,1376.25,1166.95,120,1170.25,30,268710
2026-04-13T12:24:56.034,NF,BANKNIFTY28APR2655500PE,1170.25,1025.0,1564.3,1025.0,785.6,486270,1376.24,1166.9,60,1170.3,30,268710
2026-04-13T12:24:57.237,NF,BANKNIFTY28APR2655500PE,1170.9,1025.0,1564.3,1025.0,785.6,486300,1376.23,1170.35,120,1174.55,60,268710
2026-04-13T12:25:01.047,NF,BANKNIFTY28APR2655500PE,1173.1,1025.0,1564.3,1025.0,785.6,486360,1376.2,1169.2,60,1173.0,150,268710
2026-04-13T12:25:08.454,NF,BANKNIFTY28APR2655500PE,1170.2,1025.0,1564.3,1025.0,785.6,486420,1376.18,1168.4,30,1171.6,60,268710
2026-04-13T12:25:12.066,NF,BANKNIFTY28APR2655500PE,1168.2,1025.0,1564.3,1025.0,785.6,486480,1376.15,1164.8,120,1168.5,60,268710
2026-04-13T12:25:13.471,NF,BANKNIFTY28APR2655500PE,1164.95,1025.0,1564.3,1025.0,785.6,486540,1376.13,1165.0,150,1168.25,120,268710
2026-04-13T12:25:15.865,NF,BANKNIFTY28APR2655500PE,1160.6,1025.0,1564.3,1025.0,785.6,487080,1375.89,1159.85,90,1163.6,30,268710
2026-04-13T12:25:17.074,NF,BANKNIFTY28APR2655500PE,1164.55,1025.0,1564.3,1025.0,785.6,487470,1375.72,1159.1,150,1163.4,90,268710
2026-04-13T12:25:19.672,NF,BANKNIFTY28APR2655500PE,1159.3,1025.0,1564.3,1025.0,785.6,487800,1375.57,1161.05,150,1165.75,30,268710
2026-04-13T12:25:20.876,NF,BANKNIFTY28APR2655500PE,1160.5,1025.0,1564.3,1025.0,785.6,487860,1375.55,1161.15,120,1165.5,120,268710
2026-04-13T12:25:22.077,NF,BANKNIFTY28APR2655500PE,1160.95,1025.0,1564.3,1025.0,785.6,487890,1375.54,1160.75,180,1164.2,30,268710
2026-04-13T12:25:23.476,NF,BANKNIFTY28APR2655500PE,1166.2,1025.0,1564.3,1025.0,785.6,488220,1375.39,1161.2,30,1165.4,120,268710
2026-04-13T12:25:25.883,NF,BANKNIFTY28APR2655500PE,1160.95,1025.0,1564.3,1025.0,785.6,488250,1375.38,1161.2,150,1164.3,30,268710
2026-04-13T12:25:28.484,NF,BANKNIFTY28APR2655500PE,1164.0,1025.0,1564.3,1025.0,785.6,488430,1375.3,1160.0,120,1164.1,90,268710
2026-04-13T12:25:29.690,NF,BANKNIFTY28APR2655500PE,1163.8,1025.0,1564.3,1025.0,785.6,488460,1375.29,1159.3,120,1163.45,60,268710
2026-04-13T12:25:32.093,NF,BANKNIFTY28APR2655500PE,1160.9,1025.0,1564.3,1025.0,785.6,488490,1375.28,1159.65,180,1163.15,630,268710
2026-04-13T12:25:33.299,NF,BANKNIFTY28APR2655500PE,1161.3,1025.0,1564.3,1025.0,785.6,488520,1375.26,1157.7,150,1161.3,60,268710
2026-04-13T12:25:34.721,NF,BANKNIFTY28APR2655500PE,1161.05,1025.0,1564.3,1025.0,785.6,488550,1375.25,1157.15,120,1161.0,120,268710
2026-04-13T12:25:35.899,NF,BANKNIFTY28APR2655500PE,1160.95,1025.0,1564.3,1025.0,785.6,488610,1375.22,1157.3,270,1161.05,60,268710
2026-04-13T12:25:44.314,NF,BANKNIFTY28APR2655500PE,1159.45,1025.0,1564.3,1025.0,785.6,488670,1375.2,1158.0,270,1161.1,30,268710
2026-04-13T12:25:50.522,NF,BANKNIFTY28APR2655500PE,1159.4,1025.0,1564.3,1025.0,785.6,488730,1375.17,1157.05,150,1160.4,90,268710
2026-04-13T12:25:51.725,NF,BANKNIFTY28APR2655500PE,1156.15,1025.0,1564.3,1025.0,785.6,488910,1375.09,1152.85,30,1156.15,90,268710
2026-04-13T12:25:52.927,NF,BANKNIFTY28APR2655500PE,1156.0,1025.0,1564.3,1025.0,785.6,489210,1374.96,1153.25,150,1155.75,30,268710
2026-04-13T12:25:55.525,NF,BANKNIFTY28APR2655500PE,1157.3,1025.0,1564.3,1025.0,785.6,489270,1374.93,1154.0,150,1157.85,60,268710
2026-04-13T12:25:56.729,NF,BANKNIFTY28APR2655500PE,1157.95,1025.0,1564.3,1025.0,785.6,489360,1374.89,1156.45,30,1160.05,30,268710
2026-04-13T12:25:59.330,NF,BANKNIFTY28APR2655500PE,1158.6,1025.0,1564.3,1025.0,785.6,489450,1374.85,1156.85,30,1160.95,120,268710
2026-04-13T12:26:00.566,NF,BANKNIFTY28APR2655500PE,1159.25,1025.0,1564.3,1025.0,785.6,489480,1374.84,1157.65,30,1161.2,60,268710
2026-04-13T12:26:06.765,NF,BANKNIFTY28APR2655500PE,1156.05,1025.0,1564.3,1025.0,785.6,489510,1374.82,1156.05,150,1158.7,30,268710
2026-04-13T12:26:07.970,NF,BANKNIFTY28APR2655500PE,1156.0,1025.0,1564.3,1025.0,785.6,489540,1374.81,1155.15,150,1158.65,90,268710
2026-04-13T12:26:09.148,NF,BANKNIFTY28APR2655500PE,1158.25,1025.0,1564.3,1025.0,785.6,489600,1374.78,1154.45,240,1158.1,30,268710
2026-04-13T12:26:10.573,NF,BANKNIFTY28APR2655500PE,1158.0,1025.0,1564.3,1025.0,785.6,489630,1374.77,1154.4,120,1159.25,120,269610
2026-04-13T12:26:13.005,NF,BANKNIFTY28APR2655500PE,1155.9,1025.0,1564.3,1025.0,785.6,489690,1374.74,1152.0,60,1155.9,30,269610
2026-04-13T12:26:14.157,NF,BANKNIFTY28APR2655500PE,1155.75,1025.0,1564.3,1025.0,785.6,489750,1374.72,1152.55,120,1156.3,90,269610
2026-04-13T12:26:17.959,NF,BANKNIFTY28APR2655500PE,1149.0,1025.0,1564.3,1025.0,785.6,491220,1374.03,1149.1,90,1151.0,30,269610
2026-04-13T12:26:19.176,NF,BANKNIFTY28APR2655500PE,1150.8,1025.0,1564.3,1025.0,785.6,491880,1373.73,1147.9,60,1151.4,60,269610
2026-04-13T12:26:21.774,NF,BANKNIFTY28APR2655500PE,1148.85,1025.0,1564.3,1025.0,785.6,492000,1373.68,1147.0,150,1151.0,180,269610
2026-04-13T12:26:22.979,NF,BANKNIFTY28APR2655500PE,1147.45,1025.0,1564.3,1025.0,785.6,492300,1373.54,1147.15,180,1150.6,30,269610
2026-04-13T12:26:25.374,NF,BANKNIFTY28APR2655500PE,1150.6,1025.0,1564.3,1025.0,785.6,492360,1373.51,1147.65,120,1150.8,150,269610
2026-04-13T12:26:26.775,NF,BANKNIFTY28APR2655500PE,1147.45,1025.0,1564.3,1025.0,785.6,492540,1373.43,1147.2,30,1150.6,180,269610
2026-04-13T12:26:29.188,NF,BANKNIFTY28APR2655500PE,1149.2,1025.0,1564.3,1025.0,785.6,492600,1373.4,1148.5,90,1151.1,30,269610
2026-04-13T12:26:30.380,NF,BANKNIFTY28APR2655500PE,1151.05,1025.0,1564.3,1025.0,785.6,492630,1373.39,1148.7,120,1151.6,60,269610
2026-04-13T12:26:37.824,NF,BANKNIFTY28APR2655500PE,1151.0,1025.0,1564.3,1025.0,785.6,492660,1373.38,1150.25,30,1154.0,60,269610
2026-04-13T12:26:39.000,NF,BANKNIFTY28APR2655500PE,1151.05,1025.0,1564.3,1025.0,785.6,492720,1373.35,1149.4,150,1153.05,90,269610
2026-04-13T12:26:47.605,NF,BANKNIFTY28APR2655500PE,1148.4,1025.0,1564.3,1025.0,785.6,492810,1373.31,1145.35,90,1148.9,90,269610
2026-04-13T12:26:51.414,NF,BANKNIFTY28APR2655500PE,1148.75,1025.0,1564.3,1025.0,785.6,492840,1373.29,1145.2,150,1148.45,30,269610
2026-04-13T12:26:52.645,NF,BANKNIFTY28APR2655500PE,1146.8,1025.0,1564.3,1025.0,785.6,493380,1373.05,1142.9,150,1147.0,30,269610
2026-04-13T12:26:53.827,NF,BANKNIFTY28APR2655500PE,1136.65,1025.0,1564.3,1025.0,785.6,494220,1372.65,1134.15,180,1138.2,90,269610
2026-04-13T12:26:55.250,NF,BANKNIFTY28APR2655500PE,1133.9,1025.0,1564.3,1025.0,785.6,494250,1372.64,1132.4,120,1136.85,30,269610
2026-04-13T12:26:57.637,NF,BANKNIFTY28APR2655500PE,1138.0,1025.0,1564.3,1025.0,785.6,494370,1372.58,1136.95,120,1139.95,30,269610
2026-04-13T12:26:58.831,NF,BANKNIFTY28APR2655500PE,1134.8,1025.0,1564.3,1025.0,785.6,494400,1372.56,1134.6,120,1138.05,30,269610
2026-04-13T12:27:00.241,NF,BANKNIFTY28APR2655500PE,1133.9,1025.0,1564.3,1025.0,785.6,494760,1372.39,1133.95,120,1137.95,150,269610
2026-04-13T12:27:01.430,NF,BANKNIFTY28APR2655500PE,1135.05,1025.0,1564.3,1025.0,785.6,494880,1372.33,1135.15,30,1138.65,150,269610
2026-04-13T12:27:02.628,NF,BANKNIFTY28APR2655500PE,1140.0,1025.0,1564.3,1025.0,785.6,494970,1372.29,1138.1,30,1140.9,30,269610
2026-04-13T12:27:03.836,NF,BANKNIFTY28APR2655500PE,1142.0,1025.0,1564.3,1025.0,785.6,495150,1372.21,1139.35,120,1142.4,30,269610
2026-04-13T12:27:05.038,NF,BANKNIFTY28APR2655500PE,1140.0,1025.0,1564.3,1025.0,785.6,495540,1372.02,1139.6,60,1143.05,60,269610
2026-04-13T12:27:10.043,NF,BANKNIFTY28APR2655500PE,1137.05,1025.0,1564.3,1025.0,785.6,495600,1372.0,1136.2,30,1138.2,30,269610
2026-04-13T12:27:12.699,NF,BANKNIFTY28APR2655500PE,1132.55,1025.0,1564.3,1025.0,785.6,495660,1371.97,1132.55,150,1136.0,30,269610
2026-04-13T12:27:13.856,NF,BANKNIFTY28APR2655500PE,1136.0,1025.0,1564.3,1025.0,785.6,495720,1371.94,1134.25,240,1137.15,120,269610
2026-04-13T12:27:15.050,NF,BANKNIFTY28APR2655500PE,1134.0,1025.0,1564.3,1025.0,785.6,495810,1371.9,1133.5,150,1136.95,30,269610
2026-04-13T12:27:18.858,NF,BANKNIFTY28APR2655500PE,1132.75,1025.0,1564.3,1025.0,785.6,495960,1371.82,1131.95,30,1134.0,30,269610
2026-04-13T12:27:21.268,NF,BANKNIFTY28APR2655500PE,1134.0,1025.0,1564.3,1025.0,785.6,496140,1371.74,1132.0,60,1135.1,150,269610
2026-04-13T12:27:23.663,NF,BANKNIFTY28APR2655500PE,1137.0,1025.0,1564.3,1025.0,785.6,496350,1371.64,1136.8,120,1140.75,120,269610
2026-04-13T12:27:25.062,NF,BANKNIFTY28APR2655500PE,1143.1,1025.0,1564.3,1025.0,785.6,496830,1371.42,1139.15,30,1142.8,120,269610
2026-04-13T12:27:28.680,NF,BANKNIFTY28APR2655500PE,1139.0,1025.0,1564.3,1025.0,785.6,496860,1371.4,1135.65,150,1138.95,150,269610
2026-04-13T12:27:31.281,NF,BANKNIFTY28APR2655500PE,1137.9,1025.0,1564.3,1025.0,785.6,496890,1371.39,1132.75,150,1136.4,180,269610
2026-04-13T12:27:37.482,NF,BANKNIFTY28APR2655500PE,1127.45,1025.0,1564.3,1025.0,785.6,497160,1371.26,1127.0,30,1130.25,120,269610
2026-04-13T12:27:43.491,NF,BANKNIFTY28APR2655500PE,1133.5,1025.0,1564.3,1025.0,785.6,497250,1371.21,1132.85,30,1136.6,30,269610
2026-04-13T12:27:44.696,NF,BANKNIFTY28APR2655500PE,1131.05,1025.0,1564.3,1025.0,785.6,497340,1371.17,1130.9,150,1134.3,30,269610
2026-04-13T12:27:48.503,NF,BANKNIFTY28APR2655500PE,1132.95,1025.0,1564.3,1025.0,785.6,497370,1371.16,1131.3,60,1134.8,30,269610
2026-04-13T12:27:49.709,NF,BANKNIFTY28APR2655500PE,1132.75,1025.0,1564.3,1025.0,785.6,497580,1371.05,1131.45,120,1135.55,150,269610
2026-04-13T12:27:51.104,NF,BANKNIFTY28APR2655500PE,1135.1,1025.0,1564.3,1025.0,785.6,497610,1371.04,1131.0,60,1134.1,120,269610
2026-04-13T12:27:53.511,NF,BANKNIFTY28APR2655500PE,1135.55,1025.0,1564.3,1025.0,785.6,497820,1370.94,1132.75,90,1135.05,120,269610
2026-04-13T12:27:54.721,NF,BANKNIFTY28APR2655500PE,1135.1,1025.0,1564.3,1025.0,785.6,497850,1370.93,1132.75,90,1134.7,30,269610
2026-04-13T12:27:56.109,NF,BANKNIFTY28APR2655500PE,1134.4,1025.0,1564.3,1025.0,785.6,497910,1370.9,1132.75,60,1134.7,600,269610
2026-04-13T12:27:57.315,NF,BANKNIFTY28APR2655500PE,1130.0,1025.0,1564.3,1025.0,785.6,498030,1370.84,1128.1,30,1131.4,90,269610
2026-04-13T12:28:02.324,NF,BANKNIFTY28APR2655500PE,1128.75,1025.0,1564.3,1025.0,785.6,498150,1370.78,1127.0,30,1128.7,30,269610
2026-04-13T12:28:03.541,NF,BANKNIFTY28APR2655500PE,1128.75,1025.0,1564.3,1025.0,785.6,498270,1370.72,1127.0,30,1129.05,120,269610
2026-04-13T12:28:04.726,NF,BANKNIFTY28APR2655500PE,1128.95,1025.0,1564.3,1025.0,785.6,498390,1370.67,1127.0,30,1128.25,30,269610
2026-04-13T12:28:08.530,NF,BANKNIFTY28APR2655500PE,1128.0,1025.0,1564.3,1025.0,785.6,498630,1370.55,1126.95,30,1129.6,30,269610
2026-04-13T12:28:09.745,NF,BANKNIFTY28APR2655500PE,1129.5,1025.0,1564.3,1025.0,785.6,498720,1370.5,1129.7,30,1133.15,60,269610
2026-04-13T12:28:11.160,NF,BANKNIFTY28APR2655500PE,1130.6,1025.0,1564.3,1025.0,785.6,498780,1370.48,1129.6,30,1132.4,150,269610
2026-04-13T12:28:12.345,NF,BANKNIFTY28APR2655500PE,1132.8,1025.0,1564.3,1025.0,785.6,498840,1370.45,1130.3,180,1134.65,150,269610
2026-04-13T12:28:13.540,NF,BANKNIFTY28APR2655500PE,1133.75,1025.0,1564.3,1025.0,785.6,498930,1370.4,1132.15,30,1135.15,30,269610
2026-04-13T12:28:14.767,NF,BANKNIFTY28APR2655500PE,1132.05,1025.0,1564.3,1025.0,785.6,499020,1370.36,1131.35,30,1134.6,30,269610
2026-04-13T12:28:17.346,NF,BANKNIFTY28APR2655500PE,1133.65,1025.0,1564.3,1025.0,785.6,499050,1370.35,1130.15,30,1133.65,120,269610
2026-04-13T12:28:21.158,NF,BANKNIFTY28APR2655500PE,1134.9,1025.0,1564.3,1025.0,785.6,499110,1370.32,1132.55,30,1135.95,90,269610
2026-04-13T12:28:28.562,NF,BANKNIFTY28APR2655500PE,1131.3,1025.0,1564.3,1025.0,785.6,499140,1370.3,1130.0,90,1132.3,120,269610
2026-04-13T12:28:29.764,NF,BANKNIFTY28APR2655500PE,1132.55,1025.0,1564.3,1025.0,785.6,499170,1370.29,1130.0,90,1131.8,240,269610
2026-04-13T12:28:34.785,NF,BANKNIFTY28APR2655500PE,1130.0,1025.0,1564.3,1025.0,785.6,499200,1370.28,1130.0,60,1131.35,30,269610
2026-04-13T12:28:37.371,NF,BANKNIFTY28APR2655500PE,1131.35,1025.0,1564.3,1025.0,785.6,499230,1370.26,1130.0,60,1131.55,240,269610
2026-04-13T12:28:38.775,NF,BANKNIFTY28APR2655500PE,1131.35,1025.0,1564.3,1025.0,785.6,499290,1370.23,1130.0,30,1131.5,30,269610
2026-04-13T12:28:39.982,NF,BANKNIFTY28APR2655500PE,1130.0,1025.0,1564.3,1025.0,785.6,499320,1370.22,1127.6,360,1130.0,30,269610
2026-04-13T12:28:41.180,NF,BANKNIFTY28APR2655500PE,1126.05,1025.0,1564.3,1025.0,785.6,499410,1370.17,1126.1,90,1128.85,240,269610
2026-04-13T12:28:42.589,NF,BANKNIFTY28APR2655500PE,1128.85,1025.0,1564.3,1025.0,785.6,499440,1370.16,1126.0,120,1129.4,30,269610
2026-04-13T12:28:46.191,NF,BANKNIFTY28APR2655500PE,1129.4,1025.0,1564.3,1025.0,785.6,499500,1370.13,1125.65,120,1129.25,30,269610
2026-04-13T12:28:48.791,NF,BANKNIFTY28APR2655500PE,1129.25,1025.0,1564.3,1025.0,785.6,499620,1370.07,1126.7,30,1129.85,60,269610
2026-04-13T12:28:49.995,NF,BANKNIFTY28APR2655500PE,1125.0,1025.0,1564.3,1025.0,785.6,499770,1370.0,1120.5,150,1123.8,90,269610
2026-04-13T12:28:51.201,NF,BANKNIFTY28APR2655500PE,1123.7,1025.0,1564.3,1025.0,785.6,499800,1369.98,1120.7,60,1124.6,90,269610
2026-04-13T12:28:55.004,NF,BANKNIFTY28APR2655500PE,1126.1,1025.0,1564.3,1025.0,785.6,499860,1369.95,1125.85,90,1129.0,720,269610
2026-04-13T12:28:57.412,NF,BANKNIFTY28APR2655500PE,1127.9,1025.0,1564.3,1025.0,785.6,499950,1369.91,1124.35,60,1127.8,300,269610
2026-04-13T12:28:58.815,NF,BANKNIFTY28APR2655500PE,1129.0,1025.0,1564.3,1025.0,785.6,500100,1369.84,1126.65,30,1130.3,720,269610
2026-04-13T12:29:13.724,NF,BANKNIFTY28APR2655500PE,1121.0,1025.0,1564.3,1025.0,785.6,500160,1369.81,1119.45,30,1122.05,300,269190
2026-04-13T12:29:20.048,NF,BANKNIFTY28APR2655500PE,1122.6,1025.0,1564.3,1025.0,785.6,500250,1369.76,1118.85,30,1122.45,180,269190
2026-04-13T12:29:22.455,NF,BANKNIFTY28APR2655500PE,1123.15,1025.0,1564.3,1025.0,785.6,500310,1369.73,1122.4,30,1126.2,30,269190
2026-04-13T12:29:26.257,NF,BANKNIFTY28APR2655500PE,1123.15,1025.0,1564.3,1025.0,785.6,500340,1369.72,1122.55,30,1125.8,120,269190
2026-04-13T12:29:27.466,NF,BANKNIFTY28APR2655500PE,1123.25,1025.0,1564.3,1025.0,785.6,500370,1369.7,1122.05,120,1125.85,90,269190
2026-04-13T12:29:29.868,NF,BANKNIFTY28APR2655500PE,1125.4,1025.0,1564.3,1025.0,785.6,500400,1369.69,1121.2,30,1124.7,120,269190
2026-04-13T12:29:32.270,NF,BANKNIFTY28APR2655500PE,1123.25,1025.0,1564.3,1025.0,785.6,500460,1369.66,1120.5,120,1124.35,150,269190
2026-04-13T12:29:38.484,NF,BANKNIFTY28APR2655500PE,1124.25,1025.0,1564.3,1025.0,785.6,500520,1369.63,1122.2,150,1125.1,210,269190
2026-04-13T12:29:39.687,NF,BANKNIFTY28APR2655500PE,1123.9,1025.0,1564.3,1025.0,785.6,501000,1369.4,1120.6,60,1124.55,120,269190
2026-04-13T12:29:43.486,NF,BANKNIFTY28APR2655500PE,1121.75,1025.0,1564.3,1025.0,785.6,501300,1369.25,1118.95,30,1122.95,210,269190
2026-04-13T12:29:45.900,NF,BANKNIFTY28APR2655500PE,1118.65,1025.0,1564.3,1025.0,785.6,501420,1369.19,1118.3,120,1121.25,30,269190
2026-04-13T12:29:47.096,NF,BANKNIFTY28APR2655500PE,1121.05,1025.0,1564.3,1025.0,785.6,501480,1369.16,1118.3,90,1121.45,90,269190
2026-04-13T12:29:48.503,NF,BANKNIFTY28APR2655500PE,1123.15,1025.0,1564.3,1025.0,785.6,501540,1369.13,1121.3,60,1124.9,150,269190
2026-04-13T12:29:49.698,NF,BANKNIFTY28APR2655500PE,1119.8,1025.0,1564.3,1025.0,785.6,502440,1368.68,1120.6,30,1124.5,120,269190
2026-04-13T12:29:53.522,NF,BANKNIFTY28APR2655500PE,1122.1,1025.0,1564.3,1025.0,785.6,502530,1368.64,1118.3,150,1121.75,720,269190
2026-04-13T12:29:55.909,NF,BANKNIFTY28APR2655500PE,1120.65,1025.0,1564.3,1025.0,785.6,502860,1368.48,1120.65,60,1124.0,120,269190
2026-04-13T12:29:58.512,NF,BANKNIFTY28APR2655500PE,1123.65,1025.0,1564.3,1025.0,785.6,503250,1368.28,1120.7,510,1123.85,60,269190
2026-04-13T12:29:59.723,NF,BANKNIFTY28APR2655500PE,1113.45,1025.0,1564.3,1025.0,785.6,505710,1367.05,1112.95,150,1116.95,120,269190
2026-04-13T12:30:00.922,NF,BANKNIFTY28APR2655500PE,1113.5,1025.0,1564.3,1025.0,785.6,506220,1366.8,1111.0,30,1113.5,30,269190
2026-04-13T12:30:02.133,NF,BANKNIFTY28APR2655500PE,1113.45,1025.0,1564.3,1025.0,785.6,506490,1366.66,1110.75,90,1113.6,30,269190
2026-04-13T12:30:03.523,NF,BANKNIFTY28APR2655500PE,1113.05,1025.0,1564.3,1025.0,785.6,506760,1366.53,1111.25,30,1115.05,240,269190
2026-04-13T12:30:04.731,NF,BANKNIFTY28APR2655500PE,1114.45,1025.0,1564.3,1025.0,785.6,506910,1366.45,1113.25,60,1117.15,120,269190
2026-04-13T12:30:05.932,NF,BANKNIFTY28APR2655500PE,1118.1,1025.0,1564.3,1025.0,785.6,506940,1366.44,1113.8,90,1117.45,120,269190
2026-04-13T12:30:07.141,NF,BANKNIFTY28APR2655500PE,1118.35,1025.0,1564.3,1025.0,785.6,506970,1366.42,1116.5,30,1120.35,120,269190
2026-04-13T12:30:09.732,NF,BANKNIFTY28APR2655500PE,1118.0,1025.0,1564.3,1025.0,785.6,507060,1366.38,1117.5,60,1120.0,30,269190
2026-04-13T12:30:10.935,NF,BANKNIFTY28APR2655500PE,1122.9,1025.0,1564.3,1025.0,785.6,507180,1366.32,1120.3,60,1122.7,30,269190
2026-04-13T12:30:12.136,NF,BANKNIFTY28APR2655500PE,1125.0,1025.0,1564.3,1025.0,785.6,507330,1366.25,1123.4,60,1125.0,240,269190
2026-04-13T12:30:13.537,NF,BANKNIFTY28APR2655500PE,1127.25,1025.0,1564.3,1025.0,785.6,507600,1366.12,1127.85,60,1129.65,30,269190
2026-04-13T12:30:15.939,NF,BANKNIFTY28APR2655500PE,1127.85,1025.0,1564.3,1025.0,785.6,507630,1366.11,1128.8,60,1130.0,30,269190
2026-04-13T12:30:19.560,NF,BANKNIFTY28APR2655500PE,1132.95,1025.0,1564.3,1025.0,785.6,507810,1366.02,1133.3,60,1135.8,120,269190
2026-04-13T12:30:22.188,NF,BANKNIFTY28APR2655500PE,1130.15,1025.0,1564.3,1025.0,785.6,507870,1366.0,1130.45,60,1132.95,30,269190
2026-04-13T12:30:23.354,NF,BANKNIFTY28APR2655500PE,1132.35,1025.0,1564.3,1025.0,785.6,507900,1365.98,1130.2,60,1133.1,120,269190
2026-04-13T12:30:24.558,NF,BANKNIFTY28APR2655500PE,1129.15,1025.0,1564.3,1025.0,785.6,507960,1365.95,1127.85,30,1130.95,150,269190
2026-04-13T12:30:27.175,NF,BANKNIFTY28APR2655500PE,1132.9,1025.0,1564.3,1025.0,785.6,508230,1365.83,1129.3,90,1132.7,60,269190
2026-04-13T12:30:28.367,NF,BANKNIFTY28APR2655500PE,1134.15,1025.0,1564.3,1025.0,785.6,508920,1365.51,1133.85,120,1137.5,120,269190
2026-04-13T12:30:29.563,NF,BANKNIFTY28APR2655500PE,1134.95,1025.0,1564.3,1025.0,785.6,509280,1365.35,1133.55,90,1137.0,30,269190
2026-04-13T12:30:33.368,NF,BANKNIFTY28APR2655500PE,1130.45,1025.0,1564.3,1025.0,785.6,509310,1365.34,1130.0,30,1131.3,30,269190
2026-04-13T12:30:35.793,NF,BANKNIFTY28APR2655500PE,1130.0,1025.0,1564.3,1025.0,785.6,509340,1365.32,1127.85,30,1129.8,210,269190
2026-04-13T12:30:36.987,NF,BANKNIFTY28APR2655500PE,1125.45,1025.0,1564.3,1025.0,785.6,509460,1365.27,1125.55,90,1128.7,30,269190
2026-04-13T12:30:38.411,NF,BANKNIFTY28APR2655500PE,1131.8,1025.0,1564.3,1025.0,785.6,509520,1365.24,1128.75,90,1132.65,150,269190
2026-04-13T12:30:39.595,NF,BANKNIFTY28APR2655500PE,1132.6,1025.0,1564.3,1025.0,785.6,509910,1365.06,1128.7,30,1131.8,30,269190
2026-04-13T12:30:40.780,NF,BANKNIFTY28APR2655500PE,1134.3,1025.0,1564.3,1025.0,785.6,509970,1365.03,1130.6,60,1134.45,120,269190
2026-04-13T12:30:41.984,NF,BANKNIFTY28APR2655500PE,1132.55,1025.0,1564.3,1025.0,785.6,510000,1365.02,1129.0,60,1132.75,150,269190
2026-04-13T12:30:44.386,NF,BANKNIFTY28APR2655500PE,1130.7,1025.0,1564.3,1025.0,785.6,510030,1365.01,1126.85,150,1130.25,30,269190
2026-04-13T12:30:46.994,NF,BANKNIFTY28APR2655500PE,1125.0,1025.0,1564.3,1025.0,785.6,510150,1364.95,1124.25,30,1126.55,30,269190
2026-04-13T12:30:48.198,NF,BANKNIFTY28APR2655500PE,1126.55,1025.0,1564.3,1025.0,785.6,510180,1364.94,1125.8,60,1129.45,90,269190
2026-04-13T12:30:49.408,NF,BANKNIFTY28APR2655500PE,1129.2,1025.0,1564.3,1025.0,785.6,510210,1364.92,1126.2,30,1130.55,30,269190
2026-04-13T12:30:50.796,NF,BANKNIFTY28APR2655500PE,1127.2,1025.0,1564.3,1025.0,785.6,510360,1364.85,1127.2,150,1130.75,30,269190
2026-04-13T12:30:51.996,NF,BANKNIFTY28APR2655500PE,1131.35,1025.0,1564.3,1025.0,785.6,510600,1364.74,1129.8,180,1133.9,60,269190
2026-04-13T12:30:53.202,NF,BANKNIFTY28APR2655500PE,1132.8,1025.0,1564.3,1025.0,785.6,510630,1364.73,1129.65,90,1132.8,60,269190
2026-04-13T12:30:55.608,NF,BANKNIFTY28APR2655500PE,1129.1,1025.0,1564.3,1025.0,785.6,510660,1364.71,1127.0,30,1130.05,90,269190
2026-04-13T12:31:05.419,NF,BANKNIFTY28APR2655500PE,1126.7,1025.0,1564.3,1025.0,785.6,510870,1364.62,1127.0,120,1130.55,30,269190
2026-04-13T12:31:11.631,NF,BANKNIFTY28APR2655500PE,1131.2,1025.0,1564.3,1025.0,785.6,510900,1364.6,1127.55,60,1130.95,120,269190
2026-04-13T12:31:16.638,NF,BANKNIFTY28APR2655500PE,1130.85,1025.0,1564.3,1025.0,785.6,510960,1364.58,1128.5,120,1132.7,60,269190
2026-04-13T12:31:17.844,NF,BANKNIFTY28APR2655500PE,1131.0,1025.0,1564.3,1025.0,785.6,510990,1364.56,1128.3,60,1131.95,90,269190
2026-04-13T12:31:20.462,NF,BANKNIFTY28APR2655500PE,1128.2,1025.0,1564.3,1025.0,785.6,511020,1364.55,1126.8,90,1130.4,30,269190
2026-04-13T12:31:21.645,NF,BANKNIFTY28APR2655500PE,1131.0,1025.0,1564.3,1025.0,785.6,511200,1364.47,1126.9,60,1130.75,120,269190
2026-04-13T12:31:22.857,NF,BANKNIFTY28APR2655500PE,1130.85,1025.0,1564.3,1025.0,785.6,511230,1364.45,1126.7,60,1130.25,30,269190
2026-04-13T12:31:25.259,NF,BANKNIFTY28APR2655500PE,1125.95,1025.0,1564.3,1025.0,785.6,511290,1364.42,1125.15,60,1128.0,30,269190
2026-04-13T12:31:41.274,NF,BANKNIFTY28APR2655500PE,1124.25,1025.0,1564.3,1025.0,785.6,512310,1363.95,1120.2,60,1123.35,30,269190
2026-04-13T12:31:45.084,NF,BANKNIFTY28APR2655500PE,1120.0,1025.0,1564.3,1025.0,785.6,512370,1363.92,1120.0,60,1122.65,60,269190
2026-04-13T12:31:47.492,NF,BANKNIFTY28APR2655500PE,1123.15,1025.0,1564.3,1025.0,785.6,512460,1363.88,1120.0,120,1123.1,120,269190
2026-04-13T12:31:48.712,NF,BANKNIFTY28APR2655500PE,1122.9,1025.0,1564.3,1025.0,785.6,512520,1363.85,1121.65,180,1125.0,60,269190
2026-04-13T12:31:59.739,NF,BANKNIFTY28APR2655500PE,1122.4,1025.0,1564.3,1025.0,785.6,512760,1363.73,1123.15,120,1126.9,390,269190
2026-04-13T12:32:00.906,NF,BANKNIFTY28APR2655500PE,1123.0,1025.0,1564.3,1025.0,785.6,512790,1363.72,1122.8,150,1126.5,30,269190
2026-04-13T12:32:05.516,NF,BANKNIFTY28APR2655500PE,1123.9,1025.0,1564.3,1025.0,785.6,512820,1363.71,1124.0,30,1127.85,30,269190
2026-04-13T12:32:06.530,NF,BANKNIFTY28APR2655500PE,1124.0,1025.0,1564.3,1025.0,785.6,513000,1363.62,1124.2,60,1127.4,30,269190
2026-04-13T12:32:09.002,NF,BANKNIFTY28APR2655500PE,1126.35,1025.0,1564.3,1025.0,785.6,513030,1363.61,1126.0,30,1129.75,150,269190
2026-04-13T12:32:10.146,NF,BANKNIFTY28APR2655500PE,1126.1,1025.0,1564.3,1025.0,785.6,513090,1363.58,1126.0,30,1128.1,30,269190
2026-04-13T12:32:11.408,NF,BANKNIFTY28APR2655500PE,1127.0,1025.0,1564.3,1025.0,785.6,513210,1363.53,1125.0,30,1126.95,30,273180
2026-04-13T12:32:12.396,NF,BANKNIFTY28APR2655500PE,1125.0,1025.0,1564.3,1025.0,785.6,513240,1363.51,1122.3,30,1126.15,30,273180
2026-04-13T12:32:17.144,NF,BANKNIFTY28APR2655500PE,1119.45,1025.0,1564.3,1025.0,785.6,513420,1363.43,1117.25,30,1120.0,150,273180
2026-04-13T12:32:18.348,NF,BANKNIFTY28APR2655500PE,1117.0,1025.0,1564.3,1025.0,785.6,513450,1363.41,1116.55,30,1120.0,150,273180
2026-04-13T12:32:19.548,NF,BANKNIFTY28APR2655500PE,1119.8,1025.0,1564.3,1025.0,785.6,513540,1363.37,1116.5,30,1118.95,60,273180
2026-04-13T12:32:20.758,NF,BANKNIFTY28APR2655500PE,1119.05,1025.0,1564.3,1025.0,785.6,513750,1363.27,1115.05,60,1119.15,120,273180
2026-04-13T12:32:21.952,NF,BANKNIFTY28APR2655500PE,1119.1,1025.0,1564.3,1025.0,785.6,513870,1363.21,1117.4,30,1120.0,150,273180
2026-04-13T12:32:24.364,NF,BANKNIFTY28APR2655500PE,1120.0,1025.0,1564.3,1025.0,785.6,514020,1363.14,1119.55,30,1122.75,150,273180
2026-04-13T12:32:26.985,NF,BANKNIFTY28APR2655500PE,1123.5,1025.0,1564.3,1025.0,785.6,514080,1363.11,1118.75,30,1122.6,180,273180
2026-04-13T12:32:37.174,NF,BANKNIFTY28APR2655500PE,1121.2,1025.0,1564.3,1025.0,785.6,514140,1363.09,1119.0,30,1122.0,60,273180
2026-04-13T12:32:39.380,NF,BANKNIFTY28APR2655500PE,1121.3,1025.0,1564.3,1025.0,785.6,514170,1363.07,1119.0,30,1122.05,30,273180
2026-04-13T12:32:40.792,NF,BANKNIFTY28APR2655500PE,1122.45,1025.0,1564.3,1025.0,785.6,514260,1363.03,1121.15,150,1125.25,30,273180
2026-04-13T12:32:50.600,NF,BANKNIFTY28APR2655500PE,1123.45,1025.0,1564.3,1025.0,785.6,514320,1363.0,1120.4,90,1124.2,60,273180
2026-04-13T12:32:55.405,NF,BANKNIFTY28APR2655500PE,1122.0,1025.0,1564.3,1025.0,785.6,514350,1362.99,1120.05,30,1122.35,30,273180
2026-04-13T12:33:01.409,NF,BANKNIFTY28APR2655500PE,1122.35,1025.0,1564.3,1025.0,785.6,514380,1362.97,1120.95,30,1124.9,180,273180
2026-04-13T12:33:08.633,NF,BANKNIFTY28APR2655500PE,1122.0,1025.0,1564.3,1025.0,785.6,514410,1362.96,1120.45,30,1122.0,30,273180
2026-04-13T12:33:11.028,NF,BANKNIFTY28APR2655500PE,1120.3,1025.0,1564.3,1025.0,785.6,514470,1362.93,1120.05,30,1123.1,30,273180
2026-04-13T12:33:12.230,NF,BANKNIFTY28APR2655500PE,1120.05,1025.0,1564.3,1025.0,785.6,514530,1362.9,1120.05,30,1122.65,120,273180
2026-04-13T12:33:13.444,NF,BANKNIFTY28APR2655500PE,1120.05,1025.0,1564.3,1025.0,785.6,514560,1362.89,1120.05,120,1122.55,30,273180
2026-04-13T12:33:14.837,NF,BANKNIFTY28APR2655500PE,1123.2,1025.0,1564.3,1025.0,785.6,514620,1362.86,1121.15,30,1124.65,120,273180
2026-04-13T12:33:18.442,NF,BANKNIFTY28APR2655500PE,1122.35,1025.0,1564.3,1025.0,785.6,514650,1362.85,1120.1,30,1122.35,30,273180
2026-04-13T12:33:19.638,NF,BANKNIFTY28APR2655500PE,1119.0,1025.0,1564.3,1025.0,785.6,514770,1362.79,1116.0,180,1119.1,30,273180
2026-04-13T12:33:20.847,NF,BANKNIFTY28APR2655500PE,1119.1,1025.0,1564.3,1025.0,785.6,514800,1362.77,1115.4,60,1118.75,30,273180
2026-04-13T12:33:23.455,NF,BANKNIFTY28APR2655500PE,1118.95,1025.0,1564.3,1025.0,785.6,514860,1362.75,1116.5,30,1120.15,90,273180
2026-04-13T12:33:24.662,NF,BANKNIFTY28APR2655500PE,1116.65,1025.0,1564.3,1025.0,785.6,514950,1362.7,1116.85,150,1120.0,30,273180
2026-04-13T12:33:27.051,NF,BANKNIFTY28APR2655500PE,1123.5,1025.0,1564.3,1025.0,785.6,515040,1362.66,1119.15,30,1122.55,30,273180
2026-04-13T12:33:30.662,NF,BANKNIFTY28APR2655500PE,1122.45,1025.0,1564.3,1025.0,785.6,515070,1362.65,1121.45,30,1125.3,120,273180
2026-04-13T12:33:33.260,NF,BANKNIFTY28APR2655500PE,1125.4,1025.0,1564.3,1025.0,785.6,515130,1362.62,1122.0,30,1125.3,240,273180
2026-04-13T12:33:38.072,NF,BANKNIFTY28APR2655500PE,1126.55,1025.0,1564.3,1025.0,785.6,515160,1362.61,1127.4,120,1130.2,30,273180
2026-04-13T12:33:39.471,NF,BANKNIFTY28APR2655500PE,1129.0,1025.0,1564.3,1025.0,785.6,515190,1362.59,1126.5,150,1129.0,30,273180
2026-04-13T12:33:41.880,NF,BANKNIFTY28APR2655500PE,1126.0,1025.0,1564.3,1025.0,785.6,515280,1362.55,1124.1,60,1128.05,810,273180
2026-04-13T12:33:43.277,NF,BANKNIFTY28APR2655500PE,1124.05,1025.0,1564.3,1025.0,785.6,515370,1362.51,1125.2,60,1127.35,210,273180
2026-04-13T12:33:44.483,NF,BANKNIFTY28APR2655500PE,1130.0,1025.0,1564.3,1025.0,785.6,515670,1362.37,1128.05,360,1131.5,630,273180
2026-04-13T12:33:45.692,NF,BANKNIFTY28APR2655500PE,1131.4,1025.0,1564.3,1025.0,785.6,515790,1362.32,1130.35,30,1133.6,30,273180
2026-04-13T12:33:46.892,NF,BANKNIFTY28APR2655500PE,1131.85,1025.0,1564.3,1025.0,785.6,515850,1362.29,1131.75,60,1134.6,30,273180
2026-04-13T12:33:49.498,NF,BANKNIFTY28APR2655500PE,1135.75,1025.0,1564.3,1025.0,785.6,515910,1362.27,1134.05,60,1137.15,30,273180
2026-04-13T12:33:50.689,NF,BANKNIFTY28APR2655500PE,1138.35,1025.0,1564.3,1025.0,785.6,516300,1362.1,1137.7,30,1140.0,120,273180
2026-04-13T12:33:51.902,NF,BANKNIFTY28APR2655500PE,1138.0,1025.0,1564.3,1025.0,785.6,516450,1362.03,1134.15,30,1137.9,60,273180
2026-04-13T12:33:53.099,NF,BANKNIFTY28APR2655500PE,1137.75,1025.0,1564.3,1025.0,785.6,516480,1362.02,1133.55,30,1139.05,30,273180
2026-04-13T12:33:54.507,NF,BANKNIFTY28APR2655500PE,1134.6,1025.0,1564.3,1025.0,785.6,516840,1361.86,1130.1,60,1133.4,30,273180
2026-04-13T12:33:55.704,NF,BANKNIFTY28APR2655500PE,1127.7,1025.0,1564.3,1025.0,785.6,516900,1361.83,1128.75,90,1132.25,120,273180
2026-04-13T12:33:56.908,NF,BANKNIFTY28APR2655500PE,1128.55,1025.0,1564.3,1025.0,785.6,516960,1361.81,1125.0,30,1127.75,150,273180
2026-04-13T12:33:58.107,NF,BANKNIFTY28APR2655500PE,1122.85,1025.0,1564.3,1025.0,785.6,517080,1361.75,1120.7,30,1124.75,60,273180
2026-04-13T12:34:00.705,NF,BANKNIFTY28APR2655500PE,1124.3,1025.0,1564.3,1025.0,785.6,517110,1361.74,1122.4,60,1125.5,30,273180
2026-04-13T12:34:03.118,NF,BANKNIFTY28APR2655500PE,1121.4,1025.0,1564.3,1025.0,785.6,517140,1361.72,1121.1,60,1124.65,30,273180
2026-04-13T12:34:04.522,NF,BANKNIFTY28APR2655500PE,1125.45,1025.0,1564.3,1025.0,785.6,517830,1361.41,1125.95,30,1129.8,60,273180
2026-04-13T12:34:06.918,NF,BANKNIFTY28APR2655500PE,1127.1,1025.0,1564.3,1025.0,785.6,517860,1361.39,1126.4,120,1130.2,30,273180
2026-04-13T12:34:09.522,NF,BANKNIFTY28APR2655500PE,1126.7,1025.0,1564.3,1025.0,785.6,517890,1361.38,1126.7,60,1130.7,60,273180
2026-04-13T12:34:10.724,NF,BANKNIFTY28APR2655500PE,1128.3,1025.0,1564.3,1025.0,785.6,517980,1361.34,1128.6,90,1132.4,30,273180
2026-04-13T12:34:11.924,NF,BANKNIFTY28APR2655500PE,1128.0,1025.0,1564.3,1025.0,785.6,518010,1361.32,1128.4,60,1132.1,30,273180
2026-04-13T12:34:13.133,NF,BANKNIFTY28APR2655500PE,1128.5,1025.0,1564.3,1025.0,785.6,518070,1361.3,1128.7,30,1132.85,150,273180
2026-04-13T12:34:14.331,NF,BANKNIFTY28APR2655500PE,1129.0,1025.0,1564.3,1025.0,785.6,518130,1361.27,1128.85,150,1132.7,60,273180
2026-04-13T12:34:15.735,NF,BANKNIFTY28APR2655500PE,1132.55,1025.0,1564.3,1025.0,785.6,518160,1361.26,1129.7,60,1133.9,120,273180
2026-04-13T12:34:16.936,NF,BANKNIFTY28APR2655500PE,1132.7,1025.0,1564.3,1025.0,785.6,518220,1361.23,1132.3,240,1135.1,30,273180
2026-04-13T12:34:18.167,NF,BANKNIFTY28APR2655500PE,1132.3,1025.0,1564.3,1025.0,785.6,518250,1361.22,1131.85,60,1135.1,30,273180
2026-04-13T12:34:21.945,NF,BANKNIFTY28APR2655500PE,1132.05,1025.0,1564.3,1025.0,785.6,518280,1361.2,1128.65,60,1132.25,30,273180
2026-04-13T12:34:25.745,NF,BANKNIFTY28APR2655500PE,1129.85,1025.0,1564.3,1025.0,785.6,518430,1361.14,1129.9,30,1132.0,30,273180
2026-04-13T12:34:26.947,NF,BANKNIFTY28APR2655500PE,1129.75,1025.0,1564.3,1025.0,785.6,518460,1361.12,1128.15,30,1131.3,30,273180
2026-04-13T12:34:28.150,NF,BANKNIFTY28APR2655500PE,1128.05,1025.0,1564.3,1025.0,785.6,518520,1361.1,1128.25,120,1131.45,60,273180
2026-04-13T12:34:29.358,NF,BANKNIFTY28APR2655500PE,1128.35,1025.0,1564.3,1025.0,785.6,518580,1361.07,1128.4,120,1131.45,60,273180
2026-04-13T12:34:30.557,NF,BANKNIFTY28APR2655500PE,1128.2,1025.0,1564.3,1025.0,785.6,518610,1361.06,1128.1,60,1131.45,30,273180
2026-04-13T12:34:33.165,NF,BANKNIFTY28APR2655500PE,1131.45,1025.0,1564.3,1025.0,785.6,518640,1361.04,1129.2,150,1132.0,60,273180
2026-04-13T12:34:38.163,NF,BANKNIFTY28APR2655500PE,1131.9,1025.0,1564.3,1025.0,785.6,518670,1361.03,1129.05,30,1131.95,60,273180
2026-04-13T12:34:39.171,NF,BANKNIFTY28APR2655500PE,1129.55,1025.0,1564.3,1025.0,785.6,518700,1361.02,1128.6,150,1131.45,30,273180
2026-04-13T12:34:41.576,NF,BANKNIFTY28APR2655500PE,1129.3,1025.0,1564.3,1025.0,785.6,518790,1360.98,1128.9,30,1132.0,60,273180
2026-04-13T12:34:45.175,NF,BANKNIFTY28APR2655500PE,1132.0,1025.0,1564.3,1025.0,785.6,518820,1360.96,1130.1,510,1132.0,30,273180
2026-04-13T12:34:49.982,NF,BANKNIFTY28APR2655500PE,1129.4,1025.0,1564.3,1025.0,785.6,518850,1360.95,1128.35,30,1131.65,30,273180
2026-04-13T12:34:52.386,NF,BANKNIFTY28APR2655500PE,1130.65,1025.0,1564.3,1025.0,785.6,518910,1360.92,1127.0,60,1130.15,30,273180
2026-04-13T12:34:53.590,NF,BANKNIFTY28APR2655500PE,1130.15,1025.0,1564.3,1025.0,785.6,518940,1360.91,1130.6,30,1131.0,30,273180
2026-04-13T12:34:54.791,NF,BANKNIFTY28APR2655500PE,1130.55,1025.0,1564.3,1025.0,785.6,518970,1360.9,1129.5,30,1131.0,30,273180
2026-04-13T12:34:57.199,NF,BANKNIFTY28APR2655500PE,1131.0,1025.0,1564.3,1025.0,785.6,519000,1360.88,1130.25,30,1132.0,30,273180
2026-04-13T12:34:58.398,NF,BANKNIFTY28APR2655500PE,1132.0,1025.0,1564.3,1025.0,785.6,519030,1360.87,1132.3,30,1135.6,30,273180
2026-04-13T12:35:00.806,NF,BANKNIFTY28APR2655500PE,1130.0,1025.0,1564.3,1025.0,785.6,519120,1360.83,1128.35,30,1132.35,30,273180
2026-04-13T12:35:02.202,NF,BANKNIFTY28APR2655500PE,1128.35,1025.0,1564.3,1025.0,785.6,519150,1360.82,1125.85,30,1129.8,90,273180
2026-04-13T12:35:04.609,NF,BANKNIFTY28APR2655500PE,1125.0,1025.0,1564.3,1025.0,785.6,519210,1360.79,1123.65,60,1127.2,30,273180
2026-04-13T12:35:10.819,NF,BANKNIFTY28APR2655500PE,1125.0,1025.0,1564.3,1025.0,785.6,519240,1360.78,1123.5,60,1126.5,60,273180
2026-04-13T12:35:18.032,NF,BANKNIFTY28APR2655500PE,1122.8,1025.0,1564.3,1025.0,785.6,519390,1360.71,1123.35,90,1126.1,60,275070
2026-04-13T12:35:20.435,NF,BANKNIFTY28APR2655500PE,1126.0,1025.0,1564.3,1025.0,785.6,519480,1360.67,1123.35,60,1126.0,30,275070
2026-04-13T12:35:21.636,NF,BANKNIFTY28APR2655500PE,1123.35,1025.0,1564.3,1025.0,785.6,519510,1360.65,1123.35,30,1125.9,30,275070
2026-04-13T12:35:23.845,NF,BANKNIFTY28APR2655500PE,1125.0,1025.0,1564.3,1025.0,785.6,519630,1360.6,1124.25,60,1125.65,30,275070
2026-04-13T12:35:27.447,NF,BANKNIFTY28APR2655500PE,1122.55,1025.0,1564.3,1025.0,785.6,519660,1360.58,1122.55,30,1124.7,60,275070
2026-04-13T12:35:28.651,NF,BANKNIFTY28APR2655500PE,1125.0,1025.0,1564.3,1025.0,785.6,519720,1360.56,1126.3,60,1128.7,90,275070
2026-04-13T12:35:32.454,NF,BANKNIFTY28APR2655500PE,1126.75,1025.0,1564.3,1025.0,785.6,519750,1360.54,1127.3,60,1129.95,30,275070
2026-04-13T12:35:39.867,NF,BANKNIFTY28APR2655500PE,1127.65,1025.0,1564.3,1025.0,785.6,519780,1360.53,1127.65,120,1130.0,120,275070
2026-04-13T12:35:44.672,NF,BANKNIFTY28APR2655500PE,1130.55,1025.0,1564.3,1025.0,785.6,519840,1360.5,1127.85,60,1130.55,600,275070
2026-04-13T12:35:51.486,NF,BANKNIFTY28APR2655500PE,1127.4,1025.0,1564.3,1025.0,785.6,519900,1360.48,1125.45,60,1127.8,60,275070
2026-04-13T12:35:53.901,NF,BANKNIFTY28APR2655500PE,1127.8,1025.0,1564.3,1025.0,785.6,519930,1360.46,1126.35,60,1128.5,30,275070
2026-04-13T12:35:58.694,NF,BANKNIFTY28APR2655500PE,1130.95,1025.0,1564.3,1025.0,785.6,519960,1360.45,1129.3,60,1132.5,60,275070
2026-04-13T12:35:59.896,NF,BANKNIFTY28APR2655500PE,1132.45,1025.0,1564.3,1025.0,785.6,519990,1360.44,1129.75,60,1132.15,30,275070
2026-04-13T12:36:01.098,NF,BANKNIFTY28APR2655500PE,1129.75,1025.0,1564.3,1025.0,785.6,520050,1360.41,1127.95,60,1130.75,30,275070
2026-04-13T12:36:03.505,NF,BANKNIFTY28APR2655500PE,1127.4,1025.0,1564.3,1025.0,785.6,520080,1360.4,1125.05,60,1128.05,30,275070
2026-04-13T12:36:04.707,NF,BANKNIFTY28APR2655500PE,1125.45,1025.0,1564.3,1025.0,785.6,520140,1360.37,1122.8,60,1126.15,120,275070
2026-04-13T12:36:07.309,NF,BANKNIFTY28APR2655500PE,1122.0,1025.0,1564.3,1025.0,785.6,520350,1360.27,1124.15,90,1127.6,30,275070
2026-04-13T12:36:08.513,NF,BANKNIFTY28APR2655500PE,1124.1,1025.0,1564.3,1025.0,785.6,520380,1360.26,1124.55,150,1127.35,120,275070
2026-04-13T12:36:13.319,NF,BANKNIFTY28APR2655500PE,1124.05,1025.0,1564.3,1025.0,785.6,520470,1360.22,1123.1,30,1126.8,120,275070
2026-04-13T12:36:20.135,NF,BANKNIFTY28APR2655500PE,1128.2,1025.0,1564.3,1025.0,785.6,520500,1360.21,1125.6,60,1128.6,150,275070
2026-04-13T12:36:23.534,NF,BANKNIFTY28APR2655500PE,1129.7,1025.0,1564.3,1025.0,785.6,520530,1360.19,1129.0,90,1132.4,120,275070
2026-04-13T12:36:31.742,NF,BANKNIFTY28APR2655500PE,1131.0,1025.0,1564.3,1025.0,785.6,520560,1360.18,1130.95,60,1133.0,30,275070
2026-04-13T12:36:34.146,NF,BANKNIFTY28APR2655500PE,1135.0,1025.0,1564.3,1025.0,785.6,520620,1360.15,1134.15,60,1136.1,30,275070
2026-04-13T12:36:37.555,NF,BANKNIFTY28APR2655500PE,1134.65,1025.0,1564.3,1025.0,785.6,520740,1360.1,1135.45,60,1138.7,210,275070
2026-04-13T12:36:38.962,NF,BANKNIFTY28APR2655500PE,1135.8,1025.0,1564.3,1025.0,785.6,520830,1360.06,1135.8,30,1137.4,30,275070
2026-04-13T12:36:41.360,NF,BANKNIFTY28APR2655500PE,1133.5,1025.0,1564.3,1025.0,785.6,521400,1359.82,1135.0,90,1136.5,120,275070
2026-04-13T12:36:42.560,NF,BANKNIFTY28APR2655500PE,1136.35,1025.0,1564.3,1025.0,785.6,521430,1359.81,1135.45,30,1137.5,30,275070
2026-04-13T12:36:43.763,NF,BANKNIFTY28APR2655500PE,1135.0,1025.0,1564.3,1025.0,785.6,521520,1359.77,1131.05,30,1134.35,30,275070
2026-04-13T12:36:45.163,NF,BANKNIFTY28APR2655500PE,1134.4,1025.0,1564.3,1025.0,785.6,521550,1359.75,1131.7,120,1135.65,30,275070
2026-04-13T12:36:48.780,NF,BANKNIFTY28APR2655500PE,1134.8,1025.0,1564.3,1025.0,785.6,521580,1359.74,1133.5,60,1136.2,30,275070
2026-04-13T12:36:49.971,NF,BANKNIFTY28APR2655500PE,1132.9,1025.0,1564.3,1025.0,785.6,521640,1359.71,1133.3,60,1135.8,30,275070
2026-04-13T12:36:51.178,NF,BANKNIFTY28APR2655500PE,1133.75,1025.0,1564.3,1025.0,785.6,521670,1359.7,1133.75,120,1135.75,30,275070
2026-04-13T12:36:52.372,NF,BANKNIFTY28APR2655500PE,1133.75,1025.0,1564.3,1025.0,785.6,521730,1359.68,1133.5,30,1135.55,30,275070
2026-04-13T12:36:53.575,NF,BANKNIFTY28APR2655500PE,1127.7,1025.0,1564.3,1025.0,785.6,521820,1359.64,1127.85,30,1130.65,30,275070
2026-04-13T12:36:55.981,NF,BANKNIFTY28APR2655500PE,1129.0,1025.0,1564.3,1025.0,785.6,521850,1359.62,1129.45,180,1132.3,30,275070
2026-04-13T12:36:58.582,NF,BANKNIFTY28APR2655500PE,1128.8,1025.0,1564.3,1025.0,785.6,522060,1359.53,1129.45,90,1132.0,30,275070
2026-04-13T12:36:59.783,NF,BANKNIFTY28APR2655500PE,1127.35,1025.0,1564.3,1025.0,785.6,522210,1359.46,1124.9,30,1128.1,30,275070
2026-04-13T12:37:00.987,NF,BANKNIFTY28APR2655500PE,1128.1,1025.0,1564.3,1025.0,785.6,522240,1359.45,1124.0,30,1127.6,30,275070
2026-04-13T12:37:03.391,NF,BANKNIFTY28APR2655500PE,1126.6,1025.0,1564.3,1025.0,785.6,522540,1359.32,1124.75,300,1127.2,60,275070
2026-04-13T12:37:04.795,NF,BANKNIFTY28APR2655500PE,1127.4,1025.0,1564.3,1025.0,785.6,522660,1359.26,1123.5,150,1127.1,30,275070
2026-04-13T12:37:07.195,NF,BANKNIFTY28APR2655500PE,1127.35,1025.0,1564.3,1025.0,785.6,522930,1359.14,1123.65,30,1127.5,120,275070
2026-04-13T12:37:09.599,NF,BANKNIFTY28APR2655500PE,1126.9,1025.0,1564.3,1025.0,785.6,522960,1359.13,1123.7,120,1127.95,90,275070
2026-04-13T12:37:20.828,NF,BANKNIFTY28APR2655500PE,1123.25,1025.0,1564.3,1025.0,785.6,523260,1358.99,1119.3,30,1122.65,60,275070
2026-04-13T12:37:22.018,NF,BANKNIFTY28APR2655500PE,1121.0,1025.0,1564.3,1025.0,785.6,523380,1358.94,1118.1,120,1122.0,60,275070
2026-04-13T12:37:25.825,NF,BANKNIFTY28APR2655500PE,1122.0,1025.0,1564.3,1025.0,785.6,523410,1358.93,1119.75,120,1124.05,90,275070
2026-04-13T12:37:29.440,NF,BANKNIFTY28APR2655500PE,1120.95,1025.0,1564.3,1025.0,785.6,523500,1358.89,1119.4,120,1123.05,30,275070
2026-04-13T12:37:33.238,NF,BANKNIFTY28APR2655500PE,1115.05,1025.0,1564.3,1025.0,785.6,524010,1358.65,1111.1,120,1115.3,30,275070
2026-04-13T12:37:34.462,NF,BANKNIFTY28APR2655500PE,1113.65,1025.0,1564.3,1025.0,785.6,524100,1358.6,1112.05,120,1115.7,30,275070
2026-04-13T12:37:41.454,NF,BANKNIFTY28APR2655500PE,1116.75,1025.0,1564.3,1025.0,785.6,524250,1358.54,1112.25,30,1115.65,30,275070
2026-04-13T12:37:42.653,NF,BANKNIFTY28APR2655500PE,1112.1,1025.0,1564.3,1025.0,785.6,524280,1358.52,1112.15,90,1115.55,90,275070
2026-04-13T12:37:45.256,NF,BANKNIFTY28APR2655500PE,1119.15,1025.0,1564.3,1025.0,785.6,524340,1358.49,1115.8,30,1119.45,30,275070
2026-04-13T12:37:46.459,NF,BANKNIFTY28APR2655500PE,1115.8,1025.0,1564.3,1025.0,785.6,524370,1358.48,1115.1,90,1118.1,30,275070
2026-04-13T12:37:48.865,NF,BANKNIFTY28APR2655500PE,1114.8,1025.0,1564.3,1025.0,785.6,524400,1358.47,1114.8,60,1118.0,60,275070
2026-04-13T12:37:50.266,NF,BANKNIFTY28APR2655500PE,1113.55,1025.0,1564.3,1025.0,785.6,524730,1358.31,1110.8,60,1114.35,60,275070
2026-04-13T12:37:57.682,NF,BANKNIFTY28APR2655500PE,1113.55,1025.0,1564.3,1025.0,785.6,524760,1358.3,1110.8,90,1114.1,90,275070
2026-04-13T12:37:58.881,NF,BANKNIFTY28APR2655500PE,1113.3,1025.0,1564.3,1025.0,785.6,524850,1358.26,1110.45,150,1113.35,30,275070
2026-04-13T12:38:00.091,NF,BANKNIFTY28APR2655500PE,1107.65,1025.0,1564.3,1025.0,785.6,524910,1358.23,1107.1,30,1110.0,30,275070
2026-04-13T12:38:05.100,NF,BANKNIFTY28APR2655500PE,1105.3,1025.0,1564.3,1025.0,785.6,524940,1358.21,1105.65,90,1108.95,120,275070
2026-04-13T12:38:08.900,NF,BANKNIFTY28APR2655500PE,1101.75,1025.0,1564.3,1025.0,785.6,525060,1358.15,1101.45,270,1104.4,30,275070
2026-04-13T12:38:10.111,NF,BANKNIFTY28APR2655500PE,1101.45,1025.0,1564.3,1025.0,785.6,525090,1358.14,1101.25,90,1104.4,120,275070
2026-04-13T12:38:12.785,NF,BANKNIFTY28APR2655500PE,1101.2,1025.0,1564.3,1025.0,785.6,525210,1358.08,1101.2,60,1104.2,60,275070
2026-04-13T12:38:13.914,NF,BANKNIFTY28APR2655500PE,1101.2,1025.0,1564.3,1025.0,785.6,525270,1358.05,1101.6,210,1104.6,60,275460
2026-04-13T12:38:15.113,NF,BANKNIFTY28APR2655500PE,1101.35,1025.0,1564.3,1025.0,785.6,525810,1357.79,1101.3,360,1104.4,30,275460
2026-04-13T12:38:17.744,NF,BANKNIFTY28APR2655500PE,1104.85,1025.0,1564.3,1025.0,785.6,526110,1357.64,1101.2,150,1105.05,30,275460
2026-04-13T12:38:18.925,NF,BANKNIFTY28APR2655500PE,1101.6,1025.0,1564.3,1025.0,785.6,526170,1357.61,1101.95,30,1104.75,30,275460
2026-04-13T12:38:22.720,NF,BANKNIFTY28APR2655500PE,1104.55,1025.0,1564.3,1025.0,785.6,526200,1357.6,1104.5,60,1107.9,30,275460
2026-04-13T12:38:31.348,NF,BANKNIFTY28APR2655500PE,1107.7,1025.0,1564.3,1025.0,785.6,526260,1357.57,1105.1,120,1109.3,30,275460
2026-04-13T12:38:34.951,NF,BANKNIFTY28APR2655500PE,1104.55,1025.0,1564.3,1025.0,785.6,526290,1357.56,1104.55,210,1106.95,60,275460
2026-04-13T12:38:37.358,NF,BANKNIFTY28APR2655500PE,1104.55,1025.0,1564.3,1025.0,785.6,526320,1357.54,1104.55,90,1106.45,30,275460
2026-04-13T12:38:42.376,NF,BANKNIFTY28APR2655500PE,1106.95,1025.0,1564.3,1025.0,785.6,526350,1357.53,1105.9,90,1109.1,30,275460
2026-04-13T12:38:51.173,NF,BANKNIFTY28APR2655500PE,1107.35,1025.0,1564.3,1025.0,785.6,526440,1357.49,1104.55,720,1107.5,30,275460
2026-04-13T12:38:52.372,NF,BANKNIFTY28APR2655500PE,1107.75,1025.0,1564.3,1025.0,785.6,526560,1357.43,1104.55,120,1107.95,30,275460
2026-04-13T12:38:54.777,NF,BANKNIFTY28APR2655500PE,1104.45,1025.0,1564.3,1025.0,785.6,526740,1357.34,1105.05,30,1109.35,30,275460
2026-04-13T12:38:55.982,NF,BANKNIFTY28APR2655500PE,1105.2,1025.0,1564.3,1025.0,785.6,526770,1357.33,1105.35,60,1108.45,30,275460
2026-04-13T12:38:57.380,NF,BANKNIFTY28APR2655500PE,1108.4,1025.0,1564.3,1025.0,785.6,526830,1357.3,1104.95,90,1108.7,120,275460
2026-04-13T12:38:58.582,NF,BANKNIFTY28APR2655500PE,1105.5,1025.0,1564.3,1025.0,785.6,526980,1357.23,1105.0,150,1107.9,120,275460
2026-04-13T12:39:00.991,NF,BANKNIFTY28APR2655500PE,1106.15,1025.0,1564.3,1025.0,785.6,527010,1357.21,1102.65,150,1106.2,30,275460
2026-04-13T12:39:11.029,NF,BANKNIFTY28APR2655500PE,1103.1,1025.0,1564.3,1025.0,785.6,527040,1357.2,1100.05,180,1103.4,120,275460
2026-04-13T12:39:14.630,NF,BANKNIFTY28APR2655500PE,1103.05,1025.0,1564.3,1025.0,785.6,527130,1357.16,1100.0,450,1103.0,120,275460
2026-04-13T12:39:16.011,NF,BANKNIFTY28APR2655500PE,1103.1,1025.0,1564.3,1025.0,785.6,527280,1357.08,1100.0,480,1103.0,90,275460
2026-04-13T12:39:17.210,NF,BANKNIFTY28APR2655500PE,1095.6,1025.0,1564.3,1025.0,785.6,527790,1356.83,1094.4,180,1098.3,60,275460
2026-04-13T12:39:18.420,NF,BANKNIFTY28APR2655500PE,1094.9,1025.0,1564.3,1025.0,785.6,527910,1356.78,1092.9,150,1096.0,30,275460
2026-04-13T12:39:21.016,NF,BANKNIFTY28APR2655500PE,1094.65,1025.0,1564.3,1025.0,785.6,527940,1356.76,1093.25,150,1097.1,90,275460
2026-04-13T12:39:22.221,NF,BANKNIFTY28APR2655500PE,1100.0,1025.0,1564.3,1025.0,785.6,528240,1356.61,1096.2,60,1099.45,60,275460
2026-04-13T12:39:23.428,NF,BANKNIFTY28APR2655500PE,1100.7,1025.0,1564.3,1025.0,785.6,528930,1356.27,1102.2,60,1106.0,90,275460
2026-04-13T12:39:24.638,NF,BANKNIFTY28APR2655500PE,1108.5,1025.0,1564.3,1025.0,785.6,529740,1355.89,1106.95,120,1110.55,30,275460
2026-04-13T12:39:28.439,NF,BANKNIFTY28APR2655500PE,1101.75,1025.0,1564.3,1025.0,785.6,529770,1355.88,1101.85,120,1105.5,30,275460
2026-04-13T12:39:49.479,NF,BANKNIFTY28APR2655500PE,1108.45,1025.0,1564.3,1025.0,785.6,529800,1355.86,1105.55,120,1108.35,60,275460
2026-04-13T12:39:54.488,NF,BANKNIFTY28APR2655500PE,1106.4,1025.0,1564.3,1025.0,785.6,529830,1355.85,1104.8,150,1107.8,30,275460
2026-04-13T12:39:55.871,NF,BANKNIFTY28APR2655500PE,1108.55,1025.0,1564.3,1025.0,785.6,531360,1355.14,1108.75,30,1111.4,90,275460
2026-04-13T12:39:58.277,NF,BANKNIFTY28APR2655500PE,1109.65,1025.0,1564.3,1025.0,785.6,531420,1355.11,1108.9,150,1111.85,30,275460
2026-04-13T12:39:59.481,NF,BANKNIFTY28APR2655500PE,1110.9,1025.0,1564.3,1025.0,785.6,531600,1355.03,1108.9,150,1112.5,30,275460
2026-04-13T12:40:00.684,NF,BANKNIFTY28APR2655500PE,1109.25,1025.0,1564.3,1025.0,785.6,531660,1355.0,1109.15,120,1112.75,30,275460
2026-04-13T12:40:04.527,NF,BANKNIFTY28APR2655500PE,1110.75,1025.0,1564.3,1025.0,785.6,531720,1354.97,1108.45,30,1110.8,30,275460
2026-04-13T12:40:05.694,NF,BANKNIFTY28APR2655500PE,1110.9,1025.0,1564.3,1025.0,785.6,531900,1354.89,1108.45,30,1110.85,60,275460
2026-04-13T12:40:06.899,NF,BANKNIFTY28APR2655500PE,1110.6,1025.0,1564.3,1025.0,785.6,532050,1354.82,1108.45,30,1111.2,180,275460
2026-04-13T12:40:08.299,NF,BANKNIFTY28APR2655500PE,1118.5,1025.0,1564.3,1025.0,785.6,533100,1354.35,1105.7,120,1109.4,120,275460
2026-04-13T12:40:09.495,NF,BANKNIFTY28APR2655500PE,1111.6,1025.0,1564.3,1025.0,785.6,533250,1354.28,1106.95,120,1109.75,30,275460
2026-04-13T12:40:11.898,NF,BANKNIFTY28APR2655500PE,1109.85,1025.0,1564.3,1025.0,785.6,533340,1354.24,1106.55,150,1109.8,30,275460
2026-04-13T12:40:13.302,NF,BANKNIFTY28APR2655500PE,1108.65,1025.0,1564.3,1025.0,785.6,533430,1354.2,1107.75,840,1110.8,30,275460
2026-04-13T12:40:15.703,NF,BANKNIFTY28APR2655500PE,1108.05,1025.0,1564.3,1025.0,785.6,533520,1354.15,1108.15,30,1111.6,60,275460
2026-04-13T12:40:16.908,NF,BANKNIFTY28APR2655500PE,1108.4,1025.0,1564.3,1025.0,785.6,533580,1354.13,1105.35,150,1109.0,30,275460
2026-04-13T12:40:20.727,NF,BANKNIFTY28APR2655500PE,1111.25,1025.0,1564.3,1025.0,785.6,533640,1354.1,1108.75,180,1112.6,30,275460
2026-04-13T12:40:23.125,NF,BANKNIFTY28APR2655500PE,1113.95,1025.0,1564.3,1025.0,785.6,533700,1354.07,1112.9,120,1116.55,60,275460
2026-04-13T12:40:26.924,NF,BANKNIFTY28APR2655500PE,1115.7,1025.0,1564.3,1025.0,785.6,533730,1354.06,1119.8,30,1121.35,90,275460
2026-04-13T12:40:28.137,NF,BANKNIFTY28APR2655500PE,1116.35,1025.0,1564.3,1025.0,785.6,533790,1354.03,1116.25,150,1119.7,60,275460
2026-04-13T12:40:29.335,NF,BANKNIFTY28APR2655500PE,1116.05,1025.0,1564.3,1025.0,785.6,533820,1354.02,1112.3,180,1116.1,60,275460
2026-04-13T12:40:34.330,NF,BANKNIFTY28APR2655500PE,1116.35,1025.0,1564.3,1025.0,785.6,534180,1353.86,1112.85,150,1115.8,30,275460
2026-04-13T12:40:36.735,NF,BANKNIFTY28APR2655500PE,1116.75,1025.0,1564.3,1025.0,785.6,534210,1353.85,1115.4,120,1119.5,120,275460
2026-04-13T12:40:41.740,NF,BANKNIFTY28APR2655500PE,1116.75,1025.0,1564.3,1025.0,785.6,534240,1353.83,1113.35,150,1116.55,30,275460
2026-04-13T12:40:46.763,NF,BANKNIFTY28APR2655500PE,1115.65,1025.0,1564.3,1025.0,785.6,534480,1353.73,1115.8,420,1116.75,150,275460
2026-04-13T12:40:52.974,NF,BANKNIFTY28APR2655500PE,1112.85,1025.0,1564.3,1025.0,785.6,534690,1353.63,1110.0,30,1112.85,60,275460
2026-04-13T12:40:56.772,NF,BANKNIFTY28APR2655500PE,1110.0,1025.0,1564.3,1025.0,785.6,534720,1353.62,1107.35,120,1110.55,60,275460
2026-04-13T12:40:57.972,NF,BANKNIFTY28APR2655500PE,1107.6,1025.0,1564.3,1025.0,785.6,534840,1353.56,1104.1,150,1107.5,30,275460
2026-04-13T12:41:14.200,NF,BANKNIFTY28APR2655500PE,1108.65,1025.0,1564.3,1025.0,785.6,534870,1353.55,1105.35,30,1108.7,30,275460
2026-04-13T12:41:15.398,NF,BANKNIFTY28APR2655500PE,1106.2,1025.0,1564.3,1025.0,785.6,534990,1353.49,1107.5,30,1110.35,30,278670
2026-04-13T12:41:17.803,NF,BANKNIFTY28APR2655500PE,1109.85,1025.0,1564.3,1025.0,785.6,535080,1353.45,1106.6,120,1110.25,120,278670
2026-04-13T12:41:19.010,NF,BANKNIFTY28APR2655500PE,1107.3,1025.0,1564.3,1025.0,785.6,535320,1353.34,1105.3,30,1109.15,60,278670
2026-04-13T12:41:20.407,NF,BANKNIFTY28APR2655500PE,1107.75,1025.0,1564.3,1025.0,785.6,535410,1353.3,1105.05,30,1108.8,60,278670
2026-04-13T12:41:21.606,NF,BANKNIFTY28APR2655500PE,1104.9,1025.0,1564.3,1025.0,785.6,535470,1353.28,1105.2,30,1108.2,30,278670
2026-04-13T12:41:24.013,NF,BANKNIFTY28APR2655500PE,1104.35,1025.0,1564.3,1025.0,785.6,535590,1353.22,1104.0,30,1106.9,60,278670
2026-04-13T12:41:26.418,NF,BANKNIFTY28APR2655500PE,1104.0,1025.0,1564.3,1025.0,785.6,535620,1353.21,1101.8,150,1105.5,30,278670
2026-04-13T12:41:30.220,NF,BANKNIFTY28APR2655500PE,1103.8,1025.0,1564.3,1025.0,785.6,535650,1353.19,1101.75,60,1105.3,120,278670
2026-04-13T12:41:32.625,NF,BANKNIFTY28APR2655500PE,1101.05,1025.0,1564.3,1025.0,785.6,536010,1353.02,1101.4,120,1104.55,30,278670
2026-04-13T12:41:37.441,NF,BANKNIFTY28APR2655500PE,1104.55,1025.0,1564.3,1025.0,785.6,536130,1352.97,1101.45,120,1105.45,60,278670
2026-04-13T12:41:38.839,NF,BANKNIFTY28APR2655500PE,1103.45,1025.0,1564.3,1025.0,785.6,536190,1352.94,1102.8,150,1106.15,30,278670
2026-04-13T12:41:41.242,NF,BANKNIFTY28APR2655500PE,1105.75,1025.0,1564.3,1025.0,785.6,536220,1352.92,1102.6,90,1106.5,30,278670
2026-04-13T12:41:43.644,NF,BANKNIFTY28APR2655500PE,1105.85,1025.0,1564.3,1025.0,785.6,536250,1352.91,1105.7,60,1108.45,30,278670
2026-04-13T12:41:50.675,NF,BANKNIFTY28APR2655500PE,1108.45,1025.0,1564.3,1025.0,785.6,536280,1352.9,1108.05,30,1111.05,30,278670
2026-04-13T12:41:51.867,NF,BANKNIFTY28APR2655500PE,1108.05,1025.0,1564.3,1025.0,785.6,536310,1352.88,1108.1,30,1110.95,30,278670
2026-04-13T12:41:53.064,NF,BANKNIFTY28APR2655500PE,1110.1,1025.0,1564.3,1025.0,785.6,536340,1352.87,1105.4,120,1109.55,30,278670
2026-04-13T12:41:58.871,NF,BANKNIFTY28APR2655500PE,1108.6,1025.0,1564.3,1025.0,785.6,536580,1352.76,1105.4,60,1109.35,150,278670
2026-04-13T12:42:00.071,NF,BANKNIFTY28APR2655500PE,1109.35,1025.0,1564.3,1025.0,785.6,536610,1352.75,1105.05,120,1108.65,90,278670
2026-04-13T12:42:01.080,NF,BANKNIFTY28APR2655500PE,1108.2,1025.0,1564.3,1025.0,785.6,536790,1352.66,1104.05,120,1108.7,150,278670
2026-04-13T12:42:02.278,NF,BANKNIFTY28APR2655500PE,1105.15,1025.0,1564.3,1025.0,785.6,536850,1352.64,1101.2,120,1104.8,60,278670
2026-04-13T12:42:09.504,NF,BANKNIFTY28APR2655500PE,1105.05,1025.0,1564.3,1025.0,785.6,536940,1352.59,1101.0,120,1104.1,30,278670
2026-04-13T12:42:11.889,NF,BANKNIFTY28APR2655500PE,1101.0,1025.0,1564.3,1025.0,785.6,536970,1352.58,1101.0,210,1104.15,30,278670
2026-04-13T12:42:12.894,NF,BANKNIFTY28APR2655500PE,1104.15,1025.0,1564.3,1025.0,785.6,537000,1352.57,1101.0,90,1104.65,60,278670
2026-04-13T12:42:16.297,NF,BANKNIFTY28APR2655500PE,1101.0,1025.0,1564.3,1025.0,785.6,537150,1352.5,1100.05,30,1102.5,30,278670
2026-04-13T12:42:18.701,NF,BANKNIFTY28APR2655500PE,1103.5,1025.0,1564.3,1025.0,785.6,537180,1352.48,1101.0,30,1103.95,30,278670
2026-04-13T12:42:22.306,NF,BANKNIFTY28APR2655500PE,1103.45,1025.0,1564.3,1025.0,785.6,537210,1352.47,1101.05,30,1104.3,150,278670
2026-04-13T12:42:24.712,NF,BANKNIFTY28APR2655500PE,1101.15,1025.0,1564.3,1025.0,785.6,537240,1352.45,1101.0,120,1104.3,60,278670
2026-04-13T12:42:25.911,NF,BANKNIFTY28APR2655500PE,1099.0,1025.0,1564.3,1025.0,785.6,537900,1352.15,1095.85,60,1099.25,30,278670
2026-04-13T12:42:27.113,NF,BANKNIFTY28APR2655500PE,1100.1,1025.0,1564.3,1025.0,785.6,538020,1352.09,1096.3,90,1100.0,60,278670
2026-04-13T12:42:28.312,NF,BANKNIFTY28APR2655500PE,1101.9,1025.0,1564.3,1025.0,785.6,538080,1352.06,1097.0,30,1100.7,120,278670
2026-04-13T12:42:31.917,NF,BANKNIFTY28APR2655500PE,1098.3,1025.0,1564.3,1025.0,785.6,538140,1352.03,1095.1,60,1098.4,30,278670
2026-04-13T12:42:33.120,NF,BANKNIFTY28APR2655500PE,1095.0,1025.0,1564.3,1025.0,785.6,538440,1351.89,1095.0,30,1097.2,30,278670
2026-04-13T12:42:36.925,NF,BANKNIFTY28APR2655500PE,1097.8,1025.0,1564.3,1025.0,785.6,538560,1351.83,1099.05,300,1102.05,30,278670
2026-04-13T12:42:40.352,NF,BANKNIFTY28APR2655500PE,1099.1,1025.0,1564.3,1025.0,785.6,538620,1351.8,1099.6,90,1103.0,60,278670
2026-04-13T12:42:41.732,NF,BANKNIFTY28APR2655500PE,1099.4,1025.0,1564.3,1025.0,785.6,538920,1351.66,1099.2,90,1102.45,30,278670
2026-04-13T12:42:42.933,NF,BANKNIFTY28APR2655500PE,1103.35,1025.0,1564.3,1025.0,785.6,539070,1351.6,1099.85,90,1103.7,150,278670
2026-04-13T12:42:50.348,NF,BANKNIFTY28APR2655500PE,1103.35,1025.0,1564.3,1025.0,785.6,539130,1351.57,1099.6,150,1102.95,30,278670
2026-04-13T12:42:54.150,NF,BANKNIFTY28APR2655500PE,1102.25,1025.0,1564.3,1025.0,785.6,539160,1351.55,1100.0,30,1103.2,210,278670
2026-04-13T12:42:56.752,NF,BANKNIFTY28APR2655500PE,1096.55,1025.0,1564.3,1025.0,785.6,539250,1351.51,1096.25,30,1099.8,60,278670
2026-04-13T12:43:04.164,NF,BANKNIFTY28APR2655500PE,1098.0,1025.0,1564.3,1025.0,785.6,539280,1351.5,1096.55,60,1098.7,120,278670
2026-04-13T12:43:12.579,NF,BANKNIFTY28APR2655500PE,1099.9,1025.0,1564.3,1025.0,785.6,539310,1351.48,1097.0,120,1100.0,120,278670
2026-04-13T12:43:16.183,NF,BANKNIFTY28APR2655500PE,1100.0,1025.0,1564.3,1025.0,785.6,539340,1351.47,1098.0,120,1100.7,30,278670
2026-04-13T12:43:20.992,NF,BANKNIFTY28APR2655500PE,1098.0,1025.0,1564.3,1025.0,785.6,539370,1351.46,1096.55,60,1098.75,30,278670
2026-04-13T12:43:28.201,NF,BANKNIFTY28APR2655500PE,1098.0,1025.0,1564.3,1025.0,785.6,539550,1351.37,1096.55,60,1098.75,30,278670
2026-04-13T12:43:41.224,NF,BANKNIFTY28APR2655500PE,1098.0,1025.0,1564.3,1025.0,785.6,539580,1351.36,1098.0,30,1098.35,30,278670
2026-04-13T12:43:42.437,NF,BANKNIFTY28APR2655500PE,1098.0,1025.0,1564.3,1025.0,785.6,539610,1351.34,1096.55,90,1098.35,30,278670
2026-04-13T12:43:47.033,NF,BANKNIFTY28APR2655500PE,1098.15,1025.0,1564.3,1025.0,785.6,539640,1351.33,1098.15,150,1101.15,30,278670
2026-04-13T12:43:48.234,NF,BANKNIFTY28APR2655500PE,1098.0,1025.0,1564.3,1025.0,785.6,539670,1351.31,1098.0,120,1101.1,30,278670
2026-04-13T12:43:50.441,NF,BANKNIFTY28APR2655500PE,1101.0,1025.0,1564.3,1025.0,785.6,539700,1351.3,1099.15,30,1102.5,120,278670
2026-04-13T12:43:52.644,NF,BANKNIFTY28APR2655500PE,1103.5,1025.0,1564.3,1025.0,785.6,540570,1350.9,1098.2,30,1102.15,60,278670
2026-04-13T12:43:55.042,NF,BANKNIFTY28APR2655500PE,1098.85,1025.0,1564.3,1025.0,785.6,540630,1350.87,1098.85,60,1101.55,30,278670
2026-04-13T12:43:56.048,NF,BANKNIFTY28APR2655500PE,1101.8,1025.0,1564.3,1025.0,785.6,540690,1350.84,1099.6,120,1102.7,30,278670
2026-04-13T12:44:01.867,NF,BANKNIFTY28APR2655500PE,1101.8,1025.0,1564.3,1025.0,785.6,540810,1350.79,1097.3,90,1101.1,60,278670
2026-04-13T12:44:04.266,NF,BANKNIFTY28APR2655500PE,1098.5,1025.0,1564.3,1025.0,785.6,540840,1350.77,1097.75,30,1100.65,60,278670
2026-04-13T12:44:09.066,NF,BANKNIFTY28APR2655500PE,1095.0,1025.0,1564.3,1025.0,785.6,540990,1350.7,1095.0,60,1097.0,30,278670
2026-04-13T12:44:12.675,NF,BANKNIFTY28APR2655500PE,1096.65,1025.0,1564.3,1025.0,785.6,541020,1350.69,1095.0,60,1097.0,30,278670
2026-04-13T12:44:19.683,NF,BANKNIFTY28APR2655500PE,1095.0,1025.0,1564.3,1025.0,785.6,541110,1350.65,1093.75,180,1096.9,60,278670
2026-04-13T12:44:26.697,NF,BANKNIFTY28APR2655500PE,1094.0,1025.0,1564.3,1025.0,785.6,541170,1350.62,1093.85,60,1096.7,60,279630
2026-04-13T12:44:31.301,NF,BANKNIFTY28APR2655500PE,1097.65,1025.0,1564.3,1025.0,785.6,541350,1350.53,1093.9,90,1097.65,90,279630
2026-04-13T12:44:42.129,NF,BANKNIFTY28APR2655500PE,1093.75,1025.0,1564.3,1025.0,785.6,541380,1350.52,1093.0,120,1095.45,30,279630
2026-04-13T12:44:44.526,NF,BANKNIFTY28APR2655500PE,1095.0,1025.0,1564.3,1025.0,785.6,541440,1350.49,1093.0,30,1095.0,30,279630
2026-04-13T12:44:47.127,NF,BANKNIFTY28APR2655500PE,1098.0,1025.0,1564.3,1025.0,785.6,541500,1350.46,1096.15,30,1099.5,90,279630
2026-04-13T12:44:51.943,NF,BANKNIFTY28APR2655500PE,1099.0,1025.0,1564.3,1025.0,785.6,541530,1350.45,1094.4,150,1098.45,30,279630
2026-04-13T12:44:55.545,NF,BANKNIFTY28APR2655500PE,1097.5,1025.0,1564.3,1025.0,785.6,541680,1350.38,1098.6,30,1100.35,30,279630
2026-04-13T12:44:57.946,NF,BANKNIFTY28APR2655500PE,1099.0,1025.0,1564.3,1025.0,785.6,541710,1350.37,1097.75,90,1100.35,30,279630
2026-04-13T12:45:01.760,NF,BANKNIFTY28APR2655500PE,1095.55,1025.0,1564.3,1025.0,785.6,542130,1350.17,1095.4,90,1099.0,120,279630
2026-04-13T12:45:02.954,NF,BANKNIFTY28APR2655500PE,1095.65,1025.0,1564.3,1025.0,785.6,542280,1350.1,1095.7,60,1099.35,120,279630
2026-04-13T12:45:07.962,NF,BANKNIFTY28APR2655500PE,1098.0,1025.0,1564.3,1025.0,785.6,542430,1350.03,1095.0,30,1098.0,60,279630
2026-04-13T12:45:09.165,NF,BANKNIFTY28APR2655500PE,1095.0,1025.0,1564.3,1025.0,785.6,542490,1350.0,1094.1,30,1096.55,60,279630
2026-04-13T12:45:14.179,NF,BANKNIFTY28APR2655500PE,1095.4,1025.0,1564.3,1025.0,785.6,542610,1349.94,1093.0,150,1095.65,60,279630
2026-04-13T12:45:17.996,NF,BANKNIFTY28APR2655500PE,1095.4,1025.0,1564.3,1025.0,785.6,542640,1349.93,1094.0,120,1095.65,60,279630
2026-04-13T12:45:22.983,NF,BANKNIFTY28APR2655500PE,1095.65,1025.0,1564.3,1025.0,785.6,542670,1349.92,1095.65,120,1096.2,30,279630
2026-04-13T12:45:27.992,NF,BANKNIFTY28APR2655500PE,1095.8,1025.0,1564.3,1025.0,785.6,542700,1349.9,1095.65,120,1095.8,30,279630
2026-04-13T12:45:30.396,NF,BANKNIFTY28APR2655500PE,1095.65,1025.0,1564.3,1025.0,785.6,542730,1349.89,1095.65,90,1095.8,30,279630
2026-04-13T12:45:33.000,NF,BANKNIFTY28APR2655500PE,1096.95,1025.0,1564.3,1025.0,785.6,542790,1349.86,1095.65,120,1098.1,60,279630
2026-04-13T12:45:35.402,NF,BANKNIFTY28APR2655500PE,1099.0,1025.0,1564.3,1025.0,785.6,542910,1349.8,1098.35,30,1101.25,90,279630
2026-04-13T12:45:41.818,NF,BANKNIFTY28APR2655500PE,1100.75,1025.0,1564.3,1025.0,785.6,543060,1349.74,1096.5,120,1099.6,60,279630
2026-04-13T12:45:45.416,NF,BANKNIFTY28APR2655500PE,1102.6,1025.0,1564.3,1025.0,785.6,543210,1349.67,1100.45,30,1102.6,30,279630
2026-04-13T12:45:46.819,NF,BANKNIFTY28APR2655500PE,1103.0,1025.0,1564.3,1025.0,785.6,543270,1349.64,1101.7,60,1104.3,60,279630
2026-04-13T12:45:48.018,NF,BANKNIFTY28APR2655500PE,1104.25,1025.0,1564.3,1025.0,785.6,543360,1349.6,1101.45,120,1104.75,60,279630
2026-04-13T12:45:51.822,NF,BANKNIFTY28APR2655500PE,1104.1,1025.0,1564.3,1025.0,785.6,543450,1349.56,1101.25,90,1104.1,60,279630
2026-04-13T12:45:54.231,NF,BANKNIFTY28APR2655500PE,1100.75,1025.0,1564.3,1025.0,785.6,543840,1349.38,1101.45,30,1104.45,60,279630
2026-04-13T12:45:55.440,NF,BANKNIFTY28APR2655500PE,1105.65,1025.0,1564.3,1025.0,785.6,544290,1349.18,1104.55,90,1107.15,60,279630
2026-04-13T12:45:56.830,NF,BANKNIFTY28APR2655500PE,1108.75,1025.0,1564.3,1025.0,785.6,544470,1349.1,1104.35,60,1107.75,90,279630
2026-04-13T12:45:58.032,NF,BANKNIFTY28APR2655500PE,1107.75,1025.0,1564.3,1025.0,785.6,544530,1349.07,1101.95,60,1105.6,90,279630
2026-04-13T12:45:59.249,NF,BANKNIFTY28APR2655500PE,1104.6,1025.0,1564.3,1025.0,785.6,544680,1349.01,1101.6,60,1104.55,60,279630
2026-04-13T12:46:01.841,NF,BANKNIFTY28APR2655500PE,1109.55,1025.0,1564.3,1025.0,785.6,544770,1348.97,1105.95,120,1109.1,30,279630
2026-04-13T12:46:06.846,NF,BANKNIFTY28APR2655500PE,1108.35,1025.0,1564.3,1025.0,785.6,544830,1348.94,1106.75,120,1108.0,30,279630
2026-04-13T12:46:09.261,NF,BANKNIFTY28APR2655500PE,1104.6,1025.0,1564.3,1025.0,785.6,544890,1348.91,1104.4,120,1107.7,30,279630
2026-04-13T12:46:10.459,NF,BANKNIFTY28APR2655500PE,1104.0,1025.0,1564.3,1025.0,785.6,544980,1348.87,1104.85,30,1108.9,30,279630
2026-04-13T12:46:11.862,NF,BANKNIFTY28APR2655500PE,1107.15,1025.0,1564.3,1025.0,785.6,545040,1348.84,1106.1,90,1109.4,60,279630
2026-04-13T12:46:13.087,NF,BANKNIFTY28APR2655500PE,1109.8,1025.0,1564.3,1025.0,785.6,545430,1348.67,1105.45,90,1109.25,60,279630
2026-04-13T12:46:14.267,NF,BANKNIFTY28APR2655500PE,1107.6,1025.0,1564.3,1025.0,785.6,545460,1348.66,1104.7,60,1107.65,30,279630
2026-04-13T12:46:16.686,NF,BANKNIFTY28APR2655500PE,1104.1,1025.0,1564.3,1025.0,785.6,545520,1348.63,1104.2,150,1107.1,30,279630
2026-04-13T12:46:21.679,NF,BANKNIFTY28APR2655500PE,1106.6,1025.0,1564.3,1025.0,785.6,545610,1348.59,1104.0,30,1106.9,90,279630
2026-04-13T12:46:23.073,NF,BANKNIFTY28APR2655500PE,1106.8,1025.0,1564.3,1025.0,785.6,545640,1348.58,1104.0,30,1106.65,60,279630
2026-04-13T12:46:24.273,NF,BANKNIFTY28APR2655500PE,1106.45,1025.0,1564.3,1025.0,785.6,545670,1348.57,1104.0,30,1106.4,30,279630
2026-04-13T12:46:25.484,NF,BANKNIFTY28APR2655500PE,1106.4,1025.0,1564.3,1025.0,785.6,545700,1348.55,1104.0,30,1106.6,30,279630
2026-04-13T12:46:27.895,NF,BANKNIFTY28APR2655500PE,1106.55,1025.0,1564.3,1025.0,785.6,545730,1348.54,1102.9,60,1106.85,150,279630
2026-04-13T12:46:32.886,NF,BANKNIFTY28APR2655500PE,1105.8,1025.0,1564.3,1025.0,785.6,545820,1348.5,1106.55,60,1108.55,90,279630
2026-04-13T12:46:34.099,NF,BANKNIFTY28APR2655500PE,1109.0,1025.0,1564.3,1025.0,785.6,545850,1348.49,1106.55,60,1108.75,30,279630
2026-04-13T12:46:36.691,NF,BANKNIFTY28APR2655500PE,1108.8,1025.0,1564.3,1025.0,785.6,545910,1348.46,1106.55,60,1108.8,120,279630
2026-04-13T12:46:40.300,NF,BANKNIFTY28APR2655500PE,1108.5,1025.0,1564.3,1025.0,785.6,545940,1348.45,1106.55,60,1109.35,150,279630
2026-04-13T12:46:42.701,NF,BANKNIFTY28APR2655500PE,1108.0,1025.0,1564.3,1025.0,785.6,545970,1348.43,1107.6,60,1110.2,30,279630
2026-04-13T12:46:45.307,NF,BANKNIFTY28APR2655500PE,1106.65,1025.0,1564.3,1025.0,785.6,546120,1348.37,1106.55,60,1108.6,30,279630
2026-04-13T12:46:51.115,NF,BANKNIFTY28APR2655500PE,1101.7,1025.0,1564.3,1025.0,785.6,546210,1348.33,1102.85,30,1105.8,60,279630
2026-04-13T12:46:53.527,NF,BANKNIFTY28APR2655500PE,1108.3,1025.0,1564.3,1025.0,785.6,546240,1348.31,1105.3,90,1108.85,60,279630
2026-04-13T12:46:57.126,NF,BANKNIFTY28APR2655500PE,1103.55,1025.0,1564.3,1025.0,785.6,546270,1348.3,1103.55,60,1106.35,30,279630
2026-04-13T12:46:59.529,NF,BANKNIFTY28APR2655500PE,1108.4,1025.0,1564.3,1025.0,785.6,546300,1348.29,1104.85,60,1108.5,90,279630
2026-04-13T12:47:03.142,NF,BANKNIFTY28APR2655500PE,1104.0,1025.0,1564.3,1025.0,785.6,546330,1348.27,1100.75,30,1103.15,30,279630
2026-04-13T12:47:04.535,NF,BANKNIFTY28APR2655500PE,1100.0,1025.0,1564.3,1025.0,785.6,546690,1348.11,1096.95,120,1101.25,120,279630
2026-04-13T12:47:05.735,NF,BANKNIFTY28APR2655500PE,1097.1,1025.0,1564.3,1025.0,785.6,546780,1348.07,1096.9,90,1100.65,30,279630
2026-04-13T12:47:06.970,NF,BANKNIFTY28APR2655500PE,1100.45,1025.0,1564.3,1025.0,785.6,546810,1348.06,1098.5,180,1102.6,150,279630
2026-04-13T12:47:08.152,NF,BANKNIFTY28APR2655500PE,1103.85,1025.0,1564.3,1025.0,785.6,547740,1347.64,1100.05,150,1103.95,120,279630
2026-04-13T12:47:10.745,NF,BANKNIFTY28APR2655500PE,1105.6,1025.0,1564.3,1025.0,785.6,547800,1347.62,1101.4,30,1105.8,120,279630
2026-04-13T12:47:11.946,NF,BANKNIFTY28APR2655500PE,1104.95,1025.0,1564.3,1025.0,785.6,547830,1347.6,1102.9,90,1105.2,30,279630
2026-04-13T12:47:18.207,NF,BANKNIFTY28APR2655500PE,1104.15,1025.0,1564.3,1025.0,785.6,548580,1347.27,1104.15,180,1107.05,30,281460
2026-04-13T12:47:19.359,NF,BANKNIFTY28APR2655500PE,1108.0,1025.0,1564.3,1025.0,785.6,548700,1347.22,1104.6,120,1108.0,30,281460
2026-04-13T12:47:21.767,NF,BANKNIFTY28APR2655500PE,1104.45,1025.0,1564.3,1025.0,785.6,548730,1347.2,1104.1,120,1107.75,150,281460
2026-04-13T12:47:23.161,NF,BANKNIFTY28APR2655500PE,1107.6,1025.0,1564.3,1025.0,785.6,548790,1347.18,1104.65,60,1107.95,90,281460
2026-04-13T12:47:24.366,NF,BANKNIFTY28APR2655500PE,1108.0,1025.0,1564.3,1025.0,785.6,548820,1347.16,1105.25,60,1108.3,60,281460
2026-04-13T12:47:26.786,NF,BANKNIFTY28APR2655500PE,1105.15,1025.0,1564.3,1025.0,785.6,548850,1347.15,1105.1,90,1108.1,90,281460
2026-04-13T12:47:38.992,NF,BANKNIFTY28APR2655500PE,1105.0,1025.0,1564.3,1025.0,785.6,549180,1347.01,1101.25,120,1104.85,30,281460
2026-04-13T12:47:40.383,NF,BANKNIFTY28APR2655500PE,1104.8,1025.0,1564.3,1025.0,785.6,549210,1346.99,1102.5,180,1106.1,60,281460
2026-04-13T12:47:41.592,NF,BANKNIFTY28APR2655500PE,1106.3,1025.0,1564.3,1025.0,785.6,549330,1346.94,1103.15,60,1106.75,90,281460
2026-04-13T12:47:42.792,NF,BANKNIFTY28APR2655500PE,1103.05,1025.0,1564.3,1025.0,785.6,549360,1346.93,1102.9,120,1106.15,60,281460
2026-04-13T12:47:58.412,NF,BANKNIFTY28APR2655500PE,1103.4,1025.0,1564.3,1025.0,785.6,549960,1346.66,1104.25,120,1107.25,30,281460
2026-04-13T12:48:04.418,NF,BANKNIFTY28APR2655500PE,1103.85,1025.0,1564.3,1025.0,785.6,549990,1346.65,1105.0,30,1107.45,60,281460
2026-04-13T12:48:05.428,NF,BANKNIFTY28APR2655500PE,1107.9,1025.0,1564.3,1025.0,785.6,550020,1346.63,1105.1,60,1108.0,900,281460
2026-04-13T12:48:06.636,NF,BANKNIFTY28APR2655500PE,1106.9,1025.0,1564.3,1025.0,785.6,550050,1346.62,1105.1,60,1107.9,30,281460
2026-04-13T12:48:09.227,NF,BANKNIFTY28APR2655500PE,1105.0,1025.0,1564.3,1025.0,785.6,550110,1346.6,1100.45,60,1103.6,60,281460
2026-04-13T12:48:11.634,NF,BANKNIFTY28APR2655500PE,1105.0,1025.0,1564.3,1025.0,785.6,550200,1346.56,1102.1,60,1105.9,180,281460
2026-04-13T12:48:16.646,NF,BANKNIFTY28APR2655500PE,1102.75,1025.0,1564.3,1025.0,785.6,550260,1346.53,1100.45,30,1103.2,30,281460
2026-04-13T12:48:21.653,NF,BANKNIFTY28APR2655500PE,1100.45,1025.0,1564.3,1025.0,785.6,550290,1346.52,1100.35,30,1103.1,120,281460
2026-04-13T12:48:22.856,NF,BANKNIFTY28APR2655500PE,1101.7,1025.0,1564.3,1025.0,785.6,550380,1346.48,1101.65,60,1104.45,30,281460
2026-04-13T12:48:24.069,NF,BANKNIFTY28APR2655500PE,1101.5,1025.0,1564.3,1025.0,785.6,550620,1346.37,1101.45,90,1104.45,60,281460
2026-04-13T12:48:25.282,NF,BANKNIFTY28APR2655500PE,1104.45,1025.0,1564.3,1025.0,785.6,550680,1346.34,1101.2,90,1104.75,120,281460
2026-04-13T12:48:28.665,NF,BANKNIFTY28APR2655500PE,1104.5,1025.0,1564.3,1025.0,785.6,550710,1346.33,1102.8,90,1106.0,30,281460
2026-04-13T12:48:29.871,NF,BANKNIFTY28APR2655500PE,1102.8,1025.0,1564.3,1025.0,785.6,550740,1346.32,1102.55,60,1105.75,30,281460
2026-04-13T12:48:33.279,NF,BANKNIFTY28APR2655500PE,1102.2,1025.0,1564.3,1025.0,785.6,550800,1346.29,1102.15,60,1105.9,60,281460
2026-04-13T12:48:38.877,NF,BANKNIFTY28APR2655500PE,1105.4,1025.0,1564.3,1025.0,785.6,550830,1346.28,1104.9,30,1106.9,60,281460
2026-04-13T12:48:42.489,NF,BANKNIFTY28APR2655500PE,1104.8,1025.0,1564.3,1025.0,785.6,550860,1346.26,1103.85,60,1106.7,30,281460
2026-04-13T12:48:44.687,NF,BANKNIFTY28APR2655500PE,1105.4,1025.0,1564.3,1025.0,785.6,550890,1346.25,1104.45,30,1106.9,60,281460
2026-04-13T12:48:45.891,NF,BANKNIFTY28APR2655500PE,1105.4,1025.0,1564.3,1025.0,785.6,550920,1346.24,1104.45,90,1106.9,60,281460
2026-04-13T12:48:47.092,NF,BANKNIFTY28APR2655500PE,1103.85,1025.0,1564.3,1025.0,785.6,550950,1346.22,1103.2,90,1106.65,60,281460
2026-04-13T12:48:53.160,NF,BANKNIFTY28APR2655500PE,1105.45,1025.0,1564.3,1025.0,785.6,550980,1346.21,1103.1,90,1105.85,30,281460
2026-04-13T12:48:57.910,NF,BANKNIFTY28APR2655500PE,1103.05,1025.0,1564.3,1025.0,785.6,551010,1346.2,1103.05,600,1105.45,30,281460
2026-04-13T12:49:07.126,NF,BANKNIFTY28APR2655500PE,1101.7,1025.0,1564.3,1025.0,785.6,551640,1345.92,1100.25,30,1102.55,30,281460
2026-04-13T12:49:08.523,NF,BANKNIFTY28APR2655500PE,1094.55,1025.0,1564.3,1025.0,785.6,551760,1345.87,1094.2,120,1097.9,60,281460
2026-04-13T12:49:09.727,NF,BANKNIFTY28APR2655500PE,1094.85,1025.0,1564.3,1025.0,785.6,551970,1345.77,1095.05,30,1098.4,30,281460
2026-04-13T12:49:14.733,NF,BANKNIFTY28APR2655500PE,1088.0,1025.0,1564.3,1025.0,785.6,553470,1345.07,1087.8,210,1091.4,30,281460
2026-04-13T12:49:15.938,NF,BANKNIFTY28APR2655500PE,1087.7,1025.0,1564.3,1025.0,785.6,553500,1345.06,1087.7,30,1090.1,30,281460
2026-04-13T12:49:19.762,NF,BANKNIFTY28APR2655500PE,1089.05,1025.0,1564.3,1025.0,785.6,553530,1345.05,1087.95,30,1090.9,30,281460
2026-04-13T12:49:20.944,NF,BANKNIFTY28APR2655500PE,1088.05,1025.0,1564.3,1025.0,785.6,553740,1344.95,1087.6,330,1090.8,150,281460
2026-04-13T12:49:22.150,NF,BANKNIFTY28APR2655500PE,1090.8,1025.0,1564.3,1025.0,785.6,553770,1344.94,1087.85,30,1090.7,30,281460
2026-04-13T12:49:23.367,NF,BANKNIFTY28APR2655500PE,1087.4,1025.0,1564.3,1025.0,785.6,553800,1344.92,1086.65,30,1089.65,60,281460
2026-04-13T12:49:24.550,NF,BANKNIFTY28APR2655500PE,1087.3,1025.0,1564.3,1025.0,785.6,553920,1344.87,1087.0,30,1089.75,60,281460
2026-04-13T12:49:25.949,NF,BANKNIFTY28APR2655500PE,1089.0,1025.0,1564.3,1025.0,785.6,554460,1344.62,1088.0,810,1089.4,30,281460
2026-04-13T12:49:27.154,NF,BANKNIFTY28APR2655500PE,1089.25,1025.0,1564.3,1025.0,785.6,554490,1344.6,1088.0,810,1089.8,30,281460
2026-04-13T12:49:28.363,NF,BANKNIFTY28APR2655500PE,1088.0,1025.0,1564.3,1025.0,785.6,554730,1344.49,1088.1,90,1091.15,30,281460
2026-04-13T12:49:38.167,NF,BANKNIFTY28APR2655500PE,1090.0,1025.0,1564.3,1025.0,785.6,554760,1344.48,1088.0,600,1090.0,30,281460
2026-04-13T12:49:39.373,NF,BANKNIFTY28APR2655500PE,1090.3,1025.0,1564.3,1025.0,785.6,554820,1344.45,1088.0,30,1090.7,150,281460
2026-04-13T12:49:40.572,NF,BANKNIFTY28APR2655500PE,1090.3,1025.0,1564.3,1025.0,785.6,554880,1344.42,1088.0,30,1090.3,120,281460
2026-04-13T12:49:43.172,NF,BANKNIFTY28APR2655500PE,1090.6,1025.0,1564.3,1025.0,785.6,554940,1344.4,1089.25,90,1091.85,30,281460
2026-04-13T12:49:44.379,NF,BANKNIFTY28APR2655500PE,1091.7,1025.0,1564.3,1025.0,785.6,554970,1344.38,1091.35,120,1094.0,30,281460
2026-04-13T12:49:45.579,NF,BANKNIFTY28APR2655500PE,1094.0,1025.0,1564.3,1025.0,785.6,555000,1344.37,1091.4,30,1094.55,90,281460
2026-04-13T12:49:47.982,NF,BANKNIFTY28APR2655500PE,1101.1,1025.0,1564.3,1025.0,785.6,555600,1344.1,1094.25,90,1097.75,90,281460
2026-04-13T12:49:49.381,NF,BANKNIFTY28APR2655500PE,1094.25,1025.0,1564.3,1025.0,785.6,555630,1344.09,1092.05,30,1095.7,120,281460
2026-04-13T12:49:56.797,NF,BANKNIFTY28APR2655500PE,1092.0,1025.0,1564.3,1025.0,785.6,556530,1343.68,1094.25,30,1095.95,60,281460
2026-04-13T12:50:01.802,NF,BANKNIFTY28APR2655500PE,1092.0,1025.0,1564.3,1025.0,785.6,556620,1343.64,1092.0,840,1094.4,60,281460
2026-04-13T12:50:05.610,NF,BANKNIFTY28APR2655500PE,1092.05,1025.0,1564.3,1025.0,785.6,556650,1343.63,1092.0,840,1094.05,120,281460
2026-04-13T12:50:06.810,NF,BANKNIFTY28APR2655500PE,1092.0,1025.0,1564.3,1025.0,785.6,556740,1343.59,1092.0,810,1093.8,30,281460
2026-04-13T12:50:09.019,NF,BANKNIFTY28APR2655500PE,1092.0,1025.0,1564.3,1025.0,785.6,556830,1343.54,1092.0,660,1093.4,60,281460
2026-04-13T12:50:12.615,NF,BANKNIFTY28APR2655500PE,1094.6,1025.0,1564.3,1025.0,785.6,556920,1343.5,1095.1,60,1097.45,60,281460
2026-04-13T12:50:15.025,NF,BANKNIFTY28APR2655500PE,1096.15,1025.0,1564.3,1025.0,785.6,556950,1343.49,1094.05,60,1096.45,90,281460
2026-04-13T12:50:18.892,NF,BANKNIFTY28APR2655500PE,1094.95,1025.0,1564.3,1025.0,785.6,556980,1343.48,1093.7,30,1096.55,90,282360
2026-04-13T12:50:21.229,NF,BANKNIFTY28APR2655500PE,1096.5,1025.0,1564.3,1025.0,785.6,557070,1343.44,1095.4,30,1098.8,150,282360
2026-04-13T12:50:22.437,NF,BANKNIFTY28APR2655500PE,1093.2,1025.0,1564.3,1025.0,785.6,557160,1343.4,1092.75,90,1095.85,30,282360
2026-04-13T12:50:26.237,NF,BANKNIFTY28APR2655500PE,1095.7,1025.0,1564.3,1025.0,785.6,557460,1343.26,1093.05,60,1096.4,30,282360
2026-04-13T12:50:27.433,NF,BANKNIFTY28APR2655500PE,1099.0,1025.0,1564.3,1025.0,785.6,557520,1343.24,1096.85,30,1099.8,150,282360
2026-04-13T12:50:32.240,NF,BANKNIFTY28APR2655500PE,1096.5,1025.0,1564.3,1025.0,785.6,557580,1343.21,1094.05,30,1097.35,150,282360
2026-04-13T12:50:33.455,NF,BANKNIFTY28APR2655500PE,1097.85,1025.0,1564.3,1025.0,785.6,557670,1343.17,1095.4,120,1098.0,240,282360
2026-04-13T12:50:34.842,NF,BANKNIFTY28APR2655500PE,1098.0,1025.0,1564.3,1025.0,785.6,557760,1343.13,1096.1,90,1098.65,30,282360
2026-04-13T12:50:36.053,NF,BANKNIFTY28APR2655500PE,1098.7,1025.0,1564.3,1025.0,785.6,557820,1343.11,1096.2,30,1099.4,30,282360
2026-04-13T12:50:38.466,NF,BANKNIFTY28APR2655500PE,1099.15,1025.0,1564.3,1025.0,785.6,557880,1343.08,1097.35,60,1100.0,30,282360
2026-04-13T12:50:39.460,NF,BANKNIFTY28APR2655500PE,1100.0,1025.0,1564.3,1025.0,785.6,557910,1343.07,1097.65,60,1100.9,30,282360
2026-04-13T12:50:49.468,NF,BANKNIFTY28APR2655500PE,1097.9,1025.0,1564.3,1025.0,785.6,558030,1343.01,1095.4,150,1098.35,120,282360
2026-04-13T12:50:50.878,NF,BANKNIFTY28APR2655500PE,1095.4,1025.0,1564.3,1025.0,785.6,558150,1342.96,1095.4,60,1098.0,30,282360
2026-04-13T12:50:59.494,NF,BANKNIFTY28APR2655500PE,1097.05,1025.0,1564.3,1025.0,785.6,558210,1342.93,1097.1,30,1100.0,90,282360
2026-04-13T12:51:01.903,NF,BANKNIFTY28APR2655500PE,1100.0,1025.0,1564.3,1025.0,785.6,558240,1342.92,1098.0,30,1100.0,30,282360
2026-04-13T12:51:03.286,NF,BANKNIFTY28APR2655500PE,1099.45,1025.0,1564.3,1025.0,785.6,558300,1342.9,1099.65,30,1102.0,30,282360
2026-04-13T12:51:04.503,NF,BANKNIFTY28APR2655500PE,1100.85,1025.0,1564.3,1025.0,785.6,558480,1342.82,1099.75,120,1103.1,30,282360
2026-04-13T12:51:06.894,NF,BANKNIFTY28APR2655500PE,1097.05,1025.0,1564.3,1025.0,785.6,558540,1342.79,1095.55,90,1099.05,60,282360
2026-04-13T12:51:10.703,NF,BANKNIFTY28APR2655500PE,1105.0,1025.0,1564.3,1025.0,785.6,558570,1342.78,1104.45,30,1107.5,60,282360
2026-04-13T12:51:11.906,NF,BANKNIFTY28APR2655500PE,1107.5,1025.0,1564.3,1025.0,785.6,558600,1342.77,1104.7,90,1107.6,30,282360
2026-04-13T12:51:13.308,NF,BANKNIFTY28APR2655500PE,1104.7,1025.0,1564.3,1025.0,785.6,558630,1342.75,1101.0,30,1104.55,30,282360
2026-04-13T12:51:14.505,NF,BANKNIFTY28APR2655500PE,1104.45,1025.0,1564.3,1025.0,785.6,558660,1342.74,1101.85,30,1105.35,60,282360
2026-04-13T12:51:15.719,NF,BANKNIFTY28APR2655500PE,1105.2,1025.0,1564.3,1025.0,785.6,558690,1342.73,1101.95,30,1105.35,90,282360
2026-04-13T12:51:16.908,NF,BANKNIFTY28APR2655500PE,1105.05,1025.0,1564.3,1025.0,785.6,558720,1342.71,1101.55,30,1105.2,60,282360
2026-04-13T12:51:18.310,NF,BANKNIFTY28APR2655500PE,1104.8,1025.0,1564.3,1025.0,785.6,558840,1342.66,1104.85,30,1108.3,90,282360
2026-04-13T12:51:21.923,NF,BANKNIFTY28APR2655500PE,1110.35,1025.0,1564.3,1025.0,785.6,558960,1342.61,1106.9,90,1110.55,120,282360
2026-04-13T12:51:24.523,NF,BANKNIFTY28APR2655500PE,1109.6,1025.0,1564.3,1025.0,785.6,558990,1342.6,1106.6,150,1110.1,180,282360
2026-04-13T12:51:26.932,NF,BANKNIFTY28APR2655500PE,1105.15,1025.0,1564.3,1025.0,785.6,560100,1342.13,1105.25,120,1108.7,120,282360
2026-04-13T12:51:28.140,NF,BANKNIFTY28APR2655500PE,1108.7,1025.0,1564.3,1025.0,785.6,560130,1342.12,1105.05,60,1108.35,120,282360
2026-04-13T12:51:29.529,NF,BANKNIFTY28APR2655500PE,1105.1,1025.0,1564.3,1025.0,785.6,560160,1342.11,1104.85,60,1108.35,180,282360
2026-04-13T12:51:30.756,NF,BANKNIFTY28APR2655500PE,1109.2,1025.0,1564.3,1025.0,785.6,560250,1342.07,1105.15,120,1108.75,120,282360
2026-04-13T12:51:31.940,NF,BANKNIFTY28APR2655500PE,1100.2,1025.0,1564.3,1025.0,785.6,560340,1342.03,1101.0,30,1104.6,150,282360
2026-04-13T12:51:33.158,NF,BANKNIFTY28APR2655500PE,1104.6,1025.0,1564.3,1025.0,785.6,560370,1342.02,1102.7,90,1106.2,30,282360
2026-04-13T12:51:34.538,NF,BANKNIFTY28APR2655500PE,1106.15,1025.0,1564.3,1025.0,785.6,560400,1342.01,1102.6,60,1106.25,30,282360
2026-04-13T12:51:39.366,NF,BANKNIFTY28APR2655500PE,1104.6,1025.0,1564.3,1025.0,785.6,560460,1341.98,1102.25,60,1105.75,120,282360
2026-04-13T12:51:40.555,NF,BANKNIFTY28APR2655500PE,1102.35,1025.0,1564.3,1025.0,785.6,560490,1341.97,1101.65,30,1105.05,30,282360
2026-04-13T12:51:43.151,NF,BANKNIFTY28APR2655500PE,1104.9,1025.0,1564.3,1025.0,785.6,560520,1341.95,1101.45,120,1104.6,30,282360
2026-04-13T12:51:45.562,NF,BANKNIFTY28APR2655500PE,1104.6,1025.0,1564.3,1025.0,785.6,560550,1341.94,1101.2,120,1104.7,150,282360
2026-04-13T12:51:47.974,NF,BANKNIFTY28APR2655500PE,1100.55,1025.0,1564.3,1025.0,785.6,560820,1341.83,1100.9,90,1104.4,180,282360
2026-04-13T12:51:49.370,NF,BANKNIFTY28APR2655500PE,1101.4,1025.0,1564.3,1025.0,785.6,561360,1341.59,1101.2,30,1104.7,150,282360
2026-04-13T12:51:56.774,NF,BANKNIFTY28APR2655500PE,1103.8,1025.0,1564.3,1025.0,785.6,561390,1341.58,1101.4,30,1104.95,180,282360
2026-04-13T12:51:59.389,NF,BANKNIFTY28APR2655500PE,1104.85,1025.0,1564.3,1025.0,785.6,561420,1341.57,1101.95,90,1104.8,30,282360
2026-04-13T12:52:03.022,NF,BANKNIFTY28APR2655500PE,1104.65,1025.0,1564.3,1025.0,785.6,561450,1341.56,1101.6,180,1104.8,30,282360
2026-04-13T12:52:04.184,NF,BANKNIFTY28APR2655500PE,1104.55,1025.0,1564.3,1025.0,785.6,561480,1341.54,1101.05,30,1104.15,180,282360
2026-04-13T12:52:05.387,NF,BANKNIFTY28APR2655500PE,1101.0,1025.0,1564.3,1025.0,785.6,561570,1341.5,1100.05,210,1102.95,60,282360
2026-04-13T12:52:06.796,NF,BANKNIFTY28APR2655500PE,1100.0,1025.0,1564.3,1025.0,785.6,562470,1341.12,1097.45,60,1100.65,30,282360
2026-04-13T12:52:12.994,NF,BANKNIFTY28APR2655500PE,1096.0,1025.0,1564.3,1025.0,785.6,562530,1341.09,1095.4,120,1097.65,60,282360
2026-04-13T12:52:15.409,NF,BANKNIFTY28APR2655500PE,1095.4,1025.0,1564.3,1025.0,785.6,562560,1341.08,1095.5,60,1097.75,30,282360
2026-04-13T12:52:19.208,NF,BANKNIFTY28APR2655500PE,1101.5,1025.0,1564.3,1025.0,785.6,562620,1341.05,1099.3,60,1103.1,150,282360
2026-04-13T12:52:21.616,NF,BANKNIFTY28APR2655500PE,1099.9,1025.0,1564.3,1025.0,785.6,562680,1341.03,1096.55,240,1100.25,180,282360
2026-04-13T12:52:31.627,NF,BANKNIFTY28APR2655500PE,1099.0,1025.0,1564.3,1025.0,785.6,562770,1340.99,1095.45,30,1098.45,30,282360
2026-04-13T12:52:37.846,NF,BANKNIFTY28APR2655500PE,1101.45,1025.0,1564.3,1025.0,785.6,562860,1340.95,1099.0,60,1102.45,180,282360
2026-04-13T12:52:40.237,NF,BANKNIFTY28APR2655500PE,1101.15,1025.0,1564.3,1025.0,785.6,562890,1340.94,1098.65,60,1102.55,30,282360
2026-04-13T12:52:43.858,NF,BANKNIFTY28APR2655500PE,1099.0,1025.0,1564.3,1025.0,785.6,563040,1340.87,1098.05,60,1101.65,180,282360
2026-04-13T12:52:47.645,NF,BANKNIFTY28APR2655500PE,1097.2,1025.0,1564.3,1025.0,785.6,563070,1340.86,1098.15,30,1101.35,60,282360
2026-04-13T12:52:51.053,NF,BANKNIFTY28APR2655500PE,1101.25,1025.0,1564.3,1025.0,785.6,563130,1340.84,1099.0,30,1101.25,30,282360
2026-04-13T12:52:56.058,NF,BANKNIFTY28APR2655500PE,1099.0,1025.0,1564.3,1025.0,785.6,563190,1340.81,1098.85,120,1101.75,30,282360
2026-04-13T12:52:58.487,NF,BANKNIFTY28APR2655500PE,1101.95,1025.0,1564.3,1025.0,785.6,563280,1340.77,1098.15,90,1101.75,60,282360
2026-04-13T12:53:04.672,NF,BANKNIFTY28APR2655500PE,1102.5,1025.0,1564.3,1025.0,785.6,563400,1340.72,1098.6,60,1102.35,150,282360
2026-04-13T12:53:13.092,NF,BANKNIFTY28APR2655500PE,1101.1,1025.0,1564.3,1025.0,785.6,563430,1340.71,1098.05,30,1101.35,30,282360
2026-04-13T12:53:14.337,NF,BANKNIFTY28APR2655500PE,1100.8,1025.0,1564.3,1025.0,785.6,564000,1340.47,1100.45,30,1103.95,120,282360
2026-04-13T12:53:18.094,NF,BANKNIFTY28APR2655500PE,1103.05,1025.0,1564.3,1025.0,785.6,564090,1340.43,1100.05,30,1103.5,210,282360
2026-04-13T12:53:24.106,NF,BANKNIFTY28APR2655500PE,1102.75,1025.0,1564.3,1025.0,785.6,564120,1340.42,1099.85,60,1103.1,150,283230
2026-04-13T12:53:25.318,NF,BANKNIFTY28APR2655500PE,1103.0,1025.0,1564.3,1025.0,785.6,564150,1340.4,1099.2,60,1102.85,180,283230
2026-04-13T12:53:26.508,NF,BANKNIFTY28APR2655500PE,1103.65,1025.0,1564.3,1025.0,785.6,564480,1340.26,1100.65,30,1104.0,180,283230
2026-04-13T12:53:31.515,NF,BANKNIFTY28APR2655500PE,1103.2,1025.0,1564.3,1025.0,785.6,564570,1340.23,1099.85,150,1103.55,120,283230
2026-04-13T12:53:32.726,NF,BANKNIFTY28APR2655500PE,1106.75,1025.0,1564.3,1025.0,785.6,565470,1339.85,1100.65,150,1104.05,90,283230
2026-04-13T12:53:37.723,NF,BANKNIFTY28APR2655500PE,1102.35,1025.0,1564.3,1025.0,785.6,565500,1339.84,1100.0,30,1103.15,180,283230
2026-04-13T12:53:42.334,NF,BANKNIFTY28APR2655500PE,1100.0,1025.0,1564.3,1025.0,785.6,565560,1339.81,1097.0,30,1100.0,30,283230
2026-04-13T12:53:43.739,NF,BANKNIFTY28APR2655500PE,1103.1,1025.0,1564.3,1025.0,785.6,565650,1339.78,1099.35,30,1102.65,60,283230
2026-04-13T12:53:46.137,NF,BANKNIFTY28APR2655500PE,1102.15,1025.0,1564.3,1025.0,785.6,565710,1339.75,1100.7,30,1104.25,30,283230
2026-04-13T12:53:52.347,NF,BANKNIFTY28APR2655500PE,1104.6,1025.0,1564.3,1025.0,785.6,565740,1339.74,1102.15,60,1104.35,90,283230
2026-04-13T12:53:57.152,NF,BANKNIFTY28APR2655500PE,1100.4,1025.0,1564.3,1025.0,785.6,565860,1339.69,1100.55,60,1103.45,60,283230
2026-04-13T12:53:59.565,NF,BANKNIFTY28APR2655500PE,1098.8,1025.0,1564.3,1025.0,785.6,565890,1339.68,1099.8,120,1102.45,30,283230
2026-04-13T12:54:00.758,NF,BANKNIFTY28APR2655500PE,1102.05,1025.0,1564.3,1025.0,785.6,565920,1339.66,1102.0,30,1105.4,120,283230
2026-04-13T12:54:02.159,NF,BANKNIFTY28APR2655500PE,1105.3,1025.0,1564.3,1025.0,785.6,566040,1339.61,1103.55,120,1105.95,30,283230
2026-04-13T12:54:06.967,NF,BANKNIFTY28APR2655500PE,1106.7,1025.0,1564.3,1025.0,785.6,567690,1338.93,1106.7,120,1108.0,30,283230
2026-04-13T12:54:09.568,NF,BANKNIFTY28APR2655500PE,1109.4,1025.0,1564.3,1025.0,785.6,567750,1338.91,1106.05,30,1109.2,90,283230
2026-04-13T12:54:13.183,NF,BANKNIFTY28APR2655500PE,1105.4,1025.0,1564.3,1025.0,785.6,567810,1338.88,1102.6,30,1105.4,30,283230
2026-04-13T12:54:14.574,NF,BANKNIFTY28APR2655500PE,1104.7,1025.0,1564.3,1025.0,785.6,568110,1338.76,1101.85,120,1105.1,60,283230
2026-04-13T12:54:17.000,NF,BANKNIFTY28APR2655500PE,1102.1,1025.0,1564.3,1025.0,785.6,568140,1338.75,1102.1,120,1105.1,30,283230
2026-04-13T12:54:32.998,NF,BANKNIFTY28APR2655500PE,1109.8,1025.0,1564.3,1025.0,785.6,568890,1338.44,1103.75,300,1107.9,120,283230
2026-04-13T12:54:38.006,NF,BANKNIFTY28APR2655500PE,1112.8,1025.0,1564.3,1025.0,785.6,570240,1337.91,1112.85,30,1116.0,60,283230
2026-04-13T12:54:39.222,NF,BANKNIFTY28APR2655500PE,1113.0,1025.0,1564.3,1025.0,785.6,570480,1337.81,1112.65,30,1115.85,60,283230
2026-04-13T12:54:40.610,NF,BANKNIFTY28APR2655500PE,1111.7,1025.0,1564.3,1025.0,785.6,571200,1337.53,1111.2,90,1114.3,60,283230
2026-04-13T12:54:41.814,NF,BANKNIFTY28APR2655500PE,1113.25,1025.0,1564.3,1025.0,785.6,571230,1337.52,1110.3,60,1113.7,60,283230
2026-04-13T12:54:44.220,NF,BANKNIFTY28APR2655500PE,1113.75,1025.0,1564.3,1025.0,785.6,571290,1337.49,1111.0,30,1113.5,60,283230
2026-04-13T12:54:45.422,NF,BANKNIFTY28APR2655500PE,1113.9,1025.0,1564.3,1025.0,785.6,571770,1337.31,1111.0,30,1114.5,240,283230
2026-04-13T12:54:48.025,NF,BANKNIFTY28APR2655500PE,1113.0,1025.0,1564.3,1025.0,785.6,572010,1337.21,1110.0,300,1112.95,360,283230
2026-04-13T12:54:49.232,NF,BANKNIFTY28APR2655500PE,1112.6,1025.0,1564.3,1025.0,785.6,572100,1337.18,1110.3,30,1114.1,120,283230
2026-04-13T12:54:53.032,NF,BANKNIFTY28APR2655500PE,1113.0,1025.0,1564.3,1025.0,785.6,572130,1337.16,1112.5,30,1115.5,30,283230
2026-04-13T12:54:54.257,NF,BANKNIFTY28APR2655500PE,1112.3,1025.0,1564.3,1025.0,785.6,572190,1337.14,1112.45,30,1115.45,60,283230
2026-04-13T12:54:55.439,NF,BANKNIFTY28APR2655500PE,1115.45,1025.0,1564.3,1025.0,785.6,572220,1337.13,1113.55,300,1115.55,30,283230
2026-04-13T12:54:59.045,NF,BANKNIFTY28APR2655500PE,1116.3,1025.0,1564.3,1025.0,785.6,572280,1337.11,1114.85,120,1116.75,150,283230
2026-04-13T12:55:00.243,NF,BANKNIFTY28APR2655500PE,1116.75,1025.0,1564.3,1025.0,785.6,572370,1337.07,1114.85,60,1116.75,90,283230
2026-04-13T12:55:01.448,NF,BANKNIFTY28APR2655500PE,1116.35,1025.0,1564.3,1025.0,785.6,572490,1337.02,1114.7,30,1117.8,30,283230
2026-04-13T12:55:02.654,NF,BANKNIFTY28APR2655500PE,1116.3,1025.0,1564.3,1025.0,785.6,572520,1337.01,1113.9,30,1116.95,60,283230
2026-04-13T12:55:03.848,NF,BANKNIFTY28APR2655500PE,1116.3,1025.0,1564.3,1025.0,785.6,572550,1337.0,1113.55,300,1116.7,30,283230
2026-04-13T12:55:05.074,NF,BANKNIFTY28APR2655500PE,1115.45,1025.0,1564.3,1025.0,785.6,572580,1336.99,1115.8,30,1119.45,30,283230
2026-04-13T12:55:07.654,NF,BANKNIFTY28APR2655500PE,1116.75,1025.0,1564.3,1025.0,785.6,572790,1336.91,1113.95,60,1116.8,30,283230
2026-04-13T12:55:10.060,NF,BANKNIFTY28APR2655500PE,1116.55,1025.0,1564.3,1025.0,785.6,572910,1336.86,1114.1,60,1116.7,60,283230
2026-04-13T12:55:11.262,NF,BANKNIFTY28APR2655500PE,1114.35,1025.0,1564.3,1025.0,785.6,573540,1336.62,1112.05,30,1115.1,60,283230
2026-04-13T12:55:12.671,NF,BANKNIFTY28APR2655500PE,1115.75,1025.0,1564.3,1025.0,785.6,573570,1336.61,1113.4,60,1115.75,30,283230
2026-04-13T12:55:13.883,NF,BANKNIFTY28APR2655500PE,1117.2,1025.0,1564.3,1025.0,785.6,573690,1336.56,1113.95,60,1116.8,90,283230
2026-04-13T12:55:16.277,NF,BANKNIFTY28APR2655500PE,1116.7,1025.0,1564.3,1025.0,785.6,574110,1336.4,1113.95,60,1117.35,30,283230
2026-04-13T12:55:18.676,NF,BANKNIFTY28APR2655500PE,1117.2,1025.0,1564.3,1025.0,785.6,574230,1336.35,1115.3,60,1119.1,120,283230
2026-04-13T12:55:19.892,NF,BANKNIFTY28APR2655500PE,1119.2,1025.0,1564.3,1025.0,785.6,574290,1336.33,1117.15,60,1119.9,30,283230
2026-04-13T12:55:21.075,NF,BANKNIFTY28APR2655500PE,1119.9,1025.0,1564.3,1025.0,785.6,574380,1336.3,1118.05,150,1120.0,30,283230
2026-04-13T12:55:22.284,NF,BANKNIFTY28APR2655500PE,1118.05,1025.0,1564.3,1025.0,785.6,574740,1336.16,1118.65,60,1121.35,120,283230
2026-04-13T12:55:23.558,NF,BANKNIFTY28APR2655500PE,1120.0,1025.0,1564.3,1025.0,785.6,574830,1336.13,1118.95,60,1121.35,90,283230
2026-04-13T12:55:24.687,NF,BANKNIFTY28APR2655500PE,1120.0,1025.0,1564.3,1025.0,785.6,575250,1335.97,1116.35,60,1119.65,90,283230
2026-04-13T12:55:25.888,NF,BANKNIFTY28APR2655500PE,1118.1,1025.0,1564.3,1025.0,785.6,575700,1335.79,1114.7,30,1118.35,120,283230
2026-04-13T12:55:34.326,NF,BANKNIFTY28APR2655500PE,1112.8,1025.0,1564.3,1025.0,785.6,576300,1335.56,1112.55,30,1116.35,240,283230
2026-04-13T12:55:35.525,NF,BANKNIFTY28APR2655500PE,1116.25,1025.0,1564.3,1025.0,785.6,576330,1335.55,1113.35,120,1116.8,60,283230
2026-04-13T12:55:36.722,NF,BANKNIFTY28APR2655500PE,1111.0,1025.0,1564.3,1025.0,785.6,576360,1335.54,1108.05,30,1111.4,30,283230
2026-04-13T12:55:39.108,NF,BANKNIFTY28APR2655500PE,1111.4,1025.0,1564.3,1025.0,785.6,576390,1335.53,1110.0,120,1113.95,120,283230
2026-04-13T12:55:42.911,NF,BANKNIFTY28APR2655500PE,1112.0,1025.0,1564.3,1025.0,785.6,576420,1335.52,1112.1,120,1115.0,120,283230
2026-04-13T12:55:45.317,NF,BANKNIFTY28APR2655500PE,1115.0,1025.0,1564.3,1025.0,785.6,576600,1335.45,1113.7,90,1117.2,30,283230
2026-04-13T12:55:47.715,NF,BANKNIFTY28APR2655500PE,1113.4,1025.0,1564.3,1025.0,785.6,576690,1335.41,1113.85,120,1117.05,30,283230
2026-04-13T12:55:48.927,NF,BANKNIFTY28APR2655500PE,1113.0,1025.0,1564.3,1025.0,785.6,576810,1335.37,1112.1,30,1115.0,30,283230
2026-04-13T12:55:50.119,NF,BANKNIFTY28APR2655500PE,1114.8,1025.0,1564.3,1025.0,785.6,576840,1335.36,1111.5,90,1114.8,60,283230
2026-04-13T12:55:52.523,NF,BANKNIFTY28APR2655500PE,1112.9,1025.0,1564.3,1025.0,785.6,576870,1335.34,1110.1,270,1112.9,30,283230
2026-04-13T12:55:54.928,NF,BANKNIFTY28APR2655500PE,1111.0,1025.0,1564.3,1025.0,785.6,576900,1335.33,1110.05,60,1112.65,60,283230
2026-04-13T12:55:56.130,NF,BANKNIFTY28APR2655500PE,1113.85,1025.0,1564.3,1025.0,785.6,576930,1335.32,1110.75,30,1113.7,30,283230
2026-04-13T12:55:58.532,NF,BANKNIFTY28APR2655500PE,1113.0,1025.0,1564.3,1025.0,785.6,576990,1335.3,1110.2,90,1113.45,90,283230
2026-04-13T12:55:59.936,NF,BANKNIFTY28APR2655500PE,1110.0,1025.0,1564.3,1025.0,785.6,577170,1335.23,1106.85,90,1110.0,240,283230
2026-04-13T12:56:01.134,NF,BANKNIFTY28APR2655500PE,1107.0,1025.0,1564.3,1025.0,785.6,577200,1335.22,1105.0,300,1107.0,30,283230
2026-04-13T12:56:03.539,NF,BANKNIFTY28APR2655500PE,1107.75,1025.0,1564.3,1025.0,785.6,577920,1334.93,1104.55,30,1107.9,30,283230
2026-04-13T12:56:04.740,NF,BANKNIFTY28APR2655500PE,1110.0,1025.0,1564.3,1025.0,785.6,578130,1334.85,1108.15,30,1110.0,150,283230
2026-04-13T12:56:08.350,NF,BANKNIFTY28APR2655500PE,1107.45,1025.0,1564.3,1025.0,785.6,578160,1334.84,1107.35,120,1109.75,60,283230
2026-04-13T12:56:09.548,NF,BANKNIFTY28APR2655500PE,1109.75,1025.0,1564.3,1025.0,785.6,578190,1334.83,1106.8,30,1109.75,30,283230
2026-04-13T12:56:10.946,NF,BANKNIFTY28APR2655500PE,1107.4,1025.0,1564.3,1025.0,785.6,578250,1334.8,1108.0,90,1109.75,30,283230
2026-04-13T12:56:12.147,NF,BANKNIFTY28APR2655500PE,1110.0,1025.0,1564.3,1025.0,785.6,578460,1334.72,1110.55,60,1113.95,60,283230
2026-04-13T12:56:14.554,NF,BANKNIFTY28APR2655500PE,1113.95,1025.0,1564.3,1025.0,785.6,578520,1334.7,1113.3,30,1114.75,60,283230
2026-04-13T12:56:16.967,NF,BANKNIFTY28APR2655500PE,1114.35,1025.0,1564.3,1025.0,785.6,578550,1334.69,1111.35,120,1114.35,30,283230
2026-04-13T12:56:19.412,NF,BANKNIFTY28APR2655500PE,1114.7,1025.0,1564.3,1025.0,785.6,578610,1334.66,1114.0,60,1114.7,30,282570
2026-04-13T12:56:20.569,NF,BANKNIFTY28APR2655500PE,1114.7,1025.0,1564.3,1025.0,785.6,578640,1334.65,1114.7,30,1115.0,60,282570
2026-04-13T12:56:21.764,NF,BANKNIFTY28APR2655500PE,1118.75,1025.0,1564.3,1025.0,785.6,578730,1334.62,1116.15,120,1118.75,30,282570
2026-04-13T12:56:24.382,NF,BANKNIFTY28APR2655500PE,1121.15,1025.0,1564.3,1025.0,785.6,579330,1334.4,1116.75,30,1120.2,60,282570
2026-04-13T12:56:25.569,NF,BANKNIFTY28APR2655500PE,1116.8,1025.0,1564.3,1025.0,785.6,579480,1334.34,1117.05,60,1120.2,60,282570
2026-04-13T12:56:26.777,NF,BANKNIFTY28APR2655500PE,1119.75,1025.0,1564.3,1025.0,785.6,579540,1334.32,1117.35,30,1119.55,60,282570
2026-04-13T12:56:27.973,NF,BANKNIFTY28APR2655500PE,1121.85,1025.0,1564.3,1025.0,785.6,579930,1334.17,1119.95,30,1121.65,60,282570
2026-04-13T12:56:30.581,NF,BANKNIFTY28APR2655500PE,1119.05,1025.0,1564.3,1025.0,785.6,579960,1334.16,1120.6,120,1122.2,60,282570
2026-04-13T12:56:31.785,NF,BANKNIFTY28APR2655500PE,1122.65,1025.0,1564.3,1025.0,785.6,580200,1334.07,1122.65,30,1124.9,30,282570
2026-04-13T12:56:35.584,NF,BANKNIFTY28APR2655500PE,1119.0,1025.0,1564.3,1025.0,785.6,580500,1333.96,1117.35,120,1120.9,30,282570
2026-04-13T12:56:36.785,NF,BANKNIFTY28APR2655500PE,1120.6,1025.0,1564.3,1025.0,785.6,580650,1333.91,1117.4,60,1120.8,30,282570
2026-04-13T12:56:37.987,NF,BANKNIFTY28APR2655500PE,1120.8,1025.0,1564.3,1025.0,785.6,580680,1333.9,1118.25,90,1121.7,30,282570
2026-04-13T12:56:41.396,NF,BANKNIFTY28APR2655500PE,1118.35,1025.0,1564.3,1025.0,785.6,580800,1333.85,1117.95,150,1121.4,60,282570
2026-04-13T12:56:42.800,NF,BANKNIFTY28APR2655500PE,1121.85,1025.0,1564.3,1025.0,785.6,580860,1333.83,1119.2,30,1121.85,330,282570
2026-04-13T12:56:43.997,NF,BANKNIFTY28APR2655500PE,1125.0,1025.0,1564.3,1025.0,785.6,581250,1333.69,1126.4,120,1128.95,30,282570
2026-04-13T12:56:45.201,NF,BANKNIFTY28APR2655500PE,1132.75,1025.0,1564.3,1025.0,785.6,581520,1333.59,1129.0,30,1132.65,90,282570
2026-04-13T12:56:46.406,NF,BANKNIFTY28APR2655500PE,1132.7,1025.0,1564.3,1025.0,785.6,582360,1333.3,1128.9,30,1132.6,30,282570
2026-04-13T12:56:47.611,NF,BANKNIFTY28APR2655500PE,1134.45,1025.0,1564.3,1025.0,785.6,583770,1332.82,1130.4,30,1134.15,30,282570
2026-04-13T12:56:49.011,NF,BANKNIFTY28APR2655500PE,1134.65,1025.0,1564.3,1025.0,785.6,584790,1332.48,1130.85,30,1135.1,60,282570
2026-04-13T12:56:50.212,NF,BANKNIFTY28APR2655500PE,1134.7,1025.0,1564.3,1025.0,785.6,584820,1332.47,1130.8,30,1134.7,60,282570
2026-04-13T12:56:51.413,NF,BANKNIFTY28APR2655500PE,1134.8,1025.0,1564.3,1025.0,785.6,584880,1332.45,1130.15,30,1134.1,30,282570
2026-04-13T12:56:52.615,NF,BANKNIFTY28APR2655500PE,1130.05,1025.0,1564.3,1025.0,785.6,584940,1332.43,1129.9,120,1133.25,30,282570
2026-04-13T12:56:54.015,NF,BANKNIFTY28APR2655500PE,1132.5,1025.0,1564.3,1025.0,785.6,585090,1332.37,1130.55,180,1134.0,60,282570
2026-04-13T12:56:56.417,NF,BANKNIFTY28APR2655500PE,1134.8,1025.0,1564.3,1025.0,785.6,585180,1332.34,1130.7,30,1134.4,90,282570
2026-04-13T12:56:57.620,NF,BANKNIFTY28APR2655500PE,1132.5,1025.0,1564.3,1025.0,785.6,585300,1332.3,1131.15,60,1134.4,60,282570
2026-04-13T12:56:58.833,NF,BANKNIFTY28APR2655500PE,1138.8,1025.0,1564.3,1025.0,785.6,585780,1332.14,1139.15,30,1143.0,60,282570
2026-04-13T12:57:00.025,NF,BANKNIFTY28APR2655500PE,1143.0,1025.0,1564.3,1025.0,785.6,585810,1332.13,1138.1,60,1142.2,30,282570
2026-04-13T12:57:01.427,NF,BANKNIFTY28APR2655500PE,1142.95,1025.0,1564.3,1025.0,785.6,585960,1332.08,1139.25,120,1142.95,90,282570
2026-04-13T12:57:02.630,NF,BANKNIFTY28APR2655500PE,1139.3,1025.0,1564.3,1025.0,785.6,586050,1332.05,1143.65,120,1147.2,30,282570
2026-04-13T12:57:03.832,NF,BANKNIFTY28APR2655500PE,1147.25,1025.0,1564.3,1025.0,785.6,586200,1332.01,1145.9,90,1148.0,870,282570
2026-04-13T12:57:05.034,NF,BANKNIFTY28APR2655500PE,1145.5,1025.0,1564.3,1025.0,785.6,586230,1332.0,1146.25,90,1148.0,870,282570
2026-04-13T12:57:06.435,NF,BANKNIFTY28APR2655500PE,1151.0,1025.0,1564.3,1025.0,785.6,587370,1331.64,1151.9,30,1155.0,150,282570
2026-04-13T12:57:07.642,NF,BANKNIFTY28APR2655500PE,1153.45,1025.0,1564.3,1025.0,785.6,587850,1331.5,1153.2,150,1157.1,30,282570
2026-04-13T12:57:08.838,NF,BANKNIFTY28APR2655500PE,1149.95,1025.0,1564.3,1025.0,785.6,588000,1331.45,1149.6,60,1153.35,30,282570
2026-04-13T12:57:10.047,NF,BANKNIFTY28APR2655500PE,1155.0,1025.0,1564.3,1025.0,785.6,588180,1331.39,1154.55,30,1155.6,30,282570
2026-04-13T12:57:11.253,NF,BANKNIFTY28APR2655500PE,1155.05,1025.0,1564.3,1025.0,785.6,588240,1331.38,1155.3,30,1158.65,60,282570
2026-04-13T12:57:12.658,NF,BANKNIFTY28APR2655500PE,1153.25,1025.0,1564.3,1025.0,785.6,588300,1331.36,1153.75,30,1157.65,30,282570
2026-04-13T12:57:13.859,NF,BANKNIFTY28APR2655500PE,1155.0,1025.0,1564.3,1025.0,785.6,588390,1331.33,1154.3,120,1157.2,60,282570
2026-04-13T12:57:15.048,NF,BANKNIFTY28APR2655500PE,1156.75,1025.0,1564.3,1025.0,785.6,588570,1331.28,1155.4,150,1159.8,30,282570
2026-04-13T12:57:16.249,NF,BANKNIFTY28APR2655500PE,1161.4,1025.0,1564.3,1025.0,785.6,588720,1331.23,1156.7,150,1160.75,90,282570
2026-04-13T12:57:18.654,NF,BANKNIFTY28APR2655500PE,1157.95,1025.0,1564.3,1025.0,785.6,588870,1331.19,1154.4,120,1158.2,30,282570
2026-04-13T12:57:19.863,NF,BANKNIFTY28APR2655500PE,1160.6,1025.0,1564.3,1025.0,785.6,588990,1331.16,1158.0,120,1162.15,30,282570
2026-04-13T12:57:22.269,NF,BANKNIFTY28APR2655500PE,1156.75,1025.0,1564.3,1025.0,785.6,589980,1330.87,1156.85,90,1160.1,30,282570
2026-04-13T12:57:23.463,NF,BANKNIFTY28APR2655500PE,1151.3,1025.0,1564.3,1025.0,785.6,590430,1330.73,1148.1,90,1151.05,30,282570
2026-04-13T12:57:24.669,NF,BANKNIFTY28APR2655500PE,1156.25,1025.0,1564.3,1025.0,785.6,590610,1330.68,1152.5,90,1156.25,60,282570
2026-04-13T12:57:25.871,NF,BANKNIFTY28APR2655500PE,1151.5,1025.0,1564.3,1025.0,785.6,590670,1330.66,1151.7,30,1155.35,60,282570
2026-04-13T12:57:27.080,NF,BANKNIFTY28APR2655500PE,1152.0,1025.0,1564.3,1025.0,785.6,590880,1330.6,1152.15,90,1156.1,30,282570
2026-04-13T12:57:28.467,NF,BANKNIFTY28APR2655500PE,1153.05,1025.0,1564.3,1025.0,785.6,590970,1330.57,1151.95,120,1156.1,60,282570
2026-04-13T12:57:29.681,NF,BANKNIFTY28APR2655500PE,1156.55,1025.0,1564.3,1025.0,785.6,591030,1330.55,1151.55,150,1155.85,90,282570
2026-04-13T12:57:30.869,NF,BANKNIFTY28APR2655500PE,1156.65,1025.0,1564.3,1025.0,785.6,591060,1330.54,1152.85,150,1156.95,30,282570
2026-04-13T12:57:32.080,NF,BANKNIFTY28APR2655500PE,1152.3,1025.0,1564.3,1025.0,785.6,591090,1330.53,1152.45,120,1156.8,30,282570
2026-04-13T12:57:33.281,NF,BANKNIFTY28APR2655500PE,1153.25,1025.0,1564.3,1025.0,785.6,591120,1330.52,1152.4,210,1156.0,30,282570
2026-04-13T12:57:34.478,NF,BANKNIFTY28APR2655500PE,1156.0,1025.0,1564.3,1025.0,785.6,591180,1330.51,1153.25,120,1156.55,30,282570
2026-04-13T12:57:35.678,NF,BANKNIFTY28APR2655500PE,1156.65,1025.0,1564.3,1025.0,785.6,591240,1330.49,1153.7,120,1157.7,60,282570
2026-04-13T12:57:36.948,NF,BANKNIFTY28APR2655500PE,1152.95,1025.0,1564.3,1025.0,785.6,591570,1330.39,1153.15,150,1157.15,30,282570
2026-04-13T12:57:38.084,NF,BANKNIFTY28APR2655500PE,1158.25,1025.0,1564.3,1025.0,785.6,591600,1330.38,1152.45,60,1157.0,120,282570
2026-04-13T12:57:38.887,NF,BANKNIFTY28APR2655500PE,1152.75,1025.0,1564.3,1025.0,785.6,591840,1330.31,1151.0,30,1155.8,30,282570
2026-04-13T12:57:40.285,NF,BANKNIFTY28APR2655500PE,1152.95,1025.0,1564.3,1025.0,785.6,591900,1330.29,1149.6,60,1153.55,180,282570
2026-04-13T12:57:45.304,NF,BANKNIFTY28APR2655500PE,1155.0,1025.0,1564.3,1025.0,785.6,592020,1330.26,1150.7,120,1155.0,210,282570
2026-04-13T12:57:46.496,NF,BANKNIFTY28APR2655500PE,1154.35,1025.0,1564.3,1025.0,785.6,592080,1330.24,1150.0,30,1152.8,150,282570
2026-04-13T12:57:47.696,NF,BANKNIFTY28APR2655500PE,1153.25,1025.0,1564.3,1025.0,785.6,592200,1330.2,1150.0,30,1153.35,90,282570
2026-04-13T12:57:48.899,NF,BANKNIFTY28APR2655500PE,1147.25,1025.0,1564.3,1025.0,785.6,592260,1330.19,1145.0,300,1147.85,60,282570
2026-04-13T12:57:50.310,NF,BANKNIFTY28APR2655500PE,1142.4,1025.0,1564.3,1025.0,785.6,592830,1330.01,1139.0,60,1141.4,30,282570
2026-04-13T12:57:51.501,NF,BANKNIFTY28APR2655500PE,1136.65,1025.0,1564.3,1025.0,785.6,593130,1329.91,1140.95,60,1145.15,120,282570
2026-04-13T12:57:52.714,NF,BANKNIFTY28APR2655500PE,1137.4,1025.0,1564.3,1025.0,785.6,593520,1329.78,1137.15,60,1141.05,30,282570
2026-04-13T12:57:53.905,NF,BANKNIFTY28APR2655500PE,1136.9,1025.0,1564.3,1025.0,785.6,593610,1329.75,1135.85,60,1140.2,120,282570
2026-04-13T12:57:55.305,NF,BANKNIFTY28APR2655500PE,1135.2,1025.0,1564.3,1025.0,785.6,593640,1329.74,1137.9,120,1142.65,120,282570
2026-04-13T12:57:56.512,NF,BANKNIFTY28APR2655500PE,1142.55,1025.0,1564.3,1025.0,785.6,593790,1329.7,1142.25,120,1146.0,30,282570
2026-04-13T12:57:57.709,NF,BANKNIFTY28APR2655500PE,1138.7,1025.0,1564.3,1025.0,785.6,593970,1329.64,1139.85,90,1144.1,180,282570
2026-04-13T12:57:58.919,NF,BANKNIFTY28APR2655500PE,1136.95,1025.0,1564.3,1025.0,785.6,594060,1329.61,1139.6,30,1144.05,90,282570
2026-04-13T12:58:00.124,NF,BANKNIFTY28APR2655500PE,1135.05,1025.0,1564.3,1025.0,785.6,594120,1329.59,1134.15,30,1139.1,30,282570
2026-04-13T12:58:01.524,NF,BANKNIFTY28APR2655500PE,1133.95,1025.0,1564.3,1025.0,785.6,594210,1329.56,1131.7,60,1136.15,150,282570
2026-04-13T12:58:02.738,NF,BANKNIFTY28APR2655500PE,1137.15,1025.0,1564.3,1025.0,785.6,594270,1329.54,1132.55,120,1136.8,30,282570
2026-04-13T12:58:03.920,NF,BANKNIFTY28APR2655500PE,1136.75,1025.0,1564.3,1025.0,785.6,594330,1329.52,1132.6,60,1136.8,60,282570
2026-04-13T12:58:05.121,NF,BANKNIFTY28APR2655500PE,1133.25,1025.0,1564.3,1025.0,785.6,594390,1329.5,1131.75,120,1135.75,30,282570
2026-04-13T12:58:06.526,NF,BANKNIFTY28APR2655500PE,1131.5,1025.0,1564.3,1025.0,785.6,594420,1329.49,1132.35,90,1136.5,60,282570
2026-04-13T12:58:07.727,NF,BANKNIFTY28APR2655500PE,1131.4,1025.0,1564.3,1025.0,785.6,594450,1329.48,1131.7,30,1135.75,150,282570
2026-04-13T12:58:08.924,NF,BANKNIFTY28APR2655500PE,1128.5,1025.0,1564.3,1025.0,785.6,594570,1329.44,1127.3,30,1131.35,120,282570
2026-04-13T12:58:11.330,NF,BANKNIFTY28APR2655500PE,1132.0,1025.0,1564.3,1025.0,785.6,594690,1329.4,1129.2,30,1131.95,120,282570
2026-04-13T12:58:13.931,NF,BANKNIFTY28APR2655500PE,1131.05,1025.0,1564.3,1025.0,785.6,594720,1329.39,1129.35,60,1131.95,90,282570
2026-04-13T12:58:16.341,NF,BANKNIFTY28APR2655500PE,1127.8,1025.0,1564.3,1025.0,785.6,594810,1329.36,1128.05,30,1131.3,120,282570
2026-04-13T12:58:17.739,NF,BANKNIFTY28APR2655500PE,1130.8,1025.0,1564.3,1025.0,785.6,594840,1329.35,1129.15,150,1132.0,30,282570
2026-04-13T12:58:18.942,NF,BANKNIFTY28APR2655500PE,1126.25,1025.0,1564.3,1025.0,785.6,595140,1329.25,1127.35,30,1130.3,30,282570
2026-04-13T12:58:20.142,NF,BANKNIFTY28APR2655500PE,1128.9,1025.0,1564.3,1025.0,785.6,595470,1329.14,1127.9,30,1130.45,120,282570
2026-04-13T12:58:21.356,NF,BANKNIFTY28APR2655500PE,1131.05,1025.0,1564.3,1025.0,785.6,595530,1329.12,1128.5,60,1130.0,60,282570
2026-04-13T12:58:22.746,NF,BANKNIFTY28APR2655500PE,1126.55,1025.0,1564.3,1025.0,785.6,595710,1329.06,1125.4,30,1127.7,150,282570
2026-04-13T12:58:28.963,NF,BANKNIFTY28APR2655500PE,1127.6,1025.0,1564.3,1025.0,785.6,595740,1329.05,1126.55,30,1128.8,120,282570
2026-04-13T12:58:30.169,NF,BANKNIFTY28APR2655500PE,1126.55,1025.0,1564.3,1025.0,785.6,595830,1329.02,1125.7,30,1129.5,30,282570
2026-04-13T12:58:31.364,NF,BANKNIFTY28APR2655500PE,1127.35,1025.0,1564.3,1025.0,785.6,595860,1329.01,1127.3,30,1130.7,30,282570
2026-04-13T12:58:35.168,NF,BANKNIFTY28APR2655500PE,1126.55,1025.0,1564.3,1025.0,785.6,596250,1328.87,1126.55,60,1128.55,120,282570
2026-04-13T12:58:38.978,NF,BANKNIFTY28APR2655500PE,1126.6,1025.0,1564.3,1025.0,785.6,596280,1328.86,1126.55,60,1129.1,240,282570
2026-04-13T12:58:40.187,NF,BANKNIFTY28APR2655500PE,1126.55,1025.0,1564.3,1025.0,785.6,596310,1328.85,1126.55,30,1128.85,90,282570
2026-04-13T12:58:41.384,NF,BANKNIFTY28APR2655500PE,1129.25,1025.0,1564.3,1025.0,785.6,596340,1328.84,1126.55,30,1128.45,30,282570
2026-04-13T12:58:42.583,NF,BANKNIFTY28APR2655500PE,1126.55,1025.0,1564.3,1025.0,785.6,596370,1328.83,1126.1,30,1129.1,30,282570
2026-04-13T12:58:43.987,NF,BANKNIFTY28APR2655500PE,1129.85,1025.0,1564.3,1025.0,785.6,596520,1328.78,1126.75,60,1129.6,30,282570
2026-04-13T12:58:47.601,NF,BANKNIFTY28APR2655500PE,1130.0,1025.0,1564.3,1025.0,785.6,597420,1328.48,1130.0,30,1132.05,30,282570
2026-04-13T12:58:51.399,NF,BANKNIFTY28APR2655500PE,1133.85,1025.0,1564.3,1025.0,785.6,597600,1328.42,1131.2,60,1135.25,120,282570
2026-04-13T12:58:52.614,NF,BANKNIFTY28APR2655500PE,1138.3,1025.0,1564.3,1025.0,785.6,597930,1328.32,1135.3,30,1138.3,120,282570
2026-04-13T12:58:55.206,NF,BANKNIFTY28APR2655500PE,1136.15,1025.0,1564.3,1025.0,785.6,597960,1328.31,1134.95,90,1138.0,30,282570
2026-04-13T12:58:57.626,NF,BANKNIFTY28APR2655500PE,1138.0,1025.0,1564.3,1025.0,785.6,597990,1328.3,1133.3,30,1137.7,120,282570
2026-04-13T12:58:59.025,NF,BANKNIFTY28APR2655500PE,1135.65,1025.0,1564.3,1025.0,785.6,598020,1328.29,1132.35,30,1135.9,150,282570
2026-04-13T12:59:01.425,NF,BANKNIFTY28APR2655500PE,1137.0,1025.0,1564.3,1025.0,785.6,598050,1328.28,1134.9,30,1138.15,90,282570
2026-04-13T12:59:06.423,NF,BANKNIFTY28APR2655500PE,1141.85,1025.0,1564.3,1025.0,785.6,598080,1328.27,1137.95,90,1141.75,30,282570
2026-04-13T12:59:07.634,NF,BANKNIFTY28APR2655500PE,1137.0,1025.0,1564.3,1025.0,785.6,598230,1328.22,1137.6,30,1141.15,60,282570
2026-04-13T12:59:11.433,NF,BANKNIFTY28APR2655500PE,1137.05,1025.0,1564.3,1025.0,785.6,598260,1328.21,1137.7,30,1141.55,60,282570
2026-04-13T12:59:14.067,NF,BANKNIFTY28APR2655500PE,1135.0,1025.0,1564.3,1025.0,785.6,600090,1327.63,1133.1,90,1137.15,60,282570
2026-04-13T12:59:16.450,NF,BANKNIFTY28APR2655500PE,1136.05,1025.0,1564.3,1025.0,785.6,600150,1327.61,1132.5,120,1135.9,30,282570
2026-04-13T12:59:17.648,NF,BANKNIFTY28APR2655500PE,1135.75,1025.0,1564.3,1025.0,785.6,600210,1327.59,1132.75,30,1136.6,120,282570
2026-04-13T12:59:19.041,NF,BANKNIFTY28APR2655500PE,1131.5,1025.0,1564.3,1025.0,785.6,600570,1327.47,1132.9,60,1136.8,30,282570
2026-04-13T12:59:20.266,NF,BANKNIFTY28APR2655500PE,1137.05,1025.0,1564.3,1025.0,785.6,600600,1327.46,1134.05,60,1137.5,30,283290
2026-04-13T12:59:27.661,NF,BANKNIFTY28APR2655500PE,1135.4,1025.0,1564.3,1025.0,785.6,600630,1327.45,1134.5,30,1138.4,150,283290
2026-04-13T12:59:31.468,NF,BANKNIFTY28APR2655500PE,1137.5,1025.0,1564.3,1025.0,785.6,600660,1327.44,1132.7,150,1136.85,120,283290
2026-04-13T12:59:33.870,NF,BANKNIFTY28APR2655500PE,1137.1,1025.0,1564.3,1025.0,785.6,600690,1327.43,1133.35,30,1136.95,120,283290
2026-04-13T12:59:40.275,NF,BANKNIFTY28APR2655500PE,1138.1,1025.0,1564.3,1025.0,785.6,600720,1327.42,1131.05,60,1134.8,180,283290
2026-04-13T12:59:42.680,NF,BANKNIFTY28APR2655500PE,1134.75,1025.0,1564.3,1025.0,785.6,600750,1327.41,1135.0,30,1137.25,30,283290
2026-04-13T12:59:43.891,NF,BANKNIFTY28APR2655500PE,1137.05,1025.0,1564.3,1025.0,785.6,600780,1327.41,1134.8,30,1139.0,120,283290
2026-04-13T12:59:46.294,NF,BANKNIFTY28APR2655500PE,1135.5,1025.0,1564.3,1025.0,785.6,600840,1327.39,1132.05,30,1136.5,150,283290
2026-04-13T12:59:47.705,NF,BANKNIFTY28APR2655500PE,1135.65,1025.0,1564.3,1025.0,785.6,601050,1327.32,1132.05,60,1135.0,90,283290
2026-04-13T12:59:50.100,NF,BANKNIFTY28APR2655500PE,1132.15,1025.0,1564.3,1025.0,785.6,601080,1327.31,1131.85,30,1135.4,150,283290
2026-04-13T12:59:51.297,NF,BANKNIFTY28APR2655500PE,1133.5,1025.0,1564.3,1025.0,785.6,601290,1327.24,1132.85,30,1136.65,30,283290
2026-04-13T12:59:52.496,NF,BANKNIFTY28APR2655500PE,1137.0,1025.0,1564.3,1025.0,785.6,601350,1327.22,1134.15,30,1137.0,60,283290
2026-04-13T12:59:53.699,NF,BANKNIFTY28APR2655500PE,1139.0,1025.0,1564.3,1025.0,785.6,601650,1327.13,1135.05,90,1138.75,60,283290
2026-04-13T12:59:54.909,NF,BANKNIFTY28APR2655500PE,1138.95,1025.0,1564.3,1025.0,785.6,601740,1327.1,1135.4,30,1139.2,60,283290
2026-04-13T12:59:57.507,NF,BANKNIFTY28APR2655500PE,1140.15,1025.0,1564.3,1025.0,785.6,601770,1327.09,1137.35,60,1141.0,300,283290
2026-04-13T12:59:59.905,NF,BANKNIFTY28APR2655500PE,1145.15,1025.0,1564.3,1025.0,785.6,602190,1326.96,1140.75,120,1144.6,30,283290
2026-04-13T13:00:01.112,NF,BANKNIFTY28APR2655500PE,1148.15,1025.0,1564.3,1025.0,785.6,602490,1326.87,1145.4,30,1148.75,30,283290
2026-04-13T13:00:04.716,NF,BANKNIFTY28APR2655500PE,1145.5,1025.0,1564.3,1025.0,785.6,602520,1326.86,1144.5,180,1148.55,60,283290
2026-04-13T13:00:07.141,NF,BANKNIFTY28APR2655500PE,1143.45,1025.0,1564.3,1025.0,785.6,602580,1326.84,1143.65,120,1147.45,60,283290
2026-04-13T13:00:08.322,NF,BANKNIFTY28APR2655500PE,1144.55,1025.0,1564.3,1025.0,785.6,602610,1326.83,1144.55,30,1148.2,150,283290
2026-04-13T13:00:09.541,NF,BANKNIFTY28APR2655500PE,1142.1,1025.0,1564.3,1025.0,785.6,602700,1326.81,1143.4,60,1146.2,90,283290
2026-04-13T13:00:11.928,NF,BANKNIFTY28APR2655500PE,1147.0,1025.0,1564.3,1025.0,785.6,602880,1326.75,1144.5,90,1147.65,150,283290
2026-04-13T13:00:13.338,NF,BANKNIFTY28APR2655500PE,1142.2,1025.0,1564.3,1025.0,785.6,603060,1326.7,1143.2,60,1146.35,30,283290
2026-04-13T13:00:14.531,NF,BANKNIFTY28APR2655500PE,1143.85,1025.0,1564.3,1025.0,785.6,603120,1326.68,1144.15,60,1147.65,150,283290
2026-04-13T13:00:15.732,NF,BANKNIFTY28APR2655500PE,1146.15,1025.0,1564.3,1025.0,785.6,603180,1326.66,1147.45,60,1150.85,90,283290
2026-04-13T13:00:16.937,NF,BANKNIFTY28APR2655500PE,1147.0,1025.0,1564.3,1025.0,785.6,603210,1326.65,1147.35,60,1149.8,60,283290
2026-04-13T13:00:18.138,NF,BANKNIFTY28APR2655500PE,1147.15,1025.0,1564.3,1025.0,785.6,603240,1326.64,1147.0,90,1149.65,60,283290
2026-04-13T13:00:19.354,NF,BANKNIFTY28APR2655500PE,1147.5,1025.0,1564.3,1025.0,785.6,603270,1326.64,1147.95,60,1149.4,30,283290
2026-04-13T13:00:21.549,NF,BANKNIFTY28APR2655500PE,1150.85,1025.0,1564.3,1025.0,785.6,603420,1326.59,1147.2,90,1151.2,420,283290
2026-04-13T13:00:22.745,NF,BANKNIFTY28APR2655500PE,1147.05,1025.0,1564.3,1025.0,785.6,603600,1326.54,1147.1,60,1150.8,150,283290
2026-04-13T13:00:23.964,NF,BANKNIFTY28APR2655500PE,1147.25,1025.0,1564.3,1025.0,785.6,603750,1326.49,1147.3,90,1151.1,90,283290
2026-04-13T13:00:25.150,NF,BANKNIFTY28APR2655500PE,1147.4,1025.0,1564.3,1025.0,785.6,603810,1326.48,1147.15,270,1151.15,60,283290
2026-04-13T13:00:27.757,NF,BANKNIFTY28APR2655500PE,1149.5,1025.0,1564.3,1025.0,785.6,604050,1326.41,1148.9,60,1153.1,150,283290
2026-04-13T13:00:31.352,NF,BANKNIFTY28APR2655500PE,1147.95,1025.0,1564.3,1025.0,785.6,604320,1326.33,1147.5,90,1151.1,30,283290
2026-04-13T13:00:32.556,NF,BANKNIFTY28APR2655500PE,1147.9,1025.0,1564.3,1025.0,785.6,604800,1326.19,1150.05,30,1154.0,120,283290
2026-04-13T13:00:33.758,NF,BANKNIFTY28APR2655500PE,1150.0,1025.0,1564.3,1025.0,785.6,604950,1326.14,1149.1,120,1153.6,120,283290
2026-04-13T13:00:34.967,NF,BANKNIFTY28APR2655500PE,1149.5,1025.0,1564.3,1025.0,785.6,605010,1326.12,1148.55,60,1152.85,180,283290
2026-04-13T13:00:36.163,NF,BANKNIFTY28APR2655500PE,1152.65,1025.0,1564.3,1025.0,785.6,605040,1326.12,1148.75,30,1152.6,150,283290
2026-04-13T13:00:37.373,NF,BANKNIFTY28APR2655500PE,1147.5,1025.0,1564.3,1025.0,785.6,605250,1326.05,1147.25,30,1149.35,30,283290
2026-04-13T13:00:38.576,NF,BANKNIFTY28APR2655500PE,1147.2,1025.0,1564.3,1025.0,785.6,605340,1326.03,1147.15,330,1150.5,30,283290
2026-04-13T13:00:40.971,NF,BANKNIFTY28APR2655500PE,1148.8,1025.0,1564.3,1025.0,785.6,605400,1326.01,1148.65,60,1152.65,30,283290
2026-04-13T13:00:42.172,NF,BANKNIFTY28APR2655500PE,1147.2,1025.0,1564.3,1025.0,785.6,605550,1325.97,1147.4,90,1151.3,30,283290
2026-04-13T13:00:43.372,NF,BANKNIFTY28APR2655500PE,1149.45,1025.0,1564.3,1025.0,785.6,605640,1325.94,1149.2,120,1153.25,120,283290
2026-04-13T13:00:44.574,NF,BANKNIFTY28APR2655500PE,1149.3,1025.0,1564.3,1025.0,785.6,605730,1325.91,1149.5,90,1153.5,30,283290
2026-04-13T13:00:45.783,NF,BANKNIFTY28APR2655500PE,1153.6,1025.0,1564.3,1025.0,785.6,605820,1325.89,1150.1,60,1153.95,30,283290
2026-04-13T13:00:46.979,NF,BANKNIFTY28APR2655500PE,1148.65,1025.0,1564.3,1025.0,785.6,605880,1325.87,1149.2,90,1153.3,210,283290
2026-04-13T13:00:48.389,NF,BANKNIFTY28APR2655500PE,1147.15,1025.0,1564.3,1025.0,785.6,606180,1325.78,1143.55,60,1147.6,120,283290
2026-04-13T13:00:49.583,NF,BANKNIFTY28APR2655500PE,1145.55,1025.0,1564.3,1025.0,785.6,606300,1325.75,1141.6,120,1146.1,30,283290
2026-04-13T13:00:50.799,NF,BANKNIFTY28APR2655500PE,1144.35,1025.0,1564.3,1025.0,785.6,606360,1325.73,1140.2,30,1144.5,60,283290
2026-04-13T13:00:52.009,NF,BANKNIFTY28APR2655500PE,1139.5,1025.0,1564.3,1025.0,785.6,606510,1325.68,1139.35,60,1143.35,180,283290
2026-04-13T13:00:53.385,NF,BANKNIFTY28APR2655500PE,1139.4,1025.0,1564.3,1025.0,785.6,606570,1325.66,1139.0,30,1142.95,30,283290
2026-04-13T13:00:54.592,NF,BANKNIFTY28APR2655500PE,1143.35,1025.0,1564.3,1025.0,785.6,606660,1325.64,1140.6,30,1144.35,30,283290
2026-04-13T13:00:57.010,NF,BANKNIFTY28APR2655500PE,1143.45,1025.0,1564.3,1025.0,785.6,606720,1325.62,1138.95,30,1141.75,120,283290
2026-04-13T13:00:58.201,NF,BANKNIFTY28APR2655500PE,1138.95,1025.0,1564.3,1025.0,785.6,606750,1325.61,1138.0,60,1141.35,60,283290
2026-04-13T13:00:59.598,NF,BANKNIFTY28APR2655500PE,1137.7,1025.0,1564.3,1025.0,785.6,607110,1325.5,1135.65,30,1139.5,150,283290
2026-04-13T13:01:00.803,NF,BANKNIFTY28APR2655500PE,1135.0,1025.0,1564.3,1025.0,785.6,607200,1325.47,1135.0,240,1137.6,30,283290
2026-04-13T13:01:02.009,NF,BANKNIFTY28APR2655500PE,1135.0,1025.0,1564.3,1025.0,785.6,607440,1325.39,1134.15,90,1138.35,90,283290
2026-04-13T13:01:03.204,NF,BANKNIFTY28APR2655500PE,1142.7,1025.0,1564.3,1025.0,785.6,607470,1325.39,1140.15,120,1143.15,60,283290
2026-04-13T13:01:04.600,NF,BANKNIFTY28APR2655500PE,1138.55,1025.0,1564.3,1025.0,785.6,607530,1325.37,1138.3,120,1142.2,30,283290
2026-04-13T13:01:05.806,NF,BANKNIFTY28APR2655500PE,1137.55,1025.0,1564.3,1025.0,785.6,607560,1325.36,1135.65,120,1139.95,30,283290
2026-04-13T13:01:08.231,NF,BANKNIFTY28APR2655500PE,1136.7,1025.0,1564.3,1025.0,785.6,607710,1325.31,1135.95,90,1139.75,30,283290
2026-04-13T13:01:12.012,NF,BANKNIFTY28APR2655500PE,1144.3,1025.0,1564.3,1025.0,785.6,608010,1325.22,1137.5,30,1141.8,150,283290
2026-04-13T13:01:13.217,NF,BANKNIFTY28APR2655500PE,1137.5,1025.0,1564.3,1025.0,785.6,608100,1325.19,1137.7,120,1141.65,30,283290
2026-04-13T13:01:19.440,NF,BANKNIFTY28APR2655500PE,1137.5,1025.0,1564.3,1025.0,785.6,608160,1325.18,1137.25,240,1141.65,120,283290
2026-04-13T13:01:20.828,NF,BANKNIFTY28APR2655500PE,1140.25,1025.0,1564.3,1025.0,785.6,608310,1325.13,1136.4,240,1140.65,30,283290
2026-04-13T13:01:25.648,NF,BANKNIFTY28APR2655500PE,1135.6,1025.0,1564.3,1025.0,785.6,608340,1325.12,1132.1,150,1136.3,60,283290
2026-04-13T13:01:27.034,NF,BANKNIFTY28APR2655500PE,1135.0,1025.0,1564.3,1025.0,785.6,608370,1325.11,1131.05,120,1135.3,30,283290
2026-04-13T13:01:28.298,NF,BANKNIFTY28APR2655500PE,1136.05,1025.0,1564.3,1025.0,785.6,608400,1325.1,1132.1,300,1136.35,90,283290
2026-04-13T13:01:35.679,NF,BANKNIFTY28APR2655500PE,1134.85,1025.0,1564.3,1025.0,785.6,608430,1325.09,1130.2,150,1134.6,180,283290
2026-04-13T13:01:39.283,NF,BANKNIFTY28APR2655500PE,1139.6,1025.0,1564.3,1025.0,785.6,608670,1325.02,1135.25,120,1139.6,90,283290
2026-04-13T13:01:43.062,NF,BANKNIFTY28APR2655500PE,1135.45,1025.0,1564.3,1025.0,785.6,608700,1325.01,1135.4,30,1139.6,120,283290
2026-04-13T13:01:59.287,NF,BANKNIFTY28APR2655500PE,1135.15,1025.0,1564.3,1025.0,785.6,610350,1324.5,1134.2,120,1138.3,150,283290
2026-04-13T13:02:00.502,NF,BANKNIFTY28APR2655500PE,1137.75,1025.0,1564.3,1025.0,785.6,610410,1324.48,1134.1,60,1138.0,150,283290
2026-04-13T13:02:01.738,NF,BANKNIFTY28APR2655500PE,1135.45,1025.0,1564.3,1025.0,785.6,610440,1324.47,1134.35,60,1138.4,90,283290
2026-04-13T13:02:06.718,NF,BANKNIFTY28APR2655500PE,1135.05,1025.0,1564.3,1025.0,785.6,610530,1324.44,1135.05,120,1138.45,180,283290
2026-04-13T13:02:07.918,NF,BANKNIFTY28APR2655500PE,1135.0,1025.0,1564.3,1025.0,785.6,610560,1324.43,1133.55,30,1137.4,150,283290
2026-04-13T13:02:10.352,NF,BANKNIFTY28APR2655500PE,1136.4,1025.0,1564.3,1025.0,785.6,611280,1324.21,1133.65,150,1137.7,60,283290
2026-04-13T13:02:11.521,NF,BANKNIFTY28APR2655500PE,1137.65,1025.0,1564.3,1025.0,785.6,611310,1324.2,1133.75,30,1137.55,210,283290
2026-04-13T13:02:12.927,NF,BANKNIFTY28APR2655500PE,1137.5,1025.0,1564.3,1025.0,785.6,611370,1324.18,1135.85,120,1140.1,120,283290
2026-04-13T13:02:14.115,NF,BANKNIFTY28APR2655500PE,1139.5,1025.0,1564.3,1025.0,785.6,611400,1324.17,1136.85,30,1140.2,120,283290
2026-04-13T13:02:16.550,NF,BANKNIFTY28APR2655500PE,1139.0,1025.0,1564.3,1025.0,785.6,611430,1324.17,1136.1,120,1139.8,120,283290
2026-04-13T13:02:18.964,NF,BANKNIFTY28APR2655500PE,1135.1,1025.0,1564.3,1025.0,785.6,611610,1324.11,1135.25,150,1139.35,60,283290
2026-04-13T13:02:23.966,NF,BANKNIFTY28APR2655500PE,1141.0,1025.0,1564.3,1025.0,785.6,611640,1324.1,1138.7,60,1144.0,60,282480
2026-04-13T13:02:28.947,NF,BANKNIFTY28APR2655500PE,1144.1,1025.0,1564.3,1025.0,785.6,611670,1324.09,1143.4,120,1147.25,60,282480
2026-04-13T13:02:31.552,NF,BANKNIFTY28APR2655500PE,1147.15,1025.0,1564.3,1025.0,785.6,611730,1324.08,1145.0,60,1147.2,90,282480
2026-04-13T13:02:35.165,NF,BANKNIFTY28APR2655500PE,1149.0,1025.0,1564.3,1025.0,785.6,611790,1324.06,1145.85,30,1149.0,300,282480
2026-04-13T13:02:41.369,NF,BANKNIFTY28APR2655500PE,1149.0,1025.0,1564.3,1025.0,785.6,612060,1323.98,1147.55,30,1149.5,60,282480
2026-04-13T13:02:42.584,NF,BANKNIFTY28APR2655500PE,1155.0,1025.0,1564.3,1025.0,785.6,612570,1323.84,1153.0,30,1156.5,90,282480
2026-04-13T13:02:43.986,NF,BANKNIFTY28APR2655500PE,1157.4,1025.0,1564.3,1025.0,785.6,612930,1323.74,1154.35,60,1158.05,90,282480
2026-04-13T13:02:45.168,NF,BANKNIFTY28APR2655500PE,1155.15,1025.0,1564.3,1025.0,785.6,612960,1323.73,1155.05,30,1158.6,210,282480
2026-04-13T13:02:47.575,NF,BANKNIFTY28APR2655500PE,1157.1,1025.0,1564.3,1025.0,785.6,613020,1323.71,1155.15,30,1158.1,270,282480
2026-04-13T13:02:48.790,NF,BANKNIFTY28APR2655500PE,1155.15,1025.0,1564.3,1025.0,785.6,613080,1323.7,1155.15,30,1158.2,120,282480
2026-04-13T13:02:49.976,NF,BANKNIFTY28APR2655500PE,1157.65,1025.0,1564.3,1025.0,785.6,613110,1323.69,1152.35,60,1156.25,60,282480
2026-04-13T13:02:51.180,NF,BANKNIFTY28APR2655500PE,1152.35,1025.0,1564.3,1025.0,785.6,613140,1323.68,1151.35,90,1155.05,120,282480
2026-04-13T13:02:52.591,NF,BANKNIFTY28APR2655500PE,1153.3,1025.0,1564.3,1025.0,785.6,613230,1323.66,1153.2,30,1157.55,120,282480
2026-04-13T13:02:53.794,NF,BANKNIFTY28APR2655500PE,1153.3,1025.0,1564.3,1025.0,785.6,613260,1323.65,1153.1,120,1157.35,120,282480
2026-04-13T13:02:56.204,NF,BANKNIFTY28APR2655500PE,1157.2,1025.0,1564.3,1025.0,785.6,613500,1323.58,1155.25,30,1158.75,30,282480
2026-04-13T13:02:57.442,NF,BANKNIFTY28APR2655500PE,1155.4,1025.0,1564.3,1025.0,785.6,613560,1323.57,1154.9,90,1158.6,30,282480
2026-04-13T13:02:59.797,NF,BANKNIFTY28APR2655500PE,1159.0,1025.0,1564.3,1025.0,785.6,613740,1323.52,1159.35,30,1164.0,90,282480
2026-04-13T13:03:01.213,NF,BANKNIFTY28APR2655500PE,1160.7,1025.0,1564.3,1025.0,785.6,613770,1323.51,1160.85,60,1165.2,120,282480
2026-04-13T13:03:02.399,NF,BANKNIFTY28APR2655500PE,1165.2,1025.0,1564.3,1025.0,785.6,614310,1323.37,1161.25,30,1165.35,330,282480
2026-04-13T13:03:03.613,NF,BANKNIFTY28APR2655500PE,1161.55,1025.0,1564.3,1025.0,785.6,614400,1323.35,1161.65,30,1165.5,90,282480
2026-04-13T13:03:06.199,NF,BANKNIFTY28APR2655500PE,1161.3,1025.0,1564.3,1025.0,785.6,614700,1323.27,1162.05,90,1165.95,60,282480
2026-04-13T13:03:07.405,NF,BANKNIFTY28APR2655500PE,1165.05,1025.0,1564.3,1025.0,785.6,614760,1323.25,1162.7,120,1165.0,30,282480
2026-04-13T13:03:08.619,NF,BANKNIFTY28APR2655500PE,1165.0,1025.0,1564.3,1025.0,785.6,614880,1323.22,1164.45,30,1167.0,30,282480
2026-04-13T13:03:09.837,NF,BANKNIFTY28APR2655500PE,1173.6,1025.0,1564.3,1025.0,785.6,615330,1323.11,1169.95,30,1173.6,750,282480
2026-04-13T13:03:11.018,NF,BANKNIFTY28APR2655500PE,1178.05,1025.0,1564.3,1025.0,785.6,615450,1323.08,1173.85,30,1177.85,150,282480
2026-04-13T13:03:12.224,NF,BANKNIFTY28APR2655500PE,1176.0,1025.0,1564.3,1025.0,785.6,615660,1323.03,1173.65,30,1176.2,120,282480
2026-04-13T13:03:13.621,NF,BANKNIFTY28APR2655500PE,1172.95,1025.0,1564.3,1025.0,785.6,615780,1323.0,1173.1,30,1177.2,30,282480
2026-04-13T13:03:14.819,NF,BANKNIFTY28APR2655500PE,1173.4,1025.0,1564.3,1025.0,785.6,615900,1322.97,1172.65,60,1176.35,150,282480
2026-04-13T13:03:16.065,NF,BANKNIFTY28APR2655500PE,1177.05,1025.0,1564.3,1025.0,785.6,616050,1322.93,1172.0,120,1176.4,30,282480
2026-04-13T13:03:17.215,NF,BANKNIFTY28APR2655500PE,1172.85,1025.0,1564.3,1025.0,785.6,616140,1322.91,1173.7,120,1177.85,30,282480
2026-04-13T13:03:19.634,NF,BANKNIFTY28APR2655500PE,1175.05,1025.0,1564.3,1025.0,785.6,616200,1322.9,1170.0,30,1173.05,120,282480
2026-04-13T13:03:20.848,NF,BANKNIFTY28APR2655500PE,1173.65,1025.0,1564.3,1025.0,785.6,616290,1322.88,1167.95,120,1172.3,30,282480
2026-04-13T13:03:22.023,NF,BANKNIFTY28APR2655500PE,1174.4,1025.0,1564.3,1025.0,785.6,616350,1322.86,1171.45,120,1175.8,30,282480
2026-04-13T13:03:23.227,NF,BANKNIFTY28APR2655500PE,1175.05,1025.0,1564.3,1025.0,785.6,616470,1322.83,1171.95,120,1175.95,30,282480
2026-04-13T13:03:24.443,NF,BANKNIFTY28APR2655500PE,1175.75,1025.0,1564.3,1025.0,785.6,616620,1322.8,1172.7,150,1176.0,30,282480
2026-04-13T13:03:26.828,NF,BANKNIFTY28APR2655500PE,1176.0,1025.0,1564.3,1025.0,785.6,616890,1322.73,1174.8,30,1178.7,90,282480
2026-04-13T13:03:29.244,NF,BANKNIFTY28APR2655500PE,1175.0,1025.0,1564.3,1025.0,785.6,616920,1322.72,1175.05,120,1178.0,30,282480
2026-04-13T13:03:31.672,NF,BANKNIFTY28APR2655500PE,1173.45,1025.0,1564.3,1025.0,785.6,616980,1322.71,1173.35,90,1177.35,60,282480
2026-04-13T13:03:32.856,NF,BANKNIFTY28APR2655500PE,1174.85,1025.0,1564.3,1025.0,785.6,617280,1322.64,1172.95,180,1174.95,60,282480
2026-04-13T13:03:34.081,NF,BANKNIFTY28APR2655500PE,1172.95,1025.0,1564.3,1025.0,785.6,617520,1322.58,1173.05,240,1174.95,60,282480
2026-04-13T13:03:35.285,NF,BANKNIFTY28APR2655500PE,1174.0,1025.0,1564.3,1025.0,785.6,617670,1322.54,1174.2,180,1178.0,30,282480
2026-04-13T13:03:36.451,NF,BANKNIFTY28APR2655500PE,1174.45,1025.0,1564.3,1025.0,785.6,617760,1322.52,1175.0,90,1178.0,30,282480
2026-04-13T13:03:37.455,NF,BANKNIFTY28APR2655500PE,1174.8,1025.0,1564.3,1025.0,785.6,617820,1322.51,1175.1,60,1178.0,30,282480
2026-04-13T13:03:39.884,NF,BANKNIFTY28APR2655500PE,1176.75,1025.0,1564.3,1025.0,785.6,617970,1322.47,1176.5,210,1180.0,480,282480
2026-04-13T13:03:41.077,NF,BANKNIFTY28APR2655500PE,1174.75,1025.0,1564.3,1025.0,785.6,618030,1322.46,1176.75,180,1180.0,480,282480
2026-04-13T13:03:42.461,NF,BANKNIFTY28APR2655500PE,1176.9,1025.0,1564.3,1025.0,785.6,618390,1322.37,1175.0,120,1178.55,30,282480
2026-04-13T13:03:43.655,NF,BANKNIFTY28APR2655500PE,1174.8,1025.0,1564.3,1025.0,785.6,618420,1322.37,1175.8,90,1179.95,150,282480
2026-04-13T13:03:44.856,NF,BANKNIFTY28APR2655500PE,1175.95,1025.0,1564.3,1025.0,785.6,618480,1322.35,1175.3,90,1179.2,60,282480
2026-04-13T13:03:46.080,NF,BANKNIFTY28APR2655500PE,1175.35,1025.0,1564.3,1025.0,785.6,618510,1322.35,1175.2,60,1178.8,90,282480
2026-04-13T13:03:47.472,NF,BANKNIFTY28APR2655500PE,1175.35,1025.0,1564.3,1025.0,785.6,618660,1322.31,1175.65,120,1178.8,60,282480
2026-04-13T13:03:48.666,NF,BANKNIFTY28APR2655500PE,1177.2,1025.0,1564.3,1025.0,785.6,618750,1322.29,1177.35,60,1180.0,510,282480
2026-04-13T13:03:49.886,NF,BANKNIFTY28APR2655500PE,1177.65,1025.0,1564.3,1025.0,785.6,618810,1322.28,1178.3,420,1180.0,510,282480
2026-04-13T13:03:51.115,NF,BANKNIFTY28APR2655500PE,1178.3,1025.0,1564.3,1025.0,785.6,618870,1322.26,1175.25,30,1179.1,120,282480
2026-04-13T13:03:52.470,NF,BANKNIFTY28APR2655500PE,1177.3,1025.0,1564.3,1025.0,785.6,618900,1322.25,1174.6,60,1177.3,30,282480
2026-04-13T13:03:54.878,NF,BANKNIFTY28APR2655500PE,1174.75,1025.0,1564.3,1025.0,785.6,619140,1322.2,1172.7,180,1174.9,30,282480
2026-04-13T13:03:56.094,NF,BANKNIFTY28APR2655500PE,1173.45,1025.0,1564.3,1025.0,785.6,619230,1322.18,1172.9,90,1176.55,60,282480
2026-04-13T13:03:57.493,NF,BANKNIFTY28APR2655500PE,1172.35,1025.0,1564.3,1025.0,785.6,619350,1322.15,1172.85,90,1176.7,120,282480
2026-04-13T13:03:58.685,NF,BANKNIFTY28APR2655500PE,1173.9,1025.0,1564.3,1025.0,785.6,619830,1322.03,1170.55,60,1173.95,120,282480
2026-04-13T13:03:59.897,NF,BANKNIFTY28APR2655500PE,1170.7,1025.0,1564.3,1025.0,785.6,619890,1322.02,1170.0,30,1173.25,120,282480
2026-04-13T13:04:01.107,NF,BANKNIFTY28APR2655500PE,1160.8,1025.0,1564.3,1025.0,785.6,620340,1321.9,1161.2,60,1164.5,30,282480
2026-04-13T13:04:02.493,NF,BANKNIFTY28APR2655500PE,1163.35,1025.0,1564.3,1025.0,785.6,620370,1321.89,1160.0,90,1163.15,150,282480
2026-04-13T13:04:03.711,NF,BANKNIFTY28APR2655500PE,1161.15,1025.0,1564.3,1025.0,785.6,621540,1321.59,1159.1,120,1163.6,60,282480
2026-04-13T13:04:04.907,NF,BANKNIFTY28APR2655500PE,1161.85,1025.0,1564.3,1025.0,785.6,621750,1321.53,1161.8,120,1165.0,90,282480
2026-04-13T13:04:06.108,NF,BANKNIFTY28APR2655500PE,1165.0,1025.0,1564.3,1025.0,785.6,621840,1321.51,1162.15,30,1165.0,60,282480
2026-04-13T13:04:07.504,NF,BANKNIFTY28APR2655500PE,1161.05,1025.0,1564.3,1025.0,785.6,621930,1321.49,1161.05,210,1164.95,120,282480
2026-04-13T13:04:09.910,NF,BANKNIFTY28APR2655500PE,1159.2,1025.0,1564.3,1025.0,785.6,622260,1321.4,1160.7,180,1164.45,60,282480
2026-04-13T13:04:11.111,NF,BANKNIFTY28APR2655500PE,1161.05,1025.0,1564.3,1025.0,785.6,622320,1321.39,1156.15,30,1161.75,120,282480
2026-04-13T13:04:12.545,NF,BANKNIFTY28APR2655500PE,1155.0,1025.0,1564.3,1025.0,785.6,622410,1321.36,1150.65,120,1154.8,90,282480
2026-04-13T13:04:14.904,NF,BANKNIFTY28APR2655500PE,1150.8,1025.0,1564.3,1025.0,785.6,622440,1321.35,1151.1,150,1153.55,30,282480
2026-04-13T13:04:16.110,NF,BANKNIFTY28APR2655500PE,1150.55,1025.0,1564.3,1025.0,785.6,622530,1321.33,1150.15,90,1154.3,90,282480
2026-04-13T13:04:17.525,NF,BANKNIFTY28APR2655500PE,1150.3,1025.0,1564.3,1025.0,785.6,622560,1321.32,1154.55,30,1158.7,90,282480
2026-04-13T13:04:18.726,NF,BANKNIFTY28APR2655500PE,1155.9,1025.0,1564.3,1025.0,785.6,622680,1321.29,1156.45,60,1159.2,60,282480
2026-04-13T13:04:19.918,NF,BANKNIFTY28APR2655500PE,1159.2,1025.0,1564.3,1025.0,785.6,622740,1321.27,1156.95,210,1160.0,30,282480
2026-04-13T13:04:21.131,NF,BANKNIFTY28APR2655500PE,1160.0,1025.0,1564.3,1025.0,785.6,622770,1321.27,1160.4,60,1164.7,90,282480
2026-04-13T13:04:22.529,NF,BANKNIFTY28APR2655500PE,1161.0,1025.0,1564.3,1025.0,785.6,623100,1321.18,1160.15,60,1164.3,60,282480
2026-04-13T13:04:23.739,NF,BANKNIFTY28APR2655500PE,1163.85,1025.0,1564.3,1025.0,785.6,623310,1321.13,1159.9,60,1163.95,90,282480
2026-04-13T13:04:24.936,NF,BANKNIFTY28APR2655500PE,1159.8,1025.0,1564.3,1025.0,785.6,623430,1321.1,1159.25,180,1163.05,30,282480
2026-04-13T13:04:26.129,NF,BANKNIFTY28APR2655500PE,1155.1,1025.0,1564.3,1025.0,785.6,623550,1321.06,1155.65,30,1159.05,30,282480
2026-04-13T13:04:27.344,NF,BANKNIFTY28APR2655500PE,1158.7,1025.0,1564.3,1025.0,785.6,623610,1321.05,1158.95,90,1163.2,60,282480
2026-04-13T13:04:28.574,NF,BANKNIFTY28APR2655500PE,1159.1,1025.0,1564.3,1025.0,785.6,623640,1321.04,1158.4,90,1162.6,150,282480
2026-04-13T13:04:29.749,NF,BANKNIFTY28APR2655500PE,1162.5,1025.0,1564.3,1025.0,785.6,623670,1321.03,1158.05,90,1162.2,90,282480
2026-04-13T13:04:31.140,NF,BANKNIFTY28APR2655500PE,1160.6,1025.0,1564.3,1025.0,785.6,623700,1321.03,1159.9,90,1164.2,60,282480
2026-04-13T13:04:32.359,NF,BANKNIFTY28APR2655500PE,1160.0,1025.0,1564.3,1025.0,785.6,623850,1320.99,1159.8,30,1163.85,30,282480
2026-04-13T13:04:33.547,NF,BANKNIFTY28APR2655500PE,1159.2,1025.0,1564.3,1025.0,785.6,623880,1320.98,1159.5,120,1163.7,90,282480
2026-04-13T13:04:34.745,NF,BANKNIFTY28APR2655500PE,1163.95,1025.0,1564.3,1025.0,785.6,624180,1320.9,1160.2,30,1164.0,30,282480
2026-04-13T13:04:36.142,NF,BANKNIFTY28APR2655500PE,1160.4,1025.0,1564.3,1025.0,785.6,624240,1320.89,1159.85,60,1164.0,60,282480
2026-04-13T13:04:40.961,NF,BANKNIFTY28APR2655500PE,1158.0,1025.0,1564.3,1025.0,785.6,624270,1320.88,1159.75,120,1164.2,30,282480
2026-04-13T13:04:42.152,NF,BANKNIFTY28APR2655500PE,1160.6,1025.0,1564.3,1025.0,785.6,624300,1320.87,1159.25,30,1163.45,90,282480
2026-04-13T13:04:43.555,NF,BANKNIFTY28APR2655500PE,1159.45,1025.0,1564.3,1025.0,785.6,624330,1320.87,1159.5,60,1163.25,60,282480
2026-04-13T13:04:44.759,NF,BANKNIFTY28APR2655500PE,1158.0,1025.0,1564.3,1025.0,785.6,624360,1320.86,1158.0,30,1160.7,60,282480
2026-04-13T13:04:45.963,NF,BANKNIFTY28APR2655500PE,1158.0,1025.0,1564.3,1025.0,785.6,624390,1320.85,1158.0,270,1159.55,30,282480
2026-04-13T13:04:47.161,NF,BANKNIFTY28APR2655500PE,1158.0,1025.0,1564.3,1025.0,785.6,624570,1320.8,1158.0,120,1160.0,60,282480
2026-04-13T13:04:48.568,NF,BANKNIFTY28APR2655500PE,1160.0,1025.0,1564.3,1025.0,785.6,624630,1320.79,1158.95,90,1163.15,30,282480
2026-04-13T13:04:49.772,NF,BANKNIFTY28APR2655500PE,1158.45,1025.0,1564.3,1025.0,785.6,624690,1320.77,1159.4,120,1164.05,30,282480
2026-04-13T13:04:50.962,NF,BANKNIFTY28APR2655500PE,1160.0,1025.0,1564.3,1025.0,785.6,624720,1320.76,1158.2,60,1162.95,180,282480
2026-04-13T13:04:53.367,NF,BANKNIFTY28APR2655500PE,1158.25,1025.0,1564.3,1025.0,785.6,624750,1320.76,1158.0,120,1161.3,30,282480
2026-04-13T13:04:55.980,NF,BANKNIFTY28APR2655500PE,1158.0,1025.0,1564.3,1025.0,785.6,624780,1320.75,1158.0,90,1161.15,30,282480
2026-04-13T13:04:59.571,NF,BANKNIFTY28APR2655500PE,1160.65,1025.0,1564.3,1025.0,785.6,624870,1320.73,1158.85,60,1163.7,120,282480
2026-04-13T13:05:00.811,NF,BANKNIFTY28APR2655500PE,1158.9,1025.0,1564.3,1025.0,785.6,624900,1320.72,1158.0,90,1161.2,30,282480
2026-04-13T13:05:03.384,NF,BANKNIFTY28APR2655500PE,1160.0,1025.0,1564.3,1025.0,785.6,624930,1320.71,1158.0,90,1161.55,120,282480
2026-04-13T13:05:04.588,NF,BANKNIFTY28APR2655500PE,1161.75,1025.0,1564.3,1025.0,785.6,625020,1320.69,1160.0,30,1162.25,60,282480
2026-04-13T13:05:05.780,NF,BANKNIFTY28APR2655500PE,1162.6,1025.0,1564.3,1025.0,785.6,625080,1320.67,1158.25,30,1161.95,30,282480
2026-04-13T13:05:06.993,NF,BANKNIFTY28APR2655500PE,1163.45,1025.0,1564.3,1025.0,785.6,625110,1320.66,1158.8,60,1163.15,60,282480
2026-04-13T13:05:08.202,NF,BANKNIFTY28APR2655500PE,1159.95,1025.0,1564.3,1025.0,785.6,625380,1320.6,1159.35,30,1163.1,120,282480
2026-04-13T13:05:10.804,NF,BANKNIFTY28APR2655500PE,1158.2,1025.0,1564.3,1025.0,785.6,625410,1320.59,1158.0,90,1160.1,30,282480
2026-04-13T13:05:13.198,NF,BANKNIFTY28APR2655500PE,1158.0,1025.0,1564.3,1025.0,785.6,625530,1320.56,1158.0,30,1160.4,120,282480
2026-04-13T13:05:14.395,NF,BANKNIFTY28APR2655500PE,1158.0,1025.0,1564.3,1025.0,785.6,625560,1320.55,1155.55,30,1159.25,30,282480
2026-04-13T13:05:17.005,NF,BANKNIFTY28APR2655500PE,1153.6,1025.0,1564.3,1025.0,785.6,625620,1320.53,1153.35,60,1157.3,90,282480
2026-04-13T13:05:19.460,NF,BANKNIFTY28APR2655500PE,1153.1,1025.0,1564.3,1025.0,785.6,625740,1320.5,1150.0,60,1152.95,60,282480
2026-04-13T13:05:20.622,NF,BANKNIFTY28APR2655500PE,1148.45,1025.0,1564.3,1025.0,785.6,626100,1320.4,1149.25,30,1152.65,30,282480
2026-04-13T13:05:23.219,NF,BANKNIFTY28APR2655500PE,1152.7,1025.0,1564.3,1025.0,785.6,626130,1320.39,1149.95,90,1154.25,30,282480
2026-04-13T13:05:33.069,NF,BANKNIFTY28APR2655500PE,1152.7,1025.0,1564.3,1025.0,785.6,626160,1320.39,1147.45,30,1151.85,270,282480
2026-04-13T13:05:43.064,NF,BANKNIFTY28APR2655500PE,1145.4,1025.0,1564.3,1025.0,785.6,626250,1320.36,1145.1,60,1149.45,120,281700
2026-04-13T13:05:54.251,NF,BANKNIFTY28APR2655500PE,1146.95,1025.0,1564.3,1025.0,785.6,626550,1320.28,1146.95,120,1150.0,30,281700
2026-04-13T13:05:56.678,NF,BANKNIFTY28APR2655500PE,1147.35,1025.0,1564.3,1025.0,785.6,626580,1320.27,1146.9,90,1150.0,30,281700
2026-04-13T13:05:58.060,NF,BANKNIFTY28APR2655500PE,1150.0,1025.0,1564.3,1025.0,785.6,626610,1320.26,1148.65,30,1152.9,60,281700
2026-04-13T13:06:01.681,NF,BANKNIFTY28APR2655500PE,1153.0,1025.0,1564.3,1025.0,785.6,626640,1320.25,1148.45,60,1152.35,60,281700
2026-04-13T13:06:07.873,NF,BANKNIFTY28APR2655500PE,1150.0,1025.0,1564.3,1025.0,785.6,626790,1320.21,1148.15,90,1152.35,60,281700
2026-04-13T13:06:19.316,NF,BANKNIFTY28APR2655500PE,1140.0,1025.0,1564.3,1025.0,785.6,627870,1319.9,1138.25,60,1142.15,150,281700
2026-04-13T13:06:22.899,NF,BANKNIFTY28APR2655500PE,1140.0,1025.0,1564.3,1025.0,785.6,627900,1319.89,1140.0,120,1142.75,30,281700
2026-04-13T13:06:25.504,NF,BANKNIFTY28APR2655500PE,1140.0,1025.0,1564.3,1025.0,785.6,628020,1319.86,1137.25,60,1141.35,30,281700
2026-04-13T13:06:29.314,NF,BANKNIFTY28APR2655500PE,1139.6,1025.0,1564.3,1025.0,785.6,628050,1319.85,1134.85,60,1138.7,120,281700
2026-04-13T13:06:30.555,NF,BANKNIFTY28APR2655500PE,1134.7,1025.0,1564.3,1025.0,785.6,628350,1319.76,1134.35,60,1138.0,120,281700
2026-04-13T13:06:37.932,NF,BANKNIFTY28APR2655500PE,1138.25,1025.0,1564.3,1025.0,785.6,628380,1319.75,1139.05,30,1142.75,30,281700
2026-04-13T13:06:39.126,NF,BANKNIFTY28APR2655500PE,1140.3,1025.0,1564.3,1025.0,785.6,628620,1319.68,1140.2,60,1143.85,120,281700
2026-04-13T13:06:50.370,NF,BANKNIFTY28APR2655500PE,1138.2,1025.0,1564.3,1025.0,785.6,629100,1319.54,1133.65,30,1137.85,120,281700
2026-04-13T13:06:51.745,NF,BANKNIFTY28APR2655500PE,1140.2,1025.0,1564.3,1025.0,785.6,630180,1319.24,1136.4,30,1141.0,120,281700
2026-04-13T13:06:52.956,NF,BANKNIFTY28APR2655500PE,1141.05,1025.0,1564.3,1025.0,785.6,630480,1319.15,1137.05,90,1141.5,60,281700
2026-04-13T13:07:02.970,NF,BANKNIFTY28APR2655500PE,1142.95,1025.0,1564.3,1025.0,785.6,630840,1319.05,1138.65,120,1142.8,30,281700
2026-04-13T13:07:05.377,NF,BANKNIFTY28APR2655500PE,1143.6,1025.0,1564.3,1025.0,785.6,630870,1319.04,1139.45,180,1143.55,60,281700
2026-04-13T13:07:08.994,NF,BANKNIFTY28APR2655500PE,1143.6,1025.0,1564.3,1025.0,785.6,630900,1319.03,1139.6,60,1143.1,90,281700
2026-04-13T13:07:26.401,NF,BANKNIFTY28APR2655500PE,1145.0,1025.0,1564.3,1025.0,785.6,630930,1319.02,1142.1,30,1145.0,30,281700
2026-04-13T13:07:36.020,NF,BANKNIFTY28APR2655500PE,1143.95,1025.0,1564.3,1025.0,785.6,630960,1319.02,1139.9,120,1143.95,120,281700
2026-04-13T13:07:43.430,NF,BANKNIFTY28APR2655500PE,1145.0,1025.0,1564.3,1025.0,785.6,631200,1318.95,1144.2,60,1147.6,120,281700
2026-04-13T13:08:03.269,NF,BANKNIFTY28APR2655500PE,1148.65,1025.0,1564.3,1025.0,785.6,631290,1318.93,1148.1,150,1151.0,30,281700
2026-04-13T13:08:06.866,NF,BANKNIFTY28APR2655500PE,1152.1,1025.0,1564.3,1025.0,785.6,631710,1318.81,1147.6,30,1150.75,30,281700
2026-04-13T13:08:15.685,NF,BANKNIFTY28APR2655500PE,1150.0,1025.0,1564.3,1025.0,785.6,631740,1318.81,1147.0,150,1150.4,150,281700
2026-04-13T13:08:23.147,NF,BANKNIFTY28APR2655500PE,1148.6,1025.0,1564.3,1025.0,785.6,631800,1318.79,1145.5,30,1148.6,240,280770
2026-04-13T13:08:30.503,NF,BANKNIFTY28APR2655500PE,1143.7,1025.0,1564.3,1025.0,785.6,631830,1318.78,1141.15,120,1145.15,30,280770
2026-04-13T13:08:31.705,NF,BANKNIFTY28APR2655500PE,1141.1,1025.0,1564.3,1025.0,785.6,631860,1318.77,1140.05,30,1143.2,30,280770
2026-04-13T13:08:37.914,NF,BANKNIFTY28APR2655500PE,1136.5,1025.0,1564.3,1025.0,785.6,631980,1318.74,1136.9,30,1140.3,60,280770
2026-04-13T13:08:39.326,NF,BANKNIFTY28APR2655500PE,1135.4,1025.0,1564.3,1025.0,785.6,632190,1318.68,1136.0,60,1139.35,90,280770
2026-04-13T13:08:40.526,NF,BANKNIFTY28APR2655500PE,1140.0,1025.0,1564.3,1025.0,785.6,632250,1318.66,1136.95,90,1140.7,120,280770
2026-04-13T13:08:46.732,NF,BANKNIFTY28APR2655500PE,1132.95,1025.0,1564.3,1025.0,785.6,632310,1318.64,1133.85,180,1137.1,120,280770
2026-04-13T13:08:49.135,NF,BANKNIFTY28APR2655500PE,1137.05,1025.0,1564.3,1025.0,785.6,632340,1318.63,1134.0,60,1137.05,60,280770
2026-04-13T13:08:56.545,NF,BANKNIFTY28APR2655500PE,1131.0,1025.0,1564.3,1025.0,785.6,632460,1318.6,1128.4,90,1132.0,60,280770
2026-04-13T13:08:57.756,NF,BANKNIFTY28APR2655500PE,1128.6,1025.0,1564.3,1025.0,785.6,632550,1318.57,1128.45,60,1132.3,120,280770
2026-04-13T13:08:59.147,NF,BANKNIFTY28APR2655500PE,1128.0,1025.0,1564.3,1025.0,785.6,632640,1318.55,1126.6,30,1129.65,60,280770
2026-04-13T13:09:02.769,NF,BANKNIFTY28APR2655500PE,1134.2,1025.0,1564.3,1025.0,785.6,632730,1318.52,1131.35,30,1134.25,30,280770
2026-04-13T13:09:06.570,NF,BANKNIFTY28APR2655500PE,1131.35,1025.0,1564.3,1025.0,785.6,632760,1318.51,1128.4,60,1132.0,180,280770
2026-04-13T13:09:11.579,NF,BANKNIFTY28APR2655500PE,1131.05,1025.0,1564.3,1025.0,785.6,632790,1318.5,1124.8,60,1129.4,30,280770
2026-04-13T13:09:12.777,NF,BANKNIFTY28APR2655500PE,1127.7,1025.0,1564.3,1025.0,785.6,632820,1318.49,1124.2,60,1127.7,150,280770
2026-04-13T13:09:16.388,NF,BANKNIFTY28APR2655500PE,1124.45,1025.0,1564.3,1025.0,785.6,633000,1318.44,1120.4,120,1124.3,60,280770
2026-04-13T13:09:18.982,NF,BANKNIFTY28APR2655500PE,1124.3,1025.0,1564.3,1025.0,785.6,633360,1318.33,1121.0,30,1124.6,60,280770
2026-04-13T13:09:20.187,NF,BANKNIFTY28APR2655500PE,1121.45,1025.0,1564.3,1025.0,785.6,633450,1318.3,1120.35,30,1123.95,120,280770
2026-04-13T13:09:23.992,NF,BANKNIFTY28APR2655500PE,1128.0,1025.0,1564.3,1025.0,785.6,633570,1318.26,1127.65,120,1131.15,60,280770
2026-04-13T13:09:30.012,NF,BANKNIFTY28APR2655500PE,1125.65,1025.0,1564.3,1025.0,785.6,633600,1318.25,1125.6,90,1129.1,90,280770
2026-04-13T13:09:33.807,NF,BANKNIFTY28APR2655500PE,1124.15,1025.0,1564.3,1025.0,785.6,633690,1318.23,1124.05,30,1127.2,30,280770
2026-04-13T13:09:36.211,NF,BANKNIFTY28APR2655500PE,1124.55,1025.0,1564.3,1025.0,785.6,633720,1318.22,1124.55,300,1126.4,30,280770
2026-04-13T13:09:40.018,NF,BANKNIFTY28APR2655500PE,1127.35,1025.0,1564.3,1025.0,785.6,634080,1318.11,1124.55,360,1127.35,60,280770
2026-04-13T13:09:41.221,NF,BANKNIFTY28APR2655500PE,1126.95,1025.0,1564.3,1025.0,785.6,634110,1318.1,1124.95,30,1127.55,30,280770
2026-04-13T13:09:43.632,NF,BANKNIFTY28APR2655500PE,1128.45,1025.0,1564.3,1025.0,785.6,634170,1318.08,1126.35,90,1130.0,90,280770
2026-04-13T13:09:46.227,NF,BANKNIFTY28APR2655500PE,1129.75,1025.0,1564.3,1025.0,785.6,634230,1318.06,1126.05,60,1129.2,120,280770
2026-04-13T13:09:48.633,NF,BANKNIFTY28APR2655500PE,1129.2,1025.0,1564.3,1025.0,785.6,634470,1317.99,1125.0,60,1128.65,90,280770
2026-04-13T13:09:55.040,NF,BANKNIFTY28APR2655500PE,1129.45,1025.0,1564.3,1025.0,785.6,634590,1317.96,1125.35,120,1129.1,150,280770
2026-04-13T13:09:56.244,NF,BANKNIFTY28APR2655500PE,1132.1,1025.0,1564.3,1025.0,785.6,634740,1317.91,1128.25,30,1132.05,60,280770
2026-04-13T13:09:57.453,NF,BANKNIFTY28APR2655500PE,1132.05,1025.0,1564.3,1025.0,785.6,634770,1317.9,1128.15,30,1131.9,120,280770
2026-04-13T13:09:58.653,NF,BANKNIFTY28APR2655500PE,1134.4,1025.0,1564.3,1025.0,785.6,634950,1317.85,1131.6,60,1135.55,60,280770
2026-04-13T13:10:00.070,NF,BANKNIFTY28APR2655500PE,1135.9,1025.0,1564.3,1025.0,785.6,634980,1317.84,1137.0,120,1142.4,60,280770
2026-04-13T13:10:10.064,NF,BANKNIFTY28APR2655500PE,1136.95,1025.0,1564.3,1025.0,785.6,635340,1317.74,1138.2,30,1142.0,120,280770
2026-04-13T13:10:11.266,NF,BANKNIFTY28APR2655500PE,1136.95,1025.0,1564.3,1025.0,785.6,635490,1317.7,1136.6,30,1140.25,60,280770
2026-04-13T13:10:12.469,NF,BANKNIFTY28APR2655500PE,1139.65,1025.0,1564.3,1025.0,785.6,635520,1317.69,1137.05,60,1140.0,60,280770
2026-04-13T13:10:13.680,NF,BANKNIFTY28APR2655500PE,1139.4,1025.0,1564.3,1025.0,785.6,635640,1317.65,1137.05,60,1139.9,30,280770
2026-04-13T13:10:14.885,NF,BANKNIFTY28APR2655500PE,1140.25,1025.0,1564.3,1025.0,785.6,635730,1317.63,1137.05,90,1140.05,60,280770
2026-04-13T13:10:16.273,NF,BANKNIFTY28APR2655500PE,1139.65,1025.0,1564.3,1025.0,785.6,635880,1317.59,1137.4,60,1140.0,210,280770
2026-04-13T13:10:17.479,NF,BANKNIFTY28APR2655500PE,1139.75,1025.0,1564.3,1025.0,785.6,636300,1317.47,1135.25,120,1139.2,120,280770
2026-04-13T13:10:18.678,NF,BANKNIFTY28APR2655500PE,1139.05,1025.0,1564.3,1025.0,785.6,636420,1317.44,1136.15,60,1139.2,90,280770
2026-04-13T13:10:22.283,NF,BANKNIFTY28APR2655500PE,1141.4,1025.0,1564.3,1025.0,785.6,636480,1317.42,1140.8,60,1144.3,60,280770
2026-04-13T13:10:24.688,NF,BANKNIFTY28APR2655500PE,1142.35,1025.0,1564.3,1025.0,785.6,636510,1317.41,1139.45,60,1142.5,60,280770
2026-04-13T13:10:27.097,NF,BANKNIFTY28APR2655500PE,1141.6,1025.0,1564.3,1025.0,785.6,636570,1317.39,1139.4,60,1141.6,90,280770
2026-04-13T13:10:28.491,NF,BANKNIFTY28APR2655500PE,1141.4,1025.0,1564.3,1025.0,785.6,636600,1317.39,1139.4,60,1141.4,60,280770
2026-04-13T13:10:30.894,NF,BANKNIFTY28APR2655500PE,1139.4,1025.0,1564.3,1025.0,785.6,636660,1317.37,1137.45,90,1141.05,60,280770
2026-04-13T13:10:35.901,NF,BANKNIFTY28APR2655500PE,1137.95,1025.0,1564.3,1025.0,785.6,636720,1317.35,1137.1,90,1140.65,60,280770
2026-04-13T13:10:39.509,NF,BANKNIFTY28APR2655500PE,1140.55,1025.0,1564.3,1025.0,785.6,636750,1317.34,1138.35,60,1141.15,150,280770
2026-04-13T13:10:52.126,NF,BANKNIFTY28APR2655500PE,1140.9,1025.0,1564.3,1025.0,785.6,636780,1317.34,1140.55,30,1142.3,30,280770
2026-04-13T13:10:57.934,NF,BANKNIFTY28APR2655500PE,1140.55,1025.0,1564.3,1025.0,785.6,636810,1317.33,1138.55,120,1140.7,60,280770
2026-04-13T13:11:06.148,NF,BANKNIFTY28APR2655500PE,1137.85,1025.0,1564.3,1025.0,785.6,637230,1317.21,1135.15,60,1138.6,60,280770
2026-04-13T13:11:07.549,NF,BANKNIFTY28APR2655500PE,1137.05,1025.0,1564.3,1025.0,785.6,637320,1317.18,1130.0,90,1133.45,60,280770
2026-04-13T13:11:14.962,NF,BANKNIFTY28APR2655500PE,1125.6,1025.0,1564.3,1025.0,785.6,637410,1317.16,1125.4,60,1128.1,60,280770
2026-04-13T13:11:17.623,NF,BANKNIFTY28APR2655500PE,1125.1,1025.0,1564.3,1025.0,785.6,637440,1317.15,1125.1,30,1127.25,60,280770
2026-04-13T13:11:21.175,NF,BANKNIFTY28APR2655500PE,1127.25,1025.0,1564.3,1025.0,785.6,637470,1317.14,1126.9,60,1128.95,30,280770
2026-04-13T13:11:24.990,NF,BANKNIFTY28APR2655500PE,1127.25,1025.0,1564.3,1025.0,785.6,637500,1317.13,1125.6,60,1128.55,270,281040
2026-04-13T13:11:35.396,NF,BANKNIFTY28APR2655500PE,1124.55,1025.0,1564.3,1025.0,785.6,637590,1317.1,1124.35,60,1125.95,30,281040
2026-04-13T13:11:36.604,NF,BANKNIFTY28APR2655500PE,1124.0,1025.0,1564.3,1025.0,785.6,637710,1317.07,1122.5,60,1124.4,30,281040
2026-04-13T13:11:37.800,NF,BANKNIFTY28APR2655500PE,1123.5,1025.0,1564.3,1025.0,785.6,637860,1317.02,1122.45,90,1125.9,30,281040
2026-04-13T13:11:38.801,NF,BANKNIFTY28APR2655500PE,1123.05,1025.0,1564.3,1025.0,785.6,637980,1316.98,1123.55,60,1128.2,30,281040
2026-04-13T13:11:46.215,NF,BANKNIFTY28APR2655500PE,1117.0,1025.0,1564.3,1025.0,785.6,638220,1316.91,1117.0,300,1120.4,30,281040
2026-04-13T13:11:47.427,NF,BANKNIFTY28APR2655500PE,1120.85,1025.0,1564.3,1025.0,785.6,638430,1316.85,1117.65,90,1120.85,30,281040
2026-04-13T13:11:49.823,NF,BANKNIFTY28APR2655500PE,1120.8,1025.0,1564.3,1025.0,785.6,638490,1316.83,1120.95,60,1123.55,150,281040
2026-04-13T13:11:51.226,NF,BANKNIFTY28APR2655500PE,1119.6,1025.0,1564.3,1025.0,785.6,638880,1316.71,1119.35,30,1122.0,60,281040
2026-04-13T13:11:52.432,NF,BANKNIFTY28APR2655500PE,1123.3,1025.0,1564.3,1025.0,785.6,639060,1316.65,1120.05,90,1123.55,150,281040
2026-04-13T13:11:57.236,NF,BANKNIFTY28APR2655500PE,1122.45,1025.0,1564.3,1025.0,785.6,639090,1316.64,1118.05,60,1121.3,30,281040
2026-04-13T13:12:01.041,NF,BANKNIFTY28APR2655500PE,1117.0,1025.0,1564.3,1025.0,785.6,639390,1316.55,1115.0,120,1118.15,60,281040
2026-04-13T13:12:03.449,NF,BANKNIFTY28APR2655500PE,1113.0,1025.0,1564.3,1025.0,785.6,639540,1316.5,1112.65,30,1115.85,30,281040
2026-04-13T13:12:06.093,NF,BANKNIFTY28APR2655500PE,1115.1,1025.0,1564.3,1025.0,785.6,639690,1316.45,1113.0,300,1115.2,30,281040
2026-04-13T13:12:09.855,NF,BANKNIFTY28APR2655500PE,1115.5,1025.0,1564.3,1025.0,785.6,639720,1316.45,1113.25,90,1115.85,30,281040
2026-04-13T13:12:11.057,NF,BANKNIFTY28APR2655500PE,1114.0,1025.0,1564.3,1025.0,785.6,639840,1316.41,1113.7,120,1116.95,30,281040
2026-04-13T13:12:12.270,NF,BANKNIFTY28APR2655500PE,1117.05,1025.0,1564.3,1025.0,785.6,639900,1316.39,1116.85,30,1119.4,30,281040
2026-04-13T13:12:13.476,NF,BANKNIFTY28APR2655500PE,1119.4,1025.0,1564.3,1025.0,785.6,640020,1316.35,1117.5,60,1121.0,60,281040
2026-04-13T13:12:16.066,NF,BANKNIFTY28APR2655500PE,1120.4,1025.0,1564.3,1025.0,785.6,640290,1316.27,1117.95,30,1121.2,30,281040
2026-04-13T13:12:23.492,NF,BANKNIFTY28APR2655500PE,1116.4,1025.0,1564.3,1025.0,785.6,640920,1316.07,1116.7,60,1119.85,30,281040
2026-04-13T13:12:26.101,NF,BANKNIFTY28APR2655500PE,1119.4,1025.0,1564.3,1025.0,785.6,640980,1316.06,1117.3,60,1119.8,30,281040
2026-04-13T13:12:27.308,NF,BANKNIFTY28APR2655500PE,1119.85,1025.0,1564.3,1025.0,785.6,641010,1316.05,1117.45,120,1120.45,30,281040
2026-04-13T13:12:29.692,NF,BANKNIFTY28APR2655500PE,1122.2,1025.0,1564.3,1025.0,785.6,641730,1315.83,1122.8,90,1126.65,60,281040
2026-04-13T13:12:32.299,NF,BANKNIFTY28APR2655500PE,1122.85,1025.0,1564.3,1025.0,785.6,641850,1315.79,1117.0,30,1121.0,30,281040
2026-04-13T13:12:34.712,NF,BANKNIFTY28APR2655500PE,1120.95,1025.0,1564.3,1025.0,785.6,641910,1315.77,1117.35,90,1121.1,30,281040
2026-04-13T13:12:38.310,NF,BANKNIFTY28APR2655500PE,1118.75,1025.0,1564.3,1025.0,785.6,641970,1315.75,1119.1,120,1122.3,30,281040
2026-04-13T13:12:40.708,NF,BANKNIFTY28APR2655500PE,1119.45,1025.0,1564.3,1025.0,785.6,642120,1315.71,1118.4,120,1122.3,30,281040
2026-04-13T13:12:50.337,NF,BANKNIFTY28APR2655500PE,1119.75,1025.0,1564.3,1025.0,785.6,642300,1315.65,1116.1,60,1119.5,30,281040
2026-04-13T13:12:52.724,NF,BANKNIFTY28APR2655500PE,1115.0,1025.0,1564.3,1025.0,785.6,642360,1315.64,1111.2,90,1115.25,60,281040
2026-04-13T13:12:55.327,NF,BANKNIFTY28APR2655500PE,1115.5,1025.0,1564.3,1025.0,785.6,642390,1315.63,1111.8,120,1115.85,60,281040
2026-04-13T13:12:56.536,NF,BANKNIFTY28APR2655500PE,1111.7,1025.0,1564.3,1025.0,785.6,642510,1315.59,1112.0,60,1115.25,30,281040
2026-04-13T13:13:00.340,NF,BANKNIFTY28APR2655500PE,1111.7,1025.0,1564.3,1025.0,785.6,642540,1315.58,1111.7,270,1114.1,120,281040
2026-04-13T13:13:01.539,NF,BANKNIFTY28APR2655500PE,1111.7,1025.0,1564.3,1025.0,785.6,642570,1315.57,1111.7,240,1114.1,120,281040
2026-04-13T13:13:02.739,NF,BANKNIFTY28APR2655500PE,1114.1,1025.0,1564.3,1025.0,785.6,642690,1315.53,1111.7,240,1114.1,30,281040
2026-04-13T13:13:23.577,NF,BANKNIFTY28APR2655500PE,1113.2,1025.0,1564.3,1025.0,785.6,642780,1315.5,1112.95,30,1116.5,120,281040
2026-04-13T13:13:32.189,NF,BANKNIFTY28APR2655500PE,1116.05,1025.0,1564.3,1025.0,785.6,642840,1315.48,1113.1,30,1117.05,30,281040
2026-04-13T13:13:33.398,NF,BANKNIFTY28APR2655500PE,1113.15,1025.0,1564.3,1025.0,785.6,643020,1315.43,1115.65,30,1119.1,30,281040
2026-04-13T13:13:36.992,NF,BANKNIFTY28APR2655500PE,1115.7,1025.0,1564.3,1025.0,785.6,643050,1315.42,1113.8,120,1117.05,30,281040
2026-04-13T13:13:48.005,NF,BANKNIFTY28APR2655500PE,1115.7,1025.0,1564.3,1025.0,785.6,643110,1315.4,1115.25,120,1118.25,30,281040
2026-04-13T13:13:50.416,NF,BANKNIFTY28APR2655500PE,1121.05,1025.0,1564.3,1025.0,785.6,643410,1315.31,1118.95,90,1122.4,60,281040
2026-04-13T13:13:51.612,NF,BANKNIFTY28APR2655500PE,1122.75,1025.0,1564.3,1025.0,785.6,643590,1315.25,1122.75,180,1125.45,30,281040
2026-04-13T13:13:54.023,NF,BANKNIFTY28APR2655500PE,1124.6,1025.0,1564.3,1025.0,785.6,643620,1315.25,1120.45,90,1124.3,120,281040
2026-04-13T13:13:59.027,NF,BANKNIFTY28APR2655500PE,1125.0,1025.0,1564.3,1025.0,785.6,643650,1315.24,1123.5,120,1126.8,30,281040
2026-04-13T13:14:01.431,NF,BANKNIFTY28APR2655500PE,1121.2,1025.0,1564.3,1025.0,785.6,643770,1315.2,1120.85,60,1124.65,60,281040
2026-04-13T13:14:08.857,NF,BANKNIFTY28APR2655500PE,1124.95,1025.0,1564.3,1025.0,785.6,643830,1315.18,1122.4,60,1124.9,30,281040
2026-04-13T13:14:10.241,NF,BANKNIFTY28APR2655500PE,1125.85,1025.0,1564.3,1025.0,785.6,643920,1315.16,1122.9,150,1126.0,330,281040
2026-04-13T13:14:13.857,NF,BANKNIFTY28APR2655500PE,1121.4,1025.0,1564.3,1025.0,785.6,643980,1315.14,1115.0,90,1118.75,30,281040
2026-04-13T13:14:23.872,NF,BANKNIFTY28APR2655500PE,1118.0,1025.0,1564.3,1025.0,785.6,644040,1315.12,1115.45,120,1119.2,30,281040
2026-04-13T13:14:33.682,NF,BANKNIFTY28APR2655500PE,1114.4,1025.0,1564.3,1025.0,785.6,644310,1315.04,1111.0,30,1113.4,30,281340
2026-04-13T13:14:34.880,NF,BANKNIFTY28APR2655500PE,1111.0,1025.0,1564.3,1025.0,785.6,644340,1315.03,1110.85,90,1114.4,60,281340
2026-04-13T13:14:37.288,NF,BANKNIFTY28APR2655500PE,1114.05,1025.0,1564.3,1025.0,785.6,644460,1314.99,1110.4,150,1114.1,30,281340
2026-04-13T13:14:38.695,NF,BANKNIFTY28APR2655500PE,1109.25,1025.0,1564.3,1025.0,785.6,644520,1314.97,1108.55,90,1111.9,30,281340
2026-04-13T13:14:41.092,NF,BANKNIFTY28APR2655500PE,1106.65,1025.0,1564.3,1025.0,785.6,644820,1314.87,1106.55,60,1109.65,30,281340
2026-04-13T13:14:42.290,NF,BANKNIFTY28APR2655500PE,1105.65,1025.0,1564.3,1025.0,785.6,644970,1314.82,1105.25,180,1108.35,30,281340
2026-04-13T13:14:46.097,NF,BANKNIFTY28APR2655500PE,1108.35,1025.0,1564.3,1025.0,785.6,645000,1314.81,1105.7,30,1108.6,30,281340
2026-04-13T13:14:50.908,NF,BANKNIFTY28APR2655500PE,1107.35,1025.0,1564.3,1025.0,785.6,645030,1314.8,1105.0,90,1107.65,30,281340
2026-04-13T13:14:52.303,NF,BANKNIFTY28APR2655500PE,1107.6,1025.0,1564.3,1025.0,785.6,645090,1314.79,1105.0,120,1107.45,30,281340
2026-04-13T13:14:55.918,NF,BANKNIFTY28APR2655500PE,1105.0,1025.0,1564.3,1025.0,785.6,645150,1314.77,1105.0,30,1107.8,120,281340
2026-04-13T13:14:58.510,NF,BANKNIFTY28APR2655500PE,1105.0,1025.0,1564.3,1025.0,785.6,645180,1314.76,1103.0,30,1105.8,30,281340
2026-04-13T13:15:02.127,NF,BANKNIFTY28APR2655500PE,1101.5,1025.0,1564.3,1025.0,785.6,645480,1314.66,1100.0,90,1103.3,60,281340
2026-04-13T13:15:03.326,NF,BANKNIFTY28APR2655500PE,1103.0,1025.0,1564.3,1025.0,785.6,645840,1314.54,1100.1,30,1103.05,30,281340
2026-04-13T13:15:04.535,NF,BANKNIFTY28APR2655500PE,1102.95,1025.0,1564.3,1025.0,785.6,646470,1314.33,1099.3,90,1102.95,60,281340
2026-04-13T13:15:05.742,NF,BANKNIFTY28APR2655500PE,1102.45,1025.0,1564.3,1025.0,785.6,646500,1314.32,1099.4,60,1102.35,30,281340
2026-04-13T13:15:08.328,NF,BANKNIFTY28APR2655500PE,1103.65,1025.0,1564.3,1025.0,785.6,647130,1314.12,1100.8,30,1103.0,90,281340
2026-04-13T13:15:09.531,NF,BANKNIFTY28APR2655500PE,1102.2,1025.0,1564.3,1025.0,785.6,647160,1314.11,1099.4,60,1102.25,90,281340
2026-04-13T13:15:10.731,NF,BANKNIFTY28APR2655500PE,1099.0,1025.0,1564.3,1025.0,785.6,647310,1314.06,1097.0,30,1098.9,90,281340
2026-04-13T13:15:13.137,NF,BANKNIFTY28APR2655500PE,1096.8,1025.0,1564.3,1025.0,785.6,647430,1314.02,1095.05,60,1097.6,30,281340
2026-04-13T13:15:14.352,NF,BANKNIFTY28APR2655500PE,1097.2,1025.0,1564.3,1025.0,785.6,647460,1314.01,1095.2,60,1097.2,120,281340
2026-04-13T13:15:15.745,NF,BANKNIFTY28APR2655500PE,1097.5,1025.0,1564.3,1025.0,785.6,647550,1313.98,1095.0,60,1097.1,120,281340
2026-04-13T13:15:18.144,NF,BANKNIFTY28APR2655500PE,1095.65,1025.0,1564.3,1025.0,785.6,647730,1313.92,1093.0,30,1095.7,30,281340
2026-04-13T13:15:19.357,NF,BANKNIFTY28APR2655500PE,1093.75,1025.0,1564.3,1025.0,785.6,647850,1313.88,1090.85,90,1093.8,30,281340
2026-04-13T13:15:24.162,NF,BANKNIFTY28APR2655500PE,1090.0,1025.0,1564.3,1025.0,785.6,647970,1313.83,1090.2,60,1092.0,30,281340
2026-04-13T13:15:25.367,NF,BANKNIFTY28APR2655500PE,1092.0,1025.0,1564.3,1025.0,785.6,648030,1313.81,1090.05,30,1091.9,30,281340
2026-04-13T13:15:27.983,NF,BANKNIFTY28APR2655500PE,1092.0,1025.0,1564.3,1025.0,785.6,648180,1313.76,1092.2,30,1094.9,60,281340
2026-04-13T13:15:30.364,NF,BANKNIFTY28APR2655500PE,1093.85,1025.0,1564.3,1025.0,785.6,648210,1313.75,1091.45,30,1093.75,60,281340
2026-04-13T13:15:31.584,NF,BANKNIFTY28APR2655500PE,1090.0,1025.0,1564.3,1025.0,785.6,648360,1313.7,1090.0,300,1091.6,30,281340
2026-04-13T13:15:35.179,NF,BANKNIFTY28APR2655500PE,1091.8,1025.0,1564.3,1025.0,785.6,648420,1313.68,1090.4,30,1092.65,90,281340
2026-04-13T13:15:38.781,NF,BANKNIFTY28APR2655500PE,1090.0,1025.0,1564.3,1025.0,785.6,648630,1313.61,1090.15,30,1091.7,30,281340
2026-04-13T13:15:39.982,NF,BANKNIFTY28APR2655500PE,1090.35,1025.0,1564.3,1025.0,785.6,648660,1313.6,1090.15,30,1091.75,30,281340
2026-04-13T13:15:41.381,NF,BANKNIFTY28APR2655500PE,1093.4,1025.0,1564.3,1025.0,785.6,649050,1313.46,1095.65,90,1098.85,150,281340
2026-04-13T13:15:42.607,NF,BANKNIFTY28APR2655500PE,1098.9,1025.0,1564.3,1025.0,785.6,649080,1313.45,1097.95,90,1101.0,90,281340
2026-04-13T13:15:44.992,NF,BANKNIFTY28APR2655500PE,1101.8,1025.0,1564.3,1025.0,785.6,649380,1313.36,1098.75,120,1101.8,30,281340
2026-04-13T13:15:46.390,NF,BANKNIFTY28APR2655500PE,1099.35,1025.0,1564.3,1025.0,785.6,649410,1313.35,1099.2,60,1101.25,30,281340
2026-04-13T13:15:47.608,NF,BANKNIFTY28APR2655500PE,1101.25,1025.0,1564.3,1025.0,785.6,649440,1313.34,1095.95,90,1099.3,30,281340
2026-04-13T13:15:48.801,NF,BANKNIFTY28APR2655500PE,1100.4,1025.0,1564.3,1025.0,785.6,649680,1313.26,1098.35,30,1101.65,30,281340
2026-04-13T13:15:49.998,NF,BANKNIFTY28APR2655500PE,1101.0,1025.0,1564.3,1025.0,785.6,649740,1313.24,1101.0,120,1103.0,90,281340
2026-04-13T13:15:51.398,NF,BANKNIFTY28APR2655500PE,1103.45,1025.0,1564.3,1025.0,785.6,649890,1313.19,1102.8,30,1106.95,60,281340
2026-04-13T13:15:53.820,NF,BANKNIFTY28APR2655500PE,1104.25,1025.0,1564.3,1025.0,785.6,649950,1313.17,1101.2,90,1104.45,120,281340
2026-04-13T13:15:56.408,NF,BANKNIFTY28APR2655500PE,1102.35,1025.0,1564.3,1025.0,785.6,650100,1313.12,1100.0,30,1102.55,30,281340
2026-04-13T13:15:58.811,NF,BANKNIFTY28APR2655500PE,1100.0,1025.0,1564.3,1025.0,785.6,650130,1313.11,1097.2,90,1100.65,30,281340
2026-04-13T13:16:00.033,NF,BANKNIFTY28APR2655500PE,1096.95,1025.0,1564.3,1025.0,785.6,650280,1313.06,1097.0,330,1100.3,60,281340
2026-04-13T13:16:03.820,NF,BANKNIFTY28APR2655500PE,1100.0,1025.0,1564.3,1025.0,785.6,650310,1313.05,1097.95,120,1099.9,30,281340
2026-04-13T13:16:05.022,NF,BANKNIFTY28APR2655500PE,1099.9,1025.0,1564.3,1025.0,785.6,650340,1313.04,1100.2,30,1104.15,60,281340
2026-04-13T13:16:07.433,NF,BANKNIFTY28APR2655500PE,1105.15,1025.0,1564.3,1025.0,785.6,650700,1312.93,1105.95,30,1109.75,150,281340
2026-04-13T13:16:12.435,NF,BANKNIFTY28APR2655500PE,1112.95,1025.0,1564.3,1025.0,785.6,651900,1312.56,1107.65,90,1110.4,30,281340
2026-04-13T13:16:13.636,NF,BANKNIFTY28APR2655500PE,1112.75,1025.0,1564.3,1025.0,785.6,651960,1312.54,1110.65,120,1114.25,120,281340
2026-04-13T13:16:15.039,NF,BANKNIFTY28APR2655500PE,1113.1,1025.0,1564.3,1025.0,785.6,652080,1312.5,1110.4,60,1113.5,120,281340
2026-04-13T13:16:17.443,NF,BANKNIFTY28APR2655500PE,1110.6,1025.0,1564.3,1025.0,785.6,652290,1312.44,1110.25,30,1114.05,120,281340
2026-04-13T13:16:18.648,NF,BANKNIFTY28APR2655500PE,1110.65,1025.0,1564.3,1025.0,785.6,652320,1312.43,1106.2,150,1110.1,30,281340
2026-04-13T13:16:20.047,NF,BANKNIFTY28APR2655500PE,1110.0,1025.0,1564.3,1025.0,785.6,652350,1312.42,1102.4,30,1106.45,120,281340
2026-04-13T13:16:21.258,NF,BANKNIFTY28APR2655500PE,1107.3,1025.0,1564.3,1025.0,785.6,652410,1312.4,1103.1,30,1106.95,150,281340
2026-04-13T13:16:24.869,NF,BANKNIFTY28APR2655500PE,1108.75,1025.0,1564.3,1025.0,785.6,652920,1312.24,1110.4,150,1114.15,150,281340
2026-04-13T13:16:26.254,NF,BANKNIFTY28APR2655500PE,1113.7,1025.0,1564.3,1025.0,785.6,652950,1312.23,1110.25,30,1113.35,180,281340
2026-04-13T13:16:27.472,NF,BANKNIFTY28APR2655500PE,1110.6,1025.0,1564.3,1025.0,785.6,652980,1312.22,1110.25,30,1113.55,30,281340
2026-04-13T13:16:28.660,NF,BANKNIFTY28APR2655500PE,1110.3,1025.0,1564.3,1025.0,785.6,653040,1312.2,1110.3,90,1114.05,120,281340
2026-04-13T13:16:29.860,NF,BANKNIFTY28APR2655500PE,1114.1,1025.0,1564.3,1025.0,785.6,653100,1312.18,1111.0,30,1114.85,30,281340
2026-04-13T13:16:31.063,NF,BANKNIFTY28APR2655500PE,1110.8,1025.0,1564.3,1025.0,785.6,653130,1312.18,1111.05,30,1114.55,180,281340
2026-04-13T13:16:32.271,NF,BANKNIFTY28APR2655500PE,1114.45,1025.0,1564.3,1025.0,785.6,653160,1312.17,1110.65,150,1114.75,30,281340
2026-04-13T13:16:34.672,NF,BANKNIFTY28APR2655500PE,1114.85,1025.0,1564.3,1025.0,785.6,653310,1312.12,1111.2,60,1115.2,180,281340
2026-04-13T13:16:37.084,NF,BANKNIFTY28APR2655500PE,1113.25,1025.0,1564.3,1025.0,785.6,653430,1312.08,1113.1,90,1116.7,90,281340
2026-04-13T13:16:40.275,NF,BANKNIFTY28APR2655500PE,1115.5,1025.0,1564.3,1025.0,785.6,653460,1312.08,1111.75,90,1115.7,30,281340
2026-04-13T13:16:41.476,NF,BANKNIFTY28APR2655500PE,1114.15,1025.0,1564.3,1025.0,785.6,653610,1312.03,1110.0,150,1113.9,30,281340
2026-04-13T13:16:42.678,NF,BANKNIFTY28APR2655500PE,1113.9,1025.0,1564.3,1025.0,785.6,653640,1312.02,1110.2,60,1114.05,120,281340
2026-04-13T13:16:46.296,NF,BANKNIFTY28APR2655500PE,1113.25,1025.0,1564.3,1025.0,785.6,653700,1312.0,1110.0,150,1113.35,120,281340
2026-04-13T13:16:50.086,NF,BANKNIFTY28APR2655500PE,1114.65,1025.0,1564.3,1025.0,785.6,653730,1311.99,1112.3,60,1115.25,30,281340
2026-04-13T13:16:53.698,NF,BANKNIFTY28APR2655500PE,1116.35,1025.0,1564.3,1025.0,785.6,653820,1311.97,1114.0,120,1117.9,150,281340
2026-04-13T13:16:58.500,NF,BANKNIFTY28APR2655500PE,1118.0,1025.0,1564.3,1025.0,785.6,653850,1311.96,1115.7,120,1118.0,60,281340
2026-04-13T13:16:59.700,NF,BANKNIFTY28APR2655500PE,1120.25,1025.0,1564.3,1025.0,785.6,653940,1311.93,1115.9,90,1119.75,60,281340
2026-04-13T13:17:00.902,NF,BANKNIFTY28APR2655500PE,1118.3,1025.0,1564.3,1025.0,785.6,653970,1311.92,1115.05,150,1119.05,60,281340
2026-04-13T13:17:02.111,NF,BANKNIFTY28APR2655500PE,1119.7,1025.0,1564.3,1025.0,785.6,654030,1311.9,1118.15,30,1121.75,150,281340
2026-04-13T13:17:04.517,NF,BANKNIFTY28APR2655500PE,1121.3,1025.0,1564.3,1025.0,785.6,654120,1311.88,1116.95,120,1120.7,60,281340
2026-04-13T13:17:05.710,NF,BANKNIFTY28APR2655500PE,1120.55,1025.0,1564.3,1025.0,785.6,654240,1311.84,1116.8,30,1120.9,30,281340
2026-04-13T13:17:06.915,NF,BANKNIFTY28APR2655500PE,1120.85,1025.0,1564.3,1025.0,785.6,654330,1311.82,1116.6,150,1120.9,60,281340
2026-04-13T13:17:08.111,NF,BANKNIFTY28APR2655500PE,1116.8,1025.0,1564.3,1025.0,785.6,654360,1311.81,1115.95,330,1118.45,60,281340
2026-04-13T13:17:15.322,NF,BANKNIFTY28APR2655500PE,1114.0,1025.0,1564.3,1025.0,785.6,654390,1311.8,1110.0,150,1112.7,60,281340
2026-04-13T13:17:17.813,NF,BANKNIFTY28APR2655500PE,1110.3,1025.0,1564.3,1025.0,785.6,654600,1311.73,1108.0,30,1110.1,90,281340
2026-04-13T13:17:18.936,NF,BANKNIFTY28APR2655500PE,1110.15,1025.0,1564.3,1025.0,785.6,654630,1311.73,1108.0,30,1110.3,30,281340
2026-04-13T13:17:28.750,NF,BANKNIFTY28APR2655500PE,1112.7,1025.0,1564.3,1025.0,785.6,655110,1311.58,1112.0,60,1116.1,30,284220
2026-04-13T13:17:49.178,NF,BANKNIFTY28APR2655500PE,1109.5,1025.0,1564.3,1025.0,785.6,655140,1311.57,1110.3,90,1114.3,30,284220
2026-04-13T13:18:01.398,NF,BANKNIFTY28APR2655500PE,1118.4,1025.0,1564.3,1025.0,785.6,655170,1311.56,1115.3,90,1118.45,60,284220
2026-04-13T13:18:07.616,NF,BANKNIFTY28APR2655500PE,1111.25,1025.0,1564.3,1025.0,785.6,655230,1311.54,1108.0,60,1111.25,90,284220
2026-04-13T13:18:08.819,NF,BANKNIFTY28APR2655500PE,1105.0,1025.0,1564.3,1025.0,785.6,655410,1311.49,1103.75,30,1108.05,150,284220
2026-04-13T13:18:11.415,NF,BANKNIFTY28APR2655500PE,1107.55,1025.0,1564.3,1025.0,785.6,655440,1311.48,1104.05,30,1107.6,30,284220
2026-04-13T13:18:13.825,NF,BANKNIFTY28APR2655500PE,1108.7,1025.0,1564.3,1025.0,785.6,655470,1311.47,1105.55,30,1109.0,150,284220
2026-04-13T13:18:16.427,NF,BANKNIFTY28APR2655500PE,1102.95,1025.0,1564.3,1025.0,785.6,655650,1311.41,1102.05,60,1105.1,30,284220
2026-04-13T13:18:17.632,NF,BANKNIFTY28APR2655500PE,1104.65,1025.0,1564.3,1025.0,785.6,655740,1311.38,1101.8,30,1105.45,120,284220
2026-04-13T13:18:18.825,NF,BANKNIFTY28APR2655500PE,1104.95,1025.0,1564.3,1025.0,785.6,655770,1311.37,1101.0,90,1104.95,60,284220
2026-04-13T13:18:20.029,NF,BANKNIFTY28APR2655500PE,1104.85,1025.0,1564.3,1025.0,785.6,655950,1311.32,1104.65,30,1108.7,60,284220
2026-04-13T13:18:22.652,NF,BANKNIFTY28APR2655500PE,1107.1,1025.0,1564.3,1025.0,785.6,656010,1311.3,1107.05,30,1110.55,60,284220
2026-04-13T13:18:23.834,NF,BANKNIFTY28APR2655500PE,1106.4,1025.0,1564.3,1025.0,785.6,656040,1311.29,1104.85,90,1109.0,30,284220
2026-04-13T13:18:31.447,NF,BANKNIFTY28APR2655500PE,1110.7,1025.0,1564.3,1025.0,785.6,656070,1311.28,1107.15,30,1110.85,60,284220
2026-04-13T13:18:32.647,NF,BANKNIFTY28APR2655500PE,1110.25,1025.0,1564.3,1025.0,785.6,656100,1311.27,1104.15,30,1108.25,60,284220
2026-04-13T13:18:35.059,NF,BANKNIFTY28APR2655500PE,1107.3,1025.0,1564.3,1025.0,785.6,656190,1311.24,1103.05,120,1107.3,30,284220
2026-04-13T13:18:39.861,NF,BANKNIFTY28APR2655500PE,1104.95,1025.0,1564.3,1025.0,785.6,656250,1311.22,1101.3,120,1105.8,30,284220
2026-04-13T13:18:41.059,NF,BANKNIFTY28APR2655500PE,1105.0,1025.0,1564.3,1025.0,785.6,656310,1311.2,1101.75,120,1105.7,60,284220
2026-04-13T13:18:42.277,NF,BANKNIFTY28APR2655500PE,1104.95,1025.0,1564.3,1025.0,785.6,656340,1311.2,1101.75,30,1105.9,180,284220
2026-04-13T13:18:46.078,NF,BANKNIFTY28APR2655500PE,1103.85,1025.0,1564.3,1025.0,785.6,656370,1311.19,1100.25,60,1104.15,150,284220
2026-04-13T13:18:47.269,NF,BANKNIFTY28APR2655500PE,1105.05,1025.0,1564.3,1025.0,785.6,656400,1311.18,1101.35,60,1105.55,30,284220
2026-04-13T13:18:53.289,NF,BANKNIFTY28APR2655500PE,1098.0,1025.0,1564.3,1025.0,785.6,656520,1311.14,1097.1,150,1101.8,30,284220
2026-04-13T13:19:00.699,NF,BANKNIFTY28APR2655500PE,1093.0,1025.0,1564.3,1025.0,785.6,658110,1310.62,1092.45,30,1096.0,60,284220
2026-04-13T13:19:01.907,NF,BANKNIFTY28APR2655500PE,1092.9,1025.0,1564.3,1025.0,785.6,658140,1310.61,1092.7,60,1096.3,60,284220
2026-04-13T13:19:03.290,NF,BANKNIFTY28APR2655500PE,1095.1,1025.0,1564.3,1025.0,785.6,658320,1310.55,1090.1,60,1093.35,30,284220
2026-04-13T13:19:04.500,NF,BANKNIFTY28APR2655500PE,1090.0,1025.0,1564.3,1025.0,785.6,658350,1310.54,1090.0,90,1093.0,30,284220
2026-04-13T13:19:06.901,NF,BANKNIFTY28APR2655500PE,1090.0,1025.0,1564.3,1025.0,785.6,658440,1310.51,1089.1,60,1092.8,30,284220
2026-04-13T13:19:08.300,NF,BANKNIFTY28APR2655500PE,1089.0,1025.0,1564.3,1025.0,785.6,658530,1310.48,1087.0,30,1089.0,30,284220
2026-04-13T13:19:10.712,NF,BANKNIFTY28APR2655500PE,1093.2,1025.0,1564.3,1025.0,785.6,658560,1310.47,1089.25,30,1091.25,30,284220
2026-04-13T13:19:11.908,NF,BANKNIFTY28APR2655500PE,1089.65,1025.0,1564.3,1025.0,785.6,658590,1310.46,1091.8,120,1095.05,60,284220
2026-04-13T13:19:16.920,NF,BANKNIFTY28APR2655500PE,1093.0,1025.0,1564.3,1025.0,785.6,658710,1310.42,1092.9,30,1094.95,30,284220
2026-04-13T13:19:18.123,NF,BANKNIFTY28APR2655500PE,1095.0,1025.0,1564.3,1025.0,785.6,658800,1310.39,1097.55,30,1101.1,60,284220
2026-04-13T13:19:25.533,NF,BANKNIFTY28APR2655500PE,1096.5,1025.0,1564.3,1025.0,785.6,659100,1310.29,1093.85,60,1098.0,120,284220
2026-04-13T13:19:28.132,NF,BANKNIFTY28APR2655500PE,1094.5,1025.0,1564.3,1025.0,785.6,659160,1310.27,1090.55,30,1094.5,30,284220
2026-04-13T13:19:33.143,NF,BANKNIFTY28APR2655500PE,1095.65,1025.0,1564.3,1025.0,785.6,659190,1310.26,1091.75,60,1095.8,30,284220
2026-04-13T13:19:42.963,NF,BANKNIFTY28APR2655500PE,1096.0,1025.0,1564.3,1025.0,785.6,659280,1310.23,1096.5,30,1100.1,120,284220
2026-04-13T13:19:59.784,NF,BANKNIFTY28APR2655500PE,1093.5,1025.0,1564.3,1025.0,785.6,659340,1310.21,1089.1,90,1092.05,30,284220
2026-04-13T13:20:03.394,NF,BANKNIFTY28APR2655500PE,1092.25,1025.0,1564.3,1025.0,785.6,659430,1310.18,1089.0,30,1092.2,270,284220
2026-04-13T13:20:06.999,NF,BANKNIFTY28APR2655500PE,1091.9,1025.0,1564.3,1025.0,785.6,659820,1310.06,1089.0,120,1091.9,60,284220
2026-04-13T13:20:09.615,NF,BANKNIFTY28APR2655500PE,1086.8,1025.0,1564.3,1025.0,785.6,660150,1309.95,1087.05,150,1088.85,30,284220
2026-04-13T13:20:10.804,NF,BANKNIFTY28APR2655500PE,1088.35,1025.0,1564.3,1025.0,785.6,660390,1309.86,1088.65,60,1092.35,120,284220
2026-04-13T13:20:12.007,NF,BANKNIFTY28APR2655500PE,1093.7,1025.0,1564.3,1025.0,785.6,660540,1309.82,1090.9,120,1094.8,180,284220
2026-04-13T13:20:16.816,NF,BANKNIFTY28APR2655500PE,1090.4,1025.0,1564.3,1025.0,785.6,660570,1309.81,1090.2,150,1094.45,150,284220
2026-04-13T13:20:18.020,NF,BANKNIFTY28APR2655500PE,1091.2,1025.0,1564.3,1025.0,785.6,660600,1309.8,1090.8,120,1094.8,150,284220
2026-04-13T13:20:21.854,NF,BANKNIFTY28APR2655500PE,1091.75,1025.0,1564.3,1025.0,785.6,660630,1309.79,1090.7,60,1094.35,180,284220
2026-04-13T13:20:25.230,NF,BANKNIFTY28APR2655500PE,1080.25,1025.0,1564.3,1025.0,785.6,661350,1309.54,1079.35,90,1083.0,120,284220
2026-04-13T13:20:26.630,NF,BANKNIFTY28APR2655500PE,1084.0,1025.0,1564.3,1025.0,785.6,661500,1309.49,1082.35,30,1084.0,120,284760
2026-04-13T13:20:27.837,NF,BANKNIFTY28APR2655500PE,1086.9,1025.0,1564.3,1025.0,785.6,661740,1309.41,1086.0,90,1089.6,150,284760
2026-04-13T13:20:30.239,NF,BANKNIFTY28APR2655500PE,1087.9,1025.0,1564.3,1025.0,785.6,662070,1309.3,1087.55,60,1090.0,30,284760
2026-04-13T13:20:31.638,NF,BANKNIFTY28APR2655500PE,1088.3,1025.0,1564.3,1025.0,785.6,662430,1309.18,1088.4,30,1092.0,180,284760
2026-04-13T13:20:34.042,NF,BANKNIFTY28APR2655500PE,1087.85,1025.0,1564.3,1025.0,785.6,662520,1309.15,1087.2,30,1091.05,120,284760
2026-04-13T13:20:36.647,NF,BANKNIFTY28APR2655500PE,1091.0,1025.0,1564.3,1025.0,785.6,662580,1309.13,1091.1,30,1094.75,60,284760
2026-04-13T13:20:37.849,NF,BANKNIFTY28APR2655500PE,1091.55,1025.0,1564.3,1025.0,785.6,662610,1309.12,1091.35,120,1094.7,60,284760
2026-04-13T13:20:39.065,NF,BANKNIFTY28APR2655500PE,1092.15,1025.0,1564.3,1025.0,785.6,662730,1309.08,1091.55,30,1095.1,90,284760
2026-04-13T13:20:46.481,NF,BANKNIFTY28APR2655500PE,1096.3,1025.0,1564.3,1025.0,785.6,662760,1309.07,1092.05,30,1096.2,90,284760
2026-04-13T13:20:48.868,NF,BANKNIFTY28APR2655500PE,1096.4,1025.0,1564.3,1025.0,785.6,662790,1309.06,1092.9,60,1096.75,180,284760
2026-04-13T13:20:50.272,NF,BANKNIFTY28APR2655500PE,1099.0,1025.0,1564.3,1025.0,785.6,662850,1309.04,1097.45,150,1100.8,60,284760
2026-04-13T13:20:52.673,NF,BANKNIFTY28APR2655500PE,1096.75,1025.0,1564.3,1025.0,785.6,662880,1309.03,1095.65,30,1099.3,30,284760
2026-04-13T13:20:53.879,NF,BANKNIFTY28APR2655500PE,1099.25,1025.0,1564.3,1025.0,785.6,662910,1309.02,1095.2,90,1098.8,30,284760
2026-04-13T13:20:56.286,NF,BANKNIFTY28APR2655500PE,1094.55,1025.0,1564.3,1025.0,785.6,663030,1308.98,1090.75,60,1094.7,90,284760
2026-04-13T13:21:07.307,NF,BANKNIFTY28APR2655500PE,1098.0,1025.0,1564.3,1025.0,785.6,663090,1308.96,1093.75,60,1097.4,150,284760
2026-04-13T13:21:12.118,NF,BANKNIFTY28APR2655500PE,1098.65,1025.0,1564.3,1025.0,785.6,663150,1308.94,1097.0,150,1100.0,30,284760
2026-04-13T13:21:18.314,NF,BANKNIFTY28APR2655500PE,1093.85,1025.0,1564.3,1025.0,785.6,663210,1308.92,1092.35,90,1096.3,150,284760
2026-04-13T13:21:20.716,NF,BANKNIFTY28APR2655500PE,1096.4,1025.0,1564.3,1025.0,785.6,663240,1308.91,1094.05,30,1098.4,30,284760
2026-04-13T13:21:26.732,NF,BANKNIFTY28APR2655500PE,1090.8,1025.0,1564.3,1025.0,785.6,663450,1308.85,1092.45,150,1095.85,30,284760
2026-04-13T13:21:27.929,NF,BANKNIFTY28APR2655500PE,1092.25,1025.0,1564.3,1025.0,785.6,663480,1308.84,1091.8,90,1095.05,30,284760
2026-04-13T13:21:31.539,NF,BANKNIFTY28APR2655500PE,1095.05,1025.0,1564.3,1025.0,785.6,663630,1308.79,1093.75,60,1097.45,60,284760
2026-04-13T13:21:33.947,NF,BANKNIFTY28APR2655500PE,1098.45,1025.0,1564.3,1025.0,785.6,663690,1308.77,1095.8,60,1099.7,30,284760
2026-04-13T13:21:35.341,NF,BANKNIFTY28APR2655500PE,1095.2,1025.0,1564.3,1025.0,785.6,663750,1308.75,1095.15,60,1098.7,30,284760
2026-04-13T13:21:36.540,NF,BANKNIFTY28APR2655500PE,1095.15,1025.0,1564.3,1025.0,785.6,663780,1308.74,1095.45,60,1098.95,30,284760
2026-04-13T13:21:37.743,NF,BANKNIFTY28APR2655500PE,1095.55,1025.0,1564.3,1025.0,785.6,663840,1308.72,1095.0,120,1098.9,90,284760
2026-04-13T13:21:38.947,NF,BANKNIFTY28APR2655500PE,1100.0,1025.0,1564.3,1025.0,785.6,663930,1308.69,1098.7,60,1102.75,150,284760
2026-04-13T13:21:40.153,NF,BANKNIFTY28APR2655500PE,1097.7,1025.0,1564.3,1025.0,785.6,664020,1308.66,1097.5,30,1101.15,90,284760
2026-04-13T13:21:41.351,NF,BANKNIFTY28APR2655500PE,1100.9,1025.0,1564.3,1025.0,785.6,664050,1308.65,1095.75,120,1099.9,120,284760
2026-04-13T13:21:42.377,NF,BANKNIFTY28APR2655500PE,1096.25,1025.0,1564.3,1025.0,785.6,664080,1308.64,1094.0,120,1098.1,30,284760
2026-04-13T13:21:43.556,NF,BANKNIFTY28APR2655500PE,1094.55,1025.0,1564.3,1025.0,785.6,664110,1308.63,1094.95,30,1098.4,30,284760
2026-04-13T13:21:46.165,NF,BANKNIFTY28APR2655500PE,1094.0,1025.0,1564.3,1025.0,785.6,664200,1308.6,1093.55,60,1097.1,90,284760
2026-04-13T13:21:47.356,NF,BANKNIFTY28APR2655500PE,1095.25,1025.0,1564.3,1025.0,785.6,664230,1308.59,1090.5,90,1094.7,60,284760
2026-04-13T13:21:48.564,NF,BANKNIFTY28APR2655500PE,1094.65,1025.0,1564.3,1025.0,785.6,664320,1308.57,1091.8,60,1095.2,30,284760
2026-04-13T13:21:52.165,NF,BANKNIFTY28APR2655500PE,1091.4,1025.0,1564.3,1025.0,785.6,664500,1308.51,1090.0,30,1092.75,210,284760
2026-04-13T13:21:53.370,NF,BANKNIFTY28APR2655500PE,1090.05,1025.0,1564.3,1025.0,785.6,664530,1308.5,1090.0,30,1093.2,60,284760
2026-04-13T13:21:54.572,NF,BANKNIFTY28APR2655500PE,1091.4,1025.0,1564.3,1025.0,785.6,664560,1308.49,1090.0,120,1093.6,90,284760
2026-04-13T13:22:10.391,NF,BANKNIFTY28APR2655500PE,1099.2,1025.0,1564.3,1025.0,785.6,664590,1308.48,1095.5,120,1099.15,30,284760
2026-04-13T13:22:11.592,NF,BANKNIFTY28APR2655500PE,1095.95,1025.0,1564.3,1025.0,785.6,664620,1308.47,1091.95,60,1096.15,30,284760
2026-04-13T13:22:14.014,NF,BANKNIFTY28APR2655500PE,1092.35,1025.0,1564.3,1025.0,785.6,664680,1308.45,1093.75,60,1097.4,30,284760
2026-04-13T13:22:16.399,NF,BANKNIFTY28APR2655500PE,1098.4,1025.0,1564.3,1025.0,785.6,664710,1308.44,1094.7,120,1098.15,60,284760
2026-04-13T13:22:17.611,NF,BANKNIFTY28APR2655500PE,1093.4,1025.0,1564.3,1025.0,785.6,665130,1308.3,1094.15,90,1097.25,60,284760
2026-04-13T13:22:18.806,NF,BANKNIFTY28APR2655500PE,1097.25,1025.0,1564.3,1025.0,785.6,665220,1308.28,1095.85,90,1100.05,180,284760
2026-04-13T13:22:21.208,NF,BANKNIFTY28APR2655500PE,1096.15,1025.0,1564.3,1025.0,785.6,665280,1308.26,1095.3,30,1099.15,120,284760
2026-04-13T13:22:23.821,NF,BANKNIFTY28APR2655500PE,1096.0,1025.0,1564.3,1025.0,785.6,665310,1308.25,1096.3,240,1099.85,60,284760
2026-04-13T13:22:25.012,NF,BANKNIFTY28APR2655500PE,1096.15,1025.0,1564.3,1025.0,785.6,665340,1308.24,1096.15,30,1098.85,30,284760
2026-04-13T13:22:32.222,NF,BANKNIFTY28APR2655500PE,1098.35,1025.0,1564.3,1025.0,785.6,665370,1308.23,1096.3,60,1099.95,30,284760
2026-04-13T13:22:33.635,NF,BANKNIFTY28APR2655500PE,1099.95,1025.0,1564.3,1025.0,785.6,665400,1308.22,1097.45,60,1101.2,180,284760
2026-04-13T13:22:37.228,NF,BANKNIFTY28APR2655500PE,1102.0,1025.0,1564.3,1025.0,785.6,665460,1308.2,1100.95,150,1104.3,420,284760
2026-04-13T13:22:46.842,NF,BANKNIFTY28APR2655500PE,1107.7,1025.0,1564.3,1025.0,785.6,665550,1308.17,1103.6,30,1107.7,120,284760
2026-04-13T13:22:49.444,NF,BANKNIFTY28APR2655500PE,1106.55,1025.0,1564.3,1025.0,785.6,665610,1308.15,1103.2,90,1107.3,60,284760
2026-04-13T13:22:51.850,NF,BANKNIFTY28APR2655500PE,1102.0,1025.0,1564.3,1025.0,785.6,665820,1308.09,1101.1,30,1104.7,60,284760
2026-04-13T13:22:53.048,NF,BANKNIFTY28APR2655500PE,1105.65,1025.0,1564.3,1025.0,785.6,666060,1308.02,1101.2,30,1105.5,150,284760
2026-04-13T13:22:54.260,NF,BANKNIFTY28APR2655500PE,1105.0,1025.0,1564.3,1025.0,785.6,666240,1307.96,1101.15,60,1105.35,150,284760
2026-04-13T13:23:05.267,NF,BANKNIFTY28APR2655500PE,1116.0,1025.0,1564.3,1025.0,785.6,666330,1307.94,1113.8,150,1116.0,1110,284760
2026-04-13T13:23:07.679,NF,BANKNIFTY28APR2655500PE,1111.5,1025.0,1564.3,1025.0,785.6,666390,1307.92,1109.75,30,1113.65,120,284760
2026-04-13T13:23:08.876,NF,BANKNIFTY28APR2655500PE,1114.0,1025.0,1564.3,1025.0,785.6,666420,1307.91,1111.05,30,1114.7,150,284760
2026-04-13T13:23:10.075,NF,BANKNIFTY28APR2655500PE,1114.75,1025.0,1564.3,1025.0,785.6,666750,1307.81,1111.5,120,1115.45,90,284760
2026-04-13T13:23:12.682,NF,BANKNIFTY28APR2655500PE,1114.65,1025.0,1564.3,1025.0,785.6,666780,1307.81,1110.0,60,1113.1,60,284760
2026-04-13T13:23:13.900,NF,BANKNIFTY28APR2655500PE,1107.25,1025.0,1564.3,1025.0,785.6,666960,1307.75,1104.1,30,1107.65,120,284760
2026-04-13T13:23:15.079,NF,BANKNIFTY28APR2655500PE,1107.7,1025.0,1564.3,1025.0,785.6,666990,1307.74,1102.6,90,1106.25,270,284760
2026-04-13T13:23:18.702,NF,BANKNIFTY28APR2655500PE,1104.0,1025.0,1564.3,1025.0,785.6,667020,1307.73,1100.1,90,1103.4,150,284760
2026-04-13T13:23:24.896,NF,BANKNIFTY28APR2655500PE,1106.65,1025.0,1564.3,1025.0,785.6,667050,1307.72,1101.85,60,1106.0,150,284760
2026-04-13T13:23:28.504,NF,BANKNIFTY28APR2655500PE,1105.8,1025.0,1564.3,1025.0,785.6,667080,1307.72,1101.9,30,1105.6,30,285300
2026-04-13T13:23:35.914,NF,BANKNIFTY28APR2655500PE,1106.05,1025.0,1564.3,1025.0,785.6,667110,1307.71,1102.15,60,1105.9,180,285300
2026-04-13T13:23:38.119,NF,BANKNIFTY28APR2655500PE,1106.05,1025.0,1564.3,1025.0,785.6,667140,1307.7,1102.55,150,1106.9,270,285300
2026-04-13T13:23:40.522,NF,BANKNIFTY28APR2655500PE,1106.3,1025.0,1564.3,1025.0,785.6,667170,1307.69,1102.5,30,1106.2,150,285300
2026-04-13T13:23:41.723,NF,BANKNIFTY28APR2655500PE,1105.8,1025.0,1564.3,1025.0,785.6,667800,1307.5,1102.1,120,1105.85,150,285300
2026-04-13T13:23:57.744,NF,BANKNIFTY28APR2655500PE,1107.75,1025.0,1564.3,1025.0,785.6,667860,1307.48,1105.8,30,1108.75,120,285300
2026-04-13T13:23:58.947,NF,BANKNIFTY28APR2655500PE,1108.6,1025.0,1564.3,1025.0,785.6,667890,1307.47,1105.8,30,1108.5,120,285300
2026-04-13T13:24:02.558,NF,BANKNIFTY28APR2655500PE,1108.25,1025.0,1564.3,1025.0,785.6,667950,1307.45,1105.8,60,1108.4,30,285300
2026-04-13T13:24:15.771,NF,BANKNIFTY28APR2655500PE,1110.4,1025.0,1564.3,1025.0,785.6,668490,1307.29,1112.4,30,1114.75,30,285300
2026-04-13T13:24:16.971,NF,BANKNIFTY28APR2655500PE,1112.5,1025.0,1564.3,1025.0,785.6,668520,1307.28,1111.85,60,1114.75,30,285300
2026-04-13T13:24:26.585,NF,BANKNIFTY28APR2655500PE,1112.5,1025.0,1564.3,1025.0,785.6,668550,1307.28,1112.45,30,1114.3,60,285300
2026-04-13T13:24:27.788,NF,BANKNIFTY28APR2655500PE,1112.3,1025.0,1564.3,1025.0,785.6,668640,1307.25,1109.3,30,1113.15,150,285300
2026-04-13T13:24:37.402,NF,BANKNIFTY28APR2655500PE,1112.45,1025.0,1564.3,1025.0,785.6,668700,1307.23,1112.3,30,1114.75,30,285300
2026-04-13T13:24:38.606,NF,BANKNIFTY28APR2655500PE,1110.0,1025.0,1564.3,1025.0,785.6,668910,1307.17,1108.05,60,1111.95,60,285300
2026-04-13T13:24:40.212,NF,BANKNIFTY28APR2655500PE,1112.3,1025.0,1564.3,1025.0,785.6,669060,1307.13,1108.4,30,1112.4,30,285300
2026-04-13T13:24:45.024,NF,BANKNIFTY28APR2655500PE,1105.8,1025.0,1564.3,1025.0,785.6,669300,1307.06,1106.3,30,1108.5,30,285300
2026-04-13T13:24:51.223,NF,BANKNIFTY28APR2655500PE,1110.6,1025.0,1564.3,1025.0,785.6,669450,1307.01,1107.0,30,1111.15,150,285300
2026-04-13T13:24:56.032,NF,BANKNIFTY28APR2655500PE,1108.75,1025.0,1564.3,1025.0,785.6,669480,1307.0,1106.05,180,1110.1,120,285300
2026-04-13T13:25:02.047,NF,BANKNIFTY28APR2655500PE,1110.05,1025.0,1564.3,1025.0,785.6,669540,1306.99,1105.0,90,1108.25,120,285300
2026-04-13T13:25:06.853,NF,BANKNIFTY28APR2655500PE,1105.0,1025.0,1564.3,1025.0,785.6,669600,1306.97,1105.0,60,1107.25,120,285300
2026-04-13T13:25:09.251,NF,BANKNIFTY28APR2655500PE,1100.0,1025.0,1564.3,1025.0,785.6,670020,1306.84,1100.0,90,1101.5,30,285300
2026-04-13T13:25:10.455,NF,BANKNIFTY28APR2655500PE,1100.0,1025.0,1564.3,1025.0,785.6,670050,1306.83,1100.0,60,1100.85,30,285300
2026-04-13T13:25:11.661,NF,BANKNIFTY28APR2655500PE,1100.0,1025.0,1564.3,1025.0,785.6,670080,1306.82,1100.0,30,1100.75,30,285300
2026-04-13T13:25:13.057,NF,BANKNIFTY28APR2655500PE,1100.0,1025.0,1564.3,1025.0,785.6,670110,1306.81,1096.4,60,1099.85,150,285300
2026-04-13T13:25:21.690,NF,BANKNIFTY28APR2655500PE,1100.35,1025.0,1564.3,1025.0,785.6,670140,1306.8,1100.1,30,1103.25,90,285300
2026-04-13T13:25:27.494,NF,BANKNIFTY28APR2655500PE,1102.0,1025.0,1564.3,1025.0,785.6,670200,1306.78,1098.2,30,1101.25,60,285300
2026-04-13T13:25:30.695,NF,BANKNIFTY28APR2655500PE,1100.0,1025.0,1564.3,1025.0,785.6,670230,1306.77,1099.45,30,1103.6,30,285300
2026-04-13T13:25:33.097,NF,BANKNIFTY28APR2655500PE,1099.9,1025.0,1564.3,1025.0,785.6,670260,1306.77,1100.1,30,1102.0,30,285300
2026-04-13T13:25:41.302,NF,BANKNIFTY28APR2655500PE,1101.4,1025.0,1564.3,1025.0,785.6,670650,1306.65,1102.0,180,1104.75,30,285300
2026-04-13T13:25:42.510,NF,BANKNIFTY28APR2655500PE,1104.75,1025.0,1564.3,1025.0,785.6,670680,1306.64,1103.75,150,1107.6,30,285300
2026-04-13T13:25:46.117,NF,BANKNIFTY28APR2655500PE,1118.05,1025.0,1564.3,1025.0,785.6,672540,1306.11,1114.8,120,1118.5,60,285300
2026-04-13T13:25:48.715,NF,BANKNIFTY28APR2655500PE,1113.15,1025.0,1564.3,1025.0,785.6,672660,1306.08,1111.8,120,1115.6,30,285300
2026-04-13T13:25:51.118,NF,BANKNIFTY28APR2655500PE,1112.15,1025.0,1564.3,1025.0,785.6,672720,1306.06,1111.8,90,1115.15,90,285300
2026-04-13T13:25:52.322,NF,BANKNIFTY28APR2655500PE,1113.05,1025.0,1564.3,1025.0,785.6,672750,1306.05,1112.35,90,1115.9,90,285300
2026-04-13T13:25:54.725,NF,BANKNIFTY28APR2655500PE,1111.35,1025.0,1564.3,1025.0,785.6,672780,1306.04,1111.15,30,1114.1,150,285300
2026-04-13T13:25:57.146,NF,BANKNIFTY28APR2655500PE,1109.3,1025.0,1564.3,1025.0,785.6,672840,1306.02,1108.3,30,1111.75,240,285300
2026-04-13T13:26:02.138,NF,BANKNIFTY28APR2655500PE,1107.95,1025.0,1564.3,1025.0,785.6,672930,1306.0,1107.85,60,1110.5,120,285300
2026-04-13T13:26:03.141,NF,BANKNIFTY28APR2655500PE,1110.55,1025.0,1564.3,1025.0,785.6,673080,1305.95,1108.0,30,1110.5,90,285300
2026-04-13T13:26:05.543,NF,BANKNIFTY28APR2655500PE,1109.0,1025.0,1564.3,1025.0,785.6,673170,1305.93,1107.45,90,1108.9,30,285300
2026-04-13T13:26:06.745,NF,BANKNIFTY28APR2655500PE,1109.2,1025.0,1564.3,1025.0,785.6,673290,1305.89,1108.5,30,1112.35,30,285300
2026-04-13T13:26:07.945,NF,BANKNIFTY28APR2655500PE,1108.8,1025.0,1564.3,1025.0,785.6,673350,1305.87,1109.1,90,1112.5,60,285300
2026-04-13T13:26:09.153,NF,BANKNIFTY28APR2655500PE,1108.85,1025.0,1564.3,1025.0,785.6,673380,1305.87,1111.5,30,1113.5,30,285300
2026-04-13T13:26:10.353,NF,BANKNIFTY28APR2655500PE,1111.5,1025.0,1564.3,1025.0,785.6,673410,1305.86,1111.35,240,1113.9,60,285300
2026-04-13T13:26:13.964,NF,BANKNIFTY28APR2655500PE,1109.5,1025.0,1564.3,1025.0,785.6,673440,1305.85,1110.0,30,1112.75,30,285300
2026-04-13T13:26:21.161,NF,BANKNIFTY28APR2655500PE,1107.45,1025.0,1564.3,1025.0,785.6,673530,1305.82,1106.1,150,1109.9,60,285300
2026-04-13T13:26:31.980,NF,BANKNIFTY28APR2655500PE,1105.5,1025.0,1564.3,1025.0,785.6,673770,1305.75,1106.35,30,1109.75,30,286380
2026-04-13T13:26:33.182,NF,BANKNIFTY28APR2655500PE,1111.4,1025.0,1564.3,1025.0,785.6,673830,1305.73,1108.6,90,1112.8,30,286380
2026-04-13T13:26:36.790,NF,BANKNIFTY28APR2655500PE,1107.3,1025.0,1564.3,1025.0,785.6,674100,1305.65,1107.2,30,1110.45,60,286380
2026-04-13T13:26:37.996,NF,BANKNIFTY28APR2655500PE,1110.5,1025.0,1564.3,1025.0,785.6,674130,1305.65,1109.8,30,1113.45,90,286380
2026-04-13T13:26:39.189,NF,BANKNIFTY28APR2655500PE,1115.6,1025.0,1564.3,1025.0,785.6,674490,1305.54,1116.5,30,1119.85,180,286380
2026-04-13T13:26:45.602,NF,BANKNIFTY28APR2655500PE,1119.85,1025.0,1564.3,1025.0,785.6,674550,1305.53,1116.0,30,1119.85,120,286380
2026-04-13T13:26:46.802,NF,BANKNIFTY28APR2655500PE,1119.2,1025.0,1564.3,1025.0,785.6,674610,1305.51,1114.95,90,1118.75,120,286380
2026-04-13T13:26:54.215,NF,BANKNIFTY28APR2655500PE,1119.3,1025.0,1564.3,1025.0,785.6,674640,1305.5,1115.4,60,1119.25,60,286380
2026-04-13T13:26:59.229,NF,BANKNIFTY28APR2655500PE,1120.0,1025.0,1564.3,1025.0,785.6,674970,1305.41,1118.75,120,1122.9,120,286380
2026-04-13T13:27:01.840,NF,BANKNIFTY28APR2655500PE,1117.8,1025.0,1564.3,1025.0,785.6,675300,1305.32,1117.5,90,1120.0,30,286380
2026-04-13T13:27:03.028,NF,BANKNIFTY28APR2655500PE,1118.35,1025.0,1564.3,1025.0,785.6,675390,1305.3,1114.5,30,1118.55,210,286380
2026-04-13T13:27:06.842,NF,BANKNIFTY28APR2655500PE,1122.0,1025.0,1564.3,1025.0,785.6,675510,1305.26,1120.2,60,1122.85,60,286380
2026-04-13T13:27:08.036,NF,BANKNIFTY28APR2655500PE,1120.55,1025.0,1564.3,1025.0,785.6,675600,1305.24,1120.25,90,1123.0,30,286380
2026-04-13T13:27:09.251,NF,BANKNIFTY28APR2655500PE,1122.95,1025.0,1564.3,1025.0,785.6,675720,1305.21,1120.2,60,1123.0,90,286380
2026-04-13T13:27:10.443,NF,BANKNIFTY28APR2655500PE,1122.65,1025.0,1564.3,1025.0,785.6,675750,1305.2,1120.2,60,1123.0,30,286380
2026-04-13T13:27:11.657,NF,BANKNIFTY28APR2655500PE,1120.2,1025.0,1564.3,1025.0,785.6,675810,1305.18,1120.2,30,1122.6,90,286380
2026-04-13T13:27:13.044,NF,BANKNIFTY28APR2655500PE,1120.2,1025.0,1564.3,1025.0,785.6,675840,1305.17,1117.4,30,1121.25,60,286380
2026-04-13T13:27:15.456,NF,BANKNIFTY28APR2655500PE,1122.5,1025.0,1564.3,1025.0,785.6,675870,1305.17,1115.6,30,1118.45,90,286380
2026-04-13T13:27:16.687,NF,BANKNIFTY28APR2655500PE,1115.6,1025.0,1564.3,1025.0,785.6,675900,1305.16,1113.1,60,1117.05,150,286380
2026-04-13T13:27:18.060,NF,BANKNIFTY28APR2655500PE,1114.2,1025.0,1564.3,1025.0,785.6,675930,1305.15,1110.5,150,1114.45,60,286380
2026-04-13T13:27:19.256,NF,BANKNIFTY28APR2655500PE,1114.8,1025.0,1564.3,1025.0,785.6,675990,1305.13,1112.0,30,1116.3,60,286380
2026-04-13T13:27:21.664,NF,BANKNIFTY28APR2655500PE,1112.3,1025.0,1564.3,1025.0,785.6,676200,1305.07,1112.65,120,1117.0,30,286380
2026-04-13T13:27:24.269,NF,BANKNIFTY28APR2655500PE,1114.8,1025.0,1564.3,1025.0,785.6,676230,1305.06,1112.0,60,1115.9,30,286380
2026-04-13T13:27:26.672,NF,BANKNIFTY28APR2655500PE,1111.3,1025.0,1564.3,1025.0,785.6,676260,1305.06,1110.75,120,1115.0,90,286380
2026-04-13T13:27:28.069,NF,BANKNIFTY28APR2655500PE,1115.3,1025.0,1564.3,1025.0,785.6,676290,1305.05,1111.15,120,1115.35,60,286380
2026-04-13T13:27:30.483,NF,BANKNIFTY28APR2655500PE,1112.2,1025.0,1564.3,1025.0,785.6,676350,1305.03,1113.4,120,1117.7,150,286380
2026-04-13T13:27:36.691,NF,BANKNIFTY28APR2655500PE,1117.45,1025.0,1564.3,1025.0,785.6,676380,1305.02,1113.3,60,1117.2,120,286380
2026-04-13T13:27:43.901,NF,BANKNIFTY28APR2655500PE,1119.1,1025.0,1564.3,1025.0,785.6,677280,1304.77,1114.8,150,1118.65,30,286380
2026-04-13T13:27:47.513,NF,BANKNIFTY28APR2655500PE,1112.7,1025.0,1564.3,1025.0,785.6,677310,1304.77,1111.2,60,1116.3,120,286380
2026-04-13T13:28:11.743,NF,BANKNIFTY28APR2655500PE,1110.0,1025.0,1564.3,1025.0,785.6,677340,1304.76,1107.2,150,1111.3,30,286380
2026-04-13T13:28:12.951,NF,BANKNIFTY28APR2655500PE,1111.65,1025.0,1564.3,1025.0,785.6,678060,1304.55,1106.25,30,1109.95,60,286380
2026-04-13T13:28:15.400,NF,BANKNIFTY28APR2655500PE,1106.0,1025.0,1564.3,1025.0,785.6,678090,1304.54,1106.9,150,1110.65,90,286380
2026-04-13T13:28:19.163,NF,BANKNIFTY28APR2655500PE,1106.6,1025.0,1564.3,1025.0,785.6,678240,1304.5,1106.3,90,1109.95,150,286380
2026-04-13T13:28:23.969,NF,BANKNIFTY28APR2655500PE,1110.45,1025.0,1564.3,1025.0,785.6,678450,1304.44,1106.95,120,1110.75,60,286380
2026-04-13T13:28:32.579,NF,BANKNIFTY28APR2655500PE,1112.7,1025.0,1564.3,1025.0,785.6,678540,1304.41,1108.95,150,1113.1,120,286380
2026-04-13T13:28:36.191,NF,BANKNIFTY28APR2655500PE,1110.3,1025.0,1564.3,1025.0,785.6,678570,1304.4,1106.45,150,1110.4,60,286380
2026-04-13T13:28:39.798,NF,BANKNIFTY28APR2655500PE,1109.8,1025.0,1564.3,1025.0,785.6,678690,1304.37,1106.8,180,1110.3,60,286380
2026-04-13T13:28:42.203,NF,BANKNIFTY28APR2655500PE,1109.4,1025.0,1564.3,1025.0,785.6,678720,1304.36,1105.7,210,1109.25,150,286380
2026-04-13T13:28:52.202,NF,BANKNIFTY28APR2655500PE,1110.3,1025.0,1564.3,1025.0,785.6,678810,1304.34,1107.1,120,1110.45,90,286380
2026-04-13T13:28:53.404,NF,BANKNIFTY28APR2655500PE,1110.45,1025.0,1564.3,1025.0,785.6,678840,1304.33,1107.8,120,1110.45,30,286380
2026-04-13T13:28:54.804,NF,BANKNIFTY28APR2655500PE,1106.5,1025.0,1564.3,1025.0,785.6,678870,1304.32,1107.0,90,1110.2,30,286380
2026-04-13T13:28:57.211,NF,BANKNIFTY28APR2655500PE,1106.5,1025.0,1564.3,1025.0,785.6,678900,1304.31,1105.35,120,1109.55,30,286380
2026-04-13T13:28:58.411,NF,BANKNIFTY28APR2655500PE,1105.3,1025.0,1564.3,1025.0,785.6,678930,1304.3,1104.85,150,1108.5,60,286380
2026-04-13T13:29:01.023,NF,BANKNIFTY28APR2655500PE,1104.55,1025.0,1564.3,1025.0,785.6,678960,1304.29,1104.0,30,1107.5,60,286380
2026-04-13T13:29:02.232,NF,BANKNIFTY28APR2655500PE,1107.5,1025.0,1564.3,1025.0,785.6,679020,1304.27,1104.05,90,1107.7,60,286380
2026-04-13T13:29:04.818,NF,BANKNIFTY28APR2655500PE,1104.0,1025.0,1564.3,1025.0,785.6,679110,1304.25,1101.4,120,1104.0,30,286380
2026-04-13T13:29:06.022,NF,BANKNIFTY28APR2655500PE,1101.7,1025.0,1564.3,1025.0,785.6,679140,1304.24,1101.05,150,1104.0,30,286380
2026-04-13T13:29:07.222,NF,BANKNIFTY28APR2655500PE,1104.0,1025.0,1564.3,1025.0,785.6,679170,1304.23,1102.35,120,1105.0,30,286380
2026-04-13T13:29:08.432,NF,BANKNIFTY28APR2655500PE,1102.15,1025.0,1564.3,1025.0,785.6,679260,1304.2,1102.75,90,1105.0,30,286380
2026-04-13T13:29:09.830,NF,BANKNIFTY28APR2655500PE,1104.55,1025.0,1564.3,1025.0,785.6,679320,1304.19,1104.55,30,1107.75,120,286380
2026-04-13T13:29:12.229,NF,BANKNIFTY28APR2655500PE,1109.8,1025.0,1564.3,1025.0,785.6,680400,1303.88,1105.65,150,1109.75,30,286380
2026-04-13T13:29:13.432,NF,BANKNIFTY28APR2655500PE,1109.6,1025.0,1564.3,1025.0,785.6,681510,1303.56,1109.6,450,1110.0,60,286380
2026-04-13T13:29:14.847,NF,BANKNIFTY28APR2655500PE,1110.0,1025.0,1564.3,1025.0,785.6,682110,1303.39,1107.95,90,1111.65,30,286380
2026-04-13T13:29:22.251,NF,BANKNIFTY28APR2655500PE,1109.25,1025.0,1564.3,1025.0,785.6,682710,1303.22,1107.85,450,1109.35,30,286380
2026-04-13T13:29:23.473,NF,BANKNIFTY28APR2655500PE,1110.95,1025.0,1564.3,1025.0,785.6,684390,1302.75,1109.4,390,1110.95,120,286380
2026-04-13T13:29:24.737,NF,BANKNIFTY28APR2655500PE,1112.5,1025.0,1564.3,1025.0,785.6,685470,1302.45,1110.65,450,1112.6,30,286380
2026-04-13T13:29:25.861,NF,BANKNIFTY28APR2655500PE,1111.75,1025.0,1564.3,1025.0,785.6,687090,1302.0,1111.75,420,1112.65,60,286380
2026-04-13T13:29:27.247,NF,BANKNIFTY28APR2655500PE,1114.8,1025.0,1564.3,1025.0,785.6,688920,1301.5,1111.3,120,1114.65,60,286380
2026-04-13T13:29:28.477,NF,BANKNIFTY28APR2655500PE,1114.6,1025.0,1564.3,1025.0,785.6,689490,1301.34,1114.6,450,1116.65,30,286380
2026-04-13T13:29:29.657,NF,BANKNIFTY28APR2655500PE,1111.9,1025.0,1564.3,1025.0,785.6,689520,1301.34,1111.95,120,1114.95,30,296880
2026-04-13T13:29:30.948,NF,BANKNIFTY28APR2655500PE,1111.75,1025.0,1564.3,1025.0,785.6,689580,1301.32,1111.0,30,1114.5,90,296880
2026-04-13T13:29:32.274,NF,BANKNIFTY28APR2655500PE,1111.6,1025.0,1564.3,1025.0,785.6,689640,1301.3,1111.1,180,1113.75,30,296880
2026-04-13T13:29:33.466,NF,BANKNIFTY28APR2655500PE,1112.05,1025.0,1564.3,1025.0,785.6,689730,1301.28,1111.6,90,1114.95,30,296880
2026-04-13T13:29:34.674,NF,BANKNIFTY28APR2655500PE,1113.5,1025.0,1564.3,1025.0,785.6,689760,1301.27,1113.65,120,1116.55,30,296880
2026-04-13T13:29:35.866,NF,BANKNIFTY28APR2655500PE,1117.95,1025.0,1564.3,1025.0,785.6,690390,1301.1,1114.35,30,1118.4,30,296880
2026-04-13T13:29:39.869,NF,BANKNIFTY28APR2655500PE,1114.8,1025.0,1564.3,1025.0,785.6,690420,1301.09,1114.55,60,1117.25,30,296880
2026-04-13T13:29:42.480,NF,BANKNIFTY28APR2655500PE,1114.55,1025.0,1564.3,1025.0,785.6,690450,1301.09,1112.8,60,1114.55,30,296880
2026-04-13T13:29:43.684,NF,BANKNIFTY28APR2655500PE,1114.7,1025.0,1564.3,1025.0,785.6,690570,1301.05,1114.1,120,1117.45,30,296880
2026-04-13T13:29:49.883,NF,BANKNIFTY28APR2655500PE,1113.3,1025.0,1564.3,1025.0,785.6,690600,1301.05,1113.15,120,1115.8,30,296880
2026-04-13T13:29:56.096,NF,BANKNIFTY28APR2655500PE,1114.05,1025.0,1564.3,1025.0,785.6,690630,1301.04,1114.25,30,1117.1,30,296880
2026-04-13T13:29:58.502,NF,BANKNIFTY28APR2655500PE,1118.35,1025.0,1564.3,1025.0,785.6,690720,1301.01,1118.15,60,1122.1,30,296880
2026-04-13T13:29:59.706,NF,BANKNIFTY28APR2655500PE,1121.7,1025.0,1564.3,1025.0,785.6,690750,1301.01,1117.7,90,1121.2,60,296880
2026-04-13T13:30:09.719,NF,BANKNIFTY28APR2655500PE,1114.0,1025.0,1564.3,1025.0,785.6,690810,1300.99,1111.4,60,1113.9,30,296880
2026-04-13T13:30:12.134,NF,BANKNIFTY28APR2655500PE,1113.0,1025.0,1564.3,1025.0,785.6,690960,1300.95,1110.3,30,1113.35,90,296880
2026-04-13T13:30:14.531,NF,BANKNIFTY28APR2655500PE,1107.85,1025.0,1564.3,1025.0,785.6,691110,1300.91,1103.95,90,1107.3,30,296880
2026-04-13T13:30:15.946,NF,BANKNIFTY28APR2655500PE,1103.85,1025.0,1564.3,1025.0,785.6,691170,1300.89,1103.85,30,1106.6,30,296880
2026-04-13T13:30:17.134,NF,BANKNIFTY28APR2655500PE,1103.6,1025.0,1564.3,1025.0,785.6,691230,1300.87,1103.6,30,1106.6,90,296880
2026-04-13T13:30:18.338,NF,BANKNIFTY28APR2655500PE,1103.9,1025.0,1564.3,1025.0,785.6,691560,1300.78,1101.0,60,1103.95,30,296880
2026-04-13T13:30:19.538,NF,BANKNIFTY28APR2655500PE,1101.0,1025.0,1564.3,1025.0,785.6,691620,1300.76,1101.0,30,1103.95,30,296880
2026-04-13T13:30:20.946,NF,BANKNIFTY28APR2655500PE,1101.0,1025.0,1564.3,1025.0,785.6,691650,1300.75,1101.0,60,1103.75,60,296880
2026-04-13T13:30:22.146,NF,BANKNIFTY28APR2655500PE,1100.4,1025.0,1564.3,1025.0,785.6,691740,1300.73,1100.4,60,1103.4,30,296880
2026-04-13T13:30:23.414,NF,BANKNIFTY28APR2655500PE,1100.55,1025.0,1564.3,1025.0,785.6,691800,1300.71,1100.15,60,1103.4,30,296880
2026-04-13T13:30:24.566,NF,BANKNIFTY28APR2655500PE,1100.35,1025.0,1564.3,1025.0,785.6,691830,1300.7,1100.1,60,1103.3,60,296880
2026-04-13T13:30:25.756,NF,BANKNIFTY28APR2655500PE,1100.1,1025.0,1564.3,1025.0,785.6,692160,1300.61,1100.45,90,1103.3,60,296880
2026-04-13T13:30:27.147,NF,BANKNIFTY28APR2655500PE,1100.45,1025.0,1564.3,1025.0,785.6,692190,1300.6,1100.45,60,1103.3,60,296880
2026-04-13T13:30:29.555,NF,BANKNIFTY28APR2655500PE,1101.1,1025.0,1564.3,1025.0,785.6,692310,1300.56,1100.0,120,1101.15,30,296880
2026-04-13T13:30:37.168,NF,BANKNIFTY28APR2655500PE,1102.0,1025.0,1564.3,1025.0,785.6,692340,1300.55,1101.65,90,1104.75,90,296880
2026-04-13T13:30:39.376,NF,BANKNIFTY28APR2655500PE,1104.7,1025.0,1564.3,1025.0,785.6,692370,1300.55,1106.0,180,1110.1,30,296880
2026-04-13T13:30:40.599,NF,BANKNIFTY28APR2655500PE,1106.55,1025.0,1564.3,1025.0,785.6,692400,1300.54,1105.3,30,1108.75,60,296880
2026-04-13T13:30:49.384,NF,BANKNIFTY28APR2655500PE,1106.7,1025.0,1564.3,1025.0,785.6,692460,1300.52,1109.25,120,1113.65,30,296880
2026-04-13T13:30:51.996,NF,BANKNIFTY28APR2655500PE,1107.0,1025.0,1564.3,1025.0,785.6,692490,1300.51,1104.45,60,1108.25,30,296880
2026-04-13T13:31:00.609,NF,BANKNIFTY28APR2655500PE,1107.0,1025.0,1564.3,1025.0,785.6,692520,1300.5,1105.45,240,1108.15,30,296880
2026-04-13T13:31:08.213,NF,BANKNIFTY28APR2655500PE,1107.0,1025.0,1564.3,1025.0,785.6,692550,1300.49,1106.45,120,1109.6,30,296880
2026-04-13T13:31:11.821,NF,BANKNIFTY28APR2655500PE,1109.85,1025.0,1564.3,1025.0,785.6,692640,1300.47,1106.65,90,1110.2,30,296880
2026-04-13T13:31:14.431,NF,BANKNIFTY28APR2655500PE,1106.9,1025.0,1564.3,1025.0,785.6,692880,1300.4,1106.85,60,1110.15,30,296880
2026-04-13T13:31:15.636,NF,BANKNIFTY28APR2655500PE,1106.9,1025.0,1564.3,1025.0,785.6,693120,1300.34,1105.05,90,1108.25,30,296880
2026-04-13T13:31:18.238,NF,BANKNIFTY28APR2655500PE,1105.8,1025.0,1564.3,1025.0,785.6,693450,1300.24,1101.9,150,1105.35,30,296880
2026-04-13T13:31:20.636,NF,BANKNIFTY28APR2655500PE,1103.0,1025.0,1564.3,1025.0,785.6,693480,1300.23,1103.1,270,1106.45,60,296880
2026-04-13T13:31:26.843,NF,BANKNIFTY28APR2655500PE,1106.9,1025.0,1564.3,1025.0,785.6,693510,1300.23,1106.9,270,1108.55,30,296880
2026-04-13T13:31:29.446,NF,BANKNIFTY28APR2655500PE,1107.9,1025.0,1564.3,1025.0,785.6,693540,1300.22,1108.2,120,1113.75,90,296880
2026-04-13T13:31:30.650,NF,BANKNIFTY28APR2655500PE,1109.6,1025.0,1564.3,1025.0,785.6,693630,1300.19,1108.05,120,1111.85,30,296880
2026-04-13T13:31:36.860,NF,BANKNIFTY28APR2655500PE,1106.9,1025.0,1564.3,1025.0,785.6,693780,1300.15,1106.9,270,1110.2,30,296880
2026-04-13T13:31:38.063,NF,BANKNIFTY28APR2655500PE,1106.9,1025.0,1564.3,1025.0,785.6,693810,1300.14,1106.9,240,1109.85,120,296880
2026-04-13T13:31:40.466,NF,BANKNIFTY28APR2655500PE,1109.6,1025.0,1564.3,1025.0,785.6,693900,1300.12,1106.9,210,1109.35,60,296880
2026-04-13T13:31:41.683,NF,BANKNIFTY28APR2655500PE,1106.9,1025.0,1564.3,1025.0,785.6,693930,1300.11,1106.9,180,1108.65,30,296880
2026-04-13T13:31:47.877,NF,BANKNIFTY28APR2655500PE,1104.25,1025.0,1564.3,1025.0,785.6,694170,1300.04,1101.1,60,1103.35,30,296880
2026-04-13T13:31:50.478,NF,BANKNIFTY28APR2655500PE,1101.1,1025.0,1564.3,1025.0,785.6,694200,1300.03,1101.1,60,1103.15,30,296880
2026-04-13T13:31:51.688,NF,BANKNIFTY28APR2655500PE,1101.45,1025.0,1564.3,1025.0,785.6,694260,1300.02,1101.15,90,1104.0,30,296880
2026-04-13T13:31:52.887,NF,BANKNIFTY28APR2655500PE,1101.15,1025.0,1564.3,1025.0,785.6,694290,1300.01,1101.15,90,1103.9,30,296880
2026-04-13T13:31:55.495,NF,BANKNIFTY28APR2655500PE,1101.1,1025.0,1564.3,1025.0,785.6,694320,1300.0,1100.05,30,1101.55,60,296880
2026-04-13T13:31:56.706,NF,BANKNIFTY28APR2655500PE,1092.05,1025.0,1564.3,1025.0,785.6,696510,1299.36,1093.15,60,1094.9,30,296880
2026-04-13T13:31:57.891,NF,BANKNIFTY28APR2655500PE,1095.0,1025.0,1564.3,1025.0,785.6,696600,1299.33,1095.0,90,1097.65,60,296880
2026-04-13T13:31:59.092,NF,BANKNIFTY28APR2655500PE,1091.6,1025.0,1564.3,1025.0,785.6,696720,1299.3,1090.3,150,1093.65,60,296880
2026-04-13T13:32:00.492,NF,BANKNIFTY28APR2655500PE,1091.7,1025.0,1564.3,1025.0,785.6,697110,1299.18,1091.8,60,1094.95,60,296880
2026-04-13T13:32:02.897,NF,BANKNIFTY28APR2655500PE,1092.2,1025.0,1564.3,1025.0,785.6,697200,1299.16,1092.3,90,1095.3,30,296880
2026-04-13T13:32:04.099,NF,BANKNIFTY28APR2655500PE,1091.95,1025.0,1564.3,1025.0,785.6,697290,1299.13,1091.7,30,1094.85,60,296880
2026-04-13T13:32:05.500,NF,BANKNIFTY28APR2655500PE,1091.7,1025.0,1564.3,1025.0,785.6,697350,1299.11,1091.7,60,1094.25,30,296880
2026-04-13T13:32:06.706,NF,BANKNIFTY28APR2655500PE,1091.75,1025.0,1564.3,1025.0,785.6,697380,1299.1,1092.65,90,1095.85,30,296880
2026-04-13T13:32:07.914,NF,BANKNIFTY28APR2655500PE,1092.15,1025.0,1564.3,1025.0,785.6,697560,1299.05,1092.4,60,1095.5,60,296880
2026-04-13T13:32:09.105,NF,BANKNIFTY28APR2655500PE,1092.8,1025.0,1564.3,1025.0,785.6,697890,1298.95,1092.6,180,1095.5,30,296880
2026-04-13T13:32:15.311,NF,BANKNIFTY28APR2655500PE,1093.9,1025.0,1564.3,1025.0,785.6,697920,1298.94,1090.95,60,1094.4,120,296880
2026-04-13T13:32:21.325,NF,BANKNIFTY28APR2655500PE,1087.4,1025.0,1564.3,1025.0,785.6,699690,1298.41,1087.25,120,1090.0,30,296880
2026-04-13T13:32:22.724,NF,BANKNIFTY28APR2655500PE,1087.15,1025.0,1564.3,1025.0,785.6,699810,1298.37,1087.2,60,1089.95,30,296880
2026-04-13T13:32:28.733,NF,BANKNIFTY28APR2655500PE,1085.75,1025.0,1564.3,1025.0,785.6,699930,1298.34,1083.0,60,1085.85,30,296880
2026-04-13T13:32:30.142,NF,BANKNIFTY28APR2655500PE,1083.05,1025.0,1564.3,1025.0,785.6,699990,1298.32,1083.1,60,1085.95,30,298020
2026-04-13T13:32:31.343,NF,BANKNIFTY28APR2655500PE,1085.95,1025.0,1564.3,1025.0,785.6,700020,1298.31,1083.3,60,1086.15,60,298020
2026-04-13T13:32:32.557,NF,BANKNIFTY28APR2655500PE,1081.05,1025.0,1564.3,1025.0,785.6,700170,1298.26,1080.0,480,1081.3,150,298020
2026-04-13T13:32:33.742,NF,BANKNIFTY28APR2655500PE,1075.15,1025.0,1564.3,1025.0,785.6,700800,1298.07,1075.25,210,1078.1,30,298020
2026-04-13T13:32:34.948,NF,BANKNIFTY28APR2655500PE,1072.25,1025.0,1564.3,1025.0,785.6,701940,1297.7,1072.2,90,1075.5,30,298020
2026-04-13T13:32:36.379,NF,BANKNIFTY28APR2655500PE,1077.95,1025.0,1564.3,1025.0,785.6,702360,1297.57,1077.0,120,1079.55,30,298020
2026-04-13T13:32:37.547,NF,BANKNIFTY28APR2655500PE,1076.9,1025.0,1564.3,1025.0,785.6,702450,1297.54,1077.1,90,1079.35,30,298020
2026-04-13T13:32:38.947,NF,BANKNIFTY28APR2655500PE,1078.95,1025.0,1564.3,1025.0,785.6,702540,1297.51,1079.0,30,1080.95,60,298020
2026-04-13T13:32:40.150,NF,BANKNIFTY28APR2655500PE,1080.95,1025.0,1564.3,1025.0,785.6,702660,1297.47,1078.6,60,1080.95,30,298020
2026-04-13T13:32:42.554,NF,BANKNIFTY28APR2655500PE,1078.35,1025.0,1564.3,1025.0,785.6,703500,1297.21,1077.05,30,1079.55,30,298020
2026-04-13T13:32:43.955,NF,BANKNIFTY28APR2655500PE,1080.4,1025.0,1564.3,1025.0,785.6,703680,1297.15,1077.75,60,1081.15,60,298020
2026-04-13T13:32:45.159,NF,BANKNIFTY28APR2655500PE,1077.35,1025.0,1564.3,1025.0,785.6,703800,1297.12,1076.65,30,1080.1,30,298020
2026-04-13T13:32:46.360,NF,BANKNIFTY28APR2655500PE,1077.8,1025.0,1564.3,1025.0,785.6,703830,1297.11,1077.7,30,1080.8,90,298020
2026-04-13T13:32:47.562,NF,BANKNIFTY28APR2655500PE,1076.65,1025.0,1564.3,1025.0,785.6,703860,1297.1,1076.95,240,1080.3,30,298020
2026-04-13T13:32:48.971,NF,BANKNIFTY28APR2655500PE,1079.8,1025.0,1564.3,1025.0,785.6,703890,1297.09,1078.7,60,1081.15,30,298020
2026-04-13T13:32:50.165,NF,BANKNIFTY28APR2655500PE,1080.5,1025.0,1564.3,1025.0,785.6,703950,1297.07,1080.0,60,1083.55,120,298020
2026-04-13T13:32:52.579,NF,BANKNIFTY28APR2655500PE,1079.8,1025.0,1564.3,1025.0,785.6,704040,1297.04,1076.7,60,1079.8,60,298020
2026-04-13T13:32:53.773,NF,BANKNIFTY28APR2655500PE,1079.8,1025.0,1564.3,1025.0,785.6,704100,1297.02,1076.65,600,1079.7,60,298020
2026-04-13T13:32:56.374,NF,BANKNIFTY28APR2655500PE,1076.65,1025.0,1564.3,1025.0,785.6,704700,1296.83,1075.0,30,1076.3,30,298020
2026-04-13T13:32:57.577,NF,BANKNIFTY28APR2655500PE,1075.0,1025.0,1564.3,1025.0,785.6,704730,1296.83,1072.95,180,1076.25,60,298020
2026-04-13T13:32:58.780,NF,BANKNIFTY28APR2655500PE,1072.6,1025.0,1564.3,1025.0,785.6,705240,1296.66,1069.65,30,1072.05,30,298020
2026-04-13T13:33:00.186,NF,BANKNIFTY28APR2655500PE,1068.55,1025.0,1564.3,1025.0,785.6,706800,1296.16,1068.75,30,1071.5,30,298020
2026-04-13T13:33:01.382,NF,BANKNIFTY28APR2655500PE,1069.95,1025.0,1564.3,1025.0,785.6,706860,1296.14,1069.95,30,1073.55,330,298020
2026-04-13T13:33:02.586,NF,BANKNIFTY28APR2655500PE,1060.75,1025.0,1564.3,1025.0,785.6,707640,1295.88,1060.35,90,1064.0,60,298020
2026-04-13T13:33:05.191,NF,BANKNIFTY28APR2655500PE,1061.55,1025.0,1564.3,1025.0,785.6,708000,1295.76,1061.55,90,1064.5,30,298020
2026-04-13T13:33:06.388,NF,BANKNIFTY28APR2655500PE,1061.45,1025.0,1564.3,1025.0,785.6,708090,1295.73,1061.05,60,1063.5,30,298020
2026-04-13T13:33:07.594,NF,BANKNIFTY28APR2655500PE,1065.8,1025.0,1564.3,1025.0,785.6,708240,1295.69,1061.35,60,1065.9,30,298020
2026-04-13T13:33:08.797,NF,BANKNIFTY28APR2655500PE,1061.65,1025.0,1564.3,1025.0,785.6,708270,1295.68,1063.05,90,1066.05,60,298020
2026-04-13T13:33:10.195,NF,BANKNIFTY28APR2655500PE,1065.75,1025.0,1564.3,1025.0,785.6,708300,1295.67,1062.75,120,1066.25,150,298020
2026-04-13T13:33:11.395,NF,BANKNIFTY28APR2655500PE,1064.5,1025.0,1564.3,1025.0,785.6,708360,1295.65,1061.35,30,1064.15,30,298020
2026-04-13T13:33:13.802,NF,BANKNIFTY28APR2655500PE,1063.35,1025.0,1564.3,1025.0,785.6,708690,1295.54,1060.9,30,1064.1,90,298020
2026-04-13T13:33:15.012,NF,BANKNIFTY28APR2655500PE,1060.7,1025.0,1564.3,1025.0,785.6,708810,1295.5,1060.9,30,1063.65,60,298020
2026-04-13T13:33:18.807,NF,BANKNIFTY28APR2655500PE,1061.8,1025.0,1564.3,1025.0,785.6,708900,1295.47,1061.0,90,1064.2,30,298020
2026-04-13T13:33:20.016,NF,BANKNIFTY28APR2655500PE,1060.8,1025.0,1564.3,1025.0,785.6,708930,1295.46,1060.85,30,1063.0,60,298020
2026-04-13T13:33:21.215,NF,BANKNIFTY28APR2655500PE,1059.0,1025.0,1564.3,1025.0,785.6,709020,1295.43,1059.1,90,1062.4,120,298020
2026-04-13T13:33:22.424,NF,BANKNIFTY28APR2655500PE,1058.35,1025.0,1564.3,1025.0,785.6,709110,1295.4,1055.75,90,1058.95,60,298020
2026-04-13T13:33:25.024,NF,BANKNIFTY28APR2655500PE,1058.0,1025.0,1564.3,1025.0,785.6,709290,1295.34,1056.8,60,1060.15,150,298020
2026-04-13T13:33:26.219,NF,BANKNIFTY28APR2655500PE,1057.55,1025.0,1564.3,1025.0,785.6,709320,1295.33,1057.6,30,1060.15,60,298020
2026-04-13T13:33:28.625,NF,BANKNIFTY28APR2655500PE,1061.5,1025.0,1564.3,1025.0,785.6,709980,1295.11,1060.95,60,1064.65,60,298020
2026-04-13T13:33:30.026,NF,BANKNIFTY28APR2655500PE,1063.7,1025.0,1564.3,1025.0,785.6,710040,1295.09,1062.15,30,1063.3,30,298020
2026-04-13T13:33:31.227,NF,BANKNIFTY28APR2655500PE,1062.15,1025.0,1564.3,1025.0,785.6,710070,1295.08,1058.0,60,1061.1,30,298020
2026-04-13T13:33:33.640,NF,BANKNIFTY28APR2655500PE,1058.75,1025.0,1564.3,1025.0,785.6,710100,1295.07,1056.6,90,1059.85,90,298020
2026-04-13T13:33:34.834,NF,BANKNIFTY28APR2655500PE,1056.9,1025.0,1564.3,1025.0,785.6,710250,1295.02,1055.3,120,1058.5,30,298020
2026-04-13T13:33:36.238,NF,BANKNIFTY28APR2655500PE,1055.0,1025.0,1564.3,1025.0,785.6,710340,1294.99,1055.55,60,1057.9,30,298020
2026-04-13T13:33:37.434,NF,BANKNIFTY28APR2655500PE,1060.0,1025.0,1564.3,1025.0,785.6,710400,1294.97,1059.7,120,1062.15,30,298020
2026-04-13T13:33:38.636,NF,BANKNIFTY28APR2655500PE,1061.7,1025.0,1564.3,1025.0,785.6,710430,1294.96,1058.4,30,1062.0,120,298020
2026-04-13T13:33:41.239,NF,BANKNIFTY28APR2655500PE,1058.05,1025.0,1564.3,1025.0,785.6,710550,1294.92,1060.0,30,1061.35,120,298020
2026-04-13T13:33:42.441,NF,BANKNIFTY28APR2655500PE,1063.9,1025.0,1564.3,1025.0,785.6,710790,1294.84,1064.3,60,1067.55,30,298020
2026-04-13T13:33:43.646,NF,BANKNIFTY28APR2655500PE,1065.2,1025.0,1564.3,1025.0,785.6,710940,1294.79,1064.8,90,1068.25,30,298020
2026-04-13T13:33:44.847,NF,BANKNIFTY28APR2655500PE,1063.9,1025.0,1564.3,1025.0,785.6,711120,1294.73,1060.05,30,1063.15,120,298020
2026-04-13T13:33:46.249,NF,BANKNIFTY28APR2655500PE,1060.0,1025.0,1564.3,1025.0,785.6,711180,1294.71,1059.0,30,1062.8,60,298020
2026-04-13T13:33:47.451,NF,BANKNIFTY28APR2655500PE,1061.45,1025.0,1564.3,1025.0,785.6,711270,1294.68,1058.05,30,1061.55,120,298020
2026-04-13T13:33:48.663,NF,BANKNIFTY28APR2655500PE,1056.9,1025.0,1564.3,1025.0,785.6,711420,1294.64,1056.9,30,1058.95,120,298020
2026-04-13T13:33:49.854,NF,BANKNIFTY28APR2655500PE,1052.6,1025.0,1564.3,1025.0,785.6,711810,1294.5,1052.1,60,1054.7,30,298020
2026-04-13T13:33:51.256,NF,BANKNIFTY28APR2655500PE,1052.2,1025.0,1564.3,1025.0,785.6,711930,1294.46,1052.15,30,1055.45,30,298020
2026-04-13T13:33:52.458,NF,BANKNIFTY28APR2655500PE,1053.8,1025.0,1564.3,1025.0,785.6,711960,1294.45,1052.1,60,1054.7,30,298020
2026-04-13T13:33:54.862,NF,BANKNIFTY28APR2655500PE,1056.45,1025.0,1564.3,1025.0,785.6,711990,1294.44,1054.05,30,1057.7,30,298020
2026-04-13T13:33:56.265,NF,BANKNIFTY28APR2655500PE,1055.15,1025.0,1564.3,1025.0,785.6,712080,1294.41,1054.85,120,1058.45,90,298020
2026-04-13T13:33:57.464,NF,BANKNIFTY28APR2655500PE,1056.1,1025.0,1564.3,1025.0,785.6,712110,1294.4,1055.65,30,1059.25,30,298020
2026-04-13T13:33:58.665,NF,BANKNIFTY28APR2655500PE,1055.7,1025.0,1564.3,1025.0,785.6,712350,1294.32,1055.5,30,1059.35,180,298020
2026-04-13T13:33:59.870,NF,BANKNIFTY28APR2655500PE,1056.85,1025.0,1564.3,1025.0,785.6,712440,1294.29,1054.5,30,1058.4,90,298020
2026-04-13T13:34:02.471,NF,BANKNIFTY28APR2655500PE,1057.75,1025.0,1564.3,1025.0,785.6,712530,1294.26,1053.2,120,1057.3,120,298020
2026-04-13T13:34:04.882,NF,BANKNIFTY28APR2655500PE,1053.05,1025.0,1564.3,1025.0,785.6,712560,1294.25,1052.8,210,1056.0,30,298020
2026-04-13T13:34:06.278,NF,BANKNIFTY28APR2655500PE,1051.4,1025.0,1564.3,1025.0,785.6,712860,1294.15,1051.45,90,1054.35,60,298020
2026-04-13T13:34:07.477,NF,BANKNIFTY28APR2655500PE,1053.9,1025.0,1564.3,1025.0,785.6,712890,1294.14,1051.15,30,1053.85,30,298020
2026-04-13T13:34:08.683,NF,BANKNIFTY28APR2655500PE,1051.15,1025.0,1564.3,1025.0,785.6,712920,1294.13,1050.0,600,1052.4,90,298020
2026-04-13T13:34:09.883,NF,BANKNIFTY28APR2655500PE,1050.15,1025.0,1564.3,1025.0,785.6,713010,1294.1,1050.25,90,1052.95,30,298020
2026-04-13T13:34:12.498,NF,BANKNIFTY28APR2655500PE,1050.0,1025.0,1564.3,1025.0,785.6,713070,1294.08,1050.0,570,1051.2,30,298020
2026-04-13T13:34:13.694,NF,BANKNIFTY28APR2655500PE,1046.9,1025.0,1564.3,1025.0,785.6,713880,1293.8,1044.5,60,1046.95,30,298020
2026-04-13T13:34:14.898,NF,BANKNIFTY28APR2655500PE,1048.15,1025.0,1564.3,1025.0,785.6,713970,1293.77,1046.8,60,1049.8,30,298020
2026-04-13T13:34:16.296,NF,BANKNIFTY28APR2655500PE,1048.3,1025.0,1564.3,1025.0,785.6,714000,1293.76,1046.4,60,1049.55,30,298020
2026-04-13T13:34:18.700,NF,BANKNIFTY28APR2655500PE,1048.65,1025.0,1564.3,1025.0,785.6,714120,1293.72,1046.0,30,1049.75,30,298020
2026-04-13T13:34:19.898,NF,BANKNIFTY28APR2655500PE,1050.15,1025.0,1564.3,1025.0,785.6,714150,1293.71,1046.7,60,1050.05,30,298020
2026-04-13T13:34:21.299,NF,BANKNIFTY28APR2655500PE,1052.1,1025.0,1564.3,1025.0,785.6,714450,1293.61,1048.3,30,1051.35,90,298020
2026-04-13T13:34:22.517,NF,BANKNIFTY28APR2655500PE,1049.7,1025.0,1564.3,1025.0,785.6,714480,1293.6,1048.3,30,1050.7,120,298020
2026-04-13T13:34:23.720,NF,BANKNIFTY28APR2655500PE,1048.3,1025.0,1564.3,1025.0,785.6,714780,1293.49,1046.35,30,1050.25,90,298020
2026-04-13T13:34:24.904,NF,BANKNIFTY28APR2655500PE,1050.7,1025.0,1564.3,1025.0,785.6,714810,1293.48,1048.3,30,1051.95,180,298020
2026-04-13T13:34:26.109,NF,BANKNIFTY28APR2655500PE,1048.3,1025.0,1564.3,1025.0,785.6,714870,1293.46,1045.9,30,1049.65,30,298020
2026-04-13T13:34:27.505,NF,BANKNIFTY28APR2655500PE,1049.5,1025.0,1564.3,1025.0,785.6,714900,1293.45,1044.75,60,1047.75,30,298020
2026-04-13T13:34:31.134,NF,BANKNIFTY28APR2655500PE,1048.5,1025.0,1564.3,1025.0,785.6,714960,1293.43,1045.0,240,1047.5,60,298020
2026-04-13T13:34:32.325,NF,BANKNIFTY28APR2655500PE,1047.9,1025.0,1564.3,1025.0,785.6,715020,1293.41,1045.05,90,1048.75,120,298020
2026-04-13T13:34:33.719,NF,BANKNIFTY28APR2655500PE,1047.95,1025.0,1564.3,1025.0,785.6,715080,1293.39,1045.0,240,1047.35,120,298020
2026-04-13T13:34:36.124,NF,BANKNIFTY28APR2655500PE,1047.45,1025.0,1564.3,1025.0,785.6,715140,1293.37,1047.45,30,1050.0,30,298020
2026-04-13T13:34:37.336,NF,BANKNIFTY28APR2655500PE,1047.45,1025.0,1564.3,1025.0,785.6,715170,1293.36,1046.55,60,1049.9,30,298020
2026-04-13T13:34:39.728,NF,BANKNIFTY28APR2655500PE,1046.0,1025.0,1564.3,1025.0,785.6,715560,1293.22,1045.2,90,1049.15,30,298020
2026-04-13T13:34:40.935,NF,BANKNIFTY28APR2655500PE,1047.45,1025.0,1564.3,1025.0,785.6,715590,1293.21,1045.05,60,1047.75,30,298020
2026-04-13T13:34:42.354,NF,BANKNIFTY28APR2655500PE,1046.05,1025.0,1564.3,1025.0,785.6,715890,1293.11,1047.45,30,1049.6,60,298020
2026-04-13T13:34:43.540,NF,BANKNIFTY28APR2655500PE,1045.45,1025.0,1564.3,1025.0,785.6,716880,1292.77,1045.65,90,1049.05,30,298020
2026-04-13T13:34:44.738,NF,BANKNIFTY28APR2655500PE,1047.45,1025.0,1564.3,1025.0,785.6,716910,1292.76,1045.0,300,1047.55,90,298020
2026-04-13T13:34:45.944,NF,BANKNIFTY28APR2655500PE,1045.0,1025.0,1564.3,1025.0,785.6,716970,1292.74,1045.0,330,1047.2,30,298020
2026-04-13T13:34:47.337,NF,BANKNIFTY28APR2655500PE,1047.2,1025.0,1564.3,1025.0,785.6,717030,1292.72,1045.0,240,1047.5,30,298020
2026-04-13T13:34:48.543,NF,BANKNIFTY28APR2655500PE,1044.7,1025.0,1564.3,1025.0,785.6,717390,1292.59,1042.4,180,1045.55,30,298020
2026-04-13T13:34:49.756,NF,BANKNIFTY28APR2655500PE,1042.5,1025.0,1564.3,1025.0,785.6,717450,1292.57,1043.55,60,1046.05,60,298020
2026-04-13T13:34:50.945,NF,BANKNIFTY28APR2655500PE,1047.55,1025.0,1564.3,1025.0,785.6,717510,1292.55,1047.25,60,1050.65,120,298020
2026-04-13T13:34:52.345,NF,BANKNIFTY28APR2655500PE,1047.4,1025.0,1564.3,1025.0,785.6,717540,1292.54,1047.25,30,1050.25,150,298020
2026-04-13T13:34:53.549,NF,BANKNIFTY28APR2655500PE,1046.1,1025.0,1564.3,1025.0,785.6,717600,1292.52,1046.0,30,1048.85,120,298020
2026-04-13T13:34:54.755,NF,BANKNIFTY28APR2655500PE,1046.0,1025.0,1564.3,1025.0,785.6,717690,1292.49,1046.25,30,1049.5,180,298020
2026-04-13T13:34:55.955,NF,BANKNIFTY28APR2655500PE,1053.8,1025.0,1564.3,1025.0,785.6,718020,1292.38,1049.35,30,1053.35,30,298020
2026-04-13T13:34:57.360,NF,BANKNIFTY28APR2655500PE,1050.0,1025.0,1564.3,1025.0,785.6,718140,1292.34,1047.1,60,1051.0,30,298020
2026-04-13T13:34:58.557,NF,BANKNIFTY28APR2655500PE,1047.25,1025.0,1564.3,1025.0,785.6,718230,1292.31,1048.2,120,1050.5,30,298020
2026-04-13T13:35:00.966,NF,BANKNIFTY28APR2655500PE,1048.45,1025.0,1564.3,1025.0,785.6,718320,1292.28,1046.0,30,1048.85,120,298020
2026-04-13T13:35:03.575,NF,BANKNIFTY28APR2655500PE,1045.35,1025.0,1564.3,1025.0,785.6,718500,1292.22,1045.0,60,1047.45,30,298020
2026-04-13T13:35:04.768,NF,BANKNIFTY28APR2655500PE,1045.0,1025.0,1564.3,1025.0,785.6,718590,1292.19,1044.9,30,1047.4,30,298020
2026-04-13T13:35:05.977,NF,BANKNIFTY28APR2655500PE,1046.1,1025.0,1564.3,1025.0,785.6,718620,1292.18,1046.6,60,1049.25,30,298020
2026-04-13T13:35:07.172,NF,BANKNIFTY28APR2655500PE,1048.05,1025.0,1564.3,1025.0,785.6,718800,1292.12,1045.25,120,1048.1,60,298020
2026-04-13T13:35:08.375,NF,BANKNIFTY28APR2655500PE,1045.0,1025.0,1564.3,1025.0,785.6,718830,1292.11,1045.0,60,1047.3,60,298020
2026-04-13T13:35:09.781,NF,BANKNIFTY28APR2655500PE,1046.85,1025.0,1564.3,1025.0,785.6,718950,1292.06,1047.8,90,1051.2,90,298020
2026-04-13T13:35:13.384,NF,BANKNIFTY28APR2655500PE,1049.85,1025.0,1564.3,1025.0,785.6,719040,1292.03,1046.55,60,1049.85,30,298020
2026-04-13T13:35:18.397,NF,BANKNIFTY28APR2655500PE,1048.1,1025.0,1564.3,1025.0,785.6,719280,1291.95,1046.0,150,1048.1,120,298020
2026-04-13T13:35:20.799,NF,BANKNIFTY28APR2655500PE,1048.7,1025.0,1564.3,1025.0,785.6,719340,1291.93,1046.65,60,1049.45,60,298020
2026-04-13T13:35:22.221,NF,BANKNIFTY28APR2655500PE,1047.25,1025.0,1564.3,1025.0,785.6,719370,1291.92,1046.05,30,1049.7,120,298020
2026-04-13T13:35:23.400,NF,BANKNIFTY28APR2655500PE,1049.15,1025.0,1564.3,1025.0,785.6,719490,1291.88,1046.0,150,1049.05,120,298020
2026-04-13T13:35:25.820,NF,BANKNIFTY28APR2655500PE,1048.5,1025.0,1564.3,1025.0,785.6,719640,1291.83,1045.35,60,1048.0,30,298020
2026-04-13T13:35:28.407,NF,BANKNIFTY28APR2655500PE,1051.6,1025.0,1564.3,1025.0,785.6,719970,1291.72,1048.05,30,1051.95,30,298020
2026-04-13T13:35:32.252,NF,BANKNIFTY28APR2655500PE,1049.5,1025.0,1564.3,1025.0,785.6,720090,1291.68,1048.05,30,1049.65,120,299940
2026-04-13T13:35:33.427,NF,BANKNIFTY28APR2655500PE,1047.6,1025.0,1564.3,1025.0,785.6,720240,1291.63,1045.35,30,1047.6,30,299940
2026-04-13T13:35:34.620,NF,BANKNIFTY28APR2655500PE,1047.75,1025.0,1564.3,1025.0,785.6,720270,1291.62,1045.35,30,1048.15,120,299940
2026-04-13T13:35:35.821,NF,BANKNIFTY28APR2655500PE,1047.85,1025.0,1564.3,1025.0,785.6,720450,1291.56,1045.0,300,1048.05,120,299940
2026-04-13T13:35:37.037,NF,BANKNIFTY28APR2655500PE,1048.5,1025.0,1564.3,1025.0,785.6,720540,1291.53,1045.1,30,1048.6,210,299940
2026-04-13T13:35:39.624,NF,BANKNIFTY28APR2655500PE,1040.1,1025.0,1564.3,1025.0,785.6,721320,1291.26,1040.1,30,1042.8,30,299940
2026-04-13T13:35:40.837,NF,BANKNIFTY28APR2655500PE,1043.45,1025.0,1564.3,1025.0,785.6,721350,1291.25,1040.1,30,1043.1,30,299940
2026-04-13T13:35:42.031,NF,BANKNIFTY28APR2655500PE,1043.35,1025.0,1564.3,1025.0,785.6,721380,1291.24,1040.15,30,1043.3,30,299940
2026-04-13T13:35:43.230,NF,BANKNIFTY28APR2655500PE,1040.0,1025.0,1564.3,1025.0,785.6,721530,1291.19,1040.0,180,1043.1,30,299940
2026-04-13T13:35:44.630,NF,BANKNIFTY28APR2655500PE,1040.0,1025.0,1564.3,1025.0,785.6,721620,1291.15,1039.05,30,1042.35,30,299940
2026-04-13T13:35:47.047,NF,BANKNIFTY28APR2655500PE,1043.5,1025.0,1564.3,1025.0,785.6,721680,1291.13,1040.1,30,1043.4,60,299940
2026-04-13T13:35:48.238,NF,BANKNIFTY28APR2655500PE,1043.55,1025.0,1564.3,1025.0,785.6,721740,1291.11,1040.8,30,1044.35,60,299940
2026-04-13T13:35:52.058,NF,BANKNIFTY28APR2655500PE,1051.15,1025.0,1564.3,1025.0,785.6,722220,1290.95,1046.85,120,1050.35,60,299940
2026-04-13T13:35:53.246,NF,BANKNIFTY28APR2655500PE,1048.9,1025.0,1564.3,1025.0,785.6,722280,1290.93,1045.0,30,1048.5,60,299940
2026-04-13T13:35:57.052,NF,BANKNIFTY28APR2655500PE,1049.35,1025.0,1564.3,1025.0,785.6,722310,1290.92,1045.2,30,1048.95,30,299940
2026-04-13T13:35:58.259,NF,BANKNIFTY28APR2655500PE,1049.25,1025.0,1564.3,1025.0,785.6,722460,1290.87,1045.55,90,1049.4,120,299940
2026-04-13T13:35:59.458,NF,BANKNIFTY28APR2655500PE,1045.6,1025.0,1564.3,1025.0,785.6,723420,1290.55,1045.75,120,1049.45,30,299940
2026-04-13T13:36:00.658,NF,BANKNIFTY28APR2655500PE,1046.85,1025.0,1564.3,1025.0,785.6,723630,1290.48,1044.75,30,1048.8,60,299940
2026-04-13T13:36:02.058,NF,BANKNIFTY28APR2655500PE,1046.7,1025.0,1564.3,1025.0,785.6,723660,1290.47,1044.0,30,1047.05,30,299940
2026-04-13T13:36:03.259,NF,BANKNIFTY28APR2655500PE,1047.35,1025.0,1564.3,1025.0,785.6,723690,1290.46,1044.45,30,1047.75,240,299940
2026-04-13T13:36:04.462,NF,BANKNIFTY28APR2655500PE,1045.5,1025.0,1564.3,1025.0,785.6,723720,1290.45,1044.55,30,1047.95,150,299940
2026-04-13T13:36:05.670,NF,BANKNIFTY28APR2655500PE,1050.8,1025.0,1564.3,1025.0,785.6,723900,1290.39,1047.4,30,1051.3,60,299940
2026-04-13T13:36:06.875,NF,BANKNIFTY28APR2655500PE,1050.0,1025.0,1564.3,1025.0,785.6,723960,1290.37,1047.9,30,1051.8,120,299940
2026-04-13T13:36:08.267,NF,BANKNIFTY28APR2655500PE,1052.2,1025.0,1564.3,1025.0,785.6,724020,1290.35,1048.0,30,1051.85,210,299940
2026-04-13T13:36:11.878,NF,BANKNIFTY28APR2655500PE,1051.45,1025.0,1564.3,1025.0,785.6,724200,1290.29,1047.7,30,1051.25,120,299940
2026-04-13T13:36:14.489,NF,BANKNIFTY28APR2655500PE,1050.3,1025.0,1564.3,1025.0,785.6,724230,1290.28,1049.2,30,1052.8,120,299940
2026-04-13T13:36:15.679,NF,BANKNIFTY28APR2655500PE,1052.2,1025.0,1564.3,1025.0,785.6,724320,1290.25,1049.15,90,1051.9,120,299940
2026-04-13T13:36:19.483,NF,BANKNIFTY28APR2655500PE,1049.45,1025.0,1564.3,1025.0,785.6,724650,1290.14,1051.75,90,1054.95,120,299940
2026-04-13T13:36:20.687,NF,BANKNIFTY28APR2655500PE,1055.0,1025.0,1564.3,1025.0,785.6,724920,1290.05,1053.9,30,1058.55,120,299940
2026-04-13T13:36:21.895,NF,BANKNIFTY28APR2655500PE,1056.5,1025.0,1564.3,1025.0,785.6,725010,1290.03,1052.7,60,1056.6,120,299940
2026-04-13T13:36:24.492,NF,BANKNIFTY28APR2655500PE,1053.6,1025.0,1564.3,1025.0,785.6,725040,1290.02,1053.55,120,1056.3,60,299940
2026-04-13T13:36:25.698,NF,BANKNIFTY28APR2655500PE,1056.05,1025.0,1564.3,1025.0,785.6,725070,1290.01,1053.3,30,1055.75,30,299940
2026-04-13T13:36:26.898,NF,BANKNIFTY28APR2655500PE,1057.45,1025.0,1564.3,1025.0,785.6,725190,1289.97,1057.15,30,1060.55,120,299940
2026-04-13T13:36:28.101,NF,BANKNIFTY28APR2655500PE,1057.05,1025.0,1564.3,1025.0,785.6,725250,1289.95,1053.75,30,1057.35,30,299940
2026-04-13T13:36:30.707,NF,BANKNIFTY28APR2655500PE,1056.8,1025.0,1564.3,1025.0,785.6,725310,1289.93,1052.65,210,1056.75,120,299940
2026-04-13T13:36:31.905,NF,BANKNIFTY28APR2655500PE,1052.65,1025.0,1564.3,1025.0,785.6,725430,1289.89,1050.15,60,1054.05,120,299940
2026-04-13T13:36:33.107,NF,BANKNIFTY28APR2655500PE,1050.6,1025.0,1564.3,1025.0,785.6,725460,1289.88,1051.4,30,1054.55,210,299940
2026-04-13T13:36:34.506,NF,BANKNIFTY28APR2655500PE,1054.8,1025.0,1564.3,1025.0,785.6,725580,1289.84,1051.6,60,1054.9,60,299940
2026-04-13T13:36:36.915,NF,BANKNIFTY28APR2655500PE,1052.35,1025.0,1564.3,1025.0,785.6,725910,1289.73,1050.0,3120,1052.85,210,299940
2026-04-13T13:36:38.114,NF,BANKNIFTY28APR2655500PE,1050.0,1025.0,1564.3,1025.0,785.6,728100,1289.01,1050.0,930,1051.8,30,299940
2026-04-13T13:36:40.516,NF,BANKNIFTY28APR2655500PE,1051.35,1025.0,1564.3,1025.0,785.6,728160,1288.99,1050.0,930,1051.35,60,299940
2026-04-13T13:36:41.716,NF,BANKNIFTY28APR2655500PE,1050.0,1025.0,1564.3,1025.0,785.6,728250,1288.96,1050.0,870,1051.0,90,299940
2026-04-13T13:36:42.922,NF,BANKNIFTY28APR2655500PE,1049.15,1025.0,1564.3,1025.0,785.6,729210,1288.65,1048.1,30,1051.05,30,299940
2026-04-13T13:36:45.363,NF,BANKNIFTY28APR2655500PE,1051.4,1025.0,1564.3,1025.0,785.6,729240,1288.64,1050.0,60,1051.4,30,299940
2026-04-13T13:36:46.741,NF,BANKNIFTY28APR2655500PE,1046.9,1025.0,1564.3,1025.0,785.6,729480,1288.56,1045.55,60,1048.6,30,299940
2026-04-13T13:36:47.927,NF,BANKNIFTY28APR2655500PE,1048.6,1025.0,1564.3,1025.0,785.6,729510,1288.55,1045.95,60,1049.1,30,299940
2026-04-13T13:36:50.334,NF,BANKNIFTY28APR2655500PE,1045.0,1025.0,1564.3,1025.0,785.6,729600,1288.52,1045.0,150,1047.85,30,299940
2026-04-13T13:36:51.535,NF,BANKNIFTY28APR2655500PE,1048.2,1025.0,1564.3,1025.0,785.6,729630,1288.51,1045.05,30,1048.05,30,299940
2026-04-13T13:36:52.755,NF,BANKNIFTY28APR2655500PE,1045.1,1025.0,1564.3,1025.0,785.6,729720,1288.48,1045.0,150,1047.4,120,299940
2026-04-13T13:36:54.136,NF,BANKNIFTY28APR2655500PE,1047.3,1025.0,1564.3,1025.0,785.6,729780,1288.46,1045.0,150,1047.15,240,299940
2026-04-13T13:36:57.745,NF,BANKNIFTY28APR2655500PE,1049.0,1025.0,1564.3,1025.0,785.6,729990,1288.39,1048.1,30,1051.45,180,299940
2026-04-13T13:36:59.143,NF,BANKNIFTY28APR2655500PE,1048.05,1025.0,1564.3,1025.0,785.6,730020,1288.38,1047.6,30,1051.5,30,299940
2026-04-13T13:37:02.780,NF,BANKNIFTY28APR2655500PE,1047.3,1025.0,1564.3,1025.0,785.6,730050,1288.37,1045.0,180,1047.25,150,299940
2026-04-13T13:37:03.960,NF,BANKNIFTY28APR2655500PE,1043.85,1025.0,1564.3,1025.0,785.6,730260,1288.3,1041.25,60,1044.6,30,299940
2026-04-13T13:37:05.157,NF,BANKNIFTY28APR2655500PE,1040.45,1025.0,1564.3,1025.0,785.6,730320,1288.28,1040.7,60,1043.95,30,299940
2026-04-13T13:37:07.760,NF,BANKNIFTY28APR2655500PE,1040.15,1025.0,1564.3,1025.0,785.6,730350,1288.27,1040.65,60,1043.5,30,299940
2026-04-13T13:37:08.959,NF,BANKNIFTY28APR2655500PE,1043.5,1025.0,1564.3,1025.0,785.6,730380,1288.26,1040.35,30,1043.5,30,299940
2026-04-13T13:37:10.161,NF,BANKNIFTY28APR2655500PE,1043.25,1025.0,1564.3,1025.0,785.6,730410,1288.25,1040.85,90,1044.2,90,299940
2026-04-13T13:37:11.363,NF,BANKNIFTY28APR2655500PE,1041.25,1025.0,1564.3,1025.0,785.6,730470,1288.23,1041.15,30,1044.35,30,299940
2026-04-13T13:37:12.770,NF,BANKNIFTY28APR2655500PE,1041.05,1025.0,1564.3,1025.0,785.6,730500,1288.22,1040.6,90,1044.15,60,299940
2026-04-13T13:37:22.581,NF,BANKNIFTY28APR2655500PE,1040.45,1025.0,1564.3,1025.0,785.6,730530,1288.21,1040.0,660,1041.4,60,299940
2026-04-13T13:37:23.788,NF,BANKNIFTY28APR2655500PE,1040.0,1025.0,1564.3,1025.0,785.6,730560,1288.2,1040.0,630,1041.2,60,299940
2026-04-13T13:37:24.991,NF,BANKNIFTY28APR2655500PE,1040.0,1025.0,1564.3,1025.0,785.6,730740,1288.14,1040.0,480,1042.45,120,299940
2026-04-13T13:37:30.005,NF,BANKNIFTY28APR2655500PE,1040.45,1025.0,1564.3,1025.0,785.6,730800,1288.12,1040.45,90,1041.85,30,299940
2026-04-13T13:37:31.395,NF,BANKNIFTY28APR2655500PE,1040.45,1025.0,1564.3,1025.0,785.6,730860,1288.1,1040.45,30,1041.95,30,299940
2026-04-13T13:37:32.600,NF,BANKNIFTY28APR2655500PE,1040.45,1025.0,1564.3,1025.0,785.6,730890,1288.09,1040.15,30,1043.25,30,299940
2026-04-13T13:37:33.603,NF,BANKNIFTY28APR2655500PE,1040.45,1025.0,1564.3,1025.0,785.6,731010,1288.05,1040.0,750,1043.05,30,299940
2026-04-13T13:37:35.002,NF,BANKNIFTY28APR2655500PE,1040.0,1025.0,1564.3,1025.0,785.6,731130,1288.01,1040.0,570,1041.5,30,299940
2026-04-13T13:37:36.213,NF,BANKNIFTY28APR2655500PE,1040.8,1025.0,1564.3,1025.0,785.6,731160,1288.0,1040.8,120,1042.8,30,299940
2026-04-13T13:37:37.407,NF,BANKNIFTY28APR2655500PE,1045.65,1025.0,1564.3,1025.0,785.6,731220,1287.98,1044.2,30,1047.25,120,299940
2026-04-13T13:37:38.615,NF,BANKNIFTY28APR2655500PE,1043.75,1025.0,1564.3,1025.0,785.6,731550,1287.87,1043.75,90,1046.4,60,299940
2026-04-13T13:37:40.014,NF,BANKNIFTY28APR2655500PE,1040.8,1025.0,1564.3,1025.0,785.6,731700,1287.82,1040.8,90,1044.2,30,299940
2026-04-13T13:37:41.435,NF,BANKNIFTY28APR2655500PE,1041.1,1025.0,1564.3,1025.0,785.6,731730,1287.81,1043.0,90,1044.6,30,299940
2026-04-13T13:37:43.819,NF,BANKNIFTY28APR2655500PE,1044.55,1025.0,1564.3,1025.0,785.6,731760,1287.8,1043.0,90,1044.55,30,299940
2026-04-13T13:37:45.021,NF,BANKNIFTY28APR2655500PE,1044.55,1025.0,1564.3,1025.0,785.6,731790,1287.79,1045.0,30,1048.25,60,299940
2026-04-13T13:37:46.223,NF,BANKNIFTY28APR2655500PE,1048.3,1025.0,1564.3,1025.0,785.6,731910,1287.75,1044.8,90,1047.9,30,299940
2026-04-13T13:37:48.826,NF,BANKNIFTY28APR2655500PE,1047.85,1025.0,1564.3,1025.0,785.6,731970,1287.73,1043.25,30,1046.7,30,299940
2026-04-13T13:37:52.435,NF,BANKNIFTY28APR2655500PE,1043.0,1025.0,1564.3,1025.0,785.6,732060,1287.7,1040.45,90,1042.95,30,299940
2026-04-13T13:37:55.038,NF,BANKNIFTY28APR2655500PE,1042.3,1025.0,1564.3,1025.0,785.6,732090,1287.69,1040.45,120,1042.7,30,299940
2026-04-13T13:37:56.239,NF,BANKNIFTY28APR2655500PE,1042.45,1025.0,1564.3,1025.0,785.6,732510,1287.55,1040.45,90,1042.25,30,299940
2026-04-13T13:37:57.441,NF,BANKNIFTY28APR2655500PE,1040.0,1025.0,1564.3,1025.0,785.6,732630,1287.51,1040.0,120,1041.9,30,299940
2026-04-13T13:37:59.851,NF,BANKNIFTY28APR2655500PE,1040.0,1025.0,1564.3,1025.0,785.6,732660,1287.5,1040.0,90,1042.9,60,299940
2026-04-13T13:38:02.448,NF,BANKNIFTY28APR2655500PE,1040.0,1025.0,1564.3,1025.0,785.6,732690,1287.48,1040.0,180,1042.0,120,299940
2026-04-13T13:38:07.272,NF,BANKNIFTY28APR2655500PE,1040.0,1025.0,1564.3,1025.0,785.6,732720,1287.47,1040.0,60,1042.5,30,299940
2026-04-13T13:38:08.459,NF,BANKNIFTY28APR2655500PE,1040.0,1025.0,1564.3,1025.0,785.6,732780,1287.45,1036.15,30,1039.45,30,299940
2026-04-13T13:38:15.873,NF,BANKNIFTY28APR2655500PE,1040.0,1025.0,1564.3,1025.0,785.6,733080,1287.35,1038.85,30,1041.65,150,299940
2026-04-13T13:38:19.480,NF,BANKNIFTY28APR2655500PE,1036.2,1025.0,1564.3,1025.0,785.6,734250,1286.96,1036.15,30,1039.95,30,299940
2026-04-13T13:38:20.685,NF,BANKNIFTY28APR2655500PE,1036.05,1025.0,1564.3,1025.0,785.6,734340,1286.93,1036.95,30,1041.05,30,299940
2026-04-13T13:38:21.882,NF,BANKNIFTY28APR2655500PE,1047.1,1025.0,1564.3,1025.0,785.6,734790,1286.78,1043.65,120,1047.3,120,299940
2026-04-13T13:38:26.899,NF,BANKNIFTY28APR2655500PE,1044.6,1025.0,1564.3,1025.0,785.6,734850,1286.76,1044.15,90,1047.85,30,299940
2026-04-13T13:38:29.295,NF,BANKNIFTY28APR2655500PE,1042.85,1025.0,1564.3,1025.0,785.6,734970,1286.72,1040.75,30,1044.4,60,299940
2026-04-13T13:38:30.498,NF,BANKNIFTY28APR2655500PE,1041.95,1025.0,1564.3,1025.0,785.6,735810,1286.44,1042.5,30,1046.5,120,299940
2026-04-13T13:38:31.700,NF,BANKNIFTY28APR2655500PE,1046.65,1025.0,1564.3,1025.0,785.6,735840,1286.43,1042.95,90,1046.75,120,306840
2026-04-13T13:38:34.300,NF,BANKNIFTY28APR2655500PE,1047.3,1025.0,1564.3,1025.0,785.6,735870,1286.42,1044.35,30,1048.9,30,306840
2026-04-13T13:38:41.510,NF,BANKNIFTY28APR2655500PE,1050.0,1025.0,1564.3,1025.0,785.6,735930,1286.4,1045.65,150,1049.7,30,306840
2026-04-13T13:38:42.727,NF,BANKNIFTY28APR2655500PE,1045.85,1025.0,1564.3,1025.0,785.6,736020,1286.37,1045.75,30,1049.05,30,306840
2026-04-13T13:38:43.914,NF,BANKNIFTY28APR2655500PE,1045.0,1025.0,1564.3,1025.0,785.6,738120,1285.68,1045.8,150,1048.65,30,306840
2026-04-13T13:38:45.118,NF,BANKNIFTY28APR2655500PE,1045.65,1025.0,1564.3,1025.0,785.6,738150,1285.67,1046.7,30,1048.4,30,306840
2026-04-13T13:38:46.320,NF,BANKNIFTY28APR2655500PE,1050.35,1025.0,1564.3,1025.0,785.6,738300,1285.62,1047.1,30,1050.35,150,306840
2026-04-13T13:38:47.524,NF,BANKNIFTY28APR2655500PE,1049.75,1025.0,1564.3,1025.0,785.6,738330,1285.61,1048.7,30,1051.1,240,306840
2026-04-13T13:38:48.921,NF,BANKNIFTY28APR2655500PE,1051.15,1025.0,1564.3,1025.0,785.6,738810,1285.46,1048.7,30,1050.4,30,306840
2026-04-13T13:38:50.124,NF,BANKNIFTY28APR2655500PE,1047.1,1025.0,1564.3,1025.0,785.6,739050,1285.38,1045.0,90,1047.95,30,306840
2026-04-13T13:38:51.327,NF,BANKNIFTY28APR2655500PE,1047.8,1025.0,1564.3,1025.0,785.6,739110,1285.36,1046.1,60,1049.75,90,306840
2026-04-13T13:38:53.928,NF,BANKNIFTY28APR2655500PE,1051.85,1025.0,1564.3,1025.0,785.6,739170,1285.35,1048.5,60,1051.05,60,306840
2026-04-13T13:38:55.132,NF,BANKNIFTY28APR2655500PE,1046.15,1025.0,1564.3,1025.0,785.6,739200,1285.34,1046.0,1290,1048.75,30,306840
2026-04-13T13:38:56.338,NF,BANKNIFTY28APR2655500PE,1050.4,1025.0,1564.3,1025.0,785.6,739290,1285.31,1046.85,30,1050.95,120,306840
2026-04-13T13:38:59.943,NF,BANKNIFTY28APR2655500PE,1050.0,1025.0,1564.3,1025.0,785.6,739350,1285.29,1049.3,150,1051.85,30,306840
2026-04-13T13:39:02.345,NF,BANKNIFTY28APR2655500PE,1055.0,1025.0,1564.3,1025.0,785.6,739590,1285.21,1052.85,90,1054.85,60,306840
2026-04-13T13:39:03.545,NF,BANKNIFTY28APR2655500PE,1054.85,1025.0,1564.3,1025.0,785.6,739620,1285.2,1052.75,30,1054.85,30,306840
2026-04-13T13:39:04.945,NF,BANKNIFTY28APR2655500PE,1050.0,1025.0,1564.3,1025.0,785.6,739680,1285.18,1050.15,30,1053.15,30,306840
2026-04-13T13:39:07.351,NF,BANKNIFTY28APR2655500PE,1050.8,1025.0,1564.3,1025.0,785.6,739980,1285.09,1051.4,30,1053.65,30,306840
2026-04-13T13:39:08.557,NF,BANKNIFTY28APR2655500PE,1055.0,1025.0,1564.3,1025.0,785.6,740040,1285.07,1052.3,60,1055.0,90,306840
2026-04-13T13:39:09.752,NF,BANKNIFTY28APR2655500PE,1055.0,1025.0,1564.3,1025.0,785.6,740070,1285.06,1052.5,60,1054.95,30,306840
2026-04-13T13:39:10.953,NF,BANKNIFTY28APR2655500PE,1054.85,1025.0,1564.3,1025.0,785.6,740130,1285.04,1052.4,60,1055.0,90,306840
2026-04-13T13:39:12.158,NF,BANKNIFTY28APR2655500PE,1055.0,1025.0,1564.3,1025.0,785.6,740340,1284.98,1052.25,60,1055.0,90,306840
2026-04-13T13:39:13.360,NF,BANKNIFTY28APR2655500PE,1055.6,1025.0,1564.3,1025.0,785.6,740580,1284.9,1051.65,120,1055.55,120,306840
2026-04-13T13:39:14.759,NF,BANKNIFTY28APR2655500PE,1053.15,1025.0,1564.3,1025.0,785.6,740610,1284.89,1052.75,30,1055.85,30,306840
2026-04-13T13:39:17.161,NF,BANKNIFTY28APR2655500PE,1053.0,1025.0,1564.3,1025.0,785.6,740820,1284.83,1055.0,300,1057.3,60,306840
2026-04-13T13:39:18.361,NF,BANKNIFTY28APR2655500PE,1063.1,1025.0,1564.3,1025.0,785.6,740940,1284.79,1059.3,30,1062.4,60,306840
2026-04-13T13:39:19.565,NF,BANKNIFTY28APR2655500PE,1063.05,1025.0,1564.3,1025.0,785.6,740970,1284.78,1059.3,60,1062.85,30,306840
2026-04-13T13:39:20.768,NF,BANKNIFTY28APR2655500PE,1063.0,1025.0,1564.3,1025.0,785.6,742110,1284.43,1058.35,30,1062.2,120,306840
2026-04-13T13:39:22.166,NF,BANKNIFTY28APR2655500PE,1058.3,1025.0,1564.3,1025.0,785.6,742290,1284.38,1058.35,90,1061.75,60,306840
2026-04-13T13:39:23.369,NF,BANKNIFTY28APR2655500PE,1059.45,1025.0,1564.3,1025.0,785.6,742530,1284.31,1055.8,120,1059.65,120,306840
2026-04-13T13:39:24.576,NF,BANKNIFTY28APR2655500PE,1059.7,1025.0,1564.3,1025.0,785.6,742590,1284.29,1055.0,300,1058.15,30,306840
2026-04-13T13:39:25.774,NF,BANKNIFTY28APR2655500PE,1055.2,1025.0,1564.3,1025.0,785.6,742650,1284.27,1055.15,60,1058.9,60,306840
2026-04-13T13:39:28.180,NF,BANKNIFTY28APR2655500PE,1057.0,1025.0,1564.3,1025.0,785.6,743010,1284.16,1055.0,390,1056.65,150,306840
2026-04-13T13:39:29.579,NF,BANKNIFTY28APR2655500PE,1056.35,1025.0,1564.3,1025.0,785.6,743100,1284.13,1055.0,330,1056.4,30,306840
2026-04-13T13:39:30.782,NF,BANKNIFTY28APR2655500PE,1055.0,1025.0,1564.3,1025.0,785.6,743130,1284.12,1055.0,300,1056.95,30,306840
2026-04-13T13:39:31.983,NF,BANKNIFTY28APR2655500PE,1055.0,1025.0,1564.3,1025.0,785.6,743190,1284.1,1055.0,270,1057.2,90,306840
2026-04-13T13:39:33.185,NF,BANKNIFTY28APR2655500PE,1055.0,1025.0,1564.3,1025.0,785.6,743310,1284.07,1055.0,180,1056.95,30,306840
2026-04-13T13:39:34.387,NF,BANKNIFTY28APR2655500PE,1056.65,1025.0,1564.3,1025.0,785.6,743340,1284.06,1055.0,180,1057.5,30,306840
2026-04-13T13:39:35.601,NF,BANKNIFTY28APR2655500PE,1050.8,1025.0,1564.3,1025.0,785.6,743670,1283.96,1050.2,60,1053.85,30,306840
2026-04-13T13:39:36.794,NF,BANKNIFTY28APR2655500PE,1052.7,1025.0,1564.3,1025.0,785.6,743730,1283.94,1050.0,1200,1052.75,60,306840
2026-04-13T13:39:37.995,NF,BANKNIFTY28APR2655500PE,1050.0,1025.0,1564.3,1025.0,785.6,743790,1283.92,1050.0,1170,1051.85,60,306840
2026-04-13T13:39:39.200,NF,BANKNIFTY28APR2655500PE,1051.1,1025.0,1564.3,1025.0,785.6,743880,1283.89,1050.0,1080,1051.1,60,306840
2026-04-13T13:39:40.407,NF,BANKNIFTY28APR2655500PE,1050.0,1025.0,1564.3,1025.0,785.6,743910,1283.88,1050.0,1050,1050.95,90,306840
2026-04-13T13:39:41.605,NF,BANKNIFTY28APR2655500PE,1050.0,1025.0,1564.3,1025.0,785.6,744000,1283.85,1050.0,960,1050.95,90,306840
2026-04-13T13:39:44.215,NF,BANKNIFTY28APR2655500PE,1050.0,1025.0,1564.3,1025.0,785.6,744960,1283.55,1047.45,30,1049.2,90,306840
2026-04-13T13:39:45.407,NF,BANKNIFTY28APR2655500PE,1048.7,1025.0,1564.3,1025.0,785.6,744990,1283.54,1047.45,30,1049.4,60,306840
2026-04-13T13:39:48.008,NF,BANKNIFTY28APR2655500PE,1047.45,1025.0,1564.3,1025.0,785.6,745020,1283.53,1046.0,900,1047.75,60,306840
2026-04-13T13:39:49.213,NF,BANKNIFTY28APR2655500PE,1047.6,1025.0,1564.3,1025.0,785.6,745170,1283.48,1046.0,900,1048.0,60,306840
2026-04-13T13:39:55.434,NF,BANKNIFTY28APR2655500PE,1043.85,1025.0,1564.3,1025.0,785.6,746280,1283.13,1041.4,90,1043.95,30,306840
2026-04-13T13:39:56.631,NF,BANKNIFTY28APR2655500PE,1043.8,1025.0,1564.3,1025.0,785.6,746430,1283.08,1043.2,30,1046.15,60,306840
2026-04-13T13:39:58.025,NF,BANKNIFTY28APR2655500PE,1045.05,1025.0,1564.3,1025.0,785.6,746610,1283.03,1040.9,60,1044.3,30,306840
2026-04-13T13:40:01.648,NF,BANKNIFTY28APR2655500PE,1046.3,1025.0,1564.3,1025.0,785.6,746640,1283.02,1042.1,120,1046.2,30,306840
2026-04-13T13:40:04.249,NF,BANKNIFTY28APR2655500PE,1041.95,1025.0,1564.3,1025.0,785.6,746670,1283.01,1040.75,30,1042.95,90,306840
2026-04-13T13:40:06.652,NF,BANKNIFTY28APR2655500PE,1042.85,1025.0,1564.3,1025.0,785.6,746700,1283.0,1040.75,150,1042.85,60,306840
2026-04-13T13:40:07.846,NF,BANKNIFTY28APR2655500PE,1042.85,1025.0,1564.3,1025.0,785.6,746730,1282.99,1040.75,30,1042.85,30,306840
2026-04-13T13:40:09.052,NF,BANKNIFTY28APR2655500PE,1042.85,1025.0,1564.3,1025.0,785.6,746790,1282.97,1040.3,120,1043.0,60,306840
2026-04-13T13:40:10.444,NF,BANKNIFTY28APR2655500PE,1043.0,1025.0,1564.3,1025.0,785.6,746910,1282.93,1042.7,90,1045.0,30,306840
2026-04-13T13:40:11.650,NF,BANKNIFTY28APR2655500PE,1042.95,1025.0,1564.3,1025.0,785.6,747240,1282.82,1043.2,60,1045.45,60,306840
2026-04-13T13:40:14.059,NF,BANKNIFTY28APR2655500PE,1047.1,1025.0,1564.3,1025.0,785.6,747270,1282.81,1043.55,60,1046.8,150,306840
2026-04-13T13:40:16.460,NF,BANKNIFTY28APR2655500PE,1045.0,1025.0,1564.3,1025.0,785.6,747330,1282.8,1041.9,150,1045.0,30,306840
2026-04-13T13:40:19.063,NF,BANKNIFTY28APR2655500PE,1044.8,1025.0,1564.3,1025.0,785.6,747360,1282.79,1042.65,60,1046.05,30,306840
2026-04-13T13:40:21.465,NF,BANKNIFTY28APR2655500PE,1042.25,1025.0,1564.3,1025.0,785.6,747660,1282.69,1042.1,60,1045.3,30,306840
2026-04-13T13:40:28.875,NF,BANKNIFTY28APR2655500PE,1045.8,1025.0,1564.3,1025.0,785.6,748260,1282.5,1043.0,120,1045.8,30,306840
2026-04-13T13:40:33.687,NF,BANKNIFTY28APR2655500PE,1044.75,1025.0,1564.3,1025.0,785.6,748410,1282.45,1041.0,30,1044.9,90,306840
2026-04-13T13:40:36.096,NF,BANKNIFTY28APR2655500PE,1044.7,1025.0,1564.3,1025.0,785.6,748530,1282.41,1041.7,60,1045.5,90,306840
2026-04-13T13:40:37.291,NF,BANKNIFTY28APR2655500PE,1042.65,1025.0,1564.3,1025.0,785.6,748650,1282.38,1042.55,30,1045.6,90,306840
2026-04-13T13:40:39.693,NF,BANKNIFTY28APR2655500PE,1045.85,1025.0,1564.3,1025.0,785.6,748710,1282.36,1042.5,30,1045.75,120,306840
2026-04-13T13:40:45.912,NF,BANKNIFTY28APR2655500PE,1049.8,1025.0,1564.3,1025.0,785.6,748770,1282.34,1045.25,60,1048.45,30,306840
2026-04-13T13:40:49.513,NF,BANKNIFTY28APR2655500PE,1048.65,1025.0,1564.3,1025.0,785.6,748800,1282.33,1045.2,60,1048.4,60,306840
2026-04-13T13:40:50.713,NF,BANKNIFTY28APR2655500PE,1045.2,1025.0,1564.3,1025.0,785.6,748830,1282.32,1045.15,120,1048.35,120,306840
2026-04-13T13:40:54.334,NF,BANKNIFTY28APR2655500PE,1043.3,1025.0,1564.3,1025.0,785.6,748920,1282.29,1042.7,30,1045.5,30,306840
2026-04-13T13:40:55.726,NF,BANKNIFTY28APR2655500PE,1045.5,1025.0,1564.3,1025.0,785.6,748950,1282.28,1042.05,60,1045.15,30,306840
2026-04-13T13:40:58.126,NF,BANKNIFTY28APR2655500PE,1047.2,1025.0,1564.3,1025.0,785.6,748980,1282.27,1043.0,210,1046.65,30,306840
2026-04-13T13:41:00.726,NF,BANKNIFTY28APR2655500PE,1045.85,1025.0,1564.3,1025.0,785.6,749070,1282.24,1045.85,150,1047.85,30,306840
2026-04-13T13:41:01.929,NF,BANKNIFTY28APR2655500PE,1045.85,1025.0,1564.3,1025.0,785.6,749220,1282.2,1046.0,30,1047.05,30,306840
2026-04-13T13:41:04.342,NF,BANKNIFTY28APR2655500PE,1048.75,1025.0,1564.3,1025.0,785.6,749310,1282.17,1046.1,60,1049.35,30,306840
2026-04-13T13:41:06.736,NF,BANKNIFTY28APR2655500PE,1050.0,1025.0,1564.3,1025.0,785.6,749370,1282.15,1046.9,30,1050.6,60,306840
2026-04-13T13:41:09.141,NF,BANKNIFTY28APR2655500PE,1049.9,1025.0,1564.3,1025.0,785.6,749520,1282.1,1046.75,30,1050.7,120,306840
2026-04-13T13:41:12.949,NF,BANKNIFTY28APR2655500PE,1049.65,1025.0,1564.3,1025.0,785.6,749550,1282.09,1046.55,30,1050.35,90,306840
2026-04-13T13:41:15.349,NF,BANKNIFTY28APR2655500PE,1050.05,1025.0,1564.3,1025.0,785.6,749730,1282.04,1046.5,90,1050.1,30,306840
2026-04-13T13:41:16.564,NF,BANKNIFTY28APR2655500PE,1046.0,1025.0,1564.3,1025.0,785.6,749760,1282.03,1046.1,60,1049.55,90,306840
2026-04-13T13:41:18.955,NF,BANKNIFTY28APR2655500PE,1048.65,1025.0,1564.3,1025.0,785.6,749790,1282.02,1045.6,60,1049.0,120,306840
2026-04-13T13:41:20.166,NF,BANKNIFTY28APR2655500PE,1048.95,1025.0,1564.3,1025.0,785.6,749820,1282.01,1046.05,150,1049.3,30,306840
2026-04-13T13:41:22.559,NF,BANKNIFTY28APR2655500PE,1050.7,1025.0,1564.3,1025.0,785.6,750360,1281.84,1046.3,30,1050.05,150,306840
2026-04-13T13:41:23.772,NF,BANKNIFTY28APR2655500PE,1049.55,1025.0,1564.3,1025.0,785.6,750420,1281.82,1046.45,150,1050.1,120,306840
2026-04-13T13:41:28.770,NF,BANKNIFTY28APR2655500PE,1048.9,1025.0,1564.3,1025.0,785.6,750450,1281.81,1046.55,30,1049.0,90,306840
2026-04-13T13:41:33.430,NF,BANKNIFTY28APR2655500PE,1046.4,1025.0,1564.3,1025.0,785.6,750510,1281.8,1046.3,60,1049.0,90,312180
2026-04-13T13:41:36.983,NF,BANKNIFTY28APR2655500PE,1047.4,1025.0,1564.3,1025.0,785.6,750570,1281.78,1047.4,330,1049.0,240,312180
2026-04-13T13:41:38.387,NF,BANKNIFTY28APR2655500PE,1048.4,1025.0,1564.3,1025.0,785.6,750600,1281.77,1045.55,30,1048.45,30,312180
2026-04-13T13:41:39.190,NF,BANKNIFTY28APR2655500PE,1046.05,1025.0,1564.3,1025.0,785.6,750630,1281.76,1045.55,240,1048.45,30,312180
2026-04-13T13:41:41.790,NF,BANKNIFTY28APR2655500PE,1050.0,1025.0,1564.3,1025.0,785.6,750930,1281.66,1050.9,30,1054.0,30,312180
2026-04-13T13:41:42.991,NF,BANKNIFTY28APR2655500PE,1053.5,1025.0,1564.3,1025.0,785.6,750960,1281.66,1050.55,120,1054.55,30,312180
2026-04-13T13:41:45.402,NF,BANKNIFTY28APR2655500PE,1047.9,1025.0,1564.3,1025.0,785.6,751440,1281.51,1048.15,120,1050.0,90,312180
2026-04-13T13:41:46.806,NF,BANKNIFTY28APR2655500PE,1050.0,1025.0,1564.3,1025.0,785.6,751530,1281.48,1052.35,30,1056.1,60,312180
2026-04-13T13:41:49.201,NF,BANKNIFTY28APR2655500PE,1060.0,1025.0,1564.3,1025.0,785.6,751680,1281.43,1055.45,60,1059.35,150,312180
2026-04-13T13:41:50.407,NF,BANKNIFTY28APR2655500PE,1056.65,1025.0,1564.3,1025.0,785.6,751830,1281.39,1052.9,30,1055.0,30,312180
2026-04-13T13:41:53.015,NF,BANKNIFTY28APR2655500PE,1051.55,1025.0,1564.3,1025.0,785.6,751860,1281.38,1048.55,120,1051.55,30,312180
2026-04-13T13:41:54.210,NF,BANKNIFTY28APR2655500PE,1050.45,1025.0,1564.3,1025.0,785.6,751950,1281.35,1050.3,30,1053.1,30,312180
2026-04-13T13:41:55.413,NF,BANKNIFTY28APR2655500PE,1053.15,1025.0,1564.3,1025.0,785.6,751980,1281.34,1050.35,30,1054.1,60,312180
2026-04-13T13:41:56.629,NF,BANKNIFTY28APR2655500PE,1054.45,1025.0,1564.3,1025.0,785.6,752220,1281.27,1050.85,120,1053.85,30,312180
2026-04-13T13:41:57.824,NF,BANKNIFTY28APR2655500PE,1054.95,1025.0,1564.3,1025.0,785.6,753060,1281.02,1048.9,120,1052.2,30,312180
2026-04-13T13:41:59.025,NF,BANKNIFTY28APR2655500PE,1048.55,1025.0,1564.3,1025.0,785.6,753090,1281.01,1050.45,90,1051.8,60,312180
2026-04-13T13:42:00.232,NF,BANKNIFTY28APR2655500PE,1050.5,1025.0,1564.3,1025.0,785.6,753210,1280.97,1050.5,30,1053.45,60,312180
2026-04-13T13:42:01.438,NF,BANKNIFTY28APR2655500PE,1049.15,1025.0,1564.3,1025.0,785.6,753690,1280.83,1049.85,30,1052.85,30,312180
2026-04-13T13:42:02.631,NF,BANKNIFTY28APR2655500PE,1053.0,1025.0,1564.3,1025.0,785.6,753750,1280.81,1049.95,30,1053.0,150,312180
2026-04-13T13:42:03.838,NF,BANKNIFTY28APR2655500PE,1051.85,1025.0,1564.3,1025.0,785.6,753810,1280.79,1049.7,30,1052.25,90,312180
2026-04-13T13:42:05.245,NF,BANKNIFTY28APR2655500PE,1052.0,1025.0,1564.3,1025.0,785.6,753930,1280.75,1049.7,30,1051.85,30,312180
2026-04-13T13:42:08.835,NF,BANKNIFTY28APR2655500PE,1051.65,1025.0,1564.3,1025.0,785.6,754020,1280.73,1050.15,30,1051.85,30,312180
2026-04-13T13:42:10.049,NF,BANKNIFTY28APR2655500PE,1051.85,1025.0,1564.3,1025.0,785.6,754050,1280.72,1051.65,60,1055.0,60,312180
2026-04-13T13:42:12.640,NF,BANKNIFTY28APR2655500PE,1050.0,1025.0,1564.3,1025.0,785.6,754080,1280.71,1049.95,30,1053.35,120,312180
2026-04-13T13:42:13.850,NF,BANKNIFTY28APR2655500PE,1050.0,1025.0,1564.3,1025.0,785.6,754170,1280.68,1048.25,30,1050.7,30,312180
2026-04-13T13:42:15.059,NF,BANKNIFTY28APR2655500PE,1046.4,1025.0,1564.3,1025.0,785.6,754770,1280.49,1045.0,90,1046.4,60,312180
2026-04-13T13:42:16.262,NF,BANKNIFTY28APR2655500PE,1046.75,1025.0,1564.3,1025.0,785.6,755430,1280.29,1043.2,120,1046.75,60,312180
2026-04-13T13:42:17.653,NF,BANKNIFTY28APR2655500PE,1046.75,1025.0,1564.3,1025.0,785.6,755460,1280.28,1042.0,90,1044.4,30,312180
2026-04-13T13:42:20.054,NF,BANKNIFTY28APR2655500PE,1047.1,1025.0,1564.3,1025.0,785.6,755580,1280.24,1044.35,30,1048.05,210,312180
2026-04-13T13:42:22.470,NF,BANKNIFTY28APR2655500PE,1045.0,1025.0,1564.3,1025.0,785.6,755640,1280.22,1048.25,30,1051.35,30,312180
2026-04-13T13:42:25.116,NF,BANKNIFTY28APR2655500PE,1054.2,1025.0,1564.3,1025.0,785.6,755730,1280.2,1051.65,30,1054.6,150,312180
2026-04-13T13:42:29.884,NF,BANKNIFTY28APR2655500PE,1053.75,1025.0,1564.3,1025.0,785.6,755880,1280.15,1053.55,60,1056.8,150,312180
2026-04-13T13:42:33.676,NF,BANKNIFTY28APR2655500PE,1054.85,1025.0,1564.3,1025.0,785.6,755970,1280.13,1055.65,120,1058.0,30,312180
2026-04-13T13:42:38.490,NF,BANKNIFTY28APR2655500PE,1053.65,1025.0,1564.3,1025.0,785.6,756030,1280.11,1055.6,120,1058.0,30,312180
2026-04-13T13:42:39.889,NF,BANKNIFTY28APR2655500PE,1059.95,1025.0,1564.3,1025.0,785.6,756120,1280.08,1056.4,60,1059.6,30,312180
2026-04-13T13:42:42.297,NF,BANKNIFTY28APR2655500PE,1062.7,1025.0,1564.3,1025.0,785.6,757020,1279.82,1059.5,60,1062.85,60,312180
2026-04-13T13:42:43.497,NF,BANKNIFTY28APR2655500PE,1061.7,1025.0,1564.3,1025.0,785.6,757080,1279.8,1059.5,60,1061.7,90,312180
2026-04-13T13:42:44.697,NF,BANKNIFTY28APR2655500PE,1061.85,1025.0,1564.3,1025.0,785.6,757110,1279.79,1059.5,60,1061.9,90,312180
2026-04-13T13:42:46.097,NF,BANKNIFTY28APR2655500PE,1059.5,1025.0,1564.3,1025.0,785.6,757170,1279.78,1055.2,60,1058.95,30,312180
2026-04-13T13:42:48.503,NF,BANKNIFTY28APR2655500PE,1056.8,1025.0,1564.3,1025.0,785.6,757350,1279.72,1056.8,30,1060.0,30,312180
2026-04-13T13:42:53.311,NF,BANKNIFTY28APR2655500PE,1061.0,1025.0,1564.3,1025.0,785.6,757410,1279.71,1058.8,150,1062.8,120,312180
2026-04-13T13:42:54.711,NF,BANKNIFTY28APR2655500PE,1058.5,1025.0,1564.3,1025.0,785.6,757440,1279.7,1055.75,60,1059.45,120,312180
2026-04-13T13:42:58.320,NF,BANKNIFTY28APR2655500PE,1057.0,1025.0,1564.3,1025.0,785.6,757530,1279.67,1056.55,60,1058.5,60,312180
2026-04-13T13:43:00.924,NF,BANKNIFTY28APR2655500PE,1058.5,1025.0,1564.3,1025.0,785.6,757560,1279.66,1056.85,30,1058.5,30,312180
2026-04-13T13:43:02.140,NF,BANKNIFTY28APR2655500PE,1060.95,1025.0,1564.3,1025.0,785.6,757620,1279.65,1058.35,150,1061.0,30,312180
2026-04-13T13:43:03.327,NF,BANKNIFTY28APR2655500PE,1061.0,1025.0,1564.3,1025.0,785.6,757650,1279.64,1058.3,90,1061.9,60,312180
2026-04-13T13:43:05.735,NF,BANKNIFTY28APR2655500PE,1057.65,1025.0,1564.3,1025.0,785.6,757680,1279.63,1056.05,30,1058.0,60,312180
2026-04-13T13:43:06.933,NF,BANKNIFTY28APR2655500PE,1056.0,1025.0,1564.3,1025.0,785.6,757710,1279.62,1053.0,30,1055.65,300,312180
2026-04-13T13:43:08.143,NF,BANKNIFTY28APR2655500PE,1057.8,1025.0,1564.3,1025.0,785.6,758460,1279.4,1053.95,30,1057.8,30,312180
2026-04-13T13:43:09.347,NF,BANKNIFTY28APR2655500PE,1054.1,1025.0,1564.3,1025.0,785.6,758520,1279.38,1054.0,60,1057.65,120,312180
2026-04-13T13:43:11.737,NF,BANKNIFTY28APR2655500PE,1056.2,1025.0,1564.3,1025.0,785.6,758580,1279.36,1054.45,60,1057.95,90,312180
2026-04-13T13:43:14.145,NF,BANKNIFTY28APR2655500PE,1057.85,1025.0,1564.3,1025.0,785.6,758910,1279.27,1057.85,90,1061.0,450,312180
2026-04-13T13:43:16.546,NF,BANKNIFTY28APR2655500PE,1058.0,1025.0,1564.3,1025.0,785.6,758940,1279.26,1057.55,60,1060.95,30,312180
2026-04-13T13:43:17.754,NF,BANKNIFTY28APR2655500PE,1061.0,1025.0,1564.3,1025.0,785.6,759000,1279.24,1057.7,90,1060.0,30,312180
2026-04-13T13:43:18.952,NF,BANKNIFTY28APR2655500PE,1060.0,1025.0,1564.3,1025.0,785.6,759030,1279.23,1057.95,120,1061.0,360,312180
2026-04-13T13:43:20.153,NF,BANKNIFTY28APR2655500PE,1061.0,1025.0,1564.3,1025.0,785.6,759060,1279.22,1057.95,90,1061.0,360,312180
2026-04-13T13:43:23.759,NF,BANKNIFTY28APR2655500PE,1061.0,1025.0,1564.3,1025.0,785.6,759090,1279.22,1058.25,30,1061.0,360,312180
2026-04-13T13:43:24.959,NF,BANKNIFTY28APR2655500PE,1058.6,1025.0,1564.3,1025.0,785.6,759180,1279.19,1058.95,30,1061.0,360,312180
2026-04-13T13:43:26.165,NF,BANKNIFTY28APR2655500PE,1058.75,1025.0,1564.3,1025.0,785.6,759210,1279.18,1058.05,90,1061.0,360,312180
2026-04-13T13:43:27.369,NF,BANKNIFTY28APR2655500PE,1061.0,1025.0,1564.3,1025.0,785.6,759240,1279.17,1058.3,30,1061.0,390,312180
2026-04-13T13:43:28.573,NF,BANKNIFTY28APR2655500PE,1061.0,1025.0,1564.3,1025.0,785.6,759270,1279.16,1058.35,210,1061.0,300,312180
2026-04-13T13:43:35.788,NF,BANKNIFTY28APR2655500PE,1057.8,1025.0,1564.3,1025.0,785.6,759300,1279.16,1057.85,120,1060.5,30,312180
2026-04-13T13:43:41.983,NF,BANKNIFTY28APR2655500PE,1059.05,1025.0,1564.3,1025.0,785.6,759360,1279.14,1058.0,180,1060.8,60,312180
2026-04-13T13:43:43.382,NF,BANKNIFTY28APR2655500PE,1057.95,1025.0,1564.3,1025.0,785.6,759570,1279.08,1055.75,90,1059.55,30,312180
2026-04-13T13:43:44.585,NF,BANKNIFTY28APR2655500PE,1057.65,1025.0,1564.3,1025.0,785.6,759630,1279.06,1054.85,30,1058.15,120,312180
2026-04-13T13:43:46.993,NF,BANKNIFTY28APR2655500PE,1056.6,1025.0,1564.3,1025.0,785.6,759840,1279.0,1054.75,120,1058.9,30,312180
2026-04-13T13:43:58.206,NF,BANKNIFTY28APR2655500PE,1055.9,1025.0,1564.3,1025.0,785.6,759930,1278.97,1053.4,60,1057.25,60,312180
2026-04-13T13:44:00.610,NF,BANKNIFTY28APR2655500PE,1052.0,1025.0,1564.3,1025.0,785.6,759990,1278.95,1051.05,150,1054.05,30,312180
2026-04-13T13:44:01.811,NF,BANKNIFTY28APR2655500PE,1051.15,1025.0,1564.3,1025.0,785.6,760020,1278.94,1051.1,150,1053.95,30,312180
2026-04-13T13:44:13.825,NF,BANKNIFTY28APR2655500PE,1059.0,1025.0,1564.3,1025.0,785.6,760140,1278.91,1059.3,60,1061.0,270,312180
2026-04-13T13:44:16.238,NF,BANKNIFTY28APR2655500PE,1061.2,1025.0,1564.3,1025.0,785.6,760440,1278.82,1061.7,60,1063.0,90,312180
2026-04-13T13:44:17.632,NF,BANKNIFTY28APR2655500PE,1061.95,1025.0,1564.3,1025.0,785.6,760500,1278.81,1059.95,120,1063.0,90,312180
2026-04-13T13:44:22.460,NF,BANKNIFTY28APR2655500PE,1062.0,1025.0,1564.3,1025.0,785.6,760620,1278.77,1057.9,30,1061.8,30,312180
2026-04-13T13:44:26.094,NF,BANKNIFTY28APR2655500PE,1059.6,1025.0,1564.3,1025.0,785.6,760650,1278.76,1056.15,30,1059.35,90,312180
2026-04-13T13:44:27.249,NF,BANKNIFTY28APR2655500PE,1059.5,1025.0,1564.3,1025.0,785.6,760680,1278.76,1056.8,90,1060.75,30,312180
2026-04-13T13:44:33.458,NF,BANKNIFTY28APR2655500PE,1059.0,1025.0,1564.3,1025.0,785.6,760740,1278.74,1058.7,150,1061.95,90,312180
2026-04-13T13:44:37.069,NF,BANKNIFTY28APR2655500PE,1061.2,1025.0,1564.3,1025.0,785.6,760770,1278.73,1058.0,120,1061.25,60,312540
2026-04-13T13:44:39.475,NF,BANKNIFTY28APR2655500PE,1057.3,1025.0,1564.3,1025.0,785.6,760860,1278.7,1057.0,60,1059.9,60,312540
2026-04-13T13:44:41.687,NF,BANKNIFTY28APR2655500PE,1059.8,1025.0,1564.3,1025.0,785.6,760890,1278.69,1056.85,90,1060.5,60,312540
2026-04-13T13:44:42.873,NF,BANKNIFTY28APR2655500PE,1060.8,1025.0,1564.3,1025.0,785.6,760920,1278.69,1056.85,60,1060.45,150,312540
2026-04-13T13:44:43.878,NF,BANKNIFTY28APR2655500PE,1059.9,1025.0,1564.3,1025.0,785.6,760950,1278.68,1057.2,150,1060.3,60,312540
2026-04-13T13:44:47.286,NF,BANKNIFTY28APR2655500PE,1059.9,1025.0,1564.3,1025.0,785.6,761040,1278.65,1056.4,180,1059.6,30,312540
2026-04-13T13:44:50.899,NF,BANKNIFTY28APR2655500PE,1059.8,1025.0,1564.3,1025.0,785.6,761070,1278.64,1056.85,60,1059.9,60,312540
2026-04-13T13:44:54.295,NF,BANKNIFTY28APR2655500PE,1059.9,1025.0,1564.3,1025.0,785.6,761100,1278.63,1056.95,270,1059.9,30,312540
2026-04-13T13:44:55.498,NF,BANKNIFTY28APR2655500PE,1056.85,1025.0,1564.3,1025.0,785.6,761130,1278.63,1056.75,120,1059.9,30,312540
2026-04-13T13:44:57.906,NF,BANKNIFTY28APR2655500PE,1061.75,1025.0,1564.3,1025.0,785.6,761730,1278.45,1054.4,300,1058.2,60,312540
2026-04-13T13:45:01.509,NF,BANKNIFTY28APR2655500PE,1058.1,1025.0,1564.3,1025.0,785.6,761760,1278.45,1055.05,150,1058.9,90,312540
2026-04-13T13:45:02.725,NF,BANKNIFTY28APR2655500PE,1059.15,1025.0,1564.3,1025.0,785.6,761850,1278.42,1055.45,60,1058.8,30,312540
2026-04-13T13:45:03.913,NF,BANKNIFTY28APR2655500PE,1056.75,1025.0,1564.3,1025.0,785.6,762000,1278.38,1053.3,120,1056.95,90,312540
2026-04-13T13:45:05.315,NF,BANKNIFTY28APR2655500PE,1053.3,1025.0,1564.3,1025.0,785.6,762060,1278.36,1053.85,180,1056.8,30,312540
2026-04-13T13:45:06.520,NF,BANKNIFTY28APR2655500PE,1057.8,1025.0,1564.3,1025.0,785.6,762270,1278.3,1053.9,120,1057.4,60,312540
2026-04-13T13:45:07.720,NF,BANKNIFTY28APR2655500PE,1053.9,1025.0,1564.3,1025.0,785.6,762360,1278.27,1053.55,180,1056.5,150,312540
2026-04-13T13:45:08.921,NF,BANKNIFTY28APR2655500PE,1056.4,1025.0,1564.3,1025.0,785.6,762480,1278.24,1052.85,180,1055.9,120,312540
2026-04-13T13:45:10.122,NF,BANKNIFTY28APR2655500PE,1053.25,1025.0,1564.3,1025.0,785.6,762540,1278.22,1053.3,60,1056.15,150,312540
2026-04-13T13:45:11.331,NF,BANKNIFTY28APR2655500PE,1056.15,1025.0,1564.3,1025.0,785.6,762570,1278.21,1053.4,60,1056.15,120,312540
2026-04-13T13:45:12.529,NF,BANKNIFTY28APR2655500PE,1058.6,1025.0,1564.3,1025.0,785.6,762810,1278.14,1056.35,150,1059.0,30,312540
2026-04-13T13:45:13.933,NF,BANKNIFTY28APR2655500PE,1062.05,1025.0,1564.3,1025.0,785.6,763230,1278.02,1061.5,150,1065.25,90,312540
2026-04-13T13:45:15.129,NF,BANKNIFTY28APR2655500PE,1065.55,1025.0,1564.3,1025.0,785.6,763320,1278.0,1060.75,60,1064.85,30,312540
2026-04-13T13:45:17.541,NF,BANKNIFTY28APR2655500PE,1063.5,1025.0,1564.3,1025.0,785.6,763410,1277.97,1061.65,30,1065.45,60,312540
2026-04-13T13:45:18.748,NF,BANKNIFTY28APR2655500PE,1065.4,1025.0,1564.3,1025.0,785.6,763440,1277.96,1060.7,120,1063.8,30,312540
2026-04-13T13:45:20.140,NF,BANKNIFTY28APR2655500PE,1065.55,1025.0,1564.3,1025.0,785.6,763830,1277.85,1061.85,30,1065.45,60,312540
2026-04-13T13:45:21.342,NF,BANKNIFTY28APR2655500PE,1066.5,1025.0,1564.3,1025.0,785.6,763920,1277.83,1063.15,30,1066.65,60,312540
2026-04-13T13:45:23.748,NF,BANKNIFTY28APR2655500PE,1066.3,1025.0,1564.3,1025.0,785.6,763950,1277.82,1064.95,150,1068.1,60,312540
2026-04-13T13:45:24.957,NF,BANKNIFTY28APR2655500PE,1064.15,1025.0,1564.3,1025.0,785.6,764190,1277.75,1063.6,150,1064.9,30,312540
2026-04-13T13:45:26.378,NF,BANKNIFTY28APR2655500PE,1063.8,1025.0,1564.3,1025.0,785.6,764250,1277.74,1064.05,150,1066.6,30,312540
2026-04-13T13:45:27.554,NF,BANKNIFTY28APR2655500PE,1067.25,1025.0,1564.3,1025.0,785.6,764340,1277.71,1063.7,120,1067.45,60,312540
2026-04-13T13:45:28.761,NF,BANKNIFTY28APR2655500PE,1068.8,1025.0,1564.3,1025.0,785.6,764370,1277.7,1065.75,90,1068.85,60,312540
2026-04-13T13:45:29.955,NF,BANKNIFTY28APR2655500PE,1070.85,1025.0,1564.3,1025.0,785.6,764520,1277.66,1066.7,30,1070.0,30,312540
2026-04-13T13:45:31.158,NF,BANKNIFTY28APR2655500PE,1069.95,1025.0,1564.3,1025.0,785.6,765150,1277.49,1067.3,90,1070.05,30,312540
2026-04-13T13:45:32.558,NF,BANKNIFTY28APR2655500PE,1070.5,1025.0,1564.3,1025.0,785.6,765510,1277.39,1064.95,120,1069.25,30,312540
2026-04-13T13:45:33.759,NF,BANKNIFTY28APR2655500PE,1067.25,1025.0,1564.3,1025.0,785.6,765600,1277.37,1064.95,90,1068.35,30,312540
2026-04-13T13:45:34.965,NF,BANKNIFTY28APR2655500PE,1069.15,1025.0,1564.3,1025.0,785.6,765750,1277.33,1065.1,60,1069.2,120,312540
2026-04-13T13:45:36.172,NF,BANKNIFTY28APR2655500PE,1065.2,1025.0,1564.3,1025.0,785.6,765810,1277.31,1062.1,90,1066.25,30,312540
2026-04-13T13:45:37.366,NF,BANKNIFTY28APR2655500PE,1065.0,1025.0,1564.3,1025.0,785.6,766380,1277.15,1062.35,180,1065.0,210,312540
2026-04-13T13:45:43.385,NF,BANKNIFTY28APR2655500PE,1065.0,1025.0,1564.3,1025.0,785.6,766590,1277.09,1064.45,120,1067.95,90,312540
2026-04-13T13:45:49.388,NF,BANKNIFTY28APR2655500PE,1068.95,1025.0,1564.3,1025.0,785.6,766650,1277.08,1064.6,60,1068.15,90,312540
2026-04-13T13:45:50.784,NF,BANKNIFTY28APR2655500PE,1069.0,1025.0,1564.3,1025.0,785.6,767160,1276.94,1068.9,30,1072.15,30,312540
2026-04-13T13:45:53.189,NF,BANKNIFTY28APR2655500PE,1070.0,1025.0,1564.3,1025.0,785.6,767190,1276.93,1068.5,150,1072.45,120,312540
2026-04-13T13:45:55.803,NF,BANKNIFTY28APR2655500PE,1068.05,1025.0,1564.3,1025.0,785.6,767280,1276.91,1068.65,150,1072.65,120,312540
2026-04-13T13:45:56.995,NF,BANKNIFTY28APR2655500PE,1068.1,1025.0,1564.3,1025.0,785.6,767310,1276.9,1069.0,30,1071.9,60,312540
2026-04-13T13:45:58.198,NF,BANKNIFTY28APR2655500PE,1071.85,1025.0,1564.3,1025.0,785.6,767340,1276.89,1069.0,30,1071.5,30,312540
2026-04-13T13:45:59.399,NF,BANKNIFTY28APR2655500PE,1071.85,1025.0,1564.3,1025.0,785.6,767460,1276.86,1069.0,30,1071.95,30,312540
2026-04-13T13:46:00.604,NF,BANKNIFTY28APR2655500PE,1071.95,1025.0,1564.3,1025.0,785.6,767760,1276.78,1069.0,30,1071.6,150,312540
2026-04-13T13:46:01.805,NF,BANKNIFTY28APR2655500PE,1065.0,1025.0,1564.3,1025.0,785.6,767970,1276.72,1062.9,120,1066.2,30,312540
2026-04-13T13:46:03.205,NF,BANKNIFTY28APR2655500PE,1069.85,1025.0,1564.3,1025.0,785.6,768030,1276.7,1065.05,120,1069.65,30,312540
2026-04-13T13:46:04.410,NF,BANKNIFTY28APR2655500PE,1068.35,1025.0,1564.3,1025.0,785.6,768060,1276.7,1065.0,240,1068.8,30,312540
2026-04-13T13:46:05.625,NF,BANKNIFTY28APR2655500PE,1066.0,1025.0,1564.3,1025.0,785.6,768090,1276.69,1065.15,150,1069.2,60,312540
2026-04-13T13:46:06.810,NF,BANKNIFTY28APR2655500PE,1064.35,1025.0,1564.3,1025.0,785.6,768150,1276.67,1065.05,270,1068.95,30,312540
2026-04-13T13:46:08.013,NF,BANKNIFTY28APR2655500PE,1065.15,1025.0,1564.3,1025.0,785.6,768270,1276.64,1065.0,30,1068.75,30,312540
2026-04-13T13:46:09.233,NF,BANKNIFTY28APR2655500PE,1068.9,1025.0,1564.3,1025.0,785.6,768360,1276.61,1065.7,120,1069.35,60,312540
2026-04-13T13:46:10.613,NF,BANKNIFTY28APR2655500PE,1065.55,1025.0,1564.3,1025.0,785.6,768390,1276.61,1065.6,120,1069.45,60,312540
2026-04-13T13:46:11.819,NF,BANKNIFTY28APR2655500PE,1065.95,1025.0,1564.3,1025.0,785.6,768420,1276.6,1066.7,30,1070.45,30,312540
2026-04-13T13:46:13.020,NF,BANKNIFTY28APR2655500PE,1068.4,1025.0,1564.3,1025.0,785.6,768480,1276.58,1067.15,30,1071.6,120,312540
2026-04-13T13:46:15.430,NF,BANKNIFTY28APR2655500PE,1069.85,1025.0,1564.3,1025.0,785.6,768510,1276.57,1069.65,60,1073.5,60,312540
2026-04-13T13:46:18.029,NF,BANKNIFTY28APR2655500PE,1069.3,1025.0,1564.3,1025.0,785.6,768630,1276.54,1068.05,30,1072.15,30,312540
2026-04-13T13:46:19.231,NF,BANKNIFTY28APR2655500PE,1069.2,1025.0,1564.3,1025.0,785.6,768660,1276.53,1069.1,180,1073.45,150,312540
2026-04-13T13:46:20.426,NF,BANKNIFTY28APR2655500PE,1068.95,1025.0,1564.3,1025.0,785.6,768750,1276.51,1069.0,150,1073.0,60,312540
2026-04-13T13:46:21.645,NF,BANKNIFTY28APR2655500PE,1073.0,1025.0,1564.3,1025.0,785.6,768990,1276.44,1068.85,120,1072.75,60,312540
2026-04-13T13:46:22.838,NF,BANKNIFTY28APR2655500PE,1069.85,1025.0,1564.3,1025.0,785.6,769140,1276.4,1067.1,150,1071.25,30,312540
2026-04-13T13:46:24.092,NF,BANKNIFTY28APR2655500PE,1067.9,1025.0,1564.3,1025.0,785.6,769170,1276.4,1066.5,90,1070.75,30,312540
2026-04-13T13:46:25.236,NF,BANKNIFTY28APR2655500PE,1067.55,1025.0,1564.3,1025.0,785.6,769200,1276.39,1067.3,120,1071.95,30,312540
2026-04-13T13:46:26.634,NF,BANKNIFTY28APR2655500PE,1067.9,1025.0,1564.3,1025.0,785.6,769230,1276.38,1068.65,90,1072.95,120,312540
2026-04-13T13:46:27.836,NF,BANKNIFTY28APR2655500PE,1068.25,1025.0,1564.3,1025.0,785.6,769260,1276.37,1068.15,60,1072.15,30,312540
2026-04-13T13:46:29.038,NF,BANKNIFTY28APR2655500PE,1069.75,1025.0,1564.3,1025.0,785.6,769320,1276.36,1069.65,30,1073.5,60,312540
2026-04-13T13:46:30.241,NF,BANKNIFTY28APR2655500PE,1074.0,1025.0,1564.3,1025.0,785.6,769410,1276.33,1071.15,150,1075.0,960,312540
2026-04-13T13:46:31.455,NF,BANKNIFTY28APR2655500PE,1071.5,1025.0,1564.3,1025.0,785.6,769440,1276.32,1070.15,60,1074.3,90,312540
2026-04-13T13:46:32.842,NF,BANKNIFTY28APR2655500PE,1070.85,1025.0,1564.3,1025.0,785.6,769620,1276.28,1070.05,60,1074.45,180,312540
2026-04-13T13:46:34.050,NF,BANKNIFTY28APR2655500PE,1070.75,1025.0,1564.3,1025.0,785.6,769680,1276.26,1070.05,240,1073.75,90,312540
2026-04-13T13:46:35.251,NF,BANKNIFTY28APR2655500PE,1070.4,1025.0,1564.3,1025.0,785.6,769710,1276.25,1070.25,150,1074.25,60,312540
2026-04-13T13:46:36.450,NF,BANKNIFTY28APR2655500PE,1069.8,1025.0,1564.3,1025.0,785.6,769770,1276.24,1070.05,270,1074.2,300,312540
2026-04-13T13:46:37.665,NF,BANKNIFTY28APR2655500PE,1069.35,1025.0,1564.3,1025.0,785.6,769830,1276.22,1069.05,60,1073.2,90,312540
2026-04-13T13:46:40.054,NF,BANKNIFTY28APR2655500PE,1067.95,1025.0,1564.3,1025.0,785.6,770070,1276.16,1067.9,120,1070.9,90,312540
2026-04-13T13:46:41.256,NF,BANKNIFTY28APR2655500PE,1069.5,1025.0,1564.3,1025.0,785.6,770100,1276.15,1069.4,120,1073.05,30,312540
2026-04-13T13:46:42.463,NF,BANKNIFTY28APR2655500PE,1071.4,1025.0,1564.3,1025.0,785.6,770130,1276.14,1071.35,150,1075.0,900,312540
2026-04-13T13:46:43.663,NF,BANKNIFTY28APR2655500PE,1071.75,1025.0,1564.3,1025.0,785.6,770160,1276.13,1071.7,120,1074.8,30,312540
2026-04-13T13:46:45.058,NF,BANKNIFTY28APR2655500PE,1071.8,1025.0,1564.3,1025.0,785.6,770190,1276.12,1071.45,150,1074.6,30,312540
2026-04-13T13:46:46.262,NF,BANKNIFTY28APR2655500PE,1072.8,1025.0,1564.3,1025.0,785.6,770220,1276.12,1072.45,180,1074.6,30,312540
2026-04-13T13:46:47.465,NF,BANKNIFTY28APR2655500PE,1075.0,1025.0,1564.3,1025.0,785.6,770490,1276.04,1072.7,240,1075.0,690,312540
2026-04-13T13:46:48.676,NF,BANKNIFTY28APR2655500PE,1074.2,1025.0,1564.3,1025.0,785.6,771240,1275.85,1073.95,90,1077.15,90,312540
2026-04-13T13:46:50.069,NF,BANKNIFTY28APR2655500PE,1073.75,1025.0,1564.3,1025.0,785.6,771360,1275.82,1073.0,30,1075.95,60,312540
2026-04-13T13:46:51.270,NF,BANKNIFTY28APR2655500PE,1075.0,1025.0,1564.3,1025.0,785.6,771420,1275.8,1074.5,180,1077.9,30,312540
2026-04-13T13:46:52.478,NF,BANKNIFTY28APR2655500PE,1075.2,1025.0,1564.3,1025.0,785.6,771450,1275.8,1074.45,60,1077.9,30,312540
2026-04-13T13:46:53.679,NF,BANKNIFTY28APR2655500PE,1073.75,1025.0,1564.3,1025.0,785.6,771480,1275.79,1073.8,240,1077.4,30,312540
2026-04-13T13:46:54.878,NF,BANKNIFTY28APR2655500PE,1076.45,1025.0,1564.3,1025.0,785.6,771600,1275.76,1072.55,180,1076.4,30,312540
2026-04-13T13:46:56.081,NF,BANKNIFTY28APR2655500PE,1073.8,1025.0,1564.3,1025.0,785.6,772620,1275.49,1073.15,150,1077.7,60,312540
2026-04-13T13:46:57.486,NF,BANKNIFTY28APR2655500PE,1073.6,1025.0,1564.3,1025.0,785.6,772800,1275.45,1073.2,240,1076.35,30,312540
2026-04-13T13:46:58.687,NF,BANKNIFTY28APR2655500PE,1072.95,1025.0,1564.3,1025.0,785.6,772860,1275.43,1072.75,150,1076.1,30,312540
2026-04-13T13:46:59.885,NF,BANKNIFTY28APR2655500PE,1070.75,1025.0,1564.3,1025.0,785.6,772950,1275.41,1071.05,30,1074.65,30,312540
2026-04-13T13:47:01.089,NF,BANKNIFTY28APR2655500PE,1070.9,1025.0,1564.3,1025.0,785.6,773130,1275.36,1071.2,30,1074.45,30,312540
2026-04-13T13:47:03.493,NF,BANKNIFTY28APR2655500PE,1070.0,1025.0,1564.3,1025.0,785.6,773520,1275.26,1067.5,210,1071.55,30,312540
2026-04-13T13:47:04.891,NF,BANKNIFTY28APR2655500PE,1068.45,1025.0,1564.3,1025.0,785.6,774180,1275.09,1067.55,150,1071.4,120,312540
2026-04-13T13:47:06.094,NF,BANKNIFTY28APR2655500PE,1070.0,1025.0,1564.3,1025.0,785.6,774240,1275.07,1067.2,30,1071.1,30,312540
2026-04-13T13:47:07.297,NF,BANKNIFTY28APR2655500PE,1069.85,1025.0,1564.3,1025.0,785.6,774330,1275.05,1065.7,30,1068.0,30,312540
2026-04-13T13:47:08.507,NF,BANKNIFTY28APR2655500PE,1065.0,1025.0,1564.3,1025.0,785.6,774480,1275.01,1060.7,120,1062.7,30,312540
2026-04-13T13:47:09.703,NF,BANKNIFTY28APR2655500PE,1062.15,1025.0,1564.3,1025.0,785.6,774570,1274.98,1062.55,150,1064.85,30,312540
2026-04-13T13:47:10.904,NF,BANKNIFTY28APR2655500PE,1062.4,1025.0,1564.3,1025.0,785.6,774750,1274.93,1062.55,90,1065.6,30,312540
2026-04-13T13:47:12.304,NF,BANKNIFTY28APR2655500PE,1062.95,1025.0,1564.3,1025.0,785.6,775050,1274.85,1062.9,120,1067.0,30,312540
2026-04-13T13:47:14.708,NF,BANKNIFTY28APR2655500PE,1064.0,1025.0,1564.3,1025.0,785.6,775080,1274.84,1063.5,60,1065.05,30,312540
2026-04-13T13:47:15.912,NF,BANKNIFTY28APR2655500PE,1067.55,1025.0,1564.3,1025.0,785.6,775170,1274.82,1068.0,30,1072.05,60,312540
2026-04-13T13:47:17.115,NF,BANKNIFTY28APR2655500PE,1071.55,1025.0,1564.3,1025.0,785.6,775380,1274.76,1068.7,180,1072.85,90,312540
2026-04-13T13:47:18.516,NF,BANKNIFTY28APR2655500PE,1072.0,1025.0,1564.3,1025.0,785.6,775410,1274.75,1069.2,60,1072.8,60,312540
2026-04-13T13:47:19.721,NF,BANKNIFTY28APR2655500PE,1069.05,1025.0,1564.3,1025.0,785.6,775650,1274.69,1069.35,60,1072.75,30,312540
2026-04-13T13:47:20.920,NF,BANKNIFTY28APR2655500PE,1069.2,1025.0,1564.3,1025.0,785.6,775770,1274.66,1068.35,30,1072.75,30,312540
2026-04-13T13:47:22.123,NF,BANKNIFTY28APR2655500PE,1068.85,1025.0,1564.3,1025.0,785.6,775800,1274.65,1068.7,30,1071.85,30,312540
2026-04-13T13:47:23.330,NF,BANKNIFTY28APR2655500PE,1071.85,1025.0,1564.3,1025.0,785.6,775830,1274.64,1068.7,150,1071.8,30,312540
2026-04-13T13:47:25.926,NF,BANKNIFTY28APR2655500PE,1071.15,1025.0,1564.3,1025.0,785.6,775920,1274.62,1067.55,30,1071.1,30,312540
2026-04-13T13:47:28.331,NF,BANKNIFTY28APR2655500PE,1071.2,1025.0,1564.3,1025.0,785.6,775950,1274.61,1066.9,60,1069.4,30,312540
2026-04-13T13:47:29.538,NF,BANKNIFTY28APR2655500PE,1065.9,1025.0,1564.3,1025.0,785.6,776040,1274.59,1065.45,30,1068.8,30,312540
2026-04-13T13:47:31.990,NF,BANKNIFTY28APR2655500PE,1063.65,1025.0,1564.3,1025.0,785.6,776250,1274.53,1064.4,60,1067.45,30,312540
2026-04-13T13:47:33.372,NF,BANKNIFTY28APR2655500PE,1064.35,1025.0,1564.3,1025.0,785.6,776310,1274.51,1063.4,30,1066.9,30,312540
2026-04-13T13:47:34.544,NF,BANKNIFTY28APR2655500PE,1063.35,1025.0,1564.3,1025.0,785.6,776430,1274.48,1062.05,60,1063.9,30,314220
2026-04-13T13:47:35.745,NF,BANKNIFTY28APR2655500PE,1061.55,1025.0,1564.3,1025.0,785.6,776550,1274.45,1060.65,60,1064.0,60,314220
2026-04-13T13:47:39.550,NF,BANKNIFTY28APR2655500PE,1063.85,1025.0,1564.3,1025.0,785.6,776610,1274.43,1060.65,60,1064.0,60,314220
2026-04-13T13:47:41.956,NF,BANKNIFTY28APR2655500PE,1061.35,1025.0,1564.3,1025.0,785.6,776670,1274.42,1061.2,60,1063.9,30,314220
2026-04-13T13:47:43.155,NF,BANKNIFTY28APR2655500PE,1067.8,1025.0,1564.3,1025.0,785.6,776850,1274.37,1063.25,150,1067.7,60,314220
2026-04-13T13:47:44.374,NF,BANKNIFTY28APR2655500PE,1063.05,1025.0,1564.3,1025.0,785.6,776910,1274.35,1062.7,120,1066.45,60,314220
2026-04-13T13:47:45.760,NF,BANKNIFTY28APR2655500PE,1062.85,1025.0,1564.3,1025.0,785.6,776940,1274.34,1062.55,60,1065.85,30,314220
2026-04-13T13:47:48.167,NF,BANKNIFTY28APR2655500PE,1062.1,1025.0,1564.3,1025.0,785.6,777000,1274.33,1063.05,60,1066.6,30,314220
2026-04-13T13:47:49.366,NF,BANKNIFTY28APR2655500PE,1067.25,1025.0,1564.3,1025.0,785.6,777060,1274.31,1067.15,60,1070.3,30,314220
2026-04-13T13:47:50.767,NF,BANKNIFTY28APR2655500PE,1067.2,1025.0,1564.3,1025.0,785.6,777090,1274.3,1065.9,30,1070.1,30,314220
2026-04-13T13:47:53.179,NF,BANKNIFTY28APR2655500PE,1071.0,1025.0,1564.3,1025.0,785.6,777120,1274.29,1068.9,90,1071.55,30,314220
2026-04-13T13:48:00.781,NF,BANKNIFTY28APR2655500PE,1068.9,1025.0,1564.3,1025.0,785.6,777210,1274.27,1068.9,30,1071.35,30,314220
2026-04-13T13:48:03.195,NF,BANKNIFTY28APR2655500PE,1073.0,1025.0,1564.3,1025.0,785.6,777420,1274.22,1072.65,30,1075.0,30,314220
2026-04-13T13:48:06.997,NF,BANKNIFTY28APR2655500PE,1075.0,1025.0,1564.3,1025.0,785.6,777510,1274.19,1072.05,30,1075.25,30,314220
2026-04-13T13:48:08.203,NF,BANKNIFTY28APR2655500PE,1073.0,1025.0,1564.3,1025.0,785.6,777570,1274.18,1072.25,60,1075.25,30,314220
2026-04-13T13:48:10.614,NF,BANKNIFTY28APR2655500PE,1076.85,1025.0,1564.3,1025.0,785.6,777840,1274.11,1072.9,30,1077.2,30,314220
2026-04-13T13:48:11.999,NF,BANKNIFTY28APR2655500PE,1072.9,1025.0,1564.3,1025.0,785.6,777900,1274.09,1072.75,60,1076.4,60,314220
2026-04-13T13:48:13.204,NF,BANKNIFTY28APR2655500PE,1076.35,1025.0,1564.3,1025.0,785.6,777930,1274.09,1072.05,60,1076.15,60,314220
2026-04-13T13:48:17.013,NF,BANKNIFTY28APR2655500PE,1076.35,1025.0,1564.3,1025.0,785.6,777960,1274.08,1073.2,210,1076.35,30,314220
2026-04-13T13:48:19.419,NF,BANKNIFTY28APR2655500PE,1072.0,1025.0,1564.3,1025.0,785.6,777990,1274.07,1071.75,270,1075.05,60,314220
2026-04-13T13:48:20.616,NF,BANKNIFTY28APR2655500PE,1071.95,1025.0,1564.3,1025.0,785.6,778020,1274.06,1071.95,60,1074.9,60,314220
2026-04-13T13:48:21.823,NF,BANKNIFTY28APR2655500PE,1074.9,1025.0,1564.3,1025.0,785.6,778050,1274.05,1072.25,60,1075.5,60,314220
2026-04-13T13:48:23.223,NF,BANKNIFTY28APR2655500PE,1074.95,1025.0,1564.3,1025.0,785.6,778110,1274.04,1071.0,30,1074.0,90,314220
2026-04-13T13:48:25.636,NF,BANKNIFTY28APR2655500PE,1074.25,1025.0,1564.3,1025.0,785.6,778230,1274.01,1071.1,60,1074.7,30,314220
2026-04-13T13:48:26.830,NF,BANKNIFTY28APR2655500PE,1074.5,1025.0,1564.3,1025.0,785.6,778410,1273.96,1071.15,90,1074.5,30,314220
2026-04-13T13:48:28.236,NF,BANKNIFTY28APR2655500PE,1071.7,1025.0,1564.3,1025.0,785.6,778500,1273.94,1071.15,30,1074.5,60,314220
2026-04-13T13:48:29.449,NF,BANKNIFTY28APR2655500PE,1074.5,1025.0,1564.3,1025.0,785.6,778560,1273.92,1071.3,90,1074.95,60,314220
2026-04-13T13:48:30.633,NF,BANKNIFTY28APR2655500PE,1075.95,1025.0,1564.3,1025.0,785.6,778620,1273.91,1072.5,30,1074.9,30,314220
2026-04-13T13:48:33.245,NF,BANKNIFTY28APR2655500PE,1074.9,1025.0,1564.3,1025.0,785.6,778650,1273.9,1072.45,90,1076.0,180,314220
2026-04-13T13:48:35.646,NF,BANKNIFTY28APR2655500PE,1075.75,1025.0,1564.3,1025.0,785.6,778680,1273.89,1072.65,60,1075.75,30,314220
2026-04-13T13:48:38.240,NF,BANKNIFTY28APR2655500PE,1072.45,1025.0,1564.3,1025.0,785.6,778710,1273.89,1070.55,60,1073.7,30,314220
2026-04-13T13:48:39.445,NF,BANKNIFTY28APR2655500PE,1074.45,1025.0,1564.3,1025.0,785.6,779010,1273.81,1070.55,30,1074.1,120,314220
2026-04-13T13:48:42.061,NF,BANKNIFTY28APR2655500PE,1072.45,1025.0,1564.3,1025.0,785.6,779040,1273.8,1071.15,60,1073.7,30,314220
2026-04-13T13:48:45.658,NF,BANKNIFTY28APR2655500PE,1071.0,1025.0,1564.3,1025.0,785.6,779250,1273.75,1071.0,450,1073.2,30,314220
2026-04-13T13:48:47.055,NF,BANKNIFTY28APR2655500PE,1071.0,1025.0,1564.3,1025.0,785.6,779700,1273.63,1065.1,60,1068.5,90,314220
2026-04-13T13:48:50.667,NF,BANKNIFTY28APR2655500PE,1065.0,1025.0,1564.3,1025.0,785.6,779730,1273.62,1064.0,60,1066.1,30,314220
2026-04-13T13:48:52.062,NF,BANKNIFTY28APR2655500PE,1064.0,1025.0,1564.3,1025.0,785.6,779760,1273.61,1064.0,30,1066.05,30,314220
2026-04-13T13:48:54.480,NF,BANKNIFTY28APR2655500PE,1064.0,1025.0,1564.3,1025.0,785.6,779850,1273.59,1061.95,30,1064.0,30,314220
2026-04-13T13:48:55.679,NF,BANKNIFTY28APR2655500PE,1062.35,1025.0,1564.3,1025.0,785.6,779910,1273.57,1062.05,120,1065.05,30,314220
2026-04-13T13:48:57.071,NF,BANKNIFTY28APR2655500PE,1062.1,1025.0,1564.3,1025.0,785.6,779940,1273.56,1062.7,30,1065.0,30,314220
2026-04-13T13:49:00.685,NF,BANKNIFTY28APR2655500PE,1061.95,1025.0,1564.3,1025.0,785.6,779970,1273.56,1061.55,30,1061.9,30,314220
2026-04-13T13:49:02.078,NF,BANKNIFTY28APR2655500PE,1063.0,1025.0,1564.3,1025.0,785.6,780060,1273.53,1061.15,120,1063.65,30,314220
2026-04-13T13:49:03.282,NF,BANKNIFTY28APR2655500PE,1064.95,1025.0,1564.3,1025.0,785.6,780120,1273.52,1061.9,60,1065.55,30,314220
2026-04-13T13:49:07.087,NF,BANKNIFTY28APR2655500PE,1056.0,1025.0,1564.3,1025.0,785.6,780630,1273.38,1056.4,150,1060.15,30,314220
2026-04-13T13:49:08.297,NF,BANKNIFTY28APR2655500PE,1056.25,1025.0,1564.3,1025.0,785.6,780690,1273.36,1056.25,90,1059.45,30,314220
2026-04-13T13:49:09.505,NF,BANKNIFTY28APR2655500PE,1059.95,1025.0,1564.3,1025.0,785.6,780810,1273.33,1059.95,90,1063.1,30,314220
2026-04-13T13:49:10.699,NF,BANKNIFTY28APR2655500PE,1063.05,1025.0,1564.3,1025.0,785.6,781020,1273.27,1059.95,60,1063.05,120,314220
2026-04-13T13:49:12.092,NF,BANKNIFTY28APR2655500PE,1057.85,1025.0,1564.3,1025.0,785.6,781080,1273.25,1057.4,60,1060.6,30,314220
2026-04-13T13:49:15.709,NF,BANKNIFTY28APR2655500PE,1059.4,1025.0,1564.3,1025.0,785.6,781110,1273.24,1056.3,30,1060.2,120,314220
2026-04-13T13:49:17.099,NF,BANKNIFTY28APR2655500PE,1059.3,1025.0,1564.3,1025.0,785.6,781170,1273.23,1059.35,90,1062.95,30,314220
2026-04-13T13:49:18.307,NF,BANKNIFTY28APR2655500PE,1063.95,1025.0,1564.3,1025.0,785.6,781290,1273.2,1060.1,60,1064.2,30,314220
2026-04-13T13:49:23.309,NF,BANKNIFTY28APR2655500PE,1061.9,1025.0,1564.3,1025.0,785.6,781320,1273.19,1059.25,60,1062.85,150,314220
2026-04-13T13:49:24.514,NF,BANKNIFTY28APR2655500PE,1059.15,1025.0,1564.3,1025.0,785.6,781350,1273.18,1057.35,60,1060.65,30,314220
2026-04-13T13:49:25.721,NF,BANKNIFTY28APR2655500PE,1056.85,1025.0,1564.3,1025.0,785.6,781530,1273.13,1057.85,210,1059.95,30,314220
2026-04-13T13:49:27.138,NF,BANKNIFTY28APR2655500PE,1059.95,1025.0,1564.3,1025.0,785.6,781560,1273.12,1058.55,60,1061.1,30,314220
2026-04-13T13:49:34.524,NF,BANKNIFTY28APR2655500PE,1056.9,1025.0,1564.3,1025.0,785.6,781590,1273.11,1056.85,240,1059.55,30,314220
2026-04-13T13:49:35.742,NF,BANKNIFTY28APR2655500PE,1056.3,1025.0,1564.3,1025.0,785.6,781650,1273.1,1056.85,30,1059.55,30,314220
2026-04-13T13:49:40.538,NF,BANKNIFTY28APR2655500PE,1060.2,1025.0,1564.3,1025.0,785.6,781980,1273.01,1056.4,60,1060.3,60,314220
2026-04-13T13:49:44.142,NF,BANKNIFTY28APR2655500PE,1053.15,1025.0,1564.3,1025.0,785.6,782310,1272.91,1051.2,30,1054.1,120,314220
2026-04-13T13:49:45.552,NF,BANKNIFTY28APR2655500PE,1050.2,1025.0,1564.3,1025.0,785.6,783300,1272.63,1046.6,210,1050.2,30,314220
2026-04-13T13:49:47.947,NF,BANKNIFTY28APR2655500PE,1049.85,1025.0,1564.3,1025.0,785.6,783330,1272.62,1050.0,30,1051.9,30,314220
2026-04-13T13:49:49.147,NF,BANKNIFTY28APR2655500PE,1051.9,1025.0,1564.3,1025.0,785.6,783360,1272.61,1049.05,60,1052.2,60,314220
2026-04-13T13:49:50.555,NF,BANKNIFTY28APR2655500PE,1047.35,1025.0,1564.3,1025.0,785.6,783540,1272.56,1047.35,30,1050.75,90,314220
2026-04-13T13:49:51.754,NF,BANKNIFTY28APR2655500PE,1050.6,1025.0,1564.3,1025.0,785.6,783570,1272.55,1051.1,30,1054.65,60,314220
2026-04-13T13:49:52.950,NF,BANKNIFTY28APR2655500PE,1057.65,1025.0,1564.3,1025.0,785.6,783630,1272.54,1053.85,30,1057.35,90,314220
2026-04-13T13:49:54.155,NF,BANKNIFTY28APR2655500PE,1052.75,1025.0,1564.3,1025.0,785.6,783750,1272.5,1052.6,30,1055.95,30,314220
2026-04-13T13:49:56.760,NF,BANKNIFTY28APR2655500PE,1053.9,1025.0,1564.3,1025.0,785.6,783810,1272.49,1051.6,30,1054.35,60,314220
2026-04-13T13:49:57.967,NF,BANKNIFTY28APR2655500PE,1053.0,1025.0,1564.3,1025.0,785.6,783930,1272.45,1049.9,60,1053.35,30,314220
2026-04-13T13:50:00.375,NF,BANKNIFTY28APR2655500PE,1051.9,1025.0,1564.3,1025.0,785.6,784110,1272.4,1049.4,60,1051.9,30,314220
2026-04-13T13:50:01.791,NF,BANKNIFTY28APR2655500PE,1051.9,1025.0,1564.3,1025.0,785.6,784140,1272.39,1053.35,30,1056.85,60,314220
2026-04-13T13:50:02.968,NF,BANKNIFTY28APR2655500PE,1053.4,1025.0,1564.3,1025.0,785.6,784200,1272.38,1052.5,90,1055.85,120,314220
2026-04-13T13:50:04.169,NF,BANKNIFTY28APR2655500PE,1054.55,1025.0,1564.3,1025.0,785.6,784230,1272.37,1052.75,60,1055.8,30,314220
2026-04-13T13:50:05.442,NF,BANKNIFTY28APR2655500PE,1053.9,1025.0,1564.3,1025.0,785.6,784260,1272.36,1052.25,60,1055.35,30,314220
2026-04-13T13:50:06.779,NF,BANKNIFTY28APR2655500PE,1054.5,1025.0,1564.3,1025.0,785.6,784290,1272.35,1052.0,90,1055.0,150,314220
2026-04-13T13:50:09.176,NF,BANKNIFTY28APR2655500PE,1052.0,1025.0,1564.3,1025.0,785.6,784320,1272.34,1052.0,60,1054.2,60,314220
2026-04-13T13:50:10.379,NF,BANKNIFTY28APR2655500PE,1052.95,1025.0,1564.3,1025.0,785.6,784410,1272.32,1050.5,90,1052.95,30,314220
2026-04-13T13:50:11.589,NF,BANKNIFTY28APR2655500PE,1052.95,1025.0,1564.3,1025.0,785.6,784440,1272.31,1050.3,60,1053.45,90,314220
2026-04-13T13:50:14.184,NF,BANKNIFTY28APR2655500PE,1054.0,1025.0,1564.3,1025.0,785.6,784560,1272.28,1055.1,30,1059.5,120,314220
2026-04-13T13:50:15.386,NF,BANKNIFTY28APR2655500PE,1056.8,1025.0,1564.3,1025.0,785.6,784620,1272.26,1056.45,30,1059.8,60,314220
2026-04-13T13:50:16.596,NF,BANKNIFTY28APR2655500PE,1057.0,1025.0,1564.3,1025.0,785.6,784650,1272.25,1055.85,90,1057.55,30,314220
2026-04-13T13:50:17.989,NF,BANKNIFTY28APR2655500PE,1057.55,1025.0,1564.3,1025.0,785.6,784680,1272.24,1056.2,30,1058.6,60,314220
2026-04-13T13:50:20.405,NF,BANKNIFTY28APR2655500PE,1053.45,1025.0,1564.3,1025.0,785.6,785460,1272.03,1051.0,900,1052.8,30,314220
2026-04-13T13:50:22.799,NF,BANKNIFTY28APR2655500PE,1053.1,1025.0,1564.3,1025.0,785.6,785490,1272.02,1051.25,30,1054.6,150,314220
2026-04-13T13:50:26.607,NF,BANKNIFTY28APR2655500PE,1051.8,1025.0,1564.3,1025.0,785.6,785520,1272.01,1051.0,900,1053.1,60,314220
2026-04-13T13:50:29.214,NF,BANKNIFTY28APR2655500PE,1049.8,1025.0,1564.3,1025.0,785.6,785580,1271.99,1049.45,90,1052.55,30,314220
2026-04-13T13:50:32.825,NF,BANKNIFTY28APR2655500PE,1050.0,1025.0,1564.3,1025.0,785.6,785610,1271.99,1049.0,60,1051.4,120,314220
2026-04-13T13:50:34.015,NF,BANKNIFTY28APR2655500PE,1051.55,1025.0,1564.3,1025.0,785.6,785670,1271.97,1049.0,60,1051.45,120,314220
2026-04-13T13:50:36.634,NF,BANKNIFTY28APR2655500PE,1049.0,1025.0,1564.3,1025.0,785.6,785730,1271.95,1047.3,60,1050.45,30,317370
2026-04-13T13:50:37.823,NF,BANKNIFTY28APR2655500PE,1050.45,1025.0,1564.3,1025.0,785.6,785760,1271.94,1049.65,30,1052.8,60,317370
2026-04-13T13:50:41.626,NF,BANKNIFTY28APR2655500PE,1051.8,1025.0,1564.3,1025.0,785.6,785790,1271.93,1047.85,150,1051.4,60,317370
2026-04-13T13:50:44.035,NF,BANKNIFTY28APR2655500PE,1049.15,1025.0,1564.3,1025.0,785.6,785820,1271.93,1046.0,30,1048.25,30,317370
2026-04-13T13:50:46.636,NF,BANKNIFTY28APR2655500PE,1046.0,1025.0,1564.3,1025.0,785.6,785850,1271.92,1045.0,90,1047.45,60,317370
2026-04-13T13:50:49.043,NF,BANKNIFTY28APR2655500PE,1047.5,1025.0,1564.3,1025.0,785.6,786000,1271.87,1045.0,180,1048.45,120,317370
2026-04-13T13:50:50.443,NF,BANKNIFTY28APR2655500PE,1047.85,1025.0,1564.3,1025.0,785.6,786030,1271.87,1045.0,180,1048.0,150,317370
2026-04-13T13:50:51.644,NF,BANKNIFTY28APR2655500PE,1047.85,1025.0,1564.3,1025.0,785.6,786120,1271.84,1045.0,90,1047.6,120,317370
2026-04-13T13:50:52.847,NF,BANKNIFTY28APR2655500PE,1045.0,1025.0,1564.3,1025.0,785.6,786210,1271.81,1043.2,30,1044.95,90,317370
2026-04-13T13:50:55.259,NF,BANKNIFTY28APR2655500PE,1044.15,1025.0,1564.3,1025.0,785.6,786240,1271.81,1043.15,30,1044.15,30,317370
2026-04-13T13:50:56.653,NF,BANKNIFTY28APR2655500PE,1044.15,1025.0,1564.3,1025.0,785.6,786270,1271.8,1043.15,30,1044.5,30,317370
2026-04-13T13:50:57.874,NF,BANKNIFTY28APR2655500PE,1042.0,1025.0,1564.3,1025.0,785.6,786570,1271.71,1040.0,450,1042.75,30,317370
2026-04-13T13:50:59.058,NF,BANKNIFTY28APR2655500PE,1043.25,1025.0,1564.3,1025.0,785.6,786630,1271.69,1040.55,60,1043.7,120,317370
2026-04-13T13:51:00.292,NF,BANKNIFTY28APR2655500PE,1040.4,1025.0,1564.3,1025.0,785.6,786750,1271.66,1040.3,90,1043.3,30,317370
2026-04-13T13:51:04.068,NF,BANKNIFTY28APR2655500PE,1043.15,1025.0,1564.3,1025.0,785.6,786930,1271.6,1040.4,60,1044.0,120,317370
2026-04-13T13:51:06.480,NF,BANKNIFTY28APR2655500PE,1044.95,1025.0,1564.3,1025.0,785.6,787050,1271.57,1043.7,60,1047.05,60,317370
2026-04-13T13:51:12.878,NF,BANKNIFTY28APR2655500PE,1044.65,1025.0,1564.3,1025.0,785.6,787110,1271.55,1044.75,30,1047.25,30,317370
2026-04-13T13:51:14.082,NF,BANKNIFTY28APR2655500PE,1046.8,1025.0,1564.3,1025.0,785.6,787200,1271.53,1046.6,30,1050.5,120,317370
2026-04-13T13:51:15.293,NF,BANKNIFTY28APR2655500PE,1040.75,1025.0,1564.3,1025.0,785.6,787320,1271.49,1041.45,90,1044.65,30,317370
2026-04-13T13:51:19.102,NF,BANKNIFTY28APR2655500PE,1047.0,1025.0,1564.3,1025.0,785.6,787410,1271.46,1045.15,60,1049.15,120,317370
2026-04-13T13:51:20.302,NF,BANKNIFTY28APR2655500PE,1048.95,1025.0,1564.3,1025.0,785.6,787530,1271.43,1045.75,30,1049.2,180,317370
2026-04-13T13:51:22.899,NF,BANKNIFTY28APR2655500PE,1045.25,1025.0,1564.3,1025.0,785.6,787620,1271.41,1045.15,60,1047.0,30,317370
2026-04-13T13:51:24.113,NF,BANKNIFTY28APR2655500PE,1045.15,1025.0,1564.3,1025.0,785.6,787650,1271.4,1044.8,30,1047.0,30,317370
2026-04-13T13:51:25.304,NF,BANKNIFTY28APR2655500PE,1050.1,1025.0,1564.3,1025.0,785.6,787710,1271.38,1048.55,60,1052.3,120,317370
2026-04-13T13:51:26.519,NF,BANKNIFTY28APR2655500PE,1052.05,1025.0,1564.3,1025.0,785.6,787860,1271.34,1050.75,30,1054.95,30,317370
2026-04-13T13:51:29.112,NF,BANKNIFTY28APR2655500PE,1055.0,1025.0,1564.3,1025.0,785.6,787920,1271.32,1053.4,30,1055.45,30,317370
2026-04-13T13:51:30.313,NF,BANKNIFTY28APR2655500PE,1053.4,1025.0,1564.3,1025.0,785.6,787950,1271.31,1052.3,30,1053.85,30,317370
2026-04-13T13:51:31.529,NF,BANKNIFTY28APR2655500PE,1052.3,1025.0,1564.3,1025.0,785.6,787980,1271.3,1047.25,30,1050.7,30,317370
2026-04-13T13:51:37.923,NF,BANKNIFTY28APR2655500PE,1047.15,1025.0,1564.3,1025.0,785.6,788010,1271.3,1044.0,120,1047.05,30,317370
2026-04-13T13:51:40.128,NF,BANKNIFTY28APR2655500PE,1045.1,1025.0,1564.3,1025.0,785.6,788040,1271.29,1043.15,30,1046.15,30,317370
2026-04-13T13:51:43.932,NF,BANKNIFTY28APR2655500PE,1045.8,1025.0,1564.3,1025.0,785.6,788130,1271.26,1042.3,90,1045.9,120,317370
2026-04-13T13:51:46.337,NF,BANKNIFTY28APR2655500PE,1044.8,1025.0,1564.3,1025.0,785.6,788160,1271.25,1043.3,120,1046.8,30,317370
2026-04-13T13:51:53.751,NF,BANKNIFTY28APR2655500PE,1040.0,1025.0,1564.3,1025.0,785.6,788430,1271.17,1040.0,240,1041.8,30,317370
2026-04-13T13:51:55.160,NF,BANKNIFTY28APR2655500PE,1042.15,1025.0,1564.3,1025.0,785.6,788490,1271.16,1040.0,240,1042.15,60,317370
2026-04-13T13:51:57.554,NF,BANKNIFTY28APR2655500PE,1035.0,1025.0,1564.3,1025.0,785.6,789090,1270.98,1035.05,60,1037.1,30,317370
2026-04-13T13:51:58.766,NF,BANKNIFTY28APR2655500PE,1035.0,1025.0,1564.3,1025.0,785.6,789270,1270.93,1035.0,150,1037.1,30,317370
2026-04-13T13:52:00.175,NF,BANKNIFTY28APR2655500PE,1035.0,1025.0,1564.3,1025.0,785.6,789450,1270.87,1034.55,150,1037.75,30,317370
2026-04-13T13:52:01.360,NF,BANKNIFTY28APR2655500PE,1030.0,1025.0,1564.3,1025.0,785.6,789930,1270.73,1030.0,30,1033.0,30,317370
2026-04-13T13:52:02.561,NF,BANKNIFTY28APR2655500PE,1033.25,1025.0,1564.3,1025.0,785.6,790260,1270.63,1031.45,210,1035.45,30,317370
2026-04-13T13:52:03.767,NF,BANKNIFTY28APR2655500PE,1034.45,1025.0,1564.3,1025.0,785.6,790500,1270.56,1031.8,30,1035.4,30,317370
2026-04-13T13:52:06.365,NF,BANKNIFTY28APR2655500PE,1031.35,1025.0,1564.3,1025.0,785.6,790620,1270.52,1032.15,60,1034.85,30,317370
2026-04-13T13:52:07.573,NF,BANKNIFTY28APR2655500PE,1037.25,1025.0,1564.3,1025.0,785.6,790680,1270.5,1033.85,30,1037.7,30,317370
2026-04-13T13:52:08.790,NF,BANKNIFTY28APR2655500PE,1036.95,1025.0,1564.3,1025.0,785.6,790710,1270.49,1033.45,30,1036.8,30,317370
2026-04-13T13:52:10.171,NF,BANKNIFTY28APR2655500PE,1029.7,1025.0,1564.3,1025.0,785.6,790770,1270.47,1029.4,150,1032.85,90,317370
2026-04-13T13:52:11.374,NF,BANKNIFTY28APR2655500PE,1029.8,1025.0,1564.3,1025.0,785.6,791940,1270.12,1029.9,120,1032.85,30,317370
2026-04-13T13:52:12.577,NF,BANKNIFTY28APR2655500PE,1030.0,1025.0,1564.3,1025.0,785.6,792090,1270.07,1030.7,30,1035.15,120,317370
2026-04-13T13:52:13.782,NF,BANKNIFTY28APR2655500PE,1031.6,1025.0,1564.3,1025.0,785.6,792120,1270.06,1031.0,150,1034.25,30,317370
2026-04-13T13:52:17.585,NF,BANKNIFTY28APR2655500PE,1033.0,1025.0,1564.3,1025.0,785.6,792180,1270.05,1030.8,30,1035.1,30,317370
2026-04-13T13:52:18.790,NF,BANKNIFTY28APR2655500PE,1033.7,1025.0,1564.3,1025.0,785.6,792360,1269.99,1032.4,30,1035.9,30,317370
2026-04-13T13:52:19.992,NF,BANKNIFTY28APR2655500PE,1011.4,1025.0,1564.3,1008.4,785.6,795750,1268.94,1008.3,30,1011.35,150,317370
2026-04-13T13:52:21.390,NF,BANKNIFTY28APR2655500PE,1006.55,1025.0,1564.3,1006.55,785.6,795930,1268.88,1007.3,30,1009.8,30,317370
2026-04-13T13:52:22.600,NF,BANKNIFTY28APR2655500PE,1012.7,1025.0,1564.3,1006.55,785.6,796140,1268.81,1010.15,60,1013.2,150,317370
2026-04-13T13:52:23.828,NF,BANKNIFTY28APR2655500PE,1010.05,1025.0,1564.3,1006.55,785.6,797520,1268.37,1009.85,60,1013.35,150,317370
2026-04-13T13:52:25.077,NF,BANKNIFTY28APR2655500PE,1013.5,1025.0,1564.3,1006.55,785.6,797790,1268.28,1009.85,90,1013.0,120,317370
2026-04-13T13:52:26.401,NF,BANKNIFTY28APR2655500PE,1012.7,1025.0,1564.3,1006.55,785.6,798030,1268.2,1010.6,30,1012.8,60,317370
2026-04-13T13:52:27.611,NF,BANKNIFTY28APR2655500PE,1012.35,1025.0,1564.3,1006.55,785.6,798120,1268.17,1009.8,30,1012.4,30,317370
2026-04-13T13:52:30.006,NF,BANKNIFTY28APR2655500PE,1011.55,1025.0,1564.3,1006.55,785.6,798840,1267.94,1008.7,30,1011.5,30,317370
2026-04-13T13:52:31.209,NF,BANKNIFTY28APR2655500PE,1005.05,1025.0,1564.3,1005.05,785.6,799140,1267.84,1005.1,120,1007.75,30,317370
2026-04-13T13:52:32.607,NF,BANKNIFTY28APR2655500PE,1007.3,1025.0,1564.3,999.9,785.6,800670,1267.34,1002.85,90,1006.6,90,317370
2026-04-13T13:52:33.811,NF,BANKNIFTY28APR2655500PE,1002.1,1025.0,1564.3,999.9,785.6,800850,1267.28,1001.2,120,1004.5,30,317370
2026-04-13T13:52:35.014,NF,BANKNIFTY28APR2655500PE,1010.0,1025.0,1564.3,999.9,785.6,801600,1267.03,1007.25,60,1010.45,60,317370
2026-04-13T13:52:36.232,NF,BANKNIFTY28APR2655500PE,1007.05,1025.0,1564.3,999.9,785.6,802050,1266.89,1005.95,30,1008.85,30,317370
2026-04-13T13:52:37.621,NF,BANKNIFTY28APR2655500PE,1007.0,1025.0,1564.3,999.9,785.6,802200,1266.84,1007.35,30,1010.5,30,317370
2026-04-13T13:52:38.817,NF,BANKNIFTY28APR2655500PE,1007.35,1025.0,1564.3,999.9,785.6,802230,1266.83,1005.65,30,1008.45,60,317370
2026-04-13T13:52:40.023,NF,BANKNIFTY28APR2655500PE,1008.5,1025.0,1564.3,999.9,785.6,802350,1266.79,1004.6,30,1007.95,30,317370
2026-04-13T13:52:41.228,NF,BANKNIFTY28APR2655500PE,1001.7,1025.0,1564.3,999.9,785.6,802470,1266.75,1001.4,30,1004.15,30,317370
2026-04-13T13:52:42.626,NF,BANKNIFTY28APR2655500PE,1006.8,1025.0,1564.3,999.9,785.6,802500,1266.74,1003.7,180,1006.3,30,317370
2026-04-13T13:52:43.826,NF,BANKNIFTY28APR2655500PE,1002.45,1025.0,1564.3,999.9,785.6,802740,1266.66,1000.0,300,1003.35,60,317370
2026-04-13T13:52:45.037,NF,BANKNIFTY28APR2655500PE,1003.2,1025.0,1564.3,999.9,785.6,802950,1266.59,1001.4,30,1004.3,150,317370
2026-04-13T13:52:46.230,NF,BANKNIFTY28APR2655500PE,1004.9,1025.0,1564.3,999.9,785.6,802980,1266.58,1000.95,60,1004.35,60,317370
2026-04-13T13:52:47.636,NF,BANKNIFTY28APR2655500PE,1000.7,1025.0,1564.3,999.9,785.6,803040,1266.56,1001.25,30,1004.2,180,317370
2026-04-13T13:52:48.835,NF,BANKNIFTY28APR2655500PE,1003.0,1025.0,1564.3,999.9,785.6,803340,1266.46,1000.2,30,1002.95,60,317370
2026-04-13T13:52:51.247,NF,BANKNIFTY28APR2655500PE,1000.0,1025.0,1564.3,999.9,785.6,803370,1266.45,1000.0,270,1002.15,120,317370
2026-04-13T13:52:52.638,NF,BANKNIFTY28APR2655500PE,999.0,1025.0,1564.3,996.7,785.6,803820,1266.3,998.2,30,1000.05,180,317370
2026-04-13T13:52:53.841,NF,BANKNIFTY28APR2655500PE,996.35,1025.0,1564.3,996.35,785.6,803940,1266.26,996.6,90,999.35,30,317370
2026-04-13T13:52:55.052,NF,BANKNIFTY28APR2655500PE,993.55,1025.0,1564.3,991.85,785.6,805020,1265.9,990.25,30,992.95,30,317370
2026-04-13T13:52:56.247,NF,BANKNIFTY28APR2655500PE,992.4,1025.0,1564.3,991.85,785.6,805080,1265.88,993.8,90,996.8,120,317370
2026-04-13T13:52:57.450,NF,BANKNIFTY28APR2655500PE,992.8,1025.0,1564.3,991.85,785.6,805320,1265.8,992.7,60,996.3,60,317370
2026-04-13T13:52:58.849,NF,BANKNIFTY28APR2655500PE,991.5,1025.0,1564.3,990.55,785.6,805530,1265.73,991.4,30,995.15,60,317370
2026-04-13T13:53:00.049,NF,BANKNIFTY28APR2655500PE,996.25,1025.0,1564.3,990.55,785.6,805680,1265.68,993.3,30,996.8,120,317370
2026-04-13T13:53:01.254,NF,BANKNIFTY28APR2655500PE,992.15,1025.0,1564.3,990.55,785.6,805920,1265.59,991.7,30,995.0,30,317370
2026-04-13T13:53:05.057,NF,BANKNIFTY28APR2655500PE,992.3,1025.0,1564.3,990.0,785.6,806100,1265.53,990.55,30,993.2,60,317370
2026-04-13T13:53:06.260,NF,BANKNIFTY28APR2655500PE,990.0,1025.0,1564.3,990.0,785.6,806430,1265.42,990.0,90,991.6,30,317370
2026-04-13T13:53:07.462,NF,BANKNIFTY28APR2655500PE,992.65,1025.0,1564.3,990.0,785.6,806820,1265.29,990.4,60,993.4,30,317370
2026-04-13T13:53:08.865,NF,BANKNIFTY28APR2655500PE,986.4,1025.0,1564.3,986.4,785.6,807270,1265.13,986.6,90,989.8,30,317370
2026-04-13T13:53:10.064,NF,BANKNIFTY28APR2655500PE,991.25,1025.0,1564.3,986.4,785.6,807420,1265.08,988.75,30,992.75,120,317370
2026-04-13T13:53:11.275,NF,BANKNIFTY28APR2655500PE,992.15,1025.0,1564.3,986.4,785.6,807630,1265.01,988.1,60,991.5,90,317370
2026-04-13T13:53:12.474,NF,BANKNIFTY28APR2655500PE,987.0,1025.0,1564.3,986.4,785.6,807780,1264.96,987.1,90,990.4,90,317370
2026-04-13T13:53:13.672,NF,BANKNIFTY28APR2655500PE,987.25,1025.0,1564.3,986.4,785.6,808170,1264.83,987.15,30,989.3,30,317370
2026-04-13T13:53:14.876,NF,BANKNIFTY28APR2655500PE,989.4,1025.0,1564.3,986.4,785.6,808560,1264.69,988.3,30,991.4,150,317370
2026-04-13T13:53:16.270,NF,BANKNIFTY28APR2655500PE,988.65,1025.0,1564.3,985.6,785.6,808980,1264.55,986.1,90,989.55,150,317370
2026-04-13T13:53:18.677,NF,BANKNIFTY28APR2655500PE,989.9,1025.0,1564.3,985.6,785.6,809160,1264.49,988.15,150,992.3,30,317370
2026-04-13T13:53:19.880,NF,BANKNIFTY28APR2655500PE,988.4,1025.0,1564.3,985.6,785.6,809190,1264.48,987.75,120,990.5,30,317370
2026-04-13T13:53:21.288,NF,BANKNIFTY28APR2655500PE,990.0,1025.0,1564.3,985.6,785.6,809340,1264.43,988.1,30,991.1,30,317370
2026-04-13T13:53:23.707,NF,BANKNIFTY28APR2655500PE,991.0,1025.0,1564.3,985.6,785.6,809400,1264.41,990.9,30,993.05,30,317370
2026-04-13T13:53:24.891,NF,BANKNIFTY28APR2655500PE,990.0,1025.0,1564.3,985.6,785.6,809910,1264.23,988.1,150,991.9,30,317370
2026-04-13T13:53:27.490,NF,BANKNIFTY28APR2655500PE,989.15,1025.0,1564.3,985.6,785.6,810030,1264.19,989.45,30,991.7,30,317370
2026-04-13T13:53:28.694,NF,BANKNIFTY28APR2655500PE,996.75,1025.0,1564.3,985.6,785.6,810210,1264.13,996.75,30,996.8,90,317370
2026-04-13T13:53:29.900,NF,BANKNIFTY28APR2655500PE,995.7,1025.0,1564.3,985.6,785.6,810360,1264.08,992.75,30,996.25,30,317370
2026-04-13T13:53:31.296,NF,BANKNIFTY28APR2655500PE,996.0,1025.0,1564.3,985.6,785.6,810420,1264.06,991.25,150,994.45,30,317370
2026-04-13T13:53:34.914,NF,BANKNIFTY28APR2655500PE,993.4,1025.0,1564.3,985.6,785.6,810450,1264.05,991.8,30,995.25,180,317370
2026-04-13T13:53:40.108,NF,BANKNIFTY28APR2655500PE,993.55,1025.0,1564.3,985.6,785.6,810570,1264.02,993.6,30,996.0,120,316620
2026-04-13T13:53:41.320,NF,BANKNIFTY28APR2655500PE,993.4,1025.0,1564.3,985.6,785.6,810660,1263.99,993.35,30,995.9,60,316620
2026-04-13T13:53:43.717,NF,BANKNIFTY28APR2655500PE,995.0,1025.0,1564.3,985.6,785.6,810720,1263.97,994.6,30,998.0,60,316620
2026-04-13T13:53:46.122,NF,BANKNIFTY28APR2655500PE,995.9,1025.0,1564.3,985.6,785.6,810750,1263.96,995.25,150,997.7,30,316620
2026-04-13T13:53:48.725,NF,BANKNIFTY28APR2655500PE,998.4,1025.0,1564.3,985.6,785.6,810780,1263.95,995.0,180,998.0,30,316620
2026-04-13T13:53:53.730,NF,BANKNIFTY28APR2655500PE,995.0,1025.0,1564.3,985.6,785.6,811050,1263.86,993.25,30,996.55,30,316620
2026-04-13T13:53:56.137,NF,BANKNIFTY28APR2655500PE,995.2,1025.0,1564.3,985.6,785.6,811080,1263.85,993.0,30,996.15,30,316620
2026-04-13T13:53:57.533,NF,BANKNIFTY28APR2655500PE,990.25,1025.0,1564.3,985.6,785.6,811170,1263.82,991.55,60,994.15,30,316620
2026-04-13T13:53:58.736,NF,BANKNIFTY28APR2655500PE,990.0,1025.0,1564.3,985.6,785.6,811230,1263.8,988.55,90,990.95,30,316620
2026-04-13T13:53:59.939,NF,BANKNIFTY28APR2655500PE,988.65,1025.0,1564.3,985.6,785.6,811260,1263.79,989.4,60,992.45,120,316620
2026-04-13T13:54:01.142,NF,BANKNIFTY28APR2655500PE,991.85,1025.0,1564.3,985.6,785.6,811290,1263.78,987.8,90,990.85,30,316620
2026-04-13T13:54:02.345,NF,BANKNIFTY28APR2655500PE,990.0,1025.0,1564.3,985.6,785.6,811320,1263.77,989.8,150,992.7,30,316620
2026-04-13T13:54:06.150,NF,BANKNIFTY28APR2655500PE,992.1,1025.0,1564.3,985.6,785.6,811650,1263.65,992.0,150,995.25,30,316620
2026-04-13T13:54:09.752,NF,BANKNIFTY28APR2655500PE,992.55,1025.0,1564.3,985.6,785.6,811980,1263.54,992.15,120,995.2,30,316620
2026-04-13T13:54:10.956,NF,BANKNIFTY28APR2655500PE,994.25,1025.0,1564.3,985.6,785.6,812130,1263.49,992.1,30,994.55,240,316620
2026-04-13T13:54:13.562,NF,BANKNIFTY28APR2655500PE,992.1,1025.0,1564.3,985.6,785.6,812190,1263.47,992.1,60,994.1,30,316620
2026-04-13T13:54:20.773,NF,BANKNIFTY28APR2655500PE,992.1,1025.0,1564.3,985.6,785.6,812280,1263.44,990.25,30,991.2,30,316620
2026-04-13T13:54:22.167,NF,BANKNIFTY28APR2655500PE,987.65,1025.0,1564.3,985.6,785.6,812340,1263.42,987.7,150,989.9,30,316620
2026-04-13T13:54:23.376,NF,BANKNIFTY28APR2655500PE,988.75,1025.0,1564.3,985.6,785.6,812640,1263.32,986.35,30,988.85,60,316620
2026-04-13T13:54:24.572,NF,BANKNIFTY28APR2655500PE,985.05,1025.0,1564.3,985.05,785.6,812670,1263.31,985.0,420,986.1,30,316620
2026-04-13T13:54:26.977,NF,BANKNIFTY28APR2655500PE,985.0,1025.0,1564.3,985.0,785.6,812760,1263.28,985.0,330,987.65,90,316620
2026-04-13T13:54:30.585,NF,BANKNIFTY28APR2655500PE,985.0,1025.0,1564.3,985.0,785.6,812820,1263.26,985.0,300,987.05,120,316620
2026-04-13T13:54:34.388,NF,BANKNIFTY28APR2655500PE,985.0,1025.0,1564.3,985.0,785.6,812880,1263.24,985.0,240,986.15,30,316620
2026-04-13T13:54:35.590,NF,BANKNIFTY28APR2655500PE,984.0,1025.0,1564.3,984.0,785.6,813150,1263.15,983.65,30,984.2,30,316620
2026-04-13T13:54:37.999,NF,BANKNIFTY28APR2655500PE,982.65,1025.0,1564.3,982.65,785.6,813360,1263.08,982.6,90,985.8,60,316620
2026-04-13T13:54:39.206,NF,BANKNIFTY28APR2655500PE,985.8,1025.0,1564.3,982.65,785.6,813390,1263.07,982.45,30,985.0,330,316620
2026-04-13T13:54:40.402,NF,BANKNIFTY28APR2655500PE,987.0,1025.0,1564.3,982.65,785.6,813870,1262.9,985.8,30,987.0,1770,316620
2026-04-13T13:54:41.800,NF,BANKNIFTY28APR2655500PE,985.0,1025.0,1564.3,982.65,785.6,813960,1262.87,984.4,30,986.8,30,316620
2026-04-13T13:54:43.007,NF,BANKNIFTY28APR2655500PE,984.35,1025.0,1564.3,982.65,785.6,813990,1262.86,985.05,90,987.0,1770,316620
2026-04-13T13:54:44.206,NF,BANKNIFTY28APR2655500PE,985.65,1025.0,1564.3,982.65,785.6,814020,1262.85,982.7,60,985.35,30,316620
2026-04-13T13:54:45.411,NF,BANKNIFTY28APR2655500PE,985.35,1025.0,1564.3,982.65,785.6,814050,1262.84,983.75,30,986.2,30,316620
2026-04-13T13:54:46.608,NF,BANKNIFTY28APR2655500PE,984.35,1025.0,1564.3,982.65,785.6,814470,1262.7,983.8,90,985.95,30,316620
2026-04-13T13:54:47.810,NF,BANKNIFTY28APR2655500PE,987.0,1025.0,1564.3,982.65,785.6,814560,1262.67,984.45,30,986.95,30,316620
2026-04-13T13:54:51.224,NF,BANKNIFTY28APR2655500PE,980.45,1025.0,1564.3,980.45,785.6,815190,1262.45,980.75,60,984.35,60,316620
2026-04-13T13:54:52.423,NF,BANKNIFTY28APR2655500PE,982.25,1025.0,1564.3,980.45,785.6,815340,1262.4,982.35,60,984.3,30,316620
2026-04-13T13:54:53.627,NF,BANKNIFTY28APR2655500PE,984.3,1025.0,1564.3,980.45,785.6,815370,1262.39,980.1,60,982.9,60,316620
2026-04-13T13:54:56.033,NF,BANKNIFTY28APR2655500PE,980.0,1025.0,1564.3,980.0,785.6,815670,1262.28,980.0,270,982.0,30,316620
2026-04-13T13:54:58.628,NF,BANKNIFTY28APR2655500PE,980.0,1025.0,1564.3,980.0,785.6,815730,1262.26,980.05,120,982.8,30,316620
2026-04-13T13:54:59.831,NF,BANKNIFTY28APR2655500PE,980.0,1025.0,1564.3,980.0,785.6,815790,1262.24,980.0,150,982.2,30,316620
2026-04-13T13:55:01.034,NF,BANKNIFTY28APR2655500PE,982.0,1025.0,1564.3,980.0,785.6,815850,1262.22,980.0,180,982.0,30,316620
2026-04-13T13:55:02.270,NF,BANKNIFTY28APR2655500PE,984.5,1025.0,1564.3,980.0,785.6,816060,1262.15,982.55,30,985.0,60,316620
2026-04-13T13:55:03.448,NF,BANKNIFTY28APR2655500PE,982.55,1025.0,1564.3,980.0,785.6,816210,1262.1,981.9,90,984.6,30,316620
2026-04-13T13:55:04.646,NF,BANKNIFTY28APR2655500PE,981.6,1025.0,1564.3,980.0,785.6,816240,1262.09,982.15,120,984.45,30,316620
2026-04-13T13:55:05.843,NF,BANKNIFTY28APR2655500PE,982.0,1025.0,1564.3,980.0,785.6,816270,1262.08,980.75,30,983.5,60,316620
2026-04-13T13:55:07.048,NF,BANKNIFTY28APR2655500PE,980.75,1025.0,1564.3,980.0,785.6,816300,1262.07,980.0,210,981.75,30,316620
2026-04-13T13:55:08.269,NF,BANKNIFTY28APR2655500PE,976.8,1025.0,1564.3,975.95,785.6,816630,1261.95,975.85,60,978.3,30,316620
2026-04-13T13:55:09.672,NF,BANKNIFTY28APR2655500PE,978.9,1025.0,1564.3,975.95,785.6,817080,1261.8,975.45,30,978.45,30,316620
2026-04-13T13:55:10.849,NF,BANKNIFTY28APR2655500PE,975.3,1025.0,1564.3,975.3,785.6,817110,1261.79,975.1,120,978.4,30,316620
2026-04-13T13:55:12.055,NF,BANKNIFTY28APR2655500PE,975.2,1025.0,1564.3,975.2,785.6,817320,1261.71,975.25,30,978.05,30,316620
2026-04-13T13:55:14.457,NF,BANKNIFTY28APR2655500PE,975.0,1025.0,1564.3,975.0,785.6,817350,1261.7,975.0,360,976.45,30,316620
2026-04-13T13:55:15.660,NF,BANKNIFTY28APR2655500PE,974.75,1025.0,1564.3,974.75,785.6,817830,1261.53,974.75,30,977.6,90,316620
2026-04-13T13:55:16.863,NF,BANKNIFTY28APR2655500PE,975.0,1025.0,1564.3,974.75,785.6,817950,1261.49,976.8,30,979.9,240,316620
2026-04-13T13:55:18.064,NF,BANKNIFTY28APR2655500PE,978.0,1025.0,1564.3,974.75,785.6,817980,1261.48,977.9,30,980.75,60,316620
2026-04-13T13:55:20.475,NF,BANKNIFTY28APR2655500PE,980.05,1025.0,1564.3,974.75,785.6,818040,1261.46,980.05,150,983.0,90,316620
2026-04-13T13:55:21.671,NF,BANKNIFTY28APR2655500PE,979.65,1025.0,1564.3,974.75,785.6,818130,1261.43,978.4,30,981.1,60,316620
2026-04-13T13:55:23.068,NF,BANKNIFTY28APR2655500PE,981.9,1025.0,1564.3,974.75,785.6,818190,1261.41,979.65,120,982.95,30,316620
2026-04-13T13:55:26.674,NF,BANKNIFTY28APR2655500PE,980.05,1025.0,1564.3,974.75,785.6,818220,1261.4,978.05,60,980.4,120,316620
2026-04-13T13:55:27.878,NF,BANKNIFTY28APR2655500PE,978.0,1025.0,1564.3,974.75,785.6,818250,1261.39,976.05,30,979.7,60,316620
2026-04-13T13:55:30.282,NF,BANKNIFTY28APR2655500PE,978.55,1025.0,1564.3,974.75,785.6,818280,1261.38,976.1,60,978.6,30,316620
2026-04-13T13:55:31.485,NF,BANKNIFTY28APR2655500PE,974.5,1025.0,1564.3,973.95,785.6,818400,1261.34,975.15,60,978.4,60,316620
2026-04-13T13:55:32.883,NF,BANKNIFTY28APR2655500PE,977.95,1025.0,1564.3,973.95,785.6,818430,1261.32,974.4,30,975.95,30,316620
2026-04-13T13:55:34.103,NF,BANKNIFTY28APR2655500PE,972.3,1025.0,1564.3,972.3,785.6,818700,1261.23,971.75,90,974.35,30,316620
2026-04-13T13:55:35.290,NF,BANKNIFTY28APR2655500PE,971.1,1025.0,1564.3,971.1,785.6,818730,1261.22,971.45,60,974.25,30,316620
2026-04-13T13:55:36.503,NF,BANKNIFTY28APR2655500PE,974.25,1025.0,1564.3,971.1,785.6,818760,1261.21,970.7,60,973.45,60,316620
2026-04-13T13:55:37.693,NF,BANKNIFTY28APR2655500PE,972.8,1025.0,1564.3,971.0,785.6,818970,1261.13,970.8,30,974.45,60,316620
2026-04-13T13:55:39.094,NF,BANKNIFTY28APR2655500PE,972.8,1025.0,1564.3,970.9,785.6,819030,1261.11,970.55,120,973.0,60,316620
2026-04-13T13:55:40.299,NF,BANKNIFTY28APR2655500PE,973.0,1025.0,1564.3,970.9,785.6,819060,1261.1,970.1,30,972.95,30,316620
2026-04-13T13:55:41.507,NF,BANKNIFTY28APR2655500PE,970.35,1025.0,1564.3,970.35,785.6,819150,1261.07,971.85,30,974.3,30,316620
2026-04-13T13:55:44.101,NF,BANKNIFTY28APR2655500PE,972.45,1025.0,1564.3,970.35,785.6,819180,1261.06,970.2,60,972.55,30,316620
2026-04-13T13:55:45.347,NF,BANKNIFTY28APR2655500PE,972.65,1025.0,1564.3,970.35,785.6,819240,1261.04,970.1,60,972.65,30,316620
2026-04-13T13:55:46.509,NF,BANKNIFTY28APR2655500PE,960.4,1025.0,1564.3,957.45,785.6,821580,1260.2,960.35,30,963.4,30,316620
2026-04-13T13:55:47.712,NF,BANKNIFTY28APR2655500PE,961.05,1025.0,1564.3,957.45,785.6,822270,1259.95,961.2,30,964.05,30,316620
2026-04-13T13:55:49.108,NF,BANKNIFTY28APR2655500PE,960.0,1025.0,1564.3,957.45,785.6,823350,1259.56,958.25,30,961.55,180,316620
2026-04-13T13:55:50.319,NF,BANKNIFTY28APR2655500PE,957.05,1025.0,1564.3,957.05,785.6,823890,1259.36,956.55,30,959.5,60,316620
2026-04-13T13:55:51.519,NF,BANKNIFTY28APR2655500PE,960.4,1025.0,1564.3,956.35,785.6,825030,1258.95,958.55,330,961.3,120,316620
2026-04-13T13:55:52.739,NF,BANKNIFTY28APR2655500PE,959.35,1025.0,1564.3,956.35,785.6,825360,1258.83,956.95,30,960.05,120,316620
2026-04-13T13:55:54.115,NF,BANKNIFTY28APR2655500PE,956.95,1025.0,1564.3,956.35,785.6,825570,1258.75,956.2,30,959.45,90,316620
2026-04-13T13:55:56.532,NF,BANKNIFTY28APR2655500PE,955.8,1025.0,1564.3,954.55,785.6,826500,1258.41,954.2,60,957.25,30,316620
2026-04-13T13:55:57.725,NF,BANKNIFTY28APR2655500PE,954.5,1025.0,1564.3,954.5,785.6,826560,1258.39,954.9,30,957.25,60,316620
2026-04-13T13:55:59.128,NF,BANKNIFTY28APR2655500PE,956.3,1025.0,1564.3,953.7,785.6,826710,1258.33,955.65,30,958.65,60,316620
2026-04-13T13:56:00.327,NF,BANKNIFTY28APR2655500PE,958.2,1025.0,1564.3,953.7,785.6,826740,1258.32,956.35,30,959.85,120,316620
2026-04-13T13:56:01.587,NF,BANKNIFTY28APR2655500PE,958.5,1025.0,1564.3,953.7,785.6,826860,1258.28,956.75,30,959.9,120,316620
2026-04-13T13:56:03.931,NF,BANKNIFTY28APR2655500PE,954.5,1025.0,1564.3,953.7,785.6,826980,1258.23,954.1,90,956.3,30,316620
2026-04-13T13:56:05.134,NF,BANKNIFTY28APR2655500PE,956.3,1025.0,1564.3,953.7,785.6,827640,1257.99,956.7,30,959.25,30,316620
2026-04-13T13:56:06.346,NF,BANKNIFTY28APR2655500PE,957.35,1025.0,1564.3,953.7,785.6,827970,1257.87,957.45,30,959.9,90,316620
2026-04-13T13:56:07.536,NF,BANKNIFTY28APR2655500PE,960.0,1025.0,1564.3,953.7,785.6,828450,1257.7,959.95,30,962.95,120,316620
2026-04-13T13:56:08.771,NF,BANKNIFTY28APR2655500PE,959.75,1025.0,1564.3,953.7,785.6,828480,1257.69,961.6,30,964.5,30,316620
2026-04-13T13:56:10.139,NF,BANKNIFTY28APR2655500PE,961.75,1025.0,1564.3,953.7,785.6,828570,1257.65,961.1,30,964.3,60,316620
2026-04-13T13:56:11.356,NF,BANKNIFTY28APR2655500PE,961.75,1025.0,1564.3,953.7,785.6,828690,1257.61,961.25,180,963.95,30,316620
2026-04-13T13:56:13.758,NF,BANKNIFTY28APR2655500PE,960.45,1025.0,1564.3,953.7,785.6,829080,1257.47,957.45,30,960.45,60,316620
2026-04-13T13:56:14.949,NF,BANKNIFTY28APR2655500PE,959.1,1025.0,1564.3,953.7,785.6,829110,1257.46,956.1,30,959.3,120,316620
2026-04-13T13:56:16.352,NF,BANKNIFTY28APR2655500PE,955.0,1025.0,1564.3,953.7,785.6,829200,1257.43,954.55,120,956.7,30,316620
2026-04-13T13:56:17.556,NF,BANKNIFTY28APR2655500PE,951.45,1025.0,1564.3,951.45,785.6,829380,1257.36,951.1,300,953.7,30,316620
2026-04-13T13:56:18.762,NF,BANKNIFTY28APR2655500PE,954.75,1025.0,1564.3,951.45,785.6,829680,1257.25,951.15,120,954.5,30,316620
2026-04-13T13:56:19.954,NF,BANKNIFTY28APR2655500PE,954.15,1025.0,1564.3,951.45,785.6,829710,1257.24,951.75,30,955.25,30,316620
2026-04-13T13:56:22.379,NF,BANKNIFTY28APR2655500PE,950.85,1025.0,1564.3,950.6,785.6,829770,1257.22,950.1,120,952.9,60,316620
2026-04-13T13:56:23.775,NF,BANKNIFTY28APR2655500PE,955.0,1025.0,1564.3,950.6,785.6,829890,1257.18,954.7,150,958.1,60,316620
2026-04-13T13:56:27.367,NF,BANKNIFTY28APR2655500PE,956.6,1025.0,1564.3,950.6,785.6,829950,1257.15,954.15,30,955.55,30,316620
2026-04-13T13:56:28.571,NF,BANKNIFTY28APR2655500PE,955.0,1025.0,1564.3,950.6,785.6,830160,1257.08,954.15,60,956.6,30,316620
2026-04-13T13:56:29.772,NF,BANKNIFTY28APR2655500PE,954.3,1025.0,1564.3,950.6,785.6,830220,1257.06,950.8,30,953.5,210,316620
2026-04-13T13:56:30.972,NF,BANKNIFTY28APR2655500PE,950.1,1025.0,1564.3,950.1,785.6,830370,1257.0,950.25,60,952.8,30,316620
2026-04-13T13:56:32.174,NF,BANKNIFTY28APR2655500PE,956.65,1025.0,1564.3,950.1,785.6,830940,1256.79,952.6,120,955.25,30,316620
2026-04-13T13:56:34.777,NF,BANKNIFTY28APR2655500PE,954.75,1025.0,1564.3,950.1,785.6,831000,1256.77,952.6,120,955.0,30,316620
2026-04-13T13:56:35.977,NF,BANKNIFTY28APR2655500PE,950.55,1025.0,1564.3,950.1,785.6,831570,1256.56,951.25,150,954.2,30,316620
2026-04-13T13:56:38.579,NF,BANKNIFTY28APR2655500PE,956.8,1025.0,1564.3,950.1,785.6,831930,1256.43,953.05,30,956.35,120,320940
2026-04-13T13:56:42.077,NF,BANKNIFTY28APR2655500PE,954.7,1025.0,1564.3,950.1,785.6,832080,1256.38,951.95,30,955.0,1710,320940
2026-04-13T13:56:48.194,NF,BANKNIFTY28APR2655500PE,951.9,1025.0,1564.3,950.1,785.6,832320,1256.29,951.75,180,954.55,60,320940
2026-04-13T13:56:49.397,NF,BANKNIFTY28APR2655500PE,954.45,1025.0,1564.3,950.1,785.6,832350,1256.28,952.2,60,954.7,30,320940
2026-04-13T13:56:54.420,NF,BANKNIFTY28APR2655500PE,950.15,1025.0,1564.3,950.1,785.6,832530,1256.21,950.25,60,953.55,180,320940
2026-04-13T13:56:55.612,NF,BANKNIFTY28APR2655500PE,952.95,1025.0,1564.3,950.1,785.6,832560,1256.2,950.2,180,952.9,60,320940
2026-04-13T13:56:58.011,NF,BANKNIFTY28APR2655500PE,954.95,1025.0,1564.3,950.1,785.6,832920,1256.07,952.4,30,954.8,60,320940
2026-04-13T13:56:59.218,NF,BANKNIFTY28APR2655500PE,954.15,1025.0,1564.3,950.1,785.6,833070,1256.02,951.45,60,954.25,210,320940
2026-04-13T13:57:00.612,NF,BANKNIFTY28APR2655500PE,954.5,1025.0,1564.3,950.1,785.6,833130,1255.99,953.3,60,955.0,1710,320940
2026-04-13T13:57:05.620,NF,BANKNIFTY28APR2655500PE,955.0,1025.0,1564.3,950.1,785.6,833400,1255.9,954.05,120,955.0,1590,320940
2026-04-13T13:57:06.843,NF,BANKNIFTY28APR2655500PE,956.0,1025.0,1564.3,950.1,785.6,835020,1255.31,954.85,30,956.9,60,320940
2026-04-13T13:57:08.027,NF,BANKNIFTY28APR2655500PE,954.25,1025.0,1564.3,950.1,785.6,835080,1255.29,954.1,60,956.6,60,320940
2026-04-13T13:57:10.635,NF,BANKNIFTY28APR2655500PE,953.7,1025.0,1564.3,950.1,785.6,835260,1255.23,951.0,30,952.9,30,320940
2026-04-13T13:57:11.833,NF,BANKNIFTY28APR2655500PE,950.15,1025.0,1564.3,950.1,785.6,835320,1255.2,950.0,840,951.75,120,320940
2026-04-13T13:57:13.038,NF,BANKNIFTY28APR2655500PE,948.0,1025.0,1564.3,948.0,785.6,836250,1254.86,948.0,30,950.0,120,320940
2026-04-13T13:57:14.240,NF,BANKNIFTY28APR2655500PE,947.95,1025.0,1564.3,947.0,785.6,836460,1254.79,945.4,60,948.35,60,320940
2026-04-13T13:57:18.047,NF,BANKNIFTY28APR2655500PE,948.95,1025.0,1564.3,947.0,785.6,836550,1254.75,948.25,30,951.2,30,320940
2026-04-13T13:57:21.850,NF,BANKNIFTY28APR2655500PE,953.55,1025.0,1564.3,947.0,785.6,836730,1254.69,952.0,30,955.1,30,320940
2026-04-13T13:57:23.050,NF,BANKNIFTY28APR2655500PE,950.25,1025.0,1564.3,947.0,785.6,836820,1254.66,950.15,120,953.15,60,320940
2026-04-13T13:57:24.263,NF,BANKNIFTY28APR2655500PE,952.0,1025.0,1564.3,947.0,785.6,836850,1254.65,950.0,30,952.0,270,320940
2026-04-13T13:57:25.652,NF,BANKNIFTY28APR2655500PE,952.0,1025.0,1564.3,947.0,785.6,836910,1254.62,950.05,30,952.0,210,320940
2026-04-13T13:57:28.057,NF,BANKNIFTY28APR2655500PE,950.0,1025.0,1564.3,947.0,785.6,836970,1254.6,948.95,30,950.4,30,320940
2026-04-13T13:57:29.260,NF,BANKNIFTY28APR2655500PE,951.0,1025.0,1564.3,947.0,785.6,837000,1254.59,949.95,120,952.0,210,320940
2026-04-13T13:57:30.659,NF,BANKNIFTY28APR2655500PE,952.0,1025.0,1564.3,947.0,785.6,837030,1254.58,949.9,90,952.0,180,320940
2026-04-13T13:57:31.860,NF,BANKNIFTY28APR2655500PE,952.0,1025.0,1564.3,947.0,785.6,837060,1254.57,948.95,30,951.35,30,320940
2026-04-13T13:57:33.070,NF,BANKNIFTY28APR2655500PE,951.4,1025.0,1564.3,947.0,785.6,837180,1254.53,949.35,30,952.0,150,320940
2026-04-13T13:57:34.268,NF,BANKNIFTY28APR2655500PE,950.85,1025.0,1564.3,947.0,785.6,837240,1254.51,948.95,30,950.6,30,320940
2026-04-13T13:57:35.473,NF,BANKNIFTY28APR2655500PE,948.95,1025.0,1564.3,947.0,785.6,837270,1254.49,948.85,150,951.5,30,320940
2026-04-13T13:57:36.671,NF,BANKNIFTY28APR2655500PE,950.6,1025.0,1564.3,947.0,785.6,837300,1254.48,949.1,30,951.65,30,320940
2026-04-13T13:57:39.274,NF,BANKNIFTY28APR2655500PE,948.1,1025.0,1564.3,947.0,785.6,837420,1254.44,948.15,30,950.7,60,320940
2026-04-13T13:57:41.876,NF,BANKNIFTY28APR2655500PE,950.4,1025.0,1564.3,947.0,785.6,837570,1254.38,947.75,120,950.7,150,320940
2026-04-13T13:57:44.293,NF,BANKNIFTY28APR2655500PE,950.85,1025.0,1564.3,947.0,785.6,837750,1254.32,948.6,30,951.55,120,320940
2026-04-13T13:57:51.490,NF,BANKNIFTY28APR2655500PE,950.85,1025.0,1564.3,947.0,785.6,837840,1254.29,948.25,30,950.8,90,320940
2026-04-13T13:57:53.896,NF,BANKNIFTY28APR2655500PE,955.0,1025.0,1564.3,947.0,785.6,838080,1254.2,952.05,30,954.95,30,320940
2026-04-13T13:57:57.703,NF,BANKNIFTY28APR2655500PE,951.35,1025.0,1564.3,947.0,785.6,838110,1254.19,951.2,60,954.45,90,320940
2026-04-13T13:58:01.527,NF,BANKNIFTY28APR2655500PE,953.7,1025.0,1564.3,947.0,785.6,838140,1254.18,950.85,30,953.35,60,320940
2026-04-13T13:58:03.928,NF,BANKNIFTY28APR2655500PE,950.0,1025.0,1564.3,947.0,785.6,838290,1254.12,948.0,90,949.85,30,320940
2026-04-13T13:58:05.115,NF,BANKNIFTY28APR2655500PE,948.7,1025.0,1564.3,945.0,785.6,838470,1254.06,945.1,120,948.0,30,320940
2026-04-13T13:58:07.720,NF,BANKNIFTY28APR2655500PE,948.45,1025.0,1564.3,945.0,785.6,838560,1254.03,945.05,150,947.55,30,320940
2026-04-13T13:58:08.919,NF,BANKNIFTY28APR2655500PE,947.65,1025.0,1564.3,945.0,785.6,838590,1254.01,945.5,120,947.8,30,320940
2026-04-13T13:58:12.727,NF,BANKNIFTY28APR2655500PE,945.0,1025.0,1564.3,945.0,785.6,838680,1253.98,945.0,180,946.6,30,320940
2026-04-13T13:58:15.128,NF,BANKNIFTY28APR2655500PE,945.0,1025.0,1564.3,945.0,785.6,838770,1253.95,945.0,120,947.25,90,320940
2026-04-13T13:58:16.335,NF,BANKNIFTY28APR2655500PE,944.55,1025.0,1564.3,944.55,785.6,838950,1253.88,944.05,30,945.6,30,320940
2026-04-13T13:58:17.734,NF,BANKNIFTY28APR2655500PE,944.0,1025.0,1564.3,944.0,785.6,839070,1253.84,940.55,60,943.05,30,320940
2026-04-13T13:58:18.932,NF,BANKNIFTY28APR2655500PE,941.3,1025.0,1564.3,941.3,785.6,839130,1253.82,941.2,60,943.0,240,320940
2026-04-13T13:58:20.138,NF,BANKNIFTY28APR2655500PE,944.35,1025.0,1564.3,940.9,785.6,839520,1253.67,942.0,240,944.3,120,320940
2026-04-13T13:58:23.941,NF,BANKNIFTY28APR2655500PE,942.0,1025.0,1564.3,940.9,785.6,839580,1253.65,942.4,90,944.55,120,320940
2026-04-13T13:58:25.142,NF,BANKNIFTY28APR2655500PE,942.35,1025.0,1564.3,940.9,785.6,839730,1253.59,942.05,30,944.55,210,320940
2026-04-13T13:58:26.346,NF,BANKNIFTY28APR2655500PE,942.0,1025.0,1564.3,940.9,785.6,839910,1253.53,940.1,30,942.0,30,320940
2026-04-13T13:58:30.148,NF,BANKNIFTY28APR2655500PE,942.0,1025.0,1564.3,940.9,785.6,840030,1253.48,942.15,30,944.3,180,320940
2026-04-13T13:58:31.352,NF,BANKNIFTY28APR2655500PE,943.5,1025.0,1564.3,940.9,785.6,840150,1253.44,943.3,30,945.6,30,320940
2026-04-13T13:58:32.554,NF,BANKNIFTY28APR2655500PE,942.55,1025.0,1564.3,940.9,785.6,840210,1253.42,942.9,30,945.5,60,320940
2026-04-13T13:58:33.767,NF,BANKNIFTY28APR2655500PE,945.4,1025.0,1564.3,940.9,785.6,840300,1253.38,942.85,60,945.6,90,320940
2026-04-13T13:58:36.366,NF,BANKNIFTY28APR2655500PE,943.45,1025.0,1564.3,940.9,785.6,840330,1253.37,943.4,60,946.0,30,320940
2026-04-13T13:58:37.567,NF,BANKNIFTY28APR2655500PE,946.9,1025.0,1564.3,940.9,785.6,840390,1253.35,946.95,30,948.4,30,320940
2026-04-13T13:58:38.768,NF,BANKNIFTY28APR2655500PE,948.45,1025.0,1564.3,940.9,785.6,840420,1253.34,946.9,30,948.8,90,320940
2026-04-13T13:58:39.981,NF,BANKNIFTY28APR2655500PE,948.25,1025.0,1564.3,940.9,785.6,840510,1253.31,946.0,120,948.25,30,320940
2026-04-13T13:58:43.773,NF,BANKNIFTY28APR2655500PE,948.1,1025.0,1564.3,940.9,785.6,840570,1253.28,945.5,180,948.1,60,320940
2026-04-13T13:58:44.975,NF,BANKNIFTY28APR2655500PE,950.0,1025.0,1564.3,940.9,785.6,840630,1253.26,949.3,60,951.8,30,320940
2026-04-13T13:58:46.174,NF,BANKNIFTY28APR2655500PE,951.15,1025.0,1564.3,940.9,785.6,840660,1253.25,948.45,60,951.2,30,320940
2026-04-13T13:58:49.781,NF,BANKNIFTY28APR2655500PE,958.8,1025.0,1564.3,940.9,785.6,841440,1252.97,956.65,30,958.7,30,320940
2026-04-13T13:58:51.181,NF,BANKNIFTY28APR2655500PE,958.7,1025.0,1564.3,940.9,785.6,841470,1252.96,955.95,30,958.55,150,320940
2026-04-13T13:58:52.383,NF,BANKNIFTY28APR2655500PE,957.75,1025.0,1564.3,940.9,785.6,841560,1252.93,955.6,30,958.05,30,320940
2026-04-13T13:58:56.188,NF,BANKNIFTY28APR2655500PE,957.55,1025.0,1564.3,940.9,785.6,841650,1252.9,957.4,30,958.85,60,320940
2026-04-13T13:58:58.594,NF,BANKNIFTY28APR2655500PE,960.85,1025.0,1564.3,940.9,785.6,841710,1252.88,958.15,30,961.55,30,320940
2026-04-13T13:58:59.795,NF,BANKNIFTY28APR2655500PE,962.35,1025.0,1564.3,940.9,785.6,841740,1252.87,959.25,60,962.2,30,320940
2026-04-13T13:59:01.194,NF,BANKNIFTY28APR2655500PE,958.6,1025.0,1564.3,940.9,785.6,841950,1252.79,957.95,30,961.1,30,320940
2026-04-13T13:59:03.602,NF,BANKNIFTY28APR2655500PE,961.4,1025.0,1564.3,940.9,785.6,842070,1252.75,958.8,60,961.4,30,320940
2026-04-13T13:59:04.804,NF,BANKNIFTY28APR2655500PE,958.3,1025.0,1564.3,940.9,785.6,842160,1252.72,958.3,150,959.75,60,320940
2026-04-13T13:59:06.200,NF,BANKNIFTY28APR2655500PE,959.9,1025.0,1564.3,940.9,785.6,842280,1252.68,958.3,150,959.95,30,320940
2026-04-13T13:59:07.419,NF,BANKNIFTY28APR2655500PE,960.95,1025.0,1564.3,940.9,785.6,842370,1252.65,958.3,150,960.5,30,320940
2026-04-13T13:59:08.606,NF,BANKNIFTY28APR2655500PE,958.3,1025.0,1564.3,940.9,785.6,842520,1252.6,955.35,30,958.45,90,320940
2026-04-13T13:59:09.847,NF,BANKNIFTY28APR2655500PE,955.25,1025.0,1564.3,940.9,785.6,842820,1252.49,951.85,120,955.45,30,320940
2026-04-13T13:59:12.412,NF,BANKNIFTY28APR2655500PE,957.75,1025.0,1564.3,940.9,785.6,842880,1252.47,955.0,120,957.55,90,320940
2026-04-13T13:59:13.615,NF,BANKNIFTY28APR2655500PE,958.85,1025.0,1564.3,940.9,785.6,843000,1252.43,955.7,120,958.9,30,320940
2026-04-13T13:59:14.821,NF,BANKNIFTY28APR2655500PE,959.0,1025.0,1564.3,940.9,785.6,843060,1252.41,955.05,30,957.45,60,320940
2026-04-13T13:59:18.629,NF,BANKNIFTY28APR2655500PE,957.45,1025.0,1564.3,940.9,785.6,843090,1252.4,957.05,120,960.7,30,320940
2026-04-13T13:59:21.226,NF,BANKNIFTY28APR2655500PE,959.85,1025.0,1564.3,940.9,785.6,843120,1252.39,959.0,30,962.1,60,320940
2026-04-13T13:59:24.838,NF,BANKNIFTY28APR2655500PE,962.15,1025.0,1564.3,940.9,785.6,843150,1252.38,959.5,30,962.9,90,320940
2026-04-13T13:59:26.036,NF,BANKNIFTY28APR2655500PE,962.85,1025.0,1564.3,940.9,785.6,843180,1252.36,959.9,30,963.45,180,320940
2026-04-13T13:59:27.434,NF,BANKNIFTY28APR2655500PE,959.0,1025.0,1564.3,940.9,785.6,843240,1252.34,956.35,30,959.8,120,320940
2026-04-13T13:59:28.639,NF,BANKNIFTY28APR2655500PE,959.7,1025.0,1564.3,940.9,785.6,843300,1252.32,958.9,30,962.8,60,320940
2026-04-13T13:59:29.840,NF,BANKNIFTY28APR2655500PE,958.9,1025.0,1564.3,940.9,785.6,843420,1252.28,960.1,30,962.0,150,320940
2026-04-13T13:59:31.053,NF,BANKNIFTY28APR2655500PE,962.8,1025.0,1564.3,940.9,785.6,843690,1252.19,962.65,30,966.35,30,320940
2026-04-13T13:59:33.646,NF,BANKNIFTY28APR2655500PE,960.9,1025.0,1564.3,940.9,785.6,843720,1252.18,959.7,30,963.5,60,320940
2026-04-13T13:59:37.348,NF,BANKNIFTY28APR2655500PE,962.8,1025.0,1564.3,940.9,785.6,843870,1252.13,959.95,30,963.4,30,320940
2026-04-13T13:59:38.655,NF,BANKNIFTY28APR2655500PE,962.0,1025.0,1564.3,940.9,785.6,843900,1252.12,962.0,30,965.0,60,320790
2026-04-13T13:59:42.069,NF,BANKNIFTY28APR2655500PE,965.2,1025.0,1564.3,940.9,785.6,844050,1252.07,962.0,30,965.25,90,320790
2026-04-13T13:59:44.480,NF,BANKNIFTY28APR2655500PE,968.25,1025.0,1564.3,940.9,785.6,844380,1251.95,964.9,30,968.4,60,320790
2026-04-13T13:59:45.669,NF,BANKNIFTY28APR2655500PE,966.8,1025.0,1564.3,940.9,785.6,844560,1251.89,963.6,60,966.75,60,320790
2026-04-13T13:59:47.068,NF,BANKNIFTY28APR2655500PE,967.05,1025.0,1564.3,940.9,785.6,844590,1251.88,962.05,60,965.3,90,320790
2026-04-13T13:59:48.271,NF,BANKNIFTY28APR2655500PE,965.85,1025.0,1564.3,940.9,785.6,844620,1251.87,963.3,120,966.65,30,320790
2026-04-13T13:59:49.472,NF,BANKNIFTY28APR2655500PE,965.0,1025.0,1564.3,940.9,785.6,844950,1251.76,965.15,60,968.65,90,320790
2026-04-13T13:59:52.078,NF,BANKNIFTY28APR2655500PE,962.85,1025.0,1564.3,940.9,785.6,845010,1251.74,962.0,120,964.75,150,320790
2026-04-13T13:59:53.281,NF,BANKNIFTY28APR2655500PE,964.75,1025.0,1564.3,940.9,785.6,845130,1251.7,962.0,30,964.4,30,320790
2026-04-13T13:59:57.087,NF,BANKNIFTY28APR2655500PE,966.9,1025.0,1564.3,940.9,785.6,845190,1251.68,963.85,30,967.6,30,320790
2026-04-13T13:59:58.286,NF,BANKNIFTY28APR2655500PE,965.05,1025.0,1564.3,940.9,785.6,845220,1251.67,964.85,60,967.95,60,320790
2026-04-13T13:59:59.491,NF,BANKNIFTY28APR2655500PE,964.9,1025.0,1564.3,940.9,785.6,845280,1251.65,964.4,30,967.8,30,320790
2026-04-13T14:00:03.301,NF,BANKNIFTY28APR2655500PE,964.4,1025.0,1564.3,940.9,785.6,845310,1251.64,962.0,60,964.25,120,320790
2026-04-13T14:00:05.697,NF,BANKNIFTY28APR2655500PE,964.85,1025.0,1564.3,940.9,785.6,845550,1251.56,962.0,90,964.95,30,320790
2026-04-13T14:00:06.900,NF,BANKNIFTY28APR2655500PE,958.0,1025.0,1564.3,940.9,785.6,845760,1251.48,954.65,150,957.8,30,320790
2026-04-13T14:00:08.103,NF,BANKNIFTY28APR2655500PE,955.8,1025.0,1564.3,940.9,785.6,845790,1251.47,951.95,30,955.65,30,320790
2026-04-13T14:00:09.505,NF,BANKNIFTY28APR2655500PE,954.75,1025.0,1564.3,940.9,785.6,845940,1251.42,954.6,30,958.0,60,320790
2026-04-13T14:00:10.709,NF,BANKNIFTY28APR2655500PE,962.55,1025.0,1564.3,940.9,785.6,846240,1251.32,959.45,150,962.75,90,320790
2026-04-13T14:00:13.112,NF,BANKNIFTY28APR2655500PE,963.95,1025.0,1564.3,940.9,785.6,846360,1251.28,960.75,60,964.25,90,320790
2026-04-13T14:00:15.713,NF,BANKNIFTY28APR2655500PE,964.0,1025.0,1564.3,940.9,785.6,846450,1251.25,961.7,30,963.7,30,320790
2026-04-13T14:00:16.914,NF,BANKNIFTY28APR2655500PE,963.6,1025.0,1564.3,940.9,785.6,846480,1251.24,961.7,30,963.6,60,320790
2026-04-13T14:00:18.120,NF,BANKNIFTY28APR2655500PE,965.5,1025.0,1564.3,940.9,785.6,846540,1251.22,963.6,30,965.65,90,320790
2026-04-13T14:00:19.520,NF,BANKNIFTY28APR2655500PE,968.0,1025.0,1564.3,940.9,785.6,846690,1251.17,965.3,30,967.95,240,320790
2026-04-13T14:00:20.720,NF,BANKNIFTY28APR2655500PE,970.0,1025.0,1564.3,940.9,785.6,846960,1251.08,966.9,30,969.8,90,320790
2026-04-13T14:00:25.733,NF,BANKNIFTY28APR2655500PE,965.0,1025.0,1564.3,940.9,785.6,847020,1251.06,962.65,60,965.65,30,320790
2026-04-13T14:00:31.936,NF,BANKNIFTY28APR2655500PE,964.4,1025.0,1564.3,940.9,785.6,847110,1251.03,961.8,30,964.95,90,320790
2026-04-13T14:00:33.144,NF,BANKNIFTY28APR2655500PE,964.45,1025.0,1564.3,940.9,785.6,847170,1251.01,961.7,30,964.35,30,320790
2026-04-13T14:00:35.741,NF,BANKNIFTY28APR2655500PE,961.7,1025.0,1564.3,940.9,785.6,847200,1251.0,961.85,30,964.65,60,320790
2026-04-13T14:00:38.151,NF,BANKNIFTY28APR2655500PE,960.0,1025.0,1564.3,940.9,785.6,847290,1250.96,958.0,120,960.2,90,320790
2026-04-13T14:00:41.757,NF,BANKNIFTY28APR2655500PE,961.75,1025.0,1564.3,940.9,785.6,847320,1250.95,959.75,30,962.55,120,320790
2026-04-13T14:00:44.353,NF,BANKNIFTY28APR2655500PE,960.7,1025.0,1564.3,940.9,785.6,847350,1250.94,958.85,120,961.75,90,320790
2026-04-13T14:00:45.562,NF,BANKNIFTY28APR2655500PE,962.0,1025.0,1564.3,940.9,785.6,847380,1250.93,959.8,30,962.0,60,320790
2026-04-13T14:00:47.998,NF,BANKNIFTY28APR2655500PE,961.95,1025.0,1564.3,940.9,785.6,847440,1250.91,960.0,120,961.95,60,320790
2026-04-13T14:00:49.162,NF,BANKNIFTY28APR2655500PE,961.95,1025.0,1564.3,940.9,785.6,847470,1250.9,960.6,30,962.0,60,320790
2026-04-13T14:00:50.367,NF,BANKNIFTY28APR2655500PE,962.0,1025.0,1564.3,940.9,785.6,847530,1250.88,960.9,30,964.45,30,320790
2026-04-13T14:00:52.966,NF,BANKNIFTY28APR2655500PE,963.55,1025.0,1564.3,940.9,785.6,847560,1250.87,961.75,60,964.65,30,320790
2026-04-13T14:00:54.167,NF,BANKNIFTY28APR2655500PE,963.4,1025.0,1564.3,940.9,785.6,847620,1250.85,961.1,30,964.25,30,320790
2026-04-13T14:00:55.371,NF,BANKNIFTY28APR2655500PE,964.65,1025.0,1564.3,940.9,785.6,847680,1250.83,962.25,30,964.9,60,320790
2026-04-13T14:00:56.571,NF,BANKNIFTY28APR2655500PE,961.85,1025.0,1564.3,940.9,785.6,847770,1250.8,960.0,120,962.05,30,320790
2026-04-13T14:00:57.975,NF,BANKNIFTY28APR2655500PE,962.85,1025.0,1564.3,940.9,785.6,847830,1250.78,960.45,150,963.8,30,320790
2026-04-13T14:01:02.979,NF,BANKNIFTY28APR2655500PE,960.0,1025.0,1564.3,940.9,785.6,847950,1250.74,957.95,120,960.8,90,320790
2026-04-13T14:01:05.384,NF,BANKNIFTY28APR2655500PE,957.0,1025.0,1564.3,940.9,785.6,848010,1250.72,957.55,30,960.55,60,320790
2026-04-13T14:01:06.589,NF,BANKNIFTY28APR2655500PE,960.7,1025.0,1564.3,940.9,785.6,848040,1250.71,958.5,90,961.95,60,320790
2026-04-13T14:01:07.792,NF,BANKNIFTY28APR2655500PE,962.4,1025.0,1564.3,940.9,785.6,848130,1250.68,958.95,60,962.4,60,320790
2026-04-13T14:01:09.190,NF,BANKNIFTY28APR2655500PE,962.6,1025.0,1564.3,940.9,785.6,848250,1250.64,959.5,60,962.75,90,320790
2026-04-13T14:01:15.402,NF,BANKNIFTY28APR2655500PE,961.85,1025.0,1564.3,940.9,785.6,848280,1250.63,958.7,30,962.1,90,320790
2026-04-13T14:01:20.219,NF,BANKNIFTY28APR2655500PE,958.6,1025.0,1564.3,940.9,785.6,848340,1250.61,958.05,150,960.0,30,320790
2026-04-13T14:01:24.017,NF,BANKNIFTY28APR2655500PE,958.2,1025.0,1564.3,940.9,785.6,849060,1250.36,957.85,150,960.0,30,320790
2026-04-13T14:01:26.425,NF,BANKNIFTY28APR2655500PE,959.65,1025.0,1564.3,940.9,785.6,849120,1250.34,956.3,30,959.55,120,320790
2026-04-13T14:01:32.630,NF,BANKNIFTY28APR2655500PE,959.65,1025.0,1564.3,940.9,785.6,849150,1250.33,957.3,60,960.0,30,320790
2026-04-13T14:01:33.842,NF,BANKNIFTY28APR2655500PE,961.85,1025.0,1564.3,940.9,785.6,849360,1250.25,958.5,30,961.8,30,320790
2026-04-13T14:01:35.034,NF,BANKNIFTY28APR2655500PE,958.35,1025.0,1564.3,940.9,785.6,849510,1250.2,958.25,30,961.7,90,320790
2026-04-13T14:01:36.243,NF,BANKNIFTY28APR2655500PE,958.55,1025.0,1564.3,940.9,785.6,849540,1250.19,958.55,60,961.55,30,320790
2026-04-13T14:01:37.635,NF,BANKNIFTY28APR2655500PE,962.0,1025.0,1564.3,940.9,785.6,849600,1250.17,959.8,120,962.0,360,320790
2026-04-13T14:01:38.844,NF,BANKNIFTY28APR2655500PE,959.45,1025.0,1564.3,940.9,785.6,849810,1250.1,959.85,30,962.0,360,320790
2026-04-13T14:01:42.447,NF,BANKNIFTY28APR2655500PE,962.0,1025.0,1564.3,940.9,785.6,849840,1250.09,960.1,150,962.0,330,320790
2026-04-13T14:01:46.051,NF,BANKNIFTY28APR2655500PE,965.0,1025.0,1564.3,940.9,785.6,850290,1249.94,962.65,150,965.75,60,320790
2026-04-13T14:01:47.252,NF,BANKNIFTY28APR2655500PE,965.65,1025.0,1564.3,940.9,785.6,850320,1249.93,962.65,120,965.45,30,320790
2026-04-13T14:01:48.472,NF,BANKNIFTY28APR2655500PE,965.8,1025.0,1564.3,940.9,785.6,850380,1249.91,964.25,60,966.1,60,320790
2026-04-13T14:01:49.653,NF,BANKNIFTY28APR2655500PE,962.4,1025.0,1564.3,940.9,785.6,850530,1249.86,962.5,30,965.15,30,320790
2026-04-13T14:01:50.857,NF,BANKNIFTY28APR2655500PE,966.15,1025.0,1564.3,940.9,785.6,850740,1249.79,964.35,240,967.0,30,320790
2026-04-13T14:01:53.267,NF,BANKNIFTY28APR2655500PE,967.0,1025.0,1564.3,940.9,785.6,850860,1249.75,964.15,30,967.25,150,320790
2026-04-13T14:01:54.471,NF,BANKNIFTY28APR2655500PE,967.0,1025.0,1564.3,940.9,785.6,850890,1249.74,964.35,90,967.65,90,320790
2026-04-13T14:01:55.672,NF,BANKNIFTY28APR2655500PE,961.0,1025.0,1564.3,940.9,785.6,851790,1249.43,960.0,3360,962.55,30,320790
2026-04-13T14:01:56.882,NF,BANKNIFTY28APR2655500PE,960.0,1025.0,1564.3,940.9,785.6,851820,1249.42,960.0,3330,962.5,270,320790
2026-04-13T14:02:04.082,NF,BANKNIFTY28APR2655500PE,962.7,1025.0,1564.3,940.9,785.6,851850,1249.41,962.85,180,965.4,60,320790
2026-04-13T14:02:05.282,NF,BANKNIFTY28APR2655500PE,963.1,1025.0,1564.3,940.9,785.6,851940,1249.38,963.65,30,966.85,30,320790
2026-04-13T14:02:07.685,NF,BANKNIFTY28APR2655500PE,964.2,1025.0,1564.3,940.9,785.6,852030,1249.35,961.25,60,964.3,150,320790
2026-04-13T14:02:11.497,NF,BANKNIFTY28APR2655500PE,961.25,1025.0,1564.3,940.9,785.6,852060,1249.34,961.9,30,964.8,60,320790
2026-04-13T14:02:15.108,NF,BANKNIFTY28APR2655500PE,961.0,1025.0,1564.3,940.9,785.6,852150,1249.31,960.0,150,961.0,120,320790
2026-04-13T14:02:16.298,NF,BANKNIFTY28APR2655500PE,960.0,1025.0,1564.3,940.9,785.6,852330,1249.25,958.5,30,960.9,90,320790
2026-04-13T14:02:18.717,NF,BANKNIFTY28APR2655500PE,960.0,1025.0,1564.3,940.9,785.6,852360,1249.24,960.0,30,962.5,120,320790
2026-04-13T14:02:21.123,NF,BANKNIFTY28APR2655500PE,960.0,1025.0,1564.3,940.9,785.6,852390,1249.23,958.2,60,960.75,90,320790
2026-04-13T14:02:23.527,NF,BANKNIFTY28APR2655500PE,960.0,1025.0,1564.3,940.9,785.6,852420,1249.22,958.0,120,960.8,90,320790
2026-04-13T14:02:27.324,NF,BANKNIFTY28APR2655500PE,960.0,1025.0,1564.3,940.9,785.6,852480,1249.2,962.6,60,965.8,30,320790
2026-04-13T14:02:33.349,NF,BANKNIFTY28APR2655500PE,965.2,1025.0,1564.3,940.9,785.6,852540,1249.18,965.7,60,969.05,270,320790
2026-04-13T14:02:39.384,NF,BANKNIFTY28APR2655500PE,964.45,1025.0,1564.3,940.9,785.6,852600,1249.16,964.7,90,967.35,30,320790
2026-04-13T14:02:40.756,NF,BANKNIFTY28APR2655500PE,965.8,1025.0,1564.3,940.9,785.6,852660,1249.14,965.85,30,969.2,60,322050
2026-04-13T14:02:41.937,NF,BANKNIFTY28APR2655500PE,965.1,1025.0,1564.3,940.9,785.6,852780,1249.1,964.45,240,967.35,30,322050
2026-04-13T14:02:45.551,NF,BANKNIFTY28APR2655500PE,965.75,1025.0,1564.3,940.9,785.6,852900,1249.06,965.8,120,969.65,60,322050
2026-04-13T14:02:47.959,NF,BANKNIFTY28APR2655500PE,969.35,1025.0,1564.3,940.9,785.6,853380,1248.9,968.45,30,971.45,270,322050
2026-04-13T14:02:55.353,NF,BANKNIFTY28APR2655500PE,969.0,1025.0,1564.3,940.9,785.6,853440,1248.88,966.95,30,969.0,30,322050
2026-04-13T14:02:57.759,NF,BANKNIFTY28APR2655500PE,968.0,1025.0,1564.3,940.9,785.6,853500,1248.86,967.2,30,969.0,30,322050
2026-04-13T14:03:01.564,NF,BANKNIFTY28APR2655500PE,965.75,1025.0,1564.3,940.9,785.6,853710,1248.79,965.25,120,968.0,60,322050
2026-04-13T14:03:03.971,NF,BANKNIFTY28APR2655500PE,968.85,1025.0,1564.3,940.9,785.6,853950,1248.72,965.4,120,968.9,60,322050
2026-04-13T14:03:05.171,NF,BANKNIFTY28APR2655500PE,965.0,1025.0,1564.3,940.9,785.6,854010,1248.7,963.9,180,966.55,60,322050
2026-04-13T14:03:12.586,NF,BANKNIFTY28APR2655500PE,968.95,1025.0,1564.3,940.9,785.6,854040,1248.69,967.05,180,968.95,30,322050
2026-04-13T14:03:16.188,NF,BANKNIFTY28APR2655500PE,965.0,1025.0,1564.3,940.9,785.6,854130,1248.66,962.85,120,965.85,60,322050
2026-04-13T14:03:17.586,NF,BANKNIFTY28APR2655500PE,966.45,1025.0,1564.3,940.9,785.6,854160,1248.65,962.05,120,965.5,30,322050
2026-04-13T14:03:19.995,NF,BANKNIFTY28APR2655500PE,964.5,1025.0,1564.3,940.9,785.6,854280,1248.61,961.1,120,964.2,30,322050
2026-04-13T14:03:27.202,NF,BANKNIFTY28APR2655500PE,962.0,1025.0,1564.3,940.9,785.6,854310,1248.6,960.4,120,964.25,90,322050
